Hour;T;N;NE;E;SE;S;SW;W;NW;Horizontal
1;6.1;0.0;0.0;0.0;0.0;0.0;0.0;0.0;0.0;0
2;6.1;0.0;0.0;0.0;0.0;0.0;0.0;0.0;0.0;0
3;5.5;0.0;0.0;0.0;0.0;0.0;0.0;0.0;0.0;0
4;5.1;0.0;0.0;0.0;0.0;0.0;0.0;0.0;0.0;0
5;4.5;0.0;0.0;0.0;0.0;0.0;0.0;0.0;0.0;0
6;4.3;0.0;0.0;0.0;0.0;0.0;0.0;0.0;0.0;0
7;4.2;0.0;0.0;0.0;0.0;0.0;0.0;0.0;0.0;0
8;3.9;0.0;0.0;0.0;0.0;0.0;0.0;0.0;0.0;0
9;3.9;0.0;0.0;0.0;0.0;0.0;0.0;0.0;0.0;0
10;4.4;1.2;1.2;1.2;1.2;1.2;1.2;1.2;1.2;2
11;4.4;11.4;11.4;11.4;11.4;11.4;11.4;11.4;11.4;19
12;4.1;24.1;24.1;24.1;26.74;27.84;26.74;24.1;24.1;41
13;3.9;35.1;35.1;35.1;41.33;46.9;45.56;38.09;35.1;61
14;3.8;30.2;30.2;30.2;33.36;39.71;40.49;35.24;30.2;52
15;3.8;22.3;22.3;22.3;23.08;30.43;33.02;29.32;22.3;38
16;3.7;4.8;4.8;4.8;4.8;4.8;4.8;4.8;4.8;8
17;3.7;1.2;1.2;1.2;1.2;1.2;1.2;1.2;1.2;2
18;4.1;0.0;0.0;0.0;0.0;0.0;0.0;0.0;0.0;0
19;4.6;0.0;0.0;0.0;0.0;0.0;0.0;0.0;0.0;0
20;4.9;0.0;0.0;0.0;0.0;0.0;0.0;0.0;0.0;0
21;5.1;0.0;0.0;0.0;0.0;0.0;0.0;0.0;0.0;0
22;6.3;0.0;0.0;0.0;0.0;0.0;0.0;0.0;0.0;0
23;8.0;0.0;0.0;0.0;0.0;0.0;0.0;0.0;0.0;0
24;8.0;0.0;0.0;0.0;0.0;0.0;0.0;0.0;0.0;0
25;7.3;0.0;0.0;0.0;0.0;0.0;0.0;0.0;0.0;0
26;6.9;0.0;0.0;0.0;0.0;0.0;0.0;0.0;0.0;0
27;6.8;0.0;0.0;0.0;0.0;0.0;0.0;0.0;0.0;0
28;7.1;0.0;0.0;0.0;0.0;0.0;0.0;0.0;0.0;0
29;6.7;0.0;0.0;0.0;0.0;0.0;0.0;0.0;0.0;0
30;6.6;0.0;0.0;0.0;0.0;0.0;0.0;0.0;0.0;0
31;7.0;0.0;0.0;0.0;0.0;0.0;0.0;0.0;0.0;0
32;7.0;0.0;0.0;0.0;0.0;0.0;0.0;0.0;0.0;0
33;6.8;0.0;0.0;0.0;0.0;0.0;0.0;0.0;0.0;0
34;6.7;9.1;9.1;11.6;14.21;13.82;10.67;9.1;9.1;16
35;6.7;15.7;15.7;16.69;19.16;19.61;17.76;15.7;15.7;27
36;6.4;21.1;21.1;21.1;23.73;24.81;23.73;21.1;21.1;36
37;6.5;38.1;38.1;38.1;44.29;49.83;48.49;41.07;38.1;66
38;3.0;19.3;19.3;19.3;20.87;24.02;24.41;21.8;19.3;33
39;1.7;13.2;13.2;13.2;13.2;13.2;13.2;13.2;13.2;22
40;0.4;6.6;6.6;6.6;6.6;6.6;6.6;6.6;6.6;11
41;0.0;1.2;1.2;1.2;1.2;1.2;1.2;1.2;1.2;2
42;-0.3;0.0;0.0;0.0;0.0;0.0;0.0;0.0;0.0;0
43;-0.8;0.0;0.0;0.0;0.0;0.0;0.0;0.0;0.0;0
44;-1.0;0.0;0.0;0.0;0.0;0.0;0.0;0.0;0.0;0
45;-1.5;0.0;0.0;0.0;0.0;0.0;0.0;0.0;0.0;0
46;-2.0;0.0;0.0;0.0;0.0;0.0;0.0;0.0;0.0;0
47;-2.3;0.0;0.0;0.0;0.0;0.0;0.0;0.0;0.0;0
48;-2.7;0.0;0.0;0.0;0.0;0.0;0.0;0.0;0.0;0
49;-2.9;0.0;0.0;0.0;0.0;0.0;0.0;0.0;0.0;0
50;-3.0;0.0;0.0;0.0;0.0;0.0;0.0;0.0;0.0;0
51;-2.9;0.0;0.0;0.0;0.0;0.0;0.0;0.0;0.0;0
52;-3.0;0.0;0.0;0.0;0.0;0.0;0.0;0.0;0.0;0
53;-3.4;0.0;0.0;0.0;0.0;0.0;0.0;0.0;0.0;0
54;-4.3;0.0;0.0;0.0;0.0;0.0;0.0;0.0;0.0;0
55;-4.5;0.0;0.0;0.0;0.0;0.0;0.0;0.0;0.0;0
56;-5.0;0.0;0.0;0.0;0.0;0.0;0.0;0.0;0.0;0
57;-5.0;0.0;0.0;0.0;0.0;0.0;0.0;0.0;0.0;0
58;-2.8;9.1;9.1;11.58;14.17;13.78;10.65;9.1;9.1;16
59;0.0;48.7;48.7;73.33;134.77;145.8;99.95;48.7;48.7;102
60;1.7;61.9;61.9;61.9;377.74;508.57;377.74;61.9;61.9;204
61;4.2;63.6;63.6;63.6;407.98;716.11;642.02;229.09;63.6;246
62;4.3;71.6;71.6;71.6;205.1;474.07;507.28;285.28;71.6;191
63;4.3;57.2;57.2;57.2;112.58;641.58;828.26;563.26;57.2;157
64;3.4;26.7;26.7;26.7;26.7;26.7;26.7;26.7;26.7;47
65;2.4;6.6;6.6;6.6;6.6;6.6;6.6;6.6;6.6;11
66;1.2;0.0;0.0;0.0;0.0;0.0;0.0;0.0;0.0;0
67;1.0;0.0;0.0;0.0;0.0;0.0;0.0;0.0;0.0;0
68;1.7;0.0;0.0;0.0;0.0;0.0;0.0;0.0;0.0;0
69;1.8;0.0;0.0;0.0;0.0;0.0;0.0;0.0;0.0;0
70;0.6;0.0;0.0;0.0;0.0;0.0;0.0;0.0;0.0;0
71;1.5;0.0;0.0;0.0;0.0;0.0;0.0;0.0;0.0;0
72;1.3;0.0;0.0;0.0;0.0;0.0;0.0;0.0;0.0;0
73;1.6;0.0;0.0;0.0;0.0;0.0;0.0;0.0;0.0;0
74;1.4;0.0;0.0;0.0;0.0;0.0;0.0;0.0;0.0;0
75;2.0;0.0;0.0;0.0;0.0;0.0;0.0;0.0;0.0;0
76;1.4;0.0;0.0;0.0;0.0;0.0;0.0;0.0;0.0;0
77;1.6;0.0;0.0;0.0;0.0;0.0;0.0;0.0;0.0;0
78;1.4;0.0;0.0;0.0;0.0;0.0;0.0;0.0;0.0;0
79;2.0;0.0;0.0;0.0;0.0;0.0;0.0;0.0;0.0;0
80;2.2;0.0;0.0;0.0;0.0;0.0;0.0;0.0;0.0;0
81;1.8;0.0;0.0;0.0;0.0;0.0;0.0;0.0;0.0;0
82;1.7;6.6;6.6;6.6;6.6;6.6;6.6;6.6;6.6;11
83;2.0;11.4;11.4;11.4;11.4;11.4;11.4;11.4;11.4;19
84;2.0;17.5;17.5;17.5;20.09;21.17;20.09;17.5;17.5;30
85;1.8;27.7;27.7;27.7;29.73;31.56;31.12;28.68;27.7;47
86;2.2;15.7;15.7;15.7;17.24;20.34;20.72;18.17;15.7;27
87;2.4;6.6;6.6;6.6;6.6;6.6;6.6;6.6;6.6;11
88;2.4;3.0;3.0;3.0;3.0;3.0;3.0;3.0;3.0;5
89;1.9;1.2;1.2;1.2;1.2;1.2;1.2;1.2;1.2;2
90;1.9;0.0;0.0;0.0;0.0;0.0;0.0;0.0;0.0;0
91;2.0;0.0;0.0;0.0;0.0;0.0;0.0;0.0;0.0;0
92;2.1;0.0;0.0;0.0;0.0;0.0;0.0;0.0;0.0;0
93;2.8;0.0;0.0;0.0;0.0;0.0;0.0;0.0;0.0;0
94;3.5;0.0;0.0;0.0;0.0;0.0;0.0;0.0;0.0;0
95;4.4;0.0;0.0;0.0;0.0;0.0;0.0;0.0;0.0;0
96;4.6;0.0;0.0;0.0;0.0;0.0;0.0;0.0;0.0;0
97;5.4;0.0;0.0;0.0;0.0;0.0;0.0;0.0;0.0;0
98;6.1;0.0;0.0;0.0;0.0;0.0;0.0;0.0;0.0;0
99;6.4;0.0;0.0;0.0;0.0;0.0;0.0;0.0;0.0;0
100;5.9;0.0;0.0;0.0;0.0;0.0;0.0;0.0;0.0;0
101;5.9;0.0;0.0;0.0;0.0;0.0;0.0;0.0;0.0;0
102;5.5;0.0;0.0;0.0;0.0;0.0;0.0;0.0;0.0;0
103;5.1;0.0;0.0;0.0;0.0;0.0;0.0;0.0;0.0;0
104;5.8;0.0;0.0;0.0;0.0;0.0;0.0;0.0;0.0;0
105;5.9;0.0;0.0;0.0;0.0;0.0;0.0;0.0;0.0;0
106;6.1;7.8;7.8;7.8;7.8;7.8;7.8;7.8;7.8;13
107;6.7;38.9;38.9;43.77;55.88;58.04;48.99;38.9;38.9;69
108;6.9;60.3;60.3;60.3;83.48;93.08;83.48;60.3;60.3;108
109;6.8;46.0;46.0;46.0;54.08;61.31;59.58;49.89;46.0;80
110;6.6;46.0;46.0;46.0;52.08;64.38;65.92;55.78;46.0;80
111;6.6;25.4;25.4;25.4;26.82;40.68;45.59;38.67;25.4;44
112;6.6;24.9;24.9;24.9;24.9;24.9;24.9;24.9;24.9;44
113;6.1;4.8;4.8;4.8;4.8;4.8;4.8;4.8;4.8;8
114;6.4;0.0;0.0;0.0;0.0;0.0;0.0;0.0;0.0;0
115;6.3;0.0;0.0;0.0;0.0;0.0;0.0;0.0;0.0;0
116;6.2;0.0;0.0;0.0;0.0;0.0;0.0;0.0;0.0;0
117;6.2;0.0;0.0;0.0;0.0;0.0;0.0;0.0;0.0;0
118;6.5;0.0;0.0;0.0;0.0;0.0;0.0;0.0;0.0;0
119;5.8;0.0;0.0;0.0;0.0;0.0;0.0;0.0;0.0;0
120;5.5;0.0;0.0;0.0;0.0;0.0;0.0;0.0;0.0;0
121;5.8;0.0;0.0;0.0;0.0;0.0;0.0;0.0;0.0;0
122;5.6;0.0;0.0;0.0;0.0;0.0;0.0;0.0;0.0;0
123;5.0;0.0;0.0;0.0;0.0;0.0;0.0;0.0;0.0;0
124;5.4;0.0;0.0;0.0;0.0;0.0;0.0;0.0;0.0;0
125;3.9;0.0;0.0;0.0;0.0;0.0;0.0;0.0;0.0;0
126;4.3;0.0;0.0;0.0;0.0;0.0;0.0;0.0;0.0;0
127;3.9;0.0;0.0;0.0;0.0;0.0;0.0;0.0;0.0;0
128;3.6;0.0;0.0;0.0;0.0;0.0;0.0;0.0;0.0;0
129;2.8;0.0;0.0;0.0;0.0;0.0;0.0;0.0;0.0;0
130;3.1;3.0;3.0;3.0;3.0;3.0;3.0;3.0;3.0;5
131;3.3;27.2;27.2;29.13;33.94;34.8;31.2;27.2;27.2;47
132;3.4;41.2;41.2;41.2;51.43;55.66;51.43;41.2;41.2;72
133;3.6;43.0;43.0;43.0;51.01;58.19;56.48;46.87;43.0;75
134;4.8;73.9;73.9;73.9;120.47;214.94;226.8;149.09;73.9;149
135;4.5;56.9;56.9;56.9;64.48;139.44;166.04;128.71;56.9;104
136;2.3;14.5;14.5;14.5;14.5;14.5;14.5;14.5;14.5;25
137;1.6;3.0;3.0;3.0;3.0;3.0;3.0;3.0;3.0;5
138;1.1;0.0;0.0;0.0;0.0;0.0;0.0;0.0;0.0;0
139;0.0;0.0;0.0;0.0;0.0;0.0;0.0;0.0;0.0;0
140;-0.4;0.0;0.0;0.0;0.0;0.0;0.0;0.0;0.0;0
141;-0.7;0.0;0.0;0.0;0.0;0.0;0.0;0.0;0.0;0
142;-0.6;0.0;0.0;0.0;0.0;0.0;0.0;0.0;0.0;0
143;-1.1;0.0;0.0;0.0;0.0;0.0;0.0;0.0;0.0;0
144;-1.1;0.0;0.0;0.0;0.0;0.0;0.0;0.0;0.0;0
145;-1.0;0.0;0.0;0.0;0.0;0.0;0.0;0.0;0.0;0
146;-1.1;0.0;0.0;0.0;0.0;0.0;0.0;0.0;0.0;0
147;-1.8;0.0;0.0;0.0;0.0;0.0;0.0;0.0;0.0;0
148;-1.7;0.0;0.0;0.0;0.0;0.0;0.0;0.0;0.0;0
149;-2.0;0.0;0.0;0.0;0.0;0.0;0.0;0.0;0.0;0
150;-1.9;0.0;0.0;0.0;0.0;0.0;0.0;0.0;0.0;0
151;-1.9;0.0;0.0;0.0;0.0;0.0;0.0;0.0;0.0;0
152;-2.0;0.0;0.0;0.0;0.0;0.0;0.0;0.0;0.0;0
153;-1.9;0.0;0.0;0.0;0.0;0.0;0.0;0.0;0.0;0
154;-1.5;4.8;4.8;4.8;4.8;4.8;4.8;4.8;4.8;8
155;-0.6;45.7;45.7;52.42;69.1;72.07;59.59;45.7;45.7;82
156;-0.6;68.3;68.3;68.3;126.64;150.81;126.64;68.3;68.3;133
157;-1.6;29.0;29.0;29.0;32.97;36.53;35.69;30.92;29.0;50
158;-1.4;55.2;55.2;55.2;64.1;82.21;84.5;69.62;55.2;97
159;-1.4;45.5;45.5;45.5;48.84;82.32;94.23;77.59;45.5;80
160;-1.7;18.8;18.8;18.8;18.8;18.8;18.8;18.8;18.8;33
161;-1.8;3.8;3.8;3.8;3.8;3.8;3.8;3.8;3.8;8
162;-2.0;0.0;0.0;0.0;0.0;0.0;0.0;0.0;0.0;0
163;-2.0;0.0;0.0;0.0;0.0;0.0;0.0;0.0;0.0;0
164;-2.0;0.0;0.0;0.0;0.0;0.0;0.0;0.0;0.0;0
165;-2.0;0.0;0.0;0.0;0.0;0.0;0.0;0.0;0.0;0
166;-2.1;0.0;0.0;0.0;0.0;0.0;0.0;0.0;0.0;0
167;-2.9;0.0;0.0;0.0;0.0;0.0;0.0;0.0;0.0;0
168;-3.7;0.0;0.0;0.0;0.0;0.0;0.0;0.0;0.0;0
169;-4.3;0.0;0.0;0.0;0.0;0.0;0.0;0.0;0.0;0
170;-6.2;0.0;0.0;0.0;0.0;0.0;0.0;0.0;0.0;0
171;-6.3;0.0;0.0;0.0;0.0;0.0;0.0;0.0;0.0;0
172;-7.0;0.0;0.0;0.0;0.0;0.0;0.0;0.0;0.0;0
173;-7.4;0.0;0.0;0.0;0.0;0.0;0.0;0.0;0.0;0
174;-6.6;0.0;0.0;0.0;0.0;0.0;0.0;0.0;0.0;0
175;-6.5;0.0;0.0;0.0;0.0;0.0;0.0;0.0;0.0;0
176;-5.6;0.0;0.0;0.0;0.0;0.0;0.0;0.0;0.0;0
177;-5.2;0.0;0.0;0.0;0.0;0.0;0.0;0.0;0.0;0
178;-4.9;7.8;7.8;7.8;7.8;7.8;7.8;7.8;7.8;13
179;-3.4;35.8;35.8;39.61;49.06;50.74;43.67;35.8;35.8;63
180;-2.5;51.6;51.6;51.6;66.7;72.95;66.7;51.6;51.6;91
181;-1.5;52.1;52.1;52.1;61.93;70.77;68.67;56.87;52.1;91
182;-0.6;43.0;43.0;43.0;48.86;60.81;62.33;52.53;43.0;75
183;-0.3;24.1;24.1;24.1;24.75;31.32;33.67;30.41;24.1;41
184;-0.3;9.6;9.6;9.6;9.6;9.6;9.6;9.6;9.6;16
185;-0.1;3.0;3.0;3.0;3.0;3.0;3.0;3.0;3.0;5
186;0.1;0.0;0.0;0.0;0.0;0.0;0.0;0.0;0.0;0
187;0.4;0.0;0.0;0.0;0.0;0.0;0.0;0.0;0.0;0
188;0.7;0.0;0.0;0.0;0.0;0.0;0.0;0.0;0.0;0
189;0.7;0.0;0.0;0.0;0.0;0.0;0.0;0.0;0.0;0
190;0.7;0.0;0.0;0.0;0.0;0.0;0.0;0.0;0.0;0
191;0.5;0.0;0.0;0.0;0.0;0.0;0.0;0.0;0.0;0
192;0.1;0.0;0.0;0.0;0.0;0.0;0.0;0.0;0.0;0
193;0.0;0.0;0.0;0.0;0.0;0.0;0.0;0.0;0.0;0
194;0.0;0.0;0.0;0.0;0.0;0.0;0.0;0.0;0.0;0
195;0.0;0.0;0.0;0.0;0.0;0.0;0.0;0.0;0.0;0
196;-0.3;0.0;0.0;0.0;0.0;0.0;0.0;0.0;0.0;0
197;-0.9;0.0;0.0;0.0;0.0;0.0;0.0;0.0;0.0;0
198;-0.6;0.0;0.0;0.0;0.0;0.0;0.0;0.0;0.0;0
199;-0.9;0.0;0.0;0.0;0.0;0.0;0.0;0.0;0.0;0
200;-0.8;0.0;0.0;0.0;0.0;0.0;0.0;0.0;0.0;0
201;-0.8;0.0;0.0;0.0;0.0;0.0;0.0;0.0;0.0;0
202;-0.7;6.6;6.6;6.6;6.6;6.6;6.6;6.6;6.6;11
203;-0.5;23.6;23.6;25.49;30.17;31.0;27.49;23.6;23.6;41
204;-0.4;35.1;35.1;35.1;42.58;45.68;42.58;35.1;35.1;61
205;-0.2;68.2;68.2;68.2;87.67;105.2;101.06;77.66;68.2;122
206;-0.4;55.9;55.9;55.9;66.02;86.72;89.36;72.41;55.9;99
207;-0.5;39.4;39.4;39.4;41.9;67.71;76.94;64.17;39.4;69
208;-0.7;31.0;31.0;31.0;31.0;31.0;31.0;31.0;31.0;55
209;-0.6;5.6;5.6;5.6;5.6;5.6;5.6;5.6;5.6;11
210;-0.9;0.0;0.0;0.0;0.0;0.0;0.0;0.0;0.0;0
211;-1.0;0.0;0.0;0.0;0.0;0.0;0.0;0.0;0.0;0
212;-0.9;0.0;0.0;0.0;0.0;0.0;0.0;0.0;0.0;0
213;-1.1;0.0;0.0;0.0;0.0;0.0;0.0;0.0;0.0;0
214;-1.2;0.0;0.0;0.0;0.0;0.0;0.0;0.0;0.0;0
215;-1.2;0.0;0.0;0.0;0.0;0.0;0.0;0.0;0.0;0
216;-1.9;0.0;0.0;0.0;0.0;0.0;0.0;0.0;0.0;0
217;-3.4;0.0;0.0;0.0;0.0;0.0;0.0;0.0;0.0;0
218;-4.3;0.0;0.0;0.0;0.0;0.0;0.0;0.0;0.0;0
219;-5.2;0.0;0.0;0.0;0.0;0.0;0.0;0.0;0.0;0
220;-5.8;0.0;0.0;0.0;0.0;0.0;0.0;0.0;0.0;0
221;-6.7;0.0;0.0;0.0;0.0;0.0;0.0;0.0;0.0;0
222;-7.1;0.0;0.0;0.0;0.0;0.0;0.0;0.0;0.0;0
223;-7.5;0.0;0.0;0.0;0.0;0.0;0.0;0.0;0.0;0
224;-8.4;0.0;0.0;0.0;0.0;0.0;0.0;0.0;0.0;0
225;-8.3;0.0;0.0;0.0;0.0;0.0;0.0;0.0;0.0;0
226;-7.9;10.9;10.9;13.23;15.63;15.25;12.33;10.9;10.9;19
227;-7.5;49.1;49.1;59.43;84.91;89.42;70.31;49.1;49.1;91
228;-7.6;66.4;66.4;66.4;91.12;101.37;91.12;66.4;66.4;119
229;-7.9;75.0;75.0;75.0;98.13;118.98;114.07;86.27;75.0;135
230;-7.1;64.9;64.9;64.9;305.77;800.09;863.75;459.45;64.9;249
231;-7.0;60.0;60.0;60.0;67.25;143.19;170.4;132.94;60.0;110
232;-7.1;39.2;39.2;39.2;39.2;39.2;39.2;39.2;39.2;97
233;-7.6;9.1;9.1;9.1;9.1;9.1;9.1;9.1;9.1;21
234;-7.9;0.0;0.0;0.0;0.0;0.0;0.0;0.0;0.0;0
235;-7.7;0.0;0.0;0.0;0.0;0.0;0.0;0.0;0.0;0
236;-8.2;0.0;0.0;0.0;0.0;0.0;0.0;0.0;0.0;0
237;-8.6;0.0;0.0;0.0;0.0;0.0;0.0;0.0;0.0;0
238;-8.5;0.0;0.0;0.0;0.0;0.0;0.0;0.0;0.0;0
239;-8.6;0.0;0.0;0.0;0.0;0.0;0.0;0.0;0.0;0
240;-8.8;0.0;0.0;0.0;0.0;0.0;0.0;0.0;0.0;0
241;-9.0;0.0;0.0;0.0;0.0;0.0;0.0;0.0;0.0;0
242;-9.3;0.0;0.0;0.0;0.0;0.0;0.0;0.0;0.0;0
243;-9.8;0.0;0.0;0.0;0.0;0.0;0.0;0.0;0.0;0
244;-10.2;0.0;0.0;0.0;0.0;0.0;0.0;0.0;0.0;0
245;-10.6;0.0;0.0;0.0;0.0;0.0;0.0;0.0;0.0;0
246;-11.0;0.0;0.0;0.0;0.0;0.0;0.0;0.0;0.0;0
247;-11.3;0.0;0.0;0.0;0.0;0.0;0.0;0.0;0.0;0
248;-11.7;0.0;0.0;0.0;0.0;0.0;0.0;0.0;0.0;0
249;-11.9;0.0;0.0;0.0;0.0;0.0;0.0;0.0;0.0;0
250;-11.2;21.3;21.3;28.23;35.32;34.19;25.51;21.3;21.3;38
251;-11.1;51.0;51.0;112.46;263.83;290.52;176.91;51.0;51.0;140
252;-10.7;61.7;61.7;61.7;426.69;577.87;426.69;61.7;61.7;227
253;-10.2;62.4;62.4;62.4;451.57;802.74;720.23;252.37;62.4;274
254;-10.2;59.3;59.3;59.3;344.44;931.53;1007.68;528.29;59.3;268
255;-10.1;51.8;51.8;51.8;140.24;1083.23;1360.0;958.16;51.8;213
256;-10.5;37.3;37.3;37.3;37.3;37.3;37.3;37.3;37.3;118
257;-11.3;9.6;9.6;9.6;9.6;9.6;9.6;9.6;9.6;26
258;-11.5;0.0;0.0;0.0;0.0;0.0;0.0;0.0;0.0;0
259;-12.0;0.0;0.0;0.0;0.0;0.0;0.0;0.0;0.0;0
260;-12.5;0.0;0.0;0.0;0.0;0.0;0.0;0.0;0.0;0
261;-12.9;0.0;0.0;0.0;0.0;0.0;0.0;0.0;0.0;0
262;-12.9;0.0;0.0;0.0;0.0;0.0;0.0;0.0;0.0;0
263;-12.8;0.0;0.0;0.0;0.0;0.0;0.0;0.0;0.0;0
264;-13.0;0.0;0.0;0.0;0.0;0.0;0.0;0.0;0.0;0
265;-13.0;0.0;0.0;0.0;0.0;0.0;0.0;0.0;0.0;0
266;-13.2;0.0;0.0;0.0;0.0;0.0;0.0;0.0;0.0;0
267;-14.2;0.0;0.0;0.0;0.0;0.0;0.0;0.0;0.0;0
268;-14.0;0.0;0.0;0.0;0.0;0.0;0.0;0.0;0.0;0
269;-13.5;0.0;0.0;0.0;0.0;0.0;0.0;0.0;0.0;0
270;-13.8;0.0;0.0;0.0;0.0;0.0;0.0;0.0;0.0;0
271;-13.2;0.0;0.0;0.0;0.0;0.0;0.0;0.0;0.0;0
272;-12.7;0.0;0.0;0.0;0.0;0.0;0.0;0.0;0.0;0
273;-12.1;0.0;0.0;0.0;0.0;0.0;0.0;0.0;0.0;0
274;-11.1;20.7;20.7;123.54;228.4;211.59;82.96;20.7;20.7;72
275;-10.0;44.4;44.4;149.67;408.39;453.89;259.52;44.4;44.4;169
276;-9.4;61.2;61.2;61.2;439.67;596.44;439.67;61.2;61.2;232
277;-8.6;61.9;61.9;61.9;460.06;819.82;735.6;256.74;61.9;279
278;-8.2;58.4;58.4;58.4;351.71;957.71;1036.9;542.9;58.4;274
279;-8.0;61.0;61.0;61.0;120.33;764.66;996.8;680.75;61.0;190
280;-8.3;40.7;40.7;40.7;40.7;40.7;40.7;40.7;40.7;107
281;-8.6;7.9;7.9;7.9;7.9;7.9;7.9;7.9;7.9;24
282;-9.0;0.0;0.0;0.0;0.0;0.0;0.0;0.0;0.0;0
283;-9.6;0.0;0.0;0.0;0.0;0.0;0.0;0.0;0.0;0
284;-10.1;0.0;0.0;0.0;0.0;0.0;0.0;0.0;0.0;0
285;-10.2;0.0;0.0;0.0;0.0;0.0;0.0;0.0;0.0;0
286;-10.0;0.0;0.0;0.0;0.0;0.0;0.0;0.0;0.0;0
287;-10.1;0.0;0.0;0.0;0.0;0.0;0.0;0.0;0.0;0
288;-10.3;0.0;0.0;0.0;0.0;0.0;0.0;0.0;0.0;0
289;-9.0;0.0;0.0;0.0;0.0;0.0;0.0;0.0;0.0;0
290;-9.1;0.0;0.0;0.0;0.0;0.0;0.0;0.0;0.0;0
291;-9.2;0.0;0.0;0.0;0.0;0.0;0.0;0.0;0.0;0
292;-8.6;0.0;0.0;0.0;0.0;0.0;0.0;0.0;0.0;0
293;-8.5;0.0;0.0;0.0;0.0;0.0;0.0;0.0;0.0;0
294;-8.4;0.0;0.0;0.0;0.0;0.0;0.0;0.0;0.0;0
295;-8.6;0.0;0.0;0.0;0.0;0.0;0.0;0.0;0.0;0
296;-8.5;0.0;0.0;0.0;0.0;0.0;0.0;0.0;0.0;0
297;-8.4;0.0;0.0;0.0;0.0;0.0;0.0;0.0;0.0;0
298;-8.0;22.9;22.9;38.72;54.81;52.2;32.43;22.9;22.9;44
299;-7.9;53.3;53.3;79.85;144.95;156.37;107.41;53.3;53.3;113
300;-7.6;73.5;73.5;73.5;181.59;226.37;181.59;73.5;73.5;160
301;-7.2;81.3;81.3;81.3;254.82;411.83;375.22;166.43;81.3;213
302;-7.4;79.6;79.6;79.6;134.08;247.05;261.93;170.0;79.6;166
303;-7.1;65.9;65.9;65.9;104.07;526.75;679.46;472.76;65.9;169
304;-7.2;42.3;42.3;42.3;42.3;42.3;42.3;42.3;42.3;93
305;-8.3;9.1;9.1;9.1;9.1;9.1;9.1;9.1;9.1;16
306;-8.9;0.0;0.0;0.0;0.0;0.0;0.0;0.0;0.0;0
307;-9.4;0.0;0.0;0.0;0.0;0.0;0.0;0.0;0.0;0
308;-9.8;0.0;0.0;0.0;0.0;0.0;0.0;0.0;0.0;0
309;-10.7;0.0;0.0;0.0;0.0;0.0;0.0;0.0;0.0;0
310;-12.5;0.0;0.0;0.0;0.0;0.0;0.0;0.0;0.0;0
311;-13.4;0.0;0.0;0.0;0.0;0.0;0.0;0.0;0.0;0
312;-14.1;0.0;0.0;0.0;0.0;0.0;0.0;0.0;0.0;0
313;-14.5;0.0;0.0;0.0;0.0;0.0;0.0;0.0;0.0;0
314;-14.8;0.0;0.0;0.0;0.0;0.0;0.0;0.0;0.0;0
315;-15.0;0.0;0.0;0.0;0.0;0.0;0.0;0.0;0.0;0
316;-15.0;0.0;0.0;0.0;0.0;0.0;0.0;0.0;0.0;0
317;-15.1;0.0;0.0;0.0;0.0;0.0;0.0;0.0;0.0;0
318;-15.1;0.0;0.0;0.0;0.0;0.0;0.0;0.0;0.0;0
319;-15.0;0.0;0.0;0.0;0.0;0.0;0.0;0.0;0.0;0
320;-15.1;0.0;0.0;0.0;0.0;0.0;0.0;0.0;0.0;0
321;-15.1;0.0;0.0;0.0;0.0;0.0;0.0;0.0;0.0;0
322;-15.1;17.0;17.0;21.47;26.0;25.26;19.68;17.0;17.0;30
323;-14.0;53.5;53.5;76.18;131.68;141.38;99.61;53.5;53.5;110
324;-13.3;74.1;74.1;74.1;209.61;265.75;209.61;74.1;74.1;171
325;-11.8;75.1;75.1;75.1;353.58;605.91;547.31;212.09;75.1;251
326;-10.9;77.4;77.4;77.4;230.19;548.19;590.4;332.11;77.4;224
327;-11.4;64.6;64.6;64.6;113.06;660.89;859.42;592.36;64.6;186
328;-11.6;43.4;43.4;43.4;43.4;43.4;43.4;43.4;43.4;99
329;-12.0;9.9;9.9;9.9;9.9;9.9;9.9;9.9;9.9;19
330;-12.2;0.0;0.0;0.0;0.0;0.0;0.0;0.0;0.0;0
331;-12.5;0.0;0.0;0.0;0.0;0.0;0.0;0.0;0.0;0
332;-12.4;0.0;0.0;0.0;0.0;0.0;0.0;0.0;0.0;0
333;-12.0;0.0;0.0;0.0;0.0;0.0;0.0;0.0;0.0;0
334;-11.9;0.0;0.0;0.0;0.0;0.0;0.0;0.0;0.0;0
335;-12.0;0.0;0.0;0.0;0.0;0.0;0.0;0.0;0.0;0
336;-11.6;0.0;0.0;0.0;0.0;0.0;0.0;0.0;0.0;0
337;-11.4;0.0;0.0;0.0;0.0;0.0;0.0;0.0;0.0;0
338;-11.2;0.0;0.0;0.0;0.0;0.0;0.0;0.0;0.0;0
339;-11.4;0.0;0.0;0.0;0.0;0.0;0.0;0.0;0.0;0
340;-11.7;0.0;0.0;0.0;0.0;0.0;0.0;0.0;0.0;0
341;-11.7;0.0;0.0;0.0;0.0;0.0;0.0;0.0;0.0;0
342;-12.0;0.0;0.0;0.0;0.0;0.0;0.0;0.0;0.0;0
343;-11.9;0.0;0.0;0.0;0.0;0.0;0.0;0.0;0.0;0
344;-11.5;0.0;0.0;0.0;0.0;0.0;0.0;0.0;0.0;0
345;-11.3;0.0;0.0;0.0;0.0;0.0;0.0;0.0;0.0;0
346;-10.8;20.1;20.1;26.72;33.42;32.32;24.05;20.1;20.1;36
347;-9.8;54.9;54.9;89.96;175.54;190.46;125.97;54.9;54.9;124
348;-9.2;72.9;72.9;72.9;291.67;382.29;291.67;72.9;72.9;199
349;-8.3;80.0;80.0;80.0;302.31;504.05;457.4;189.66;80.0;235
350;-7.7;82.2;82.2;82.2;153.38;302.11;322.01;201.44;82.2;182
351;-7.6;45.5;45.5;45.5;47.97;76.48;86.85;72.99;45.5;80
352;-7.5;26.7;26.7;26.7;26.7;26.7;26.7;26.7;26.7;47
353;-7.2;10.4;10.4;10.4;10.4;10.4;10.4;10.4;10.4;19
354;-7.0;0.0;0.0;0.0;0.0;0.0;0.0;0.0;0.0;0
355;-7.0;0.0;0.0;0.0;0.0;0.0;0.0;0.0;0.0;0
356;-7.3;0.0;0.0;0.0;0.0;0.0;0.0;0.0;0.0;0
357;-7.5;0.0;0.0;0.0;0.0;0.0;0.0;0.0;0.0;0
358;-7.9;0.0;0.0;0.0;0.0;0.0;0.0;0.0;0.0;0
359;-8.1;0.0;0.0;0.0;0.0;0.0;0.0;0.0;0.0;0
360;-8.3;0.0;0.0;0.0;0.0;0.0;0.0;0.0;0.0;0
361;-8.3;0.0;0.0;0.0;0.0;0.0;0.0;0.0;0.0;0
362;-8.1;0.0;0.0;0.0;0.0;0.0;0.0;0.0;0.0;0
363;-8.0;0.0;0.0;0.0;0.0;0.0;0.0;0.0;0.0;0
364;-8.0;0.0;0.0;0.0;0.0;0.0;0.0;0.0;0.0;0
365;-7.5;0.0;0.0;0.0;0.0;0.0;0.0;0.0;0.0;0
366;-7.2;0.0;0.0;0.0;0.0;0.0;0.0;0.0;0.0;0
367;-7.3;0.0;0.0;0.0;0.0;0.0;0.0;0.0;0.0;0
368;-7.3;0.0;0.0;0.0;0.0;0.0;0.0;0.0;0.0;0
369;-7.5;0.0;0.0;0.0;0.0;0.0;0.0;0.0;0.0;0
370;-7.7;3.0;3.0;3.0;3.0;3.0;3.0;3.0;3.0;5
371;-7.8;19.3;19.3;20.19;22.36;22.74;21.1;19.3;19.3;33
372;-7.7;46.0;46.0;46.0;55.31;59.16;55.31;46.0;46.0;80
373;-7.6;35.6;35.6;35.6;39.2;42.47;41.72;37.38;35.6;61
374;-7.3;35.6;35.6;35.6;38.19;43.63;44.36;39.96;35.6;61
375;-7.5;27.2;27.2;27.2;28.14;39.3;43.37;37.97;27.2;47
376;-7.3;21.1;21.1;21.1;21.1;21.1;21.1;21.1;21.1;36
377;-7.2;6.6;6.6;6.6;6.6;6.6;6.6;6.6;6.6;11
378;-7.0;0.0;0.0;0.0;0.0;0.0;0.0;0.0;0.0;0
379;-6.9;0.0;0.0;0.0;0.0;0.0;0.0;0.0;0.0;0
380;-6.9;0.0;0.0;0.0;0.0;0.0;0.0;0.0;0.0;0
381;-6.9;0.0;0.0;0.0;0.0;0.0;0.0;0.0;0.0;0
382;-7.0;0.0;0.0;0.0;0.0;0.0;0.0;0.0;0.0;0
383;-6.9;0.0;0.0;0.0;0.0;0.0;0.0;0.0;0.0;0
384;-6.9;0.0;0.0;0.0;0.0;0.0;0.0;0.0;0.0;0
385;-7.0;0.0;0.0;0.0;0.0;0.0;0.0;0.0;0.0;0
386;-6.9;0.0;0.0;0.0;0.0;0.0;0.0;0.0;0.0;0
387;-7.0;0.0;0.0;0.0;0.0;0.0;0.0;0.0;0.0;0
388;-7.3;0.0;0.0;0.0;0.0;0.0;0.0;0.0;0.0;0
389;-7.4;0.0;0.0;0.0;0.0;0.0;0.0;0.0;0.0;0
390;-8.0;0.0;0.0;0.0;0.0;0.0;0.0;0.0;0.0;0
391;-8.3;0.0;0.0;0.0;0.0;0.0;0.0;0.0;0.0;0
392;-8.3;0.0;0.0;0.0;0.0;0.0;0.0;0.0;0.0;0
393;-8.4;0.0;0.0;0.0;0.0;0.0;0.0;0.0;0.0;0
394;-9.0;10.9;10.9;13.06;15.22;14.86;12.17;10.9;10.9;19
395;-8.6;25.4;25.4;27.16;31.45;32.19;28.95;25.4;25.4;44
396;-8.2;41.2;41.2;41.2;50.4;54.22;50.4;41.2;41.2;72
397;-7.4;59.5;59.5;59.5;71.94;83.27;80.67;65.67;59.5;105
398;-7.2;53.9;53.9;53.9;60.27;73.68;75.51;64.68;53.9;94
399;-7.0;35.1;35.1;35.1;36.45;52.82;58.81;50.91;35.1;61
400;-6.6;17.5;17.5;17.5;17.5;17.5;17.5;17.5;17.5;30
401;-6.7;6.6;6.6;6.6;6.6;6.6;6.6;6.6;6.6;11
402;-6.6;0.0;0.0;0.0;0.0;0.0;0.0;0.0;0.0;0
403;-6.6;0.0;0.0;0.0;0.0;0.0;0.0;0.0;0.0;0
404;-7.0;0.0;0.0;0.0;0.0;0.0;0.0;0.0;0.0;0
405;-8.1;0.0;0.0;0.0;0.0;0.0;0.0;0.0;0.0;0
406;-6.8;0.0;0.0;0.0;0.0;0.0;0.0;0.0;0.0;0
407;-6.6;0.0;0.0;0.0;0.0;0.0;0.0;0.0;0.0;0
408;-6.6;0.0;0.0;0.0;0.0;0.0;0.0;0.0;0.0;0
409;-6.1;0.0;0.0;0.0;0.0;0.0;0.0;0.0;0.0;0
410;-5.7;0.0;0.0;0.0;0.0;0.0;0.0;0.0;0.0;0
411;-5.6;0.0;0.0;0.0;0.0;0.0;0.0;0.0;0.0;0
412;-5.3;0.0;0.0;0.0;0.0;0.0;0.0;0.0;0.0;0
413;-5.1;0.0;0.0;0.0;0.0;0.0;0.0;0.0;0.0;0
414;-5.1;0.0;0.0;0.0;0.0;0.0;0.0;0.0;0.0;0
415;-5.2;0.0;0.0;0.0;0.0;0.0;0.0;0.0;0.0;0
416;-5.1;0.0;0.0;0.0;0.0;0.0;0.0;0.0;0.0;0
417;-5.1;0.0;0.0;0.0;0.0;0.0;0.0;0.0;0.0;0
418;-5.1;4.8;4.8;4.8;4.8;4.8;4.8;4.8;4.8;8
419;-5.6;17.5;17.5;18.37;20.49;20.85;19.25;17.5;17.5;30
420;-5.8;38.1;38.1;38.1;44.92;47.75;44.92;38.1;38.1;66
421;-5.8;81.9;81.9;81.9;108.21;132.21;126.73;95.0;81.9;149
422;-5.6;84.3;84.3;84.3;193.1;423.33;454.96;269.47;84.3;213
423;-5.1;71.1;71.1;71.1;85.25;261.34;325.98;241.32;71.1;146
424;-6.1;25.4;25.4;25.4;25.4;25.4;25.4;25.4;25.4;44
425;-6.6;6.6;6.6;6.6;6.6;6.6;6.6;6.6;6.6;11
426;-6.4;0.0;0.0;0.0;0.0;0.0;0.0;0.0;0.0;0
427;-6.1;0.0;0.0;0.0;0.0;0.0;0.0;0.0;0.0;0
428;-5.9;0.0;0.0;0.0;0.0;0.0;0.0;0.0;0.0;0
429;-6.0;0.0;0.0;0.0;0.0;0.0;0.0;0.0;0.0;0
430;-6.0;0.0;0.0;0.0;0.0;0.0;0.0;0.0;0.0;0
431;-6.1;0.0;0.0;0.0;0.0;0.0;0.0;0.0;0.0;0
432;-6.2;0.0;0.0;0.0;0.0;0.0;0.0;0.0;0.0;0
433;-6.2;0.0;0.0;0.0;0.0;0.0;0.0;0.0;0.0;0
434;-6.4;0.0;0.0;0.0;0.0;0.0;0.0;0.0;0.0;0
435;-6.5;0.0;0.0;0.0;0.0;0.0;0.0;0.0;0.0;0
436;-6.6;0.0;0.0;0.0;0.0;0.0;0.0;0.0;0.0;0
437;-6.5;0.0;0.0;0.0;0.0;0.0;0.0;0.0;0.0;0
438;-6.6;0.0;0.0;0.0;0.0;0.0;0.0;0.0;0.0;0
439;-6.6;0.0;0.0;0.0;0.0;0.0;0.0;0.0;0.0;0
440;-6.5;0.0;0.0;0.0;0.0;0.0;0.0;0.0;0.0;0
441;-6.3;0.0;0.0;0.0;0.0;0.0;0.0;0.0;0.0;0
442;-5.9;4.8;4.8;4.8;4.8;4.8;4.8;4.8;4.8;8
443;-5.6;21.1;21.1;21.96;24.05;24.41;22.83;21.1;21.1;36
444;-5.5;35.6;35.6;35.6;40.1;41.96;40.1;35.6;35.6;61
445;-5.3;36.8;36.8;36.8;40.26;43.42;42.71;38.53;36.8;63
446;-5.0;32.0;32.0;32.0;34.46;39.68;40.4;36.2;32.0;55
447;-5.0;27.2;27.2;27.2;28.02;38.45;42.29;37.29;27.2;47
448;-5.3;19.3;19.3;19.3;19.3;19.3;19.3;19.3;19.3;33
449;-5.5;7.3;7.3;7.3;7.3;7.3;7.3;7.3;7.3;13
450;-5.7;0.0;0.0;0.0;0.0;0.0;0.0;0.0;0.0;0
451;-6.0;0.0;0.0;0.0;0.0;0.0;0.0;0.0;0.0;0
452;-6.1;0.0;0.0;0.0;0.0;0.0;0.0;0.0;0.0;0
453;-6.0;0.0;0.0;0.0;0.0;0.0;0.0;0.0;0.0;0
454;-6.1;0.0;0.0;0.0;0.0;0.0;0.0;0.0;0.0;0
455;-6.0;0.0;0.0;0.0;0.0;0.0;0.0;0.0;0.0;0
456;-5.8;0.0;0.0;0.0;0.0;0.0;0.0;0.0;0.0;0
457;-5.8;0.0;0.0;0.0;0.0;0.0;0.0;0.0;0.0;0
458;-5.7;0.0;0.0;0.0;0.0;0.0;0.0;0.0;0.0;0
459;-5.6;0.0;0.0;0.0;0.0;0.0;0.0;0.0;0.0;0
460;-5.4;0.0;0.0;0.0;0.0;0.0;0.0;0.0;0.0;0
461;-5.4;0.0;0.0;0.0;0.0;0.0;0.0;0.0;0.0;0
462;-5.3;0.0;0.0;0.0;0.0;0.0;0.0;0.0;0.0;0
463;-5.3;0.0;0.0;0.0;0.0;0.0;0.0;0.0;0.0;0
464;-5.2;0.0;0.0;0.0;0.0;0.0;0.0;0.0;0.0;0
465;-5.2;0.0;0.0;0.0;0.0;0.0;0.0;0.0;0.0;0
466;-4.9;6.6;6.6;6.6;6.6;6.6;6.6;6.6;6.6;11
467;-4.6;22.3;22.3;23.16;25.22;25.57;24.01;22.3;22.3;38
468;-4.2;27.7;27.7;27.7;29.92;30.84;29.92;27.7;27.7;47
469;-3.8;41.7;41.7;41.7;46.82;51.51;50.45;44.27;41.7;72
470;-3.4;38.1;38.1;38.1;41.71;49.43;50.52;44.32;38.1;66
471;-3.1;30.2;30.2;30.2;30.97;41.17;44.94;40.08;30.2;52
472;-3.1;21.1;21.1;21.1;21.1;21.1;21.1;21.1;21.1;36
473;-3.0;6.6;6.6;6.6;6.6;6.6;6.6;6.6;6.6;11
474;-3.0;0.0;0.0;0.0;0.0;0.0;0.0;0.0;0.0;0
475;-3.2;0.0;0.0;0.0;0.0;0.0;0.0;0.0;0.0;0
476;-3.3;0.0;0.0;0.0;0.0;0.0;0.0;0.0;0.0;0
477;-3.2;0.0;0.0;0.0;0.0;0.0;0.0;0.0;0.0;0
478;-3.2;0.0;0.0;0.0;0.0;0.0;0.0;0.0;0.0;0
479;-3.1;0.0;0.0;0.0;0.0;0.0;0.0;0.0;0.0;0
480;-3.1;0.0;0.0;0.0;0.0;0.0;0.0;0.0;0.0;0
481;-3.2;0.0;0.0;0.0;0.0;0.0;0.0;0.0;0.0;0
482;-3.1;0.0;0.0;0.0;0.0;0.0;0.0;0.0;0.0;0
483;-2.9;0.0;0.0;0.0;0.0;0.0;0.0;0.0;0.0;0
484;-2.8;0.0;0.0;0.0;0.0;0.0;0.0;0.0;0.0;0
485;-2.6;0.0;0.0;0.0;0.0;0.0;0.0;0.0;0.0;0
486;-2.5;0.0;0.0;0.0;0.0;0.0;0.0;0.0;0.0;0
487;-2.4;0.0;0.0;0.0;0.0;0.0;0.0;0.0;0.0;0
488;-2.4;0.0;0.0;0.0;0.0;0.0;0.0;0.0;0.0;0
489;-2.3;0.0;0.0;0.0;0.0;0.0;0.0;0.0;0.0;0
490;-2.2;6.6;6.6;6.6;6.6;6.6;6.6;6.6;6.6;11
491;-2.0;21.1;21.1;21.95;23.98;24.33;22.78;21.1;21.1;36
492;-1.7;22.3;22.3;22.3;24.49;25.4;24.49;22.3;22.3;38
493;-1.3;33.8;33.8;33.8;37.17;40.26;39.56;35.49;33.8;58
494;-0.9;32.0;32.0;32.0;34.36;39.44;40.15;36.09;32.0;55
495;-0.7;30.2;30.2;30.2;30.93;40.9;44.6;39.86;30.2;52
496;-0.5;19.3;19.3;19.3;19.3;19.3;19.3;19.3;19.3;33
497;-0.3;6.6;6.6;6.6;6.6;6.6;6.6;6.6;6.6;11
498;-0.2;0.0;0.0;0.0;0.0;0.0;0.0;0.0;0.0;0
499;-0.2;0.0;0.0;0.0;0.0;0.0;0.0;0.0;0.0;0
500;-0.1;0.0;0.0;0.0;0.0;0.0;0.0;0.0;0.0;0
501;0.0;0.0;0.0;0.0;0.0;0.0;0.0;0.0;0.0;0
502;0.0;0.0;0.0;0.0;0.0;0.0;0.0;0.0;0.0;0
503;0.0;0.0;0.0;0.0;0.0;0.0;0.0;0.0;0.0;0
504;0.1;0.0;0.0;0.0;0.0;0.0;0.0;0.0;0.0;0
505;0.2;0.0;0.0;0.0;0.0;0.0;0.0;0.0;0.0;0
506;0.2;0.0;0.0;0.0;0.0;0.0;0.0;0.0;0.0;0
507;0.3;0.0;0.0;0.0;0.0;0.0;0.0;0.0;0.0;0
508;0.3;0.0;0.0;0.0;0.0;0.0;0.0;0.0;0.0;0
509;0.3;0.0;0.0;0.0;0.0;0.0;0.0;0.0;0.0;0
510;0.3;0.0;0.0;0.0;0.0;0.0;0.0;0.0;0.0;0
511;0.4;0.0;0.0;0.0;0.0;0.0;0.0;0.0;0.0;0
512;0.5;0.0;0.0;0.0;0.0;0.0;0.0;0.0;0.0;0
513;0.7;0.0;0.0;0.0;0.0;0.0;0.0;0.0;0.0;0
514;0.8;4.8;4.8;4.8;4.8;4.8;4.8;4.8;4.8;8
515;1.0;9.6;9.6;9.6;9.6;9.6;9.6;9.6;9.6;16
516;1.2;29.0;29.0;29.0;33.33;35.13;33.33;29.0;29.0;50
517;1.3;25.9;25.9;25.9;27.56;29.09;28.74;26.74;25.9;44
518;1.5;32.0;32.0;32.0;34.32;39.32;40.03;36.04;32.0;55
519;1.5;22.3;22.3;22.3;22.65;27.52;29.33;27.03;22.3;38
520;1.8;17.5;17.5;17.5;17.5;17.5;17.5;17.5;17.5;30
521;1.5;6.6;6.6;6.6;6.6;6.6;6.6;6.6;6.6;11
522;1.4;0.0;0.0;0.0;0.0;0.0;0.0;0.0;0.0;0
523;1.1;0.0;0.0;0.0;0.0;0.0;0.0;0.0;0.0;0
524;1.2;0.0;0.0;0.0;0.0;0.0;0.0;0.0;0.0;0
525;1.1;0.0;0.0;0.0;0.0;0.0;0.0;0.0;0.0;0
526;1.0;0.0;0.0;0.0;0.0;0.0;0.0;0.0;0.0;0
527;0.9;0.0;0.0;0.0;0.0;0.0;0.0;0.0;0.0;0
528;1.1;0.0;0.0;0.0;0.0;0.0;0.0;0.0;0.0;0
529;1.2;0.0;0.0;0.0;0.0;0.0;0.0;0.0;0.0;0
530;2.0;0.0;0.0;0.0;0.0;0.0;0.0;0.0;0.0;0
531;2.1;0.0;0.0;0.0;0.0;0.0;0.0;0.0;0.0;0
532;2.5;0.0;0.0;0.0;0.0;0.0;0.0;0.0;0.0;0
533;2.7;0.0;0.0;0.0;0.0;0.0;0.0;0.0;0.0;0
534;2.8;0.0;0.0;0.0;0.0;0.0;0.0;0.0;0.0;0
535;2.8;0.0;0.0;0.0;0.0;0.0;0.0;0.0;0.0;0
536;3.5;0.0;0.0;0.0;0.0;0.0;0.0;0.0;0.0;0
537;3.2;0.0;0.0;0.0;0.0;0.0;0.0;0.0;0.0;0
538;4.0;20.6;20.6;24.59;28.51;27.8;22.87;20.6;20.6;36
539;4.6;37.6;37.6;40.91;48.83;50.17;44.15;37.6;37.6;66
540;5.1;62.6;62.6;62.6;79.72;86.81;79.72;62.6;62.6;111
541;5.4;49.6;49.6;49.6;56.15;62.17;60.83;52.91;49.6;86
542;5.5;38.1;38.1;38.1;41.51;48.9;49.97;44.08;38.1;66
543;5.2;29.0;29.0;29.0;29.65;39.17;42.73;38.24;29.0;50
544;4.9;7.8;7.8;7.8;7.8;7.8;7.8;7.8;7.8;13
545;4.7;4.8;4.8;4.8;4.8;4.8;4.8;4.8;4.8;8
546;4.6;0.0;0.0;0.0;0.0;0.0;0.0;0.0;0.0;0
547;4.4;0.0;0.0;0.0;0.0;0.0;0.0;0.0;0.0;0
548;4.4;0.0;0.0;0.0;0.0;0.0;0.0;0.0;0.0;0
549;4.4;0.0;0.0;0.0;0.0;0.0;0.0;0.0;0.0;0
550;4.0;0.0;0.0;0.0;0.0;0.0;0.0;0.0;0.0;0
551;3.6;0.0;0.0;0.0;0.0;0.0;0.0;0.0;0.0;0
552;3.7;0.0;0.0;0.0;0.0;0.0;0.0;0.0;0.0;0
553;3.6;0.0;0.0;0.0;0.0;0.0;0.0;0.0;0.0;0
554;3.7;0.0;0.0;0.0;0.0;0.0;0.0;0.0;0.0;0
555;3.4;0.0;0.0;0.0;0.0;0.0;0.0;0.0;0.0;0
556;3.2;0.0;0.0;0.0;0.0;0.0;0.0;0.0;0.0;0
557;3.3;0.0;0.0;0.0;0.0;0.0;0.0;0.0;0.0;0
558;3.1;0.0;0.0;0.0;0.0;0.0;0.0;0.0;0.0;0
559;2.7;0.0;0.0;0.0;0.0;0.0;0.0;0.0;0.0;0
560;1.9;0.0;0.0;0.0;0.0;0.0;0.0;0.0;0.0;0
561;1.6;0.0;0.0;0.0;0.0;0.0;0.0;0.0;0.0;0
562;1.2;6.6;6.6;6.6;6.6;6.6;6.6;6.6;6.6;11
563;1.2;14.5;14.5;15.32;17.27;17.6;16.11;14.5;14.5;25
564;1.2;19.3;19.3;19.3;21.41;22.29;21.41;19.3;19.3;33
565;1.1;22.3;22.3;22.3;23.91;25.4;25.07;23.12;22.3;38
566;1.1;29.5;29.5;29.5;30.61;33.04;33.39;31.47;29.5;50
567;1.1;22.3;22.3;22.3;22.61;27.26;29.0;26.82;22.3;38
568;0.3;14.5;14.5;14.5;14.5;14.5;14.5;14.5;14.5;25
569;0.0;6.6;6.6;6.6;6.6;6.6;6.6;6.6;6.6;11
570;-0.1;0.0;0.0;0.0;0.0;0.0;0.0;0.0;0.0;0
571;0.0;0.0;0.0;0.0;0.0;0.0;0.0;0.0;0.0;0
572;0.1;0.0;0.0;0.0;0.0;0.0;0.0;0.0;0.0;0
573;0.2;0.0;0.0;0.0;0.0;0.0;0.0;0.0;0.0;0
574;0.3;0.0;0.0;0.0;0.0;0.0;0.0;0.0;0.0;0
575;0.2;0.0;0.0;0.0;0.0;0.0;0.0;0.0;0.0;0
576;0.4;0.0;0.0;0.0;0.0;0.0;0.0;0.0;0.0;0
577;0.4;0.0;0.0;0.0;0.0;0.0;0.0;0.0;0.0;0
578;0.7;0.0;0.0;0.0;0.0;0.0;0.0;0.0;0.0;0
579;0.8;0.0;0.0;0.0;0.0;0.0;0.0;0.0;0.0;0
580;0.8;0.0;0.0;0.0;0.0;0.0;0.0;0.0;0.0;0
581;1.1;0.0;0.0;0.0;0.0;0.0;0.0;0.0;0.0;0
582;1.2;0.0;0.0;0.0;0.0;0.0;0.0;0.0;0.0;0
583;1.5;0.0;0.0;0.0;0.0;0.0;0.0;0.0;0.0;0
584;1.8;0.0;0.0;0.0;0.0;0.0;0.0;0.0;0.0;0
585;1.9;0.0;0.0;0.0;0.0;0.0;0.0;0.0;0.0;0
586;2.2;4.8;4.8;4.8;4.8;4.8;4.8;4.8;4.8;8
587;2.7;7.8;7.8;7.8;7.8;7.8;7.8;7.8;7.8;13
588;2.9;13.2;13.2;13.2;13.2;13.2;13.2;13.2;13.2;22
589;2.9;18.0;18.0;18.0;18.0;18.0;18.0;18.0;18.0;30
590;3.0;16.2;16.2;16.2;16.2;16.2;16.2;16.2;16.2;27
591;3.1;15.0;15.0;15.0;15.0;15.0;15.0;15.0;15.0;25
592;3.0;9.6;9.6;9.6;9.6;9.6;9.6;9.6;9.6;16
593;2.8;4.8;4.8;4.8;4.8;4.8;4.8;4.8;4.8;8
594;2.6;1.2;1.2;1.2;1.2;1.2;1.2;1.2;1.2;2
595;2.8;0.0;0.0;0.0;0.0;0.0;0.0;0.0;0.0;0
596;2.7;0.0;0.0;0.0;0.0;0.0;0.0;0.0;0.0;0
597;2.8;0.0;0.0;0.0;0.0;0.0;0.0;0.0;0.0;0
598;3.0;0.0;0.0;0.0;0.0;0.0;0.0;0.0;0.0;0
599;2.8;0.0;0.0;0.0;0.0;0.0;0.0;0.0;0.0;0
600;2.9;0.0;0.0;0.0;0.0;0.0;0.0;0.0;0.0;0
601;2.9;0.0;0.0;0.0;0.0;0.0;0.0;0.0;0.0;0
602;2.9;0.0;0.0;0.0;0.0;0.0;0.0;0.0;0.0;0
603;3.1;0.0;0.0;0.0;0.0;0.0;0.0;0.0;0.0;0
604;3.3;0.0;0.0;0.0;0.0;0.0;0.0;0.0;0.0;0
605;3.5;0.0;0.0;0.0;0.0;0.0;0.0;0.0;0.0;0
606;3.4;0.0;0.0;0.0;0.0;0.0;0.0;0.0;0.0;0
607;2.8;0.0;0.0;0.0;0.0;0.0;0.0;0.0;0.0;0
608;2.6;0.0;0.0;0.0;0.0;0.0;0.0;0.0;0.0;0
609;2.5;1.2;1.2;1.2;1.2;1.2;1.2;1.2;1.2;2
610;2.9;12.7;12.7;14.61;16.47;16.12;13.77;12.7;12.7;22
611;3.4;39.4;39.4;42.61;50.2;51.46;45.66;39.4;39.4;69
612;4.2;83.0;83.0;83.0;136.49;158.64;136.49;83.0;83.0;160
613;4.2;91.2;91.2;91.2;128.76;163.56;155.97;110.44;91.2;172
614;4.8;93.2;93.2;93.2;191.46;408.16;440.35;269.19;93.2;232
615;1.8;24.1;24.1;24.1;24.37;28.81;30.49;28.42;24.1;41
616;2.5;31.5;31.5;31.5;31.5;31.5;31.5;31.5;31.5;55
617;1.7;15.2;15.2;15.2;15.2;15.2;15.2;15.2;15.2;27
618;1.3;0.0;0.0;0.0;0.0;0.0;0.0;0.0;0.0;0
619;0.1;0.0;0.0;0.0;0.0;0.0;0.0;0.0;0.0;0
620;-0.4;0.0;0.0;0.0;0.0;0.0;0.0;0.0;0.0;0
621;-0.4;0.0;0.0;0.0;0.0;0.0;0.0;0.0;0.0;0
622;-1.0;0.0;0.0;0.0;0.0;0.0;0.0;0.0;0.0;0
623;-1.9;0.0;0.0;0.0;0.0;0.0;0.0;0.0;0.0;0
624;-1.8;0.0;0.0;0.0;0.0;0.0;0.0;0.0;0.0;0
625;-2.7;0.0;0.0;0.0;0.0;0.0;0.0;0.0;0.0;0
626;-2.8;0.0;0.0;0.0;0.0;0.0;0.0;0.0;0.0;0
627;-2.8;0.0;0.0;0.0;0.0;0.0;0.0;0.0;0.0;0
628;-3.2;0.0;0.0;0.0;0.0;0.0;0.0;0.0;0.0;0
629;-3.8;0.0;0.0;0.0;0.0;0.0;0.0;0.0;0.0;0
630;-4.3;0.0;0.0;0.0;0.0;0.0;0.0;0.0;0.0;0
631;-3.8;0.0;0.0;0.0;0.0;0.0;0.0;0.0;0.0;0
632;-4.4;0.0;0.0;0.0;0.0;0.0;0.0;0.0;0.0;0
633;-4.0;0.0;0.0;0.0;0.0;0.0;0.0;0.0;0.0;0
634;-2.8;34.6;34.6;64.78;94.02;88.44;51.33;34.6;34.6;71
635;-1.9;64.1;64.1;125.13;269.1;292.98;182.79;64.1;64.1;171
636;-0.9;81.2;81.2;81.2;353.17;465.82;353.17;81.2;81.2;247
637;-0.1;96.6;96.6;96.6;207.58;310.62;288.29;153.67;96.6;221
638;0.2;94.7;94.7;94.7;150.12;273.06;291.52;194.68;94.7;202
639;1.9;78.1;78.1;78.1;82.89;165.22;196.52;158.45;78.1;146
640;2.0;46.8;46.8;46.8;46.8;46.8;46.8;46.8;46.8;83
641;1.6;18.8;18.8;18.8;18.8;18.8;18.8;18.8;18.8;33
642;1.1;1.2;1.2;1.2;1.2;1.2;1.2;1.2;1.2;2
643;1.1;0.0;0.0;0.0;0.0;0.0;0.0;0.0;0.0;0
644;0.9;0.0;0.0;0.0;0.0;0.0;0.0;0.0;0.0;0
645;0.8;0.0;0.0;0.0;0.0;0.0;0.0;0.0;0.0;0
646;0.6;0.0;0.0;0.0;0.0;0.0;0.0;0.0;0.0;0
647;1.0;0.0;0.0;0.0;0.0;0.0;0.0;0.0;0.0;0
648;1.0;0.0;0.0;0.0;0.0;0.0;0.0;0.0;0.0;0
649;1.7;0.0;0.0;0.0;0.0;0.0;0.0;0.0;0.0;0
650;1.8;0.0;0.0;0.0;0.0;0.0;0.0;0.0;0.0;0
651;2.5;0.0;0.0;0.0;0.0;0.0;0.0;0.0;0.0;0
652;2.1;0.0;0.0;0.0;0.0;0.0;0.0;0.0;0.0;0
653;2.1;0.0;0.0;0.0;0.0;0.0;0.0;0.0;0.0;0
654;1.0;0.0;0.0;0.0;0.0;0.0;0.0;0.0;0.0;0
655;1.6;0.0;0.0;0.0;0.0;0.0;0.0;0.0;0.0;0
656;1.0;0.0;0.0;0.0;0.0;0.0;0.0;0.0;0.0;0
657;1.3;0.0;0.0;0.0;0.0;0.0;0.0;0.0;0.0;0
658;2.0;24.9;24.9;30.48;35.86;34.82;27.97;24.9;24.9;44
659;3.3;66.4;66.4;102.45;187.19;201.18;136.21;66.4;66.4;149
660;2.9;63.8;63.8;63.8;79.82;86.45;79.82;63.8;63.8;113
661;3.1;85.2;85.2;85.2;103.41;120.36;116.71;94.6;85.2;152
662;4.1;96.5;96.5;96.5;163.02;311.49;334.02;217.41;96.5;215
663;3.5;82.0;82.0;82.0;104.03;501.99;653.92;470.83;82.0;215
664;2.8;58.3;58.3;58.3;58.3;58.3;58.3;58.3;58.3;118
665;1.8;18.8;18.8;18.8;18.8;18.8;18.8;18.8;18.8;33
666;0.1;3.0;3.0;3.0;3.0;3.0;3.0;3.0;3.0;5
667;-0.1;0.0;0.0;0.0;0.0;0.0;0.0;0.0;0.0;0
668;-0.4;0.0;0.0;0.0;0.0;0.0;0.0;0.0;0.0;0
669;-1.2;0.0;0.0;0.0;0.0;0.0;0.0;0.0;0.0;0
670;-1.4;0.0;0.0;0.0;0.0;0.0;0.0;0.0;0.0;0
671;-1.8;0.0;0.0;0.0;0.0;0.0;0.0;0.0;0.0;0
672;-1.9;0.0;0.0;0.0;0.0;0.0;0.0;0.0;0.0;0
673;-1.9;0.0;0.0;0.0;0.0;0.0;0.0;0.0;0.0;0
674;-2.1;0.0;0.0;0.0;0.0;0.0;0.0;0.0;0.0;0
675;-2.2;0.0;0.0;0.0;0.0;0.0;0.0;0.0;0.0;0
676;-2.6;0.0;0.0;0.0;0.0;0.0;0.0;0.0;0.0;0
677;-3.0;0.0;0.0;0.0;0.0;0.0;0.0;0.0;0.0;0
678;-2.6;0.0;0.0;0.0;0.0;0.0;0.0;0.0;0.0;0
679;-3.3;0.0;0.0;0.0;0.0;0.0;0.0;0.0;0.0;0
680;-4.0;0.0;0.0;0.0;0.0;0.0;0.0;0.0;0.0;0
681;-2.8;1.2;1.2;1.2;1.2;1.2;1.2;1.2;1.2;2
682;-1.6;34.2;34.2;144.25;249.92;229.22;94.28;34.2;34.2;107
683;-0.4;51.5;51.5;185.52;499.5;551.05;309.97;51.5;51.5;230
684;0.2;72.1;72.1;72.1;476.9;644.58;476.9;72.1;72.1;291
685;0.7;76.0;76.0;76.0;449.51;797.89;723.39;269.67;76.0;335
686;0.4;76.2;76.2;76.2;316.52;856.26;939.06;516.4;76.2;327
687;0.5;68.2;68.2;68.2;110.78;921.46;1232.31;861.25;68.2;277
688;0.1;52.8;52.8;52.8;52.8;1360.0;1360.0;1360.0;534.83;188
689;-0.5;27.6;27.6;27.6;27.6;27.6;27.6;27.6;27.6;71
690;-1.8;3.0;3.0;3.0;3.0;3.0;3.0;3.0;3.0;5
691;-2.5;0.0;0.0;0.0;0.0;0.0;0.0;0.0;0.0;0
692;-3.6;0.0;0.0;0.0;0.0;0.0;0.0;0.0;0.0;0
693;-4.4;0.0;0.0;0.0;0.0;0.0;0.0;0.0;0.0;0
694;-5.7;0.0;0.0;0.0;0.0;0.0;0.0;0.0;0.0;0
695;-6.8;0.0;0.0;0.0;0.0;0.0;0.0;0.0;0.0;0
696;-7.3;0.0;0.0;0.0;0.0;0.0;0.0;0.0;0.0;0
697;-8.0;0.0;0.0;0.0;0.0;0.0;0.0;0.0;0.0;0
698;-8.4;0.0;0.0;0.0;0.0;0.0;0.0;0.0;0.0;0
699;-8.7;0.0;0.0;0.0;0.0;0.0;0.0;0.0;0.0;0
700;-9.3;0.0;0.0;0.0;0.0;0.0;0.0;0.0;0.0;0
701;-9.7;0.0;0.0;0.0;0.0;0.0;0.0;0.0;0.0;0
702;-9.8;0.0;0.0;0.0;0.0;0.0;0.0;0.0;0.0;0
703;-10.0;0.0;0.0;0.0;0.0;0.0;0.0;0.0;0.0;0
704;-10.2;0.0;0.0;0.0;0.0;0.0;0.0;0.0;0.0;0
705;-10.3;1.2;1.2;1.2;1.2;1.2;1.2;1.2;1.2;2
706;-8.7;37.8;37.8;92.05;143.91;133.61;67.18;37.8;37.8;88
707;-7.4;61.7;61.7;157.42;380.88;417.37;245.51;61.7;61.7;207
708;-5.7;73.4;73.4;73.4;474.54;640.7;474.54;73.4;73.4;294
709;-4.5;77.3;77.3;77.3;446.4;791.48;718.21;269.5;77.3;338
710;-2.9;78.7;78.7;78.7;308.88;829.19;909.88;503.67;78.7;327
711;-2.6;70.7;70.7;70.7;108.99;880.85;1178.14;826.7;70.7;277
712;-2.7;54.1;54.1;54.1;54.1;1360.0;1360.0;1360.0;508.29;191
713;-3.3;27.9;27.9;27.9;27.9;27.9;27.9;27.9;27.9;79
714;-4.4;1.2;1.2;1.2;1.2;1.2;1.2;1.2;1.2;2
715;-5.4;0.0;0.0;0.0;0.0;0.0;0.0;0.0;0.0;0
716;-6.7;0.0;0.0;0.0;0.0;0.0;0.0;0.0;0.0;0
717;-7.1;0.0;0.0;0.0;0.0;0.0;0.0;0.0;0.0;0
718;-7.8;0.0;0.0;0.0;0.0;0.0;0.0;0.0;0.0;0
719;-7.9;0.0;0.0;0.0;0.0;0.0;0.0;0.0;0.0;0
720;-8.5;0.0;0.0;0.0;0.0;0.0;0.0;0.0;0.0;0
721;-8.8;0.0;0.0;0.0;0.0;0.0;0.0;0.0;0.0;0
722;-9.8;0.0;0.0;0.0;0.0;0.0;0.0;0.0;0.0;0
723;-9.6;0.0;0.0;0.0;0.0;0.0;0.0;0.0;0.0;0
724;-9.4;0.0;0.0;0.0;0.0;0.0;0.0;0.0;0.0;0
725;-9.2;0.0;0.0;0.0;0.0;0.0;0.0;0.0;0.0;0
726;-9.1;0.0;0.0;0.0;0.0;0.0;0.0;0.0;0.0;0
727;-9.8;0.0;0.0;0.0;0.0;0.0;0.0;0.0;0.0;0
728;-10.1;0.0;0.0;0.0;0.0;0.0;0.0;0.0;0.0;0
729;-8.9;2.5;2.5;6.37;8.16;6.63;2.68;2.5;2.5;5
730;-6.6;39.1;39.1;105.07;167.83;155.19;74.54;39.1;39.1;96
731;-4.5;63.0;63.0;158.37;380.2;416.23;245.33;63.0;63.0;210
732;-2.7;75.1;75.1;75.1;468.71;631.74;468.71;75.1;75.1;296
733;-0.6;80.3;80.3;80.3;434.84;767.13;697.09;265.74;80.3;338
734;0.9;80.9;80.9;80.9;304.08;811.94;891.56;496.31;80.9;329
735;1.8;71.7;71.7;71.7;107.61;877.59;1175.49;826.81;71.7;282
736;2.0;57.0;57.0;57.0;57.0;1280.78;1360.0;1360.0;458.7;190
737;1.0;29.5;29.5;29.5;29.5;29.5;29.5;29.5;29.5;80
738;-1.2;4.8;4.8;4.8;4.8;4.8;4.8;4.8;4.8;8
739;-1.8;0.0;0.0;0.0;0.0;0.0;0.0;0.0;0.0;0
740;-2.5;0.0;0.0;0.0;0.0;0.0;0.0;0.0;0.0;0
741;-1.3;0.0;0.0;0.0;0.0;0.0;0.0;0.0;0.0;0
742;-3.1;0.0;0.0;0.0;0.0;0.0;0.0;0.0;0.0;0
743;-4.4;0.0;0.0;0.0;0.0;0.0;0.0;0.0;0.0;0
744;-3.9;0.0;0.0;0.0;0.0;0.0;0.0;0.0;0.0;0
745;-3.0;0.0;0.0;0.0;0.0;0.0;0.0;0.0;0.0;0
746;-2.5;0.0;0.0;0.0;0.0;0.0;0.0;0.0;0.0;0
747;-2.0;0.0;0.0;0.0;0.0;0.0;0.0;0.0;0.0;0
748;-1.7;0.0;0.0;0.0;0.0;0.0;0.0;0.0;0.0;0
749;-1.4;0.0;0.0;0.0;0.0;0.0;0.0;0.0;0.0;0
750;-1.2;0.0;0.0;0.0;0.0;0.0;0.0;0.0;0.0;0
751;-0.9;0.0;0.0;0.0;0.0;0.0;0.0;0.0;0.0;0
752;-0.6;0.0;0.0;0.0;0.0;0.0;0.0;0.0;0.0;0
753;-0.2;0.0;0.0;0.0;0.0;0.0;0.0;0.0;0.0;0
754;0.0;1.8;1.8;1.8;1.8;1.8;1.8;1.8;1.8;3
755;0.6;9.7;9.7;10.45;12.18;12.46;11.12;9.7;9.7;17
756;1.1;11.4;11.4;11.4;11.4;11.4;11.4;11.4;11.4;19
757;1.2;13.2;13.2;13.2;13.2;13.2;13.2;13.2;13.2;22
758;1.3;16.3;16.3;16.3;17.24;19.38;19.72;18.06;16.3;28
759;1.5;16.3;16.3;16.3;16.47;20.33;21.83;20.09;16.3;28
760;2.0;11.4;11.4;11.4;11.4;11.4;11.4;11.4;11.4;19
761;2.2;6.6;6.6;6.6;6.6;6.6;6.6;6.6;6.6;11
762;2.5;0.0;0.0;0.0;0.0;0.0;0.0;0.0;0.0;0
763;3.2;0.0;0.0;0.0;0.0;0.0;0.0;0.0;0.0;0
764;3.6;0.0;0.0;0.0;0.0;0.0;0.0;0.0;0.0;0
765;3.6;0.0;0.0;0.0;0.0;0.0;0.0;0.0;0.0;0
766;3.6;0.0;0.0;0.0;0.0;0.0;0.0;0.0;0.0;0
767;3.5;0.0;0.0;0.0;0.0;0.0;0.0;0.0;0.0;0
768;3.4;0.0;0.0;0.0;0.0;0.0;0.0;0.0;0.0;0
769;3.3;0.0;0.0;0.0;0.0;0.0;0.0;0.0;0.0;0
770;3.1;0.0;0.0;0.0;0.0;0.0;0.0;0.0;0.0;0
771;2.7;0.0;0.0;0.0;0.0;0.0;0.0;0.0;0.0;0
772;2.6;0.0;0.0;0.0;0.0;0.0;0.0;0.0;0.0;0
773;1.6;0.0;0.0;0.0;0.0;0.0;0.0;0.0;0.0;0
774;1.7;0.0;0.0;0.0;0.0;0.0;0.0;0.0;0.0;0
775;2.1;0.0;0.0;0.0;0.0;0.0;0.0;0.0;0.0;0
776;2.2;0.0;0.0;0.0;0.0;0.0;0.0;0.0;0.0;0
777;1.9;0.0;0.0;0.0;0.0;0.0;0.0;0.0;0.0;0
778;1.8;1.8;1.8;1.8;1.8;1.8;1.8;1.8;1.8;3
779;1.8;11.4;11.4;11.4;11.4;11.4;11.4;11.4;11.4;19
780;0.5;15.0;15.0;15.0;15.0;15.0;15.0;15.0;15.0;25
781;0.7;19.8;19.8;19.8;19.8;19.8;19.8;19.8;19.8;33
782;0.8;16.3;16.3;16.3;17.22;19.33;19.67;18.03;16.3;28
783;0.7;16.3;16.3;16.3;16.45;20.22;21.7;20.01;16.3;28
784;0.7;13.2;13.2;13.2;13.2;13.2;13.2;13.2;13.2;22
785;0.6;6.6;6.6;6.6;6.6;6.6;6.6;6.6;6.6;11
786;0.6;0.0;0.0;0.0;0.0;0.0;0.0;0.0;0.0;0
787;0.5;0.0;0.0;0.0;0.0;0.0;0.0;0.0;0.0;0
788;0.5;0.0;0.0;0.0;0.0;0.0;0.0;0.0;0.0;0
789;0.3;0.0;0.0;0.0;0.0;0.0;0.0;0.0;0.0;0
790;0.2;0.0;0.0;0.0;0.0;0.0;0.0;0.0;0.0;0
791;0.1;0.0;0.0;0.0;0.0;0.0;0.0;0.0;0.0;0
792;0.0;0.0;0.0;0.0;0.0;0.0;0.0;0.0;0.0;0
793;0.0;0.0;0.0;0.0;0.0;0.0;0.0;0.0;0.0;0
794;-0.1;0.0;0.0;0.0;0.0;0.0;0.0;0.0;0.0;0
795;-0.1;0.0;0.0;0.0;0.0;0.0;0.0;0.0;0.0;0
796;-0.2;0.0;0.0;0.0;0.0;0.0;0.0;0.0;0.0;0
797;-0.5;0.0;0.0;0.0;0.0;0.0;0.0;0.0;0.0;0
798;-0.7;0.0;0.0;0.0;0.0;0.0;0.0;0.0;0.0;0
799;-0.9;0.0;0.0;0.0;0.0;0.0;0.0;0.0;0.0;0
800;-0.9;0.0;0.0;0.0;0.0;0.0;0.0;0.0;0.0;0
801;-0.9;0.0;0.0;0.0;0.0;0.0;0.0;0.0;0.0;0
802;-1.0;8.4;8.4;8.4;8.4;8.4;8.4;8.4;8.4;14
803;-1.1;18.1;18.1;18.83;20.51;20.78;19.48;18.1;18.1;31
804;-1.1;21.1;21.1;21.1;22.94;23.7;22.94;21.1;21.1;36
805;-1.0;24.7;24.7;24.7;26.08;27.38;27.11;25.43;24.7;42
806;-0.8;24.7;24.7;24.7;25.59;27.67;28.01;26.41;24.7;42
807;-0.8;21.1;21.1;21.1;21.24;24.92;26.37;24.73;21.1;36
808;-0.8;16.3;16.3;16.3;16.3;24.94;31.5;29.15;19.28;28
809;-0.8;6.6;6.6;6.6;6.6;6.6;6.6;6.6;6.6;11
810;-0.8;1.8;1.8;1.8;1.8;1.8;1.8;1.8;1.8;3
811;-0.6;0.0;0.0;0.0;0.0;0.0;0.0;0.0;0.0;0
812;-0.4;0.0;0.0;0.0;0.0;0.0;0.0;0.0;0.0;0
813;-0.5;0.0;0.0;0.0;0.0;0.0;0.0;0.0;0.0;0
814;-0.4;0.0;0.0;0.0;0.0;0.0;0.0;0.0;0.0;0
815;-0.3;0.0;0.0;0.0;0.0;0.0;0.0;0.0;0.0;0
816;-0.3;0.0;0.0;0.0;0.0;0.0;0.0;0.0;0.0;0
817;-0.3;0.0;0.0;0.0;0.0;0.0;0.0;0.0;0.0;0
818;-0.6;0.0;0.0;0.0;0.0;0.0;0.0;0.0;0.0;0
819;-0.8;0.0;0.0;0.0;0.0;0.0;0.0;0.0;0.0;0
820;-0.9;0.0;0.0;0.0;0.0;0.0;0.0;0.0;0.0;0
821;-1.8;0.0;0.0;0.0;0.0;0.0;0.0;0.0;0.0;0
822;-2.0;0.0;0.0;0.0;0.0;0.0;0.0;0.0;0.0;0
823;-2.3;0.0;0.0;0.0;0.0;0.0;0.0;0.0;0.0;0
824;-2.8;0.0;0.0;0.0;0.0;0.0;0.0;0.0;0.0;0
825;-2.9;4.8;4.8;4.8;4.8;4.8;4.8;4.8;4.8;8
826;-2.7;42.6;42.6;62.81;81.66;77.64;53.09;42.6;42.6;81
827;-2.1;75.2;75.2;115.64;208.27;222.95;151.08;75.2;75.2;172
828;-1.5;95.0;95.0;95.0;294.38;376.97;294.38;95.0;95.0;250
829;-1.0;100.8;100.8;100.8;320.32;528.23;485.75;217.77;100.8;303
830;-0.6;99.7;99.7;99.7;236.91;558.11;610.78;364.06;99.7;297
831;0.0;89.5;89.5;89.5;104.4;540.31;712.14;519.24;89.5;250
832;-0.2;66.8;66.8;66.8;66.8;761.83;1293.88;1107.13;310.97;183
833;-0.7;35.8;35.8;35.8;35.8;35.8;35.8;35.8;35.8;78
834;-1.2;8.4;8.4;8.4;8.4;8.4;8.4;8.4;8.4;14
835;-2.0;0.0;0.0;0.0;0.0;0.0;0.0;0.0;0.0;0
836;-2.4;0.0;0.0;0.0;0.0;0.0;0.0;0.0;0.0;0
837;-2.5;0.0;0.0;0.0;0.0;0.0;0.0;0.0;0.0;0
838;-3.0;0.0;0.0;0.0;0.0;0.0;0.0;0.0;0.0;0
839;-3.3;0.0;0.0;0.0;0.0;0.0;0.0;0.0;0.0;0
840;-3.4;0.0;0.0;0.0;0.0;0.0;0.0;0.0;0.0;0
841;-4.0;0.0;0.0;0.0;0.0;0.0;0.0;0.0;0.0;0
842;-4.4;0.0;0.0;0.0;0.0;0.0;0.0;0.0;0.0;0
843;-4.6;0.0;0.0;0.0;0.0;0.0;0.0;0.0;0.0;0
844;-5.1;0.0;0.0;0.0;0.0;0.0;0.0;0.0;0.0;0
845;-5.5;0.0;0.0;0.0;0.0;0.0;0.0;0.0;0.0;0
846;-5.5;0.0;0.0;0.0;0.0;0.0;0.0;0.0;0.0;0
847;-5.9;0.0;0.0;0.0;0.0;0.0;0.0;0.0;0.0;0
848;-6.2;0.0;0.0;0.0;0.0;0.0;0.0;0.0;0.0;0
849;-6.1;6.1;6.1;9.58;11.13;9.73;6.21;6.1;6.1;11
850;-5.2;40.6;40.6;176.71;303.1;275.71;110.6;40.6;40.6;136
851;-3.8;57.1;57.1;199.09;523.09;574.12;322.28;57.1;57.1;261
852;-2.4;77.5;77.5;77.5;497.25;671.11;497.25;77.5;77.5;325
853;-1.6;81.4;81.4;81.4;454.52;808.86;737.07;281.19;81.4;369
854;-0.6;78.4;78.4;78.4;322.56;898.42;993.93;553.14;78.4;369
855;-0.4;79.7;79.7;79.7;101.16;794.97;1069.79;764.63;79.7;297
856;-0.2;69.8;69.8;69.8;69.8;403.39;660.81;572.03;189.05;153
857;-0.9;28.0;28.0;28.0;28.0;28.0;28.0;28.0;28.0;50
858;-1.6;6.6;6.6;6.6;6.6;6.6;6.6;6.6;6.6;11
859;-2.5;0.0;0.0;0.0;0.0;0.0;0.0;0.0;0.0;0
860;-3.3;0.0;0.0;0.0;0.0;0.0;0.0;0.0;0.0;0
861;-3.9;0.0;0.0;0.0;0.0;0.0;0.0;0.0;0.0;0
862;-4.3;0.0;0.0;0.0;0.0;0.0;0.0;0.0;0.0;0
863;-4.3;0.0;0.0;0.0;0.0;0.0;0.0;0.0;0.0;0
864;-4.1;0.0;0.0;0.0;0.0;0.0;0.0;0.0;0.0;0
865;-3.1;0.0;0.0;0.0;0.0;0.0;0.0;0.0;0.0;0
866;-3.4;0.0;0.0;0.0;0.0;0.0;0.0;0.0;0.0;0
867;-3.7;0.0;0.0;0.0;0.0;0.0;0.0;0.0;0.0;0
868;-4.2;0.0;0.0;0.0;0.0;0.0;0.0;0.0;0.0;0
869;-4.8;0.0;0.0;0.0;0.0;0.0;0.0;0.0;0.0;0
870;-5.4;0.0;0.0;0.0;0.0;0.0;0.0;0.0;0.0;0
871;-5.7;0.0;0.0;0.0;0.0;0.0;0.0;0.0;0.0;0
872;-6.1;0.0;0.0;0.0;0.0;0.0;0.0;0.0;0.0;0
873;-6.2;3.1;3.1;6.5;8.01;6.64;3.2;3.1;3.1;6
874;-5.7;38.9;38.9;47.08;54.64;52.98;43.07;38.9;38.9;69
875;-5.4;55.2;55.2;59.43;69.04;70.55;63.06;55.2;55.2;97
876;-4.5;93.7;93.7;93.7;127.14;140.99;127.14;93.7;93.7;172
877;-3.9;106.6;106.6;106.6;151.15;193.58;185.05;130.57;106.6;206
878;-3.4;107.9;107.9;107.9;192.11;392.25;425.83;273.17;107.9;264
879;-2.9;93.6;93.6;93.6;97.02;220.99;270.33;216.15;93.6;186
880;-2.4;68.6;68.6;68.6;68.6;211.18;322.1;284.53;120.47;131
881;-2.2;25.4;25.4;25.4;25.4;25.4;25.4;25.4;25.4;44
882;-2.5;3.6;3.6;3.6;3.6;3.6;3.6;3.6;3.6;6
883;-2.7;0.0;0.0;0.0;0.0;0.0;0.0;0.0;0.0;0
884;-3.0;0.0;0.0;0.0;0.0;0.0;0.0;0.0;0.0;0
885;-3.1;0.0;0.0;0.0;0.0;0.0;0.0;0.0;0.0;0
886;-3.2;0.0;0.0;0.0;0.0;0.0;0.0;0.0;0.0;0
887;-3.6;0.0;0.0;0.0;0.0;0.0;0.0;0.0;0.0;0
888;-3.6;0.0;0.0;0.0;0.0;0.0;0.0;0.0;0.0;0
889;-3.9;0.0;0.0;0.0;0.0;0.0;0.0;0.0;0.0;0
890;-4.3;0.0;0.0;0.0;0.0;0.0;0.0;0.0;0.0;0
891;-4.8;0.0;0.0;0.0;0.0;0.0;0.0;0.0;0.0;0
892;-4.9;0.0;0.0;0.0;0.0;0.0;0.0;0.0;0.0;0
893;-5.2;0.0;0.0;0.0;0.0;0.0;0.0;0.0;0.0;0
894;-5.5;0.0;0.0;0.0;0.0;0.0;0.0;0.0;0.0;0
895;-5.4;0.0;0.0;0.0;0.0;0.0;0.0;0.0;0.0;0
896;-5.7;0.0;0.0;0.0;0.0;0.0;0.0;0.0;0.0;0
897;-5.7;6.1;6.1;9.43;10.9;9.55;6.18;6.1;6.1;11
898;-4.2;31.6;31.6;38.05;43.98;42.66;34.86;31.6;31.6;56
899;-2.9;76.7;76.7;92.73;128.99;134.63;106.33;76.7;76.7;147
900;-2.1;100.8;100.8;100.8;225.65;277.37;225.65;100.8;100.8;228
901;-1.0;110.9;110.9;110.9;233.28;350.16;326.89;177.09;110.9;264
902;-1.0;97.1;97.1;97.1;267.23;674.85;744.02;434.24;97.1;336
903;-0.6;78.7;78.7;78.7;96.91;847.83;1148.2;822.07;78.7;317
904;-1.2;64.7;64.7;64.7;64.7;985.02;1360.0;1360.0;405.45;222
905;-1.7;38.6;38.6;38.6;38.6;38.6;38.6;38.6;38.6;106
906;-2.6;8.4;8.4;8.4;8.4;8.4;8.4;8.4;8.4;14
907;-3.1;0.0;0.0;0.0;0.0;0.0;0.0;0.0;0.0;0
908;-3.9;0.0;0.0;0.0;0.0;0.0;0.0;0.0;0.0;0
909;-4.4;0.0;0.0;0.0;0.0;0.0;0.0;0.0;0.0;0
910;-4.2;0.0;0.0;0.0;0.0;0.0;0.0;0.0;0.0;0
911;-3.9;0.0;0.0;0.0;0.0;0.0;0.0;0.0;0.0;0
912;-3.8;0.0;0.0;0.0;0.0;0.0;0.0;0.0;0.0;0
913;-4.0;0.0;0.0;0.0;0.0;0.0;0.0;0.0;0.0;0
914;-4.1;0.0;0.0;0.0;0.0;0.0;0.0;0.0;0.0;0
915;-4.2;0.0;0.0;0.0;0.0;0.0;0.0;0.0;0.0;0
916;-4.5;0.0;0.0;0.0;0.0;0.0;0.0;0.0;0.0;0
917;-5.3;0.0;0.0;0.0;0.0;0.0;0.0;0.0;0.0;0
918;-6.4;0.0;0.0;0.0;0.0;0.0;0.0;0.0;0.0;0
919;-6.9;0.0;0.0;0.0;0.0;0.0;0.0;0.0;0.0;0
920;-6.2;0.0;0.0;0.0;0.0;0.0;0.0;0.0;0.0;0
921;-6.1;6.1;6.1;9.36;10.79;9.46;6.17;6.1;6.1;11
922;-4.8;48.5;48.5;85.08;118.5;110.92;66.78;48.5;48.5;100
923;-4.5;74.3;74.3;81.87;98.94;101.57;88.23;74.3;74.3;133
924;-3.8;101.9;101.9;101.9;202.7;244.45;202.7;101.9;101.9;219
925;-3.7;111.1;111.1;111.1;264.33;411.11;382.15;194.41;111.1;286
926;-3.5;104.9;104.9;104.9;237.61;558.15;613.18;370.47;104.9;314
927;-3.2;86.3;86.3;86.3;99.41;728.44;981.31;709.9;86.3;303
928;-3.1;71.3;71.3;71.3;71.3;711.89;1218.67;1053.33;312.73;203
929;-3.6;41.4;41.4;41.4;41.4;41.4;41.4;41.4;41.4;94
930;-4.0;6.6;6.6;6.6;6.6;6.6;6.6;6.6;6.6;11
931;-3.9;0.0;0.0;0.0;0.0;0.0;0.0;0.0;0.0;0
932;-4.4;0.0;0.0;0.0;0.0;0.0;0.0;0.0;0.0;0
933;-4.8;0.0;0.0;0.0;0.0;0.0;0.0;0.0;0.0;0
934;-4.9;0.0;0.0;0.0;0.0;0.0;0.0;0.0;0.0;0
935;-5.2;0.0;0.0;0.0;0.0;0.0;0.0;0.0;0.0;0
936;-6.2;0.0;0.0;0.0;0.0;0.0;0.0;0.0;0.0;0
937;-7.3;0.0;0.0;0.0;0.0;0.0;0.0;0.0;0.0;0
938;-8.2;0.0;0.0;0.0;0.0;0.0;0.0;0.0;0.0;0
939;-8.6;0.0;0.0;0.0;0.0;0.0;0.0;0.0;0.0;0
940;-9.2;0.0;0.0;0.0;0.0;0.0;0.0;0.0;0.0;0
941;-9.4;0.0;0.0;0.0;0.0;0.0;0.0;0.0;0.0;0
942;-9.7;0.0;0.0;0.0;0.0;0.0;0.0;0.0;0.0;0
943;-9.6;0.0;0.0;0.0;0.0;0.0;0.0;0.0;0.0;0
944;-10.1;0.0;0.0;0.0;0.0;0.0;0.0;0.0;0.0;0
945;-10.3;4.8;4.8;4.8;4.8;4.8;4.8;4.8;4.8;8
946;-10.1;45.1;45.1;56.07;66.05;63.75;50.53;45.1;45.1;81
947;-9.6;82.1;82.1;118.16;199.07;211.46;148.08;82.1;82.1;181
948;-8.7;101.4;101.4;101.4;303.36;387.01;303.36;101.4;101.4;269
949;-8.0;109.6;109.6;109.6;301.3;485.48;449.47;214.37;109.6;311
950;-7.6;109.3;109.3;109.3;221.76;495.67;543.25;336.62;109.3;303
951;-6.9;98.1;98.1;98.1;104.31;461.89;606.37;453.11;98.1;256
952;-6.9;75.9;75.9;75.9;75.9;381.85;625.98;547.87;193.29;169
953;-7.4;40.8;40.8;40.8;40.8;40.8;40.8;40.8;40.8;78
954;-7.9;6.9;6.9;6.9;6.9;6.9;6.9;6.9;6.9;14
955;-8.4;0.0;0.0;0.0;0.0;0.0;0.0;0.0;0.0;0
956;-9.4;0.0;0.0;0.0;0.0;0.0;0.0;0.0;0.0;0
957;-10.5;0.0;0.0;0.0;0.0;0.0;0.0;0.0;0.0;0
958;-10.3;0.0;0.0;0.0;0.0;0.0;0.0;0.0;0.0;0
959;-10.2;0.0;0.0;0.0;0.0;0.0;0.0;0.0;0.0;0
960;-8.0;0.0;0.0;0.0;0.0;0.0;0.0;0.0;0.0;0
961;-7.2;0.0;0.0;0.0;0.0;0.0;0.0;0.0;0.0;0
962;-6.1;0.0;0.0;0.0;0.0;0.0;0.0;0.0;0.0;0
963;-5.8;0.0;0.0;0.0;0.0;0.0;0.0;0.0;0.0;0
964;-4.8;0.0;0.0;0.0;0.0;0.0;0.0;0.0;0.0;0
965;-3.7;0.0;0.0;0.0;0.0;0.0;0.0;0.0;0.0;0
966;-3.5;0.0;0.0;0.0;0.0;0.0;0.0;0.0;0.0;0
967;-3.7;0.0;0.0;0.0;0.0;0.0;0.0;0.0;0.0;0
968;-3.8;0.0;0.0;0.0;0.0;0.0;0.0;0.0;0.0;0
969;-3.8;3.1;3.1;6.23;7.58;6.3;3.14;3.1;3.1;6
970;-3.3;50.2;50.2;74.93;97.28;92.06;62.31;50.2;50.2;97
971;-2.7;73.1;73.1;80.49;97.02;99.53;86.56;73.1;73.1;131
972;-2.4;46.6;46.6;46.6;53.23;55.98;53.23;46.6;46.6;81
973;-1.6;101.1;101.1;101.1;119.45;137.14;133.71;111.18;101.1;181
974;-1.2;77.6;77.6;77.6;83.66;98.53;101.14;89.97;77.6;136
975;-1.0;48.3;48.3;48.3;48.43;57.89;61.73;57.7;48.3;83
976;-1.0;41.7;41.7;41.7;41.7;58.75;72.48;68.17;48.36;72
977;-1.1;19.3;19.3;19.3;19.3;19.3;19.3;19.3;19.3;33
978;-1.4;3.8;3.8;3.8;3.8;3.8;3.8;3.8;3.8;8
979;-1.6;0.0;0.0;0.0;0.0;0.0;0.0;0.0;0.0;0
980;-1.7;0.0;0.0;0.0;0.0;0.0;0.0;0.0;0.0;0
981;-1.7;0.0;0.0;0.0;0.0;0.0;0.0;0.0;0.0;0
982;-1.7;0.0;0.0;0.0;0.0;0.0;0.0;0.0;0.0;0
983;-1.7;0.0;0.0;0.0;0.0;0.0;0.0;0.0;0.0;0
984;-1.8;0.0;0.0;0.0;0.0;0.0;0.0;0.0;0.0;0
985;-1.7;0.0;0.0;0.0;0.0;0.0;0.0;0.0;0.0;0
986;-1.7;0.0;0.0;0.0;0.0;0.0;0.0;0.0;0.0;0
987;-1.6;0.0;0.0;0.0;0.0;0.0;0.0;0.0;0.0;0
988;-1.6;0.0;0.0;0.0;0.0;0.0;0.0;0.0;0.0;0
989;-1.8;0.0;0.0;0.0;0.0;0.0;0.0;0.0;0.0;0
990;-1.8;0.0;0.0;0.0;0.0;0.0;0.0;0.0;0.0;0
991;-1.9;0.0;0.0;0.0;0.0;0.0;0.0;0.0;0.0;0
992;-1.9;0.0;0.0;0.0;0.0;0.0;0.0;0.0;0.0;0
993;-2.0;1.8;1.8;1.8;1.8;1.8;1.8;1.8;1.8;3
994;-1.8;19.3;19.3;20.82;22.19;21.87;20.04;19.3;19.3;33
995;-1.5;35.6;35.6;36.93;39.88;40.33;38.0;35.6;35.6;61
996;-1.2;63.6;63.6;63.6;73.4;77.46;73.4;63.6;63.6;111
997;-0.5;89.3;89.3;89.3;102.53;115.31;112.86;96.61;89.3;158
998;0.0;109.8;109.8;109.8;127.52;171.44;179.25;146.37;109.8;203
999;0.3;98.6;98.6;98.6;103.04;534.79;711.02;528.51;98.6;281
1000;0.5;76.8;76.8;76.8;76.8;594.56;1015.0;885.85;282.77;208
1001;0.1;45.2;45.2;45.2;45.2;45.2;45.2;45.2;45.2;97
1002;-0.9;10.9;10.9;10.9;10.9;10.9;10.9;10.9;10.9;19
1003;-1.9;0.0;0.0;0.0;0.0;0.0;0.0;0.0;0.0;0
1004;-2.5;0.0;0.0;0.0;0.0;0.0;0.0;0.0;0.0;0
1005;-1.6;0.0;0.0;0.0;0.0;0.0;0.0;0.0;0.0;0
1006;-1.6;0.0;0.0;0.0;0.0;0.0;0.0;0.0;0.0;0
1007;-1.5;0.0;0.0;0.0;0.0;0.0;0.0;0.0;0.0;0
1008;-1.5;0.0;0.0;0.0;0.0;0.0;0.0;0.0;0.0;0
1009;-1.6;0.0;0.0;0.0;0.0;0.0;0.0;0.0;0.0;0
1010;-1.8;0.0;0.0;0.0;0.0;0.0;0.0;0.0;0.0;0
1011;-1.7;0.0;0.0;0.0;0.0;0.0;0.0;0.0;0.0;0
1012;-1.7;0.0;0.0;0.0;0.0;0.0;0.0;0.0;0.0;0
1013;-2.6;0.0;0.0;0.0;0.0;0.0;0.0;0.0;0.0;0
1014;-3.3;0.0;0.0;0.0;0.0;0.0;0.0;0.0;0.0;0
1015;-4.4;0.0;0.0;0.0;0.0;0.0;0.0;0.0;0.0;0
1016;-5.1;0.0;0.0;0.0;0.0;0.0;0.0;0.0;0.0;0
1017;-4.4;15.6;15.6;33.66;41.26;33.83;15.72;15.6;15.6;31
1018;-3.2;53.9;53.9;142.55;221.77;202.65;96.4;53.9;53.9;139
1019;-2.1;77.8;77.8;178.89;402.75;436.25;259.78;77.8;77.8;258
1020;-0.1;88.5;88.5;88.5;479.35;641.25;479.35;88.5;88.5;350
1021;0.9;95.4;95.4;95.4;421.55;737.82;677.77;276.58;95.4;389
1022;2.0;88.0;88.0;88.0;306.99;854.46;952.95;544.77;88.0;400
1023;2.3;79.3;79.3;79.3;84.62;884.43;1212.6;876.9;79.3;353
1024;2.5;70.2;70.2;70.2;70.2;869.73;1360.0;1327.8;394.11;247
1025;1.8;45.7;45.7;45.7;45.7;45.7;45.7;45.7;45.7;122
1026;0.5;11.2;11.2;11.2;11.2;11.2;11.2;11.2;11.2;22
1027;-0.8;0.0;0.0;0.0;0.0;0.0;0.0;0.0;0.0;0
1028;-1.4;0.0;0.0;0.0;0.0;0.0;0.0;0.0;0.0;0
1029;-2.1;0.0;0.0;0.0;0.0;0.0;0.0;0.0;0.0;0
1030;-2.8;0.0;0.0;0.0;0.0;0.0;0.0;0.0;0.0;0
1031;-3.3;0.0;0.0;0.0;0.0;0.0;0.0;0.0;0.0;0
1032;-4.1;0.0;0.0;0.0;0.0;0.0;0.0;0.0;0.0;0
1033;-4.5;0.0;0.0;0.0;0.0;0.0;0.0;0.0;0.0;0
1034;-5.4;0.0;0.0;0.0;0.0;0.0;0.0;0.0;0.0;0
1035;-5.8;0.0;0.0;0.0;0.0;0.0;0.0;0.0;0.0;0
1036;-6.4;0.0;0.0;0.0;0.0;0.0;0.0;0.0;0.0;0
1037;-6.5;0.0;0.0;0.0;0.0;0.0;0.0;0.0;0.0;0
1038;-7.4;0.0;0.0;0.0;0.0;0.0;0.0;0.0;0.0;0
1039;-7.6;0.0;0.0;0.0;0.0;0.0;0.0;0.0;0.0;0
1040;-7.2;0.0;0.0;0.0;0.0;0.0;0.0;0.0;0.0;0
1041;-6.7;15.3;15.3;24.15;27.84;24.19;15.33;15.3;15.3;28
1042;-4.8;53.6;53.6;172.12;277.42;251.61;109.81;53.6;53.6;156
1043;-2.3;72.3;72.3;198.79;477.62;519.02;298.74;72.3;72.3;283
1044;-0.4;82.7;82.7;82.7;527.86;712.25;527.86;82.7;82.7;372
1045;0.6;96.4;96.4;96.4;421.54;737.85;678.4;278.03;96.4;394
1046;1.8;90.3;90.3;90.3;303.18;840.26;938.03;539.2;90.3;403
1047;2.2;79.1;79.1;79.1;81.53;893.94;1229.04;890.51;79.1;361
1048;2.2;70.1;70.1;70.1;70.1;884.53;1360.0;1359.78;406.15;256
1049;1.1;46.6;46.6;46.6;46.6;46.6;46.6;46.6;46.6;131
1050;0.0;10.5;10.5;10.5;10.5;10.5;10.5;10.5;10.5;25
1051;-1.3;0.0;0.0;0.0;0.0;0.0;0.0;0.0;0.0;0
1052;-2.3;0.0;0.0;0.0;0.0;0.0;0.0;0.0;0.0;0
1053;-3.0;0.0;0.0;0.0;0.0;0.0;0.0;0.0;0.0;0
1054;-3.5;0.0;0.0;0.0;0.0;0.0;0.0;0.0;0.0;0
1055;-3.8;0.0;0.0;0.0;0.0;0.0;0.0;0.0;0.0;0
1056;-4.1;0.0;0.0;0.0;0.0;0.0;0.0;0.0;0.0;0
1057;-4.6;0.0;0.0;0.0;0.0;0.0;0.0;0.0;0.0;0
1058;-5.3;0.0;0.0;0.0;0.0;0.0;0.0;0.0;0.0;0
1059;-5.7;0.0;0.0;0.0;0.0;0.0;0.0;0.0;0.0;0
1060;-5.3;0.0;0.0;0.0;0.0;0.0;0.0;0.0;0.0;0
1061;-5.6;0.0;0.0;0.0;0.0;0.0;0.0;0.0;0.0;0
1062;-6.3;0.0;0.0;0.0;0.0;0.0;0.0;0.0;0.0;0
1063;-6.2;0.0;0.0;0.0;0.0;0.0;0.0;0.0;0.0;0
1064;-4.1;0.0;0.0;0.0;0.0;0.0;0.0;0.0;0.0;0
1065;-3.8;1.8;1.8;1.8;1.8;1.8;1.8;1.8;1.8;3
1066;-3.8;29.0;29.0;31.92;34.5;33.86;30.37;29.0;29.0;50
1067;-3.3;44.8;44.8;47.36;52.99;53.82;49.36;44.8;44.8;78
1068;-2.7;63.6;63.6;63.6;72.96;76.84;72.96;63.6;63.6;111
1069;-2.1;94.2;94.2;94.2;107.89;121.26;118.77;101.89;94.2;167
1070;-1.0;115.4;115.4;115.4;137.32;193.15;203.44;162.15;115.4;219
1071;-0.4;105.9;105.9;105.9;105.9;426.7;559.82;427.04;106.13;269
1072;-0.1;83.2;83.2;83.2;83.2;380.57;628.72;557.32;208.18;192
1073;-0.2;48.2;48.2;48.2;48.2;48.2;48.2;48.2;48.2;92
1074;-1.1;9.2;9.2;9.2;9.2;9.2;9.2;9.2;9.2;22
1075;-1.9;0.0;0.0;0.0;0.0;0.0;0.0;0.0;0.0;0
1076;-2.5;0.0;0.0;0.0;0.0;0.0;0.0;0.0;0.0;0
1077;-2.9;0.0;0.0;0.0;0.0;0.0;0.0;0.0;0.0;0
1078;-3.1;0.0;0.0;0.0;0.0;0.0;0.0;0.0;0.0;0
1079;-3.3;0.0;0.0;0.0;0.0;0.0;0.0;0.0;0.0;0
1080;-3.4;0.0;0.0;0.0;0.0;0.0;0.0;0.0;0.0;0
1081;-3.9;0.0;0.0;0.0;0.0;0.0;0.0;0.0;0.0;0
1082;-4.0;0.0;0.0;0.0;0.0;0.0;0.0;0.0;0.0;0
1083;-4.2;0.0;0.0;0.0;0.0;0.0;0.0;0.0;0.0;0
1084;-4.3;0.0;0.0;0.0;0.0;0.0;0.0;0.0;0.0;0
1085;-4.9;0.0;0.0;0.0;0.0;0.0;0.0;0.0;0.0;0
1086;-5.3;0.0;0.0;0.0;0.0;0.0;0.0;0.0;0.0;0
1087;-5.7;0.0;0.0;0.0;0.0;0.0;0.0;0.0;0.0;0
1088;-6.0;0.0;0.0;0.0;0.0;0.0;0.0;0.0;0.0;0
1089;-5.8;12.7;12.71;15.54;16.7;15.52;12.7;12.7;12.7;22
1090;-4.9;56.8;56.8;79.85;100.09;94.97;67.49;56.8;56.8;108
1091;-3.2;90.4;90.4;142.35;255.79;272.35;182.33;90.4;90.4;219
1092;-2.0;106.9;106.9;106.9;357.36;461.11;357.36;106.9;106.9;314
1093;-0.4;117.9;117.9;117.9;309.6;497.34;462.8;226.23;117.9;339
1094;0.9;108.4;108.4;108.4;259.36;647.49;719.82;433.99;108.4;369
1095;0.7;102.6;102.6;102.6;102.6;559.33;750.57;562.24;104.66;306
1096;0.5;83.6;83.6;83.6;83.6;464.75;785.81;695.53;246.79;211
1097;0.1;48.7;48.7;48.7;48.7;48.7;48.7;48.7;48.7;142
1098;-0.4;17.4;17.4;17.4;17.4;17.4;17.4;17.4;17.4;39
1099;-1.0;0.0;0.0;0.0;0.0;0.0;0.0;0.0;0.0;0
1100;-1.7;0.0;0.0;0.0;0.0;0.0;0.0;0.0;0.0;0
1101;-2.6;0.0;0.0;0.0;0.0;0.0;0.0;0.0;0.0;0
1102;-3.2;0.0;0.0;0.0;0.0;0.0;0.0;0.0;0.0;0
1103;-3.7;0.0;0.0;0.0;0.0;0.0;0.0;0.0;0.0;0
1104;-3.8;0.0;0.0;0.0;0.0;0.0;0.0;0.0;0.0;0
1105;-4.0;0.0;0.0;0.0;0.0;0.0;0.0;0.0;0.0;0
1106;-4.5;0.0;0.0;0.0;0.0;0.0;0.0;0.0;0.0;0
1107;-4.8;0.0;0.0;0.0;0.0;0.0;0.0;0.0;0.0;0
1108;-4.5;0.0;0.0;0.0;0.0;0.0;0.0;0.0;0.0;0
1109;-5.8;0.0;0.0;0.0;0.0;0.0;0.0;0.0;0.0;0
1110;-6.1;0.0;0.0;0.0;0.0;0.0;0.0;0.0;0.0;0
1111;-6.3;0.0;0.0;0.0;0.0;0.0;0.0;0.0;0.0;0
1112;-6.6;0.0;0.0;0.0;0.0;0.0;0.0;0.0;0.0;0
1113;-6.1;11.4;11.4;11.4;11.4;11.4;11.4;11.4;11.4;19
1114;-4.9;41.2;41.2;46.88;51.84;50.57;43.8;41.2;41.2;72
1115;-3.7;53.9;53.9;57.03;63.83;64.82;59.41;53.9;53.9;94
1116;-3.0;65.4;65.4;65.4;74.48;78.24;74.48;65.4;65.4;114
1117;-2.0;118.7;118.7;118.7;150.64;182.03;176.32;136.86;118.7;222
1118;-1.8;121.7;121.7;121.7;156.21;245.81;262.71;197.0;121.7;247
1119;-1.5;103.4;103.4;103.4;103.4;158.41;181.66;159.06;103.86;189
1120;-1.0;85.9;85.9;85.9;85.9;344.06;563.6;503.31;198.5;194
1121;-0.6;51.0;51.0;51.0;51.0;51.0;51.0;51.0;51.0;100
1122;-1.5;12.0;12.0;12.0;12.0;12.0;12.0;12.0;12.0;25
1123;-2.5;0.0;0.0;0.0;0.0;0.0;0.0;0.0;0.0;0
1124;-3.0;0.0;0.0;0.0;0.0;0.0;0.0;0.0;0.0;0
1125;-3.2;0.0;0.0;0.0;0.0;0.0;0.0;0.0;0.0;0
1126;-3.2;0.0;0.0;0.0;0.0;0.0;0.0;0.0;0.0;0
1127;-3.2;0.0;0.0;0.0;0.0;0.0;0.0;0.0;0.0;0
1128;-3.1;0.0;0.0;0.0;0.0;0.0;0.0;0.0;0.0;0
1129;-2.9;0.0;0.0;0.0;0.0;0.0;0.0;0.0;0.0;0
1130;-2.8;0.0;0.0;0.0;0.0;0.0;0.0;0.0;0.0;0
1131;-2.6;0.0;0.0;0.0;0.0;0.0;0.0;0.0;0.0;0
1132;-2.6;0.0;0.0;0.0;0.0;0.0;0.0;0.0;0.0;0
1133;-2.8;0.0;0.0;0.0;0.0;0.0;0.0;0.0;0.0;0
1134;-2.6;0.0;0.0;0.0;0.0;0.0;0.0;0.0;0.0;0
1135;-2.7;0.0;0.0;0.0;0.0;0.0;0.0;0.0;0.0;0
1136;-3.0;0.0;0.0;0.0;0.0;0.0;0.0;0.0;0.0;0
1137;-3.1;14.5;14.53;17.23;18.33;17.18;14.5;14.5;14.5;25
1138;-2.8;62.1;62.1;108.34;148.44;137.96;83.04;62.1;62.1;131
1139;-2.4;77.9;77.9;84.71;99.43;101.54;89.8;77.9;77.9;139
1140;-0.4;106.6;106.6;106.6;389.75;507.03;389.75;106.6;106.6;336
1141;0.8;88.4;88.4;88.4;473.62;853.46;785.13;308.67;88.4;444
1142;1.6;98.9;98.9;98.9;288.66;786.26;881.21;517.9;98.9;414
1143;1.7;92.8;92.8;92.8;92.8;747.65;1026.96;759.05;100.86;358
1144;1.4;75.7;75.7;75.7;75.7;783.67;1360.0;1228.6;390.31;272
1145;0.2;54.1;54.1;54.1;54.1;54.1;54.1;54.1;54.1;131
1146;-0.7;15.1;15.1;15.1;15.1;15.1;15.1;15.1;15.1;36
1147;-1.4;0.0;0.0;0.0;0.0;0.0;0.0;0.0;0.0;0
1148;-2.1;0.0;0.0;0.0;0.0;0.0;0.0;0.0;0.0;0
1149;-2.9;0.0;0.0;0.0;0.0;0.0;0.0;0.0;0.0;0
1150;-3.5;0.0;0.0;0.0;0.0;0.0;0.0;0.0;0.0;0
1151;-4.3;0.0;0.0;0.0;0.0;0.0;0.0;0.0;0.0;0
1152;-4.6;0.0;0.0;0.0;0.0;0.0;0.0;0.0;0.0;0
1153;-5.3;0.0;0.0;0.0;0.0;0.0;0.0;0.0;0.0;0
1154;-5.4;0.0;0.0;0.0;0.0;0.0;0.0;0.0;0.0;0
1155;-5.8;0.0;0.0;0.0;0.0;0.0;0.0;0.0;0.0;0
1156;-6.3;0.0;0.0;0.0;0.0;0.0;0.0;0.0;0.0;0
1157;-5.2;0.0;0.0;0.0;0.0;0.0;0.0;0.0;0.0;0
1158;-5.0;0.0;0.0;0.0;0.0;0.0;0.0;0.0;0.0;0
1159;-5.0;0.0;0.0;0.0;0.0;0.0;0.0;0.0;0.0;0
1160;-4.7;0.0;0.0;0.0;0.0;0.0;0.0;0.0;0.0;0
1161;-4.5;15.8;15.89;21.16;23.29;21.04;15.8;15.8;15.8;28
1162;-2.7;52.9;52.9;62.58;70.91;68.7;57.23;52.9;52.9;94
1163;-2.5;54.4;54.4;56.85;62.11;62.86;58.65;54.4;54.4;94
1164;-1.8;56.2;56.2;56.2;62.07;64.5;62.07;56.2;56.2;97
1165;-1.5;54.9;54.9;54.9;58.09;61.24;60.68;56.73;54.9;94
1166;-1.4;51.9;51.9;51.9;53.76;58.67;59.62;56.05;51.9;89
1167;-1.1;66.7;66.7;66.7;66.7;85.03;92.93;85.46;67.0;117
1168;-0.9;50.9;50.9;50.9;50.9;70.25;87.04;82.65;59.66;89
1169;-1.4;24.2;24.2;24.2;24.2;24.2;24.2;24.2;24.2;42
1170;-1.5;6.6;6.6;6.6;6.6;6.6;6.6;6.6;6.6;11
1171;-1.8;0.0;0.0;0.0;0.0;0.0;0.0;0.0;0.0;0
1172;-1.9;0.0;0.0;0.0;0.0;0.0;0.0;0.0;0.0;0
1173;-1.9;0.0;0.0;0.0;0.0;0.0;0.0;0.0;0.0;0
1174;-1.7;0.0;0.0;0.0;0.0;0.0;0.0;0.0;0.0;0
1175;-1.7;0.0;0.0;0.0;0.0;0.0;0.0;0.0;0.0;0
1176;-2.1;0.0;0.0;0.0;0.0;0.0;0.0;0.0;0.0;0
1177;-2.5;0.0;0.0;0.0;0.0;0.0;0.0;0.0;0.0;0
1178;-3.0;0.0;0.0;0.0;0.0;0.0;0.0;0.0;0.0;0
1179;-2.7;0.0;0.0;0.0;0.0;0.0;0.0;0.0;0.0;0
1180;-2.6;0.0;0.0;0.0;0.0;0.0;0.0;0.0;0.0;0
1181;-2.4;0.0;0.0;0.0;0.0;0.0;0.0;0.0;0.0;0
1182;-2.1;0.0;0.0;0.0;0.0;0.0;0.0;0.0;0.0;0
1183;-2.4;0.0;0.0;0.0;0.0;0.0;0.0;0.0;0.0;0
1184;-2.5;0.0;0.0;0.0;0.0;0.0;0.0;0.0;0.0;0
1185;-2.6;4.8;4.8;4.8;4.8;4.8;4.8;4.8;4.8;8
1186;-2.7;16.3;16.3;17.66;18.83;18.52;16.9;16.3;16.3;28
1187;-2.4;30.8;30.8;32.01;34.6;34.96;32.89;30.8;30.8;53
1188;-2.1;70.2;70.2;70.2;78.87;82.46;78.87;70.2;70.2;122
1189;-1.8;73.3;73.3;73.3;80.61;87.87;86.59;77.53;73.3;128
1190;-2.1;59.3;59.3;59.3;62.31;70.38;71.95;66.12;59.3;103
1191;-2.2;51.4;51.4;51.4;51.4;61.62;66.07;61.92;51.61;89
1192;-2.1;46.6;46.6;46.6;46.6;61.43;74.41;71.1;53.44;81
1193;-1.8;33.3;33.3;33.3;33.3;33.3;33.3;33.3;33.3;58
1194;-2.7;16.3;16.3;16.3;16.3;16.3;16.3;16.3;16.3;33
1195;-2.6;0.0;0.0;0.0;0.0;0.0;0.0;0.0;0.0;0
1196;-3.9;0.0;0.0;0.0;0.0;0.0;0.0;0.0;0.0;0
1197;-4.8;0.0;0.0;0.0;0.0;0.0;0.0;0.0;0.0;0
1198;-5.3;0.0;0.0;0.0;0.0;0.0;0.0;0.0;0.0;0
1199;-6.2;0.0;0.0;0.0;0.0;0.0;0.0;0.0;0.0;0
1200;-6.5;0.0;0.0;0.0;0.0;0.0;0.0;0.0;0.0;0
1201;-6.8;0.0;0.0;0.0;0.0;0.0;0.0;0.0;0.0;0
1202;-7.4;0.0;0.0;0.0;0.0;0.0;0.0;0.0;0.0;0
1203;-7.7;0.0;0.0;0.0;0.0;0.0;0.0;0.0;0.0;0
1204;-7.5;0.0;0.0;0.0;0.0;0.0;0.0;0.0;0.0;0
1205;-7.9;0.0;0.0;0.0;0.0;0.0;0.0;0.0;0.0;0
1206;-8.5;0.0;0.0;0.0;0.0;0.0;0.0;0.0;0.0;0
1207;-10.6;0.0;0.0;0.0;0.0;0.0;0.0;0.0;0.0;0
1208;-10.0;0.0;0.0;0.0;0.0;0.0;0.0;0.0;0.0;0
1209;-8.6;19.3;24.51;238.75;324.44;231.38;19.3;19.3;19.3;103
1210;-5.6;51.2;51.2;352.5;608.79;538.45;182.69;51.2;51.2;272
1211;-4.7;70.2;70.2;253.01;642.63;696.92;384.09;70.2;70.2;372
1212;-3.2;87.4;87.4;87.4;631.04;856.23;631.04;87.4;87.4;464
1213;-3.1;121.9;121.9;121.9;141.39;160.81;157.44;133.25;121.9;219
1214;-2.3;129.3;129.3;129.3;194.46;370.75;405.6;278.6;129.3;308
1215;-1.4;116.3;116.3;116.3;116.3;293.45;371.18;299.61;120.65;253
1216;-2.4;90.4;90.4;90.4;90.4;467.07;800.21;717.54;267.51;239
1217;-2.8;57.9;57.9;57.9;57.9;57.9;57.9;57.9;57.9;119
1218;-3.8;17.4;17.4;17.4;17.4;17.4;17.4;17.4;17.4;44
1219;-5.3;0.0;0.0;0.0;0.0;0.0;0.0;0.0;0.0;0
1220;-6.0;0.0;0.0;0.0;0.0;0.0;0.0;0.0;0.0;0
1221;-8.6;0.0;0.0;0.0;0.0;0.0;0.0;0.0;0.0;0
1222;-9.3;0.0;0.0;0.0;0.0;0.0;0.0;0.0;0.0;0
1223;-10.8;0.0;0.0;0.0;0.0;0.0;0.0;0.0;0.0;0
1224;-11.4;0.0;0.0;0.0;0.0;0.0;0.0;0.0;0.0;0
1225;-11.6;0.0;0.0;0.0;0.0;0.0;0.0;0.0;0.0;0
1226;-12.4;0.0;0.0;0.0;0.0;0.0;0.0;0.0;0.0;0
1227;-12.6;0.0;0.0;0.0;0.0;0.0;0.0;0.0;0.0;0
1228;-12.8;0.0;0.0;0.0;0.0;0.0;0.0;0.0;0.0;0
1229;-13.5;0.0;0.0;0.0;0.0;0.0;0.0;0.0;0.0;0
1230;-14.1;0.0;0.0;0.0;0.0;0.0;0.0;0.0;0.0;0
1231;-14.5;0.0;0.0;0.0;0.0;0.0;0.0;0.0;0.0;0
1232;-14.3;0.0;0.0;0.0;0.0;0.0;0.0;0.0;0.0;0
1233;-10.7;23.9;28.46;188.68;252.37;182.22;23.9;23.9;23.9;94
1234;-6.6;52.6;52.6;280.85;473.74;419.92;150.94;52.6;52.6;231
1235;-4.8;82.0;82.0;215.46;498.46;537.51;309.72;82.0;82.0;325
1236;-3.4;100.4;100.4;100.4;481.59;639.48;481.59;100.4;100.4;394
1237;-2.7;110.9;110.9;110.9;599.59;1088.43;1004.64;397.31;110.9;589
1238;-2.7;103.6;103.6;103.6;284.26;778.45;877.32;522.95;103.6;436
1239;-2.5;81.7;81.7;81.7;81.7;902.54;1266.21;936.01;105.37;417
1240;-2.7;69.2;69.2;69.2;69.2;914.63;1360.0;1360.0;474.32;322
1241;-3.4;50.9;50.9;50.9;50.9;50.9;50.9;50.9;50.9;189
1242;-4.3;19.4;19.4;19.4;19.4;19.4;19.4;19.4;19.4;44
1243;-5.2;0.0;0.0;0.0;0.0;0.0;0.0;0.0;0.0;0
1244;-6.0;0.0;0.0;0.0;0.0;0.0;0.0;0.0;0.0;0
1245;-7.5;0.0;0.0;0.0;0.0;0.0;0.0;0.0;0.0;0
1246;-9.4;0.0;0.0;0.0;0.0;0.0;0.0;0.0;0.0;0
1247;-11.0;0.0;0.0;0.0;0.0;0.0;0.0;0.0;0.0;0
1248;-11.5;0.0;0.0;0.0;0.0;0.0;0.0;0.0;0.0;0
1249;-12.2;0.0;0.0;0.0;0.0;0.0;0.0;0.0;0.0;0
1250;-13.3;0.0;0.0;0.0;0.0;0.0;0.0;0.0;0.0;0
1251;-13.6;0.0;0.0;0.0;0.0;0.0;0.0;0.0;0.0;0
1252;-13.8;0.0;0.0;0.0;0.0;0.0;0.0;0.0;0.0;0
1253;-14.1;0.0;0.0;0.0;0.0;0.0;0.0;0.0;0.0;0
1254;-14.1;0.0;0.0;0.0;0.0;0.0;0.0;0.0;0.0;0
1255;-13.7;0.0;0.0;0.0;0.0;0.0;0.0;0.0;0.0;0
1256;-13.6;0.0;0.0;0.0;0.0;0.0;0.0;0.0;0.0;0
1257;-9.9;30.9;32.56;83.18;103.18;80.84;30.9;30.9;30.9;69
1258;-7.4;69.9;69.9;152.39;221.64;202.0;104.98;69.9;69.9;169
1259;-4.7;101.5;101.5;140.61;223.13;234.39;167.81;101.5;101.5;225
1260;-4.4;99.8;99.8;99.8;119.12;127.12;119.12;99.8;99.8;178
1261;-3.8;79.4;79.4;79.4;87.32;95.27;93.92;84.07;79.4;139
1262;-3.1;87.3;87.3;87.3;92.31;106.17;108.98;99.08;87.3;153
1263;-3.2;59.3;59.3;59.3;59.3;71.19;76.51;71.75;59.69;103
1264;-2.5;35.6;35.6;35.6;35.6;42.15;48.05;46.67;38.8;61
1265;-2.1;29.0;29.0;29.0;29.0;29.0;29.0;29.0;29.0;50
1266;-2.2;12.7;12.7;12.7;12.7;12.7;12.7;12.7;12.7;22
1267;-2.0;0.0;0.0;0.0;0.0;0.0;0.0;0.0;0.0;0
1268;-3.1;0.0;0.0;0.0;0.0;0.0;0.0;0.0;0.0;0
1269;-3.1;0.0;0.0;0.0;0.0;0.0;0.0;0.0;0.0;0
1270;-2.9;0.0;0.0;0.0;0.0;0.0;0.0;0.0;0.0;0
1271;-4.6;0.0;0.0;0.0;0.0;0.0;0.0;0.0;0.0;0
1272;-4.6;0.0;0.0;0.0;0.0;0.0;0.0;0.0;0.0;0
1273;-6.1;0.0;0.0;0.0;0.0;0.0;0.0;0.0;0.0;0
1274;-5.2;0.0;0.0;0.0;0.0;0.0;0.0;0.0;0.0;0
1275;-5.2;0.0;0.0;0.0;0.0;0.0;0.0;0.0;0.0;0
1276;-4.8;0.0;0.0;0.0;0.0;0.0;0.0;0.0;0.0;0
1277;-5.1;0.0;0.0;0.0;0.0;0.0;0.0;0.0;0.0;0
1278;-5.3;0.0;0.0;0.0;0.0;0.0;0.0;0.0;0.0;0
1279;-5.6;0.0;0.0;0.0;0.0;0.0;0.0;0.0;0.0;0
1280;-7.3;0.0;0.0;0.0;0.0;0.0;0.0;0.0;0.0;0
1281;-7.6;24.9;25.16;32.24;35.01;31.87;24.9;24.9;24.9;44
1282;-6.3;70.1;70.1;177.34;266.76;240.97;115.09;70.1;70.1;186
1283;-5.1;76.6;76.6;234.73;566.59;611.42;342.96;76.6;76.6;356
1284;-3.6;86.3;86.3;86.3;598.63;810.85;598.63;86.3;86.3;458
1285;-2.7;93.4;93.4;93.4;488.09;885.87;819.44;327.7;93.4;494
1286;-2.3;97.2;97.2;97.2;295.6;850.69;964.39;570.1;97.2;467
1287;-2.4;82.6;82.6;82.6;82.6;900.03;1269.33;943.45;113.31;431
1288;-2.1;70.8;70.8;70.8;70.8;882.08;1360.0;1360.0;474.66;333
1289;-2.8;51.8;51.8;51.8;51.8;51.8;51.8;51.8;51.8;203
1290;-4.2;22.1;22.1;22.1;22.1;22.1;22.1;22.1;22.1;56
1291;-5.8;0.0;0.0;0.0;0.0;0.0;0.0;0.0;0.0;0
1292;-6.6;0.0;0.0;0.0;0.0;0.0;0.0;0.0;0.0;0
1293;-7.2;0.0;0.0;0.0;0.0;0.0;0.0;0.0;0.0;0
1294;-7.8;0.0;0.0;0.0;0.0;0.0;0.0;0.0;0.0;0
1295;-8.2;0.0;0.0;0.0;0.0;0.0;0.0;0.0;0.0;0
1296;-8.7;0.0;0.0;0.0;0.0;0.0;0.0;0.0;0.0;0
1297;-9.5;0.0;0.0;0.0;0.0;0.0;0.0;0.0;0.0;0
1298;-9.9;0.0;0.0;0.0;0.0;0.0;0.0;0.0;0.0;0
1299;-11.5;0.0;0.0;0.0;0.0;0.0;0.0;0.0;0.0;0
1300;-12.0;0.0;0.0;0.0;0.0;0.0;0.0;0.0;0.0;0
1301;-12.1;0.0;0.0;0.0;0.0;0.0;0.0;0.0;0.0;0
1302;-11.5;0.0;0.0;0.0;0.0;0.0;0.0;0.0;0.0;0
1303;-11.4;0.0;0.0;0.0;0.0;0.0;0.0;0.0;0.0;0
1304;-12.3;0.0;0.0;0.0;0.0;0.0;0.0;0.0;0.0;0
1305;-9.4;23.7;23.99;30.91;33.61;30.5;23.7;23.7;23.7;42
1306;-4.3;69.3;69.3;88.43;104.26;99.62;77.22;69.3;69.3;128
1307;-3.2;61.8;61.8;65.22;72.37;73.33;67.53;61.8;61.8;108
1308;-0.4;121.7;121.7;121.7;353.21;449.11;353.21;121.7;121.7;347
1309;0.5;93.9;93.9;93.9;474.88;860.33;796.82;321.55;93.9;489
1310;1.0;96.9;96.9;96.9;320.12;951.96;1082.91;636.27;96.9;514
1311;0.5;85.0;85.0;85.0;85.0;924.13;1307.0;974.04;120.29;450
1312;0.2;74.3;74.3;74.3;74.3;833.15;1360.0;1360.0;459.35;333
1313;-0.4;52.8;52.8;52.8;52.8;52.8;52.8;52.8;52.8;208
1314;-1.6;22.2;22.2;22.2;22.2;22.2;22.2;22.2;22.2;67
1315;-3.0;0.0;0.0;0.0;0.0;0.0;0.0;0.0;0.0;0
1316;-4.1;0.0;0.0;0.0;0.0;0.0;0.0;0.0;0.0;0
1317;-4.7;0.0;0.0;0.0;0.0;0.0;0.0;0.0;0.0;0
1318;-5.0;0.0;0.0;0.0;0.0;0.0;0.0;0.0;0.0;0
1319;-5.8;0.0;0.0;0.0;0.0;0.0;0.0;0.0;0.0;0
1320;-6.6;0.0;0.0;0.0;0.0;0.0;0.0;0.0;0.0;0
1321;-7.2;0.0;0.0;0.0;0.0;0.0;0.0;0.0;0.0;0
1322;-6.8;0.0;0.0;0.0;0.0;0.0;0.0;0.0;0.0;0
1323;-6.2;0.0;0.0;0.0;0.0;0.0;0.0;0.0;0.0;0
1324;-5.8;0.0;0.0;0.0;0.0;0.0;0.0;0.0;0.0;0
1325;-5.6;0.0;0.0;0.0;0.0;0.0;0.0;0.0;0.0;0
1326;-5.3;0.0;0.0;0.0;0.0;0.0;0.0;0.0;0.0;0
1327;-5.1;0.0;0.0;0.0;0.0;0.0;0.0;0.0;0.0;0
1328;-5.2;0.0;0.0;0.0;0.0;0.0;0.0;0.0;0.0;0
1329;-5.3;16.3;16.4;18.66;19.54;18.52;16.3;16.3;16.3;28
1330;-4.6;68.2;68.2;80.78;91.13;88.05;73.34;68.2;68.2;122
1331;-4.1;106.1;106.1;163.08;281.39;297.03;200.82;106.1;106.1;261
1332;-3.9;128.3;128.3;128.3;269.31;327.71;269.31;128.3;128.3;303
1333;-3.1;134.3;134.3;134.3;172.75;211.81;205.46;157.43;134.3;258
1334;-2.3;137.3;137.3;137.3;183.01;313.95;341.41;249.31;137.3;303
1335;-1.4;122.4;122.4;122.4;122.4;414.8;549.55;434.08;136.03;314
1336;-1.2;90.2;90.2;90.2;90.2;602.13;1078.96;976.59;354.99;297
1337;-1.7;59.9;59.9;59.9;59.9;59.9;59.9;59.9;59.9;194
1338;-2.4;23.9;23.9;23.9;23.9;23.9;23.9;23.9;23.9;69
1339;-3.6;1.8;1.8;1.8;1.8;1.8;1.8;1.8;1.8;3
1340;-4.2;0.0;0.0;0.0;0.0;0.0;0.0;0.0;0.0;0
1341;-5.0;0.0;0.0;0.0;0.0;0.0;0.0;0.0;0.0;0
1342;-6.1;0.0;0.0;0.0;0.0;0.0;0.0;0.0;0.0;0
1343;-6.4;0.0;0.0;0.0;0.0;0.0;0.0;0.0;0.0;0
1344;-6.7;0.0;0.0;0.0;0.0;0.0;0.0;0.0;0.0;0
1345;-7.5;0.0;0.0;0.0;0.0;0.0;0.0;0.0;0.0;0
1346;-8.0;0.0;0.0;0.0;0.0;0.0;0.0;0.0;0.0;0
1347;-8.5;0.0;0.0;0.0;0.0;0.0;0.0;0.0;0.0;0
1348;-9.0;0.0;0.0;0.0;0.0;0.0;0.0;0.0;0.0;0
1349;-9.3;0.0;0.0;0.0;0.0;0.0;0.0;0.0;0.0;0
1350;-9.7;0.0;0.0;0.0;0.0;0.0;0.0;0.0;0.0;0
1351;-10.0;0.0;0.0;0.0;0.0;0.0;0.0;0.0;0.0;0
1352;-10.3;0.0;0.0;0.0;0.0;0.0;0.0;0.0;0.0;0
1353;-9.4;37.3;40.07;95.32;116.58;91.4;37.3;37.3;37.3;83
1354;-7.6;67.8;67.8;246.68;392.74;348.46;139.78;67.8;67.8;233
1355;-5.3;79.0;79.0;241.87;578.29;622.23;347.95;79.0;79.0;375
1356;-3.3;89.5;89.5;89.5;596.91;807.09;596.91;89.5;89.5;475
1357;-1.6;99.0;99.0;99.0;496.9;902.68;837.67;339.96;99.0;525
1358;-1.0;98.2;98.2;98.2;313.13;936.3;1068.52;632.34;98.2;522
1359;-0.4;85.7;85.7;85.7;85.7;875.54;1243.2;932.82;126.2;447
1360;-0.8;73.5;73.5;73.5;73.5;837.94;1360.0;1360.0;476.58;350
1361;-1.3;56.9;56.9;56.9;56.9;56.9;56.9;56.9;56.9;214
1362;-2.3;25.2;25.2;25.2;25.2;25.2;25.2;25.2;25.2;72
1363;-3.4;1.8;1.8;1.8;1.8;1.8;1.8;1.8;1.8;3
1364;-4.3;0.0;0.0;0.0;0.0;0.0;0.0;0.0;0.0;0
1365;-5.3;0.0;0.0;0.0;0.0;0.0;0.0;0.0;0.0;0
1366;-6.2;0.0;0.0;0.0;0.0;0.0;0.0;0.0;0.0;0
1367;-6.9;0.0;0.0;0.0;0.0;0.0;0.0;0.0;0.0;0
1368;-7.6;0.0;0.0;0.0;0.0;0.0;0.0;0.0;0.0;0
1369;-8.2;0.0;0.0;0.0;0.0;0.0;0.0;0.0;0.0;0
1370;-9.0;0.0;0.0;0.0;0.0;0.0;0.0;0.0;0.0;0
1371;-9.4;0.0;0.0;0.0;0.0;0.0;0.0;0.0;0.0;0
1372;-10.0;0.0;0.0;0.0;0.0;0.0;0.0;0.0;0.0;0
1373;-10.1;0.0;0.0;0.0;0.0;0.0;0.0;0.0;0.0;0
1374;-10.5;0.0;0.0;0.0;0.0;0.0;0.0;0.0;0.0;0
1375;-10.9;0.0;0.0;0.0;0.0;0.0;0.0;0.0;0.0;0
1376;-11.2;0.0;0.0;0.0;0.0;0.0;0.0;0.0;0.0;0
1377;-9.8;38.7;42.61;113.99;141.27;108.47;38.7;38.7;38.7;92
1378;-7.6;67.4;67.4;261.15;418.23;369.81;144.24;67.4;67.4;244
1379;-4.9;77.6;77.6;247.48;596.47;641.51;356.22;77.6;77.6;386
1380;-2.3;90.6;90.6;90.6;596.67;806.29;596.67;90.6;90.6;481
1381;-1.3;100.1;100.1;100.1;495.42;900.2;836.28;341.13;100.1;531
1382;0.8;100.1;100.1;100.1;312.62;936.51;1070.45;635.96;100.1;531
1383;1.1;87.1;87.1;87.1;87.1;888.36;1265.14;951.84;131.98;461
1384;1.6;74.6;74.6;74.6;74.6;824.45;1360.0;1360.0;477.68;356
1385;0.9;58.7;58.7;58.7;58.7;58.7;58.7;58.7;58.7;217
1386;-0.1;27.4;27.4;27.4;27.4;27.4;27.4;27.4;27.4;69
1387;-1.4;1.8;1.8;1.8;1.8;1.8;1.8;1.8;1.8;3
1388;-2.7;0.0;0.0;0.0;0.0;0.0;0.0;0.0;0.0;0
1389;-4.0;0.0;0.0;0.0;0.0;0.0;0.0;0.0;0.0;0
1390;-4.0;0.0;0.0;0.0;0.0;0.0;0.0;0.0;0.0;0
1391;-4.7;0.0;0.0;0.0;0.0;0.0;0.0;0.0;0.0;0
1392;-5.5;0.0;0.0;0.0;0.0;0.0;0.0;0.0;0.0;0
1393;-5.9;0.0;0.0;0.0;0.0;0.0;0.0;0.0;0.0;0
1394;-5.5;0.0;0.0;0.0;0.0;0.0;0.0;0.0;0.0;0
1395;-5.3;0.0;0.0;0.0;0.0;0.0;0.0;0.0;0.0;0
1396;-5.2;0.0;0.0;0.0;0.0;0.0;0.0;0.0;0.0;0
1397;-5.1;0.0;0.0;0.0;0.0;0.0;0.0;0.0;0.0;0
1398;-5.6;0.0;0.0;0.0;0.0;0.0;0.0;0.0;0.0;0
1399;-6.5;0.0;0.0;0.0;0.0;0.0;0.0;0.0;0.0;0
1400;-6.4;1.8;1.8;1.8;1.8;1.8;1.8;1.8;1.8;3
1401;-5.2;40.5;45.4;128.0;159.34;121.07;40.5;40.5;40.5;100
1402;-2.5;67.8;67.8;271.18;434.9;383.58;147.28;67.8;67.8;253
1403;-0.4;77.4;77.4;250.85;605.22;650.4;359.93;77.4;77.4;394
1404;1.1;127.7;127.7;127.7;360.52;456.96;360.52;127.7;127.7;367
1405;1.7;144.1;144.1;144.1;240.94;340.51;325.02;203.55;144.1;331
1406;2.3;139.6;139.6;139.6;167.04;248.62;266.34;209.81;139.6;281
1407;2.3;124.7;124.7;124.7;124.7;209.4;249.63;216.68;129.85;242
1408;2.3;95.7;95.7;95.7;95.7;134.7;172.22;164.92;117.07;172
1409;1.6;53.4;53.4;53.4;53.4;53.4;53.4;53.4;53.4;94
1410;1.1;21.9;21.9;21.9;21.9;21.9;21.9;21.9;21.9;39
1411;0.6;1.8;1.8;1.8;1.8;1.8;1.8;1.8;1.8;3
1412;0.5;0.0;0.0;0.0;0.0;0.0;0.0;0.0;0.0;0
1413;0.3;0.0;0.0;0.0;0.0;0.0;0.0;0.0;0.0;0
1414;0.4;0.0;0.0;0.0;0.0;0.0;0.0;0.0;0.0;0
1415;0.6;0.0;0.0;0.0;0.0;0.0;0.0;0.0;0.0;0
1416;0.7;0.0;0.0;0.0;0.0;0.0;0.0;0.0;0.0;0
1417;1.1;0.0;0.0;0.0;0.0;0.0;0.0;0.0;0.0;0
1418;1.4;0.0;0.0;0.0;0.0;0.0;0.0;0.0;0.0;0
1419;0.8;0.0;0.0;0.0;0.0;0.0;0.0;0.0;0.0;0
1420;0.3;0.0;0.0;0.0;0.0;0.0;0.0;0.0;0.0;0
1421;0.0;0.0;0.0;0.0;0.0;0.0;0.0;0.0;0.0;0
1422;0.0;0.0;0.0;0.0;0.0;0.0;0.0;0.0;0.0;0
1423;0.0;0.0;0.0;0.0;0.0;0.0;0.0;0.0;0.0;0
1424;-0.1;1.8;1.8;1.8;1.8;1.8;1.8;1.8;1.8;3
1425;0.3;17.6;17.87;22.01;23.58;21.64;17.6;17.6;17.6;31
1426;1.4;59.6;59.6;69.16;76.8;74.37;63.28;59.6;59.6;106
1427;3.1;108.6;108.6;124.78;157.66;161.8;134.78;108.6;108.6;206
1428;5.1;134.1;134.1;134.1;293.98;360.2;293.98;134.1;134.1;331
1429;6.8;129.2;129.2;129.2;366.54;611.57;574.03;275.92;129.2;442
1430;7.3;143.9;143.9;143.9;198.65;363.57;399.81;286.14;143.9;339
1431;6.8;53.2;53.2;53.2;53.2;61.28;65.15;62.03;53.73;92
1432;7.1;42.2;42.2;42.2;42.2;47.21;52.09;51.18;45.0;72
1433;7.0;53.4;53.4;53.4;53.4;93.02;173.56;183.71;117.53;94
1434;6.4;12.7;12.7;12.7;12.7;12.7;12.7;12.7;12.7;22
1435;5.8;0.0;0.0;0.0;0.0;0.0;0.0;0.0;0.0;0
1436;5.2;0.0;0.0;0.0;0.0;0.0;0.0;0.0;0.0;0
1437;5.1;0.0;0.0;0.0;0.0;0.0;0.0;0.0;0.0;0
1438;4.6;0.0;0.0;0.0;0.0;0.0;0.0;0.0;0.0;0
1439;4.2;0.0;0.0;0.0;0.0;0.0;0.0;0.0;0.0;0
1440;4.0;0.0;0.0;0.0;0.0;0.0;0.0;0.0;0.0;0
1441;3.4;0.0;0.0;0.0;0.0;0.0;0.0;0.0;0.0;0
1442;3.1;0.0;0.0;0.0;0.0;0.0;0.0;0.0;0.0;0
1443;3.2;0.0;0.0;0.0;0.0;0.0;0.0;0.0;0.0;0
1444;3.0;0.0;0.0;0.0;0.0;0.0;0.0;0.0;0.0;0
1445;2.8;0.0;0.0;0.0;0.0;0.0;0.0;0.0;0.0;0
1446;2.5;0.0;0.0;0.0;0.0;0.0;0.0;0.0;0.0;0
1447;2.3;0.0;0.0;0.0;0.0;0.0;0.0;0.0;0.0;0
1448;2.4;0.0;0.0;0.0;0.0;0.0;0.0;0.0;0.0;0
1449;2.4;4.8;4.8;4.8;4.8;4.8;4.8;4.8;4.8;8
1450;3.0;36.9;36.9;40.44;43.25;42.34;38.24;36.9;36.9;64
1451;3.6;68.4;68.4;71.6;78.07;78.87;73.54;68.4;68.4;119
1452;4.2;87.3;87.3;87.3;98.28;102.84;98.28;87.3;87.3;153
1453;5.0;105.6;105.6;105.6;115.88;126.55;124.94;112.0;105.6;186
1454;6.0;72.0;72.0;72.0;74.68;82.88;84.7;79.08;72.0;125
1455;5.6;37.4;37.4;37.4;37.4;41.35;43.26;41.74;37.68;64
1456;6.0;32.6;32.6;32.6;32.6;37.44;42.2;41.34;35.36;56
1457;5.9;19.8;19.8;19.8;19.8;19.8;19.8;19.8;19.8;33
1458;5.9;6.6;6.6;6.6;6.6;6.6;6.6;6.6;6.6;11
1459;5.3;0.0;0.0;0.0;0.0;0.0;0.0;0.0;0.0;0
1460;4.9;0.0;0.0;0.0;0.0;0.0;0.0;0.0;0.0;0
1461;5.3;0.0;0.0;0.0;0.0;0.0;0.0;0.0;0.0;0
1462;5.3;0.0;0.0;0.0;0.0;0.0;0.0;0.0;0.0;0
1463;5.2;0.0;0.0;0.0;0.0;0.0;0.0;0.0;0.0;0
1464;6.0;0.0;0.0;0.0;0.0;0.0;0.0;0.0;0.0;0
1465;6.0;0.0;0.0;0.0;0.0;0.0;0.0;0.0;0.0;0
1466;6.0;0.0;0.0;0.0;0.0;0.0;0.0;0.0;0.0;0
1467;5.8;0.0;0.0;0.0;0.0;0.0;0.0;0.0;0.0;0
1468;4.9;0.0;0.0;0.0;0.0;0.0;0.0;0.0;0.0;0
1469;4.3;0.0;0.0;0.0;0.0;0.0;0.0;0.0;0.0;0
1470;5.6;0.0;0.0;0.0;0.0;0.0;0.0;0.0;0.0;0
1471;4.0;0.0;0.0;0.0;0.0;0.0;0.0;0.0;0.0;0
1472;3.3;4.8;4.8;4.8;4.8;4.8;4.8;4.8;4.8;8
1473;4.0;45.2;48.12;87.91;102.68;83.77;45.2;45.2;45.2;92
1474;6.0;79.7;79.7;232.39;352.62;312.97;136.68;79.7;79.7;242
1475;8.7;107.2;107.2;210.63;418.43;443.91;272.16;107.2;107.2;342
1476;9.3;134.7;134.7;134.7;340.25;425.39;340.25;134.7;134.7;367
1477;9.1;146.8;146.8;146.8;281.46;421.67;400.86;231.23;146.8;378
1478;9.1;116.1;116.1;116.1;122.62;142.81;147.35;133.58;116.1;206
1479;9.3;106.4;106.4;106.4;106.4;133.4;146.63;136.3;108.45;189
1480;9.2;94.9;94.9;94.9;94.9;125.25;155.46;150.19;112.53;169
1481;9.3;60.8;60.8;60.8;60.8;102.21;189.2;200.97;130.63;108
1482;8.9;28.0;28.0;28.0;28.0;28.0;28.0;28.0;28.0;50
1483;7.5;1.8;1.8;1.8;1.8;1.8;1.8;1.8;1.8;3
1484;5.8;0.0;0.0;0.0;0.0;0.0;0.0;0.0;0.0;0
1485;4.7;0.0;0.0;0.0;0.0;0.0;0.0;0.0;0.0;0
1486;5.7;0.0;0.0;0.0;0.0;0.0;0.0;0.0;0.0;0
1487;4.4;0.0;0.0;0.0;0.0;0.0;0.0;0.0;0.0;0
1488;3.6;0.0;0.0;0.0;0.0;0.0;0.0;0.0;0.0;0
1489;2.1;0.0;0.0;0.0;0.0;0.0;0.0;0.0;0.0;0
1490;1.7;0.0;0.0;0.0;0.0;0.0;0.0;0.0;0.0;0
1491;0.5;0.0;0.0;0.0;0.0;0.0;0.0;0.0;0.0;0
1492;0.0;0.0;0.0;0.0;0.0;0.0;0.0;0.0;0.0;0
1493;-1.0;0.0;0.0;0.0;0.0;0.0;0.0;0.0;0.0;0
1494;-0.9;0.0;0.0;0.0;0.0;0.0;0.0;0.0;0.0;0
1495;-1.0;0.0;0.0;0.0;0.0;0.0;0.0;0.0;0.0;0
1496;0.9;6.6;6.6;6.6;6.6;6.6;6.6;6.6;6.6;11
1497;2.5;47.3;51.73;108.24;129.06;101.98;47.3;47.3;47.3;103
1498;5.9;85.2;85.2;195.72;282.08;253.11;125.79;85.2;85.2;222
1499;9.0;100.0;100.0;230.5;491.19;522.73;306.64;100.0;100.0;375
1500;10.8;130.3;130.3;130.3;394.3;503.65;394.3;130.3;130.3;403
1501;11.8;118.5;118.5;118.5;418.53;732.3;686.51;307.98;118.5;500
1502;12.1;141.6;141.6;141.6;230.38;508.91;572.27;383.36;141.6;411
1503;12.5;134.4;134.4;134.4;134.4;281.47;354.3;298.31;146.31;289
1504;11.8;103.4;103.4;103.4;103.4;148.5;193.9;186.28;130.12;189
1505;10.8;53.4;53.4;53.4;53.4;81.29;140.87;149.21;101.43;94
1506;10.7;24.9;24.9;24.9;24.9;24.9;24.9;24.9;24.9;44
1507;9.9;1.8;1.8;1.8;1.8;1.8;1.8;1.8;1.8;3
1508;8.5;0.0;0.0;0.0;0.0;0.0;0.0;0.0;0.0;0
1509;7.9;0.0;0.0;0.0;0.0;0.0;0.0;0.0;0.0;0
1510;7.7;0.0;0.0;0.0;0.0;0.0;0.0;0.0;0.0;0
1511;7.4;0.0;0.0;0.0;0.0;0.0;0.0;0.0;0.0;0
1512;7.3;0.0;0.0;0.0;0.0;0.0;0.0;0.0;0.0;0
1513;7.2;0.0;0.0;0.0;0.0;0.0;0.0;0.0;0.0;0
1514;7.3;0.0;0.0;0.0;0.0;0.0;0.0;0.0;0.0;0
1515;7.0;0.0;0.0;0.0;0.0;0.0;0.0;0.0;0.0;0
1516;6.9;0.0;0.0;0.0;0.0;0.0;0.0;0.0;0.0;0
1517;7.6;0.0;0.0;0.0;0.0;0.0;0.0;0.0;0.0;0
1518;7.4;0.0;0.0;0.0;0.0;0.0;0.0;0.0;0.0;0
1519;7.3;0.0;0.0;0.0;0.0;0.0;0.0;0.0;0.0;0
1520;7.4;0.0;0.0;0.0;0.0;0.0;0.0;0.0;0.0;0
1521;7.7;6.6;6.6;6.6;6.6;6.6;6.6;6.6;6.6;11
1522;8.5;43.5;43.5;46.91;49.56;48.65;44.73;43.5;43.5;75
1523;9.1;56.2;56.2;58.27;62.37;62.86;59.45;56.2;56.2;97
1524;9.8;45.8;45.8;45.8;48.13;49.1;48.13;45.8;45.8;78
1525;10.4;54.9;54.9;54.9;57.34;59.89;59.53;56.45;54.9;94
1526;10.4;54.9;54.9;54.9;56.13;60.05;60.96;58.31;54.9;94
1527;10.4;42.2;42.2;42.2;42.2;45.89;47.73;46.34;42.52;72
1528;11.7;107.3;107.3;107.3;107.3;170.48;234.83;224.46;145.47;203
1529;12.0;66.9;66.9;66.9;66.9;104.75;186.98;198.88;133.46;119
1530;11.6;16.3;16.3;16.3;16.3;16.3;16.3;16.3;16.3;28
1531;11.3;0.0;0.0;0.0;0.0;0.0;0.0;0.0;0.0;0
1532;10.7;0.0;0.0;0.0;0.0;0.0;0.0;0.0;0.0;0
1533;10.1;0.0;0.0;0.0;0.0;0.0;0.0;0.0;0.0;0
1534;9.6;0.0;0.0;0.0;0.0;0.0;0.0;0.0;0.0;0
1535;9.4;0.0;0.0;0.0;0.0;0.0;0.0;0.0;0.0;0
1536;9.2;0.0;0.0;0.0;0.0;0.0;0.0;0.0;0.0;0
1537;9.5;0.0;0.0;0.0;0.0;0.0;0.0;0.0;0.0;0
1538;9.4;0.0;0.0;0.0;0.0;0.0;0.0;0.0;0.0;0
1539;9.3;0.0;0.0;0.0;0.0;0.0;0.0;0.0;0.0;0
1540;9.2;0.0;0.0;0.0;0.0;0.0;0.0;0.0;0.0;0
1541;9.2;0.0;0.0;0.0;0.0;0.0;0.0;0.0;0.0;0
1542;9.2;0.0;0.0;0.0;0.0;0.0;0.0;0.0;0.0;0
1543;8.9;0.0;0.0;0.0;0.0;0.0;0.0;0.0;0.0;0
1544;9.1;4.8;4.8;4.8;4.8;4.8;4.8;4.8;4.8;8
1545;9.4;22.4;22.73;26.47;27.83;26.01;22.4;22.4;22.4;39
1546;10.1;50.9;50.9;56.52;60.84;59.34;52.9;50.9;50.9;89
1547;11.2;92.4;92.4;98.53;110.64;112.06;101.97;92.4;92.4;164
1548;12.7;137.3;137.3;137.3;177.49;194.14;177.49;137.3;137.3;258
1549;14.0;151.6;151.6;151.6;207.4;266.28;257.98;187.36;151.6;311
1550;15.0;149.6;149.6;149.6;215.06;426.4;475.6;333.83;149.6;386
1551;15.2;136.0;136.0;136.0;136.0;402.8;537.75;437.36;160.44;350
1552;15.7;113.0;113.0;113.0;113.0;268.85;429.41;404.62;209.01;250
1553;15.8;78.2;78.2;78.2;78.2;384.38;1061.38;1162.45;628.38;197
1554;14.3;25.4;25.4;25.4;25.4;25.4;25.4;25.4;25.4;44
1555;12.8;1.8;1.8;1.8;1.8;1.8;1.8;1.8;1.8;3
1556;12.0;0.0;0.0;0.0;0.0;0.0;0.0;0.0;0.0;0
1557;11.0;0.0;0.0;0.0;0.0;0.0;0.0;0.0;0.0;0
1558;10.5;0.0;0.0;0.0;0.0;0.0;0.0;0.0;0.0;0
1559;10.5;0.0;0.0;0.0;0.0;0.0;0.0;0.0;0.0;0
1560;10.4;0.0;0.0;0.0;0.0;0.0;0.0;0.0;0.0;0
1561;11.4;0.0;0.0;0.0;0.0;0.0;0.0;0.0;0.0;0
1562;11.7;0.0;0.0;0.0;0.0;0.0;0.0;0.0;0.0;0
1563;11.7;0.0;0.0;0.0;0.0;0.0;0.0;0.0;0.0;0
1564;11.5;0.0;0.0;0.0;0.0;0.0;0.0;0.0;0.0;0
1565;11.8;0.0;0.0;0.0;0.0;0.0;0.0;0.0;0.0;0
1566;12.0;0.0;0.0;0.0;0.0;0.0;0.0;0.0;0.0;0
1567;12.7;0.0;0.0;0.0;0.0;0.0;0.0;0.0;0.0;0
1568;13.4;1.8;1.8;1.8;1.8;1.8;1.8;1.8;1.8;3
1569;12.9;9.7;9.87;11.7;12.36;11.46;9.7;9.7;9.7;17
1570;13.1;33.8;33.8;36.02;37.71;37.12;34.58;33.8;33.8;58
1571;13.9;70.2;70.2;73.23;79.19;79.88;74.9;70.2;70.2;122
1572;12.7;84.2;84.2;84.2;93.25;97.0;93.25;84.2;84.2;147
1573;13.8;100.0;100.0;100.0;107.83;116.13;114.98;105.05;100.0;175
1574;16.4;153.3;153.3;153.3;198.66;347.3;382.3;283.15;153.3;353
1575;16.6;138.0;138.0;138.0;138.0;391.88;521.67;426.71;162.63;350
1576;15.4;106.7;106.7;106.7;106.7;141.32;177.41;172.08;128.45;192
1577;15.1;58.3;58.3;58.3;58.3;82.81;137.98;146.47;103.31;103
1578;14.9;38.8;38.8;38.8;38.8;38.8;38.8;38.8;38.8;83
1579;13.4;3.6;3.6;3.6;3.6;3.6;3.6;3.6;3.6;6
1580;12.7;0.0;0.0;0.0;0.0;0.0;0.0;0.0;0.0;0
1581;11.2;0.0;0.0;0.0;0.0;0.0;0.0;0.0;0.0;0
1582;10.7;0.0;0.0;0.0;0.0;0.0;0.0;0.0;0.0;0
1583;12.4;0.0;0.0;0.0;0.0;0.0;0.0;0.0;0.0;0
1584;12.3;0.0;0.0;0.0;0.0;0.0;0.0;0.0;0.0;0
1585;12.4;0.0;0.0;0.0;0.0;0.0;0.0;0.0;0.0;0
1586;12.2;0.0;0.0;0.0;0.0;0.0;0.0;0.0;0.0;0
1587;12.0;0.0;0.0;0.0;0.0;0.0;0.0;0.0;0.0;0
1588;11.7;0.0;0.0;0.0;0.0;0.0;0.0;0.0;0.0;0
1589;10.9;0.0;0.0;0.0;0.0;0.0;0.0;0.0;0.0;0
1590;11.4;0.0;0.0;0.0;0.0;0.0;0.0;0.0;0.0;0
1591;10.9;0.0;0.0;0.0;0.0;0.0;0.0;0.0;0.0;0
1592;10.4;0.0;0.0;0.0;0.0;0.0;0.0;0.0;0.0;0
1593;10.0;9.7;9.88;11.67;12.32;11.42;9.7;9.7;9.7;17
1594;11.2;33.8;33.8;35.99;37.65;37.06;34.55;33.8;33.8;58
1595;11.5;58.0;58.0;60.0;63.9;64.35;61.08;58.0;58.0;100
1596;12.4;84.7;84.7;84.7;92.5;95.73;92.5;84.7;84.7;147
1597;13.0;114.8;114.8;114.8;125.56;137.03;135.47;121.8;114.8;203
1598;14.2;146.4;146.4;146.4;157.69;195.27;204.22;179.3;146.4;269
1599;14.5;124.2;124.2;124.2;124.2;155.24;171.28;159.74;127.38;222
1600;14.4;93.7;93.7;93.7;93.7;119.31;146.33;142.52;110.11;167
1601;13.6;53.9;53.9;53.9;53.9;69.99;106.86;112.71;84.11;94
1602;13.3;19.3;19.3;19.3;19.3;19.3;19.3;19.3;19.3;33
1603;13.2;1.8;1.8;1.8;1.8;1.8;1.8;1.8;1.8;3
1604;12.5;0.0;0.0;0.0;0.0;0.0;0.0;0.0;0.0;0
1605;11.8;0.0;0.0;0.0;0.0;0.0;0.0;0.0;0.0;0
1606;12.1;0.0;0.0;0.0;0.0;0.0;0.0;0.0;0.0;0
1607;11.0;0.0;0.0;0.0;0.0;0.0;0.0;0.0;0.0;0
1608;10.2;0.0;0.0;0.0;0.0;0.0;0.0;0.0;0.0;0
1609;10.4;0.0;0.0;0.0;0.0;0.0;0.0;0.0;0.0;0
1610;9.9;0.0;0.0;0.0;0.0;0.0;0.0;0.0;0.0;0
1611;10.0;0.0;0.0;0.0;0.0;0.0;0.0;0.0;0.0;0
1612;9.7;0.0;0.0;0.0;0.0;0.0;0.0;0.0;0.0;0
1613;9.3;0.0;0.0;0.0;0.0;0.0;0.0;0.0;0.0;0
1614;9.6;0.0;0.0;0.0;0.0;0.0;0.0;0.0;0.0;0
1615;9.8;0.0;0.0;0.0;0.0;0.0;0.0;0.0;0.0;0
1616;9.2;1.8;1.8;1.8;1.8;1.8;1.8;1.8;1.8;3
1617;9.8;13.2;13.2;13.2;13.2;13.2;13.2;13.2;13.2;22
1618;10.8;43.5;43.5;46.75;49.19;48.3;44.6;43.5;43.5;75
1619;10.7;36.1;36.1;36.59;37.56;37.66;36.86;36.1;36.1;61
1620;11.3;86.0;86.0;86.0;94.78;98.42;94.78;86.0;86.0;150
1621;11.5;59.8;59.8;59.8;62.82;66.05;65.62;61.78;59.8;103
1622;11.6;87.8;87.8;87.8;90.72;100.6;102.98;96.47;87.8;153
1623;11.4;53.7;53.7;53.7;53.7;58.76;61.4;59.53;54.25;92
1624;11.5;56.2;56.2;56.2;56.2;63.83;71.97;70.87;61.18;97
1625;11.2;49.1;49.1;49.1;49.1;63.95;98.59;104.25;77.6;86
1626;10.6;29.8;29.8;29.8;29.8;29.8;29.8;29.8;29.8;53
1627;9.1;4.8;4.8;4.8;4.8;4.8;4.8;4.8;4.8;8
1628;8.0;0.0;0.0;0.0;0.0;0.0;0.0;0.0;0.0;0
1629;8.4;0.0;0.0;0.0;0.0;0.0;0.0;0.0;0.0;0
1630;9.7;0.0;0.0;0.0;0.0;0.0;0.0;0.0;0.0;0
1631;9.0;0.0;0.0;0.0;0.0;0.0;0.0;0.0;0.0;0
1632;9.8;0.0;0.0;0.0;0.0;0.0;0.0;0.0;0.0;0
1633;9.7;0.0;0.0;0.0;0.0;0.0;0.0;0.0;0.0;0
1634;9.6;0.0;0.0;0.0;0.0;0.0;0.0;0.0;0.0;0
1635;9.5;0.0;0.0;0.0;0.0;0.0;0.0;0.0;0.0;0
1636;9.2;0.0;0.0;0.0;0.0;0.0;0.0;0.0;0.0;0
1637;9.2;0.0;0.0;0.0;0.0;0.0;0.0;0.0;0.0;0
1638;9.3;0.0;0.0;0.0;0.0;0.0;0.0;0.0;0.0;0
1639;9.0;0.0;0.0;0.0;0.0;0.0;0.0;0.0;0.0;0
1640;8.5;1.8;1.8;1.8;1.8;1.8;1.8;1.8;1.8;3
1641;8.7;21.1;21.29;23.02;23.62;22.75;21.1;21.1;21.1;36
1642;11.2;95.4;95.4;140.38;173.91;161.45;110.3;95.4;95.4;194
1643;12.6;109.1;109.1;240.87;494.93;522.98;308.59;109.1;109.1;406
1644;14.1;118.7;118.7;118.7;506.77;667.51;506.77;118.7;118.7;497
1645;13.9;157.7;157.7;157.7;210.35;266.94;259.54;192.48;157.7;322
1646;15.0;154.2;154.2;154.2;222.32;456.15;513.11;359.82;154.2;417
1647;15.3;128.8;128.8;128.8;128.8;561.18;789.52;630.82;178.05;433
1648;15.0;119.0;119.0;119.0;119.0;288.81;472.34;448.88;232.18;275
1649;14.8;84.0;84.0;84.0;84.0;199.45;473.96;520.04;310.69;175
1650;13.8;24.2;24.2;24.2;24.2;24.2;24.2;24.2;24.2;42
1651;13.1;0.0;0.0;0.0;0.0;0.0;0.0;0.0;0.0;0
1652;12.9;0.0;0.0;0.0;0.0;0.0;0.0;0.0;0.0;0
1653;12.9;0.0;0.0;0.0;0.0;0.0;0.0;0.0;0.0;0
1654;12.0;0.0;0.0;0.0;0.0;0.0;0.0;0.0;0.0;0
1655;11.0;0.0;0.0;0.0;0.0;0.0;0.0;0.0;0.0;0
1656;10.4;0.0;0.0;0.0;0.0;0.0;0.0;0.0;0.0;0
1657;10.4;0.0;0.0;0.0;0.0;0.0;0.0;0.0;0.0;0
1658;10.1;0.0;0.0;0.0;0.0;0.0;0.0;0.0;0.0;0
1659;9.4;0.0;0.0;0.0;0.0;0.0;0.0;0.0;0.0;0
1660;8.8;0.0;0.0;0.0;0.0;0.0;0.0;0.0;0.0;0
1661;9.1;0.0;0.0;0.0;0.0;0.0;0.0;0.0;0.0;0
1662;9.0;0.0;0.0;0.0;0.0;0.0;0.0;0.0;0.0;0
1663;8.4;0.0;0.0;0.0;0.0;0.0;0.0;0.0;0.0;0
1664;9.1;4.8;4.8;4.8;4.8;4.8;4.8;4.8;4.8;8
1665;9.9;33.3;33.88;38.96;40.73;38.14;33.3;33.3;33.3;58
1666;11.4;97.8;97.8;148.61;186.18;171.98;114.32;97.8;97.8;203
1667;11.6;84.2;84.2;88.08;95.51;96.32;90.03;84.2;84.2;147
1668;12.3;78.6;78.6;78.6;84.99;87.64;84.99;78.6;78.6;136
1669;12.9;123.9;123.9;123.9;134.82;146.62;145.11;131.17;123.9;219
1670;13.4;159.2;159.2;159.2;192.94;310.65;339.64;262.94;159.2;347
1671;14.8;144.8;144.8;144.8;144.8;361.17;476.7;397.8;170.7;353
1672;13.6;68.4;68.4;68.4;68.4;79.13;90.86;89.44;75.69;119
1673;13.5;29.0;29.0;29.0;29.0;34.11;46.48;48.61;39.26;50
1674;12.9;17.6;17.6;17.6;17.6;17.6;17.6;17.6;17.6;31
1675;12.4;1.8;1.8;1.8;1.8;1.8;1.8;1.8;1.8;3
1676;12.2;0.0;0.0;0.0;0.0;0.0;0.0;0.0;0.0;0
1677;11.4;0.0;0.0;0.0;0.0;0.0;0.0;0.0;0.0;0
1678;10.9;0.0;0.0;0.0;0.0;0.0;0.0;0.0;0.0;0
1679;10.4;0.0;0.0;0.0;0.0;0.0;0.0;0.0;0.0;0
1680;10.0;0.0;0.0;0.0;0.0;0.0;0.0;0.0;0.0;0
1681;9.2;0.0;0.0;0.0;0.0;0.0;0.0;0.0;0.0;0
1682;9.0;0.0;0.0;0.0;0.0;0.0;0.0;0.0;0.0;0
1683;8.8;0.0;0.0;0.0;0.0;0.0;0.0;0.0;0.0;0
1684;8.8;0.0;0.0;0.0;0.0;0.0;0.0;0.0;0.0;0
1685;8.6;0.0;0.0;0.0;0.0;0.0;0.0;0.0;0.0;0
1686;7.4;0.0;0.0;0.0;0.0;0.0;0.0;0.0;0.0;0
1687;7.7;0.0;0.0;0.0;0.0;0.0;0.0;0.0;0.0;0
1688;8.8;4.8;4.8;4.8;4.8;4.8;4.8;4.8;4.8;8
1689;9.5;24.2;24.6;27.92;29.07;27.36;24.2;24.2;24.2;42
1690;9.8;35.6;35.6;37.69;39.23;38.64;36.27;35.6;35.6;61
1691;11.3;116.3;116.3;124.46;140.0;141.65;128.46;116.3;116.3;208
1692;14.2;120.1;120.1;120.1;511.37;673.45;511.37;120.1;120.1;511
1693;14.4;155.3;155.3;155.3;321.96;502.8;480.08;267.11;155.3;453
1694;14.6;153.9;153.9;153.9;229.04;495.59;561.99;389.33;153.9;444
1695;15.3;145.2;145.2;145.2;145.2;391.69;524.76;435.48;176.16;372
1696;15.9;112.8;112.8;112.8;112.8;455.67;835.45;791.91;350.56;353
1697;15.6;81.5;81.5;81.5;81.5;407.09;1211.38;1353.81;750.93;250
1698;14.5;43.6;43.6;43.6;43.6;43.6;43.6;43.6;43.6;81
1699;12.5;6.6;6.6;6.6;6.6;6.6;6.6;6.6;6.6;11
1700;10.6;0.0;0.0;0.0;0.0;0.0;0.0;0.0;0.0;0
1701;10.8;0.0;0.0;0.0;0.0;0.0;0.0;0.0;0.0;0
1702;9.0;0.0;0.0;0.0;0.0;0.0;0.0;0.0;0.0;0
1703;8.5;0.0;0.0;0.0;0.0;0.0;0.0;0.0;0.0;0
1704;6.5;0.0;0.0;0.0;0.0;0.0;0.0;0.0;0.0;0
1705;7.2;0.0;0.0;0.0;0.0;0.0;0.0;0.0;0.0;0
1706;6.3;0.0;0.0;0.0;0.0;0.0;0.0;0.0;0.0;0
1707;5.6;0.0;0.0;0.0;0.0;0.0;0.0;0.0;0.0;0
1708;4.5;0.0;0.0;0.0;0.0;0.0;0.0;0.0;0.0;0
1709;3.3;0.0;0.0;0.0;0.0;0.0;0.0;0.0;0.0;0
1710;2.5;0.0;0.0;0.0;0.0;0.0;0.0;0.0;0.0;0
1711;2.2;0.0;0.0;0.0;0.0;0.0;0.0;0.0;0.0;0
1712;3.0;7.9;9.09;11.26;11.46;9.58;7.9;7.9;7.9;14
1713;7.6;56.0;57.63;70.67;75.12;68.37;56.0;56.0;56.0;100
1714;11.5;100.2;100.2;224.33;314.62;279.29;139.06;100.2;100.2;267
1715;13.5;123.4;123.4;227.91;425.74;446.46;277.94;123.4;123.4;389
1716;15.5;126.8;126.8;126.8;488.5;638.32;488.5;126.8;126.8;503
1717;16.7;126.6;126.6;126.6;417.42;734.55;695.54;323.26;126.6;556
1718;17.3;125.2;125.2;125.2;256.68;731.14;850.64;545.19;125.2;547
1719;17.5;119.6;119.6;119.6;119.6;651.56;941.92;750.58;189.62;486
1720;17.3;108.3;108.3;108.3;108.3;506.0;952.05;903.84;389.61;378
1721;17.3;85.9;85.9;85.9;85.9;340.96;983.5;1100.24;622.79;239
1722;16.2;47.2;47.2;47.2;47.2;47.2;47.2;47.2;47.2;97
1723;12.6;6.6;6.6;6.6;6.6;6.6;6.6;6.6;6.6;11
1724;10.5;0.0;0.0;0.0;0.0;0.0;0.0;0.0;0.0;0
1725;8.8;0.0;0.0;0.0;0.0;0.0;0.0;0.0;0.0;0
1726;8.2;0.0;0.0;0.0;0.0;0.0;0.0;0.0;0.0;0
1727;6.2;0.0;0.0;0.0;0.0;0.0;0.0;0.0;0.0;0
1728;5.7;0.0;0.0;0.0;0.0;0.0;0.0;0.0;0.0;0
1729;4.8;0.0;0.0;0.0;0.0;0.0;0.0;0.0;0.0;0
1730;4.8;0.0;0.0;0.0;0.0;0.0;0.0;0.0;0.0;0
1731;4.6;0.0;0.0;0.0;0.0;0.0;0.0;0.0;0.0;0
1732;4.5;0.0;0.0;0.0;0.0;0.0;0.0;0.0;0.0;0
1733;6.5;0.0;0.0;0.0;0.0;0.0;0.0;0.0;0.0;0
1734;6.5;0.0;0.0;0.0;0.0;0.0;0.0;0.0;0.0;0
1735;6.2;0.0;0.0;0.0;0.0;0.0;0.0;0.0;0.0;0
1736;6.5;14.0;16.35;20.57;20.95;17.25;14.0;14.0;14.0;25
1737;8.4;64.6;71.69;126.08;144.47;116.06;64.6;64.6;64.6;136
1738;10.7;101.7;101.7;227.5;318.23;282.12;140.32;101.7;101.7;272
1739;13.3;125.9;125.9;227.01;417.22;436.78;274.23;125.9;125.9;389
1740;16.0;138.3;138.3;138.3;440.68;565.93;440.68;138.3;138.3;478
1741;16.6;142.2;142.2;142.2;378.15;636.71;605.6;303.03;142.2;522
1742;17.4;158.7;158.7;158.7;225.58;471.13;533.67;376.56;158.7;442
1743;16.8;147.5;147.5;147.5;147.5;245.88;300.18;265.04;161.05;300
1744;16.3;124.6;124.6;124.6;124.6;277.5;451.17;433.53;234.93;286
1745;14.9;83.5;83.5;83.5;83.5;110.46;179.76;192.67;141.63;150
1746;14.3;43.3;43.3;43.3;43.3;43.3;43.3;43.3;43.3;78
1747;13.0;6.6;6.6;6.6;6.6;6.6;6.6;6.6;6.6;11
1748;12.2;0.0;0.0;0.0;0.0;0.0;0.0;0.0;0.0;0
1749;11.9;0.0;0.0;0.0;0.0;0.0;0.0;0.0;0.0;0
1750;11.3;0.0;0.0;0.0;0.0;0.0;0.0;0.0;0.0;0
1751;11.4;0.0;0.0;0.0;0.0;0.0;0.0;0.0;0.0;0
1752;10.9;0.0;0.0;0.0;0.0;0.0;0.0;0.0;0.0;0
1753;10.1;0.0;0.0;0.0;0.0;0.0;0.0;0.0;0.0;0
1754;9.5;0.0;0.0;0.0;0.0;0.0;0.0;0.0;0.0;0
1755;9.1;0.0;0.0;0.0;0.0;0.0;0.0;0.0;0.0;0
1756;8.2;0.0;0.0;0.0;0.0;0.0;0.0;0.0;0.0;0
1757;7.6;0.0;0.0;0.0;0.0;0.0;0.0;0.0;0.0;0
1758;7.3;0.0;0.0;0.0;0.0;0.0;0.0;0.0;0.0;0
1759;7.2;0.0;0.0;0.0;0.0;0.0;0.0;0.0;0.0;0
1760;7.6;1.8;1.8;1.8;1.8;1.8;1.8;1.8;1.8;3
1761;8.2;18.1;18.31;19.88;20.41;19.58;18.1;18.1;18.1;31
1762;8.7;38.7;38.7;41.73;43.9;43.03;39.61;38.7;38.7;67
1763;9.3;51.9;51.9;53.3;55.91;56.17;53.93;51.9;51.9;89
1764;10.1;66.4;66.4;66.4;70.41;72.07;70.41;66.4;66.4;114
1765;10.3;58.5;58.5;58.5;60.53;62.77;62.51;59.9;58.5;100
1766;11.1;63.3;63.3;63.3;64.21;67.63;68.5;66.33;63.3;108
1767;11.3;79.9;79.9;79.9;79.9;90.27;96.06;92.38;81.39;139
1768;10.8;27.7;27.7;27.7;27.7;29.28;31.09;30.92;28.86;47
1769;10.5;21.1;21.1;21.1;21.1;23.04;28.14;29.11;25.39;36
1770;10.3;8.4;8.4;8.4;8.4;8.4;8.4;8.4;8.4;14
1771;9.9;0.0;0.0;0.0;0.0;0.0;0.0;0.0;0.0;0
1772;9.8;0.0;0.0;0.0;0.0;0.0;0.0;0.0;0.0;0
1773;9.6;0.0;0.0;0.0;0.0;0.0;0.0;0.0;0.0;0
1774;9.3;0.0;0.0;0.0;0.0;0.0;0.0;0.0;0.0;0
1775;9.0;0.0;0.0;0.0;0.0;0.0;0.0;0.0;0.0;0
1776;8.9;0.0;0.0;0.0;0.0;0.0;0.0;0.0;0.0;0
1777;9.1;0.0;0.0;0.0;0.0;0.0;0.0;0.0;0.0;0
1778;7.9;0.0;0.0;0.0;0.0;0.0;0.0;0.0;0.0;0
1779;7.3;0.0;0.0;0.0;0.0;0.0;0.0;0.0;0.0;0
1780;8.0;0.0;0.0;0.0;0.0;0.0;0.0;0.0;0.0;0
1781;8.1;0.0;0.0;0.0;0.0;0.0;0.0;0.0;0.0;0
1782;7.8;0.0;0.0;0.0;0.0;0.0;0.0;0.0;0.0;0
1783;8.3;0.0;0.0;0.0;0.0;0.0;0.0;0.0;0.0;0
1784;8.4;12.7;13.85;15.85;16.01;14.23;12.7;12.7;12.7;22
1785;9.4;44.3;45.39;53.09;55.65;51.55;44.3;44.3;44.3;78
1786;10.6;80.2;80.2;90.2;97.29;94.37;83.15;80.2;80.2;142
1787;12.0;122.4;122.4;130.7;146.11;147.64;134.38;122.4;122.4;219
1788;13.3;159.9;159.9;159.9;275.53;323.43;275.53;159.9;159.9;364
1789;14.8;169.3;169.3;169.3;245.83;330.54;320.8;222.32;169.3;378
1790;15.1;165.2;165.2;165.2;217.09;414.61;466.04;341.23;165.2;422
1791;15.7;116.1;116.1;116.1;116.1;137.86;150.14;142.48;119.37;206
1792;15.2;88.6;88.6;88.6;88.6;103.9;121.72;120.14;100.09;156
1793;14.9;60.1;60.1;60.1;60.1;72.87;107.05;113.73;89.0;106
1794;14.2;0.0;0.0;0.0;0.0;0.0;0.0;0.0;0.0;0
1795;13.8;0.0;0.0;0.0;0.0;0.0;0.0;0.0;0.0;0
1796;13.5;0.0;0.0;0.0;0.0;0.0;0.0;0.0;0.0;0
1797;14.1;0.0;0.0;0.0;0.0;0.0;0.0;0.0;0.0;0
1798;14.5;0.0;0.0;0.0;0.0;0.0;0.0;0.0;0.0;0
1799;13.0;0.0;0.0;0.0;0.0;0.0;0.0;0.0;0.0;0
1800;12.6;0.0;0.0;0.0;0.0;0.0;0.0;0.0;0.0;0
1801;12.8;0.0;0.0;0.0;0.0;0.0;0.0;0.0;0.0;0
1802;12.7;0.0;0.0;0.0;0.0;0.0;0.0;0.0;0.0;0
1803;12.3;0.0;0.0;0.0;0.0;0.0;0.0;0.0;0.0;0
1804;11.6;0.0;0.0;0.0;0.0;0.0;0.0;0.0;0.0;0
1805;10.3;0.0;0.0;0.0;0.0;0.0;0.0;0.0;0.0;0
1806;9.9;0.0;0.0;0.0;0.0;0.0;0.0;0.0;0.0;0
1807;9.8;0.0;0.0;0.0;0.0;0.0;0.0;0.0;0.0;0
1808;9.6;8.4;8.4;8.4;8.4;8.4;8.4;8.4;8.4;14
1809;9.9;19.8;19.8;19.8;19.8;19.8;19.8;19.8;19.8;33
1810;10.8;68.4;68.4;74.34;78.51;76.76;70.11;68.4;68.4;119
1811;11.3;91.6;91.6;96.17;104.59;105.41;98.14;91.6;91.6;161
1812;11.7;107.4;107.4;107.4;119.09;123.93;119.09;107.4;107.4;189
1813;12.2;125.7;125.7;125.7;135.5;146.41;145.19;132.55;125.7;222
1814;12.4;115.3;115.3;115.3;119.01;133.41;137.2;128.16;115.3;203
1815;12.2;64.6;64.6;64.6;64.6;70.28;73.52;71.54;65.49;111
1816;12.5;67.2;67.2;67.2;67.2;76.1;86.61;85.75;74.02;117
1817;12.5;64.9;64.9;64.9;64.9;76.9;109.71;116.28;92.74;114
1818;12.4;34.6;34.6;34.6;34.6;34.6;34.6;34.6;34.6;61
1819;11.2;18.1;18.1;18.1;18.1;18.1;18.1;18.1;18.1;31
1820;9.2;0.0;0.0;0.0;0.0;0.0;0.0;0.0;0.0;0
1821;7.7;0.0;0.0;0.0;0.0;0.0;0.0;0.0;0.0;0
1822;5.7;0.0;0.0;0.0;0.0;0.0;0.0;0.0;0.0;0
1823;5.6;0.0;0.0;0.0;0.0;0.0;0.0;0.0;0.0;0
1824;4.8;0.0;0.0;0.0;0.0;0.0;0.0;0.0;0.0;0
1825;3.8;0.0;0.0;0.0;0.0;0.0;0.0;0.0;0.0;0
1826;4.3;0.0;0.0;0.0;0.0;0.0;0.0;0.0;0.0;0
1827;5.1;0.0;0.0;0.0;0.0;0.0;0.0;0.0;0.0;0
1828;5.2;0.0;0.0;0.0;0.0;0.0;0.0;0.0;0.0;0
1829;4.3;0.0;0.0;0.0;0.0;0.0;0.0;0.0;0.0;0
1830;3.3;0.0;0.0;0.0;0.0;0.0;0.0;0.0;0.0;0
1831;4.7;0.0;0.0;0.0;0.0;0.0;0.0;0.0;0.0;0
1832;6.2;26.2;30.7;38.33;38.85;31.96;26.2;26.2;26.2;47
1833;7.4;62.1;64.14;77.5;81.84;74.62;62.1;62.1;62.1;111
1834;9.3;96.2;96.2;109.9;119.44;115.37;100.07;96.2;96.2;172
1835;9.8;132.7;132.7;144.0;164.73;166.7;148.75;132.7;132.7;242
1836;11.9;152.8;152.8;152.8;179.67;190.8;179.67;152.8;152.8;278
1837;12.0;127.5;127.5;127.5;137.13;147.9;146.72;134.28;127.5;225
1838;11.9;69.4;69.4;69.4;70.51;74.88;76.04;73.31;69.4;119
1839;12.0;50.6;50.6;50.6;50.6;53.38;54.99;54.02;51.05;86
1840;11.6;36.1;36.1;36.1;36.1;37.54;39.26;39.13;37.23;61
1841;12.0;52.7;52.7;52.7;52.7;60.77;83.31;87.91;71.9;92
1842;10.6;30.3;30.3;30.3;30.3;30.3;30.3;30.3;30.3;53
1843;9.6;6.1;6.1;6.1;6.1;6.1;6.1;6.1;6.1;11
1844;9.5;0.0;0.0;0.0;0.0;0.0;0.0;0.0;0.0;0
1845;9.3;0.0;0.0;0.0;0.0;0.0;0.0;0.0;0.0;0
1846;9.8;0.0;0.0;0.0;0.0;0.0;0.0;0.0;0.0;0
1847;9.9;0.0;0.0;0.0;0.0;0.0;0.0;0.0;0.0;0
1848;9.7;0.0;0.0;0.0;0.0;0.0;0.0;0.0;0.0;0
1849;9.9;0.0;0.0;0.0;0.0;0.0;0.0;0.0;0.0;0
1850;9.6;0.0;0.0;0.0;0.0;0.0;0.0;0.0;0.0;0
1851;9.1;0.0;0.0;0.0;0.0;0.0;0.0;0.0;0.0;0
1852;9.1;0.0;0.0;0.0;0.0;0.0;0.0;0.0;0.0;0
1853;9.4;0.0;0.0;0.0;0.0;0.0;0.0;0.0;0.0;0
1854;9.3;0.0;0.0;0.0;0.0;0.0;0.0;0.0;0.0;0
1855;9.5;0.0;0.0;0.0;0.0;0.0;0.0;0.0;0.0;0
1856;10.0;0.0;0.0;0.0;0.0;0.0;0.0;0.0;0.0;0
1857;10.4;4.8;4.8;4.8;4.8;4.8;4.8;4.8;4.8;8
1858;10.9;10.2;10.2;10.2;10.2;10.2;10.2;10.2;10.2;17
1859;11.3;26.4;26.4;26.4;26.4;26.4;26.4;26.4;26.4;44
1860;11.8;33.1;33.1;33.1;34.05;34.44;34.05;33.1;33.1;56
1861;12.3;34.3;34.3;34.3;34.93;35.64;35.56;34.75;34.3;58
1862;12.6;39.2;39.2;39.2;39.74;41.89;42.47;41.14;39.2;67
1863;12.5;48.8;48.8;48.8;48.8;51.52;53.11;52.18;49.26;83
1864;12.7;59.8;59.8;59.8;59.8;65.39;72.17;71.7;64.26;103
1865;12.1;38.7;38.7;38.7;38.7;43.26;56.29;59.01;49.83;67
1866;11.7;21.1;21.1;21.1;21.1;21.1;21.1;21.1;21.1;36
1867;11.0;1.8;1.8;1.8;1.8;1.8;1.8;1.8;1.8;3
1868;10.8;0.0;0.0;0.0;0.0;0.0;0.0;0.0;0.0;0
1869;10.6;0.0;0.0;0.0;0.0;0.0;0.0;0.0;0.0;0
1870;10.4;0.0;0.0;0.0;0.0;0.0;0.0;0.0;0.0;0
1871;9.9;0.0;0.0;0.0;0.0;0.0;0.0;0.0;0.0;0
1872;9.8;0.0;0.0;0.0;0.0;0.0;0.0;0.0;0.0;0
1873;10.0;0.0;0.0;0.0;0.0;0.0;0.0;0.0;0.0;0
1874;9.9;0.0;0.0;0.0;0.0;0.0;0.0;0.0;0.0;0
1875;10.0;0.0;0.0;0.0;0.0;0.0;0.0;0.0;0.0;0
1876;9.7;0.0;0.0;0.0;0.0;0.0;0.0;0.0;0.0;0
1877;9.6;0.0;0.0;0.0;0.0;0.0;0.0;0.0;0.0;0
1878;9.5;0.0;0.0;0.0;0.0;0.0;0.0;0.0;0.0;0
1879;9.0;0.0;0.0;0.0;0.0;0.0;0.0;0.0;0.0;0
1880;9.1;12.7;13.8;15.62;15.72;14.06;12.7;12.7;12.7;22
1881;9.8;68.2;70.55;84.87;89.42;81.54;68.2;68.2;68.2;122
1882;11.1;109.8;109.8;138.53;158.2;149.51;117.57;109.8;109.8;208
1883;12.4;144.6;144.6;205.8;316.6;326.64;230.05;144.6;144.6;356
1884;12.9;107.9;107.9;107.9;118.15;122.4;118.15;107.9;107.9;189
1885;13.4;143.6;143.6;143.6;155.98;169.98;168.53;152.47;143.6;256
1886;13.2;169.7;169.7;169.7;188.08;263.69;284.24;237.7;169.7;342
1887;13.7;148.7;148.7;148.7;148.7;187.38;210.23;197.04;155.53;272
1888;13.2;70.2;70.2;70.2;70.2;78.34;88.34;87.71;76.82;122
1889;13.5;45.3;45.3;45.3;45.3;49.6;62.16;64.85;56.08;78
1890;13.3;19.3;19.3;19.3;19.3;19.3;19.3;19.3;19.3;33
1891;11.9;1.8;1.8;1.8;1.8;1.8;1.8;1.8;1.8;3
1892;12.3;0.0;0.0;0.0;0.0;0.0;0.0;0.0;0.0;0
1893;12.8;0.0;0.0;0.0;0.0;0.0;0.0;0.0;0.0;0
1894;13.5;0.0;0.0;0.0;0.0;0.0;0.0;0.0;0.0;0
1895;13.7;0.0;0.0;0.0;0.0;0.0;0.0;0.0;0.0;0
1896;14.0;0.0;0.0;0.0;0.0;0.0;0.0;0.0;0.0;0
1897;13.9;0.0;0.0;0.0;0.0;0.0;0.0;0.0;0.0;0
1898;13.9;0.0;0.0;0.0;0.0;0.0;0.0;0.0;0.0;0
1899;12.4;0.0;0.0;0.0;0.0;0.0;0.0;0.0;0.0;0
1900;12.3;0.0;0.0;0.0;0.0;0.0;0.0;0.0;0.0;0
1901;11.5;0.0;0.0;0.0;0.0;0.0;0.0;0.0;0.0;0
1902;9.9;0.0;0.0;0.0;0.0;0.0;0.0;0.0;0.0;0
1903;9.2;0.0;0.0;0.0;0.0;0.0;0.0;0.0;0.0;0
1904;9.4;32.1;41.95;57.88;58.72;43.96;32.1;32.1;32.1;61
1905;9.6;72.1;75.21;93.49;99.23;89.09;72.1;72.1;72.1;131
1906;10.4;116.1;116.1;187.17;235.39;213.72;134.87;116.1;116.1;256
1907;10.8;142.8;142.8;163.89;201.81;205.17;171.99;142.8;142.8;278
1908;10.7;119.6;119.6;119.6;132.46;137.78;132.46;119.6;119.6;211
1909;10.9;152.2;152.2;152.2;165.58;180.79;179.25;161.87;152.2;272
1910;10.9;144.8;144.8;144.8;149.81;170.83;176.61;163.75;144.8;258
1911;11.0;109.2;109.2;109.2;109.2;124.88;134.25;128.94;112.07;192
1912;10.9;82.4;82.4;82.4;82.4;92.94;106.06;105.32;91.15;144
1913;10.5;52.7;52.7;52.7;52.7;59.47;79.69;84.1;70.12;92
1914;9.9;21.1;21.1;21.1;21.1;21.1;21.1;21.1;21.1;36
1915;9.4;1.8;1.8;1.8;1.8;1.8;1.8;1.8;1.8;3
1916;8.7;0.0;0.0;0.0;0.0;0.0;0.0;0.0;0.0;0
1917;7.9;0.0;0.0;0.0;0.0;0.0;0.0;0.0;0.0;0
1918;7.2;0.0;0.0;0.0;0.0;0.0;0.0;0.0;0.0;0
1919;7.6;0.0;0.0;0.0;0.0;0.0;0.0;0.0;0.0;0
1920;6.0;0.0;0.0;0.0;0.0;0.0;0.0;0.0;0.0;0
1921;7.3;0.0;0.0;0.0;0.0;0.0;0.0;0.0;0.0;0
1922;7.2;0.0;0.0;0.0;0.0;0.0;0.0;0.0;0.0;0
1923;7.2;0.0;0.0;0.0;0.0;0.0;0.0;0.0;0.0;0
1924;6.7;0.0;0.0;0.0;0.0;0.0;0.0;0.0;0.0;0
1925;6.5;0.0;0.0;0.0;0.0;0.0;0.0;0.0;0.0;0
1926;5.9;0.0;0.0;0.0;0.0;0.0;0.0;0.0;0.0;0
1927;4.6;0.0;0.0;0.0;0.0;0.0;0.0;0.0;0.0;0
1928;5.6;19.3;20.38;22.11;22.19;20.58;19.3;19.3;19.3;33
1929;6.7;75.7;102.24;252.75;299.54;215.21;75.7;75.7;75.7;217
1930;8.0;105.1;105.1;308.6;445.39;382.85;157.6;105.1;105.1;356
1931;8.4;134.7;134.7;248.29;451.24;468.76;290.6;134.7;134.7;442
1932;9.0;121.9;121.9;121.9;540.94;714.51;540.94;121.9;121.9;589
1933;9.4;164.2;164.2;164.2;342.2;545.62;525.62;293.9;164.2;522
1934;10.4;175.6;175.6;175.6;201.25;311.27;341.83;275.0;175.6;381
1935;9.5;84.7;84.7;84.7;84.7;93.66;99.08;96.07;86.4;147
1936;9.5;101.4;101.4;101.4;101.4;554.5;1126.01;1097.31;485.23;464
1937;9.2;94.4;94.4;94.4;94.4;296.63;914.65;1052.17;628.65;289
1938;8.2;52.3;52.3;52.3;52.3;52.3;52.3;52.3;52.3;183
1939;6.2;13.5;13.5;13.5;13.5;13.5;13.5;13.5;13.5;25
1940;4.9;0.0;0.0;0.0;0.0;0.0;0.0;0.0;0.0;0
1941;4.5;0.0;0.0;0.0;0.0;0.0;0.0;0.0;0.0;0
1942;3.9;0.0;0.0;0.0;0.0;0.0;0.0;0.0;0.0;0
1943;2.1;0.0;0.0;0.0;0.0;0.0;0.0;0.0;0.0;0
1944;0.6;0.0;0.0;0.0;0.0;0.0;0.0;0.0;0.0;0
1945;0.5;0.0;0.0;0.0;0.0;0.0;0.0;0.0;0.0;0
1946;0.0;0.0;0.0;0.0;0.0;0.0;0.0;0.0;0.0;0
1947;0.1;0.0;0.0;0.0;0.0;0.0;0.0;0.0;0.0;0
1948;-0.2;0.0;0.0;0.0;0.0;0.0;0.0;0.0;0.0;0
1949;-0.4;0.0;0.0;0.0;0.0;0.0;0.0;0.0;0.0;0
1950;-1.7;0.0;0.0;0.0;0.0;0.0;0.0;0.0;0.0;0
1951;-0.8;1.8;1.8;1.8;1.8;1.8;1.8;1.8;1.8;3
1952;0.4;36.2;51.25;74.89;75.87;53.61;36.2;36.2;36.2;72
1953;5.7;78.4;103.14;238.78;280.48;203.8;78.4;78.4;78.4;214
1954;6.6;111.9;111.9;281.74;394.87;342.24;154.68;111.9;111.9;339
1955;7.8;111.9;111.9;281.36;582.12;607.42;342.46;111.9;111.9;514
1956;8.4;122.5;122.5;122.5;599.74;797.41;599.74;122.5;122.5;650
1957;8.7;134.2;134.2;134.2;411.11;729.33;698.94;337.72;134.2;617
1958;9.4;146.2;146.2;146.2;238.3;642.13;755.45;511.87;146.2;572
1959;9.4;158.9;158.9;158.9;158.9;232.89;278.13;253.53;173.49;314
1960;9.2;136.8;136.8;136.8;136.8;256.17;408.8;402.09;239.98;308
1961;9.1;102.2;102.2;102.2;102.2;206.31;532.03;605.97;384.8;242
1962;8.4;60.5;60.5;60.5;60.5;60.5;60.5;60.5;60.5;125
1963;7.4;7.9;7.9;7.9;7.9;7.9;7.9;7.9;7.9;14
1964;6.8;0.0;0.0;0.0;0.0;0.0;0.0;0.0;0.0;0
1965;6.4;0.0;0.0;0.0;0.0;0.0;0.0;0.0;0.0;0
1966;6.0;0.0;0.0;0.0;0.0;0.0;0.0;0.0;0.0;0
1967;5.5;0.0;0.0;0.0;0.0;0.0;0.0;0.0;0.0;0
1968;5.3;0.0;0.0;0.0;0.0;0.0;0.0;0.0;0.0;0
1969;4.7;0.0;0.0;0.0;0.0;0.0;0.0;0.0;0.0;0
1970;3.6;0.0;0.0;0.0;0.0;0.0;0.0;0.0;0.0;0
1971;4.3;0.0;0.0;0.0;0.0;0.0;0.0;0.0;0.0;0
1972;3.7;0.0;0.0;0.0;0.0;0.0;0.0;0.0;0.0;0
1973;3.0;0.0;0.0;0.0;0.0;0.0;0.0;0.0;0.0;0
1974;2.1;0.0;0.0;0.0;0.0;0.0;0.0;0.0;0.0;0
1975;1.9;0.0;0.0;0.0;0.0;0.0;0.0;0.0;0.0;0
1976;2.9;0.0;0.0;0.0;0.0;0.0;0.0;0.0;0.0;0
1977;5.6;32.6;33.1;35.77;36.58;35.06;32.6;32.6;32.6;56
1978;7.6;102.8;102.8;336.14;490.13;417.23;160.14;102.8;102.8;383
1979;8.6;115.4;115.4;280.32;571.05;594.88;337.83;115.4;115.4;514
1980;9.9;121.6;121.6;121.6;547.15;723.42;547.15;121.6;121.6;606
1981;10.8;143.3;143.3;143.3;395.11;686.13;659.16;330.01;143.3;603
1982;10.6;122.2;122.2;122.2;242.3;780.76;933.45;610.92;122.2;647
1983;10.5;141.6;141.6;141.6;141.6;547.07;797.9;664.28;224.48;511
1984;10.5;122.9;122.9;122.9;122.9;433.4;835.92;820.75;396.8;419
1985;10.4;94.6;94.6;94.6;94.6;298.53;952.08;1103.33;663.68;306
1986;9.9;61.1;61.1;61.1;61.1;61.1;61.1;61.1;61.1;161
1987;8.6;16.9;16.9;16.9;16.9;16.9;16.9;16.9;16.9;39
1988;8.0;0.0;0.0;0.0;0.0;0.0;0.0;0.0;0.0;0
1989;7.5;0.0;0.0;0.0;0.0;0.0;0.0;0.0;0.0;0
1990;6.4;0.0;0.0;0.0;0.0;0.0;0.0;0.0;0.0;0
1991;5.7;0.0;0.0;0.0;0.0;0.0;0.0;0.0;0.0;0
1992;5.0;0.0;0.0;0.0;0.0;0.0;0.0;0.0;0.0;0
1993;4.3;0.0;0.0;0.0;0.0;0.0;0.0;0.0;0.0;0
1994;3.9;0.0;0.0;0.0;0.0;0.0;0.0;0.0;0.0;0
1995;3.5;0.0;0.0;0.0;0.0;0.0;0.0;0.0;0.0;0
1996;3.2;0.0;0.0;0.0;0.0;0.0;0.0;0.0;0.0;0
1997;3.0;0.0;0.0;0.0;0.0;0.0;0.0;0.0;0.0;0
1998;2.7;0.0;0.0;0.0;0.0;0.0;0.0;0.0;0.0;0
1999;2.4;1.8;1.8;1.8;1.8;1.8;1.8;1.8;1.8;3
2000;3.6;39.8;60.94;93.18;94.15;63.28;39.8;39.8;39.8;83
2001;5.1;77.2;113.39;299.35;355.18;248.17;77.2;77.2;77.2;247
2002;6.9;97.6;97.6;363.14;536.75;453.12;161.22;97.6;97.6;406
2003;8.8;109.1;109.1;289.03;604.11;629.22;349.65;109.1;109.1;536
2004;10.2;118.0;118.0;118.0;563.47;747.99;563.47;118.0;118.0;625
2005;10.7;125.4;125.4;125.4;434.43;793.6;761.34;356.56;125.4;664
2006;10.1;123.3;123.3;123.3;240.31;777.11;930.92;611.63;123.3;653
2007;10.0;115.3;115.3;115.3;115.3;679.98;1033.41;849.02;234.83;583
2008;10.2;106.7;106.7;106.7;106.7;521.18;1065.98;1048.84;479.81;472
2009;10.1;102.7;102.7;102.7;102.7;233.98;665.11;766.79;479.46;272
2010;9.0;49.9;49.9;49.9;49.9;49.9;49.9;49.9;49.9;89
2011;8.3;4.8;4.8;4.8;4.8;4.8;4.8;4.8;4.8;8
2012;8.0;0.0;0.0;0.0;0.0;0.0;0.0;0.0;0.0;0
2013;7.8;0.0;0.0;0.0;0.0;0.0;0.0;0.0;0.0;0
2014;7.4;0.0;0.0;0.0;0.0;0.0;0.0;0.0;0.0;0
2015;6.6;0.0;0.0;0.0;0.0;0.0;0.0;0.0;0.0;0
2016;5.8;0.0;0.0;0.0;0.0;0.0;0.0;0.0;0.0;0
2017;5.5;0.0;0.0;0.0;0.0;0.0;0.0;0.0;0.0;0
2018;5.4;0.0;0.0;0.0;0.0;0.0;0.0;0.0;0.0;0
2019;5.0;0.0;0.0;0.0;0.0;0.0;0.0;0.0;0.0;0
2020;5.0;0.0;0.0;0.0;0.0;0.0;0.0;0.0;0.0;0
2021;4.8;0.0;0.0;0.0;0.0;0.0;0.0;0.0;0.0;0
2022;4.6;0.0;0.0;0.0;0.0;0.0;0.0;0.0;0.0;0
2023;4.4;0.0;0.0;0.0;0.0;0.0;0.0;0.0;0.0;0
2024;4.9;20.6;22.7;25.85;25.93;22.88;20.6;20.6;20.6;36
2025;5.5;64.4;66.47;76.76;79.82;73.84;64.4;64.4;64.4;114
2026;5.3;85.5;85.5;93.6;98.85;96.28;87.39;85.5;85.5;150
2027;6.0;104.3;104.3;108.92;116.94;117.56;110.42;104.3;104.3;183
2028;6.6;117.1;117.1;117.1;128.21;132.81;128.21;117.1;117.1;206
2029;7.3;163.2;163.2;163.2;176.54;192.14;190.78;173.27;163.2;292
2030;8.4;178.6;178.6;178.6;194.58;269.61;291.34;247.02;178.6;361
2031;8.9;162.2;162.2;162.2;162.2;228.28;270.12;248.75;176.67;317
2032;1.0;136.7;136.7;136.7;136.7;190.34;261.84;260.03;185.98;267
2033;11.6;102.6;102.6;102.6;102.6;244.45;722.1;836.86;521.49;286
2034;10.5;55.8;55.8;55.8;55.8;55.8;55.8;55.8;55.8;203
2035;9.4;19.2;19.2;19.2;19.2;19.2;19.2;19.2;19.2;42
2036;8.7;0.0;0.0;0.0;0.0;0.0;0.0;0.0;0.0;0
2037;8.1;0.0;0.0;0.0;0.0;0.0;0.0;0.0;0.0;0
2038;7.5;0.0;0.0;0.0;0.0;0.0;0.0;0.0;0.0;0
2039;7.3;0.0;0.0;0.0;0.0;0.0;0.0;0.0;0.0;0
2040;6.5;0.0;0.0;0.0;0.0;0.0;0.0;0.0;0.0;0
2041;5.8;0.0;0.0;0.0;0.0;0.0;0.0;0.0;0.0;0
2042;5.7;0.0;0.0;0.0;0.0;0.0;0.0;0.0;0.0;0
2043;5.1;0.0;0.0;0.0;0.0;0.0;0.0;0.0;0.0;0
2044;4.3;0.0;0.0;0.0;0.0;0.0;0.0;0.0;0.0;0
2045;4.1;0.0;0.0;0.0;0.0;0.0;0.0;0.0;0.0;0
2046;3.5;0.0;0.0;0.0;0.0;0.0;0.0;0.0;0.0;0
2047;2.1;1.8;1.8;1.8;1.8;1.8;1.8;1.8;1.8;3
2048;3.1;28.5;31.62;36.24;36.33;31.83;28.5;28.5;28.5;50
2049;6.1;82.7;117.02;282.73;331.27;234.2;82.7;82.7;82.7;247
2050;8.7;106.5;106.5;344.5;497.2;421.03;160.61;106.5;106.5;400
2051;10.0;120.3;120.3;283.72;566.02;587.22;334.91;120.3;120.3;528
2052;11.1;129.6;129.6;129.6;528.81;694.17;528.81;129.6;129.6;611
2053;11.6;132.5;132.5;132.5;413.73;744.37;716.58;346.65;132.5;650
2054;12.4;128.1;128.1;128.1;241.8;788.97;949.01;628.18;128.1;681
2055;13.1;121.3;121.3;121.3;121.3;649.81;988.46;819.13;241.03;583
2056;13.2;109.1;109.1;109.1;109.1;507.44;1045.9;1035.6;482.57;481
2057;12.6;89.4;89.4;89.4;89.4;317.4;1104.93;1297.57;782.49;344
2058;12.0;61.2;61.2;61.2;61.2;61.2;61.2;61.2;61.2;192
2059;10.6;20.5;20.5;20.5;20.5;20.5;20.5;20.5;20.5;50
2060;9.5;0.0;0.0;0.0;0.0;0.0;0.0;0.0;0.0;0
2061;8.3;0.0;0.0;0.0;0.0;0.0;0.0;0.0;0.0;0
2062;7.5;0.0;0.0;0.0;0.0;0.0;0.0;0.0;0.0;0
2063;7.2;0.0;0.0;0.0;0.0;0.0;0.0;0.0;0.0;0
2064;6.6;0.0;0.0;0.0;0.0;0.0;0.0;0.0;0.0;0
2065;6.6;0.0;0.0;0.0;0.0;0.0;0.0;0.0;0.0;0
2066;6.5;0.0;0.0;0.0;0.0;0.0;0.0;0.0;0.0;0
2067;6.1;0.0;0.0;0.0;0.0;0.0;0.0;0.0;0.0;0
2068;4.8;0.0;0.0;0.0;0.0;0.0;0.0;0.0;0.0;0
2069;4.0;0.0;0.0;0.0;0.0;0.0;0.0;0.0;0.0;0
2070;4.2;0.0;0.0;0.0;0.0;0.0;0.0;0.0;0.0;0
2071;4.8;1.8;1.8;1.8;1.8;1.8;1.8;1.8;1.8;3
2072;5.4;17.6;19.66;22.68;22.72;19.76;17.6;17.6;17.6;31
2073;6.4;55.7;57.03;63.24;65.04;61.37;55.7;55.7;55.7;97
2074;7.8;123.4;123.4;158.71;181.14;169.75;131.21;123.4;123.4;239
2075;9.9;128.2;128.2;278.23;535.62;554.35;323.45;128.2;128.2;517
2076;9.6;165.2;165.2;165.2;186.79;195.73;186.79;165.2;165.2;297
2077;9.5;121.9;121.9;121.9;128.87;137.12;136.45;127.26;121.9;214
2078;10.0;139.7;139.7;139.7;143.02;159.4;164.24;154.71;139.7;247
2079;10.2;166.3;166.3;166.3;166.3;242.25;291.49;267.4;184.08;333
2080;10.3;139.7;139.7;139.7;139.7;190.41;259.93;259.03;188.22;272
2081;10.2;108.7;108.7;108.7;108.7;176.14;415.25;474.78;319.87;242
2082;9.6;57.8;57.8;57.8;57.8;57.8;57.8;57.8;57.8;103
2083;8.6;21.9;21.9;21.9;21.9;21.9;21.9;21.9;21.9;44
2084;7.5;0.0;0.0;0.0;0.0;0.0;0.0;0.0;0.0;0
2085;6.5;0.0;0.0;0.0;0.0;0.0;0.0;0.0;0.0;0
2086;6.0;0.0;0.0;0.0;0.0;0.0;0.0;0.0;0.0;0
2087;5.5;0.0;0.0;0.0;0.0;0.0;0.0;0.0;0.0;0
2088;5.0;0.0;0.0;0.0;0.0;0.0;0.0;0.0;0.0;0
2089;4.4;0.0;0.0;0.0;0.0;0.0;0.0;0.0;0.0;0
2090;4.0;0.0;0.0;0.0;0.0;0.0;0.0;0.0;0.0;0
2091;2.0;0.0;0.0;0.0;0.0;0.0;0.0;0.0;0.0;0
2092;0.7;0.0;0.0;0.0;0.0;0.0;0.0;0.0;0.0;0
2093;0.9;0.0;0.0;0.0;0.0;0.0;0.0;0.0;0.0;0
2094;0.4;0.0;0.0;0.0;0.0;0.0;0.0;0.0;0.0;0
2095;0.6;3.1;5.93;7.97;7.17;3.98;3.1;3.1;3.1;6
2096;2.5;45.6;57.9;75.58;75.7;58.19;45.6;45.6;45.6;86
2097;5.0;88.9;118.19;251.46;289.5;210.03;88.9;88.9;88.9;239
2098;6.8;111.8;111.8;339.08;482.12;408.23;160.7;111.8;111.8;403
2099;8.8;126.8;126.8;282.05;546.58;565.2;327.02;126.8;126.8;528
2100;10.1;127.1;127.1;127.1;538.88;709.44;538.88;127.1;127.1;631
2101;10.4;127.0;127.0;127.0;419.95;768.45;741.2;354.16;127.0;675
2102;10.8;128.6;128.6;128.6;228.27;732.86;883.48;591.9;128.6;656
2103;10.8;119.5;119.5;119.5;119.5;654.02;1004.7;836.84;248.77;600
2104;10.8;107.2;107.2;107.2;107.2;508.0;1065.47;1061.59;498.65;497
2105;10.6;91.8;91.8;91.8;91.8;302.12;1067.8;1261.76;770.37;353
2106;9.8;65.2;65.2;65.2;65.2;65.2;65.2;65.2;65.2;192
2107;8.6;23.1;23.1;23.1;23.1;23.1;23.1;23.1;23.1;56
2108;6.7;0.0;0.0;0.0;0.0;0.0;0.0;0.0;0.0;0
2109;6.0;0.0;0.0;0.0;0.0;0.0;0.0;0.0;0.0;0
2110;4.8;0.0;0.0;0.0;0.0;0.0;0.0;0.0;0.0;0
2111;3.9;0.0;0.0;0.0;0.0;0.0;0.0;0.0;0.0;0
2112;1.2;0.0;0.0;0.0;0.0;0.0;0.0;0.0;0.0;0
2113;2.0;0.0;0.0;0.0;0.0;0.0;0.0;0.0;0.0;0
2114;-0.8;0.0;0.0;0.0;0.0;0.0;0.0;0.0;0.0;0
2115;-0.9;0.0;0.0;0.0;0.0;0.0;0.0;0.0;0.0;0
2116;-1.5;0.0;0.0;0.0;0.0;0.0;0.0;0.0;0.0;0
2117;-2.1;0.0;0.0;0.0;0.0;0.0;0.0;0.0;0.0;0
2118;-2.7;0.0;0.0;0.0;0.0;0.0;0.0;0.0;0.0;0
2119;-2.7;4.8;4.8;4.8;4.8;4.8;4.8;4.8;4.8;8
2120;1.5;48.5;71.9;105.06;105.09;71.97;48.5;48.5;48.5;100
2121;4.6;88.3;124.48;284.37;329.4;233.2;88.3;88.3;88.3;258
2122;6.6;112.8;112.8;341.37;483.83;408.94;160.58;112.8;112.8;408
2123;8.2;155.1;155.1;241.37;387.35;397.28;265.34;155.1;155.1;436
2124;9.2;137.2;137.2;137.2;513.34;669.15;513.34;137.2;137.2;617
2125;9.5;142.0;142.0;142.0;398.71;705.94;682.82;342.9;142.0;650
2126;9.6;135.7;135.7;135.7;227.1;702.18;845.43;572.93;135.7;647
2127;11.2;130.3;130.3;130.3;130.3;608.58;926.11;777.47;249.72;583
2128;10.9;126.8;126.8;126.8;126.8;422.75;840.36;839.98;421.82;453
2129;10.5;98.4;98.4;98.4;98.4;272.99;926.11;1094.36;679.2;339
2130;9.0;133.15;68.3;68.3;68.3;68.3;1346.64;1360.0;1360.0;183
2131;7.9;11.4;11.4;11.4;11.4;11.4;11.4;11.4;11.4;19
2132;7.6;0.0;0.0;0.0;0.0;0.0;0.0;0.0;0.0;0
2133;7.3;0.0;0.0;0.0;0.0;0.0;0.0;0.0;0.0;0
2134;6.8;0.0;0.0;0.0;0.0;0.0;0.0;0.0;0.0;0
2135;6.4;0.0;0.0;0.0;0.0;0.0;0.0;0.0;0.0;0
2136;6.6;0.0;0.0;0.0;0.0;0.0;0.0;0.0;0.0;0
2137;6.5;0.0;0.0;0.0;0.0;0.0;0.0;0.0;0.0;0
2138;6.7;0.0;0.0;0.0;0.0;0.0;0.0;0.0;0.0;0
2139;6.7;0.0;0.0;0.0;0.0;0.0;0.0;0.0;0.0;0
2140;6.9;0.0;0.0;0.0;0.0;0.0;0.0;0.0;0.0;0
2141;7.0;0.0;0.0;0.0;0.0;0.0;0.0;0.0;0.0;0
2142;6.9;0.0;0.0;0.0;0.0;0.0;0.0;0.0;0.0;0
2143;5.1;3.1;5.81;7.72;6.92;3.89;3.1;3.1;3.1;6
2144;5.8;43.8;49.86;58.33;58.28;49.76;43.8;43.8;43.8;78
2145;7.5;89.4;127.38;290.53;335.86;236.82;89.4;89.4;89.4;264
2146;8.7;131.7;131.7;237.19;302.29;267.46;153.11;131.7;131.7;322
2147;9.6;153.3;153.3;250.88;414.84;425.6;276.84;153.3;153.3;458
2148;10.5;182.2;182.2;182.2;266.57;301.51;266.57;182.2;182.2;392
2149;10.7;182.8;182.8;182.8;319.05;483.11;471.25;290.42;182.8;528
2150;10.5;151.4;151.4;151.4;154.88;173.48;179.14;168.55;151.4;269
2151;10.0;83.4;83.4;83.4;83.4;89.81;94.12;92.14;85.05;144
2152;10.2;130.3;130.3;130.3;130.3;149.16;176.17;176.31;149.49;233
2153;9.8;60.6;60.6;60.6;60.6;65.33;83.54;88.31;76.84;106
2154;9.0;21.88;21.1;21.1;21.1;21.1;34.74;41.17;35.84;36
2155;7.7;0.0;0.0;0.0;0.0;0.0;0.0;0.0;0.0;0
2156;7.1;0.0;0.0;0.0;0.0;0.0;0.0;0.0;0.0;0
2157;6.7;0.0;0.0;0.0;0.0;0.0;0.0;0.0;0.0;0
2158;6.1;0.0;0.0;0.0;0.0;0.0;0.0;0.0;0.0;0
2159;6.0;0.0;0.0;0.0;0.0;0.0;0.0;0.0;0.0;0
2160;5.6;0.0;0.0;0.0;0.0;0.0;0.0;0.0;0.0;0
2161;5.0;0.0;0.0;0.0;0.0;0.0;0.0;0.0;0.0;0
2162;3.8;0.0;0.0;0.0;0.0;0.0;0.0;0.0;0.0;0
2163;3.5;0.0;0.0;0.0;0.0;0.0;0.0;0.0;0.0;0
2164;3.9;0.0;0.0;0.0;0.0;0.0;0.0;0.0;0.0;0
2165;2.4;0.0;0.0;0.0;0.0;0.0;0.0;0.0;0.0;0
2166;2.2;0.0;0.0;0.0;0.0;0.0;0.0;0.0;0.0;0
2167;4.2;10.4;15.7;19.4;17.82;11.9;10.4;10.4;10.4;19
2168;5.8;46.3;53.32;62.99;62.88;53.06;46.3;46.3;46.3;83
2169;7.7;71.0;73.23;82.53;85.08;79.38;71.0;71.0;71.0;125
2170;9.7;133.5;133.5;238.0;301.86;267.09;154.07;133.5;133.5;325
2171;11.3;150.6;150.6;260.5;443.86;455.43;288.44;150.6;150.6;481
2172;11.9;158.8;158.8;158.8;176.07;183.22;176.07;158.8;158.8;283
2173;12.2;172.3;172.3;172.3;184.79;199.91;198.86;182.25;172.3;308
2174;12.5;171.8;171.8;171.8;176.15;200.04;207.39;193.89;171.8;308
2175;11.8;82.2;82.2;82.2;82.2;88.48;92.76;90.85;83.87;142
2176;9.3;21.6;21.6;21.6;21.6;21.6;21.6;21.6;21.6;36
2177;8.0;15.0;15.0;15.0;15.0;15.0;15.0;15.0;15.0;25
2178;7.9;6.6;6.6;6.6;6.6;6.6;6.6;6.6;6.6;11
2179;8.0;1.8;1.8;1.8;1.8;1.8;1.8;1.8;1.8;3
2180;7.3;0.0;0.0;0.0;0.0;0.0;0.0;0.0;0.0;0
2181;6.9;0.0;0.0;0.0;0.0;0.0;0.0;0.0;0.0;0
2182;6.9;0.0;0.0;0.0;0.0;0.0;0.0;0.0;0.0;0
2183;7.2;0.0;0.0;0.0;0.0;0.0;0.0;0.0;0.0;0
2184;6.8;0.0;0.0;0.0;0.0;0.0;0.0;0.0;0.0;0
2185;5.7;0.0;0.0;0.0;0.0;0.0;0.0;0.0;0.0;0
2186;6.2;0.0;0.0;0.0;0.0;0.0;0.0;0.0;0.0;0
2187;5.2;0.0;0.0;0.0;0.0;0.0;0.0;0.0;0.0;0
2188;4.2;0.0;0.0;0.0;0.0;0.0;0.0;0.0;0.0;0
2189;4.8;0.0;0.0;0.0;0.0;0.0;0.0;0.0;0.0;0
2190;3.7;0.0;0.0;0.0;0.0;0.0;0.0;0.0;0.0;0
2191;4.8;6.1;8.7;10.49;9.7;6.81;6.1;6.1;6.1;11
2192;5.9;48.1;55.08;64.54;64.38;54.68;48.1;48.1;48.1;86
2193;6.7;95.6;128.24;260.92;296.76;214.76;95.6;95.6;95.6;256
2194;6.5;135.1;135.1;196.55;233.72;213.13;146.82;135.1;135.1;286
2195;5.8;122.7;122.7;128.62;138.44;139.03;130.06;122.7;122.7;217
2196;9.3;184.7;184.7;184.7;313.96;367.5;313.96;184.7;184.7;447
2197;8.8;185.5;185.5;185.5;209.54;238.85;236.9;204.85;185.5;350
2198;8.6;179.3;179.3;179.3;184.92;216.71;226.59;208.76;179.3;328
2199;7.8;128.8;128.8;128.8;128.8;145.24;156.55;151.6;133.3;228
2200;6.5;139.0;139.0;139.0;139.0;159.68;190.16;190.68;160.92;250
2201;6.9;114.5;114.5;114.5;114.5;164.94;370.42;425.99;299.09;250
2202;6.8;90.15;71.4;71.4;71.4;71.4;337.14;465.96;363.66;139
2203;5.2;20.6;20.6;20.6;20.6;20.6;20.6;20.6;20.6;36
2204;5.2;0.0;0.0;0.0;0.0;0.0;0.0;0.0;0.0;0
2205;4.5;0.0;0.0;0.0;0.0;0.0;0.0;0.0;0.0;0
2206;4.9;0.0;0.0;0.0;0.0;0.0;0.0;0.0;0.0;0
2207;4.5;0.0;0.0;0.0;0.0;0.0;0.0;0.0;0.0;0
2208;3.9;0.0;0.0;0.0;0.0;0.0;0.0;0.0;0.0;0
2209;3.7;0.0;0.0;0.0;0.0;0.0;0.0;0.0;0.0;0
2210;3.3;0.0;0.0;0.0;0.0;0.0;0.0;0.0;0.0;0
2211;3.8;0.0;0.0;0.0;0.0;0.0;0.0;0.0;0.0;0
2212;2.4;0.0;0.0;0.0;0.0;0.0;0.0;0.0;0.0;0
2213;3.4;0.0;0.0;0.0;0.0;0.0;0.0;0.0;0.0;0
2214;3.3;0.0;0.0;0.0;0.0;0.0;0.0;0.0;0.0;0
2215;4.3;9.2;14.3;17.76;16.21;10.55;9.2;9.2;9.2;17
2216;4.8;35.1;38.07;42.04;41.95;37.84;35.1;35.1;35.1;61
2217;6.3;98.9;115.67;182.07;199.74;158.34;98.9;98.9;98.9;214
2218;7.4;122.9;122.9;332.25;457.64;386.94;161.58;122.9;122.9;414
2219;6.5;163.2;163.2;186.69;225.34;227.59;192.12;163.2;163.2;322
2220;6.8;182.9;182.9;182.9;237.1;259.55;237.1;182.9;182.9;364
2221;7.9;184.4;184.4;184.4;202.71;225.18;223.76;199.28;184.4;339
2222;7.5;158.8;158.8;158.8;162.19;181.94;188.14;177.15;158.8;283
2223;7.5;176.8;176.8;176.8;176.8;313.82;409.24;368.5;215.47;408
2224;7.8;150.3;150.3;150.3;150.3;268.29;444.87;448.9;278.01;358
2225;7.5;114.0;114.0;114.0;114.0;203.0;576.48;679.04;450.61;300
2226;6.7;99.28;73.5;73.5;73.5;73.5;407.19;571.2;443.66;150
2227;5.9;29.6;29.6;29.6;29.6;29.6;29.6;29.6;29.6;61
2228;5.1;0.0;0.0;0.0;0.0;0.0;0.0;0.0;0.0;0
2229;3.4;0.0;0.0;0.0;0.0;0.0;0.0;0.0;0.0;0
2230;2.7;0.0;0.0;0.0;0.0;0.0;0.0;0.0;0.0;0
2231;1.6;0.0;0.0;0.0;0.0;0.0;0.0;0.0;0.0;0
2232;0.4;0.0;0.0;0.0;0.0;0.0;0.0;0.0;0.0;0
2233;0.2;0.0;0.0;0.0;0.0;0.0;0.0;0.0;0.0;0
2234;-0.6;0.0;0.0;0.0;0.0;0.0;0.0;0.0;0.0;0
2235;-1.3;0.0;0.0;0.0;0.0;0.0;0.0;0.0;0.0;0
2236;-1.1;0.0;0.0;0.0;0.0;0.0;0.0;0.0;0.0;0
2237;-2.3;0.0;0.0;0.0;0.0;0.0;0.0;0.0;0.0;0
2238;-2.1;0.0;0.0;0.0;0.0;0.0;0.0;0.0;0.0;0
2239;-0.5;11.7;19.21;24.24;21.92;13.62;11.7;11.7;11.7;22
2240;2.6;53.7;62.55;74.23;73.88;61.71;53.7;53.7;53.7;97
2241;5.6;77.1;79.68;89.65;92.26;85.99;77.1;77.1;77.1;136
2242;7.4;124.2;124.2;139.08;147.9;142.84;126.86;124.2;124.2;222
2243;7.5;91.3;91.3;94.02;98.46;98.71;94.61;91.3;91.3;158
2244;7.7;68.2;68.2;68.2;71.21;72.46;71.21;68.2;68.2;117
2245;8.7;97.9;97.9;97.9;101.21;105.31;105.06;100.62;97.9;169
2246;10.2;193.0;193.0;193.0;215.75;352.45;395.75;320.28;193.0;450
2247;10.0;146.6;146.6;146.6;146.6;166.36;180.3;174.49;152.34;261
2248;10.3;92.1;92.1;92.1;92.1;100.11;112.28;112.63;100.95;161
2249;9.7;45.3;45.3;45.3;45.3;47.22;55.52;57.84;52.81;78
2250;9.3;26.68;25.9;25.9;25.9;25.9;35.2;39.83;36.3;44
2251;9.5;14.5;14.5;14.5;14.5;14.5;14.5;14.5;14.5;25
2252;8.5;0.0;0.0;0.0;0.0;0.0;0.0;0.0;0.0;0
2253;8.0;0.0;0.0;0.0;0.0;0.0;0.0;0.0;0.0;0
2254;7.9;0.0;0.0;0.0;0.0;0.0;0.0;0.0;0.0;0
2255;7.9;0.0;0.0;0.0;0.0;0.0;0.0;0.0;0.0;0
2256;7.6;0.0;0.0;0.0;0.0;0.0;0.0;0.0;0.0;0
2257;6.5;0.0;0.0;0.0;0.0;0.0;0.0;0.0;0.0;0
2258;6.8;0.0;0.0;0.0;0.0;0.0;0.0;0.0;0.0;0
2259;6.4;0.0;0.0;0.0;0.0;0.0;0.0;0.0;0.0;0
2260;5.7;0.0;0.0;0.0;0.0;0.0;0.0;0.0;0.0;0
2261;5.6;0.0;0.0;0.0;0.0;0.0;0.0;0.0;0.0;0
2262;5.4;0.0;0.0;0.0;0.0;0.0;0.0;0.0;0.0;0
2263;5.5;9.7;12.16;13.78;13.02;10.31;9.7;9.7;9.7;17
2264;6.2;43.8;49.67;57.29;57.02;49.0;43.8;43.8;43.8;78
2265;8.1;102.4;126.18;215.52;238.6;181.89;102.4;102.4;102.4;239
2266;8.7;111.4;111.4;384.99;545.56;451.8;158.64;111.4;111.4;464
2267;9.6;155.5;155.5;266.82;447.37;456.94;289.93;155.5;155.5;500
2268;10.1;159.1;159.1;159.1;462.83;588.64;462.83;159.1;159.1;606
2269;11.1;173.1;173.1;173.1;353.12;576.76;563.94;322.17;173.1;611
2270;11.1;180.6;180.6;180.6;224.73;498.58;586.16;436.17;180.6;561
2271;9.6;175.8;175.8;175.8;175.8;245.6;295.39;275.13;196.68;353
2272;9.3;101.3;101.3;101.3;101.3;110.83;125.53;126.04;112.05;178
2273;8.3;62.3;62.3;62.3;62.3;65.34;78.88;82.72;74.59;108
2274;7.9;19.8;19.8;19.8;19.8;19.8;19.8;19.8;19.8;33
2275;7.6;4.8;4.8;4.8;4.8;4.8;4.8;4.8;4.8;8
2276;7.4;0.0;0.0;0.0;0.0;0.0;0.0;0.0;0.0;0
2277;7.1;0.0;0.0;0.0;0.0;0.0;0.0;0.0;0.0;0
2278;6.3;0.0;0.0;0.0;0.0;0.0;0.0;0.0;0.0;0
2279;5.6;0.0;0.0;0.0;0.0;0.0;0.0;0.0;0.0;0
2280;5.6;0.0;0.0;0.0;0.0;0.0;0.0;0.0;0.0;0
2281;5.5;0.0;0.0;0.0;0.0;0.0;0.0;0.0;0.0;0
2282;5.2;0.0;0.0;0.0;0.0;0.0;0.0;0.0;0.0;0
2283;4.9;0.0;0.0;0.0;0.0;0.0;0.0;0.0;0.0;0
2284;4.8;0.0;0.0;0.0;0.0;0.0;0.0;0.0;0.0;0
2285;4.4;0.0;0.0;0.0;0.0;0.0;0.0;0.0;0.0;0
2286;4.1;0.0;0.0;0.0;0.0;0.0;0.0;0.0;0.0;0
2287;4.3;3.1;5.52;7.09;6.33;3.68;3.1;3.1;3.1;6
2288;4.5;16.3;17.27;18.52;18.46;17.14;16.3;16.3;16.3;28
2289;5.0;37.4;37.99;40.13;40.68;39.3;37.4;37.4;37.4;64
2290;6.3;125.5;125.5;140.93;149.89;144.56;128.07;125.5;125.5;225
2291;6.5;153.5;153.5;162.29;176.44;177.15;164.01;153.5;153.5;275
2292;7.1;190.0;190.0;190.0;263.25;293.6;263.25;190.0;190.0;400
2293;7.8;198.8;198.8;198.8;254.55;324.27;320.48;245.42;198.8;433
2294;8.0;190.9;190.9;190.9;222.7;426.67;492.53;381.7;190.9;514
2295;8.2;179.3;179.3;179.3;179.3;269.65;334.89;308.98;207.11;378
2296;8.5;154.3;154.3;154.3;154.3;251.32;403.25;409.35;266.04;353
2297;7.7;89.8;89.8;89.8;89.8;268.34;1090.97;1327.13;838.48;408
2298;6.3;190.84;67.4;67.4;67.4;67.4;1331.76;1360.0;1360.0;244
2299;5.0;32.8;32.8;32.8;32.8;32.8;32.8;32.8;32.8;83
2300;3.9;1.8;1.8;1.8;1.8;1.8;1.8;1.8;1.8;3
2301;3.1;0.0;0.0;0.0;0.0;0.0;0.0;0.0;0.0;0
2302;2.4;0.0;0.0;0.0;0.0;0.0;0.0;0.0;0.0;0
2303;1.7;0.0;0.0;0.0;0.0;0.0;0.0;0.0;0.0;0
2304;1.1;0.0;0.0;0.0;0.0;0.0;0.0;0.0;0.0;0
2305;0.3;0.0;0.0;0.0;0.0;0.0;0.0;0.0;0.0;0
2306;0.5;0.0;0.0;0.0;0.0;0.0;0.0;0.0;0.0;0
2307;-0.3;0.0;0.0;0.0;0.0;0.0;0.0;0.0;0.0;0
2308;-1.1;0.0;0.0;0.0;0.0;0.0;0.0;0.0;0.0;0
2309;-0.8;0.0;0.0;0.0;0.0;0.0;0.0;0.0;0.0;0
2310;-0.5;0.0;0.0;0.0;0.0;0.0;0.0;0.0;0.0;0
2311;-0.2;17.4;45.89;64.25;55.16;23.95;17.4;17.4;17.4;39
2312;1.4;59.5;147.4;258.56;253.11;134.25;59.5;59.5;59.5;175
2313;3.0;84.0;158.46;424.44;491.0;319.14;84.0;84.0;84.0;350
2314;4.0;111.1;111.1;396.81;561.07;461.74;157.01;111.1;111.1;481
2315;4.8;118.0;118.0;312.85;624.33;639.22;348.78;118.0;118.0;625
2316;5.2;136.2;136.2;136.2;565.45;743.25;565.45;136.2;136.2;722
2317;6.2;141.8;141.8;141.8;420.17;770.51;752.55;376.83;141.8;753
2318;6.4;138.6;138.6;138.6;216.97;737.16;906.72;626.32;138.6;736
2319;5.8;135.9;135.9;135.9;135.9;575.39;896.6;772.2;275.07;619
2320;6.1;140.4;140.4;140.4;140.4;367.1;727.61;744.14;407.0;464
2321;6.3;119.9;119.9;119.9;119.9;181.62;475.48;561.05;388.2;294
2322;5.9;132.53;79.4;79.4;79.4;79.4;587.77;851.47;662.9;189
2323;5.1;34.1;34.1;34.1;34.1;34.1;34.1;34.1;34.1;86
2324;4.0;1.8;1.8;1.8;1.8;1.8;1.8;1.8;1.8;3
2325;2.7;0.0;0.0;0.0;0.0;0.0;0.0;0.0;0.0;0
2326;1.7;0.0;0.0;0.0;0.0;0.0;0.0;0.0;0.0;0
2327;0.8;0.0;0.0;0.0;0.0;0.0;0.0;0.0;0.0;0
2328;-0.1;0.0;0.0;0.0;0.0;0.0;0.0;0.0;0.0;0
2329;-1.1;0.0;0.0;0.0;0.0;0.0;0.0;0.0;0.0;0
2330;-1.2;0.0;0.0;0.0;0.0;0.0;0.0;0.0;0.0;0
2331;-1.2;0.0;0.0;0.0;0.0;0.0;0.0;0.0;0.0;0
2332;-1.8;0.0;0.0;0.0;0.0;0.0;0.0;0.0;0.0;0
2333;-3.3;0.0;0.0;0.0;0.0;0.0;0.0;0.0;0.0;0
2334;-2.5;0.0;0.0;0.0;0.0;0.0;0.0;0.0;0.0;0
2335;-1.4;19.2;47.22;65.05;56.01;25.41;19.2;19.2;19.2;42
2336;1.2;61.1;152.34;266.11;259.79;137.08;61.1;61.1;61.1;181
2337;3.5;87.0;160.33;415.94;478.86;312.24;87.0;87.0;87.0;350
2338;4.5;104.8;104.8;419.17;598.02;487.96;153.44;104.8;104.8;503
2339;5.2;121.9;121.9;307.32;601.6;614.88;339.38;121.9;121.9;614
2340;5.1;165.8;165.8;165.8;449.55;567.08;449.55;165.8;165.8;608
2341;5.1;192.9;192.9;192.9;215.4;243.9;242.52;212.08;192.9;364
2342;5.2;166.7;166.7;166.7;169.54;189.07;195.49;185.05;166.7;297
2343;5.5;167.0;167.0;167.0;167.0;190.81;208.42;201.77;174.75;300
2344;5.6;155.5;155.5;155.5;155.5;218.69;320.73;325.98;231.37;325
2345;6.7;111.3;111.3;111.3;111.3;218.49;746.32;902.17;594.73;358
2346;5.6;139.58;80.2;80.2;80.2;80.2;613.13;893.25;697.1;197
2347;5.0;25.4;25.4;25.4;25.4;25.4;25.4;25.4;25.4;44
2348;4.7;0.0;0.0;0.0;0.0;0.0;0.0;0.0;0.0;0
2349;4.2;0.0;0.0;0.0;0.0;0.0;0.0;0.0;0.0;0
2350;3.4;0.0;0.0;0.0;0.0;0.0;0.0;0.0;0.0;0
2351;2.3;0.0;0.0;0.0;0.0;0.0;0.0;0.0;0.0;0
2352;1.1;0.0;0.0;0.0;0.0;0.0;0.0;0.0;0.0;0
2353;-0.5;0.0;0.0;0.0;0.0;0.0;0.0;0.0;0.0;0
2354;-2.4;0.0;0.0;0.0;0.0;0.0;0.0;0.0;0.0;0
2355;-3.4;0.0;0.0;0.0;0.0;0.0;0.0;0.0;0.0;0
2356;-2.7;0.0;0.0;0.0;0.0;0.0;0.0;0.0;0.0;0
2357;-3.3;0.0;0.0;0.0;0.0;0.0;0.0;0.0;0.0;0
2358;-4.2;0.0;0.0;0.0;0.0;0.0;0.0;0.0;0.0;0
2359;-2.0;18.8;23.4;26.28;24.78;19.78;18.8;18.8;18.8;33
2360;0.5;65.2;132.05;214.26;209.16;119.72;65.2;65.2;65.2;167
2361;2.9;105.9;146.49;284.6;318.03;227.2;105.9;105.9;105.9;289
2362;4.0;141.7;141.7;289.63;372.92;320.76;163.71;141.7;141.7;392
2363;5.5;123.7;123.7;307.68;597.57;609.87;337.38;123.7;123.7;617
2364;5.6;134.2;134.2;134.2;529.51;693.26;529.51;134.2;134.2;692
2365;5.8;179.4;179.4;179.4;345.83;558.08;548.5;322.7;179.4;619
2366;6.1;190.1;190.1;190.1;195.63;235.1;248.21;227.28;190.1;356
2367;6.6;180.1;180.1;180.1;180.1;245.69;294.81;276.73;202.05;361
2368;5.1;104.3;104.3;104.3;104.3;112.87;126.92;127.72;114.8;183
2369;5.1;77.6;77.6;77.6;77.6;81.53;101.54;107.53;95.99;136
2370;5.5;82.89;74.3;74.3;74.3;74.3;146.9;185.57;159.06;133
2371;4.4;36.4;36.4;36.4;36.4;36.4;36.4;36.4;36.4;94
2372;3.3;3.6;3.6;3.6;3.6;3.6;3.6;3.6;3.6;6
2373;3.3;0.0;0.0;0.0;0.0;0.0;0.0;0.0;0.0;0
2374;2.5;0.0;0.0;0.0;0.0;0.0;0.0;0.0;0.0;0
2375;2.4;0.0;0.0;0.0;0.0;0.0;0.0;0.0;0.0;0
2376;0.9;0.0;0.0;0.0;0.0;0.0;0.0;0.0;0.0;0
2377;0.8;0.0;0.0;0.0;0.0;0.0;0.0;0.0;0.0;0
2378;0.7;0.0;0.0;0.0;0.0;0.0;0.0;0.0;0.0;0
2379;0.9;0.0;0.0;0.0;0.0;0.0;0.0;0.0;0.0;0
2380;0.8;0.0;0.0;0.0;0.0;0.0;0.0;0.0;0.0;0
2381;0.8;0.0;0.0;0.0;0.0;0.0;0.0;0.0;0.0;0
2382;0.2;0.0;0.0;0.0;0.0;0.0;0.0;0.0;0.0;0
2383;0.1;22.2;49.35;66.18;57.24;27.78;22.2;22.2;22.2;47
2384;0.9;64.6;153.88;262.17;254.72;135.91;64.6;64.6;64.6;186
2385;2.1;94.2;163.32;393.0;447.65;295.25;94.2;94.2;94.2;347
2386;3.1;134.6;134.6;333.85;444.84;374.1;163.06;134.6;134.6;436
2387;3.7;176.9;176.9;220.97;289.9;292.64;227.58;176.9;176.9;394
2388;4.1;192.3;192.3;192.3;244.35;265.92;244.35;192.3;192.3;383
2389;5.4;204.3;204.3;204.3;264.35;341.43;338.19;256.52;204.3;458
2390;5.9;196.2;196.2;196.2;204.94;269.75;291.47;257.39;196.2;392
2391;6.8;165.7;165.7;165.7;165.7;187.75;204.46;198.46;173.28;297
2392;6.1;157.8;157.8;157.8;157.8;221.52;327.7;334.35;237.58;333
2393;6.2;71.5;71.5;71.5;71.5;74.75;91.94;97.15;87.34;125
2394;4.5;66.77;61.3;61.3;61.3;61.3;104.93;128.47;112.66;108
2395;4.0;25.4;25.4;25.4;25.4;25.4;25.4;25.4;25.4;44
2396;3.4;1.8;1.8;1.8;1.8;1.8;1.8;1.8;1.8;3
2397;2.7;0.0;0.0;0.0;0.0;0.0;0.0;0.0;0.0;0
2398;2.3;0.0;0.0;0.0;0.0;0.0;0.0;0.0;0.0;0
2399;0.8;0.0;0.0;0.0;0.0;0.0;0.0;0.0;0.0;0
2400;0.6;0.0;0.0;0.0;0.0;0.0;0.0;0.0;0.0;0
2401;0.2;0.0;0.0;0.0;0.0;0.0;0.0;0.0;0.0;0
2402;1.4;0.0;0.0;0.0;0.0;0.0;0.0;0.0;0.0;0
2403;2.8;0.0;0.0;0.0;0.0;0.0;0.0;0.0;0.0;0
2404;2.6;0.0;0.0;0.0;0.0;0.0;0.0;0.0;0.0;0
2405;3.3;0.0;0.0;0.0;0.0;0.0;0.0;0.0;0.0;0
2406;3.1;0.0;0.0;0.0;0.0;0.0;0.0;0.0;0.0;0
2407;3.5;3.1;5.33;6.69;5.95;3.54;3.1;3.1;3.1;6
2408;4.3;32.1;34.93;38.32;38.07;34.32;32.1;32.1;32.1;56
2409;5.5;105.4;112.12;133.95;139.05;124.44;105.4;105.4;105.4;194
2410;5.6;142.2;142.2;170.21;185.64;175.63;146.04;142.2;142.2;267
2411;7.2;177.8;177.8;216.02;275.37;277.57;221.32;177.8;177.8;383
2412;9.2;170.2;170.2;170.2;444.15;557.63;444.15;170.2;170.2;617
2413;9.3;155.7;155.7;155.7;375.38;659.33;648.25;348.65;155.7;697
2414;8.3;189.2;189.2;189.2;222.02;475.21;560.86;428.8;189.2;572
2415;9.1;88.3;88.3;88.3;88.3;94.36;99.01;97.38;90.44;153
2416;8.9;158.9;158.9;158.9;158.9;273.43;467.3;480.51;305.32;394
2417;9.4;119.2;119.2;119.2;119.2;197.55;626.73;758.6;515.92;347
2418;9.6;179.69;78.9;78.9;78.9;78.9;840.25;1256.4;982.78;239
2419;7.6;39.4;39.4;39.4;39.4;39.4;39.4;39.4;39.4;89
2420;4.0;3.6;3.6;3.6;3.6;3.6;3.6;3.6;3.6;6
2421;2.6;0.0;0.0;0.0;0.0;0.0;0.0;0.0;0.0;0
2422;1.0;0.0;0.0;0.0;0.0;0.0;0.0;0.0;0.0;0
2423;0.0;0.0;0.0;0.0;0.0;0.0;0.0;0.0;0.0;0
2424;-1.1;0.0;0.0;0.0;0.0;0.0;0.0;0.0;0.0;0
2425;-1.8;0.0;0.0;0.0;0.0;0.0;0.0;0.0;0.0;0
2426;-2.1;0.0;0.0;0.0;0.0;0.0;0.0;0.0;0.0;0
2427;-2.7;0.0;0.0;0.0;0.0;0.0;0.0;0.0;0.0;0
2428;-3.0;0.0;0.0;0.0;0.0;0.0;0.0;0.0;0.0;0
2429;-2.9;0.0;0.0;0.0;0.0;0.0;0.0;0.0;0.0;0
2430;-3.0;0.0;0.0;0.0;0.0;0.0;0.0;0.0;0.0;0
2431;-0.2;23.2;31.99;37.29;34.34;24.87;23.2;23.2;23.2;42
2432;3.8;70.4;128.66;197.43;191.78;115.03;70.4;70.4;70.4;169
2433;6.3;105.3;161.66;340.48;381.54;260.78;105.3;105.3;105.3;328
2434;9.2;124.8;124.8;379.41;518.25;426.61;158.18;124.8;124.8;483
2435;11.1;136.8;136.8;303.13;559.52;568.29;324.29;136.8;136.8;608
2436;12.1;140.2;140.2;140.2;515.99;671.64;515.99;140.2;140.2;697
2437;12.5;143.1;143.1;143.1;386.1;702.33;690.97;358.68;143.1;731
2438;13.0;143.1;143.1;143.1;200.45;661.67;819.12;580.57;143.1;711
2439;13.4;141.6;141.6;141.6;141.6;549.41;866.17;758.48;289.43;636
2440;13.4;134.9;134.9;134.9;134.9;384.67;814.22;845.83;460.99;514
2441;13.6;116.7;116.7;116.7;116.7;202.91;693.26;845.86;571.33;367
2442;13.2;150.23;84.6;84.6;84.6;84.6;555.27;815.86;648.09;211
2443;11.2;37.9;37.9;37.9;37.9;37.9;37.9;37.9;37.9;69
2444;8.0;1.8;1.8;1.8;1.8;1.8;1.8;1.8;1.8;3
2445;4.8;0.0;0.0;0.0;0.0;0.0;0.0;0.0;0.0;0
2446;4.9;0.0;0.0;0.0;0.0;0.0;0.0;0.0;0.0;0
2447;5.0;0.0;0.0;0.0;0.0;0.0;0.0;0.0;0.0;0
2448;3.9;0.0;0.0;0.0;0.0;0.0;0.0;0.0;0.0;0
2449;3.9;0.0;0.0;0.0;0.0;0.0;0.0;0.0;0.0;0
2450;1.2;0.0;0.0;0.0;0.0;0.0;0.0;0.0;0.0;0
2451;0.3;0.0;0.0;0.0;0.0;0.0;0.0;0.0;0.0;0
2452;-0.3;0.0;0.0;0.0;0.0;0.0;0.0;0.0;0.0;0
2453;1.7;0.0;0.0;0.0;0.0;0.0;0.0;0.0;0.0;0
2454;-0.6;0.0;0.0;0.0;0.0;0.0;0.0;0.0;0.0;0
2455;2.4;25.7;36.53;42.98;39.31;27.67;25.7;25.7;25.7;47
2456;7.2;72.1;112.3;159.11;154.95;102.25;72.1;72.1;72.1;156
2457;11.4;108.9;160.1;318.93;354.73;246.52;108.9;108.9;108.9;319
2458;13.7;131.7;131.7;363.59;488.68;404.66;160.74;131.7;131.7;472
2459;15.8;144.2;144.2;299.16;536.28;543.72;317.13;144.2;144.2;597
2460;16.8;149.8;149.8;149.8;496.66;640.34;496.66;149.8;149.8;683
2461;16.8;144.8;144.8;144.8;383.18;695.54;685.28;358.42;144.8;733
2462;17.6;144.4;144.4;144.4;198.84;656.08;813.58;579.09;144.4;714
2463;17.6;138.7;138.7;138.7;138.7;554.9;882.15;773.89;293.55;647
2464;17.6;131.1;131.1;131.1;131.1;394.07;853.6;889.9;481.71;531
2465;17.8;109.0;109.0;109.0;109.0;212.18;822.19;1014.43;676.28;400
2466;16.6;131.51;86.2;86.2;86.2;86.2;395.47;568.89;459.55;192
2467;15.6;41.1;41.1;41.1;41.1;41.1;41.1;41.1;41.1;81
2468;14.0;3.6;3.6;3.6;3.6;3.6;3.6;3.6;3.6;6
2469;13.4;0.0;0.0;0.0;0.0;0.0;0.0;0.0;0.0;0
2470;12.6;0.0;0.0;0.0;0.0;0.0;0.0;0.0;0.0;0
2471;11.3;0.0;0.0;0.0;0.0;0.0;0.0;0.0;0.0;0
2472;11.1;0.0;0.0;0.0;0.0;0.0;0.0;0.0;0.0;0
2473;10.8;0.0;0.0;0.0;0.0;0.0;0.0;0.0;0.0;0
2474;10.3;0.0;0.0;0.0;0.0;0.0;0.0;0.0;0.0;0
2475;9.7;0.0;0.0;0.0;0.0;0.0;0.0;0.0;0.0;0
2476;8.9;0.0;0.0;0.0;0.0;0.0;0.0;0.0;0.0;0
2477;8.4;0.0;0.0;0.0;0.0;0.0;0.0;0.0;0.0;0
2478;7.9;0.0;0.0;0.0;0.0;0.0;0.0;0.0;0.0;0
2479;8.6;24.9;31.31;35.08;32.88;26.02;24.9;24.9;24.9;44
2480;10.8;69.8;82.82;97.78;96.35;79.37;69.8;69.8;69.8;128
2481;14.0;116.1;148.92;248.5;270.52;202.09;116.1;116.1;116.1;281
2482;16.3;130.3;130.3;372.48;501.71;413.38;159.22;130.3;130.3;483
2483;18.1;132.6;132.6;309.43;578.03;585.69;327.95;132.6;132.6;631
2484;18.5;142.1;142.1;142.1;512.77;666.3;512.77;142.1;142.1;706
2485;19.2;152.2;152.2;152.2;375.34;669.76;661.0;354.19;152.2;722
2486;20.0;139.1;139.1;139.1;193.41;670.65;836.52;593.85;139.1;731
2487;20.5;133.9;133.9;133.9;133.9;567.1;911.9;800.95;299.26;664
2488;20.7;110.6;110.6;110.6;110.6;439.91;1024.73;1074.06;559.01;586
2489;20.1;124.7;124.7;124.7;124.7;184.61;553.21;670.8;468.49;342
2490;19.2;125.38;87.1;87.1;87.1;87.1;336.27;477.77;390.41;186
2491;18.4;42.6;42.6;42.6;42.6;42.6;42.6;42.6;42.6;86
2492;16.8;3.6;3.6;3.6;3.6;3.6;3.6;3.6;3.6;6
2493;15.4;0.0;0.0;0.0;0.0;0.0;0.0;0.0;0.0;0
2494;14.2;0.0;0.0;0.0;0.0;0.0;0.0;0.0;0.0;0
2495;13.5;0.0;0.0;0.0;0.0;0.0;0.0;0.0;0.0;0
2496;13.2;0.0;0.0;0.0;0.0;0.0;0.0;0.0;0.0;0
2497;13.5;0.0;0.0;0.0;0.0;0.0;0.0;0.0;0.0;0
2498;12.2;0.0;0.0;0.0;0.0;0.0;0.0;0.0;0.0;0
2499;11.4;0.0;0.0;0.0;0.0;0.0;0.0;0.0;0.0;0
2500;10.3;0.0;0.0;0.0;0.0;0.0;0.0;0.0;0.0;0
2501;8.5;0.0;0.0;0.0;0.0;0.0;0.0;0.0;0.0;0
2502;8.1;1.8;1.8;1.8;1.8;1.8;1.8;1.8;1.8;3
2503;10.8;30.7;70.73;93.98;80.17;37.37;30.7;30.7;30.7;67
2504;13.4;71.6;173.44;288.85;277.0;144.83;71.6;71.6;71.6;211
2505;16.2;99.7;177.46;408.28;458.34;298.31;99.7;99.7;99.7;372
2506;18.6;119.4;119.4;408.62;561.29;455.1;152.27;119.4;119.4;519
2507;20.2;128.9;128.9;312.66;589.73;596.84;329.85;128.9;128.9;644
2508;21.4;138.3;138.3;138.3;530.18;692.5;530.18;138.3;138.3;733
2509;22.2;143.9;143.9;143.9;389.33;715.43;706.73;368.34;143.9;764
2510;22.9;139.4;139.4;139.4;191.44;670.93;839.06;597.34;139.4;739
2511;23.6;136.4;136.4;136.4;136.4;557.75;897.23;791.03;301.36;664
2512;23.7;131.2;131.2;131.2;131.2;389.5;855.7;897.5;490.41;542
2513;23.8;114.9;114.9;114.9;114.9;200.25;747.55;924.25;626.84;394
2514;23.7;178.95;85.2;85.2;85.2;85.2;668.3;1003.58;800.89;242
2515;22.5;44.0;44.0;44.0;44.0;44.0;44.0;44.0;44.0;100
2516;20.5;6.6;6.6;6.6;6.6;6.6;6.6;6.6;6.6;11
2517;18.9;0.0;0.0;0.0;0.0;0.0;0.0;0.0;0.0;0
2518;18.3;0.0;0.0;0.0;0.0;0.0;0.0;0.0;0.0;0
2519;17.2;0.0;0.0;0.0;0.0;0.0;0.0;0.0;0.0;0
2520;15.3;0.0;0.0;0.0;0.0;0.0;0.0;0.0;0.0;0
2521;13.8;0.0;0.0;0.0;0.0;0.0;0.0;0.0;0.0;0
2522;11.9;0.0;0.0;0.0;0.0;0.0;0.0;0.0;0.0;0
2523;10.7;0.0;0.0;0.0;0.0;0.0;0.0;0.0;0.0;0
2524;10.0;0.0;0.0;0.0;0.0;0.0;0.0;0.0;0.0;0
2525;9.5;0.0;0.0;0.0;0.0;0.0;0.0;0.0;0.0;0
2526;8.8;0.0;0.0;0.0;0.0;0.0;0.0;0.0;0.0;0
2527;11.8;30.1;44.66;53.0;47.93;32.42;30.1;30.1;30.1;56
2528;15.0;76.2;148.07;228.44;219.63;126.8;76.2;76.2;76.2;192
2529;18.0;101.5;179.79;407.26;455.62;296.54;101.5;101.5;101.5;375
2530;20.3;125.6;125.6;396.13;537.37;437.4;154.78;125.6;125.6;511
2531;21.7;136.1;136.1;310.05;570.38;576.32;324.38;136.1;136.1;636
2532;22.4;143.9;143.9;143.9;508.94;660.14;508.94;143.9;143.9;714
2533;23.2;142.8;142.8;142.8;382.08;702.26;694.72;363.87;142.8;758
2534;23.8;146.5;146.5;146.5;193.02;643.49;802.83;577.71;146.5;725
2535;24.5;138.4;138.4;138.4;138.4;549.01;883.92;782.11;303.23;664
2536;24.4;128.8;128.8;128.8;128.8;392.19;875.38;921.23;502.89;553
2537;23.8;109.7;109.7;109.7;109.7;202.78;825.63;1029.1;693.99;417
2538;22.7;175.19;86.9;86.9;86.9;86.9;612.54;918.55;737.39;239
2539;21.0;42.8;42.8;42.8;42.8;42.8;42.8;42.8;42.8;78
2540;19.2;3.6;3.6;3.6;3.6;3.6;3.6;3.6;3.6;6
2541;17.9;0.0;0.0;0.0;0.0;0.0;0.0;0.0;0.0;0
2542;16.5;0.0;0.0;0.0;0.0;0.0;0.0;0.0;0.0;0
2543;15.3;0.0;0.0;0.0;0.0;0.0;0.0;0.0;0.0;0
2544;14.4;0.0;0.0;0.0;0.0;0.0;0.0;0.0;0.0;0
2545;13.0;0.0;0.0;0.0;0.0;0.0;0.0;0.0;0.0;0
2546;11.8;0.0;0.0;0.0;0.0;0.0;0.0;0.0;0.0;0
2547;10.4;0.0;0.0;0.0;0.0;0.0;0.0;0.0;0.0;0
2548;10.4;0.0;0.0;0.0;0.0;0.0;0.0;0.0;0.0;0
2549;10.5;0.0;0.0;0.0;0.0;0.0;0.0;0.0;0.0;0
2550;10.3;1.8;1.8;1.8;1.8;1.8;1.8;1.8;1.8;3
2551;11.2;33.2;61.94;78.22;68.12;37.57;33.2;33.2;33.2;67
2552;13.0;75.6;169.15;272.39;260.35;140.09;75.6;75.6;75.6;211
2553;15.2;104.0;181.22;400.88;446.63;291.67;104.0;104.0;104.0;375
2554;17.8;123.7;123.7;404.76;549.89;445.36;152.41;123.7;123.7;522
2555;19.3;134.9;134.9;311.85;574.71;579.94;324.47;134.9;134.9;644
2556;20.9;138.6;138.6;138.6;518.62;676.03;518.62;138.6;138.6;731
2557;21.4;142.8;142.8;142.8;377.97;694.89;688.41;362.31;142.8;758
2558;21.8;140.4;140.4;140.4;186.76;659.81;828.6;594.25;140.4;744
2559;22.1;134.3;134.3;134.3;134.3;556.96;905.93;802.89;308.2;678
2560;22.2;130.8;130.8;130.8;130.8;384.96;858.93;906.37;499.49;553
2561;21.7;110.4;110.4;110.4;110.4;198.41;813.8;1017.16;689.35;419
2562;20.9;185.44;87.0;87.0;87.0;87.0;649.02;980.26;788.24;250
2563;19.8;46.5;46.5;46.5;46.5;46.5;46.5;46.5;46.5;100
2564;17.9;4.8;4.8;4.8;4.8;4.8;4.8;4.8;4.8;8
2565;16.3;0.0;0.0;0.0;0.0;0.0;0.0;0.0;0.0;0
2566;15.8;0.0;0.0;0.0;0.0;0.0;0.0;0.0;0.0;0
2567;14.3;0.0;0.0;0.0;0.0;0.0;0.0;0.0;0.0;0
2568;12.9;0.0;0.0;0.0;0.0;0.0;0.0;0.0;0.0;0
2569;12.0;0.0;0.0;0.0;0.0;0.0;0.0;0.0;0.0;0
2570;11.9;0.0;0.0;0.0;0.0;0.0;0.0;0.0;0.0;0
2571;10.6;0.0;0.0;0.0;0.0;0.0;0.0;0.0;0.0;0
2572;9.5;0.0;0.0;0.0;0.0;0.0;0.0;0.0;0.0;0
2573;8.9;0.0;0.0;0.0;0.0;0.0;0.0;0.0;0.0;0
2574;8.1;1.8;1.8;1.8;1.8;1.8;1.8;1.8;1.8;3
2575;8.8;33.9;52.15;62.35;55.89;36.54;33.9;33.9;33.9;64
2576;10.8;77.8;163.62;257.09;245.54;135.72;77.8;77.8;77.8;208
2577;13.8;105.1;184.43;405.43;450.51;293.25;105.1;105.1;105.1;381
2578;15.9;146.8;146.8;335.21;431.42;360.91;164.97;146.8;146.8;458
2579;16.4;146.0;146.0;306.0;541.92;545.92;315.65;146.0;146.0;625
2580;17.5;139.7;139.7;139.7;521.79;680.06;521.79;139.7;139.7;742
2581;17.7;144.9;144.9;144.9;379.37;697.63;692.1;366.03;144.9;769
2582;17.6;141.8;141.8;141.8;185.82;660.34;831.12;598.1;141.8;753
2583;17.3;135.6;135.6;135.6;135.6;551.5;899.13;799.49;310.95;681
2584;17.0;123.5;123.5;123.5;123.5;396.48;914.01;968.48;527.96;575
2585;16.2;105.4;105.4;105.4;105.4;198.19;877.39;1104.36;746.16;439
2586;15.2;217.82;81.1;81.1;81.1;81.1;830.79;1278.05;1024.15;281
2587;13.7;47.3;47.3;47.3;47.3;47.3;47.3;47.3;47.3;103
2588;11.5;6.6;6.6;6.6;6.6;6.6;6.6;6.6;6.6;11
2589;9.9;0.0;0.0;0.0;0.0;0.0;0.0;0.0;0.0;0
2590;8.9;0.0;0.0;0.0;0.0;0.0;0.0;0.0;0.0;0
2591;8.0;0.0;0.0;0.0;0.0;0.0;0.0;0.0;0.0;0
2592;7.0;0.0;0.0;0.0;0.0;0.0;0.0;0.0;0.0;0
2593;5.9;0.0;0.0;0.0;0.0;0.0;0.0;0.0;0.0;0
2594;5.0;0.0;0.0;0.0;0.0;0.0;0.0;0.0;0.0;0
2595;4.7;0.0;0.0;0.0;0.0;0.0;0.0;0.0;0.0;0
2596;4.4;0.0;0.0;0.0;0.0;0.0;0.0;0.0;0.0;0
2597;4.2;0.0;0.0;0.0;0.0;0.0;0.0;0.0;0.0;0
2598;5.0;0.0;0.0;0.0;0.0;0.0;0.0;0.0;0.0;0
2599;5.7;32.3;42.32;47.85;44.27;33.68;32.3;32.3;32.3;58
2600;6.2;81.1;136.55;196.15;188.36;117.74;81.1;81.1;81.1;186
2601;6.7;123.2;149.05;219.62;233.71;183.06;123.2;123.2;123.2;272
2602;7.2;138.2;138.2;152.81;160.19;154.69;139.53;138.2;138.2;247
2603;8.2;187.5;187.5;223.93;277.25;277.99;225.73;187.5;187.5;400
2604;7.8;191.4;191.4;191.4;209.92;217.6;209.92;191.4;191.4;344
2605;8.0;132.1;132.1;132.1;136.83;143.3;143.21;136.61;132.1;231
2606;9.1;143.8;143.8;143.8;144.86;156.99;161.39;155.49;143.8;253
2607;11.0;191.9;191.9;191.9;191.9;343.8;472.32;436.58;257.5;489
2608;11.6;167.3;167.3;167.3;167.3;260.4;439.85;459.65;308.19;408
2609;11.5;128.4;128.4;128.4;128.4;138.33;214.57;240.33;200.52;244
2610;11.8;49.73;46.6;46.6;46.6;46.6;63.08;73.03;67.5;81
2611;11.8;27.2;27.2;27.2;27.2;27.2;27.2;27.2;27.2;47
2612;10.1;0.0;0.0;0.0;0.0;0.0;0.0;0.0;0.0;0
2613;9.5;0.0;0.0;0.0;0.0;0.0;0.0;0.0;0.0;0
2614;9.4;0.0;0.0;0.0;0.0;0.0;0.0;0.0;0.0;0
2615;8.7;0.0;0.0;0.0;0.0;0.0;0.0;0.0;0.0;0
2616;8.0;0.0;0.0;0.0;0.0;0.0;0.0;0.0;0.0;0
2617;6.9;0.0;0.0;0.0;0.0;0.0;0.0;0.0;0.0;0
2618;5.9;0.0;0.0;0.0;0.0;0.0;0.0;0.0;0.0;0
2619;5.0;0.0;0.0;0.0;0.0;0.0;0.0;0.0;0.0;0
2620;4.7;0.0;0.0;0.0;0.0;0.0;0.0;0.0;0.0;0
2621;5.0;0.0;0.0;0.0;0.0;0.0;0.0;0.0;0.0;0
2622;4.8;1.8;1.8;1.8;1.8;1.8;1.8;1.8;1.8;3
2623;5.4;35.4;47.28;53.75;49.48;36.95;35.4;35.4;35.4;64
2624;7.7;82.1;157.22;236.93;225.95;130.7;82.1;82.1;82.1;206
2625;9.0;121.3;170.4;301.74;327.38;232.3;121.3;121.3;121.3;328
2626;10.4;128.6;128.6;404.13;541.73;437.32;152.07;128.6;128.6;531
2627;11.6;151.0;151.0;305.38;529.65;532.12;311.33;151.0;151.0;625
2628;13.3;153.9;153.9;153.9;488.68;627.34;488.68;153.9;153.9;714
2629;14.2;147.1;147.1;147.1;377.22;694.11;690.57;368.67;147.1;781
2630;15.2;143.6;143.6;143.6;182.27;652.18;824.17;597.5;143.6;761
2631;16.4;137.6;137.6;137.6;137.6;540.45;885.5;792.43;315.78;686
2632;17.0;136.1;136.1;136.1;136.1;367.37;820.67;872.96;493.61;556
2633;16.2;134.7;134.7;134.7;134.7;157.23;338.82;400.84;306.96;297
2634;16.1;72.45;66.2;66.2;66.2;66.2;97.95;117.35;106.79;117
2635;15.0;25.4;25.4;25.4;25.4;25.4;25.4;25.4;25.4;44
2636;14.3;3.1;3.1;3.1;3.1;3.1;3.1;3.1;3.1;6
2637;13.4;0.0;0.0;0.0;0.0;0.0;0.0;0.0;0.0;0
2638;12.8;0.0;0.0;0.0;0.0;0.0;0.0;0.0;0.0;0
2639;12.6;0.0;0.0;0.0;0.0;0.0;0.0;0.0;0.0;0
2640;12.1;0.0;0.0;0.0;0.0;0.0;0.0;0.0;0.0;0
2641;10.4;0.0;0.0;0.0;0.0;0.0;0.0;0.0;0.0;0
2642;8.7;0.0;0.0;0.0;0.0;0.0;0.0;0.0;0.0;0
2643;6.5;0.0;0.0;0.0;0.0;0.0;0.0;0.0;0.0;0
2644;6.0;0.0;0.0;0.0;0.0;0.0;0.0;0.0;0.0;0
2645;6.2;0.0;0.0;0.0;0.0;0.0;0.0;0.0;0.0;0
2646;7.4;3.6;3.6;3.6;3.6;3.6;3.6;3.6;3.6;6
2647;10.4;38.8;70.12;86.98;75.61;42.68;38.8;38.8;38.8;78
2648;13.0;83.9;142.48;203.85;194.95;121.0;83.9;83.9;83.9;194
2649;15.0;124.4;166.26;276.06;297.02;216.85;124.4;124.4;124.4;314
2650;17.2;148.5;148.5;345.01;442.05;367.13;164.14;148.5;148.5;475
2651;19.7;170.0;170.0;289.8;462.56;463.94;293.13;170.0;170.0;575
2652;20.6;170.1;170.1;170.1;457.37;576.36;457.37;170.1;170.1;681
2653;21.7;168.7;168.7;168.7;354.8;612.96;610.88;349.77;168.7;722
2654;22.6;166.6;166.6;166.6;196.06;578.24;719.28;536.58;166.6;706
2655;22.6;168.4;168.4;168.4;168.4;457.32;707.82;642.34;299.23;614
2656;23.1;148.5;148.5;148.5;148.5;338.57;717.43;763.02;448.63;525
2657;22.3;131.4;131.4;131.4;131.4;173.6;531.7;655.31;472.02;364
2658;21.0;139.63;95.1;95.1;95.1;95.1;313.25;448.14;376.23;206
2659;18.3;48.4;48.4;48.4;48.4;48.4;48.4;48.4;48.4;89
2660;12.7;7.9;7.9;7.9;7.9;7.9;7.9;7.9;7.9;14
2661;11.7;0.0;0.0;0.0;0.0;0.0;0.0;0.0;0.0;0
2662;12.5;0.0;0.0;0.0;0.0;0.0;0.0;0.0;0.0;0
2663;10.1;0.0;0.0;0.0;0.0;0.0;0.0;0.0;0.0;0
2664;9.8;0.0;0.0;0.0;0.0;0.0;0.0;0.0;0.0;0
2665;9.6;0.0;0.0;0.0;0.0;0.0;0.0;0.0;0.0;0
2666;9.6;0.0;0.0;0.0;0.0;0.0;0.0;0.0;0.0;0
2667;9.5;0.0;0.0;0.0;0.0;0.0;0.0;0.0;0.0;0
2668;9.2;0.0;0.0;0.0;0.0;0.0;0.0;0.0;0.0;0
2669;9.0;0.0;0.0;0.0;0.0;0.0;0.0;0.0;0.0;0
2670;8.7;0.0;0.0;0.0;0.0;0.0;0.0;0.0;0.0;0
2671;8.7;13.2;13.2;13.2;13.2;13.2;13.2;13.2;13.2;22
2672;10.9;81.0;97.16;113.87;111.32;91.02;81.0;81.0;81.0;150
2673;11.4;121.0;130.21;153.9;158.32;140.87;121.0;121.0;121.0;225
2674;13.5;163.3;163.3;254.06;298.38;263.57;170.02;163.3;163.3;378
2675;15.0;147.9;147.9;310.1;542.25;543.4;312.87;147.9;147.9;644
2676;15.8;158.9;158.9;158.9;479.52;612.32;479.52;158.9;158.9;714
2677;16.4;155.3;155.3;155.3;362.46;651.96;650.51;358.98;155.3;758
2678;17.0;156.8;156.8;156.8;186.76;603.66;758.8;561.29;156.8;733
2679;17.0;145.8;145.8;145.8;145.8;516.31;841.48;759.14;317.51;678
2680;16.9;131.3;131.3;131.3;131.3;371.15;857.37;918.27;518.17;578
2681;16.5;112.7;112.7;112.7;112.7;181.87;801.0;1016.93;703.17;442
2682;15.6;215.93;87.8;87.8;87.8;87.8;693.83;1072.98;875.03;283
2683;13.4;52.2;52.2;52.2;52.2;52.2;52.2;52.2;52.2;122
2684;10.5;9.7;9.7;9.7;9.7;9.7;9.7;9.7;9.7;17
2685;9.5;0.0;0.0;0.0;0.0;0.0;0.0;0.0;0.0;0
2686;9.5;0.0;0.0;0.0;0.0;0.0;0.0;0.0;0.0;0
2687;6.9;0.0;0.0;0.0;0.0;0.0;0.0;0.0;0.0;0
2688;5.7;0.0;0.0;0.0;0.0;0.0;0.0;0.0;0.0;0
2689;5.1;0.0;0.0;0.0;0.0;0.0;0.0;0.0;0.0;0
2690;4.9;0.0;0.0;0.0;0.0;0.0;0.0;0.0;0.0;0
2691;3.2;0.0;0.0;0.0;0.0;0.0;0.0;0.0;0.0;0
2692;4.4;0.0;0.0;0.0;0.0;0.0;0.0;0.0;0.0;0
2693;6.8;0.0;0.0;0.0;0.0;0.0;0.0;0.0;0.0;0
2694;7.6;1.8;1.8;1.8;1.8;1.8;1.8;1.8;1.8;3
2695;7.4;21.1;23.02;24.02;23.31;21.31;21.1;21.1;21.1;36
2696;7.6;67.4;74.55;81.86;80.69;71.74;67.4;67.4;67.4;119
2697;10.1;115.1;192.17;386.63;422.02;277.63;115.1;115.1;115.1;386
2698;11.9;134.8;134.8;397.35;524.11;422.82;152.81;134.8;134.8;533
2699;13.7;148.7;148.7;310.52;540.42;540.85;311.57;148.7;148.7;647
2700;14.8;158.4;158.4;158.4;479.23;612.12;479.23;158.4;158.4;719
2701;16.1;163.9;163.9;163.9;356.01;626.46;625.95;354.77;163.9;744
2702;16.8;166.9;166.9;166.9;192.35;574.02;717.2;538.02;166.9;714
2703;16.1;161.4;161.4;161.4;161.4;475.3;754.17;685.8;310.25;644
2704;15.7;148.6;148.6;148.6;148.6;336.35;723.45;773.81;457.93;536
2705;15.8;127.7;127.7;127.7;127.7;174.47;617.1;773.04;550.95;397
2706;14.8;180.66;95.5;95.5;95.5;95.5;484.85;731.29;605.29;250
2707;13.4;52.8;52.8;52.8;52.8;52.8;52.8;52.8;52.8;108
2708;10.7;7.9;7.9;7.9;7.9;7.9;7.9;7.9;7.9;14
2709;8.7;0.0;0.0;0.0;0.0;0.0;0.0;0.0;0.0;0
2710;7.7;0.0;0.0;0.0;0.0;0.0;0.0;0.0;0.0;0
2711;5.8;0.0;0.0;0.0;0.0;0.0;0.0;0.0;0.0;0
2712;5.9;0.0;0.0;0.0;0.0;0.0;0.0;0.0;0.0;0
2713;6.4;0.0;0.0;0.0;0.0;0.0;0.0;0.0;0.0;0
2714;4.6;0.0;0.0;0.0;0.0;0.0;0.0;0.0;0.0;0
2715;4.1;0.0;0.0;0.0;0.0;0.0;0.0;0.0;0.0;0
2716;3.2;0.0;0.0;0.0;0.0;0.0;0.0;0.0;0.0;0
2717;3.2;0.0;0.0;0.0;0.0;0.0;0.0;0.0;0.0;0
2718;3.1;4.8;4.8;4.8;4.8;4.8;4.8;4.8;4.8;8
2719;6.0;41.8;60.75;70.57;63.54;43.77;41.8;41.8;41.8;78
2720;11.4;83.2;198.97;315.71;296.25;151.99;83.2;83.2;83.2;247
2721;15.5;124.1;183.63;331.01;357.19;246.83;124.1;124.1;124.1;356
2722;17.8;136.8;136.8;394.71;517.82;417.73;153.08;136.8;136.8;533
2723;20.0;151.2;151.2;310.31;534.67;534.4;309.66;151.2;151.2;647
2724;20.6;156.1;156.1;156.1;484.08;619.93;484.08;156.1;156.1;731
2725;21.0;159.8;159.8;159.8;357.04;636.78;637.12;357.84;159.8;758
2726;21.2;183.5;183.5;183.5;203.21;523.54;644.68;495.67;183.5;675
2727;21.6;195.4;195.4;195.4;195.4;350.35;489.69;456.64;270.56;514
2728;21.5;146.0;146.0;146.0;146.0;340.72;749.09;804.19;473.72;550
2729;21.9;128.5;128.5;128.5;128.5;172.44;613.26;770.11;551.12;400
2730;21.2;132.94;97.0;97.0;97.0;97.0;256.01;357.81;306.83;200
2731;18.9;48.1;48.1;48.1;48.1;48.1;48.1;48.1;48.1;86
2732;16.4;3.1;3.1;3.1;3.1;3.1;3.1;3.1;3.1;6
2733;17.0;0.0;0.0;0.0;0.0;0.0;0.0;0.0;0.0;0
2734;15.6;0.0;0.0;0.0;0.0;0.0;0.0;0.0;0.0;0
2735;14.5;0.0;0.0;0.0;0.0;0.0;0.0;0.0;0.0;0
2736;14.7;0.0;0.0;0.0;0.0;0.0;0.0;0.0;0.0;0
2737;13.0;0.0;0.0;0.0;0.0;0.0;0.0;0.0;0.0;0
2738;12.7;0.0;0.0;0.0;0.0;0.0;0.0;0.0;0.0;0
2739;10.0;0.0;0.0;0.0;0.0;0.0;0.0;0.0;0.0;0
2740;8.8;0.0;0.0;0.0;0.0;0.0;0.0;0.0;0.0;0
2741;8.8;0.0;0.0;0.0;0.0;0.0;0.0;0.0;0.0;0
2742;8.3;3.6;3.6;3.6;3.6;3.6;3.6;3.6;3.6;6
2743;11.1;22.4;26.15;28.07;26.67;22.77;22.4;22.4;22.4;39
2744;14.6;77.9;87.66;97.38;95.69;83.58;77.9;77.9;77.9;139
2745;16.4;130.7;162.46;239.64;253.01;194.73;130.7;130.7;130.7;297
2746;17.8;165.2;165.2;221.19;247.61;225.76;168.43;165.2;165.2;342
2747;19.4;193.0;193.0;224.35;268.24;268.05;223.9;193.0;193.0;400
2748;21.2;195.0;195.0;195.0;401.47;486.99;401.47;195.0;195.0;625
2749;21.9;219.9;219.9;219.9;278.08;361.22;361.58;278.94;219.9;514
2750;22.3;203.5;203.5;203.5;205.24;236.05;247.8;233.59;203.5;375
2751;21.9;126.7;126.7;126.7;126.7;135.46;143.44;141.61;131.05;222
2752;20.9;60.3;60.3;60.3;60.3;61.85;65.15;65.61;62.96;103
2753;18.7;32.6;32.6;32.6;32.6;32.97;36.87;38.27;36.35;56
2754;18.4;25.48;24.7;24.7;24.7;24.7;28.05;30.22;29.15;42
2755;18.3;13.2;13.2;13.2;13.2;13.2;13.2;13.2;13.2;22
2756;17.4;0.0;0.0;0.0;0.0;0.0;0.0;0.0;0.0;0
2757;17.0;0.0;0.0;0.0;0.0;0.0;0.0;0.0;0.0;0
2758;18.0;0.0;0.0;0.0;0.0;0.0;0.0;0.0;0.0;0
2759;17.7;0.0;0.0;0.0;0.0;0.0;0.0;0.0;0.0;0
2760;16.2;0.0;0.0;0.0;0.0;0.0;0.0;0.0;0.0;0
2761;14.2;0.0;0.0;0.0;0.0;0.0;0.0;0.0;0.0;0
2762;13.9;0.0;0.0;0.0;0.0;0.0;0.0;0.0;0.0;0
2763;13.2;0.0;0.0;0.0;0.0;0.0;0.0;0.0;0.0;0
2764;12.5;0.0;0.0;0.0;0.0;0.0;0.0;0.0;0.0;0
2765;11.2;0.0;0.0;0.0;0.0;0.0;0.0;0.0;0.0;0
2766;12.5;0.0;0.0;0.0;0.0;0.0;0.0;0.0;0.0;0
2767;12.7;22.4;26.11;27.99;26.59;22.74;22.4;22.4;22.4;39
2768;13.3;38.7;41.35;43.96;43.49;40.21;38.7;38.7;38.7;67
2769;13.9;39.2;39.87;41.48;41.75;40.53;39.2;39.2;39.2;67
2770;14.1;45.8;45.8;47.19;47.84;47.29;45.87;45.8;45.8;78
2771;14.7;93.1;93.1;95.42;98.64;98.62;95.36;93.1;93.1;161
2772;14.7;62.1;62.1;62.1;63.8;64.5;63.8;62.1;62.1;106
2773;14.8;76.6;76.6;76.6;77.89;79.75;79.77;77.93;76.6;131
2774;14.5;65.1;65.1;65.1;65.21;67.34;68.16;67.19;65.1;111
2775;13.5;68.2;68.2;68.2;68.2;70.85;73.29;72.75;69.54;117
2776;12.2;22.9;22.9;22.9;22.9;23.4;24.5;24.65;23.78;39
2777;11.6;15.0;15.0;15.0;15.0;15.0;15.0;15.0;15.0;25
2778;11.6;13.2;13.2;13.2;13.2;13.2;13.2;13.2;13.2;22
2779;11.5;18.1;18.1;18.1;18.1;18.1;18.1;18.1;18.1;31
2780;10.7;22.4;22.4;22.4;22.4;22.4;22.4;22.4;22.4;39
2781;10.7;0.0;0.0;0.0;0.0;0.0;0.0;0.0;0.0;0
2782;9.0;0.0;0.0;0.0;0.0;0.0;0.0;0.0;0.0;0
2783;8.7;0.0;0.0;0.0;0.0;0.0;0.0;0.0;0.0;0
2784;7.5;0.0;0.0;0.0;0.0;0.0;0.0;0.0;0.0;0
2785;9.3;0.0;0.0;0.0;0.0;0.0;0.0;0.0;0.0;0
2786;9.9;0.0;0.0;0.0;0.0;0.0;0.0;0.0;0.0;0
2787;9.9;0.0;0.0;0.0;0.0;0.0;0.0;0.0;0.0;0
2788;10.3;0.0;0.0;0.0;0.0;0.0;0.0;0.0;0.0;0
2789;10.7;0.0;0.0;0.0;0.0;0.0;0.0;0.0;0.0;0
2790;10.7;0.0;0.0;0.0;0.0;0.0;0.0;0.0;0.0;0
2791;10.8;19.3;21.14;22.06;21.36;19.46;19.3;19.3;19.3;33
2792;11.6;90.3;124.65;158.02;151.72;109.44;90.3;90.3;90.3;183
2793;11.8;102.1;106.49;116.78;118.47;110.57;102.1;102.1;102.1;181
2794;13.5;131.3;131.3;143.04;148.45;143.82;131.85;131.3;131.3;233
2795;13.3;155.0;155.0;161.59;170.68;170.58;161.36;155.0;155.0;275
2796;13.3;172.1;172.1;172.1;184.98;190.32;184.98;172.1;172.1;306
2797;14.5;217.1;217.1;217.1;243.48;281.76;282.15;244.44;217.1;431
2798;15.1;216.3;216.3;216.3;222.83;364.33;419.11;355.09;216.3;528
2799;15.5;177.7;177.7;177.7;177.7;428.54;662.45;612.4;307.7;617
2800;15.5;143.2;143.2;143.2;143.2;339.56;773.16;837.75;495.47;572
2801;14.5;141.0;141.0;141.0;141.0;153.2;301.72;356.1;284.47;300
2802;14.7;124.76;98.2;98.2;98.2;98.2;205.34;276.28;242.9;192
2803;13.5;54.5;54.5;54.5;54.5;54.5;54.5;54.5;54.5;100
2804;12.7;10.9;10.9;10.9;10.9;10.9;10.9;10.9;10.9;19
2805;11.7;0.0;0.0;0.0;0.0;0.0;0.0;0.0;0.0;0
2806;10.5;0.0;0.0;0.0;0.0;0.0;0.0;0.0;0.0;0
2807;9.8;0.0;0.0;0.0;0.0;0.0;0.0;0.0;0.0;0
2808;10.1;0.0;0.0;0.0;0.0;0.0;0.0;0.0;0.0;0
2809;9.5;0.0;0.0;0.0;0.0;0.0;0.0;0.0;0.0;0
2810;9.8;0.0;0.0;0.0;0.0;0.0;0.0;0.0;0.0;0
2811;10.1;0.0;0.0;0.0;0.0;0.0;0.0;0.0;0.0;0
2812;10.6;0.0;0.0;0.0;0.0;0.0;0.0;0.0;0.0;0
2813;10.9;0.0;0.0;0.0;0.0;0.0;0.0;0.0;0.0;0
2814;11.0;1.8;1.8;1.8;1.8;1.8;1.8;1.8;1.8;3
2815;11.3;16.3;18.12;19.02;18.33;16.44;16.3;16.3;16.3;28
2816;11.6;43.5;46.13;48.66;48.16;44.94;43.5;43.5;43.5;75
2817;12.1;32.6;33.28;34.84;35.09;33.88;32.6;32.6;32.6;56
2818;14.0;117.1;117.1;126.02;130.08;126.54;117.47;117.1;117.1;206
2819;15.7;184.3;184.3;194.45;208.35;208.16;193.99;184.3;184.3;333
2820;16.5;185.1;185.1;185.1;200.05;206.24;200.05;185.1;185.1;331
2821;18.8;215.9;215.9;215.9;238.1;270.54;270.98;239.15;215.9;419
2822;21.3;173.9;173.9;173.9;188.66;548.07;688.29;527.19;173.9;719
2823;22.0;198.3;198.3;198.3;198.3;350.15;493.47;463.87;278.71;528
2824;22.6;174.2;174.2;174.2;174.2;264.23;466.5;497.55;339.18;447
2825;20.4;90.3;90.3;90.3;90.3;91.59;108.53;114.79;106.7;158
2826;18.4;23.68;22.9;22.9;22.9;22.9;25.96;28.01;27.07;39
2827;18.3;18.1;18.1;18.1;18.1;18.1;18.1;18.1;18.1;31
2828;18.0;4.8;4.8;4.8;4.8;4.8;4.8;4.8;4.8;8
2829;16.5;0.0;0.0;0.0;0.0;0.0;0.0;0.0;0.0;0
2830;17.0;0.0;0.0;0.0;0.0;0.0;0.0;0.0;0.0;0
2831;17.1;0.0;0.0;0.0;0.0;0.0;0.0;0.0;0.0;0
2832;15.8;0.0;0.0;0.0;0.0;0.0;0.0;0.0;0.0;0
2833;14.9;0.0;0.0;0.0;0.0;0.0;0.0;0.0;0.0;0
2834;14.8;0.0;0.0;0.0;0.0;0.0;0.0;0.0;0.0;0
2835;14.6;0.0;0.0;0.0;0.0;0.0;0.0;0.0;0.0;0
2836;13.6;0.0;0.0;0.0;0.0;0.0;0.0;0.0;0.0;0
2837;11.9;0.0;0.0;0.0;0.0;0.0;0.0;0.0;0.0;0
2838;11.7;3.88;7.18;8.09;6.08;3.1;3.1;3.1;3.1;6
2839;11.7;21.1;22.91;23.78;23.09;21.23;21.1;21.1;21.1;36
2840;11.4;38.7;41.32;43.81;43.31;40.1;38.7;38.7;38.7;67
2841;13.0;116.8;122.25;134.6;136.51;126.88;116.8;116.8;116.8;208
2842;13.4;169.1;169.1;291.1;346.1;297.42;173.56;169.1;169.1;431
2843;15.8;159.3;159.3;310.67;516.36;512.89;302.29;159.3;159.3;653
2844;16.5;157.9;157.9;157.9;535.97;692.57;535.97;157.9;157.9;839
2845;16.2;219.5;219.5;219.5;296.68;410.36;412.23;301.21;219.5;575
2846;17.0;156.9;156.9;156.9;171.93;589.16;753.17;567.9;156.9;764
2847;17.2;155.6;155.6;155.6;155.6;478.25;786.43;725.07;330.13;686
2848;17.5;141.6;141.6;141.6;141.6;337.81;786.4;857.27;508.92;586
2849;17.0;115.9;115.9;115.9;115.9;159.49;775.15;1004.63;713.51;469
2850;16.4;233.95;94.1;94.1;94.1;94.1;626.8;987.29;824.57;306
2851;15.1;59.7;59.7;59.7;59.7;59.7;59.7;59.7;59.7;142
2852;13.8;14.0;14.0;14.0;14.0;14.0;14.0;14.0;14.0;25
2853;10.1;0.0;0.0;0.0;0.0;0.0;0.0;0.0;0.0;0
2854;9.2;0.0;0.0;0.0;0.0;0.0;0.0;0.0;0.0;0
2855;8.4;0.0;0.0;0.0;0.0;0.0;0.0;0.0;0.0;0
2856;8.4;0.0;0.0;0.0;0.0;0.0;0.0;0.0;0.0;0
2857;7.7;0.0;0.0;0.0;0.0;0.0;0.0;0.0;0.0;0
2858;8.4;0.0;0.0;0.0;0.0;0.0;0.0;0.0;0.0;0
2859;9.2;0.0;0.0;0.0;0.0;0.0;0.0;0.0;0.0;0
2860;9.2;0.0;0.0;0.0;0.0;0.0;0.0;0.0;0.0;0
2861;8.6;0.0;0.0;0.0;0.0;0.0;0.0;0.0;0.0;0
2862;9.0;4.8;4.8;4.8;4.8;4.8;4.8;4.8;4.8;8
2863;10.7;24.2;27.78;29.5;28.12;24.44;24.2;24.2;24.2;42
2864;12.1;55.7;60.06;64.14;63.28;57.98;55.7;55.7;55.7;97
2865;13.4;79.9;82.3;87.63;88.43;84.24;79.9;79.9;79.9;139
2866;14.2;103.6;103.6;110.37;113.39;110.67;103.81;103.6;103.6;181
2867;15.2;107.1;107.1;110.01;113.94;113.86;109.82;107.1;107.1;186
2868;14.8;74.8;74.8;74.8;76.96;77.86;76.96;74.8;74.8;128
2869;12.8;40.9;40.9;40.9;41.2;41.65;41.66;41.22;40.9;69
2870;13.5;142.5;142.5;142.5;142.82;153.11;157.19;152.66;142.5;250
2871;13.0;91.8;91.8;91.8;91.8;95.52;99.11;98.42;93.85;158
2872;13.2;77.3;77.3;77.3;77.3;79.58;84.88;85.74;81.66;133
2873;13.8;105.6;105.6;105.6;105.6;107.04;129.11;137.41;127.07;186
2874;12.9;120.99;99.9;99.9;99.9;99.9;178.08;231.56;207.92;189
2875;12.4;30.86;22.9;22.9;22.9;22.9;32.21;44.02;43.47;39
2876;11.9;6.6;6.6;6.6;6.6;6.6;6.6;6.6;6.6;11
2877;11.5;0.0;0.0;0.0;0.0;0.0;0.0;0.0;0.0;0
2878;10.8;0.0;0.0;0.0;0.0;0.0;0.0;0.0;0.0;0
2879;10.2;0.0;0.0;0.0;0.0;0.0;0.0;0.0;0.0;0
2880;9.8;0.0;0.0;0.0;0.0;0.0;0.0;0.0;0.0;0
2881;9.8;0.0;0.0;0.0;0.0;0.0;0.0;0.0;0.0;0
2882;9.8;0.0;0.0;0.0;0.0;0.0;0.0;0.0;0.0;0
2883;10.3;0.0;0.0;0.0;0.0;0.0;0.0;0.0;0.0;0
2884;10.3;0.0;0.0;0.0;0.0;0.0;0.0;0.0;0.0;0
2885;10.3;0.0;0.0;0.0;0.0;0.0;0.0;0.0;0.0;0
2886;10.0;1.8;1.8;1.8;1.8;1.8;1.8;1.8;1.8;3
2887;10.3;1.8;1.8;1.8;1.8;1.8;1.8;1.8;1.8;3
2888;10.6;15.0;15.0;15.0;15.0;15.0;15.0;15.0;15.0;25
2889;11.1;19.8;19.8;19.8;19.8;19.8;19.8;19.8;19.8;33
2890;10.6;29.5;29.5;30.17;30.47;30.2;29.52;29.5;29.5;50
2891;8.7;42.7;42.7;43.02;43.45;43.44;43.0;42.7;42.7;72
2892;8.7;82.7;82.7;82.7;85.37;86.48;85.37;82.7;82.7;142
2893;9.1;135.1;135.1;135.1;138.97;144.75;144.88;139.28;135.1;236
2894;9.8;148.6;148.6;148.6;148.88;159.77;164.11;159.37;148.6;261
2895;10.9;204.3;204.3;204.3;204.3;272.0;338.21;325.98;242.48;433
2896;10.6;179.7;179.7;179.7;179.7;229.07;345.96;365.45;276.13;392
2897;10.8;130.9;130.9;130.9;130.9;159.72;641.74;824.53;600.99;439
2898;10.3;75.17;69.7;69.7;69.7;69.7;89.44;103.08;97.17;122
2899;9.6;28.41;21.1;21.1;21.1;21.1;29.5;40.29;39.83;36
2900;8.9;9.7;9.7;9.7;9.7;9.7;9.7;9.7;9.7;17
2901;9.2;0.0;0.0;0.0;0.0;0.0;0.0;0.0;0.0;0
2902;8.7;0.0;0.0;0.0;0.0;0.0;0.0;0.0;0.0;0
2903;8.4;0.0;0.0;0.0;0.0;0.0;0.0;0.0;0.0;0
2904;6.5;0.0;0.0;0.0;0.0;0.0;0.0;0.0;0.0;0
2905;8.3;0.0;0.0;0.0;0.0;0.0;0.0;0.0;0.0;0
2906;8.3;0.0;0.0;0.0;0.0;0.0;0.0;0.0;0.0;0
2907;7.0;0.0;0.0;0.0;0.0;0.0;0.0;0.0;0.0;0
2908;7.4;0.0;0.0;0.0;0.0;0.0;0.0;0.0;0.0;0
2909;5.9;0.0;0.0;0.0;0.0;0.0;0.0;0.0;0.0;0
2910;5.8;10.76;16.91;18.53;14.7;9.2;9.2;9.2;9.2;17
2911;7.8;54.9;102.39;124.71;106.13;57.54;54.9;54.9;54.9;114
2912;9.4;98.5;161.72;219.59;206.53;130.19;98.5;98.5;98.5;225
2913;9.6;139.4;173.25;246.08;256.42;198.21;139.4;139.4;139.4;314
2914;9.9;168.2;168.2;201.65;216.21;202.65;168.91;168.2;168.2;322
2915;9.6;193.4;193.4;209.4;230.66;230.1;208.04;193.4;193.4;364
2916;9.4;139.4;139.4;139.4;146.8;149.87;146.8;139.4;139.4;244
2917;8.8;143.0;143.0;143.0;147.1;153.28;153.43;147.48;143.0;250
2918;10.8;216.6;216.6;216.6;220.44;402.65;475.88;397.22;216.6;586
2919;10.6;206.3;206.3;206.3;206.3;306.52;405.71;388.09;263.98;483
2920;11.0;179.2;179.2;179.2;179.2;217.4;309.43;325.17;255.41;372
2921;11.1;146.1;146.1;146.1;146.1;154.03;299.79;355.52;288.58;311
2922;10.5;275.99;87.7;87.7;87.7;87.7;749.95;1212.55;1016.23;347
2923;9.2;656.17;61.0;61.0;61.0;61.0;734.85;1360.0;1360.0;175
2924;8.0;20.4;20.4;20.4;20.4;20.4;20.4;20.4;20.4;44
2925;7.4;0.0;0.0;0.0;0.0;0.0;0.0;0.0;0.0;0
2926;7.8;0.0;0.0;0.0;0.0;0.0;0.0;0.0;0.0;0
2927;8.1;0.0;0.0;0.0;0.0;0.0;0.0;0.0;0.0;0
2928;7.2;0.0;0.0;0.0;0.0;0.0;0.0;0.0;0.0;0
2929;6.6;0.0;0.0;0.0;0.0;0.0;0.0;0.0;0.0;0
2930;6.4;0.0;0.0;0.0;0.0;0.0;0.0;0.0;0.0;0
2931;6.8;0.0;0.0;0.0;0.0;0.0;0.0;0.0;0.0;0
2932;7.5;0.0;0.0;0.0;0.0;0.0;0.0;0.0;0.0;0
2933;7.2;0.0;0.0;0.0;0.0;0.0;0.0;0.0;0.0;0
2934;6.6;4.8;4.8;4.8;4.8;4.8;4.8;4.8;4.8;8
2935;8.1;53.5;76.18;86.71;77.79;54.64;53.5;53.5;53.5;100
2936;7.1;98.5;135.62;169.22;161.39;116.72;98.5;98.5;98.5;200
2937;8.3;140.1;172.35;240.64;250.03;195.02;140.1;140.1;140.1;311
2938;9.6;175.5;175.5;261.28;298.21;263.25;176.9;175.5;175.5;400
2939;10.5;138.3;138.3;330.16;583.36;575.84;312.02;138.3;138.3;733
2940;11.3;186.5;186.5;186.5;430.71;531.87;430.71;186.5;186.5;700
2941;12.6;158.7;158.7;158.7;358.35;661.55;670.18;379.2;158.7;842
2942;11.5;165.9;165.9;165.9;172.24;563.86;722.36;554.89;165.9;764
2943;12.0;191.3;191.3;191.3;191.3;392.68;594.36;559.93;309.56;603
2944;12.0;124.9;124.9;124.9;124.9;346.47;889.77;985.02;576.42;644
2945;11.5;105.2;105.2;105.2;105.2;141.02;871.16;1152.6;820.49;517
2946;11.2;275.15;89.2;89.2;89.2;89.2;727.01;1177.14;989.97;347
2947;10.5;524.26;63.7;63.7;63.7;63.7;577.19;1250.44;1228.52;167
2948;9.4;21.7;21.7;21.7;21.7;21.7;21.7;21.7;21.7;47
2949;8.2;0.0;0.0;0.0;0.0;0.0;0.0;0.0;0.0;0
2950;7.0;0.0;0.0;0.0;0.0;0.0;0.0;0.0;0.0;0
2951;4.7;0.0;0.0;0.0;0.0;0.0;0.0;0.0;0.0;0
2952;3.7;0.0;0.0;0.0;0.0;0.0;0.0;0.0;0.0;0
2953;2.7;0.0;0.0;0.0;0.0;0.0;0.0;0.0;0.0;0
2954;2.0;0.0;0.0;0.0;0.0;0.0;0.0;0.0;0.0;0
2955;1.7;0.0;0.0;0.0;0.0;0.0;0.0;0.0;0.0;0
2956;0.7;0.0;0.0;0.0;0.0;0.0;0.0;0.0;0.0;0
2957;0.7;0.0;0.0;0.0;0.0;0.0;0.0;0.0;0.0;0
2958;1.0;13.76;19.64;21.16;17.43;12.2;12.2;12.2;12.2;22
2959;4.2;57.5;118.08;145.87;121.9;60.2;57.5;57.5;57.5;125
2960;7.9;96.1;220.9;332.56;305.71;156.06;96.1;96.1;96.1;281
2961;10.1;120.9;222.23;433.35;461.45;290.05;120.9;120.9;120.9;444
2962;11.2;140.3;140.3;417.27;535.15;421.73;143.45;140.3;140.3;583
2963;13.1;139.4;139.4;331.8;583.87;575.58;311.78;139.4;139.4;739
2964;14.0;151.0;151.0;151.0;491.33;632.31;491.33;151.0;151.0;800
2965;13.7;156.3;156.3;156.3;349.38;644.85;654.14;371.8;156.3;828
2966;13.9;198.1;198.1;198.1;201.26;480.87;594.83;476.39;198.1;681
2967;15.3;141.8;141.8;141.8;141.8;502.2;867.37;807.51;357.69;753
2968;15.4;180.8;180.8;180.8;180.8;256.06;443.89;477.6;337.45;453
2969;15.7;136.1;136.1;136.1;136.1;155.49;597.94;769.85;570.51;436
2970;15.1;178.92;108.6;108.6;108.6;108.6;343.98;511.79;443.42;256
2971;14.1;194.32;64.0;64.0;64.0;64.0;207.11;396.7;391.4;125
2972;13.1;22.4;22.4;22.4;22.4;22.4;22.4;22.4;22.4;44
2973;9.6;0.0;0.0;0.0;0.0;0.0;0.0;0.0;0.0;0
2974;8.6;0.0;0.0;0.0;0.0;0.0;0.0;0.0;0.0;0
2975;7.5;0.0;0.0;0.0;0.0;0.0;0.0;0.0;0.0;0
2976;5.7;0.0;0.0;0.0;0.0;0.0;0.0;0.0;0.0;0
2977;4.8;0.0;0.0;0.0;0.0;0.0;0.0;0.0;0.0;0
2978;3.9;0.0;0.0;0.0;0.0;0.0;0.0;0.0;0.0;0
2979;3.4;0.0;0.0;0.0;0.0;0.0;0.0;0.0;0.0;0
2980;2.9;0.0;0.0;0.0;0.0;0.0;0.0;0.0;0.0;0
2981;2.2;0.0;0.0;0.0;0.0;0.0;0.0;0.0;0.0;0
2982;2.6;13.48;16.36;17.09;15.25;12.7;12.7;12.7;12.7;22
2983;6.3;57.7;100.63;120.1;103.02;59.39;57.7;57.7;57.7;117
2984;10.9;100.1;197.08;282.86;261.59;145.72;100.1;100.1;100.1;261
2985;13.8;132.1;212.15;376.35;397.47;263.14;132.1;132.1;132.1;411
2986;15.2;154.0;154.0;385.34;482.67;387.47;155.51;154.0;154.0;550
2987;15.7;165.4;165.4;313.96;507.21;500.23;297.11;165.4;165.4;669
2988;16.0;163.2;163.2;163.2;467.12;593.0;467.12;163.2;163.2;767
2989;16.3;170.8;170.8;170.8;337.67;595.01;603.85;359.02;170.8;783
2990;16.6;188.9;188.9;188.9;190.95;506.6;636.15;503.7;188.9;714
2991;16.5;198.8;198.8;198.8;198.8;368.18;541.82;514.51;302.27;578
2992;16.4;174.3;174.3;174.3;174.3;279.67;547.3;596.44;398.29;508
2993;16.1;136.2;136.2;136.2;136.2;153.61;603.9;780.21;579.27;442
2994;15.4;207.6;107.6;107.6;107.6;107.6;434.53;669.95;575.95;286
2995;14.2;210.99;65.6;65.6;65.6;65.6;222.9;433.45;428.52;131
2996;12.7;23.6;23.6;23.6;23.6;23.6;23.6;23.6;23.6;56
2997;11.0;0.0;0.0;0.0;0.0;0.0;0.0;0.0;0.0;0
2998;9.3;0.0;0.0;0.0;0.0;0.0;0.0;0.0;0.0;0
2999;9.0;0.0;0.0;0.0;0.0;0.0;0.0;0.0;0.0;0
3000;9.2;0.0;0.0;0.0;0.0;0.0;0.0;0.0;0.0;0
3001;9.1;0.0;0.0;0.0;0.0;0.0;0.0;0.0;0.0;0
3002;9.5;0.0;0.0;0.0;0.0;0.0;0.0;0.0;0.0;0
3003;9.6;0.0;0.0;0.0;0.0;0.0;0.0;0.0;0.0;0
3004;9.5;0.0;0.0;0.0;0.0;0.0;0.0;0.0;0.0;0
3005;8.3;0.0;0.0;0.0;0.0;0.0;0.0;0.0;0.0;0
3006;8.1;6.6;6.6;6.6;6.6;6.6;6.6;6.6;6.6;11
3007;8.3;54.2;67.84;73.95;68.49;54.66;54.2;54.2;54.2;97
3008;9.7;99.3;214.82;315.89;290.08;152.52;99.3;99.3;99.3;278
3009;10.6;137.2;205.97;344.89;362.15;247.63;137.2;137.2;137.2;392
3010;12.2;147.0;147.0;405.78;513.41;406.4;147.44;147.0;147.0;575
3011;13.9;168.9;168.9;312.61;498.22;490.91;294.98;168.9;168.9;664
3012;14.4;221.9;221.9;221.9;327.69;371.52;327.69;221.9;221.9;544
3013;15.3;182.8;182.8;182.8;332.23;564.45;573.1;353.12;182.8;758
3014;15.3;156.4;156.4;156.4;157.12;575.64;748.58;574.63;156.4;794
3015;15.4;152.5;152.5;152.5;152.5;470.84;800.95;751.21;350.75;725
3016;15.9;141.4;141.4;141.4;141.4;322.73;791.47;879.41;535.04;619
3017;15.7;146.0;146.0;146.0;146.0;156.92;481.87;610.07;466.43;400
3018;15.4;107.14;96.2;96.2;96.2;96.2;131.14;156.56;146.61;172
3019;14.6;91.83;54.7;54.7;54.7;54.7;94.29;147.82;146.8;97
3020;14.3;7.9;7.9;7.9;7.9;7.9;7.9;7.9;7.9;14
3021;13.6;0.0;0.0;0.0;0.0;0.0;0.0;0.0;0.0;0
3022;13.7;0.0;0.0;0.0;0.0;0.0;0.0;0.0;0.0;0
3023;13.2;0.0;0.0;0.0;0.0;0.0;0.0;0.0;0.0;0
3024;12.2;0.0;0.0;0.0;0.0;0.0;0.0;0.0;0.0;0
3025;12.0;0.0;0.0;0.0;0.0;0.0;0.0;0.0;0.0;0
3026;11.5;0.0;0.0;0.0;0.0;0.0;0.0;0.0;0.0;0
3027;11.9;0.0;0.0;0.0;0.0;0.0;0.0;0.0;0.0;0
3028;11.9;0.0;0.0;0.0;0.0;0.0;0.0;0.0;0.0;0
3029;11.8;0.0;0.0;0.0;0.0;0.0;0.0;0.0;0.0;0
3030;12.3;3.88;6.65;7.33;5.54;3.1;3.1;3.1;3.1;6
3031;12.7;14.5;16.19;16.94;16.26;14.55;14.5;14.5;14.5;25
3032;13.3;51.4;54.81;57.77;56.99;52.94;51.4;51.4;51.4;89
3033;13.8;72.0;74.11;78.32;78.82;75.33;72.0;72.0;72.0;125
3034;14.0;107.9;107.92;115.05;117.99;115.02;107.9;107.9;107.9;189
3035;15.0;198.3;198.3;216.05;238.82;237.85;213.71;198.3;198.3;378
3036;15.6;209.6;209.6;209.6;228.63;236.52;228.63;209.6;209.6;381
3037;16.1;165.2;165.2;165.2;170.61;179.08;179.42;171.43;165.2;292
3038;15.1;130.8;130.8;130.8;130.8;138.56;141.8;138.6;130.82;228
3039;15.6;121.1;121.1;121.1;121.1;127.2;133.61;132.68;124.97;211
3040;16.5;90.1;90.1;90.1;90.1;92.79;99.88;101.24;96.07;156
3041;17.5;132.1;132.1;132.1;132.1;133.03;165.56;178.49;164.25;236
3042;17.6;169.02;111.2;111.2;111.2;111.2;291.81;424.44;373.58;247
3043;17.2;401.87;68.4;68.4;68.4;68.4;418.84;897.47;890.44;169
3044;15.6;25.0;25.0;25.0;25.0;25.0;25.0;25.0;25.0;50
3045;14.2;1.8;1.8;1.8;1.8;1.8;1.8;1.8;1.8;3
3046;14.3;0.0;0.0;0.0;0.0;0.0;0.0;0.0;0.0;0
3047;13.4;0.0;0.0;0.0;0.0;0.0;0.0;0.0;0.0;0
3048;12.1;0.0;0.0;0.0;0.0;0.0;0.0;0.0;0.0;0
3049;12.0;0.0;0.0;0.0;0.0;0.0;0.0;0.0;0.0;0
3050;11.8;0.0;0.0;0.0;0.0;0.0;0.0;0.0;0.0;0
3051;11.9;0.0;0.0;0.0;0.0;0.0;0.0;0.0;0.0;0
3052;11.7;0.0;0.0;0.0;0.0;0.0;0.0;0.0;0.0;0
3053;12.1;0.0;0.0;0.0;0.0;0.0;0.0;0.0;0.0;0
3054;12.2;0.0;0.0;0.0;0.0;0.0;0.0;0.0;0.0;0
3055;12.4;6.6;6.6;6.6;6.6;6.6;6.6;6.6;6.6;11
3056;11.3;24.7;25.55;26.28;26.08;25.08;24.7;24.7;24.7;42
3057;11.7;108.2;113.15;122.85;123.97;115.85;108.2;108.2;108.2;192
3058;11.6;129.3;129.37;138.99;142.94;138.89;129.3;129.3;129.3;228
3059;11.3;82.7;82.7;84.25;86.22;86.13;84.03;82.7;82.7;142
3060;10.6;93.6;93.6;93.6;96.57;97.81;96.57;93.6;93.6;161
3061;11.0;130.8;130.8;130.8;134.0;139.04;139.25;134.52;130.8;228
3062;12.3;225.9;225.9;225.9;225.9;312.2;348.62;313.15;226.57;489
3063;11.2;210.7;210.7;210.7;210.7;303.06;401.05;387.53;270.43;492
3064;11.2;184.9;184.9;184.9;184.9;246.18;410.28;442.36;323.62;444
3065;12.1;146.8;146.8;146.8;146.8;154.69;487.22;620.33;476.06;408
3066;11.6;226.07;108.1;108.1;108.1;108.1;468.72;736.06;635.56;306
3067;11.0;237.97;68.9;68.9;68.9;68.9;244.06;485.68;483.16;144
3068;10.6;26.3;26.3;26.3;26.3;26.3;26.3;26.3;26.3;53
3069;9.8;1.8;1.8;1.8;1.8;1.8;1.8;1.8;1.8;3
3070;9.9;0.0;0.0;0.0;0.0;0.0;0.0;0.0;0.0;0
3071;10.1;0.0;0.0;0.0;0.0;0.0;0.0;0.0;0.0;0
3072;8.5;0.0;0.0;0.0;0.0;0.0;0.0;0.0;0.0;0
3073;8.0;0.0;0.0;0.0;0.0;0.0;0.0;0.0;0.0;0
3074;8.0;0.0;0.0;0.0;0.0;0.0;0.0;0.0;0.0;0
3075;7.6;0.0;0.0;0.0;0.0;0.0;0.0;0.0;0.0;0
3076;8.1;0.0;0.0;0.0;0.0;0.0;0.0;0.0;0.0;0
3077;7.6;0.0;0.0;0.0;0.0;0.0;0.0;0.0;0.0;0
3078;7.0;6.6;6.6;6.6;6.6;6.6;6.6;6.6;6.6;11
3079;7.7;30.3;35.3;37.47;35.44;30.4;30.3;30.3;30.3;53
3080;8.4;54.4;57.8;60.67;59.87;55.87;54.4;54.4;54.4;94
3081;9.5;129.1;135.84;148.86;150.31;139.33;129.1;129.1;129.1;231
3082;8.3;91.3;91.36;95.8;97.61;95.72;91.3;91.3;91.3;158
3083;9.1;138.9;138.9;143.53;149.37;149.09;142.83;138.9;138.9;244
3084;8.2;77.8;77.8;77.8;79.76;80.58;79.76;77.8;77.8;133
3085;8.6;34.8;34.8;34.8;34.8;34.8;34.8;34.8;34.8;58
3086;9.2;57.2;57.2;57.2;57.2;58.46;59.0;58.49;57.22;97
3087;8.7;74.8;74.8;74.8;74.8;76.95;79.26;78.96;76.22;128
3088;8.6;34.3;34.3;34.3;34.3;34.67;35.67;35.87;35.15;58
3089;8.6;16.8;16.8;16.8;16.8;16.8;16.8;16.8;16.8;28
3090;8.8;25.48;24.7;24.7;24.7;24.7;27.04;28.79;28.14;42
3091;8.9;8.4;8.4;8.4;8.4;8.4;8.4;8.4;8.4;14
3092;10.2;1.8;1.8;1.8;1.8;1.8;1.8;1.8;1.8;3
3093;11.7;0.0;0.0;0.0;0.0;0.0;0.0;0.0;0.0;0
3094;10.7;0.0;0.0;0.0;0.0;0.0;0.0;0.0;0.0;0
3095;8.1;0.0;0.0;0.0;0.0;0.0;0.0;0.0;0.0;0
3096;6.9;0.0;0.0;0.0;0.0;0.0;0.0;0.0;0.0;0
3097;7.0;0.0;0.0;0.0;0.0;0.0;0.0;0.0;0.0;0
3098;7.0;0.0;0.0;0.0;0.0;0.0;0.0;0.0;0.0;0
3099;6.7;0.0;0.0;0.0;0.0;0.0;0.0;0.0;0.0;0
3100;6.5;0.0;0.0;0.0;0.0;0.0;0.0;0.0;0.0;0
3101;6.4;0.0;0.0;0.0;0.0;0.0;0.0;0.0;0.0;0
3102;6.0;10.48;13.1;13.72;11.99;9.7;9.7;9.7;9.7;17
3103;6.9;38.2;44.83;47.67;44.96;38.29;38.2;38.2;38.2;67
3104;8.5;106.2;177.31;236.91;219.94;136.34;106.2;106.2;106.2;247
3105;9.0;121.7;127.75;139.27;140.5;130.72;121.7;121.7;121.7;217
3106;10.3;164.4;167.82;367.75;448.57;362.92;164.4;164.4;164.4;539
3107;10.7;207.8;207.8;248.92;300.56;297.86;242.41;207.8;207.8;458
3108;10.6;218.6;218.6;218.6;359.45;417.79;359.45;218.6;218.6;606
3109;11.9;223.6;223.6;223.6;303.66;431.95;438.2;318.73;223.6;631
3110;12.7;225.4;225.4;225.4;225.4;295.32;325.49;297.02;226.6;469
3111;12.7;210.9;210.9;210.9;210.9;269.79;333.67;325.64;250.4;444
3112;13.0;186.6;186.6;186.6;186.6;238.27;381.58;410.68;308.51;431
3113;12.4;123.4;123.4;123.4;123.4;123.78;150.45;161.27;149.91;219
3114;11.6;38.96;37.4;37.4;37.4;37.4;41.98;45.44;44.19;64
3115;11.6;85.9;54.7;54.7;54.7;54.7;86.14;130.36;130.26;97
3116;10.7;0.0;0.0;0.0;0.0;0.0;0.0;0.0;0.0;0
3117;10.5;0.0;0.0;0.0;0.0;0.0;0.0;0.0;0.0;0
3118;9.2;0.0;0.0;0.0;0.0;0.0;0.0;0.0;0.0;0
3119;9.1;0.0;0.0;0.0;0.0;0.0;0.0;0.0;0.0;0
3120;9.1;0.0;0.0;0.0;0.0;0.0;0.0;0.0;0.0;0
3121;8.8;0.0;0.0;0.0;0.0;0.0;0.0;0.0;0.0;0
3122;8.5;0.0;0.0;0.0;0.0;0.0;0.0;0.0;0.0;0
3123;8.6;0.0;0.0;0.0;0.0;0.0;0.0;0.0;0.0;0
3124;8.6;0.0;0.0;0.0;0.0;0.0;0.0;0.0;0.0;0
3125;8.3;0.0;0.0;0.0;0.0;0.0;0.0;0.0;0.0;0
3126;8.6;11.4;11.4;11.4;11.4;11.4;11.4;11.4;11.4;19
3127;9.1;45.6;55.48;59.66;55.61;45.69;45.6;45.6;45.6;81
3128;9.8;106.2;197.41;273.05;250.96;144.07;106.2;106.2;106.2;267
3129;10.2;130.3;137.08;149.83;151.13;140.23;130.3;130.3;130.3;233
3130;10.7;181.5;183.08;255.94;285.19;253.7;181.5;181.5;181.5;400
3131;11.5;206.9;206.9;270.73;350.34;345.93;260.07;206.9;206.9;519
3132;12.9;205.9;205.9;205.9;393.92;471.8;393.92;205.9;205.9;669
3133;13.4;226.9;226.9;226.9;298.9;415.15;421.13;313.33;226.9;614
3134;12.5;199.1;199.1;199.1;199.1;217.0;224.8;217.55;199.49;356
3135;13.6;208.3;208.3;208.3;208.3;337.44;479.1;462.13;296.47;553
3136;13.6;181.1;181.1;181.1;181.1;267.0;509.49;559.6;388.0;506
3137;12.9;153.2;153.2;153.2;153.2;154.46;286.69;340.72;284.91;322
3138;12.3;154.71;113.3;113.3;113.3;113.3;232.31;323.01;290.87;233
3139;11.7;137.57;68.8;68.8;68.8;68.8;137.19;234.29;234.45;128
3140;11.0;28.0;28.0;28.0;28.0;28.0;28.0;28.0;28.0;50
3141;9.8;1.8;1.8;1.8;1.8;1.8;1.8;1.8;1.8;3
3142;9.6;0.0;0.0;0.0;0.0;0.0;0.0;0.0;0.0;0
3143;8.8;0.0;0.0;0.0;0.0;0.0;0.0;0.0;0.0;0
3144;9.0;0.0;0.0;0.0;0.0;0.0;0.0;0.0;0.0;0
3145;8.2;0.0;0.0;0.0;0.0;0.0;0.0;0.0;0.0;0
3146;8.2;0.0;0.0;0.0;0.0;0.0;0.0;0.0;0.0;0
3147;7.8;0.0;0.0;0.0;0.0;0.0;0.0;0.0;0.0;0
3148;7.5;0.0;0.0;0.0;0.0;0.0;0.0;0.0;0.0;0
3149;7.8;0.0;0.0;0.0;0.0;0.0;0.0;0.0;0.0;0
3150;8.3;8.68;11.21;11.8;10.1;7.9;7.9;7.9;7.9;14
3151;9.1;30.8;34.07;35.44;34.1;30.82;30.8;30.8;30.8;53
3152;10.1;87.6;97.71;106.01;103.52;91.71;87.6;87.6;87.6;156
3153;11.8;146.8;174.01;224.46;229.41;185.97;146.8;146.8;146.8;308
3154;11.7;115.8;115.99;123.4;126.35;123.12;115.8;115.8;115.8;203
3155;11.7;66.9;66.9;67.81;68.94;68.88;67.65;66.9;66.9;114
3156;12.0;62.1;62.1;62.1;63.53;64.12;63.53;62.1;62.1;106
3157;12.8;52.4;52.4;52.4;52.9;53.72;53.76;53.01;52.4;89
3158;13.3;82.7;82.7;82.7;82.7;85.75;87.1;85.87;82.78;142
3159;13.3;55.4;55.4;55.4;55.4;56.43;57.57;57.44;56.12;94
3160;13.3;39.2;39.2;39.2;39.2;39.89;41.85;42.27;40.88;67
3161;13.6;26.4;26.4;26.4;26.4;26.4;26.4;26.4;26.4;44
3162;13.9;26.4;26.4;26.4;26.4;26.4;26.4;26.4;26.4;44
3163;13.9;51.17;38.7;38.7;38.7;38.7;50.93;68.47;68.56;67
3164;13.4;14.5;14.5;14.5;14.5;14.5;14.5;14.5;14.5;25
3165;13.5;1.8;1.8;1.8;1.8;1.8;1.8;1.8;1.8;3
3166;13.3;0.0;0.0;0.0;0.0;0.0;0.0;0.0;0.0;0
3167;13.2;0.0;0.0;0.0;0.0;0.0;0.0;0.0;0.0;0
3168;13.0;0.0;0.0;0.0;0.0;0.0;0.0;0.0;0.0;0
3169;12.6;0.0;0.0;0.0;0.0;0.0;0.0;0.0;0.0;0
3170;12.4;0.0;0.0;0.0;0.0;0.0;0.0;0.0;0.0;0
3171;12.3;0.0;0.0;0.0;0.0;0.0;0.0;0.0;0.0;0
3172;12.0;0.0;0.0;0.0;0.0;0.0;0.0;0.0;0.0;0
3173;11.5;0.0;0.0;0.0;0.0;0.0;0.0;0.0;0.0;0
3174;11.7;3.88;6.37;6.94;5.26;3.1;3.1;3.1;3.1;6
3175;12.2;32.1;36.98;39.0;36.98;32.1;32.1;32.1;32.1;56
3176;12.3;81.4;89.8;96.64;94.54;84.75;81.4;81.4;81.4;144
3177;13.1;140.3;150.72;169.77;171.56;155.04;140.3;140.3;140.3;258
3178;14.0;179.8;181.12;223.89;240.84;222.03;179.8;179.8;179.8;358
3179;15.3;206.4;206.4;231.82;263.1;261.16;227.15;206.4;206.4;414
3180;16.4;212.5;212.5;212.5;379.92;449.27;379.92;212.5;212.5;650
3181;18.3;191.8;191.8;191.8;321.72;534.72;546.83;350.98;191.8;758
3182;18.6;182.3;182.3;182.3;182.3;511.08;657.54;525.6;192.57;758
3183;19.8;149.1;149.1;149.1;149.1;458.56;805.47;767.89;367.83;756
3184;20.4;141.9;141.9;141.9;141.9;305.72;784.56;886.94;552.89;644
3185;20.9;128.3;128.3;128.3;128.3;128.6;692.92;926.48;692.49;503
3186;20.6;257.41;107.4;107.4;107.4;107.4;522.34;844.22;734.48;339
3187;20.4;351.88;74.1;74.1;74.1;74.1;343.22;732.47;736.05;181
3188;19.2;31.1;31.1;31.1;31.1;31.1;31.1;31.1;31.1;61
3189;16.8;1.8;1.8;1.8;1.8;1.8;1.8;1.8;1.8;3
3190;15.6;0.0;0.0;0.0;0.0;0.0;0.0;0.0;0.0;0
3191;15.4;0.0;0.0;0.0;0.0;0.0;0.0;0.0;0.0;0
3192;15.2;0.0;0.0;0.0;0.0;0.0;0.0;0.0;0.0;0
3193;14.8;0.0;0.0;0.0;0.0;0.0;0.0;0.0;0.0;0
3194;13.8;0.0;0.0;0.0;0.0;0.0;0.0;0.0;0.0;0
3195;13.6;0.0;0.0;0.0;0.0;0.0;0.0;0.0;0.0;0
3196;13.6;0.0;0.0;0.0;0.0;0.0;0.0;0.0;0.0;0
3197;13.1;0.0;0.0;0.0;0.0;0.0;0.0;0.0;0.0;0
3198;14.5;27.81;40.03;42.81;34.51;23.9;23.9;23.9;23.9;44
3199;18.0;67.64;156.19;192.67;155.71;67.3;67.3;67.3;67.3;158
3200;18.7;103.3;239.98;349.99;315.49;156.69;103.3;103.3;103.3;308
3201;20.7;130.6;235.79;425.68;442.72;276.92;130.6;130.6;130.6;461
3202;22.4;147.1;156.36;418.55;521.72;405.45;147.1;147.1;147.1;606
3203;24.3;157.9;157.9;322.7;524.13;511.03;291.07;157.9;157.9;719
3204;25.9;165.2;165.2;165.2;454.85;574.83;454.85;165.2;165.2;792
3205;26.9;165.0;165.0;165.0;325.68;591.07;606.88;363.84;165.0;825
3206;28.1;160.6;160.6;160.6;160.6;549.61;724.7;569.34;174.55;811
3207;28.8;150.6;150.6;150.6;150.6;454.27;798.35;762.99;368.9;756
3208;29.2;144.7;144.7;144.7;144.7;302.26;770.86;872.66;548.04;642
3209;29.3;132.59;130.5;130.5;130.5;130.5;675.45;903.26;678.4;500
3210;28.8;265.3;106.7;106.7;106.7;106.7;537.46;874.49;761.76;347
3211;27.9;363.78;74.6;74.6;74.6;74.6;351.25;755.03;760.22;186
3212;26.0;32.4;32.4;32.4;32.4;32.4;32.4;32.4;32.4;69
3213;23.7;3.6;3.6;3.6;3.6;3.6;3.6;3.6;3.6;6
3214;21.3;0.0;0.0;0.0;0.0;0.0;0.0;0.0;0.0;0
3215;20.5;0.0;0.0;0.0;0.0;0.0;0.0;0.0;0.0;0
3216;18.1;0.0;0.0;0.0;0.0;0.0;0.0;0.0;0.0;0
3217;17.3;0.0;0.0;0.0;0.0;0.0;0.0;0.0;0.0;0
3218;16.9;0.0;0.0;0.0;0.0;0.0;0.0;0.0;0.0;0
3219;14.5;0.0;0.0;0.0;0.0;0.0;0.0;0.0;0.0;0
3220;14.9;0.0;0.0;0.0;0.0;0.0;0.0;0.0;0.0;0
3221;12.9;0.0;0.0;0.0;0.0;0.0;0.0;0.0;0.0;0
3222;14.7;22.44;29.67;31.29;26.35;20.1;20.1;20.1;20.1;36
3223;17.1;68.15;123.94;146.79;123.3;67.7;67.7;67.7;67.7;142
3224;21.4;107.9;217.51;304.87;276.85;149.87;107.9;107.9;107.9;289
3225;23.4;137.2;229.68;394.52;408.63;263.74;137.2;137.2;137.2;442
3226;25.1;157.6;166.72;395.96;485.57;383.06;157.6;157.6;157.6;581
3227;26.4;171.4;171.4;316.58;492.88;480.86;287.56;171.4;171.4;689
3228;27.8;179.6;179.6;179.6;436.02;542.24;436.02;179.6;179.6;761
3229;26.8;184.3;184.3;184.3;321.34;549.39;563.57;355.58;184.3;783
3230;26.0;186.1;186.1;186.1;186.1;501.86;645.43;519.93;198.87;756
3231;25.1;178.7;178.7;178.7;178.7;412.5;680.21;654.14;349.57;692
3232;23.2;162.0;162.0;162.0;162.0;288.86;672.73;757.43;493.33;600
3233;20.1;144.39;140.7;140.7;140.7;140.7;593.45;784.68;598.67;472
3234;19.8;247.26;112.1;112.1;112.1;112.1;472.75;757.29;663.89;331
3235;18.9;308.12;76.3;76.3;76.3;76.3;295.35;617.9;623.19;178
3236;17.8;32.9;32.9;32.9;32.9;32.9;32.9;32.9;32.9;64
3237;16.6;3.6;3.6;3.6;3.6;3.6;3.6;3.6;3.6;6
3238;15.6;0.0;0.0;0.0;0.0;0.0;0.0;0.0;0.0;0
3239;14.8;0.0;0.0;0.0;0.0;0.0;0.0;0.0;0.0;0
3240;14.0;0.0;0.0;0.0;0.0;0.0;0.0;0.0;0.0;0
3241;13.3;0.0;0.0;0.0;0.0;0.0;0.0;0.0;0.0;0
3242;12.9;0.0;0.0;0.0;0.0;0.0;0.0;0.0;0.0;0
3243;12.6;0.0;0.0;0.0;0.0;0.0;0.0;0.0;0.0;0
3244;11.9;0.0;0.0;0.0;0.0;0.0;0.0;0.0;0.0;0
3245;12.1;0.0;0.0;0.0;0.0;0.0;0.0;0.0;0.0;0
3246;12.7;26.33;35.82;37.92;31.4;23.2;23.2;23.2;23.2;42
3247;14.0;69.81;151.89;185.3;150.46;68.8;68.8;68.8;68.8;158
3248;14.8;107.9;222.28;312.59;283.0;150.83;107.9;107.9;107.9;294
3249;16.4;131.2;239.15;429.18;444.67;276.52;131.2;131.2;131.2;467
3250;17.1;145.2;157.03;424.71;528.66;407.98;145.2;145.2;145.2;617
3251;17.1;150.2;150.2;326.43;539.05;523.89;289.82;150.2;150.2;742
3252;18.0;156.3;156.3;156.3;468.65;598.03;468.65;156.3;156.3;828
3253;18.2;161.8;161.8;161.8;328.87;608.96;627.1;372.68;161.8;858
3254;17.4;160.0;160.0;160.0;160.0;568.77;756.49;594.79;178.4;850
3255;17.5;149.9;149.9;149.9;149.9;468.35;836.79;802.87;386.44;794
3256;16.2;130.2;130.2;130.2;130.2;308.83;858.7;981.83;606.08;692
3257;16.1;120.38;111.8;111.8;111.8;111.8;802.77;1097.55;814.9;553
3258;14.9;313.96;95.2;95.2;95.2;95.2;668.94;1125.35;978.31;392
3259;13.6;466.0;73.6;73.6;73.6;73.6;439.91;984.04;994.85;211
3260;12.4;34.6;34.6;34.6;34.6;34.6;34.6;34.6;34.6;81
3261;10.9;3.6;3.6;3.6;3.6;3.6;3.6;3.6;3.6;6
3262;10.0;0.0;0.0;0.0;0.0;0.0;0.0;0.0;0.0;0
3263;9.1;0.0;0.0;0.0;0.0;0.0;0.0;0.0;0.0;0
3264;9.2;0.0;0.0;0.0;0.0;0.0;0.0;0.0;0.0;0
3265;9.5;0.0;0.0;0.0;0.0;0.0;0.0;0.0;0.0;0
3266;9.6;0.0;0.0;0.0;0.0;0.0;0.0;0.0;0.0;0
3267;9.4;0.0;0.0;0.0;0.0;0.0;0.0;0.0;0.0;0
3268;9.0;0.0;0.0;0.0;0.0;0.0;0.0;0.0;0.0;0
3269;8.8;0.0;0.0;0.0;0.0;0.0;0.0;0.0;0.0;0
3270;8.7;13.48;15.82;16.33;14.72;12.7;12.7;12.7;12.7;22
3271;9.2;70.9;161.58;198.27;159.47;69.4;69.4;69.4;69.4;164
3272;10.7;103.7;252.83;369.49;330.46;158.59;103.7;103.7;103.7;322
3273;11.7;122.9;248.93;468.13;485.1;289.9;122.9;122.9;122.9;494
3274;12.8;135.7;149.98;444.27;557.8;424.07;135.7;135.7;135.7;642
3275;13.9;145.1;145.1;328.64;548.66;532.28;289.1;145.1;145.1;756
3276;14.1;156.3;156.3;156.3;465.87;594.11;465.87;156.3;156.3;828
3277;15.1;161.8;161.8;161.8;326.57;604.83;623.57;371.81;161.8;858
3278;15.7;157.9;157.9;157.9;157.9;557.23;742.41;585.2;177.68;839
3279;16.5;146.0;146.0;146.0;146.0;453.04;811.94;780.74;377.72;775
3280;16.1;134.7;134.7;134.7;134.7;299.37;814.97;932.08;582.1;672
3281;16.2;130.97;120.6;120.6;120.6;120.6;744.84;1013.78;759.5;536
3282;15.2;300.61;100.6;100.6;100.6;100.6;616.48;1030.17;899.33;381
3283;14.3;362.21;76.9;76.9;76.9;76.9;340.11;734.44;743.59;194
3284;13.4;35.6;35.6;35.6;35.6;35.6;35.6;35.6;35.6;81
3285;12.5;4.8;4.8;4.8;4.8;4.8;4.8;4.8;4.8;8
3286;11.6;0.0;0.0;0.0;0.0;0.0;0.0;0.0;0.0;0
3287;10.7;0.0;0.0;0.0;0.0;0.0;0.0;0.0;0.0;0
3288;10.0;0.0;0.0;0.0;0.0;0.0;0.0;0.0;0.0;0
3289;9.2;0.0;0.0;0.0;0.0;0.0;0.0;0.0;0.0;0
3290;8.3;0.0;0.0;0.0;0.0;0.0;0.0;0.0;0.0;0
3291;8.4;0.0;0.0;0.0;0.0;0.0;0.0;0.0;0.0;0
3292;8.3;0.0;0.0;0.0;0.0;0.0;0.0;0.0;0.0;0
3293;7.7;0.0;0.0;0.0;0.0;0.0;0.0;0.0;0.0;0
3294;8.5;31.69;45.53;48.51;38.9;27.0;27.0;27.0;27.0;50
3295;9.8;72.11;165.06;202.44;162.36;70.2;70.2;70.2;70.2;167
3296;12.9;104.7;251.87;365.95;327.0;157.82;104.7;104.7;104.7;322
3297;15.6;129.8;244.14;440.66;455.09;278.96;129.8;129.8;129.8;478
3298;17.7;147.7;161.44;421.69;521.43;402.25;147.7;147.7;147.7;617
3299;19.1;155.6;155.6;325.07;526.95;511.3;287.29;155.6;155.6;736
3300;20.3;167.2;167.2;167.2;447.49;563.6;447.49;167.2;167.2;797
3301;21.2;182.2;182.2;182.2;318.49;550.34;566.54;357.59;182.2;797
3302;21.5;157.8;157.8;157.8;157.8;545.63;727.21;575.24;178.74;828
3303;22.2;153.1;153.1;153.1;153.1;441.45;781.92;754.03;374.13;761
3304;22.7;142.8;142.8;142.8;142.8;294.06;775.78;886.7;561.86;658
3305;22.9;138.97;127.0;127.0;127.0;127.0;704.52;955.72;721.46;525
3306;22.3;293.07;104.0;104.0;104.0;104.0;583.84;971.67;851.23;375
3307;21.5;363.49;77.7;77.7;77.7;77.7;338.33;732.08;742.5;197
3308;20.4;36.3;36.3;36.3;36.3;36.3;36.3;36.3;36.3;78
3309;18.9;3.6;3.6;3.6;3.6;3.6;3.6;3.6;3.6;6
3310;17.5;0.0;0.0;0.0;0.0;0.0;0.0;0.0;0.0;0
3311;16.2;0.0;0.0;0.0;0.0;0.0;0.0;0.0;0.0;0
3312;15.5;0.0;0.0;0.0;0.0;0.0;0.0;0.0;0.0;0
3313;14.3;0.0;0.0;0.0;0.0;0.0;0.0;0.0;0.0;0
3314;13.0;0.0;0.0;0.0;0.0;0.0;0.0;0.0;0.0;0
3315;12.4;0.0;0.0;0.0;0.0;0.0;0.0;0.0;0.0;0
3316;11.5;0.0;0.0;0.0;0.0;0.0;0.0;0.0;0.0;0
3317;11.6;8.4;8.4;8.4;8.4;8.4;8.4;8.4;8.4;14
3318;12.3;36.41;59.17;64.02;48.12;28.6;28.6;28.6;28.6;56
3319;14.6;73.1;179.04;221.4;175.36;70.5;70.5;70.5;70.5;175
3320;16.6;103.3;263.46;386.51;343.66;160.01;103.3;103.3;103.3;333
3321;18.1;127.4;248.59;454.51;468.81;283.12;127.4;127.4;127.4;489
3322;19.2;141.8;157.55;433.64;538.77;411.37;141.8;141.8;141.8;633
3323;20.8;152.4;152.4;325.92;531.37;514.82;285.97;152.4;152.4;744
3324;21.8;160.4;160.4;160.4;453.5;574.91;453.5;160.4;160.4;814
3325;22.6;163.9;163.9;163.9;318.14;582.41;601.52;364.28;163.9;839
3326;23.3;161.7;161.7;161.7;161.7;537.17;714.63;568.19;183.63;822
3327;24.0;157.1;157.1;157.1;157.1;435.24;766.91;741.36;373.56;756
3328;24.0;145.1;145.1;145.1;145.1;291.14;764.06;874.4;557.53;656
3329;24.2;144.04;130.4;130.4;130.4;130.4;680.54;922.06;699.83;519
3330;23.4;285.81;106.9;106.9;106.9;106.9;553.9;917.97;806.93;369
3331;22.7;351.38;78.7;78.7;78.7;78.7;324.58;699.1;710.2;197
3332;21.2;36.8;36.8;36.8;36.8;36.8;36.8;36.8;36.8;78
3333;19.3;4.8;4.8;4.8;4.8;4.8;4.8;4.8;4.8;8
3334;18.4;0.0;0.0;0.0;0.0;0.0;0.0;0.0;0.0;0
3335;17.0;0.0;0.0;0.0;0.0;0.0;0.0;0.0;0.0;0
3336;15.5;0.0;0.0;0.0;0.0;0.0;0.0;0.0;0.0;0
3337;14.5;0.0;0.0;0.0;0.0;0.0;0.0;0.0;0.0;0
3338;13.5;0.0;0.0;0.0;0.0;0.0;0.0;0.0;0.0;0
3339;12.2;0.0;0.0;0.0;0.0;0.0;0.0;0.0;0.0;0
3340;11.4;0.0;0.0;0.0;0.0;0.0;0.0;0.0;0.0;0
3341;10.7;8.4;8.4;8.4;8.4;8.4;8.4;8.4;8.4;14
3342;13.0;31.13;40.11;42.0;35.69;28.0;28.0;28.0;28.0;50
3343;15.8;74.19;154.86;186.93;151.62;71.9;71.9;71.9;71.9;164
3344;18.0;109.1;237.48;335.26;300.56;153.7;109.1;109.1;109.1;311
3345;19.6;135.7;241.45;419.12;430.77;269.57;135.7;135.7;135.7;467
3346;21.3;152.1;167.2;414.05;507.44;392.69;152.1;152.1;152.1;611
3347;21.8;160.1;160.1;323.85;516.55;500.45;284.98;160.1;160.1;731
3348;22.0;165.6;165.6;165.6;447.4;564.13;447.4;165.6;165.6;806
3349;22.6;175.7;175.7;175.7;316.72;560.05;578.23;360.62;175.7;817
3350;23.6;173.0;173.0;173.0;173.0;517.33;681.58;547.91;194.62;800
3351;24.3;159.8;159.8;159.8;159.8;430.32;756.06;732.52;373.49;753
3352;25.0;147.8;147.8;147.8;147.8;288.23;750.59;859.85;552.0;653
3353;24.7;146.04;130.2;130.2;130.2;130.2;680.71;924.58;703.11;522
3354;24.2;276.23;110.6;110.6;110.6;110.6;518.19;852.65;752.43;361
3355;23.5;293.09;80.1;80.1;80.1;80.1;270.05;561.73;571.27;186
3356;21.9;37.2;37.2;37.2;37.2;37.2;37.2;37.2;37.2;72
3357;19.9;3.6;3.6;3.6;3.6;3.6;3.6;3.6;3.6;6
3358;19.3;0.0;0.0;0.0;0.0;0.0;0.0;0.0;0.0;0
3359;17.7;0.0;0.0;0.0;0.0;0.0;0.0;0.0;0.0;0
3360;16.6;0.0;0.0;0.0;0.0;0.0;0.0;0.0;0.0;0
3361;15.4;0.0;0.0;0.0;0.0;0.0;0.0;0.0;0.0;0
3362;14.5;0.0;0.0;0.0;0.0;0.0;0.0;0.0;0.0;0
3363;13.7;0.0;0.0;0.0;0.0;0.0;0.0;0.0;0.0;0
3364;13.7;0.0;0.0;0.0;0.0;0.0;0.0;0.0;0.0;0
3365;12.7;8.4;8.4;8.4;8.4;8.4;8.4;8.4;8.4;14
3366;13.9;29.33;38.2;40.04;33.78;26.2;26.2;26.2;26.2;47
3367;17.5;74.94;147.38;176.02;144.08;72.6;72.6;72.6;72.6;161
3368;18.8;90.6;100.52;108.01;105.31;93.98;90.6;90.6;90.6;161
3369;20.6;137.4;240.82;412.71;423.32;266.44;137.4;137.4;137.4;464
3370;21.4;153.8;169.53;410.45;501.03;388.21;153.8;153.8;153.8;608
3371;22.2;169.1;169.1;319.94;496.4;481.14;283.08;169.1;169.1;711
3372;22.8;176.3;176.3;176.3;434.28;541.14;434.28;176.3;176.3;783
3373;23.4;176.7;176.7;176.7;315.47;556.6;575.19;360.35;176.7;817
3374;24.1;166.2;166.2;166.2;166.2;526.14;699.38;560.29;190.35;817
3375;24.3;159.6;159.6;159.6;159.6;428.67;755.77;733.64;375.25;756
3376;24.6;153.2;153.2;153.2;153.2;284.01;721.81;826.52;536.82;642
3377;24.5;153.15;136.8;136.8;136.8;136.8;637.15;860.75;660.27;508
3378;24.2;270.14;113.1;113.1;113.1;113.1;493.91;808.69;716.0;356
3379;23.3;296.39;80.9;80.9;80.9;80.9;271.04;565.28;575.78;189
3380;20.6;36.9;36.9;36.9;36.9;36.9;36.9;36.9;36.9;69
3381;16.9;3.6;3.6;3.6;3.6;3.6;3.6;3.6;3.6;6
3382;14.7;0.0;0.0;0.0;0.0;0.0;0.0;0.0;0.0;0
3383;14.9;0.0;0.0;0.0;0.0;0.0;0.0;0.0;0.0;0
3384;13.0;0.0;0.0;0.0;0.0;0.0;0.0;0.0;0.0;0
3385;11.6;0.0;0.0;0.0;0.0;0.0;0.0;0.0;0.0;0
3386;11.5;0.0;0.0;0.0;0.0;0.0;0.0;0.0;0.0;0
3387;10.5;0.0;0.0;0.0;0.0;0.0;0.0;0.0;0.0;0
3388;10.1;0.0;0.0;0.0;0.0;0.0;0.0;0.0;0.0;0
3389;10.6;8.4;8.4;8.4;8.4;8.4;8.4;8.4;8.4;14
3390;11.6;29.04;35.62;36.97;32.3;26.7;26.7;26.7;26.7;47
3391;16.8;73.92;121.83;140.66;119.39;72.2;72.2;72.2;72.2;147
3392;19.0;114.1;209.01;280.09;253.94;145.87;114.1;114.1;114.1;286
3393;22.6;146.8;227.66;360.64;368.35;246.28;146.8;146.8;146.8;428
3394;24.1;180.2;190.41;337.71;392.75;323.28;180.2;180.2;180.2;517
3395;25.6;181.6;181.6;314.1;468.2;454.41;280.82;181.6;181.6;681
3396;26.5;179.8;179.8;179.8;430.07;533.73;430.07;179.8;179.8;778
3397;26.8;168.6;168.6;168.6;314.15;568.81;589.03;362.97;168.6;836
3398;26.7;171.3;171.3;171.3;171.3;516.34;683.88;551.15;195.91;808
3399;26.2;158.1;158.1;158.1;158.1;428.05;759.3;738.38;377.53;761
3400;25.9;151.0;151.0;151.0;151.0;283.06;732.25;840.96;545.5;650
3401;25.8;157.67;140.5;140.5;140.5;140.5;610.94;822.97;635.22;500
3402;25.7;269.58;114.1;114.1;114.1;114.1;485.82;795.26;705.69;356
3403;25.0;322.03;81.2;81.2;81.2;81.2;291.49;619.43;632.08;197
3404;23.2;38.2;38.2;38.2;38.2;38.2;38.2;38.2;38.2;72
3405;21.6;4.8;4.8;4.8;4.8;4.8;4.8;4.8;4.8;8
3406;20.2;0.0;0.0;0.0;0.0;0.0;0.0;0.0;0.0;0
3407;18.6;0.0;0.0;0.0;0.0;0.0;0.0;0.0;0.0;0
3408;15.2;0.0;0.0;0.0;0.0;0.0;0.0;0.0;0.0;0
3409;13.9;0.0;0.0;0.0;0.0;0.0;0.0;0.0;0.0;0
3410;11.9;0.0;0.0;0.0;0.0;0.0;0.0;0.0;0.0;0
3411;13.0;0.0;0.0;0.0;0.0;0.0;0.0;0.0;0.0;0
3412;14.1;0.0;0.0;0.0;0.0;0.0;0.0;0.0;0.0;0
3413;13.7;1.8;1.8;1.8;1.8;1.8;1.8;1.8;1.8;3
3414;15.2;24.24;30.74;32.06;27.43;21.9;21.9;21.9;21.9;39
3415;16.9;53.75;62.66;66.15;62.17;53.4;53.4;53.4;53.4;94
3416;20.7;115.4;191.2;247.51;226.44;140.32;115.4;115.4;115.4;269
3417;22.7;145.4;232.33;373.82;381.5;250.88;145.4;145.4;145.4;439
3418;24.9;166.3;181.16;384.18;459.57;363.16;166.3;166.3;166.3;578
3419;26.3;176.2;176.2;316.96;479.74;464.71;280.68;176.2;176.2;697
3420;27.3;179.6;179.6;179.6;429.67;533.25;429.67;179.6;179.6;781
3421;27.1;235.8;235.8;235.8;290.2;386.02;393.84;309.09;235.8;603
3422;26.9;224.7;224.7;224.7;224.7;399.75;485.48;418.44;237.92;642
3423;27.2;211.7;211.7;211.7;211.7;339.97;498.82;489.48;317.41;592
3424;27.4;194.3;194.3;194.3;194.3;229.78;352.41;382.42;302.23;433
3425;26.4;156.63;154.4;154.4;154.4;154.4;209.91;235.14;213.07;289
3426;26.2;149.29;119.6;119.6;119.6;119.6;189.62;248.31;231.6;231
3427;25.1;60.59;47.8;47.8;47.8;47.8;58.86;76.23;76.95;83
3428;23.5;13.2;13.2;13.2;13.2;13.2;13.2;13.2;13.2;22
3429;20.8;1.8;1.8;1.8;1.8;1.8;1.8;1.8;1.8;3
3430;20.8;0.0;0.0;0.0;0.0;0.0;0.0;0.0;0.0;0
3431;20.8;0.0;0.0;0.0;0.0;0.0;0.0;0.0;0.0;0
3432;20.3;0.0;0.0;0.0;0.0;0.0;0.0;0.0;0.0;0
3433;19.0;0.0;0.0;0.0;0.0;0.0;0.0;0.0;0.0;0
3434;17.7;0.0;0.0;0.0;0.0;0.0;0.0;0.0;0.0;0
3435;16.3;0.0;0.0;0.0;0.0;0.0;0.0;0.0;0.0;0
3436;15.6;0.0;0.0;0.0;0.0;0.0;0.0;0.0;0.0;0
3437;14.4;1.8;1.8;1.8;1.8;1.8;1.8;1.8;1.8;3
3438;16.2;29.04;35.47;36.76;32.16;26.7;26.7;26.7;26.7;47
3439;18.2;76.14;135.1;158.03;131.51;73.6;73.6;73.6;73.6;156
3440;20.4;113.3;225.99;309.06;277.45;149.69;113.3;113.3;113.3;303
3441;21.7;143.5;236.88;387.36;394.99;255.3;143.5;143.5;143.5;450
3442;23.8;162.7;179.26;394.23;473.57;370.8;162.7;162.7;162.7;592
3443;24.6;175.3;175.3;318.2;482.53;466.89;280.44;175.3;175.3;703
3444;25.9;185.7;185.7;185.7;421.44;519.09;421.44;185.7;185.7;767
3445;26.6;187.7;187.7;187.7;311.61;531.34;549.77;356.1;187.7;797
3446;27.0;170.4;170.4;170.4;170.4;514.17;683.93;552.87;197.76;814
3447;27.2;161.3;161.3;161.3;161.3;420.7;744.81;727.1;377.96;758
3448;26.7;194.9;194.9;194.9;194.9;239.26;395.0;433.52;332.27;464
3449;26.3;163.14;159.2;159.2;159.2;159.2;248.96;290.07;254.53;317
3450;25.8;124.78;111.5;111.5;111.5;111.5;142.41;168.5;161.2;200
3451;24.7;87.77;62.6;62.6;62.6;62.6;84.14;118.23;119.73;111
3452;22.1;23.7;23.7;23.7;23.7;23.7;23.7;23.7;23.7;42
3453;19.4;3.6;3.6;3.6;3.6;3.6;3.6;3.6;3.6;6
3454;18.0;0.0;0.0;0.0;0.0;0.0;0.0;0.0;0.0;0
3455;20.5;0.0;0.0;0.0;0.0;0.0;0.0;0.0;0.0;0
3456;18.7;0.0;0.0;0.0;0.0;0.0;0.0;0.0;0.0;0
3457;18.5;0.0;0.0;0.0;0.0;0.0;0.0;0.0;0.0;0
3458;18.0;0.0;0.0;0.0;0.0;0.0;0.0;0.0;0.0;0
3459;17.4;0.0;0.0;0.0;0.0;0.0;0.0;0.0;0.0;0
3460;16.1;0.0;0.0;0.0;0.0;0.0;0.0;0.0;0.0;0
3461;15.9;1.8;1.8;1.8;1.8;1.8;1.8;1.8;1.8;3
3462;16.2;31.13;39.6;41.28;35.18;28.0;28.0;28.0;28.0;50
3463;18.1;76.18;123.0;141.12;119.92;74.0;74.0;74.0;74.0;150
3464;20.5;115.4;210.67;280.35;253.41;145.63;115.4;115.4;115.4;289
3465;22.4;146.9;233.07;370.6;377.08;248.73;146.9;146.9;146.9;439
3466;24.1;178.1;190.96;350.09;408.47;331.9;178.1;178.1;178.1;536
3467;25.3;187.4;187.4;311.05;452.48;438.63;277.61;187.4;187.4;669
3468;26.3;205.6;205.6;205.6;394.01;472.05;394.01;205.6;205.6;711
3469;27.0;206.7;206.7;206.7;308.5;490.21;505.84;346.24;206.7;747
3470;26.8;220.4;220.4;220.4;220.4;414.39;510.97;437.33;236.62;669
3471;27.7;168.4;168.4;168.4;168.4;411.4;717.68;702.2;374.02;744
3472;27.2;195.4;195.4;195.4;195.4;232.4;364.35;397.33;312.02;444
3473;27.7;171.91;157.2;157.2;157.2;157.2;467.15;610.25;487.95;442
3474;26.3;99.69;91.1;91.1;91.1;91.1;110.85;127.62;123.0;161
3475;23.4;49.19;39.9;39.9;39.9;39.9;47.78;60.33;60.92;69
3476;22.9;24.2;24.2;24.2;24.2;24.2;24.2;24.2;24.2;42
3477;22.2;4.8;4.8;4.8;4.8;4.8;4.8;4.8;4.8;8
3478;20.8;0.0;0.0;0.0;0.0;0.0;0.0;0.0;0.0;0
3479;19.1;0.0;0.0;0.0;0.0;0.0;0.0;0.0;0.0;0
3480;16.6;0.0;0.0;0.0;0.0;0.0;0.0;0.0;0.0;0
3481;15.0;0.0;0.0;0.0;0.0;0.0;0.0;0.0;0.0;0
3482;15.0;0.0;0.0;0.0;0.0;0.0;0.0;0.0;0.0;0
3483;14.7;0.0;0.0;0.0;0.0;0.0;0.0;0.0;0.0;0
3484;14.7;0.0;0.0;0.0;0.0;0.0;0.0;0.0;0.0;0
3485;13.7;1.8;1.8;1.8;1.8;1.8;1.8;1.8;1.8;3
3486;13.9;38.85;55.63;58.91;46.79;32.6;32.6;32.6;32.6;61
3487;14.5;79.87;181.57;220.72;174.4;74.8;74.8;74.8;74.8;183
3488;15.9;108.6;261.12;371.87;328.4;156.17;108.6;108.6;108.6;336
3489;18.7;134.6;250.94;434.91;442.95;270.37;134.6;134.6;134.6;486
3490;21.0;150.8;171.83;420.75;511.54;391.01;150.8;150.8;150.8;628
3491;22.6;160.7;160.7;324.57;511.01;492.24;279.26;160.7;160.7;742
3492;23.6;166.9;166.9;166.9;439.05;551.78;439.05;166.9;166.9;814
3493;24.1;173.3;173.3;173.3;309.36;553.78;575.32;361.36;173.3;833
3494;24.1;167.0;167.0;167.0;167.0;515.63;690.55;558.79;197.52;825
3495;23.7;158.4;158.4;158.4;158.4;420.43;753.5;737.97;382.94;769
3496;24.3;140.8;140.8;140.8;140.8;278.4;776.57;902.31;581.97;683
3497;23.4;156.75;127.7;127.7;127.7;127.7;698.26;963.64;739.34;547
3498;23.0;303.16;109.4;109.4;109.4;109.4;549.22;925.16;823.24;389
3499;22.1;346.04;83.6;83.6;83.6;83.6;304.06;657.82;675.21;211
3500;21.0;40.8;40.8;40.8;40.8;40.8;40.8;40.8;40.8;78
3501;19.9;6.6;6.6;6.6;6.6;6.6;6.6;6.6;6.6;11
3502;18.8;0.0;0.0;0.0;0.0;0.0;0.0;0.0;0.0;0
3503;18.2;0.0;0.0;0.0;0.0;0.0;0.0;0.0;0.0;0
3504;17.3;0.0;0.0;0.0;0.0;0.0;0.0;0.0;0.0;0
3505;16.8;0.0;0.0;0.0;0.0;0.0;0.0;0.0;0.0;0
3506;16.6;0.0;0.0;0.0;0.0;0.0;0.0;0.0;0.0;0
3507;16.2;0.0;0.0;0.0;0.0;0.0;0.0;0.0;0.0;0
3508;15.2;0.0;0.0;0.0;0.0;0.0;0.0;0.0;0.0;0
3509;14.7;1.8;1.8;1.8;1.8;1.8;1.8;1.8;1.8;3
3510;14.7;23.96;28.12;28.92;25.91;22.4;22.4;22.4;22.4;39
3511;15.9;73.98;99.95;109.9;98.0;72.6;72.6;72.6;72.6;136
3512;16.4;116.2;212.82;282.48;254.73;145.83;116.2;116.2;116.2;292
3513;17.2;154.4;215.28;310.67;314.52;224.58;154.4;154.4;154.4;394
3514;18.4;166.6;184.42;386.86;460.27;361.65;166.6;166.6;166.6;586
3515;20.4;167.3;167.3;322.06;497.22;479.13;278.36;167.3;167.3;728
3516;21.8;222.0;222.0;222.0;363.24;421.74;363.24;222.0;222.0;650
3517;21.2;239.8;239.8;239.8;278.95;349.72;356.1;294.35;239.8;558
3518;23.6;201.7;201.7;201.7;201.7;458.43;588.23;491.61;225.16;742
3519;23.9;212.1;212.1;212.1;212.1;341.76;507.94;500.82;324.57;606
3520;24.2;181.9;181.9;181.9;181.9;262.01;556.4;631.41;443.1;569
3521;23.4;173.51;154.2;154.2;154.2;154.2;509.83;676.44;537.13;467
3522;23.1;275.5;116.9;116.9;116.9;116.9;472.7;778.68;697.0;364
3523;22.4;319.34;84.6;84.6;84.6;84.6;280.04;595.73;612.01;206
3524;21.4;41.3;41.3;41.3;41.3;41.3;41.3;41.3;41.3;78
3525;20.4;8.4;8.4;8.4;8.4;8.4;8.4;8.4;8.4;14
3526;19.4;0.0;0.0;0.0;0.0;0.0;0.0;0.0;0.0;0
3527;18.2;0.0;0.0;0.0;0.0;0.0;0.0;0.0;0.0;0
3528;17.6;0.0;0.0;0.0;0.0;0.0;0.0;0.0;0.0;0
3529;17.4;0.0;0.0;0.0;0.0;0.0;0.0;0.0;0.0;0
3530;16.0;0.0;0.0;0.0;0.0;0.0;0.0;0.0;0.0;0
3531;15.3;0.0;0.0;0.0;0.0;0.0;0.0;0.0;0.0;0
3532;14.9;0.0;0.0;0.0;0.0;0.0;0.0;0.0;0.0;0
3533;14.6;1.8;1.8;1.8;1.8;1.8;1.8;1.8;1.8;3
3534;15.6;36.21;46.49;48.46;40.97;32.3;32.3;32.3;32.3;58
3535;16.6;67.63;80.53;85.45;79.5;66.9;66.9;66.9;66.9;119
3536;19.5;117.1;206.23;270.04;244.26;143.99;117.1;117.1;117.1;286
3537;20.6;151.2;227.06;344.89;349.27;237.62;151.2;151.2;151.2;422
3538;22.8;146.7;170.43;429.76;523.28;396.2;146.7;146.7;146.7;642
3539;23.7;165.8;165.8;322.68;499.37;480.65;277.5;165.8;165.8;733
3540;25.3;169.6;169.6;169.6;434.34;544.0;434.34;169.6;169.6;811
3541;25.2;190.7;190.7;190.7;307.91;521.06;540.7;355.31;190.7;797
3542;26.5;171.4;171.4;171.4;171.4;506.16;676.66;551.19;203.24;819
3543;26.6;157.5;157.5;157.5;157.5;418.03;754.62;741.43;386.18;775
3544;26.4;144.6;144.6;144.6;144.6;274.87;760.56;885.43;576.34;681
3545;26.3;165.93;136.6;136.6;136.6;136.6;646.25;886.69;687.74;531
3546;26.0;286.6;115.5;115.5;115.5;115.5;495.03;823.34;737.0;375
3547;25.0;331.63;85.1;85.1;85.1;85.1;288.59;619.4;637.23;211
3548;23.8;41.5;41.5;41.5;41.5;41.5;41.5;41.5;41.5;75
3549;22.1;0.0;0.0;0.0;0.0;0.0;0.0;0.0;0.0;0
3550;21.1;0.0;0.0;0.0;0.0;0.0;0.0;0.0;0.0;0
3551;19.9;0.0;0.0;0.0;0.0;0.0;0.0;0.0;0.0;0
3552;18.6;0.0;0.0;0.0;0.0;0.0;0.0;0.0;0.0;0
3553;18.0;0.0;0.0;0.0;0.0;0.0;0.0;0.0;0.0;0
3554;16.7;0.0;0.0;0.0;0.0;0.0;0.0;0.0;0.0;0
3555;15.6;0.0;0.0;0.0;0.0;0.0;0.0;0.0;0.0;0
3556;14.9;0.0;0.0;0.0;0.0;0.0;0.0;0.0;0.0;0
3557;14.1;3.6;3.6;3.6;3.6;3.6;3.6;3.6;3.6;6
3558;14.5;43.29;65.71;69.96;53.56;34.7;34.7;34.7;34.7;67
3559;16.1;82.73;198.12;241.91;188.46;75.9;75.9;75.9;75.9;194
3560;19.0;105.3;284.13;411.31;359.24;158.4;105.3;105.3;105.3;358
3561;20.2;123.7;264.86;482.32;489.71;282.69;123.7;123.7;123.7;522
3562;21.1;137.4;164.16;446.23;547.39;408.38;137.4;137.4;137.4;664
3563;22.6;146.8;146.8;329.5;534.28;512.07;275.89;146.8;146.8;778
3564;23.3;157.9;157.9;157.9;444.6;563.36;444.6;157.9;157.9;839
3565;23.7;168.0;168.0;168.0;305.97;558.38;582.11;363.26;168.0;850
3566;24.2;182.2;182.2;182.2;182.2;489.52;647.17;532.44;212.55;797
3567;24.3;203.5;203.5;203.5;203.5;359.98;563.72;556.45;342.43;650
3568;24.3;184.2;184.2;184.2;184.2;259.86;545.97;620.16;438.98;567
3569;23.5;178.25;162.3;162.3;162.3;162.3;424.93;549.66;447.48;428
3570;21.7;171.11;125.8;125.8;125.8;125.8;225.23;311.73;289.32;258
3571;20.7;95.1;68.7;68.7;68.7;68.7;90.31;125.67;127.65;122
3572;19.2;28.5;28.5;28.5;28.5;28.5;28.5;28.5;28.5;50
3573;18.9;3.1;3.1;3.1;3.1;3.1;3.1;3.1;3.1;6
3574;16.6;0.0;0.0;0.0;0.0;0.0;0.0;0.0;0.0;0
3575;16.1;0.0;0.0;0.0;0.0;0.0;0.0;0.0;0.0;0
3576;16.4;0.0;0.0;0.0;0.0;0.0;0.0;0.0;0.0;0
3577;15.8;0.0;0.0;0.0;0.0;0.0;0.0;0.0;0.0;0
3578;15.3;0.0;0.0;0.0;0.0;0.0;0.0;0.0;0.0;0
3579;15.3;0.0;0.0;0.0;0.0;0.0;0.0;0.0;0.0;0
3580;14.9;0.0;0.0;0.0;0.0;0.0;0.0;0.0;0.0;0
3581;13.7;1.8;1.8;1.8;1.8;1.8;1.8;1.8;1.8;3
3582;14.5;36.21;46.31;48.2;40.78;32.3;32.3;32.3;32.3;58
3583;16.6;83.19;226.2;280.23;213.63;74.3;74.3;74.3;74.3;208
3584;18.1;115.4;234.47;318.6;283.7;150.21;115.4;115.4;115.4;314
3585;19.2;150.1;233.29;360.42;364.35;242.77;150.1;150.1;150.1;436
3586;20.9;160.8;182.31;401.49;479.67;371.06;160.8;160.8;160.8;608
3587;21.9;164.4;164.4;323.26;500.49;480.83;275.82;164.4;164.4;739
3588;23.5;204.5;204.5;204.5;394.6;473.34;394.6;204.5;204.5;725
3589;24.2;186.1;186.1;186.1;306.1;526.92;548.09;357.21;186.1;811
3590;21.9;206.4;206.4;206.4;206.4;221.86;229.85;224.1;207.98;369
3591;22.2;213.8;213.8;213.8;213.8;239.57;273.37;272.27;236.93;408
3592;21.7;190.4;190.4;190.4;190.4;203.75;254.96;268.34;236.07;364
3593;20.6;52.16;51.9;51.9;51.9;51.9;56.04;58.02;56.41;89
3594;19.3;63.21;59.3;59.3;59.3;59.3;67.78;75.2;73.31;103
3595;19.1;103.8;74.8;74.8;74.8;74.8;98.35;137.1;139.35;133
3596;17.7;44.1;44.1;44.1;44.1;44.1;44.1;44.1;44.1;86
3597;16.7;3.1;3.1;3.1;3.1;3.1;3.1;3.1;3.1;6
3598;16.1;0.0;0.0;0.0;0.0;0.0;0.0;0.0;0.0;0
3599;15.7;0.0;0.0;0.0;0.0;0.0;0.0;0.0;0.0;0
3600;15.8;0.0;0.0;0.0;0.0;0.0;0.0;0.0;0.0;0
3601;16.1;0.0;0.0;0.0;0.0;0.0;0.0;0.0;0.0;0
3602;15.7;0.0;0.0;0.0;0.0;0.0;0.0;0.0;0.0;0
3603;14.4;0.0;0.0;0.0;0.0;0.0;0.0;0.0;0.0;0
3604;14.0;0.0;0.0;0.0;0.0;0.0;0.0;0.0;0.0;0
3605;14.1;1.8;1.8;1.8;1.8;1.8;1.8;1.8;1.8;3
3606;14.5;23.96;27.97;28.71;25.76;22.4;22.4;22.4;22.4;39
3607;16.5;81.79;149.36;174.78;143.16;77.4;77.4;77.4;77.4;169
3608;18.0;115.9;234.01;316.95;282.12;149.92;115.9;115.9;115.9;314
3609;19.5;151.6;231.55;352.8;356.19;239.73;151.6;151.6;151.6;431
3610;21.2;172.0;190.72;375.55;441.14;349.07;172.0;172.0;172.0;575
3611;23.3;178.6;178.6;317.74;472.27;454.76;275.49;178.6;178.6;706
3612;24.0;193.3;193.3;193.3;407.69;496.49;407.69;193.3;193.3;758
3613;24.4;171.9;171.9;171.9;304.18;548.95;572.84;361.87;171.9;844
3614;22.9;234.5;234.5;234.5;234.5;362.95;429.74;382.16;248.08;600
3615;21.8;99.7;99.7;99.7;99.7;102.58;106.39;106.28;102.32;172
3616;21.9;58.5;58.5;58.5;58.5;59.2;61.94;62.66;60.94;100
3617;22.3;105.71;104.8;104.8;104.8;104.8;118.5;125.09;119.79;183
3618;21.7;87.73;80.7;80.7;80.7;80.7;95.82;109.11;105.76;142
3619;20.9;68.24;53.9;53.9;53.9;53.9;65.46;84.58;85.73;94
3620;19.2;28.5;28.5;28.5;28.5;28.5;28.5;28.5;28.5;50
3621;17.3;0.0;0.0;0.0;0.0;0.0;0.0;0.0;0.0;0
3622;15.1;0.0;0.0;0.0;0.0;0.0;0.0;0.0;0.0;0
3623;13.9;0.0;0.0;0.0;0.0;0.0;0.0;0.0;0.0;0
3624;12.2;0.0;0.0;0.0;0.0;0.0;0.0;0.0;0.0;0
3625;11.4;0.0;0.0;0.0;0.0;0.0;0.0;0.0;0.0;0
3626;10.5;0.0;0.0;0.0;0.0;0.0;0.0;0.0;0.0;0
3627;8.8;0.0;0.0;0.0;0.0;0.0;0.0;0.0;0.0;0
3628;7.6;0.0;0.0;0.0;0.0;0.0;0.0;0.0;0.0;0
3629;7.3;3.6;3.6;3.6;3.6;3.6;3.6;3.6;3.6;6
3630;10.0;67.93;149.43;164.42;104.13;35.9;35.9;35.9;35.9;94
3631;12.6;84.4;242.61;301.88;227.48;73.7;73.7;73.7;73.7;217
3632;13.4;98.3;312.28;461.65;398.18;159.04;98.3;98.3;98.3;383
3633;13.7;131.6;260.3;454.06;458.92;272.04;131.6;131.6;131.6;506
3634;14.8;148.7;174.92;426.22;514.96;389.14;148.7;148.7;148.7;642
3635;15.3;168.6;168.6;321.56;490.7;471.15;274.37;168.6;168.6;731
3636;15.7;187.0;187.0;187.0;413.62;507.49;413.62;187.0;187.0;775
3637;16.3;179.3;179.3;179.3;303.68;535.08;558.06;359.17;179.3;828
3638;16.4;215.1;215.1;215.1;215.1;427.08;537.99;459.76;238.21;706
3639;17.8;220.1;220.1;220.1;220.1;315.22;441.8;438.51;307.27;561
3640;18.9;187.6;187.6;187.6;187.6;255.04;520.54;591.02;425.18;556
3641;18.3;176.42;166.2;166.2;166.2;166.2;313.18;384.28;327.64;367
3642;18.3;225.36;127.7;127.7;127.7;127.7;335.71;519.54;473.83;317
3643;17.7;107.32;76.1;76.1;76.1;76.1;101.08;142.65;145.23;136
3644;17.1;22.4;22.4;22.4;22.4;22.4;22.4;22.4;22.4;39
3645;16.3;1.8;1.8;1.8;1.8;1.8;1.8;1.8;1.8;3
3646;16.0;0.0;0.0;0.0;0.0;0.0;0.0;0.0;0.0;0
3647;16.0;0.0;0.0;0.0;0.0;0.0;0.0;0.0;0.0;0
3648;15.5;0.0;0.0;0.0;0.0;0.0;0.0;0.0;0.0;0
3649;14.6;0.0;0.0;0.0;0.0;0.0;0.0;0.0;0.0;0
3650;13.4;0.0;0.0;0.0;0.0;0.0;0.0;0.0;0.0;0
3651;13.5;0.0;0.0;0.0;0.0;0.0;0.0;0.0;0.0;0
3652;14.1;0.0;0.0;0.0;0.0;0.0;0.0;0.0;0.0;0
3653;14.3;0.0;0.0;0.0;0.0;0.0;0.0;0.0;0.0;0
3654;14.4;1.8;1.8;1.8;1.8;1.8;1.8;1.8;1.8;3
3655;14.5;6.6;6.6;6.6;6.6;6.6;6.6;6.6;6.6;11
3656;14.8;26.4;26.4;26.4;26.4;26.4;26.4;26.4;26.4;44
3657;15.2;42.2;42.95;44.07;44.09;43.01;42.2;42.2;42.2;72
3658;15.1;68.2;68.43;70.54;71.28;70.22;68.2;68.2;68.2;117
3659;15.1;59.0;59.0;59.57;60.19;60.11;59.39;59.0;59.0;100
3660;15.7;74.8;74.8;74.8;76.42;77.09;76.42;74.8;74.8;128
3661;16.4;126.4;126.4;126.4;128.34;131.97;132.34;129.23;126.4;219
3662;16.7;123.4;123.4;123.4;123.4;128.45;131.11;129.25;123.97;214
3663;16.7;124.7;124.7;124.7;124.7;129.15;135.12;134.98;128.82;217
3664;17.4;143.3;143.3;143.3;143.3;147.17;162.59;166.71;157.12;253
3665;18.6;134.76;133.1;133.1;133.1;133.1;156.09;167.27;158.44;236
3666;19.3;115.54;104.6;104.6;104.6;104.6;127.69;148.19;143.16;186
3667;18.3;95.8;70.5;70.5;70.5;70.5;90.6;124.22;126.38;125
3668;17.6;38.9;38.9;38.9;38.9;38.9;38.9;38.9;38.9;69
3669;15.9;7.4;7.4;7.4;7.4;7.4;7.4;7.4;7.4;14
3670;15.0;0.0;0.0;0.0;0.0;0.0;0.0;0.0;0.0;0
3671;14.9;0.0;0.0;0.0;0.0;0.0;0.0;0.0;0.0;0
3672;13.7;0.0;0.0;0.0;0.0;0.0;0.0;0.0;0.0;0
3673;13.5;0.0;0.0;0.0;0.0;0.0;0.0;0.0;0.0;0
3674;14.1;0.0;0.0;0.0;0.0;0.0;0.0;0.0;0.0;0
3675;13.6;0.0;0.0;0.0;0.0;0.0;0.0;0.0;0.0;0
3676;14.0;0.0;0.0;0.0;0.0;0.0;0.0;0.0;0.0;0
3677;14.3;3.6;3.6;3.6;3.6;3.6;3.6;3.6;3.6;6
3678;15.6;42.73;60.36;63.54;50.42;35.7;35.7;35.7;35.7;67
3679;17.4;85.25;189.19;227.82;178.51;77.7;77.7;77.7;77.7;192
3680;18.2;118.4;163.86;195.25;181.62;130.95;118.4;118.4;118.4;244
3681;20.5;150.4;235.18;361.07;363.55;241.17;150.4;150.4;150.4;439
3682;21.1;191.6;199.36;269.83;294.48;258.87;191.6;191.6;191.6;431
3683;22.3;217.8;217.8;266.86;320.67;314.22;251.28;217.8;217.8;508
3684;23.9;216.6;216.6;216.6;373.88;439.03;373.88;216.6;216.6;686
3685;25.3;222.6;222.6;222.6;299.96;445.36;460.26;335.95;222.6;706
3686;24.8;237.9;237.9;237.9;237.9;326.75;373.8;341.24;248.14;544
3687;22.5;214.1;214.1;214.1;214.1;237.8;269.75;269.1;236.23;406
3688;17.7;69.9;69.9;69.9;69.9;70.57;73.29;74.02;72.34;119
3689;15.9;76.2;75.6;75.6;75.6;75.6;83.67;87.61;84.52;131
3690;14.4;19.8;19.8;19.8;19.8;19.8;19.8;19.8;19.8;33
3691;14.2;11.4;11.4;11.4;11.4;11.4;11.4;11.4;11.4;19
3692;14.3;13.2;13.2;13.2;13.2;13.2;13.2;13.2;13.2;22
3693;14.1;3.1;3.1;3.1;3.1;3.1;3.1;3.1;3.1;6
3694;14.5;0.0;0.0;0.0;0.0;0.0;0.0;0.0;0.0;0
3695;14.3;0.0;0.0;0.0;0.0;0.0;0.0;0.0;0.0;0
3696;14.0;0.0;0.0;0.0;0.0;0.0;0.0;0.0;0.0;0
3697;13.7;0.0;0.0;0.0;0.0;0.0;0.0;0.0;0.0;0
3698;12.9;0.0;0.0;0.0;0.0;0.0;0.0;0.0;0.0;0
3699;12.1;0.0;0.0;0.0;0.0;0.0;0.0;0.0;0.0;0
3700;12.3;0.0;0.0;0.0;0.0;0.0;0.0;0.0;0.0;0
3701;12.5;3.6;3.6;3.6;3.6;3.6;3.6;3.6;3.6;6
3702;12.3;17.08;19.03;19.38;17.92;16.3;16.3;16.3;16.3;28
3703;12.2;18.2;19.58;20.09;19.44;18.1;18.1;18.1;18.1;31
3704;12.1;16.3;17.11;17.67;17.42;16.52;16.3;16.3;16.3;28
3705;12.4;24.7;25.08;25.63;25.64;25.1;24.7;24.7;24.7;42
3706;15.7;191.2;201.7;294.89;327.33;280.04;191.2;191.2;191.2;467
3707;14.6;211.6;211.6;231.3;252.81;250.19;224.96;211.6;211.6;411
3708;15.0;103.3;103.3;103.3;106.11;107.27;106.11;103.3;103.3;178
3709;14.5;170.5;170.5;170.5;174.13;180.97;181.69;175.85;170.5;300
3710;15.9;232.3;232.3;232.3;232.3;274.72;297.31;281.81;237.31;458
3711;17.1;221.9;221.9;221.9;221.9;266.94;328.04;326.96;264.34;464
3712;18.4;194.3;194.3;194.3;194.3;248.47;469.62;529.49;393.01;528
3713;17.1;181.88;167.2;167.2;167.2;167.2;356.99;450.29;377.76;397
3714;16.5;147.04;123.6;123.6;123.6;123.6;172.26;215.86;205.41;231
3715;15.7;101.22;73.6;73.6;73.6;73.6;95.26;131.85;134.32;131
3716;14.9;35.9;35.9;35.9;35.9;35.9;35.9;35.9;35.9;64
3717;14.6;4.8;4.8;4.8;4.8;4.8;4.8;4.8;4.8;8
3718;14.0;0.0;0.0;0.0;0.0;0.0;0.0;0.0;0.0;0
3719;13.2;0.0;0.0;0.0;0.0;0.0;0.0;0.0;0.0;0
3720;13.1;0.0;0.0;0.0;0.0;0.0;0.0;0.0;0.0;0
3721;13.3;0.0;0.0;0.0;0.0;0.0;0.0;0.0;0.0;0
3722;13.4;0.0;0.0;0.0;0.0;0.0;0.0;0.0;0.0;0
3723;13.6;0.0;0.0;0.0;0.0;0.0;0.0;0.0;0.0;0
3724;12.8;0.0;0.0;0.0;0.0;0.0;0.0;0.0;0.0;0
3725;12.9;0.0;0.0;0.0;0.0;0.0;0.0;0.0;0.0;0
3726;13.1;10.48;12.41;12.76;11.31;9.7;9.7;9.7;9.7;17
3727;13.3;19.8;19.8;19.8;19.8;19.8;19.8;19.8;19.8;33
3728;13.6;51.4;54.64;56.86;55.88;52.27;51.4;51.4;51.4;89
3729;14.0;69.4;70.9;73.11;73.14;70.98;69.4;69.4;69.4;119
3730;14.6;144.6;145.68;155.06;158.32;153.53;144.6;144.6;144.6;256
3731;14.5;185.1;185.1;192.68;200.94;199.91;190.21;185.1;185.1;331
3732;15.4;212.1;212.1;212.1;225.28;230.74;225.28;212.1;212.1;381
3733;15.8;221.2;221.2;221.2;227.64;239.85;241.14;230.75;221.2;397
3734;15.6;230.2;230.2;230.2;230.2;264.94;283.54;270.89;234.4;442
3735;16.5;212.7;212.7;212.7;212.7;339.74;513.06;510.43;333.4;622
3736;16.4;194.8;194.8;194.8;194.8;210.07;273.12;290.29;251.52;383
3737;16.0;134.9;133.1;133.1;133.1;133.1;155.7;166.86;158.25;236
3738;15.6;106.58;97.2;97.2;97.2;97.2;116.52;133.89;129.78;172
3739;14.9;64.6;50.9;50.9;50.9;50.9;61.58;79.7;80.95;89
3740;14.3;11.4;11.4;11.4;11.4;11.4;11.4;11.4;11.4;19
3741;13.7;1.8;1.8;1.8;1.8;1.8;1.8;1.8;1.8;3
3742;13.3;0.0;0.0;0.0;0.0;0.0;0.0;0.0;0.0;0
3743;13.1;0.0;0.0;0.0;0.0;0.0;0.0;0.0;0.0;0
3744;12.9;0.0;0.0;0.0;0.0;0.0;0.0;0.0;0.0;0
3745;12.7;0.0;0.0;0.0;0.0;0.0;0.0;0.0;0.0;0
3746;12.2;0.0;0.0;0.0;0.0;0.0;0.0;0.0;0.0;0
3747;11.9;0.0;0.0;0.0;0.0;0.0;0.0;0.0;0.0;0
3748;11.7;0.0;0.0;0.0;0.0;0.0;0.0;0.0;0.0;0
3749;11.6;1.8;1.8;1.8;1.8;1.8;1.8;1.8;1.8;3
3750;11.5;22.16;26.01;26.68;23.8;20.6;20.6;20.6;20.6;36
3751;11.6;40.23;44.33;45.84;43.87;39.9;39.9;39.9;39.9;69
3752;12.0;51.4;54.64;56.84;55.86;52.26;51.4;51.4;51.4;89
3753;11.8;73.8;76.06;79.35;79.39;76.16;73.8;73.8;73.8;128
3754;12.5;93.1;93.53;97.16;98.42;96.56;93.1;93.1;93.1;161
3755;13.6;173.8;173.8;179.97;186.66;185.81;177.94;173.8;173.8;308
3756;13.8;235.1;235.1;235.1;291.97;315.52;291.97;235.1;235.1;511
3757;12.6;186.6;186.6;186.6;191.11;199.71;200.62;193.33;186.6;331
3758;13.0;132.6;132.6;132.6;132.6;138.52;141.71;139.56;133.33;231
3759;13.9;220.9;220.9;220.9;220.9;315.63;445.58;443.92;311.62;569
3760;13.2;180.7;180.7;180.7;180.7;257.18;576.27;663.64;468.11;597
3761;12.6;181.63;168.3;168.3;168.3;168.3;330.98;411.7;349.84;383
3762;12.2;144.39;123.3;123.3;123.3;123.3;166.45;205.42;196.29;228
3763;11.7;86.16;64.4;64.4;64.4;64.4;81.26;110.01;112.04;114
3764;10.9;19.3;19.3;19.3;19.3;19.3;19.3;19.3;19.3;33
3765;10.5;3.1;3.1;3.1;3.1;3.1;3.1;3.1;3.1;6
3766;9.4;0.0;0.0;0.0;0.0;0.0;0.0;0.0;0.0;0
3767;9.3;0.0;0.0;0.0;0.0;0.0;0.0;0.0;0.0;0
3768;8.7;0.0;0.0;0.0;0.0;0.0;0.0;0.0;0.0;0
3769;9.1;0.0;0.0;0.0;0.0;0.0;0.0;0.0;0.0;0
3770;8.9;0.0;0.0;0.0;0.0;0.0;0.0;0.0;0.0;0
3771;9.0;0.0;0.0;0.0;0.0;0.0;0.0;0.0;0.0;0
3772;9.1;0.0;0.0;0.0;0.0;0.0;0.0;0.0;0.0;0
3773;8.9;1.8;1.8;1.8;1.8;1.8;1.8;1.8;1.8;3
3774;9.8;26.04;31.78;32.78;28.46;23.7;23.7;23.7;23.7;42
3775;9.7;48.24;53.69;55.69;53.07;47.8;47.8;47.8;47.8;83
3776;11.7;116.5;146.43;166.71;157.57;124.38;116.5;116.5;116.5;225
3777;12.2;151.1;164.29;183.42;183.62;164.77;151.1;151.1;151.1;281
3778;11.6;179.5;181.42;197.45;202.96;194.73;179.5;179.5;179.5;325
3779;12.0;199.8;199.8;208.19;217.27;216.11;205.4;199.8;199.8;358
3780;12.2;212.1;212.1;212.1;225.17;230.58;225.17;212.1;212.1;381
3781;12.8;237.4;237.4;237.4;253.83;285.25;288.64;262.02;237.4;469
3782;12.5;231.2;231.2;231.2;231.2;267.56;287.2;274.04;235.79;447
3783;13.3;222.1;222.1;222.1;222.1;311.54;434.87;433.56;308.39;561
3784;13.5;199.2;199.2;199.2;199.2;222.19;319.08;345.75;286.57;422
3785;12.4;181.88;168.6;168.6;168.6;168.6;326.56;405.27;345.34;381
3786;12.0;136.74;121.9;121.9;121.9;121.9;152.07;179.4;173.06;219
3787;11.8;216.86;89.9;89.9;89.9;89.9;187.78;355.29;367.33;189
3788;11.0;33.3;33.3;33.3;33.3;33.3;33.3;33.3;33.3;58
3789;9.7;6.6;6.6;6.6;6.6;6.6;6.6;6.6;6.6;11
3790;9.2;0.0;0.0;0.0;0.0;0.0;0.0;0.0;0.0;0
3791;9.2;0.0;0.0;0.0;0.0;0.0;0.0;0.0;0.0;0
3792;9.0;0.0;0.0;0.0;0.0;0.0;0.0;0.0;0.0;0
3793;7.3;0.0;0.0;0.0;0.0;0.0;0.0;0.0;0.0;0
3794;7.3;0.0;0.0;0.0;0.0;0.0;0.0;0.0;0.0;0
3795;6.5;0.0;0.0;0.0;0.0;0.0;0.0;0.0;0.0;0
3796;5.5;0.0;0.0;0.0;0.0;0.0;0.0;0.0;0.0;0
3797;5.1;4.8;4.8;4.8;4.8;4.8;4.8;4.8;4.8;8
3798;7.8;58.91;108.35;116.93;79.62;38.6;38.6;38.6;38.6;86
3799;10.6;88.41;239.07;294.14;221.37;75.9;75.9;75.9;75.9;219
3800;11.6;114.1;255.56;350.99;307.65;150.94;114.1;114.1;114.1;336
3801;12.4;154.9;227.69;332.76;333.65;229.83;154.9;154.9;154.9;419
3802;13.8;177.6;197.59;361.39;417.53;333.12;177.6;177.6;177.6;561
3803;14.2;155.2;155.2;344.02;547.58;521.29;280.55;155.2;155.2;822
3804;14.3;227.4;227.4;227.4;350.48;401.47;350.48;227.4;227.4;639
3805;15.0;201.6;201.6;201.6;300.62;490.79;511.56;350.75;201.6;781
3806;15.8;218.1;218.1;218.1;218.1;419.11;528.2;455.64;243.93;706
3807;16.3;190.1;190.1;190.1;190.1;373.73;628.17;626.01;368.49;711
3808;16.3;142.8;142.8;142.8;142.8;260.25;759.96;898.14;593.85;703
3809;16.2;176.02;126.3;126.3;126.3;126.3;704.25;993.36;774.56;578
3810;15.9;330.72;110.4;110.4;110.4;110.4;555.33;959.95;866.92;419
3811;14.9;483.86;83.9;83.9;83.9;83.9;390.73;917.78;956.35;264
3812;13.8;49.9;49.9;49.9;49.9;49.9;49.9;49.9;49.9;114
3813;12.3;9.2;9.2;9.2;9.2;9.2;9.2;9.2;9.2;17
3814;10.6;0.0;0.0;0.0;0.0;0.0;0.0;0.0;0.0;0
3815;9.4;0.0;0.0;0.0;0.0;0.0;0.0;0.0;0.0;0
3816;8.9;0.0;0.0;0.0;0.0;0.0;0.0;0.0;0.0;0
3817;6.6;0.0;0.0;0.0;0.0;0.0;0.0;0.0;0.0;0
3818;7.1;0.0;0.0;0.0;0.0;0.0;0.0;0.0;0.0;0
3819;6.3;0.0;0.0;0.0;0.0;0.0;0.0;0.0;0.0;0
3820;4.8;0.0;0.0;0.0;0.0;0.0;0.0;0.0;0.0;0
3821;4.7;4.8;4.8;4.8;4.8;4.8;4.8;4.8;4.8;8
3822;8.2;54.23;92.07;98.59;69.97;38.6;38.6;38.6;38.6;81
3823;11.2;88.66;204.99;247.4;191.04;78.8;78.8;78.8;78.8;203
3824;12.8;111.5;270.63;377.58;328.66;152.53;111.5;111.5;111.5;350
3825;14.4;137.2;258.75;433.4;434.54;261.51;137.2;137.2;137.2;497
3826;15.6;152.9;182.25;418.9;499.73;377.4;152.9;152.9;152.9;639
3827;16.0;171.6;171.6;320.52;480.63;459.71;270.02;171.6;171.6;731
3828;16.9;183.2;183.2;183.2;412.76;507.84;412.76;183.2;183.2;792
3829;18.1;232.7;232.7;232.7;294.44;413.44;426.57;326.13;232.7;667
3830;17.6;237.2;237.2;237.2;237.2;352.13;414.75;373.37;252.22;592
3831;18.1;222.6;222.6;222.6;222.6;310.62;433.14;432.33;308.66;561
3832;18.3;200.8;200.8;200.8;200.8;231.63;363.94;400.7;320.35;458
3833;18.4;188.7;164.5;164.5;164.5;164.5;439.89;578.15;474.11;450
3834;17.9;401.47;91.3;91.3;91.3;91.3;714.06;1282.19;1152.71;483
3835;17.2;589.79;77.4;77.4;77.4;77.4;468.67;1143.13;1193.3;289
3836;16.0;50.4;50.4;50.4;50.4;50.4;50.4;50.4;50.4;114
3837;13.3;9.2;9.2;9.2;9.2;9.2;9.2;9.2;9.2;17
3838;12.2;0.0;0.0;0.0;0.0;0.0;0.0;0.0;0.0;0
3839;10.9;0.0;0.0;0.0;0.0;0.0;0.0;0.0;0.0;0
3840;10.3;0.0;0.0;0.0;0.0;0.0;0.0;0.0;0.0;0
3841;9.9;0.0;0.0;0.0;0.0;0.0;0.0;0.0;0.0;0
3842;7.8;0.0;0.0;0.0;0.0;0.0;0.0;0.0;0.0;0
3843;7.4;0.0;0.0;0.0;0.0;0.0;0.0;0.0;0.0;0
3844;6.6;0.0;0.0;0.0;0.0;0.0;0.0;0.0;0.0;0
3845;6.3;4.8;4.8;4.8;4.8;4.8;4.8;4.8;4.8;8
3846;9.4;55.99;97.44;104.53;73.13;38.8;38.8;38.8;38.8;83
3847;13.6;89.01;221.16;269.21;205.02;77.6;77.6;77.6;77.6;211
3848;15.5;117.2;239.9;322.08;284.24;148.55;117.2;117.2;117.2;322
3849;16.0;157.5;219.83;309.02;309.45;220.87;157.5;157.5;157.5;400
3850;17.3;183.6;201.37;342.61;390.7;317.47;183.6;183.6;183.6;536
3851;17.3;210.7;210.7;292.85;380.95;369.31;264.76;210.7;210.7;597
3852;18.7;204.1;204.1;204.1;390.19;467.27;390.19;204.1;204.1;736
3853;19.3;200.1;200.1;200.1;299.61;492.05;513.47;351.32;200.1;786
3854;16.0;186.6;186.6;186.6;186.6;198.24;204.61;200.43;188.15;331
3855;14.8;222.6;222.6;222.6;222.6;264.08;322.06;321.78;263.4;461
3856;14.0;122.4;122.4;122.4;122.4;124.88;135.59;138.57;132.09;214
3857;14.5;116.81;115.3;115.3;115.3;115.3;132.2;140.72;134.34;203
3858;12.8;71.89;67.2;67.2;67.2;67.2;76.56;85.13;83.19;117
3859;12.8;81.68;63.1;63.1;63.1;63.1;77.23;101.66;103.51;111
3860;11.8;40.7;40.7;40.7;40.7;40.7;40.7;40.7;40.7;72
3861;11.6;9.2;9.2;9.2;9.2;9.2;9.2;9.2;9.2;17
3862;11.4;0.0;0.0;0.0;0.0;0.0;0.0;0.0;0.0;0
3863;11.1;0.0;0.0;0.0;0.0;0.0;0.0;0.0;0.0;0
3864;10.5;0.0;0.0;0.0;0.0;0.0;0.0;0.0;0.0;0
3865;10.0;0.0;0.0;0.0;0.0;0.0;0.0;0.0;0.0;0
3866;9.8;0.0;0.0;0.0;0.0;0.0;0.0;0.0;0.0;0
3867;10.0;0.0;0.0;0.0;0.0;0.0;0.0;0.0;0.0;0
3868;9.2;0.0;0.0;0.0;0.0;0.0;0.0;0.0;0.0;0
3869;8.2;4.8;4.8;4.8;4.8;4.8;4.8;4.8;4.8;8
3870;9.6;26.96;30.72;31.35;28.51;25.4;25.4;25.4;25.4;44
3871;10.2;31.04;33.73;34.7;33.39;30.8;30.8;30.8;30.8;53
3872;11.4;115.3;251.64;342.66;300.5;149.85;115.3;115.3;115.3;333
3873;12.4;151.7;237.52;359.83;360.22;238.47;151.7;151.7;151.7;442
3874;13.6;185.0;188.25;213.77;222.43;209.16;185.0;185.0;185.0;350
3875;13.8;215.2;215.2;284.73;359.11;349.19;260.78;215.2;215.2;567
3876;14.2;232.6;232.6;232.6;334.93;377.32;334.93;232.6;232.6;606
3877;13.8;203.9;203.9;203.9;209.19;219.44;220.59;211.97;203.9;364
3878;13.8;231.4;231.4;231.4;231.4;265.23;283.8;271.67;235.96;444
3879;13.3;213.4;213.4;213.4;213.4;230.98;255.66;255.58;230.79;394
3880;12.2;179.7;179.7;179.7;179.7;185.22;209.29;216.02;201.48;322
3881;13.9;187.13;169.3;169.3;169.3;169.3;364.95;463.82;390.16;408
3882;12.3;174.15;130.4;130.4;130.4;130.4;217.35;297.12;279.23;264
3883;12.0;110.9;79.2;79.2;79.2;79.2;103.21;144.86;148.04;142
3884;10.6;25.4;25.4;25.4;25.4;25.4;25.4;25.4;25.4;44
3885;10.3;7.9;7.9;7.9;7.9;7.9;7.9;7.9;7.9;14
3886;9.9;0.0;0.0;0.0;0.0;0.0;0.0;0.0;0.0;0
3887;9.4;0.0;0.0;0.0;0.0;0.0;0.0;0.0;0.0;0
3888;9.2;0.0;0.0;0.0;0.0;0.0;0.0;0.0;0.0;0
3889;7.8;0.0;0.0;0.0;0.0;0.0;0.0;0.0;0.0;0
3890;6.9;0.0;0.0;0.0;0.0;0.0;0.0;0.0;0.0;0
3891;7.4;0.0;0.0;0.0;0.0;0.0;0.0;0.0;0.0;0
3892;8.3;0.0;0.0;0.0;0.0;0.0;0.0;0.0;0.0;0
3893;8.8;3.6;3.6;3.6;3.6;3.6;3.6;3.6;3.6;6
3894;8.5;26.04;31.65;32.6;28.34;23.7;23.7;23.7;23.7;42
3895;10.7;88.19;183.41;217.88;171.4;79.7;79.7;79.7;79.7;192
3896;11.5;118.9;158.41;184.71;172.46;128.83;118.9;118.9;118.9;239
3897;12.1;159.0;208.93;279.85;279.98;209.24;159.0;159.0;159.0;375
3898;12.0;169.3;170.94;183.67;187.97;181.34;169.3;169.3;169.3;303
3899;13.8;164.7;164.7;170.53;176.76;175.92;168.51;164.7;164.7;292
3900;15.0;224.9;224.9;224.9;245.54;254.09;245.54;224.9;224.9;419
3901;15.1;229.7;229.7;229.7;238.23;254.82;256.69;242.76;229.7;422
3902;15.8;228.3;228.3;228.3;228.3;255.76;270.87;261.05;232.04;428
3903;15.4;194.2;194.2;194.2;194.2;204.86;219.86;219.84;204.79;347
3904;15.0;111.9;111.9;111.9;111.9;113.72;121.74;123.99;119.16;194
3905;12.5;28.2;28.2;28.2;28.2;28.2;28.2;28.2;28.2;47
3906;12.3;13.2;13.2;13.2;13.2;13.2;13.2;13.2;13.2;22
3907;13.8;32.13;29.5;29.5;29.5;29.5;31.49;34.94;35.2;50
3908;13.2;8.4;8.4;8.4;8.4;8.4;8.4;8.4;8.4;14
3909;11.9;0.0;0.0;0.0;0.0;0.0;0.0;0.0;0.0;0
3910;11.5;0.0;0.0;0.0;0.0;0.0;0.0;0.0;0.0;0
3911;11.1;0.0;0.0;0.0;0.0;0.0;0.0;0.0;0.0;0
3912;10.8;0.0;0.0;0.0;0.0;0.0;0.0;0.0;0.0;0
3913;10.3;0.0;0.0;0.0;0.0;0.0;0.0;0.0;0.0;0
3914;9.9;0.0;0.0;0.0;0.0;0.0;0.0;0.0;0.0;0
3915;9.8;0.0;0.0;0.0;0.0;0.0;0.0;0.0;0.0;0
3916;10.0;0.0;0.0;0.0;0.0;0.0;0.0;0.0;0.0;0
3917;10.1;0.0;0.0;0.0;0.0;0.0;0.0;0.0;0.0;0
3918;10.9;55.71;94.84;101.44;71.64;39.3;39.3;39.3;39.3;83
3919;9.2;37.26;41.28;42.73;40.76;36.9;36.9;36.9;36.9;64
3920;9.8;88.1;96.97;102.85;100.1;90.31;88.1;88.1;88.1;156
3921;10.8;80.4;82.67;85.89;85.89;82.67;80.4;80.4;80.4;139
3922;11.4;181.1;183.42;201.19;207.19;197.91;181.1;181.1;181.1;331
3923;14.0;162.8;162.8;323.2;494.06;470.88;267.22;162.8;162.8;753
3924;14.4;233.3;233.3;233.3;333.15;374.51;333.15;233.3;233.3;603
3925;14.8;241.3;241.3;241.3;285.92;372.95;382.86;309.84;241.3;608
3926;14.3;239.6;239.6;239.6;239.6;318.36;361.85;333.73;250.46;536
3927;14.3;219.6;219.6;219.6;219.6;249.17;290.94;290.92;249.12;431
3928;16.3;180.8;180.8;180.8;180.8;254.85;582.12;674.29;477.39;608
3929;16.5;181.77;128.6;128.6;128.6;128.6;695.3;983.21;770.5;581
3930;15.6;335.45;112.0;112.0;112.0;112.0;552.38;958.23;868.38;425
3931;15.7;459.45;87.4;87.4;87.4;87.4;367.3;855.28;893.45;264
3932;13.9;52.0;52.0;52.0;52.0;52.0;52.0;52.0;52.0;125
3933;11.0;9.7;9.7;9.7;9.7;9.7;9.7;9.7;9.7;17
3934;9.2;0.0;0.0;0.0;0.0;0.0;0.0;0.0;0.0;0
3935;8.6;0.0;0.0;0.0;0.0;0.0;0.0;0.0;0.0;0
3936;7.6;0.0;0.0;0.0;0.0;0.0;0.0;0.0;0.0;0
3937;7.5;0.0;0.0;0.0;0.0;0.0;0.0;0.0;0.0;0
3938;6.5;0.0;0.0;0.0;0.0;0.0;0.0;0.0;0.0;0
3939;5.7;0.0;0.0;0.0;0.0;0.0;0.0;0.0;0.0;0
3940;5.3;0.0;0.0;0.0;0.0;0.0;0.0;0.0;0.0;0
3941;6.4;6.6;6.6;6.6;6.6;6.6;6.6;6.6;6.6;11
3942;9.6;51.3;81.03;86.02;63.35;38.8;38.8;38.8;38.8;78
3943;12.7;89.58;209.75;253.1;194.23;78.6;78.6;78.6;78.6;206
3944;14.7;104.3;301.67;432.4;370.94;153.28;104.3;104.3;104.3;378
3945;15.9;121.9;274.52;489.98;489.83;274.15;121.9;121.9;121.9;539
3946;17.4;134.6;171.17;448.81;542.39;397.1;134.6;134.6;134.6;681
3947;18.3;148.9;148.9;328.83;520.17;494.02;265.71;148.9;148.9;789
3948;19.1;205.3;205.3;205.3;387.11;462.41;387.11;205.3;205.3;733
3949;19.7;214.9;214.9;214.9;298.23;461.11;479.77;343.27;214.9;744
3950;20.2;228.9;228.9;228.9;228.9;391.28;481.17;423.28;251.52;664
3951;20.5;173.6;173.6;173.6;173.6;387.43;690.35;690.56;387.95;761
3952;20.8;139.7;139.7;139.7;139.7;255.84;772.01;917.78;607.76;717
3953;20.4;185.69;136.4;136.4;136.4;136.4;655.43;919.71;725.13;564
3954;18.9;326.15;115.2;115.2;115.2;115.2;529.48;912.03;827.81;417
3955;18.5;468.42;87.2;87.2;87.2;87.2;373.19;872.86;912.31;267
3956;16.5;52.4;52.4;52.4;52.4;52.4;52.4;52.4;52.4;119
3957;14.3;12.2;12.2;12.2;12.2;12.2;12.2;12.2;12.2;22
3958;11.2;0.0;0.0;0.0;0.0;0.0;0.0;0.0;0.0;0
3959;9.7;0.0;0.0;0.0;0.0;0.0;0.0;0.0;0.0;0
3960;9.4;0.0;0.0;0.0;0.0;0.0;0.0;0.0;0.0;0
3961;8.3;0.0;0.0;0.0;0.0;0.0;0.0;0.0;0.0;0
3962;7.5;0.0;0.0;0.0;0.0;0.0;0.0;0.0;0.0;0
3963;7.0;0.0;0.0;0.0;0.0;0.0;0.0;0.0;0.0;0
3964;7.5;0.0;0.0;0.0;0.0;0.0;0.0;0.0;0.0;0
3965;7.7;4.8;4.8;4.8;4.8;4.8;4.8;4.8;4.8;8
3966;11.5;60.99;111.03;119.4;81.2;39.9;39.9;39.9;39.9;89
3967;14.4;90.14;248.75;305.87;228.05;75.5;75.5;75.5;75.5;225
3968;16.5;101.1;311.28;450.22;384.64;152.97;101.1;101.1;101.1;386
3969;18.2;121.9;274.59;489.62;489.25;273.69;121.9;121.9;121.9;539
3970;19.7;138.7;174.23;441.75;531.76;391.51;138.7;138.7;138.7;672
3971;21.2;150.8;150.8;325.88;511.77;486.2;264.17;150.8;150.8;778
3972;22.2;191.0;191.0;191.0;403.02;490.84;403.02;191.0;191.0;775
3973;23.0;199.2;199.2;199.2;298.22;492.15;514.47;352.12;199.2;792
3974;22.8;239.2;239.2;239.2;239.2;307.06;344.71;320.55;248.74;517
3975;24.1;216.1;216.1;216.1;216.1;236.82;266.23;266.29;236.94;406
3976;23.1;174.1;174.1;174.1;174.1;179.07;201.26;207.54;194.23;311
3977;18.3;77.92;77.3;77.3;77.3;77.3;83.71;86.98;84.58;133
3978;16.7;43.76;42.2;42.2;42.2;42.2;45.26;48.09;47.47;72
3979;16.3;51.31;43.5;43.5;43.5;43.5;49.34;59.58;60.39;75
3980;16.2;27.2;27.2;27.2;27.2;27.2;27.2;27.2;27.2;47
3981;15.6;3.1;3.1;3.1;3.1;3.1;3.1;3.1;3.1;6
3982;15.1;0.0;0.0;0.0;0.0;0.0;0.0;0.0;0.0;0
3983;15.6;0.0;0.0;0.0;0.0;0.0;0.0;0.0;0.0;0
3984;15.1;0.0;0.0;0.0;0.0;0.0;0.0;0.0;0.0;0
3985;15.3;0.0;0.0;0.0;0.0;0.0;0.0;0.0;0.0;0
3986;14.7;0.0;0.0;0.0;0.0;0.0;0.0;0.0;0.0;0
3987;14.5;0.0;0.0;0.0;0.0;0.0;0.0;0.0;0.0;0
3988;14.1;0.0;0.0;0.0;0.0;0.0;0.0;0.0;0.0;0
3989;13.0;4.8;4.8;4.8;4.8;4.8;4.8;4.8;4.8;8
3990;14.7;63.92;121.25;130.81;87.0;39.7;39.7;39.7;39.7;92
3991;15.6;88.49;182.98;216.97;170.55;79.7;79.7;79.7;79.7;192
3992;15.6;115.7;139.05;154.45;147.16;121.44;115.7;115.7;115.7;217
3993;17.3;158.1;188.8;231.95;231.83;188.53;158.1;158.1;158.1;331
3994;18.7;186.4;203.28;329.51;371.91;305.64;186.4;186.4;186.4;519
3995;18.5;208.8;208.8;295.17;386.75;374.09;264.61;208.8;208.8;608
3996;19.9;234.1;234.1;234.1;276.2;293.64;276.2;234.1;234.1;481
3997;21.3;227.0;227.0;227.0;296.04;431.5;447.16;333.86;227.0;700
3998;22.0;234.6;234.6;234.6;234.6;371.97;448.31;399.47;254.05;631
3999;22.4;205.9;205.9;205.9;205.9;352.79;561.83;562.37;354.1;669
4000;20.7;202.2;202.2;202.2;202.2;228.3;345.38;378.59;308.47;447
4001;20.2;95.39;94.4;94.4;94.4;94.4;104.64;109.87;106.04;164
4002;19.5;36.88;36.1;36.1;36.1;36.1;37.63;39.04;38.73;61
4003;19.4;35.99;30.8;30.8;30.8;30.8;34.68;41.48;42.02;53
4004;19.0;4.8;4.8;4.8;4.8;4.8;4.8;4.8;4.8;8
4005;17.9;0.0;0.0;0.0;0.0;0.0;0.0;0.0;0.0;0
4006;17.8;0.0;0.0;0.0;0.0;0.0;0.0;0.0;0.0;0
4007;17.9;0.0;0.0;0.0;0.0;0.0;0.0;0.0;0.0;0
4008;18.4;0.0;0.0;0.0;0.0;0.0;0.0;0.0;0.0;0
4009;17.7;0.0;0.0;0.0;0.0;0.0;0.0;0.0;0.0;0
4010;17.6;0.0;0.0;0.0;0.0;0.0;0.0;0.0;0.0;0
4011;17.7;0.0;0.0;0.0;0.0;0.0;0.0;0.0;0.0;0
4012;17.6;0.0;0.0;0.0;0.0;0.0;0.0;0.0;0.0;0
4013;17.5;0.0;0.0;0.0;0.0;0.0;0.0;0.0;0.0;0
4014;17.4;6.6;6.6;6.6;6.6;6.6;6.6;6.6;6.6;11
4015;17.7;18.22;19.55;20.03;19.38;18.1;18.1;18.1;18.1;31
4016;18.1;37.4;39.01;40.07;39.57;37.79;37.4;37.4;37.4;64
4017;18.4;77.3;79.2;81.86;81.85;79.17;77.3;77.3;77.3;133
4018;19.7;129.8;130.75;137.81;140.18;136.47;129.8;129.8;129.8;228
4019;20.6;160.3;160.3;165.56;171.12;170.35;163.69;160.3;160.3;283
4020;20.6;219.4;219.4;219.4;232.51;237.95;232.51;219.4;219.4;394
4021;21.5;214.3;214.3;214.3;219.83;230.7;231.96;222.88;214.3;383
4022;20.8;149.1;149.1;149.1;149.1;156.24;160.22;157.68;150.12;261
4023;20.4;125.9;125.9;125.9;125.9;130.02;135.9;135.92;130.07;219
4024;19.3;77.8;77.8;77.8;77.8;78.59;82.13;83.14;81.02;133
4025;19.9;71.7;71.2;71.2;71.2;71.2;76.31;78.93;77.01;122
4026;19.5;65.01;61.1;61.1;61.1;61.1;68.71;75.77;74.24;106
4027;20.1;83.04;64.9;64.9;64.9;64.9;78.42;102.16;104.08;114
4028;19.4;16.3;16.3;16.3;16.3;16.3;16.3;16.3;16.3;28
4029;18.6;1.8;1.8;1.8;1.8;1.8;1.8;1.8;1.8;3
4030;18.4;0.0;0.0;0.0;0.0;0.0;0.0;0.0;0.0;0
4031;17.7;0.0;0.0;0.0;0.0;0.0;0.0;0.0;0.0;0
4032;17.5;0.0;0.0;0.0;0.0;0.0;0.0;0.0;0.0;0
4033;17.3;0.0;0.0;0.0;0.0;0.0;0.0;0.0;0.0;0
4034;16.9;0.0;0.0;0.0;0.0;0.0;0.0;0.0;0.0;0
4035;16.2;0.0;0.0;0.0;0.0;0.0;0.0;0.0;0.0;0
4036;14.8;0.0;0.0;0.0;0.0;0.0;0.0;0.0;0.0;0
4037;14.6;3.6;3.6;3.6;3.6;3.6;3.6;3.6;3.6;6
4038;14.5;20.08;21.92;22.23;20.82;19.3;19.3;19.3;19.3;33
4039;15.4;55.95;63.92;66.78;62.86;55.2;55.2;55.2;55.2;97
4040;17.9;118.6;228.04;300.06;265.79;145.3;118.6;118.6;118.6;311
4041;19.1;126.3;270.79;473.23;472.44;268.88;126.3;126.3;126.3;528
4042;21.5;143.6;178.03;432.94;518.36;384.24;143.6;143.6;143.6;661
4043;22.3;154.9;154.9;324.42;503.83;478.83;264.09;154.9;154.9;769
4044;22.9;162.9;162.9;162.9;425.3;533.99;425.3;162.9;162.9;839
4045;24.2;165.4;165.4;165.4;292.22;541.65;570.68;362.3;165.4;869
4046;24.6;164.1;164.1;164.1;164.1;496.53;681.8;563.8;211.67;856
4047;25.3;158.7;158.7;158.7;158.7;397.84;739.23;740.55;401.03;797
4048;25.7;147.8;147.8;147.8;147.8;255.38;740.9;878.99;588.76;703
4049;25.3;185.98;132.3;132.3;132.3;132.3;679.7;960.13;755.62;578
4050;24.8;340.74;112.6;112.6;112.6;112.6;556.39;968.35;879.02;431
4051;23.9;490.6;87.0;87.0;87.0;87.0;387.45;915.5;958.23;275
4052;22.9;53.1;53.1;53.1;53.1;53.1;53.1;53.1;53.1;131
4053;20.8;14.3;14.3;14.3;14.3;14.3;14.3;14.3;14.3;28
4054;18.2;0.0;0.0;0.0;0.0;0.0;0.0;0.0;0.0;0
4055;17.1;0.0;0.0;0.0;0.0;0.0;0.0;0.0;0.0;0
4056;16.1;0.0;0.0;0.0;0.0;0.0;0.0;0.0;0.0;0
4057;15.3;0.0;0.0;0.0;0.0;0.0;0.0;0.0;0.0;0
4058;15.0;0.0;0.0;0.0;0.0;0.0;0.0;0.0;0.0;0
4059;13.6;0.0;0.0;0.0;0.0;0.0;0.0;0.0;0.0;0
4060;13.5;0.0;0.0;0.0;0.0;0.0;0.0;0.0;0.0;0
4061;13.5;6.6;6.6;6.6;6.6;6.6;6.6;6.6;6.6;11
4062;16.0;63.92;121.01;130.47;86.76;39.7;39.7;39.7;39.7;92
4063;18.3;90.14;242.73;297.47;222.31;75.7;75.7;75.7;75.7;222
4064;20.2;101.8;307.77;443.22;378.67;151.94;101.8;101.8;101.8;383
4065;21.8;121.4;274.64;489.12;488.19;272.4;121.4;121.4;121.4;539
4066;24.0;139.4;175.15;438.93;527.25;388.37;139.4;139.4;139.4;669
4067;26.0;150.8;150.8;325.52;510.3;484.5;263.22;150.8;150.8;778
4068;26.3;159.7;159.7;159.7;428.05;539.21;428.05;159.7;159.7;847
4069;28.2;165.3;165.3;165.3;293.9;547.05;576.57;365.18;165.3;878
4070;28.5;162.1;162.1;162.1;162.1;498.97;686.88;567.38;210.47;861
4071;29.0;153.3;153.3;153.3;153.3;401.11;755.24;756.76;404.78;808
4072;29.2;141.7;141.7;141.7;141.7;254.7;765.73;911.22;605.93;717
4073;29.5;184.97;129.1;129.1;129.1;129.1;696.41;987.27;775.42;586
4074;29.0;349.75;109.9;109.9;109.9;109.9;575.91;1008.79;915.11;439
4075;28.4;514.56;85.6;85.6;85.6;85.6;404.61;965.7;1011.25;281
4076;26.4;53.6;53.6;53.6;53.6;53.6;53.6;53.6;53.6;131
4077;23.4;14.8;14.8;14.8;14.8;14.8;14.8;14.8;14.8;28
4078;21.0;0.0;0.0;0.0;0.0;0.0;0.0;0.0;0.0;0
4079;20.4;0.0;0.0;0.0;0.0;0.0;0.0;0.0;0.0;0
4080;19.1;0.0;0.0;0.0;0.0;0.0;0.0;0.0;0.0;0
4081;18.5;0.0;0.0;0.0;0.0;0.0;0.0;0.0;0.0;0
4082;16.4;0.0;0.0;0.0;0.0;0.0;0.0;0.0;0.0;0
4083;16.4;0.0;0.0;0.0;0.0;0.0;0.0;0.0;0.0;0
4084;17.4;0.0;0.0;0.0;0.0;0.0;0.0;0.0;0.0;0
4085;18.3;4.8;4.8;4.8;4.8;4.8;4.8;4.8;4.8;8
4086;19.9;51.3;80.75;85.62;63.07;38.8;38.8;38.8;38.8;78
4087;21.7;90.1;249.25;306.32;227.9;75.0;75.0;75.0;75.0;225
4088;24.2;103.3;302.01;432.61;370.31;151.6;103.3;103.3;103.3;378
4089;26.8;118.9;276.33;496.54;495.53;273.89;118.9;118.9;118.9;544
4090;27.8;174.7;197.73;367.29;424.04;334.72;174.7;174.7;174.7;572
4091;29.4;168.4;168.4;320.42;481.13;458.65;266.15;168.4;168.4;739
4092;30.8;171.9;171.9;171.9;417.8;519.65;417.8;171.9;171.9;819
4093;31.0;172.1;172.1;172.1;293.48;532.54;560.45;360.88;172.1;856
4094;31.9;177.3;177.3;177.3;177.3;480.73;650.08;542.48;220.97;828
4095;32.2;166.6;166.6;166.6;166.6;392.18;714.75;716.22;395.73;781
4096;32.7;145.8;145.8;145.8;145.8;254.91;749.01;889.75;594.7;708
4097;32.6;192.94;151.3;151.3;151.3;151.3;573.04;789.37;631.93;528
4098;31.9;212.93;134.8;134.8;134.8;134.8;286.47;427.43;396.96;308
4099;31.4;421.31;90.8;90.8;90.8;90.8;336.44;768.7;803.85;258
4100;26.1;53.3;53.3;53.3;53.3;53.3;53.3;53.3;53.3;108
4101;23.5;9.7;9.7;9.7;9.7;9.7;9.7;9.7;9.7;17
4102;21.6;0.0;0.0;0.0;0.0;0.0;0.0;0.0;0.0;0
4103;21.1;0.0;0.0;0.0;0.0;0.0;0.0;0.0;0.0;0
4104;20.1;0.0;0.0;0.0;0.0;0.0;0.0;0.0;0.0;0
4105;20.6;0.0;0.0;0.0;0.0;0.0;0.0;0.0;0.0;0
4106;19.2;0.0;0.0;0.0;0.0;0.0;0.0;0.0;0.0;0
4107;18.5;0.0;0.0;0.0;0.0;0.0;0.0;0.0;0.0;0
4108;18.5;0.0;0.0;0.0;0.0;0.0;0.0;0.0;0.0;0
4109;17.9;1.8;1.8;1.8;1.8;1.8;1.8;1.8;1.8;3
4110;17.5;19.16;22.84;23.45;20.63;17.6;17.6;17.6;17.6;31
4111;18.0;63.61;74.22;78.02;72.79;62.6;62.6;62.6;62.6;111
4112;19.6;119.8;176.11;213.12;195.46;133.48;119.8;119.8;119.8;258
4113;21.1;158.9;204.05;267.17;266.88;203.33;158.9;158.9;158.9;364
4114;21.0;192.4;202.11;273.54;297.44;259.81;192.4;192.4;192.4;439
4115;22.7;212.1;212.1;289.21;370.71;359.3;261.67;212.1;212.1;586
4116;23.8;205.3;205.3;205.3;385.74;460.48;385.74;205.3;205.3;733
4117;24.1;165.4;165.4;165.4;291.89;541.06;570.17;362.17;165.4;869
4118;24.9;179.7;179.7;179.7;179.7;477.35;643.52;537.99;222.58;822
4119;24.8;196.8;196.8;196.8;196.8;364.81;605.12;606.24;367.52;703
4120;25.1;171.2;171.2;171.2;171.2;256.01;640.27;749.75;520.33;647
4121;24.6;193.93;155.4;155.4;155.4;155.4;545.19;745.18;599.68;514
4122;23.8;259.45;132.1;132.1;132.1;132.1;379.24;608.96;559.34;356
4123;22.4;389.35;92.5;92.5;92.5;92.5;313.06;701.26;732.86;250
4124;20.5;39.4;39.4;39.4;39.4;39.4;39.4;39.4;39.4;69
4125;19.0;14.0;14.0;14.0;14.0;14.0;14.0;14.0;14.0;25
4126;16.8;0.0;0.0;0.0;0.0;0.0;0.0;0.0;0.0;0
4127;15.8;0.0;0.0;0.0;0.0;0.0;0.0;0.0;0.0;0
4128;14.7;0.0;0.0;0.0;0.0;0.0;0.0;0.0;0.0;0
4129;14.0;0.0;0.0;0.0;0.0;0.0;0.0;0.0;0.0;0
4130;13.3;0.0;0.0;0.0;0.0;0.0;0.0;0.0;0.0;0
4131;12.7;0.0;0.0;0.0;0.0;0.0;0.0;0.0;0.0;0
4132;11.9;0.0;0.0;0.0;0.0;0.0;0.0;0.0;0.0;0
4133;12.1;3.6;3.6;3.6;3.6;3.6;3.6;3.6;3.6;6
4134;13.3;29.04;34.56;35.48;31.25;26.7;26.7;26.7;26.7;47
4135;17.5;84.56;144.24;165.64;136.23;78.9;78.9;78.9;78.9;169
4136;19.5;116.0;243.1;326.63;286.78;146.88;116.0;116.0;116.0;325
4137;20.8;141.6;253.13;409.11;408.38;251.38;141.6;141.6;141.6;481
4138;21.5;162.1;190.06;395.82;464.67;356.28;162.1;162.1;162.1;611
4139;22.7;202.1;202.1;301.32;406.2;391.53;265.89;202.1;202.1;636
4140;22.7;182.9;182.9;182.9;408.75;502.3;408.75;182.9;182.9;794
4141;23.4;172.1;172.1;172.1;293.45;532.48;560.41;360.87;172.1;856
4142;23.6;222.2;222.2;222.2;222.2;408.31;512.2;446.21;249.0;697
4143;24.5;160.4;160.4;160.4;160.4;396.38;733.89;735.46;400.16;794
4144;25.1;160.5;160.5;160.5;160.5;256.08;689.05;812.4;553.88;675
4145;24.8;189.57;140.1;140.1;140.1;140.1;640.75;897.6;710.72;561
4146;24.4;326.78;117.4;117.4;117.4;117.4;523.79;901.51;819.91;419
4147;24.3;441.49;90.4;90.4;90.4;90.4;351.29;810.44;847.8;264
4148;22.9;54.2;54.2;54.2;54.2;54.2;54.2;54.2;54.2;122
4149;21.2;10.9;10.9;10.9;10.9;10.9;10.9;10.9;10.9;19
4150;19.5;0.0;0.0;0.0;0.0;0.0;0.0;0.0;0.0;0
4151;17.3;0.0;0.0;0.0;0.0;0.0;0.0;0.0;0.0;0
4152;15.8;0.0;0.0;0.0;0.0;0.0;0.0;0.0;0.0;0
4153;15.5;0.0;0.0;0.0;0.0;0.0;0.0;0.0;0.0;0
4154;16.3;0.0;0.0;0.0;0.0;0.0;0.0;0.0;0.0;0
4155;15.5;0.0;0.0;0.0;0.0;0.0;0.0;0.0;0.0;0
4156;15.0;0.0;0.0;0.0;0.0;0.0;0.0;0.0;0.0;0
4157;14.9;4.8;4.8;4.8;4.8;4.8;4.8;4.8;4.8;8
4158;18.2;51.58;82.88;88.06;64.09;38.3;38.3;38.3;38.3;78
4159;20.7;89.24;204.64;246.04;189.18;78.3;78.3;78.3;78.3;203
4160;22.9;107.6;282.98;398.29;343.31;150.26;107.6;107.6;107.6;361
4161;24.5;131.1;264.25;450.53;449.7;262.24;131.1;131.1;131.1;511
4162;25.6;148.2;180.98;422.54;503.4;376.19;148.2;148.2;148.2;647
4163;26.8;158.8;158.8;322.44;495.47;471.28;264.05;158.8;158.8;758
4164;27.1;166.6;166.6;166.6;422.17;528.03;422.17;166.6;166.6;831
4165;28.0;169.1;169.1;169.1;292.66;535.95;564.35;361.21;169.1;861
4166;28.7;169.4;169.4;169.4;169.4;489.53;668.16;554.62;215.43;844
4167;29.0;168.3;168.3;168.3;168.3;391.34;710.19;711.61;394.76;778
4168;29.8;154.9;154.9;154.9;154.9;256.06;713.9;844.28;570.83;689
4169;29.4;194.16;155.2;155.2;155.2;155.2;550.28;752.89;605.38;517
4170;29.2;210.6;135.6;135.6;135.6;135.6;281.26;416.59;387.33;306
4171;28.6;242.33;95.1;95.1;95.1;95.1;204.55;397.12;412.76;206
4172;26.8;53.9;53.9;53.9;53.9;53.9;53.9;53.9;53.9;114
4173;23.6;12.7;12.7;12.7;12.7;12.7;12.7;12.7;12.7;22
4174;23.4;0.0;0.0;0.0;0.0;0.0;0.0;0.0;0.0;0
4175;20.3;0.0;0.0;0.0;0.0;0.0;0.0;0.0;0.0;0
4176;19.9;0.0;0.0;0.0;0.0;0.0;0.0;0.0;0.0;0
4177;19.6;0.0;0.0;0.0;0.0;0.0;0.0;0.0;0.0;0
4178;18.8;0.0;0.0;0.0;0.0;0.0;0.0;0.0;0.0;0
4179;18.0;0.0;0.0;0.0;0.0;0.0;0.0;0.0;0.0;0
4180;17.9;0.0;0.0;0.0;0.0;0.0;0.0;0.0;0.0;0
4181;17.3;1.8;1.8;1.8;1.8;1.8;1.8;1.8;1.8;3
4182;19.4;35.93;43.29;44.52;38.88;32.8;32.8;32.8;32.8;58
4183;23.3;86.5;164.81;192.91;154.35;79.1;79.1;79.1;79.1;181
4184;25.7;115.3;246.45;332.73;291.65;147.26;115.3;115.3;115.3;328
4185;28.3;143.2;249.4;398.1;397.49;247.92;143.2;143.2;143.2;472
4186;29.5;165.5;192.01;387.9;453.51;350.41;165.5;165.5;165.5;600
4187;29.7;184.4;184.4;312.69;448.42;429.49;266.98;184.4;184.4;694
4188;30.7;214.5;214.5;214.5;372.8;438.36;372.8;214.5;214.5;700
4189;30.5;236.1;236.1;236.1;249.45;275.72;278.78;256.84;236.1;456
4190;31.2;235.2;235.2;235.2;235.2;277.98;301.83;286.65;241.33;467
4191;31.5;215.6;215.6;215.6;215.6;337.52;511.66;512.38;339.24;631
4192;32.2;161.0;161.0;161.0;161.0;256.67;688.95;811.97;553.65;675
4193;31.7;194.58;158.1;158.1;158.1;158.1;529.24;719.44;580.82;506
4194;30.7;270.55;130.7;130.7;130.7;130.7;402.57;655.03;600.34;367
4195;28.7;281.55;95.4;95.4;95.4;95.4;233.9;477.43;497.17;219
4196;27.6;51.7;51.7;51.7;51.7;51.7;51.7;51.7;51.7;97
4197;23.9;7.9;7.9;7.9;7.9;7.9;7.9;7.9;7.9;14
4198;22.5;0.0;0.0;0.0;0.0;0.0;0.0;0.0;0.0;0
4199;22.7;0.0;0.0;0.0;0.0;0.0;0.0;0.0;0.0;0
4200;21.1;0.0;0.0;0.0;0.0;0.0;0.0;0.0;0.0;0
4201;20.5;0.0;0.0;0.0;0.0;0.0;0.0;0.0;0.0;0
4202;21.0;0.0;0.0;0.0;0.0;0.0;0.0;0.0;0.0;0
4203;20.0;0.0;0.0;0.0;0.0;0.0;0.0;0.0;0.0;0
4204;19.6;0.0;0.0;0.0;0.0;0.0;0.0;0.0;0.0;0
4205;19.9;0.0;0.0;0.0;0.0;0.0;0.0;0.0;0.0;0
4206;19.9;13.2;13.2;13.2;13.2;13.2;13.2;13.2;13.2;22
4207;20.1;32.85;35.51;36.46;35.15;32.6;32.6;32.6;32.6;56
4208;20.7;35.6;37.21;38.27;37.77;35.99;35.6;35.6;35.6;61
4209;20.3;11.4;11.4;11.4;11.4;11.4;11.4;11.4;11.4;19
4210;20.6;68.2;68.47;70.49;71.16;70.1;68.2;68.2;68.2;117
4211;20.3;115.0;115.0;117.77;120.69;120.29;116.78;115.0;115.0;200
4212;19.3;135.6;135.6;135.6;140.23;142.14;140.23;135.6;135.6;236
4213;19.5;143.5;143.5;143.5;145.82;150.37;150.9;147.1;143.5;250
4214;19.6;138.7;138.7;138.7;138.7;144.89;148.33;146.14;139.58;242
4215;20.3;159.1;159.1;159.1;159.1;166.22;176.37;176.41;166.3;281
4216;19.7;185.8;185.8;185.8;185.8;191.31;216.12;223.17;208.33;333
4217;19.4;178.57;169.7;169.7;169.7;169.7;260.35;306.76;272.89;342
4218;19.0;202.39;135.2;135.2;135.2;135.2;266.01;387.38;361.03;297
4219;18.0;78.22;60.1;60.1;60.1;60.1;73.6;97.32;99.23;106
4220;17.1;49.4;49.4;49.4;49.4;49.4;49.4;49.4;49.4;89
4221;16.2;10.9;10.9;10.9;10.9;10.9;10.9;10.9;10.9;19
4222;15.2;0.0;0.0;0.0;0.0;0.0;0.0;0.0;0.0;0
4223;14.3;0.0;0.0;0.0;0.0;0.0;0.0;0.0;0.0;0
4224;13.3;0.0;0.0;0.0;0.0;0.0;0.0;0.0;0.0;0
4225;12.6;0.0;0.0;0.0;0.0;0.0;0.0;0.0;0.0;0
4226;12.1;0.0;0.0;0.0;0.0;0.0;0.0;0.0;0.0;0
4227;12.3;0.0;0.0;0.0;0.0;0.0;0.0;0.0;0.0;0
4228;12.1;0.0;0.0;0.0;0.0;0.0;0.0;0.0;0.0;0
4229;12.6;6.6;6.6;6.6;6.6;6.6;6.6;6.6;6.6;11
4230;12.8;32.93;40.32;41.55;35.9;29.8;29.8;29.8;29.8;53
4231;14.0;86.05;165.85;194.54;155.31;78.6;78.6;78.6;78.6;181
4232;14.6;119.3;200.6;254.21;228.79;139.23;119.3;119.3;119.3;283
4233;16.5;156.0;219.69;309.11;308.84;219.04;156.0;156.0;156.0;400
4234;17.5;129.1;167.34;452.43;548.12;398.36;129.1;129.1;129.1;686
4235;18.9;148.8;148.8;324.81;511.34;485.49;262.42;148.8;148.8;778
4236;20.1;160.0;160.0;160.0;430.19;542.1;430.19;160.0;160.0;850
4237;21.2;165.3;165.3;165.3;294.46;548.05;577.43;365.39;165.3;878
4238;21.6;163.2;163.2;163.2;163.2;503.46;692.73;571.8;211.52;867
4239;22.4;170.7;170.7;170.7;170.7;390.22;702.92;703.85;392.47;772
4240;22.7;181.2;181.2;181.2;181.2;255.79;590.96;686.09;485.47;617
4241;22.5;188.09;137.4;137.4;137.4;137.4;659.02;925.78;730.71;569
4242;21.2;293.6;126.4;126.4;126.4;126.4;452.53;754.81;688.98;389
4243;20.6;565.88;83.4;83.4;83.4;83.4;443.36;1074.94;1125.69;294
4244;19.2;54.1;54.1;54.1;54.1;54.1;54.1;54.1;54.1;136
4245;17.9;15.6;15.6;15.6;15.6;15.6;15.6;15.6;15.6;31
4246;16.6;0.0;0.0;0.0;0.0;0.0;0.0;0.0;0.0;0
4247;15.3;0.0;0.0;0.0;0.0;0.0;0.0;0.0;0.0;0
4248;14.1;0.0;0.0;0.0;0.0;0.0;0.0;0.0;0.0;0
4249;13.3;0.0;0.0;0.0;0.0;0.0;0.0;0.0;0.0;0
4250;12.6;0.0;0.0;0.0;0.0;0.0;0.0;0.0;0.0;0
4251;12.1;0.0;0.0;0.0;0.0;0.0;0.0;0.0;0.0;0
4252;11.6;0.0;0.0;0.0;0.0;0.0;0.0;0.0;0.0;0
4253;11.3;4.8;4.8;4.8;4.8;4.8;4.8;4.8;4.8;8
4254;12.5;62.12;119.51;129.09;85.26;37.9;37.9;37.9;37.9;89
4255;14.4;88.39;246.88;303.92;226.1;73.7;73.7;73.7;73.7;222
4256;16.1;107.6;278.3;391.03;337.73;149.63;107.6;107.6;107.6;356
4257;18.3;122.8;269.83;476.68;476.23;268.74;122.8;122.8;122.8;528
4258;19.5;132.8;169.71;446.62;539.7;394.42;132.8;132.8;132.8;678
4259;20.9;149.5;149.5;324.24;509.64;484.07;262.52;149.5;149.5;775
4260;21.8;158.9;158.9;158.9;427.56;538.85;427.56;158.9;158.9;844
4261;22.8;171.1;171.1;171.1;293.79;534.31;562.06;360.79;171.1;856
4262;22.7;166.5;166.5;166.5;166.5;494.48;676.61;559.91;212.77;850
4263;22.0;176.8;176.8;176.8;176.8;385.93;683.26;683.91;387.5;758
4264;21.8;177.1;177.1;177.1;177.1;256.99;614.56;715.88;501.58;631
4265;21.8;192.15;150.3;150.3;150.3;150.3;584.45;806.13;643.64;533
4266;21.5;317.48;120.6;120.6;120.6;120.6;505.56;861.9;783.99;411
4267;20.7;510.89;87.1;87.1;87.1;87.1;403.89;958.89;1003.21;281
4268;18.9;54.6;54.6;54.6;54.6;54.6;54.6;54.6;54.6;131
4269;17.4;15.3;15.3;15.3;15.3;15.3;15.3;15.3;15.3;28
4270;16.3;0.0;0.0;0.0;0.0;0.0;0.0;0.0;0.0;0
4271;15.4;0.0;0.0;0.0;0.0;0.0;0.0;0.0;0.0;0
4272;14.3;0.0;0.0;0.0;0.0;0.0;0.0;0.0;0.0;0
4273;13.3;0.0;0.0;0.0;0.0;0.0;0.0;0.0;0.0;0
4274;12.4;0.0;0.0;0.0;0.0;0.0;0.0;0.0;0.0;0
4275;11.7;0.0;0.0;0.0;0.0;0.0;0.0;0.0;0.0;0
4276;9.9;0.0;0.0;0.0;0.0;0.0;0.0;0.0;0.0;0
4277;9.7;6.6;6.6;6.6;6.6;6.6;6.6;6.6;6.6;11
4278;12.6;65.04;129.99;140.87;91.32;37.7;37.7;37.7;37.7;92
4279;15.3;87.82;254.57;314.67;232.91;72.5;72.5;72.5;72.5;225
4280;17.1;102.2;297.12;426.09;365.33;150.43;102.2;102.2;102.2;372
4281;19.1;114.9;275.13;501.05;500.77;274.45;114.9;114.9;114.9;544
4282;18.9;129.9;167.86;454.86;551.5;401.17;129.9;129.9;129.9;689
4283;20.9;147.8;147.8;326.27;515.9;489.91;263.51;147.8;147.8;783
4284;22.2;161.1;161.1;161.1;434.12;547.21;434.12;161.1;161.1;856
4285;22.5;217.1;217.1;217.1;297.77;455.62;473.74;341.53;217.1;736
4286;23.6;176.8;176.8;176.8;176.8;483.0;652.68;543.6;219.65;828
4287;24.8;168.3;168.3;168.3;168.3;393.48;712.9;713.3;394.44;778
4288;24.8;156.6;156.6;156.6;156.6;258.24;711.13;839.17;567.38;686
4289;24.9;185.91;133.1;133.1;133.1;133.1;686.19;968.09;760.87;581
4290;24.0;299.13;124.9;124.9;124.9;124.9;466.52;782.25;712.92;394
4291;23.2;455.19;90.2;90.2;90.2;90.2;363.66;841.92;879.83;267
4292;22.1;52.7;52.7;52.7;52.7;52.7;52.7;52.7;52.7;147
4293;20.5;20.9;20.9;20.9;20.9;20.9;20.9;20.9;20.9;39
4294;19.3;0.0;0.0;0.0;0.0;0.0;0.0;0.0;0.0;0
4295;17.8;0.0;0.0;0.0;0.0;0.0;0.0;0.0;0.0;0
4296;16.7;0.0;0.0;0.0;0.0;0.0;0.0;0.0;0.0;0
4297;15.8;0.0;0.0;0.0;0.0;0.0;0.0;0.0;0.0;0
4298;15.3;0.0;0.0;0.0;0.0;0.0;0.0;0.0;0.0;0
4299;15.4;0.0;0.0;0.0;0.0;0.0;0.0;0.0;0.0;0
4300;15.2;0.0;0.0;0.0;0.0;0.0;0.0;0.0;0.0;0
4301;14.3;0.0;0.0;0.0;0.0;0.0;0.0;0.0;0.0;0
4302;14.2;4.8;4.8;4.8;4.8;4.8;4.8;4.8;4.8;8
4303;14.5;48.29;53.63;55.56;52.95;47.8;47.8;47.8;47.8;83
4304;15.9;116.3;154.17;179.28;167.5;125.73;116.3;116.3;116.3;233
4305;17.0;152.7;172.01;199.31;199.3;172.0;152.7;152.7;152.7;297
4306;17.0;94.9;95.37;98.92;100.11;98.26;94.9;94.9;94.9;164
4307;17.9;121.1;121.1;124.15;127.4;126.96;123.08;121.1;121.1;211
4308;21.7;178.5;178.5;178.5;412.5;509.43;412.5;178.5;178.5;800
4309;23.6;171.6;171.6;171.6;306.83;570.88;601.03;379.63;171.6;911
4310;25.1;177.5;177.5;177.5;177.5;482.06;650.44;541.77;219.73;825
4311;24.6;226.6;226.6;226.6;226.6;296.23;394.74;394.75;296.26;531
4312;23.5;131.6;131.6;131.6;131.6;134.41;146.85;150.36;142.88;231
4313;24.1;192.96;169.4;169.4;169.4;169.4;418.94;545.86;452.26;444
4314;22.9;113.46;103.3;103.3;103.3;103.3;123.28;141.71;137.64;183
4315;22.2;68.78;55.7;55.7;55.7;55.7;65.52;82.67;84.02;97
4316;21.5;21.1;21.1;21.1;21.1;21.1;21.1;21.1;21.1;36
4317;20.6;4.8;4.8;4.8;4.8;4.8;4.8;4.8;4.8;8
4318;20.0;0.0;0.0;0.0;0.0;0.0;0.0;0.0;0.0;0
4319;20.0;0.0;0.0;0.0;0.0;0.0;0.0;0.0;0.0;0
4320;16.2;0.0;0.0;0.0;0.0;0.0;0.0;0.0;0.0;0
4321;15.9;0.0;0.0;0.0;0.0;0.0;0.0;0.0;0.0;0
4322;15.9;0.0;0.0;0.0;0.0;0.0;0.0;0.0;0.0;0
4323;16.0;0.0;0.0;0.0;0.0;0.0;0.0;0.0;0.0;0
4324;15.9;0.0;0.0;0.0;0.0;0.0;0.0;0.0;0.0;0
4325;15.9;0.0;0.0;0.0;0.0;0.0;0.0;0.0;0.0;0
4326;16.3;1.8;1.8;1.8;1.8;1.8;1.8;1.8;1.8;3
4327;16.7;15.0;15.0;15.0;15.0;15.0;15.0;15.0;15.0;25
4328;17.9;68.4;73.24;76.45;74.95;69.61;68.4;68.4;68.4;119
4329;20.2;154.3;220.52;314.42;314.52;220.77;154.3;154.3;154.3;403
4330;20.8;168.3;192.25;376.76;439.16;342.89;168.3;168.3;168.3;583
4331;21.2;197.9;197.9;302.57;414.18;399.1;266.15;197.9;197.9;644
4332;22.1;231.8;231.8;231.8;332.94;374.83;332.94;231.8;231.8;603
4333;20.9;147.8;147.8;147.8;150.33;155.27;155.83;151.69;147.8;258
4334;22.6;224.1;224.1;224.1;224.1;242.86;253.2;246.5;226.67;406
4335;22.4;223.6;223.6;223.6;223.6;261.58;315.15;315.1;261.44;456
4336;21.0;108.9;108.9;108.9;108.9;110.72;118.73;120.98;116.16;189
4337;15.9;8.4;8.4;8.4;8.4;8.4;8.4;8.4;8.4;14
4338;16.2;10.2;10.2;10.2;10.2;10.2;10.2;10.2;10.2;17
4339;17.5;25.52;22.9;22.9;22.9;22.9;24.88;28.32;28.59;39
4340;17.0;16.3;16.3;16.3;16.3;16.3;16.3;16.3;16.3;28
4341;15.9;4.8;4.8;4.8;4.8;4.8;4.8;4.8;4.8;8
4342;15.8;0.0;0.0;0.0;0.0;0.0;0.0;0.0;0.0;0
4343;15.7;0.0;0.0;0.0;0.0;0.0;0.0;0.0;0.0;0
4344;15.4;0.0;0.0;0.0;0.0;0.0;0.0;0.0;0.0;0
4345;15.8;0.0;0.0;0.0;0.0;0.0;0.0;0.0;0.0;0
4346;14.8;0.0;0.0;0.0;0.0;0.0;0.0;0.0;0.0;0
4347;13.8;0.0;0.0;0.0;0.0;0.0;0.0;0.0;0.0;0
4348;12.8;0.0;0.0;0.0;0.0;0.0;0.0;0.0;0.0;0
4349;12.3;1.8;1.8;1.8;1.8;1.8;1.8;1.8;1.8;3
4350;13.3;11.68;13.55;13.87;12.45;10.9;10.9;10.9;10.9;19
4351;14.2;21.22;22.56;23.05;22.39;21.1;21.1;21.1;21.1;36
4352;14.6;50.2;53.43;55.58;54.58;51.01;50.2;50.2;50.2;87
4353;15.1;136.4;143.96;154.72;154.75;144.03;136.4;136.4;136.4;244
4354;17.3;186.0;200.91;317.09;356.48;296.0;186.0;186.0;186.0;500
4355;18.3;181.5;181.5;312.42;452.31;433.56;267.16;181.5;181.5;695
4356;19.3;182.8;182.8;182.8;409.01;502.71;409.01;182.8;182.8;788
4357;20.7;190.1;190.1;190.1;297.94;507.45;531.05;354.93;190.1;811
4358;21.1;187.6;187.6;187.6;187.6;470.33;625.76;524.53;225.92;801
4359;22.2;180.3;180.3;180.3;180.3;385.1;673.01;672.3;383.38;748
4360;22.0;170.5;170.5;170.5;170.5;259.86;650.95;760.59;524.57;650
4361;21.2;191.5;153.0;153.0;153.0;153.0;572.13;784.23;626.57;525
4362;20.6;276.68;129.8;129.8;129.8;129.8;421.06;688.58;628.78;373
4363;19.7;316.21;94.8;94.8;94.8;94.8;262.19;552.94;575.31;228
4364;18.2;52.7;52.7;52.7;52.7;52.7;52.7;52.7;52.7;102
4365;17.1;14.0;14.0;14.0;14.0;14.0;14.0;14.0;14.0;25
4366;15.6;0.0;0.0;0.0;0.0;0.0;0.0;0.0;0.0;0
4367;14.6;0.0;0.0;0.0;0.0;0.0;0.0;0.0;0.0;0
4368;13.6;0.0;0.0;0.0;0.0;0.0;0.0;0.0;0.0;0
4369;12.8;0.0;0.0;0.0;0.0;0.0;0.0;0.0;0.0;0
4370;12.3;0.0;0.0;0.0;0.0;0.0;0.0;0.0;0.0;0
4371;11.6;0.0;0.0;0.0;0.0;0.0;0.0;0.0;0.0;0
4372;11.0;0.0;0.0;0.0;0.0;0.0;0.0;0.0;0.0;0
4373;10.8;5.4;5.4;5.4;5.4;5.4;5.4;5.4;5.4;9
4374;11.1;36.81;46.21;47.81;40.68;32.9;32.9;32.9;32.9;59
4375;12.8;81.99;143.93;166.43;136.3;76.6;76.6;76.6;76.6;166
4376;15.0;116.3;217.18;284.62;253.47;141.96;116.3;116.3;116.3;298
4377;17.7;146.2;238.41;370.09;370.61;239.68;146.2;146.2;146.2;447
4378;19.5;172.9;194.33;363.46;420.97;333.15;172.9;172.9;172.9;564
4379;20.7;201.9;201.9;297.92;400.74;387.09;264.96;201.9;201.9;624
4380;22.1;209.2;209.2;209.2;379.74;450.39;379.74;209.2;209.2;712
4381;24.0;211.5;211.5;211.5;298.68;467.55;486.42;344.25;211.5;750
4382;24.3;214.0;214.0;214.0;214.0;428.0;545.25;468.47;242.62;725
4383;25.1;201.6;201.6;201.6;201.6;362.51;587.88;586.98;360.32;686
4384;25.5;203.1;203.1;203.1;203.1;235.74;377.58;417.21;331.41;471
4385;25.3;178.46;169.9;169.9;169.9;169.9;264.65;312.45;276.75;344
4386;24.2;82.37;76.9;76.9;76.9;76.9;87.8;97.78;95.53;134
4387;23.0;46.04;38.1;38.1;38.1;38.1;44.13;54.57;55.36;66
4388;22.2;24.8;24.8;24.8;24.8;24.8;24.8;24.8;24.8;43
4389;21.0;9.1;9.1;9.1;9.1;9.1;9.1;9.1;9.1;16
4390;20.2;0.0;0.0;0.0;0.0;0.0;0.0;0.0;0.0;0
4391;19.7;0.0;0.0;0.0;0.0;0.0;0.0;0.0;0.0;0
4392;17.7;0.0;0.0;0.0;0.0;0.0;0.0;0.0;0.0;0
4393;16.6;0.0;0.0;0.0;0.0;0.0;0.0;0.0;0.0;0
4394;15.8;0.0;0.0;0.0;0.0;0.0;0.0;0.0;0.0;0
4395;14.8;0.0;0.0;0.0;0.0;0.0;0.0;0.0;0.0;0
4396;14.6;0.0;0.0;0.0;0.0;0.0;0.0;0.0;0.0;0
4397;14.5;1.2;1.2;1.2;1.2;1.2;1.2;1.2;1.2;2
4398;14.8;6.6;6.6;6.6;6.6;6.6;6.6;6.6;6.6;11
4399;14.3;7.42;8.77;9.26;8.6;7.3;7.3;7.3;7.3;13
4400;14.3;19.3;20.11;20.65;20.4;19.51;19.3;19.3;19.3;33
4401;15.1;54.9;56.03;57.66;57.67;56.06;54.9;54.9;54.9;94
4402;14.1;35.5;35.56;36.08;36.25;35.99;35.5;35.5;35.5;60
4403;14.0;37.3;37.3;37.58;37.88;37.84;37.48;37.3;37.3;63
4404;13.6;65.1;65.1;65.1;66.28;66.76;66.28;65.1;65.1;111
4405;13.8;64.4;64.4;64.4;64.77;65.48;65.56;64.96;64.4;109
4406;13.8;63.2;63.2;63.2;63.2;64.17;64.7;64.35;63.33;107
4407;13.6;47.5;47.5;47.5;47.5;47.89;48.42;48.42;47.88;80
4408;13.5;58.4;58.4;58.4;58.4;58.81;60.6;61.1;60.02;99
4409;13.3;48.43;48.2;48.2;48.2;48.2;50.81;52.12;51.13;82
4410;14.3;97.33;90.3;90.3;90.3;90.3;104.38;117.24;114.32;158
4411;14.1;102.61;76.0;76.0;76.0;76.0;96.28;131.29;133.92;135
4412;14.1;44.4;44.4;44.4;44.4;44.4;44.4;44.4;44.4;79
4413;13.3;14.0;14.0;14.0;14.0;14.0;14.0;14.0;14.0;25
4414;12.3;0.0;0.0;0.0;0.0;0.0;0.0;0.0;0.0;0
4415;11.6;0.0;0.0;0.0;0.0;0.0;0.0;0.0;0.0;0
4416;11.5;0.0;0.0;0.0;0.0;0.0;0.0;0.0;0.0;0
4417;11.3;0.0;0.0;0.0;0.0;0.0;0.0;0.0;0.0;0
4418;10.6;0.0;0.0;0.0;0.0;0.0;0.0;0.0;0.0;0
4419;11.1;0.0;0.0;0.0;0.0;0.0;0.0;0.0;0.0;0
4420;10.1;0.0;0.0;0.0;0.0;0.0;0.0;0.0;0.0;0
4421;9.5;7.2;7.2;7.2;7.2;7.2;7.2;7.2;7.2;12
4422;11.3;47.7;78.05;83.3;60.37;35.2;35.2;35.2;35.2;72
4423;12.8;75.29;103.74;114.13;100.36;72.9;72.9;72.9;72.9;139
4424;12.6;42.8;44.42;45.5;45.01;43.22;42.8;42.8;42.8;73
4425;14.3;88.4;91.42;95.77;95.8;91.5;88.4;88.4;88.4;154
4426;15.8;126.1;126.92;133.61;135.89;132.44;126.1;126.1;126.1;221
4427;17.1;206.8;206.8;221.31;236.94;234.91;216.41;206.8;206.8;388
4428;18.0;189.1;189.1;189.1;198.94;203.02;198.94;189.1;189.1;336
4429;17.6;208.8;208.8;208.8;214.35;225.02;226.19;217.17;208.8;373
4430;17.7;230.5;230.5;230.5;230.5;386.17;470.83;414.71;250.68;650
4431;16.7;199.1;199.1;199.1;199.1;365.94;597.67;595.92;361.72;691
4432;17.3;183.6;183.6;183.6;183.6;258.97;581.09;670.36;474.5;606
4433;17.2;191.7;166.0;166.0;166.0;166.0;461.56;609.69;497.91;465
4434;17.2;316.88;120.0;120.0;120.0;120.0;516.43;877.52;794.86;410
4435;16.6;303.55;94.8;94.8;94.8;94.8;254.57;529.5;549.79;223
4436;16.1;36.4;36.4;36.4;36.4;36.4;36.4;36.4;36.4;64
4437;15.8;5.4;5.4;5.4;5.4;5.4;5.4;5.4;5.4;9
4438;15.8;0.0;0.0;0.0;0.0;0.0;0.0;0.0;0.0;0
4439;15.6;0.0;0.0;0.0;0.0;0.0;0.0;0.0;0.0;0
4440;15.3;0.0;0.0;0.0;0.0;0.0;0.0;0.0;0.0;0
4441;15.0;0.0;0.0;0.0;0.0;0.0;0.0;0.0;0.0;0
4442;13.0;0.0;0.0;0.0;0.0;0.0;0.0;0.0;0.0;0
4443;11.8;0.0;0.0;0.0;0.0;0.0;0.0;0.0;0.0;0
4444;11.6;0.0;0.0;0.0;0.0;0.0;0.0;0.0;0.0;0
4445;12.1;3.0;3.0;3.0;3.0;3.0;3.0;3.0;3.0;5
4446;13.0;27.84;33.56;34.56;30.25;25.5;25.5;25.5;25.5;45
4447;14.0;79.48;135.23;155.63;128.75;74.9;74.9;74.9;74.9;159
4448;14.8;109.8;250.5;345.61;302.59;146.63;109.8;109.8;109.8;328
4449;16.2;136.2;249.29;412.94;414.48;253.01;136.2;136.2;136.2;477
4450;16.8;154.2;181.17;404.09;480.63;365.95;154.2;154.2;154.2;617
4451;17.7;179.1;179.1;312.44;456.41;437.94;267.84;179.1;179.1;696
4452;18.7;229.5;229.5;229.5;337.4;382.1;337.4;229.5;229.5;610
4453;19.8;230.6;230.6;230.6;294.6;417.27;430.59;326.76;230.6;671
4454;20.0;239.2;239.2;239.2;239.2;335.27;387.3;352.58;251.44;562
4455;20.3;201.6;201.6;201.6;201.6;213.28;229.43;229.27;212.91;361
4456;20.5;159.3;159.3;159.3;159.3;163.74;182.57;187.76;176.28;283
4457;21.1;190.72;168.6;168.6;168.6;168.6;428.65;558.49;459.93;446
4458;20.8;251.84;132.3;132.3;132.3;132.3;374.44;594.27;543.49;348
4459;20.5;277.5;94.4;94.4;94.4;94.4;235.21;476.63;494.15;214
4460;19.2;53.5;53.5;53.5;53.5;53.5;53.5;53.5;53.5;130
4461;18.2;19.0;19.0;19.0;19.0;19.0;19.0;19.0;19.0;35
4462;15.3;0.0;0.0;0.0;0.0;0.0;0.0;0.0;0.0;0
4463;13.1;0.0;0.0;0.0;0.0;0.0;0.0;0.0;0.0;0
4464;12.0;0.0;0.0;0.0;0.0;0.0;0.0;0.0;0.0;0
4465;11.6;0.0;0.0;0.0;0.0;0.0;0.0;0.0;0.0;0
4466;12.3;0.0;0.0;0.0;0.0;0.0;0.0;0.0;0.0;0
4467;13.3;0.0;0.0;0.0;0.0;0.0;0.0;0.0;0.0;0
4468;12.1;0.0;0.0;0.0;0.0;0.0;0.0;0.0;0.0;0
4469;11.1;3.6;3.6;3.6;3.6;3.6;3.6;3.6;3.6;6
4470;13.5;35.01;44.59;46.27;39.06;31.1;31.1;31.1;31.1;56
4471;16.5;81.12;156.19;183.75;147.67;75.1;75.1;75.1;75.1;171
4472;17.5;114.8;213.53;280.55;250.48;140.92;114.8;114.8;114.8;293
4473;19.1;141.6;241.02;385.64;387.3;245.03;141.6;141.6;141.6;456
4474;20.6;168.7;190.17;370.95;433.26;340.58;168.7;168.7;168.7;572
4475;20.7;201.0;201.0;296.77;400.49;387.36;265.06;201.0;201.0;620
4476;21.6;233.7;233.7;233.7;294.42;319.57;294.42;233.7;233.7;517
4477;22.2;237.9;237.9;237.9;256.44;291.85;295.65;265.62;237.9;479
4478;22.2;239.1;239.1;239.1;239.1;317.41;359.63;331.24;248.88;531
4479;22.2;219.5;219.5;219.5;219.5;249.67;291.16;290.68;248.5;430
4480;23.0;202.1;202.1;202.1;202.1;228.87;341.11;371.93;303.26;441
4481;22.7;168.4;163.8;163.8;163.8;163.8;219.22;246.77;225.72;308
4482;22.1;184.48;133.7;133.7;133.7;133.7;237.24;330.91;309.06;277
4483;21.5;209.65;93.1;93.1;93.1;93.1;183.19;337.05;348.01;191
4484;19.8;52.7;52.7;52.7;52.7;52.7;52.7;52.7;52.7;107
4485;18.6;20.7;20.7;20.7;20.7;20.7;20.7;20.7;20.7;37
4486;17.2;0.0;0.0;0.0;0.0;0.0;0.0;0.0;0.0;0
4487;15.1;0.0;0.0;0.0;0.0;0.0;0.0;0.0;0.0;0
4488;13.6;0.0;0.0;0.0;0.0;0.0;0.0;0.0;0.0;0
4489;12.6;0.0;0.0;0.0;0.0;0.0;0.0;0.0;0.0;0
4490;12.0;0.0;0.0;0.0;0.0;0.0;0.0;0.0;0.0;0
4491;11.6;0.0;0.0;0.0;0.0;0.0;0.0;0.0;0.0;0
4492;11.1;0.0;0.0;0.0;0.0;0.0;0.0;0.0;0.0;0
4493;10.8;5.4;5.4;5.4;5.4;5.4;5.4;5.4;5.4;9
4494;13.5;46.5;77.34;82.79;59.66;34.0;34.0;34.0;34.0;70
4495;15.5;81.7;177.63;212.97;167.02;74.2;74.2;74.2;74.2;182
4496;17.2;105.3;268.1;379.11;329.72;148.87;105.3;105.3;105.3;343
4497;19.1;131.3;252.82;430.54;432.97;258.69;131.3;131.3;131.3;488
4498;20.5;161.7;185.14;386.42;456.06;353.27;161.7;161.7;161.7;592
4499;21.2;175.4;175.4;313.98;464.58;445.78;268.6;175.4;175.4;704
4500;22.6;217.7;217.7;217.7;365.56;426.8;365.56;217.7;217.7;672
4501;22.0;236.8;236.8;236.8;254.53;288.25;291.83;263.17;236.8;473
4502;22.2;222.9;222.9;222.9;222.9;242.21;252.56;245.55;225.26;404
4503;23.0;225.3;225.3;225.3;225.3;283.28;362.59;361.49;280.6;498
4504;24.0;180.0;180.0;180.0;180.0;261.94;602.05;694.92;486.16;615
4505;22.8;176.73;168.8;168.8;168.8;168.8;266.92;315.5;278.14;343
4506;22.2;173.31;131.9;131.9;131.9;131.9;216.91;293.53;275.47;264
4507;22.2;371.44;93.0;93.0;93.0;93.0;309.41;677.49;703.18;240
4508;20.7;51.9;51.9;51.9;51.9;51.9;51.9;51.9;51.9;104
4509;19.3;12.8;12.8;12.8;12.8;12.8;12.8;12.8;12.8;23
4510;17.8;0.0;0.0;0.0;0.0;0.0;0.0;0.0;0.0;0
4511;16.2;0.0;0.0;0.0;0.0;0.0;0.0;0.0;0.0;0
4512;14.3;0.0;0.0;0.0;0.0;0.0;0.0;0.0;0.0;0
4513;14.1;0.0;0.0;0.0;0.0;0.0;0.0;0.0;0.0;0
4514;13.8;0.0;0.0;0.0;0.0;0.0;0.0;0.0;0.0;0
4515;13.6;0.0;0.0;0.0;0.0;0.0;0.0;0.0;0.0;0
4516;14.0;0.0;0.0;0.0;0.0;0.0;0.0;0.0;0.0;0
4517;14.1;3.6;3.6;3.6;3.6;3.6;3.6;3.6;3.6;6
4518;15.3;33.81;43.5;45.23;37.98;29.9;29.9;29.9;29.9;54
4519;17.3;76.56;123.35;140.65;118.32;73.0;73.0;73.0;73.0;150
4520;19.7;114.4;205.2;267.4;239.98;139.0;114.4;114.4;114.4;284
4521;21.2;148.4;225.82;339.7;341.52;230.22;148.4;148.4;148.4;419
4522;22.6;174.1;192.38;352.74;408.45;326.89;174.1;174.1;174.1;546
4523;24.3;191.7;191.7;303.85;426.16;411.12;267.55;191.7;191.7;652
4524;25.5;203.7;203.7;203.7;387.46;463.58;387.46;203.7;203.7;722
4525;26.3;210.6;210.6;210.6;300.71;471.27;489.13;343.83;210.6;746
4526;27.3;210.1;210.1;210.1;210.1;437.54;558.95;476.02;237.31;731
4527;26.6;201.8;201.8;201.8;201.8;364.64;586.17;582.54;355.88;678
4528;26.1;186.1;186.1;186.1;186.1;260.11;563.96;646.47;459.3;591
4529;26.1;188.68;164.6;164.6;164.6;164.6;471.17;622.24;505.23;466
4530;25.2;234.29;133.5;133.5;133.5;133.5;341.94;529.07;484.47;330
4531;24.7;230.74;93.2;93.2;93.2;93.2;200.72;382.8;395.23;197
4532;23.7;47.5;47.5;47.5;47.5;47.5;47.5;47.5;47.5;85
4533;22.3;10.4;10.4;10.4;10.4;10.4;10.4;10.4;10.4;19
4534;21.3;0.0;0.0;0.0;0.0;0.0;0.0;0.0;0.0;0
4535;20.2;0.0;0.0;0.0;0.0;0.0;0.0;0.0;0.0;0
4536;19.5;0.0;0.0;0.0;0.0;0.0;0.0;0.0;0.0;0
4537;19.1;0.0;0.0;0.0;0.0;0.0;0.0;0.0;0.0;0
4538;17.6;0.0;0.0;0.0;0.0;0.0;0.0;0.0;0.0;0
4539;17.2;0.0;0.0;0.0;0.0;0.0;0.0;0.0;0.0;0
4540;17.0;0.0;0.0;0.0;0.0;0.0;0.0;0.0;0.0;0
4541;18.2;3.0;3.0;3.0;3.0;3.0;3.0;3.0;3.0;5
4542;18.5;19.48;21.43;21.78;20.33;18.7;18.7;18.7;18.7;32
4543;19.1;49.01;55.92;58.49;55.2;48.5;48.5;48.5;48.5;85
4544;22.0;114.9;185.5;234.11;212.89;134.27;114.9;114.9;114.9;264
4545;22.0;145.8;229.13;352.47;354.75;234.62;145.8;145.8;145.8;428
4546;23.2;180.9;195.45;326.11;371.7;305.53;180.9;180.9;180.9;509
4547;28.0;196.0;196.0;300.22;414.29;400.49;266.91;196.0;196.0;635
4548;24.3;211.6;211.6;211.6;374.93;442.58;374.93;211.6;211.6;691
4549;26.1;230.2;230.2;230.2;295.36;418.11;430.79;325.97;230.2;667
4550;26.5;219.5;219.5;219.5;219.5;417.2;522.18;449.85;242.59;695
4551;27.3;200.6;200.6;200.6;200.6;367.05;592.14;587.88;356.75;681
4552;27.5;187.1;187.1;187.1;187.1;260.34;557.65;637.9;454.07;586
4553;27.5;187.88;163.9;163.9;163.9;163.9;478.87;633.32;512.79;469
4554;26.8;195.62;133.9;133.9;133.9;133.9;262.56;377.57;349.84;289
4555;26.2;279.52;93.7;93.7;93.7;93.7;239.87;486.24;502.66;212
4556;25.5;49.6;49.6;49.6;49.6;49.6;49.6;49.6;49.6;91
4557;24.2;9.1;9.1;9.1;9.1;9.1;9.1;9.1;9.1;16
4558;23.2;0.0;0.0;0.0;0.0;0.0;0.0;0.0;0.0;0
4559;22.1;0.0;0.0;0.0;0.0;0.0;0.0;0.0;0.0;0
4560;21.3;0.0;0.0;0.0;0.0;0.0;0.0;0.0;0.0;0
4561;20.5;0.0;0.0;0.0;0.0;0.0;0.0;0.0;0.0;0
4562;20.1;0.0;0.0;0.0;0.0;0.0;0.0;0.0;0.0;0
4563;19.0;0.0;0.0;0.0;0.0;0.0;0.0;0.0;0.0;0
4564;18.7;0.0;0.0;0.0;0.0;0.0;0.0;0.0;0.0;0
4565;18.2;3.6;3.6;3.6;3.6;3.6;3.6;3.6;3.6;6
4566;18.5;30.53;38.39;39.81;33.97;27.4;27.4;27.4;27.4;49
4567;19.7;75.77;123.01;140.6;118.24;72.4;72.4;72.4;72.4;149
4568;21.3;113.8;199.9;259.5;233.75;137.74;113.8;113.8;113.8;278
4569;24.1;147.5;223.6;336.98;339.37;229.36;147.5;147.5;147.5;415
4570;26.1;170.9;189.4;359.7;419.4;333.54;170.9;170.9;170.9;554
4571;27.6;185.4;185.4;307.34;441.35;425.42;268.89;185.4;185.4;669
4572;30.1;196.4;196.4;196.4;396.14;478.87;396.14;196.4;196.4;739
4573;31.2;201.1;201.1;201.1;302.18;491.68;510.96;348.73;201.1;771
4574;31.7;196.0;196.0;196.0;196.0;463.87;605.3;506.97;226.48;770
4575;32.2;192.6;192.6;192.6;192.6;378.9;629.26;623.84;365.8;706
4576;31.7;178.9;178.9;178.9;178.9;264.48;607.79;699.86;486.76;614
4577;31.2;186.4;160.8;160.8;160.8;160.8;508.63;678.31;544.84;483
4578;30.7;253.56;130.9;130.9;130.9;130.9;388.71;618.16;562.18;349
4579;29.8;286.36;93.3;93.3;93.3;93.3;246.16;502.53;519.18;213
4580;28.5;49.9;49.9;49.9;49.9;49.9;49.9;49.9;49.9;94
4581;27.1;10.4;10.4;10.4;10.4;10.4;10.4;10.4;10.4;19
4582;25.8;0.0;0.0;0.0;0.0;0.0;0.0;0.0;0.0;0
4583;24.6;0.0;0.0;0.0;0.0;0.0;0.0;0.0;0.0;0
4584;23.3;0.0;0.0;0.0;0.0;0.0;0.0;0.0;0.0;0
4585;22.2;0.0;0.0;0.0;0.0;0.0;0.0;0.0;0.0;0
4586;21.7;0.0;0.0;0.0;0.0;0.0;0.0;0.0;0.0;0
4587;21.1;0.0;0.0;0.0;0.0;0.0;0.0;0.0;0.0;0
4588;20.6;0.0;0.0;0.0;0.0;0.0;0.0;0.0;0.0;0
4589;20.2;3.6;3.6;3.6;3.6;3.6;3.6;3.6;3.6;6
4590;20.6;32.33;40.25;41.7;35.83;29.2;29.2;29.2;29.2;52
4591;21.3;76.24;136.28;158.73;130.43;72.1;72.1;72.1;72.1;156
4592;22.5;111.9;216.8;289.81;258.61;141.47;111.9;111.9;111.9;294
4593;24.2;142.7;232.18;366.41;369.59;239.86;142.7;142.7;142.7;437
4594;25.8;165.5;185.29;372.35;438.24;344.36;165.5;165.5;165.5;570
4595;27.7;184.5;184.5;307.57;443.37;427.52;269.32;184.5;184.5;670
4596;29.7;198.3;198.3;198.3;394.63;475.95;394.63;198.3;198.3;733
4597;30.5;204.8;204.8;204.8;302.29;484.14;502.35;346.26;204.8;758
4598;31.3;201.7;201.7;201.7;201.7;454.54;587.24;494.1;229.68;752
4599;31.7;192.4;192.4;192.4;192.4;379.41;629.09;622.97;364.62;704
4600;31.2;191.6;191.6;191.6;191.6;258.06;521.41;591.56;427.42;561
4601;29.3;120.15;118.9;118.9;118.9;118.9;136.53;145.09;138.3;209
4602;28.5;67.41;63.5;63.5;63.5;63.5;71.78;79.12;77.31;110
4603;24.7;47.77;39.3;39.3;39.3;39.3;46.05;57.33;58.04;68
4604;23.3;15.6;15.6;15.6;15.6;15.6;15.6;15.6;15.6;26
4605;22.6;3.0;3.0;3.0;3.0;3.0;3.0;3.0;3.0;5
4606;21.6;0.0;0.0;0.0;0.0;0.0;0.0;0.0;0.0;0
4607;20.5;0.0;0.0;0.0;0.0;0.0;0.0;0.0;0.0;0
4608;19.7;0.0;0.0;0.0;0.0;0.0;0.0;0.0;0.0;0
4609;18.6;0.0;0.0;0.0;0.0;0.0;0.0;0.0;0.0;0
4610;17.6;0.0;0.0;0.0;0.0;0.0;0.0;0.0;0.0;0
4611;17.7;0.0;0.0;0.0;0.0;0.0;0.0;0.0;0.0;0
4612;16.2;0.0;0.0;0.0;0.0;0.0;0.0;0.0;0.0;0
4613;16.8;3.6;3.6;3.6;3.6;3.6;3.6;3.6;3.6;6
4614;17.7;34.09;46.06;48.27;39.43;29.4;29.4;29.4;29.4;54
4615;20.7;76.08;140.66;164.9;134.61;71.8;71.8;71.8;71.8;158
4616;21.5;111.6;150.68;178.03;166.48;122.77;111.6;111.6;111.6;226
4617;23.3;134.6;142.08;153.38;153.67;142.8;134.6;134.6;134.6;241
4618;23.7;171.2;172.62;186.47;191.38;184.46;171.2;171.2;171.2;307
4619;24.2;203.2;203.2;216.25;230.7;229.05;212.25;203.2;203.2;377
4620;25.2;189.2;189.2;189.2;199.83;204.23;199.83;189.2;189.2;337
4621;25.2;212.0;212.0;212.0;218.3;229.98;231.13;221.08;212.0;380
4622;25.2;230.1;230.1;230.1;230.1;268.35;288.3;274.16;234.21;446
4623;26.7;222.7;222.7;222.7;222.7;269.85;332.38;330.66;265.7;467
4624;26.2;199.9;199.9;199.9;199.9;244.82;420.55;467.02;357.02;494
4625;24.8;157.03;154.8;154.8;154.8;154.8;187.57;203.38;190.73;278
4626;24.2;216.7;133.1;133.1;133.1;133.1;311.99;469.69;430.22;311
4627;23.0;190.35;90.5;90.5;90.5;90.5;170.67;303.73;311.88;180
4628;21.6;38.3;38.3;38.3;38.3;38.3;38.3;38.3;38.3;68
4629;20.8;9.1;9.1;9.1;9.1;9.1;9.1;9.1;9.1;16
4630;19.6;0.0;0.0;0.0;0.0;0.0;0.0;0.0;0.0;0
4631;18.0;0.0;0.0;0.0;0.0;0.0;0.0;0.0;0.0;0
4632;16.7;0.0;0.0;0.0;0.0;0.0;0.0;0.0;0.0;0
4633;17.1;0.0;0.0;0.0;0.0;0.0;0.0;0.0;0.0;0
4634;17.5;0.0;0.0;0.0;0.0;0.0;0.0;0.0;0.0;0
4635;16.2;0.0;0.0;0.0;0.0;0.0;0.0;0.0;0.0;0
4636;16.2;0.0;0.0;0.0;0.0;0.0;0.0;0.0;0.0;0
4637;15.5;3.6;3.6;3.6;3.6;3.6;3.6;3.6;3.6;6
4638;16.5;34.09;46.16;48.41;39.53;29.4;29.4;29.4;29.4;54
4639;19.7;76.59;159.89;191.3;152.41;71.3;71.3;71.3;71.3;168
4640;21.2;107.5;235.46;325.6;287.97;144.63;107.5;107.5;107.5;310
4641;23.1;137.2;237.25;389.56;394.04;248.07;137.2;137.2;137.2;452
4642;23.8;161.1;181.13;382.01;453.48;353.68;161.1;161.1;161.1;581
4643;25.0;175.6;175.6;311.51;462.78;445.82;270.57;175.6;175.6;691
4644;25.6;187.0;187.0;187.0;408.19;499.8;408.19;187.0;187.0;760
4645;26.7;195.6;195.6;195.6;304.08;504.27;523.63;350.85;195.6;781
4646;27.8;198.0;198.0;198.0;198.0;462.98;600.31;501.97;225.57;760
4647;27.7;192.9;192.9;192.9;192.9;380.3;627.04;619.47;362.02;699
4648;28.3;179.3;179.3;179.3;179.3;267.04;605.77;694.68;481.68;608
4649;28.8;180.74;154.0;154.0;154.0;154.0;563.65;760.08;601.47;505
4650;28.2;294.08;122.2;122.2;122.2;122.2;493.59;819.31;736.67;387
4651;27.2;319.69;91.9;91.9;91.9;91.9;276.17;580.29;598.32;219
4652;25.7;50.0;50.0;50.0;50.0;50.0;50.0;50.0;50.0;100
4653;23.7;6.7;6.7;6.7;6.7;6.7;6.7;6.7;6.7;12
4654;21.8;0.0;0.0;0.0;0.0;0.0;0.0;0.0;0.0;0
4655;21.2;0.0;0.0;0.0;0.0;0.0;0.0;0.0;0.0;0
4656;19.7;0.0;0.0;0.0;0.0;0.0;0.0;0.0;0.0;0
4657;20.0;0.0;0.0;0.0;0.0;0.0;0.0;0.0;0.0;0
4658;20.7;0.0;0.0;0.0;0.0;0.0;0.0;0.0;0.0;0
4659;20.7;0.0;0.0;0.0;0.0;0.0;0.0;0.0;0.0;0
4660;20.6;0.0;0.0;0.0;0.0;0.0;0.0;0.0;0.0;0
4661;20.0;2.4;2.4;2.4;2.4;2.4;2.4;2.4;2.4;4
4662;19.2;13.48;15.51;15.89;14.41;12.7;12.7;12.7;12.7;22
4663;18.5;15.6;15.6;15.6;15.6;15.6;15.6;15.6;15.6;26
4664;19.3;86.9;95.88;102.24;99.62;89.54;86.9;86.9;86.9;154
4665;21.6;147.9;169.15;201.75;202.8;171.7;147.9;147.9;147.9;294
4666;22.5;185.6;191.63;254.13;276.48;245.6;185.6;185.6;185.6;406
4667;23.5;212.3;212.3;247.94;287.78;283.41;237.38;212.3;212.3;458
4668;23.0;229.8;229.8;229.8;324.11;363.17;324.11;229.8;229.8;573
4669;23.1;239.7;239.7;239.7;276.42;343.81;350.2;291.87;239.7;552
4670;23.8;229.2;229.2;229.2;229.2;387.47;468.94;409.97;245.11;637
4671;23.6;216.2;216.2;216.2;216.2;337.28;495.53;490.15;324.3;602
4672;24.2;155.8;155.8;155.8;155.8;275.06;729.23;847.49;560.57;673
4673;24.5;174.47;143.7;143.7;143.7;143.7;637.96;873.47;681.48;537
4674;23.5;281.54;124.5;124.5;124.5;124.5;467.28;766.3;689.36;375
4675;23.2;602.32;80.3;80.3;80.3;80.3;505.9;1204.21;1244.15;283
4676;22.0;57.1;57.1;57.1;57.1;57.1;57.1;57.1;57.1;146
4677;20.2;15.0;15.0;15.0;15.0;15.0;15.0;15.0;15.0;25
4678;20.1;0.0;0.0;0.0;0.0;0.0;0.0;0.0;0.0;0
4679;17.0;0.0;0.0;0.0;0.0;0.0;0.0;0.0;0.0;0
4680;16.8;0.0;0.0;0.0;0.0;0.0;0.0;0.0;0.0;0
4681;16.2;0.0;0.0;0.0;0.0;0.0;0.0;0.0;0.0;0
4682;15.8;0.0;0.0;0.0;0.0;0.0;0.0;0.0;0.0;0
4683;15.8;0.0;0.0;0.0;0.0;0.0;0.0;0.0;0.0;0
4684;16.2;0.0;0.0;0.0;0.0;0.0;0.0;0.0;0.0;0
4685;16.6;0.6;0.6;0.6;0.6;0.6;0.6;0.6;0.6;1
4686;17.1;12.0;12.0;12.0;12.0;12.0;12.0;12.0;12.0;20
4687;18.0;51.5;60.07;63.33;59.37;51.0;51.0;51.0;51.0;90
4688;17.8;91.9;102.52;110.1;107.02;95.08;91.9;91.9;91.9;164
4689;19.2;150.6;186.33;241.59;243.56;191.07;150.6;150.6;150.6;331
4690;20.6;170.2;185.86;353.88;414.3;331.73;170.2;170.2;170.2;542
4691;21.2;205.7;205.7;284.32;372.64;363.17;261.46;205.7;205.7;572
4692;21.3;213.9;213.9;213.9;369.99;434.64;369.99;213.9;213.9;669
4693;22.0;219.6;219.6;219.6;301.11;449.79;463.63;334.52;219.6;701
4694;21.2;223.1;223.1;223.1;223.1;247.59;260.11;250.95;225.47;411
4695;21.5;167.6;167.6;167.6;167.6;176.03;186.97;186.56;175.04;296
4696;22.5;190.0;190.0;190.0;190.0;261.42;529.6;598.85;428.6;560
4697;22.3;179.53;157.5;157.5;157.5;157.5;529.91;706.2;561.06;485
4698;23.7;210.81;131.9;131.9;131.9;131.9;305.98;456.99;417.57;304
4699;20.2;78.31;60.6;60.6;60.6;60.6;75.16;98.9;100.2;106
4700;20.2;28.5;28.5;28.5;28.5;28.5;28.5;28.5;28.5;50
4701;19.1;9.1;9.1;9.1;9.1;9.1;9.1;9.1;9.1;16
4702;18.6;0.0;0.0;0.0;0.0;0.0;0.0;0.0;0.0;0
4703;17.8;0.0;0.0;0.0;0.0;0.0;0.0;0.0;0.0;0
4704;18.3;0.0;0.0;0.0;0.0;0.0;0.0;0.0;0.0;0
4705;18.3;0.0;0.0;0.0;0.0;0.0;0.0;0.0;0.0;0
4706;17.2;0.0;0.0;0.0;0.0;0.0;0.0;0.0;0.0;0
4707;15.6;0.0;0.0;0.0;0.0;0.0;0.0;0.0;0.0;0
4708;14.6;0.0;0.0;0.0;0.0;0.0;0.0;0.0;0.0;0
4709;14.1;3.6;3.6;3.6;3.6;3.6;3.6;3.6;3.6;6
4710;15.1;32.29;44.69;47.08;38.06;27.6;27.6;27.6;27.6;51
4711;16.8;69.15;99.35;110.9;97.02;67.5;67.5;67.5;67.5;130
4712;17.7;76.5;83.86;89.15;87.03;78.74;76.5;76.5;76.5;135
4713;18.0;69.5;71.36;74.26;74.37;71.63;69.5;69.5;69.5;120
4714;17.3;124.4;125.09;132.72;135.48;131.75;124.4;124.4;124.4;219
4715;19.7;208.8;208.8;275.89;351.63;343.7;256.75;208.8;208.8;543
4716;20.3;230.7;230.7;230.7;302.34;332.02;302.34;230.7;230.7;527
4717;20.3;238.8;238.8;238.8;276.92;346.03;352.33;292.13;238.8;553
4718;21.2;235.4;235.4;235.4;235.4;346.72;403.21;361.4;245.78;569
4719;22.2;211.9;211.9;211.9;211.9;347.71;522.48;515.32;330.41;619
4720;20.7;194.3;194.3;194.3;194.3;256.78;488.03;547.23;399.68;533
4721;21.8;180.57;165.0;165.0;165.0;165.0;443.31;574.16;465.33;440
4722;21.2;277.13;124.0;124.0;124.0;124.0;465.57;760.19;682.14;370
4723;20.2;227.92;90.4;90.4;90.4;90.4;204.39;389.13;398.87;189
4724;19.3;44.5;44.5;44.5;44.5;44.5;44.5;44.5;44.5;80
4725;18.5;10.9;10.9;10.9;10.9;10.9;10.9;10.9;10.9;19
4726;17.1;0.0;0.0;0.0;0.0;0.0;0.0;0.0;0.0;0
4727;17.2;0.0;0.0;0.0;0.0;0.0;0.0;0.0;0.0;0
4728;16.6;0.0;0.0;0.0;0.0;0.0;0.0;0.0;0.0;0
4729;16.2;0.0;0.0;0.0;0.0;0.0;0.0;0.0;0.0;0
4730;15.1;0.0;0.0;0.0;0.0;0.0;0.0;0.0;0.0;0
4731;14.5;0.0;0.0;0.0;0.0;0.0;0.0;0.0;0.0;0
4732;14.1;0.0;0.0;0.0;0.0;0.0;0.0;0.0;0.0;0
4733;14.5;1.8;1.8;1.8;1.8;1.8;1.8;1.8;1.8;3
4734;15.8;15.88;17.97;18.37;16.86;15.1;15.1;15.1;15.1;26
4735;16.6;38.5;44.29;46.51;43.87;38.2;38.2;38.2;38.2;67
4736;17.1;68.5;74.24;78.39;76.74;70.27;68.5;68.5;68.5;120
4737;17.6;118.5;124.06;132.82;133.19;124.95;118.5;118.5;118.5;210
4738;19.1;180.7;184.16;224.23;238.8;219.34;180.7;180.7;180.7;362
4739;18.3;188.2;188.2;196.25;205.39;204.46;194.0;188.2;188.2;337
4740;19.3;229.0;229.0;229.0;281.3;302.97;281.3;229.0;229.0;485
4741;21.2;237.5;237.5;237.5;265.89;317.04;321.6;276.89;237.5;510
4742;21.1;229.3;229.3;229.3;229.3;271.11;292.17;276.4;233.04;448
4743;20.7;205.4;205.4;205.4;205.4;219.16;236.73;235.95;217.27;369
4744;20.5;174.1;174.1;174.1;174.1;180.44;203.55;209.41;194.59;311
4745;19.8;155.99;154.2;154.2;154.2;154.2;188.21;204.08;190.74;277
4746;19.7;101.49;92.9;92.9;92.9;92.9;112.29;128.92;124.45;164
4747;19.3;70.85;55.7;55.7;55.7;55.7;68.37;88.77;89.8;97
4748;19.0;20.6;20.6;20.6;20.6;20.6;20.6;20.6;20.6;36
4749;18.7;3.0;3.0;3.0;3.0;3.0;3.0;3.0;3.0;5
4750;18.2;0.0;0.0;0.0;0.0;0.0;0.0;0.0;0.0;0
4751;17.6;0.0;0.0;0.0;0.0;0.0;0.0;0.0;0.0;0
4752;16.2;0.0;0.0;0.0;0.0;0.0;0.0;0.0;0.0;0
4753;17.0;0.0;0.0;0.0;0.0;0.0;0.0;0.0;0.0;0
4754;16.7;0.0;0.0;0.0;0.0;0.0;0.0;0.0;0.0;0
4755;16.8;0.0;0.0;0.0;0.0;0.0;0.0;0.0;0.0;0
4756;16.7;0.0;0.0;0.0;0.0;0.0;0.0;0.0;0.0;0
4757;16.6;1.8;1.8;1.8;1.8;1.8;1.8;1.8;1.8;3
4758;17.1;16.76;20.98;21.81;18.77;15.2;15.2;15.2;15.2;27
4759;17.5;36.51;40.88;42.57;40.59;36.3;36.3;36.3;36.3;63
4760;17.2;33.7;34.52;35.12;34.89;33.96;33.7;33.7;33.7;57
4761;17.2;44.0;44.74;45.92;45.97;44.87;44.0;44.0;44.0;75
4762;17.5;73.0;73.18;75.39;76.2;75.13;73.0;73.0;73.0;125
4763;18.0;107.0;107.0;109.31;111.94;111.68;108.68;107.0;107.0;185
4764;17.6;113.7;113.7;113.7;117.52;119.11;117.52;113.7;113.7;197
4765;17.2;82.1;82.1;82.1;83.15;85.02;85.19;83.54;82.1;141
4766;17.3;73.0;73.0;73.0;73.0;75.13;76.2;75.39;73.18;125
4767;17.6;39.1;39.1;39.1;39.1;39.53;40.08;40.06;39.47;66
4768;18.1;35.5;35.5;35.5;35.5;35.76;36.69;36.92;36.32;60
4769;18.7;33.17;33.1;33.1;33.1;33.1;34.53;35.19;34.63;56
4770;18.7;33.88;33.1;33.1;33.1;33.1;34.88;36.4;35.99;56
4771;18.8;16.8;16.8;16.8;16.8;16.8;16.8;16.8;16.8;28
4772;19.0;9.6;9.6;9.6;9.6;9.6;9.6;9.6;9.6;16
4773;19.0;6.7;6.7;6.7;6.7;6.7;6.7;6.7;6.7;12
4774;18.7;0.0;0.0;0.0;0.0;0.0;0.0;0.0;0.0;0
4775;18.3;0.0;0.0;0.0;0.0;0.0;0.0;0.0;0.0;0
4776;18.5;0.0;0.0;0.0;0.0;0.0;0.0;0.0;0.0;0
4777;18.7;0.0;0.0;0.0;0.0;0.0;0.0;0.0;0.0;0
4778;18.7;0.0;0.0;0.0;0.0;0.0;0.0;0.0;0.0;0
4779;18.8;0.0;0.0;0.0;0.0;0.0;0.0;0.0;0.0;0
4780;18.8;0.0;0.0;0.0;0.0;0.0;0.0;0.0;0.0;0
4781;18.8;0.6;0.6;0.6;0.6;0.6;0.6;0.6;0.6;1
4782;19.0;8.4;8.4;8.4;8.4;8.4;8.4;8.4;8.4;14
4783;19.2;27.93;30.87;32.01;30.68;27.8;27.8;27.8;27.8;48
4784;19.6;50.8;54.09;56.5;55.58;51.85;50.8;50.8;50.8;88
4785;20.2;73.7;75.55;78.51;78.65;75.9;73.7;73.7;73.7;127
4786;20.7;81.5;81.72;84.5;85.53;84.19;81.5;81.5;81.5;140
4787;21.0;104.0;104.0;106.31;108.97;108.71;105.7;104.0;104.0;180
4788;22.6;181.1;181.1;181.1;190.94;195.02;190.94;181.1;181.1;321
4789;21.8;127.7;127.7;127.7;130.03;134.18;134.53;130.88;127.7;222
4790;22.7;133.8;133.8;133.8;133.8;140.26;143.46;141.0;134.33;233
4791;22.6;121.7;121.7;121.7;121.7;126.53;132.6;132.28;125.76;212
4792;23.1;96.8;96.8;96.8;96.8;98.9;106.35;108.2;103.38;168
4793;22.5;85.0;84.6;84.6;84.6;84.6;93.25;97.22;93.81;146
4794;22.8;88.65;82.4;82.4;82.4;82.4;96.85;109.09;105.69;144
4795;22.2;58.48;46.0;46.0;46.0;46.0;56.63;73.52;74.29;80
4796;22.1;16.9;16.9;16.9;16.9;16.9;16.9;16.9;16.9;29
4797;20.6;4.2;4.2;4.2;4.2;4.2;4.2;4.2;4.2;7
4798;18.7;0.0;0.0;0.0;0.0;0.0;0.0;0.0;0.0;0
4799;17.7;0.0;0.0;0.0;0.0;0.0;0.0;0.0;0.0;0
4800;16.8;0.0;0.0;0.0;0.0;0.0;0.0;0.0;0.0;0
4801;16.0;0.0;0.0;0.0;0.0;0.0;0.0;0.0;0.0;0
4802;15.8;0.0;0.0;0.0;0.0;0.0;0.0;0.0;0.0;0
4803;16.5;0.0;0.0;0.0;0.0;0.0;0.0;0.0;0.0;0
4804;16.0;0.0;0.0;0.0;0.0;0.0;0.0;0.0;0.0;0
4805;15.6;1.2;1.2;1.2;1.2;1.2;1.2;1.2;1.2;2
4806;16.7;11.68;13.84;14.27;12.73;10.9;10.9;10.9;10.9;19
4807;18.3;39.64;45.56;47.87;45.22;39.4;39.4;39.4;39.4;69
4808;19.8;81.4;89.63;95.72;93.43;84.08;81.4;81.4;81.4;144
4809;22.2;146.3;170.27;209.08;211.12;175.19;146.3;146.3;146.3;298
4810;24.2;169.1;181.69;349.23;411.26;331.43;169.1;169.1;169.1;531
4811;25.2;186.6;186.6;301.57;434.16;421.73;271.56;186.6;186.6;641
4812;26.0;197.4;197.4;197.4;396.52;479.0;396.52;197.4;197.4;714
4813;27.1;207.2;207.2;207.2;306.75;482.7;497.27;341.92;207.2;732
4814;27.2;228.0;228.0;228.0;228.0;387.61;466.11;405.12;240.38;625
4815;27.0;213.5;213.5;213.5;213.5;242.39;278.32;276.28;237.47;410
4816;28.2;196.2;196.2;196.2;196.2;250.91;441.51;488.41;364.14;497
4817;28.2;173.64;159.2;159.2;159.2;159.2;502.4;658.99;522.81;462
4818;27.7;252.85;125.5;125.5;125.5;125.5;423.84;674.76;603.93;345
4819;26.7;304.06;88.4;88.4;88.4;88.4;273.89;566.38;578.87;204
4820;24.7;44.9;44.9;44.9;44.9;44.9;44.9;44.9;44.9;84
4821;23.7;8.4;8.4;8.4;8.4;8.4;8.4;8.4;8.4;14
4822;20.8;0.0;0.0;0.0;0.0;0.0;0.0;0.0;0.0;0
4823;20.1;0.0;0.0;0.0;0.0;0.0;0.0;0.0;0.0;0
4824;19.0;0.0;0.0;0.0;0.0;0.0;0.0;0.0;0.0;0
4825;18.7;0.0;0.0;0.0;0.0;0.0;0.0;0.0;0.0;0
4826;17.8;0.0;0.0;0.0;0.0;0.0;0.0;0.0;0.0;0
4827;16.7;0.0;0.0;0.0;0.0;0.0;0.0;0.0;0.0;0
4828;16.2;0.0;0.0;0.0;0.0;0.0;0.0;0.0;0.0;0
4829;16.3;3.0;3.0;3.0;3.0;3.0;3.0;3.0;3.0;5
4830;17.2;26.33;35.04;36.82;30.62;23.2;23.2;23.2;23.2;42
4831;20.0;67.09;111.82;129.36;109.43;65.4;65.4;65.4;65.4;134
4832;23.6;107.1;193.68;258.27;234.3;135.82;107.1;107.1;107.1;266
4833;26.0;146.9;197.31;279.78;284.41;208.49;146.9;146.9;146.9;359
4834;27.2;180.0;187.72;296.1;336.47;285.18;180.0;180.0;180.0;460
4835;29.2;178.3;178.3;306.2;454.52;441.04;273.65;178.3;178.3;663
4836;30.3;207.7;207.7;207.7;380.12;451.54;380.12;207.7;207.7;677
4837;31.3;202.8;202.8;202.8;308.35;493.66;508.59;344.39;202.8;743
4838;30.3;220.6;220.6;220.6;220.6;413.42;507.45;433.45;234.76;661
4839;30.6;218.2;218.2;218.2;218.2;322.49;451.06;443.22;303.56;557
4840;29.3;195.5;195.5;195.5;195.5;252.67;448.69;496.39;367.84;500
4841;29.1;172.13;166.1;166.1;166.1;166.1;323.15;394.23;331.67;366
4842;27.7;212.5;128.9;128.9;128.9;128.9;327.39;493.21;445.62;304
4843;24.8;97.73;68.7;68.7;68.7;68.7;93.92;133.4;134.98;122
4844;21.2;13.9;13.9;13.9;13.9;13.9;13.9;13.9;13.9;24
4845;20.6;8.4;8.4;8.4;8.4;8.4;8.4;8.4;8.4;14
4846;19.7;0.0;0.0;0.0;0.0;0.0;0.0;0.0;0.0;0
4847;19.3;0.0;0.0;0.0;0.0;0.0;0.0;0.0;0.0;0
4848;19.2;0.0;0.0;0.0;0.0;0.0;0.0;0.0;0.0;0
4849;19.1;0.0;0.0;0.0;0.0;0.0;0.0;0.0;0.0;0
4850;18.7;0.0;0.0;0.0;0.0;0.0;0.0;0.0;0.0;0
4851;18.2;0.0;0.0;0.0;0.0;0.0;0.0;0.0;0.0;0
4852;17.7;0.0;0.0;0.0;0.0;0.0;0.0;0.0;0.0;0
4853;17.1;1.2;1.2;1.2;1.2;1.2;1.2;1.2;1.2;2
4854;16.7;14.08;16.29;16.74;15.18;13.3;13.3;13.3;13.3;23
4855;17.2;46.96;54.47;57.43;54.11;46.7;46.7;46.7;46.7;82
4856;17.6;93.2;104.76;113.46;110.29;97.11;93.2;93.2;93.2;167
4857;17.8;123.5;129.74;140.06;140.68;131.23;123.5;123.5;123.5;220
4858;18.6;181.7;186.25;253.93;279.3;247.49;181.7;181.7;181.7;402
4859;19.6;178.2;178.2;306.26;455.63;442.48;274.52;178.2;178.2;662
4860;19.6;216.3;216.3;216.3;362.06;422.44;362.06;216.3;216.3;638
4861;20.2;159.5;159.5;159.5;312.34;578.85;599.71;362.7;159.5;845
4862;19.2;178.2;178.2;178.2;178.2;506.6;665.36;538.75;200.93;792
4863;19.6;182.1;182.1;182.1;182.1;404.53;676.2;658.44;361.64;711
4864;19.1;133.3;133.3;133.3;133.3;295.99;844.96;977.04;614.87;708
4865;18.7;138.16;113.5;113.5;113.5;113.5;826.27;1146.17;861.14;590
4866;17.7;299.46;114.3;114.3;114.3;114.3;560.12;929.95;821.98;388
4867;16.3;166.21;84.1;84.1;84.1;84.1;156.17;268.13;272.28;161
4868;15.5;36.5;36.5;36.5;36.5;36.5;36.5;36.5;36.5;65
4869;14.3;8.4;8.4;8.4;8.4;8.4;8.4;8.4;8.4;14
4870;13.3;0.0;0.0;0.0;0.0;0.0;0.0;0.0;0.0;0
4871;12.0;0.0;0.0;0.0;0.0;0.0;0.0;0.0;0.0;0
4872;11.8;0.0;0.0;0.0;0.0;0.0;0.0;0.0;0.0;0
4873;11.3;0.0;0.0;0.0;0.0;0.0;0.0;0.0;0.0;0
4874;9.8;0.0;0.0;0.0;0.0;0.0;0.0;0.0;0.0;0
4875;9.3;0.0;0.0;0.0;0.0;0.0;0.0;0.0;0.0;0
4876;8.6;0.0;0.0;0.0;0.0;0.0;0.0;0.0;0.0;0
4877;8.3;3.0;3.0;3.0;3.0;3.0;3.0;3.0;3.0;5
4878;9.8;30.13;50.22;54.42;40.28;23.1;23.1;23.1;23.1;46
4879;14.1;67.07;171.65;213.11;167.16;63.9;63.9;63.9;63.9;164
4880;16.5;97.1;250.19;366.29;324.7;149.79;97.1;97.1;97.1;316
4881;17.1;122.3;238.43;432.47;444.82;268.24;122.3;122.3;122.3;468
4882;18.7;149.5;164.11;395.08;482.19;374.42;149.5;149.5;149.5;585
4883;19.0;154.0;154.0;317.15;508.58;492.3;277.85;154.0;154.0;720
4884;20.0;214.3;214.3;214.3;365.66;428.35;365.66;214.3;214.3;643
4885;19.7;233.3;233.3;233.3;257.13;298.4;301.54;264.7;233.3;478
4886;19.8;145.5;145.5;145.5;145.5;153.87;157.88;154.64;146.04;255
4887;20.3;177.5;177.5;177.5;177.5;188.09;200.9;200.0;185.93;315
4888;21.2;191.9;191.9;191.9;191.9;212.12;279.25;295.21;250.65;379
4889;22.2;169.87;160.4;160.4;160.4;160.4;468.69;605.86;482.09;439
4890;21.6;259.22;122.5;122.5;122.5;122.5;456.47;731.53;649.83;350
4891;21.3;377.32;86.1;86.1;86.1;86.1;344.43;742.65;756.28;216
4892;19.1;41.4;41.4;41.4;41.4;41.4;41.4;41.4;41.4;74
4893;16.2;6.7;6.7;6.7;6.7;6.7;6.7;6.7;6.7;12
4894;14.8;0.0;0.0;0.0;0.0;0.0;0.0;0.0;0.0;0
4895;14.6;0.0;0.0;0.0;0.0;0.0;0.0;0.0;0.0;0
4896;13.3;0.0;0.0;0.0;0.0;0.0;0.0;0.0;0.0;0
4897;13.6;0.0;0.0;0.0;0.0;0.0;0.0;0.0;0.0;0
4898;11.8;0.0;0.0;0.0;0.0;0.0;0.0;0.0;0.0;0
4899;11.1;0.0;0.0;0.0;0.0;0.0;0.0;0.0;0.0;0
4900;10.1;0.0;0.0;0.0;0.0;0.0;0.0;0.0;0.0;0
4901;11.1;0.6;0.6;0.6;0.6;0.6;0.6;0.6;0.6;1
4902;11.1;16.76;21.28;22.24;19.07;15.2;15.2;15.2;15.2;27
4903;15.1;65.34;123.43;146.59;121.25;63.8;63.8;63.8;63.8;138
4904;17.8;105.1;190.49;255.81;232.85;135.05;105.1;105.1;105.1;261
4905;20.5;136.5;218.73;357.67;367.04;241.37;136.5;136.5;136.5;415
4906;21.7;165.9;176.25;351.29;417.73;336.65;165.9;165.9;165.9;529
4907;22.7;173.0;173.0;307.9;467.13;454.07;276.36;173.0;173.0;670
4908;23.7;189.7;189.7;189.7;409.05;499.91;409.05;189.7;189.7;727
4909;24.1;199.6;199.6;199.6;311.53;503.99;518.14;345.69;199.6;746
4910;23.8;229.8;229.8;229.8;229.8;368.43;434.26;380.31;238.2;588
4911;24.2;195.9;195.9;195.9;195.9;384.67;610.88;594.0;343.92;664
4912;25.1;166.9;166.9;166.9;166.9;285.83;674.17;765.36;505.98;619
4913;24.3;155.85;142.4;142.4;142.4;142.4;644.34;865.69;663.35;514
4914;23.6;285.16;116.4;116.4;116.4;116.4;534.81;876.89;773.47;374
4915;22.6;348.69;85.7;85.7;85.7;85.7;321.54;682.22;693.47;207
4916;20.7;41.9;41.9;41.9;41.9;41.9;41.9;41.9;41.9;79
4917;19.2;6.7;6.7;6.7;6.7;6.7;6.7;6.7;6.7;12
4918;18.2;0.0;0.0;0.0;0.0;0.0;0.0;0.0;0.0;0
4919;17.6;0.0;0.0;0.0;0.0;0.0;0.0;0.0;0.0;0
4920;16.5;0.0;0.0;0.0;0.0;0.0;0.0;0.0;0.0;0
4921;15.8;0.0;0.0;0.0;0.0;0.0;0.0;0.0;0.0;0
4922;15.1;0.0;0.0;0.0;0.0;0.0;0.0;0.0;0.0;0
4923;14.0;0.0;0.0;0.0;0.0;0.0;0.0;0.0;0.0;0
4924;13.1;0.0;0.0;0.0;0.0;0.0;0.0;0.0;0.0;0
4925;12.6;3.0;3.0;3.0;3.0;3.0;3.0;3.0;3.0;5
4926;13.6;29.81;52.72;57.63;41.67;22.0;22.0;22.0;22.0;45
4927;15.1;64.89;162.05;201.01;158.95;62.7;62.7;62.7;62.7;157
4928;17.2;98.1;235.16;340.92;304.45;147.1;98.1;98.1;98.1;301
4929;19.7;124.5;232.78;417.82;431.04;264.69;124.5;124.5;124.5;455
4930;20.6;142.3;156.15;408.33;504.67;388.74;142.3;142.3;142.3;598
4931;21.8;154.3;154.3;316.04;508.12;492.94;279.39;154.3;154.3;713
4932;23.1;163.8;163.8;163.8;441.1;555.96;441.1;163.8;163.8;788
4933;24.0;166.0;166.0;166.0;316.47;573.36;591.62;360.56;166.0;825
4934;25.0;163.6;163.6;163.6;163.6;534.68;709.25;564.18;184.46;816
4935;25.2;159.7;159.7;159.7;159.7;437.72;767.62;741.4;374.44;757
4936;25.5;148.8;148.8;148.8;148.8;296.68;771.6;881.69;562.46;663
4937;25.6;144.56;131.1;131.1;131.1;131.1;722.35;980.71;741.39;541
4938;24.5;313.38;107.9;107.9;107.9;107.9;625.28;1045.06;915.87;399
4939;23.7;530.21;80.1;80.1;80.1;80.1;488.25;1107.42;1124.8;241
4940;22.3;43.3;43.3;43.3;43.3;43.3;43.3;43.3;43.3;98
4941;20.7;8.4;8.4;8.4;8.4;8.4;8.4;8.4;8.4;14
4942;19.6;0.0;0.0;0.0;0.0;0.0;0.0;0.0;0.0;0
4943;18.6;0.0;0.0;0.0;0.0;0.0;0.0;0.0;0.0;0
4944;17.7;0.0;0.0;0.0;0.0;0.0;0.0;0.0;0.0;0
4945;16.8;0.0;0.0;0.0;0.0;0.0;0.0;0.0;0.0;0
4946;16.2;0.0;0.0;0.0;0.0;0.0;0.0;0.0;0.0;0
4947;15.8;0.0;0.0;0.0;0.0;0.0;0.0;0.0;0.0;0
4948;15.3;0.0;0.0;0.0;0.0;0.0;0.0;0.0;0.0;0
4949;14.6;1.8;1.8;1.8;1.8;1.8;1.8;1.8;1.8;3
4950;14.8;20.64;27.61;29.12;24.3;18.3;18.3;18.3;18.3;33
4951;16.5;63.61;128.97;155.34;127.26;62.4;62.4;62.4;62.4;139
4952;18.7;99.4;222.58;318.5;286.07;144.3;99.4;99.4;99.4;289
4953;21.2;128.0;226.92;397.94;410.84;258.05;128.0;128.0;128.0;440
4954;23.6;148.8;160.59;393.14;482.57;376.47;148.8;148.8;148.8;578
4955;25.7;162.2;162.2;312.41;491.92;478.28;279.49;162.2;162.2;692
4956;27.2;170.1;170.1;170.1;434.87;544.54;434.87;170.1;170.1;771
4957;28.5;176.9;176.9;176.9;317.14;554.83;571.13;356.5;176.9;799
4958;29.3;190.1;190.1;190.1;190.1;489.64;629.22;511.57;205.61;751
4959;30.5;193.8;193.8;193.8;193.8;388.88;618.05;598.71;342.18;663
4960;30.6;189.8;189.8;189.8;189.8;263.21;495.04;548.06;391.22;518
4961;31.5;166.72;161.9;161.9;161.9;161.9;419.8;531.45;426.61;409
4962;30.7;210.66;125.5;125.5;125.5;125.5;343.37;518.77;463.8;300
4963;29.2;119.63;76.8;76.8;76.8;76.8;116.08;175.18;176.65;138
4964;27.6;17.5;17.5;17.5;17.5;17.5;17.5;17.5;17.5;30
4965;26.7;5.4;5.4;5.4;5.4;5.4;5.4;5.4;5.4;9
4966;23.2;0.0;0.0;0.0;0.0;0.0;0.0;0.0;0.0;0
4967;21.0;0.0;0.0;0.0;0.0;0.0;0.0;0.0;0.0;0
4968;20.3;0.0;0.0;0.0;0.0;0.0;0.0;0.0;0.0;0
4969;19.7;0.0;0.0;0.0;0.0;0.0;0.0;0.0;0.0;0
4970;19.2;0.0;0.0;0.0;0.0;0.0;0.0;0.0;0.0;0
4971;18.3;0.0;0.0;0.0;0.0;0.0;0.0;0.0;0.0;0
4972;17.2;0.0;0.0;0.0;0.0;0.0;0.0;0.0;0.0;0
4973;17.5;0.0;0.0;0.0;0.0;0.0;0.0;0.0;0.0;0
4974;17.2;4.2;4.2;4.2;4.2;4.2;4.2;4.2;4.2;7
4975;18.2;23.05;26.19;27.46;26.12;23.0;23.0;23.0;23.0;40
4976;20.0;64.2;69.2;73.14;71.83;66.06;64.2;64.2;64.2;112
4977;21.7;108.8;113.88;122.76;123.47;115.58;108.8;108.8;108.8;193
4978;23.2;164.5;165.19;179.99;185.72;179.02;164.5;164.5;164.5;295
4979;24.1;156.1;156.1;161.76;168.57;168.08;160.57;156.1;156.1;276
4980;22.8;89.3;89.3;89.3;91.58;92.53;91.58;89.3;89.3;153
4981;21.1;42.1;42.1;42.1;42.34;42.73;42.76;42.4;42.1;71
4982;20.0;40.3;40.3;40.3;40.3;40.88;41.15;40.92;40.33;68
4983;19.2;51.2;51.2;51.2;51.2;52.17;53.3;53.19;51.93;87
4984;20.2;123.7;123.7;123.7;123.7;127.73;140.24;143.06;134.54;217
4985;22.2;152.0;145.2;145.2;145.2;145.2;613.66;814.5;623.28;492
4986;22.2;273.14;116.1;116.1;116.1;116.1;524.51;850.72;746.6;361
4987;21.2;148.76;79.3;79.3;79.3;79.3;143.76;239.91;241.99;148
4988;17.7;0.0;0.0;0.0;0.0;0.0;0.0;0.0;0.0;0
4989;17.5;0.0;0.0;0.0;0.0;0.0;0.0;0.0;0.0;0
4990;16.8;0.0;0.0;0.0;0.0;0.0;0.0;0.0;0.0;0
4991;17.2;0.0;0.0;0.0;0.0;0.0;0.0;0.0;0.0;0
4992;17.5;0.0;0.0;0.0;0.0;0.0;0.0;0.0;0.0;0
4993;17.2;0.0;0.0;0.0;0.0;0.0;0.0;0.0;0.0;0
4994;17.5;0.0;0.0;0.0;0.0;0.0;0.0;0.0;0.0;0
4995;17.7;0.0;0.0;0.0;0.0;0.0;0.0;0.0;0.0;0
4996;17.7;0.0;0.0;0.0;0.0;0.0;0.0;0.0;0.0;0
4997;17.6;0.6;0.6;0.6;0.6;0.6;0.6;0.6;0.6;1
4998;17.6;7.48;9.87;10.4;8.77;6.7;6.7;6.7;6.7;12
4999;18.0;30.23;33.4;34.7;33.36;30.2;30.2;30.2;30.2;52
5000;18.7;73.4;80.09;85.39;83.67;75.93;73.4;73.4;73.4;129
5001;20.5;137.0;150.75;175.1;177.13;155.66;137.0;137.0;137.0;260
5002;20.5;173.7;175.28;212.92;227.59;210.69;173.7;173.7;173.7;342
5003;21.7;205.5;205.5;240.52;282.91;279.95;233.38;205.5;205.5;440
5004;22.2;224.8;224.8;224.8;292.99;321.24;292.99;224.8;224.8;498
5005;23.5;185.2;185.2;185.2;317.7;539.01;553.06;351.63;185.2;772
5006;22.1;222.7;222.7;222.7;222.7;262.03;280.01;264.41;224.38;427
5007;22.3;141.9;141.9;141.9;141.9;149.26;157.74;156.94;147.33;249
5008;22.7;190.9;190.9;190.9;190.9;217.83;300.03;318.3;261.94;389
5009;23.5;141.49;135.8;135.8;135.8;135.8;688.59;923.25;696.64;518
5010;23.7;205.65;124.4;124.4;124.4;124.4;339.33;509.61;454.24;294
5011;23.6;193.5;81.0;81.0;81.0;81.0;186.66;342.92;345.76;160
5012;21.8;34.7;34.7;34.7;34.7;34.7;34.7;34.7;34.7;62
5013;20.1;4.2;4.2;4.2;4.2;4.2;4.2;4.2;4.2;7
5014;18.6;0.0;0.0;0.0;0.0;0.0;0.0;0.0;0.0;0
5015;17.5;0.0;0.0;0.0;0.0;0.0;0.0;0.0;0.0;0
5016;17.2;0.0;0.0;0.0;0.0;0.0;0.0;0.0;0.0;0
5017;17.2;0.0;0.0;0.0;0.0;0.0;0.0;0.0;0.0;0
5018;16.0;0.0;0.0;0.0;0.0;0.0;0.0;0.0;0.0;0
5019;15.1;0.0;0.0;0.0;0.0;0.0;0.0;0.0;0.0;0
5020;15.3;0.0;0.0;0.0;0.0;0.0;0.0;0.0;0.0;0
5021;15.3;1.2;1.2;1.2;1.2;1.2;1.2;1.2;1.2;2
5022;15.3;16.16;21.02;22.11;18.81;14.6;14.6;14.6;14.6;26
5023;17.5;57.55;83.18;93.71;82.97;57.4;57.4;57.4;57.4;109
5024;20.6;102.1;163.25;212.22;196.69;125.75;102.1;102.1;102.1;231
5025;22.5;140.4;196.68;297.62;306.47;218.04;140.4;140.4;140.4;364
5026;23.7;175.9;180.0;289.1;331.89;283.31;175.9;175.9;175.9;444
5027;24.5;199.0;199.0;218.24;241.68;240.12;214.47;199.0;199.0;385
5028;25.0;223.4;223.4;223.4;280.13;303.63;280.13;223.4;223.4;474
5029;25.2;161.4;161.4;161.4;165.75;172.96;173.4;166.81;161.4;284
5030;25.8;211.5;211.5;211.5;211.5;231.08;239.94;232.14;212.25;380
5031;26.0;178.2;178.2;178.2;178.2;190.14;203.75;202.39;186.86;317
5032;27.7;190.3;190.3;190.3;190.3;258.65;463.69;508.59;367.03;493
5033;26.7;162.55;161.4;161.4;161.4;161.4;353.16;433.74;354.78;369
5034;26.5;163.99;121.8;121.8;121.8;121.8;235.37;324.6;295.03;248
5035;25.7;110.33;71.8;71.8;71.8;71.8;108.43;162.13;162.92;128
5036;24.1;35.3;35.3;35.3;35.3;35.3;35.3;35.3;35.3;63
5037;22.7;3.0;3.0;3.0;3.0;3.0;3.0;3.0;3.0;5
5038;21.7;0.0;0.0;0.0;0.0;0.0;0.0;0.0;0.0;0
5039;21.1;0.0;0.0;0.0;0.0;0.0;0.0;0.0;0.0;0
5040;20.6;0.0;0.0;0.0;0.0;0.0;0.0;0.0;0.0;0
5041;20.1;0.0;0.0;0.0;0.0;0.0;0.0;0.0;0.0;0
5042;19.0;0.0;0.0;0.0;0.0;0.0;0.0;0.0;0.0;0
5043;18.3;0.0;0.0;0.0;0.0;0.0;0.0;0.0;0.0;0
5044;18.8;0.0;0.0;0.0;0.0;0.0;0.0;0.0;0.0;0
5045;18.5;0.6;0.6;0.6;0.6;0.6;0.6;0.6;0.6;1
5046;19.1;9.88;12.35;12.91;11.24;9.1;9.1;9.1;9.1;16
5047;20.0;41.31;49.41;52.75;49.39;41.3;41.3;41.3;41.3;73
5048;21.2;99.4;132.98;160.14;151.72;112.65;99.4;99.4;99.4;199
5049;23.7;140.2;193.44;290.17;299.05;214.88;140.2;140.2;140.2;357
5050;26.3;166.9;172.23;333.43;397.07;325.88;166.9;166.9;166.9;499
5051;27.7;177.4;177.4;301.8;454.36;444.68;278.43;177.4;177.4;639
5052;28.7;176.4;176.4;176.4;429.87;534.86;429.87;176.4;176.4;744
5053;29.2;179.9;179.9;179.9;320.9;552.92;566.43;353.52;179.9;779
5054;29.7;184.9;184.9;184.9;184.9;505.87;649.58;521.09;195.67;754
5055;29.7;171.5;171.5;171.5;171.5;431.37;724.25;693.34;356.75;715
5056;30.2;160.7;160.7;160.7;160.7;299.49;708.73;796.94;512.45;617
5057;29.8;146.45;145.7;145.7;145.7;145.7;600.14;789.13;601.21;477
5058;29.2;223.45;121.1;121.1;121.1;121.1;401.62;620.16;546.36;311
5059;28.7;295.13;81.0;81.0;81.0;81.0;287.15;586.67;589.98;180
5060;26.7;36.9;36.9;36.9;36.9;36.9;36.9;36.9;36.9;69
5061;24.8;4.2;4.2;4.2;4.2;4.2;4.2;4.2;4.2;7
5062;21.2;0.0;0.0;0.0;0.0;0.0;0.0;0.0;0.0;0
5063;19.1;0.0;0.0;0.0;0.0;0.0;0.0;0.0;0.0;0
5064;20.8;0.0;0.0;0.0;0.0;0.0;0.0;0.0;0.0;0
5065;19.8;0.0;0.0;0.0;0.0;0.0;0.0;0.0;0.0;0
5066;19.5;0.0;0.0;0.0;0.0;0.0;0.0;0.0;0.0;0
5067;18.6;0.0;0.0;0.0;0.0;0.0;0.0;0.0;0.0;0
5068;18.2;0.0;0.0;0.0;0.0;0.0;0.0;0.0;0.0;0
5069;17.7;1.2;1.2;1.2;1.2;1.2;1.2;1.2;1.2;2
5070;18.3;16.76;21.77;22.93;19.56;15.2;15.2;15.2;15.2;27
5071;20.7;57.5;95.01;110.65;95.16;57.6;57.5;57.5;57.5;115
5072;23.2;100.5;178.75;242.68;223.32;132.01;100.5;100.5;100.5;245
5073;26.0;130.4;212.88;364.75;379.34;248.1;130.4;130.4;130.4;409
5074;28.0;154.3;160.31;370.89;454.59;362.38;154.3;154.3;154.3;543
5075;29.8;169.3;169.3;306.09;474.97;464.79;281.52;169.3;169.3;658
5076;30.6;186.9;186.9;186.9;415.79;510.59;415.79;186.9;186.9;714
5077;30.7;199.4;199.4;199.4;316.34;507.34;517.94;341.95;199.4;724
5078;31.7;178.6;178.6;178.6;178.6;519.54;670.62;533.48;188.46;766
5079;31.4;174.8;174.8;174.8;174.8;427.6;709.47;678.14;351.96;703
5080;30.2;179.7;179.7;179.7;179.7;280.33;571.92;633.75;429.61;547
5081;30.5;139.9;139.9;139.9;139.9;141.31;652.35;863.21;650.36;494
5082;29.8;252.62;115.9;115.9;115.9;115.9;497.65;792.51;691.01;339
5083;28.5;370.62;80.3;80.3;80.3;80.3;363.38;770.95;773.95;193
5084;25.1;36.8;36.8;36.8;36.8;36.8;36.8;36.8;36.8;73
5085;23.4;4.2;4.2;4.2;4.2;4.2;4.2;4.2;4.2;7
5086;22.2;0.0;0.0;0.0;0.0;0.0;0.0;0.0;0.0;0
5087;20.7;0.0;0.0;0.0;0.0;0.0;0.0;0.0;0.0;0
5088;19.3;0.0;0.0;0.0;0.0;0.0;0.0;0.0;0.0;0
5089;18.7;0.0;0.0;0.0;0.0;0.0;0.0;0.0;0.0;0
5090;18.1;0.0;0.0;0.0;0.0;0.0;0.0;0.0;0.0;0
5091;18.3;0.0;0.0;0.0;0.0;0.0;0.0;0.0;0.0;0
5092;18.6;0.0;0.0;0.0;0.0;0.0;0.0;0.0;0.0;0
5093;18.5;0.0;0.0;0.0;0.0;0.0;0.0;0.0;0.0;0
5094;18.5;8.68;11.23;11.83;10.12;7.9;7.9;7.9;7.9;14
5095;18.7;54.3;78.92;89.29;79.17;54.48;54.3;54.3;54.3;103
5096;20.6;92.1;226.21;336.87;304.15;147.21;92.1;92.1;92.1;286
5097;20.7;130.7;207.57;351.01;365.4;242.3;130.7;130.7;130.7;397
5098;21.0;173.9;175.31;234.19;257.75;232.19;173.9;173.9;173.9;369
5099;21.0;162.4;162.4;169.1;177.44;176.96;167.96;162.4;162.4;289
5100;21.7;210.7;210.7;210.7;234.15;243.86;234.15;210.7;210.7;392
5101;22.1;230.0;230.0;230.0;265.35;322.65;325.68;272.66;230.0;500
5102;22.3;217.8;217.8;217.8;217.8;412.91;498.46;419.6;222.53;628
5103;23.3;194.1;194.1;194.1;194.1;388.76;603.46;578.36;328.17;636
5104;23.5;181.1;181.1;181.1;181.1;276.42;547.86;604.45;413.05;531
5105;22.5;156.3;156.3;156.3;156.3;158.34;439.81;555.21;436.93;403
5106;22.0;217.24;118.8;118.8;118.8;118.8;398.97;613.46;538.19;303
5107;20.8;506.55;75.6;75.6;75.6;75.6;501.32;1108.61;1110.78;211
5108;19.7;29.8;29.8;29.8;29.8;29.8;29.8;29.8;29.8;53
5109;18.4;1.8;1.8;1.8;1.8;1.8;1.8;1.8;1.8;3
5110;17.2;0.0;0.0;0.0;0.0;0.0;0.0;0.0;0.0;0
5111;16.7;0.0;0.0;0.0;0.0;0.0;0.0;0.0;0.0;0
5112;16.0;0.0;0.0;0.0;0.0;0.0;0.0;0.0;0.0;0
5113;16.0;0.0;0.0;0.0;0.0;0.0;0.0;0.0;0.0;0
5114;14.6;0.0;0.0;0.0;0.0;0.0;0.0;0.0;0.0;0
5115;13.5;0.0;0.0;0.0;0.0;0.0;0.0;0.0;0.0;0
5116;13.1;0.0;0.0;0.0;0.0;0.0;0.0;0.0;0.0;0
5117;12.5;0.0;0.0;0.0;0.0;0.0;0.0;0.0;0.0;0
5118;14.2;11.68;14.27;14.89;13.17;10.9;10.9;10.9;10.9;19
5119;15.1;46.8;56.71;60.93;56.88;46.92;46.8;46.8;46.8;83
5120;17.6;96.8;189.81;267.35;244.99;135.82;96.8;96.8;96.8;253
5121;20.0;128.3;209.2;362.26;378.27;247.85;128.3;128.3;128.3;403
5122;22.0;153.1;157.19;368.05;452.99;362.26;153.1;153.1;153.1;536
5123;23.7;159.0;159.0;309.62;498.12;487.97;285.11;159.0;159.0;675
5124;23.9;216.6;216.6;216.6;344.18;397.03;344.18;216.6;216.6;581
5125;24.6;225.4;225.4;225.4;292.55;400.58;405.99;305.61;225.4;594
5126;25.5;191.9;191.9;191.9;191.9;489.2;618.16;497.42;197.71;719
5127;25.8;195.3;195.3;195.3;195.3;386.47;595.03;569.43;324.67;628
5128;25.9;166.3;166.3;166.3;166.3;296.47;660.7;735.32;476.61;583
5129;25.5;155.7;155.7;155.7;155.7;158.94;432.81;544.36;428.23;397
5130;25.0;254.88;111.9;111.9;111.9;111.9;526.9;841.77;729.1;339
5131;23.6;348.87;77.6;77.6;77.6;77.6;349.17;732.93;732.81;181
5132;22.3;26.7;26.7;26.7;26.7;26.7;26.7;26.7;26.7;47
5133;20.4;1.8;1.8;1.8;1.8;1.8;1.8;1.8;1.8;3
5134;19.3;0.0;0.0;0.0;0.0;0.0;0.0;0.0;0.0;0
5135;19.0;0.0;0.0;0.0;0.0;0.0;0.0;0.0;0.0;0
5136;18.1;0.0;0.0;0.0;0.0;0.0;0.0;0.0;0.0;0
5137;17.0;0.0;0.0;0.0;0.0;0.0;0.0;0.0;0.0;0
5138;16.3;0.0;0.0;0.0;0.0;0.0;0.0;0.0;0.0;0
5139;15.2;0.0;0.0;0.0;0.0;0.0;0.0;0.0;0.0;0
5140;14.6;0.0;0.0;0.0;0.0;0.0;0.0;0.0;0.0;0
5141;13.9;0.0;0.0;0.0;0.0;0.0;0.0;0.0;0.0;0
5142;15.3;11.68;14.32;14.95;13.21;10.9;10.9;10.9;10.9;19
5143;17.6;54.7;106.24;128.45;107.46;55.56;54.7;54.7;54.7;117
5144;20.3;94.8;196.52;282.22;258.13;138.36;94.8;94.8;94.8;258
5145;23.3;123.7;213.57;386.01;404.79;258.91;123.7;123.7;123.7;417
5146;24.6;139.9;143.66;398.28;501.55;392.97;139.9;139.9;139.9;569
5147;25.5;159.9;159.9;308.48;495.71;486.23;285.59;159.9;159.9;669
5148;26.6;160.0;160.0;160.0;501.69;643.23;501.69;160.0;160.0;850
5149;26.3;173.8;173.8;173.8;326.29;569.72;581.22;354.07;173.8;778
5150;26.6;169.0;169.0;169.0;169.0;540.75;700.26;548.56;174.52;775
5151;27.2;169.3;169.3;169.3;169.3;439.19;730.37;692.88;348.69;703
5152;27.2;162.2;162.2;162.2;162.2;302.32;687.56;765.06;489.41;592
5153;26.9;127.6;127.6;127.6;127.6;137.5;736.84;979.3;722.84;511
5154;25.8;162.71;117.4;117.4;117.4;117.4;251.62;352.53;315.71;244
5155;24.8;197.35;74.7;74.7;74.7;74.7;199.16;373.35;372.6;147
5156;23.4;29.3;29.3;29.3;29.3;29.3;29.3;29.3;29.3;53
5157;22.5;1.8;1.8;1.8;1.8;1.8;1.8;1.8;1.8;3
5158;22.2;0.0;0.0;0.0;0.0;0.0;0.0;0.0;0.0;0
5159;21.0;0.0;0.0;0.0;0.0;0.0;0.0;0.0;0.0;0
5160;20.0;0.0;0.0;0.0;0.0;0.0;0.0;0.0;0.0;0
5161;19.2;0.0;0.0;0.0;0.0;0.0;0.0;0.0;0.0;0
5162;18.1;0.0;0.0;0.0;0.0;0.0;0.0;0.0;0.0;0
5163;17.8;0.0;0.0;0.0;0.0;0.0;0.0;0.0;0.0;0
5164;17.1;0.0;0.0;0.0;0.0;0.0;0.0;0.0;0.0;0
5165;16.1;0.0;0.0;0.0;0.0;0.0;0.0;0.0;0.0;0
5166;16.1;4.8;4.8;4.8;4.8;4.8;4.8;4.8;4.8;8
5167;18.2;50.7;65.77;72.33;66.22;51.02;50.7;50.7;50.7;92
5168;20.4;96.3;170.24;233.2;215.96;128.63;96.3;96.3;96.3;233
5169;22.1;137.2;176.85;254.03;262.77;197.95;137.2;137.2;137.2;322
5170;24.3;160.5;162.3;340.33;413.03;337.79;160.5;160.5;160.5;500
5171;25.9;184.2;184.2;289.93;424.08;417.72;274.56;184.2;184.2;592
5172;26.4;182.3;182.3;182.3;421.47;520.54;421.47;182.3;182.3;708
5173;26.7;221.6;221.6;221.6;298.22;419.61;425.01;311.25;221.6;611
5174;27.1;210.9;210.9;210.9;210.9;433.95;528.59;437.14;213.16;644
5175;27.7;179.9;179.9;179.9;179.9;420.2;676.57;642.0;336.73;669
5176;27.4;180.4;180.4;180.4;180.4;275.52;532.5;583.22;397.97;514
5177;27.1;152.6;152.6;152.6;152.6;159.15;466.54;590.03;457.28;406
5178;25.9;224.18;114.8;114.8;114.8;114.8;445.61;692.01;600.29;308
5179;24.9;311.64;75.2;75.2;75.2;75.2;318.47;655.68;652.85;167
5180;23.8;29.3;29.3;29.3;29.3;29.3;29.3;29.3;29.3;53
5181;22.7;1.8;1.8;1.8;1.8;1.8;1.8;1.8;1.8;3
5182;21.3;0.0;0.0;0.0;0.0;0.0;0.0;0.0;0.0;0
5183;20.6;0.0;0.0;0.0;0.0;0.0;0.0;0.0;0.0;0
5184;19.9;0.0;0.0;0.0;0.0;0.0;0.0;0.0;0.0;0
5185;19.6;0.0;0.0;0.0;0.0;0.0;0.0;0.0;0.0;0
5186;19.2;0.0;0.0;0.0;0.0;0.0;0.0;0.0;0.0;0
5187;18.4;0.0;0.0;0.0;0.0;0.0;0.0;0.0;0.0;0
5188;18.7;0.0;0.0;0.0;0.0;0.0;0.0;0.0;0.0;0
5189;18.3;0.0;0.0;0.0;0.0;0.0;0.0;0.0;0.0;0
5190;19.5;6.6;6.6;6.6;6.6;6.6;6.6;6.6;6.6;11
5191;19.9;14.5;16.19;16.93;16.25;14.54;14.5;14.5;14.5;25
5192;19.9;22.9;23.75;24.49;24.29;23.28;22.9;22.9;22.9;39
5193;19.9;24.7;25.05;25.75;25.83;25.25;24.7;24.7;24.7;42
5194;21.9;101.8;101.83;108.28;110.93;108.23;101.8;101.8;101.8;178
5195;24.7;174.9;174.9;297.0;453.03;446.13;280.35;174.9;174.9;619
5196;26.5;175.7;175.7;175.7;432.31;538.6;432.31;175.7;175.7;722
5197;27.4;183.7;183.7;183.7;325.65;548.8;558.08;348.06;183.7;747
5198;28.4;184.1;184.1;184.1;184.1;511.46;648.83;513.96;185.87;731
5199;29.3;178.4;178.4;178.4;178.4;424.0;683.07;646.52;335.75;669
5200;29.1;180.3;180.3;180.3;180.3;275.02;526.45;575.11;392.49;508
5201;29.1;153.8;153.8;153.8;153.8;160.58;419.63;522.97;410.05;383
5202;29.4;231.16;112.4;112.4;112.4;112.4;479.35;750.1;647.29;314
5203;27.4;100.31;60.8;60.8;60.8;60.8;102.02;158.6;157.89;108
5204;25.6;14.5;14.5;14.5;14.5;14.5;14.5;14.5;14.5;25
5205;22.9;0.0;0.0;0.0;0.0;0.0;0.0;0.0;0.0;0
5206;22.2;0.0;0.0;0.0;0.0;0.0;0.0;0.0;0.0;0
5207;23.5;0.0;0.0;0.0;0.0;0.0;0.0;0.0;0.0;0
5208;23.0;0.0;0.0;0.0;0.0;0.0;0.0;0.0;0.0;0
5209;21.9;0.0;0.0;0.0;0.0;0.0;0.0;0.0;0.0;0
5210;21.1;0.0;0.0;0.0;0.0;0.0;0.0;0.0;0.0;0
5211;19.4;0.0;0.0;0.0;0.0;0.0;0.0;0.0;0.0;0
5212;18.3;0.0;0.0;0.0;0.0;0.0;0.0;0.0;0.0;0
5213;17.2;0.0;0.0;0.0;0.0;0.0;0.0;0.0;0.0;0
5214;18.6;10.76;16.35;17.74;14.14;9.2;9.2;9.2;9.2;17
5215;20.7;46.3;58.19;63.49;58.72;46.67;46.3;46.3;46.3;83
5216;23.0;93.9;132.35;165.81;157.14;111.43;93.9;93.9;93.9;194
5217;24.6;135.6;171.46;243.34;252.11;192.63;135.6;135.6;135.6;311
5218;26.3;155.8;155.93;349.99;430.3;349.81;155.8;155.8;155.8;508
5219;27.3;170.1;170.1;300.32;467.91;461.05;283.75;170.1;170.1;631
5220;28.1;185.7;185.7;185.7;416.82;512.55;416.82;185.7;185.7;692
5221;29.5;193.2;193.2;193.2;322.38;523.91;531.72;341.22;193.2;717
5222;29.6;212.3;212.3;212.3;212.3;426.49;515.35;426.69;212.44;628
5223;29.2;199.4;199.4;199.4;199.4;371.61;551.21;524.73;307.67;589
5224;28.8;170.0;170.0;170.0;170.0;294.65;619.73;681.37;443.45;550
5225;26.7;151.0;151.0;151.0;151.0;160.52;466.73;587.99;453.27;400
5226;24.0;179.67;115.6;115.6;115.6;115.6;317.98;465.87;408.58;261
5227;22.2;101.0;59.6;59.6;59.6;59.6;103.42;162.96;161.96;106
5228;20.7;9.7;9.7;9.7;9.7;9.7;9.7;9.7;9.7;17
5229;20.2;0.0;0.0;0.0;0.0;0.0;0.0;0.0;0.0;0
5230;19.5;0.0;0.0;0.0;0.0;0.0;0.0;0.0;0.0;0
5231;18.5;0.0;0.0;0.0;0.0;0.0;0.0;0.0;0.0;0
5232;19.2;0.0;0.0;0.0;0.0;0.0;0.0;0.0;0.0;0
5233;19.1;0.0;0.0;0.0;0.0;0.0;0.0;0.0;0.0;0
5234;18.2;0.0;0.0;0.0;0.0;0.0;0.0;0.0;0.0;0
5235;17.6;0.0;0.0;0.0;0.0;0.0;0.0;0.0;0.0;0
5236;17.9;0.0;0.0;0.0;0.0;0.0;0.0;0.0;0.0;0
5237;18.5;0.0;0.0;0.0;0.0;0.0;0.0;0.0;0.0;0
5238;18.5;3.88;6.73;7.45;5.62;3.1;3.1;3.1;3.1;6
5239;19.1;30.3;35.43;37.75;35.7;30.49;30.3;30.3;30.3;53
5240;20.4;91.0;114.99;136.1;130.79;102.17;91.0;91.0;91.0;175
5241;21.3;105.1;109.65;118.92;120.09;112.48;105.1;105.1;105.1;186
5242;22.2;150.4;150.4;164.82;170.85;164.9;150.46;150.4;150.4;269
5243;22.9;188.2;188.2;200.76;217.03;216.42;199.27;188.2;188.2;347
5244;23.0;175.1;175.1;175.1;186.8;191.65;186.8;175.1;175.1;311
5245;22.9;143.0;143.0;143.0;146.88;152.88;153.09;147.39;143.0;250
5246;23.8;223.2;223.2;223.2;223.6;322.07;362.62;321.5;223.2;497
5247;25.2;180.1;180.1;180.1;180.1;422.56;672.53;634.05;329.65;656
5248;25.2;164.9;164.9;164.9;164.9;303.33;658.02;723.86;462.26;564
5249;25.0;151.1;151.1;151.1;151.1;155.55;278.87;327.34;272.57;311
5250;25.3;218.25;112.0;112.0;112.0;112.0;455.35;703.83;605.62;300
5251;24.3;211.93;70.4;70.4;70.4;70.4;222.39;426.88;422.54;139
5252;22.4;14.5;14.5;14.5;14.5;14.5;14.5;14.5;14.5;25
5253;21.2;0.0;0.0;0.0;0.0;0.0;0.0;0.0;0.0;0
5254;20.7;0.0;0.0;0.0;0.0;0.0;0.0;0.0;0.0;0
5255;20.7;0.0;0.0;0.0;0.0;0.0;0.0;0.0;0.0;0
5256;20.2;0.0;0.0;0.0;0.0;0.0;0.0;0.0;0.0;0
5257;19.1;0.0;0.0;0.0;0.0;0.0;0.0;0.0;0.0;0
5258;19.2;0.0;0.0;0.0;0.0;0.0;0.0;0.0;0.0;0
5259;18.4;0.0;0.0;0.0;0.0;0.0;0.0;0.0;0.0;0
5260;17.9;0.0;0.0;0.0;0.0;0.0;0.0;0.0;0.0;0
5261;18.0;0.0;0.0;0.0;0.0;0.0;0.0;0.0;0.0;0
5262;18.7;8.96;14.78;16.27;12.57;7.4;7.4;7.4;7.4;14
5263;20.6;50.3;100.3;123.1;103.26;52.4;50.3;50.3;50.3;108
5264;22.4;93.1;150.68;201.91;189.4;120.48;93.1;93.1;93.1;211
5265;24.4;123.9;200.31;358.26;378.93;250.21;123.9;123.9;123.9;389
5266;25.4;145.8;145.8;375.17;472.23;378.07;147.85;145.8;145.8;533
5267;26.5;164.4;164.4;302.63;483.08;476.86;287.6;164.4;164.4;639
5268;27.9;176.8;176.8;176.8;431.95;537.64;431.95;176.8;176.8;708
5269;28.7;179.2;179.2;179.2;330.52;562.99;570.64;348.99;179.2;747
5270;30.1;170.3;170.3;170.3;173.61;546.06;698.4;541.38;170.3;753
5271;30.6;160.8;160.8;160.8;160.8;461.86;768.68;719.41;342.92;703
5272;30.7;145.4;145.4;145.4;145.4;327.63;786.43;869.72;528.71;614
5273;30.4;128.3;128.3;128.3;128.3;151.66;718.18;939.16;685.14;483
5274;29.9;245.07;106.0;106.0;106.0;106.0;566.01;895.62;762.68;325
5275;28.5;387.25;70.9;70.9;70.9;70.9;415.7;874.87;863.08;164
5276;24.8;24.9;24.9;24.9;24.9;24.9;24.9;24.9;24.9;44
5277;23.5;0.0;0.0;0.0;0.0;0.0;0.0;0.0;0.0;0
5278;23.8;0.0;0.0;0.0;0.0;0.0;0.0;0.0;0.0;0
5279;23.3;0.0;0.0;0.0;0.0;0.0;0.0;0.0;0.0;0
5280;22.8;0.0;0.0;0.0;0.0;0.0;0.0;0.0;0.0;0
5281;22.2;0.0;0.0;0.0;0.0;0.0;0.0;0.0;0.0;0
5282;22.0;0.0;0.0;0.0;0.0;0.0;0.0;0.0;0.0;0
5283;21.7;0.0;0.0;0.0;0.0;0.0;0.0;0.0;0.0;0
5284;21.2;0.0;0.0;0.0;0.0;0.0;0.0;0.0;0.0;0
5285;21.0;0.0;0.0;0.0;0.0;0.0;0.0;0.0;0.0;0
5286;20.9;8.4;8.4;8.4;8.4;8.4;8.4;8.4;8.4;14
5287;22.2;48.5;88.47;106.91;91.14;50.39;48.5;48.5;48.5;100
5288;24.4;89.9;187.31;274.95;254.2;137.2;89.9;89.9;89.9;244
5289;26.2;120.0;203.4;378.57;402.26;260.62;120.0;120.0;120.0;400
5290;27.7;140.4;140.4;387.03;492.59;391.85;143.81;140.4;140.4;544
5291;28.9;156.1;156.1;306.82;505.0;498.8;291.85;156.1;156.1;656
5292;29.8;166.6;166.6;166.6;449.52;566.7;449.52;166.6;166.6;731
5293;31.0;180.9;180.9;180.9;330.94;559.68;566.53;347.48;180.9;739
5294;31.9;183.9;183.9;183.9;188.38;514.43;646.86;508.1;183.9;714
5295;32.0;165.6;165.6;165.6;165.6;453.86;744.24;695.66;336.58;686
5296;32.0;142.7;142.7;142.7;142.7;333.14;804.24;887.82;534.92;617
5297;31.4;140.6;140.6;140.6;140.6;160.51;589.26;755.19;561.1;436
5298;30.6;237.46;106.2;106.2;106.2;106.2;550.92;866.39;736.55;317
5299;29.2;90.05;53.4;53.4;53.4;53.4;93.95;147.4;145.79;94
5300;26.4;26.3;26.3;26.3;26.3;26.3;26.3;26.3;26.3;53
5301;25.9;0.0;0.0;0.0;0.0;0.0;0.0;0.0;0.0;0
5302;25.5;0.0;0.0;0.0;0.0;0.0;0.0;0.0;0.0;0
5303;24.7;0.0;0.0;0.0;0.0;0.0;0.0;0.0;0.0;0
5304;24.1;0.0;0.0;0.0;0.0;0.0;0.0;0.0;0.0;0
5305;24.2;0.0;0.0;0.0;0.0;0.0;0.0;0.0;0.0;0
5306;23.2;0.0;0.0;0.0;0.0;0.0;0.0;0.0;0.0;0
5307;22.5;0.0;0.0;0.0;0.0;0.0;0.0;0.0;0.0;0
5308;21.7;0.0;0.0;0.0;0.0;0.0;0.0;0.0;0.0;0
5309;20.7;0.0;0.0;0.0;0.0;0.0;0.0;0.0;0.0;0
5310;21.2;10.2;10.2;10.2;10.2;10.2;10.2;10.2;10.2;17
5311;22.2;48.3;106.11;133.11;110.43;51.35;48.3;48.3;48.3;108
5312;24.8;88.0;195.22;292.8;270.42;141.17;88.0;88.0;88.0;250
5313;24.9;131.1;177.82;277.54;291.48;211.47;131.1;131.1;131.1;331
5314;26.3;148.9;148.9;361.65;453.78;367.3;152.9;148.9;148.9;514
5315;27.2;194.0;194.0;261.64;351.23;348.72;255.57;194.0;194.0;500
5316;27.5;183.8;183.8;183.8;197.47;203.14;197.47;183.8;183.8;328
5317;27.0;107.6;107.6;107.6;109.92;113.44;113.53;110.15;107.6;186
5318;28.4;213.6;213.6;213.6;214.43;258.79;276.68;257.62;213.6;411
5319;22.3;102.8;102.8;102.8;102.8;107.56;112.3;111.48;105.57;178
5320;19.8;39.2;39.2;39.2;39.2;40.06;42.14;42.5;40.93;67
5321;19.0;27.7;27.7;27.7;27.7;27.79;29.58;30.27;29.45;47
5322;18.3;4.8;4.8;4.8;4.8;4.8;4.8;4.8;4.8;8
5323;18.8;4.8;4.8;4.8;4.8;4.8;4.8;4.8;4.8;8
5324;18.8;6.6;6.6;6.6;6.6;6.6;6.6;6.6;6.6;11
5325;18.9;0.0;0.0;0.0;0.0;0.0;0.0;0.0;0.0;0
5326;18.6;0.0;0.0;0.0;0.0;0.0;0.0;0.0;0.0;0
5327;18.4;0.0;0.0;0.0;0.0;0.0;0.0;0.0;0.0;0
5328;18.2;0.0;0.0;0.0;0.0;0.0;0.0;0.0;0.0;0
5329;18.2;0.0;0.0;0.0;0.0;0.0;0.0;0.0;0.0;0
5330;17.8;0.0;0.0;0.0;0.0;0.0;0.0;0.0;0.0;0
5331;18.1;0.0;0.0;0.0;0.0;0.0;0.0;0.0;0.0;0
5332;18.2;0.0;0.0;0.0;0.0;0.0;0.0;0.0;0.0;0
5333;18.3;0.0;0.0;0.0;0.0;0.0;0.0;0.0;0.0;0
5334;18.3;0.0;0.0;0.0;0.0;0.0;0.0;0.0;0.0;0
5335;18.7;19.3;21.07;21.9;21.21;19.4;19.3;19.3;19.3;33
5336;19.4;32.6;34.33;35.93;35.58;33.48;32.6;32.6;32.6;56
5337;20.4;91.6;95.05;102.52;103.6;97.65;91.6;91.6;91.6;161
5338;21.4;157.1;157.1;176.56;185.08;177.21;157.56;157.1;157.1;286
5339;22.8;196.1;196.1;245.83;312.18;310.53;241.85;196.1;196.1;456
5340;24.3;167.4;167.4;167.4;448.17;564.47;448.17;167.4;167.4;719
5341;25.5;218.1;218.1;218.1;296.91;415.22;418.06;303.77;218.1;586
5342;25.1;212.0;212.0;212.0;216.73;417.3;497.61;410.62;212.0;600
5343;25.4;178.2;178.2;178.2;178.2;428.65;675.08;630.44;320.89;642
5344;25.9;171.4;171.4;171.4;171.4;291.79;579.32;627.9;409.07;514
5345;25.9;119.2;119.2;119.2;119.2;155.54;792.37;1034.87;740.98;492
5346;25.0;272.61;93.7;93.7;93.7;93.7;731.09;1174.01;984.11;347
5347;22.8;502.76;67.4;67.4;67.4;67.4;564.16;1205.29;1179.85;164
5348;20.3;18.8;18.8;18.8;18.8;18.8;18.8;18.8;18.8;33
5349;17.4;0.0;0.0;0.0;0.0;0.0;0.0;0.0;0.0;0
5350;17.9;0.0;0.0;0.0;0.0;0.0;0.0;0.0;0.0;0
5351;18.7;0.0;0.0;0.0;0.0;0.0;0.0;0.0;0.0;0
5352;18.5;0.0;0.0;0.0;0.0;0.0;0.0;0.0;0.0;0
5353;18.1;0.0;0.0;0.0;0.0;0.0;0.0;0.0;0.0;0
5354;17.6;0.0;0.0;0.0;0.0;0.0;0.0;0.0;0.0;0
5355;16.9;0.0;0.0;0.0;0.0;0.0;0.0;0.0;0.0;0
5356;17.0;0.0;0.0;0.0;0.0;0.0;0.0;0.0;0.0;0
5357;18.4;0.0;0.0;0.0;0.0;0.0;0.0;0.0;0.0;0
5358;18.6;6.6;6.6;6.6;6.6;6.6;6.6;6.6;6.6;11
5359;19.6;42.0;52.69;57.8;53.66;42.69;42.0;42.0;42.0;75
5360;22.4;88.1;175.99;257.87;240.3;133.58;88.1;88.1;88.1;231
5361;23.0;130.3;157.41;217.21;226.1;178.87;130.3;130.3;130.3;283
5362;23.1;161.1;161.1;195.53;210.79;196.94;162.09;161.1;161.1;311
5363;22.3;77.8;77.8;79.09;80.83;80.79;79.0;77.8;77.8;133
5364;22.4;105.8;105.8;105.8;110.1;111.88;110.1;105.8;105.8;183
5365;20.5;37.9;37.9;37.9;38.2;38.65;38.66;38.22;37.9;64
5366;20.1;82.7;82.7;82.7;82.8;86.21;87.57;86.08;82.7;142
5367;19.9;63.3;63.3;63.3;63.3;65.14;66.94;66.6;64.33;108
5368;20.4;169.1;169.1;169.1;169.1;182.16;212.8;217.85;194.34;306
5369;18.8;64.6;64.6;64.6;64.6;65.06;72.37;75.14;71.73;111
5370;19.0;43.76;42.2;42.2;42.2;42.2;47.91;51.84;50.12;72
5371;18.6;46.04;30.8;30.8;30.8;30.8;48.46;71.01;70.01;53
5372;18.4;6.6;6.6;6.6;6.6;6.6;6.6;6.6;6.6;11
5373;18.1;0.0;0.0;0.0;0.0;0.0;0.0;0.0;0.0;0
5374;17.4;0.0;0.0;0.0;0.0;0.0;0.0;0.0;0.0;0
5375;17.3;0.0;0.0;0.0;0.0;0.0;0.0;0.0;0.0;0
5376;17.1;0.0;0.0;0.0;0.0;0.0;0.0;0.0;0.0;0
5377;16.4;0.0;0.0;0.0;0.0;0.0;0.0;0.0;0.0;0
5378;16.5;0.0;0.0;0.0;0.0;0.0;0.0;0.0;0.0;0
5379;16.3;0.0;0.0;0.0;0.0;0.0;0.0;0.0;0.0;0
5380;15.9;0.0;0.0;0.0;0.0;0.0;0.0;0.0;0.0;0
5381;15.9;0.0;0.0;0.0;0.0;0.0;0.0;0.0;0.0;0
5382;16.0;1.8;1.8;1.8;1.8;1.8;1.8;1.8;1.8;3
5383;16.2;8.4;8.4;8.4;8.4;8.4;8.4;8.4;8.4;14
5384;16.5;15.0;15.0;15.0;15.0;15.0;15.0;15.0;15.0;25
5385;16.8;44.0;44.68;46.22;46.45;45.25;44.0;44.0;44.0;75
5386;16.9;53.7;53.7;55.74;56.65;55.84;53.77;53.7;53.7;92
5387;17.4;71.2;71.2;72.5;74.26;74.22;72.42;71.2;71.2;122
5388;19.4;210.0;210.0;210.0;258.96;279.24;258.96;210.0;210.0;425
5389;18.5;121.6;121.6;121.6;124.65;129.16;129.24;124.85;121.6;211
5390;17.4;145.6;145.6;145.6;145.97;156.99;161.34;156.47;145.6;256
5391;17.9;83.9;83.9;83.9;83.9;87.03;90.03;89.44;85.61;144
5392;17.2;65.1;65.1;65.1;65.1;66.48;69.68;70.19;67.72;111
5393;17.4;86.0;86.0;86.0;86.0;87.01;101.8;107.34;100.38;150
5394;17.0;38.96;37.4;37.4;37.4;37.4;43.27;47.26;45.48;64
5395;16.5;16.3;16.3;16.3;16.3;16.3;16.3;16.3;16.3;28
5396;16.7;1.8;1.8;1.8;1.8;1.8;1.8;1.8;1.8;3
5397;16.6;0.0;0.0;0.0;0.0;0.0;0.0;0.0;0.0;0
5398;16.5;0.0;0.0;0.0;0.0;0.0;0.0;0.0;0.0;0
5399;16.5;0.0;0.0;0.0;0.0;0.0;0.0;0.0;0.0;0
5400;17.1;0.0;0.0;0.0;0.0;0.0;0.0;0.0;0.0;0
5401;17.3;0.0;0.0;0.0;0.0;0.0;0.0;0.0;0.0;0
5402;17.7;0.0;0.0;0.0;0.0;0.0;0.0;0.0;0.0;0
5403;17.4;0.0;0.0;0.0;0.0;0.0;0.0;0.0;0.0;0
5404;17.2;0.0;0.0;0.0;0.0;0.0;0.0;0.0;0.0;0
5405;16.5;0.0;0.0;0.0;0.0;0.0;0.0;0.0;0.0;0
5406;16.8;6.6;6.6;6.6;6.6;6.6;6.6;6.6;6.6;11
5407;17.9;48.2;138.88;183.33;148.62;55.09;48.2;48.2;48.2;122
5408;18.4;87.7;135.88;181.85;172.67;113.71;87.7;87.7;87.7;192
5409;18.2;104.6;109.36;120.23;121.94;113.5;104.6;104.6;104.6;186
5410;21.0;162.5;162.5;289.0;346.35;296.01;167.46;162.5;162.5;425
5411;21.3;193.5;193.5;243.45;311.58;310.54;240.94;193.5;193.5;450
5412;23.2;183.4;183.4;183.4;420.03;518.05;420.03;183.4;183.4;664
5413;23.0;208.2;208.2;208.2;310.52;460.64;462.89;315.94;208.2;622
5414;23.2;214.6;214.6;214.6;220.98;386.36;451.12;377.34;214.6;556
5415;23.7;197.9;197.9;197.9;197.9;357.39;508.82;478.11;283.26;539
5416;23.2;132.9;132.9;132.9;132.9;355.67;860.57;939.21;545.52;614
5417;21.8;134.7;134.7;134.7;134.7;137.59;176.88;191.46;172.79;242
5418;20.5;68.29;63.6;63.6;63.6;63.6;81.71;93.89;88.34;111
5419;20.4;60.1;60.1;60.1;60.1;60.1;60.1;60.1;60.1;111
5420;18.6;19.9;19.9;19.9;19.9;19.9;19.9;19.9;19.9;39
5421;17.7;0.0;0.0;0.0;0.0;0.0;0.0;0.0;0.0;0
5422;17.2;0.0;0.0;0.0;0.0;0.0;0.0;0.0;0.0;0
5423;15.9;0.0;0.0;0.0;0.0;0.0;0.0;0.0;0.0;0
5424;15.4;0.0;0.0;0.0;0.0;0.0;0.0;0.0;0.0;0
5425;13.9;0.0;0.0;0.0;0.0;0.0;0.0;0.0;0.0;0
5426;13.2;0.0;0.0;0.0;0.0;0.0;0.0;0.0;0.0;0
5427;14.5;0.0;0.0;0.0;0.0;0.0;0.0;0.0;0.0;0
5428;15.5;0.0;0.0;0.0;0.0;0.0;0.0;0.0;0.0;0
5429;15.7;0.0;0.0;0.0;0.0;0.0;0.0;0.0;0.0;0
5430;15.9;0.0;0.0;0.0;0.0;0.0;0.0;0.0;0.0;0
5431;16.7;13.2;13.2;13.2;13.2;13.2;13.2;13.2;13.2;22
5432;18.3;76.1;85.77;95.11;93.31;81.43;76.1;76.1;76.1;136
5433;20.0;121.3;184.6;331.64;355.46;242.12;121.3;121.3;121.3;358
5434;20.8;148.9;148.9;347.8;439.02;360.29;157.73;148.9;148.9;489
5435;22.2;156.1;156.1;302.26;503.09;500.65;296.38;156.1;156.1;631
5436;21.8;205.2;205.2;205.2;355.53;417.79;355.53;205.2;205.2;567
5437;23.6;201.9;201.9;201.9;318.23;487.61;489.63;323.1;201.9;644
5438;24.1;159.7;159.7;159.7;177.34;581.75;738.94;556.81;159.7;747
5439;23.6;184.7;184.7;184.7;184.7;408.9;619.22;575.0;302.16;597
5440;25.0;171.3;171.3;171.3;171.3;286.21;542.15;580.86;379.65;483
5441;23.3;136.5;136.5;136.5;136.5;140.55;191.66;210.45;185.93;250
5442;21.5;23.68;22.9;22.9;22.9;22.9;26.01;28.07;27.11;39
5443;19.5;6.6;6.6;6.6;6.6;6.6;6.6;6.6;6.6;11
5444;19.0;4.8;4.8;4.8;4.8;4.8;4.8;4.8;4.8;8
5445;18.5;0.0;0.0;0.0;0.0;0.0;0.0;0.0;0.0;0
5446;18.3;0.0;0.0;0.0;0.0;0.0;0.0;0.0;0.0;0
5447;18.1;0.0;0.0;0.0;0.0;0.0;0.0;0.0;0.0;0
5448;18.2;0.0;0.0;0.0;0.0;0.0;0.0;0.0;0.0;0
5449;18.2;0.0;0.0;0.0;0.0;0.0;0.0;0.0;0.0;0
5450;18.0;0.0;0.0;0.0;0.0;0.0;0.0;0.0;0.0;0
5451;18.0;0.0;0.0;0.0;0.0;0.0;0.0;0.0;0.0;0
5452;18.3;0.0;0.0;0.0;0.0;0.0;0.0;0.0;0.0;0
5453;18.0;0.0;0.0;0.0;0.0;0.0;0.0;0.0;0.0;0
5454;17.8;0.0;0.0;0.0;0.0;0.0;0.0;0.0;0.0;0
5455;17.8;14.5;16.35;17.28;16.58;14.66;14.5;14.5;14.5;25
5456;18.3;21.1;21.98;22.84;22.69;21.6;21.1;21.1;21.1;36
5457;18.2;19.8;19.8;19.8;19.8;19.8;19.8;19.8;19.8;33
5458;18.5;55.4;55.4;56.79;57.43;56.88;55.47;55.4;55.4;94
5459;19.7;135.4;135.4;140.69;148.01;147.94;140.53;135.4;135.4;239
5460;21.5;165.9;165.9;165.9;177.73;182.63;177.73;165.9;165.9;294
5461;19.0;68.2;68.2;68.2;69.48;71.34;71.35;69.52;68.2;117
5462;21.1;185.1;185.1;185.1;186.03;205.12;212.48;203.81;185.1;331
5463;21.1;191.1;191.1;191.1;191.1;220.67;248.07;242.1;206.26;356
5464;21.1;137.9;137.9;137.9;137.9;146.35;164.85;167.56;152.9;244
5465;20.8;95.2;95.2;95.2;95.2;96.83;115.99;122.97;113.68;167
5466;20.9;118.35;99.6;99.6;99.6;99.6;176.36;226.9;202.87;186
5467;19.6;55.5;55.5;55.5;55.5;55.5;55.5;55.5;55.5;100
5468;17.9;21.9;21.9;21.9;21.9;21.9;21.9;21.9;21.9;39
5469;15.3;0.0;0.0;0.0;0.0;0.0;0.0;0.0;0.0;0
5470;14.7;0.0;0.0;0.0;0.0;0.0;0.0;0.0;0.0;0
5471;15.0;0.0;0.0;0.0;0.0;0.0;0.0;0.0;0.0;0
5472;15.8;0.0;0.0;0.0;0.0;0.0;0.0;0.0;0.0;0
5473;16.1;0.0;0.0;0.0;0.0;0.0;0.0;0.0;0.0;0
5474;16.3;0.0;0.0;0.0;0.0;0.0;0.0;0.0;0.0;0
5475;16.0;0.0;0.0;0.0;0.0;0.0;0.0;0.0;0.0;0
5476;14.8;0.0;0.0;0.0;0.0;0.0;0.0;0.0;0.0;0
5477;14.1;0.0;0.0;0.0;0.0;0.0;0.0;0.0;0.0;0
5478;14.9;3.6;3.6;3.6;3.6;3.6;3.6;3.6;3.6;6
5479;16.8;41.1;80.3;100.23;85.53;44.8;41.1;41.1;41.1;86
5480;17.9;84.3;156.03;227.01;214.4;125.58;84.3;84.3;84.3;208
5481;19.3;119.4;127.44;146.81;150.13;135.44;119.4;119.4;119.4;219
5482;20.1;160.8;160.8;277.97;332.96;287.09;167.25;160.8;160.8;408
5483;21.2;177.3;177.3;280.05;423.33;422.49;278.02;177.3;177.3;553
5484;22.0;181.1;181.1;181.1;423.4;523.76;423.4;181.1;181.1;656
5485;22.2;196.8;196.8;196.8;323.92;506.26;507.32;326.48;196.8;653
5486;23.3;213.8;213.8;213.8;221.71;368.66;424.9;357.48;213.8;528
5487;23.8;164.5;164.5;164.5;164.5;465.89;741.89;679.66;315.66;650
5488;23.9;171.4;171.4;171.4;171.4;280.45;515.12;548.45;360.9;464
5489;23.0;141.9;141.9;141.9;141.9;164.62;414.81;505.13;382.67;344
5490;23.4;170.87;102.9;102.9;102.9;102.9;389.72;576.5;485.85;244
5491;22.9;63.7;63.7;63.7;63.7;63.7;63.7;63.7;63.7;192
5492;21.3;20.1;20.1;20.1;20.1;20.1;20.1;20.1;20.1;36
5493;19.6;0.0;0.0;0.0;0.0;0.0;0.0;0.0;0.0;0
5494;19.9;0.0;0.0;0.0;0.0;0.0;0.0;0.0;0.0;0
5495;19.5;0.0;0.0;0.0;0.0;0.0;0.0;0.0;0.0;0
5496;19.6;0.0;0.0;0.0;0.0;0.0;0.0;0.0;0.0;0
5497;18.9;0.0;0.0;0.0;0.0;0.0;0.0;0.0;0.0;0
5498;18.6;0.0;0.0;0.0;0.0;0.0;0.0;0.0;0.0;0
5499;17.8;0.0;0.0;0.0;0.0;0.0;0.0;0.0;0.0;0
5500;17.3;0.0;0.0;0.0;0.0;0.0;0.0;0.0;0.0;0
5501;17.2;0.0;0.0;0.0;0.0;0.0;0.0;0.0;0.0;0
5502;17.7;1.8;1.8;1.8;1.8;1.8;1.8;1.8;1.8;3
5503;18.7;16.3;18.19;19.16;18.45;16.49;16.3;16.3;16.3;28
5504;19.6;46.6;50.16;53.72;53.11;48.69;46.6;46.6;46.6;81
5505;20.5;70.2;72.2;77.11;77.97;74.28;70.2;70.2;70.2;122
5506;22.9;156.0;156.0;189.71;205.71;192.59;158.04;156.0;156.0;300
5507;23.1;175.1;175.1;281.17;430.19;429.78;280.18;175.1;175.1;556
5508;24.4;190.4;190.4;190.4;399.27;485.79;399.27;190.4;190.4;619
5509;25.4;174.9;174.9;174.9;342.97;582.23;582.88;344.54;174.9;714
5510;25.3;199.2;199.2;199.2;213.71;459.89;553.36;439.37;199.2;617
5511;25.8;195.2;195.2;195.2;195.2;355.63;500.77;466.91;273.89;522
5512;24.8;174.9;174.9;174.9;174.9;239.17;375.12;393.78;284.23;394
5513;24.9;134.8;134.8;134.8;134.8;141.26;208.04;231.91;198.9;253
5514;24.0;32.36;30.8;30.8;30.8;30.8;37.6;41.98;39.81;53
5515;23.7;6.6;6.6;6.6;6.6;6.6;6.6;6.6;6.6;11
5516;18.9;0.0;0.0;0.0;0.0;0.0;0.0;0.0;0.0;0
5517;18.9;0.0;0.0;0.0;0.0;0.0;0.0;0.0;0.0;0
5518;18.4;0.0;0.0;0.0;0.0;0.0;0.0;0.0;0.0;0
5519;18.2;0.0;0.0;0.0;0.0;0.0;0.0;0.0;0.0;0
5520;18.1;0.0;0.0;0.0;0.0;0.0;0.0;0.0;0.0;0
5521;17.8;0.0;0.0;0.0;0.0;0.0;0.0;0.0;0.0;0
5522;17.2;0.0;0.0;0.0;0.0;0.0;0.0;0.0;0.0;0
5523;17.0;0.0;0.0;0.0;0.0;0.0;0.0;0.0;0.0;0
5524;17.1;0.0;0.0;0.0;0.0;0.0;0.0;0.0;0.0;0
5525;17.1;0.0;0.0;0.0;0.0;0.0;0.0;0.0;0.0;0
5526;16.9;3.6;3.6;3.6;3.6;3.6;3.6;3.6;3.6;6
5527;17.5;35.4;46.83;52.79;48.56;36.63;35.4;35.4;35.4;64
5528;18.3;78.4;92.68;107.16;104.8;86.97;78.4;78.4;78.4;144
5529;18.8;65.4;67.39;72.36;73.26;69.55;65.4;65.4;65.4;114
5530;18.4;48.8;48.8;50.21;50.89;50.35;48.89;48.8;48.8;83
5531;18.8;134.1;134.1;139.15;146.3;146.3;139.16;134.1;134.1;236
5532;19.4;149.4;149.4;149.4;159.91;164.27;159.91;149.4;149.4;264
5533;20.6;183.8;183.8;183.8;336.19;551.52;551.44;336.01;183.8;683
5534;22.3;212.6;212.6;212.6;218.56;311.54;346.56;303.11;212.6;461
5535;23.1;194.2;194.2;194.2;194.2;354.64;498.05;463.46;271.15;517
5536;22.7;148.9;148.9;148.9;148.9;339.12;734.66;787.08;465.66;544
5537;21.4;138.6;138.6;138.6;138.6;152.08;283.4;329.9;264.33;286
5538;21.3;98.46;88.3;88.3;88.3;88.3;133.97;163.05;148.34;158
5539;20.0;56.7;56.7;56.7;56.7;56.7;56.7;56.7;56.7;142
5540;18.8;14.5;14.5;14.5;14.5;14.5;14.5;14.5;14.5;25
5541;17.9;0.0;0.0;0.0;0.0;0.0;0.0;0.0;0.0;0
5542;17.2;0.0;0.0;0.0;0.0;0.0;0.0;0.0;0.0;0
5543;16.8;0.0;0.0;0.0;0.0;0.0;0.0;0.0;0.0;0
5544;16.0;0.0;0.0;0.0;0.0;0.0;0.0;0.0;0.0;0
5545;15.7;0.0;0.0;0.0;0.0;0.0;0.0;0.0;0.0;0
5546;15.9;0.0;0.0;0.0;0.0;0.0;0.0;0.0;0.0;0
5547;15.7;0.0;0.0;0.0;0.0;0.0;0.0;0.0;0.0;0
5548;15.3;0.0;0.0;0.0;0.0;0.0;0.0;0.0;0.0;0
5549;15.5;0.0;0.0;0.0;0.0;0.0;0.0;0.0;0.0;0
5550;15.7;0.0;0.0;0.0;0.0;0.0;0.0;0.0;0.0;0
5551;16.1;8.4;8.4;8.4;8.4;8.4;8.4;8.4;8.4;14
5552;16.2;32.6;34.39;36.23;35.95;33.7;32.6;32.6;32.6;56
5553;16.5;59.3;60.95;65.15;65.92;62.82;59.3;59.3;59.3;103
5554;17.1;129.6;129.6;142.42;148.64;143.71;130.51;129.6;129.6;231
5555;17.8;117.6;117.6;121.67;127.47;127.49;121.72;117.6;117.6;206
5556;18.9;187.6;187.6;187.6;204.15;211.01;204.15;187.6;187.6;336
5557;18.2;186.3;186.3;186.3;195.56;208.54;208.5;195.45;186.3;333
5558;17.7;158.6;158.6;158.6;159.62;174.28;179.76;172.84;158.6;281
5559;18.1;168.0;168.0;168.0;168.0;184.89;199.8;196.08;175.92;300
5560;18.5;164.3;164.3;164.3;164.3;186.83;232.89;238.77;201.03;308
5561;18.9;130.9;130.9;130.9;130.9;136.38;186.78;204.45;179.04;239
5562;18.3;66.49;61.8;61.8;61.8;61.8;83.6;97.31;90.23;108
5563;16.1;13.2;13.2;13.2;13.2;13.2;13.2;13.2;13.2;22
5564;15.2;4.8;4.8;4.8;4.8;4.8;4.8;4.8;4.8;8
5565;15.1;0.0;0.0;0.0;0.0;0.0;0.0;0.0;0.0;0
5566;14.5;0.0;0.0;0.0;0.0;0.0;0.0;0.0;0.0;0
5567;13.4;0.0;0.0;0.0;0.0;0.0;0.0;0.0;0.0;0
5568;13.1;0.0;0.0;0.0;0.0;0.0;0.0;0.0;0.0;0
5569;13.3;0.0;0.0;0.0;0.0;0.0;0.0;0.0;0.0;0
5570;12.1;0.0;0.0;0.0;0.0;0.0;0.0;0.0;0.0;0
5571;12.4;0.0;0.0;0.0;0.0;0.0;0.0;0.0;0.0;0
5572;12.2;0.0;0.0;0.0;0.0;0.0;0.0;0.0;0.0;0
5573;13.2;0.0;0.0;0.0;0.0;0.0;0.0;0.0;0.0;0
5574;13.4;1.8;1.8;1.8;1.8;1.8;1.8;1.8;1.8;3
5575;14.8;26.7;32.54;35.66;33.54;27.4;26.7;26.7;26.7;47
5576;14.5;19.8;19.8;19.8;19.8;19.8;19.8;19.8;19.8;33
5577;14.4;22.9;23.23;24.08;24.24;23.62;22.9;22.9;22.9;39
5578;14.6;34.3;34.3;35.02;35.37;35.1;34.36;34.3;34.3;58
5579;14.4;71.2;71.2;72.56;74.53;74.54;72.6;71.2;71.2;122
5580;14.7;93.6;93.6;93.6;97.19;98.68;97.19;93.6;93.6;161
5581;17.4;202.2;202.2;202.2;216.85;237.25;237.11;216.53;202.2;372
5582;19.1;210.3;210.3;210.3;220.72;360.58;412.42;345.85;210.3;508
5583;16.9;195.7;195.7;195.7;195.7;278.04;349.87;331.39;233.42;422
5584;16.6;169.1;169.1;169.1;169.1;273.36;482.95;508.68;335.5;436
5585;17.7;109.6;109.6;109.6;109.6;186.55;856.93;1089.54;748.11;456
5586;16.7;208.99;91.8;91.8;91.8;91.8;655.81;1006.63;821.55;278
5587;15.7;53.8;53.8;53.8;53.8;53.8;53.8;53.8;53.8;108
5588;12.0;9.9;9.9;9.9;9.9;9.9;9.9;9.9;9.9;19
5589;10.2;0.0;0.0;0.0;0.0;0.0;0.0;0.0;0.0;0
5590;9.1;0.0;0.0;0.0;0.0;0.0;0.0;0.0;0.0;0
5591;8.9;0.0;0.0;0.0;0.0;0.0;0.0;0.0;0.0;0
5592;8.0;0.0;0.0;0.0;0.0;0.0;0.0;0.0;0.0;0
5593;9.6;0.0;0.0;0.0;0.0;0.0;0.0;0.0;0.0;0
5594;10.6;0.0;0.0;0.0;0.0;0.0;0.0;0.0;0.0;0
5595;11.0;0.0;0.0;0.0;0.0;0.0;0.0;0.0;0.0;0
5596;11.2;0.0;0.0;0.0;0.0;0.0;0.0;0.0;0.0;0
5597;10.3;0.0;0.0;0.0;0.0;0.0;0.0;0.0;0.0;0
5598;10.6;0.0;0.0;0.0;0.0;0.0;0.0;0.0;0.0;0
5599;12.6;22.4;26.34;28.47;27.05;22.9;22.4;22.4;22.4;39
5600;13.3;25.9;26.8;27.76;27.62;26.48;25.9;25.9;25.9;44
5601;14.4;56.2;57.5;60.96;61.63;59.11;56.2;56.2;56.2;97
5602;15.6;114.8;114.8;124.91;129.94;126.09;115.63;114.8;114.8;203
5603;17.6;180.1;180.1;264.93;387.71;388.87;267.74;180.1;180.1;506
5604;19.1;178.4;178.4;178.4;426.86;529.77;426.86;178.4;178.4;639
5605;20.1;196.7;196.7;196.7;321.95;495.07;493.4;317.93;196.7;622
5606;20.7;186.4;186.4;186.4;209.85;504.2;612.39;471.04;186.4;639
5607;20.7;180.7;180.7;180.7;180.7;413.15;613.46;560.27;284.73;567
5608;20.6;151.9;151.9;151.9;151.9;332.84;690.48;732.63;434.59;514
5609;20.4;134.3;134.3;134.3;134.3;173.15;494.39;604.7;439.45;353
5610;19.4;140.83;96.3;96.3;96.3;96.3;318.4;454.94;381.38;208
5611;16.7;52.1;52.1;52.1;52.1;52.1;52.1;52.1;52.1;136
5612;14.9;8.7;8.7;8.7;8.7;8.7;8.7;8.7;8.7;17
5613;13.7;0.0;0.0;0.0;0.0;0.0;0.0;0.0;0.0;0
5614;13.7;0.0;0.0;0.0;0.0;0.0;0.0;0.0;0.0;0
5615;11.9;0.0;0.0;0.0;0.0;0.0;0.0;0.0;0.0;0
5616;11.5;0.0;0.0;0.0;0.0;0.0;0.0;0.0;0.0;0
5617;11.4;0.0;0.0;0.0;0.0;0.0;0.0;0.0;0.0;0
5618;10.6;0.0;0.0;0.0;0.0;0.0;0.0;0.0;0.0;0
5619;10.7;0.0;0.0;0.0;0.0;0.0;0.0;0.0;0.0;0
5620;12.1;0.0;0.0;0.0;0.0;0.0;0.0;0.0;0.0;0
5621;12.5;0.0;0.0;0.0;0.0;0.0;0.0;0.0;0.0;0
5622;12.7;0.0;0.0;0.0;0.0;0.0;0.0;0.0;0.0;0
5623;13.2;8.4;8.4;8.4;8.4;8.4;8.4;8.4;8.4;14
5624;13.7;21.1;22.01;22.98;22.85;21.69;21.1;21.1;21.1;36
5625;13.6;39.2;39.85;41.6;41.95;40.68;39.2;39.2;39.2;67
5626;14.0;66.4;66.4;69.31;70.77;69.67;66.66;66.4;66.4;114
5627;14.8;79.1;79.1;80.83;83.35;83.38;80.9;79.1;79.1;136
5628;16.0;145.1;145.1;145.1;155.53;159.85;155.53;145.1;145.1;256
5629;18.9;199.8;199.8;199.8;316.75;477.22;475.18;311.83;199.8;603
5630;20.3;143.7;143.7;143.7;182.32;637.14;802.92;582.53;143.7;742
5631;21.0;170.2;170.2;170.2;170.2;449.06;686.46;621.44;292.09;597
5632;22.5;139.9;139.9;139.9;139.9;361.09;791.03;839.55;478.22;544
5633;22.1;135.4;135.4;135.4;135.4;163.74;386.59;462.3;346.51;314
5634;21.9;160.43;94.8;94.8;94.8;94.8;434.42;640.72;527.23;228
5635;21.0;42.0;42.0;42.0;42.0;42.0;42.0;42.0;42.0;75
5636;18.7;3.1;3.1;3.1;3.1;3.1;3.1;3.1;3.1;6
5637;15.9;0.0;0.0;0.0;0.0;0.0;0.0;0.0;0.0;0
5638;15.7;0.0;0.0;0.0;0.0;0.0;0.0;0.0;0.0;0
5639;16.9;0.0;0.0;0.0;0.0;0.0;0.0;0.0;0.0;0
5640;16.8;0.0;0.0;0.0;0.0;0.0;0.0;0.0;0.0;0
5641;14.5;0.0;0.0;0.0;0.0;0.0;0.0;0.0;0.0;0
5642;15.0;0.0;0.0;0.0;0.0;0.0;0.0;0.0;0.0;0
5643;15.6;0.0;0.0;0.0;0.0;0.0;0.0;0.0;0.0;0
5644;14.7;0.0;0.0;0.0;0.0;0.0;0.0;0.0;0.0;0
5645;15.1;0.0;0.0;0.0;0.0;0.0;0.0;0.0;0.0;0
5646;15.5;0.0;0.0;0.0;0.0;0.0;0.0;0.0;0.0;0
5647;15.8;12.7;14.72;15.83;15.12;12.98;12.7;12.7;12.7;22
5648;17.2;69.5;79.52;90.36;88.98;76.19;69.5;69.5;69.5;125
5649;18.0;113.9;123.24;149.01;154.21;135.79;113.9;113.9;113.9;214
5650;19.2;153.3;153.3;199.49;222.95;205.61;157.62;153.3;153.3;308
5651;20.0;183.6;183.6;217.02;266.12;266.88;218.85;183.6;183.6;386
5652;20.5;191.3;191.3;191.3;384.56;464.61;384.56;191.3;191.3;578
5653;20.2;206.3;206.3;206.3;300.68;429.24;427.21;295.77;206.3;558
5654;18.3;127.2;127.2;127.2;128.02;137.16;140.47;136.0;127.2;222
5655;14.7;13.2;13.2;13.2;13.2;13.2;13.2;13.2;13.2;22
5656;19.1;167.7;167.7;167.7;167.7;235.23;364.32;378.23;268.82;372
5657;18.6;127.1;127.1;127.1;127.1;135.36;197.22;218.01;185.55;236
5658;17.0;56.61;52.7;52.7;52.7;52.7;73.7;86.31;79.23;92
5659;16.5;38.9;38.9;38.9;38.9;38.9;38.9;38.9;38.9;69
5660;16.5;3.1;3.1;3.1;3.1;3.1;3.1;3.1;3.1;6
5661;16.3;0.0;0.0;0.0;0.0;0.0;0.0;0.0;0.0;0
5662;16.3;0.0;0.0;0.0;0.0;0.0;0.0;0.0;0.0;0
5663;15.9;0.0;0.0;0.0;0.0;0.0;0.0;0.0;0.0;0
5664;15.5;0.0;0.0;0.0;0.0;0.0;0.0;0.0;0.0;0
5665;15.2;0.0;0.0;0.0;0.0;0.0;0.0;0.0;0.0;0
5666;15.0;0.0;0.0;0.0;0.0;0.0;0.0;0.0;0.0;0
5667;14.9;0.0;0.0;0.0;0.0;0.0;0.0;0.0;0.0;0
5668;14.8;0.0;0.0;0.0;0.0;0.0;0.0;0.0;0.0;0
5669;14.7;0.0;0.0;0.0;0.0;0.0;0.0;0.0;0.0;0
5670;14.4;0.0;0.0;0.0;0.0;0.0;0.0;0.0;0.0;0
5671;15.0;21.9;28.02;31.46;29.31;22.81;21.9;21.9;21.9;39
5672;15.2;36.9;39.65;42.65;42.29;38.77;36.9;36.9;36.9;64
5673;14.7;29.5;29.82;30.72;30.91;30.27;29.5;29.5;29.5;50
5674;15.0;37.9;37.9;38.64;39.02;38.74;37.97;37.9;37.9;64
5675;16.3;141.0;141.0;147.31;156.65;156.82;147.73;141.0;141.0;250
5676;18.7;196.9;196.9;196.9;356.12;422.08;356.12;196.9;196.9;539
5677;18.6;208.3;208.3;208.3;244.54;293.56;292.63;242.3;208.3;428
5678;18.5;207.1;207.1;207.1;219.06;344.43;389.35;327.52;207.1;481
5679;19.1;174.9;174.9;174.9;174.9;195.65;212.89;207.88;183.54;314
5680;19.7;139.3;139.3;139.3;139.3;364.62;788.29;831.79;469.64;533
5681;19.5;104.2;104.2;104.2;104.2;201.69;899.03;1130.77;761.15;442
5682;18.8;213.77;83.3;83.3;83.3;83.3;813.17;1245.97;997.69;278
5683;17.2;36.4;36.4;36.4;36.4;36.4;36.4;36.4;36.4;64
5684;16.2;8.4;8.4;8.4;8.4;8.4;8.4;8.4;8.4;14
5685;15.8;0.0;0.0;0.0;0.0;0.0;0.0;0.0;0.0;0
5686;15.2;0.0;0.0;0.0;0.0;0.0;0.0;0.0;0.0;0
5687;15.4;0.0;0.0;0.0;0.0;0.0;0.0;0.0;0.0;0
5688;14.9;0.0;0.0;0.0;0.0;0.0;0.0;0.0;0.0;0
5689;15.4;0.0;0.0;0.0;0.0;0.0;0.0;0.0;0.0;0
5690;15.1;0.0;0.0;0.0;0.0;0.0;0.0;0.0;0.0;0
5691;15.3;0.0;0.0;0.0;0.0;0.0;0.0;0.0;0.0;0
5692;14.4;0.0;0.0;0.0;0.0;0.0;0.0;0.0;0.0;0
5693;14.9;0.0;0.0;0.0;0.0;0.0;0.0;0.0;0.0;0
5694;15.1;0.0;0.0;0.0;0.0;0.0;0.0;0.0;0.0;0
5695;16.0;24.9;31.1;34.63;32.46;25.86;24.9;24.9;24.9;44
5696;16.8;63.9;72.17;81.36;80.32;69.66;63.9;63.9;63.9;114
5697;16.6;85.0;88.18;97.32;99.25;92.83;85.0;85.0;85.0;150
5698;17.0;113.0;113.0;123.42;128.83;124.97;114.09;113.0;113.0;200
5699;18.4;182.3;182.3;224.31;286.95;288.29;227.54;182.3;182.3;403
5700;17.6;165.4;165.4;165.4;179.42;185.23;179.42;165.4;165.4;294
5701;19.3;209.1;209.1;209.1;258.14;323.99;322.54;254.64;209.1;456
5702;17.8;201.4;201.4;201.4;220.47;410.02;477.36;383.04;201.4;539
5703;18.9;188.9;188.9;188.9;188.9;263.24;324.25;305.97;219.11;394
5704;18.7;119.5;119.5;119.5;119.5;408.33;942.56;994.65;534.09;575
5705;17.5;130.7;130.7;130.7;130.7;170.9;445.8;536.12;388.95;322
5706;16.9;84.69;76.1;76.1;76.1;76.1;126.2;155.54;138.35;136
5707;16.2;45.6;45.6;45.6;45.6;45.6;45.6;45.6;45.6;86
5708;14.5;3.6;3.6;3.6;3.6;3.6;3.6;3.6;3.6;6
5709;13.2;0.0;0.0;0.0;0.0;0.0;0.0;0.0;0.0;0
5710;13.6;0.0;0.0;0.0;0.0;0.0;0.0;0.0;0.0;0
5711;14.8;0.0;0.0;0.0;0.0;0.0;0.0;0.0;0.0;0
5712;14.9;0.0;0.0;0.0;0.0;0.0;0.0;0.0;0.0;0
5713;15.0;0.0;0.0;0.0;0.0;0.0;0.0;0.0;0.0;0
5714;15.2;0.0;0.0;0.0;0.0;0.0;0.0;0.0;0.0;0
5715;15.1;0.0;0.0;0.0;0.0;0.0;0.0;0.0;0.0;0
5716;15.5;0.0;0.0;0.0;0.0;0.0;0.0;0.0;0.0;0
5717;15.5;0.0;0.0;0.0;0.0;0.0;0.0;0.0;0.0;0
5718;15.6;0.0;0.0;0.0;0.0;0.0;0.0;0.0;0.0;0
5719;15.7;6.6;6.6;6.6;6.6;6.6;6.6;6.6;6.6;11
5720;15.3;15.0;15.0;15.0;15.0;15.0;15.0;15.0;15.0;25
5721;15.1;34.3;34.62;35.54;35.74;35.1;34.3;34.3;34.3;58
5722;14.9;44.0;44.0;45.5;46.29;45.74;44.17;44.0;44.0;75
5723;15.0;50.6;50.6;51.31;52.38;52.41;51.37;50.6;50.6;86
5724;15.2;49.3;49.3;49.3;49.95;50.21;49.95;49.3;49.3;83
5725;15.3;49.3;49.3;49.3;49.69;50.2;50.19;49.66;49.3;83
5726;15.4;40.9;40.9;40.9;40.98;41.77;42.04;41.65;40.9;69
5727;15.5;45.8;45.8;45.8;45.8;47.39;48.69;48.29;46.43;78
5728;15.5;37.9;37.9;37.9;37.9;38.56;39.75;39.86;38.82;64
5729;16.0;27.7;27.7;27.7;27.7;28.04;30.28;31.0;29.79;47
5730;16.2;25.48;24.7;24.7;24.7;24.7;29.45;32.2;30.56;42
5731;16.2;14.5;14.5;14.5;14.5;14.5;14.5;14.5;14.5;25
5732;16.1;0.0;0.0;0.0;0.0;0.0;0.0;0.0;0.0;0
5733;16.2;0.0;0.0;0.0;0.0;0.0;0.0;0.0;0.0;0
5734;16.3;0.0;0.0;0.0;0.0;0.0;0.0;0.0;0.0;0
5735;16.4;0.0;0.0;0.0;0.0;0.0;0.0;0.0;0.0;0
5736;16.3;0.0;0.0;0.0;0.0;0.0;0.0;0.0;0.0;0
5737;14.9;0.0;0.0;0.0;0.0;0.0;0.0;0.0;0.0;0
5738;13.3;0.0;0.0;0.0;0.0;0.0;0.0;0.0;0.0;0
5739;13.3;0.0;0.0;0.0;0.0;0.0;0.0;0.0;0.0;0
5740;13.4;0.0;0.0;0.0;0.0;0.0;0.0;0.0;0.0;0
5741;13.5;0.0;0.0;0.0;0.0;0.0;0.0;0.0;0.0;0
5742;11.9;0.0;0.0;0.0;0.0;0.0;0.0;0.0;0.0;0
5743;13.7;27.8;44.77;54.69;48.86;30.69;27.8;27.8;27.8;53
5744;16.5;73.3;135.48;206.42;199.38;118.49;73.3;73.3;73.3;178
5745;17.6;109.0;162.96;324.88;360.34;248.57;109.0;109.0;109.0;325
5746;18.9;150.1;150.1;273.36;338.77;293.67;164.46;150.1;150.1;386
5747;19.5;179.5;179.5;212.09;261.4;262.74;215.32;179.5;179.5;375
5748;18.6;192.4;192.4;192.4;230.34;246.05;230.34;192.4;192.4;369
5749;19.4;168.3;168.3;168.3;356.05;604.63;597.62;339.12;168.3;678
5750;20.2;178.5;178.5;178.5;213.13;524.65;633.4;475.67;178.5;625
5751;19.3;155.3;155.3;155.3;155.3;495.3;767.57;681.19;286.74;608
5752;19.1;154.1;154.1;154.1;154.1;315.28;603.85;628.96;375.9;456
5753;18.6;108.3;108.3;108.3;108.3;207.01;826.9;1025.85;687.31;408
5754;17.2;176.31;84.9;84.9;84.9;84.9;666.36;998.61;795.63;239
5755;15.0;41.0;41.0;41.0;41.0;41.0;41.0;41.0;41.0;75
5756;12.6;3.6;3.6;3.6;3.6;3.6;3.6;3.6;3.6;6
5757;11.5;0.0;0.0;0.0;0.0;0.0;0.0;0.0;0.0;0
5758;11.2;0.0;0.0;0.0;0.0;0.0;0.0;0.0;0.0;0
5759;9.9;0.0;0.0;0.0;0.0;0.0;0.0;0.0;0.0;0
5760;9.3;0.0;0.0;0.0;0.0;0.0;0.0;0.0;0.0;0
5761;8.8;0.0;0.0;0.0;0.0;0.0;0.0;0.0;0.0;0
5762;9.1;0.0;0.0;0.0;0.0;0.0;0.0;0.0;0.0;0
5763;9.3;0.0;0.0;0.0;0.0;0.0;0.0;0.0;0.0;0
5764;10.3;0.0;0.0;0.0;0.0;0.0;0.0;0.0;0.0;0
5765;10.2;0.0;0.0;0.0;0.0;0.0;0.0;0.0;0.0;0
5766;11.2;0.0;0.0;0.0;0.0;0.0;0.0;0.0;0.0;0
5767;12.8;27.6;53.4;68.68;59.9;32.19;27.6;27.6;27.6;56
5768;15.0;72.7;123.99;183.31;177.83;110.77;72.7;72.7;72.7;167
5769;17.8;95.7;173.25;411.16;464.28;301.48;95.7;95.7;95.7;367
5770;19.1;127.1;127.1;373.3;505.39;415.89;157.22;127.1;127.1;481
5771;19.8;153.2;153.2;288.11;493.79;499.96;303.0;153.2;153.2;567
5772;18.6;197.4;197.4;197.4;264.99;292.99;264.99;197.4;197.4;414
5773;17.6;74.8;74.8;74.8;76.4;78.51;78.44;76.24;74.8;128
5774;18.8;140.2;140.2;140.2;141.69;154.51;158.94;152.4;140.2;247
5775;19.1;168.8;168.8;168.8;168.8;190.29;207.29;201.74;176.9;303
5776;18.6;109.2;109.2;109.2;109.2;117.51;132.14;133.33;120.39;192
5777;17.8;61.1;61.1;61.1;61.1;63.01;74.56;78.22;71.85;106
5778;16.6;23.68;22.9;22.9;22.9;22.9;28.11;31.04;29.21;39
5779;16.3;17.6;17.6;17.6;17.6;17.6;17.6;17.6;17.6;31
5780;16.1;3.6;3.6;3.6;3.6;3.6;3.6;3.6;3.6;6
5781;16.3;0.0;0.0;0.0;0.0;0.0;0.0;0.0;0.0;0
5782;15.8;0.0;0.0;0.0;0.0;0.0;0.0;0.0;0.0;0
5783;15.4;0.0;0.0;0.0;0.0;0.0;0.0;0.0;0.0;0
5784;15.4;0.0;0.0;0.0;0.0;0.0;0.0;0.0;0.0;0
5785;14.7;0.0;0.0;0.0;0.0;0.0;0.0;0.0;0.0;0
5786;13.2;0.0;0.0;0.0;0.0;0.0;0.0;0.0;0.0;0
5787;12.7;0.0;0.0;0.0;0.0;0.0;0.0;0.0;0.0;0
5788;13.0;0.0;0.0;0.0;0.0;0.0;0.0;0.0;0.0;0
5789;13.1;0.0;0.0;0.0;0.0;0.0;0.0;0.0;0.0;0
5790;13.4;0.0;0.0;0.0;0.0;0.0;0.0;0.0;0.0;0
5791;14.1;21.9;28.44;32.37;30.16;23.12;21.9;21.9;21.9;39
5792;13.6;33.8;35.67;37.87;37.68;35.22;33.8;33.8;33.8;58
5793;14.9;85.0;88.09;97.79;100.0;93.42;85.0;85.0;85.0;150
5794;17.1;140.1;140.1;322.21;420.99;355.22;163.44;140.1;140.1;431
5795;17.2;174.2;174.2;253.42;375.09;379.08;263.05;174.2;174.2;472
5796;17.3;193.2;193.2;193.2;350.32;415.4;350.32;193.2;193.2;517
5797;16.5;204.4;204.4;204.4;252.5;315.3;313.14;247.28;204.4;439
5798;14.9;113.2;113.2;113.2;114.18;122.28;125.05;120.88;113.2;197
5799;15.3;97.4;97.4;97.4;97.4;104.13;109.4;107.63;99.87;169
5800;14.0;100.0;100.0;100.0;100.0;107.1;119.42;120.36;109.37;175
5801;16.1;125.4;125.4;125.4;125.4;164.28;389.72;460.33;334.73;289
5802;15.0;107.12;82.9;82.9;82.9;82.9;252.3;346.69;286.55;164
5803;15.0;40.5;40.5;40.5;40.5;40.5;40.5;40.5;40.5;100
5804;14.1;11.4;11.4;11.4;11.4;11.4;11.4;11.4;11.4;19
5805;14.4;0.0;0.0;0.0;0.0;0.0;0.0;0.0;0.0;0
5806;14.3;0.0;0.0;0.0;0.0;0.0;0.0;0.0;0.0;0
5807;14.2;0.0;0.0;0.0;0.0;0.0;0.0;0.0;0.0;0
5808;13.3;0.0;0.0;0.0;0.0;0.0;0.0;0.0;0.0;0
5809;13.2;0.0;0.0;0.0;0.0;0.0;0.0;0.0;0.0;0
5810;13.1;0.0;0.0;0.0;0.0;0.0;0.0;0.0;0.0;0
5811;12.7;0.0;0.0;0.0;0.0;0.0;0.0;0.0;0.0;0
5812;12.9;0.0;0.0;0.0;0.0;0.0;0.0;0.0;0.0;0
5813;13.6;0.0;0.0;0.0;0.0;0.0;0.0;0.0;0.0;0
5814;13.7;0.0;0.0;0.0;0.0;0.0;0.0;0.0;0.0;0
5815;13.5;11.4;11.4;11.4;11.4;11.4;11.4;11.4;11.4;19
5816;14.0;59.1;67.58;77.66;76.86;65.66;59.1;59.1;59.1;106
5817;14.0;42.2;42.81;44.78;45.24;43.92;42.2;42.2;42.2;72
5818;15.9;145.1;145.1;186.16;208.67;193.94;150.6;145.1;145.1;286
5819;16.0;177.4;177.4;218.41;281.85;284.11;223.86;177.4;177.4;389
5820;17.0;196.1;196.1;196.1;305.64;351.01;305.64;196.1;196.1;461
5821;18.0;201.2;201.2;201.2;294.11;414.61;410.1;283.21;201.2;522
5822;17.8;200.3;200.3;200.3;215.15;332.08;371.82;311.09;200.3;453
5823;18.6;177.3;177.3;177.3;177.3;390.82;555.66;498.86;253.69;503
5824;16.8;150.6;150.6;150.6;150.6;176.85;221.65;224.82;184.52;281
5825;16.8;80.7;80.7;80.7;80.7;84.55;106.06;112.71;100.61;142
5826;17.0;66.77;61.3;61.3;61.3;61.3;101.54;123.68;109.28;108
5827;15.8;39.4;39.4;39.4;39.4;39.4;39.4;39.4;39.4;89
5828;14.3;3.6;3.6;3.6;3.6;3.6;3.6;3.6;3.6;6
5829;12.7;0.0;0.0;0.0;0.0;0.0;0.0;0.0;0.0;0
5830;12.3;0.0;0.0;0.0;0.0;0.0;0.0;0.0;0.0;0
5831;13.1;0.0;0.0;0.0;0.0;0.0;0.0;0.0;0.0;0
5832;13.3;0.0;0.0;0.0;0.0;0.0;0.0;0.0;0.0;0
5833;13.8;0.0;0.0;0.0;0.0;0.0;0.0;0.0;0.0;0
5834;12.7;0.0;0.0;0.0;0.0;0.0;0.0;0.0;0.0;0
5835;12.0;0.0;0.0;0.0;0.0;0.0;0.0;0.0;0.0;0
5836;11.3;0.0;0.0;0.0;0.0;0.0;0.0;0.0;0.0;0
5837;10.9;0.0;0.0;0.0;0.0;0.0;0.0;0.0;0.0;0
5838;11.1;0.0;0.0;0.0;0.0;0.0;0.0;0.0;0.0;0
5839;13.9;20.1;26.84;30.98;28.76;21.46;20.1;20.1;20.1;36
5840;17.1;70.1;114.62;168.25;164.38;105.29;70.1;70.1;70.1;156
5841;19.9;106.4;156.32;320.27;358.94;249.67;106.4;106.4;106.4;314
5842;22.4;129.6;129.6;359.26;486.52;404.7;161.73;129.6;129.6;461
5843;25.0;144.1;144.1;294.99;530.14;539.15;316.75;144.1;144.1;581
5844;26.1;150.4;150.4;150.4;492.36;634.01;492.36;150.4;150.4;664
5845;26.6;153.2;153.2;153.2;376.93;665.13;653.44;348.72;153.2;697
5846;27.4;146.2;146.2;146.2;205.0;649.62;799.35;566.47;146.2;692
5847;27.5;139.3;139.3;139.3;139.3;554.27;870.74;758.74;283.88;628
5848;27.7;127.2;127.2;127.2;127.2;405.71;873.43;904.02;479.56;522
5849;27.5;106.9;106.9;106.9;106.9;221.36;836.9;1024.81;675.03;389
5850;26.9;171.79;79.6;79.6;79.6;79.6;795.03;1183.56;925.41;231
5851;25.0;39.1;39.1;39.1;39.1;39.1;39.1;39.1;39.1;81
5852;23.0;3.6;3.6;3.6;3.6;3.6;3.6;3.6;3.6;6
5853;21.7;0.0;0.0;0.0;0.0;0.0;0.0;0.0;0.0;0
5854;21.2;0.0;0.0;0.0;0.0;0.0;0.0;0.0;0.0;0
5855;20.1;0.0;0.0;0.0;0.0;0.0;0.0;0.0;0.0;0
5856;18.9;0.0;0.0;0.0;0.0;0.0;0.0;0.0;0.0;0
5857;17.2;0.0;0.0;0.0;0.0;0.0;0.0;0.0;0.0;0
5858;16.1;0.0;0.0;0.0;0.0;0.0;0.0;0.0;0.0;0
5859;14.7;0.0;0.0;0.0;0.0;0.0;0.0;0.0;0.0;0
5860;12.9;0.0;0.0;0.0;0.0;0.0;0.0;0.0;0.0;0
5861;11.1;0.0;0.0;0.0;0.0;0.0;0.0;0.0;0.0;0
5862;10.6;0.0;0.0;0.0;0.0;0.0;0.0;0.0;0.0;0
5863;12.6;17.6;22.16;25.01;23.51;18.56;17.6;17.6;17.6;31
5864;15.4;68.1;93.81;125.22;123.16;88.85;68.1;68.1;68.1;136
5865;19.2;111.2;140.79;240.27;264.15;198.43;111.2;111.2;111.2;267
5866;21.0;144.2;144.2;287.57;367.86;317.14;165.11;144.2;144.2;392
5867;22.5;166.7;166.7;264.47;417.96;424.26;279.69;166.7;166.7;497
5868;24.1;178.5;178.5;178.5;411.17;507.54;411.17;178.5;178.5;575
5869;25.7;180.9;180.9;180.9;342.01;548.15;539.16;320.31;180.9;614
5870;25.9;178.0;178.0;178.0;219.81;523.87;625.33;464.74;178.0;600
5871;26.4;166.4;166.4;166.4;166.4;451.23;665.83;587.86;263.01;544
5872;26.9;143.4;143.4;143.4;143.4;350.94;694.05;714.59;400.54;464
5873;26.0;119.7;119.7;119.7;119.7;189.92;554.21;663.97;454.9;322
5874;24.7;123.51;82.1;82.1;82.1;82.1;421.91;604.07;480.47;181
5875;22.5;34.1;34.1;34.1;34.1;34.1;34.1;34.1;34.1;61
5876;20.9;1.8;1.8;1.8;1.8;1.8;1.8;1.8;1.8;3
5877;19.0;0.0;0.0;0.0;0.0;0.0;0.0;0.0;0.0;0
5878;17.5;0.0;0.0;0.0;0.0;0.0;0.0;0.0;0.0;0
5879;16.1;0.0;0.0;0.0;0.0;0.0;0.0;0.0;0.0;0
5880;15.4;0.0;0.0;0.0;0.0;0.0;0.0;0.0;0.0;0
5881;14.8;0.0;0.0;0.0;0.0;0.0;0.0;0.0;0.0;0
5882;13.9;0.0;0.0;0.0;0.0;0.0;0.0;0.0;0.0;0
5883;14.6;0.0;0.0;0.0;0.0;0.0;0.0;0.0;0.0;0
5884;14.2;0.0;0.0;0.0;0.0;0.0;0.0;0.0;0.0;0
5885;13.6;0.0;0.0;0.0;0.0;0.0;0.0;0.0;0.0;0
5886;13.8;0.0;0.0;0.0;0.0;0.0;0.0;0.0;0.0;0
5887;14.5;15.8;20.43;23.36;21.86;16.81;15.8;15.8;15.8;28
5888;16.7;67.9;103.33;147.21;144.63;97.1;67.9;67.9;67.9;144
5889;20.1;106.9;148.51;291.82;326.81;232.97;106.9;106.9;106.9;294
5890;23.4;133.8;133.8;334.01;447.32;376.97;164.18;133.8;133.8;433
5891;25.2;149.1;149.1;287.34;505.95;515.52;310.45;149.1;149.1;556
5892;27.3;157.8;157.8;157.8;472.22;602.45;472.22;157.8;157.8;633
5893;27.8;165.1;165.1;165.1;364.93;618.91;607.05;336.31;165.1;656
5894;28.3;162.9;162.9;162.9;216.07;588.45;711.56;513.26;162.9;639
5895;28.1;151.8;151.8;151.8;151.8;510.97;778.3;678.63;270.35;583
5896;28.8;142.1;142.1;142.1;142.1;354.42;699.98;718.74;399.71;461
5897;28.3;117.7;117.7;117.7;117.7;193.83;575.17;688.53;467.51;322
5898;27.0;129.04;80.6;80.6;80.6;80.6;502.22;725.3;570.73;186
5899;23.3;34.4;34.4;34.4;34.4;34.4;34.4;34.4;34.4;64
5900;19.5;1.8;1.8;1.8;1.8;1.8;1.8;1.8;1.8;3
5901;17.7;0.0;0.0;0.0;0.0;0.0;0.0;0.0;0.0;0
5902;16.6;0.0;0.0;0.0;0.0;0.0;0.0;0.0;0.0;0
5903;16.9;0.0;0.0;0.0;0.0;0.0;0.0;0.0;0.0;0
5904;17.2;0.0;0.0;0.0;0.0;0.0;0.0;0.0;0.0;0
5905;16.6;0.0;0.0;0.0;0.0;0.0;0.0;0.0;0.0;0
5906;15.9;0.0;0.0;0.0;0.0;0.0;0.0;0.0;0.0;0
5907;15.5;0.0;0.0;0.0;0.0;0.0;0.0;0.0;0.0;0
5908;14.9;0.0;0.0;0.0;0.0;0.0;0.0;0.0;0.0;0
5909;14.8;0.0;0.0;0.0;0.0;0.0;0.0;0.0;0.0;0
5910;13.9;0.0;0.0;0.0;0.0;0.0;0.0;0.0;0.0;0
5911;14.1;12.7;15.05;16.56;15.81;13.23;12.7;12.7;12.7;22
5912;16.4;65.3;87.45;115.27;113.82;83.94;65.3;65.3;65.3;128
5913;19.6;108.0;141.83;261.22;290.85;213.37;108.0;108.0;108.0;275
5914;21.3;137.8;137.8;309.29;407.36;347.53;164.84;137.8;137.8;408
5915;23.3;154.6;154.6;278.45;475.72;484.89;300.57;154.6;154.6;531
5916;25.8;165.6;165.6;165.6;449.84;567.57;449.84;165.6;165.6;606
5917;26.2;168.9;168.9;168.9;359.82;600.89;588.9;330.88;168.9;639
5918;26.2;166.2;166.2;166.2;218.52;571.94;687.69;497.95;166.2;622
5919;25.8;160.0;160.0;160.0;160.0;474.26;705.34;616.96;260.91;550
5920;25.0;142.5;142.5;142.5;142.5;349.18;680.4;696.52;388.1;450
5921;23.6;115.5;115.5;115.5;115.5;200.07;609.48;729.53;489.89;325
5922;21.9;127.24;78.8;78.8;78.8;78.8;527.49;761.79;596.0;183
5923;20.3;32.6;32.6;32.6;32.6;32.6;32.6;32.6;32.6;61
5924;18.7;1.8;1.8;1.8;1.8;1.8;1.8;1.8;1.8;3
5925;17.5;0.0;0.0;0.0;0.0;0.0;0.0;0.0;0.0;0
5926;16.5;0.0;0.0;0.0;0.0;0.0;0.0;0.0;0.0;0
5927;16.1;0.0;0.0;0.0;0.0;0.0;0.0;0.0;0.0;0
5928;16.1;0.0;0.0;0.0;0.0;0.0;0.0;0.0;0.0;0
5929;16.4;0.0;0.0;0.0;0.0;0.0;0.0;0.0;0.0;0
5930;15.2;0.0;0.0;0.0;0.0;0.0;0.0;0.0;0.0;0
5931;13.5;0.0;0.0;0.0;0.0;0.0;0.0;0.0;0.0;0
5932;11.7;0.0;0.0;0.0;0.0;0.0;0.0;0.0;0.0;0
5933;12.0;0.0;0.0;0.0;0.0;0.0;0.0;0.0;0.0;0
5934;12.6;0.0;0.0;0.0;0.0;0.0;0.0;0.0;0.0;0
5935;12.1;14.0;18.79;21.89;20.38;15.12;14.0;14.0;14.0;25
5936;15.5;47.3;52.14;58.31;58.03;51.46;47.3;47.3;47.3;83
5937;16.6;53.2;54.38;58.63;59.71;56.97;53.2;53.2;53.2;92
5938;18.4;109.9;109.9;120.41;126.48;122.84;111.62;109.9;109.9;194
5939;18.5;94.4;94.4;97.44;102.33;102.57;98.02;94.4;94.4;164
5940;19.1;123.7;123.7;123.7;133.16;137.08;133.16;123.7;123.7;217
5941;19.5;150.7;150.7;150.7;159.31;170.1;169.53;157.93;150.7;267
5942;20.8;192.4;192.4;192.4;204.04;280.0;304.64;263.53;192.4;394
5943;21.4;172.3;172.3;172.3;172.3;218.46;251.99;238.84;186.71;328
5944;20.6;124.7;124.7;124.7;124.7;138.85;161.18;162.14;141.17;222
5945;19.9;65.4;65.4;65.4;65.4;68.77;84.53;89.08;79.77;114
5946;19.0;35.36;33.8;33.8;33.8;33.8;49.26;57.23;51.47;58
5947;18.2;6.6;6.6;6.6;6.6;6.6;6.6;6.6;6.6;11
5948;17.8;0.0;0.0;0.0;0.0;0.0;0.0;0.0;0.0;0
5949;17.6;0.0;0.0;0.0;0.0;0.0;0.0;0.0;0.0;0
5950;17.4;0.0;0.0;0.0;0.0;0.0;0.0;0.0;0.0;0
5951;15.7;0.0;0.0;0.0;0.0;0.0;0.0;0.0;0.0;0
5952;14.9;0.0;0.0;0.0;0.0;0.0;0.0;0.0;0.0;0
5953;14.6;0.0;0.0;0.0;0.0;0.0;0.0;0.0;0.0;0
5954;12.8;0.0;0.0;0.0;0.0;0.0;0.0;0.0;0.0;0
5955;14.4;0.0;0.0;0.0;0.0;0.0;0.0;0.0;0.0;0
5956;10.4;0.0;0.0;0.0;0.0;0.0;0.0;0.0;0.0;0
5957;12.4;0.0;0.0;0.0;0.0;0.0;0.0;0.0;0.0;0
5958;12.0;0.0;0.0;0.0;0.0;0.0;0.0;0.0;0.0;0
5959;13.3;6.6;6.6;6.6;6.6;6.6;6.6;6.6;6.6;11
5960;14.0;16.3;17.27;18.53;18.48;17.16;16.3;16.3;16.3;28
5961;14.8;54.4;55.57;59.89;61.0;58.24;54.4;54.4;54.4;94
5962;15.5;90.3;90.3;97.64;101.92;99.4;91.55;90.3;90.3;158
5963;15.4;89.6;89.6;92.67;97.63;97.89;93.29;89.6;89.6;156
5964;15.8;66.4;66.4;66.4;69.35;70.57;69.35;66.4;66.4;114
5965;16.1;119.3;119.3;119.3;124.37;130.69;130.34;123.52;119.3;208
5966;16.3;145.8;145.8;145.8;148.29;164.0;169.05;160.48;145.8;258
5967;16.5;143.6;143.6;143.6;143.6;162.8;176.59;171.05;149.43;256
5968;16.7;129.1;129.1;129.1;129.1;145.35;170.59;171.53;147.62;231
5969;15.9;78.9;78.9;78.9;78.9;84.22;108.35;115.23;100.83;139
5970;15.3;61.97;56.5;56.5;56.5;56.5;114.55;144.06;122.28;100
5971;14.4;30.3;30.3;30.3;30.3;30.3;30.3;30.3;30.3;58
5972;13.1;0.0;0.0;0.0;0.0;0.0;0.0;0.0;0.0;0
5973;12.7;0.0;0.0;0.0;0.0;0.0;0.0;0.0;0.0;0
5974;12.6;0.0;0.0;0.0;0.0;0.0;0.0;0.0;0.0;0
5975;13.1;0.0;0.0;0.0;0.0;0.0;0.0;0.0;0.0;0
5976;13.0;0.0;0.0;0.0;0.0;0.0;0.0;0.0;0.0;0
5977;13.1;0.0;0.0;0.0;0.0;0.0;0.0;0.0;0.0;0
5978;13.8;0.0;0.0;0.0;0.0;0.0;0.0;0.0;0.0;0
5979;13.9;0.0;0.0;0.0;0.0;0.0;0.0;0.0;0.0;0
5980;14.0;0.0;0.0;0.0;0.0;0.0;0.0;0.0;0.0;0
5981;13.8;0.0;0.0;0.0;0.0;0.0;0.0;0.0;0.0;0
5982;14.0;0.0;0.0;0.0;0.0;0.0;0.0;0.0;0.0;0
5983;13.9;3.1;5.58;7.23;6.46;3.72;3.1;3.1;3.1;6
5984;14.4;19.3;20.28;21.57;21.52;20.18;19.3;19.3;19.3;33
5985;15.1;49.6;50.75;55.15;56.29;53.52;49.6;49.6;49.6;86
5986;15.8;89.1;89.1;96.51;100.87;98.35;90.4;89.1;89.1;156
5987;14.9;68.2;68.2;69.75;72.27;72.4;70.08;68.2;68.2;117
5988;17.0;138.4;138.4;138.4;150.36;155.32;150.36;138.4;138.4;244
5989;16.2;83.9;83.9;83.9;86.25;89.15;88.98;85.83;83.9;144
5990;17.1;180.3;180.3;180.3;185.07;214.2;223.47;207.45;180.3;328
5991;16.9;128.8;128.8;128.8;128.8;144.46;155.56;150.99;133.42;228
5992;15.6;31.3;31.3;31.3;31.3;32.18;33.52;33.57;32.28;53
5993;16.7;77.6;77.6;77.6;77.6;82.59;104.49;110.65;97.44;136
5994;16.6;65.85;59.6;59.6;59.6;59.6;131.11;166.99;139.95;106
5995;16.4;21.9;21.9;21.9;21.9;21.9;21.9;21.9;21.9;39
5996;15.7;0.0;0.0;0.0;0.0;0.0;0.0;0.0;0.0;0
5997;15.7;0.0;0.0;0.0;0.0;0.0;0.0;0.0;0.0;0
5998;15.3;0.0;0.0;0.0;0.0;0.0;0.0;0.0;0.0;0
5999;14.9;0.0;0.0;0.0;0.0;0.0;0.0;0.0;0.0;0
6000;15.4;0.0;0.0;0.0;0.0;0.0;0.0;0.0;0.0;0
6001;14.5;0.0;0.0;0.0;0.0;0.0;0.0;0.0;0.0;0
6002;12.3;0.0;0.0;0.0;0.0;0.0;0.0;0.0;0.0;0
6003;13.5;0.0;0.0;0.0;0.0;0.0;0.0;0.0;0.0;0
6004;12.0;0.0;0.0;0.0;0.0;0.0;0.0;0.0;0.0;0
6005;13.8;0.0;0.0;0.0;0.0;0.0;0.0;0.0;0.0;0
6006;13.5;0.0;0.0;0.0;0.0;0.0;0.0;0.0;0.0;0
6007;14.1;4.8;4.8;4.8;4.8;4.8;4.8;4.8;4.8;8
6008;14.7;24.2;26.17;28.8;28.73;26.0;24.2;24.2;24.2;42
6009;15.1;29.5;29.79;30.9;31.2;30.5;29.5;29.5;29.5;50
6010;16.6;78.1;78.1;83.91;87.38;85.41;79.16;78.1;78.1;136
6011;17.1;101.8;101.8;105.7;112.09;112.46;106.58;101.8;101.8;178
6012;17.1;175.7;175.7;175.7;197.68;206.79;197.68;175.7;175.7;317
6013;18.8;195.9;195.9;195.9;260.39;339.75;334.84;248.54;195.9;439
6014;18.6;190.0;190.0;190.0;205.09;294.36;322.5;273.03;190.0;400
6015;19.1;174.8;174.8;174.8;174.8;284.56;361.46;329.01;206.23;383
6016;20.0;109.8;109.8;109.8;109.8;542.92;1196.01;1212.81;583.48;583
6017;19.6;113.3;113.3;113.3;113.3;183.58;482.99;565.84;383.6;278
6018;18.3;172.3;63.7;63.7;63.7;63.7;1360.0;1360.0;1360.0;222
6019;16.1;27.7;27.7;27.7;27.7;27.7;27.7;27.7;27.7;67
6020;14.3;0.0;0.0;0.0;0.0;0.0;0.0;0.0;0.0;0
6021;13.6;0.0;0.0;0.0;0.0;0.0;0.0;0.0;0.0;0
6022;11.6;0.0;0.0;0.0;0.0;0.0;0.0;0.0;0.0;0
6023;10.2;0.0;0.0;0.0;0.0;0.0;0.0;0.0;0.0;0
6024;9.5;0.0;0.0;0.0;0.0;0.0;0.0;0.0;0.0;0
6025;8.5;0.0;0.0;0.0;0.0;0.0;0.0;0.0;0.0;0
6026;8.3;0.0;0.0;0.0;0.0;0.0;0.0;0.0;0.0;0
6027;9.5;0.0;0.0;0.0;0.0;0.0;0.0;0.0;0.0;0
6028;10.4;0.0;0.0;0.0;0.0;0.0;0.0;0.0;0.0;0
6029;11.6;0.0;0.0;0.0;0.0;0.0;0.0;0.0;0.0;0
6030;12.5;0.0;0.0;0.0;0.0;0.0;0.0;0.0;0.0;0
6031;12.9;3.1;5.67;7.43;6.65;3.79;3.1;3.1;3.1;6
6032;13.6;29.0;30.99;33.66;33.61;30.85;29.0;29.0;29.0;50
6033;14.6;58.8;60.5;67.3;69.13;64.9;58.8;58.8;58.8;103
6034;16.1;89.1;89.1;96.64;101.18;98.64;90.52;89.1;89.1;156
6035;17.2;144.8;144.8;152.66;165.65;166.42;154.53;144.8;144.8;258
6036;17.6;147.1;147.1;147.1;161.7;167.75;161.7;147.1;147.1;261
6037;18.0;131.1;131.1;131.1;138.39;147.31;146.73;137.0;131.1;231
6038;18.4;148.9;148.9;148.9;151.89;169.05;174.4;164.82;148.9;264
6039;19.1;152.2;152.2;152.2;152.2;174.58;190.07;183.38;158.42;272
6040;19.1;124.7;124.7;124.7;124.7;140.46;163.88;164.34;141.59;222
6041;19.3;81.9;81.9;81.9;81.9;88.13;113.88;120.9;105.07;144
6042;17.8;64.05;57.8;57.8;57.8;57.8;142.37;183.65;151.21;103
6043;16.2;18.8;18.8;18.8;18.8;18.8;18.8;18.8;18.8;33
6044;15.4;0.0;0.0;0.0;0.0;0.0;0.0;0.0;0.0;0
6045;13.8;0.0;0.0;0.0;0.0;0.0;0.0;0.0;0.0;0
6046;12.4;0.0;0.0;0.0;0.0;0.0;0.0;0.0;0.0;0
6047;11.6;0.0;0.0;0.0;0.0;0.0;0.0;0.0;0.0;0
6048;10.9;0.0;0.0;0.0;0.0;0.0;0.0;0.0;0.0;0
6049;11.0;0.0;0.0;0.0;0.0;0.0;0.0;0.0;0.0;0
6050;10.0;0.0;0.0;0.0;0.0;0.0;0.0;0.0;0.0;0
6051;8.3;0.0;0.0;0.0;0.0;0.0;0.0;0.0;0.0;0
6052;7.3;0.0;0.0;0.0;0.0;0.0;0.0;0.0;0.0;0
6053;6.8;0.0;0.0;0.0;0.0;0.0;0.0;0.0;0.0;0
6054;6.6;0.0;0.0;0.0;0.0;0.0;0.0;0.0;0.0;0
6055;7.4;6.6;6.6;6.6;6.6;6.6;6.6;6.6;6.6;11
6056;11.7;58.1;75.1;98.33;98.0;74.3;58.1;58.1;58.1;111
6057;14.2;101.8;129.78;245.11;276.48;205.53;101.8;101.8;101.8;253
6058;17.7;130.4;130.4;309.68;418.69;358.82;165.15;130.4;130.4;394
6059;20.8;151.5;151.5;269.26;465.05;477.17;298.52;151.5;151.5;500
6060;22.0;175.5;175.5;175.5;392.95;483.03;392.95;175.5;175.5;525
6061;22.5;158.3;158.3;158.3;374.62;637.49;619.66;331.57;158.3;628
6062;22.9;172.6;172.6;172.6;225.38;519.54;610.47;444.9;172.6;556
6063;23.2;161.7;161.7;161.7;161.7;438.66;628.1;544.33;236.42;492
6064;22.7;137.3;137.3;137.3;137.3;164.93;205.37;205.94;166.3;253
6065;22.3;103.9;103.9;103.9;103.9;117.76;173.38;188.31;153.79;189
6066;20.6;50.01;46.1;46.1;46.1;46.1;104.21;132.18;109.73;81
6067;19.0;11.4;11.4;11.4;11.4;11.4;11.4;11.4;11.4;19
6068;17.6;0.0;0.0;0.0;0.0;0.0;0.0;0.0;0.0;0
6069;16.8;0.0;0.0;0.0;0.0;0.0;0.0;0.0;0.0;0
6070;16.0;0.0;0.0;0.0;0.0;0.0;0.0;0.0;0.0;0
6071;14.8;0.0;0.0;0.0;0.0;0.0;0.0;0.0;0.0;0
6072;13.5;0.0;0.0;0.0;0.0;0.0;0.0;0.0;0.0;0
6073;13.3;0.0;0.0;0.0;0.0;0.0;0.0;0.0;0.0;0
6074;14.6;0.0;0.0;0.0;0.0;0.0;0.0;0.0;0.0;0
6075;14.3;0.0;0.0;0.0;0.0;0.0;0.0;0.0;0.0;0
6076;14.9;0.0;0.0;0.0;0.0;0.0;0.0;0.0;0.0;0
6077;14.1;0.0;0.0;0.0;0.0;0.0;0.0;0.0;0.0;0
6078;13.1;0.0;0.0;0.0;0.0;0.0;0.0;0.0;0.0;0
6079;13.3;7.9;10.58;12.46;11.67;8.67;7.9;7.9;7.9;14
6080;14.4;36.4;40.43;46.01;45.97;40.32;36.4;36.4;36.4;64
6081;16.6;100.6;114.99;175.96;192.78;155.61;100.6;100.6;100.6;211
6082;16.1;118.1;118.1;132.61;141.52;136.71;121.0;118.1;118.1;211
6083;15.5;72.5;72.5;74.5;77.85;78.06;75.02;72.5;72.5;125
6084;15.5;53.7;53.7;53.7;56.07;57.05;56.07;53.7;53.7;92
6085;15.1;31.3;31.3;31.3;31.8;32.41;32.37;31.7;31.3;53
6086;14.9;50.6;50.6;50.6;50.94;52.79;53.36;52.31;50.6;86
6087;15.3;58.5;58.5;58.5;58.5;61.67;63.82;62.85;59.33;100
6088;15.7;108.2;108.2;108.2;108.2;121.91;141.68;141.84;122.29;192
6089;15.5;108.0;108.0;108.0;108.0;149.5;311.38;354.12;252.69;225
6090;15.2;105.58;67.3;67.3;67.3;67.3;699.12;999.11;753.26;153
6091;13.9;21.7;21.7;21.7;21.7;21.7;21.7;21.7;21.7;42
6092;10.7;0.0;0.0;0.0;0.0;0.0;0.0;0.0;0.0;0
6093;9.9;0.0;0.0;0.0;0.0;0.0;0.0;0.0;0.0;0
6094;7.1;0.0;0.0;0.0;0.0;0.0;0.0;0.0;0.0;0
6095;5.9;0.0;0.0;0.0;0.0;0.0;0.0;0.0;0.0;0
6096;5.9;0.0;0.0;0.0;0.0;0.0;0.0;0.0;0.0;0
6097;5.2;0.0;0.0;0.0;0.0;0.0;0.0;0.0;0.0;0
6098;4.5;0.0;0.0;0.0;0.0;0.0;0.0;0.0;0.0;0
6099;3.8;0.0;0.0;0.0;0.0;0.0;0.0;0.0;0.0;0
6100;3.9;0.0;0.0;0.0;0.0;0.0;0.0;0.0;0.0;0
6101;2.9;0.0;0.0;0.0;0.0;0.0;0.0;0.0;0.0;0
6102;2.8;0.0;0.0;0.0;0.0;0.0;0.0;0.0;0.0;0
6103;4.1;7.9;10.64;12.58;11.78;8.71;7.9;7.9;7.9;14
6104;9.4;57.5;92.98;142.9;142.8;92.73;57.5;57.5;57.5;125
6105;13.9;93.6;136.29;322.26;374.29;261.89;93.6;93.6;93.6;286
6106;16.0;120.4;120.4;346.16;486.18;411.93;166.9;120.4;120.4;419
6107;16.3;128.8;128.8;292.54;568.62;587.07;337.06;128.8;128.8;553
6108;18.1;181.8;181.8;181.8;330.88;392.63;330.88;181.8;181.8;458
6109;16.5;142.8;142.8;142.8;152.03;163.12;162.3;150.06;142.8;253
6110;17.6;182.7;182.7;182.7;196.01;266.15;287.41;247.33;182.7;367
6111;18.2;169.4;169.4;169.4;169.4;313.96;410.5;365.81;206.07;394
6112;17.4;72.0;72.0;72.0;72.0;78.04;86.62;86.64;78.08;125
6113;16.6;77.1;77.1;77.1;77.1;84.39;112.03;119.21;101.73;136
6114;16.2;86.48;64.6;64.6;64.6;64.6;469.68;659.35;500.62;131
6115;14.6;20.7;20.7;20.7;20.7;20.7;20.7;20.7;20.7;42
6116;13.6;0.0;0.0;0.0;0.0;0.0;0.0;0.0;0.0;0
6117;12.3;0.0;0.0;0.0;0.0;0.0;0.0;0.0;0.0;0
6118;11.3;0.0;0.0;0.0;0.0;0.0;0.0;0.0;0.0;0
6119;9.3;0.0;0.0;0.0;0.0;0.0;0.0;0.0;0.0;0
6120;8.0;0.0;0.0;0.0;0.0;0.0;0.0;0.0;0.0;0
6121;7.6;0.0;0.0;0.0;0.0;0.0;0.0;0.0;0.0;0
6122;7.6;0.0;0.0;0.0;0.0;0.0;0.0;0.0;0.0;0
6123;5.4;0.0;0.0;0.0;0.0;0.0;0.0;0.0;0.0;0
6124;4.2;0.0;0.0;0.0;0.0;0.0;0.0;0.0;0.0;0
6125;3.5;0.0;0.0;0.0;0.0;0.0;0.0;0.0;0.0;0
6126;2.8;0.0;0.0;0.0;0.0;0.0;0.0;0.0;0.0;0
6127;3.9;7.9;10.7;12.71;11.9;8.75;7.9;7.9;7.9;14
6128;10.7;56.3;98.16;157.93;158.16;98.72;56.3;56.3;56.3;128
6129;15.0;91.6;134.86;328.83;383.84;267.65;91.6;91.6;91.6;286
6130;17.2;117.2;117.2;353.83;502.03;424.8;167.38;117.2;117.2;422
6131;18.6;134.3;134.3;285.22;541.47;559.2;328.04;134.3;134.3;533
6132;19.2;142.1;142.1;142.1;507.09;658.27;507.09;142.1;142.1;611
6133;20.7;142.2;142.2;142.2;399.12;705.68;682.17;342.34;142.2;647
6134;21.1;134.4;134.4;134.4;226.28;697.58;838.98;567.64;134.4;639
6135;20.6;125.5;125.5;125.5;125.5;608.53;927.32;776.41;244.21;575
6136;21.1;114.6;114.6;114.6;114.6;449.86;919.53;917.69;445.4;461
6137;20.8;94.4;94.4;94.4;94.4;259.99;871.02;1027.12;636.85;319
6138;19.3;63.4;63.4;63.4;63.4;63.4;63.4;63.4;63.4;164
6139;16.1;18.6;18.6;18.6;18.6;18.6;18.6;18.6;18.6;36
6140;12.7;0.0;0.0;0.0;0.0;0.0;0.0;0.0;0.0;0
6141;12.7;0.0;0.0;0.0;0.0;0.0;0.0;0.0;0.0;0
6142;9.1;0.0;0.0;0.0;0.0;0.0;0.0;0.0;0.0;0
6143;7.7;0.0;0.0;0.0;0.0;0.0;0.0;0.0;0.0;0
6144;6.7;0.0;0.0;0.0;0.0;0.0;0.0;0.0;0.0;0
6145;6.5;0.0;0.0;0.0;0.0;0.0;0.0;0.0;0.0;0
6146;6.2;0.0;0.0;0.0;0.0;0.0;0.0;0.0;0.0;0
6147;6.4;0.0;0.0;0.0;0.0;0.0;0.0;0.0;0.0;0
6148;4.8;0.0;0.0;0.0;0.0;0.0;0.0;0.0;0.0;0
6149;5.0;0.0;0.0;0.0;0.0;0.0;0.0;0.0;0.0;0
6150;5.8;0.0;0.0;0.0;0.0;0.0;0.0;0.0;0.0;0
6151;6.6;7.9;10.76;12.84;12.03;8.8;7.9;7.9;7.9;14
6152;10.1;55.2;92.23;145.87;146.39;93.5;55.2;55.2;55.2;122
6153;13.3;93.7;129.22;293.21;340.33;242.97;93.7;93.7;93.7;267
6154;17.2;122.2;122.2;325.99;454.87;388.87;166.66;122.2;122.2;397
6155;20.6;132.6;132.6;285.25;546.24;564.93;330.36;132.6;132.6;531
6156;21.1;151.1;151.1;151.1;476.76;611.65;476.76;151.1;151.1;581
6157;22.3;165.3;165.3;165.3;358.28;587.17;568.94;314.26;165.3;578
6158;23.4;168.8;168.8;168.8;226.68;515.93;601.84;434.08;168.8;533
6159;23.2;150.7;150.7;150.7;150.7;481.8;697.73;593.23;229.49;497
6160;23.7;133.8;133.8;133.8;133.8;338.07;620.16;617.35;331.28;383
6161;23.2;103.7;103.7;103.7;103.7;183.78;471.45;543.7;358.2;247
6162;22.0;58.1;58.1;58.1;58.1;58.1;58.1;58.1;58.1;106
6163;18.1;6.6;6.6;6.6;6.6;6.6;6.6;6.6;6.6;11
6164;17.0;0.0;0.0;0.0;0.0;0.0;0.0;0.0;0.0;0
6165;16.9;0.0;0.0;0.0;0.0;0.0;0.0;0.0;0.0;0
6166;15.7;0.0;0.0;0.0;0.0;0.0;0.0;0.0;0.0;0
6167;16.7;0.0;0.0;0.0;0.0;0.0;0.0;0.0;0.0;0
6168;17.4;0.0;0.0;0.0;0.0;0.0;0.0;0.0;0.0;0
6169;17.1;0.0;0.0;0.0;0.0;0.0;0.0;0.0;0.0;0
6170;16.3;0.0;0.0;0.0;0.0;0.0;0.0;0.0;0.0;0
6171;16.1;0.0;0.0;0.0;0.0;0.0;0.0;0.0;0.0;0
6172;16.3;0.0;0.0;0.0;0.0;0.0;0.0;0.0;0.0;0
6173;16.6;0.0;0.0;0.0;0.0;0.0;0.0;0.0;0.0;0
6174;16.1;0.0;0.0;0.0;0.0;0.0;0.0;0.0;0.0;0
6175;16.5;1.8;1.8;1.8;1.8;1.8;1.8;1.8;1.8;3
6176;16.6;16.3;17.34;18.86;18.88;17.39;16.3;16.3;16.3;28
6177;17.5;41.7;42.49;46.25;47.35;45.13;41.7;41.7;41.7;72
6178;18.0;65.9;65.9;70.34;73.17;71.74;66.89;65.9;65.9;114
6179;18.2;53.7;53.7;54.94;57.08;57.24;55.32;53.7;53.7;92
6180;19.5;115.8;115.8;115.8;125.83;129.99;125.83;115.8;115.8;203
6181;19.0;63.3;63.3;63.3;64.92;66.84;66.68;64.54;63.3;108
6182;18.5;36.1;36.1;36.1;36.3;37.27;37.55;36.99;36.1;61
6183;19.1;70.7;70.7;70.7;70.7;76.42;80.11;78.29;72.02;122
6184;19.2;34.3;34.3;34.3;34.3;35.39;36.88;36.86;35.34;58
6185;17.6;18.1;18.1;18.1;18.1;19.05;22.37;23.19;21.03;31
6186;16.9;8.4;8.4;8.4;8.4;8.4;8.4;8.4;8.4;14
6187;16.4;1.8;1.8;1.8;1.8;1.8;1.8;1.8;1.8;3
6188;16.2;0.0;0.0;0.0;0.0;0.0;0.0;0.0;0.0;0
6189;15.8;0.0;0.0;0.0;0.0;0.0;0.0;0.0;0.0;0
6190;13.8;0.0;0.0;0.0;0.0;0.0;0.0;0.0;0.0;0
6191;12.8;0.0;0.0;0.0;0.0;0.0;0.0;0.0;0.0;0
6192;10.6;0.0;0.0;0.0;0.0;0.0;0.0;0.0;0.0;0
6193;9.3;0.0;0.0;0.0;0.0;0.0;0.0;0.0;0.0;0
6194;9.3;0.0;0.0;0.0;0.0;0.0;0.0;0.0;0.0;0
6195;8.5;0.0;0.0;0.0;0.0;0.0;0.0;0.0;0.0;0
6196;8.4;0.0;0.0;0.0;0.0;0.0;0.0;0.0;0.0;0
6197;8.2;0.0;0.0;0.0;0.0;0.0;0.0;0.0;0.0;0
6198;7.8;0.0;0.0;0.0;0.0;0.0;0.0;0.0;0.0;0
6199;8.3;1.8;1.8;1.8;1.8;1.8;1.8;1.8;1.8;3
6200;10.4;49.7;61.19;78.32;78.69;62.08;49.7;49.7;49.7;92
6201;12.0;94.5;107.77;172.84;192.02;154.08;94.5;94.5;94.5;200
6202;13.4;127.4;127.4;161.44;183.39;172.53;135.24;127.4;127.4;244
6203;13.9;81.7;81.7;84.62;89.69;90.08;85.56;81.7;81.7;142
6204;15.0;82.2;82.2;82.2;87.29;89.4;87.29;82.2;82.2;142
6205;16.4;88.3;88.3;88.3;92.16;96.68;96.29;91.22;88.3;153
6206;17.3;99.2;99.2;99.2;100.85;108.7;110.99;106.37;99.2;172
6207;17.9;83.4;83.4;83.4;83.4;90.41;94.87;92.62;84.96;144
6208;15.7;15.0;15.0;15.0;15.0;15.0;15.0;15.0;15.0;25
6209;15.8;11.4;11.4;11.4;11.4;11.4;11.4;11.4;11.4;19
6210;15.9;13.2;13.2;13.2;13.2;13.2;13.2;13.2;13.2;22
6211;16.0;1.8;1.8;1.8;1.8;1.8;1.8;1.8;1.8;3
6212;16.5;0.0;0.0;0.0;0.0;0.0;0.0;0.0;0.0;0
6213;16.8;0.0;0.0;0.0;0.0;0.0;0.0;0.0;0.0;0
6214;17.9;0.0;0.0;0.0;0.0;0.0;0.0;0.0;0.0;0
6215;18.2;0.0;0.0;0.0;0.0;0.0;0.0;0.0;0.0;0
6216;18.3;0.0;0.0;0.0;0.0;0.0;0.0;0.0;0.0;0
6217;18.1;0.0;0.0;0.0;0.0;0.0;0.0;0.0;0.0;0
6218;18.3;0.0;0.0;0.0;0.0;0.0;0.0;0.0;0.0;0
6219;17.3;0.0;0.0;0.0;0.0;0.0;0.0;0.0;0.0;0
6220;16.1;0.0;0.0;0.0;0.0;0.0;0.0;0.0;0.0;0
6221;15.1;0.0;0.0;0.0;0.0;0.0;0.0;0.0;0.0;0
6222;15.3;0.0;0.0;0.0;0.0;0.0;0.0;0.0;0.0;0
6223;14.8;3.1;6.17;8.5;7.67;4.16;3.1;3.1;3.1;6
6224;15.6;40.7;45.96;53.93;54.15;46.49;40.7;40.7;40.7;72
6225;16.8;93.8;115.87;227.52;260.84;196.3;93.8;93.8;93.8;228
6226;17.2;130.6;130.6;199.37;244.12;222.37;146.87;130.6;130.6;281
6227;17.3;157.8;157.8;190.67;248.04;252.55;201.55;157.8;157.8;328
6228;17.6;176.8;176.8;176.8;262.85;298.49;262.85;176.8;176.8;378
6229;17.3;183.8;183.8;183.8;269.06;368.44;359.66;247.86;183.8;433
6230;17.9;176.9;176.9;176.9;194.66;277.12;300.87;252.0;176.9;364
6231;18.2;133.0;133.0;133.0;133.0;566.85;839.99;698.98;226.43;525
6232;17.5;134.1;134.1;134.1;134.1;220.92;335.83;332.58;213.05;286
6233;18.0;93.7;93.7;93.7;93.7;113.76;180.48;196.36;152.11;172
6234;17.2;57.3;57.3;57.3;57.3;57.3;57.3;57.3;57.3;128
6235;16.2;10.9;10.9;10.9;10.9;10.9;10.9;10.9;10.9;19
6236;15.8;0.0;0.0;0.0;0.0;0.0;0.0;0.0;0.0;0
6237;15.3;0.0;0.0;0.0;0.0;0.0;0.0;0.0;0.0;0
6238;15.1;0.0;0.0;0.0;0.0;0.0;0.0;0.0;0.0;0
6239;15.3;0.0;0.0;0.0;0.0;0.0;0.0;0.0;0.0;0
6240;14.7;0.0;0.0;0.0;0.0;0.0;0.0;0.0;0.0;0
6241;13.8;0.0;0.0;0.0;0.0;0.0;0.0;0.0;0.0;0
6242;14.1;0.0;0.0;0.0;0.0;0.0;0.0;0.0;0.0;0
6243;13.2;0.0;0.0;0.0;0.0;0.0;0.0;0.0;0.0;0
6244;14.4;0.0;0.0;0.0;0.0;0.0;0.0;0.0;0.0;0
6245;14.3;0.0;0.0;0.0;0.0;0.0;0.0;0.0;0.0;0
6246;14.2;0.0;0.0;0.0;0.0;0.0;0.0;0.0;0.0;0
6247;14.4;1.8;1.8;1.8;1.8;1.8;1.8;1.8;1.8;3
6248;14.1;16.3;17.36;18.99;19.05;17.49;16.3;16.3;16.3;28
6249;14.6;41.7;42.46;46.42;47.62;45.35;41.7;41.7;41.7;72
6250;15.1;83.7;83.7;91.93;97.33;94.75;85.7;83.7;83.7;147
6251;15.5;96.9;96.9;100.73;107.45;108.0;102.04;96.9;96.9;169
6252;15.7;91.3;91.3;91.3;97.41;99.94;97.41;91.3;91.3;158
6253;16.2;111.4;111.4;111.4;117.11;123.73;123.13;115.65;111.4;194
6254;18.1;165.2;165.2;165.2;170.97;197.12;204.57;188.96;165.2;297
6255;19.1;160.3;160.3;160.3;160.3;285.58;363.53;322.43;186.36;353
6256;19.3;123.6;123.6;123.6;123.6;380.86;716.67;705.06;352.85;386
6257;18.8;88.3;88.3;88.3;88.3;102.79;149.81;160.79;129.31;158
6258;17.9;24.2;24.2;24.2;24.2;24.2;24.2;24.2;24.2;42
6259;15.7;1.8;1.8;1.8;1.8;1.8;1.8;1.8;1.8;3
6260;16.1;0.0;0.0;0.0;0.0;0.0;0.0;0.0;0.0;0
6261;16.5;0.0;0.0;0.0;0.0;0.0;0.0;0.0;0.0;0
6262;16.4;0.0;0.0;0.0;0.0;0.0;0.0;0.0;0.0;0
6263;16.0;0.0;0.0;0.0;0.0;0.0;0.0;0.0;0.0;0
6264;15.6;0.0;0.0;0.0;0.0;0.0;0.0;0.0;0.0;0
6265;14.7;0.0;0.0;0.0;0.0;0.0;0.0;0.0;0.0;0
6266;13.9;0.0;0.0;0.0;0.0;0.0;0.0;0.0;0.0;0
6267;13.3;0.0;0.0;0.0;0.0;0.0;0.0;0.0;0.0;0
6268;13.4;0.0;0.0;0.0;0.0;0.0;0.0;0.0;0.0;0
6269;12.5;0.0;0.0;0.0;0.0;0.0;0.0;0.0;0.0;0
6270;10.5;0.0;0.0;0.0;0.0;0.0;0.0;0.0;0.0;0
6271;9.9;3.1;6.34;8.86;8.01;4.28;3.1;3.1;3.1;6
6272;11.0;33.3;36.51;41.52;41.71;36.98;33.3;33.3;33.3;58
6273;15.2;88.0;118.91;285.63;336.58;241.92;88.0;88.0;88.0;250
6274;17.1;114.4;114.4;334.16;479.86;411.48;169.08;114.4;114.4;389
6275;16.7;156.8;156.8;204.01;287.53;294.46;220.76;156.8;156.8;353
6276;18.1;175.0;175.0;175.0;290.13;337.82;290.13;175.0;175.0;400
6277;17.5;180.0;180.0;180.0;232.33;292.63;286.96;218.63;180.0;375
6278;17.5;134.9;134.9;134.9;138.81;156.12;161.0;150.6;134.9;239
6279;18.0;158.7;158.7;158.7;158.7;318.82;417.3;364.3;190.86;372
6280;17.3;129.8;129.8;129.8;129.8;301.39;522.3;513.29;279.64;333
6281;16.5;90.9;90.9;90.9;90.9;115.63;193.93;211.88;158.96;169
6282;15.6;48.1;48.1;48.1;48.1;48.1;48.1;48.1;48.1;86
6283;13.8;12.7;12.7;12.7;12.7;12.7;12.7;12.7;12.7;22
6284;12.1;0.0;0.0;0.0;0.0;0.0;0.0;0.0;0.0;0
6285;11.0;0.0;0.0;0.0;0.0;0.0;0.0;0.0;0.0;0
6286;9.1;0.0;0.0;0.0;0.0;0.0;0.0;0.0;0.0;0
6287;8.2;0.0;0.0;0.0;0.0;0.0;0.0;0.0;0.0;0
6288;7.0;0.0;0.0;0.0;0.0;0.0;0.0;0.0;0.0;0
6289;6.8;0.0;0.0;0.0;0.0;0.0;0.0;0.0;0.0;0
6290;6.7;0.0;0.0;0.0;0.0;0.0;0.0;0.0;0.0;0
6291;6.6;0.0;0.0;0.0;0.0;0.0;0.0;0.0;0.0;0
6292;5.8;0.0;0.0;0.0;0.0;0.0;0.0;0.0;0.0;0
6293;5.9;0.0;0.0;0.0;0.0;0.0;0.0;0.0;0.0;0
6294;5.5;0.0;0.0;0.0;0.0;0.0;0.0;0.0;0.0;0
6295;5.5;4.8;4.8;4.8;4.8;4.8;4.8;4.8;4.8;8
6296;9.1;45.3;55.02;70.39;71.07;56.65;45.3;45.3;45.3;83
6297;10.2;29.5;29.75;31.11;31.54;30.77;29.5;29.5;29.5;50
6298;11.7;54.9;54.9;57.7;59.57;58.71;55.61;54.9;54.9;94
6299;13.5;76.8;76.8;79.4;84.03;84.42;80.35;76.8;76.8;133
6300;14.6;109.7;109.7;109.7;119.58;123.68;119.58;109.7;109.7;192
6301;15.5;121.9;121.9;121.9;129.6;138.41;137.56;127.53;121.9;214
6302;17.3;153.1;153.1;153.1;233.25;580.84;677.87;467.49;153.1;536
6303;17.1;154.1;154.1;154.1;154.1;228.85;274.29;249.32;168.58;306
6304;17.9;117.6;117.6;117.6;117.6;140.31;169.14;167.79;137.03;211
6305;17.8;91.0;91.0;91.0;91.0;125.85;233.61;257.83;184.32;175
6306;16.2;51.9;51.9;51.9;51.9;51.9;51.9;51.9;51.9;114
6307;12.5;7.9;7.9;7.9;7.9;7.9;7.9;7.9;7.9;14
6308;10.3;0.0;0.0;0.0;0.0;0.0;0.0;0.0;0.0;0
6309;9.0;0.0;0.0;0.0;0.0;0.0;0.0;0.0;0.0;0
6310;8.2;0.0;0.0;0.0;0.0;0.0;0.0;0.0;0.0;0
6311;7.6;0.0;0.0;0.0;0.0;0.0;0.0;0.0;0.0;0
6312;7.2;0.0;0.0;0.0;0.0;0.0;0.0;0.0;0.0;0
6313;6.6;0.0;0.0;0.0;0.0;0.0;0.0;0.0;0.0;0
6314;6.2;0.0;0.0;0.0;0.0;0.0;0.0;0.0;0.0;0
6315;6.2;0.0;0.0;0.0;0.0;0.0;0.0;0.0;0.0;0
6316;7.3;0.0;0.0;0.0;0.0;0.0;0.0;0.0;0.0;0
6317;7.4;0.0;0.0;0.0;0.0;0.0;0.0;0.0;0.0;0
6318;7.3;0.0;0.0;0.0;0.0;0.0;0.0;0.0;0.0;0
6319;6.8;3.6;3.6;3.6;3.6;3.6;3.6;3.6;3.6;6
6320;9.6;45.1;59.26;82.01;83.13;61.98;45.1;45.1;45.1;86
6321;12.4;88.0;110.7;241.66;282.61;209.56;88.0;88.0;88.0;225
6322;15.1;116.9;116.9;308.26;437.49;378.92;166.86;116.9;116.9;364
6323;16.4;133.8;133.8;267.6;507.45;528.42;318.23;133.8;133.8;478
6324;18.3;144.0;144.0;144.0;483.14;623.61;483.14;144.0;144.0;550
6325;19.8;149.9;149.9;149.9;380.73;643.82;617.57;317.37;149.9;569
6326;20.6;154.7;154.7;154.7;232.72;563.86;655.33;453.53;154.7;522
6327;21.4;145.2;145.2;145.2;145.2;463.32;654.5;547.33;204.61;447
6328;21.8;121.8;121.8;121.8;121.8;363.36;665.99;649.84;324.37;358
6329;21.2;92.2;92.2;92.2;92.2;192.25;494.49;561.07;352.99;217
6330;19.8;49.2;49.2;49.2;49.2;49.2;49.2;49.2;49.2;97
6331;15.3;6.6;6.6;6.6;6.6;6.6;6.6;6.6;6.6;11
6332;13.0;0.0;0.0;0.0;0.0;0.0;0.0;0.0;0.0;0
6333;12.2;0.0;0.0;0.0;0.0;0.0;0.0;0.0;0.0;0
6334;12.6;0.0;0.0;0.0;0.0;0.0;0.0;0.0;0.0;0
6335;14.7;0.0;0.0;0.0;0.0;0.0;0.0;0.0;0.0;0
6336;15.7;0.0;0.0;0.0;0.0;0.0;0.0;0.0;0.0;0
6337;15.7;0.0;0.0;0.0;0.0;0.0;0.0;0.0;0.0;0
6338;15.5;0.0;0.0;0.0;0.0;0.0;0.0;0.0;0.0;0
6339;17.2;0.0;0.0;0.0;0.0;0.0;0.0;0.0;0.0;0
6340;17.9;0.0;0.0;0.0;0.0;0.0;0.0;0.0;0.0;0
6341;18.0;0.0;0.0;0.0;0.0;0.0;0.0;0.0;0.0;0
6342;17.6;0.0;0.0;0.0;0.0;0.0;0.0;0.0;0.0;0
6343;17.9;1.8;1.8;1.8;1.8;1.8;1.8;1.8;1.8;3
6344;17.3;28.5;31.8;37.17;37.47;32.51;28.5;28.5;28.5;50
6345;17.6;49.6;50.55;56.22;58.02;54.88;49.6;49.6;49.6;86
6346;17.8;36.1;36.1;37.05;37.7;37.41;36.35;36.1;36.1;61
6347;14.5;21.6;21.6;21.6;21.6;21.6;21.6;21.6;21.6;36
6348;14.4;86.5;86.5;86.5;92.98;95.66;92.98;86.5;86.5;150
6349;14.4;79.1;79.1;79.1;82.17;85.65;85.29;81.31;79.1;136
6350;15.4;125.7;125.7;125.7;129.52;145.39;149.73;139.99;125.7;222
6351;16.8;153.3;153.3;153.3;153.3;355.28;475.27;406.66;189.63;383
6352;17.1;125.7;125.7;125.7;125.7;298.21;511.44;498.71;267.48;317
6353;16.2;89.6;89.6;89.6;89.6;226.17;629.4;716.42;436.26;231
6354;15.2;46.1;46.1;46.1;46.1;46.1;46.1;46.1;46.1;86
6355;13.9;6.6;6.6;6.6;6.6;6.6;6.6;6.6;6.6;11
6356;13.2;0.0;0.0;0.0;0.0;0.0;0.0;0.0;0.0;0
6357;13.4;0.0;0.0;0.0;0.0;0.0;0.0;0.0;0.0;0
6358;12.9;0.0;0.0;0.0;0.0;0.0;0.0;0.0;0.0;0
6359;13.1;0.0;0.0;0.0;0.0;0.0;0.0;0.0;0.0;0
6360;13.0;0.0;0.0;0.0;0.0;0.0;0.0;0.0;0.0;0
6361;13.9;0.0;0.0;0.0;0.0;0.0;0.0;0.0;0.0;0
6362;13.9;0.0;0.0;0.0;0.0;0.0;0.0;0.0;0.0;0
6363;12.9;0.0;0.0;0.0;0.0;0.0;0.0;0.0;0.0;0
6364;12.7;0.0;0.0;0.0;0.0;0.0;0.0;0.0;0.0;0
6365;12.7;0.0;0.0;0.0;0.0;0.0;0.0;0.0;0.0;0
6366;12.5;0.0;0.0;0.0;0.0;0.0;0.0;0.0;0.0;0
6367;13.1;4.8;4.8;4.8;4.8;4.8;4.8;4.8;4.8;8
6368;13.3;28.5;31.83;37.34;37.67;32.63;28.5;28.5;28.5;50
6369;14.3;47.8;48.73;54.51;56.36;53.19;47.8;47.8;47.8;83
6370;14.8;56.2;56.2;60.05;62.7;61.54;57.25;56.2;56.2;97
6371;15.9;72.5;72.5;74.73;78.77;79.15;75.62;72.5;72.5;125
6372;15.9;120.1;120.1;120.1;611.02;814.37;611.02;120.1;120.1;636
6373;16.5;174.1;174.1;174.1;227.21;287.08;280.77;211.98;174.1;361
6374;16.3;166.8;166.8;166.8;184.17;254.91;274.04;230.35;166.8;333
6375;16.0;72.5;72.5;72.5;72.5;79.24;83.2;80.89;73.67;125
6376;13.7;39.2;39.2;39.2;39.2;41.95;45.31;45.09;41.42;67
6377;13.5;24.7;24.7;24.7;24.7;26.18;30.44;31.34;28.35;42
6378;13.8;8.4;8.4;8.4;8.4;8.4;8.4;8.4;8.4;14
6379;13.9;1.8;1.8;1.8;1.8;1.8;1.8;1.8;1.8;3
6380;13.9;0.0;0.0;0.0;0.0;0.0;0.0;0.0;0.0;0
6381;14.1;0.0;0.0;0.0;0.0;0.0;0.0;0.0;0.0;0
6382;15.0;0.0;0.0;0.0;0.0;0.0;0.0;0.0;0.0;0
6383;16.1;0.0;0.0;0.0;0.0;0.0;0.0;0.0;0.0;0
6384;16.9;0.0;0.0;0.0;0.0;0.0;0.0;0.0;0.0;0
6385;17.1;0.0;0.0;0.0;0.0;0.0;0.0;0.0;0.0;0
6386;17.1;0.0;0.0;0.0;0.0;0.0;0.0;0.0;0.0;0
6387;17.3;0.0;0.0;0.0;0.0;0.0;0.0;0.0;0.0;0
6388;17.1;0.0;0.0;0.0;0.0;0.0;0.0;0.0;0.0;0
6389;17.0;0.0;0.0;0.0;0.0;0.0;0.0;0.0;0.0;0
6390;17.2;0.0;0.0;0.0;0.0;0.0;0.0;0.0;0.0;0
6391;17.5;0.0;0.0;0.0;0.0;0.0;0.0;0.0;0.0;0
6392;17.8;17.6;19.84;23.61;23.85;20.44;17.6;17.6;17.6;31
6393;18.4;61.3;62.9;73.2;76.53;70.93;61.3;61.3;61.3;108
6394;19.2;120.3;120.3;245.85;332.94;295.47;155.39;120.3;120.3;308
6395;19.5;143.2;143.2;239.48;415.5;432.0;279.33;143.2;143.2;417
6396;19.3;119.6;119.6;119.6;132.94;138.46;132.94;119.6;119.6;211
6397;19.5;134.9;134.9;134.9;145.71;157.84;156.53;142.55;134.9;239
6398;20.0;121.4;121.4;121.4;125.21;140.41;144.48;135.03;121.4;214
6399;19.7;64.6;64.6;64.6;64.6;70.1;73.3;71.4;65.52;111
6400;19.4;64.1;64.1;64.1;64.1;71.19;79.73;79.11;69.7;111
6401;18.5;24.7;24.7;24.7;24.7;26.27;30.69;31.6;28.47;42
6402;18.4;4.8;4.8;4.8;4.8;4.8;4.8;4.8;4.8;8
6403;18.5;0.0;0.0;0.0;0.0;0.0;0.0;0.0;0.0;0
6404;18.4;0.0;0.0;0.0;0.0;0.0;0.0;0.0;0.0;0
6405;18.5;0.0;0.0;0.0;0.0;0.0;0.0;0.0;0.0;0
6406;18.3;0.0;0.0;0.0;0.0;0.0;0.0;0.0;0.0;0
6407;17.9;0.0;0.0;0.0;0.0;0.0;0.0;0.0;0.0;0
6408;15.4;0.0;0.0;0.0;0.0;0.0;0.0;0.0;0.0;0
6409;14.7;0.0;0.0;0.0;0.0;0.0;0.0;0.0;0.0;0
6410;14.9;0.0;0.0;0.0;0.0;0.0;0.0;0.0;0.0;0
6411;14.9;0.0;0.0;0.0;0.0;0.0;0.0;0.0;0.0;0
6412;14.8;0.0;0.0;0.0;0.0;0.0;0.0;0.0;0.0;0
6413;14.8;0.0;0.0;0.0;0.0;0.0;0.0;0.0;0.0;0
6414;14.8;0.0;0.0;0.0;0.0;0.0;0.0;0.0;0.0;0
6415;14.9;1.8;1.8;1.8;1.8;1.8;1.8;1.8;1.8;3
6416;15.0;1.8;1.8;1.8;1.8;1.8;1.8;1.8;1.8;3
6417;14.9;6.6;6.6;6.6;6.6;6.6;6.6;6.6;6.6;11
6418;14.1;50.1;50.1;53.05;55.12;54.24;50.94;50.1;50.1;86
6419;15.1;93.4;93.4;97.94;106.3;107.1;99.88;93.4;93.4;164
6420;15.5;67.7;67.7;67.7;72.53;74.54;72.53;67.7;67.7;117
6421;15.5;37.9;37.9;37.9;38.55;39.27;39.19;38.35;37.9;64
6422;16.0;83.4;83.4;83.4;85.09;91.69;93.43;89.3;83.4;144
6423;15.6;36.1;36.1;36.1;36.1;37.51;38.31;37.82;36.32;61
6424;15.3;19.8;19.8;19.8;19.8;19.8;19.8;19.8;19.8;33
6425;15.0;9.7;9.7;9.7;9.7;11.36;15.96;16.89;13.61;17
6426;14.9;4.8;4.8;4.8;4.8;4.8;4.8;4.8;4.8;8
6427;14.7;0.0;0.0;0.0;0.0;0.0;0.0;0.0;0.0;0
6428;14.4;0.0;0.0;0.0;0.0;0.0;0.0;0.0;0.0;0
6429;14.0;0.0;0.0;0.0;0.0;0.0;0.0;0.0;0.0;0
6430;14.1;0.0;0.0;0.0;0.0;0.0;0.0;0.0;0.0;0
6431;14.2;0.0;0.0;0.0;0.0;0.0;0.0;0.0;0.0;0
6432;14.0;0.0;0.0;0.0;0.0;0.0;0.0;0.0;0.0;0
6433;14.1;0.0;0.0;0.0;0.0;0.0;0.0;0.0;0.0;0
6434;14.0;0.0;0.0;0.0;0.0;0.0;0.0;0.0;0.0;0
6435;13.9;0.0;0.0;0.0;0.0;0.0;0.0;0.0;0.0;0
6436;13.9;0.0;0.0;0.0;0.0;0.0;0.0;0.0;0.0;0
6437;13.9;0.0;0.0;0.0;0.0;0.0;0.0;0.0;0.0;0
6438;13.9;0.0;0.0;0.0;0.0;0.0;0.0;0.0;0.0;0
6439;13.9;0.0;0.0;0.0;0.0;0.0;0.0;0.0;0.0;0
6440;14.2;8.4;8.4;8.4;8.4;8.4;8.4;8.4;8.4;14
6441;14.1;18.1;18.32;19.85;20.35;19.54;18.1;18.1;18.1;31
6442;14.6;44.0;44.0;45.99;47.39;46.81;44.58;44.0;44.0;75
6443;15.1;54.9;54.9;56.28;58.82;59.07;56.88;54.9;54.9;94
6444;15.3;59.8;59.8;59.8;63.72;65.35;63.72;59.8;59.8;103
6445;14.9;26.4;26.4;26.4;26.4;26.4;26.4;26.4;26.4;44
6446;14.5;42.7;42.7;42.7;42.99;44.11;44.4;43.69;42.7;72
6447;14.9;58.0;58.0;58.0;58.0;63.74;67.0;64.99;58.88;100
6448;15.0;44.0;44.0;44.0;44.0;47.01;50.55;50.25;46.29;75
6449;16.3;61.3;61.3;61.3;61.3;73.68;107.16;113.78;89.66;108
6450;14.5;31.6;31.6;31.6;31.6;31.6;31.6;31.6;31.6;56
6451;13.8;1.8;1.8;1.8;1.8;1.8;1.8;1.8;1.8;3
6452;13.7;0.0;0.0;0.0;0.0;0.0;0.0;0.0;0.0;0
6453;13.5;0.0;0.0;0.0;0.0;0.0;0.0;0.0;0.0;0
6454;13.0;0.0;0.0;0.0;0.0;0.0;0.0;0.0;0.0;0
6455;12.9;0.0;0.0;0.0;0.0;0.0;0.0;0.0;0.0;0
6456;12.9;0.0;0.0;0.0;0.0;0.0;0.0;0.0;0.0;0
6457;12.4;0.0;0.0;0.0;0.0;0.0;0.0;0.0;0.0;0
6458;11.6;0.0;0.0;0.0;0.0;0.0;0.0;0.0;0.0;0
6459;12.1;0.0;0.0;0.0;0.0;0.0;0.0;0.0;0.0;0
6460;12.1;0.0;0.0;0.0;0.0;0.0;0.0;0.0;0.0;0
6461;11.6;0.0;0.0;0.0;0.0;0.0;0.0;0.0;0.0;0
6462;11.4;0.0;0.0;0.0;0.0;0.0;0.0;0.0;0.0;0
6463;11.2;0.0;0.0;0.0;0.0;0.0;0.0;0.0;0.0;0
6464;11.8;19.3;20.45;22.49;22.65;20.85;19.3;19.3;19.3;33
6465;12.2;36.9;37.55;42.21;43.77;41.3;36.9;36.9;36.9;64
6466;12.6;74.6;74.6;82.65;88.38;86.03;77.0;74.6;74.6;131
6467;12.9;86.0;86.0;89.71;96.61;97.3;91.37;86.0;86.0;150
6468;10.8;18.1;18.1;18.1;19.1;19.51;19.1;18.1;18.1;31
6469;11.5;53.7;53.7;53.7;55.71;57.94;57.68;55.09;53.7;92
6470;11.9;69.4;69.4;69.4;70.6;75.12;76.29;73.42;69.4;119
6471;12.0;36.1;36.1;36.1;36.1;37.57;38.39;37.87;36.32;61
6472;11.7;29.5;29.5;29.5;29.5;31.05;32.85;32.69;30.65;50
6473;11.5;27.7;27.7;27.7;27.7;29.58;34.57;35.53;31.91;47
6474;11.2;13.2;13.2;13.2;13.2;13.2;13.2;13.2;13.2;22
6475;10.9;1.8;1.8;1.8;1.8;1.8;1.8;1.8;1.8;3
6476;10.7;0.0;0.0;0.0;0.0;0.0;0.0;0.0;0.0;0
6477;10.6;0.0;0.0;0.0;0.0;0.0;0.0;0.0;0.0;0
6478;10.6;0.0;0.0;0.0;0.0;0.0;0.0;0.0;0.0;0
6479;10.9;0.0;0.0;0.0;0.0;0.0;0.0;0.0;0.0;0
6480;10.5;0.0;0.0;0.0;0.0;0.0;0.0;0.0;0.0;0
6481;10.5;0.0;0.0;0.0;0.0;0.0;0.0;0.0;0.0;0
6482;10.1;0.0;0.0;0.0;0.0;0.0;0.0;0.0;0.0;0
6483;10.0;0.0;0.0;0.0;0.0;0.0;0.0;0.0;0.0;0
6484;9.1;0.0;0.0;0.0;0.0;0.0;0.0;0.0;0.0;0
6485;8.7;0.0;0.0;0.0;0.0;0.0;0.0;0.0;0.0;0
6486;8.2;0.0;0.0;0.0;0.0;0.0;0.0;0.0;0.0;0
6487;7.5;1.8;1.8;1.8;1.8;1.8;1.8;1.8;1.8;3
6488;8.2;35.4;42.4;54.91;55.99;45.01;35.4;35.4;35.4;64
6489;9.9;79.1;97.87;238.92;286.35;212.38;79.1;79.1;79.1;206
6490;11.9;107.2;107.2;306.54;449.7;392.22;167.79;107.2;107.2;342
6491;13.3;128.9;128.9;254.77;490.83;514.87;312.82;128.9;128.9;439
6492;14.1;162.4;162.4;162.4;281.65;331.04;281.65;162.4;162.4;369
6493;14.8;150.3;150.3;150.3;361.56;593.66;566.04;294.89;150.3;508
6494;15.2;149.7;149.7;149.7;232.23;537.97;616.27;421.25;149.7;472
6495;14.1;78.1;78.1;78.1;78.1;88.58;94.4;90.67;79.58;136
6496;14.2;45.3;45.3;45.3;45.3;50.11;55.6;55.06;48.8;78
6497;14.2;76.9;76.9;76.9;76.9;115.04;214.05;232.72;160.11;144
6498;13.9;19.3;19.3;19.3;19.3;19.3;19.3;19.3;19.3;33
6499;13.9;0.0;0.0;0.0;0.0;0.0;0.0;0.0;0.0;0
6500;12.5;0.0;0.0;0.0;0.0;0.0;0.0;0.0;0.0;0
6501;12.1;0.0;0.0;0.0;0.0;0.0;0.0;0.0;0.0;0
6502;12.1;0.0;0.0;0.0;0.0;0.0;0.0;0.0;0.0;0
6503;12.1;0.0;0.0;0.0;0.0;0.0;0.0;0.0;0.0;0
6504;12.2;0.0;0.0;0.0;0.0;0.0;0.0;0.0;0.0;0
6505;12.1;0.0;0.0;0.0;0.0;0.0;0.0;0.0;0.0;0
6506;12.1;0.0;0.0;0.0;0.0;0.0;0.0;0.0;0.0;0
6507;11.9;0.0;0.0;0.0;0.0;0.0;0.0;0.0;0.0;0
6508;11.9;0.0;0.0;0.0;0.0;0.0;0.0;0.0;0.0;0
6509;11.9;0.0;0.0;0.0;0.0;0.0;0.0;0.0;0.0;0
6510;11.8;0.0;0.0;0.0;0.0;0.0;0.0;0.0;0.0;0
6511;11.7;0.0;0.0;0.0;0.0;0.0;0.0;0.0;0.0;0
6512;12.2;22.4;24.76;29.04;29.43;25.7;22.4;22.4;22.4;39
6513;12.7;61.3;62.74;74.05;77.89;72.01;61.3;61.3;61.3;108
6514;13.0;47.1;47.1;50.19;52.42;51.54;48.06;47.1;47.1;81
6515;13.1;22.9;22.9;23.37;24.26;24.36;23.6;22.9;22.9;39
6516;13.1;39.2;39.2;39.2;41.25;42.1;41.25;39.2;39.2;67
6517;13.6;56.7;56.7;56.7;58.79;61.07;60.79;58.12;56.7;97
6518;14.8;150.2;150.2;150.2;158.49;188.67;196.31;176.94;150.2;272
6519;16.1;118.6;118.6;118.6;118.6;143.08;156.51;147.74;121.9;211
6520;15.8;105.4;105.4;105.4;105.4;131.83;161.67;158.54;124.28;189
6521;16.1;73.3;73.3;73.3;73.3;101.18;172.1;185.15;132.68;133
6522;15.0;25.4;25.4;25.4;25.4;25.4;25.4;25.4;25.4;44
6523;14.0;1.8;1.8;1.8;1.8;1.8;1.8;1.8;1.8;3
6524;13.0;0.0;0.0;0.0;0.0;0.0;0.0;0.0;0.0;0
6525;13.3;0.0;0.0;0.0;0.0;0.0;0.0;0.0;0.0;0
6526;13.3;0.0;0.0;0.0;0.0;0.0;0.0;0.0;0.0;0
6527;12.9;0.0;0.0;0.0;0.0;0.0;0.0;0.0;0.0;0
6528;12.3;0.0;0.0;0.0;0.0;0.0;0.0;0.0;0.0;0
6529;12.3;0.0;0.0;0.0;0.0;0.0;0.0;0.0;0.0;0
6530;12.1;0.0;0.0;0.0;0.0;0.0;0.0;0.0;0.0;0
6531;12.3;0.0;0.0;0.0;0.0;0.0;0.0;0.0;0.0;0
6532;12.1;0.0;0.0;0.0;0.0;0.0;0.0;0.0;0.0;0
6533;12.1;0.0;0.0;0.0;0.0;0.0;0.0;0.0;0.0;0
6534;12.4;0.0;0.0;0.0;0.0;0.0;0.0;0.0;0.0;0
6535;12.3;0.0;0.0;0.0;0.0;0.0;0.0;0.0;0.0;0
6536;12.0;8.4;8.4;8.4;8.4;8.4;8.4;8.4;8.4;14
6537;12.0;19.8;19.8;19.8;19.8;19.8;19.8;19.8;19.8;33
6538;12.7;57.5;57.5;62.7;66.5;65.03;59.14;57.5;57.5;100
6539;13.7;109.9;109.9;116.11;127.89;129.14;119.11;109.9;109.9;194
6540;12.7;149.7;149.7;149.7;177.81;189.46;177.81;149.7;149.7;272
6541;14.3;118.3;118.3;118.3;442.24;794.61;750.81;336.49;118.3;578
6542;12.7;130.8;130.8;130.8;136.72;157.9;163.2;149.53;130.8;233
6543;10.9;48.8;48.8;48.8;48.8;51.93;53.62;52.49;49.2;83
6544;9.7;30.8;30.8;30.8;30.8;34.21;38.01;37.59;33.19;53
6545;10.5;46.1;46.1;46.1;46.1;57.58;86.2;91.34;69.97;81
6546;10.3;32.9;32.9;32.9;32.9;32.9;32.9;32.9;32.9;64
6547;10.1;0.0;0.0;0.0;0.0;0.0;0.0;0.0;0.0;0
6548;10.0;0.0;0.0;0.0;0.0;0.0;0.0;0.0;0.0;0
6549;9.5;0.0;0.0;0.0;0.0;0.0;0.0;0.0;0.0;0
6550;9.3;0.0;0.0;0.0;0.0;0.0;0.0;0.0;0.0;0
6551;9.4;0.0;0.0;0.0;0.0;0.0;0.0;0.0;0.0;0
6552;8.6;0.0;0.0;0.0;0.0;0.0;0.0;0.0;0.0;0
6553;8.6;0.0;0.0;0.0;0.0;0.0;0.0;0.0;0.0;0
6554;9.1;0.0;0.0;0.0;0.0;0.0;0.0;0.0;0.0;0
6555;9.3;0.0;0.0;0.0;0.0;0.0;0.0;0.0;0.0;0
6556;9.5;0.0;0.0;0.0;0.0;0.0;0.0;0.0;0.0;0
6557;9.5;0.0;0.0;0.0;0.0;0.0;0.0;0.0;0.0;0
6558;9.6;0.0;0.0;0.0;0.0;0.0;0.0;0.0;0.0;0
6559;9.8;0.6;0.6;0.6;0.6;0.6;0.6;0.6;0.6;1
6560;9.8;7.3;8.51;10.77;11.0;9.06;7.3;7.3;7.3;13
6561;10.2;19.9;20.1;21.77;22.35;21.5;19.9;19.9;19.9;34
6562;10.4;25.9;25.9;26.95;27.73;27.43;26.24;25.9;25.9;44
6563;10.9;41.5;41.5;41.98;42.9;43.0;42.22;41.5;41.5;70
6564;11.6;43.4;43.4;43.4;45.51;46.39;45.51;43.4;43.4;74
6565;12.6;41.5;41.5;41.5;42.22;43.0;42.9;41.98;41.5;70
6566;13.6;43.4;43.4;43.4;44.08;46.46;47.05;45.5;43.4;74
6567;15.8;50.7;50.7;50.7;50.7;55.49;58.06;56.32;51.29;87
6568;17.2;103.0;103.0;103.0;103.0;131.15;162.14;158.48;122.33;185
6569;17.5;74.4;74.4;74.4;74.4;163.04;379.9;417.8;254.54;154
6570;16.7;32.5;32.5;32.5;32.5;32.5;32.5;32.5;32.5;75
6571;15.3;1.2;1.2;1.2;1.2;1.2;1.2;1.2;1.2;2
6572;15.0;0.0;0.0;0.0;0.0;0.0;0.0;0.0;0.0;0
6573;12.8;0.0;0.0;0.0;0.0;0.0;0.0;0.0;0.0;0
6574;11.5;0.0;0.0;0.0;0.0;0.0;0.0;0.0;0.0;0
6575;10.3;0.0;0.0;0.0;0.0;0.0;0.0;0.0;0.0;0
6576;10.0;0.0;0.0;0.0;0.0;0.0;0.0;0.0;0.0;0
6577;10.6;0.0;0.0;0.0;0.0;0.0;0.0;0.0;0.0;0
6578;9.6;0.0;0.0;0.0;0.0;0.0;0.0;0.0;0.0;0
6579;9.1;0.0;0.0;0.0;0.0;0.0;0.0;0.0;0.0;0
6580;8.8;0.0;0.0;0.0;0.0;0.0;0.0;0.0;0.0;0
6581;6.5;0.0;0.0;0.0;0.0;0.0;0.0;0.0;0.0;0
6582;6.0;0.0;0.0;0.0;0.0;0.0;0.0;0.0;0.0;0
6583;6.8;3.6;3.6;3.6;3.6;3.6;3.6;3.6;3.6;6
6584;10.0;31.2;38.54;52.47;53.95;42.1;31.2;31.2;31.2;57
6585;12.1;74.8;88.15;207.94;249.74;189.07;74.8;74.8;74.8;183
6586;14.1;108.0;108.0;261.32;375.15;332.49;158.33;108.0;108.0;300
6587;15.6;127.8;127.8;241.83;461.04;485.03;299.77;127.8;127.8;408
6588;16.7;145.3;145.3;145.3;416.74;529.17;416.74;145.3;145.3;453
6589;16.5;161.2;161.2;161.2;274.38;396.3;380.51;236.25;161.2;397
6590;16.3;155.9;155.9;155.9;191.2;313.35;343.28;263.44;155.9;344
6591;16.7;131.5;131.5;131.5;131.5;456.34;628.84;510.0;169.44;385
6592;15.8;88.2;88.2;88.2;88.2;110.0;133.7;130.75;102.87;157
6593;15.6;48.5;48.5;48.5;48.5;61.74;93.52;98.93;74.79;85
6594;15.1;17.5;17.5;17.5;17.5;17.5;17.5;17.5;17.5;30
6595;14.0;0.0;0.0;0.0;0.0;0.0;0.0;0.0;0.0;0
6596;13.6;0.0;0.0;0.0;0.0;0.0;0.0;0.0;0.0;0
6597;13.6;0.0;0.0;0.0;0.0;0.0;0.0;0.0;0.0;0
6598;13.8;0.0;0.0;0.0;0.0;0.0;0.0;0.0;0.0;0
6599;13.3;0.0;0.0;0.0;0.0;0.0;0.0;0.0;0.0;0
6600;12.3;0.0;0.0;0.0;0.0;0.0;0.0;0.0;0.0;0
6601;11.1;0.0;0.0;0.0;0.0;0.0;0.0;0.0;0.0;0
6602;10.1;0.0;0.0;0.0;0.0;0.0;0.0;0.0;0.0;0
6603;10.3;0.0;0.0;0.0;0.0;0.0;0.0;0.0;0.0;0
6604;10.1;0.0;0.0;0.0;0.0;0.0;0.0;0.0;0.0;0
6605;11.0;0.0;0.0;0.0;0.0;0.0;0.0;0.0;0.0;0
6606;11.6;0.0;0.0;0.0;0.0;0.0;0.0;0.0;0.0;0
6607;12.1;0.0;0.0;0.0;0.0;0.0;0.0;0.0;0.0;0
6608;12.6;3.6;3.6;3.6;3.6;3.6;3.6;3.6;3.6;6
6609;13.1;19.3;19.49;21.23;21.84;20.97;19.3;19.3;19.3;33
6610;14.3;66.0;66.0;72.46;77.3;75.52;68.16;66.0;66.0;115
6611;16.7;130.8;130.8;145.57;174.14;177.32;153.25;130.8;130.8;243
6612;17.1;82.9;82.9;82.9;90.52;93.68;90.52;82.9;82.9;144
6613;17.5;79.2;79.2;79.2;83.69;88.5;87.87;82.15;79.2;137
6614;18.7;134.0;134.0;134.0;141.2;165.73;171.67;155.55;134.0;240
6615;18.7;132.1;132.1;132.1;132.1;203.84;241.53;215.11;140.07;256
6616;19.1;107.5;107.5;107.5;107.5;210.67;321.5;306.97;175.59;225
6617;18.3;67.5;67.5;67.5;67.5;110.34;211.24;227.94;150.66;125
6618;17.5;25.6;25.6;25.6;25.6;25.6;25.6;25.6;25.6;46
6619;17.2;0.0;0.0;0.0;0.0;0.0;0.0;0.0;0.0;0
6620;16.8;0.0;0.0;0.0;0.0;0.0;0.0;0.0;0.0;0
6621;16.7;0.0;0.0;0.0;0.0;0.0;0.0;0.0;0.0;0
6622;16.6;0.0;0.0;0.0;0.0;0.0;0.0;0.0;0.0;0
6623;16.7;0.0;0.0;0.0;0.0;0.0;0.0;0.0;0.0;0
6624;16.0;0.0;0.0;0.0;0.0;0.0;0.0;0.0;0.0;0
6625;15.8;0.0;0.0;0.0;0.0;0.0;0.0;0.0;0.0;0
6626;16.2;0.0;0.0;0.0;0.0;0.0;0.0;0.0;0.0;0
6627;16.2;0.0;0.0;0.0;0.0;0.0;0.0;0.0;0.0;0
6628;15.3;0.0;0.0;0.0;0.0;0.0;0.0;0.0;0.0;0
6629;15.0;0.0;0.0;0.0;0.0;0.0;0.0;0.0;0.0;0
6630;14.8;0.0;0.0;0.0;0.0;0.0;0.0;0.0;0.0;0
6631;15.5;4.2;4.2;4.2;4.2;4.2;4.2;4.2;4.2;7
6632;16.0;29.0;39.03;58.69;60.96;44.5;29.0;29.0;29.0;55
6633;16.7;71.3;76.51;128.13;146.46;120.76;71.3;71.3;71.3;143
6634;18.2;108.7;108.7;214.44;294.22;265.33;144.68;108.7;108.7;262
6635;18.8;133.1;133.1;216.19;377.86;396.15;260.35;133.1;133.1;361
6636;20.2;145.1;145.1;145.1;396.09;500.06;396.09;145.1;145.1;431
6637;21.5;154.8;154.8;154.8;305.67;466.68;444.99;253.32;154.8;423
6638;20.7;153.0;153.0;153.0;190.84;317.7;348.08;264.19;153.0;340
6639;20.2;131.1;131.1;131.1;131.1;207.85;247.72;219.28;139.19;256
6640;20.0;104.4;104.4;104.4;104.4;185.8;272.18;260.29;157.07;209
6641;19.7;53.4;53.4;53.4;53.4;71.94;114.81;121.71;88.59;94
6642;19.1;24.4;24.4;24.4;24.4;24.4;24.4;24.4;24.4;44
6643;18.5;0.0;0.0;0.0;0.0;0.0;0.0;0.0;0.0;0
6644;18.1;0.0;0.0;0.0;0.0;0.0;0.0;0.0;0.0;0
6645;18.0;0.0;0.0;0.0;0.0;0.0;0.0;0.0;0.0;0
6646;16.1;0.0;0.0;0.0;0.0;0.0;0.0;0.0;0.0;0
6647;14.3;0.0;0.0;0.0;0.0;0.0;0.0;0.0;0.0;0
6648;13.8;0.0;0.0;0.0;0.0;0.0;0.0;0.0;0.0;0
6649;13.8;0.0;0.0;0.0;0.0;0.0;0.0;0.0;0.0;0
6650;13.6;0.0;0.0;0.0;0.0;0.0;0.0;0.0;0.0;0
6651;14.0;0.0;0.0;0.0;0.0;0.0;0.0;0.0;0.0;0
6652;14.1;0.0;0.0;0.0;0.0;0.0;0.0;0.0;0.0;0
6653;13.8;0.0;0.0;0.0;0.0;0.0;0.0;0.0;0.0;0
6654;13.8;0.0;0.0;0.0;0.0;0.0;0.0;0.0;0.0;0
6655;13.6;1.2;1.2;1.2;1.2;1.2;1.2;1.2;1.2;2
6656;14.0;8.4;8.4;8.4;8.4;8.4;8.4;8.4;8.4;14
6657;14.3;20.5;20.67;22.49;23.14;22.24;20.5;20.5;20.5;35
6658;14.8;39.9;39.9;43.21;45.73;44.83;41.05;39.9;39.9;69
6659;14.6;44.0;44.0;45.01;46.97;47.2;45.55;44.0;44.0;75
6660;15.5;91.4;91.4;91.4;100.38;104.1;100.38;91.4;91.4;159
6661;16.5;153.5;153.5;153.5;194.62;238.3;232.31;180.15;153.5;300
6662;16.8;151.4;151.4;151.4;193.43;332.18;365.04;272.75;151.4;344
6663;17.6;133.0;133.0;133.0;133.0;286.44;365.3;308.09;148.31;295
6664;17.2;97.6;97.6;97.6;97.6;430.1;778.78;728.43;308.55;301
6665;15.8;68.0;68.0;68.0;68.0;276.02;748.4;822.22;454.22;165
6666;14.3;29.5;29.5;29.5;29.5;29.5;29.5;29.5;29.5;60
6667;12.6;0.0;0.0;0.0;0.0;0.0;0.0;0.0;0.0;0
6668;11.6;0.0;0.0;0.0;0.0;0.0;0.0;0.0;0.0;0
6669;11.1;0.0;0.0;0.0;0.0;0.0;0.0;0.0;0.0;0
6670;10.8;0.0;0.0;0.0;0.0;0.0;0.0;0.0;0.0;0
6671;10.5;0.0;0.0;0.0;0.0;0.0;0.0;0.0;0.0;0
6672;9.8;0.0;0.0;0.0;0.0;0.0;0.0;0.0;0.0;0
6673;9.8;0.0;0.0;0.0;0.0;0.0;0.0;0.0;0.0;0
6674;8.8;0.0;0.0;0.0;0.0;0.0;0.0;0.0;0.0;0
6675;8.6;0.0;0.0;0.0;0.0;0.0;0.0;0.0;0.0;0
6676;8.3;0.0;0.0;0.0;0.0;0.0;0.0;0.0;0.0;0
6677;8.3;0.0;0.0;0.0;0.0;0.0;0.0;0.0;0.0;0
6678;8.3;0.0;0.0;0.0;0.0;0.0;0.0;0.0;0.0;0
6679;8.3;3.6;3.6;3.6;3.6;3.6;3.6;3.6;3.6;6
6680;9.0;27.3;46.63;85.69;90.56;58.36;27.3;27.3;27.3;58
6681;11.3;67.1;83.07;259.05;322.58;236.46;67.1;67.1;67.1;191
6682;13.8;105.0;105.0;225.59;318.02;285.67;147.49;105.0;105.0;265
6683;15.8;120.9;120.9;241.34;478.46;506.13;308.14;120.9;120.9;399
6684;17.2;129.3;129.3;129.3;481.46;627.34;481.46;129.3;129.3;473
6685;18.0;141.5;141.5;141.5;358.76;588.49;556.39;281.25;141.5;465
6686;18.5;130.4;130.4;130.4;246.84;625.57;714.24;460.9;130.4;464
6687;18.6;127.4;127.4;127.4;127.4;430.47;584.58;470.88;155.98;354
6688;18.6;101.9;101.9;101.9;101.9;323.49;553.13;518.44;239.75;259
6689;17.0;47.4;47.4;47.4;47.4;69.35;118.32;125.74;87.27;84
6690;16.0;14.5;14.5;14.5;14.5;14.5;14.5;14.5;14.5;25
6691;15.3;0.0;0.0;0.0;0.0;0.0;0.0;0.0;0.0;0
6692;15.0;0.0;0.0;0.0;0.0;0.0;0.0;0.0;0.0;0
6693;14.6;0.0;0.0;0.0;0.0;0.0;0.0;0.0;0.0;0
6694;14.6;0.0;0.0;0.0;0.0;0.0;0.0;0.0;0.0;0
6695;14.6;0.0;0.0;0.0;0.0;0.0;0.0;0.0;0.0;0
6696;14.3;0.0;0.0;0.0;0.0;0.0;0.0;0.0;0.0;0
6697;14.5;0.0;0.0;0.0;0.0;0.0;0.0;0.0;0.0;0
6698;14.6;0.0;0.0;0.0;0.0;0.0;0.0;0.0;0.0;0
6699;14.3;0.0;0.0;0.0;0.0;0.0;0.0;0.0;0.0;0
6700;14.3;0.0;0.0;0.0;0.0;0.0;0.0;0.0;0.0;0
6701;14.6;0.0;0.0;0.0;0.0;0.0;0.0;0.0;0.0;0
6702;14.6;0.0;0.0;0.0;0.0;0.0;0.0;0.0;0.0;0
6703;14.3;2.4;2.4;2.4;2.4;2.4;2.4;2.4;2.4;4
6704;14.5;24.4;29.63;40.36;41.74;32.97;24.4;24.4;24.4;44
6705;16.0;68.4;77.15;179.22;216.37;166.84;68.4;68.4;68.4;159
6706;17.2;104.7;104.7;182.68;242.93;222.2;132.64;104.7;104.7;232
6707;17.5;91.1;91.1;96.75;107.94;109.26;99.95;91.1;91.1;161
6708;15.8;67.7;67.7;67.7;73.49;75.88;73.49;67.7;67.7;117
6709;15.5;67.6;67.6;67.6;70.82;74.21;73.72;69.65;67.6;116
6710;16.1;67.1;67.1;67.1;69.12;75.61;77.12;72.75;67.1;116
6711;17.2;65.9;65.9;65.9;65.9;75.01;79.6;76.16;66.71;114
6712;17.5;34.4;34.4;34.4;34.4;38.68;43.07;42.38;37.01;59
6713;17.6;26.0;26.0;26.0;26.0;34.02;51.59;54.17;40.25;45
6714;17.6;9.6;9.6;9.6;9.6;9.6;9.6;9.6;9.6;16
6715;17.2;0.0;0.0;0.0;0.0;0.0;0.0;0.0;0.0;0
6716;16.7;0.0;0.0;0.0;0.0;0.0;0.0;0.0;0.0;0
6717;16.8;0.0;0.0;0.0;0.0;0.0;0.0;0.0;0.0;0
6718;16.7;0.0;0.0;0.0;0.0;0.0;0.0;0.0;0.0;0
6719;16.5;0.0;0.0;0.0;0.0;0.0;0.0;0.0;0.0;0
6720;15.3;0.0;0.0;0.0;0.0;0.0;0.0;0.0;0.0;0
6721;14.3;0.0;0.0;0.0;0.0;0.0;0.0;0.0;0.0;0
6722;14.1;0.0;0.0;0.0;0.0;0.0;0.0;0.0;0.0;0
6723;13.8;0.0;0.0;0.0;0.0;0.0;0.0;0.0;0.0;0
6724;13.5;0.0;0.0;0.0;0.0;0.0;0.0;0.0;0.0;0
6725;12.8;0.0;0.0;0.0;0.0;0.0;0.0;0.0;0.0;0
6726;12.0;0.0;0.0;0.0;0.0;0.0;0.0;0.0;0.0;0
6727;11.8;2.4;2.4;2.4;2.4;2.4;2.4;2.4;2.4;4
6728;12.3;23.2;28.5;39.57;41.04;32.07;23.2;23.2;23.2;42
6729;14.1;67.1;76.3;190.1;231.86;177.1;67.1;67.1;67.1;161
6730;17.1;97.9;97.9;270.66;405.16;359.66;160.83;97.9;97.9;289
6731;18.7;119.1;119.1;235.92;468.6;496.55;303.4;119.1;119.1;386
6732;20.2;131.0;131.0;131.0;457.61;592.9;457.61;131.0;131.0;450
6733;21.7;129.9;129.9;129.9;392.83;668.4;628.52;296.56;129.9;484
6734;22.3;131.5;131.5;131.5;241.94;590.89;670.73;434.7;131.5;440
6735;23.2;115.1;115.1;115.1;115.1;549.5;765.75;600.86;151.42;386
6736;22.8;95.0;95.0;95.0;95.0;405.3;719.46;667.82;280.62;275
6737;21.2;62.0;62.0;62.0;62.0;176.86;424.3;459.52;261.87;125
6738;19.1;22.4;22.4;22.4;22.4;22.4;22.4;22.4;22.4;44
6739;17.6;0.0;0.0;0.0;0.0;0.0;0.0;0.0;0.0;0
6740;17.2;0.0;0.0;0.0;0.0;0.0;0.0;0.0;0.0;0
6741;16.8;0.0;0.0;0.0;0.0;0.0;0.0;0.0;0.0;0
6742;15.8;0.0;0.0;0.0;0.0;0.0;0.0;0.0;0.0;0
6743;14.6;0.0;0.0;0.0;0.0;0.0;0.0;0.0;0.0;0
6744;14.8;0.0;0.0;0.0;0.0;0.0;0.0;0.0;0.0;0
6745;14.3;0.0;0.0;0.0;0.0;0.0;0.0;0.0;0.0;0
6746;13.6;0.0;0.0;0.0;0.0;0.0;0.0;0.0;0.0;0
6747;13.6;0.0;0.0;0.0;0.0;0.0;0.0;0.0;0.0;0
6748;13.1;0.0;0.0;0.0;0.0;0.0;0.0;0.0;0.0;0
6749;13.0;0.0;0.0;0.0;0.0;0.0;0.0;0.0;0.0;0
6750;12.8;0.0;0.0;0.0;0.0;0.0;0.0;0.0;0.0;0
6751;12.8;2.4;2.4;2.4;2.4;2.4;2.4;2.4;2.4;4
6752;13.3;18.3;22.34;30.89;32.07;25.18;18.3;18.3;18.3;33
6753;14.1;59.1;60.45;78.17;84.72;76.26;59.1;59.1;59.1;106
6754;16.2;102.0;102.0;178.45;238.42;218.48;130.3;102.0;102.0;225
6755;17.8;126.2;126.2;209.12;375.25;395.49;257.98;126.2;126.2;342
6756;19.3;143.5;143.5;143.5;345.1;428.61;345.1;143.5;143.5;380
6757;20.2;141.8;141.8;141.8;338.63;544.03;513.8;265.66;141.8;433
6758;21.7;129.3;129.3;129.3;243.8;600.51;681.19;438.59;129.3;438
6759;22.3;114.7;114.7;114.7;114.7;539.95;749.43;587.09;148.04;377
6760;22.5;94.3;94.3;94.3;94.3;399.47;704.89;652.64;273.32;268
6761;21.6;60.9;60.9;60.9;60.9;310.83;840.22;913.1;486.77;144
6762;18.6;18.2;18.2;18.2;18.2;18.2;18.2;18.2;18.2;37
6763;16.7;0.0;0.0;0.0;0.0;0.0;0.0;0.0;0.0;0
6764;15.3;0.0;0.0;0.0;0.0;0.0;0.0;0.0;0.0;0
6765;14.5;0.0;0.0;0.0;0.0;0.0;0.0;0.0;0.0;0
6766;14.0;0.0;0.0;0.0;0.0;0.0;0.0;0.0;0.0;0
6767;12.5;0.0;0.0;0.0;0.0;0.0;0.0;0.0;0.0;0
6768;12.8;0.0;0.0;0.0;0.0;0.0;0.0;0.0;0.0;0
6769;12.1;0.0;0.0;0.0;0.0;0.0;0.0;0.0;0.0;0
6770;11.0;0.0;0.0;0.0;0.0;0.0;0.0;0.0;0.0;0
6771;11.0;0.0;0.0;0.0;0.0;0.0;0.0;0.0;0.0;0
6772;10.0;0.0;0.0;0.0;0.0;0.0;0.0;0.0;0.0;0
6773;10.1;0.0;0.0;0.0;0.0;0.0;0.0;0.0;0.0;0
6774;9.8;0.0;0.0;0.0;0.0;0.0;0.0;0.0;0.0;0
6775;10.3;2.4;2.4;2.4;2.4;2.4;2.4;2.4;2.4;4
6776;11.1;18.2;20.93;26.82;27.66;22.95;18.2;18.2;18.2;32
6777;12.3;46.1;46.81;56.86;60.61;55.85;46.1;46.1;46.1;81
6778;13.8;93.3;93.3;110.89;124.8;120.25;99.92;93.3;93.3;168
6779;16.1;127.5;127.5;189.58;314.66;330.1;226.86;127.5;127.5;310
6780;19.0;142.9;142.9;142.9;333.07;411.84;333.07;142.9;142.9;369
6781;21.0;149.6;149.6;149.6;258.3;371.25;354.35;217.52;149.6;356
6782;22.3;142.5;142.5;142.5;202.05;385.06;425.98;300.84;142.5;350
6783;21.8;117.4;117.4;117.4;117.4;160.32;181.24;164.76;120.54;214
6784;21.2;80.9;80.9;80.9;80.9;107.04;132.91;128.31;95.94;144
6785;19.7;37.6;37.6;37.6;37.6;59.52;105.18;111.26;74.18;66
6786;18.1;10.4;10.4;10.4;10.4;10.4;10.4;10.4;10.4;19
6787;16.7;0.0;0.0;0.0;0.0;0.0;0.0;0.0;0.0;0
6788;16.2;0.0;0.0;0.0;0.0;0.0;0.0;0.0;0.0;0
6789;15.3;0.0;0.0;0.0;0.0;0.0;0.0;0.0;0.0;0
6790;15.0;0.0;0.0;0.0;0.0;0.0;0.0;0.0;0.0;0
6791;14.5;0.0;0.0;0.0;0.0;0.0;0.0;0.0;0.0;0
6792;15.1;0.0;0.0;0.0;0.0;0.0;0.0;0.0;0.0;0
6793;15.1;0.0;0.0;0.0;0.0;0.0;0.0;0.0;0.0;0
6794;15.0;0.0;0.0;0.0;0.0;0.0;0.0;0.0;0.0;0
6795;14.8;0.0;0.0;0.0;0.0;0.0;0.0;0.0;0.0;0
6796;15.1;0.0;0.0;0.0;0.0;0.0;0.0;0.0;0.0;0
6797;14.8;0.0;0.0;0.0;0.0;0.0;0.0;0.0;0.0;0
6798;14.6;0.0;0.0;0.0;0.0;0.0;0.0;0.0;0.0;0
6799;14.3;0.0;0.0;0.0;0.0;0.0;0.0;0.0;0.0;0
6800;14.3;4.2;4.2;4.2;4.2;4.2;4.2;4.2;4.2;7
6801;14.3;20.5;20.64;22.69;23.46;22.5;20.5;20.5;20.5;35
6802;14.8;42.3;42.3;45.86;48.7;47.79;43.66;42.3;42.3;73
6803;15.3;55.0;55.0;57.15;61.49;62.04;58.46;55.0;55.0;95
6804;15.8;75.1;75.1;75.1;83.71;87.28;83.71;75.1;75.1;131
6805;17.2;126.0;126.0;126.0;141.57;157.67;155.22;135.66;126.0;225
6806;18.2;123.6;123.6;123.6;131.77;156.53;162.0;144.98;123.6;221
6807;19.3;122.3;122.3;122.3;122.3;252.03;314.61;264.54;131.15;258
6808;18.8;90.3;90.3;90.3;90.3;142.01;192.6;183.27;119.48;168
6809;18.2;32.1;32.1;32.1;32.1;50.66;88.7;93.59;62.45;56
6810;17.7;6.7;6.7;6.7;6.7;6.7;6.7;6.7;6.7;12
6811;16.7;0.0;0.0;0.0;0.0;0.0;0.0;0.0;0.0;0
6812;16.5;0.0;0.0;0.0;0.0;0.0;0.0;0.0;0.0;0
6813;16.5;0.0;0.0;0.0;0.0;0.0;0.0;0.0;0.0;0
6814;16.1;0.0;0.0;0.0;0.0;0.0;0.0;0.0;0.0;0
6815;15.6;0.0;0.0;0.0;0.0;0.0;0.0;0.0;0.0;0
6816;15.5;0.0;0.0;0.0;0.0;0.0;0.0;0.0;0.0;0
6817;15.0;0.0;0.0;0.0;0.0;0.0;0.0;0.0;0.0;0
6818;14.6;0.0;0.0;0.0;0.0;0.0;0.0;0.0;0.0;0
6819;14.5;0.0;0.0;0.0;0.0;0.0;0.0;0.0;0.0;0
6820;14.3;0.0;0.0;0.0;0.0;0.0;0.0;0.0;0.0;0
6821;14.0;0.0;0.0;0.0;0.0;0.0;0.0;0.0;0.0;0
6822;13.8;0.0;0.0;0.0;0.0;0.0;0.0;0.0;0.0;0
6823;13.8;0.0;0.0;0.0;0.0;0.0;0.0;0.0;0.0;0
6824;14.0;3.6;3.6;3.6;3.6;3.6;3.6;3.6;3.6;6
6825;14.6;16.2;16.2;16.2;16.2;16.2;16.2;16.2;16.2;27
6826;15.5;32.6;32.6;35.01;36.94;36.33;33.53;32.6;32.6;56
6827;15.8;54.9;54.9;56.53;59.84;60.26;57.54;54.9;54.9;94
6828;17.1;125.5;125.5;125.5;149.23;159.06;149.23;125.5;125.5;225
6829;17.7;146.8;146.8;146.8;240.13;336.28;321.44;204.3;146.8;333
6830;18.7;134.9;134.9;134.9;221.21;479.5;535.93;357.44;134.9;379
6831;19.6;119.6;119.6;119.6;119.6;393.24;523.91;417.73;136.92;311
6832;20.1;92.8;92.8;92.8;92.8;256.18;414.26;384.04;183.21;208
6833;18.7;51.9;51.9;51.9;51.9;51.9;51.9;51.9;51.9;94
6834;16.6;10.4;10.4;10.4;10.4;10.4;10.4;10.4;10.4;19
6835;15.1;0.0;0.0;0.0;0.0;0.0;0.0;0.0;0.0;0
6836;14.3;0.0;0.0;0.0;0.0;0.0;0.0;0.0;0.0;0
6837;13.5;0.0;0.0;0.0;0.0;0.0;0.0;0.0;0.0;0
6838;13.8;0.0;0.0;0.0;0.0;0.0;0.0;0.0;0.0;0
6839;13.3;0.0;0.0;0.0;0.0;0.0;0.0;0.0;0.0;0
6840;13.0;0.0;0.0;0.0;0.0;0.0;0.0;0.0;0.0;0
6841;12.8;0.0;0.0;0.0;0.0;0.0;0.0;0.0;0.0;0
6842;12.8;0.0;0.0;0.0;0.0;0.0;0.0;0.0;0.0;0
6843;13.3;0.0;0.0;0.0;0.0;0.0;0.0;0.0;0.0;0
6844;13.5;0.0;0.0;0.0;0.0;0.0;0.0;0.0;0.0;0
6845;13.6;0.0;0.0;0.0;0.0;0.0;0.0;0.0;0.0;0
6846;13.6;0.0;0.0;0.0;0.0;0.0;0.0;0.0;0.0;0
6847;14.0;0.0;0.0;0.0;0.0;0.0;0.0;0.0;0.0;0
6848;14.3;3.6;3.6;3.6;3.6;3.6;3.6;3.6;3.6;6
6849;14.6;15.0;15.0;15.0;15.0;15.0;15.0;15.0;15.0;25
6850;14.3;26.5;26.5;27.72;28.7;28.4;26.98;26.5;26.5;45
6851;13.8;37.3;37.3;37.85;38.97;39.12;38.2;37.3;37.3;63
6852;14.1;44.0;44.0;44.0;46.54;47.59;46.54;44.0;44.0;75
6853;14.8;54.3;54.3;54.3;56.99;59.75;59.32;55.95;54.3;93
6854;16.8;102.6;102.6;102.6;108.36;125.36;129.03;117.22;102.6;181
6855;18.0;117.8;117.8;117.8;117.8;222.29;271.67;230.92;123.9;238
6856;18.1;85.5;85.5;85.5;85.5;125.22;163.23;155.71;107.06;155
6857;16.5;46.9;46.9;46.9;46.9;46.9;46.9;46.9;46.9;84
6858;14.8;9.1;9.1;9.1;9.1;9.1;9.1;9.1;9.1;16
6859;13.3;0.0;0.0;0.0;0.0;0.0;0.0;0.0;0.0;0
6860;13.3;0.0;0.0;0.0;0.0;0.0;0.0;0.0;0.0;0
6861;12.8;0.0;0.0;0.0;0.0;0.0;0.0;0.0;0.0;0
6862;11.1;0.0;0.0;0.0;0.0;0.0;0.0;0.0;0.0;0
6863;11.6;0.0;0.0;0.0;0.0;0.0;0.0;0.0;0.0;0
6864;10.8;0.0;0.0;0.0;0.0;0.0;0.0;0.0;0.0;0
6865;11.0;0.0;0.0;0.0;0.0;0.0;0.0;0.0;0.0;0
6866;11.3;0.0;0.0;0.0;0.0;0.0;0.0;0.0;0.0;0
6867;10.6;0.0;0.0;0.0;0.0;0.0;0.0;0.0;0.0;0
6868;10.3;0.0;0.0;0.0;0.0;0.0;0.0;0.0;0.0;0
6869;9.6;0.0;0.0;0.0;0.0;0.0;0.0;0.0;0.0;0
6870;9.5;0.0;0.0;0.0;0.0;0.0;0.0;0.0;0.0;0
6871;9.5;1.2;1.2;1.2;1.2;1.2;1.2;1.2;1.2;2
6872;9.6;15.9;20.29;30.35;31.95;24.14;15.9;15.9;15.9;29
6873;11.6;58.6;62.5;136.84;165.34;131.32;58.6;58.6;58.6;126
6874;14.3;92.9;92.9;232.36;345.84;311.15;148.61;92.9;92.9;249
6875;16.3;113.5;113.5;220.55;441.06;469.69;289.67;113.5;113.5;350
6876;17.6;126.1;126.1;126.1;436.46;565.02;436.46;126.1;126.1;411
6877;18.8;132.7;132.7;132.7;347.21;566.41;531.54;263.04;132.7;417
6878;19.0;130.5;130.5;130.5;226.64;507.13;566.99;371.16;130.5;380
6879;18.7;116.6;116.6;116.6;116.6;390.37;518.46;411.14;131.28;301
6880;17.7;89.3;89.3;89.3;89.3;234.95;372.82;344.61;166.84;193
6881;17.2;49.5;49.5;49.5;49.5;49.5;49.5;49.5;49.5;90
6882;16.0;13.3;13.3;13.3;13.3;13.3;13.3;13.3;13.3;23
6883;14.8;0.0;0.0;0.0;0.0;0.0;0.0;0.0;0.0;0
6884;14.1;0.0;0.0;0.0;0.0;0.0;0.0;0.0;0.0;0
6885;13.8;0.0;0.0;0.0;0.0;0.0;0.0;0.0;0.0;0
6886;13.6;0.0;0.0;0.0;0.0;0.0;0.0;0.0;0.0;0
6887;13.3;0.0;0.0;0.0;0.0;0.0;0.0;0.0;0.0;0
6888;13.6;0.0;0.0;0.0;0.0;0.0;0.0;0.0;0.0;0
6889;13.8;0.0;0.0;0.0;0.0;0.0;0.0;0.0;0.0;0
6890;13.8;0.0;0.0;0.0;0.0;0.0;0.0;0.0;0.0;0
6891;14.1;0.0;0.0;0.0;0.0;0.0;0.0;0.0;0.0;0
6892;13.3;0.0;0.0;0.0;0.0;0.0;0.0;0.0;0.0;0
6893;13.3;0.0;0.0;0.0;0.0;0.0;0.0;0.0;0.0;0
6894;12.8;0.0;0.0;0.0;0.0;0.0;0.0;0.0;0.0;0
6895;12.3;1.2;1.2;1.2;1.2;1.2;1.2;1.2;1.2;2
6896;12.6;14.6;17.58;24.52;25.65;20.31;14.6;14.6;14.6;26
6897;14.1;56.8;59.8;122.35;146.5;118.1;56.8;56.8;56.8;118
6898;15.8;93.2;93.2;185.72;261.54;238.75;130.7;93.2;93.2;217
6899;17.2;120.6;120.6;174.45;285.98;300.63;209.82;120.6;120.6;281
6900;18.2;137.1;137.1;137.1;274.41;331.29;274.41;137.1;137.1;316
6901;19.3;142.2;142.2;142.2;253.73;367.24;348.92;209.51;142.2;337
6902;19.6;134.9;134.9;134.9;189.12;345.36;378.31;268.68;134.9;314
6903;19.5;116.2;116.2;116.2;116.2;256.32;321.22;266.02;123.06;247
6904;18.8;85.5;85.5;85.5;85.5;162.55;234.7;219.45;125.74;165
6905;18.0;47.7;47.7;47.7;47.7;47.7;47.7;47.7;47.7;87
6906;16.7;4.2;4.2;4.2;4.2;4.2;4.2;4.2;4.2;7
6907;16.5;0.0;0.0;0.0;0.0;0.0;0.0;0.0;0.0;0
6908;16.1;0.0;0.0;0.0;0.0;0.0;0.0;0.0;0.0;0
6909;15.5;0.0;0.0;0.0;0.0;0.0;0.0;0.0;0.0;0
6910;14.1;0.0;0.0;0.0;0.0;0.0;0.0;0.0;0.0;0
6911;12.5;0.0;0.0;0.0;0.0;0.0;0.0;0.0;0.0;0
6912;11.1;0.0;0.0;0.0;0.0;0.0;0.0;0.0;0.0;0
6913;12.8;0.0;0.0;0.0;0.0;0.0;0.0;0.0;0.0;0
6914;12.8;0.0;0.0;0.0;0.0;0.0;0.0;0.0;0.0;0
6915;11.5;0.0;0.0;0.0;0.0;0.0;0.0;0.0;0.0;0
6916;10.5;0.0;0.0;0.0;0.0;0.0;0.0;0.0;0.0;0
6917;11.8;0.0;0.0;0.0;0.0;0.0;0.0;0.0;0.0;0
6918;12.3;0.0;0.0;0.0;0.0;0.0;0.0;0.0;0.0;0
6919;12.8;0.6;0.6;0.6;0.6;0.6;0.6;0.6;0.6;1
6920;13.1;6.1;7.62;11.21;11.81;9.07;6.1;6.1;6.1;11
6921;12.8;24.2;24.4;28.96;30.74;28.68;24.2;24.2;24.2;42
6922;13.3;42.3;42.3;46.1;49.24;48.31;43.86;42.3;42.3;73
6923;13.6;53.1;53.1;54.8;58.35;58.82;55.94;53.1;53.1;91
6924;14.1;58.6;58.6;58.6;63.91;66.11;63.91;58.6;58.6;101
6925;14.8;67.1;67.1;67.1;71.83;76.63;75.84;69.94;67.1;116
6926;16.5;126.2;126.2;126.2;139.74;178.28;186.31;159.14;126.2;232
6927;16.7;110.4;110.4;110.4;110.4;177.64;208.47;181.86;113.38;209
6928;17.3;84.2;84.2;84.2;84.2;179.09;267.0;247.83;132.81;167
6929;16.1;40.7;40.7;40.7;40.7;40.7;40.7;40.7;40.7;72
6930;14.3;8.4;8.4;8.4;8.4;8.4;8.4;8.4;8.4;14
6931;12.8;0.0;0.0;0.0;0.0;0.0;0.0;0.0;0.0;0
6932;12.3;0.0;0.0;0.0;0.0;0.0;0.0;0.0;0.0;0
6933;12.6;0.0;0.0;0.0;0.0;0.0;0.0;0.0;0.0;0
6934;12.6;0.0;0.0;0.0;0.0;0.0;0.0;0.0;0.0;0
6935;13.8;0.0;0.0;0.0;0.0;0.0;0.0;0.0;0.0;0
6936;13.3;0.0;0.0;0.0;0.0;0.0;0.0;0.0;0.0;0
6937;13.0;8.4;8.4;8.4;8.4;8.4;8.4;8.4;8.4;14
6938;12.6;0.0;0.0;0.0;0.0;0.0;0.0;0.0;0.0;0
6939;12.5;0.0;0.0;0.0;0.0;0.0;0.0;0.0;0.0;0
6940;11.8;0.0;0.0;0.0;0.0;0.0;0.0;0.0;0.0;0
6941;11.3;0.0;0.0;0.0;0.0;0.0;0.0;0.0;0.0;0
6942;11.3;0.0;0.0;0.0;0.0;0.0;0.0;0.0;0.0;0
6943;10.8;1.8;1.8;1.8;1.8;1.8;1.8;1.8;1.8;3
6944;11.1;16.4;19.5;26.95;28.22;22.57;16.4;16.4;16.4;29
6945;12.0;53.9;56.0;109.65;130.65;106.68;53.9;53.9;53.9;109
6946;13.3;90.6;90.6;167.61;231.6;213.0;122.69;90.6;90.6;201
6947;14.3;116.7;116.7;152.85;228.52;238.69;177.4;116.7;116.7;247
6948;14.6;133.9;133.9;133.9;248.53;296.01;248.53;133.9;133.9;294
6949;14.3;99.5;99.5;99.5;110.1;120.8;119.02;105.81;99.5;175
6950;14.8;83.1;83.1;83.1;87.91;101.46;104.25;94.65;83.1;146
6951;15.8;74.0;74.0;74.0;74.0;92.36;100.69;93.39;74.73;130
6952;16.3;76.2;76.2;76.2;76.2;113.2;147.11;139.49;94.79;137
6953;16.2;21.2;21.2;21.2;21.2;21.2;21.2;21.2;21.2;37
6954;15.3;5.4;5.4;5.4;5.4;5.4;5.4;5.4;5.4;9
6955;14.8;0.0;0.0;0.0;0.0;0.0;0.0;0.0;0.0;0
6956;15.3;0.0;0.0;0.0;0.0;0.0;0.0;0.0;0.0;0
6957;15.3;0.0;0.0;0.0;0.0;0.0;0.0;0.0;0.0;0
6958;15.3;0.0;0.0;0.0;0.0;0.0;0.0;0.0;0.0;0
6959;15.6;0.0;0.0;0.0;0.0;0.0;0.0;0.0;0.0;0
6960;15.8;0.0;0.0;0.0;0.0;0.0;0.0;0.0;0.0;0
6961;16.0;0.0;0.0;0.0;0.0;0.0;0.0;0.0;0.0;0
6962;16.2;0.0;0.0;0.0;0.0;0.0;0.0;0.0;0.0;0
6963;16.6;0.0;0.0;0.0;0.0;0.0;0.0;0.0;0.0;0
6964;16.2;0.0;0.0;0.0;0.0;0.0;0.0;0.0;0.0;0
6965;15.3;0.0;0.0;0.0;0.0;0.0;0.0;0.0;0.0;0
6966;14.8;0.0;0.0;0.0;0.0;0.0;0.0;0.0;0.0;0
6967;14.3;0.6;0.6;0.6;0.6;0.6;0.6;0.6;0.6;1
6968;14.3;7.9;9.48;13.34;14.02;11.11;7.9;7.9;7.9;14
6969;15.0;35.2;35.53;45.07;48.83;44.6;35.2;35.2;35.2;62
6970;15.1;55.2;55.2;63.0;69.53;67.67;58.5;55.2;55.2;97
6971;15.1;70.9;70.9;74.96;83.51;84.67;77.77;70.9;70.9;124
6972;15.3;117.5;117.5;117.5;140.78;150.42;140.78;117.5;117.5;210
6973;14.8;130.1;130.1;130.1;158.55;187.16;182.35;146.93;130.1;241
6974;14.8;122.3;122.3;122.3;134.94;170.09;177.24;152.22;122.3;223
6975;15.3;111.7;111.7;111.7;111.7;339.65;442.13;351.05;119.76;267
6976;14.3;82.3;82.3;82.3;82.3;220.23;345.38;316.42;150.31;173
6977;13.6;46.0;46.0;46.0;46.0;46.0;46.0;46.0;46.0;105
6978;12.0;9.6;9.6;9.6;9.6;9.6;9.6;9.6;9.6;16
6979;9.6;0.0;0.0;0.0;0.0;0.0;0.0;0.0;0.0;0
6980;9.6;0.0;0.0;0.0;0.0;0.0;0.0;0.0;0.0;0
6981;8.6;0.0;0.0;0.0;0.0;0.0;0.0;0.0;0.0;0
6982;9.3;0.0;0.0;0.0;0.0;0.0;0.0;0.0;0.0;0
6983;11.0;0.0;0.0;0.0;0.0;0.0;0.0;0.0;0.0;0
6984;10.0;0.0;0.0;0.0;0.0;0.0;0.0;0.0;0.0;0
6985;10.6;0.0;0.0;0.0;0.0;0.0;0.0;0.0;0.0;0
6986;11.0;0.0;0.0;0.0;0.0;0.0;0.0;0.0;0.0;0
6987;11.1;0.0;0.0;0.0;0.0;0.0;0.0;0.0;0.0;0
6988;11.1;0.0;0.0;0.0;0.0;0.0;0.0;0.0;0.0;0
6989;10.6;0.0;0.0;0.0;0.0;0.0;0.0;0.0;0.0;0
6990;11.1;0.0;0.0;0.0;0.0;0.0;0.0;0.0;0.0;0
6991;11.3;0.6;0.6;0.6;0.6;0.6;0.6;0.6;0.6;1
6992;11.3;7.9;9.52;13.52;14.24;11.24;7.9;7.9;7.9;14
6993;12.0;43.2;43.65;58.27;64.07;57.64;43.2;43.2;43.2;77
6994;12.8;86.5;86.5;135.27;176.35;164.8;107.38;86.5;86.5;175
6995;13.5;109.8;109.8;127.41;164.67;169.78;139.76;109.8;109.8;208
6996;14.3;124.0;124.0;124.0;162.94;179.07;162.94;124.0;124.0;230
6997;14.6;134.5;134.5;134.5;195.42;256.46;246.07;170.32;134.5;275
6998;15.1;124.6;124.6;124.6;147.17;209.24;221.74;177.33;124.6;241
6999;14.8;105.5;105.5;105.5;105.5;175.3;206.37;178.35;107.66;200
7000;14.3;73.7;73.7;73.7;73.7;110.44;143.43;135.57;91.47;132
7001;14.1;39.6;39.6;39.6;39.6;39.6;39.6;39.6;39.6;71
7002;13.1;5.4;5.4;5.4;5.4;5.4;5.4;5.4;5.4;9
7003;13.3;0.0;0.0;0.0;0.0;0.0;0.0;0.0;0.0;0
7004;13.3;0.0;0.0;0.0;0.0;0.0;0.0;0.0;0.0;0
7005;13.5;0.0;0.0;0.0;0.0;0.0;0.0;0.0;0.0;0
7006;13.6;0.0;0.0;0.0;0.0;0.0;0.0;0.0;0.0;0
7007;13.8;0.0;0.0;0.0;0.0;0.0;0.0;0.0;0.0;0
7008;13.5;0.0;0.0;0.0;0.0;0.0;0.0;0.0;0.0;0
7009;13.0;0.0;0.0;0.0;0.0;0.0;0.0;0.0;0.0;0
7010;13.6;0.0;0.0;0.0;0.0;0.0;0.0;0.0;0.0;0
7011;13.1;0.0;0.0;0.0;0.0;0.0;0.0;0.0;0.0;0
7012;13.0;0.0;0.0;0.0;0.0;0.0;0.0;0.0;0.0;0
7013;13.3;0.0;0.0;0.0;0.0;0.0;0.0;0.0;0.0;0
7014;12.3;0.0;0.0;0.0;0.0;0.0;0.0;0.0;0.0;0
7015;12.3;0.0;0.0;0.0;0.0;0.0;0.0;0.0;0.0;0
7016;12.6;6.1;7.75;11.92;12.67;9.58;6.1;6.1;6.1;11
7017;13.8;37.0;37.26;47.23;51.21;46.86;37.0;37.0;37.0;65
7018;13.6;34.4;34.4;37.07;39.34;38.71;35.56;34.4;34.4;59
7019;14.3;36.8;36.8;37.99;40.51;40.86;38.83;36.8;36.8;63
7020;14.8;44.6;44.6;44.6;47.42;48.59;47.42;44.6;44.6;76
7021;13.1;50.1;50.1;50.1;53.15;56.2;55.67;51.88;50.1;86
7022;12.6;27.7;27.7;27.7;28.28;29.86;30.17;29.04;27.7;47
7023;12.8;35.6;35.6;35.6;35.6;40.53;42.7;40.72;35.73;61
7024;13.0;34.4;34.4;34.4;34.4;41.36;47.55;46.03;37.7;59
7025;12.3;23.6;23.6;23.6;23.6;23.6;23.6;23.6;23.6;41
7026;11.3;4.2;4.2;4.2;4.2;4.2;4.2;4.2;4.2;7
7027;8.8;0.0;0.0;0.0;0.0;0.0;0.0;0.0;0.0;0
7028;7.9;0.0;0.0;0.0;0.0;0.0;0.0;0.0;0.0;0
7029;7.0;0.0;0.0;0.0;0.0;0.0;0.0;0.0;0.0;0
7030;6.5;0.0;0.0;0.0;0.0;0.0;0.0;0.0;0.0;0
7031;5.9;0.0;0.0;0.0;0.0;0.0;0.0;0.0;0.0;0
7032;6.0;0.0;0.0;0.0;0.0;0.0;0.0;0.0;0.0;0
7033;4.1;0.0;0.0;0.0;0.0;0.0;0.0;0.0;0.0;0
7034;3.5;0.0;0.0;0.0;0.0;0.0;0.0;0.0;0.0;0
7035;3.2;0.0;0.0;0.0;0.0;0.0;0.0;0.0;0.0;0
7036;3.2;0.0;0.0;0.0;0.0;0.0;0.0;0.0;0.0;0
7037;3.0;0.0;0.0;0.0;0.0;0.0;0.0;0.0;0.0;0
7038;3.0;0.0;0.0;0.0;0.0;0.0;0.0;0.0;0.0;0
7039;3.2;0.0;0.0;0.0;0.0;0.0;0.0;0.0;0.0;0
7040;4.8;5.4;5.4;5.4;5.4;5.4;5.4;5.4;5.4;9
7041;6.5;32.7;32.87;40.52;43.58;40.28;32.7;32.7;32.7;57
7042;9.6;79.3;79.3;96.91;111.93;107.84;87.03;79.3;79.3;143
7043;11.0;108.8;108.8;131.63;180.42;187.26;148.13;108.8;108.8;213
7044;12.8;117.2;117.2;117.2;429.84;559.34;429.84;117.2;117.2;377
7045;12.3;125.6;125.6;125.6;152.51;179.28;174.6;141.22;125.6;231
7046;12.3;86.7;86.7;86.7;92.05;106.46;109.29;98.89;86.7;152
7047;12.6;105.7;105.7;105.7;105.7;229.44;283.48;233.38;108.48;217
7048;12.8;78.4;78.4;78.4;78.4;310.67;515.06;463.66;186.58;184
7049;10.1;35.9;35.9;35.9;35.9;35.9;35.9;35.9;35.9;64
7050;9.3;4.2;4.2;4.2;4.2;4.2;4.2;4.2;4.2;7
7051;8.8;0.0;0.0;0.0;0.0;0.0;0.0;0.0;0.0;0
7052;7.5;0.0;0.0;0.0;0.0;0.0;0.0;0.0;0.0;0
7053;7.5;0.0;0.0;0.0;0.0;0.0;0.0;0.0;0.0;0
7054;6.9;0.0;0.0;0.0;0.0;0.0;0.0;0.0;0.0;0
7055;5.6;0.0;0.0;0.0;0.0;0.0;0.0;0.0;0.0;0
7056;4.4;0.0;0.0;0.0;0.0;0.0;0.0;0.0;0.0;0
7057;3.5;0.0;0.0;0.0;0.0;0.0;0.0;0.0;0.0;0
7058;2.4;0.0;0.0;0.0;0.0;0.0;0.0;0.0;0.0;0
7059;2.7;0.0;0.0;0.0;0.0;0.0;0.0;0.0;0.0;0
7060;2.5;0.0;0.0;0.0;0.0;0.0;0.0;0.0;0.0;0
7061;2.5;0.0;0.0;0.0;0.0;0.0;0.0;0.0;0.0;0
7062;2.2;0.0;0.0;0.0;0.0;0.0;0.0;0.0;0.0;0
7063;2.4;1.2;1.2;1.2;1.2;1.2;1.2;1.2;1.2;2
7064;3.4;16.9;18.63;23.14;23.99;20.69;16.9;16.9;16.9;29
7065;5.1;44.4;48.1;251.45;333.51;246.21;44.4;44.4;44.4;139
7066;7.1;74.6;74.6;283.27;462.49;414.49;167.39;74.6;74.6;251
7067;8.8;97.9;97.9;222.53;490.14;527.99;313.89;97.9;97.9;334
7068;10.1;114.3;114.3;114.3;441.98;577.7;441.98;114.3;114.3;378
7069;11.1;102.8;102.8;102.8;439.96;774.16;715.08;297.34;102.8;438
7070;11.6;88.4;88.4;88.4;298.4;857.63;966.25;560.64;88.4;434
7071;11.6;92.8;92.8;92.8;92.8;615.44;841.52;629.01;102.39;323
7072;10.6;74.3;74.3;74.3;74.3;161.42;237.32;217.73;114.12;143
7073;9.8;32.2;32.2;32.2;32.2;32.2;32.2;32.2;32.2;57
7074;8.1;4.2;4.2;4.2;4.2;4.2;4.2;4.2;4.2;7
7075;6.3;0.0;0.0;0.0;0.0;0.0;0.0;0.0;0.0;0
7076;5.5;0.0;0.0;0.0;0.0;0.0;0.0;0.0;0.0;0
7077;4.5;0.0;0.0;0.0;0.0;0.0;0.0;0.0;0.0;0
7078;4.3;0.0;0.0;0.0;0.0;0.0;0.0;0.0;0.0;0
7079;3.5;0.0;0.0;0.0;0.0;0.0;0.0;0.0;0.0;0
7080;4.5;0.0;0.0;0.0;0.0;0.0;0.0;0.0;0.0;0
7081;3.7;0.0;0.0;0.0;0.0;0.0;0.0;0.0;0.0;0
7082;3.9;0.0;0.0;0.0;0.0;0.0;0.0;0.0;0.0;0
7083;3.5;0.0;0.0;0.0;0.0;0.0;0.0;0.0;0.0;0
7084;3.4;0.0;0.0;0.0;0.0;0.0;0.0;0.0;0.0;0
7085;2.2;0.0;0.0;0.0;0.0;0.0;0.0;0.0;0.0;0
7086;2.4;0.0;0.0;0.0;0.0;0.0;0.0;0.0;0.0;0
7087;2.2;0.6;0.6;0.6;0.6;0.6;0.6;0.6;0.6;1
7088;2.5;10.9;12.67;17.37;18.27;14.86;10.9;10.9;10.9;19
7089;5.0;46.2;47.34;127.34;159.82;125.74;46.2;46.2;46.2;102
7090;7.5;80.3;80.3;212.51;326.8;296.69;139.82;80.3;80.3;213
7091;10.3;103.0;103.0;201.42;413.79;444.1;274.6;103.0;103.0;305
7092;12.1;115.4;115.4;115.4;420.05;546.24;420.05;115.4;115.4;364
7093;13.3;117.3;117.3;117.3;365.05;609.77;566.0;259.39;117.3;388
7094;14.8;113.6;113.6;113.6;238.9;569.15;632.54;391.95;113.6;356
7095;15.3;100.2;100.2;100.2;100.2;466.06;622.84;473.46;105.43;282
7096;15.3;75.0;75.0;75.0;75.0;312.41;517.24;463.01;181.49;175
7097;14.5;37.6;37.6;37.6;37.6;37.6;37.6;37.6;37.6;76
7098;13.6;5.4;5.4;5.4;5.4;5.4;5.4;5.4;5.4;9
7099;13.1;0.0;0.0;0.0;0.0;0.0;0.0;0.0;0.0;0
7100;13.3;0.0;0.0;0.0;0.0;0.0;0.0;0.0;0.0;0
7101;12.6;0.0;0.0;0.0;0.0;0.0;0.0;0.0;0.0;0
7102;12.5;0.0;0.0;0.0;0.0;0.0;0.0;0.0;0.0;0
7103;11.6;0.0;0.0;0.0;0.0;0.0;0.0;0.0;0.0;0
7104;11.6;0.0;0.0;0.0;0.0;0.0;0.0;0.0;0.0;0
7105;11.6;0.0;0.0;0.0;0.0;0.0;0.0;0.0;0.0;0
7106;10.8;0.0;0.0;0.0;0.0;0.0;0.0;0.0;0.0;0
7107;10.3;0.0;0.0;0.0;0.0;0.0;0.0;0.0;0.0;0
7108;10.1;0.0;0.0;0.0;0.0;0.0;0.0;0.0;0.0;0
7109;9.8;0.0;0.0;0.0;0.0;0.0;0.0;0.0;0.0;0
7110;10.0;0.0;0.0;0.0;0.0;0.0;0.0;0.0;0.0;0
7111;10.1;0.0;0.0;0.0;0.0;0.0;0.0;0.0;0.0;0
7112;10.6;8.4;8.4;8.4;8.4;8.4;8.4;8.4;8.4;14
7113;12.1;44.3;44.78;91.16;110.1;90.49;44.3;44.3;44.3;88
7114;13.1;80.0;80.0;184.42;275.24;251.69;127.57;80.0;80.0;195
7115;15.0;102.6;102.6;195.96;398.39;427.55;266.36;102.6;102.6;296
7116;16.3;112.6;112.6;112.6;433.97;567.08;433.97;112.6;112.6;366
7117;17.6;115.4;115.4;115.4;366.5;613.65;568.94;258.55;115.4;384
7118;19.0;112.1;112.1;112.1;238.74;569.17;631.86;390.07;112.1;351
7119;19.2;97.4;97.4;97.4;97.4;494.07;662.48;499.87;101.5;284
7120;19.1;72.9;72.9;72.9;72.9;383.2;648.33;576.39;209.51;184
7121;17.8;36.0;36.0;36.0;36.0;36.0;36.0;36.0;36.0;75
7122;16.7;4.2;4.2;4.2;4.2;4.2;4.2;4.2;4.2;7
7123;16.6;0.0;0.0;0.0;0.0;0.0;0.0;0.0;0.0;0
7124;16.0;0.0;0.0;0.0;0.0;0.0;0.0;0.0;0.0;0
7125;15.6;0.0;0.0;0.0;0.0;0.0;0.0;0.0;0.0;0
7126;14.5;0.0;0.0;0.0;0.0;0.0;0.0;0.0;0.0;0
7127;14.3;0.0;0.0;0.0;0.0;0.0;0.0;0.0;0.0;0
7128;13.8;0.0;0.0;0.0;0.0;0.0;0.0;0.0;0.0;0
7129;13.1;0.0;0.0;0.0;0.0;0.0;0.0;0.0;0.0;0
7130;13.8;0.0;0.0;0.0;0.0;0.0;0.0;0.0;0.0;0
7131;14.1;0.0;0.0;0.0;0.0;0.0;0.0;0.0;0.0;0
7132;15.8;0.0;0.0;0.0;0.0;0.0;0.0;0.0;0.0;0
7133;16.1;0.0;0.0;0.0;0.0;0.0;0.0;0.0;0.0;0
7134;16.1;0.0;0.0;0.0;0.0;0.0;0.0;0.0;0.0;0
7135;16.2;0.0;0.0;0.0;0.0;0.0;0.0;0.0;0.0;0
7136;15.1;3.6;3.6;3.6;3.6;3.6;3.6;3.6;3.6;6
7137;14.6;32.8;32.87;44.04;48.62;43.94;32.8;32.8;32.8;58
7138;15.5;78.9;78.9;143.28;199.63;185.25;108.58;78.9;78.9;169
7139;15.6;105.7;105.7;159.23;275.86;292.81;200.15;105.7;105.7;247
7140;16.0;121.9;121.9;121.9;278.96;344.02;278.96;121.9;121.9;289
7141;15.8;125.5;125.5;125.5;266.63;405.06;379.73;205.48;125.5;315
7142;16.3;111.4;111.4;111.4;236.71;560.45;621.14;383.23;111.4;344
7143;15.8;100.6;100.6;100.6;100.6;312.24;401.26;314.16;101.96;231
7144;15.5;71.6;71.6;71.6;71.6;236.15;375.42;336.72;142.71;151
7145;12.1;16.9;16.9;16.9;16.9;16.9;16.9;16.9;16.9;29
7146;10.6;4.2;4.2;4.2;4.2;4.2;4.2;4.2;4.2;7
7147;10.1;0.0;0.0;0.0;0.0;0.0;0.0;0.0;0.0;0
7148;10.3;0.0;0.0;0.0;0.0;0.0;0.0;0.0;0.0;0
7149;10.1;0.0;0.0;0.0;0.0;0.0;0.0;0.0;0.0;0
7150;9.8;0.0;0.0;0.0;0.0;0.0;0.0;0.0;0.0;0
7151;7.5;0.0;0.0;0.0;0.0;0.0;0.0;0.0;0.0;0
7152;8.6;0.0;0.0;0.0;0.0;0.0;0.0;0.0;0.0;0
7153;7.6;0.0;0.0;0.0;0.0;0.0;0.0;0.0;0.0;0
7154;7.6;0.0;0.0;0.0;0.0;0.0;0.0;0.0;0.0;0
7155;7.8;0.0;0.0;0.0;0.0;0.0;0.0;0.0;0.0;0
7156;7.9;0.0;0.0;0.0;0.0;0.0;0.0;0.0;0.0;0
7157;8.3;0.0;0.0;0.0;0.0;0.0;0.0;0.0;0.0;0
7158;8.3;0.0;0.0;0.0;0.0;0.0;0.0;0.0;0.0;0
7159;8.6;0.0;0.0;0.0;0.0;0.0;0.0;0.0;0.0;0
7160;9.0;4.2;4.2;4.2;4.2;4.2;4.2;4.2;4.2;7
7161;9.8;29.1;29.12;37.69;41.23;37.66;29.1;29.1;29.1;51
7162;10.8;62.1;62.1;75.16;86.65;83.77;68.19;62.1;62.1;111
7163;12.1;97.8;97.8;109.27;134.38;138.06;118.16;97.8;97.8;178
7164;14.0;119.5;119.5;119.5;213.95;253.07;213.95;119.5;119.5;250
7165;15.3;120.3;120.3;120.3;157.62;194.11;187.36;141.33;120.3;228
7166;15.3;62.9;62.9;62.9;66.28;74.94;76.54;70.15;62.9;109
7167;15.3;36.2;36.2;36.2;36.2;41.91;44.29;41.93;36.21;62
7168;14.8;14.5;14.5;14.5;14.5;19.04;22.84;21.76;16.42;25
7169;15.3;10.9;10.9;10.9;10.9;10.9;10.9;10.9;10.9;19
7170;15.1;1.2;1.2;1.2;1.2;1.2;1.2;1.2;1.2;2
7171;15.0;0.0;0.0;0.0;0.0;0.0;0.0;0.0;0.0;0
7172;15.0;0.0;0.0;0.0;0.0;0.0;0.0;0.0;0.0;0
7173;15.3;0.0;0.0;0.0;0.0;0.0;0.0;0.0;0.0;0
7174;15.8;0.0;0.0;0.0;0.0;0.0;0.0;0.0;0.0;0
7175;15.1;0.0;0.0;0.0;0.0;0.0;0.0;0.0;0.0;0
7176;14.8;0.0;0.0;0.0;0.0;0.0;0.0;0.0;0.0;0
7177;14.5;0.0;0.0;0.0;0.0;0.0;0.0;0.0;0.0;0
7178;14.6;0.0;0.0;0.0;0.0;0.0;0.0;0.0;0.0;0
7179;14.6;0.0;0.0;0.0;0.0;0.0;0.0;0.0;0.0;0
7180;14.0;0.0;0.0;0.0;0.0;0.0;0.0;0.0;0.0;0
7181;14.6;0.0;0.0;0.0;0.0;0.0;0.0;0.0;0.0;0
7182;15.6;0.0;0.0;0.0;0.0;0.0;0.0;0.0;0.0;0
7183;15.8;0.0;0.0;0.0;0.0;0.0;0.0;0.0;0.0;0
7184;15.6;0.6;0.6;0.6;0.6;0.6;0.6;0.6;0.6;1
7185;15.6;6.6;6.6;6.6;6.6;6.6;6.6;6.6;6.6;11
7186;15.6;13.9;13.9;15.37;16.67;16.35;14.59;13.9;13.9;24
7187;15.6;17.4;17.4;17.4;17.4;17.4;17.4;17.4;17.4;29
7188;15.8;16.2;16.2;16.2;16.2;16.2;16.2;16.2;16.2;27
7189;16.2;32.5;32.5;32.5;33.65;34.77;34.56;33.14;32.5;55
7190;16.7;49.6;49.6;49.6;52.38;59.41;60.7;55.48;49.6;86
7191;17.0;55.1;55.1;55.1;55.12;69.73;75.78;69.71;55.1;96
7192;14.1;9.7;9.7;9.7;9.7;14.46;18.41;17.26;11.68;17
7193;13.3;1.2;1.2;1.2;1.2;1.2;1.2;1.2;1.2;2
7194;12.5;0.0;0.0;0.0;0.0;0.0;0.0;0.0;0.0;0
7195;12.0;0.0;0.0;0.0;0.0;0.0;0.0;0.0;0.0;0
7196;11.6;0.0;0.0;0.0;0.0;0.0;0.0;0.0;0.0;0
7197;11.8;0.0;0.0;0.0;0.0;0.0;0.0;0.0;0.0;0
7198;11.6;0.0;0.0;0.0;0.0;0.0;0.0;0.0;0.0;0
7199;11.3;0.0;0.0;0.0;0.0;0.0;0.0;0.0;0.0;0
7200;10.6;0.0;0.0;0.0;0.0;0.0;0.0;0.0;0.0;0
7201;10.3;0.0;0.0;0.0;0.0;0.0;0.0;0.0;0.0;0
7202;8.6;0.0;0.0;0.0;0.0;0.0;0.0;0.0;0.0;0
7203;6.8;0.0;0.0;0.0;0.0;0.0;0.0;0.0;0.0;0
7204;5.5;0.0;0.0;0.0;0.0;0.0;0.0;0.0;0.0;0
7205;4.5;0.0;0.0;0.0;0.0;0.0;0.0;0.0;0.0;0
7206;3.7;0.0;0.0;0.0;0.0;0.0;0.0;0.0;0.0;0
7207;3.7;0.0;0.0;0.0;0.0;0.0;0.0;0.0;0.0;0
7208;4.0;5.4;5.4;5.4;5.4;5.4;5.4;5.4;5.4;9
7209;6.0;37.4;37.4;61.24;71.23;61.4;37.52;37.4;37.4;69
7210;10.1;74.6;74.6;158.15;232.6;214.49;114.44;74.6;74.6;171
7211;12.6;98.0;98.0;185.44;378.63;407.43;254.97;98.0;98.0;275
7212;13.6;109.0;109.0;109.0;412.29;537.92;412.29;109.0;109.0;340
7213;14.0;109.7;109.7;109.7;368.59;620.03;572.53;253.91;109.7;367
7214;14.1;114.4;114.4;114.4;164.2;289.27;311.9;218.84;114.4;249
7215;13.6;95.9;95.9;95.9;96.66;254.92;320.02;253.84;95.9;204
7216;13.0;64.9;64.9;64.9;64.9;159.87;238.04;214.79;103.73;124
7217;10.5;23.7;23.7;23.7;23.7;23.7;23.7;23.7;23.7;42
7218;8.3;0.0;0.0;0.0;0.0;0.0;0.0;0.0;0.0;0
7219;6.9;0.0;0.0;0.0;0.0;0.0;0.0;0.0;0.0;0
7220;5.5;0.0;0.0;0.0;0.0;0.0;0.0;0.0;0.0;0
7221;4.8;0.0;0.0;0.0;0.0;0.0;0.0;0.0;0.0;0
7222;4.1;0.0;0.0;0.0;0.0;0.0;0.0;0.0;0.0;0
7223;3.2;0.0;0.0;0.0;0.0;0.0;0.0;0.0;0.0;0
7224;2.9;0.0;0.0;0.0;0.0;0.0;0.0;0.0;0.0;0
7225;2.4;0.0;0.0;0.0;0.0;0.0;0.0;0.0;0.0;0
7226;2.5;0.0;0.0;0.0;0.0;0.0;0.0;0.0;0.0;0
7227;2.0;0.0;0.0;0.0;0.0;0.0;0.0;0.0;0.0;0
7228;1.1;0.0;0.0;0.0;0.0;0.0;0.0;0.0;0.0;0
7229;1.5;0.0;0.0;0.0;0.0;0.0;0.0;0.0;0.0;0
7230;2.0;0.0;0.0;0.0;0.0;0.0;0.0;0.0;0.0;0
7231;1.2;0.0;0.0;0.0;0.0;0.0;0.0;0.0;0.0;0
7232;1.0;7.2;7.2;7.2;7.2;7.2;7.2;7.2;7.2;12
7233;4.0;38.3;38.3;126.46;163.73;127.52;39.05;38.3;38.3;88
7234;6.5;72.0;72.0;199.11;313.02;285.75;133.27;72.0;72.0;190
7235;9.0;97.2;97.2;180.4;365.07;392.82;247.4;97.2;97.2;267
7236;10.6;106.1;106.1;106.1;425.38;557.63;425.38;106.1;106.1;341
7237;12.0;108.7;108.7;108.7;367.38;617.82;570.03;252.0;108.7;362
7238;12.1;105.3;105.3;105.3;238.77;570.97;630.38;382.21;105.3;328
7239;12.1;90.9;90.9;90.9;94.23;487.79;648.85;483.07;90.9;259
7240;12.1;64.5;64.5;64.5;64.5;490.29;837.59;732.02;235.43;175
7241;11.0;28.5;28.5;28.5;28.5;28.5;28.5;28.5;28.5;75
7242;9.1;1.2;1.2;1.2;1.2;1.2;1.2;1.2;1.2;2
7243;8.3;0.0;0.0;0.0;0.0;0.0;0.0;0.0;0.0;0
7244;7.3;0.0;0.0;0.0;0.0;0.0;0.0;0.0;0.0;0
7245;6.5;0.0;0.0;0.0;0.0;0.0;0.0;0.0;0.0;0
7246;7.0;0.0;0.0;0.0;0.0;0.0;0.0;0.0;0.0;0
7247;5.0;0.0;0.0;0.0;0.0;0.0;0.0;0.0;0.0;0
7248;4.3;0.0;0.0;0.0;0.0;0.0;0.0;0.0;0.0;0
7249;3.2;0.0;0.0;0.0;0.0;0.0;0.0;0.0;0.0;0
7250;2.7;0.0;0.0;0.0;0.0;0.0;0.0;0.0;0.0;0
7251;3.0;0.0;0.0;0.0;0.0;0.0;0.0;0.0;0.0;0
7252;1.8;0.0;0.0;0.0;0.0;0.0;0.0;0.0;0.0;0
7253;0.8;0.0;0.0;0.0;0.0;0.0;0.0;0.0;0.0;0
7254;1.2;0.0;0.0;0.0;0.0;0.0;0.0;0.0;0.0;0
7255;1.0;0.0;0.0;0.0;0.0;0.0;0.0;0.0;0.0;0
7256;1.7;3.6;3.6;3.6;3.6;3.6;3.6;3.6;3.6;6
7257;2.5;32.9;32.9;48.41;55.02;48.68;33.09;32.9;32.9;59
7258;5.6;71.6;71.6;175.96;270.03;247.86;122.44;71.6;71.6;176
7259;8.0;96.0;96.0;176.19;354.96;382.04;241.56;96.0;96.0;260
7260;10.5;109.7;109.7;109.7;374.61;484.34;374.61;109.7;109.7;317
7261;11.5;111.3;111.3;111.3;340.55;561.81;519.17;237.6;111.3;343
7262;12.3;103.9;103.9;103.9;239.22;573.06;632.07;381.68;103.9;324
7263;12.3;89.2;89.2;89.2;94.09;499.37;664.38;492.46;89.2;257
7264;11.8;64.4;64.4;64.4;64.4;341.18;564.94;495.49;173.51;149
7265;10.8;26.6;26.6;26.6;26.6;26.6;26.6;26.6;26.6;51
7266;7.5;1.2;1.2;1.2;1.2;1.2;1.2;1.2;1.2;2
7267;6.5;0.0;0.0;0.0;0.0;0.0;0.0;0.0;0.0;0
7268;5.4;0.0;0.0;0.0;0.0;0.0;0.0;0.0;0.0;0
7269;4.9;0.0;0.0;0.0;0.0;0.0;0.0;0.0;0.0;0
7270;3.7;0.0;0.0;0.0;0.0;0.0;0.0;0.0;0.0;0
7271;2.7;0.0;0.0;0.0;0.0;0.0;0.0;0.0;0.0;0
7272;2.4;0.0;0.0;0.0;0.0;0.0;0.0;0.0;0.0;0
7273;2.2;0.0;0.0;0.0;0.0;0.0;0.0;0.0;0.0;0
7274;1.8;0.0;0.0;0.0;0.0;0.0;0.0;0.0;0.0;0
7275;1.5;0.0;0.0;0.0;0.0;0.0;0.0;0.0;0.0;0
7276;1.3;0.0;0.0;0.0;0.0;0.0;0.0;0.0;0.0;0
7277;1.2;0.0;0.0;0.0;0.0;0.0;0.0;0.0;0.0;0
7278;1.2;0.0;0.0;0.0;0.0;0.0;0.0;0.0;0.0;0
7279;0.8;0.0;0.0;0.0;0.0;0.0;0.0;0.0;0.0;0
7280;1.0;3.6;3.6;3.6;3.6;3.6;3.6;3.6;3.6;6
7281;2.5;27.4;27.4;40.06;45.51;40.34;27.6;27.4;27.4;49
7282;4.5;66.7;66.7;86.94;105.28;101.02;76.66;66.7;66.7;122
7283;6.5;94.9;94.9;119.92;175.95;184.5;140.56;94.9;94.9;189
7284;8.1;112.7;112.7;112.7;281.41;351.29;281.41;112.7;112.7;272
7285;11.0;109.4;109.4;109.4;341.42;564.66;521.22;236.54;109.4;339
7286;13.1;102.7;102.7;102.7;236.79;564.74;622.04;375.11;102.7;317
7287;13.5;89.7;89.7;89.7;95.22;448.9;592.17;441.1;89.7;242
7288;12.3;61.6;61.6;61.6;61.6;190.04;292.97;260.36;111.33;121
7289;11.2;25.4;25.4;25.4;25.4;25.4;25.4;25.4;25.4;49
7290;10.0;1.2;1.2;1.2;1.2;1.2;1.2;1.2;1.2;2
7291;9.8;0.0;0.0;0.0;0.0;0.0;0.0;0.0;0.0;0
7292;10.1;0.0;0.0;0.0;0.0;0.0;0.0;0.0;0.0;0
7293;10.0;0.0;0.0;0.0;0.0;0.0;0.0;0.0;0.0;0
7294;10.9;0.0;0.0;0.0;0.0;0.0;0.0;0.0;0.0;0
7295;11.4;0.0;0.0;0.0;0.0;0.0;0.0;0.0;0.0;0
7296;11.8;0.0;0.0;0.0;0.0;0.0;0.0;0.0;0.0;0
7297;11.9;0.0;0.0;0.0;0.0;0.0;0.0;0.0;0.0;0
7298;12.5;0.0;0.0;0.0;0.0;0.0;0.0;0.0;0.0;0
7299;12.7;0.0;0.0;0.0;0.0;0.0;0.0;0.0;0.0;0
7300;12.8;0.0;0.0;0.0;0.0;0.0;0.0;0.0;0.0;0
7301;12.8;0.0;0.0;0.0;0.0;0.0;0.0;0.0;0.0;0
7302;12.5;0.0;0.0;0.0;0.0;0.0;0.0;0.0;0.0;0
7303;11.8;0.0;0.0;0.0;0.0;0.0;0.0;0.0;0.0;0
7304;11.6;0.6;0.6;0.6;0.6;0.6;0.6;0.6;0.6;1
7305;11.4;6.1;6.1;9.33;10.73;9.42;6.16;6.1;6.1;11
7306;11.2;25.4;25.4;28.56;31.44;30.78;26.97;25.4;25.4;44
7307;11.6;53.3;53.3;56.72;64.42;65.6;59.58;53.3;53.3;93
7308;12.2;80.1;80.1;80.1;95.36;101.68;95.36;80.1;80.1;141
7309;12.3;83.8;83.8;83.8;96.36;108.4;106.03;90.64;83.8;148
7310;12.2;72.8;72.8;72.8;79.08;94.31;96.94;85.43;72.8;128
7311;12.5;79.8;79.8;79.8;80.55;119.63;135.39;118.58;79.8;143
7312;12.3;60.1;60.1;60.1;60.1;325.28;535.97;467.9;160.94;136
7313;11.2;25.9;25.9;25.9;25.9;25.9;25.9;25.9;25.9;54
7314;10.2;1.2;1.2;1.2;1.2;1.2;1.2;1.2;1.2;2
7315;9.5;0.0;0.0;0.0;0.0;0.0;0.0;0.0;0.0;0
7316;9.6;0.0;0.0;0.0;0.0;0.0;0.0;0.0;0.0;0
7317;9.4;0.0;0.0;0.0;0.0;0.0;0.0;0.0;0.0;0
7318;9.0;0.0;0.0;0.0;0.0;0.0;0.0;0.0;0.0;0
7319;9.5;0.0;0.0;0.0;0.0;0.0;0.0;0.0;0.0;0
7320;11.3;0.0;0.0;0.0;0.0;0.0;0.0;0.0;0.0;0
7321;12.5;0.0;0.0;0.0;0.0;0.0;0.0;0.0;0.0;0
7322;12.9;0.0;0.0;0.0;0.0;0.0;0.0;0.0;0.0;0
7323;13.1;0.0;0.0;0.0;0.0;0.0;0.0;0.0;0.0;0
7324;13.3;0.0;0.0;0.0;0.0;0.0;0.0;0.0;0.0;0
7325;13.1;0.0;0.0;0.0;0.0;0.0;0.0;0.0;0.0;0
7326;13.1;0.0;0.0;0.0;0.0;0.0;0.0;0.0;0.0;0
7327;13.3;0.0;0.0;0.0;0.0;0.0;0.0;0.0;0.0;0
7328;12.8;0.6;0.6;0.6;0.6;0.6;0.6;0.6;0.6;1
7329;12.7;4.8;4.8;4.8;4.8;4.8;4.8;4.8;4.8;8
7330;13.4;11.4;11.4;11.4;11.4;11.4;11.4;11.4;11.4;19
7331;13.8;11.4;11.4;11.4;11.4;11.4;11.4;11.4;11.4;19
7332;13.7;18.7;18.7;18.7;20.42;21.13;20.42;18.7;18.7;32
7333;14.4;21.7;21.7;21.7;22.98;24.2;23.96;22.39;21.7;37
7334;14.7;18.6;18.6;18.6;18.6;18.6;18.6;18.6;18.6;31
7335;14.6;25.3;25.3;25.3;25.38;28.71;30.04;28.6;25.3;43
7336;14.6;11.4;11.4;11.4;11.4;11.4;11.4;11.4;11.4;19
7337;14.3;3.0;3.0;3.0;3.0;3.0;3.0;3.0;3.0;5
7338;14.6;0.0;0.0;0.0;0.0;0.0;0.0;0.0;0.0;0
7339;14.6;0.0;0.0;0.0;0.0;0.0;0.0;0.0;0.0;0
7340;14.8;0.0;0.0;0.0;0.0;0.0;0.0;0.0;0.0;0
7341;14.3;0.0;0.0;0.0;0.0;0.0;0.0;0.0;0.0;0
7342;14.8;0.0;0.0;0.0;0.0;0.0;0.0;0.0;0.0;0
7343;14.9;0.0;0.0;0.0;0.0;0.0;0.0;0.0;0.0;0
7344;14.4;0.0;0.0;0.0;0.0;0.0;0.0;0.0;0.0;0
7345;14.1;0.0;0.0;0.0;0.0;0.0;0.0;0.0;0.0;0
7346;14.0;0.0;0.0;0.0;0.0;0.0;0.0;0.0;0.0;0
7347;14.2;0.0;0.0;0.0;0.0;0.0;0.0;0.0;0.0;0
7348;13.7;0.0;0.0;0.0;0.0;0.0;0.0;0.0;0.0;0
7349;13.5;0.0;0.0;0.0;0.0;0.0;0.0;0.0;0.0;0
7350;13.4;0.0;0.0;0.0;0.0;0.0;0.0;0.0;0.0;0
7351;13.4;0.0;0.0;0.0;0.0;0.0;0.0;0.0;0.0;0
7352;13.4;0.0;0.0;0.0;0.0;0.0;0.0;0.0;0.0;0
7353;13.8;2.4;2.4;2.4;2.4;2.4;2.4;2.4;2.4;4
7354;13.9;7.2;7.2;7.2;7.2;7.2;7.2;7.2;7.2;12
7355;14.2;11.4;11.4;11.4;11.4;11.4;11.4;11.4;11.4;19
7356;14.3;19.2;19.2;19.2;19.2;19.2;19.2;19.2;19.2;32
7357;14.0;16.9;16.9;16.9;18.2;19.44;19.19;17.6;16.9;29
7358;13.7;18.6;18.6;18.6;18.6;18.6;18.6;18.6;18.6;31
7359;13.5;11.4;11.4;11.4;11.4;11.4;11.4;11.4;11.4;19
7360;13.4;9.7;9.7;9.7;9.7;16.62;22.02;20.21;12.24;17
7361;13.5;1.2;1.2;1.2;1.2;1.2;1.2;1.2;1.2;2
7362;13.5;0.0;0.0;0.0;0.0;0.0;0.0;0.0;0.0;0
7363;13.8;0.0;0.0;0.0;0.0;0.0;0.0;0.0;0.0;0
7364;14.0;0.0;0.0;0.0;0.0;0.0;0.0;0.0;0.0;0
7365;14.3;0.0;0.0;0.0;0.0;0.0;0.0;0.0;0.0;0
7366;14.1;0.0;0.0;0.0;0.0;0.0;0.0;0.0;0.0;0
7367;14.0;0.0;0.0;0.0;0.0;0.0;0.0;0.0;0.0;0
7368;14.0;0.0;0.0;0.0;0.0;0.0;0.0;0.0;0.0;0
7369;14.1;0.0;0.0;0.0;0.0;0.0;0.0;0.0;0.0;0
7370;13.6;0.0;0.0;0.0;0.0;0.0;0.0;0.0;0.0;0
7371;13.9;0.0;0.0;0.0;0.0;0.0;0.0;0.0;0.0;0
7372;13.8;0.0;0.0;0.0;0.0;0.0;0.0;0.0;0.0;0
7373;13.6;0.0;0.0;0.0;0.0;0.0;0.0;0.0;0.0;0
7374;13.7;0.0;0.0;0.0;0.0;0.0;0.0;0.0;0.0;0
7375;14.0;0.0;0.0;0.0;0.0;0.0;0.0;0.0;0.0;0
7376;13.7;0.0;0.0;0.0;0.0;0.0;0.0;0.0;0.0;0
7377;13.1;2.4;2.4;2.4;2.4;2.4;2.4;2.4;2.4;4
7378;13.4;6.0;6.0;6.0;6.0;6.0;6.0;6.0;6.0;10
7379;13.7;12.7;12.7;13.41;15.02;15.28;14.02;12.7;12.7;22
7380;13.1;19.9;19.9;19.9;21.67;22.41;21.67;19.9;19.9;34
7381;13.0;19.9;19.9;19.9;21.22;22.48;22.22;20.61;19.9;34
7382;12.9;13.8;13.8;13.8;13.8;13.8;13.8;13.8;13.8;23
7383;12.9;15.6;15.6;15.6;15.6;15.6;15.6;15.6;15.6;26
7384;12.9;9.7;9.7;9.7;9.7;17.05;22.74;20.8;12.35;17
7385;12.9;1.2;1.2;1.2;1.2;1.2;1.2;1.2;1.2;2
7386;12.5;0.0;0.0;0.0;0.0;0.0;0.0;0.0;0.0;0
7387;12.3;0.0;0.0;0.0;0.0;0.0;0.0;0.0;0.0;0
7388;12.3;0.0;0.0;0.0;0.0;0.0;0.0;0.0;0.0;0
7389;12.3;0.0;0.0;0.0;0.0;0.0;0.0;0.0;0.0;0
7390;12.6;0.0;0.0;0.0;0.0;0.0;0.0;0.0;0.0;0
7391;11.8;0.0;0.0;0.0;0.0;0.0;0.0;0.0;0.0;0
7392;11.4;0.0;0.0;0.0;0.0;0.0;0.0;0.0;0.0;0
7393;12.0;0.0;0.0;0.0;0.0;0.0;0.0;0.0;0.0;0
7394;11.9;0.0;0.0;0.0;0.0;0.0;0.0;0.0;0.0;0
7395;11.6;0.0;0.0;0.0;0.0;0.0;0.0;0.0;0.0;0
7396;11.5;0.0;0.0;0.0;0.0;0.0;0.0;0.0;0.0;0
7397;10.8;0.0;0.0;0.0;0.0;0.0;0.0;0.0;0.0;0
7398;11.0;0.0;0.0;0.0;0.0;0.0;0.0;0.0;0.0;0
7399;10.2;0.0;0.0;0.0;0.0;0.0;0.0;0.0;0.0;0
7400;10.2;1.2;1.2;1.2;1.2;1.2;1.2;1.2;1.2;2
7401;9.9;10.9;10.9;14.41;15.99;14.58;11.02;10.9;10.9;19
7402;10.8;40.0;40.0;46.69;52.91;51.57;43.46;40.0;40.0;70
7403;11.3;71.2;71.2;78.38;94.79;97.38;84.64;71.2;71.2;127
7404;11.2;64.3;64.3;64.3;76.9;82.11;76.9;64.3;64.3;113
7405;10.4;76.5;76.5;76.5;88.59;100.06;97.73;82.96;76.5;135
7406;11.3;73.5;73.5;73.5;81.27;99.54;102.55;88.55;73.5;130
7407;10.8;41.1;41.1;41.1;41.45;52.13;56.36;51.64;41.1;71
7408;10.2;37.6;37.6;37.6;37.6;68.9;92.96;84.59;48.69;66
7409;8.9;4.2;4.2;4.2;4.2;4.2;4.2;4.2;4.2;7
7410;8.7;0.0;0.0;0.0;0.0;0.0;0.0;0.0;0.0;0
7411;8.6;0.0;0.0;0.0;0.0;0.0;0.0;0.0;0.0;0
7412;8.0;0.0;0.0;0.0;0.0;0.0;0.0;0.0;0.0;0
7413;9.1;0.0;0.0;0.0;0.0;0.0;0.0;0.0;0.0;0
7414;8.2;0.0;0.0;0.0;0.0;0.0;0.0;0.0;0.0;0
7415;8.4;0.0;0.0;0.0;0.0;0.0;0.0;0.0;0.0;0
7416;7.9;0.0;0.0;0.0;0.0;0.0;0.0;0.0;0.0;0
7417;7.9;0.0;0.0;0.0;0.0;0.0;0.0;0.0;0.0;0
7418;8.3;0.0;0.0;0.0;0.0;0.0;0.0;0.0;0.0;0
7419;9.2;0.0;0.0;0.0;0.0;0.0;0.0;0.0;0.0;0
7420;9.9;0.0;0.0;0.0;0.0;0.0;0.0;0.0;0.0;0
7421;10.3;0.0;0.0;0.0;0.0;0.0;0.0;0.0;0.0;0
7422;9.9;0.0;0.0;0.0;0.0;0.0;0.0;0.0;0.0;0
7423;10.7;0.0;0.0;0.0;0.0;0.0;0.0;0.0;0.0;0
7424;10.5;0.0;0.0;0.0;0.0;0.0;0.0;0.0;0.0;0
7425;11.6;0.6;0.6;0.6;0.6;0.6;0.6;0.6;0.6;1
7426;12.5;5.4;5.4;5.4;5.4;5.4;5.4;5.4;5.4;9
7427;12.2;13.8;13.8;13.8;13.8;13.8;13.8;13.8;13.8;23
7428;12.0;64.2;64.2;64.2;75.15;79.69;75.15;64.2;64.2;112
7429;13.4;100.5;100.5;100.5;334.16;555.15;509.81;224.71;100.5;310
7430;13.9;100.5;100.5;100.5;172.12;339.16;366.39;237.87;100.5;235
7431;14.0;80.4;80.4;80.4;92.92;442.72;580.28;425.01;80.4;214
7432;13.7;53.6;53.6;53.6;53.6;471.19;789.61;676.88;199.04;131
7433;12.9;21.7;21.7;21.7;21.7;21.7;21.7;21.7;21.7;42
7434;12.6;0.0;0.0;0.0;0.0;0.0;0.0;0.0;0.0;0
7435;12.3;0.0;0.0;0.0;0.0;0.0;0.0;0.0;0.0;0
7436;11.9;0.0;0.0;0.0;0.0;0.0;0.0;0.0;0.0;0
7437;11.7;0.0;0.0;0.0;0.0;0.0;0.0;0.0;0.0;0
7438;11.8;0.0;0.0;0.0;0.0;0.0;0.0;0.0;0.0;0
7439;11.3;0.0;0.0;0.0;0.0;0.0;0.0;0.0;0.0;0
7440;11.5;0.0;0.0;0.0;0.0;0.0;0.0;0.0;0.0;0
7441;11.0;0.0;0.0;0.0;0.0;0.0;0.0;0.0;0.0;0
7442;11.0;0.0;0.0;0.0;0.0;0.0;0.0;0.0;0.0;0
7443;11.1;0.0;0.0;0.0;0.0;0.0;0.0;0.0;0.0;0
7444;10.3;0.0;0.0;0.0;0.0;0.0;0.0;0.0;0.0;0
7445;10.3;0.0;0.0;0.0;0.0;0.0;0.0;0.0;0.0;0
7446;10.2;0.0;0.0;0.0;0.0;0.0;0.0;0.0;0.0;0
7447;10.2;0.0;0.0;0.0;0.0;0.0;0.0;0.0;0.0;0
7448;10.2;1.8;1.8;1.8;1.8;1.8;1.8;1.8;1.8;3
7449;10.0;10.2;10.2;10.2;10.2;10.2;10.2;10.2;10.2;17
7450;9.5;15.7;15.7;17.42;19.04;18.7;16.6;15.7;15.7;27
7451;9.8;35.6;35.6;37.07;40.46;41.0;38.38;35.6;35.6;61
7452;10.2;30.1;30.1;30.1;31.95;32.72;31.95;30.1;30.1;51
7453;9.7;39.3;39.3;39.3;43.47;47.4;46.59;41.5;39.3;68
7454;9.4;22.3;22.3;22.3;23.2;25.3;25.64;24.02;22.3;38
7455;8.4;4.2;4.2;4.2;4.2;4.2;4.2;4.2;4.2;7
7456;8.4;16.2;16.2;16.2;16.2;16.2;16.2;16.2;16.2;27
7457;8.2;5.4;5.4;5.4;5.4;5.4;5.4;5.4;5.4;9
7458;7.6;0.0;0.0;0.0;0.0;0.0;0.0;0.0;0.0;0
7459;7.2;0.0;0.0;0.0;0.0;0.0;0.0;0.0;0.0;0
7460;6.9;0.0;0.0;0.0;0.0;0.0;0.0;0.0;0.0;0
7461;7.3;0.0;0.0;0.0;0.0;0.0;0.0;0.0;0.0;0
7462;7.2;0.0;0.0;0.0;0.0;0.0;0.0;0.0;0.0;0
7463;7.1;0.0;0.0;0.0;0.0;0.0;0.0;0.0;0.0;0
7464;7.0;0.0;0.0;0.0;0.0;0.0;0.0;0.0;0.0;0
7465;6.8;0.0;0.0;0.0;0.0;0.0;0.0;0.0;0.0;0
7466;6.6;0.0;0.0;0.0;0.0;0.0;0.0;0.0;0.0;0
7467;5.6;0.0;0.0;0.0;0.0;0.0;0.0;0.0;0.0;0
7468;5.0;0.0;0.0;0.0;0.0;0.0;0.0;0.0;0.0;0
7469;5.0;0.0;0.0;0.0;0.0;0.0;0.0;0.0;0.0;0
7470;5.6;0.0;0.0;0.0;0.0;0.0;0.0;0.0;0.0;0
7471;6.4;0.0;0.0;0.0;0.0;0.0;0.0;0.0;0.0;0
7472;0.7;3.6;3.6;3.6;3.6;3.6;3.6;3.6;3.6;6
7473;7.7;23.2;23.2;83.17;110.57;86.8;25.77;23.2;23.2;52
7474;8.1;55.3;55.3;203.64;343.78;314.94;134.0;55.3;55.3;163
7475;8.9;75.6;75.6;191.62;459.99;503.19;295.91;75.6;75.6;256
7476;9.8;85.4;85.4;85.4;483.83;648.87;483.83;85.4;85.4;319
7477;10.1;89.3;89.3;89.3;401.41;695.05;633.85;253.66;89.3;333
7478;10.4;90.5;90.5;90.5;239.57;582.29;636.92;371.47;90.5;285
7479;10.1;72.9;72.9;72.9;94.57;609.51;810.11;578.87;72.9;234
7480;9.7;49.3;49.3;49.3;49.3;692.05;1174.64;998.02;265.65;138
7481;7.6;20.2;20.2;20.2;20.2;20.2;20.2;20.2;20.2;42
7482;5.5;0.0;0.0;0.0;0.0;0.0;0.0;0.0;0.0;0
7483;4.7;0.0;0.0;0.0;0.0;0.0;0.0;0.0;0.0;0
7484;4.3;0.0;0.0;0.0;0.0;0.0;0.0;0.0;0.0;0
7485;4.3;0.0;0.0;0.0;0.0;0.0;0.0;0.0;0.0;0
7486;4.5;0.0;0.0;0.0;0.0;0.0;0.0;0.0;0.0;0
7487;3.9;0.0;0.0;0.0;0.0;0.0;0.0;0.0;0.0;0
7488;4.2;0.0;0.0;0.0;0.0;0.0;0.0;0.0;0.0;0
7489;5.4;0.0;0.0;0.0;0.0;0.0;0.0;0.0;0.0;0
7490;5.3;0.0;0.0;0.0;0.0;0.0;0.0;0.0;0.0;0
7491;6.2;0.0;0.0;0.0;0.0;0.0;0.0;0.0;0.0;0
7492;7.4;0.0;0.0;0.0;0.0;0.0;0.0;0.0;0.0;0
7493;7.1;0.0;0.0;0.0;0.0;0.0;0.0;0.0;0.0;0
7494;7.3;0.0;0.0;0.0;0.0;0.0;0.0;0.0;0.0;0
7495;7.4;0.0;0.0;0.0;0.0;0.0;0.0;0.0;0.0;0
7496;7.1;1.8;1.8;1.8;1.8;1.8;1.8;1.8;1.8;3
7497;7.3;20.8;20.8;36.12;43.17;37.12;21.5;20.8;20.8;38
7498;8.7;55.5;55.5;177.65;293.59;270.07;120.85;55.5;55.5;150
7499;10.0;83.2;83.2;135.87;258.17;277.97;183.68;83.2;83.2;197
7500;10.0;97.2;97.2;97.2;165.83;194.26;165.83;97.2;97.2;192
7501;10.3;63.6;63.6;63.6;72.21;80.29;78.6;68.11;63.6;111
7502;10.3;75.9;75.9;75.9;84.42;103.89;106.96;91.83;75.9;134
7503;10.8;78.1;78.1;78.1;85.68;253.52;318.6;242.8;78.1;166
7504;10.1;45.7;45.7;45.7;45.7;118.01;171.9;151.87;69.64;82
7505;9.0;13.3;13.3;13.3;13.3;13.3;13.3;13.3;13.3;28
7506;8.3;0.0;0.0;0.0;0.0;0.0;0.0;0.0;0.0;0
7507;7.5;0.0;0.0;0.0;0.0;0.0;0.0;0.0;0.0;0
7508;7.0;0.0;0.0;0.0;0.0;0.0;0.0;0.0;0.0;0
7509;5.9;0.0;0.0;0.0;0.0;0.0;0.0;0.0;0.0;0
7510;5.4;0.0;0.0;0.0;0.0;0.0;0.0;0.0;0.0;0
7511;5.8;0.0;0.0;0.0;0.0;0.0;0.0;0.0;0.0;0
7512;5.2;0.0;0.0;0.0;0.0;0.0;0.0;0.0;0.0;0
7513;6.0;0.0;0.0;0.0;0.0;0.0;0.0;0.0;0.0;0
7514;4.2;0.0;0.0;0.0;0.0;0.0;0.0;0.0;0.0;0
7515;4.3;0.0;0.0;0.0;0.0;0.0;0.0;0.0;0.0;0
7516;4.6;0.0;0.0;0.0;0.0;0.0;0.0;0.0;0.0;0
7517;5.1;0.0;0.0;0.0;0.0;0.0;0.0;0.0;0.0;0
7518;5.8;0.0;0.0;0.0;0.0;0.0;0.0;0.0;0.0;0
7519;6.0;0.0;0.0;0.0;0.0;0.0;0.0;0.0;0.0;0
7520;6.0;0.0;0.0;0.0;0.0;0.0;0.0;0.0;0.0;0
7521;6.0;1.2;1.2;1.2;1.2;1.2;1.2;1.2;1.2;2
7522;6.5;9.0;9.0;9.0;9.0;9.0;9.0;9.0;9.0;15
7523;6.8;15.0;15.0;15.0;15.0;15.0;15.0;15.0;15.0;25
7524;7.3;22.3;22.3;22.3;24.23;25.03;24.23;22.3;22.3;38
7525;7.4;18.1;18.1;18.1;19.56;20.92;20.64;18.86;18.1;31
7526;7.8;19.8;19.8;19.8;19.8;19.8;19.8;19.8;19.8;33
7527;8.1;25.4;25.4;25.4;25.78;33.77;36.86;33.23;25.4;44
7528;8.2;12.7;12.7;12.7;12.7;23.87;32.13;29.01;16.33;22
7529;8.1;3.0;3.0;3.0;3.0;3.0;3.0;3.0;3.0;5
7530;7.8;0.0;0.0;0.0;0.0;0.0;0.0;0.0;0.0;0
7531;7.6;0.0;0.0;0.0;0.0;0.0;0.0;0.0;0.0;0
7532;7.5;0.0;0.0;0.0;0.0;0.0;0.0;0.0;0.0;0
7533;7.7;0.0;0.0;0.0;0.0;0.0;0.0;0.0;0.0;0
7534;7.7;0.0;0.0;0.0;0.0;0.0;0.0;0.0;0.0;0
7535;6.9;0.0;0.0;0.0;0.0;0.0;0.0;0.0;0.0;0
7536;6.4;0.0;0.0;0.0;0.0;0.0;0.0;0.0;0.0;0
7537;6.4;0.0;0.0;0.0;0.0;0.0;0.0;0.0;0.0;0
7538;5.9;0.0;0.0;0.0;0.0;0.0;0.0;0.0;0.0;0
7539;5.7;0.0;0.0;0.0;0.0;0.0;0.0;0.0;0.0;0
7540;5.4;0.0;0.0;0.0;0.0;0.0;0.0;0.0;0.0;0
7541;5.1;0.0;0.0;0.0;0.0;0.0;0.0;0.0;0.0;0
7542;4.6;0.0;0.0;0.0;0.0;0.0;0.0;0.0;0.0;0
7543;3.8;0.0;0.0;0.0;0.0;0.0;0.0;0.0;0.0;0
7544;3.5;1.8;1.8;1.8;1.8;1.8;1.8;1.8;1.8;3
7545;3.5;14.5;14.5;18.5;20.37;18.8;14.71;14.5;14.5;25
7546;4.5;41.9;41.9;51.01;59.73;58.01;46.85;41.9;41.9;74
7547;5.4;55.8;55.8;60.42;71.23;73.0;64.69;55.8;55.8;98
7548;6.3;57.5;57.5;57.5;67.3;71.37;67.3;57.5;57.5;100
7549;6.7;52.0;52.0;52.0;57.93;63.47;62.29;55.08;52.0;90
7550;6.6;22.3;22.3;22.3;23.29;25.52;25.87;24.12;22.3;38
7551;6.7;9.0;9.0;9.0;9.0;9.0;9.0;9.0;9.0;15
7552;6.9;3.0;3.0;3.0;3.0;3.0;3.0;3.0;3.0;5
7553;7.4;0.0;0.0;0.0;0.0;0.0;0.0;0.0;0.0;0
7554;7.7;0.0;0.0;0.0;0.0;0.0;0.0;0.0;0.0;0
7555;7.7;0.0;0.0;0.0;0.0;0.0;0.0;0.0;0.0;0
7556;7.8;0.0;0.0;0.0;0.0;0.0;0.0;0.0;0.0;0
7557;9.4;0.0;0.0;0.0;0.0;0.0;0.0;0.0;0.0;0
7558;8.6;0.0;0.0;0.0;0.0;0.0;0.0;0.0;0.0;0
7559;9.1;0.0;0.0;0.0;0.0;0.0;0.0;0.0;0.0;0
7560;9.0;0.0;0.0;0.0;0.0;0.0;0.0;0.0;0.0;0
7561;9.5;0.0;0.0;0.0;0.0;0.0;0.0;0.0;0.0;0
7562;9.6;0.0;0.0;0.0;0.0;0.0;0.0;0.0;0.0;0
7563;9.3;0.0;0.0;0.0;0.0;0.0;0.0;0.0;0.0;0
7564;8.7;0.0;0.0;0.0;0.0;0.0;0.0;0.0;0.0;0
7565;8.0;0.0;0.0;0.0;0.0;0.0;0.0;0.0;0.0;0
7566;8.1;0.0;0.0;0.0;0.0;0.0;0.0;0.0;0.0;0
7567;8.1;0.0;0.0;0.0;0.0;0.0;0.0;0.0;0.0;0
7568;8.2;0.0;0.0;0.0;0.0;0.0;0.0;0.0;0.0;0
7569;8.6;4.2;4.2;4.2;4.2;4.2;4.2;4.2;4.2;7
7570;8.9;24.1;24.1;25.95;27.72;27.38;25.11;24.1;24.1;41
7571;9.4;58.3;58.3;63.75;76.55;78.66;68.84;58.3;58.3;103
7572;9.8;81.5;81.5;81.5;103.37;112.43;103.37;81.5;81.5;145
7573;9.8;76.0;76.0;76.0;91.06;105.09;102.08;83.79;76.0;135
7574;10.0;69.8;69.8;69.8;77.9;96.03;98.8;84.58;69.8;123
7575;9.6;51.5;51.5;51.5;52.63;73.55;81.56;71.96;51.5;90
7576;9.5;20.5;20.5;20.5;20.5;20.5;20.5;20.5;20.5;35
7577;8.9;1.2;1.2;1.2;1.2;1.2;1.2;1.2;1.2;2
7578;8.9;0.0;0.0;0.0;0.0;0.0;0.0;0.0;0.0;0
7579;8.1;0.0;0.0;0.0;0.0;0.0;0.0;0.0;0.0;0
7580;6.9;0.0;0.0;0.0;0.0;0.0;0.0;0.0;0.0;0
7581;6.2;0.0;0.0;0.0;0.0;0.0;0.0;0.0;0.0;0
7582;7.6;0.0;0.0;0.0;0.0;0.0;0.0;0.0;0.0;0
7583;7.6;0.0;0.0;0.0;0.0;0.0;0.0;0.0;0.0;0
7584;7.8;0.0;0.0;0.0;0.0;0.0;0.0;0.0;0.0;0
7585;8.2;0.0;0.0;0.0;0.0;0.0;0.0;0.0;0.0;0
7586;7.9;0.0;0.0;0.0;0.0;0.0;0.0;0.0;0.0;0
7587;7.7;0.0;0.0;0.0;0.0;0.0;0.0;0.0;0.0;0
7588;7.4;0.0;0.0;0.0;0.0;0.0;0.0;0.0;0.0;0
7589;7.2;0.0;0.0;0.0;0.0;0.0;0.0;0.0;0.0;0
7590;7.4;0.0;0.0;0.0;0.0;0.0;0.0;0.0;0.0;0
7591;6.7;0.0;0.0;0.0;0.0;0.0;0.0;0.0;0.0;0
7592;5.3;0.6;0.6;0.6;0.6;0.6;0.6;0.6;0.6;1
7593;4.0;9.0;9.0;9.0;9.0;9.0;9.0;9.0;9.0;15
7594;4.2;36.4;36.4;43.89;51.14;49.75;40.54;36.4;36.4;64
7595;8.1;74.5;74.5;89.47;124.74;130.57;103.56;74.5;74.5;140
7596;8.0;89.9;89.9;89.9;136.26;155.47;136.26;89.9;89.9;169
7597;8.7;92.9;92.9;92.9;118.9;143.07;137.85;106.3;92.9;169
7598;9.0;91.3;91.3;91.3;185.44;394.9;426.52;261.77;91.3;228
7599;8.2;59.6;59.6;59.6;61.55;95.81;108.86;93.06;59.6;106
7600;7.8;26.0;26.0;26.0;26.0;26.0;26.0;26.0;26.0;45
7601;5.8;4.2;4.2;4.2;4.2;4.2;4.2;4.2;4.2;7
7602;3.4;0.0;0.0;0.0;0.0;0.0;0.0;0.0;0.0;0
7603;3.4;0.0;0.0;0.0;0.0;0.0;0.0;0.0;0.0;0
7604;3.4;0.0;0.0;0.0;0.0;0.0;0.0;0.0;0.0;0
7605;2.4;0.0;0.0;0.0;0.0;0.0;0.0;0.0;0.0;0
7606;2.0;0.0;0.0;0.0;0.0;0.0;0.0;0.0;0.0;0
7607;1.4;0.0;0.0;0.0;0.0;0.0;0.0;0.0;0.0;0
7608;1.8;0.0;0.0;0.0;0.0;0.0;0.0;0.0;0.0;0
7609;1.9;0.0;0.0;0.0;0.0;0.0;0.0;0.0;0.0;0
7610;1.8;0.0;0.0;0.0;0.0;0.0;0.0;0.0;0.0;0
7611;1.7;0.0;0.0;0.0;0.0;0.0;0.0;0.0;0.0;0
7612;0.0;0.0;0.0;0.0;0.0;0.0;0.0;0.0;0.0;0
7613;-0.7;0.0;0.0;0.0;0.0;0.0;0.0;0.0;0.0;0
7614;0.5;0.0;0.0;0.0;0.0;0.0;0.0;0.0;0.0;0
7615;-0.3;0.0;0.0;0.0;0.0;0.0;0.0;0.0;0.0;0
7616;-0.6;1.8;1.8;1.8;1.8;1.8;1.8;1.8;1.8;3
7617;0.5;15.6;15.6;41.26;53.45;43.47;17.17;15.6;15.6;31
7618;2.7;50.4;50.4;118.79;185.16;172.59;88.45;50.4;50.4;114
7619;6.6;76.4;76.4;135.38;274.76;297.94;191.34;76.4;76.4;189
7620;7.6;92.9;92.9;92.9;201.2;246.06;201.2;92.9;92.9;199
7621;7.8;95.2;95.2;95.2;148.01;196.99;186.34;122.3;95.2;187
7622;8.6;77.5;77.5;77.5;275.13;712.23;777.52;432.75;77.5;285
7623;8.6;70.1;70.1;70.1;94.89;511.4;669.4;476.34;70.1;196
7624;7.8;42.9;42.9;42.9;42.9;42.9;42.9;42.9;42.9;119
7625;6.5;16.5;16.5;16.5;16.5;16.5;16.5;16.5;16.5;30
7626;3.9;0.0;0.0;0.0;0.0;0.0;0.0;0.0;0.0;0
7627;1.8;0.0;0.0;0.0;0.0;0.0;0.0;0.0;0.0;0
7628;1.4;0.0;0.0;0.0;0.0;0.0;0.0;0.0;0.0;0
7629;1.4;0.0;0.0;0.0;0.0;0.0;0.0;0.0;0.0;0
7630;0.5;0.0;0.0;0.0;0.0;0.0;0.0;0.0;0.0;0
7631;-0.5;0.0;0.0;0.0;0.0;0.0;0.0;0.0;0.0;0
7632;-1.2;0.0;0.0;0.0;0.0;0.0;0.0;0.0;0.0;0
7633;-1.1;0.0;0.0;0.0;0.0;0.0;0.0;0.0;0.0;0
7634;-1.3;0.0;0.0;0.0;0.0;0.0;0.0;0.0;0.0;0
7635;-1.8;0.0;0.0;0.0;0.0;0.0;0.0;0.0;0.0;0
7636;-1.5;0.0;0.0;0.0;0.0;0.0;0.0;0.0;0.0;0
7637;-1.6;0.0;0.0;0.0;0.0;0.0;0.0;0.0;0.0;0
7638;-1.2;0.0;0.0;0.0;0.0;0.0;0.0;0.0;0.0;0
7639;-1.5;0.0;0.0;0.0;0.0;0.0;0.0;0.0;0.0;0
7640;-1.7;1.8;1.8;1.8;1.8;1.8;1.8;1.8;1.8;3
7641;-1.2;14.7;14.7;80.28;111.64;86.21;18.89;14.7;14.7;37
7642;0.0;46.2;46.2;196.45;342.87;315.51;130.39;46.2;46.2;142
7643;2.0;64.8;64.8;190.55;488.67;538.49;310.83;64.8;64.8;238
7644;3.7;78.8;78.8;78.8;468.13;629.4;468.13;78.8;78.8;288
7645;4.6;85.1;85.1;85.1;376.86;646.85;587.76;234.23;85.1;296
7646;5.0;77.8;77.8;77.8;269.92;692.38;754.82;420.68;77.8;278
7647;4.8;66.1;66.1;66.1;98.21;614.32;809.28;568.9;66.1;206
7648;4.5;42.9;42.9;42.9;42.9;42.9;42.9;42.9;42.9;109
7649;3.1;14.0;14.0;14.0;14.0;14.0;14.0;14.0;14.0;25
7650;1.3;0.0;0.0;0.0;0.0;0.0;0.0;0.0;0.0;0
7651;0.1;0.0;0.0;0.0;0.0;0.0;0.0;0.0;0.0;0
7652;0.1;0.0;0.0;0.0;0.0;0.0;0.0;0.0;0.0;0
7653;0.8;0.0;0.0;0.0;0.0;0.0;0.0;0.0;0.0;0
7654;1.3;0.0;0.0;0.0;0.0;0.0;0.0;0.0;0.0;0
7655;1.7;0.0;0.0;0.0;0.0;0.0;0.0;0.0;0.0;0
7656;2.0;0.0;0.0;0.0;0.0;0.0;0.0;0.0;0.0;0
7657;1.8;0.0;0.0;0.0;0.0;0.0;0.0;0.0;0.0;0
7658;2.1;0.0;0.0;0.0;0.0;0.0;0.0;0.0;0.0;0
7659;2.3;0.0;0.0;0.0;0.0;0.0;0.0;0.0;0.0;0
7660;2.2;0.0;0.0;0.0;0.0;0.0;0.0;0.0;0.0;0
7661;2.3;0.0;0.0;0.0;0.0;0.0;0.0;0.0;0.0;0
7662;2.3;0.0;0.0;0.0;0.0;0.0;0.0;0.0;0.0;0
7663;2.1;0.0;0.0;0.0;0.0;0.0;0.0;0.0;0.0;0
7664;1.5;0.6;0.6;0.6;0.6;0.6;0.6;0.6;0.6;1
7665;2.1;6.6;6.6;6.6;6.6;6.6;6.6;6.6;6.6;11
7666;2.2;32.8;32.8;40.61;48.26;46.85;37.21;32.8;32.8;58
7667;3.9;74.6;74.6;120.25;228.81;247.03;164.25;74.6;74.6;171
7668;4.8;85.9;85.9;85.9;365.0;480.6;365.0;85.9;85.9;254
7669;5.1;93.8;93.8;93.8;154.64;210.81;198.44;124.77;93.8;188
7670;4.8;50.2;50.2;50.2;54.61;64.25;65.66;58.01;50.2;87
7671;4.5;18.7;18.7;18.7;19.0;23.59;25.32;23.17;18.7;32
7672;3.9;6.0;6.0;6.0;6.0;6.0;6.0;6.0;6.0;10
7673;3.9;2.5;2.5;2.5;2.5;2.5;2.5;2.5;2.5;5
7674;3.6;0.0;0.0;0.0;0.0;0.0;0.0;0.0;0.0;0
7675;3.6;0.0;0.0;0.0;0.0;0.0;0.0;0.0;0.0;0
7676;3.5;0.0;0.0;0.0;0.0;0.0;0.0;0.0;0.0;0
7677;3.0;0.0;0.0;0.0;0.0;0.0;0.0;0.0;0.0;0
7678;2.2;0.0;0.0;0.0;0.0;0.0;0.0;0.0;0.0;0
7679;1.2;0.0;0.0;0.0;0.0;0.0;0.0;0.0;0.0;0
7680;0.3;0.0;0.0;0.0;0.0;0.0;0.0;0.0;0.0;0
7681;-0.2;0.0;0.0;0.0;0.0;0.0;0.0;0.0;0.0;0
7682;0.4;0.0;0.0;0.0;0.0;0.0;0.0;0.0;0.0;0
7683;0.7;0.0;0.0;0.0;0.0;0.0;0.0;0.0;0.0;0
7684;0.7;0.0;0.0;0.0;0.0;0.0;0.0;0.0;0.0;0
7685;0.7;0.0;0.0;0.0;0.0;0.0;0.0;0.0;0.0;0
7686;0.9;0.0;0.0;0.0;0.0;0.0;0.0;0.0;0.0;0
7687;1.2;0.0;0.0;0.0;0.0;0.0;0.0;0.0;0.0;0
7688;1.4;0.0;0.0;0.0;0.0;0.0;0.0;0.0;0.0;0
7689;1.5;2.4;2.4;2.4;2.4;2.4;2.4;2.4;2.4;4
7690;1.5;6.6;6.6;6.6;6.6;6.6;6.6;6.6;6.6;11
7691;1.5;18.1;18.1;18.92;20.89;21.22;19.72;18.1;18.1;31
7692;2.1;51.5;51.5;51.5;62.13;66.53;62.13;51.5;51.5;90
7693;3.0;82.8;82.8;82.8;102.3;120.26;116.28;92.69;82.8;148
7694;2.4;36.9;36.9;36.9;40.27;47.61;48.67;42.84;36.9;64
7695;3.3;28.4;28.4;28.4;29.03;38.44;41.96;37.54;28.4;49
7696;3.7;21.8;21.8;21.8;21.8;21.8;21.8;21.8;21.8;38
7697;3.1;7.9;7.9;7.9;7.9;7.9;7.9;7.9;7.9;14
7698;3.3;0.0;0.0;0.0;0.0;0.0;0.0;0.0;0.0;0
7699;3.4;0.0;0.0;0.0;0.0;0.0;0.0;0.0;0.0;0
7700;3.3;0.0;0.0;0.0;0.0;0.0;0.0;0.0;0.0;0
7701;3.4;0.0;0.0;0.0;0.0;0.0;0.0;0.0;0.0;0
7702;3.4;0.0;0.0;0.0;0.0;0.0;0.0;0.0;0.0;0
7703;3.4;0.0;0.0;0.0;0.0;0.0;0.0;0.0;0.0;0
7704;3.3;0.0;0.0;0.0;0.0;0.0;0.0;0.0;0.0;0
7705;3.2;0.0;0.0;0.0;0.0;0.0;0.0;0.0;0.0;0
7706;3.2;0.0;0.0;0.0;0.0;0.0;0.0;0.0;0.0;0
7707;3.1;0.0;0.0;0.0;0.0;0.0;0.0;0.0;0.0;0
7708;3.1;0.0;0.0;0.0;0.0;0.0;0.0;0.0;0.0;0
7709;2.4;0.0;0.0;0.0;0.0;0.0;0.0;0.0;0.0;0
7710;2.8;0.0;0.0;0.0;0.0;0.0;0.0;0.0;0.0;0
7711;3.0;0.0;0.0;0.0;0.0;0.0;0.0;0.0;0.0;0
7712;2.8;0.0;0.0;0.0;0.0;0.0;0.0;0.0;0.0;0
7713;2.8;2.4;2.4;2.4;2.4;2.4;2.4;2.4;2.4;4
7714;3.2;13.9;13.9;15.91;17.89;17.53;15.05;13.9;13.9;24
7715;3.2;12.6;12.6;12.6;12.6;12.6;12.6;12.6;12.6;21
7716;3.3;16.8;16.8;16.8;16.8;16.8;16.8;16.8;16.8;28
7717;3.6;16.9;16.9;16.9;18.55;20.06;19.73;17.73;16.9;29
7718;3.6;12.6;12.6;12.6;12.6;12.6;12.6;12.6;12.6;21
7719;4.0;16.8;16.8;16.8;16.8;16.8;16.8;16.8;16.8;28
7720;4.1;8.4;8.4;8.4;8.4;8.4;8.4;8.4;8.4;14
7721;4.2;0.0;0.0;0.0;0.0;0.0;0.0;0.0;0.0;0
7722;4.4;0.0;0.0;0.0;0.0;0.0;0.0;0.0;0.0;0
7723;5.5;0.0;0.0;0.0;0.0;0.0;0.0;0.0;0.0;0
7724;6.1;0.0;0.0;0.0;0.0;0.0;0.0;0.0;0.0;0
7725;5.8;0.0;0.0;0.0;0.0;0.0;0.0;0.0;0.0;0
7726;5.4;0.0;0.0;0.0;0.0;0.0;0.0;0.0;0.0;0
7727;5.4;0.0;0.0;0.0;0.0;0.0;0.0;0.0;0.0;0
7728;4.9;0.0;0.0;0.0;0.0;0.0;0.0;0.0;0.0;0
7729;4.6;0.0;0.0;0.0;0.0;0.0;0.0;0.0;0.0;0
7730;4.3;0.0;0.0;0.0;0.0;0.0;0.0;0.0;0.0;0
7731;4.8;0.0;0.0;0.0;0.0;0.0;0.0;0.0;0.0;0
7732;3.9;0.0;0.0;0.0;0.0;0.0;0.0;0.0;0.0;0
7733;1.8;0.0;0.0;0.0;0.0;0.0;0.0;0.0;0.0;0
7734;2.1;0.0;0.0;0.0;0.0;0.0;0.0;0.0;0.0;0
7735;2.1;0.0;0.0;0.0;0.0;0.0;0.0;0.0;0.0;0
7736;2.7;0.6;0.6;0.6;0.6;0.6;0.6;0.6;0.6;1
7737;3.7;11.2;11.2;30.31;39.65;32.33;12.63;11.2;11.2;22
7738;4.9;44.0;44.0;145.69;246.34;228.46;102.52;44.0;44.0;115
7739;4.8;70.4;70.4;127.66;265.1;288.48;184.11;70.4;70.4;174
7740;4.4;84.6;84.6;84.6;150.02;177.12;150.02;84.6;84.6;166
7741;4.4;82.2;82.2;82.2;102.27;120.68;116.56;92.31;82.2;147
7742;4.6;67.4;67.4;67.4;76.76;96.91;99.77;83.67;67.4;119
7743;5.2;32.6;32.6;32.6;33.31;43.16;46.83;42.16;32.6;56
7744;4.4;8.4;8.4;8.4;8.4;8.4;8.4;8.4;8.4;14
7745;1.0;0.0;0.0;0.0;0.0;0.0;0.0;0.0;0.0;0
7746;1.1;0.0;0.0;0.0;0.0;0.0;0.0;0.0;0.0;0
7747;1.0;0.0;0.0;0.0;0.0;0.0;0.0;0.0;0.0;0
7748;0.8;0.0;0.0;0.0;0.0;0.0;0.0;0.0;0.0;0
7749;1.1;0.0;0.0;0.0;0.0;0.0;0.0;0.0;0.0;0
7750;1.6;0.0;0.0;0.0;0.0;0.0;0.0;0.0;0.0;0
7751;1.7;0.0;0.0;0.0;0.0;0.0;0.0;0.0;0.0;0
7752;2.6;0.0;0.0;0.0;0.0;0.0;0.0;0.0;0.0;0
7753;3.3;0.0;0.0;0.0;0.0;0.0;0.0;0.0;0.0;0
7754;4.0;0.0;0.0;0.0;0.0;0.0;0.0;0.0;0.0;0
7755;4.5;0.0;0.0;0.0;0.0;0.0;0.0;0.0;0.0;0
7756;4.7;0.0;0.0;0.0;0.0;0.0;0.0;0.0;0.0;0
7757;5.1;0.0;0.0;0.0;0.0;0.0;0.0;0.0;0.0;0
7758;5.2;0.0;0.0;0.0;0.0;0.0;0.0;0.0;0.0;0
7759;5.7;0.0;0.0;0.0;0.0;0.0;0.0;0.0;0.0;0
7760;6.3;0.0;0.0;0.0;0.0;0.0;0.0;0.0;0.0;0
7761;6.3;1.8;1.8;1.8;1.8;1.8;1.8;1.8;1.8;3
7762;6.5;13.8;13.8;13.8;13.8;13.8;13.8;13.8;13.8;23
7763;6.8;24.8;24.8;26.5;30.6;31.3;28.19;24.8;24.8;43
7764;6.8;25.9;25.9;25.9;28.11;29.02;28.11;25.9;25.9;44
7765;6.9;17.5;17.5;17.5;19.2;20.75;20.4;18.35;17.5;30
7766;6.9;15.0;15.0;15.0;15.0;15.0;15.0;15.0;15.0;25
7767;6.7;14.4;14.4;14.4;14.4;14.4;14.4;14.4;14.4;24
7768;6.6;9.6;9.6;9.6;9.6;9.6;9.6;9.6;9.6;16
7769;5.0;0.0;0.0;0.0;0.0;0.0;0.0;0.0;0.0;0
7770;5.5;0.0;0.0;0.0;0.0;0.0;0.0;0.0;0.0;0
7771;5.8;0.0;0.0;0.0;0.0;0.0;0.0;0.0;0.0;0
7772;5.8;0.0;0.0;0.0;0.0;0.0;0.0;0.0;0.0;0
7773;5.7;0.0;0.0;0.0;0.0;0.0;0.0;0.0;0.0;0
7774;5.3;0.0;0.0;0.0;0.0;0.0;0.0;0.0;0.0;0
7775;5.0;0.0;0.0;0.0;0.0;0.0;0.0;0.0;0.0;0
7776;4.1;0.0;0.0;0.0;0.0;0.0;0.0;0.0;0.0;0
7777;3.0;0.0;0.0;0.0;0.0;0.0;0.0;0.0;0.0;0
7778;4.5;0.0;0.0;0.0;0.0;0.0;0.0;0.0;0.0;0
7779;4.2;0.0;0.0;0.0;0.0;0.0;0.0;0.0;0.0;0
7780;4.9;0.0;0.0;0.0;0.0;0.0;0.0;0.0;0.0;0
7781;4.9;0.0;0.0;0.0;0.0;0.0;0.0;0.0;0.0;0
7782;4.3;0.0;0.0;0.0;0.0;0.0;0.0;0.0;0.0;0
7783;4.1;0.0;0.0;0.0;0.0;0.0;0.0;0.0;0.0;0
7784;2.9;0.6;0.6;0.6;0.6;0.6;0.6;0.6;0.6;1
7785;3.1;6.1;6.1;11.09;13.56;11.65;6.5;6.1;6.1;11
7786;3.9;29.7;29.7;35.96;42.21;41.12;33.35;29.7;29.7;52
7787;4.7;67.7;67.7;92.64;152.83;163.15;117.56;67.7;67.7;137
7788;5.9;84.9;84.9;84.9;198.87;246.08;198.87;84.9;84.9;184
7789;6.5;87.6;87.6;87.6;273.29;443.07;404.63;180.47;87.6;236
7790;5.2;71.8;71.8;71.8;83.96;109.88;113.49;92.68;71.8;128
7791;3.8;35.8;35.8;35.8;37.39;58.02;65.63;55.77;35.8;63
7792;3.2;7.2;7.2;7.2;7.2;7.2;7.2;7.2;7.2;12
7793;3.7;1.2;1.2;1.2;1.2;1.2;1.2;1.2;1.2;2
7794;4.2;0.0;0.0;0.0;0.0;0.0;0.0;0.0;0.0;0
7795;3.1;0.0;0.0;0.0;0.0;0.0;0.0;0.0;0.0;0
7796;3.0;0.0;0.0;0.0;0.0;0.0;0.0;0.0;0.0;0
7797;2.9;0.0;0.0;0.0;0.0;0.0;0.0;0.0;0.0;0
7798;3.2;0.0;0.0;0.0;0.0;0.0;0.0;0.0;0.0;0
7799;4.2;0.0;0.0;0.0;0.0;0.0;0.0;0.0;0.0;0
7800;4.0;0.0;0.0;0.0;0.0;0.0;0.0;0.0;0.0;0
7801;3.1;0.0;0.0;0.0;0.0;0.0;0.0;0.0;0.0;0
7802;2.5;0.0;0.0;0.0;0.0;0.0;0.0;0.0;0.0;0
7803;2.2;0.0;0.0;0.0;0.0;0.0;0.0;0.0;0.0;0
7804;2.0;0.0;0.0;0.0;0.0;0.0;0.0;0.0;0.0;0
7805;0.9;0.0;0.0;0.0;0.0;0.0;0.0;0.0;0.0;0
7806;2.1;0.0;0.0;0.0;0.0;0.0;0.0;0.0;0.0;0
7807;2.5;0.0;0.0;0.0;0.0;0.0;0.0;0.0;0.0;0
7808;2.5;1.2;1.2;1.2;1.2;1.2;1.2;1.2;1.2;2
7809;2.2;14.0;14.0;24.21;29.27;25.39;14.84;14.0;14.0;25
7810;3.1;41.0;41.0;134.06;227.12;211.16;95.52;41.0;41.0;105
7811;4.3;66.9;66.9;126.84;271.91;296.89;187.14;66.9;66.9;169
7812;5.5;81.7;81.7;81.7;314.62;411.1;314.62;81.7;81.7;222
7813;5.9;88.0;88.0;88.0;241.35;381.32;349.47;164.45;88.0;220
7814;6.7;81.2;81.2;81.2;187.77;413.79;444.99;263.08;81.2;207
7815;6.6;60.5;60.5;60.5;65.1;123.14;144.48;116.63;60.5;110
7816;6.2;29.8;29.8;29.8;29.8;29.8;29.8;29.8;29.8;53
7817;6.0;5.4;5.4;5.4;5.4;5.4;5.4;5.4;5.4;9
7818;5.5;0.0;0.0;0.0;0.0;0.0;0.0;0.0;0.0;0
7819;5.1;0.0;0.0;0.0;0.0;0.0;0.0;0.0;0.0;0
7820;4.9;0.0;0.0;0.0;0.0;0.0;0.0;0.0;0.0;0
7821;4.6;0.0;0.0;0.0;0.0;0.0;0.0;0.0;0.0;0
7822;3.8;0.0;0.0;0.0;0.0;0.0;0.0;0.0;0.0;0
7823;3.6;0.0;0.0;0.0;0.0;0.0;0.0;0.0;0.0;0
7824;3.4;0.0;0.0;0.0;0.0;0.0;0.0;0.0;0.0;0
7825;3.3;0.0;0.0;0.0;0.0;0.0;0.0;0.0;0.0;0
7826;3.4;0.0;0.0;0.0;0.0;0.0;0.0;0.0;0.0;0
7827;3.2;0.0;0.0;0.0;0.0;0.0;0.0;0.0;0.0;0
7828;2.8;0.0;0.0;0.0;0.0;0.0;0.0;0.0;0.0;0
7829;1.8;0.0;0.0;0.0;0.0;0.0;0.0;0.0;0.0;0
7830;1.0;0.0;0.0;0.0;0.0;0.0;0.0;0.0;0.0;0
7831;1.0;0.0;0.0;0.0;0.0;0.0;0.0;0.0;0.0;0
7832;0.9;0.0;0.0;0.0;0.0;0.0;0.0;0.0;0.0;0
7833;0.7;0.6;0.6;0.6;0.6;0.6;0.6;0.6;0.6;1
7834;0.7;8.4;8.4;8.4;8.4;8.4;8.4;8.4;8.4;14
7835;1.4;27.8;27.8;29.55;33.81;34.55;31.33;27.8;27.8;48
7836;2.3;47.9;47.9;47.9;59.34;64.08;59.34;47.9;47.9;84
7837;2.6;68.0;68.0;68.0;82.13;95.0;92.05;75.02;68.0;120
7838;4.3;78.4;78.4;78.4;106.16;164.78;172.8;125.52;78.4;149
7839;4.7;62.6;62.6;62.6;74.03;214.33;265.75;198.17;62.6;126
7840;4.2;36.0;36.0;36.0;36.0;36.0;36.0;36.0;36.0;90
7841;2.4;5.4;5.4;5.4;5.4;5.4;5.4;5.4;5.4;9
7842;0.3;0.0;0.0;0.0;0.0;0.0;0.0;0.0;0.0;0
7843;-0.8;0.0;0.0;0.0;0.0;0.0;0.0;0.0;0.0;0
7844;0.3;0.0;0.0;0.0;0.0;0.0;0.0;0.0;0.0;0
7845;2.3;0.0;0.0;0.0;0.0;0.0;0.0;0.0;0.0;0
7846;1.8;0.0;0.0;0.0;0.0;0.0;0.0;0.0;0.0;0
7847;1.0;0.0;0.0;0.0;0.0;0.0;0.0;0.0;0.0;0
7848;-0.6;0.0;0.0;0.0;0.0;0.0;0.0;0.0;0.0;0
7849;0.1;0.0;0.0;0.0;0.0;0.0;0.0;0.0;0.0;0
7850;-0.2;0.0;0.0;0.0;0.0;0.0;0.0;0.0;0.0;0
7851;-0.7;0.0;0.0;0.0;0.0;0.0;0.0;0.0;0.0;0
7852;1.4;0.0;0.0;0.0;0.0;0.0;0.0;0.0;0.0;0
7853;1.1;0.0;0.0;0.0;0.0;0.0;0.0;0.0;0.0;0
7854;1.1;0.0;0.0;0.0;0.0;0.0;0.0;0.0;0.0;0
7855;1.1;0.0;0.0;0.0;0.0;0.0;0.0;0.0;0.0;0
7856;0.9;0.0;0.0;0.0;0.0;0.0;0.0;0.0;0.0;0
7857;1.1;3.6;3.6;3.6;3.6;3.6;3.6;3.6;3.6;6
7858;1.1;15.7;15.7;17.87;20.05;19.69;16.98;15.7;15.7;27
7859;1.2;30.9;30.9;33.56;40.03;41.15;36.27;30.9;30.9;54
7860;1.8;45.4;45.4;45.4;54.66;58.49;54.66;45.4;45.4;79
7861;2.9;71.1;71.1;71.1;87.2;101.84;98.48;79.08;71.1;126
7862;5.4;80.7;80.7;80.7;161.63;331.76;354.83;217.32;80.7;187
7863;5.2;53.0;53.0;53.0;56.69;100.83;116.96;95.62;53.0;95
7864;4.4;20.0;20.0;20.0;20.0;20.0;20.0;20.0;20.0;35
7865;3.8;1.2;1.2;1.2;1.2;1.2;1.2;1.2;1.2;2
7866;3.7;0.0;0.0;0.0;0.0;0.0;0.0;0.0;0.0;0
7867;3.6;0.0;0.0;0.0;0.0;0.0;0.0;0.0;0.0;0
7868;3.1;0.0;0.0;0.0;0.0;0.0;0.0;0.0;0.0;0
7869;3.0;0.0;0.0;0.0;0.0;0.0;0.0;0.0;0.0;0
7870;2.7;0.0;0.0;0.0;0.0;0.0;0.0;0.0;0.0;0
7871;2.5;0.0;0.0;0.0;0.0;0.0;0.0;0.0;0.0;0
7872;2.7;0.0;0.0;0.0;0.0;0.0;0.0;0.0;0.0;0
7873;2.3;0.0;0.0;0.0;0.0;0.0;0.0;0.0;0.0;0
7874;2.3;0.0;0.0;0.0;0.0;0.0;0.0;0.0;0.0;0
7875;2.1;0.0;0.0;0.0;0.0;0.0;0.0;0.0;0.0;0
7876;1.6;0.0;0.0;0.0;0.0;0.0;0.0;0.0;0.0;0
7877;2.1;0.0;0.0;0.0;0.0;0.0;0.0;0.0;0.0;0
7878;2.6;0.0;0.0;0.0;0.0;0.0;0.0;0.0;0.0;0
7879;3.0;0.0;0.0;0.0;0.0;0.0;0.0;0.0;0.0;0
7880;3.2;0.0;0.0;0.0;0.0;0.0;0.0;0.0;0.0;0
7881;3.6;0.0;0.0;0.0;0.0;0.0;0.0;0.0;0.0;0
7882;3.7;0.6;0.6;0.6;0.6;0.6;0.6;0.6;0.6;1
7883;4.0;5.4;5.4;5.4;5.4;5.4;5.4;5.4;5.4;9
7884;4.3;6.6;6.6;6.6;6.6;6.6;6.6;6.6;6.6;11
7885;4.9;8.4;8.4;8.4;8.4;8.4;8.4;8.4;8.4;14
7886;5.4;18.1;18.1;18.1;19.41;22.14;22.51;20.3;18.1;31
7887;5.7;16.2;16.2;16.2;16.2;16.2;16.2;16.2;16.2;27
7888;6.0;6.0;6.0;6.0;6.0;6.0;6.0;6.0;6.0;10
7889;6.1;1.2;1.2;1.2;1.2;1.2;1.2;1.2;1.2;2
7890;5.9;0.0;0.0;0.0;0.0;0.0;0.0;0.0;0.0;0
7891;5.8;0.0;0.0;0.0;0.0;0.0;0.0;0.0;0.0;0
7892;5.5;0.0;0.0;0.0;0.0;0.0;0.0;0.0;0.0;0
7893;5.8;0.0;0.0;0.0;0.0;0.0;0.0;0.0;0.0;0
7894;5.7;0.0;0.0;0.0;0.0;0.0;0.0;0.0;0.0;0
7895;6.0;0.0;0.0;0.0;0.0;0.0;0.0;0.0;0.0;0
7896;5.9;0.0;0.0;0.0;0.0;0.0;0.0;0.0;0.0;0
7897;5.9;0.0;0.0;0.0;0.0;0.0;0.0;0.0;0.0;0
7898;6.1;0.0;0.0;0.0;0.0;0.0;0.0;0.0;0.0;0
7899;6.0;0.0;0.0;0.0;0.0;0.0;0.0;0.0;0.0;0
7900;6.0;0.0;0.0;0.0;0.0;0.0;0.0;0.0;0.0;0
7901;5.5;0.0;0.0;0.0;0.0;0.0;0.0;0.0;0.0;0
7902;4.5;0.0;0.0;0.0;0.0;0.0;0.0;0.0;0.0;0
7903;3.9;0.0;0.0;0.0;0.0;0.0;0.0;0.0;0.0;0
7904;4.4;0.0;0.0;0.0;0.0;0.0;0.0;0.0;0.0;0
7905;4.9;2.4;2.4;2.4;2.4;2.4;2.4;2.4;2.4;4
7906;5.1;17.6;17.6;22.04;26.54;25.8;20.26;17.6;17.6;31
7907;5.2;32.0;32.0;33.81;38.22;38.99;35.67;32.0;32.0;55
7908;5.0;22.9;22.9;22.9;25.26;26.24;25.26;22.9;22.9;39
7909;4.6;23.5;23.5;23.5;25.33;27.0;26.61;24.4;23.5;40
7910;4.2;25.9;25.9;25.9;27.23;30.0;30.37;28.12;25.9;44
7911;4.0;23.0;23.0;23.0;24.01;35.54;39.73;34.11;23.0;40
7912;4.0;15.1;15.1;15.1;15.1;15.1;15.1;15.1;15.1;26
7913;3.6;3.0;3.0;3.0;3.0;3.0;3.0;3.0;3.0;5
7914;2.1;0.0;0.0;0.0;0.0;0.0;0.0;0.0;0.0;0
7915;2.4;0.0;0.0;0.0;0.0;0.0;0.0;0.0;0.0;0
7916;2.7;0.0;0.0;0.0;0.0;0.0;0.0;0.0;0.0;0
7917;2.1;0.0;0.0;0.0;0.0;0.0;0.0;0.0;0.0;0
7918;1.8;0.0;0.0;0.0;0.0;0.0;0.0;0.0;0.0;0
7919;0.9;0.0;0.0;0.0;0.0;0.0;0.0;0.0;0.0;0
7920;1.2;0.0;0.0;0.0;0.0;0.0;0.0;0.0;0.0;0
7921;1.5;0.0;0.0;0.0;0.0;0.0;0.0;0.0;0.0;0
7922;1.9;0.0;0.0;0.0;0.0;0.0;0.0;0.0;0.0;0
7923;1.0;0.0;0.0;0.0;0.0;0.0;0.0;0.0;0.0;0
7924;-0.2;0.0;0.0;0.0;0.0;0.0;0.0;0.0;0.0;0
7925;0.5;0.0;0.0;0.0;0.0;0.0;0.0;0.0;0.0;0
7926;0.7;0.0;0.0;0.0;0.0;0.0;0.0;0.0;0.0;0
7927;1.0;0.0;0.0;0.0;0.0;0.0;0.0;0.0;0.0;0
7928;1.5;0.0;0.0;0.0;0.0;0.0;0.0;0.0;0.0;0
7929;1.6;2.5;2.5;8.17;11.05;8.92;3.03;2.5;2.5;5
7930;2.0;20.6;20.6;25.09;29.66;28.92;23.3;20.6;20.6;36
7931;2.0;44.9;44.9;49.46;60.62;62.57;54.18;44.9;44.9;79
7932;2.5;58.9;58.9;58.9;75.63;82.56;75.63;58.9;58.9;104
7933;2.6;66.9;66.9;66.9;83.6;98.71;95.19;75.1;66.9;119
7934;2.4;55.9;55.9;55.9;65.36;85.01;87.6;71.63;55.9;99
7935;2.4;41.3;41.3;41.3;43.93;73.39;84.04;69.66;41.3;73
7936;2.3;23.0;23.0;23.0;23.0;23.0;23.0;23.0;23.0;40
7937;1.5;3.0;3.0;3.0;3.0;3.0;3.0;3.0;3.0;5
7938;0.8;0.0;0.0;0.0;0.0;0.0;0.0;0.0;0.0;0
7939;0.4;0.0;0.0;0.0;0.0;0.0;0.0;0.0;0.0;0
7940;-1.2;0.0;0.0;0.0;0.0;0.0;0.0;0.0;0.0;0
7941;-1.3;0.0;0.0;0.0;0.0;0.0;0.0;0.0;0.0;0
7942;-0.5;0.0;0.0;0.0;0.0;0.0;0.0;0.0;0.0;0
7943;-0.2;0.0;0.0;0.0;0.0;0.0;0.0;0.0;0.0;0
7944;0.5;0.0;0.0;0.0;0.0;0.0;0.0;0.0;0.0;0
7945;-0.7;0.0;0.0;0.0;0.0;0.0;0.0;0.0;0.0;0
7946;0.6;0.0;0.0;0.0;0.0;0.0;0.0;0.0;0.0;0
7947;0.7;0.0;0.0;0.0;0.0;0.0;0.0;0.0;0.0;0
7948;0.4;0.0;0.0;0.0;0.0;0.0;0.0;0.0;0.0;0
7949;0.6;0.0;0.0;0.0;0.0;0.0;0.0;0.0;0.0;0
7950;1.2;0.0;0.0;0.0;0.0;0.0;0.0;0.0;0.0;0
7951;0.9;0.0;0.0;0.0;0.0;0.0;0.0;0.0;0.0;0
7952;1.2;0.0;0.0;0.0;0.0;0.0;0.0;0.0;0.0;0
7953;1.1;1.8;1.8;1.8;1.8;1.8;1.8;1.8;1.8;3
7954;1.8;13.3;13.3;15.57;17.89;17.51;14.67;13.3;13.3;23
7955;3.2;30.2;30.2;32.04;36.55;37.35;33.95;30.2;30.2;52
7956;3.9;60.7;60.7;60.7;77.6;84.6;77.6;60.7;60.7;107
7957;4.1;74.9;74.9;74.9;95.54;114.2;109.84;85.01;74.9;134
7958;5.2;74.5;74.5;74.5;215.9;508.57;546.97;308.6;74.5;210
7959;5.1;59.5;59.5;59.5;89.68;420.55;539.92;377.87;59.5;145
7960;3.7;30.5;30.5;30.5;30.5;30.5;30.5;30.5;30.5;55
7961;1.8;5.4;5.4;5.4;5.4;5.4;5.4;5.4;5.4;9
7962;0.8;0.0;0.0;0.0;0.0;0.0;0.0;0.0;0.0;0
7963;0.3;0.0;0.0;0.0;0.0;0.0;0.0;0.0;0.0;0
7964;0.5;0.0;0.0;0.0;0.0;0.0;0.0;0.0;0.0;0
7965;1.1;0.0;0.0;0.0;0.0;0.0;0.0;0.0;0.0;0
7966;1.3;0.0;0.0;0.0;0.0;0.0;0.0;0.0;0.0;0
7967;-0.6;0.0;0.0;0.0;0.0;0.0;0.0;0.0;0.0;0
7968;-0.9;0.0;0.0;0.0;0.0;0.0;0.0;0.0;0.0;0
7969;1.4;0.0;0.0;0.0;0.0;0.0;0.0;0.0;0.0;0
7970;-0.1;0.0;0.0;0.0;0.0;0.0;0.0;0.0;0.0;0
7971;0.1;0.0;0.0;0.0;0.0;0.0;0.0;0.0;0.0;0
7972;0.7;0.0;0.0;0.0;0.0;0.0;0.0;0.0;0.0;0
7973;1.4;0.0;0.0;0.0;0.0;0.0;0.0;0.0;0.0;0
7974;1.8;0.0;0.0;0.0;0.0;0.0;0.0;0.0;0.0;0
7975;2.2;0.0;0.0;0.0;0.0;0.0;0.0;0.0;0.0;0
7976;2.3;0.0;0.0;0.0;0.0;0.0;0.0;0.0;0.0;0
7977;2.2;0.0;0.0;0.0;0.0;0.0;0.0;0.0;0.0;0
7978;2.1;0.0;0.0;0.0;0.0;0.0;0.0;0.0;0.0;0
7979;2.5;1.8;1.8;1.8;1.8;1.8;1.8;1.8;1.8;3
7980;3.5;4.2;4.2;4.2;4.2;4.2;4.2;4.2;4.2;7
7981;4.1;9.6;9.6;9.6;9.6;9.6;9.6;9.6;9.6;16
7982;5.3;16.8;16.8;16.8;16.8;16.8;16.8;16.8;16.8;28
7983;6.0;25.9;25.9;25.9;26.47;32.61;34.82;31.8;25.9;44
7984;5.7;21.8;21.8;21.8;21.8;21.8;21.8;21.8;21.8;38
7985;5.3;3.0;3.0;3.0;3.0;3.0;3.0;3.0;3.0;5
7986;5.1;0.0;0.0;0.0;0.0;0.0;0.0;0.0;0.0;0
7987;4.2;0.0;0.0;0.0;0.0;0.0;0.0;0.0;0.0;0
7988;5.1;0.0;0.0;0.0;0.0;0.0;0.0;0.0;0.0;0
7989;3.2;0.0;0.0;0.0;0.0;0.0;0.0;0.0;0.0;0
7990;3.5;0.0;0.0;0.0;0.0;0.0;0.0;0.0;0.0;0
7991;4.9;0.0;0.0;0.0;0.0;0.0;0.0;0.0;0.0;0
7992;5.1;0.0;0.0;0.0;0.0;0.0;0.0;0.0;0.0;0
7993;4.4;0.0;0.0;0.0;0.0;0.0;0.0;0.0;0.0;0
7994;4.5;0.0;0.0;0.0;0.0;0.0;0.0;0.0;0.0;0
7995;4.6;0.0;0.0;0.0;0.0;0.0;0.0;0.0;0.0;0
7996;4.8;0.0;0.0;0.0;0.0;0.0;0.0;0.0;0.0;0
7997;5.0;0.0;0.0;0.0;0.0;0.0;0.0;0.0;0.0;0
7998;5.5;0.0;0.0;0.0;0.0;0.0;0.0;0.0;0.0;0
7999;5.1;0.0;0.0;0.0;0.0;0.0;0.0;0.0;0.0;0
8000;5.2;0.0;0.0;0.0;0.0;0.0;0.0;0.0;0.0;0
8001;4.4;6.6;6.6;6.6;6.6;6.6;6.6;6.6;6.6;11
8002;6.2;31.7;31.7;43.31;55.2;53.32;38.77;31.7;31.7;57
8003;5.7;13.8;13.8;13.8;13.8;13.8;13.8;13.8;13.8;23
8004;4.8;11.4;11.4;11.4;11.4;11.4;11.4;11.4;11.4;19
8005;4.9;30.2;30.2;30.2;34.04;37.49;36.68;32.07;30.2;52
8006;5.6;41.7;41.7;41.7;45.94;54.67;55.8;48.67;41.7;72
8007;5.8;32.7;32.7;32.7;34.48;53.28;60.02;50.76;32.7;57
8008;5.4;26.1;26.1;26.1;26.1;26.1;26.1;26.1;26.1;46
8009;3.8;7.2;7.2;7.2;7.2;7.2;7.2;7.2;7.2;12
8010;2.7;0.0;0.0;0.0;0.0;0.0;0.0;0.0;0.0;0
8011;2.8;0.0;0.0;0.0;0.0;0.0;0.0;0.0;0.0;0
8012;2.5;0.0;0.0;0.0;0.0;0.0;0.0;0.0;0.0;0
8013;2.2;0.0;0.0;0.0;0.0;0.0;0.0;0.0;0.0;0
8014;3.3;0.0;0.0;0.0;0.0;0.0;0.0;0.0;0.0;0
8015;2.2;0.0;0.0;0.0;0.0;0.0;0.0;0.0;0.0;0
8016;0.5;0.0;0.0;0.0;0.0;0.0;0.0;0.0;0.0;0
8017;0.4;0.0;0.0;0.0;0.0;0.0;0.0;0.0;0.0;0
8018;1.8;0.0;0.0;0.0;0.0;0.0;0.0;0.0;0.0;0
8019;2.1;0.0;0.0;0.0;0.0;0.0;0.0;0.0;0.0;0
8020;1.6;0.0;0.0;0.0;0.0;0.0;0.0;0.0;0.0;0
8021;2.5;0.0;0.0;0.0;0.0;0.0;0.0;0.0;0.0;0
8022;1.7;0.0;0.0;0.0;0.0;0.0;0.0;0.0;0.0;0
8023;1.4;0.0;0.0;0.0;0.0;0.0;0.0;0.0;0.0;0
8024;2.8;0.0;0.0;0.0;0.0;0.0;0.0;0.0;0.0;0
8025;2.4;2.4;2.4;2.4;2.4;2.4;2.4;2.4;2.4;4
8026;3.6;15.7;15.7;18.05;20.45;20.08;17.14;15.7;15.7;27
8027;4.3;30.2;30.2;32.09;36.74;37.57;34.08;30.2;30.2;52
8028;4.4;41.1;41.1;41.1;48.55;51.64;48.55;41.1;41.1;71
8029;5.2;63.2;63.2;63.2;78.7;92.66;89.37;70.74;63.2;112
8030;5.8;68.2;68.2;68.2;82.55;111.96;115.74;91.67;68.2;122
8031;0.6;48.7;48.7;48.7;53.0;97.74;113.75;91.65;48.7;87
8032;6.3;24.3;24.3;24.3;24.3;24.3;24.3;24.3;24.3;43
8033;6.6;3.0;3.0;3.0;3.0;3.0;3.0;3.0;3.0;5
8034;6.7;0.0;0.0;0.0;0.0;0.0;0.0;0.0;0.0;0
8035;6.9;0.0;0.0;0.0;0.0;0.0;0.0;0.0;0.0;0
8036;7.4;0.0;0.0;0.0;0.0;0.0;0.0;0.0;0.0;0
8037;7.9;0.0;0.0;0.0;0.0;0.0;0.0;0.0;0.0;0
8038;7.9;0.0;0.0;0.0;0.0;0.0;0.0;0.0;0.0;0
8039;7.5;0.0;0.0;0.0;0.0;0.0;0.0;0.0;0.0;0
8040;6.9;0.0;0.0;0.0;0.0;0.0;0.0;0.0;0.0;0
8041;7.1;0.0;0.0;0.0;0.0;0.0;0.0;0.0;0.0;0
8042;8.3;0.0;0.0;0.0;0.0;0.0;0.0;0.0;0.0;0
8043;8.0;0.0;0.0;0.0;0.0;0.0;0.0;0.0;0.0;0
8044;7.4;0.0;0.0;0.0;0.0;0.0;0.0;0.0;0.0;0
8045;7.0;0.0;0.0;0.0;0.0;0.0;0.0;0.0;0.0;0
8046;7.0;0.0;0.0;0.0;0.0;0.0;0.0;0.0;0.0;0
8047;6.9;0.0;0.0;0.0;0.0;0.0;0.0;0.0;0.0;0
8048;7.1;0.0;0.0;0.0;0.0;0.0;0.0;0.0;0.0;0
8049;6.9;3.6;3.6;3.6;3.6;3.6;3.6;3.6;3.6;6
8050;6.9;18.8;18.8;23.54;28.41;27.66;21.71;18.8;18.8;33
8051;7.3;18.6;18.6;18.6;18.6;18.6;18.6;18.6;18.6;31
8052;7.5;20.5;20.5;20.5;23.01;24.04;23.01;20.5;20.5;35
8053;7.6;18.0;18.0;18.0;18.0;18.0;18.0;18.0;18.0;30
8054;7.9;15.0;15.0;15.0;15.0;15.0;15.0;15.0;15.0;25
8055;8.0;6.6;6.6;6.6;6.6;6.6;6.6;6.6;6.6;11
8056;8.0;4.2;4.2;4.2;4.2;4.2;4.2;4.2;4.2;7
8057;7.8;0.0;0.0;0.0;0.0;0.0;0.0;0.0;0.0;0
8058;8.0;0.0;0.0;0.0;0.0;0.0;0.0;0.0;0.0;0
8059;7.8;0.0;0.0;0.0;0.0;0.0;0.0;0.0;0.0;0
8060;7.5;0.0;0.0;0.0;0.0;0.0;0.0;0.0;0.0;0
8061;7.6;0.0;0.0;0.0;0.0;0.0;0.0;0.0;0.0;0
8062;7.4;0.0;0.0;0.0;0.0;0.0;0.0;0.0;0.0;0
8063;6.7;0.0;0.0;0.0;0.0;0.0;0.0;0.0;0.0;0
8064;6.4;0.0;0.0;0.0;0.0;0.0;0.0;0.0;0.0;0
8065;6.5;0.0;0.0;0.0;0.0;0.0;0.0;0.0;0.0;0
8066;6.1;0.0;0.0;0.0;0.0;0.0;0.0;0.0;0.0;0
8067;5.5;0.0;0.0;0.0;0.0;0.0;0.0;0.0;0.0;0
8068;5.0;0.0;0.0;0.0;0.0;0.0;0.0;0.0;0.0;0
8069;3.6;0.0;0.0;0.0;0.0;0.0;0.0;0.0;0.0;0
8070;3.2;0.0;0.0;0.0;0.0;0.0;0.0;0.0;0.0;0
8071;3.4;0.0;0.0;0.0;0.0;0.0;0.0;0.0;0.0;0
8072;3.4;0.0;0.0;0.0;0.0;0.0;0.0;0.0;0.0;0
8073;3.9;0.6;0.6;0.6;0.6;0.6;0.6;0.6;0.6;1
8074;3.9;6.6;6.6;6.6;6.6;6.6;6.6;6.6;6.6;11
8075;4.9;14.5;14.5;15.46;17.83;18.25;16.48;14.5;14.5;25
8076;5.4;13.9;13.9;13.9;16.43;17.47;16.43;13.9;13.9;24
8077;5.9;9.7;9.7;9.7;11.68;13.45;13.03;10.66;9.7;17
8078;6.2;9.6;9.6;9.6;9.6;9.6;9.6;9.6;9.6;16
8079;6.5;6.0;6.0;6.0;6.0;6.0;6.0;6.0;6.0;10
8080;6.8;3.0;3.0;3.0;3.0;3.0;3.0;3.0;3.0;5
8081;7.8;0.0;0.0;0.0;0.0;0.0;0.0;0.0;0.0;0
8082;8.1;0.0;0.0;0.0;0.0;0.0;0.0;0.0;0.0;0
8083;8.1;0.0;0.0;0.0;0.0;0.0;0.0;0.0;0.0;0
8084;7.9;0.0;0.0;0.0;0.0;0.0;0.0;0.0;0.0;0
8085;8.2;0.0;0.0;0.0;0.0;0.0;0.0;0.0;0.0;0
8086;8.7;0.0;0.0;0.0;0.0;0.0;0.0;0.0;0.0;0
8087;8.5;0.0;0.0;0.0;0.0;0.0;0.0;0.0;0.0;0
8088;8.6;0.0;0.0;0.0;0.0;0.0;0.0;0.0;0.0;0
8089;8.6;0.0;0.0;0.0;0.0;0.0;0.0;0.0;0.0;0
8090;8.4;0.0;0.0;0.0;0.0;0.0;0.0;0.0;0.0;0
8091;8.0;0.0;0.0;0.0;0.0;0.0;0.0;0.0;0.0;0
8092;7.7;0.0;0.0;0.0;0.0;0.0;0.0;0.0;0.0;0
8093;7.5;0.0;0.0;0.0;0.0;0.0;0.0;0.0;0.0;0
8094;7.3;0.0;0.0;0.0;0.0;0.0;0.0;0.0;0.0;0
8095;7.1;0.0;0.0;0.0;0.0;0.0;0.0;0.0;0.0;0
8096;7.0;0.0;0.0;0.0;0.0;0.0;0.0;0.0;0.0;0
8097;6.5;4.2;4.2;4.2;4.2;4.2;4.2;4.2;4.2;7
8098;7.1;29.3;29.3;55.86;83.29;79.09;45.72;29.3;29.3;58
8099;7.5;56.0;56.0;109.97;243.95;267.84;167.63;56.0;56.0;140
8100;7.3;72.1;72.1;72.1;151.05;183.75;151.05;72.1;72.1;146
8101;7.7;78.8;78.8;78.8;166.51;245.24;226.48;121.2;78.8;168
8102;8.0;69.2;69.2;69.2;233.44;567.09;609.08;334.82;69.2;207
8103;7.6;53.0;53.0;53.0;58.43;112.47;131.68;104.79;53.0;95
8104;7.0;21.3;21.3;21.3;21.3;21.3;21.3;21.3;21.3;38
8105;6.7;3.0;3.0;3.0;3.0;3.0;3.0;3.0;3.0;5
8106;6.3;0.0;0.0;0.0;0.0;0.0;0.0;0.0;0.0;0
8107;6.0;0.0;0.0;0.0;0.0;0.0;0.0;0.0;0.0;0
8108;5.6;0.0;0.0;0.0;0.0;0.0;0.0;0.0;0.0;0
8109;5.7;0.0;0.0;0.0;0.0;0.0;0.0;0.0;0.0;0
8110;5.5;0.0;0.0;0.0;0.0;0.0;0.0;0.0;0.0;0
8111;5.2;0.0;0.0;0.0;0.0;0.0;0.0;0.0;0.0;0
8112;4.7;0.0;0.0;0.0;0.0;0.0;0.0;0.0;0.0;0
8113;4.3;0.0;0.0;0.0;0.0;0.0;0.0;0.0;0.0;0
8114;4.3;0.0;0.0;0.0;0.0;0.0;0.0;0.0;0.0;0
8115;3.9;0.0;0.0;0.0;0.0;0.0;0.0;0.0;0.0;0
8116;4.1;0.0;0.0;0.0;0.0;0.0;0.0;0.0;0.0;0
8117;4.2;0.0;0.0;0.0;0.0;0.0;0.0;0.0;0.0;0
8118;4.1;0.0;0.0;0.0;0.0;0.0;0.0;0.0;0.0;0
8119;4.4;0.0;0.0;0.0;0.0;0.0;0.0;0.0;0.0;0
8120;4.7;0.0;0.0;0.0;0.0;0.0;0.0;0.0;0.0;0
8121;4.8;1.8;1.8;1.8;1.8;1.8;1.8;1.8;1.8;3
8122;5.1;13.3;13.3;15.74;18.26;17.87;14.81;13.3;13.3;23
8123;5.8;30.8;30.8;32.74;37.57;38.43;34.82;30.8;30.8;53
8124;6.4;35.7;35.7;35.7;43.4;46.59;43.4;35.7;35.7;62
8125;6.7;55.3;55.3;55.3;69.37;81.99;78.98;62.09;55.3;98
8126;6.8;61.5;61.5;61.5;75.1;102.65;106.1;83.42;61.5;110
8127;6.9;46.2;46.2;46.2;50.4;91.63;106.25;85.69;46.2;82
8128;6.3;23.8;23.8;23.8;23.8;23.8;23.8;23.8;23.8;43
8129;5.4;3.0;3.0;3.0;3.0;3.0;3.0;3.0;3.0;5
8130;5.4;0.0;0.0;0.0;0.0;0.0;0.0;0.0;0.0;0
8131;4.8;0.0;0.0;0.0;0.0;0.0;0.0;0.0;0.0;0
8132;4.0;0.0;0.0;0.0;0.0;0.0;0.0;0.0;0.0;0
8133;3.8;0.0;0.0;0.0;0.0;0.0;0.0;0.0;0.0;0
8134;3.9;0.0;0.0;0.0;0.0;0.0;0.0;0.0;0.0;0
8135;4.0;0.0;0.0;0.0;0.0;0.0;0.0;0.0;0.0;0
8136;4.0;0.0;0.0;0.0;0.0;0.0;0.0;0.0;0.0;0
8137;3.9;0.0;0.0;0.0;0.0;0.0;0.0;0.0;0.0;0
8138;4.0;0.0;0.0;0.0;0.0;0.0;0.0;0.0;0.0;0
8139;4.2;0.0;0.0;0.0;0.0;0.0;0.0;0.0;0.0;0
8140;4.1;0.0;0.0;0.0;0.0;0.0;0.0;0.0;0.0;0
8141;4.1;0.0;0.0;0.0;0.0;0.0;0.0;0.0;0.0;0
8142;3.8;0.0;0.0;0.0;0.0;0.0;0.0;0.0;0.0;0
8143;4.1;0.0;0.0;0.0;0.0;0.0;0.0;0.0;0.0;0
8144;3.7;0.0;0.0;0.0;0.0;0.0;0.0;0.0;0.0;0
8145;3.6;1.8;1.8;1.8;1.8;1.8;1.8;1.8;1.8;3
8146;5.2;14.5;14.5;16.96;19.5;19.12;16.03;14.5;14.5;25
8147;5.8;42.6;42.6;48.46;63.05;65.66;54.76;42.6;42.6;76
8148;6.5;65.8;65.8;65.8;91.64;102.35;91.64;65.8;65.8;118
8149;6.8;54.7;54.7;54.7;68.89;81.6;78.55;61.53;54.7;97
8150;7.2;58.4;58.4;58.4;70.63;95.34;98.41;78.05;58.4;104
8151;7.0;40.7;40.7;40.7;44.3;79.23;91.59;74.14;40.7;72
8152;6.8;8.4;8.4;8.4;8.4;8.4;8.4;8.4;8.4;14
8153;6.5;0.0;0.0;0.0;0.0;0.0;0.0;0.0;0.0;0
8154;6.2;0.0;0.0;0.0;0.0;0.0;0.0;0.0;0.0;0
8155;6.2;0.0;0.0;0.0;0.0;0.0;0.0;0.0;0.0;0
8156;5.9;0.0;0.0;0.0;0.0;0.0;0.0;0.0;0.0;0
8157;6.0;0.0;0.0;0.0;0.0;0.0;0.0;0.0;0.0;0
8158;5.7;0.0;0.0;0.0;0.0;0.0;0.0;0.0;0.0;0
8159;5.6;0.0;0.0;0.0;0.0;0.0;0.0;0.0;0.0;0
8160;5.4;0.0;0.0;0.0;0.0;0.0;0.0;0.0;0.0;0
8161;5.4;0.0;0.0;0.0;0.0;0.0;0.0;0.0;0.0;0
8162;5.2;0.0;0.0;0.0;0.0;0.0;0.0;0.0;0.0;0
8163;5.3;0.0;0.0;0.0;0.0;0.0;0.0;0.0;0.0;0
8164;5.2;0.0;0.0;0.0;0.0;0.0;0.0;0.0;0.0;0
8165;5.3;0.0;0.0;0.0;0.0;0.0;0.0;0.0;0.0;0
8166;5.2;0.0;0.0;0.0;0.0;0.0;0.0;0.0;0.0;0
8167;5.3;0.0;0.0;0.0;0.0;0.0;0.0;0.0;0.0;0
8168;5.4;0.0;0.0;0.0;0.0;0.0;0.0;0.0;0.0;0
8169;5.4;0.6;0.6;0.6;0.6;0.6;0.6;0.6;0.6;1
8170;5.5;6.0;6.0;6.0;6.0;6.0;6.0;6.0;6.0;10
8171;5.6;23.6;23.6;25.56;30.46;31.34;27.68;23.6;23.6;41
8172;6.0;45.4;45.4;45.4;55.81;60.12;55.81;45.4;45.4;79
8173;6.1;50.9;50.9;50.9;61.11;70.25;68.06;55.81;50.9;89
8174;6.5;55.9;55.9;55.9;66.71;88.52;91.22;73.23;55.9;99
8175;6.8;40.7;40.7;40.7;44.4;79.87;92.4;74.65;40.7;72
8176;6.5;13.9;13.9;13.9;13.9;13.9;13.9;13.9;13.9;24
8177;5.4;1.2;1.2;1.2;1.2;1.2;1.2;1.2;1.2;2
8178;5.2;0.0;0.0;0.0;0.0;0.0;0.0;0.0;0.0;0
8179;4.8;0.0;0.0;0.0;0.0;0.0;0.0;0.0;0.0;0
8180;4.7;0.0;0.0;0.0;0.0;0.0;0.0;0.0;0.0;0
8181;4.6;0.0;0.0;0.0;0.0;0.0;0.0;0.0;0.0;0
8182;4.4;0.0;0.0;0.0;0.0;0.0;0.0;0.0;0.0;0
8183;4.2;0.0;0.0;0.0;0.0;0.0;0.0;0.0;0.0;0
8184;3.8;0.0;0.0;0.0;0.0;0.0;0.0;0.0;0.0;0
8185;3.6;0.0;0.0;0.0;0.0;0.0;0.0;0.0;0.0;0
8186;3.3;0.0;0.0;0.0;0.0;0.0;0.0;0.0;0.0;0
8187;3.5;0.0;0.0;0.0;0.0;0.0;0.0;0.0;0.0;0
8188;3.3;0.0;0.0;0.0;0.0;0.0;0.0;0.0;0.0;0
8189;2.9;0.0;0.0;0.0;0.0;0.0;0.0;0.0;0.0;0
8190;2.7;0.0;0.0;0.0;0.0;0.0;0.0;0.0;0.0;0
8191;2.3;0.0;0.0;0.0;0.0;0.0;0.0;0.0;0.0;0
8192;2.2;0.0;0.0;0.0;0.0;0.0;0.0;0.0;0.0;0
8193;1.9;0.6;0.6;0.6;0.6;0.6;0.6;0.6;0.6;1
8194;1.8;7.2;7.2;7.2;7.2;7.2;7.2;7.2;7.2;12
8195;1.8;19.9;19.9;20.89;23.35;23.8;21.96;19.9;19.9;34
8196;2.0;30.8;30.8;30.8;36.04;38.21;36.04;30.8;30.8;53
8197;1.8;30.8;30.8;30.8;34.91;38.59;37.71;32.78;30.8;53
8198;2.2;29.6;29.6;29.6;32.72;39.0;39.77;34.59;29.6;51
8199;2.0;21.8;21.8;21.8;23.32;37.72;42.79;35.57;21.8;38
8200;1.8;8.4;8.4;8.4;8.4;8.4;8.4;8.4;8.4;14
8201;1.2;0.0;0.0;0.0;0.0;0.0;0.0;0.0;0.0;0
8202;1.6;0.0;0.0;0.0;0.0;0.0;0.0;0.0;0.0;0
8203;1.5;0.0;0.0;0.0;0.0;0.0;0.0;0.0;0.0;0
8204;0.5;0.0;0.0;0.0;0.0;0.0;0.0;0.0;0.0;0
8205;0.6;0.0;0.0;0.0;0.0;0.0;0.0;0.0;0.0;0
8206;0.9;0.0;0.0;0.0;0.0;0.0;0.0;0.0;0.0;0
8207;0.9;0.0;0.0;0.0;0.0;0.0;0.0;0.0;0.0;0
8208;1.1;0.0;0.0;0.0;0.0;0.0;0.0;0.0;0.0;0
8209;0.6;0.0;0.0;0.0;0.0;0.0;0.0;0.0;0.0;0
8210;0.5;0.0;0.0;0.0;0.0;0.0;0.0;0.0;0.0;0
8211;0.3;0.0;0.0;0.0;0.0;0.0;0.0;0.0;0.0;0
8212;0.0;0.0;0.0;0.0;0.0;0.0;0.0;0.0;0.0;0
8213;-0.1;0.0;0.0;0.0;0.0;0.0;0.0;0.0;0.0;0
8214;-0.2;0.0;0.0;0.0;0.0;0.0;0.0;0.0;0.0;0
8215;-0.3;0.0;0.0;0.0;0.0;0.0;0.0;0.0;0.0;0
8216;-0.2;0.0;0.0;0.0;0.0;0.0;0.0;0.0;0.0;0
8217;-0.1;0.0;0.0;0.0;0.0;0.0;0.0;0.0;0.0;0
8218;-0.1;0.6;0.6;0.6;0.6;0.6;0.6;0.6;0.6;1
8219;-0.3;6.0;6.0;6.0;6.0;6.0;6.0;6.0;6.0;10
8220;-0.3;10.2;10.2;10.2;10.2;10.2;10.2;10.2;10.2;17
8221;-0.3;11.4;11.4;11.4;11.4;11.4;11.4;11.4;11.4;19
8222;-0.3;9.6;9.6;9.6;9.6;9.6;9.6;9.6;9.6;16
8223;-0.3;7.2;7.2;7.2;7.2;7.2;7.2;7.2;7.2;12
8224;-0.5;1.2;1.2;1.2;1.2;1.2;1.2;1.2;1.2;2
8225;-0.6;0.0;0.0;0.0;0.0;0.0;0.0;0.0;0.0;0
8226;-0.6;0.0;0.0;0.0;0.0;0.0;0.0;0.0;0.0;0
8227;-0.5;0.0;0.0;0.0;0.0;0.0;0.0;0.0;0.0;0
8228;-0.4;0.0;0.0;0.0;0.0;0.0;0.0;0.0;0.0;0
8229;-0.5;0.0;0.0;0.0;0.0;0.0;0.0;0.0;0.0;0
8230;-0.5;0.0;0.0;0.0;0.0;0.0;0.0;0.0;0.0;0
8231;-0.5;0.0;0.0;0.0;0.0;0.0;0.0;0.0;0.0;0
8232;-0.4;0.0;0.0;0.0;0.0;0.0;0.0;0.0;0.0;0
8233;-0.4;0.0;0.0;0.0;0.0;0.0;0.0;0.0;0.0;0
8234;-0.3;0.0;0.0;0.0;0.0;0.0;0.0;0.0;0.0;0
8235;-0.3;0.0;0.0;0.0;0.0;0.0;0.0;0.0;0.0;0
8236;-0.3;0.0;0.0;0.0;0.0;0.0;0.0;0.0;0.0;0
8237;-0.3;0.0;0.0;0.0;0.0;0.0;0.0;0.0;0.0;0
8238;-0.2;0.0;0.0;0.0;0.0;0.0;0.0;0.0;0.0;0
8239;-0.3;0.0;0.0;0.0;0.0;0.0;0.0;0.0;0.0;0
8240;-0.3;0.0;0.0;0.0;0.0;0.0;0.0;0.0;0.0;0
8241;-0.4;0.0;0.0;0.0;0.0;0.0;0.0;0.0;0.0;0
8242;-0.4;0.6;0.6;0.6;0.6;0.6;0.6;0.6;0.6;1
8243;-0.5;4.2;4.2;4.2;4.2;4.2;4.2;4.2;4.2;7
8244;-0.4;8.4;8.4;8.4;8.4;8.4;8.4;8.4;8.4;14
8245;-0.3;9.6;9.6;9.6;9.6;9.6;9.6;9.6;9.6;16
8246;-0.3;6.6;6.6;6.6;6.6;6.6;6.6;6.6;6.6;11
8247;-0.3;4.8;4.8;4.8;4.8;4.8;4.8;4.8;4.8;8
8248;-0.4;3.0;3.0;3.0;3.0;3.0;3.0;3.0;3.0;5
8249;-0.4;0.0;0.0;0.0;0.0;0.0;0.0;0.0;0.0;0
8250;-0.5;0.0;0.0;0.0;0.0;0.0;0.0;0.0;0.0;0
8251;-0.4;0.0;0.0;0.0;0.0;0.0;0.0;0.0;0.0;0
8252;-0.6;0.0;0.0;0.0;0.0;0.0;0.0;0.0;0.0;0
8253;-0.6;0.0;0.0;0.0;0.0;0.0;0.0;0.0;0.0;0
8254;-0.7;0.0;0.0;0.0;0.0;0.0;0.0;0.0;0.0;0
8255;-0.7;0.0;0.0;0.0;0.0;0.0;0.0;0.0;0.0;0
8256;-0.9;0.0;0.0;0.0;0.0;0.0;0.0;0.0;0.0;0
8257;-1.0;0.0;0.0;0.0;0.0;0.0;0.0;0.0;0.0;0
8258;-1.0;0.0;0.0;0.0;0.0;0.0;0.0;0.0;0.0;0
8259;-1.1;0.0;0.0;0.0;0.0;0.0;0.0;0.0;0.0;0
8260;-1.0;0.0;0.0;0.0;0.0;0.0;0.0;0.0;0.0;0
8261;-0.8;0.0;0.0;0.0;0.0;0.0;0.0;0.0;0.0;0
8262;-0.8;0.0;0.0;0.0;0.0;0.0;0.0;0.0;0.0;0
8263;-0.8;0.0;0.0;0.0;0.0;0.0;0.0;0.0;0.0;0
8264;-0.7;0.0;0.0;0.0;0.0;0.0;0.0;0.0;0.0;0
8265;-0.8;0.0;0.0;0.0;0.0;0.0;0.0;0.0;0.0;0
8266;-0.8;2.4;2.4;2.4;2.4;2.4;2.4;2.4;2.4;4
8267;-0.9;6.0;6.0;6.0;6.0;6.0;6.0;6.0;6.0;10
8268;-0.8;10.3;10.3;10.3;12.96;14.06;12.96;10.3;10.3;18
8269;-0.9;12.7;12.7;12.7;14.8;16.67;16.21;13.7;12.7;22
8270;-1.0;10.8;10.8;10.8;10.8;10.8;10.8;10.8;10.8;18
8271;-1.0;6.0;6.0;6.0;6.0;6.0;6.0;6.0;6.0;10
8272;-1.0;1.2;1.2;1.2;1.2;1.2;1.2;1.2;1.2;2
8273;-1.2;0.0;0.0;0.0;0.0;0.0;0.0;0.0;0.0;0
8274;-1.1;0.0;0.0;0.0;0.0;0.0;0.0;0.0;0.0;0
8275;-1.1;0.0;0.0;0.0;0.0;0.0;0.0;0.0;0.0;0
8276;-1.2;0.0;0.0;0.0;0.0;0.0;0.0;0.0;0.0;0
8277;-1.2;0.0;0.0;0.0;0.0;0.0;0.0;0.0;0.0;0
8278;-1.4;0.0;0.0;0.0;0.0;0.0;0.0;0.0;0.0;0
8279;-1.2;0.0;0.0;0.0;0.0;0.0;0.0;0.0;0.0;0
8280;-1.2;0.0;0.0;0.0;0.0;0.0;0.0;0.0;0.0;0
8281;-1.2;0.0;0.0;0.0;0.0;0.0;0.0;0.0;0.0;0
8282;-1.2;0.0;0.0;0.0;0.0;0.0;0.0;0.0;0.0;0
8283;-1.1;0.0;0.0;0.0;0.0;0.0;0.0;0.0;0.0;0
8284;-1.1;0.0;0.0;0.0;0.0;0.0;0.0;0.0;0.0;0
8285;-1.3;0.0;0.0;0.0;0.0;0.0;0.0;0.0;0.0;0
8286;-1.5;0.0;0.0;0.0;0.0;0.0;0.0;0.0;0.0;0
8287;-1.3;0.0;0.0;0.0;0.0;0.0;0.0;0.0;0.0;0
8288;-1.1;0.0;0.0;0.0;0.0;0.0;0.0;0.0;0.0;0
8289;-1.2;0.0;0.0;0.0;0.0;0.0;0.0;0.0;0.0;0
8290;-1.2;0.6;0.6;0.6;0.6;0.6;0.6;0.6;0.6;1
8291;-1.1;5.4;5.4;5.4;5.4;5.4;5.4;5.4;5.4;9
8292;-0.9;6.7;6.7;6.7;9.37;10.48;9.37;6.7;6.7;12
8293;-0.6;7.8;7.8;7.8;7.8;7.8;7.8;7.8;7.8;13
8294;-0.3;6.0;6.0;6.0;6.0;6.0;6.0;6.0;6.0;10
8295;-0.3;3.0;3.0;3.0;3.0;3.0;3.0;3.0;3.0;5
8296;-0.5;0.0;0.0;0.0;0.0;0.0;0.0;0.0;0.0;0
8297;-0.4;0.0;0.0;0.0;0.0;0.0;0.0;0.0;0.0;0
8298;-0.1;0.0;0.0;0.0;0.0;0.0;0.0;0.0;0.0;0
8299;0.0;0.0;0.0;0.0;0.0;0.0;0.0;0.0;0.0;0
8300;0.1;0.0;0.0;0.0;0.0;0.0;0.0;0.0;0.0;0
8301;0.2;0.0;0.0;0.0;0.0;0.0;0.0;0.0;0.0;0
8302;0.2;0.0;0.0;0.0;0.0;0.0;0.0;0.0;0.0;0
8303;0.3;0.0;0.0;0.0;0.0;0.0;0.0;0.0;0.0;0
8304;0.4;0.0;0.0;0.0;0.0;0.0;0.0;0.0;0.0;0
8305;0.4;0.0;0.0;0.0;0.0;0.0;0.0;0.0;0.0;0
8306;0.4;0.0;0.0;0.0;0.0;0.0;0.0;0.0;0.0;0
8307;0.5;0.0;0.0;0.0;0.0;0.0;0.0;0.0;0.0;0
8308;0.5;0.0;0.0;0.0;0.0;0.0;0.0;0.0;0.0;0
8309;0.6;0.0;0.0;0.0;0.0;0.0;0.0;0.0;0.0;0
8310;0.6;0.0;0.0;0.0;0.0;0.0;0.0;0.0;0.0;0
8311;0.7;0.0;0.0;0.0;0.0;0.0;0.0;0.0;0.0;0
8312;0.7;0.0;0.0;0.0;0.0;0.0;0.0;0.0;0.0;0
8313;0.8;0.0;0.0;0.0;0.0;0.0;0.0;0.0;0.0;0
8314;1.1;1.8;1.8;1.8;1.8;1.8;1.8;1.8;1.8;3
8315;1.6;13.9;13.9;14.91;17.44;17.9;16.02;13.9;13.9;24
8316;2.7;27.7;27.7;27.7;30.38;31.5;30.38;27.7;27.7;47
8317;3.6;35.7;35.7;35.7;42.05;47.71;46.33;38.73;35.7;62
8318;4.2;36.9;36.9;36.9;41.77;51.48;52.66;44.6;36.9;64
8319;4.7;34.0;34.0;34.0;37.34;67.91;78.61;63.18;34.0;60
8320;4.2;12.1;12.1;12.1;12.1;12.1;12.1;12.1;12.1;21
8321;3.7;1.2;1.2;1.2;1.2;1.2;1.2;1.2;1.2;2
8322;3.4;0.0;0.0;0.0;0.0;0.0;0.0;0.0;0.0;0
8323;2.1;0.0;0.0;0.0;0.0;0.0;0.0;0.0;0.0;0
8324;0.6;0.0;0.0;0.0;0.0;0.0;0.0;0.0;0.0;0
8325;-0.8;0.0;0.0;0.0;0.0;0.0;0.0;0.0;0.0;0
8326;-0.8;0.0;0.0;0.0;0.0;0.0;0.0;0.0;0.0;0
8327;-1.5;0.0;0.0;0.0;0.0;0.0;0.0;0.0;0.0;0
8328;-1.9;0.0;0.0;0.0;0.0;0.0;0.0;0.0;0.0;0
8329;-2.0;0.0;0.0;0.0;0.0;0.0;0.0;0.0;0.0;0
8330;-3.1;0.0;0.0;0.0;0.0;0.0;0.0;0.0;0.0;0
8331;-3.1;0.0;0.0;0.0;0.0;0.0;0.0;0.0;0.0;0
8332;-4.0;0.0;0.0;0.0;0.0;0.0;0.0;0.0;0.0;0
8333;-4.4;0.0;0.0;0.0;0.0;0.0;0.0;0.0;0.0;0
8334;-4.5;0.0;0.0;0.0;0.0;0.0;0.0;0.0;0.0;0
8335;-4.5;0.0;0.0;0.0;0.0;0.0;0.0;0.0;0.0;0
8336;-4.5;0.0;0.0;0.0;0.0;0.0;0.0;0.0;0.0;0
8337;-3.7;4.8;4.8;4.8;4.8;4.8;4.8;4.8;4.8;8
8338;-0.2;22.1;22.1;34.99;48.49;46.53;30.26;22.1;22.1;41
8339;0.6;47.0;47.0;55.11;75.46;79.14;63.99;47.0;47.0;85
8340;1.8;60.9;60.9;60.9;85.14;95.19;85.14;60.9;60.9;109
8341;2.7;65.2;65.2;65.2;86.44;105.37;100.77;75.33;65.2;117
8342;3.1;43.6;43.6;43.6;50.13;63.14;64.71;53.91;43.6;76
8343;3.6;53.4;53.4;53.4;104.23;566.77;728.58;494.88;53.4;139
8344;3.1;27.8;27.8;27.8;27.8;27.8;27.8;27.8;27.8;73
8345;2.3;4.2;4.2;4.2;4.2;4.2;4.2;4.2;4.2;7
8346;2.1;0.0;0.0;0.0;0.0;0.0;0.0;0.0;0.0;0
8347;1.9;0.0;0.0;0.0;0.0;0.0;0.0;0.0;0.0;0
8348;1.7;0.0;0.0;0.0;0.0;0.0;0.0;0.0;0.0;0
8349;1.6;0.0;0.0;0.0;0.0;0.0;0.0;0.0;0.0;0
8350;1.8;0.0;0.0;0.0;0.0;0.0;0.0;0.0;0.0;0
8351;2.0;0.0;0.0;0.0;0.0;0.0;0.0;0.0;0.0;0
8352;2.5;0.0;0.0;0.0;0.0;0.0;0.0;0.0;0.0;0
8353;2.7;0.0;0.0;0.0;0.0;0.0;0.0;0.0;0.0;0
8354;3.3;0.0;0.0;0.0;0.0;0.0;0.0;0.0;0.0;0
8355;3.5;0.0;0.0;0.0;0.0;0.0;0.0;0.0;0.0;0
8356;4.0;0.0;0.0;0.0;0.0;0.0;0.0;0.0;0.0;0
8357;4.7;0.0;0.0;0.0;0.0;0.0;0.0;0.0;0.0;0
8358;5.1;0.0;0.0;0.0;0.0;0.0;0.0;0.0;0.0;0
8359;5.3;0.0;0.0;0.0;0.0;0.0;0.0;0.0;0.0;0
8360;6.6;0.0;0.0;0.0;0.0;0.0;0.0;0.0;0.0;0
8361;7.3;0.0;0.0;0.0;0.0;0.0;0.0;0.0;0.0;0
8362;7.6;4.8;4.8;4.8;4.8;4.8;4.8;4.8;4.8;8
8363;8.2;22.9;22.9;23.92;26.47;26.93;25.03;22.9;22.9;39
8364;8.7;43.0;43.0;43.0;53.81;58.29;53.81;43.0;43.0;75
8365;9.1;54.7;54.7;54.7;69.62;82.91;79.68;61.81;54.7;97
8366;9.0;35.7;35.7;35.7;40.62;50.42;51.6;43.46;35.7;62
8367;9.0;21.2;21.2;21.2;22.92;38.45;43.88;36.03;21.2;37
8368;8.7;18.2;18.2;18.2;18.2;18.2;18.2;18.2;18.2;32
8369;8.3;0.0;0.0;0.0;0.0;0.0;0.0;0.0;0.0;0
8370;7.7;0.0;0.0;0.0;0.0;0.0;0.0;0.0;0.0;0
8371;7.5;0.0;0.0;0.0;0.0;0.0;0.0;0.0;0.0;0
8372;6.5;0.0;0.0;0.0;0.0;0.0;0.0;0.0;0.0;0
8373;6.2;0.0;0.0;0.0;0.0;0.0;0.0;0.0;0.0;0
8374;5.1;0.0;0.0;0.0;0.0;0.0;0.0;0.0;0.0;0
8375;5.8;0.0;0.0;0.0;0.0;0.0;0.0;0.0;0.0;0
8376;6.4;0.0;0.0;0.0;0.0;0.0;0.0;0.0;0.0;0
8377;6.1;0.0;0.0;0.0;0.0;0.0;0.0;0.0;0.0;0
8378;5.5;0.0;0.0;0.0;0.0;0.0;0.0;0.0;0.0;0
8379;4.5;0.0;0.0;0.0;0.0;0.0;0.0;0.0;0.0;0
8380;5.0;0.0;0.0;0.0;0.0;0.0;0.0;0.0;0.0;0
8381;5.4;0.0;0.0;0.0;0.0;0.0;0.0;0.0;0.0;0
8382;5.9;0.0;0.0;0.0;0.0;0.0;0.0;0.0;0.0;0
8383;5.9;0.0;0.0;0.0;0.0;0.0;0.0;0.0;0.0;0
8384;6.0;0.0;0.0;0.0;0.0;0.0;0.0;0.0;0.0;0
8385;5.9;0.6;0.6;0.6;0.6;0.6;0.6;0.6;0.6;1
8386;5.8;4.8;4.8;4.8;4.8;4.8;4.8;4.8;4.8;8
8387;6.0;13.3;13.3;14.32;16.88;17.34;15.44;13.3;13.3;23
8388;6.0;25.4;25.4;25.4;30.82;33.06;30.82;25.4;25.4;44
8389;6.3;36.9;36.9;36.9;43.31;49.03;47.63;39.96;36.9;64
8390;6.3;29.0;29.0;29.0;32.29;38.85;39.63;34.19;29.0;50
8391;6.2;18.1;18.1;18.1;18.97;26.78;29.52;25.56;18.1;31
8392;6.2;8.4;8.4;8.4;8.4;8.4;8.4;8.4;8.4;14
8393;5.5;0.0;0.0;0.0;0.0;0.0;0.0;0.0;0.0;0
8394;5.0;0.0;0.0;0.0;0.0;0.0;0.0;0.0;0.0;0
8395;4.7;0.0;0.0;0.0;0.0;0.0;0.0;0.0;0.0;0
8396;4.3;0.0;0.0;0.0;0.0;0.0;0.0;0.0;0.0;0
8397;3.8;0.0;0.0;0.0;0.0;0.0;0.0;0.0;0.0;0
8398;3.7;0.0;0.0;0.0;0.0;0.0;0.0;0.0;0.0;0
8399;3.2;0.0;0.0;0.0;0.0;0.0;0.0;0.0;0.0;0
8400;3.5;0.0;0.0;0.0;0.0;0.0;0.0;0.0;0.0;0
8401;3.3;0.0;0.0;0.0;0.0;0.0;0.0;0.0;0.0;0
8402;3.4;0.0;0.0;0.0;0.0;0.0;0.0;0.0;0.0;0
8403;3.1;0.0;0.0;0.0;0.0;0.0;0.0;0.0;0.0;0
8404;2.4;0.0;0.0;0.0;0.0;0.0;0.0;0.0;0.0;0
8405;2.3;0.0;0.0;0.0;0.0;0.0;0.0;0.0;0.0;0
8406;2.3;0.0;0.0;0.0;0.0;0.0;0.0;0.0;0.0;0
8407;1.8;0.0;0.0;0.0;0.0;0.0;0.0;0.0;0.0;0
8408;3.3;0.0;0.0;0.0;0.0;0.0;0.0;0.0;0.0;0
8409;3.6;0.0;0.0;0.0;0.0;0.0;0.0;0.0;0.0;0
8410;3.8;1.8;1.8;1.8;1.8;1.8;1.8;1.8;1.8;3
8411;4.1;12.6;12.6;12.6;12.6;12.6;12.6;12.6;12.6;21
8412;4.4;18.1;18.1;18.1;20.81;21.94;20.81;18.1;18.1;31
8413;4.4;19.8;19.8;19.8;19.8;19.8;19.8;19.8;19.8;33
8414;4.3;19.3;19.3;19.3;20.95;24.24;24.63;21.9;19.3;33
8415;4.1;16.3;16.3;16.3;17.17;25.03;27.78;23.8;16.3;28
8416;3.7;6.7;6.7;6.7;6.7;6.7;6.7;6.7;6.7;12
8417;3.2;0.0;0.0;0.0;0.0;0.0;0.0;0.0;0.0;0
8418;2.7;0.0;0.0;0.0;0.0;0.0;0.0;0.0;0.0;0
8419;2.5;0.0;0.0;0.0;0.0;0.0;0.0;0.0;0.0;0
8420;2.4;0.0;0.0;0.0;0.0;0.0;0.0;0.0;0.0;0
8421;2.3;0.0;0.0;0.0;0.0;0.0;0.0;0.0;0.0;0
8422;2.4;0.0;0.0;0.0;0.0;0.0;0.0;0.0;0.0;0
8423;2.1;0.0;0.0;0.0;0.0;0.0;0.0;0.0;0.0;0
8424;2.2;0.0;0.0;0.0;0.0;0.0;0.0;0.0;0.0;0
8425;2.1;0.0;0.0;0.0;0.0;0.0;0.0;0.0;0.0;0
8426;2.2;0.0;0.0;0.0;0.0;0.0;0.0;0.0;0.0;0
8427;2.3;0.0;0.0;0.0;0.0;0.0;0.0;0.0;0.0;0
8428;2.6;0.0;0.0;0.0;0.0;0.0;0.0;0.0;0.0;0
8429;2.8;0.0;0.0;0.0;0.0;0.0;0.0;0.0;0.0;0
8430;3.0;0.0;0.0;0.0;0.0;0.0;0.0;0.0;0.0;0
8431;3.3;0.0;0.0;0.0;0.0;0.0;0.0;0.0;0.0;0
8432;3.7;0.0;0.0;0.0;0.0;0.0;0.0;0.0;0.0;0
8433;4.2;2.4;2.4;2.4;2.4;2.4;2.4;2.4;2.4;4
8434;4.5;14.6;14.6;19.81;25.29;24.5;17.91;14.6;14.6;26
8435;5.0;28.5;28.5;31.57;39.28;40.67;34.94;28.5;28.5;50
8436;5.7;44.9;44.9;44.9;58.5;64.13;58.5;44.9;44.9;79
8437;5.8;43.6;43.6;43.6;52.19;59.83;57.97;47.69;43.6;76
8438;6.2;21.7;21.7;21.7;23.36;26.65;27.04;24.31;21.7;37
8439;6.6;13.3;13.3;13.3;14.18;22.07;24.82;20.83;13.3;23
8440;6.9;5.4;5.4;5.4;5.4;5.4;5.4;5.4;5.4;9
8441;7.0;0.0;0.0;0.0;0.0;0.0;0.0;0.0;0.0;0
8442;7.2;0.0;0.0;0.0;0.0;0.0;0.0;0.0;0.0;0
8443;7.2;0.0;0.0;0.0;0.0;0.0;0.0;0.0;0.0;0
8444;7.2;0.0;0.0;0.0;0.0;0.0;0.0;0.0;0.0;0
8445;7.3;0.0;0.0;0.0;0.0;0.0;0.0;0.0;0.0;0
8446;7.5;0.0;0.0;0.0;0.0;0.0;0.0;0.0;0.0;0
8447;8.0;0.0;0.0;0.0;0.0;0.0;0.0;0.0;0.0;0
8448;8.0;0.0;0.0;0.0;0.0;0.0;0.0;0.0;0.0;0
8449;7.6;0.0;0.0;0.0;0.0;0.0;0.0;0.0;0.0;0
8450;7.3;0.0;0.0;0.0;0.0;0.0;0.0;0.0;0.0;0
8451;7.7;0.0;0.0;0.0;0.0;0.0;0.0;0.0;0.0;0
8452;7.8;0.0;0.0;0.0;0.0;0.0;0.0;0.0;0.0;0
8453;7.8;0.0;0.0;0.0;0.0;0.0;0.0;0.0;0.0;0
8454;7.8;0.0;0.0;0.0;0.0;0.0;0.0;0.0;0.0;0
8455;7.5;0.0;0.0;0.0;0.0;0.0;0.0;0.0;0.0;0
8456;7.6;0.0;0.0;0.0;0.0;0.0;0.0;0.0;0.0;0
8457;7.7;0.0;0.0;0.0;0.0;0.0;0.0;0.0;0.0;0
8458;6.6;0.6;0.6;0.6;0.6;0.6;0.6;0.6;0.6;1
8459;6.2;3.6;3.6;3.6;3.6;3.6;3.6;3.6;3.6;6
8460;5.9;5.4;5.4;5.4;5.4;5.4;5.4;5.4;5.4;9
8461;5.7;8.4;8.4;8.4;8.4;8.4;8.4;8.4;8.4;14
8462;5.5;15.1;15.1;15.1;16.76;20.06;20.45;17.71;15.1;26
8463;5.4;9.6;9.6;9.6;9.6;9.6;9.6;9.6;9.6;16
8464;5.4;5.4;5.4;5.4;5.4;5.4;5.4;5.4;5.4;9
8465;5.4;0.0;0.0;0.0;0.0;0.0;0.0;0.0;0.0;0
8466;5.3;0.0;0.0;0.0;0.0;0.0;0.0;0.0;0.0;0
8467;5.2;0.0;0.0;0.0;0.0;0.0;0.0;0.0;0.0;0
8468;5.0;0.0;0.0;0.0;0.0;0.0;0.0;0.0;0.0;0
8469;4.9;0.0;0.0;0.0;0.0;0.0;0.0;0.0;0.0;0
8470;4.6;0.0;0.0;0.0;0.0;0.0;0.0;0.0;0.0;0
8471;4.3;0.0;0.0;0.0;0.0;0.0;0.0;0.0;0.0;0
8472;3.9;0.0;0.0;0.0;0.0;0.0;0.0;0.0;0.0;0
8473;3.5;0.0;0.0;0.0;0.0;0.0;0.0;0.0;0.0;0
8474;3.2;0.0;0.0;0.0;0.0;0.0;0.0;0.0;0.0;0
8475;2.5;0.0;0.0;0.0;0.0;0.0;0.0;0.0;0.0;0
8476;1.9;0.0;0.0;0.0;0.0;0.0;0.0;0.0;0.0;0
8477;1.5;0.0;0.0;0.0;0.0;0.0;0.0;0.0;0.0;0
8478;1.1;0.0;0.0;0.0;0.0;0.0;0.0;0.0;0.0;0
8479;0.7;0.0;0.0;0.0;0.0;0.0;0.0;0.0;0.0;0
8480;0.4;0.0;0.0;0.0;0.0;0.0;0.0;0.0;0.0;0
8481;0.3;0.0;0.0;0.0;0.0;0.0;0.0;0.0;0.0;0
8482;-0.2;3.1;3.1;5.71;8.46;8.06;4.76;3.1;3.1;6
8483;-0.2;13.9;13.9;14.92;17.5;17.97;16.05;13.9;13.9;24
8484;0.0;26.5;26.5;26.5;29.22;30.35;29.22;26.5;26.5;45
8485;0.1;21.1;21.1;21.1;23.25;25.17;24.7;22.12;21.1;36
8486;0.0;23.5;23.5;23.5;25.16;28.46;28.86;26.11;23.5;40
8487;0.0;30.8;30.8;30.8;32.57;48.42;53.95;45.92;30.8;53
8488;-0.1;13.3;13.3;13.3;13.3;13.3;13.3;13.3;13.3;23
8489;-0.3;0.0;0.0;0.0;0.0;0.0;0.0;0.0;0.0;0
8490;-0.4;0.0;0.0;0.0;0.0;0.0;0.0;0.0;0.0;0
8491;-0.6;0.0;0.0;0.0;0.0;0.0;0.0;0.0;0.0;0
8492;-0.8;0.0;0.0;0.0;0.0;0.0;0.0;0.0;0.0;0
8493;-1.2;0.0;0.0;0.0;0.0;0.0;0.0;0.0;0.0;0
8494;-1.6;0.0;0.0;0.0;0.0;0.0;0.0;0.0;0.0;0
8495;-2.0;0.0;0.0;0.0;0.0;0.0;0.0;0.0;0.0;0
8496;-2.4;0.0;0.0;0.0;0.0;0.0;0.0;0.0;0.0;0
8497;-2.6;0.0;0.0;0.0;0.0;0.0;0.0;0.0;0.0;0
8498;-2.9;0.0;0.0;0.0;0.0;0.0;0.0;0.0;0.0;0
8499;-3.2;0.0;0.0;0.0;0.0;0.0;0.0;0.0;0.0;0
8500;-3.6;0.0;0.0;0.0;0.0;0.0;0.0;0.0;0.0;0
8501;-4.0;0.0;0.0;0.0;0.0;0.0;0.0;0.0;0.0;0
8502;-4.2;0.0;0.0;0.0;0.0;0.0;0.0;0.0;0.0;0
8503;-4.3;0.0;0.0;0.0;0.0;0.0;0.0;0.0;0.0;0
8504;-4.4;0.0;0.0;0.0;0.0;0.0;0.0;0.0;0.0;0
8505;-4.6;3.6;3.6;3.6;3.6;3.6;3.6;3.6;3.6;6
8506;-4.5;20.6;20.6;72.86;127.72;119.83;53.82;20.6;20.6;51
8507;-3.8;46.5;46.5;117.12;294.83;327.07;194.95;46.5;46.5;135
8508;-3.1;62.5;62.5;62.5;343.11;459.34;343.11;62.5;62.5;190
8509;-2.4;67.0;67.0;67.0;346.7;595.61;534.87;200.06;67.0;220
8510;-1.2;64.6;64.6;64.6;250.62;620.32;664.48;357.24;64.6;201
8511;-0.9;51.7;51.7;51.7;121.68;747.97;966.39;649.0;51.7;152
8512;-1.5;27.8;27.8;27.8;27.8;27.8;27.8;27.8;27.8;78
8513;-2.5;5.4;5.4;5.4;5.4;5.4;5.4;5.4;5.4;9
8514;-3.2;0.0;0.0;0.0;0.0;0.0;0.0;0.0;0.0;0
8515;-3.6;0.0;0.0;0.0;0.0;0.0;0.0;0.0;0.0;0
8516;-3.9;0.0;0.0;0.0;0.0;0.0;0.0;0.0;0.0;0
8517;-4.3;0.0;0.0;0.0;0.0;0.0;0.0;0.0;0.0;0
8518;-4.3;0.0;0.0;0.0;0.0;0.0;0.0;0.0;0.0;0
8519;-4.6;0.0;0.0;0.0;0.0;0.0;0.0;0.0;0.0;0
8520;-4.6;0.0;0.0;0.0;0.0;0.0;0.0;0.0;0.0;0
8521;-4.7;0.0;0.0;0.0;0.0;0.0;0.0;0.0;0.0;0
8522;-4.9;0.0;0.0;0.0;0.0;0.0;0.0;0.0;0.0;0
8523;-4.9;0.0;0.0;0.0;0.0;0.0;0.0;0.0;0.0;0
8524;-5.1;0.0;0.0;0.0;0.0;0.0;0.0;0.0;0.0;0
8525;-5.4;0.0;0.0;0.0;0.0;0.0;0.0;0.0;0.0;0
8526;-5.2;0.0;0.0;0.0;0.0;0.0;0.0;0.0;0.0;0
8527;-5.2;0.0;0.0;0.0;0.0;0.0;0.0;0.0;0.0;0
8528;-5.1;0.0;0.0;0.0;0.0;0.0;0.0;0.0;0.0;0
8529;-5.0;2.4;2.4;2.4;2.4;2.4;2.4;2.4;2.4;4
8530;-3.6;18.3;18.3;26.14;34.36;33.18;23.28;18.3;18.3;33
8531;-2.7;42.0;42.0;48.14;63.59;66.39;54.9;42.0;42.0;75
8532;-0.6;59.6;59.6;59.6;81.39;90.41;81.39;59.6;59.6;106
8533;2.3;71.7;71.7;71.7;271.71;449.71;406.28;166.86;71.7;197
8534;2.4;67.7;67.7;67.7;105.88;181.76;190.83;127.77;67.7;132
8535;2.2;48.1;48.1;48.1;54.29;109.73;129.07;100.98;48.1;86
8536;1.5;28.8;28.8;28.8;28.8;28.8;28.8;28.8;28.8;73
8537;0.2;4.2;4.2;4.2;4.2;4.2;4.2;4.2;4.2;7
8538;-0.7;0.0;0.0;0.0;0.0;0.0;0.0;0.0;0.0;0
8539;-1.2;0.0;0.0;0.0;0.0;0.0;0.0;0.0;0.0;0
8540;-1.2;0.0;0.0;0.0;0.0;0.0;0.0;0.0;0.0;0
8541;-1.1;0.0;0.0;0.0;0.0;0.0;0.0;0.0;0.0;0
8542;-1.4;0.0;0.0;0.0;0.0;0.0;0.0;0.0;0.0;0
8543;-2.1;0.0;0.0;0.0;0.0;0.0;0.0;0.0;0.0;0
8544;-2.3;0.0;0.0;0.0;0.0;0.0;0.0;0.0;0.0;0
8545;-2.7;0.0;0.0;0.0;0.0;0.0;0.0;0.0;0.0;0
8546;-2.9;0.0;0.0;0.0;0.0;0.0;0.0;0.0;0.0;0
8547;-2.6;0.0;0.0;0.0;0.0;0.0;0.0;0.0;0.0;0
8548;-2.5;0.0;0.0;0.0;0.0;0.0;0.0;0.0;0.0;0
8549;-2.7;0.0;0.0;0.0;0.0;0.0;0.0;0.0;0.0;0
8550;-3.0;0.0;0.0;0.0;0.0;0.0;0.0;0.0;0.0;0
8551;-3.3;0.0;0.0;0.0;0.0;0.0;0.0;0.0;0.0;0
8552;-3.4;0.0;0.0;0.0;0.0;0.0;0.0;0.0;0.0;0
8553;-3.6;3.0;3.0;3.0;3.0;3.0;3.0;3.0;3.0;5
8554;-3.6;17.1;17.1;24.93;33.14;31.96;22.07;17.1;17.1;31
8555;-3.6;31.0;31.0;35.09;45.38;47.24;39.59;31.0;31.0;55
8556;-1.8;64.1;64.1;64.1;306.26;406.57;306.26;64.1;64.1;181
8557;-0.7;69.4;69.4;69.4;310.03;524.21;471.97;183.91;69.4;209
8558;-0.3;66.9;66.9;66.9;231.01;557.27;596.28;325.19;66.9;194
8559;-0.3;52.9;52.9;52.9;117.25;694.17;895.45;603.17;52.9;149
8560;-0.8;29.4;29.4;29.4;29.4;29.4;29.4;29.4;29.4;74
8561;-1.6;5.4;5.4;5.4;5.4;5.4;5.4;5.4;5.4;9
8562;-2.1;0.0;0.0;0.0;0.0;0.0;0.0;0.0;0.0;0
8563;-2.3;0.0;0.0;0.0;0.0;0.0;0.0;0.0;0.0;0
8564;-2.7;0.0;0.0;0.0;0.0;0.0;0.0;0.0;0.0;0
8565;-3.3;0.0;0.0;0.0;0.0;0.0;0.0;0.0;0.0;0
8566;-3.8;0.0;0.0;0.0;0.0;0.0;0.0;0.0;0.0;0
8567;-4.0;0.0;0.0;0.0;0.0;0.0;0.0;0.0;0.0;0
8568;-4.0;0.0;0.0;0.0;0.0;0.0;0.0;0.0;0.0;0
8569;-4.3;0.0;0.0;0.0;0.0;0.0;0.0;0.0;0.0;0
8570;-4.3;0.0;0.0;0.0;0.0;0.0;0.0;0.0;0.0;0
8571;-4.5;0.0;0.0;0.0;0.0;0.0;0.0;0.0;0.0;0
8572;-5.0;0.0;0.0;0.0;0.0;0.0;0.0;0.0;0.0;0
8573;-5.0;0.0;0.0;0.0;0.0;0.0;0.0;0.0;0.0;0
8574;-5.5;0.0;0.0;0.0;0.0;0.0;0.0;0.0;0.0;0
8575;-5.5;0.0;0.0;0.0;0.0;0.0;0.0;0.0;0.0;0
8576;-5.8;0.0;0.0;0.0;0.0;0.0;0.0;0.0;0.0;0
8577;-6.0;3.6;3.6;3.6;3.6;3.6;3.6;3.6;3.6;6
8578;-5.5;20.1;20.1;74.8;132.19;123.92;54.84;20.1;20.1;51
8579;-4.4;45.3;45.3;121.88;314.49;349.41;206.19;45.3;45.3;138
8580;-3.1;61.8;61.8;61.8;355.26;476.81;355.26;61.8;61.8;193
8581;-2.3;65.6;65.6;65.6;365.92;633.28;568.09;208.56;65.6;226
8582;-1.6;63.4;63.4;63.4;268.5;676.45;725.28;386.39;63.4;209
8583;-1.6;51.0;51.0;51.0;129.9;838.75;1086.15;727.17;51.0;160
8584;-2.0;28.3;28.3;28.3;28.3;28.3;28.3;28.3;28.3;83
8585;-2.7;7.2;7.2;7.2;7.2;7.2;7.2;7.2;7.2;12
8586;-3.5;0.0;0.0;0.0;0.0;0.0;0.0;0.0;0.0;0
8587;-4.1;0.0;0.0;0.0;0.0;0.0;0.0;0.0;0.0;0
8588;-4.6;0.0;0.0;0.0;0.0;0.0;0.0;0.0;0.0;0
8589;-4.9;0.0;0.0;0.0;0.0;0.0;0.0;0.0;0.0;0
8590;-5.5;0.0;0.0;0.0;0.0;0.0;0.0;0.0;0.0;0
8591;-6.3;0.0;0.0;0.0;0.0;0.0;0.0;0.0;0.0;0
8592;-6.9;0.0;0.0;0.0;0.0;0.0;0.0;0.0;0.0;0
8593;-6.5;0.0;0.0;0.0;0.0;0.0;0.0;0.0;0.0;0
8594;-5.5;0.0;0.0;0.0;0.0;0.0;0.0;0.0;0.0;0
8595;-4.3;0.0;0.0;0.0;0.0;0.0;0.0;0.0;0.0;0
8596;-3.8;0.0;0.0;0.0;0.0;0.0;0.0;0.0;0.0;0
8597;-3.5;0.0;0.0;0.0;0.0;0.0;0.0;0.0;0.0;0
8598;-3.5;0.0;0.0;0.0;0.0;0.0;0.0;0.0;0.0;0
8599;-3.2;0.0;0.0;0.0;0.0;0.0;0.0;0.0;0.0;0
8600;-2.7;0.0;0.0;0.0;0.0;0.0;0.0;0.0;0.0;0
8601;-2.6;0.0;0.0;0.0;0.0;0.0;0.0;0.0;0.0;0
8602;-1.9;3.0;3.0;3.0;3.0;3.0;3.0;3.0;3.0;5
8603;-1.6;16.9;16.9;17.92;20.48;20.95;19.04;16.9;16.9;29
8604;0.0;57.8;57.8;57.8;79.5;88.48;79.5;57.8;57.8;103
8605;-0.6;50.4;50.4;50.4;63.24;74.68;71.89;56.52;50.4;89
8606;-0.4;40.6;40.6;40.6;47.2;60.33;61.9;51.0;40.6;71
8607;-0.6;26.0;26.0;26.0;27.74;43.42;48.89;40.96;26.0;45
8608;-0.6;10.9;10.9;10.9;10.9;10.9;10.9;10.9;10.9;19
8609;-0.5;1.2;1.2;1.2;1.2;1.2;1.2;1.2;1.2;2
8610;-1.1;0.0;0.0;0.0;0.0;0.0;0.0;0.0;0.0;0
8611;-1.7;0.0;0.0;0.0;0.0;0.0;0.0;0.0;0.0;0
8612;-2.9;0.0;0.0;0.0;0.0;0.0;0.0;0.0;0.0;0
8613;-3.6;0.0;0.0;0.0;0.0;0.0;0.0;0.0;0.0;0
8614;-4.3;0.0;0.0;0.0;0.0;0.0;0.0;0.0;0.0;0
8615;-4.7;0.0;0.0;0.0;0.0;0.0;0.0;0.0;0.0;0
8616;-4.8;0.0;0.0;0.0;0.0;0.0;0.0;0.0;0.0;0
8617;-5.4;0.0;0.0;0.0;0.0;0.0;0.0;0.0;0.0;0
8618;-5.8;0.0;0.0;0.0;0.0;0.0;0.0;0.0;0.0;0
8619;-6.1;0.0;0.0;0.0;0.0;0.0;0.0;0.0;0.0;0
8620;-6.9;0.0;0.0;0.0;0.0;0.0;0.0;0.0;0.0;0
8621;-7.1;0.0;0.0;0.0;0.0;0.0;0.0;0.0;0.0;0
8622;-7.4;0.0;0.0;0.0;0.0;0.0;0.0;0.0;0.0;0
8623;-7.9;0.0;0.0;0.0;0.0;0.0;0.0;0.0;0.0;0
8624;-7.7;0.0;0.0;0.0;0.0;0.0;0.0;0.0;0.0;0
8625;-8.7;7.8;7.8;7.8;7.8;7.8;7.8;7.8;7.8;13
8626;-6.8;39.4;39.4;158.62;283.58;265.51;114.98;39.4;39.4;104
8627;-4.7;58.8;58.8;223.6;637.72;712.72;404.66;58.8;58.8;233
8628;-2.8;54.5;54.5;54.5;701.18;969.04;701.18;54.5;54.5;290
8629;-1.8;66.8;66.8;66.8;352.88;607.69;545.66;203.11;66.8;223
8630;-0.7;65.8;65.8;65.8;249.82;616.32;660.33;356.07;65.8;203
8631;-0.9;53.6;53.6;53.6;117.4;694.16;895.68;603.93;53.6;151
8632;-1.5;30.1;30.1;30.1;30.1;30.1;30.1;30.1;30.1;76
8633;-3.8;7.2;7.2;7.2;7.2;7.2;7.2;7.2;7.2;12
8634;-4.2;0.0;0.0;0.0;0.0;0.0;0.0;0.0;0.0;0
8635;-5.4;0.0;0.0;0.0;0.0;0.0;0.0;0.0;0.0;0
8636;-6.7;0.0;0.0;0.0;0.0;0.0;0.0;0.0;0.0;0
8637;-7.9;0.0;0.0;0.0;0.0;0.0;0.0;0.0;0.0;0
8638;-5.3;0.0;0.0;0.0;0.0;0.0;0.0;0.0;0.0;0
8639;-5.4;0.0;0.0;0.0;0.0;0.0;0.0;0.0;0.0;0
8640;-5.5;0.0;0.0;0.0;0.0;0.0;0.0;0.0;0.0;0
8641;-5.4;0.0;0.0;0.0;0.0;0.0;0.0;0.0;0.0;0
8642;-5.0;0.0;0.0;0.0;0.0;0.0;0.0;0.0;0.0;0
8643;-4.6;0.0;0.0;0.0;0.0;0.0;0.0;0.0;0.0;0
8644;-4.5;0.0;0.0;0.0;0.0;0.0;0.0;0.0;0.0;0
8645;-4.3;0.0;0.0;0.0;0.0;0.0;0.0;0.0;0.0;0
8646;-4.4;0.0;0.0;0.0;0.0;0.0;0.0;0.0;0.0;0
8647;-4.5;0.0;0.0;0.0;0.0;0.0;0.0;0.0;0.0;0
8648;-4.4;0.0;0.0;0.0;0.0;0.0;0.0;0.0;0.0;0
8649;-4.5;1.2;1.2;1.2;1.2;1.2;1.2;1.2;1.2;2
8650;-4.5;10.9;10.9;13.48;16.19;15.8;12.54;10.9;10.9;19
8651;-4.2;27.2;27.2;29.23;34.33;35.25;31.46;27.2;27.2;47
8652;-4.0;43.0;43.0;43.0;53.79;58.26;53.79;43.0;43.0;75
8653;-3.6;43.0;43.0;43.0;51.51;59.1;57.25;47.06;43.0;75
8654;-3.4;40.6;40.6;40.6;47.14;60.18;61.75;50.93;40.6;71
8655;-3.3;26.6;26.6;26.6;28.31;43.78;49.2;41.37;26.6;46
8656;-3.4;12.6;12.6;12.6;12.6;12.6;12.6;12.6;12.6;21
8657;-3.8;1.2;1.2;1.2;1.2;1.2;1.2;1.2;1.2;2
8658;-4.2;0.0;0.0;0.0;0.0;0.0;0.0;0.0;0.0;0
8659;-4.7;0.0;0.0;0.0;0.0;0.0;0.0;0.0;0.0;0
8660;-5.5;0.0;0.0;0.0;0.0;0.0;0.0;0.0;0.0;0
8661;-6.4;0.0;0.0;0.0;0.0;0.0;0.0;0.0;0.0;0
8662;-6.9;0.0;0.0;0.0;0.0;0.0;0.0;0.0;0.0;0
8663;-7.6;0.0;0.0;0.0;0.0;0.0;0.0;0.0;0.0;0
8664;-7.3;0.0;0.0;0.0;0.0;0.0;0.0;0.0;0.0;0
8665;-8.4;0.0;0.0;0.0;0.0;0.0;0.0;0.0;0.0;0
8666;-8.4;0.0;0.0;0.0;0.0;0.0;0.0;0.0;0.0;0
8667;-8.4;0.0;0.0;0.0;0.0;0.0;0.0;0.0;0.0;0
8668;-9.1;0.0;0.0;0.0;0.0;0.0;0.0;0.0;0.0;0
8669;-9.8;0.0;0.0;0.0;0.0;0.0;0.0;0.0;0.0;0
8670;-9.8;0.0;0.0;0.0;0.0;0.0;0.0;0.0;0.0;0
8671;-10.0;0.0;0.0;0.0;0.0;0.0;0.0;0.0;0.0;0
8672;-10.0;0.0;0.0;0.0;0.0;0.0;0.0;0.0;0.0;0
8673;-10.0;2.4;2.4;2.4;2.4;2.4;2.4;2.4;2.4;4
8674;-9.9;20.1;20.1;43.26;67.49;63.97;34.74;20.1;20.1;41
8675;-8.1;43.8;43.8;128.78;342.06;380.63;221.89;43.8;43.8;143
8676;-7.1;63.9;63.9;63.9;313.99;417.58;313.99;63.9;63.9;184
8677;-6.1;69.5;69.5;69.5;321.79;546.68;492.04;189.89;69.5;215
8678;-5.3;67.4;67.4;67.4;236.62;574.29;615.03;334.98;67.4;199
8679;-5.5;54.1;54.1;54.1;120.58;727.02;939.27;633.0;54.1;156
8680;-6.1;30.1;30.1;30.1;30.1;30.1;30.1;30.1;30.1;86
8681;-7.2;8.4;8.4;8.4;8.4;8.4;8.4;8.4;8.4;14
8682;-7.5;0.0;0.0;0.0;0.0;0.0;0.0;0.0;0.0;0
8683;-8.1;0.0;0.0;0.0;0.0;0.0;0.0;0.0;0.0;0
8684;-8.7;0.0;0.0;0.0;0.0;0.0;0.0;0.0;0.0;0
8685;-9.6;0.0;0.0;0.0;0.0;0.0;0.0;0.0;0.0;0
8686;-10.0;0.0;0.0;0.0;0.0;0.0;0.0;0.0;0.0;0
8687;-10.0;0.0;0.0;0.0;0.0;0.0;0.0;0.0;0.0;0
8688;-10.0;0.0;0.0;0.0;0.0;0.0;0.0;0.0;0.0;0
8689;-10.0;0.0;0.0;0.0;0.0;0.0;0.0;0.0;0.0;0
8690;-10.0;0.0;0.0;0.0;0.0;0.0;0.0;0.0;0.0;0
8691;-11.0;0.0;0.0;0.0;0.0;0.0;0.0;0.0;0.0;0
8692;-10.0;0.0;0.0;0.0;0.0;0.0;0.0;0.0;0.0;0
8693;-10.0;0.0;0.0;0.0;0.0;0.0;0.0;0.0;0.0;0
8694;-8.9;0.0;0.0;0.0;0.0;0.0;0.0;0.0;0.0;0
8695;-8.0;0.0;0.0;0.0;0.0;0.0;0.0;0.0;0.0;0
8696;-7.4;0.0;0.0;0.0;0.0;0.0;0.0;0.0;0.0;0
8697;-6.4;0.0;0.0;0.0;0.0;0.0;0.0;0.0;0.0;0
8698;-5.9;3.0;3.0;3.0;3.0;3.0;3.0;3.0;3.0;5
8699;-5.8;11.4;11.4;11.4;11.4;11.4;11.4;11.4;11.4;19
8700;-4.6;18.1;18.1;18.1;20.78;21.89;20.78;18.1;18.1;31
8701;-4.2;18.6;18.6;18.6;18.6;18.6;18.6;18.6;18.6;31
8702;-3.9;20.5;20.5;20.5;22.12;25.35;25.74;23.06;20.5;35
8703;-3.6;15.1;15.1;15.1;15.93;23.53;26.2;22.36;15.1;26
8704;-3.0;8.5;8.5;8.5;8.5;8.5;8.5;8.5;8.5;15
8705;-2.2;3.0;3.0;3.0;3.0;3.0;3.0;3.0;3.0;5
8706;-1.4;0.0;0.0;0.0;0.0;0.0;0.0;0.0;0.0;0
8707;-0.5;0.0;0.0;0.0;0.0;0.0;0.0;0.0;0.0;0
8708;0.6;0.0;0.0;0.0;0.0;0.0;0.0;0.0;0.0;0
8709;1.4;0.0;0.0;0.0;0.0;0.0;0.0;0.0;0.0;0
8710;2.1;0.0;0.0;0.0;0.0;0.0;0.0;0.0;0.0;0
8711;1.0;0.0;0.0;0.0;0.0;0.0;0.0;0.0;0.0;0
8712;0.4;0.0;0.0;0.0;0.0;0.0;0.0;0.0;0.0;0
8713;0.3;0.0;0.0;0.0;0.0;0.0;0.0;0.0;0.0;0
8714;0.0;0.0;0.0;0.0;0.0;0.0;0.0;0.0;0.0;0
8715;-0.1;0.0;0.0;0.0;0.0;0.0;0.0;0.0;0.0;0
8716;-0.2;0.0;0.0;0.0;0.0;0.0;0.0;0.0;0.0;0
8717;-0.4;0.0;0.0;0.0;0.0;0.0;0.0;0.0;0.0;0
8718;-0.7;0.0;0.0;0.0;0.0;0.0;0.0;0.0;0.0;0
8719;-0.5;0.0;0.0;0.0;0.0;0.0;0.0;0.0;0.0;0
8720;-0.2;0.0;0.0;0.0;0.0;0.0;0.0;0.0;0.0;0
8721;-0.1;0.0;0.0;0.0;0.0;0.0;0.0;0.0;0.0;0
8722;-0.1;3.0;3.0;3.0;3.0;3.0;3.0;3.0;3.0;5
8723;-0.2;14.5;14.5;15.5;18.02;18.48;16.6;14.5;14.5;25
8724;-0.3;47.4;47.4;47.4;63.4;70.03;63.4;47.4;47.4;84
8725;-0.7;52.8;52.8;52.8;65.4;76.65;73.93;58.83;52.8;93
8726;-0.8;31.4;31.4;31.4;34.61;41.04;41.82;36.5;31.4;54
8727;-1.0;16.9;16.9;16.9;17.72;25.24;27.88;24.09;16.9;29
8728;-1.1;9.6;9.6;9.6;9.6;9.6;9.6;9.6;9.6;16
8729;-1.2;0.0;0.0;0.0;0.0;0.0;0.0;0.0;0.0;0
8730;-1.4;0.0;0.0;0.0;0.0;0.0;0.0;0.0;0.0;0
8731;-1.6;0.0;0.0;0.0;0.0;0.0;0.0;0.0;0.0;0
8732;-1.3;0.0;0.0;0.0;0.0;0.0;0.0;0.0;0.0;0
8733;-1.1;0.0;0.0;0.0;0.0;0.0;0.0;0.0;0.0;0
8734;-0.9;0.0;0.0;0.0;0.0;0.0;0.0;0.0;0.0;0
8735;-4.1;0.0;0.0;0.0;0.0;0.0;0.0;0.0;0.0;0
8736;-5.4;0.0;0.0;0.0;0.0;0.0;0.0;0.0;0.0;0
8737;-5.7;0.0;0.0;0.0;0.0;0.0;0.0;0.0;0.0;0
8738;-6.8;0.0;0.0;0.0;0.0;0.0;0.0;0.0;0.0;0
8739;-7.5;0.0;0.0;0.0;0.0;0.0;0.0;0.0;0.0;0
8740;-8.4;0.0;0.0;0.0;0.0;0.0;0.0;0.0;0.0;0
8741;-9.4;0.0;0.0;0.0;0.0;0.0;0.0;0.0;0.0;0
8742;-9.4;0.0;0.0;0.0;0.0;0.0;0.0;0.0;0.0;0
8743;-9.8;0.0;0.0;0.0;0.0;0.0;0.0;0.0;0.0;0
8744;-10.0;0.0;0.0;0.0;0.0;0.0;0.0;0.0;0.0;0
8745;-10.0;2.4;2.4;2.4;2.4;2.4;2.4;2.4;2.4;4
8746;-10.0;19.1;19.1;31.77;44.99;43.05;27.07;19.1;19.1;36
8747;-9.4;48.9;48.9;87.9;185.55;203.15;130.39;48.9;48.9;114
8748;-8.1;66.1;66.1;66.1;275.84;362.71;275.84;66.1;66.1;176
8749;-8.0;72.6;72.6;72.6;285.73;476.03;430.0;174.61;72.6;206
8750;-7.8;71.1;71.1;71.1;200.25;459.02;490.56;276.38;71.1;186
8751;-8.2;57.5;57.5;57.5;90.3;395.4;502.56;349.01;57.5;130
8752;-9.1;31.5;31.5;31.5;31.5;31.5;31.5;31.5;31.5;60
8753;-10.0;5.4;5.4;5.4;5.4;5.4;5.4;5.4;5.4;9
8754;-10.0;0.0;0.0;0.0;0.0;0.0;0.0;0.0;0.0;0
8755;-10.0;0.0;0.0;0.0;0.0;0.0;0.0;0.0;0.0;0
8756;-10.0;0.0;0.0;0.0;0.0;0.0;0.0;0.0;0.0;0
8757;-11.0;0.0;0.0;0.0;0.0;0.0;0.0;0.0;0.0;0
8758;-11.0;0.0;0.0;0.0;0.0;0.0;0.0;0.0;0.0;0
8759;-11.0;0.0;0.0;0.0;0.0;0.0;0.0;0.0;0.0;0
8760;-11.0;0.0;0.0;0.0;0.0;0.0;0.0;0.0;0.0;0
