Hour,Grid_kVA
1,59.59155333333333
2,59.59155333333333
3,59.59155333333333
4,59.59155333333333
5,59.59155333333333
6,59.59155333333333
7,59.59155333333333
8,59.59155333333333
9,40.84003333333334
10,40.84003333333334
11,40.84003333333334
12,40.84003333333334
13,42.379533333333335
14,34.81203333333333
15,34.81203333333333
16,34.81203333333333
17,34.81203333333333
18,49.94703333333334
19,49.043033333333334
20,40.00103333333333
21,40.00103333333333
22,40.00103333333333
23,40.00103333333333
24,55.07103333333333
25,59.59155333333333
26,59.59155333333333
27,59.59155333333333
28,59.59155333333333
29,59.59155333333333
30,59.59155333333333
31,59.59155333333333
32,59.59155333333333
33,40.84003333333334
34,40.84003333333334
35,40.84003333333334
36,40.84003333333334
37,42.379533333333335
38,34.81203333333333
39,34.81203333333333
40,34.81203333333333
41,34.81203333333333
42,49.94703333333334
43,49.043033333333334
44,40.00103333333333
45,40.00103333333333
46,40.00103333333333
47,40.00103333333333
48,55.07103333333333
49,59.59155333333333
50,59.59155333333333
51,59.59155333333333
52,59.59155333333333
53,59.59155333333333
54,59.59155333333333
55,59.59155333333333
56,59.59155333333333
57,40.84003333333334
58,40.84003333333334
59,40.84003333333334
60,40.84003333333334
61,42.379533333333335
62,34.81203333333333
63,34.81203333333333
64,27.186033333333334
65,27.186033333333334
66,42.32103333333333
67,42.32103333333333
68,27.716033333333336
69,27.716033333333336
70,27.716033333333336
71,27.716033333333336
72,48.34903333333334
73,59.59155333333333
74,59.59155333333333
75,59.59155333333333
76,59.59155333333333
77,59.59155333333333
78,59.59155333333333
79,59.59155333333333
80,59.59155333333333
81,40.84003333333334
82,40.84003333333334
83,40.84003333333334
84,40.84003333333334
85,42.379533333333335
86,34.81203333333333
87,34.81203333333333
88,34.81203333333333
89,34.81203333333333
90,49.94703333333334
91,49.043033333333334
92,40.00103333333333
93,40.00103333333333
94,40.00103333333333
95,40.00103333333333
96,55.07103333333333
97,59.59155333333333
98,59.59155333333333
99,59.59155333333333
100,59.59155333333333
101,59.59155333333333
102,59.59155333333333
103,59.59155333333333
104,59.59155333333333
105,40.84003333333334
106,40.84003333333334
107,40.84003333333334
108,40.84003333333334
109,42.379533333333335
110,34.81203333333333
111,34.81203333333333
112,27.186033333333334
113,27.186033333333334
114,42.32103333333333
115,42.32103333333333
116,27.716033333333336
117,27.716033333333336
118,27.716033333333336
119,27.716033333333336
120,50.15703333333333
121,59.59155333333333
122,59.59155333333333
123,59.59155333333333
124,59.59155333333333
125,59.59155333333333
126,59.59155333333333
127,59.59155333333333
128,59.59155333333333
129,55.975033333333336
130,55.975033333333336
131,55.975033333333336
132,55.975033333333336
133,49.94703333333334
134,49.94703333333334
135,49.94703333333334
136,42.32103333333333
137,42.32103333333333
138,42.32103333333333
139,42.32103333333333
140,27.716033333333336
141,27.716033333333336
142,27.716033333333336
143,27.716033333333336
144,48.34903333333334
145,59.59155333333333
146,59.59155333333333
147,59.59155333333333
148,59.59155333333333
149,59.59155333333333
150,59.59155333333333
151,59.59155333333333
152,59.59155333333333
153,55.975033333333336
154,55.975033333333336
155,55.975033333333336
156,55.975033333333336
157,49.94703333333334
158,49.94703333333334
159,49.94703333333334
160,42.32103333333333
161,42.32103333333333
162,42.32103333333333
163,42.32103333333333
164,27.716033333333336
165,27.716033333333336
166,27.716033333333336
167,27.716033333333336
168,48.34903333333334
169,59.59155333333333
170,59.59155333333333
171,59.59155333333333
172,59.59155333333333
173,59.59155333333333
174,59.59155333333333
175,59.59155333333333
176,59.59155333333333
177,40.84003333333334
178,40.84003333333334
179,40.84003333333334
180,40.84003333333334
181,42.379533333333335
182,34.81203333333333
183,34.81203333333333
184,34.81203333333333
185,34.81203333333333
186,49.94703333333334
187,49.043033333333334
188,40.00103333333333
189,40.00103333333333
190,40.00103333333333
191,40.00103333333333
192,55.07103333333333
193,59.59155333333333
194,59.59155333333333
195,59.59155333333333
196,59.59155333333333
197,59.59155333333333
198,59.59155333333333
199,59.59155333333333
200,59.59155333333333
201,40.84003333333334
202,40.84003333333334
203,40.84003333333334
204,40.84003333333334
205,42.379533333333335
206,34.81203333333333
207,34.81203333333333
208,34.81203333333333
209,34.81203333333333
210,49.94703333333334
211,49.043033333333334
212,40.00103333333333
213,40.00103333333333
214,40.00103333333333
215,40.00103333333333
216,55.07103333333333
217,59.59155333333333
218,59.59155333333333
219,59.59155333333333
220,59.59155333333333
221,59.59155333333333
222,59.59155333333333
223,59.59155333333333
224,59.59155333333333
225,40.84003333333334
226,40.84003333333334
227,40.84003333333334
228,40.84003333333334
229,42.379533333333335
230,34.81203333333333
231,34.81203333333333
232,27.186033333333334
233,27.186033333333334
234,42.32103333333333
235,42.32103333333333
236,27.716033333333336
237,27.716033333333336
238,27.716033333333336
239,27.716033333333336
240,48.34903333333334
241,59.59155333333333
242,59.59155333333333
243,59.59155333333333
244,59.59155333333333
245,59.59155333333333
246,59.59155333333333
247,59.59155333333333
248,59.59155333333333
249,40.84003333333334
250,40.84003333333334
251,40.84003333333334
252,40.84003333333334
253,42.379533333333335
254,34.81203333333333
255,34.81203333333333
256,34.81203333333333
257,34.81203333333333
258,49.94703333333334
259,49.043033333333334
260,40.00103333333333
261,40.00103333333333
262,40.00103333333333
263,40.00103333333333
264,55.07103333333333
265,59.59155333333333
266,59.59155333333333
267,59.59155333333333
268,59.59155333333333
269,59.59155333333333
270,59.59155333333333
271,59.59155333333333
272,59.59155333333333
273,40.84003333333334
274,40.84003333333334
275,40.84003333333334
276,40.84003333333334
277,42.379533333333335
278,34.81203333333333
279,34.81203333333333
280,27.186033333333334
281,27.186033333333334
282,42.32103333333333
283,42.32103333333333
284,27.716033333333336
285,27.716033333333336
286,27.716033333333336
287,27.716033333333336
288,50.15703333333333
289,59.59155333333333
290,59.59155333333333
291,59.59155333333333
292,59.59155333333333
293,59.59155333333333
294,59.59155333333333
295,59.59155333333333
296,59.59155333333333
297,55.975033333333336
298,55.975033333333336
299,55.975033333333336
300,55.975033333333336
301,49.94703333333334
302,49.94703333333334
303,49.94703333333334
304,42.32103333333333
305,42.32103333333333
306,42.32103333333333
307,42.32103333333333
308,27.716033333333336
309,27.716033333333336
310,27.716033333333336
311,27.716033333333336
312,48.34903333333334
313,59.59155333333333
314,59.59155333333333
315,59.59155333333333
316,59.59155333333333
317,59.59155333333333
318,59.59155333333333
319,59.59155333333333
320,59.59155333333333
321,55.975033333333336
322,55.975033333333336
323,55.975033333333336
324,55.975033333333336
325,49.94703333333334
326,49.94703333333334
327,49.94703333333334
328,42.32103333333333
329,42.32103333333333
330,42.32103333333333
331,42.32103333333333
332,27.716033333333336
333,27.716033333333336
334,27.716033333333336
335,27.716033333333336
336,48.34903333333334
337,59.59155333333333
338,59.59155333333333
339,59.59155333333333
340,59.59155333333333
341,59.59155333333333
342,59.59155333333333
343,59.59155333333333
344,59.59155333333333
345,40.84003333333334
346,40.84003333333334
347,40.84003333333334
348,40.84003333333334
349,42.379533333333335
350,34.81203333333333
351,34.81203333333333
352,34.81203333333333
353,34.81203333333333
354,49.94703333333334
355,49.043033333333334
356,40.00103333333333
357,40.00103333333333
358,40.00103333333333
359,40.00103333333333
360,55.07103333333333
361,59.59155333333333
362,59.59155333333333
363,59.59155333333333
364,59.59155333333333
365,59.59155333333333
366,59.59155333333333
367,59.59155333333333
368,59.59155333333333
369,40.84003333333334
370,40.84003333333334
371,40.84003333333334
372,40.84003333333334
373,42.379533333333335
374,34.81203333333333
375,34.81203333333333
376,34.81203333333333
377,34.81203333333333
378,49.94703333333334
379,49.043033333333334
380,40.00103333333333
381,40.00103333333333
382,40.00103333333333
383,40.00103333333333
384,55.07103333333333
385,59.59155333333333
386,59.59155333333333
387,59.59155333333333
388,59.59155333333333
389,59.59155333333333
390,59.59155333333333
391,59.59155333333333
392,59.59155333333333
393,40.84003333333334
394,40.84003333333334
395,40.84003333333334
396,40.84003333333334
397,42.379533333333335
398,34.81203333333333
399,34.81203333333333
400,27.186033333333334
401,27.186033333333334
402,42.32103333333333
403,42.32103333333333
404,27.716033333333336
405,27.716033333333336
406,27.716033333333336
407,27.716033333333336
408,48.34903333333334
409,59.59155333333333
410,59.59155333333333
411,59.59155333333333
412,59.59155333333333
413,59.59155333333333
414,59.59155333333333
415,59.59155333333333
416,59.59155333333333
417,40.84003333333334
418,40.84003333333334
419,40.84003333333334
420,40.84003333333334
421,42.379533333333335
422,34.81203333333333
423,34.81203333333333
424,34.81203333333333
425,34.81203333333333
426,49.94703333333334
427,49.043033333333334
428,40.00103333333333
429,40.00103333333333
430,40.00103333333333
431,40.00103333333333
432,55.07103333333333
433,59.59155333333333
434,59.59155333333333
435,59.59155333333333
436,59.59155333333333
437,59.59155333333333
438,59.59155333333333
439,59.59155333333333
440,59.59155333333333
441,40.84003333333334
442,40.84003333333334
443,40.84003333333334
444,40.84003333333334
445,42.379533333333335
446,34.81203333333333
447,34.81203333333333
448,27.186033333333334
449,27.186033333333334
450,42.32103333333333
451,42.32103333333333
452,27.716033333333336
453,27.716033333333336
454,27.716033333333336
455,27.716033333333336
456,50.15703333333333
457,59.59155333333333
458,59.59155333333333
459,59.59155333333333
460,59.59155333333333
461,59.59155333333333
462,59.59155333333333
463,59.59155333333333
464,59.59155333333333
465,55.975033333333336
466,55.975033333333336
467,55.975033333333336
468,55.975033333333336
469,49.94703333333334
470,49.94703333333334
471,49.94703333333334
472,42.32103333333333
473,42.32103333333333
474,42.32103333333333
475,42.32103333333333
476,27.716033333333336
477,27.716033333333336
478,27.716033333333336
479,27.716033333333336
480,48.34903333333334
481,59.59155333333333
482,59.59155333333333
483,59.59155333333333
484,59.59155333333333
485,59.59155333333333
486,59.59155333333333
487,59.59155333333333
488,59.59155333333333
489,55.975033333333336
490,55.975033333333336
491,55.975033333333336
492,55.975033333333336
493,49.94703333333334
494,49.94703333333334
495,49.94703333333334
496,42.32103333333333
497,42.32103333333333
498,42.32103333333333
499,42.32103333333333
500,27.716033333333336
501,27.716033333333336
502,27.716033333333336
503,27.716033333333336
504,48.34903333333334
505,59.59155333333333
506,59.59155333333333
507,59.59155333333333
508,59.59155333333333
509,59.59155333333333
510,59.59155333333333
511,59.59155333333333
512,59.59155333333333
513,40.84003333333334
514,40.84003333333334
515,40.84003333333334
516,40.84003333333334
517,42.379533333333335
518,34.81203333333333
519,34.81203333333333
520,34.81203333333333
521,34.81203333333333
522,49.94703333333334
523,49.043033333333334
524,40.00103333333333
525,40.00103333333333
526,40.00103333333333
527,40.00103333333333
528,55.07103333333333
529,59.59155333333333
530,59.59155333333333
531,59.59155333333333
532,59.59155333333333
533,59.59155333333333
534,59.59155333333333
535,59.59155333333333
536,59.59155333333333
537,40.84003333333334
538,40.84003333333334
539,40.84003333333334
540,40.84003333333334
541,42.379533333333335
542,34.81203333333333
543,34.81203333333333
544,34.81203333333333
545,34.81203333333333
546,49.94703333333334
547,49.043033333333334
548,40.00103333333333
549,40.00103333333333
550,40.00103333333333
551,40.00103333333333
552,55.07103333333333
553,59.59155333333333
554,59.59155333333333
555,59.59155333333333
556,59.59155333333333
557,59.59155333333333
558,59.59155333333333
559,59.59155333333333
560,59.59155333333333
561,40.84003333333334
562,40.84003333333334
563,40.84003333333334
564,40.84003333333334
565,42.379533333333335
566,34.81203333333333
567,34.81203333333333
568,27.186033333333334
569,27.186033333333334
570,42.32103333333333
571,42.32103333333333
572,27.716033333333336
573,27.716033333333336
574,27.716033333333336
575,27.716033333333336
576,48.34903333333334
577,59.59155333333333
578,59.59155333333333
579,59.59155333333333
580,59.59155333333333
581,59.59155333333333
582,59.59155333333333
583,59.59155333333333
584,59.59155333333333
585,40.84003333333334
586,40.84003333333334
587,40.84003333333334
588,40.84003333333334
589,42.379533333333335
590,34.81203333333333
591,34.81203333333333
592,34.81203333333333
593,34.81203333333333
594,49.94703333333334
595,49.043033333333334
596,40.00103333333333
597,40.00103333333333
598,40.00103333333333
599,40.00103333333333
600,55.07103333333333
601,59.59155333333333
602,59.59155333333333
603,59.59155333333333
604,59.59155333333333
605,59.59155333333333
606,59.59155333333333
607,59.59155333333333
608,59.59155333333333
609,40.84003333333334
610,40.84003333333334
611,40.84003333333334
612,40.84003333333334
613,42.379533333333335
614,34.81203333333333
615,34.81203333333333
616,27.186033333333334
617,27.186033333333334
618,42.32103333333333
619,42.32103333333333
620,27.716033333333336
621,27.716033333333336
622,27.716033333333336
623,27.716033333333336
624,50.15703333333333
625,59.59155333333333
626,59.59155333333333
627,59.59155333333333
628,59.59155333333333
629,59.59155333333333
630,59.59155333333333
631,59.59155333333333
632,59.59155333333333
633,55.975033333333336
634,55.975033333333336
635,55.975033333333336
636,55.975033333333336
637,49.94703333333334
638,49.94703333333334
639,49.94703333333334
640,42.32103333333333
641,42.32103333333333
642,42.32103333333333
643,42.32103333333333
644,27.716033333333336
645,27.716033333333336
646,27.716033333333336
647,27.716033333333336
648,48.34903333333334
649,59.59155333333333
650,59.59155333333333
651,59.59155333333333
652,59.59155333333333
653,59.59155333333333
654,59.59155333333333
655,59.59155333333333
656,59.59155333333333
657,55.975033333333336
658,55.975033333333336
659,55.975033333333336
660,55.975033333333336
661,49.94703333333334
662,49.94703333333334
663,49.94703333333334
664,42.32103333333333
665,42.32103333333333
666,42.32103333333333
667,42.32103333333333
668,27.716033333333336
669,27.716033333333336
670,27.716033333333336
671,27.716033333333336
672,48.34903333333334
673,59.59155333333333
674,59.59155333333333
675,59.59155333333333
676,59.59155333333333
677,59.59155333333333
678,59.59155333333333
679,59.59155333333333
680,59.59155333333333
681,40.84003333333334
682,40.84003333333334
683,40.84003333333334
684,40.84003333333334
685,42.379533333333335
686,34.81203333333333
687,34.81203333333333
688,34.81203333333333
689,34.81203333333333
690,49.94703333333334
691,49.043033333333334
692,40.00103333333333
693,40.00103333333333
694,40.00103333333333
695,40.00103333333333
696,55.07103333333333
697,59.59155333333333
698,59.59155333333333
699,59.59155333333333
700,59.59155333333333
701,59.59155333333333
702,59.59155333333333
703,59.59155333333333
704,59.59155333333333
705,40.84003333333334
706,40.84003333333334
707,40.84003333333334
708,40.84003333333334
709,42.379533333333335
710,34.81203333333333
711,34.81203333333333
712,34.81203333333333
713,34.81203333333333
714,49.94703333333334
715,49.043033333333334
716,40.00103333333333
717,40.00103333333333
718,40.00103333333333
719,40.00103333333333
720,55.07103333333333
721,59.59155333333333
722,59.59155333333333
723,59.59155333333333
724,59.59155333333333
725,59.59155333333333
726,59.59155333333333
727,59.59155333333333
728,59.59155333333333
729,40.84003333333334
730,40.84003333333334
731,40.84003333333334
732,40.84003333333334
733,42.379533333333335
734,34.81203333333333
735,34.81203333333333
736,27.186033333333334
737,27.186033333333334
738,42.32103333333333
739,42.32103333333333
740,27.716033333333336
741,27.716033333333336
742,27.716033333333336
743,27.716033333333336
744,48.34903333333334
745,59.59155333333333
746,59.59155333333333
747,59.59155333333333
748,59.59155333333333
749,59.59155333333333
750,59.59155333333333
751,59.59155333333333
752,59.59155333333333
753,40.84003333333334
754,40.84003333333334
755,40.84003333333334
756,40.84003333333334
757,42.379533333333335
758,34.81203333333333
759,34.81203333333333
760,34.81203333333333
761,34.81203333333333
762,49.94703333333334
763,49.043033333333334
764,40.00103333333333
765,40.00103333333333
766,40.00103333333333
767,40.00103333333333
768,55.07103333333333
769,59.59155333333333
770,59.59155333333333
771,59.59155333333333
772,59.59155333333333
773,59.59155333333333
774,59.59155333333333
775,59.59155333333333
776,59.59155333333333
777,40.84003333333334
778,40.84003333333334
779,40.84003333333334
780,40.84003333333334
781,42.379533333333335
782,34.81203333333333
783,34.81203333333333
784,27.186033333333334
785,27.186033333333334
786,42.32103333333333
787,42.32103333333333
788,27.716033333333336
789,27.716033333333336
790,27.716033333333336
791,27.716033333333336
792,50.15703333333333
793,59.59155333333333
794,59.59155333333333
795,59.59155333333333
796,59.59155333333333
797,59.59155333333333
798,59.59155333333333
799,59.59155333333333
800,59.59155333333333
801,55.975033333333336
802,55.975033333333336
803,55.975033333333336
804,55.975033333333336
805,49.94703333333334
806,49.94703333333334
807,49.94703333333334
808,42.32103333333333
809,42.32103333333333
810,42.32103333333333
811,42.32103333333333
812,27.716033333333336
813,27.716033333333336
814,27.716033333333336
815,27.716033333333336
816,48.34903333333334
817,59.59155333333333
818,59.59155333333333
819,59.59155333333333
820,59.59155333333333
821,59.59155333333333
822,59.59155333333333
823,59.59155333333333
824,59.59155333333333
825,55.975033333333336
826,55.975033333333336
827,55.975033333333336
828,55.975033333333336
829,49.94703333333334
830,49.94703333333334
831,49.94703333333334
832,42.32103333333333
833,42.32103333333333
834,42.32103333333333
835,42.32103333333333
836,27.716033333333336
837,27.716033333333336
838,27.716033333333336
839,27.716033333333336
840,48.34903333333334
841,59.59155333333333
842,59.59155333333333
843,59.59155333333333
844,59.59155333333333
845,59.59155333333333
846,59.59155333333333
847,59.59155333333333
848,59.59155333333333
849,40.84003333333334
850,40.84003333333334
851,40.84003333333334
852,40.84003333333334
853,42.379533333333335
854,34.81203333333333
855,34.81203333333333
856,34.81203333333333
857,34.81203333333333
858,49.94703333333334
859,49.043033333333334
860,40.00103333333333
861,40.00103333333333
862,40.00103333333333
863,40.00103333333333
864,55.07103333333333
865,59.59155333333333
866,59.59155333333333
867,59.59155333333333
868,59.59155333333333
869,59.59155333333333
870,59.59155333333333
871,59.59155333333333
872,59.59155333333333
873,40.84003333333334
874,40.84003333333334
875,40.84003333333334
876,40.84003333333334
877,42.379533333333335
878,34.81203333333333
879,34.81203333333333
880,34.81203333333333
881,34.81203333333333
882,49.94703333333334
883,49.043033333333334
884,40.00103333333333
885,40.00103333333333
886,40.00103333333333
887,40.00103333333333
888,55.07103333333333
889,59.59155333333333
890,59.59155333333333
891,59.59155333333333
892,59.59155333333333
893,59.59155333333333
894,59.59155333333333
895,59.59155333333333
896,59.59155333333333
897,40.84003333333334
898,40.84003333333334
899,40.84003333333334
900,40.84003333333334
901,42.379533333333335
902,34.81203333333333
903,34.81203333333333
904,27.186033333333334
905,27.186033333333334
906,42.32103333333333
907,42.32103333333333
908,27.716033333333336
909,27.716033333333336
910,27.716033333333336
911,27.716033333333336
912,48.34903333333334
913,59.59155333333333
914,59.59155333333333
915,59.59155333333333
916,59.59155333333333
917,59.59155333333333
918,59.59155333333333
919,59.59155333333333
920,59.59155333333333
921,40.84003333333334
922,40.84003333333334
923,40.84003333333334
924,40.84003333333334
925,42.379533333333335
926,34.81203333333333
927,34.81203333333333
928,34.81203333333333
929,34.81203333333333
930,49.94703333333334
931,49.043033333333334
932,40.00103333333333
933,40.00103333333333
934,40.00103333333333
935,40.00103333333333
936,55.07103333333333
937,59.59155333333333
938,59.59155333333333
939,59.59155333333333
940,59.59155333333333
941,59.59155333333333
942,59.59155333333333
943,59.59155333333333
944,59.59155333333333
945,40.84003333333334
946,40.84003333333334
947,40.84003333333334
948,40.84003333333334
949,42.379533333333335
950,34.81203333333333
951,34.81203333333333
952,27.186033333333334
953,27.186033333333334
954,42.32103333333333
955,42.32103333333333
956,27.716033333333336
957,27.716033333333336
958,27.716033333333336
959,27.716033333333336
960,50.15703333333333
961,59.59155333333333
962,59.59155333333333
963,59.59155333333333
964,59.59155333333333
965,59.59155333333333
966,59.59155333333333
967,59.59155333333333
968,59.59155333333333
969,55.975033333333336
970,55.975033333333336
971,55.975033333333336
972,55.975033333333336
973,49.94703333333334
974,49.94703333333334
975,49.94703333333334
976,42.32103333333333
977,42.32103333333333
978,42.32103333333333
979,42.32103333333333
980,27.716033333333336
981,27.716033333333336
982,27.716033333333336
983,27.716033333333336
984,48.34903333333334
985,59.59155333333333
986,59.59155333333333
987,59.59155333333333
988,59.59155333333333
989,59.59155333333333
990,59.59155333333333
991,59.59155333333333
992,59.59155333333333
993,55.975033333333336
994,55.975033333333336
995,55.975033333333336
996,55.975033333333336
997,49.94703333333334
998,49.94703333333334
999,49.94703333333334
1000,42.32103333333333
1001,42.32103333333333
1002,42.32103333333333
1003,42.32103333333333
1004,27.716033333333336
1005,27.716033333333336
1006,27.716033333333336
1007,27.716033333333336
1008,48.34903333333334
1009,59.59155333333333
1010,59.59155333333333
1011,59.59155333333333
1012,59.59155333333333
1013,59.59155333333333
1014,59.59155333333333
1015,59.59155333333333
1016,59.59155333333333
1017,40.84003333333334
1018,40.84003333333334
1019,40.84003333333334
1020,40.84003333333334
1021,42.379533333333335
1022,34.81203333333333
1023,34.81203333333333
1024,34.81203333333333
1025,34.81203333333333
1026,49.94703333333334
1027,49.043033333333334
1028,40.00103333333333
1029,40.00103333333333
1030,40.00103333333333
1031,40.00103333333333
1032,55.07103333333333
1033,59.59155333333333
1034,59.59155333333333
1035,59.59155333333333
1036,59.59155333333333
1037,59.59155333333333
1038,59.59155333333333
1039,59.59155333333333
1040,59.59155333333333
1041,40.84003333333334
1042,40.84003333333334
1043,40.84003333333334
1044,40.84003333333334
1045,42.379533333333335
1046,34.81203333333333
1047,34.81203333333333
1048,34.81203333333333
1049,34.81203333333333
1050,49.94703333333334
1051,49.043033333333334
1052,40.00103333333333
1053,40.00103333333333
1054,40.00103333333333
1055,40.00103333333333
1056,55.07103333333333
1057,59.59155333333333
1058,59.59155333333333
1059,59.59155333333333
1060,59.59155333333333
1061,59.59155333333333
1062,59.59155333333333
1063,59.59155333333333
1064,59.59155333333333
1065,40.84003333333334
1066,40.84003333333334
1067,40.84003333333334
1068,40.84003333333334
1069,42.379533333333335
1070,34.81203333333333
1071,34.81203333333333
1072,27.186033333333334
1073,27.186033333333334
1074,42.32103333333333
1075,42.32103333333333
1076,27.716033333333336
1077,27.716033333333336
1078,27.716033333333336
1079,27.716033333333336
1080,48.34903333333334
1081,59.59155333333333
1082,59.59155333333333
1083,59.59155333333333
1084,59.59155333333333
1085,59.59155333333333
1086,59.59155333333333
1087,59.59155333333333
1088,59.59155333333333
1089,40.84003333333334
1090,40.84003333333334
1091,40.84003333333334
1092,40.84003333333334
1093,42.379533333333335
1094,34.81203333333333
1095,34.81203333333333
1096,34.81203333333333
1097,34.81203333333333
1098,49.94703333333334
1099,49.043033333333334
1100,40.00103333333333
1101,40.00103333333333
1102,40.00103333333333
1103,40.00103333333333
1104,55.07103333333333
1105,59.59155333333333
1106,59.59155333333333
1107,59.59155333333333
1108,59.59155333333333
1109,59.59155333333333
1110,59.59155333333333
1111,59.59155333333333
1112,59.59155333333333
1113,40.84003333333334
1114,40.84003333333334
1115,40.84003333333334
1116,40.84003333333334
1117,42.379533333333335
1118,34.81203333333333
1119,34.81203333333333
1120,27.186033333333334
1121,27.186033333333334
1122,42.32103333333333
1123,42.32103333333333
1124,27.716033333333336
1125,27.716033333333336
1126,27.716033333333336
1127,27.716033333333336
1128,50.15703333333333
1129,59.59155333333333
1130,59.59155333333333
1131,59.59155333333333
1132,59.59155333333333
1133,59.59155333333333
1134,59.59155333333333
1135,59.59155333333333
1136,59.59155333333333
1137,55.975033333333336
1138,55.975033333333336
1139,55.975033333333336
1140,55.975033333333336
1141,49.94703333333334
1142,49.94703333333334
1143,49.94703333333334
1144,42.32103333333333
1145,42.32103333333333
1146,42.32103333333333
1147,42.32103333333333
1148,27.716033333333336
1149,27.716033333333336
1150,27.716033333333336
1151,27.716033333333336
1152,48.34903333333334
1153,59.59155333333333
1154,59.59155333333333
1155,59.59155333333333
1156,59.59155333333333
1157,59.59155333333333
1158,59.59155333333333
1159,59.59155333333333
1160,59.59155333333333
1161,55.975033333333336
1162,55.975033333333336
1163,55.975033333333336
1164,55.975033333333336
1165,49.94703333333334
1166,49.94703333333334
1167,49.94703333333334
1168,42.32103333333333
1169,42.32103333333333
1170,42.32103333333333
1171,42.32103333333333
1172,27.716033333333336
1173,27.716033333333336
1174,27.716033333333336
1175,27.716033333333336
1176,48.34903333333334
1177,59.59155333333333
1178,59.59155333333333
1179,59.59155333333333
1180,59.59155333333333
1181,59.59155333333333
1182,59.59155333333333
1183,59.59155333333333
1184,59.59155333333333
1185,40.84003333333334
1186,40.84003333333334
1187,40.84003333333334
1188,40.84003333333334
1189,42.379533333333335
1190,34.81203333333333
1191,34.81203333333333
1192,34.81203333333333
1193,34.81203333333333
1194,49.94703333333334
1195,49.043033333333334
1196,40.00103333333333
1197,40.00103333333333
1198,40.00103333333333
1199,40.00103333333333
1200,55.07103333333333
1201,59.59155333333333
1202,59.59155333333333
1203,59.59155333333333
1204,59.59155333333333
1205,59.59155333333333
1206,59.59155333333333
1207,59.59155333333333
1208,59.59155333333333
1209,40.84003333333334
1210,40.84003333333334
1211,40.84003333333334
1212,40.84003333333334
1213,42.379533333333335
1214,34.81203333333333
1215,34.81203333333333
1216,34.81203333333333
1217,34.81203333333333
1218,49.94703333333334
1219,49.043033333333334
1220,40.00103333333333
1221,40.00103333333333
1222,40.00103333333333
1223,40.00103333333333
1224,55.07103333333333
1225,59.59155333333333
1226,59.59155333333333
1227,59.59155333333333
1228,59.59155333333333
1229,59.59155333333333
1230,59.59155333333333
1231,59.59155333333333
1232,59.59155333333333
1233,40.84003333333334
1234,40.84003333333334
1235,40.84003333333334
1236,40.84003333333334
1237,42.379533333333335
1238,34.81203333333333
1239,34.81203333333333
1240,27.186033333333334
1241,27.186033333333334
1242,42.32103333333333
1243,42.32103333333333
1244,27.716033333333336
1245,27.716033333333336
1246,27.716033333333336
1247,27.716033333333336
1248,48.34903333333334
1249,59.59155333333333
1250,59.59155333333333
1251,59.59155333333333
1252,59.59155333333333
1253,59.59155333333333
1254,59.59155333333333
1255,59.59155333333333
1256,59.59155333333333
1257,40.84003333333334
1258,40.84003333333334
1259,40.84003333333334
1260,40.84003333333334
1261,42.379533333333335
1262,34.81203333333333
1263,34.81203333333333
1264,34.81203333333333
1265,34.81203333333333
1266,49.94703333333334
1267,49.043033333333334
1268,40.00103333333333
1269,40.00103333333333
1270,40.00103333333333
1271,40.00103333333333
1272,55.07103333333333
1273,59.59155333333333
1274,59.59155333333333
1275,59.59155333333333
1276,59.59155333333333
1277,59.59155333333333
1278,59.59155333333333
1279,59.59155333333333
1280,59.59155333333333
1281,40.84003333333334
1282,40.84003333333334
1283,40.84003333333334
1284,40.84003333333334
1285,42.379533333333335
1286,34.81203333333333
1287,34.81203333333333
1288,27.186033333333334
1289,27.186033333333334
1290,42.32103333333333
1291,42.32103333333333
1292,27.716033333333336
1293,27.716033333333336
1294,27.716033333333336
1295,27.716033333333336
1296,50.15703333333333
1297,59.59155333333333
1298,59.59155333333333
1299,59.59155333333333
1300,59.59155333333333
1301,59.59155333333333
1302,59.59155333333333
1303,59.59155333333333
1304,59.59155333333333
1305,55.975033333333336
1306,55.975033333333336
1307,55.975033333333336
1308,55.975033333333336
1309,49.94703333333334
1310,49.94703333333334
1311,49.94703333333334
1312,42.32103333333333
1313,42.32103333333333
1314,42.32103333333333
1315,42.32103333333333
1316,27.716033333333336
1317,27.716033333333336
1318,27.716033333333336
1319,27.716033333333336
1320,48.34903333333334
1321,59.59155333333333
1322,59.59155333333333
1323,59.59155333333333
1324,59.59155333333333
1325,59.59155333333333
1326,59.59155333333333
1327,59.59155333333333
1328,59.59155333333333
1329,55.975033333333336
1330,55.975033333333336
1331,55.975033333333336
1332,55.975033333333336
1333,49.94703333333334
1334,49.94703333333334
1335,49.94703333333334
1336,42.32103333333333
1337,42.32103333333333
1338,42.32103333333333
1339,42.32103333333333
1340,27.716033333333336
1341,27.716033333333336
1342,27.716033333333336
1343,27.716033333333336
1344,48.34903333333334
1345,59.59155333333333
1346,59.59155333333333
1347,59.59155333333333
1348,59.59155333333333
1349,59.59155333333333
1350,59.59155333333333
1351,59.59155333333333
1352,59.59155333333333
1353,40.84003333333334
1354,40.84003333333334
1355,40.84003333333334
1356,40.84003333333334
1357,42.379533333333335
1358,34.81203333333333
1359,34.81203333333333
1360,34.81203333333333
1361,34.81203333333333
1362,49.94703333333334
1363,49.043033333333334
1364,40.00103333333333
1365,40.00103333333333
1366,40.00103333333333
1367,40.00103333333333
1368,55.07103333333333
1369,59.59155333333333
1370,59.59155333333333
1371,59.59155333333333
1372,59.59155333333333
1373,59.59155333333333
1374,59.59155333333333
1375,59.59155333333333
1376,59.59155333333333
1377,40.84003333333334
1378,40.84003333333334
1379,40.84003333333334
1380,40.84003333333334
1381,42.379533333333335
1382,34.81203333333333
1383,34.81203333333333
1384,34.81203333333333
1385,34.81203333333333
1386,49.94703333333334
1387,49.043033333333334
1388,40.00103333333333
1389,40.00103333333333
1390,40.00103333333333
1391,40.00103333333333
1392,55.07103333333333
1393,59.59155333333333
1394,59.59155333333333
1395,59.59155333333333
1396,59.59155333333333
1397,59.59155333333333
1398,59.59155333333333
1399,59.59155333333333
1400,59.59155333333333
1401,40.84003333333334
1402,40.84003333333334
1403,40.84003333333334
1404,40.84003333333334
1405,42.379533333333335
1406,34.81203333333333
1407,34.81203333333333
1408,27.186033333333334
1409,27.186033333333334
1410,42.32103333333333
1411,42.32103333333333
1412,27.716033333333336
1413,27.716033333333336
1414,27.716033333333336
1415,27.716033333333336
1416,48.34903333333334
1417,59.59155333333333
1418,59.59155333333333
1419,59.59155333333333
1420,59.59155333333333
1421,59.59155333333333
1422,59.59155333333333
1423,59.59155333333333
1424,59.59155333333333
1425,40.84003333333334
1426,40.84003333333334
1427,40.84003333333334
1428,40.84003333333334
1429,42.379533333333335
1430,34.81203333333333
1431,34.81203333333333
1432,34.81203333333333
1433,34.81203333333333
1434,49.94703333333334
1435,49.043033333333334
1436,40.00103333333333
1437,40.00103333333333
1438,40.00103333333333
1439,40.00103333333333
1440,55.07103333333333
1441,59.59155333333333
1442,59.59155333333333
1443,59.59155333333333
1444,59.59155333333333
1445,59.59155333333333
1446,59.59155333333333
1447,59.59155333333333
1448,59.59155333333333
1449,40.84003333333334
1450,40.84003333333334
1451,40.84003333333334
1452,40.84003333333334
1453,42.379533333333335
1454,34.81203333333333
1455,34.81203333333333
1456,27.186033333333334
1457,27.186033333333334
1458,42.32103333333333
1459,42.32103333333333
1460,27.716033333333336
1461,27.716033333333336
1462,27.716033333333336
1463,27.716033333333336
1464,50.15703333333333
1465,59.59155333333333
1466,59.59155333333333
1467,59.59155333333333
1468,59.59155333333333
1469,59.59155333333333
1470,59.59155333333333
1471,59.59155333333333
1472,59.59155333333333
1473,55.975033333333336
1474,55.975033333333336
1475,55.975033333333336
1476,55.975033333333336
1477,49.94703333333334
1478,49.94703333333334
1479,49.94703333333334
1480,42.32103333333333
1481,42.32103333333333
1482,42.32103333333333
1483,42.32103333333333
1484,27.716033333333336
1485,27.716033333333336
1486,27.716033333333336
1487,27.716033333333336
1488,48.34903333333334
1489,59.59155333333333
1490,59.59155333333333
1491,59.59155333333333
1492,59.59155333333333
1493,59.59155333333333
1494,59.59155333333333
1495,59.59155333333333
1496,59.59155333333333
1497,55.975033333333336
1498,55.975033333333336
1499,55.975033333333336
1500,55.975033333333336
1501,49.94703333333334
1502,49.94703333333334
1503,49.94703333333334
1504,42.32103333333333
1505,42.32103333333333
1506,42.32103333333333
1507,42.32103333333333
1508,27.716033333333336
1509,27.716033333333336
1510,27.716033333333336
1511,27.716033333333336
1512,48.34903333333334
1513,59.59155333333333
1514,59.59155333333333
1515,59.59155333333333
1516,59.59155333333333
1517,59.59155333333333
1518,59.59155333333333
1519,59.59155333333333
1520,59.59155333333333
1521,40.84003333333334
1522,40.84003333333334
1523,40.84003333333334
1524,40.84003333333334
1525,42.379533333333335
1526,34.81203333333333
1527,34.81203333333333
1528,34.81203333333333
1529,34.81203333333333
1530,49.94703333333334
1531,49.043033333333334
1532,40.00103333333333
1533,40.00103333333333
1534,40.00103333333333
1535,40.00103333333333
1536,55.07103333333333
1537,59.59155333333333
1538,59.59155333333333
1539,59.59155333333333
1540,59.59155333333333
1541,59.59155333333333
1542,59.59155333333333
1543,59.59155333333333
1544,59.59155333333333
1545,40.84003333333334
1546,40.84003333333334
1547,40.84003333333334
1548,40.84003333333334
1549,42.379533333333335
1550,34.81203333333333
1551,34.81203333333333
1552,34.81203333333333
1553,34.81203333333333
1554,49.94703333333334
1555,49.043033333333334
1556,40.00103333333333
1557,40.00103333333333
1558,40.00103333333333
1559,40.00103333333333
1560,55.07103333333333
1561,59.59155333333333
1562,59.59155333333333
1563,59.59155333333333
1564,59.59155333333333
1565,59.59155333333333
1566,59.59155333333333
1567,59.59155333333333
1568,59.59155333333333
1569,40.84003333333334
1570,40.84003333333334
1571,40.84003333333334
1572,40.84003333333334
1573,42.379533333333335
1574,34.81203333333333
1575,34.81203333333333
1576,27.186033333333334
1577,27.186033333333334
1578,42.32103333333333
1579,42.32103333333333
1580,27.716033333333336
1581,27.716033333333336
1582,27.716033333333336
1583,27.716033333333336
1584,48.34903333333334
1585,59.59155333333333
1586,59.59155333333333
1587,59.59155333333333
1588,59.59155333333333
1589,59.59155333333333
1590,59.59155333333333
1591,59.59155333333333
1592,59.59155333333333
1593,40.84003333333334
1594,40.84003333333334
1595,40.84003333333334
1596,40.84003333333334
1597,42.379533333333335
1598,34.81203333333333
1599,34.81203333333333
1600,34.81203333333333
1601,34.81203333333333
1602,49.94703333333334
1603,49.043033333333334
1604,40.00103333333333
1605,40.00103333333333
1606,40.00103333333333
1607,40.00103333333333
1608,55.07103333333333
1609,59.59155333333333
1610,59.59155333333333
1611,59.59155333333333
1612,59.59155333333333
1613,59.59155333333333
1614,59.59155333333333
1615,59.59155333333333
1616,59.59155333333333
1617,40.84003333333334
1618,40.84003333333334
1619,40.84003333333334
1620,40.84003333333334
1621,42.379533333333335
1622,34.81203333333333
1623,34.81203333333333
1624,27.186033333333334
1625,27.186033333333334
1626,42.32103333333333
1627,42.32103333333333
1628,27.716033333333336
1629,27.716033333333336
1630,27.716033333333336
1631,27.716033333333336
1632,50.15703333333333
1633,59.59155333333333
1634,59.59155333333333
1635,59.59155333333333
1636,59.59155333333333
1637,59.59155333333333
1638,59.59155333333333
1639,59.59155333333333
1640,59.59155333333333
1641,55.975033333333336
1642,55.975033333333336
1643,55.975033333333336
1644,55.975033333333336
1645,49.94703333333334
1646,49.94703333333334
1647,49.94703333333334
1648,42.32103333333333
1649,42.32103333333333
1650,42.32103333333333
1651,42.32103333333333
1652,27.716033333333336
1653,27.716033333333336
1654,27.716033333333336
1655,27.716033333333336
1656,48.34903333333334
1657,59.59155333333333
1658,59.59155333333333
1659,59.59155333333333
1660,59.59155333333333
1661,59.59155333333333
1662,59.59155333333333
1663,59.59155333333333
1664,59.59155333333333
1665,55.975033333333336
1666,55.975033333333336
1667,55.975033333333336
1668,55.975033333333336
1669,49.94703333333334
1670,49.94703333333334
1671,49.94703333333334
1672,42.32103333333333
1673,42.32103333333333
1674,42.32103333333333
1675,42.32103333333333
1676,27.716033333333336
1677,27.716033333333336
1678,27.716033333333336
1679,27.716033333333336
1680,48.34903333333334
1681,59.59155333333333
1682,59.59155333333333
1683,59.59155333333333
1684,59.59155333333333
1685,59.59155333333333
1686,59.59155333333333
1687,59.59155333333333
1688,59.59155333333333
1689,40.84003333333334
1690,40.84003333333334
1691,40.84003333333334
1692,40.84003333333334
1693,42.379533333333335
1694,34.81203333333333
1695,34.81203333333333
1696,34.81203333333333
1697,34.81203333333333
1698,49.94703333333334
1699,49.043033333333334
1700,40.00103333333333
1701,40.00103333333333
1702,40.00103333333333
1703,40.00103333333333
1704,55.07103333333333
1705,59.59155333333333
1706,59.59155333333333
1707,59.59155333333333
1708,59.59155333333333
1709,59.59155333333333
1710,59.59155333333333
1711,59.59155333333333
1712,59.59155333333333
1713,40.84003333333334
1714,40.84003333333334
1715,40.84003333333334
1716,40.84003333333334
1717,42.379533333333335
1718,34.81203333333333
1719,34.81203333333333
1720,34.81203333333333
1721,34.81203333333333
1722,49.94703333333334
1723,49.043033333333334
1724,40.00103333333333
1725,40.00103333333333
1726,40.00103333333333
1727,40.00103333333333
1728,55.07103333333333
1729,59.59155333333333
1730,59.59155333333333
1731,59.59155333333333
1732,59.59155333333333
1733,59.59155333333333
1734,59.59155333333333
1735,59.59155333333333
1736,59.59155333333333
1737,40.84003333333334
1738,40.84003333333334
1739,40.84003333333334
1740,40.84003333333334
1741,42.379533333333335
1742,34.81203333333333
1743,34.81203333333333
1744,27.186033333333334
1745,27.186033333333334
1746,42.32103333333333
1747,42.32103333333333
1748,27.716033333333336
1749,27.716033333333336
1750,27.716033333333336
1751,27.716033333333336
1752,48.34903333333334
1753,59.59155333333333
1754,59.59155333333333
1755,59.59155333333333
1756,59.59155333333333
1757,59.59155333333333
1758,59.59155333333333
1759,59.59155333333333
1760,59.59155333333333
1761,40.84003333333334
1762,40.84003333333334
1763,40.84003333333334
1764,40.84003333333334
1765,42.379533333333335
1766,34.81203333333333
1767,34.81203333333333
1768,34.81203333333333
1769,34.81203333333333
1770,49.94703333333334
1771,49.043033333333334
1772,40.00103333333333
1773,40.00103333333333
1774,40.00103333333333
1775,40.00103333333333
1776,55.07103333333333
1777,59.59155333333333
1778,59.59155333333333
1779,59.59155333333333
1780,59.59155333333333
1781,59.59155333333333
1782,59.59155333333333
1783,59.59155333333333
1784,59.59155333333333
1785,40.84003333333334
1786,40.84003333333334
1787,40.84003333333334
1788,40.84003333333334
1789,42.379533333333335
1790,34.81203333333333
1791,34.81203333333333
1792,27.186033333333334
1793,27.186033333333334
1794,42.32103333333333
1795,42.32103333333333
1796,27.716033333333336
1797,27.716033333333336
1798,27.716033333333336
1799,27.716033333333336
1800,50.15703333333333
1801,59.59155333333333
1802,59.59155333333333
1803,59.59155333333333
1804,59.59155333333333
1805,59.59155333333333
1806,59.59155333333333
1807,59.59155333333333
1808,59.59155333333333
1809,55.975033333333336
1810,55.975033333333336
1811,55.975033333333336
1812,55.975033333333336
1813,49.94703333333334
1814,49.94703333333334
1815,49.94703333333334
1816,42.32103333333333
1817,42.32103333333333
1818,42.32103333333333
1819,42.32103333333333
1820,27.716033333333336
1821,27.716033333333336
1822,27.716033333333336
1823,27.716033333333336
1824,48.34903333333334
1825,59.59155333333333
1826,59.59155333333333
1827,59.59155333333333
1828,59.59155333333333
1829,59.59155333333333
1830,59.59155333333333
1831,59.59155333333333
1832,59.59155333333333
1833,55.975033333333336
1834,55.975033333333336
1835,55.975033333333336
1836,55.975033333333336
1837,49.94703333333334
1838,49.94703333333334
1839,49.94703333333334
1840,42.32103333333333
1841,42.32103333333333
1842,42.32103333333333
1843,42.32103333333333
1844,27.716033333333336
1845,27.716033333333336
1846,27.716033333333336
1847,27.716033333333336
1848,48.34903333333334
1849,59.59155333333333
1850,59.59155333333333
1851,59.59155333333333
1852,59.59155333333333
1853,59.59155333333333
1854,59.59155333333333
1855,59.59155333333333
1856,59.59155333333333
1857,40.84003333333334
1858,40.84003333333334
1859,40.84003333333334
1860,40.84003333333334
1861,42.379533333333335
1862,34.81203333333333
1863,34.81203333333333
1864,34.81203333333333
1865,34.81203333333333
1866,49.94703333333334
1867,49.043033333333334
1868,40.00103333333333
1869,40.00103333333333
1870,40.00103333333333
1871,40.00103333333333
1872,55.07103333333333
1873,59.59155333333333
1874,59.59155333333333
1875,59.59155333333333
1876,59.59155333333333
1877,59.59155333333333
1878,59.59155333333333
1879,59.59155333333333
1880,59.59155333333333
1881,40.84003333333334
1882,40.84003333333334
1883,40.84003333333334
1884,40.84003333333334
1885,42.379533333333335
1886,34.81203333333333
1887,34.81203333333333
1888,34.81203333333333
1889,34.81203333333333
1890,49.94703333333334
1891,49.043033333333334
1892,40.00103333333333
1893,40.00103333333333
1894,40.00103333333333
1895,40.00103333333333
1896,55.07103333333333
1897,59.59155333333333
1898,59.59155333333333
1899,59.59155333333333
1900,59.59155333333333
1901,59.59155333333333
1902,59.59155333333333
1903,59.59155333333333
1904,59.59155333333333
1905,40.84003333333334
1906,40.84003333333334
1907,40.84003333333334
1908,40.84003333333334
1909,42.379533333333335
1910,34.81203333333333
1911,34.81203333333333
1912,27.186033333333334
1913,27.186033333333334
1914,42.32103333333333
1915,42.32103333333333
1916,27.716033333333336
1917,27.716033333333336
1918,27.716033333333336
1919,27.716033333333336
1920,48.34903333333334
1921,59.59155333333333
1922,59.59155333333333
1923,59.59155333333333
1924,59.59155333333333
1925,59.59155333333333
1926,59.59155333333333
1927,59.59155333333333
1928,59.59155333333333
1929,40.84003333333334
1930,40.84003333333334
1931,40.84003333333334
1932,40.84003333333334
1933,42.379533333333335
1934,34.81203333333333
1935,34.81203333333333
1936,34.81203333333333
1937,34.81203333333333
1938,49.94703333333334
1939,49.043033333333334
1940,40.00103333333333
1941,40.00103333333333
1942,40.00103333333333
1943,40.00103333333333
1944,55.07103333333333
1945,59.59155333333333
1946,59.59155333333333
1947,59.59155333333333
1948,59.59155333333333
1949,59.59155333333333
1950,59.59155333333333
1951,59.59155333333333
1952,59.59155333333333
1953,40.84003333333334
1954,40.84003333333334
1955,40.84003333333334
1956,40.84003333333334
1957,42.379533333333335
1958,34.81203333333333
1959,34.81203333333333
1960,27.186033333333334
1961,27.186033333333334
1962,42.32103333333333
1963,42.32103333333333
1964,27.716033333333336
1965,27.716033333333336
1966,27.716033333333336
1967,27.716033333333336
1968,50.15703333333333
1969,59.59155333333333
1970,59.59155333333333
1971,59.59155333333333
1972,59.59155333333333
1973,59.59155333333333
1974,59.59155333333333
1975,59.59155333333333
1976,59.59155333333333
1977,55.975033333333336
1978,55.975033333333336
1979,55.975033333333336
1980,55.975033333333336
1981,49.94703333333334
1982,49.94703333333334
1983,49.94703333333334
1984,42.32103333333333
1985,42.32103333333333
1986,42.32103333333333
1987,42.32103333333333
1988,27.716033333333336
1989,27.716033333333336
1990,27.716033333333336
1991,27.716033333333336
1992,48.34903333333334
1993,59.59155333333333
1994,59.59155333333333
1995,59.59155333333333
1996,59.59155333333333
1997,59.59155333333333
1998,59.59155333333333
1999,59.59155333333333
2000,59.59155333333333
2001,55.975033333333336
2002,55.975033333333336
2003,55.975033333333336
2004,55.975033333333336
2005,49.94703333333334
2006,49.94703333333334
2007,49.94703333333334
2008,42.32103333333333
2009,42.32103333333333
2010,42.32103333333333
2011,42.32103333333333
2012,27.716033333333336
2013,27.716033333333336
2014,27.716033333333336
2015,27.716033333333336
2016,48.34903333333334
2017,59.59155333333333
2018,59.59155333333333
2019,59.59155333333333
2020,59.59155333333333
2021,59.59155333333333
2022,59.59155333333333
2023,59.59155333333333
2024,59.59155333333333
2025,40.84003333333334
2026,40.84003333333334
2027,40.84003333333334
2028,40.84003333333334
2029,42.379533333333335
2030,34.81203333333333
2031,34.81203333333333
2032,34.81203333333333
2033,34.81203333333333
2034,49.94703333333334
2035,49.043033333333334
2036,40.00103333333333
2037,40.00103333333333
2038,40.00103333333333
2039,40.00103333333333
2040,55.07103333333333
2041,59.59155333333333
2042,59.59155333333333
2043,59.59155333333333
2044,59.59155333333333
2045,59.59155333333333
2046,59.59155333333333
2047,59.59155333333333
2048,59.59155333333333
2049,40.84003333333334
2050,40.84003333333334
2051,40.84003333333334
2052,40.84003333333334
2053,42.379533333333335
2054,34.81203333333333
2055,34.81203333333333
2056,34.81203333333333
2057,34.81203333333333
2058,49.94703333333334
2059,49.043033333333334
2060,40.00103333333333
2061,40.00103333333333
2062,40.00103333333333
2063,40.00103333333333
2064,55.07103333333333
2065,59.59155333333333
2066,59.59155333333333
2067,59.59155333333333
2068,59.59155333333333
2069,59.59155333333333
2070,59.59155333333333
2071,59.59155333333333
2072,59.59155333333333
2073,40.84003333333334
2074,40.84003333333334
2075,40.84003333333334
2076,40.84003333333334
2077,42.379533333333335
2078,34.81203333333333
2079,34.81203333333333
2080,27.186033333333334
2081,27.186033333333334
2082,42.32103333333333
2083,42.32103333333333
2084,27.716033333333336
2085,27.716033333333336
2086,27.716033333333336
2087,27.716033333333336
2088,48.34903333333334
2089,59.59155333333333
2090,59.59155333333333
2091,59.59155333333333
2092,59.59155333333333
2093,59.59155333333333
2094,59.59155333333333
2095,59.59155333333333
2096,59.59155333333333
2097,40.84003333333334
2098,40.84003333333334
2099,40.84003333333334
2100,40.84003333333334
2101,42.379533333333335
2102,34.81203333333333
2103,34.81203333333333
2104,34.81203333333333
2105,34.81203333333333
2106,49.94703333333334
2107,49.043033333333334
2108,40.00103333333333
2109,40.00103333333333
2110,40.00103333333333
2111,40.00103333333333
2112,55.07103333333333
2113,59.59155333333333
2114,59.59155333333333
2115,59.59155333333333
2116,59.59155333333333
2117,59.59155333333333
2118,59.59155333333333
2119,59.59155333333333
2120,59.59155333333333
2121,40.84003333333334
2122,40.84003333333334
2123,40.84003333333334
2124,40.84003333333334
2125,42.379533333333335
2126,34.81203333333333
2127,34.81203333333333
2128,27.186033333333334
2129,27.186033333333334
2130,42.32103333333333
2131,42.32103333333333
2132,27.716033333333336
2133,27.716033333333336
2134,27.716033333333336
2135,27.716033333333336
2136,50.15703333333333
2137,59.59155333333333
2138,59.59155333333333
2139,59.59155333333333
2140,59.59155333333333
2141,59.59155333333333
2142,59.59155333333333
2143,59.59155333333333
2144,59.59155333333333
2145,55.975033333333336
2146,55.975033333333336
2147,55.975033333333336
2148,55.975033333333336
2149,49.94703333333334
2150,49.94703333333334
2151,49.94703333333334
2152,42.32103333333333
2153,42.32103333333333
2154,42.32103333333333
2155,42.32103333333333
2156,27.716033333333336
2157,27.716033333333336
2158,27.716033333333336
2159,27.716033333333336
2160,48.34903333333334
2161,59.59155333333333
2162,59.59155333333333
2163,59.59155333333333
2164,59.59155333333333
2165,59.59155333333333
2166,59.59155333333333
2167,59.59155333333333
2168,59.59155333333333
2169,55.975033333333336
2170,55.975033333333336
2171,55.975033333333336
2172,55.975033333333336
2173,49.94703333333334
2174,49.94703333333334
2175,49.94703333333334
2176,42.32103333333333
2177,42.32103333333333
2178,42.32103333333333
2179,42.32103333333333
2180,27.716033333333336
2181,27.716033333333336
2182,27.716033333333336
2183,27.716033333333336
2184,48.34903333333334
2185,59.59155333333333
2186,59.59155333333333
2187,59.59155333333333
2188,59.59155333333333
2189,59.59155333333333
2190,59.59155333333333
2191,59.59155333333333
2192,59.59155333333333
2193,40.84003333333334
2194,40.84003333333334
2195,40.84003333333334
2196,40.84003333333334
2197,42.379533333333335
2198,34.81203333333333
2199,34.81203333333333
2200,34.81203333333333
2201,34.81203333333333
2202,49.94703333333334
2203,49.043033333333334
2204,40.00103333333333
2205,40.00103333333333
2206,40.00103333333333
2207,40.00103333333333
2208,55.07103333333333
2209,59.59155333333333
2210,59.59155333333333
2211,59.59155333333333
2212,59.59155333333333
2213,59.59155333333333
2214,59.59155333333333
2215,59.59155333333333
2216,59.59155333333333
2217,40.84003333333334
2218,40.84003333333334
2219,40.84003333333334
2220,40.84003333333334
2221,42.379533333333335
2222,34.81203333333333
2223,34.81203333333333
2224,34.81203333333333
2225,34.81203333333333
2226,49.94703333333334
2227,49.043033333333334
2228,40.00103333333333
2229,40.00103333333333
2230,40.00103333333333
2231,40.00103333333333
2232,55.07103333333333
2233,59.59155333333333
2234,59.59155333333333
2235,59.59155333333333
2236,59.59155333333333
2237,59.59155333333333
2238,59.59155333333333
2239,59.59155333333333
2240,59.59155333333333
2241,40.84003333333334
2242,40.84003333333334
2243,40.84003333333334
2244,40.84003333333334
2245,42.379533333333335
2246,34.81203333333333
2247,34.81203333333333
2248,27.186033333333334
2249,27.186033333333334
2250,42.32103333333333
2251,42.32103333333333
2252,27.716033333333336
2253,27.716033333333336
2254,27.716033333333336
2255,27.716033333333336
2256,48.34903333333334
2257,59.59155333333333
2258,59.59155333333333
2259,59.59155333333333
2260,59.59155333333333
2261,59.59155333333333
2262,59.59155333333333
2263,59.59155333333333
2264,59.59155333333333
2265,40.84003333333334
2266,40.84003333333334
2267,40.84003333333334
2268,40.84003333333334
2269,42.379533333333335
2270,34.81203333333333
2271,34.81203333333333
2272,34.81203333333333
2273,34.81203333333333
2274,49.94703333333334
2275,49.043033333333334
2276,40.00103333333333
2277,40.00103333333333
2278,40.00103333333333
2279,40.00103333333333
2280,55.07103333333333
2281,59.59155333333333
2282,59.59155333333333
2283,59.59155333333333
2284,59.59155333333333
2285,59.59155333333333
2286,59.59155333333333
2287,59.59155333333333
2288,59.59155333333333
2289,40.84003333333334
2290,40.84003333333334
2291,40.84003333333334
2292,40.84003333333334
2293,42.379533333333335
2294,34.81203333333333
2295,34.81203333333333
2296,27.186033333333334
2297,27.186033333333334
2298,42.32103333333333
2299,42.32103333333333
2300,27.716033333333336
2301,27.716033333333336
2302,27.716033333333336
2303,27.716033333333336
2304,50.15703333333333
2305,59.59155333333333
2306,59.59155333333333
2307,59.59155333333333
2308,59.59155333333333
2309,59.59155333333333
2310,59.59155333333333
2311,59.59155333333333
2312,59.59155333333333
2313,55.975033333333336
2314,55.975033333333336
2315,55.975033333333336
2316,55.975033333333336
2317,49.94703333333334
2318,49.94703333333334
2319,49.94703333333334
2320,42.32103333333333
2321,42.32103333333333
2322,42.32103333333333
2323,42.32103333333333
2324,27.716033333333336
2325,27.716033333333336
2326,27.716033333333336
2327,27.716033333333336
2328,48.34903333333334
2329,59.59155333333333
2330,59.59155333333333
2331,59.59155333333333
2332,59.59155333333333
2333,59.59155333333333
2334,59.59155333333333
2335,59.59155333333333
2336,59.59155333333333
2337,55.975033333333336
2338,55.975033333333336
2339,55.975033333333336
2340,55.975033333333336
2341,49.94703333333334
2342,49.94703333333334
2343,49.94703333333334
2344,42.32103333333333
2345,42.32103333333333
2346,42.32103333333333
2347,42.32103333333333
2348,27.716033333333336
2349,27.716033333333336
2350,27.716033333333336
2351,27.716033333333336
2352,48.34903333333334
2353,59.59155333333333
2354,59.59155333333333
2355,59.59155333333333
2356,59.59155333333333
2357,59.59155333333333
2358,59.59155333333333
2359,59.59155333333333
2360,59.59155333333333
2361,40.84003333333334
2362,40.84003333333334
2363,40.84003333333334
2364,40.84003333333334
2365,42.379533333333335
2366,34.81203333333333
2367,34.81203333333333
2368,34.81203333333333
2369,34.81203333333333
2370,49.94703333333334
2371,49.043033333333334
2372,40.00103333333333
2373,40.00103333333333
2374,40.00103333333333
2375,40.00103333333333
2376,55.07103333333333
2377,59.59155333333333
2378,59.59155333333333
2379,59.59155333333333
2380,59.59155333333333
2381,59.59155333333333
2382,59.59155333333333
2383,59.59155333333333
2384,59.59155333333333
2385,40.84003333333334
2386,40.84003333333334
2387,40.84003333333334
2388,40.84003333333334
2389,42.379533333333335
2390,34.81203333333333
2391,34.81203333333333
2392,34.81203333333333
2393,34.81203333333333
2394,49.94703333333334
2395,49.043033333333334
2396,40.00103333333333
2397,40.00103333333333
2398,40.00103333333333
2399,40.00103333333333
2400,55.07103333333333
2401,59.59155333333333
2402,59.59155333333333
2403,59.59155333333333
2404,59.59155333333333
2405,59.59155333333333
2406,59.59155333333333
2407,59.59155333333333
2408,59.59155333333333
2409,40.84003333333334
2410,40.84003333333334
2411,40.84003333333334
2412,40.84003333333334
2413,42.379533333333335
2414,34.81203333333333
2415,34.81203333333333
2416,27.186033333333334
2417,27.186033333333334
2418,42.32103333333333
2419,42.32103333333333
2420,27.716033333333336
2421,27.716033333333336
2422,27.716033333333336
2423,27.716033333333336
2424,48.34903333333334
2425,59.59155333333333
2426,59.59155333333333
2427,59.59155333333333
2428,59.59155333333333
2429,59.59155333333333
2430,59.59155333333333
2431,59.59155333333333
2432,59.59155333333333
2433,40.84003333333334
2434,40.84003333333334
2435,40.84003333333334
2436,40.84003333333334
2437,42.379533333333335
2438,34.81203333333333
2439,34.81203333333333
2440,34.81203333333333
2441,34.81203333333333
2442,49.94703333333334
2443,49.043033333333334
2444,40.00103333333333
2445,40.00103333333333
2446,40.00103333333333
2447,40.00103333333333
2448,55.07103333333333
2449,59.59155333333333
2450,59.59155333333333
2451,59.59155333333333
2452,59.59155333333333
2453,59.59155333333333
2454,59.59155333333333
2455,59.59155333333333
2456,59.59155333333333
2457,40.84003333333334
2458,40.84003333333334
2459,40.84003333333334
2460,40.84003333333334
2461,42.379533333333335
2462,34.81203333333333
2463,34.81203333333333
2464,27.186033333333334
2465,27.186033333333334
2466,42.32103333333333
2467,42.32103333333333
2468,27.716033333333336
2469,27.716033333333336
2470,27.716033333333336
2471,27.716033333333336
2472,50.15703333333333
2473,59.59155333333333
2474,59.59155333333333
2475,59.59155333333333
2476,59.59155333333333
2477,59.59155333333333
2478,59.59155333333333
2479,59.59155333333333
2480,59.59155333333333
2481,55.975033333333336
2482,55.975033333333336
2483,55.975033333333336
2484,55.975033333333336
2485,49.94703333333334
2486,49.94703333333334
2487,49.94703333333334
2488,42.32103333333333
2489,42.32103333333333
2490,42.32103333333333
2491,42.32103333333333
2492,27.716033333333336
2493,27.716033333333336
2494,27.716033333333336
2495,27.716033333333336
2496,48.34903333333334
2497,59.59155333333333
2498,59.59155333333333
2499,59.59155333333333
2500,59.59155333333333
2501,59.59155333333333
2502,59.59155333333333
2503,59.59155333333333
2504,59.59155333333333
2505,55.975033333333336
2506,55.975033333333336
2507,55.975033333333336
2508,55.975033333333336
2509,49.94703333333334
2510,49.94703333333334
2511,49.94703333333334
2512,42.32103333333333
2513,42.32103333333333
2514,42.32103333333333
2515,42.32103333333333
2516,27.716033333333336
2517,27.716033333333336
2518,27.716033333333336
2519,27.716033333333336
2520,48.34903333333334
2521,59.59155333333333
2522,59.59155333333333
2523,59.59155333333333
2524,59.59155333333333
2525,59.59155333333333
2526,59.59155333333333
2527,59.59155333333333
2528,59.59155333333333
2529,40.84003333333334
2530,40.84003333333334
2531,40.84003333333334
2532,40.84003333333334
2533,42.379533333333335
2534,34.81203333333333
2535,34.81203333333333
2536,34.81203333333333
2537,34.81203333333333
2538,49.94703333333334
2539,49.043033333333334
2540,40.00103333333333
2541,40.00103333333333
2542,40.00103333333333
2543,40.00103333333333
2544,55.07103333333333
2545,59.59155333333333
2546,59.59155333333333
2547,59.59155333333333
2548,59.59155333333333
2549,59.59155333333333
2550,59.59155333333333
2551,59.59155333333333
2552,59.59155333333333
2553,40.84003333333334
2554,40.84003333333334
2555,40.84003333333334
2556,40.84003333333334
2557,42.379533333333335
2558,34.81203333333333
2559,34.81203333333333
2560,34.81203333333333
2561,34.81203333333333
2562,49.94703333333334
2563,49.043033333333334
2564,40.00103333333333
2565,40.00103333333333
2566,40.00103333333333
2567,40.00103333333333
2568,55.07103333333333
2569,59.59155333333333
2570,59.59155333333333
2571,59.59155333333333
2572,59.59155333333333
2573,59.59155333333333
2574,59.59155333333333
2575,59.59155333333333
2576,59.59155333333333
2577,40.84003333333334
2578,40.84003333333334
2579,40.84003333333334
2580,40.84003333333334
2581,42.379533333333335
2582,34.81203333333333
2583,34.81203333333333
2584,27.186033333333334
2585,27.186033333333334
2586,42.32103333333333
2587,42.32103333333333
2588,27.716033333333336
2589,27.716033333333336
2590,27.716033333333336
2591,27.716033333333336
2592,48.34903333333334
2593,59.59155333333333
2594,59.59155333333333
2595,59.59155333333333
2596,59.59155333333333
2597,59.59155333333333
2598,59.59155333333333
2599,59.59155333333333
2600,59.59155333333333
2601,40.84003333333334
2602,40.84003333333334
2603,40.84003333333334
2604,40.84003333333334
2605,42.379533333333335
2606,34.81203333333333
2607,34.81203333333333
2608,34.81203333333333
2609,34.81203333333333
2610,49.94703333333334
2611,49.043033333333334
2612,40.00103333333333
2613,40.00103333333333
2614,40.00103333333333
2615,40.00103333333333
2616,55.07103333333333
2617,59.59155333333333
2618,59.59155333333333
2619,59.59155333333333
2620,59.59155333333333
2621,59.59155333333333
2622,59.59155333333333
2623,59.59155333333333
2624,59.59155333333333
2625,40.84003333333334
2626,40.84003333333334
2627,40.84003333333334
2628,40.84003333333334
2629,42.379533333333335
2630,34.81203333333333
2631,34.81203333333333
2632,27.186033333333334
2633,27.186033333333334
2634,42.32103333333333
2635,42.32103333333333
2636,27.716033333333336
2637,27.716033333333336
2638,27.716033333333336
2639,27.716033333333336
2640,50.15703333333333
2641,59.59155333333333
2642,59.59155333333333
2643,59.59155333333333
2644,59.59155333333333
2645,59.59155333333333
2646,59.59155333333333
2647,59.59155333333333
2648,59.59155333333333
2649,55.975033333333336
2650,55.975033333333336
2651,55.975033333333336
2652,55.975033333333336
2653,49.94703333333334
2654,49.94703333333334
2655,49.94703333333334
2656,42.32103333333333
2657,42.32103333333333
2658,42.32103333333333
2659,42.32103333333333
2660,27.716033333333336
2661,27.716033333333336
2662,27.716033333333336
2663,27.716033333333336
2664,48.34903333333334
2665,59.59155333333333
2666,59.59155333333333
2667,59.59155333333333
2668,59.59155333333333
2669,59.59155333333333
2670,59.59155333333333
2671,59.59155333333333
2672,59.59155333333333
2673,55.975033333333336
2674,55.975033333333336
2675,55.975033333333336
2676,55.975033333333336
2677,49.94703333333334
2678,49.94703333333334
2679,49.94703333333334
2680,42.32103333333333
2681,42.32103333333333
2682,42.32103333333333
2683,42.32103333333333
2684,27.716033333333336
2685,27.716033333333336
2686,27.716033333333336
2687,27.716033333333336
2688,48.34903333333334
2689,59.59155333333333
2690,59.59155333333333
2691,59.59155333333333
2692,59.59155333333333
2693,59.59155333333333
2694,59.59155333333333
2695,59.59155333333333
2696,59.59155333333333
2697,40.84003333333334
2698,40.84003333333334
2699,40.84003333333334
2700,40.84003333333334
2701,42.379533333333335
2702,34.81203333333333
2703,34.81203333333333
2704,34.81203333333333
2705,34.81203333333333
2706,49.94703333333334
2707,49.043033333333334
2708,40.00103333333333
2709,40.00103333333333
2710,40.00103333333333
2711,40.00103333333333
2712,55.07103333333333
2713,59.59155333333333
2714,59.59155333333333
2715,59.59155333333333
2716,59.59155333333333
2717,59.59155333333333
2718,59.59155333333333
2719,59.59155333333333
2720,59.59155333333333
2721,40.84003333333334
2722,40.84003333333334
2723,40.84003333333334
2724,40.84003333333334
2725,42.379533333333335
2726,34.81203333333333
2727,34.81203333333333
2728,34.81203333333333
2729,34.81203333333333
2730,49.94703333333334
2731,49.043033333333334
2732,40.00103333333333
2733,40.00103333333333
2734,40.00103333333333
2735,40.00103333333333
2736,55.07103333333333
2737,59.59155333333333
2738,59.59155333333333
2739,59.59155333333333
2740,59.59155333333333
2741,59.59155333333333
2742,59.59155333333333
2743,59.59155333333333
2744,59.59155333333333
2745,40.84003333333334
2746,40.84003333333334
2747,40.84003333333334
2748,40.84003333333334
2749,42.379533333333335
2750,34.81203333333333
2751,34.81203333333333
2752,27.186033333333334
2753,27.186033333333334
2754,42.32103333333333
2755,42.32103333333333
2756,27.716033333333336
2757,27.716033333333336
2758,27.716033333333336
2759,27.716033333333336
2760,48.34903333333334
2761,59.59155333333333
2762,59.59155333333333
2763,59.59155333333333
2764,59.59155333333333
2765,59.59155333333333
2766,59.59155333333333
2767,59.59155333333333
2768,59.59155333333333
2769,40.84003333333334
2770,40.84003333333334
2771,40.84003333333334
2772,40.84003333333334
2773,42.379533333333335
2774,34.81203333333333
2775,34.81203333333333
2776,34.81203333333333
2777,34.81203333333333
2778,49.94703333333334
2779,49.043033333333334
2780,40.00103333333333
2781,40.00103333333333
2782,40.00103333333333
2783,40.00103333333333
2784,55.07103333333333
2785,59.59155333333333
2786,59.59155333333333
2787,59.59155333333333
2788,59.59155333333333
2789,59.59155333333333
2790,59.59155333333333
2791,59.59155333333333
2792,59.59155333333333
2793,40.84003333333334
2794,40.84003333333334
2795,40.84003333333334
2796,40.84003333333334
2797,42.379533333333335
2798,34.81203333333333
2799,34.81203333333333
2800,27.186033333333334
2801,27.186033333333334
2802,42.32103333333333
2803,42.32103333333333
2804,27.716033333333336
2805,27.716033333333336
2806,27.716033333333336
2807,27.716033333333336
2808,50.15703333333333
2809,59.59155333333333
2810,59.59155333333333
2811,59.59155333333333
2812,59.59155333333333
2813,59.59155333333333
2814,59.59155333333333
2815,59.59155333333333
2816,59.59155333333333
2817,55.975033333333336
2818,55.975033333333336
2819,55.975033333333336
2820,55.975033333333336
2821,49.94703333333334
2822,49.94703333333334
2823,49.94703333333334
2824,42.32103333333333
2825,42.32103333333333
2826,42.32103333333333
2827,42.32103333333333
2828,27.716033333333336
2829,27.716033333333336
2830,27.716033333333336
2831,27.716033333333336
2832,48.34903333333334
2833,59.59155333333333
2834,59.59155333333333
2835,59.59155333333333
2836,59.59155333333333
2837,59.59155333333333
2838,59.59155333333333
2839,59.59155333333333
2840,59.59155333333333
2841,55.975033333333336
2842,55.975033333333336
2843,55.975033333333336
2844,55.975033333333336
2845,49.94703333333334
2846,49.94703333333334
2847,49.94703333333334
2848,42.32103333333333
2849,42.32103333333333
2850,42.32103333333333
2851,42.32103333333333
2852,27.716033333333336
2853,27.716033333333336
2854,27.716033333333336
2855,27.716033333333336
2856,48.34903333333334
2857,59.59155333333333
2858,59.59155333333333
2859,59.59155333333333
2860,59.59155333333333
2861,59.59155333333333
2862,59.59155333333333
2863,59.59155333333333
2864,59.59155333333333
2865,40.84003333333334
2866,40.84003333333334
2867,40.84003333333334
2868,40.84003333333334
2869,42.379533333333335
2870,34.81203333333333
2871,34.81203333333333
2872,34.81203333333333
2873,34.81203333333333
2874,49.94703333333334
2875,49.043033333333334
2876,40.00103333333333
2877,40.00103333333333
2878,40.00103333333333
2879,40.00103333333333
2880,55.07103333333333
2881,59.59155333333333
2882,59.59155333333333
2883,59.59155333333333
2884,59.59155333333333
2885,59.59155333333333
2886,59.59155333333333
2887,59.59155333333333
2888,59.59155333333333
2889,40.84003333333334
2890,40.84003333333334
2891,40.84003333333334
2892,40.84003333333334
2893,42.379533333333335
2894,34.81203333333333
2895,34.81203333333333
2896,34.81203333333333
2897,34.81203333333333
2898,49.94703333333334
2899,49.043033333333334
2900,40.00103333333333
2901,40.00103333333333
2902,40.00103333333333
2903,40.00103333333333
2904,55.07103333333333
2905,59.59155333333333
2906,59.59155333333333
2907,59.59155333333333
2908,59.59155333333333
2909,59.59155333333333
2910,59.59155333333333
2911,59.59155333333333
2912,59.59155333333333
2913,40.84003333333334
2914,40.84003333333334
2915,40.84003333333334
2916,40.84003333333334
2917,42.379533333333335
2918,34.81203333333333
2919,34.81203333333333
2920,27.186033333333334
2921,27.186033333333334
2922,42.32103333333333
2923,42.32103333333333
2924,27.716033333333336
2925,27.716033333333336
2926,27.716033333333336
2927,27.716033333333336
2928,48.34903333333334
2929,59.59155333333333
2930,59.59155333333333
2931,59.59155333333333
2932,59.59155333333333
2933,59.59155333333333
2934,59.59155333333333
2935,59.59155333333333
2936,59.59155333333333
2937,40.84003333333334
2938,40.84003333333334
2939,40.84003333333334
2940,40.84003333333334
2941,42.379533333333335
2942,34.81203333333333
2943,34.81203333333333
2944,34.81203333333333
2945,34.81203333333333
2946,49.94703333333334
2947,49.043033333333334
2948,40.00103333333333
2949,40.00103333333333
2950,40.00103333333333
2951,40.00103333333333
2952,55.07103333333333
2953,59.59155333333333
2954,59.59155333333333
2955,59.59155333333333
2956,59.59155333333333
2957,59.59155333333333
2958,59.59155333333333
2959,59.59155333333333
2960,59.59155333333333
2961,40.84003333333334
2962,40.84003333333334
2963,40.84003333333334
2964,40.84003333333334
2965,42.379533333333335
2966,34.81203333333333
2967,34.81203333333333
2968,27.186033333333334
2969,27.186033333333334
2970,42.32103333333333
2971,42.32103333333333
2972,27.716033333333336
2973,27.716033333333336
2974,27.716033333333336
2975,27.716033333333336
2976,50.15703333333333
2977,59.59155333333333
2978,59.59155333333333
2979,59.59155333333333
2980,59.59155333333333
2981,59.59155333333333
2982,59.59155333333333
2983,59.59155333333333
2984,59.59155333333333
2985,55.975033333333336
2986,55.975033333333336
2987,55.975033333333336
2988,55.975033333333336
2989,49.94703333333334
2990,49.94703333333334
2991,49.94703333333334
2992,42.32103333333333
2993,42.32103333333333
2994,42.32103333333333
2995,42.32103333333333
2996,27.716033333333336
2997,27.716033333333336
2998,27.716033333333336
2999,27.716033333333336
3000,48.34903333333334
3001,59.59155333333333
3002,59.59155333333333
3003,59.59155333333333
3004,59.59155333333333
3005,59.59155333333333
3006,59.59155333333333
3007,59.59155333333333
3008,59.59155333333333
3009,55.975033333333336
3010,55.975033333333336
3011,55.975033333333336
3012,55.975033333333336
3013,49.94703333333334
3014,49.94703333333334
3015,49.94703333333334
3016,42.32103333333333
3017,42.32103333333333
3018,42.32103333333333
3019,42.32103333333333
3020,27.716033333333336
3021,27.716033333333336
3022,27.716033333333336
3023,27.716033333333336
3024,48.34903333333334
3025,59.59155333333333
3026,59.59155333333333
3027,59.59155333333333
3028,59.59155333333333
3029,59.59155333333333
3030,59.59155333333333
3031,59.59155333333333
3032,59.59155333333333
3033,40.84003333333334
3034,40.84003333333334
3035,40.84003333333334
3036,40.84003333333334
3037,42.379533333333335
3038,34.81203333333333
3039,34.81203333333333
3040,34.81203333333333
3041,34.81203333333333
3042,49.94703333333334
3043,49.043033333333334
3044,40.00103333333333
3045,40.00103333333333
3046,40.00103333333333
3047,40.00103333333333
3048,55.07103333333333
3049,59.59155333333333
3050,59.59155333333333
3051,59.59155333333333
3052,59.59155333333333
3053,59.59155333333333
3054,59.59155333333333
3055,59.59155333333333
3056,59.59155333333333
3057,40.84003333333334
3058,40.84003333333334
3059,40.84003333333334
3060,40.84003333333334
3061,42.379533333333335
3062,34.81203333333333
3063,34.81203333333333
3064,34.81203333333333
3065,34.81203333333333
3066,49.94703333333334
3067,49.043033333333334
3068,40.00103333333333
3069,40.00103333333333
3070,40.00103333333333
3071,40.00103333333333
3072,55.07103333333333
3073,59.59155333333333
3074,59.59155333333333
3075,59.59155333333333
3076,59.59155333333333
3077,59.59155333333333
3078,59.59155333333333
3079,59.59155333333333
3080,59.59155333333333
3081,40.84003333333334
3082,40.84003333333334
3083,40.84003333333334
3084,40.84003333333334
3085,42.379533333333335
3086,34.81203333333333
3087,34.81203333333333
3088,27.186033333333334
3089,27.186033333333334
3090,42.32103333333333
3091,42.32103333333333
3092,27.716033333333336
3093,27.716033333333336
3094,27.716033333333336
3095,27.716033333333336
3096,48.34903333333334
3097,59.59155333333333
3098,59.59155333333333
3099,59.59155333333333
3100,59.59155333333333
3101,59.59155333333333
3102,59.59155333333333
3103,59.59155333333333
3104,59.59155333333333
3105,40.84003333333334
3106,40.84003333333334
3107,40.84003333333334
3108,40.84003333333334
3109,42.379533333333335
3110,34.81203333333333
3111,34.81203333333333
3112,34.81203333333333
3113,34.81203333333333
3114,49.94703333333334
3115,49.043033333333334
3116,40.00103333333333
3117,40.00103333333333
3118,40.00103333333333
3119,40.00103333333333
3120,55.07103333333333
3121,59.59155333333333
3122,59.59155333333333
3123,59.59155333333333
3124,59.59155333333333
3125,59.59155333333333
3126,59.59155333333333
3127,59.59155333333333
3128,59.59155333333333
3129,40.84003333333334
3130,40.84003333333334
3131,40.84003333333334
3132,40.84003333333334
3133,42.379533333333335
3134,34.81203333333333
3135,34.81203333333333
3136,27.186033333333334
3137,27.186033333333334
3138,42.32103333333333
3139,42.32103333333333
3140,27.716033333333336
3141,27.716033333333336
3142,27.716033333333336
3143,27.716033333333336
3144,50.15703333333333
3145,59.59155333333333
3146,59.59155333333333
3147,59.59155333333333
3148,59.59155333333333
3149,59.59155333333333
3150,59.59155333333333
3151,59.59155333333333
3152,59.59155333333333
3153,55.975033333333336
3154,55.975033333333336
3155,55.975033333333336
3156,55.975033333333336
3157,49.94703333333334
3158,49.94703333333334
3159,49.94703333333334
3160,42.32103333333333
3161,42.32103333333333
3162,42.32103333333333
3163,42.32103333333333
3164,27.716033333333336
3165,27.716033333333336
3166,27.716033333333336
3167,27.716033333333336
3168,48.34903333333334
3169,59.59155333333333
3170,59.59155333333333
3171,59.59155333333333
3172,59.59155333333333
3173,59.59155333333333
3174,59.59155333333333
3175,59.59155333333333
3176,59.59155333333333
3177,55.975033333333336
3178,55.975033333333336
3179,55.975033333333336
3180,55.975033333333336
3181,49.94703333333334
3182,49.94703333333334
3183,49.94703333333334
3184,42.32103333333333
3185,42.32103333333333
3186,42.32103333333333
3187,42.32103333333333
3188,27.716033333333336
3189,27.716033333333336
3190,27.716033333333336
3191,27.716033333333336
3192,48.34903333333334
3193,59.59155333333333
3194,59.59155333333333
3195,59.59155333333333
3196,59.59155333333333
3197,59.59155333333333
3198,59.59155333333333
3199,59.59155333333333
3200,59.59155333333333
3201,40.84003333333334
3202,40.84003333333334
3203,40.84003333333334
3204,40.84003333333334
3205,42.379533333333335
3206,34.81203333333333
3207,34.81203333333333
3208,34.81203333333333
3209,34.81203333333333
3210,49.94703333333334
3211,49.043033333333334
3212,40.00103333333333
3213,40.00103333333333
3214,40.00103333333333
3215,40.00103333333333
3216,55.07103333333333
3217,59.59155333333333
3218,59.59155333333333
3219,59.59155333333333
3220,59.59155333333333
3221,59.59155333333333
3222,59.59155333333333
3223,59.59155333333333
3224,59.59155333333333
3225,40.84003333333334
3226,40.84003333333334
3227,40.84003333333334
3228,40.84003333333334
3229,42.379533333333335
3230,34.81203333333333
3231,34.81203333333333
3232,34.81203333333333
3233,34.81203333333333
3234,49.94703333333334
3235,49.043033333333334
3236,40.00103333333333
3237,40.00103333333333
3238,40.00103333333333
3239,40.00103333333333
3240,55.07103333333333
3241,59.59155333333333
3242,59.59155333333333
3243,59.59155333333333
3244,59.59155333333333
3245,59.59155333333333
3246,59.59155333333333
3247,59.59155333333333
3248,59.59155333333333
3249,40.84003333333334
3250,40.84003333333334
3251,40.84003333333334
3252,40.84003333333334
3253,42.379533333333335
3254,34.81203333333333
3255,34.81203333333333
3256,27.186033333333334
3257,27.186033333333334
3258,42.32103333333333
3259,42.32103333333333
3260,27.716033333333336
3261,27.716033333333336
3262,27.716033333333336
3263,27.716033333333336
3264,48.34903333333334
3265,59.59155333333333
3266,59.59155333333333
3267,59.59155333333333
3268,59.59155333333333
3269,59.59155333333333
3270,59.59155333333333
3271,59.59155333333333
3272,59.59155333333333
3273,40.84003333333334
3274,40.84003333333334
3275,40.84003333333334
3276,40.84003333333334
3277,42.379533333333335
3278,34.81203333333333
3279,34.81203333333333
3280,34.81203333333333
3281,34.81203333333333
3282,49.94703333333334
3283,49.043033333333334
3284,40.00103333333333
3285,40.00103333333333
3286,40.00103333333333
3287,40.00103333333333
3288,55.07103333333333
3289,59.59155333333333
3290,59.59155333333333
3291,59.59155333333333
3292,59.59155333333333
3293,59.59155333333333
3294,59.59155333333333
3295,59.59155333333333
3296,59.59155333333333
3297,40.84003333333334
3298,40.84003333333334
3299,40.84003333333334
3300,40.84003333333334
3301,42.379533333333335
3302,34.81203333333333
3303,34.81203333333333
3304,27.186033333333334
3305,27.186033333333334
3306,42.32103333333333
3307,42.32103333333333
3308,27.716033333333336
3309,27.716033333333336
3310,27.716033333333336
3311,27.716033333333336
3312,50.15703333333333
3313,59.59155333333333
3314,59.59155333333333
3315,59.59155333333333
3316,59.59155333333333
3317,59.59155333333333
3318,59.59155333333333
3319,59.59155333333333
3320,59.59155333333333
3321,55.975033333333336
3322,55.975033333333336
3323,55.975033333333336
3324,55.975033333333336
3325,49.94703333333334
3326,49.94703333333334
3327,49.94703333333334
3328,42.32103333333333
3329,42.32103333333333
3330,42.32103333333333
3331,42.32103333333333
3332,27.716033333333336
3333,27.716033333333336
3334,27.716033333333336
3335,27.716033333333336
3336,48.34903333333334
3337,59.59155333333333
3338,59.59155333333333
3339,59.59155333333333
3340,59.59155333333333
3341,59.59155333333333
3342,59.59155333333333
3343,59.59155333333333
3344,59.59155333333333
3345,55.975033333333336
3346,55.975033333333336
3347,55.975033333333336
3348,55.975033333333336
3349,49.94703333333334
3350,49.94703333333334
3351,49.94703333333334
3352,42.32103333333333
3353,42.32103333333333
3354,42.32103333333333
3355,42.32103333333333
3356,27.716033333333336
3357,27.716033333333336
3358,27.716033333333336
3359,27.716033333333336
3360,48.34903333333334
3361,59.59155333333333
3362,59.59155333333333
3363,59.59155333333333
3364,59.59155333333333
3365,59.59155333333333
3366,59.59155333333333
3367,59.59155333333333
3368,59.59155333333333
3369,40.84003333333334
3370,40.84003333333334
3371,40.84003333333334
3372,40.84003333333334
3373,42.379533333333335
3374,34.81203333333333
3375,34.81203333333333
3376,34.81203333333333
3377,34.81203333333333
3378,49.94703333333334
3379,49.043033333333334
3380,40.00103333333333
3381,40.00103333333333
3382,40.00103333333333
3383,40.00103333333333
3384,55.07103333333333
3385,59.59155333333333
3386,59.59155333333333
3387,59.59155333333333
3388,59.59155333333333
3389,59.59155333333333
3390,59.59155333333333
3391,59.59155333333333
3392,59.59155333333333
3393,40.84003333333334
3394,40.84003333333334
3395,40.84003333333334
3396,40.84003333333334
3397,42.379533333333335
3398,34.81203333333333
3399,34.81203333333333
3400,34.81203333333333
3401,34.81203333333333
3402,49.94703333333334
3403,49.043033333333334
3404,40.00103333333333
3405,40.00103333333333
3406,40.00103333333333
3407,40.00103333333333
3408,55.07103333333333
3409,59.59155333333333
3410,59.59155333333333
3411,59.59155333333333
3412,59.59155333333333
3413,59.59155333333333
3414,59.59155333333333
3415,59.59155333333333
3416,59.59155333333333
3417,40.84003333333334
3418,40.84003333333334
3419,40.84003333333334
3420,40.84003333333334
3421,42.379533333333335
3422,34.81203333333333
3423,34.81203333333333
3424,27.186033333333334
3425,27.186033333333334
3426,42.32103333333333
3427,42.32103333333333
3428,27.716033333333336
3429,27.716033333333336
3430,27.716033333333336
3431,27.716033333333336
3432,48.34903333333334
3433,59.59155333333333
3434,59.59155333333333
3435,59.59155333333333
3436,59.59155333333333
3437,59.59155333333333
3438,59.59155333333333
3439,59.59155333333333
3440,59.59155333333333
3441,40.84003333333334
3442,40.84003333333334
3443,40.84003333333334
3444,40.84003333333334
3445,42.379533333333335
3446,34.81203333333333
3447,34.81203333333333
3448,34.81203333333333
3449,34.81203333333333
3450,49.94703333333334
3451,49.043033333333334
3452,40.00103333333333
3453,40.00103333333333
3454,40.00103333333333
3455,40.00103333333333
3456,55.07103333333333
3457,59.59155333333333
3458,59.59155333333333
3459,59.59155333333333
3460,59.59155333333333
3461,59.59155333333333
3462,59.59155333333333
3463,59.59155333333333
3464,59.59155333333333
3465,40.84003333333334
3466,40.84003333333334
3467,40.84003333333334
3468,40.84003333333334
3469,42.379533333333335
3470,34.81203333333333
3471,34.81203333333333
3472,27.186033333333334
3473,27.186033333333334
3474,42.32103333333333
3475,42.32103333333333
3476,27.716033333333336
3477,27.716033333333336
3478,27.716033333333336
3479,27.716033333333336
3480,50.15703333333333
3481,59.59155333333333
3482,59.59155333333333
3483,59.59155333333333
3484,59.59155333333333
3485,59.59155333333333
3486,59.59155333333333
3487,59.59155333333333
3488,59.59155333333333
3489,55.975033333333336
3490,55.975033333333336
3491,55.975033333333336
3492,55.975033333333336
3493,49.94703333333334
3494,49.94703333333334
3495,49.94703333333334
3496,42.32103333333333
3497,42.32103333333333
3498,42.32103333333333
3499,42.32103333333333
3500,27.716033333333336
3501,27.716033333333336
3502,27.716033333333336
3503,27.716033333333336
3504,48.34903333333334
3505,59.59155333333333
3506,59.59155333333333
3507,59.59155333333333
3508,59.59155333333333
3509,59.59155333333333
3510,59.59155333333333
3511,59.59155333333333
3512,59.59155333333333
3513,55.975033333333336
3514,55.975033333333336
3515,55.975033333333336
3516,55.975033333333336
3517,49.94703333333334
3518,49.94703333333334
3519,49.94703333333334
3520,42.32103333333333
3521,42.32103333333333
3522,42.32103333333333
3523,42.32103333333333
3524,27.716033333333336
3525,27.716033333333336
3526,27.716033333333336
3527,27.716033333333336
3528,48.34903333333334
3529,59.59155333333333
3530,59.59155333333333
3531,59.59155333333333
3532,59.59155333333333
3533,59.59155333333333
3534,59.59155333333333
3535,59.59155333333333
3536,59.59155333333333
3537,40.84003333333334
3538,40.84003333333334
3539,40.84003333333334
3540,40.84003333333334
3541,42.379533333333335
3542,34.81203333333333
3543,34.81203333333333
3544,34.81203333333333
3545,34.81203333333333
3546,49.94703333333334
3547,49.043033333333334
3548,40.00103333333333
3549,40.00103333333333
3550,40.00103333333333
3551,40.00103333333333
3552,55.07103333333333
3553,59.59155333333333
3554,59.59155333333333
3555,59.59155333333333
3556,59.59155333333333
3557,59.59155333333333
3558,59.59155333333333
3559,59.59155333333333
3560,59.59155333333333
3561,40.84003333333334
3562,40.84003333333334
3563,40.84003333333334
3564,40.84003333333334
3565,42.379533333333335
3566,34.81203333333333
3567,34.81203333333333
3568,34.81203333333333
3569,34.81203333333333
3570,49.94703333333334
3571,49.043033333333334
3572,40.00103333333333
3573,40.00103333333333
3574,40.00103333333333
3575,40.00103333333333
3576,55.07103333333333
3577,59.59155333333333
3578,59.59155333333333
3579,59.59155333333333
3580,59.59155333333333
3581,59.59155333333333
3582,59.59155333333333
3583,59.59155333333333
3584,59.59155333333333
3585,40.84003333333334
3586,40.84003333333334
3587,40.84003333333334
3588,40.84003333333334
3589,42.379533333333335
3590,34.81203333333333
3591,34.81203333333333
3592,27.186033333333334
3593,27.186033333333334
3594,42.32103333333333
3595,42.32103333333333
3596,27.716033333333336
3597,27.716033333333336
3598,27.716033333333336
3599,27.716033333333336
3600,48.34903333333334
3601,59.59155333333333
3602,59.59155333333333
3603,59.59155333333333
3604,59.59155333333333
3605,59.59155333333333
3606,59.59155333333333
3607,59.59155333333333
3608,59.59155333333333
3609,40.84003333333334
3610,40.84003333333334
3611,40.84003333333334
3612,40.84003333333334
3613,42.379533333333335
3614,34.81203333333333
3615,34.81203333333333
3616,34.81203333333333
3617,34.81203333333333
3618,49.94703333333334
3619,49.043033333333334
3620,40.00103333333333
3621,40.00103333333333
3622,40.00103333333333
3623,40.00103333333333
3624,55.07103333333333
3625,59.59155333333333
3626,59.59155333333333
3627,59.59155333333333
3628,59.59155333333333
3629,59.59155333333333
3630,59.59155333333333
3631,59.59155333333333
3632,59.59155333333333
3633,40.84003333333334
3634,40.84003333333334
3635,40.84003333333334
3636,40.84003333333334
3637,42.379533333333335
3638,34.81203333333333
3639,34.81203333333333
3640,27.186033333333334
3641,27.186033333333334
3642,42.32103333333333
3643,42.32103333333333
3644,27.716033333333336
3645,27.716033333333336
3646,27.716033333333336
3647,27.716033333333336
3648,50.15703333333333
3649,59.59155333333333
3650,59.59155333333333
3651,59.59155333333333
3652,59.59155333333333
3653,59.59155333333333
3654,59.59155333333333
3655,59.59155333333333
3656,59.59155333333333
3657,55.975033333333336
3658,55.975033333333336
3659,55.975033333333336
3660,55.975033333333336
3661,49.94703333333334
3662,49.94703333333334
3663,49.94703333333334
3664,42.32103333333333
3665,42.32103333333333
3666,42.32103333333333
3667,42.32103333333333
3668,27.716033333333336
3669,27.716033333333336
3670,27.716033333333336
3671,27.716033333333336
3672,48.34903333333334
3673,59.59155333333333
3674,59.59155333333333
3675,59.59155333333333
3676,59.59155333333333
3677,59.59155333333333
3678,59.59155333333333
3679,59.59155333333333
3680,59.59155333333333
3681,55.975033333333336
3682,55.975033333333336
3683,55.975033333333336
3684,55.975033333333336
3685,49.94703333333334
3686,49.94703333333334
3687,49.94703333333334
3688,42.32103333333333
3689,42.32103333333333
3690,42.32103333333333
3691,42.32103333333333
3692,27.716033333333336
3693,27.716033333333336
3694,27.716033333333336
3695,27.716033333333336
3696,48.34903333333334
3697,59.59155333333333
3698,59.59155333333333
3699,59.59155333333333
3700,59.59155333333333
3701,59.59155333333333
3702,59.59155333333333
3703,59.59155333333333
3704,59.59155333333333
3705,40.84003333333334
3706,40.84003333333334
3707,40.84003333333334
3708,40.84003333333334
3709,42.379533333333335
3710,34.81203333333333
3711,34.81203333333333
3712,34.81203333333333
3713,34.81203333333333
3714,49.94703333333334
3715,49.043033333333334
3716,40.00103333333333
3717,40.00103333333333
3718,40.00103333333333
3719,40.00103333333333
3720,55.07103333333333
3721,59.59155333333333
3722,59.59155333333333
3723,59.59155333333333
3724,59.59155333333333
3725,59.59155333333333
3726,59.59155333333333
3727,59.59155333333333
3728,59.59155333333333
3729,40.84003333333334
3730,40.84003333333334
3731,40.84003333333334
3732,40.84003333333334
3733,42.379533333333335
3734,34.81203333333333
3735,34.81203333333333
3736,34.81203333333333
3737,34.81203333333333
3738,49.94703333333334
3739,49.043033333333334
3740,40.00103333333333
3741,40.00103333333333
3742,40.00103333333333
3743,40.00103333333333
3744,55.07103333333333
3745,59.59155333333333
3746,59.59155333333333
3747,59.59155333333333
3748,59.59155333333333
3749,59.59155333333333
3750,59.59155333333333
3751,59.59155333333333
3752,59.59155333333333
3753,40.84003333333334
3754,40.84003333333334
3755,40.84003333333334
3756,40.84003333333334
3757,42.379533333333335
3758,34.81203333333333
3759,34.81203333333333
3760,27.186033333333334
3761,27.186033333333334
3762,42.32103333333333
3763,42.32103333333333
3764,27.716033333333336
3765,27.716033333333336
3766,27.716033333333336
3767,27.716033333333336
3768,48.34903333333334
3769,59.59155333333333
3770,59.59155333333333
3771,59.59155333333333
3772,59.59155333333333
3773,59.59155333333333
3774,59.59155333333333
3775,59.59155333333333
3776,59.59155333333333
3777,40.84003333333334
3778,40.84003333333334
3779,40.84003333333334
3780,40.84003333333334
3781,42.379533333333335
3782,34.81203333333333
3783,34.81203333333333
3784,34.81203333333333
3785,34.81203333333333
3786,49.94703333333334
3787,49.043033333333334
3788,40.00103333333333
3789,40.00103333333333
3790,40.00103333333333
3791,40.00103333333333
3792,55.07103333333333
3793,59.59155333333333
3794,59.59155333333333
3795,59.59155333333333
3796,59.59155333333333
3797,59.59155333333333
3798,59.59155333333333
3799,59.59155333333333
3800,59.59155333333333
3801,40.84003333333334
3802,40.84003333333334
3803,40.84003333333334
3804,40.84003333333334
3805,42.379533333333335
3806,34.81203333333333
3807,34.81203333333333
3808,27.186033333333334
3809,27.186033333333334
3810,42.32103333333333
3811,42.32103333333333
3812,27.716033333333336
3813,27.716033333333336
3814,27.716033333333336
3815,27.716033333333336
3816,50.15703333333333
3817,59.59155333333333
3818,59.59155333333333
3819,59.59155333333333
3820,59.59155333333333
3821,59.59155333333333
3822,59.59155333333333
3823,59.59155333333333
3824,59.59155333333333
3825,55.975033333333336
3826,55.975033333333336
3827,55.975033333333336
3828,55.975033333333336
3829,49.94703333333334
3830,49.94703333333334
3831,49.94703333333334
3832,42.32103333333333
3833,42.32103333333333
3834,42.32103333333333
3835,42.32103333333333
3836,27.716033333333336
3837,27.716033333333336
3838,27.716033333333336
3839,27.716033333333336
3840,48.34903333333334
3841,59.59155333333333
3842,59.59155333333333
3843,59.59155333333333
3844,59.59155333333333
3845,59.59155333333333
3846,59.59155333333333
3847,59.59155333333333
3848,59.59155333333333
3849,55.975033333333336
3850,55.975033333333336
3851,55.975033333333336
3852,55.975033333333336
3853,49.94703333333334
3854,49.94703333333334
3855,49.94703333333334
3856,42.32103333333333
3857,42.32103333333333
3858,42.32103333333333
3859,42.32103333333333
3860,27.716033333333336
3861,27.716033333333336
3862,27.716033333333336
3863,27.716033333333336
3864,48.34903333333334
3865,59.59155333333333
3866,59.59155333333333
3867,59.59155333333333
3868,59.59155333333333
3869,59.59155333333333
3870,59.59155333333333
3871,59.59155333333333
3872,59.59155333333333
3873,40.84003333333334
3874,40.84003333333334
3875,40.84003333333334
3876,40.84003333333334
3877,42.379533333333335
3878,34.81203333333333
3879,34.81203333333333
3880,34.81203333333333
3881,34.81203333333333
3882,49.94703333333334
3883,49.043033333333334
3884,40.00103333333333
3885,40.00103333333333
3886,40.00103333333333
3887,40.00103333333333
3888,55.07103333333333
3889,59.59155333333333
3890,59.59155333333333
3891,59.59155333333333
3892,59.59155333333333
3893,59.59155333333333
3894,59.59155333333333
3895,59.59155333333333
3896,59.59155333333333
3897,40.84003333333334
3898,40.84003333333334
3899,40.84003333333334
3900,40.84003333333334
3901,42.379533333333335
3902,34.81203333333333
3903,34.81203333333333
3904,34.81203333333333
3905,34.81203333333333
3906,49.94703333333334
3907,49.043033333333334
3908,40.00103333333333
3909,40.00103333333333
3910,40.00103333333333
3911,40.00103333333333
3912,55.07103333333333
3913,59.59155333333333
3914,59.59155333333333
3915,59.59155333333333
3916,59.59155333333333
3917,59.59155333333333
3918,59.59155333333333
3919,59.59155333333333
3920,59.59155333333333
3921,40.84003333333334
3922,40.84003333333334
3923,40.84003333333334
3924,40.84003333333334
3925,42.379533333333335
3926,34.81203333333333
3927,34.81203333333333
3928,27.186033333333334
3929,27.186033333333334
3930,42.32103333333333
3931,42.32103333333333
3932,27.716033333333336
3933,27.716033333333336
3934,27.716033333333336
3935,27.716033333333336
3936,48.34903333333334
3937,59.59155333333333
3938,59.59155333333333
3939,59.59155333333333
3940,59.59155333333333
3941,59.59155333333333
3942,59.59155333333333
3943,59.59155333333333
3944,59.59155333333333
3945,40.84003333333334
3946,40.84003333333334
3947,40.84003333333334
3948,40.84003333333334
3949,42.379533333333335
3950,34.81203333333333
3951,34.81203333333333
3952,34.81203333333333
3953,34.81203333333333
3954,49.94703333333334
3955,49.043033333333334
3956,40.00103333333333
3957,40.00103333333333
3958,40.00103333333333
3959,40.00103333333333
3960,55.07103333333333
3961,59.59155333333333
3962,59.59155333333333
3963,59.59155333333333
3964,59.59155333333333
3965,59.59155333333333
3966,59.59155333333333
3967,59.59155333333333
3968,59.59155333333333
3969,40.84003333333334
3970,40.84003333333334
3971,40.84003333333334
3972,40.84003333333334
3973,42.379533333333335
3974,34.81203333333333
3975,34.81203333333333
3976,27.186033333333334
3977,27.186033333333334
3978,42.32103333333333
3979,42.32103333333333
3980,27.716033333333336
3981,27.716033333333336
3982,27.716033333333336
3983,27.716033333333336
3984,50.15703333333333
3985,59.59155333333333
3986,59.59155333333333
3987,59.59155333333333
3988,59.59155333333333
3989,59.59155333333333
3990,59.59155333333333
3991,59.59155333333333
3992,59.59155333333333
3993,55.975033333333336
3994,55.975033333333336
3995,55.975033333333336
3996,55.975033333333336
3997,49.94703333333334
3998,49.94703333333334
3999,49.94703333333334
4000,42.32103333333333
4001,42.32103333333333
4002,42.32103333333333
4003,42.32103333333333
4004,27.716033333333336
4005,27.716033333333336
4006,27.716033333333336
4007,27.716033333333336
4008,48.34903333333334
4009,59.59155333333333
4010,59.59155333333333
4011,59.59155333333333
4012,59.59155333333333
4013,59.59155333333333
4014,59.59155333333333
4015,59.59155333333333
4016,59.59155333333333
4017,55.975033333333336
4018,55.975033333333336
4019,55.975033333333336
4020,55.975033333333336
4021,49.94703333333334
4022,49.94703333333334
4023,49.94703333333334
4024,42.32103333333333
4025,42.32103333333333
4026,42.32103333333333
4027,42.32103333333333
4028,27.716033333333336
4029,27.716033333333336
4030,27.716033333333336
4031,27.716033333333336
4032,48.34903333333334
4033,59.59155333333333
4034,59.59155333333333
4035,59.59155333333333
4036,59.59155333333333
4037,59.59155333333333
4038,59.59155333333333
4039,59.59155333333333
4040,59.59155333333333
4041,40.84003333333334
4042,40.84003333333334
4043,40.84003333333334
4044,40.84003333333334
4045,42.379533333333335
4046,34.81203333333333
4047,34.81203333333333
4048,34.81203333333333
4049,34.81203333333333
4050,49.94703333333334
4051,49.043033333333334
4052,40.00103333333333
4053,40.00103333333333
4054,40.00103333333333
4055,40.00103333333333
4056,55.07103333333333
4057,59.59155333333333
4058,59.59155333333333
4059,59.59155333333333
4060,59.59155333333333
4061,59.59155333333333
4062,59.59155333333333
4063,59.59155333333333
4064,59.59155333333333
4065,40.84003333333334
4066,40.84003333333334
4067,40.84003333333334
4068,40.84003333333334
4069,42.379533333333335
4070,34.81203333333333
4071,34.81203333333333
4072,34.81203333333333
4073,34.81203333333333
4074,49.94703333333334
4075,49.043033333333334
4076,40.00103333333333
4077,40.00103333333333
4078,40.00103333333333
4079,40.00103333333333
4080,55.07103333333333
4081,59.59155333333333
4082,59.59155333333333
4083,59.59155333333333
4084,59.59155333333333
4085,59.59155333333333
4086,59.59155333333333
4087,59.59155333333333
4088,59.59155333333333
4089,40.84003333333334
4090,40.84003333333334
4091,40.84003333333334
4092,40.84003333333334
4093,42.379533333333335
4094,34.81203333333333
4095,34.81203333333333
4096,27.186033333333334
4097,27.186033333333334
4098,42.32103333333333
4099,42.32103333333333
4100,27.716033333333336
4101,27.716033333333336
4102,27.716033333333336
4103,27.716033333333336
4104,48.34903333333334
4105,59.59155333333333
4106,59.59155333333333
4107,59.59155333333333
4108,59.59155333333333
4109,59.59155333333333
4110,59.59155333333333
4111,59.59155333333333
4112,59.59155333333333
4113,40.84003333333334
4114,40.84003333333334
4115,40.84003333333334
4116,40.84003333333334
4117,42.379533333333335
4118,34.81203333333333
4119,34.81203333333333
4120,34.81203333333333
4121,34.81203333333333
4122,49.94703333333334
4123,49.043033333333334
4124,40.00103333333333
4125,40.00103333333333
4126,40.00103333333333
4127,40.00103333333333
4128,55.07103333333333
4129,59.59155333333333
4130,59.59155333333333
4131,59.59155333333333
4132,59.59155333333333
4133,59.59155333333333
4134,59.59155333333333
4135,59.59155333333333
4136,59.59155333333333
4137,40.84003333333334
4138,40.84003333333334
4139,40.84003333333334
4140,40.84003333333334
4141,42.379533333333335
4142,34.81203333333333
4143,34.81203333333333
4144,27.186033333333334
4145,27.186033333333334
4146,42.32103333333333
4147,42.32103333333333
4148,27.716033333333336
4149,27.716033333333336
4150,27.716033333333336
4151,27.716033333333336
4152,50.15703333333333
4153,59.59155333333333
4154,59.59155333333333
4155,59.59155333333333
4156,59.59155333333333
4157,59.59155333333333
4158,59.59155333333333
4159,59.59155333333333
4160,59.59155333333333
4161,55.975033333333336
4162,55.975033333333336
4163,55.975033333333336
4164,55.975033333333336
4165,49.94703333333334
4166,49.94703333333334
4167,49.94703333333334
4168,42.32103333333333
4169,42.32103333333333
4170,42.32103333333333
4171,42.32103333333333
4172,27.716033333333336
4173,27.716033333333336
4174,27.716033333333336
4175,27.716033333333336
4176,48.34903333333334
4177,59.59155333333333
4178,59.59155333333333
4179,59.59155333333333
4180,59.59155333333333
4181,59.59155333333333
4182,59.59155333333333
4183,59.59155333333333
4184,59.59155333333333
4185,55.975033333333336
4186,55.975033333333336
4187,55.975033333333336
4188,55.975033333333336
4189,49.94703333333334
4190,49.94703333333334
4191,49.94703333333334
4192,42.32103333333333
4193,42.32103333333333
4194,42.32103333333333
4195,42.32103333333333
4196,27.716033333333336
4197,27.716033333333336
4198,27.716033333333336
4199,27.716033333333336
4200,48.34903333333334
4201,59.59155333333333
4202,59.59155333333333
4203,59.59155333333333
4204,59.59155333333333
4205,59.59155333333333
4206,59.59155333333333
4207,59.59155333333333
4208,59.59155333333333
4209,40.84003333333334
4210,40.84003333333334
4211,40.84003333333334
4212,40.84003333333334
4213,42.379533333333335
4214,34.81203333333333
4215,34.81203333333333
4216,34.81203333333333
4217,34.81203333333333
4218,49.94703333333334
4219,49.043033333333334
4220,40.00103333333333
4221,40.00103333333333
4222,40.00103333333333
4223,40.00103333333333
4224,55.07103333333333
4225,59.59155333333333
4226,59.59155333333333
4227,59.59155333333333
4228,59.59155333333333
4229,59.59155333333333
4230,59.59155333333333
4231,59.59155333333333
4232,59.59155333333333
4233,40.84003333333334
4234,40.84003333333334
4235,40.84003333333334
4236,40.84003333333334
4237,42.379533333333335
4238,34.81203333333333
4239,34.81203333333333
4240,34.81203333333333
4241,34.81203333333333
4242,49.94703333333334
4243,49.043033333333334
4244,40.00103333333333
4245,40.00103333333333
4246,40.00103333333333
4247,40.00103333333333
4248,55.07103333333333
4249,59.59155333333333
4250,59.59155333333333
4251,59.59155333333333
4252,59.59155333333333
4253,59.59155333333333
4254,59.59155333333333
4255,59.59155333333333
4256,59.59155333333333
4257,40.84003333333334
4258,40.84003333333334
4259,40.84003333333334
4260,40.84003333333334
4261,42.379533333333335
4262,34.81203333333333
4263,34.81203333333333
4264,27.186033333333334
4265,27.186033333333334
4266,42.32103333333333
4267,42.32103333333333
4268,27.716033333333336
4269,27.716033333333336
4270,27.716033333333336
4271,27.716033333333336
4272,48.34903333333334
4273,59.59155333333333
4274,59.59155333333333
4275,59.59155333333333
4276,59.59155333333333
4277,59.59155333333333
4278,59.59155333333333
4279,59.59155333333333
4280,59.59155333333333
4281,40.84003333333334
4282,40.84003333333334
4283,40.84003333333334
4284,40.84003333333334
4285,42.379533333333335
4286,34.81203333333333
4287,34.81203333333333
4288,34.81203333333333
4289,34.81203333333333
4290,49.94703333333334
4291,49.043033333333334
4292,40.00103333333333
4293,40.00103333333333
4294,40.00103333333333
4295,40.00103333333333
4296,55.07103333333333
4297,59.59155333333333
4298,59.59155333333333
4299,59.59155333333333
4300,59.59155333333333
4301,59.59155333333333
4302,59.59155333333333
4303,59.59155333333333
4304,59.59155333333333
4305,40.84003333333334
4306,40.84003333333334
4307,40.84003333333334
4308,40.84003333333334
4309,42.379533333333335
4310,34.81203333333333
4311,34.81203333333333
4312,27.186033333333334
4313,27.186033333333334
4314,42.32103333333333
4315,42.32103333333333
4316,27.716033333333336
4317,27.716033333333336
4318,27.716033333333336
4319,27.716033333333336
4320,50.15703333333333
4321,59.59155333333333
4322,59.59155333333333
4323,59.59155333333333
4324,59.59155333333333
4325,59.59155333333333
4326,59.59155333333333
4327,59.59155333333333
4328,59.59155333333333
4329,55.975033333333336
4330,55.975033333333336
4331,55.975033333333336
4332,55.975033333333336
4333,49.94703333333334
4334,49.94703333333334
4335,49.94703333333334
4336,42.32103333333333
4337,42.32103333333333
4338,42.32103333333333
4339,42.32103333333333
4340,27.716033333333336
4341,27.716033333333336
4342,27.716033333333336
4343,27.716033333333336
4344,48.34903333333334
4345,59.59155333333333
4346,59.59155333333333
4347,59.59155333333333
4348,59.59155333333333
4349,59.59155333333333
4350,59.59155333333333
4351,59.59155333333333
4352,59.59155333333333
4353,55.975033333333336
4354,55.975033333333336
4355,55.975033333333336
4356,55.975033333333336
4357,49.94703333333334
4358,49.94703333333334
4359,49.94703333333334
4360,42.32103333333333
4361,42.32103333333333
4362,42.32103333333333
4363,42.32103333333333
4364,27.716033333333336
4365,27.716033333333336
4366,27.716033333333336
4367,27.716033333333336
4368,48.34903333333334
4369,59.59155333333333
4370,59.59155333333333
4371,59.59155333333333
4372,59.59155333333333
4373,59.59155333333333
4374,59.59155333333333
4375,59.59155333333333
4376,59.59155333333333
4377,40.84003333333334
4378,40.84003333333334
4379,40.84003333333334
4380,40.84003333333334
4381,42.379533333333335
4382,34.81203333333333
4383,34.81203333333333
4384,34.81203333333333
4385,34.81203333333333
4386,49.94703333333334
4387,49.043033333333334
4388,40.00103333333333
4389,40.00103333333333
4390,40.00103333333333
4391,40.00103333333333
4392,55.07103333333333
4393,59.59155333333333
4394,59.59155333333333
4395,59.59155333333333
4396,59.59155333333333
4397,59.59155333333333
4398,59.59155333333333
4399,59.59155333333333
4400,59.59155333333333
4401,40.84003333333334
4402,40.84003333333334
4403,40.84003333333334
4404,40.84003333333334
4405,42.379533333333335
4406,34.81203333333333
4407,34.81203333333333
4408,34.81203333333333
4409,34.81203333333333
4410,49.94703333333334
4411,49.043033333333334
4412,40.00103333333333
4413,40.00103333333333
4414,40.00103333333333
4415,40.00103333333333
4416,55.07103333333333
4417,59.59155333333333
4418,59.59155333333333
4419,59.59155333333333
4420,59.59155333333333
4421,59.59155333333333
4422,59.59155333333333
4423,59.59155333333333
4424,59.59155333333333
4425,40.84003333333334
4426,40.84003333333334
4427,40.84003333333334
4428,40.84003333333334
4429,42.379533333333335
4430,34.81203333333333
4431,34.81203333333333
4432,27.186033333333334
4433,27.186033333333334
4434,42.32103333333333
4435,42.32103333333333
4436,27.716033333333336
4437,27.716033333333336
4438,27.716033333333336
4439,27.716033333333336
4440,48.34903333333334
4441,59.59155333333333
4442,59.59155333333333
4443,59.59155333333333
4444,59.59155333333333
4445,59.59155333333333
4446,59.59155333333333
4447,59.59155333333333
4448,59.59155333333333
4449,40.84003333333334
4450,40.84003333333334
4451,40.84003333333334
4452,40.84003333333334
4453,42.379533333333335
4454,34.81203333333333
4455,34.81203333333333
4456,34.81203333333333
4457,34.81203333333333
4458,49.94703333333334
4459,49.043033333333334
4460,40.00103333333333
4461,40.00103333333333
4462,40.00103333333333
4463,40.00103333333333
4464,55.07103333333333
4465,59.59155333333333
4466,59.59155333333333
4467,59.59155333333333
4468,59.59155333333333
4469,59.59155333333333
4470,59.59155333333333
4471,59.59155333333333
4472,59.59155333333333
4473,40.84003333333334
4474,40.84003333333334
4475,40.84003333333334
4476,40.84003333333334
4477,42.379533333333335
4478,34.81203333333333
4479,34.81203333333333
4480,27.186033333333334
4481,27.186033333333334
4482,42.32103333333333
4483,42.32103333333333
4484,27.716033333333336
4485,27.716033333333336
4486,27.716033333333336
4487,27.716033333333336
4488,50.15703333333333
4489,59.59155333333333
4490,59.59155333333333
4491,59.59155333333333
4492,59.59155333333333
4493,59.59155333333333
4494,59.59155333333333
4495,59.59155333333333
4496,59.59155333333333
4497,55.975033333333336
4498,55.975033333333336
4499,55.975033333333336
4500,55.975033333333336
4501,49.94703333333334
4502,49.94703333333334
4503,49.94703333333334
4504,42.32103333333333
4505,42.32103333333333
4506,42.32103333333333
4507,42.32103333333333
4508,27.716033333333336
4509,27.716033333333336
4510,27.716033333333336
4511,27.716033333333336
4512,48.34903333333334
4513,59.59155333333333
4514,59.59155333333333
4515,59.59155333333333
4516,59.59155333333333
4517,59.59155333333333
4518,59.59155333333333
4519,59.59155333333333
4520,59.59155333333333
4521,55.975033333333336
4522,55.975033333333336
4523,55.975033333333336
4524,55.975033333333336
4525,49.94703333333334
4526,49.94703333333334
4527,49.94703333333334
4528,42.32103333333333
4529,42.32103333333333
4530,42.32103333333333
4531,42.32103333333333
4532,27.716033333333336
4533,27.716033333333336
4534,27.716033333333336
4535,27.716033333333336
4536,48.34903333333334
4537,59.59155333333333
4538,59.59155333333333
4539,59.59155333333333
4540,59.59155333333333
4541,59.59155333333333
4542,59.59155333333333
4543,59.59155333333333
4544,59.59155333333333
4545,40.84003333333334
4546,40.84003333333334
4547,40.84003333333334
4548,40.84003333333334
4549,42.379533333333335
4550,34.81203333333333
4551,34.81203333333333
4552,34.81203333333333
4553,34.81203333333333
4554,49.94703333333334
4555,49.043033333333334
4556,40.00103333333333
4557,40.00103333333333
4558,40.00103333333333
4559,40.00103333333333
4560,55.07103333333333
4561,59.59155333333333
4562,59.59155333333333
4563,59.59155333333333
4564,59.59155333333333
4565,59.59155333333333
4566,59.59155333333333
4567,59.59155333333333
4568,59.59155333333333
4569,40.84003333333334
4570,40.84003333333334
4571,40.84003333333334
4572,40.84003333333334
4573,42.379533333333335
4574,34.81203333333333
4575,34.81203333333333
4576,34.81203333333333
4577,34.81203333333333
4578,49.94703333333334
4579,49.043033333333334
4580,40.00103333333333
4581,40.00103333333333
4582,40.00103333333333
4583,40.00103333333333
4584,55.07103333333333
4585,59.59155333333333
4586,59.59155333333333
4587,59.59155333333333
4588,59.59155333333333
4589,59.59155333333333
4590,59.59155333333333
4591,59.59155333333333
4592,59.59155333333333
4593,40.84003333333334
4594,40.84003333333334
4595,40.84003333333334
4596,40.84003333333334
4597,42.379533333333335
4598,34.81203333333333
4599,34.81203333333333
4600,27.186033333333334
4601,27.186033333333334
4602,42.32103333333333
4603,42.32103333333333
4604,27.716033333333336
4605,27.716033333333336
4606,27.716033333333336
4607,27.716033333333336
4608,48.34903333333334
4609,59.59155333333333
4610,59.59155333333333
4611,59.59155333333333
4612,59.59155333333333
4613,59.59155333333333
4614,59.59155333333333
4615,59.59155333333333
4616,59.59155333333333
4617,40.84003333333334
4618,40.84003333333334
4619,40.84003333333334
4620,40.84003333333334
4621,42.379533333333335
4622,34.81203333333333
4623,34.81203333333333
4624,34.81203333333333
4625,34.81203333333333
4626,49.94703333333334
4627,49.043033333333334
4628,40.00103333333333
4629,40.00103333333333
4630,40.00103333333333
4631,40.00103333333333
4632,55.07103333333333
4633,59.59155333333333
4634,59.59155333333333
4635,59.59155333333333
4636,59.59155333333333
4637,59.59155333333333
4638,59.59155333333333
4639,59.59155333333333
4640,59.59155333333333
4641,40.84003333333334
4642,40.84003333333334
4643,40.84003333333334
4644,40.84003333333334
4645,42.379533333333335
4646,34.81203333333333
4647,34.81203333333333
4648,27.186033333333334
4649,27.186033333333334
4650,42.32103333333333
4651,42.32103333333333
4652,27.716033333333336
4653,27.716033333333336
4654,27.716033333333336
4655,27.716033333333336
4656,50.15703333333333
4657,59.59155333333333
4658,59.59155333333333
4659,59.59155333333333
4660,59.59155333333333
4661,59.59155333333333
4662,59.59155333333333
4663,59.59155333333333
4664,59.59155333333333
4665,55.975033333333336
4666,55.975033333333336
4667,55.975033333333336
4668,55.975033333333336
4669,49.94703333333334
4670,49.94703333333334
4671,49.94703333333334
4672,42.32103333333333
4673,42.32103333333333
4674,42.32103333333333
4675,42.32103333333333
4676,27.716033333333336
4677,27.716033333333336
4678,27.716033333333336
4679,27.716033333333336
4680,48.34903333333334
4681,59.59155333333333
4682,59.59155333333333
4683,59.59155333333333
4684,59.59155333333333
4685,59.59155333333333
4686,59.59155333333333
4687,59.59155333333333
4688,59.59155333333333
4689,55.975033333333336
4690,55.975033333333336
4691,55.975033333333336
4692,55.975033333333336
4693,49.94703333333334
4694,49.94703333333334
4695,49.94703333333334
4696,42.32103333333333
4697,42.32103333333333
4698,42.32103333333333
4699,42.32103333333333
4700,27.716033333333336
4701,27.716033333333336
4702,27.716033333333336
4703,27.716033333333336
4704,48.34903333333334
4705,59.59155333333333
4706,59.59155333333333
4707,59.59155333333333
4708,59.59155333333333
4709,59.59155333333333
4710,59.59155333333333
4711,59.59155333333333
4712,59.59155333333333
4713,40.84003333333334
4714,40.84003333333334
4715,40.84003333333334
4716,40.84003333333334
4717,42.379533333333335
4718,34.81203333333333
4719,34.81203333333333
4720,34.81203333333333
4721,34.81203333333333
4722,49.94703333333334
4723,49.043033333333334
4724,40.00103333333333
4725,40.00103333333333
4726,40.00103333333333
4727,40.00103333333333
4728,55.07103333333333
4729,59.59155333333333
4730,59.59155333333333
4731,59.59155333333333
4732,59.59155333333333
4733,59.59155333333333
4734,59.59155333333333
4735,59.59155333333333
4736,59.59155333333333
4737,40.84003333333334
4738,40.84003333333334
4739,40.84003333333334
4740,40.84003333333334
4741,42.379533333333335
4742,34.81203333333333
4743,34.81203333333333
4744,34.81203333333333
4745,34.81203333333333
4746,49.94703333333334
4747,49.043033333333334
4748,40.00103333333333
4749,40.00103333333333
4750,40.00103333333333
4751,40.00103333333333
4752,55.07103333333333
4753,59.59155333333333
4754,59.59155333333333
4755,59.59155333333333
4756,59.59155333333333
4757,59.59155333333333
4758,59.59155333333333
4759,59.59155333333333
4760,59.59155333333333
4761,40.84003333333334
4762,40.84003333333334
4763,40.84003333333334
4764,40.84003333333334
4765,42.379533333333335
4766,34.81203333333333
4767,34.81203333333333
4768,27.186033333333334
4769,27.186033333333334
4770,42.32103333333333
4771,42.32103333333333
4772,27.716033333333336
4773,27.716033333333336
4774,27.716033333333336
4775,27.716033333333336
4776,48.34903333333334
4777,59.59155333333333
4778,59.59155333333333
4779,59.59155333333333
4780,59.59155333333333
4781,59.59155333333333
4782,59.59155333333333
4783,59.59155333333333
4784,59.59155333333333
4785,40.84003333333334
4786,40.84003333333334
4787,40.84003333333334
4788,40.84003333333334
4789,42.379533333333335
4790,34.81203333333333
4791,34.81203333333333
4792,34.81203333333333
4793,34.81203333333333
4794,49.94703333333334
4795,49.043033333333334
4796,40.00103333333333
4797,40.00103333333333
4798,40.00103333333333
4799,40.00103333333333
4800,55.07103333333333
4801,59.59155333333333
4802,59.59155333333333
4803,59.59155333333333
4804,59.59155333333333
4805,59.59155333333333
4806,59.59155333333333
4807,59.59155333333333
4808,59.59155333333333
4809,40.84003333333334
4810,40.84003333333334
4811,40.84003333333334
4812,40.84003333333334
4813,42.379533333333335
4814,34.81203333333333
4815,34.81203333333333
4816,27.186033333333334
4817,27.186033333333334
4818,42.32103333333333
4819,42.32103333333333
4820,27.716033333333336
4821,27.716033333333336
4822,27.716033333333336
4823,27.716033333333336
4824,50.15703333333333
4825,59.59155333333333
4826,59.59155333333333
4827,59.59155333333333
4828,59.59155333333333
4829,59.59155333333333
4830,59.59155333333333
4831,59.59155333333333
4832,59.59155333333333
4833,55.975033333333336
4834,55.975033333333336
4835,55.975033333333336
4836,55.975033333333336
4837,49.94703333333334
4838,49.94703333333334
4839,49.94703333333334
4840,42.32103333333333
4841,42.32103333333333
4842,42.32103333333333
4843,42.32103333333333
4844,27.716033333333336
4845,27.716033333333336
4846,27.716033333333336
4847,27.716033333333336
4848,48.34903333333334
4849,59.59155333333333
4850,59.59155333333333
4851,59.59155333333333
4852,59.59155333333333
4853,59.59155333333333
4854,59.59155333333333
4855,59.59155333333333
4856,59.59155333333333
4857,55.975033333333336
4858,55.975033333333336
4859,55.975033333333336
4860,55.975033333333336
4861,49.94703333333334
4862,49.94703333333334
4863,49.94703333333334
4864,42.32103333333333
4865,42.32103333333333
4866,42.32103333333333
4867,42.32103333333333
4868,27.716033333333336
4869,27.716033333333336
4870,27.716033333333336
4871,27.716033333333336
4872,48.34903333333334
4873,59.59155333333333
4874,59.59155333333333
4875,59.59155333333333
4876,59.59155333333333
4877,59.59155333333333
4878,59.59155333333333
4879,59.59155333333333
4880,59.59155333333333
4881,40.84003333333334
4882,40.84003333333334
4883,40.84003333333334
4884,40.84003333333334
4885,42.379533333333335
4886,34.81203333333333
4887,34.81203333333333
4888,34.81203333333333
4889,34.81203333333333
4890,49.94703333333334
4891,49.043033333333334
4892,40.00103333333333
4893,40.00103333333333
4894,40.00103333333333
4895,40.00103333333333
4896,55.07103333333333
4897,59.59155333333333
4898,59.59155333333333
4899,59.59155333333333
4900,59.59155333333333
4901,59.59155333333333
4902,59.59155333333333
4903,59.59155333333333
4904,59.59155333333333
4905,40.84003333333334
4906,40.84003333333334
4907,40.84003333333334
4908,40.84003333333334
4909,42.379533333333335
4910,34.81203333333333
4911,34.81203333333333
4912,34.81203333333333
4913,34.81203333333333
4914,49.94703333333334
4915,49.043033333333334
4916,40.00103333333333
4917,40.00103333333333
4918,40.00103333333333
4919,40.00103333333333
4920,55.07103333333333
4921,59.59155333333333
4922,59.59155333333333
4923,59.59155333333333
4924,59.59155333333333
4925,59.59155333333333
4926,59.59155333333333
4927,59.59155333333333
4928,59.59155333333333
4929,40.84003333333334
4930,40.84003333333334
4931,40.84003333333334
4932,40.84003333333334
4933,42.379533333333335
4934,34.81203333333333
4935,34.81203333333333
4936,27.186033333333334
4937,27.186033333333334
4938,42.32103333333333
4939,42.32103333333333
4940,27.716033333333336
4941,27.716033333333336
4942,27.716033333333336
4943,27.716033333333336
4944,48.34903333333334
4945,59.59155333333333
4946,59.59155333333333
4947,59.59155333333333
4948,59.59155333333333
4949,59.59155333333333
4950,59.59155333333333
4951,59.59155333333333
4952,59.59155333333333
4953,40.84003333333334
4954,40.84003333333334
4955,40.84003333333334
4956,40.84003333333334
4957,42.379533333333335
4958,34.81203333333333
4959,34.81203333333333
4960,34.81203333333333
4961,34.81203333333333
4962,49.94703333333334
4963,49.043033333333334
4964,40.00103333333333
4965,40.00103333333333
4966,40.00103333333333
4967,40.00103333333333
4968,55.07103333333333
4969,59.59155333333333
4970,59.59155333333333
4971,59.59155333333333
4972,59.59155333333333
4973,59.59155333333333
4974,59.59155333333333
4975,59.59155333333333
4976,59.59155333333333
4977,40.84003333333334
4978,40.84003333333334
4979,40.84003333333334
4980,40.84003333333334
4981,42.379533333333335
4982,34.81203333333333
4983,34.81203333333333
4984,27.186033333333334
4985,27.186033333333334
4986,42.32103333333333
4987,42.32103333333333
4988,27.716033333333336
4989,27.716033333333336
4990,27.716033333333336
4991,27.716033333333336
4992,50.15703333333333
4993,59.59155333333333
4994,59.59155333333333
4995,59.59155333333333
4996,59.59155333333333
4997,59.59155333333333
4998,59.59155333333333
4999,59.59155333333333
5000,59.59155333333333
5001,55.975033333333336
5002,55.975033333333336
5003,55.975033333333336
5004,55.975033333333336
5005,49.94703333333334
5006,49.94703333333334
5007,49.94703333333334
5008,42.32103333333333
5009,42.32103333333333
5010,42.32103333333333
5011,42.32103333333333
5012,27.716033333333336
5013,27.716033333333336
5014,27.716033333333336
5015,27.716033333333336
5016,48.34903333333334
5017,59.59155333333333
5018,59.59155333333333
5019,59.59155333333333
5020,59.59155333333333
5021,59.59155333333333
5022,59.59155333333333
5023,59.59155333333333
5024,59.59155333333333
5025,55.975033333333336
5026,55.975033333333336
5027,55.975033333333336
5028,55.975033333333336
5029,49.94703333333334
5030,49.94703333333334
5031,49.94703333333334
5032,42.32103333333333
5033,42.32103333333333
5034,42.32103333333333
5035,42.32103333333333
5036,27.716033333333336
5037,27.716033333333336
5038,27.716033333333336
5039,27.716033333333336
5040,48.34903333333334
5041,59.59155333333333
5042,59.59155333333333
5043,59.59155333333333
5044,59.59155333333333
5045,59.59155333333333
5046,59.59155333333333
5047,59.59155333333333
5048,59.59155333333333
5049,40.84003333333334
5050,40.84003333333334
5051,40.84003333333334
5052,40.84003333333334
5053,42.379533333333335
5054,34.81203333333333
5055,34.81203333333333
5056,34.81203333333333
5057,34.81203333333333
5058,49.94703333333334
5059,49.043033333333334
5060,40.00103333333333
5061,40.00103333333333
5062,40.00103333333333
5063,40.00103333333333
5064,55.07103333333333
5065,59.59155333333333
5066,59.59155333333333
5067,59.59155333333333
5068,59.59155333333333
5069,59.59155333333333
5070,59.59155333333333
5071,59.59155333333333
5072,59.59155333333333
5073,40.84003333333334
5074,40.84003333333334
5075,40.84003333333334
5076,40.84003333333334
5077,42.379533333333335
5078,34.81203333333333
5079,34.81203333333333
5080,34.81203333333333
5081,34.81203333333333
5082,49.94703333333334
5083,49.043033333333334
5084,40.00103333333333
5085,40.00103333333333
5086,40.00103333333333
5087,40.00103333333333
5088,55.07103333333333
5089,59.59155333333333
5090,59.59155333333333
5091,59.59155333333333
5092,59.59155333333333
5093,59.59155333333333
5094,59.59155333333333
5095,59.59155333333333
5096,59.59155333333333
5097,40.84003333333334
5098,40.84003333333334
5099,40.84003333333334
5100,40.84003333333334
5101,42.379533333333335
5102,34.81203333333333
5103,34.81203333333333
5104,27.186033333333334
5105,27.186033333333334
5106,42.32103333333333
5107,42.32103333333333
5108,27.716033333333336
5109,27.716033333333336
5110,27.716033333333336
5111,27.716033333333336
5112,48.34903333333334
5113,59.59155333333333
5114,59.59155333333333
5115,59.59155333333333
5116,59.59155333333333
5117,59.59155333333333
5118,59.59155333333333
5119,59.59155333333333
5120,59.59155333333333
5121,40.84003333333334
5122,40.84003333333334
5123,40.84003333333334
5124,40.84003333333334
5125,42.379533333333335
5126,34.81203333333333
5127,34.81203333333333
5128,34.81203333333333
5129,34.81203333333333
5130,49.94703333333334
5131,49.043033333333334
5132,40.00103333333333
5133,40.00103333333333
5134,40.00103333333333
5135,40.00103333333333
5136,55.07103333333333
5137,59.59155333333333
5138,59.59155333333333
5139,59.59155333333333
5140,59.59155333333333
5141,59.59155333333333
5142,59.59155333333333
5143,59.59155333333333
5144,59.59155333333333
5145,40.84003333333334
5146,40.84003333333334
5147,40.84003333333334
5148,40.84003333333334
5149,42.379533333333335
5150,34.81203333333333
5151,34.81203333333333
5152,27.186033333333334
5153,27.186033333333334
5154,42.32103333333333
5155,42.32103333333333
5156,27.716033333333336
5157,27.716033333333336
5158,27.716033333333336
5159,27.716033333333336
5160,50.15703333333333
5161,59.59155333333333
5162,59.59155333333333
5163,59.59155333333333
5164,59.59155333333333
5165,59.59155333333333
5166,59.59155333333333
5167,59.59155333333333
5168,59.59155333333333
5169,55.975033333333336
5170,55.975033333333336
5171,55.975033333333336
5172,55.975033333333336
5173,49.94703333333334
5174,49.94703333333334
5175,49.94703333333334
5176,42.32103333333333
5177,42.32103333333333
5178,42.32103333333333
5179,42.32103333333333
5180,27.716033333333336
5181,27.716033333333336
5182,27.716033333333336
5183,27.716033333333336
5184,48.34903333333334
5185,59.59155333333333
5186,59.59155333333333
5187,59.59155333333333
5188,59.59155333333333
5189,59.59155333333333
5190,59.59155333333333
5191,59.59155333333333
5192,59.59155333333333
5193,55.975033333333336
5194,55.975033333333336
5195,55.975033333333336
5196,55.975033333333336
5197,49.94703333333334
5198,49.94703333333334
5199,49.94703333333334
5200,42.32103333333333
5201,42.32103333333333
5202,42.32103333333333
5203,42.32103333333333
5204,27.716033333333336
5205,27.716033333333336
5206,27.716033333333336
5207,27.716033333333336
5208,48.34903333333334
5209,59.59155333333333
5210,59.59155333333333
5211,59.59155333333333
5212,59.59155333333333
5213,59.59155333333333
5214,59.59155333333333
5215,59.59155333333333
5216,59.59155333333333
5217,40.84003333333334
5218,40.84003333333334
5219,40.84003333333334
5220,40.84003333333334
5221,42.379533333333335
5222,34.81203333333333
5223,34.81203333333333
5224,34.81203333333333
5225,34.81203333333333
5226,49.94703333333334
5227,49.043033333333334
5228,40.00103333333333
5229,40.00103333333333
5230,40.00103333333333
5231,40.00103333333333
5232,55.07103333333333
5233,59.59155333333333
5234,59.59155333333333
5235,59.59155333333333
5236,59.59155333333333
5237,59.59155333333333
5238,59.59155333333333
5239,59.59155333333333
5240,59.59155333333333
5241,40.84003333333334
5242,40.84003333333334
5243,40.84003333333334
5244,40.84003333333334
5245,42.379533333333335
5246,34.81203333333333
5247,34.81203333333333
5248,34.81203333333333
5249,34.81203333333333
5250,49.94703333333334
5251,49.043033333333334
5252,40.00103333333333
5253,40.00103333333333
5254,40.00103333333333
5255,40.00103333333333
5256,55.07103333333333
5257,59.59155333333333
5258,59.59155333333333
5259,59.59155333333333
5260,59.59155333333333
5261,59.59155333333333
5262,59.59155333333333
5263,59.59155333333333
5264,59.59155333333333
5265,40.84003333333334
5266,40.84003333333334
5267,40.84003333333334
5268,40.84003333333334
5269,42.379533333333335
5270,34.81203333333333
5271,34.81203333333333
5272,27.186033333333334
5273,27.186033333333334
5274,42.32103333333333
5275,42.32103333333333
5276,27.716033333333336
5277,27.716033333333336
5278,27.716033333333336
5279,27.716033333333336
5280,48.34903333333334
5281,59.59155333333333
5282,59.59155333333333
5283,59.59155333333333
5284,59.59155333333333
5285,59.59155333333333
5286,59.59155333333333
5287,59.59155333333333
5288,59.59155333333333
5289,40.84003333333334
5290,40.84003333333334
5291,40.84003333333334
5292,40.84003333333334
5293,42.379533333333335
5294,34.81203333333333
5295,34.81203333333333
5296,34.81203333333333
5297,34.81203333333333
5298,49.94703333333334
5299,49.043033333333334
5300,40.00103333333333
5301,40.00103333333333
5302,40.00103333333333
5303,40.00103333333333
5304,55.07103333333333
5305,59.59155333333333
5306,59.59155333333333
5307,59.59155333333333
5308,59.59155333333333
5309,59.59155333333333
5310,59.59155333333333
5311,59.59155333333333
5312,59.59155333333333
5313,40.84003333333334
5314,40.84003333333334
5315,40.84003333333334
5316,40.84003333333334
5317,42.379533333333335
5318,34.81203333333333
5319,34.81203333333333
5320,27.186033333333334
5321,27.186033333333334
5322,42.32103333333333
5323,42.32103333333333
5324,27.716033333333336
5325,27.716033333333336
5326,27.716033333333336
5327,27.716033333333336
5328,50.15703333333333
5329,59.59155333333333
5330,59.59155333333333
5331,59.59155333333333
5332,59.59155333333333
5333,59.59155333333333
5334,59.59155333333333
5335,59.59155333333333
5336,59.59155333333333
5337,55.975033333333336
5338,55.975033333333336
5339,55.975033333333336
5340,55.975033333333336
5341,49.94703333333334
5342,49.94703333333334
5343,49.94703333333334
5344,42.32103333333333
5345,42.32103333333333
5346,42.32103333333333
5347,42.32103333333333
5348,27.716033333333336
5349,27.716033333333336
5350,27.716033333333336
5351,27.716033333333336
5352,48.34903333333334
5353,59.59155333333333
5354,59.59155333333333
5355,59.59155333333333
5356,59.59155333333333
5357,59.59155333333333
5358,59.59155333333333
5359,59.59155333333333
5360,59.59155333333333
5361,55.975033333333336
5362,55.975033333333336
5363,55.975033333333336
5364,55.975033333333336
5365,49.94703333333334
5366,49.94703333333334
5367,49.94703333333334
5368,42.32103333333333
5369,42.32103333333333
5370,42.32103333333333
5371,42.32103333333333
5372,27.716033333333336
5373,27.716033333333336
5374,27.716033333333336
5375,27.716033333333336
5376,48.34903333333334
5377,59.59155333333333
5378,59.59155333333333
5379,59.59155333333333
5380,59.59155333333333
5381,59.59155333333333
5382,59.59155333333333
5383,59.59155333333333
5384,59.59155333333333
5385,40.84003333333334
5386,40.84003333333334
5387,40.84003333333334
5388,40.84003333333334
5389,42.379533333333335
5390,34.81203333333333
5391,34.81203333333333
5392,34.81203333333333
5393,34.81203333333333
5394,49.94703333333334
5395,49.043033333333334
5396,40.00103333333333
5397,40.00103333333333
5398,40.00103333333333
5399,40.00103333333333
5400,55.07103333333333
5401,59.59155333333333
5402,59.59155333333333
5403,59.59155333333333
5404,59.59155333333333
5405,59.59155333333333
5406,59.59155333333333
5407,59.59155333333333
5408,59.59155333333333
5409,40.84003333333334
5410,40.84003333333334
5411,40.84003333333334
5412,40.84003333333334
5413,42.379533333333335
5414,34.81203333333333
5415,34.81203333333333
5416,34.81203333333333
5417,34.81203333333333
5418,49.94703333333334
5419,49.043033333333334
5420,40.00103333333333
5421,40.00103333333333
5422,40.00103333333333
5423,40.00103333333333
5424,55.07103333333333
5425,59.59155333333333
5426,59.59155333333333
5427,59.59155333333333
5428,59.59155333333333
5429,59.59155333333333
5430,59.59155333333333
5431,59.59155333333333
5432,59.59155333333333
5433,40.84003333333334
5434,40.84003333333334
5435,40.84003333333334
5436,40.84003333333334
5437,42.379533333333335
5438,34.81203333333333
5439,34.81203333333333
5440,27.186033333333334
5441,27.186033333333334
5442,42.32103333333333
5443,42.32103333333333
5444,27.716033333333336
5445,27.716033333333336
5446,27.716033333333336
5447,27.716033333333336
5448,48.34903333333334
5449,59.59155333333333
5450,59.59155333333333
5451,59.59155333333333
5452,59.59155333333333
5453,59.59155333333333
5454,59.59155333333333
5455,59.59155333333333
5456,59.59155333333333
5457,40.84003333333334
5458,40.84003333333334
5459,40.84003333333334
5460,40.84003333333334
5461,42.379533333333335
5462,34.81203333333333
5463,34.81203333333333
5464,34.81203333333333
5465,34.81203333333333
5466,49.94703333333334
5467,49.043033333333334
5468,40.00103333333333
5469,40.00103333333333
5470,40.00103333333333
5471,40.00103333333333
5472,55.07103333333333
5473,59.59155333333333
5474,59.59155333333333
5475,59.59155333333333
5476,59.59155333333333
5477,59.59155333333333
5478,59.59155333333333
5479,59.59155333333333
5480,59.59155333333333
5481,40.84003333333334
5482,40.84003333333334
5483,40.84003333333334
5484,40.84003333333334
5485,42.379533333333335
5486,34.81203333333333
5487,34.81203333333333
5488,27.186033333333334
5489,27.186033333333334
5490,42.32103333333333
5491,42.32103333333333
5492,27.716033333333336
5493,27.716033333333336
5494,27.716033333333336
5495,27.716033333333336
5496,50.15703333333333
5497,59.59155333333333
5498,59.59155333333333
5499,59.59155333333333
5500,59.59155333333333
5501,59.59155333333333
5502,59.59155333333333
5503,59.59155333333333
5504,59.59155333333333
5505,55.975033333333336
5506,55.975033333333336
5507,55.975033333333336
5508,55.975033333333336
5509,49.94703333333334
5510,49.94703333333334
5511,49.94703333333334
5512,42.32103333333333
5513,42.32103333333333
5514,42.32103333333333
5515,42.32103333333333
5516,27.716033333333336
5517,27.716033333333336
5518,27.716033333333336
5519,27.716033333333336
5520,48.34903333333334
5521,59.59155333333333
5522,59.59155333333333
5523,59.59155333333333
5524,59.59155333333333
5525,59.59155333333333
5526,59.59155333333333
5527,59.59155333333333
5528,59.59155333333333
5529,55.975033333333336
5530,55.975033333333336
5531,55.975033333333336
5532,55.975033333333336
5533,49.94703333333334
5534,49.94703333333334
5535,49.94703333333334
5536,42.32103333333333
5537,42.32103333333333
5538,42.32103333333333
5539,42.32103333333333
5540,27.716033333333336
5541,27.716033333333336
5542,27.716033333333336
5543,27.716033333333336
5544,48.34903333333334
5545,59.59155333333333
5546,59.59155333333333
5547,59.59155333333333
5548,59.59155333333333
5549,59.59155333333333
5550,59.59155333333333
5551,59.59155333333333
5552,59.59155333333333
5553,40.84003333333334
5554,40.84003333333334
5555,40.84003333333334
5556,40.84003333333334
5557,42.379533333333335
5558,34.81203333333333
5559,34.81203333333333
5560,34.81203333333333
5561,34.81203333333333
5562,49.94703333333334
5563,49.043033333333334
5564,40.00103333333333
5565,40.00103333333333
5566,40.00103333333333
5567,40.00103333333333
5568,55.07103333333333
5569,59.59155333333333
5570,59.59155333333333
5571,59.59155333333333
5572,59.59155333333333
5573,59.59155333333333
5574,59.59155333333333
5575,59.59155333333333
5576,59.59155333333333
5577,40.84003333333334
5578,40.84003333333334
5579,40.84003333333334
5580,40.84003333333334
5581,42.379533333333335
5582,34.81203333333333
5583,34.81203333333333
5584,34.81203333333333
5585,34.81203333333333
5586,49.94703333333334
5587,49.043033333333334
5588,40.00103333333333
5589,40.00103333333333
5590,40.00103333333333
5591,40.00103333333333
5592,55.07103333333333
5593,59.59155333333333
5594,59.59155333333333
5595,59.59155333333333
5596,59.59155333333333
5597,59.59155333333333
5598,59.59155333333333
5599,59.59155333333333
5600,59.59155333333333
5601,40.84003333333334
5602,40.84003333333334
5603,40.84003333333334
5604,40.84003333333334
5605,42.379533333333335
5606,34.81203333333333
5607,34.81203333333333
5608,27.186033333333334
5609,27.186033333333334
5610,42.32103333333333
5611,42.32103333333333
5612,27.716033333333336
5613,27.716033333333336
5614,27.716033333333336
5615,27.716033333333336
5616,48.34903333333334
5617,59.59155333333333
5618,59.59155333333333
5619,59.59155333333333
5620,59.59155333333333
5621,59.59155333333333
5622,59.59155333333333
5623,59.59155333333333
5624,59.59155333333333
5625,40.84003333333334
5626,40.84003333333334
5627,40.84003333333334
5628,40.84003333333334
5629,42.379533333333335
5630,34.81203333333333
5631,34.81203333333333
5632,34.81203333333333
5633,34.81203333333333
5634,49.94703333333334
5635,49.043033333333334
5636,40.00103333333333
5637,40.00103333333333
5638,40.00103333333333
5639,40.00103333333333
5640,55.07103333333333
5641,59.59155333333333
5642,59.59155333333333
5643,59.59155333333333
5644,59.59155333333333
5645,59.59155333333333
5646,59.59155333333333
5647,59.59155333333333
5648,59.59155333333333
5649,40.84003333333334
5650,40.84003333333334
5651,40.84003333333334
5652,40.84003333333334
5653,42.379533333333335
5654,34.81203333333333
5655,34.81203333333333
5656,27.186033333333334
5657,27.186033333333334
5658,42.32103333333333
5659,42.32103333333333
5660,27.716033333333336
5661,27.716033333333336
5662,27.716033333333336
5663,27.716033333333336
5664,50.15703333333333
5665,59.59155333333333
5666,59.59155333333333
5667,59.59155333333333
5668,59.59155333333333
5669,59.59155333333333
5670,59.59155333333333
5671,59.59155333333333
5672,59.59155333333333
5673,55.975033333333336
5674,55.975033333333336
5675,55.975033333333336
5676,55.975033333333336
5677,49.94703333333334
5678,49.94703333333334
5679,49.94703333333334
5680,42.32103333333333
5681,42.32103333333333
5682,42.32103333333333
5683,42.32103333333333
5684,27.716033333333336
5685,27.716033333333336
5686,27.716033333333336
5687,27.716033333333336
5688,48.34903333333334
5689,59.59155333333333
5690,59.59155333333333
5691,59.59155333333333
5692,59.59155333333333
5693,59.59155333333333
5694,59.59155333333333
5695,59.59155333333333
5696,59.59155333333333
5697,55.975033333333336
5698,55.975033333333336
5699,55.975033333333336
5700,55.975033333333336
5701,49.94703333333334
5702,49.94703333333334
5703,49.94703333333334
5704,42.32103333333333
5705,42.32103333333333
5706,42.32103333333333
5707,42.32103333333333
5708,27.716033333333336
5709,27.716033333333336
5710,27.716033333333336
5711,27.716033333333336
5712,48.34903333333334
5713,59.59155333333333
5714,59.59155333333333
5715,59.59155333333333
5716,59.59155333333333
5717,59.59155333333333
5718,59.59155333333333
5719,59.59155333333333
5720,59.59155333333333
5721,40.84003333333334
5722,40.84003333333334
5723,40.84003333333334
5724,40.84003333333334
5725,42.379533333333335
5726,34.81203333333333
5727,34.81203333333333
5728,34.81203333333333
5729,34.81203333333333
5730,49.94703333333334
5731,49.043033333333334
5732,40.00103333333333
5733,40.00103333333333
5734,40.00103333333333
5735,40.00103333333333
5736,55.07103333333333
5737,59.59155333333333
5738,59.59155333333333
5739,59.59155333333333
5740,59.59155333333333
5741,59.59155333333333
5742,59.59155333333333
5743,59.59155333333333
5744,59.59155333333333
5745,40.84003333333334
5746,40.84003333333334
5747,40.84003333333334
5748,40.84003333333334
5749,42.379533333333335
5750,34.81203333333333
5751,34.81203333333333
5752,34.81203333333333
5753,34.81203333333333
5754,49.94703333333334
5755,49.043033333333334
5756,40.00103333333333
5757,40.00103333333333
5758,40.00103333333333
5759,40.00103333333333
5760,55.07103333333333
5761,59.59155333333333
5762,59.59155333333333
5763,59.59155333333333
5764,59.59155333333333
5765,59.59155333333333
5766,59.59155333333333
5767,59.59155333333333
5768,59.59155333333333
5769,40.84003333333334
5770,40.84003333333334
5771,40.84003333333334
5772,40.84003333333334
5773,42.379533333333335
5774,34.81203333333333
5775,34.81203333333333
5776,27.186033333333334
5777,27.186033333333334
5778,42.32103333333333
5779,42.32103333333333
5780,27.716033333333336
5781,27.716033333333336
5782,27.716033333333336
5783,27.716033333333336
5784,48.34903333333334
5785,59.59155333333333
5786,59.59155333333333
5787,59.59155333333333
5788,59.59155333333333
5789,59.59155333333333
5790,59.59155333333333
5791,59.59155333333333
5792,59.59155333333333
5793,40.84003333333334
5794,40.84003333333334
5795,40.84003333333334
5796,40.84003333333334
5797,42.379533333333335
5798,34.81203333333333
5799,34.81203333333333
5800,34.81203333333333
5801,34.81203333333333
5802,49.94703333333334
5803,49.043033333333334
5804,40.00103333333333
5805,40.00103333333333
5806,40.00103333333333
5807,40.00103333333333
5808,55.07103333333333
5809,59.59155333333333
5810,59.59155333333333
5811,59.59155333333333
5812,59.59155333333333
5813,59.59155333333333
5814,59.59155333333333
5815,59.59155333333333
5816,59.59155333333333
5817,40.84003333333334
5818,40.84003333333334
5819,40.84003333333334
5820,40.84003333333334
5821,42.379533333333335
5822,34.81203333333333
5823,34.81203333333333
5824,27.186033333333334
5825,27.186033333333334
5826,42.32103333333333
5827,42.32103333333333
5828,27.716033333333336
5829,27.716033333333336
5830,27.716033333333336
5831,27.716033333333336
5832,50.15703333333333
5833,59.59155333333333
5834,59.59155333333333
5835,59.59155333333333
5836,59.59155333333333
5837,59.59155333333333
5838,59.59155333333333
5839,59.59155333333333
5840,59.59155333333333
5841,55.975033333333336
5842,55.975033333333336
5843,55.975033333333336
5844,55.975033333333336
5845,49.94703333333334
5846,49.94703333333334
5847,49.94703333333334
5848,42.32103333333333
5849,42.32103333333333
5850,42.32103333333333
5851,42.32103333333333
5852,27.716033333333336
5853,27.716033333333336
5854,27.716033333333336
5855,27.716033333333336
5856,48.34903333333334
5857,59.59155333333333
5858,59.59155333333333
5859,59.59155333333333
5860,59.59155333333333
5861,59.59155333333333
5862,59.59155333333333
5863,59.59155333333333
5864,59.59155333333333
5865,55.975033333333336
5866,55.975033333333336
5867,55.975033333333336
5868,55.975033333333336
5869,49.94703333333334
5870,49.94703333333334
5871,49.94703333333334
5872,42.32103333333333
5873,42.32103333333333
5874,42.32103333333333
5875,42.32103333333333
5876,27.716033333333336
5877,27.716033333333336
5878,27.716033333333336
5879,27.716033333333336
5880,48.34903333333334
5881,59.59155333333333
5882,59.59155333333333
5883,59.59155333333333
5884,59.59155333333333
5885,59.59155333333333
5886,59.59155333333333
5887,59.59155333333333
5888,59.59155333333333
5889,40.84003333333334
5890,40.84003333333334
5891,40.84003333333334
5892,40.84003333333334
5893,42.379533333333335
5894,34.81203333333333
5895,34.81203333333333
5896,34.81203333333333
5897,34.81203333333333
5898,49.94703333333334
5899,49.043033333333334
5900,40.00103333333333
5901,40.00103333333333
5902,40.00103333333333
5903,40.00103333333333
5904,55.07103333333333
5905,59.59155333333333
5906,59.59155333333333
5907,59.59155333333333
5908,59.59155333333333
5909,59.59155333333333
5910,59.59155333333333
5911,59.59155333333333
5912,59.59155333333333
5913,40.84003333333334
5914,40.84003333333334
5915,40.84003333333334
5916,40.84003333333334
5917,42.379533333333335
5918,34.81203333333333
5919,34.81203333333333
5920,34.81203333333333
5921,34.81203333333333
5922,49.94703333333334
5923,49.043033333333334
5924,40.00103333333333
5925,40.00103333333333
5926,40.00103333333333
5927,40.00103333333333
5928,55.07103333333333
5929,59.59155333333333
5930,59.59155333333333
5931,59.59155333333333
5932,59.59155333333333
5933,59.59155333333333
5934,59.59155333333333
5935,59.59155333333333
5936,59.59155333333333
5937,40.84003333333334
5938,40.84003333333334
5939,40.84003333333334
5940,40.84003333333334
5941,42.379533333333335
5942,34.81203333333333
5943,34.81203333333333
5944,27.186033333333334
5945,27.186033333333334
5946,42.32103333333333
5947,42.32103333333333
5948,27.716033333333336
5949,27.716033333333336
5950,27.716033333333336
5951,27.716033333333336
5952,48.34903333333334
5953,59.59155333333333
5954,59.59155333333333
5955,59.59155333333333
5956,59.59155333333333
5957,59.59155333333333
5958,59.59155333333333
5959,59.59155333333333
5960,59.59155333333333
5961,40.84003333333334
5962,40.84003333333334
5963,40.84003333333334
5964,40.84003333333334
5965,42.379533333333335
5966,34.81203333333333
5967,34.81203333333333
5968,34.81203333333333
5969,34.81203333333333
5970,49.94703333333334
5971,49.043033333333334
5972,40.00103333333333
5973,40.00103333333333
5974,40.00103333333333
5975,40.00103333333333
5976,55.07103333333333
5977,59.59155333333333
5978,59.59155333333333
5979,59.59155333333333
5980,59.59155333333333
5981,59.59155333333333
5982,59.59155333333333
5983,59.59155333333333
5984,59.59155333333333
5985,40.84003333333334
5986,40.84003333333334
5987,40.84003333333334
5988,40.84003333333334
5989,42.379533333333335
5990,34.81203333333333
5991,34.81203333333333
5992,27.186033333333334
5993,27.186033333333334
5994,42.32103333333333
5995,42.32103333333333
5996,27.716033333333336
5997,27.716033333333336
5998,27.716033333333336
5999,27.716033333333336
6000,50.15703333333333
6001,59.59155333333333
6002,59.59155333333333
6003,59.59155333333333
6004,59.59155333333333
6005,59.59155333333333
6006,59.59155333333333
6007,59.59155333333333
6008,59.59155333333333
6009,55.975033333333336
6010,55.975033333333336
6011,55.975033333333336
6012,55.975033333333336
6013,49.94703333333334
6014,49.94703333333334
6015,49.94703333333334
6016,42.32103333333333
6017,42.32103333333333
6018,42.32103333333333
6019,42.32103333333333
6020,27.716033333333336
6021,27.716033333333336
6022,27.716033333333336
6023,27.716033333333336
6024,48.34903333333334
6025,59.59155333333333
6026,59.59155333333333
6027,59.59155333333333
6028,59.59155333333333
6029,59.59155333333333
6030,59.59155333333333
6031,59.59155333333333
6032,59.59155333333333
6033,55.975033333333336
6034,55.975033333333336
6035,55.975033333333336
6036,55.975033333333336
6037,49.94703333333334
6038,49.94703333333334
6039,49.94703333333334
6040,42.32103333333333
6041,42.32103333333333
6042,42.32103333333333
6043,42.32103333333333
6044,27.716033333333336
6045,27.716033333333336
6046,27.716033333333336
6047,27.716033333333336
6048,48.34903333333334
6049,59.59155333333333
6050,59.59155333333333
6051,59.59155333333333
6052,59.59155333333333
6053,59.59155333333333
6054,59.59155333333333
6055,59.59155333333333
6056,59.59155333333333
6057,40.84003333333334
6058,40.84003333333334
6059,40.84003333333334
6060,40.84003333333334
6061,42.379533333333335
6062,34.81203333333333
6063,34.81203333333333
6064,34.81203333333333
6065,34.81203333333333
6066,49.94703333333334
6067,49.043033333333334
6068,40.00103333333333
6069,40.00103333333333
6070,40.00103333333333
6071,40.00103333333333
6072,55.07103333333333
6073,59.59155333333333
6074,59.59155333333333
6075,59.59155333333333
6076,59.59155333333333
6077,59.59155333333333
6078,59.59155333333333
6079,59.59155333333333
6080,59.59155333333333
6081,40.84003333333334
6082,40.84003333333334
6083,40.84003333333334
6084,40.84003333333334
6085,42.379533333333335
6086,34.81203333333333
6087,34.81203333333333
6088,34.81203333333333
6089,34.81203333333333
6090,49.94703333333334
6091,49.043033333333334
6092,40.00103333333333
6093,40.00103333333333
6094,40.00103333333333
6095,40.00103333333333
6096,55.07103333333333
6097,59.59155333333333
6098,59.59155333333333
6099,59.59155333333333
6100,59.59155333333333
6101,59.59155333333333
6102,59.59155333333333
6103,59.59155333333333
6104,59.59155333333333
6105,40.84003333333334
6106,40.84003333333334
6107,40.84003333333334
6108,40.84003333333334
6109,42.379533333333335
6110,34.81203333333333
6111,34.81203333333333
6112,27.186033333333334
6113,27.186033333333334
6114,42.32103333333333
6115,42.32103333333333
6116,27.716033333333336
6117,27.716033333333336
6118,27.716033333333336
6119,27.716033333333336
6120,48.34903333333334
6121,59.59155333333333
6122,59.59155333333333
6123,59.59155333333333
6124,59.59155333333333
6125,59.59155333333333
6126,59.59155333333333
6127,59.59155333333333
6128,59.59155333333333
6129,40.84003333333334
6130,40.84003333333334
6131,40.84003333333334
6132,40.84003333333334
6133,42.379533333333335
6134,34.81203333333333
6135,34.81203333333333
6136,34.81203333333333
6137,34.81203333333333
6138,49.94703333333334
6139,49.043033333333334
6140,40.00103333333333
6141,40.00103333333333
6142,40.00103333333333
6143,40.00103333333333
6144,55.07103333333333
6145,59.59155333333333
6146,59.59155333333333
6147,59.59155333333333
6148,59.59155333333333
6149,59.59155333333333
6150,59.59155333333333
6151,59.59155333333333
6152,59.59155333333333
6153,40.84003333333334
6154,40.84003333333334
6155,40.84003333333334
6156,40.84003333333334
6157,42.379533333333335
6158,34.81203333333333
6159,34.81203333333333
6160,27.186033333333334
6161,27.186033333333334
6162,42.32103333333333
6163,42.32103333333333
6164,27.716033333333336
6165,27.716033333333336
6166,27.716033333333336
6167,27.716033333333336
6168,50.15703333333333
6169,59.59155333333333
6170,59.59155333333333
6171,59.59155333333333
6172,59.59155333333333
6173,59.59155333333333
6174,59.59155333333333
6175,59.59155333333333
6176,59.59155333333333
6177,55.975033333333336
6178,55.975033333333336
6179,55.975033333333336
6180,55.975033333333336
6181,49.94703333333334
6182,49.94703333333334
6183,49.94703333333334
6184,42.32103333333333
6185,42.32103333333333
6186,42.32103333333333
6187,42.32103333333333
6188,27.716033333333336
6189,27.716033333333336
6190,27.716033333333336
6191,27.716033333333336
6192,48.34903333333334
6193,59.59155333333333
6194,59.59155333333333
6195,59.59155333333333
6196,59.59155333333333
6197,59.59155333333333
6198,59.59155333333333
6199,59.59155333333333
6200,59.59155333333333
6201,55.975033333333336
6202,55.975033333333336
6203,55.975033333333336
6204,55.975033333333336
6205,49.94703333333334
6206,49.94703333333334
6207,49.94703333333334
6208,42.32103333333333
6209,42.32103333333333
6210,42.32103333333333
6211,42.32103333333333
6212,27.716033333333336
6213,27.716033333333336
6214,27.716033333333336
6215,27.716033333333336
6216,48.34903333333334
6217,59.59155333333333
6218,59.59155333333333
6219,59.59155333333333
6220,59.59155333333333
6221,59.59155333333333
6222,59.59155333333333
6223,59.59155333333333
6224,59.59155333333333
6225,40.84003333333334
6226,40.84003333333334
6227,40.84003333333334
6228,40.84003333333334
6229,42.379533333333335
6230,34.81203333333333
6231,34.81203333333333
6232,34.81203333333333
6233,34.81203333333333
6234,49.94703333333334
6235,49.043033333333334
6236,40.00103333333333
6237,40.00103333333333
6238,40.00103333333333
6239,40.00103333333333
6240,55.07103333333333
6241,59.59155333333333
6242,59.59155333333333
6243,59.59155333333333
6244,59.59155333333333
6245,59.59155333333333
6246,59.59155333333333
6247,59.59155333333333
6248,59.59155333333333
6249,40.84003333333334
6250,40.84003333333334
6251,40.84003333333334
6252,40.84003333333334
6253,42.379533333333335
6254,34.81203333333333
6255,34.81203333333333
6256,34.81203333333333
6257,34.81203333333333
6258,49.94703333333334
6259,49.043033333333334
6260,40.00103333333333
6261,40.00103333333333
6262,40.00103333333333
6263,40.00103333333333
6264,55.07103333333333
6265,59.59155333333333
6266,59.59155333333333
6267,59.59155333333333
6268,59.59155333333333
6269,59.59155333333333
6270,59.59155333333333
6271,59.59155333333333
6272,59.59155333333333
6273,40.84003333333334
6274,40.84003333333334
6275,40.84003333333334
6276,40.84003333333334
6277,42.379533333333335
6278,34.81203333333333
6279,34.81203333333333
6280,27.186033333333334
6281,27.186033333333334
6282,42.32103333333333
6283,42.32103333333333
6284,27.716033333333336
6285,27.716033333333336
6286,27.716033333333336
6287,27.716033333333336
6288,48.34903333333334
6289,59.59155333333333
6290,59.59155333333333
6291,59.59155333333333
6292,59.59155333333333
6293,59.59155333333333
6294,59.59155333333333
6295,59.59155333333333
6296,59.59155333333333
6297,40.84003333333334
6298,40.84003333333334
6299,40.84003333333334
6300,40.84003333333334
6301,42.379533333333335
6302,34.81203333333333
6303,34.81203333333333
6304,34.81203333333333
6305,34.81203333333333
6306,49.94703333333334
6307,49.043033333333334
6308,40.00103333333333
6309,40.00103333333333
6310,40.00103333333333
6311,40.00103333333333
6312,55.07103333333333
6313,59.59155333333333
6314,59.59155333333333
6315,59.59155333333333
6316,59.59155333333333
6317,59.59155333333333
6318,59.59155333333333
6319,59.59155333333333
6320,59.59155333333333
6321,40.84003333333334
6322,40.84003333333334
6323,40.84003333333334
6324,40.84003333333334
6325,42.379533333333335
6326,34.81203333333333
6327,34.81203333333333
6328,27.186033333333334
6329,27.186033333333334
6330,42.32103333333333
6331,42.32103333333333
6332,27.716033333333336
6333,27.716033333333336
6334,27.716033333333336
6335,27.716033333333336
6336,50.15703333333333
6337,59.59155333333333
6338,59.59155333333333
6339,59.59155333333333
6340,59.59155333333333
6341,59.59155333333333
6342,59.59155333333333
6343,59.59155333333333
6344,59.59155333333333
6345,55.975033333333336
6346,55.975033333333336
6347,55.975033333333336
6348,55.975033333333336
6349,49.94703333333334
6350,49.94703333333334
6351,49.94703333333334
6352,42.32103333333333
6353,42.32103333333333
6354,42.32103333333333
6355,42.32103333333333
6356,27.716033333333336
6357,27.716033333333336
6358,27.716033333333336
6359,27.716033333333336
6360,48.34903333333334
6361,59.59155333333333
6362,59.59155333333333
6363,59.59155333333333
6364,59.59155333333333
6365,59.59155333333333
6366,59.59155333333333
6367,59.59155333333333
6368,59.59155333333333
6369,55.975033333333336
6370,55.975033333333336
6371,55.975033333333336
6372,55.975033333333336
6373,49.94703333333334
6374,49.94703333333334
6375,49.94703333333334
6376,42.32103333333333
6377,42.32103333333333
6378,42.32103333333333
6379,42.32103333333333
6380,27.716033333333336
6381,27.716033333333336
6382,27.716033333333336
6383,27.716033333333336
6384,48.34903333333334
6385,59.59155333333333
6386,59.59155333333333
6387,59.59155333333333
6388,59.59155333333333
6389,59.59155333333333
6390,59.59155333333333
6391,59.59155333333333
6392,59.59155333333333
6393,40.84003333333334
6394,40.84003333333334
6395,40.84003333333334
6396,40.84003333333334
6397,42.379533333333335
6398,34.81203333333333
6399,34.81203333333333
6400,34.81203333333333
6401,34.81203333333333
6402,49.94703333333334
6403,49.043033333333334
6404,40.00103333333333
6405,40.00103333333333
6406,40.00103333333333
6407,40.00103333333333
6408,55.07103333333333
6409,59.59155333333333
6410,59.59155333333333
6411,59.59155333333333
6412,59.59155333333333
6413,59.59155333333333
6414,59.59155333333333
6415,59.59155333333333
6416,59.59155333333333
6417,40.84003333333334
6418,40.84003333333334
6419,40.84003333333334
6420,40.84003333333334
6421,42.379533333333335
6422,34.81203333333333
6423,34.81203333333333
6424,34.81203333333333
6425,34.81203333333333
6426,49.94703333333334
6427,49.043033333333334
6428,40.00103333333333
6429,40.00103333333333
6430,40.00103333333333
6431,40.00103333333333
6432,55.07103333333333
6433,59.59155333333333
6434,59.59155333333333
6435,59.59155333333333
6436,59.59155333333333
6437,59.59155333333333
6438,59.59155333333333
6439,59.59155333333333
6440,59.59155333333333
6441,40.84003333333334
6442,40.84003333333334
6443,40.84003333333334
6444,40.84003333333334
6445,42.379533333333335
6446,34.81203333333333
6447,34.81203333333333
6448,27.186033333333334
6449,27.186033333333334
6450,42.32103333333333
6451,42.32103333333333
6452,27.716033333333336
6453,27.716033333333336
6454,27.716033333333336
6455,27.716033333333336
6456,48.34903333333334
6457,59.59155333333333
6458,59.59155333333333
6459,59.59155333333333
6460,59.59155333333333
6461,59.59155333333333
6462,59.59155333333333
6463,59.59155333333333
6464,59.59155333333333
6465,40.84003333333334
6466,40.84003333333334
6467,40.84003333333334
6468,40.84003333333334
6469,42.379533333333335
6470,34.81203333333333
6471,34.81203333333333
6472,34.81203333333333
6473,34.81203333333333
6474,49.94703333333334
6475,49.043033333333334
6476,40.00103333333333
6477,40.00103333333333
6478,40.00103333333333
6479,40.00103333333333
6480,55.07103333333333
6481,59.59155333333333
6482,59.59155333333333
6483,59.59155333333333
6484,59.59155333333333
6485,59.59155333333333
6486,59.59155333333333
6487,59.59155333333333
6488,59.59155333333333
6489,40.84003333333334
6490,40.84003333333334
6491,40.84003333333334
6492,40.84003333333334
6493,42.379533333333335
6494,34.81203333333333
6495,34.81203333333333
6496,27.186033333333334
6497,27.186033333333334
6498,42.32103333333333
6499,42.32103333333333
6500,27.716033333333336
6501,27.716033333333336
6502,27.716033333333336
6503,27.716033333333336
6504,50.15703333333333
6505,59.59155333333333
6506,59.59155333333333
6507,59.59155333333333
6508,59.59155333333333
6509,59.59155333333333
6510,59.59155333333333
6511,59.59155333333333
6512,59.59155333333333
6513,55.975033333333336
6514,55.975033333333336
6515,55.975033333333336
6516,55.975033333333336
6517,49.94703333333334
6518,49.94703333333334
6519,49.94703333333334
6520,42.32103333333333
6521,42.32103333333333
6522,42.32103333333333
6523,42.32103333333333
6524,27.716033333333336
6525,27.716033333333336
6526,27.716033333333336
6527,27.716033333333336
6528,48.34903333333334
6529,59.59155333333333
6530,59.59155333333333
6531,59.59155333333333
6532,59.59155333333333
6533,59.59155333333333
6534,59.59155333333333
6535,59.59155333333333
6536,59.59155333333333
6537,55.975033333333336
6538,55.975033333333336
6539,55.975033333333336
6540,55.975033333333336
6541,49.94703333333334
6542,49.94703333333334
6543,49.94703333333334
6544,42.32103333333333
6545,42.32103333333333
6546,42.32103333333333
6547,42.32103333333333
6548,27.716033333333336
6549,27.716033333333336
6550,27.716033333333336
6551,27.716033333333336
6552,48.34903333333334
6553,59.59155333333333
6554,59.59155333333333
6555,59.59155333333333
6556,59.59155333333333
6557,59.59155333333333
6558,59.59155333333333
6559,59.59155333333333
6560,59.59155333333333
6561,40.84003333333334
6562,40.84003333333334
6563,40.84003333333334
6564,40.84003333333334
6565,42.379533333333335
6566,34.81203333333333
6567,34.81203333333333
6568,34.81203333333333
6569,34.81203333333333
6570,49.94703333333334
6571,49.043033333333334
6572,40.00103333333333
6573,40.00103333333333
6574,40.00103333333333
6575,40.00103333333333
6576,55.07103333333333
6577,59.59155333333333
6578,59.59155333333333
6579,59.59155333333333
6580,59.59155333333333
6581,59.59155333333333
6582,59.59155333333333
6583,59.59155333333333
6584,59.59155333333333
6585,40.84003333333334
6586,40.84003333333334
6587,40.84003333333334
6588,40.84003333333334
6589,42.379533333333335
6590,34.81203333333333
6591,34.81203333333333
6592,34.81203333333333
6593,34.81203333333333
6594,49.94703333333334
6595,49.043033333333334
6596,40.00103333333333
6597,40.00103333333333
6598,40.00103333333333
6599,40.00103333333333
6600,55.07103333333333
6601,59.59155333333333
6602,59.59155333333333
6603,59.59155333333333
6604,59.59155333333333
6605,59.59155333333333
6606,59.59155333333333
6607,59.59155333333333
6608,59.59155333333333
6609,40.84003333333334
6610,40.84003333333334
6611,40.84003333333334
6612,40.84003333333334
6613,42.379533333333335
6614,34.81203333333333
6615,34.81203333333333
6616,27.186033333333334
6617,27.186033333333334
6618,42.32103333333333
6619,42.32103333333333
6620,27.716033333333336
6621,27.716033333333336
6622,27.716033333333336
6623,27.716033333333336
6624,48.34903333333334
6625,59.59155333333333
6626,59.59155333333333
6627,59.59155333333333
6628,59.59155333333333
6629,59.59155333333333
6630,59.59155333333333
6631,59.59155333333333
6632,59.59155333333333
6633,40.84003333333334
6634,40.84003333333334
6635,40.84003333333334
6636,40.84003333333334
6637,42.379533333333335
6638,34.81203333333333
6639,34.81203333333333
6640,34.81203333333333
6641,34.81203333333333
6642,49.94703333333334
6643,49.043033333333334
6644,40.00103333333333
6645,40.00103333333333
6646,40.00103333333333
6647,40.00103333333333
6648,55.07103333333333
6649,59.59155333333333
6650,59.59155333333333
6651,59.59155333333333
6652,59.59155333333333
6653,59.59155333333333
6654,59.59155333333333
6655,59.59155333333333
6656,59.59155333333333
6657,40.84003333333334
6658,40.84003333333334
6659,40.84003333333334
6660,40.84003333333334
6661,42.379533333333335
6662,34.81203333333333
6663,34.81203333333333
6664,27.186033333333334
6665,27.186033333333334
6666,42.32103333333333
6667,42.32103333333333
6668,27.716033333333336
6669,27.716033333333336
6670,27.716033333333336
6671,27.716033333333336
6672,50.15703333333333
6673,59.59155333333333
6674,59.59155333333333
6675,59.59155333333333
6676,59.59155333333333
6677,59.59155333333333
6678,59.59155333333333
6679,59.59155333333333
6680,59.59155333333333
6681,55.975033333333336
6682,55.975033333333336
6683,55.975033333333336
6684,55.975033333333336
6685,49.94703333333334
6686,49.94703333333334
6687,49.94703333333334
6688,42.32103333333333
6689,42.32103333333333
6690,42.32103333333333
6691,42.32103333333333
6692,27.716033333333336
6693,27.716033333333336
6694,27.716033333333336
6695,27.716033333333336
6696,48.34903333333334
6697,59.59155333333333
6698,59.59155333333333
6699,59.59155333333333
6700,59.59155333333333
6701,59.59155333333333
6702,59.59155333333333
6703,59.59155333333333
6704,59.59155333333333
6705,55.975033333333336
6706,55.975033333333336
6707,55.975033333333336
6708,55.975033333333336
6709,49.94703333333334
6710,49.94703333333334
6711,49.94703333333334
6712,42.32103333333333
6713,42.32103333333333
6714,42.32103333333333
6715,42.32103333333333
6716,27.716033333333336
6717,27.716033333333336
6718,27.716033333333336
6719,27.716033333333336
6720,48.34903333333334
6721,59.59155333333333
6722,59.59155333333333
6723,59.59155333333333
6724,59.59155333333333
6725,59.59155333333333
6726,59.59155333333333
6727,59.59155333333333
6728,59.59155333333333
6729,40.84003333333334
6730,40.84003333333334
6731,40.84003333333334
6732,40.84003333333334
6733,42.379533333333335
6734,34.81203333333333
6735,34.81203333333333
6736,34.81203333333333
6737,34.81203333333333
6738,49.94703333333334
6739,49.043033333333334
6740,40.00103333333333
6741,40.00103333333333
6742,40.00103333333333
6743,40.00103333333333
6744,55.07103333333333
6745,59.59155333333333
6746,59.59155333333333
6747,59.59155333333333
6748,59.59155333333333
6749,59.59155333333333
6750,59.59155333333333
6751,59.59155333333333
6752,59.59155333333333
6753,40.84003333333334
6754,40.84003333333334
6755,40.84003333333334
6756,40.84003333333334
6757,42.379533333333335
6758,34.81203333333333
6759,34.81203333333333
6760,34.81203333333333
6761,34.81203333333333
6762,49.94703333333334
6763,49.043033333333334
6764,40.00103333333333
6765,40.00103333333333
6766,40.00103333333333
6767,40.00103333333333
6768,55.07103333333333
6769,59.59155333333333
6770,59.59155333333333
6771,59.59155333333333
6772,59.59155333333333
6773,59.59155333333333
6774,59.59155333333333
6775,59.59155333333333
6776,59.59155333333333
6777,40.84003333333334
6778,40.84003333333334
6779,40.84003333333334
6780,40.84003333333334
6781,42.379533333333335
6782,34.81203333333333
6783,34.81203333333333
6784,27.186033333333334
6785,27.186033333333334
6786,42.32103333333333
6787,42.32103333333333
6788,27.716033333333336
6789,27.716033333333336
6790,27.716033333333336
6791,27.716033333333336
6792,48.34903333333334
6793,59.59155333333333
6794,59.59155333333333
6795,59.59155333333333
6796,59.59155333333333
6797,59.59155333333333
6798,59.59155333333333
6799,59.59155333333333
6800,59.59155333333333
6801,40.84003333333334
6802,40.84003333333334
6803,40.84003333333334
6804,40.84003333333334
6805,42.379533333333335
6806,34.81203333333333
6807,34.81203333333333
6808,34.81203333333333
6809,34.81203333333333
6810,49.94703333333334
6811,49.043033333333334
6812,40.00103333333333
6813,40.00103333333333
6814,40.00103333333333
6815,40.00103333333333
6816,55.07103333333333
6817,59.59155333333333
6818,59.59155333333333
6819,59.59155333333333
6820,59.59155333333333
6821,59.59155333333333
6822,59.59155333333333
6823,59.59155333333333
6824,59.59155333333333
6825,40.84003333333334
6826,40.84003333333334
6827,40.84003333333334
6828,40.84003333333334
6829,42.379533333333335
6830,34.81203333333333
6831,34.81203333333333
6832,27.186033333333334
6833,27.186033333333334
6834,42.32103333333333
6835,42.32103333333333
6836,27.716033333333336
6837,27.716033333333336
6838,27.716033333333336
6839,27.716033333333336
6840,50.15703333333333
6841,59.59155333333333
6842,59.59155333333333
6843,59.59155333333333
6844,59.59155333333333
6845,59.59155333333333
6846,59.59155333333333
6847,59.59155333333333
6848,59.59155333333333
6849,55.975033333333336
6850,55.975033333333336
6851,55.975033333333336
6852,55.975033333333336
6853,49.94703333333334
6854,49.94703333333334
6855,49.94703333333334
6856,42.32103333333333
6857,42.32103333333333
6858,42.32103333333333
6859,42.32103333333333
6860,27.716033333333336
6861,27.716033333333336
6862,27.716033333333336
6863,27.716033333333336
6864,48.34903333333334
6865,59.59155333333333
6866,59.59155333333333
6867,59.59155333333333
6868,59.59155333333333
6869,59.59155333333333
6870,59.59155333333333
6871,59.59155333333333
6872,59.59155333333333
6873,55.975033333333336
6874,55.975033333333336
6875,55.975033333333336
6876,55.975033333333336
6877,49.94703333333334
6878,49.94703333333334
6879,49.94703333333334
6880,42.32103333333333
6881,42.32103333333333
6882,42.32103333333333
6883,42.32103333333333
6884,27.716033333333336
6885,27.716033333333336
6886,27.716033333333336
6887,27.716033333333336
6888,48.34903333333334
6889,59.59155333333333
6890,59.59155333333333
6891,59.59155333333333
6892,59.59155333333333
6893,59.59155333333333
6894,59.59155333333333
6895,59.59155333333333
6896,59.59155333333333
6897,40.84003333333334
6898,40.84003333333334
6899,40.84003333333334
6900,40.84003333333334
6901,42.379533333333335
6902,34.81203333333333
6903,34.81203333333333
6904,34.81203333333333
6905,34.81203333333333
6906,49.94703333333334
6907,49.043033333333334
6908,40.00103333333333
6909,40.00103333333333
6910,40.00103333333333
6911,40.00103333333333
6912,55.07103333333333
6913,59.59155333333333
6914,59.59155333333333
6915,59.59155333333333
6916,59.59155333333333
6917,59.59155333333333
6918,59.59155333333333
6919,59.59155333333333
6920,59.59155333333333
6921,40.84003333333334
6922,40.84003333333334
6923,40.84003333333334
6924,40.84003333333334
6925,42.379533333333335
6926,34.81203333333333
6927,34.81203333333333
6928,34.81203333333333
6929,34.81203333333333
6930,49.94703333333334
6931,49.043033333333334
6932,40.00103333333333
6933,40.00103333333333
6934,40.00103333333333
6935,40.00103333333333
6936,55.07103333333333
6937,59.59155333333333
6938,59.59155333333333
6939,59.59155333333333
6940,59.59155333333333
6941,59.59155333333333
6942,59.59155333333333
6943,59.59155333333333
6944,59.59155333333333
6945,40.84003333333334
6946,40.84003333333334
6947,40.84003333333334
6948,40.84003333333334
6949,42.379533333333335
6950,34.81203333333333
6951,34.81203333333333
6952,27.186033333333334
6953,27.186033333333334
6954,42.32103333333333
6955,42.32103333333333
6956,27.716033333333336
6957,27.716033333333336
6958,27.716033333333336
6959,27.716033333333336
6960,48.34903333333334
6961,59.59155333333333
6962,59.59155333333333
6963,59.59155333333333
6964,59.59155333333333
6965,59.59155333333333
6966,59.59155333333333
6967,59.59155333333333
6968,59.59155333333333
6969,40.84003333333334
6970,40.84003333333334
6971,40.84003333333334
6972,40.84003333333334
6973,42.379533333333335
6974,34.81203333333333
6975,34.81203333333333
6976,34.81203333333333
6977,34.81203333333333
6978,49.94703333333334
6979,49.043033333333334
6980,40.00103333333333
6981,40.00103333333333
6982,40.00103333333333
6983,40.00103333333333
6984,55.07103333333333
6985,59.59155333333333
6986,59.59155333333333
6987,59.59155333333333
6988,59.59155333333333
6989,59.59155333333333
6990,59.59155333333333
6991,59.59155333333333
6992,59.59155333333333
6993,40.84003333333334
6994,40.84003333333334
6995,40.84003333333334
6996,40.84003333333334
6997,42.379533333333335
6998,34.81203333333333
6999,34.81203333333333
7000,27.186033333333334
7001,27.186033333333334
7002,42.32103333333333
7003,42.32103333333333
7004,27.716033333333336
7005,27.716033333333336
7006,27.716033333333336
7007,27.716033333333336
7008,50.15703333333333
7009,59.59155333333333
7010,59.59155333333333
7011,59.59155333333333
7012,59.59155333333333
7013,59.59155333333333
7014,59.59155333333333
7015,59.59155333333333
7016,59.59155333333333
7017,55.975033333333336
7018,55.975033333333336
7019,55.975033333333336
7020,55.975033333333336
7021,49.94703333333334
7022,49.94703333333334
7023,49.94703333333334
7024,42.32103333333333
7025,42.32103333333333
7026,42.32103333333333
7027,42.32103333333333
7028,27.716033333333336
7029,27.716033333333336
7030,27.716033333333336
7031,27.716033333333336
7032,48.34903333333334
7033,59.59155333333333
7034,59.59155333333333
7035,59.59155333333333
7036,59.59155333333333
7037,59.59155333333333
7038,59.59155333333333
7039,59.59155333333333
7040,59.59155333333333
7041,55.975033333333336
7042,55.975033333333336
7043,55.975033333333336
7044,55.975033333333336
7045,49.94703333333334
7046,49.94703333333334
7047,49.94703333333334
7048,42.32103333333333
7049,42.32103333333333
7050,42.32103333333333
7051,42.32103333333333
7052,27.716033333333336
7053,27.716033333333336
7054,27.716033333333336
7055,27.716033333333336
7056,48.34903333333334
7057,59.59155333333333
7058,59.59155333333333
7059,59.59155333333333
7060,59.59155333333333
7061,59.59155333333333
7062,59.59155333333333
7063,59.59155333333333
7064,59.59155333333333
7065,40.84003333333334
7066,40.84003333333334
7067,40.84003333333334
7068,40.84003333333334
7069,42.379533333333335
7070,34.81203333333333
7071,34.81203333333333
7072,34.81203333333333
7073,34.81203333333333
7074,49.94703333333334
7075,49.043033333333334
7076,40.00103333333333
7077,40.00103333333333
7078,40.00103333333333
7079,40.00103333333333
7080,55.07103333333333
7081,59.59155333333333
7082,59.59155333333333
7083,59.59155333333333
7084,59.59155333333333
7085,59.59155333333333
7086,59.59155333333333
7087,59.59155333333333
7088,59.59155333333333
7089,40.84003333333334
7090,40.84003333333334
7091,40.84003333333334
7092,40.84003333333334
7093,42.379533333333335
7094,34.81203333333333
7095,34.81203333333333
7096,34.81203333333333
7097,34.81203333333333
7098,49.94703333333334
7099,49.043033333333334
7100,40.00103333333333
7101,40.00103333333333
7102,40.00103333333333
7103,40.00103333333333
7104,55.07103333333333
7105,59.59155333333333
7106,59.59155333333333
7107,59.59155333333333
7108,59.59155333333333
7109,59.59155333333333
7110,59.59155333333333
7111,59.59155333333333
7112,59.59155333333333
7113,40.84003333333334
7114,40.84003333333334
7115,40.84003333333334
7116,40.84003333333334
7117,42.379533333333335
7118,34.81203333333333
7119,34.81203333333333
7120,27.186033333333334
7121,27.186033333333334
7122,42.32103333333333
7123,42.32103333333333
7124,27.716033333333336
7125,27.716033333333336
7126,27.716033333333336
7127,27.716033333333336
7128,48.34903333333334
7129,59.59155333333333
7130,59.59155333333333
7131,59.59155333333333
7132,59.59155333333333
7133,59.59155333333333
7134,59.59155333333333
7135,59.59155333333333
7136,59.59155333333333
7137,40.84003333333334
7138,40.84003333333334
7139,40.84003333333334
7140,40.84003333333334
7141,42.379533333333335
7142,34.81203333333333
7143,34.81203333333333
7144,34.81203333333333
7145,34.81203333333333
7146,49.94703333333334
7147,49.043033333333334
7148,40.00103333333333
7149,40.00103333333333
7150,40.00103333333333
7151,40.00103333333333
7152,55.07103333333333
7153,59.59155333333333
7154,59.59155333333333
7155,59.59155333333333
7156,59.59155333333333
7157,59.59155333333333
7158,59.59155333333333
7159,59.59155333333333
7160,59.59155333333333
7161,40.84003333333334
7162,40.84003333333334
7163,40.84003333333334
7164,40.84003333333334
7165,42.379533333333335
7166,34.81203333333333
7167,34.81203333333333
7168,27.186033333333334
7169,27.186033333333334
7170,42.32103333333333
7171,42.32103333333333
7172,27.716033333333336
7173,27.716033333333336
7174,27.716033333333336
7175,27.716033333333336
7176,50.15703333333333
7177,59.59155333333333
7178,59.59155333333333
7179,59.59155333333333
7180,59.59155333333333
7181,59.59155333333333
7182,59.59155333333333
7183,59.59155333333333
7184,59.59155333333333
7185,55.975033333333336
7186,55.975033333333336
7187,55.975033333333336
7188,55.975033333333336
7189,49.94703333333334
7190,49.94703333333334
7191,49.94703333333334
7192,42.32103333333333
7193,42.32103333333333
7194,42.32103333333333
7195,42.32103333333333
7196,27.716033333333336
7197,27.716033333333336
7198,27.716033333333336
7199,27.716033333333336
7200,48.34903333333334
7201,59.59155333333333
7202,59.59155333333333
7203,59.59155333333333
7204,59.59155333333333
7205,59.59155333333333
7206,59.59155333333333
7207,59.59155333333333
7208,59.59155333333333
7209,55.975033333333336
7210,55.975033333333336
7211,55.975033333333336
7212,55.975033333333336
7213,49.94703333333334
7214,49.94703333333334
7215,49.94703333333334
7216,42.32103333333333
7217,42.32103333333333
7218,42.32103333333333
7219,42.32103333333333
7220,27.716033333333336
7221,27.716033333333336
7222,27.716033333333336
7223,27.716033333333336
7224,48.34903333333334
7225,59.59155333333333
7226,59.59155333333333
7227,59.59155333333333
7228,59.59155333333333
7229,59.59155333333333
7230,59.59155333333333
7231,59.59155333333333
7232,59.59155333333333
7233,40.84003333333334
7234,40.84003333333334
7235,40.84003333333334
7236,40.84003333333334
7237,42.379533333333335
7238,34.81203333333333
7239,34.81203333333333
7240,34.81203333333333
7241,34.81203333333333
7242,49.94703333333334
7243,49.043033333333334
7244,40.00103333333333
7245,40.00103333333333
7246,40.00103333333333
7247,40.00103333333333
7248,55.07103333333333
7249,59.59155333333333
7250,59.59155333333333
7251,59.59155333333333
7252,59.59155333333333
7253,59.59155333333333
7254,59.59155333333333
7255,59.59155333333333
7256,59.59155333333333
7257,40.84003333333334
7258,40.84003333333334
7259,40.84003333333334
7260,40.84003333333334
7261,42.379533333333335
7262,34.81203333333333
7263,34.81203333333333
7264,34.81203333333333
7265,34.81203333333333
7266,49.94703333333334
7267,49.043033333333334
7268,40.00103333333333
7269,40.00103333333333
7270,40.00103333333333
7271,40.00103333333333
7272,55.07103333333333
7273,59.59155333333333
7274,59.59155333333333
7275,59.59155333333333
7276,59.59155333333333
7277,59.59155333333333
7278,59.59155333333333
7279,59.59155333333333
7280,59.59155333333333
7281,40.84003333333334
7282,40.84003333333334
7283,40.84003333333334
7284,40.84003333333334
7285,42.379533333333335
7286,34.81203333333333
7287,34.81203333333333
7288,27.186033333333334
7289,27.186033333333334
7290,42.32103333333333
7291,42.32103333333333
7292,27.716033333333336
7293,27.716033333333336
7294,27.716033333333336
7295,27.716033333333336
7296,48.34903333333334
7297,59.59155333333333
7298,59.59155333333333
7299,59.59155333333333
7300,59.59155333333333
7301,59.59155333333333
7302,59.59155333333333
7303,59.59155333333333
7304,59.59155333333333
7305,40.84003333333334
7306,40.84003333333334
7307,40.84003333333334
7308,40.84003333333334
7309,42.379533333333335
7310,34.81203333333333
7311,34.81203333333333
7312,34.81203333333333
7313,34.81203333333333
7314,49.94703333333334
7315,49.043033333333334
7316,40.00103333333333
7317,40.00103333333333
7318,40.00103333333333
7319,40.00103333333333
7320,55.07103333333333
7321,59.59155333333333
7322,59.59155333333333
7323,59.59155333333333
7324,59.59155333333333
7325,59.59155333333333
7326,59.59155333333333
7327,59.59155333333333
7328,59.59155333333333
7329,40.84003333333334
7330,40.84003333333334
7331,40.84003333333334
7332,40.84003333333334
7333,42.379533333333335
7334,34.81203333333333
7335,34.81203333333333
7336,27.186033333333334
7337,27.186033333333334
7338,42.32103333333333
7339,42.32103333333333
7340,27.716033333333336
7341,27.716033333333336
7342,27.716033333333336
7343,27.716033333333336
7344,50.15703333333333
7345,59.59155333333333
7346,59.59155333333333
7347,59.59155333333333
7348,59.59155333333333
7349,59.59155333333333
7350,59.59155333333333
7351,59.59155333333333
7352,59.59155333333333
7353,55.975033333333336
7354,55.975033333333336
7355,55.975033333333336
7356,55.975033333333336
7357,49.94703333333334
7358,49.94703333333334
7359,49.94703333333334
7360,42.32103333333333
7361,42.32103333333333
7362,42.32103333333333
7363,42.32103333333333
7364,27.716033333333336
7365,27.716033333333336
7366,27.716033333333336
7367,27.716033333333336
7368,48.34903333333334
7369,59.59155333333333
7370,59.59155333333333
7371,59.59155333333333
7372,59.59155333333333
7373,59.59155333333333
7374,59.59155333333333
7375,59.59155333333333
7376,59.59155333333333
7377,55.975033333333336
7378,55.975033333333336
7379,55.975033333333336
7380,55.975033333333336
7381,49.94703333333334
7382,49.94703333333334
7383,49.94703333333334
7384,42.32103333333333
7385,42.32103333333333
7386,42.32103333333333
7387,42.32103333333333
7388,27.716033333333336
7389,27.716033333333336
7390,27.716033333333336
7391,27.716033333333336
7392,48.34903333333334
7393,59.59155333333333
7394,59.59155333333333
7395,59.59155333333333
7396,59.59155333333333
7397,59.59155333333333
7398,59.59155333333333
7399,59.59155333333333
7400,59.59155333333333
7401,40.84003333333334
7402,40.84003333333334
7403,40.84003333333334
7404,40.84003333333334
7405,42.379533333333335
7406,34.81203333333333
7407,34.81203333333333
7408,34.81203333333333
7409,34.81203333333333
7410,49.94703333333334
7411,49.043033333333334
7412,40.00103333333333
7413,40.00103333333333
7414,40.00103333333333
7415,40.00103333333333
7416,55.07103333333333
7417,59.59155333333333
7418,59.59155333333333
7419,59.59155333333333
7420,59.59155333333333
7421,59.59155333333333
7422,59.59155333333333
7423,59.59155333333333
7424,59.59155333333333
7425,40.84003333333334
7426,40.84003333333334
7427,40.84003333333334
7428,40.84003333333334
7429,42.379533333333335
7430,34.81203333333333
7431,34.81203333333333
7432,34.81203333333333
7433,34.81203333333333
7434,49.94703333333334
7435,49.043033333333334
7436,40.00103333333333
7437,40.00103333333333
7438,40.00103333333333
7439,40.00103333333333
7440,55.07103333333333
7441,59.59155333333333
7442,59.59155333333333
7443,59.59155333333333
7444,59.59155333333333
7445,59.59155333333333
7446,59.59155333333333
7447,59.59155333333333
7448,59.59155333333333
7449,40.84003333333334
7450,40.84003333333334
7451,40.84003333333334
7452,40.84003333333334
7453,42.379533333333335
7454,34.81203333333333
7455,34.81203333333333
7456,27.186033333333334
7457,27.186033333333334
7458,42.32103333333333
7459,42.32103333333333
7460,27.716033333333336
7461,27.716033333333336
7462,27.716033333333336
7463,27.716033333333336
7464,48.34903333333334
7465,59.59155333333333
7466,59.59155333333333
7467,59.59155333333333
7468,59.59155333333333
7469,59.59155333333333
7470,59.59155333333333
7471,59.59155333333333
7472,59.59155333333333
7473,40.84003333333334
7474,40.84003333333334
7475,40.84003333333334
7476,40.84003333333334
7477,42.379533333333335
7478,34.81203333333333
7479,34.81203333333333
7480,34.81203333333333
7481,34.81203333333333
7482,49.94703333333334
7483,49.043033333333334
7484,40.00103333333333
7485,40.00103333333333
7486,40.00103333333333
7487,40.00103333333333
7488,55.07103333333333
7489,59.59155333333333
7490,59.59155333333333
7491,59.59155333333333
7492,59.59155333333333
7493,59.59155333333333
7494,59.59155333333333
7495,59.59155333333333
7496,59.59155333333333
7497,40.84003333333334
7498,40.84003333333334
7499,40.84003333333334
7500,40.84003333333334
7501,42.379533333333335
7502,34.81203333333333
7503,34.81203333333333
7504,27.186033333333334
7505,27.186033333333334
7506,42.32103333333333
7507,42.32103333333333
7508,27.716033333333336
7509,27.716033333333336
7510,27.716033333333336
7511,27.716033333333336
7512,50.15703333333333
7513,59.59155333333333
7514,59.59155333333333
7515,59.59155333333333
7516,59.59155333333333
7517,59.59155333333333
7518,59.59155333333333
7519,59.59155333333333
7520,59.59155333333333
7521,55.975033333333336
7522,55.975033333333336
7523,55.975033333333336
7524,55.975033333333336
7525,49.94703333333334
7526,49.94703333333334
7527,49.94703333333334
7528,42.32103333333333
7529,42.32103333333333
7530,42.32103333333333
7531,42.32103333333333
7532,27.716033333333336
7533,27.716033333333336
7534,27.716033333333336
7535,27.716033333333336
7536,48.34903333333334
7537,59.59155333333333
7538,59.59155333333333
7539,59.59155333333333
7540,59.59155333333333
7541,59.59155333333333
7542,59.59155333333333
7543,59.59155333333333
7544,59.59155333333333
7545,55.975033333333336
7546,55.975033333333336
7547,55.975033333333336
7548,55.975033333333336
7549,49.94703333333334
7550,49.94703333333334
7551,49.94703333333334
7552,42.32103333333333
7553,42.32103333333333
7554,42.32103333333333
7555,42.32103333333333
7556,27.716033333333336
7557,27.716033333333336
7558,27.716033333333336
7559,27.716033333333336
7560,48.34903333333334
7561,59.59155333333333
7562,59.59155333333333
7563,59.59155333333333
7564,59.59155333333333
7565,59.59155333333333
7566,59.59155333333333
7567,59.59155333333333
7568,59.59155333333333
7569,40.84003333333334
7570,40.84003333333334
7571,40.84003333333334
7572,40.84003333333334
7573,42.379533333333335
7574,34.81203333333333
7575,34.81203333333333
7576,34.81203333333333
7577,34.81203333333333
7578,49.94703333333334
7579,49.043033333333334
7580,40.00103333333333
7581,40.00103333333333
7582,40.00103333333333
7583,40.00103333333333
7584,55.07103333333333
7585,59.59155333333333
7586,59.59155333333333
7587,59.59155333333333
7588,59.59155333333333
7589,59.59155333333333
7590,59.59155333333333
7591,59.59155333333333
7592,59.59155333333333
7593,40.84003333333334
7594,40.84003333333334
7595,40.84003333333334
7596,40.84003333333334
7597,42.379533333333335
7598,34.81203333333333
7599,34.81203333333333
7600,34.81203333333333
7601,34.81203333333333
7602,49.94703333333334
7603,49.043033333333334
7604,40.00103333333333
7605,40.00103333333333
7606,40.00103333333333
7607,40.00103333333333
7608,55.07103333333333
7609,59.59155333333333
7610,59.59155333333333
7611,59.59155333333333
7612,59.59155333333333
7613,59.59155333333333
7614,59.59155333333333
7615,59.59155333333333
7616,59.59155333333333
7617,40.84003333333334
7618,40.84003333333334
7619,40.84003333333334
7620,40.84003333333334
7621,42.379533333333335
7622,34.81203333333333
7623,34.81203333333333
7624,27.186033333333334
7625,27.186033333333334
7626,42.32103333333333
7627,42.32103333333333
7628,27.716033333333336
7629,27.716033333333336
7630,27.716033333333336
7631,27.716033333333336
7632,48.34903333333334
7633,59.59155333333333
7634,59.59155333333333
7635,59.59155333333333
7636,59.59155333333333
7637,59.59155333333333
7638,59.59155333333333
7639,59.59155333333333
7640,59.59155333333333
7641,40.84003333333334
7642,40.84003333333334
7643,40.84003333333334
7644,40.84003333333334
7645,42.379533333333335
7646,34.81203333333333
7647,34.81203333333333
7648,34.81203333333333
7649,34.81203333333333
7650,49.94703333333334
7651,49.043033333333334
7652,40.00103333333333
7653,40.00103333333333
7654,40.00103333333333
7655,40.00103333333333
7656,55.07103333333333
7657,59.59155333333333
7658,59.59155333333333
7659,59.59155333333333
7660,59.59155333333333
7661,59.59155333333333
7662,59.59155333333333
7663,59.59155333333333
7664,59.59155333333333
7665,40.84003333333334
7666,40.84003333333334
7667,40.84003333333334
7668,40.84003333333334
7669,42.379533333333335
7670,34.81203333333333
7671,34.81203333333333
7672,27.186033333333334
7673,27.186033333333334
7674,42.32103333333333
7675,42.32103333333333
7676,27.716033333333336
7677,27.716033333333336
7678,27.716033333333336
7679,27.716033333333336
7680,50.15703333333333
7681,59.59155333333333
7682,59.59155333333333
7683,59.59155333333333
7684,59.59155333333333
7685,59.59155333333333
7686,59.59155333333333
7687,59.59155333333333
7688,59.59155333333333
7689,55.975033333333336
7690,55.975033333333336
7691,55.975033333333336
7692,55.975033333333336
7693,49.94703333333334
7694,49.94703333333334
7695,49.94703333333334
7696,42.32103333333333
7697,42.32103333333333
7698,42.32103333333333
7699,42.32103333333333
7700,27.716033333333336
7701,27.716033333333336
7702,27.716033333333336
7703,27.716033333333336
7704,48.34903333333334
7705,59.59155333333333
7706,59.59155333333333
7707,59.59155333333333
7708,59.59155333333333
7709,59.59155333333333
7710,59.59155333333333
7711,59.59155333333333
7712,59.59155333333333
7713,55.975033333333336
7714,55.975033333333336
7715,55.975033333333336
7716,55.975033333333336
7717,49.94703333333334
7718,49.94703333333334
7719,49.94703333333334
7720,42.32103333333333
7721,42.32103333333333
7722,42.32103333333333
7723,42.32103333333333
7724,27.716033333333336
7725,27.716033333333336
7726,27.716033333333336
7727,27.716033333333336
7728,48.34903333333334
7729,59.59155333333333
7730,59.59155333333333
7731,59.59155333333333
7732,59.59155333333333
7733,59.59155333333333
7734,59.59155333333333
7735,59.59155333333333
7736,59.59155333333333
7737,40.84003333333334
7738,40.84003333333334
7739,40.84003333333334
7740,40.84003333333334
7741,42.379533333333335
7742,34.81203333333333
7743,34.81203333333333
7744,34.81203333333333
7745,34.81203333333333
7746,49.94703333333334
7747,49.043033333333334
7748,40.00103333333333
7749,40.00103333333333
7750,40.00103333333333
7751,40.00103333333333
7752,55.07103333333333
7753,59.59155333333333
7754,59.59155333333333
7755,59.59155333333333
7756,59.59155333333333
7757,59.59155333333333
7758,59.59155333333333
7759,59.59155333333333
7760,59.59155333333333
7761,40.84003333333334
7762,40.84003333333334
7763,40.84003333333334
7764,40.84003333333334
7765,42.379533333333335
7766,34.81203333333333
7767,34.81203333333333
7768,34.81203333333333
7769,34.81203333333333
7770,49.94703333333334
7771,49.043033333333334
7772,40.00103333333333
7773,40.00103333333333
7774,40.00103333333333
7775,40.00103333333333
7776,55.07103333333333
7777,59.59155333333333
7778,59.59155333333333
7779,59.59155333333333
7780,59.59155333333333
7781,59.59155333333333
7782,59.59155333333333
7783,59.59155333333333
7784,59.59155333333333
7785,40.84003333333334
7786,40.84003333333334
7787,40.84003333333334
7788,40.84003333333334
7789,42.379533333333335
7790,34.81203333333333
7791,34.81203333333333
7792,27.186033333333334
7793,27.186033333333334
7794,42.32103333333333
7795,42.32103333333333
7796,27.716033333333336
7797,27.716033333333336
7798,27.716033333333336
7799,27.716033333333336
7800,48.34903333333334
7801,59.59155333333333
7802,59.59155333333333
7803,59.59155333333333
7804,59.59155333333333
7805,59.59155333333333
7806,59.59155333333333
7807,59.59155333333333
7808,59.59155333333333
7809,40.84003333333334
7810,40.84003333333334
7811,40.84003333333334
7812,40.84003333333334
7813,42.379533333333335
7814,34.81203333333333
7815,34.81203333333333
7816,34.81203333333333
7817,34.81203333333333
7818,49.94703333333334
7819,49.043033333333334
7820,40.00103333333333
7821,40.00103333333333
7822,40.00103333333333
7823,40.00103333333333
7824,55.07103333333333
7825,59.59155333333333
7826,59.59155333333333
7827,59.59155333333333
7828,59.59155333333333
7829,59.59155333333333
7830,59.59155333333333
7831,59.59155333333333
7832,59.59155333333333
7833,40.84003333333334
7834,40.84003333333334
7835,40.84003333333334
7836,40.84003333333334
7837,42.379533333333335
7838,34.81203333333333
7839,34.81203333333333
7840,27.186033333333334
7841,27.186033333333334
7842,42.32103333333333
7843,42.32103333333333
7844,27.716033333333336
7845,27.716033333333336
7846,27.716033333333336
7847,27.716033333333336
7848,50.15703333333333
7849,59.59155333333333
7850,59.59155333333333
7851,59.59155333333333
7852,59.59155333333333
7853,59.59155333333333
7854,59.59155333333333
7855,59.59155333333333
7856,59.59155333333333
7857,55.975033333333336
7858,55.975033333333336
7859,55.975033333333336
7860,55.975033333333336
7861,49.94703333333334
7862,49.94703333333334
7863,49.94703333333334
7864,42.32103333333333
7865,42.32103333333333
7866,42.32103333333333
7867,42.32103333333333
7868,27.716033333333336
7869,27.716033333333336
7870,27.716033333333336
7871,27.716033333333336
7872,48.34903333333334
7873,59.59155333333333
7874,59.59155333333333
7875,59.59155333333333
7876,59.59155333333333
7877,59.59155333333333
7878,59.59155333333333
7879,59.59155333333333
7880,59.59155333333333
7881,55.975033333333336
7882,55.975033333333336
7883,55.975033333333336
7884,55.975033333333336
7885,49.94703333333334
7886,49.94703333333334
7887,49.94703333333334
7888,42.32103333333333
7889,42.32103333333333
7890,42.32103333333333
7891,42.32103333333333
7892,27.716033333333336
7893,27.716033333333336
7894,27.716033333333336
7895,27.716033333333336
7896,48.34903333333334
7897,59.59155333333333
7898,59.59155333333333
7899,59.59155333333333
7900,59.59155333333333
7901,59.59155333333333
7902,59.59155333333333
7903,59.59155333333333
7904,59.59155333333333
7905,40.84003333333334
7906,40.84003333333334
7907,40.84003333333334
7908,40.84003333333334
7909,42.379533333333335
7910,34.81203333333333
7911,34.81203333333333
7912,34.81203333333333
7913,34.81203333333333
7914,49.94703333333334
7915,49.043033333333334
7916,40.00103333333333
7917,40.00103333333333
7918,40.00103333333333
7919,40.00103333333333
7920,55.07103333333333
7921,59.59155333333333
7922,59.59155333333333
7923,59.59155333333333
7924,59.59155333333333
7925,59.59155333333333
7926,59.59155333333333
7927,59.59155333333333
7928,59.59155333333333
7929,40.84003333333334
7930,40.84003333333334
7931,40.84003333333334
7932,40.84003333333334
7933,42.379533333333335
7934,34.81203333333333
7935,34.81203333333333
7936,34.81203333333333
7937,34.81203333333333
7938,49.94703333333334
7939,49.043033333333334
7940,40.00103333333333
7941,40.00103333333333
7942,40.00103333333333
7943,40.00103333333333
7944,55.07103333333333
7945,59.59155333333333
7946,59.59155333333333
7947,59.59155333333333
7948,59.59155333333333
7949,59.59155333333333
7950,59.59155333333333
7951,59.59155333333333
7952,59.59155333333333
7953,40.84003333333334
7954,40.84003333333334
7955,40.84003333333334
7956,40.84003333333334
7957,42.379533333333335
7958,34.81203333333333
7959,34.81203333333333
7960,27.186033333333334
7961,27.186033333333334
7962,42.32103333333333
7963,42.32103333333333
7964,27.716033333333336
7965,27.716033333333336
7966,27.716033333333336
7967,27.716033333333336
7968,48.34903333333334
7969,59.59155333333333
7970,59.59155333333333
7971,59.59155333333333
7972,59.59155333333333
7973,59.59155333333333
7974,59.59155333333333
7975,59.59155333333333
7976,59.59155333333333
7977,40.84003333333334
7978,40.84003333333334
7979,40.84003333333334
7980,40.84003333333334
7981,42.379533333333335
7982,34.81203333333333
7983,34.81203333333333
7984,34.81203333333333
7985,34.81203333333333
7986,49.94703333333334
7987,49.043033333333334
7988,40.00103333333333
7989,40.00103333333333
7990,40.00103333333333
7991,40.00103333333333
7992,55.07103333333333
7993,59.59155333333333
7994,59.59155333333333
7995,59.59155333333333
7996,59.59155333333333
7997,59.59155333333333
7998,59.59155333333333
7999,59.59155333333333
8000,59.59155333333333
8001,40.84003333333334
8002,40.84003333333334
8003,40.84003333333334
8004,40.84003333333334
8005,42.379533333333335
8006,34.81203333333333
8007,34.81203333333333
8008,27.186033333333334
8009,27.186033333333334
8010,42.32103333333333
8011,42.32103333333333
8012,27.716033333333336
8013,27.716033333333336
8014,27.716033333333336
8015,27.716033333333336
8016,50.15703333333333
8017,59.59155333333333
8018,59.59155333333333
8019,59.59155333333333
8020,59.59155333333333
8021,59.59155333333333
8022,59.59155333333333
8023,59.59155333333333
8024,59.59155333333333
8025,55.975033333333336
8026,55.975033333333336
8027,55.975033333333336
8028,55.975033333333336
8029,49.94703333333334
8030,49.94703333333334
8031,49.94703333333334
8032,42.32103333333333
8033,42.32103333333333
8034,42.32103333333333
8035,42.32103333333333
8036,27.716033333333336
8037,27.716033333333336
8038,27.716033333333336
8039,27.716033333333336
8040,48.34903333333334
8041,59.59155333333333
8042,59.59155333333333
8043,59.59155333333333
8044,59.59155333333333
8045,59.59155333333333
8046,59.59155333333333
8047,59.59155333333333
8048,59.59155333333333
8049,55.975033333333336
8050,55.975033333333336
8051,55.975033333333336
8052,55.975033333333336
8053,49.94703333333334
8054,49.94703333333334
8055,49.94703333333334
8056,42.32103333333333
8057,42.32103333333333
8058,42.32103333333333
8059,42.32103333333333
8060,27.716033333333336
8061,27.716033333333336
8062,27.716033333333336
8063,27.716033333333336
8064,48.34903333333334
8065,59.59155333333333
8066,59.59155333333333
8067,59.59155333333333
8068,59.59155333333333
8069,59.59155333333333
8070,59.59155333333333
8071,59.59155333333333
8072,59.59155333333333
8073,40.84003333333334
8074,40.84003333333334
8075,40.84003333333334
8076,40.84003333333334
8077,42.379533333333335
8078,34.81203333333333
8079,34.81203333333333
8080,34.81203333333333
8081,34.81203333333333
8082,49.94703333333334
8083,49.043033333333334
8084,40.00103333333333
8085,40.00103333333333
8086,40.00103333333333
8087,40.00103333333333
8088,55.07103333333333
8089,59.59155333333333
8090,59.59155333333333
8091,59.59155333333333
8092,59.59155333333333
8093,59.59155333333333
8094,59.59155333333333
8095,59.59155333333333
8096,59.59155333333333
8097,40.84003333333334
8098,40.84003333333334
8099,40.84003333333334
8100,40.84003333333334
8101,42.379533333333335
8102,34.81203333333333
8103,34.81203333333333
8104,34.81203333333333
8105,34.81203333333333
8106,49.94703333333334
8107,49.043033333333334
8108,40.00103333333333
8109,40.00103333333333
8110,40.00103333333333
8111,40.00103333333333
8112,55.07103333333333
8113,59.59155333333333
8114,59.59155333333333
8115,59.59155333333333
8116,59.59155333333333
8117,59.59155333333333
8118,59.59155333333333
8119,59.59155333333333
8120,59.59155333333333
8121,40.84003333333334
8122,40.84003333333334
8123,40.84003333333334
8124,40.84003333333334
8125,42.379533333333335
8126,34.81203333333333
8127,34.81203333333333
8128,27.186033333333334
8129,27.186033333333334
8130,42.32103333333333
8131,42.32103333333333
8132,27.716033333333336
8133,27.716033333333336
8134,27.716033333333336
8135,27.716033333333336
8136,48.34903333333334
8137,59.59155333333333
8138,59.59155333333333
8139,59.59155333333333
8140,59.59155333333333
8141,59.59155333333333
8142,59.59155333333333
8143,59.59155333333333
8144,59.59155333333333
8145,40.84003333333334
8146,40.84003333333334
8147,40.84003333333334
8148,40.84003333333334
8149,42.379533333333335
8150,34.81203333333333
8151,34.81203333333333
8152,34.81203333333333
8153,34.81203333333333
8154,49.94703333333334
8155,49.043033333333334
8156,40.00103333333333
8157,40.00103333333333
8158,40.00103333333333
8159,40.00103333333333
8160,55.07103333333333
8161,59.59155333333333
8162,59.59155333333333
8163,59.59155333333333
8164,59.59155333333333
8165,59.59155333333333
8166,59.59155333333333
8167,59.59155333333333
8168,59.59155333333333
8169,40.84003333333334
8170,40.84003333333334
8171,40.84003333333334
8172,40.84003333333334
8173,42.379533333333335
8174,34.81203333333333
8175,34.81203333333333
8176,27.186033333333334
8177,27.186033333333334
8178,42.32103333333333
8179,42.32103333333333
8180,27.716033333333336
8181,27.716033333333336
8182,27.716033333333336
8183,27.716033333333336
8184,50.15703333333333
8185,59.59155333333333
8186,59.59155333333333
8187,59.59155333333333
8188,59.59155333333333
8189,59.59155333333333
8190,59.59155333333333
8191,59.59155333333333
8192,59.59155333333333
8193,55.975033333333336
8194,55.975033333333336
8195,55.975033333333336
8196,55.975033333333336
8197,49.94703333333334
8198,49.94703333333334
8199,49.94703333333334
8200,42.32103333333333
8201,42.32103333333333
8202,42.32103333333333
8203,42.32103333333333
8204,27.716033333333336
8205,27.716033333333336
8206,27.716033333333336
8207,27.716033333333336
8208,48.34903333333334
8209,59.59155333333333
8210,59.59155333333333
8211,59.59155333333333
8212,59.59155333333333
8213,59.59155333333333
8214,59.59155333333333
8215,59.59155333333333
8216,59.59155333333333
8217,55.975033333333336
8218,55.975033333333336
8219,55.975033333333336
8220,55.975033333333336
8221,49.94703333333334
8222,49.94703333333334
8223,49.94703333333334
8224,42.32103333333333
8225,42.32103333333333
8226,42.32103333333333
8227,42.32103333333333
8228,27.716033333333336
8229,27.716033333333336
8230,27.716033333333336
8231,27.716033333333336
8232,48.34903333333334
8233,59.59155333333333
8234,59.59155333333333
8235,59.59155333333333
8236,59.59155333333333
8237,59.59155333333333
8238,59.59155333333333
8239,59.59155333333333
8240,59.59155333333333
8241,40.84003333333334
8242,40.84003333333334
8243,40.84003333333334
8244,40.84003333333334
8245,42.379533333333335
8246,34.81203333333333
8247,34.81203333333333
8248,34.81203333333333
8249,34.81203333333333
8250,49.94703333333334
8251,49.043033333333334
8252,40.00103333333333
8253,40.00103333333333
8254,40.00103333333333
8255,40.00103333333333
8256,55.07103333333333
8257,59.59155333333333
8258,59.59155333333333
8259,59.59155333333333
8260,59.59155333333333
8261,59.59155333333333
8262,59.59155333333333
8263,59.59155333333333
8264,59.59155333333333
8265,40.84003333333334
8266,40.84003333333334
8267,40.84003333333334
8268,40.84003333333334
8269,42.379533333333335
8270,34.81203333333333
8271,34.81203333333333
8272,34.81203333333333
8273,34.81203333333333
8274,49.94703333333334
8275,49.043033333333334
8276,40.00103333333333
8277,40.00103333333333
8278,40.00103333333333
8279,40.00103333333333
8280,55.07103333333333
8281,59.59155333333333
8282,59.59155333333333
8283,59.59155333333333
8284,59.59155333333333
8285,59.59155333333333
8286,59.59155333333333
8287,59.59155333333333
8288,59.59155333333333
8289,40.84003333333334
8290,40.84003333333334
8291,40.84003333333334
8292,40.84003333333334
8293,42.379533333333335
8294,34.81203333333333
8295,34.81203333333333
8296,27.186033333333334
8297,27.186033333333334
8298,42.32103333333333
8299,42.32103333333333
8300,27.716033333333336
8301,27.716033333333336
8302,27.716033333333336
8303,27.716033333333336
8304,48.34903333333334
8305,59.59155333333333
8306,59.59155333333333
8307,59.59155333333333
8308,59.59155333333333
8309,59.59155333333333
8310,59.59155333333333
8311,59.59155333333333
8312,59.59155333333333
8313,40.84003333333334
8314,40.84003333333334
8315,40.84003333333334
8316,40.84003333333334
8317,42.379533333333335
8318,34.81203333333333
8319,34.81203333333333
8320,34.81203333333333
8321,34.81203333333333
8322,49.94703333333334
8323,49.043033333333334
8324,40.00103333333333
8325,40.00103333333333
8326,40.00103333333333
8327,40.00103333333333
8328,55.07103333333333
8329,59.59155333333333
8330,59.59155333333333
8331,59.59155333333333
8332,59.59155333333333
8333,59.59155333333333
8334,59.59155333333333
8335,59.59155333333333
8336,59.59155333333333
8337,40.84003333333334
8338,40.84003333333334
8339,40.84003333333334
8340,40.84003333333334
8341,42.379533333333335
8342,34.81203333333333
8343,34.81203333333333
8344,27.186033333333334
8345,27.186033333333334
8346,42.32103333333333
8347,42.32103333333333
8348,27.716033333333336
8349,27.716033333333336
8350,27.716033333333336
8351,27.716033333333336
8352,50.15703333333333
8353,59.59155333333333
8354,59.59155333333333
8355,59.59155333333333
8356,59.59155333333333
8357,59.59155333333333
8358,59.59155333333333
8359,59.59155333333333
8360,59.59155333333333
8361,55.975033333333336
8362,55.975033333333336
8363,55.975033333333336
8364,55.975033333333336
8365,49.94703333333334
8366,49.94703333333334
8367,49.94703333333334
8368,42.32103333333333
8369,42.32103333333333
8370,42.32103333333333
8371,42.32103333333333
8372,27.716033333333336
8373,27.716033333333336
8374,27.716033333333336
8375,27.716033333333336
8376,48.34903333333334
8377,59.59155333333333
8378,59.59155333333333
8379,59.59155333333333
8380,59.59155333333333
8381,59.59155333333333
8382,59.59155333333333
8383,59.59155333333333
8384,59.59155333333333
8385,55.975033333333336
8386,55.975033333333336
8387,55.975033333333336
8388,55.975033333333336
8389,49.94703333333334
8390,49.94703333333334
8391,49.94703333333334
8392,42.32103333333333
8393,42.32103333333333
8394,42.32103333333333
8395,42.32103333333333
8396,27.716033333333336
8397,27.716033333333336
8398,27.716033333333336
8399,27.716033333333336
8400,48.34903333333334
8401,59.59155333333333
8402,59.59155333333333
8403,59.59155333333333
8404,59.59155333333333
8405,59.59155333333333
8406,59.59155333333333
8407,59.59155333333333
8408,59.59155333333333
8409,40.84003333333334
8410,40.84003333333334
8411,40.84003333333334
8412,40.84003333333334
8413,42.379533333333335
8414,34.81203333333333
8415,34.81203333333333
8416,34.81203333333333
8417,34.81203333333333
8418,49.94703333333334
8419,49.043033333333334
8420,40.00103333333333
8421,40.00103333333333
8422,40.00103333333333
8423,40.00103333333333
8424,55.07103333333333
8425,59.59155333333333
8426,59.59155333333333
8427,59.59155333333333
8428,59.59155333333333
8429,59.59155333333333
8430,59.59155333333333
8431,59.59155333333333
8432,59.59155333333333
8433,40.84003333333334
8434,40.84003333333334
8435,40.84003333333334
8436,40.84003333333334
8437,42.379533333333335
8438,34.81203333333333
8439,34.81203333333333
8440,34.81203333333333
8441,34.81203333333333
8442,49.94703333333334
8443,49.043033333333334
8444,40.00103333333333
8445,40.00103333333333
8446,40.00103333333333
8447,40.00103333333333
8448,55.07103333333333
8449,59.59155333333333
8450,59.59155333333333
8451,59.59155333333333
8452,59.59155333333333
8453,59.59155333333333
8454,59.59155333333333
8455,59.59155333333333
8456,59.59155333333333
8457,40.84003333333334
8458,40.84003333333334
8459,40.84003333333334
8460,40.84003333333334
8461,42.379533333333335
8462,34.81203333333333
8463,34.81203333333333
8464,27.186033333333334
8465,27.186033333333334
8466,42.32103333333333
8467,42.32103333333333
8468,27.716033333333336
8469,27.716033333333336
8470,27.716033333333336
8471,27.716033333333336
8472,48.34903333333334
8473,59.59155333333333
8474,59.59155333333333
8475,59.59155333333333
8476,59.59155333333333
8477,59.59155333333333
8478,59.59155333333333
8479,59.59155333333333
8480,59.59155333333333
8481,40.84003333333334
8482,40.84003333333334
8483,40.84003333333334
8484,40.84003333333334
8485,42.379533333333335
8486,34.81203333333333
8487,34.81203333333333
8488,34.81203333333333
8489,34.81203333333333
8490,49.94703333333334
8491,49.043033333333334
8492,40.00103333333333
8493,40.00103333333333
8494,40.00103333333333
8495,40.00103333333333
8496,55.07103333333333
8497,59.59155333333333
8498,59.59155333333333
8499,59.59155333333333
8500,59.59155333333333
8501,59.59155333333333
8502,59.59155333333333
8503,59.59155333333333
8504,59.59155333333333
8505,40.84003333333334
8506,40.84003333333334
8507,40.84003333333334
8508,40.84003333333334
8509,42.379533333333335
8510,34.81203333333333
8511,34.81203333333333
8512,27.186033333333334
8513,27.186033333333334
8514,42.32103333333333
8515,42.32103333333333
8516,27.716033333333336
8517,27.716033333333336
8518,27.716033333333336
8519,27.716033333333336
8520,50.15703333333333
8521,59.59155333333333
8522,59.59155333333333
8523,59.59155333333333
8524,59.59155333333333
8525,59.59155333333333
8526,59.59155333333333
8527,59.59155333333333
8528,59.59155333333333
8529,55.975033333333336
8530,55.975033333333336
8531,55.975033333333336
8532,55.975033333333336
8533,49.94703333333334
8534,49.94703333333334
8535,49.94703333333334
8536,42.32103333333333
8537,42.32103333333333
8538,42.32103333333333
8539,42.32103333333333
8540,27.716033333333336
8541,27.716033333333336
8542,27.716033333333336
8543,27.716033333333336
8544,48.34903333333334
8545,59.59155333333333
8546,59.59155333333333
8547,59.59155333333333
8548,59.59155333333333
8549,59.59155333333333
8550,59.59155333333333
8551,59.59155333333333
8552,59.59155333333333
8553,55.975033333333336
8554,55.975033333333336
8555,55.975033333333336
8556,55.975033333333336
8557,49.94703333333334
8558,49.94703333333334
8559,49.94703333333334
8560,42.32103333333333
8561,42.32103333333333
8562,42.32103333333333
8563,42.32103333333333
8564,27.716033333333336
8565,27.716033333333336
8566,27.716033333333336
8567,27.716033333333336
8568,48.34903333333334
8569,59.59155333333333
8570,59.59155333333333
8571,59.59155333333333
8572,59.59155333333333
8573,59.59155333333333
8574,59.59155333333333
8575,59.59155333333333
8576,59.59155333333333
8577,40.84003333333334
8578,40.84003333333334
8579,40.84003333333334
8580,40.84003333333334
8581,42.379533333333335
8582,34.81203333333333
8583,34.81203333333333
8584,34.81203333333333
8585,34.81203333333333
8586,49.94703333333334
8587,49.043033333333334
8588,40.00103333333333
8589,40.00103333333333
8590,40.00103333333333
8591,40.00103333333333
8592,55.07103333333333
8593,59.59155333333333
8594,59.59155333333333
8595,59.59155333333333
8596,59.59155333333333
8597,59.59155333333333
8598,59.59155333333333
8599,59.59155333333333
8600,59.59155333333333
8601,40.84003333333334
8602,40.84003333333334
8603,40.84003333333334
8604,40.84003333333334
8605,42.379533333333335
8606,34.81203333333333
8607,34.81203333333333
8608,34.81203333333333
8609,34.81203333333333
8610,49.94703333333334
8611,49.043033333333334
8612,40.00103333333333
8613,40.00103333333333
8614,40.00103333333333
8615,40.00103333333333
8616,55.07103333333333
8617,59.59155333333333
8618,59.59155333333333
8619,59.59155333333333
8620,59.59155333333333
8621,59.59155333333333
8622,59.59155333333333
8623,59.59155333333333
8624,59.59155333333333
8625,40.84003333333334
8626,40.84003333333334
8627,40.84003333333334
8628,40.84003333333334
8629,42.379533333333335
8630,34.81203333333333
8631,34.81203333333333
8632,27.186033333333334
8633,27.186033333333334
8634,42.32103333333333
8635,42.32103333333333
8636,27.716033333333336
8637,27.716033333333336
8638,27.716033333333336
8639,27.716033333333336
8640,48.34903333333334
8641,59.59155333333333
8642,59.59155333333333
8643,59.59155333333333
8644,59.59155333333333
8645,59.59155333333333
8646,59.59155333333333
8647,59.59155333333333
8648,59.59155333333333
8649,40.84003333333334
8650,40.84003333333334
8651,40.84003333333334
8652,40.84003333333334
8653,42.379533333333335
8654,34.81203333333333
8655,34.81203333333333
8656,34.81203333333333
8657,34.81203333333333
8658,49.94703333333334
8659,49.043033333333334
8660,40.00103333333333
8661,40.00103333333333
8662,40.00103333333333
8663,40.00103333333333
8664,55.07103333333333
8665,59.59155333333333
8666,59.59155333333333
8667,59.59155333333333
8668,59.59155333333333
8669,59.59155333333333
8670,59.59155333333333
8671,59.59155333333333
8672,59.59155333333333
8673,40.84003333333334
8674,40.84003333333334
8675,40.84003333333334
8676,40.84003333333334
8677,42.379533333333335
8678,34.81203333333333
8679,34.81203333333333
8680,27.186033333333334
8681,27.186033333333334
8682,42.32103333333333
8683,42.32103333333333
8684,27.716033333333336
8685,27.716033333333336
8686,27.716033333333336
8687,27.716033333333336
8688,50.15703333333333
8689,59.59155333333333
8690,59.59155333333333
8691,59.59155333333333
8692,59.59155333333333
8693,59.59155333333333
8694,59.59155333333333
8695,59.59155333333333
8696,59.59155333333333
8697,55.975033333333336
8698,55.975033333333336
8699,55.975033333333336
8700,55.975033333333336
8701,49.94703333333334
8702,49.94703333333334
8703,49.94703333333334
8704,42.32103333333333
8705,42.32103333333333
8706,42.32103333333333
8707,42.32103333333333
8708,27.716033333333336
8709,27.716033333333336
8710,27.716033333333336
8711,27.716033333333336
8712,48.34903333333334
8713,59.59155333333333
8714,59.59155333333333
8715,59.59155333333333
8716,59.59155333333333
8717,59.59155333333333
8718,59.59155333333333
8719,59.59155333333333
8720,59.59155333333333
8721,55.975033333333336
8722,55.975033333333336
8723,55.975033333333336
8724,55.975033333333336
8725,49.94703333333334
8726,49.94703333333334
8727,49.94703333333334
8728,42.32103333333333
8729,42.32103333333333
8730,42.32103333333333
8731,42.32103333333333
8732,27.716033333333336
8733,27.716033333333336
8734,27.716033333333336
8735,27.716033333333336
8736,48.34903333333334
8737,59.59155333333333
8738,59.59155333333333
8739,59.59155333333333
8740,59.59155333333333
8741,59.59155333333333
8742,59.59155333333333
8743,59.59155333333333
8744,59.59155333333333
8745,40.84003333333334
8746,40.84003333333334
8747,40.84003333333334
8748,40.84003333333334
8749,42.379533333333335
8750,34.81203333333333
8751,34.81203333333333
8752,34.81203333333333
8753,34.81203333333333
8754,49.94703333333334
8755,49.043033333333334
8756,40.00103333333333
8757,40.00103333333333
8758,40.00103333333333
8759,40.00103333333333
8760,55.07103333333333
