Hour,Demand_Zone 1,Demand_Zone 2,Demand_Zone 3,Demand_Zone 4,Demand_Zone 5
1,8.2,0.0,8.3,8.0,6.1
2,8.6,0.0,8.6,8.2,6.2
3,9.3,0.0,9.2,8.6,6.4
4,9.8,0.0,9.7,8.9,6.6
5,10.4,0.0,10.2,9.4,6.9
6,10.9,0.0,10.6,9.6,7.0
7,11.3,0.0,10.9,9.8,7.1
8,11.7,0.0,11.3,10.0,7.3
9,11.8,0.0,11.4,-1.9,-0.2
10,11.9,0.0,11.4,-2.0,-0.3
11,12.1,0.0,11.5,-2.0,-0.3
12,12.3,0.0,11.8,-1.9,-0.2
13,12.5,0.0,2.7,4.1,3.5
14,12.8,0.0,3.1,-1.5,0.0
15,13.1,0.0,3.4,-1.3,0.2
16,13.5,0.0,3.8,-0.9,0.5
17,13.8,0.0,4.1,-0.7,0.6
18,13.8,0.0,4.1,10.8,7.5
19,13.7,0.0,4.1,10.6,7.3
20,13.7,0.0,-8.9,10.5,7.2
21,13.8,0.0,-8.8,10.5,7.2
22,13.3,0.0,-9.1,9.9,6.8
23,12.5,0.0,-9.8,9.1,6.1
24,12.5,0.0,11.6,9.1,6.1
25,13.1,0.0,12.0,9.5,6.4
26,13.3,0.0,12.2,9.7,6.6
27,13.4,0.0,12.3,9.8,6.7
28,13.3,0.0,12.2,9.7,6.6
29,13.5,0.0,12.4,9.9,6.7
30,13.6,0.0,12.5,10.0,6.8
31,13.4,0.0,12.4,9.8,6.7
32,13.5,0.0,12.4,9.8,6.7
33,13.4,0.0,12.4,-1.4,-0.0
34,13.4,0.0,12.4,-1.5,-0.0
35,13.3,0.0,12.4,-1.6,-0.1
36,13.4,0.0,12.5,-1.5,0.0
37,13.2,0.0,3.9,3.9,3.2
38,15.1,0.0,5.8,0.3,1.4
39,15.9,0.0,6.6,1.1,2.0
40,16.8,0.0,7.5,2.0,2.6
41,17.2,0.0,7.9,2.4,2.9
42,17.6,0.0,8.3,13.9,9.7
43,18.1,0.0,8.8,14.2,9.9
44,18.4,0.0,-2.8,14.4,10.0
45,18.9,0.0,-2.1,14.7,10.2
46,19.4,0.0,-1.5,15.1,10.5
47,19.8,3.7,-0.9,15.3,10.6
48,20.1,10.9,18.7,15.6,10.8
49,20.4,6.4,18.9,15.7,10.9
50,20.5,6.6,19.0,15.8,11.0
51,20.4,6.5,19.0,15.8,11.0
52,20.5,6.7,19.0,15.8,11.0
53,20.7,7.2,19.2,16.1,11.2
54,21.1,8.2,19.7,16.6,11.6
55,21.2,8.5,19.8,16.7,11.7
56,21.4,9.1,20.1,17.0,11.9
57,21.3,13.1,20.0,6.1,5.7
58,20.1,9.2,18.9,4.9,4.8
59,18.3,0.4,16.9,2.6,3.2
60,17.0,0.0,15.2,0.3,1.8
61,15.3,0.0,5.9,3.7,3.8
62,15.1,0.0,6.1,-1.2,0.9
63,15.0,0.0,6.1,-1.5,1.1
64,9.3,0.0,6.7,0.9,1.9
65,10.2,0.0,7.5,1.7,2.5
66,11.1,0.0,8.3,13.6,9.6
67,11.6,0.0,8.6,13.7,9.6
68,2.9,0.0,-3.3,13.4,9.4
69,3.2,0.0,-3.1,13.4,9.3
70,4.1,0.0,-2.4,14.1,9.8
71,4.1,0.0,-2.6,13.7,9.5
72,12.7,3.2,16.9,13.8,9.6
73,18.2,1.7,16.9,13.7,9.5
74,18.3,2.0,17.0,13.8,9.6
75,18.1,1.3,16.8,13.5,9.3
76,18.4,2.0,17.0,13.8,9.6
77,18.3,1.8,17.0,13.7,9.5
78,18.4,2.0,17.1,13.8,9.6
79,18.1,1.4,16.8,13.5,9.4
80,18.0,1.1,16.7,13.4,9.3
81,18.0,3.0,16.8,2.8,3.2
82,18.0,2.8,16.8,2.7,3.2
83,17.8,2.1,16.6,2.5,3.0
84,17.7,1.7,16.6,2.4,2.9
85,17.7,1.4,8.9,7.8,6.1
86,17.6,1.5,8.8,2.4,2.9
87,17.6,1.8,8.8,2.4,2.9
88,17.7,2.0,8.8,2.4,2.9
89,17.9,2.9,9.1,2.7,3.2
90,17.9,2.9,9.1,13.6,9.4
91,17.9,3.5,9.1,13.6,9.4
92,17.8,3.4,-2.5,13.5,9.4
93,17.5,2.2,-2.8,13.2,9.1
94,17.2,1.0,-3.1,12.8,8.8
95,16.7,0.0,-3.6,12.3,8.5
96,16.6,0.0,15.5,12.2,8.4
97,16.4,0.0,15.2,11.8,8.1
98,16.0,0.0,14.8,11.5,7.8
99,15.8,0.0,14.6,11.3,7.7
100,16.0,0.0,14.8,11.5,7.9
101,15.9,0.0,14.7,11.5,7.9
102,16.1,0.0,14.9,11.7,8.1
103,16.2,0.0,15.1,11.9,8.2
104,15.9,0.0,14.7,11.5,7.9
105,15.6,0.0,14.5,0.5,1.5
106,15.4,0.0,14.3,0.3,1.3
107,14.7,0.0,13.7,-0.5,0.8
108,14.3,0.0,13.4,-1.0,0.4
109,14.3,0.0,5.5,4.7,3.8
110,14.3,0.0,5.5,-0.8,0.6
111,14.4,0.0,5.5,-0.6,0.8
112,8.2,0.0,5.5,-0.6,0.8
113,8.5,0.0,5.8,-0.1,1.1
114,8.4,0.0,5.7,10.9,7.6
115,8.4,0.0,5.7,11.0,7.6
116,-0.9,0.0,-6.4,11.0,7.6
117,-0.9,0.0,-6.4,11.0,7.6
118,-1.0,0.0,-6.5,10.9,7.5
119,-0.7,0.0,-6.2,11.2,7.8
120,8.8,0.0,14.2,11.4,7.9
121,15.1,0.0,14.1,11.2,7.8
122,15.2,0.0,14.2,11.3,7.9
123,15.5,0.0,14.5,11.6,8.1
124,15.4,0.0,14.3,11.4,8.0
125,16.1,0.0,15.1,12.2,8.5
126,16.0,0.0,14.9,12.0,8.4
127,16.2,0.0,15.1,12.2,8.5
128,16.4,0.0,15.3,12.4,8.7
129,16.6,0.0,15.7,12.8,9.0
130,16.5,0.0,15.6,12.6,8.8
131,16.3,0.0,15.3,12.2,8.5
132,16.1,0.0,15.2,12.0,8.3
133,16.0,0.0,7.1,11.9,8.2
134,15.0,0.0,6.2,10.4,7.4
135,15.2,0.0,6.4,11.0,7.7
136,10.6,0.0,7.7,12.9,9.0
137,11.3,0.0,8.3,13.4,9.4
138,11.9,0.0,8.8,13.8,9.6
139,12.8,0.0,9.5,14.4,10.1
140,5.1,0.4,-1.6,14.6,10.2
141,5.7,8.0,-1.2,14.8,10.4
142,5.6,7.8,-1.2,14.8,10.3
143,5.9,8.7,-1.0,15.1,10.5
144,14.0,11.4,18.2,15.1,10.5
145,19.5,4.8,18.2,15.1,10.5
146,19.6,4.9,18.3,15.1,10.6
147,19.9,5.7,18.6,15.5,10.9
148,19.9,5.6,18.6,15.4,10.9
149,20.0,6.0,18.8,15.6,11.0
150,20.0,5.9,18.7,15.6,11.0
151,20.0,5.9,18.7,15.6,11.0
152,20.0,6.0,18.8,15.6,11.0
153,19.8,8.8,18.6,15.6,11.0
154,19.5,7.9,18.4,15.3,10.8
155,18.7,3.6,17.6,14.3,10.0
156,18.4,0.9,17.3,13.8,9.7
157,19.4,6.5,10.6,15.1,10.6
158,19.0,4.3,10.3,14.6,10.3
159,19.1,4.6,10.4,14.7,10.4
160,14.1,11.8,10.8,15.3,10.8
161,14.3,12.8,10.9,15.5,10.9
162,14.4,13.5,11.1,15.7,11.1
163,14.4,13.5,11.1,15.7,11.1
164,6.4,10.5,-0.4,15.7,11.1
165,6.4,10.5,-0.4,15.7,11.1
166,6.4,10.7,-0.3,15.7,11.1
167,6.8,12.1,0.0,16.2,11.5
168,15.3,17.1,19.6,16.6,11.8
169,21.2,8.8,20.0,16.9,12.0
170,22.1,11.0,20.9,17.9,12.8
171,22.1,11.1,21.0,18.0,12.9
172,22.5,11.9,21.3,18.3,13.1
173,22.7,12.4,21.5,18.5,13.3
174,22.3,11.5,21.2,18.2,13.0
175,22.2,11.4,21.1,18.1,13.0
176,21.8,10.5,20.7,17.7,12.7
177,21.4,14.1,20.4,6.6,6.2
178,21.2,13.2,20.2,6.4,6.1
179,20.2,9.0,19.2,5.2,5.2
180,19.6,6.6,18.7,4.5,4.7
181,19.1,5.1,10.6,9.4,7.5
182,18.8,4.3,10.2,3.7,4.1
183,18.8,5.2,10.2,3.8,4.1
184,18.9,6.2,10.3,4.0,4.3
185,18.9,6.2,10.3,4.0,4.3
186,18.8,6.1,10.2,14.8,10.5
187,18.7,6.7,10.1,14.6,10.4
188,18.6,6.2,-1.6,14.5,10.2
189,18.6,6.2,-1.6,14.5,10.2
190,18.6,6.2,-1.6,14.5,10.2
191,18.7,6.5,-1.5,14.6,10.3
192,18.8,7.2,17.9,14.8,10.5
193,19.1,4.1,18.0,14.8,10.5
194,19.1,4.1,18.0,14.8,10.5
195,19.1,4.1,18.0,14.8,10.5
196,19.2,4.5,18.1,15.0,10.6
197,19.5,5.2,18.4,15.3,10.9
198,19.4,4.8,18.3,15.2,10.8
199,19.5,5.2,18.4,15.3,10.9
200,19.5,5.1,18.4,15.3,10.8
201,19.3,7.5,18.3,4.4,4.6
202,19.2,6.9,18.2,4.3,4.5
203,18.9,5.5,18.0,3.9,4.2
204,18.7,4.6,17.8,3.7,4.1
205,18.3,1.8,9.8,8.5,6.8
206,18.5,2.9,10.0,3.4,3.8
207,18.7,4.1,10.2,3.6,4.0
208,18.9,5.5,10.3,3.9,4.2
209,19.1,6.8,10.5,4.2,4.4
210,19.3,7.6,10.7,15.3,10.8
211,19.4,9.1,10.7,15.3,10.9
212,19.3,8.9,-0.8,15.3,10.8
213,19.4,9.2,-0.7,15.4,10.9
214,19.5,9.4,-0.7,15.4,11.0
215,19.5,9.4,-0.7,15.4,11.0
216,19.8,10.6,18.8,15.8,11.2
217,20.7,8.0,19.6,16.6,11.9
218,21.2,9.0,20.1,17.0,12.2
219,21.6,10.1,20.5,17.5,12.6
220,21.9,10.8,20.8,17.8,12.8
221,22.4,11.8,21.3,18.3,13.2
222,22.5,12.3,21.5,18.5,13.4
223,22.7,12.7,21.7,18.7,13.5
224,23.2,13.8,22.1,19.2,13.9
225,23.0,19.0,22.0,8.3,7.6
226,22.6,17.7,21.7,7.9,7.3
227,22.0,14.0,21.1,7.1,6.8
228,21.9,13.3,21.1,7.0,6.7
229,22.0,13.1,13.5,12.4,9.8
230,21.1,0.0,12.4,4.5,5.8
231,21.6,7.9,13.2,6.6,6.5
232,16.5,22.3,13.5,7.1,6.7
233,17.1,25.1,14.0,7.8,7.3
234,17.4,26.3,14.2,19.0,13.8
235,17.3,25.9,14.1,18.9,13.7
236,9.4,21.6,2.9,19.2,13.9
237,9.6,22.3,3.1,19.4,14.0
238,9.6,22.1,3.0,19.3,14.0
239,9.6,22.3,3.1,19.4,14.1
240,17.8,28.2,22.3,19.5,14.2
241,23.5,14.7,22.5,19.6,14.3
242,23.6,15.0,22.7,19.8,14.4
243,23.9,15.6,22.9,20.0,14.6
244,24.1,16.1,23.1,20.3,14.8
245,24.3,16.6,23.3,20.5,14.9
246,24.5,17.0,23.5,20.7,15.1
247,24.6,17.4,23.7,20.9,15.3
248,24.8,17.9,23.9,21.1,15.4
249,24.7,24.8,23.9,10.3,9.2
250,24.2,22.2,23.4,9.7,8.8
251,23.6,14.5,22.4,8.4,8.0
252,23.0,6.4,21.6,7.0,7.4
253,22.6,0.4,13.5,11.5,10.2
254,22.6,0.0,13.9,5.9,7.2
255,22.8,0.0,14.5,5.9,7.6
256,23.3,15.0,15.1,8.9,8.2
257,24.3,23.3,15.9,9.9,8.9
258,24.5,24.2,16.1,21.0,15.4
259,24.8,28.4,16.3,21.3,15.6
260,25.0,29.3,5.1,21.5,15.8
261,25.2,30.0,5.3,21.7,16.0
262,25.2,30.0,5.3,21.8,16.0
263,25.2,29.8,5.3,21.7,16.0
264,25.3,30.2,24.5,21.8,16.1
265,25.5,19.6,24.6,21.9,16.1
266,25.6,19.8,24.7,22.0,16.2
267,26.1,21.0,25.2,22.5,16.6
268,26.0,20.8,25.2,22.4,16.5
269,25.7,20.2,24.9,22.2,16.4
270,25.9,20.6,25.1,22.3,16.5
271,25.6,19.9,24.8,22.1,16.3
272,25.3,19.4,24.6,21.8,16.1
273,24.9,25.4,24.2,10.6,9.6
274,24.0,17.8,22.9,9.1,8.6
275,23.0,9.2,21.6,7.4,7.6
276,22.4,4.3,21.1,6.5,7.1
277,21.8,0.0,12.9,10.8,9.7
278,21.6,0.0,13.0,4.9,6.6
279,21.7,0.0,13.6,5.6,7.0
280,16.8,18.3,14.1,7.9,7.5
281,17.6,27.8,14.7,8.7,8.0
282,18.0,29.1,15.0,19.9,14.6
283,18.2,30.4,15.3,20.2,14.8
284,10.4,25.3,4.0,20.4,15.0
285,10.4,25.5,4.1,20.5,15.0
286,10.3,25.2,4.0,20.4,15.0
287,10.4,25.3,4.0,20.4,15.0
288,18.6,25.7,23.3,20.5,15.1
289,23.5,15.1,22.7,19.9,14.6
290,23.6,15.2,22.8,19.9,14.6
291,23.6,15.3,22.8,20.0,14.7
292,23.3,14.7,22.5,19.7,14.5
293,23.3,14.6,22.5,19.6,14.4
294,23.2,14.4,22.5,19.6,14.4
295,23.3,14.7,22.6,19.7,14.5
296,23.3,14.6,22.5,19.7,14.4
297,23.1,19.8,22.4,19.6,14.4
298,22.6,17.1,21.9,19.0,13.9
299,22.2,13.3,21.4,18.2,13.5
300,21.8,10.5,21.0,17.7,13.1
301,21.3,5.1,12.9,16.7,12.7
302,21.6,9.7,13.4,17.5,13.0
303,21.5,3.4,13.4,16.7,13.0
304,16.6,22.8,13.7,18.3,13.4
305,17.5,27.1,14.5,19.4,14.2
306,17.9,28.9,14.9,19.8,14.5
307,18.1,29.9,15.1,20.0,14.7
308,10.2,24.8,3.9,20.2,14.8
309,10.7,26.3,4.3,20.7,15.2
310,11.6,29.4,5.2,21.6,15.9
311,12.0,30.9,5.6,22.1,16.3
312,20.4,39.7,25.1,22.4,16.5
313,26.2,21.3,25.4,22.7,16.7
314,26.4,21.7,25.5,22.8,16.9
315,26.5,21.9,25.7,23.0,17.0
316,26.5,22.0,25.7,23.0,17.0
317,26.5,22.1,25.7,23.0,17.0
318,26.5,22.1,25.7,23.1,17.1
319,26.5,22.0,25.7,23.0,17.0
320,26.5,22.2,25.8,23.1,17.1
321,26.3,30.1,25.7,23.1,17.1
322,26.2,28.9,25.5,22.8,16.9
323,25.2,23.1,24.5,21.5,16.0
324,24.5,18.3,23.8,20.5,15.4
325,23.5,7.7,14.8,18.6,14.4
326,23.1,8.0,14.8,18.4,14.3
327,23.6,7.0,15.5,18.6,14.8
328,18.7,32.2,16.0,20.7,15.2
329,19.3,35.0,16.4,21.4,15.8
330,19.5,36.0,16.6,21.6,15.9
331,19.7,36.6,16.8,21.7,16.1
332,11.5,29.4,5.2,21.7,16.0
333,11.3,28.8,5.0,21.5,15.9
334,11.3,28.6,5.0,21.4,15.8
335,11.3,28.8,5.0,21.5,15.9
336,19.2,34.7,24.0,21.3,15.7
337,24.7,18.0,24.0,21.2,15.7
338,24.6,17.8,23.9,21.1,15.6
339,24.7,18.0,24.0,21.2,15.7
340,24.9,18.4,24.1,21.4,15.8
341,24.9,18.4,24.1,21.4,15.8
342,25.0,18.7,24.3,21.5,15.9
343,25.0,18.6,24.3,21.5,15.9
344,24.8,18.2,24.1,21.3,15.7
345,24.5,24.4,23.9,10.3,9.4
346,24.0,22.2,23.4,9.8,9.0
347,23.1,15.5,22.3,8.3,8.0
348,22.4,9.2,21.5,7.2,7.4
349,21.8,4.8,13.3,11.7,10.0
350,21.7,8.9,13.6,6.7,7.0
351,22.2,15.4,14.0,7.7,7.5
352,22.4,17.0,14.1,8.0,7.6
353,22.4,17.5,14.1,8.1,7.6
354,22.4,17.8,14.1,18.9,13.9
355,22.4,20.2,14.1,18.9,13.9
356,22.5,20.7,2.7,19.1,14.0
357,22.6,21.0,2.8,19.2,14.1
358,22.8,21.7,3.0,19.4,14.2
359,22.9,22.1,3.1,19.5,14.3
360,23.0,22.4,22.4,19.6,14.4
361,23.2,14.4,22.5,19.6,14.4
362,23.1,14.2,22.4,19.5,14.3
363,23.1,14.1,22.3,19.5,14.3
364,23.1,14.1,22.3,19.5,14.3
365,22.8,13.5,22.1,19.2,14.1
366,22.7,13.2,21.9,19.0,14.0
367,22.7,13.3,22.0,19.1,14.0
368,22.7,13.3,22.0,19.1,14.0
369,22.6,18.5,22.0,8.3,7.8
370,22.7,18.6,22.0,8.4,7.8
371,22.6,17.7,22.0,8.2,7.7
372,22.3,15.8,21.7,7.8,7.4
373,22.3,16.4,14.1,13.3,10.6
374,22.2,15.9,13.9,7.7,7.4
375,22.4,16.6,14.1,7.9,7.5
376,22.3,16.9,14.0,7.9,7.5
377,22.4,17.6,14.1,8.0,7.6
378,22.4,17.7,14.0,18.9,13.8
379,22.3,19.9,14.0,18.8,13.8
380,22.3,19.9,2.5,18.8,13.8
381,22.3,19.9,2.5,18.8,13.8
382,22.4,20.1,2.5,18.9,13.8
383,22.3,19.9,2.5,18.8,13.8
384,22.3,19.9,21.6,18.8,13.8
385,22.6,12.9,21.8,18.9,13.8
386,22.5,12.8,21.7,18.8,13.8
387,22.6,12.9,21.8,18.9,13.8
388,22.7,13.2,21.9,19.0,14.0
389,22.8,13.3,22.0,19.1,14.0
390,23.1,14.0,22.3,19.4,14.2
391,23.2,14.3,22.4,19.6,14.3
392,23.2,14.3,22.4,19.6,14.3
393,23.1,19.8,22.4,8.7,8.1
394,23.2,20.0,22.6,8.9,8.2
395,22.9,18.5,22.3,8.5,7.9
396,22.5,16.8,21.9,8.0,7.6
397,22.0,14.3,13.7,12.8,10.3
398,21.9,14.4,13.7,7.4,7.1
399,22.0,15.2,13.7,7.5,7.2
400,16.6,23.1,13.7,7.6,7.2
401,16.8,23.9,13.8,7.8,7.3
402,16.8,24.1,13.8,18.6,13.6
403,16.8,24.1,13.8,18.6,13.6
404,8.9,20.0,2.5,18.8,13.8
405,9.4,21.9,3.0,19.4,14.2
406,8.8,19.7,2.4,18.7,13.7
407,8.7,19.3,2.3,18.6,13.6
408,16.8,24.1,21.4,18.6,13.6
409,22.1,11.7,21.3,18.4,13.4
410,21.9,11.3,21.1,18.2,13.3
411,21.9,11.2,21.0,18.1,13.2
412,21.7,10.8,20.9,18.0,13.1
413,21.6,10.6,20.8,17.9,13.0
414,21.6,10.6,20.8,17.9,13.0
415,21.7,10.7,20.8,17.9,13.0
416,21.6,10.6,20.8,17.9,13.0
417,21.4,14.6,20.7,7.0,6.7
418,21.4,14.4,20.7,6.9,6.7
419,21.5,14.3,20.8,7.0,6.7
420,21.4,13.3,20.7,6.8,6.6
421,20.9,9.8,12.7,11.5,9.3
422,20.5,2.4,12.2,5.0,5.7
423,20.6,6.2,12.4,5.5,5.9
424,21.7,14.6,13.3,7.1,6.8
425,22.1,16.5,13.7,7.6,7.2
426,22.1,16.5,13.6,18.4,13.4
427,21.9,18.4,13.5,18.3,13.3
428,21.8,18.0,1.9,18.2,13.2
429,21.9,18.2,2.0,18.2,13.3
430,21.9,18.2,2.0,18.2,13.3
431,21.9,18.4,2.0,18.3,13.3
432,22.0,18.5,21.2,18.3,13.4
433,22.2,11.8,21.3,18.4,13.4
434,22.3,12.0,21.4,18.5,13.5
435,22.3,12.1,21.4,18.5,13.5
436,22.4,12.2,21.5,18.6,13.5
437,22.3,12.1,21.4,18.5,13.5
438,22.4,12.2,21.5,18.6,13.5
439,22.4,12.2,21.5,18.6,13.6
440,22.3,12.1,21.5,18.5,13.5
441,22.0,16.4,21.3,7.6,7.1
442,21.8,15.5,21.0,7.3,6.9
443,21.5,14.1,20.8,6.9,6.7
444,21.3,13.0,20.6,6.7,6.5
445,21.2,12.6,12.8,12.0,9.5
446,21.1,12.4,12.7,6.4,6.3
447,21.1,12.6,12.8,6.5,6.4
448,15.9,20.1,13.0,6.8,6.5
449,16.2,21.2,13.1,7.0,6.7
450,16.3,22.0,13.3,18.1,13.1
451,16.5,22.7,13.4,18.2,13.3
452,8.4,18.3,2.0,18.3,13.3
453,8.4,18.1,1.9,18.2,13.2
454,8.4,18.3,2.0,18.3,13.3
455,8.4,18.1,1.9,18.2,13.2
456,16.4,17.8,21.0,18.1,13.2
457,22.0,11.2,21.1,18.1,13.2
458,21.9,11.1,21.0,18.1,13.1
459,21.9,11.0,21.0,18.0,13.1
460,21.8,10.8,20.9,17.9,13.0
461,21.8,10.8,20.9,17.9,13.0
462,21.7,10.7,20.8,17.9,13.0
463,21.7,10.7,20.8,17.9,13.0
464,21.7,10.6,20.8,17.8,13.0
465,21.5,14.7,20.7,17.8,12.9
466,21.3,13.8,20.5,17.6,12.7
467,21.0,12.4,20.2,17.2,12.5
468,20.7,11.5,20.0,16.9,12.3
469,20.4,9.9,12.0,16.5,12.0
470,20.2,9.5,11.8,16.3,11.8
471,20.1,9.5,11.8,16.3,11.8
472,14.8,15.3,11.8,16.4,11.9
473,14.9,15.9,11.9,16.6,12.0
474,15.0,16.3,11.9,16.6,12.0
475,15.1,16.7,12.0,16.7,12.1
476,7.1,13.4,0.6,16.8,12.1
477,7.0,13.2,0.5,16.7,12.1
478,7.0,13.2,0.5,16.7,12.1
479,7.0,13.1,0.5,16.7,12.0
480,15.0,16.5,19.6,16.6,12.0
481,20.7,8.2,19.7,16.7,12.1
482,20.6,8.0,19.7,16.7,12.0
483,20.5,7.8,19.6,16.6,11.9
484,20.5,7.7,19.5,16.5,11.9
485,20.4,7.5,19.4,16.4,11.8
486,20.3,7.4,19.4,16.4,11.8
487,20.3,7.2,19.3,16.3,11.7
488,20.3,7.2,19.3,16.3,11.7
489,20.1,10.1,19.2,16.2,11.7
490,19.9,9.6,19.1,16.1,11.6
491,19.7,8.4,18.9,15.8,11.3
492,19.5,7.8,18.7,15.6,11.2
493,19.2,6.5,10.8,15.2,10.9
494,19.0,6.0,10.6,15.1,10.8
495,19.0,5.7,10.5,15.0,10.7
496,13.6,9.8,10.5,15.0,10.7
497,13.6,10.1,10.5,15.1,10.8
498,13.6,10.3,10.5,15.1,10.8
499,13.6,10.3,10.5,15.1,10.8
500,5.5,7.8,-1.1,15.0,10.7
501,5.4,7.6,-1.1,15.0,10.7
502,5.4,7.6,-1.1,15.0,10.7
503,5.4,7.6,-1.1,15.0,10.6
504,13.5,9.6,17.9,14.9,10.6
505,19.0,4.1,18.0,14.9,10.6
506,19.0,4.1,18.0,14.9,10.6
507,19.0,4.0,17.9,14.8,10.5
508,19.0,4.0,17.9,14.8,10.5
509,19.0,3.9,17.9,14.8,10.5
510,19.0,3.9,17.9,14.8,10.5
511,18.9,3.8,17.9,14.7,10.5
512,18.9,3.7,17.8,14.7,10.4
513,18.6,5.3,17.6,3.7,4.1
514,18.5,4.9,17.5,3.6,4.0
515,18.3,4.3,17.4,3.4,3.8
516,18.0,2.7,17.1,3.0,3.6
517,18.0,2.8,9.5,8.5,6.7
518,17.9,2.1,9.3,2.8,3.4
519,17.9,2.7,9.4,3.0,3.5
520,17.9,2.6,9.3,2.9,3.4
521,18.1,3.7,9.5,3.2,3.6
522,18.2,4.2,9.6,14.1,10.0
523,18.4,5.5,9.7,14.3,10.1
524,18.3,5.3,-1.8,14.2,10.1
525,18.4,5.5,-1.8,14.3,10.1
526,18.4,5.7,-1.7,14.3,10.1
527,18.5,5.8,-1.7,14.4,10.2
528,18.4,5.5,17.4,14.3,10.1
529,18.5,2.8,17.4,14.2,10.1
530,18.1,1.9,17.0,13.8,9.7
531,18.1,1.8,17.0,13.8,9.7
532,17.9,1.3,16.8,13.6,9.5
533,17.8,1.1,16.7,13.5,9.5
534,17.7,0.9,16.6,13.4,9.4
535,17.7,0.9,16.6,13.4,9.4
536,17.4,0.1,16.3,13.1,9.1
537,17.3,1.4,16.3,2.3,3.0
538,16.7,0.0,15.8,1.6,2.4
539,16.2,0.0,15.3,1.0,2.0
540,15.7,0.0,14.8,0.4,1.5
541,15.5,0.0,6.9,5.8,4.7
542,15.5,0.0,6.9,0.4,1.6
543,15.7,0.0,7.0,0.6,1.7
544,16.0,0.0,7.3,1.1,2.0
545,16.1,0.0,7.4,1.2,2.1
546,16.2,0.0,7.4,12.3,8.6
547,16.3,0.0,7.5,12.4,8.6
548,16.3,0.0,-4.2,12.4,8.6
549,16.4,0.0,-4.1,12.4,8.6
550,16.6,0.0,-3.9,12.6,8.8
551,16.8,0.0,-3.7,12.8,8.9
552,16.8,0.0,15.8,12.7,8.9
553,17.1,0.0,16.0,12.8,8.9
554,17.0,0.0,15.9,12.8,8.9
555,17.2,0.0,16.1,12.9,9.0
556,17.3,0.0,16.2,13.0,9.1
557,17.3,0.0,16.1,13.0,9.0
558,17.4,0.0,16.2,13.1,9.1
559,17.6,0.0,16.4,13.3,9.3
560,18.0,0.0,16.9,13.7,9.6
561,18.0,0.0,16.9,3.0,3.4
562,18.2,3.8,17.1,3.1,3.5
563,18.1,3.3,17.1,3.0,3.4
564,18.1,3.0,17.0,2.9,3.4
565,18.1,3.0,9.4,8.4,6.5
566,18.0,2.6,9.4,2.9,3.3
567,18.1,2.9,9.4,3.0,3.4
568,13.2,7.9,9.9,3.5,3.8
569,13.4,9.0,10.1,3.7,4.0
570,13.5,9.5,10.2,14.7,10.3
571,13.5,9.3,10.1,14.7,10.3
572,5.3,6.9,-1.4,14.6,10.3
573,5.3,6.8,-1.5,14.6,10.2
574,5.2,6.6,-1.5,14.5,10.2
575,5.3,6.8,-1.5,14.6,10.2
576,13.3,8.5,17.6,14.5,10.2
577,18.9,3.4,17.7,14.5,10.2
578,18.7,3.1,17.5,14.3,10.1
579,18.7,3.0,17.5,14.3,10.0
580,18.7,3.0,17.5,14.3,10.0
581,18.5,2.7,17.4,14.2,9.9
582,18.5,2.6,17.3,14.1,9.9
583,18.3,2.2,17.2,14.0,9.8
584,18.2,1.9,17.0,13.8,9.7
585,18.0,3.2,16.9,2.9,3.3
586,17.8,2.4,16.7,2.7,3.2
587,17.5,1.5,16.4,2.4,2.9
588,17.3,0.9,16.3,2.2,2.8
589,17.3,0.6,8.6,7.6,5.9
590,17.3,0.6,8.6,2.1,2.7
591,17.2,0.5,8.5,2.1,2.7
592,17.3,0.9,8.6,2.2,2.8
593,17.5,1.5,8.7,2.3,2.9
594,17.6,2.0,8.9,13.3,9.3
595,17.5,2.3,8.8,13.3,9.2
596,17.6,2.5,-2.7,13.3,9.3
597,17.5,2.3,-2.7,13.3,9.2
598,17.4,2.0,-2.8,13.1,9.1
599,17.5,2.3,-2.7,13.2,9.2
600,17.5,2.2,16.4,13.2,9.2
601,17.6,0.6,16.5,13.2,9.2
602,17.6,0.6,16.5,13.2,9.2
603,17.6,0.4,16.4,13.1,9.1
604,17.5,0.1,16.3,13.0,9.0
605,17.4,0.0,16.2,12.9,9.0
606,17.4,0.0,16.2,13.0,9.0
607,17.7,0.6,16.5,13.3,9.2
608,17.8,0.9,16.6,13.4,9.3
609,17.6,2.1,16.5,2.5,3.0
610,17.3,0.8,16.3,2.2,2.8
611,16.8,0.0,15.8,1.5,2.3
612,15.9,0.0,14.9,0.3,1.5
613,15.7,0.0,7.0,5.6,4.5
614,15.0,0.0,6.3,-1.1,0.8
615,17.1,0.0,8.4,2.2,2.9
616,11.0,0.0,8.0,1.8,2.6
617,11.7,0.0,8.6,2.5,3.1
618,12.3,0.0,9.1,13.9,9.7
619,13.2,3.0,9.9,14.5,10.2
620,5.6,7.7,-1.2,14.8,10.4
621,5.6,7.7,-1.2,14.8,10.4
622,5.9,8.7,-0.9,15.1,10.6
623,6.3,10.3,-0.5,15.6,11.0
624,14.3,10.1,18.6,15.5,11.0
625,20.4,6.9,19.2,16.0,11.3
626,20.4,7.0,19.2,16.1,11.4
627,20.4,7.0,19.2,16.1,11.4
628,20.6,7.5,19.4,16.3,11.6
629,20.9,8.2,19.7,16.6,11.8
630,21.2,8.8,20.0,16.9,12.0
631,20.9,8.2,19.7,16.7,11.9
632,21.2,8.9,20.0,17.0,12.1
633,20.8,12.1,19.8,16.8,11.9
634,19.8,7.0,18.7,15.5,11.1
635,18.9,0.0,17.6,14.0,10.1
636,18.0,0.0,16.7,12.7,9.3
637,17.6,0.0,8.9,12.7,9.2
638,17.4,0.0,8.9,12.7,9.2
639,16.8,0.0,8.3,12.4,8.9
640,11.4,0.0,8.4,13.0,9.1
641,12.0,0.0,8.9,13.6,9.6
642,12.7,0.6,9.4,14.1,9.9
643,12.9,7.1,9.6,14.1,9.9
644,4.9,5.6,-1.8,14.2,10.0
645,5.0,5.8,-1.7,14.3,10.0
646,5.1,6.1,-1.6,14.4,10.1
647,4.9,5.4,-1.8,14.2,10.0
648,13.0,7.3,17.3,14.2,9.9
649,18.2,2.0,17.1,13.9,9.7
650,18.2,1.9,17.0,13.8,9.7
651,17.8,1.1,16.7,13.5,9.4
652,18.0,1.5,16.9,13.7,9.5
653,18.0,1.5,16.9,13.7,9.5
654,18.6,2.8,17.4,14.2,10.0
655,18.3,2.1,17.1,13.9,9.7
656,18.6,2.8,17.4,14.2,10.0
657,18.2,4.1,17.2,14.0,9.8
658,17.6,1.3,16.6,13.3,9.3
659,16.5,0.0,15.3,11.6,8.2
660,16.7,0.0,15.8,12.3,8.6
661,16.3,0.0,7.7,11.8,8.3
662,15.4,0.0,6.8,10.6,7.6
663,15.6,0.0,7.1,10.4,7.9
664,10.1,0.0,7.5,12.2,8.6
665,11.2,0.0,8.3,13.3,9.4
666,12.5,0.0,9.4,14.4,10.2
667,13.0,0.0,9.8,14.6,10.3
668,5.4,4.7,-1.3,14.8,10.4
669,6.0,9.1,-0.8,15.3,10.7
670,6.1,9.5,-0.7,15.4,10.8
671,6.3,10.1,-0.5,15.6,11.0
672,14.4,13.3,18.7,15.6,11.0
673,20.0,6.0,18.8,15.7,11.1
674,20.1,6.3,18.9,15.8,11.2
675,20.1,6.4,18.9,15.8,11.2
676,20.3,6.9,19.1,16.0,11.4
677,20.5,7.3,19.3,16.2,11.5
678,20.3,6.9,19.2,16.1,11.4
679,20.7,7.7,19.5,16.4,11.7
680,21.0,8.5,19.9,16.8,12.0
681,20.2,10.3,19.2,5.3,5.2
682,19.1,1.4,17.6,3.5,4.0
683,18.0,0.0,16.1,1.4,2.8
684,17.2,0.0,15.6,0.5,2.3
685,16.5,0.0,7.3,5.1,5.1
686,16.3,0.0,7.5,-0.4,2.1
687,16.2,0.0,7.8,-0.4,2.4
688,16.4,0.0,7.6,-2.0,2.5
689,16.9,0.0,8.1,2.7,3.5
690,18.1,0.0,9.2,15.1,11.0
691,18.8,0.0,9.9,15.6,11.3
692,19.6,0.0,-1.3,16.3,11.7
693,20.4,0.0,-0.3,16.8,12.1
694,21.4,5.2,1.0,17.5,12.6
695,22.2,18.8,2.0,18.2,13.0
696,22.4,19.7,21.4,18.5,13.2
697,23.0,13.1,21.8,18.8,13.6
698,23.2,13.6,22.0,19.1,13.7
699,23.3,13.9,22.2,19.2,13.9
700,23.6,14.7,22.5,19.6,14.1
701,23.8,15.1,22.7,19.8,14.3
702,23.9,15.3,22.8,19.9,14.4
703,24.0,15.5,22.9,20.0,14.5
704,24.1,15.8,23.0,20.1,14.6
705,23.9,21.9,23.0,9.3,8.3
706,22.7,14.9,21.6,7.6,7.2
707,21.5,4.9,20.0,5.6,6.0
708,20.2,0.0,18.7,3.8,4.9
709,19.4,0.0,10.4,8.1,7.4
710,18.5,0.0,9.9,1.8,3.8
711,18.3,0.0,10.1,1.7,4.1
712,18.5,0.0,9.9,0.1,4.0
713,19.0,0.0,10.4,4.7,5.0
714,20.2,0.0,11.5,16.9,12.3
715,21.0,0.0,12.4,17.5,12.7
716,22.1,14.7,1.9,18.3,13.2
717,22.4,19.6,2.3,18.5,13.4
718,22.7,20.8,2.6,18.9,13.7
719,22.8,21.0,2.7,18.9,13.7
720,23.1,22.0,22.1,19.3,14.0
721,23.4,14.3,22.4,19.5,14.1
722,23.9,15.5,22.9,20.0,14.5
723,23.8,15.3,22.8,19.9,14.5
724,23.7,15.1,22.7,19.8,14.4
725,23.6,14.9,22.6,19.7,14.3
726,23.5,14.8,22.6,19.7,14.3
727,23.9,15.6,22.9,20.0,14.6
728,24.0,16.0,23.1,20.2,14.7
729,23.2,19.9,22.4,8.7,8.0
730,21.6,11.4,20.6,6.6,6.5
731,20.1,0.7,18.7,4.3,5.0
732,18.8,0.0,17.4,2.4,3.9
733,17.4,0.0,8.5,6.3,6.1
734,16.4,0.0,7.9,-0.1,2.4
735,15.9,0.0,7.8,-0.5,2.4
736,9.5,0.0,7.3,-2.3,2.2
737,9.8,0.0,7.9,2.3,3.3
738,11.7,0.0,9.4,15.1,11.1
739,12.7,0.0,10.2,15.6,11.3
740,4.9,0.0,-0.9,16.0,11.6
741,5.2,0.0,-1.0,15.5,11.1
742,6.7,9.8,0.2,16.5,11.8
743,7.6,15.0,1.0,17.2,12.3
744,15.4,17.9,19.9,16.9,12.1
745,20.6,7.7,19.5,16.5,11.8
746,20.3,7.1,19.3,16.2,11.6
747,20.1,6.6,19.0,16.0,11.4
748,19.9,6.2,18.9,15.8,11.3
749,19.8,5.9,18.8,15.7,11.2
750,19.7,5.7,18.7,15.6,11.1
751,19.5,5.3,18.5,15.4,11.0
752,19.4,5.0,18.4,15.3,10.9
753,19.0,6.7,18.1,4.2,4.4
754,18.9,6.3,18.0,4.0,4.3
755,18.5,4.9,17.6,3.6,4.0
756,18.3,4.1,17.4,3.4,3.8
757,18.2,3.8,9.6,8.7,6.9
758,18.1,3.4,9.6,3.2,3.7
759,18.0,3.1,9.5,3.1,3.6
760,17.8,2.7,9.2,2.9,3.4
761,17.8,2.6,9.2,2.8,3.4
762,17.7,2.5,9.1,13.6,9.6
763,17.3,2.0,8.7,13.2,9.3
764,17.2,1.3,-3.0,13.0,9.1
765,17.1,1.3,-3.0,13.0,9.1
766,17.1,1.2,-3.0,13.0,9.1
767,17.2,1.4,-2.9,13.1,9.1
768,17.2,1.6,16.3,13.1,9.2
769,17.5,0.4,16.4,13.2,9.2
770,17.6,0.6,16.5,13.3,9.3
771,17.8,1.0,16.7,13.5,9.4
772,17.8,1.1,16.7,13.5,9.5
773,18.3,2.3,17.2,14.0,9.9
774,18.3,2.2,17.1,14.0,9.8
775,18.1,1.7,17.0,13.8,9.7
776,18.0,1.6,16.9,13.7,9.6
777,18.0,3.3,17.0,3.0,3.4
778,18.0,3.4,17.0,3.0,3.5
779,17.9,2.8,16.9,2.9,3.4
780,18.5,4.6,17.5,3.5,3.8
781,18.4,4.0,9.7,8.7,6.8
782,18.3,4.0,9.7,3.3,3.7
783,18.4,4.1,9.7,3.3,3.7
784,13.0,7.3,9.8,3.4,3.8
785,13.1,7.9,9.9,3.5,3.9
786,13.2,8.2,9.9,14.5,10.2
787,13.2,8.4,9.9,14.5,10.2
788,5.2,6.4,-1.5,14.5,10.2
789,5.2,6.7,-1.4,14.6,10.3
790,5.3,6.9,-1.4,14.7,10.3
791,5.3,7.1,-1.4,14.7,10.4
792,13.5,7.2,17.8,14.7,10.4
793,19.1,4.0,17.9,14.8,10.4
794,19.1,4.1,18.0,14.8,10.5
795,19.1,4.1,18.0,14.8,10.5
796,19.2,4.2,18.0,14.9,10.5
797,19.3,4.6,18.2,15.0,10.6
798,19.4,4.8,18.3,15.1,10.7
799,19.5,5.1,18.4,15.2,10.8
800,19.5,5.1,18.4,15.3,10.8
801,19.3,7.5,18.3,15.2,10.8
802,19.3,7.2,18.3,15.2,10.7
803,19.2,6.7,18.3,15.1,10.7
804,19.2,6.6,18.2,15.1,10.7
805,19.1,6.2,10.5,15.0,10.6
806,19.0,5.9,10.4,14.9,10.5
807,19.1,6.1,10.4,14.9,10.6
808,13.7,10.0,10.5,14.9,10.6
809,13.8,10.8,10.5,15.1,10.7
810,13.9,11.1,10.6,15.2,10.7
811,13.8,10.8,10.5,15.1,10.7
812,5.6,8.0,-1.1,15.0,10.6
813,5.6,8.1,-1.0,15.0,10.6
814,5.6,8.0,-1.1,15.0,10.6
815,5.5,7.8,-1.1,14.9,10.6
816,13.6,10.1,18.0,14.9,10.5
817,19.2,4.4,18.1,14.9,10.6
818,19.4,4.7,18.2,15.1,10.7
819,19.5,5.0,18.3,15.2,10.8
820,19.5,5.1,18.4,15.3,10.8
821,20.0,6.1,18.8,15.7,11.2
822,20.1,6.3,18.9,15.8,11.3
823,20.2,6.7,19.1,16.0,11.4
824,20.4,7.3,19.3,16.2,11.6
825,20.3,10.3,19.3,16.2,11.6
826,19.7,7.0,18.7,15.5,11.1
827,19.0,1.3,17.9,14.3,10.3
828,18.3,0.0,17.2,13.2,9.7
829,17.7,0.0,9.0,12.4,9.2
830,17.4,0.0,8.9,12.1,9.2
831,17.1,0.0,8.8,12.1,9.3
832,11.5,0.0,8.8,10.6,9.5
833,11.7,0.0,9.2,14.4,10.3
834,12.8,0.0,10.0,15.1,10.8
835,13.8,0.0,10.7,15.7,11.2
836,6.4,8.8,-0.2,16.0,11.3
837,6.6,11.5,-0.1,16.0,11.4
838,6.9,12.4,0.2,16.3,11.6
839,7.0,12.9,0.3,16.4,11.7
840,15.1,16.6,19.5,16.5,11.8
841,21.0,8.6,19.9,16.8,12.0
842,21.2,9.1,20.1,17.0,12.2
843,21.3,9.3,20.2,17.2,12.3
844,21.6,9.9,20.4,17.4,12.5
845,21.8,10.4,20.7,17.6,12.7
846,21.8,10.4,20.7,17.6,12.7
847,22.0,10.8,20.9,17.9,12.8
848,22.1,11.2,21.0,18.0,13.0
849,21.8,15.1,20.8,7.0,6.6
850,20.7,5.6,19.2,5.1,5.4
851,19.5,0.0,17.7,3.1,4.2
852,18.4,0.0,16.9,1.8,3.4
853,17.6,0.0,8.6,6.3,6.1
854,16.8,0.0,8.2,0.1,2.6
855,16.7,0.0,8.5,0.5,2.9
856,17.0,0.0,8.4,1.0,3.2
857,17.8,0.0,9.1,3.4,4.0
858,18.6,0.0,9.8,15.3,11.0
859,19.3,0.0,10.6,15.9,11.4
860,20.0,0.0,-0.5,16.4,11.8
861,20.6,6.7,0.4,16.8,12.0
862,21.0,14.7,0.8,17.0,12.2
863,21.0,14.7,0.8,17.0,12.2
864,20.9,14.4,19.9,16.9,12.1
865,20.6,7.7,19.5,16.4,11.8
866,20.7,8.0,19.7,16.6,11.9
867,20.9,8.4,19.8,16.8,12.0
868,21.1,9.0,20.1,17.0,12.2
869,21.4,9.7,20.4,17.3,12.4
870,21.7,10.3,20.7,17.6,12.7
871,21.9,10.7,20.8,17.8,12.8
872,22.1,11.2,21.0,18.0,13.0
873,21.9,15.5,20.9,7.1,6.7
874,21.3,12.5,20.4,6.4,6.2
875,21.0,11.1,20.1,6.0,5.9
876,20.1,6.7,19.3,5.0,5.1
877,19.6,4.1,11.2,9.8,7.9
878,19.1,0.0,10.8,3.4,4.3
879,19.2,1.1,10.9,3.9,4.5
880,19.3,1.3,10.9,3.7,4.5
881,19.7,8.3,11.2,4.8,4.9
882,20.1,10.0,11.5,16.1,11.5
883,20.2,12.1,11.6,16.3,11.7
884,20.4,12.6,0.3,16.4,11.8
885,20.4,12.8,0.3,16.5,11.8
886,20.5,13.0,0.4,16.5,11.9
887,20.7,13.6,0.6,16.8,12.0
888,20.7,13.7,19.7,16.8,12.0
889,21.0,8.7,20.0,16.9,12.2
890,21.2,9.2,20.2,17.1,12.3
891,21.4,9.8,20.4,17.4,12.5
892,21.5,9.9,20.5,17.5,12.6
893,21.6,10.2,20.6,17.6,12.7
894,21.8,10.6,20.8,17.8,12.8
895,21.7,10.5,20.7,17.7,12.8
896,21.9,10.8,20.9,17.9,12.9
897,21.6,14.7,20.7,6.9,6.6
898,20.6,10.8,19.8,5.8,5.7
899,19.5,5.0,18.7,4.4,4.7
900,18.7,0.0,17.8,3.2,4.0
901,18.0,0.0,9.5,7.7,6.5
902,17.6,0.0,9.2,1.3,3.1
903,17.3,0.0,9.3,0.8,3.2
904,11.8,0.0,9.3,-0.3,3.4
905,12.1,0.0,9.7,3.8,4.3
906,13.5,0.0,10.8,15.9,11.5
907,14.5,3.7,11.5,16.4,11.8
908,7.3,14.1,0.7,16.9,12.1
909,7.6,15.0,0.9,17.1,12.3
910,7.5,14.6,0.9,17.0,12.2
911,7.3,14.1,0.7,16.9,12.1
912,15.4,17.6,19.8,16.8,12.1
913,21.0,8.8,20.0,17.0,12.2
914,21.1,8.9,20.1,17.0,12.2
915,21.1,9.0,20.1,17.1,12.3
916,21.3,9.4,20.3,17.2,12.4
917,21.7,10.3,20.6,17.6,12.7
918,22.2,11.6,21.2,18.2,13.1
919,22.5,12.2,21.4,18.5,13.4
920,22.1,11.4,21.1,18.1,13.1
921,21.8,15.3,20.9,7.1,6.7
922,20.7,9.3,19.7,5.7,5.7
923,20.3,8.4,19.6,5.3,5.4
924,19.6,2.8,18.7,4.2,4.7
925,19.2,0.0,10.7,8.8,7.5
926,19.0,0.0,10.6,2.9,4.2
927,18.8,0.0,10.8,2.5,4.3
928,19.0,0.0,10.6,1.4,4.4
929,19.5,0.0,11.1,5.0,5.2
930,20.4,0.0,11.8,16.8,12.1
931,20.7,10.5,12.1,16.9,12.2
932,21.1,15.0,1.0,17.2,12.3
933,21.3,15.7,1.2,17.4,12.5
934,21.3,15.9,1.2,17.4,12.6
935,21.4,16.4,1.4,17.6,12.7
936,21.9,18.1,21.0,18.1,13.1
937,22.7,12.6,21.6,18.7,13.5
938,23.1,13.7,22.1,19.2,13.9
939,23.3,14.2,22.3,19.4,14.1
940,23.6,14.9,22.6,19.7,14.3
941,23.7,15.1,22.7,19.8,14.4
942,23.8,15.5,22.9,20.0,14.5
943,23.8,15.4,22.8,19.9,14.5
944,24.0,16.0,23.1,20.2,14.7
945,23.9,22.0,23.1,9.4,8.5
946,23.4,18.9,22.6,8.7,8.0
947,22.6,13.2,21.7,7.5,7.2
948,21.8,6.8,20.8,6.2,6.4
949,21.2,3.1,12.7,10.9,9.2
950,21.0,2.5,12.8,5.3,6.0
951,20.9,3.0,12.9,5.3,6.0
952,16.0,9.5,13.1,5.2,6.3
953,16.7,23.1,13.7,7.4,7.0
954,17.3,26.1,14.2,19.0,13.8
955,17.6,27.5,14.5,19.3,14.1
956,10.0,23.8,3.5,19.9,14.5
957,10.6,25.7,4.0,20.4,14.9
958,10.5,25.4,4.0,20.3,14.8
959,10.4,25.2,3.9,20.3,14.8
960,17.4,21.5,22.0,19.2,14.0
961,22.6,12.8,21.7,18.8,13.7
962,22.1,11.5,21.2,18.2,13.2
963,22.0,11.2,21.0,18.1,13.1
964,21.5,10.1,20.6,17.6,12.8
965,20.9,8.8,20.0,17.0,12.3
966,20.8,8.6,19.9,16.9,12.2
967,20.9,8.8,20.0,17.0,12.3
968,21.0,8.9,20.1,17.1,12.4
969,20.8,12.2,19.9,17.0,12.3
970,20.0,7.8,19.2,16.0,11.6
971,19.5,6.0,18.8,15.4,11.2
972,19.6,7.5,18.9,15.7,11.3
973,18.7,2.5,10.4,14.5,10.4
974,18.7,3.6,10.4,14.6,10.5
975,18.9,5.2,10.6,14.9,10.7
976,13.6,9.1,10.6,14.9,10.8
977,13.9,11.1,10.8,15.4,11.0
978,14.2,12.6,11.1,15.7,11.3
979,14.3,13.3,11.2,15.8,11.4
980,6.3,10.6,-0.3,15.9,11.4
981,6.3,10.6,-0.3,15.9,11.4
982,6.3,10.5,-0.3,15.9,11.4
983,6.3,10.5,-0.3,15.9,11.4
984,14.4,13.6,18.9,15.9,11.4
985,19.9,6.3,18.9,15.9,11.4
986,19.9,6.3,18.9,15.9,11.4
987,19.9,6.2,18.9,15.8,11.3
988,19.9,6.2,18.9,15.8,11.3
989,20.0,6.4,19.0,15.9,11.4
990,20.0,6.4,19.0,15.9,11.4
991,20.0,6.5,19.0,16.0,11.4
992,20.0,6.5,19.0,16.0,11.4
993,19.9,9.4,19.0,16.0,11.4
994,19.6,8.1,18.7,15.6,11.2
995,19.3,6.6,18.5,15.3,10.9
996,18.9,4.3,18.1,14.7,10.5
997,18.2,1.5,9.9,14.0,10.0
998,17.7,0.0,9.4,13.3,9.6
999,17.3,0.0,9.2,12.1,9.3
1000,11.8,0.0,9.0,11.0,9.3
1001,12.0,0.0,9.3,14.1,10.1
1002,13.3,0.0,10.3,15.1,10.8
1003,14.3,10.9,11.1,15.8,11.3
1004,6.6,11.7,0.0,16.2,11.5
1005,6.2,10.2,-0.4,15.7,11.2
1006,6.2,10.2,-0.4,15.7,11.2
1007,6.1,10.0,-0.5,15.6,11.2
1008,14.2,12.8,18.7,15.6,11.1
1009,19.9,6.0,18.8,15.7,11.2
1010,20.0,6.3,18.9,15.8,11.3
1011,19.9,6.2,18.9,15.8,11.3
1012,19.9,6.2,18.9,15.8,11.3
1013,20.4,7.2,19.3,16.2,11.6
1014,20.7,8.0,19.6,16.6,11.9
1015,21.2,9.2,20.2,17.2,12.3
1016,21.6,10.0,20.5,17.5,12.6
1017,20.9,11.7,19.9,6.0,5.9
1018,19.7,4.2,18.5,4.3,4.7
1019,18.6,0.0,17.2,2.6,3.6
1020,17.1,0.0,15.8,0.7,2.4
1021,16.2,0.0,7.4,5.1,5.1
1022,15.3,0.0,6.8,-1.3,1.5
1023,15.0,0.0,7.0,-1.3,1.7
1024,15.0,0.0,6.5,-2.8,1.6
1025,15.5,0.0,6.8,1.3,2.5
1026,16.8,0.0,8.0,13.9,10.2
1027,17.7,0.0,8.9,14.8,10.8
1028,18.3,0.0,-2.7,15.2,11.0
1029,19.0,0.0,-1.8,15.6,11.3
1030,19.6,0.0,-1.0,16.0,11.6
1031,20.2,0.0,-0.2,16.4,11.8
1032,20.9,12.9,19.8,16.9,12.1
1033,21.3,9.2,20.2,17.1,12.3
1034,21.7,10.3,20.6,17.6,12.6
1035,21.9,10.7,20.8,17.8,12.8
1036,22.2,11.4,21.1,18.1,13.0
1037,22.3,11.6,21.2,18.2,13.1
1038,22.7,12.6,21.6,18.7,13.5
1039,22.8,12.8,21.7,18.8,13.6
1040,22.6,12.4,21.5,18.6,13.4
1041,22.0,15.4,21.1,7.2,6.8
1042,20.4,5.3,19.1,5.0,5.2
1043,18.6,0.0,17.1,2.4,3.6
1044,17.2,0.0,15.7,0.6,2.4
1045,16.3,0.0,7.5,5.3,5.2
1046,15.3,0.0,6.9,-1.2,1.6
1047,15.0,0.0,7.0,-1.3,1.7
1048,15.1,0.0,6.6,-2.7,1.7
1049,15.7,0.0,7.1,1.7,2.7
1050,17.0,0.0,8.2,14.2,10.4
1051,18.0,0.0,9.2,15.1,11.0
1052,18.8,0.0,-2.2,15.6,11.4
1053,19.5,0.0,-1.3,16.1,11.6
1054,20.1,0.0,-0.5,16.4,11.8
1055,20.5,4.2,0.2,16.7,12.0
1056,20.9,14.3,19.9,16.9,12.1
1057,21.3,9.4,20.2,17.2,12.3
1058,21.7,10.2,20.6,17.6,12.6
1059,21.9,10.6,20.8,17.8,12.8
1060,21.7,10.2,20.6,17.6,12.6
1061,21.8,10.6,20.7,17.7,12.8
1062,22.2,11.4,21.1,18.1,13.0
1063,22.1,11.3,21.1,18.1,13.0
1064,21.1,8.9,20.0,17.0,12.2
1065,20.7,12.0,19.8,6.0,5.8
1066,20.5,10.4,19.6,5.6,5.5
1067,20.1,8.6,19.2,5.1,5.2
1068,19.6,6.5,18.8,4.6,4.8
1069,19.0,3.6,10.6,9.2,7.4
1070,18.1,0.0,9.8,2.8,3.5
1071,17.7,0.0,9.6,1.8,3.2
1072,12.2,0.0,9.4,1.4,3.3
1073,12.6,0.0,9.7,3.3,3.8
1074,13.8,8.0,10.6,15.3,10.9
1075,14.4,13.6,11.2,15.8,11.3
1076,6.6,11.7,-0.0,16.1,11.5
1077,6.8,12.4,0.2,16.3,11.7
1078,6.9,12.7,0.3,16.4,11.7
1079,7.0,13.0,0.4,16.5,11.8
1080,15.2,16.7,19.6,16.6,11.9
1081,21.0,8.6,19.9,16.9,12.1
1082,21.0,8.7,20.0,16.9,12.1
1083,21.1,9.0,20.1,17.0,12.2
1084,21.2,9.1,20.1,17.1,12.3
1085,21.5,9.8,20.4,17.4,12.5
1086,21.7,10.3,20.6,17.6,12.7
1087,21.9,10.7,20.8,17.8,12.8
1088,22.0,11.1,21.0,18.0,13.0
1089,21.6,14.4,20.7,6.8,6.5
1090,20.7,9.6,19.8,5.7,5.6
1091,19.3,1.4,18.3,3.8,4.4
1092,18.3,0.0,17.2,2.3,3.4
1093,17.2,0.0,8.7,6.6,5.9
1094,16.3,0.0,8.0,0.1,2.1
1095,16.4,0.0,8.3,0.5,2.5
1096,16.7,0.0,8.3,0.2,2.8
1097,17.1,0.0,8.7,2.6,3.4
1098,18.0,0.0,9.4,14.6,10.5
1099,18.7,0.0,10.0,15.2,10.9
1100,19.3,0.0,-1.1,15.6,11.2
1101,20.0,3.5,-0.3,16.1,11.5
1102,20.5,12.9,0.3,16.5,11.8
1103,20.7,13.7,0.6,16.7,12.0
1104,20.8,13.9,19.8,16.8,12.0
1105,21.0,8.7,20.0,16.9,12.1
1106,21.3,9.3,20.2,17.2,12.3
1107,21.4,9.7,20.4,17.3,12.5
1108,21.3,9.3,20.2,17.2,12.4
1109,21.9,10.8,20.9,17.9,12.9
1110,22.1,11.2,21.0,18.0,13.0
1111,22.2,11.4,21.1,18.1,13.1
1112,22.3,11.8,21.3,18.3,13.2
1113,21.8,15.0,20.9,7.0,6.6
1114,20.9,11.3,20.0,6.0,5.9
1115,20.2,8.7,19.4,5.2,5.3
1116,19.7,7.0,18.9,4.7,4.9
1117,18.6,1.2,10.3,8.8,7.1
1118,18.4,0.0,10.1,3.0,3.8
1119,18.5,0.8,10.2,3.3,3.9
1120,12.9,0.0,10.0,2.1,3.7
1121,13.1,5.8,10.1,3.6,4.0
1122,14.1,12.1,10.9,15.5,11.0
1123,14.7,14.9,11.5,16.2,11.6
1124,6.9,12.6,0.3,16.4,11.7
1125,7.0,12.9,0.4,16.5,11.8
1126,7.0,12.9,0.4,16.5,11.8
1127,7.0,12.9,0.4,16.5,11.8
1128,15.0,12.8,19.5,16.5,11.8
1129,20.5,7.5,19.5,16.4,11.7
1130,20.5,7.4,19.4,16.3,11.7
1131,20.4,7.2,19.3,16.2,11.6
1132,20.4,7.2,19.3,16.3,11.6
1133,20.5,7.4,19.4,16.4,11.7
1134,20.4,7.2,19.3,16.3,11.6
1135,20.4,7.3,19.4,16.3,11.7
1136,20.6,7.7,19.5,16.5,11.8
1137,20.3,10.2,19.4,16.3,11.7
1138,19.5,5.1,18.6,15.2,10.9
1139,19.3,5.0,18.5,15.0,10.8
1140,17.4,0.0,16.3,12.1,8.9
1141,16.2,0.0,7.4,10.3,8.1
1142,15.5,0.0,7.2,10.1,8.0
1143,15.4,0.0,7.4,10.3,8.4
1144,9.2,0.0,7.2,9.0,8.6
1145,9.8,0.0,7.9,13.5,9.8
1146,11.2,0.0,8.9,14.6,10.6
1147,12.3,0.0,9.7,15.2,11.0
1148,4.3,0.0,-1.5,15.7,11.3
1149,5.5,0.0,-0.6,16.2,11.6
1150,6.7,7.4,0.2,16.5,11.8
1151,7.5,14.7,0.8,17.0,12.1
1152,15.7,19.2,20.1,17.1,12.3
1153,21.7,10.1,20.6,17.5,12.6
1154,21.7,10.3,20.6,17.6,12.6
1155,21.9,10.7,20.8,17.8,12.8
1156,22.2,11.3,21.1,18.1,13.0
1157,21.6,10.1,20.5,17.5,12.6
1158,21.5,9.9,20.5,17.4,12.5
1159,21.5,9.9,20.5,17.4,12.5
1160,21.4,9.6,20.3,17.3,12.4
1161,20.9,12.1,20.0,17.0,12.2
1162,19.7,7.0,18.8,15.5,11.1
1163,19.6,6.9,18.7,15.4,11.0
1164,19.2,5.7,18.4,15.1,10.8
1165,19.1,5.4,10.6,14.9,10.6
1166,19.1,5.4,10.6,14.9,10.6
1167,18.8,3.8,10.3,14.5,10.4
1168,13.4,8.0,10.3,14.6,10.4
1169,13.9,11.2,10.8,15.3,10.9
1170,14.2,12.4,11.0,15.6,11.1
1171,14.4,13.4,11.2,15.8,11.3
1172,6.3,10.7,-0.3,15.8,11.3
1173,6.3,10.7,-0.3,15.8,11.3
1174,6.2,10.3,-0.4,15.7,11.2
1175,6.2,10.3,-0.4,15.7,11.2
1176,14.5,14.0,18.9,15.9,11.4
1177,20.3,7.0,19.2,16.2,11.5
1178,20.6,7.6,19.5,16.4,11.7
1179,20.4,7.3,19.3,16.3,11.6
1180,20.4,7.2,19.3,16.2,11.6
1181,20.3,6.9,19.2,16.1,11.5
1182,20.1,6.6,19.1,16.0,11.4
1183,20.3,7.0,19.2,16.1,11.5
1184,20.3,7.1,19.3,16.2,11.6
1185,20.1,10.0,19.2,5.3,5.3
1186,20.1,9.5,19.1,5.2,5.2
1187,19.8,8.1,18.9,4.8,5.0
1188,19.2,5.3,18.4,4.2,4.5
1189,19.0,4.6,10.6,9.4,7.4
1190,19.3,5.9,10.9,4.3,4.6
1191,19.5,6.5,11.0,4.5,4.7
1192,19.5,6.3,11.0,4.4,4.7
1193,19.4,7.2,10.9,4.5,4.7
1194,20.0,9.5,11.5,16.0,11.5
1195,20.2,11.9,11.6,16.2,11.6
1196,20.8,14.1,0.7,16.9,12.1
1197,21.2,15.6,1.1,17.3,12.4
1198,21.5,16.5,1.4,17.6,12.7
1199,21.9,18.1,1.8,18.1,13.0
1200,22.1,18.6,21.1,18.2,13.1
1201,22.4,12.0,21.4,18.4,13.3
1202,22.7,12.7,21.7,18.7,13.5
1203,22.9,13.1,21.8,18.9,13.7
1204,22.8,12.9,21.7,18.8,13.6
1205,23.0,13.3,21.9,19.0,13.8
1206,23.2,14.0,22.2,19.3,14.0
1207,24.3,16.4,23.3,20.4,14.9
1208,24.0,15.8,23.0,20.1,14.6
1209,22.6,12.5,21.0,7.3,7.0
1210,20.4,0.0,18.4,4.2,4.9
1211,19.4,0.0,17.7,2.9,4.2
1212,18.1,0.0,16.7,1.3,3.2
1213,18.7,0.0,10.4,9.2,7.5
1214,18.0,0.0,9.8,2.5,3.7
1215,17.8,0.0,9.6,2.5,3.6
1216,18.4,0.0,10.1,1.8,4.0
1217,19.0,0.0,10.6,4.4,4.7
1218,20.1,0.0,11.6,16.5,11.9
1219,21.4,11.6,12.8,17.6,12.7
1220,21.8,17.8,1.8,18.0,13.0
1221,23.1,22.2,3.0,19.3,14.0
1222,23.4,23.4,3.4,19.7,14.3
1223,24.2,26.0,4.1,20.5,14.9
1224,24.5,27.1,23.6,20.8,15.1
1225,24.8,17.6,23.8,20.9,15.3
1226,25.2,18.5,24.2,21.4,15.6
1227,25.3,18.8,24.3,21.5,15.7
1228,25.4,19.0,24.4,21.6,15.8
1229,25.7,19.9,24.7,22.0,16.1
1230,26.0,20.6,25.1,22.3,16.4
1231,26.2,21.1,25.3,22.5,16.5
1232,26.1,20.9,25.2,22.4,16.5
1233,23.7,17.2,22.4,8.7,8.1
1234,21.0,3.9,19.5,5.3,5.8
1235,19.7,0.0,18.3,3.7,4.7
1236,18.6,0.0,17.5,2.4,3.8
1237,17.3,0.0,8.6,5.6,5.9
1238,17.5,0.0,9.3,1.4,3.5
1239,17.3,0.0,9.7,1.1,3.7
1240,11.3,0.0,9.4,-0.2,3.7
1241,11.9,0.0,10.1,4.3,4.7
1242,13.7,0.0,11.3,16.7,12.2
1243,15.2,0.0,12.4,17.5,12.8
1244,8.3,17.7,1.8,18.1,13.1
1245,9.1,20.5,2.5,18.8,13.7
1246,10.0,23.7,3.5,19.8,14.4
1247,10.8,26.4,4.3,20.6,15.0
1248,19.1,33.9,23.6,20.9,15.2
1249,25.1,18.3,24.1,21.3,15.6
1250,25.6,19.6,24.6,21.9,16.0
1251,25.7,20.0,24.8,22.0,16.1
1252,25.8,20.2,24.9,22.1,16.2
1253,26.0,20.6,25.1,22.3,16.4
1254,26.0,20.6,25.1,22.3,16.4
1255,25.8,20.2,24.9,22.1,16.3
1256,25.8,20.1,24.9,22.1,16.3
1257,23.4,18.7,22.5,8.7,8.1
1258,21.6,10.5,20.7,6.6,6.6
1259,20.0,4.7,19.3,4.8,5.3
1260,20.1,7.2,19.5,5.2,5.4
1261,20.0,7.7,11.7,10.6,8.5
1262,19.6,6.1,11.3,4.7,5.0
1263,19.9,8.0,11.6,5.1,5.3
1264,19.8,8.3,11.4,5.1,5.3
1265,19.7,8.3,11.3,5.0,5.2
1266,19.9,9.4,11.5,16.1,11.6
1267,19.9,11.3,11.5,16.1,11.6
1268,20.5,13.1,0.5,16.7,12.1
1269,20.5,13.1,0.5,16.7,12.1
1270,20.4,12.8,0.4,16.6,12.0
1271,21.2,15.7,1.2,17.4,12.6
1272,21.2,15.7,20.4,17.4,12.6
1273,22.1,11.5,21.2,18.2,13.2
1274,21.7,10.5,20.7,17.8,12.9
1275,21.7,10.5,20.7,17.8,12.9
1276,21.5,10.1,20.6,17.6,12.7
1277,21.6,10.4,20.7,17.7,12.9
1278,21.7,10.6,20.8,17.8,12.9
1279,21.9,11.0,20.9,18.0,13.1
1280,22.7,12.9,21.8,18.9,13.7
1281,22.4,16.6,21.6,7.8,7.3
1282,21.0,7.7,20.0,5.8,6.0
1283,19.7,0.0,18.2,3.5,4.6
1284,18.4,0.0,17.1,1.8,3.6
1285,17.6,0.0,9.0,6.5,6.3
1286,17.2,0.0,9.1,1.0,3.2
1287,17.2,0.0,9.5,0.9,3.6
1288,10.9,0.0,9.0,-0.6,3.4
1289,11.4,0.0,9.7,3.9,4.4
1290,13.4,0.0,11.1,16.5,12.1
1291,15.3,0.0,12.6,17.8,13.0
1292,8.5,16.1,2.0,18.3,13.3
1293,8.9,19.9,2.4,18.7,13.5
1294,9.2,20.9,2.7,19.0,13.7
1295,9.4,21.6,2.9,19.2,13.9
1296,17.8,22.5,22.3,19.4,14.1
1297,23.7,15.2,22.8,19.9,14.5
1298,23.9,15.7,23.0,20.1,14.6
1299,24.7,17.5,23.7,20.9,15.3
1300,25.0,18.1,24.0,21.2,15.5
1301,25.0,18.3,24.1,21.2,15.5
1302,24.7,17.6,23.8,21.0,15.3
1303,24.7,17.5,23.7,20.9,15.3
1304,25.1,18.6,24.2,21.4,15.7
1305,23.3,19.5,22.5,19.6,14.3
1306,20.3,8.5,19.6,16.3,11.8
1307,19.9,7.8,19.2,15.9,11.5
1308,17.3,0.0,16.5,12.4,9.2
1309,16.2,0.0,7.7,10.5,8.3
1310,15.5,0.0,7.4,9.9,8.2
1311,15.6,0.0,8.0,10.3,8.9
1312,9.4,0.0,7.7,9.3,9.0
1313,9.7,0.0,8.2,13.7,10.0
1314,11.4,0.0,9.4,15.1,11.0
1315,13.1,0.0,10.7,16.2,11.9
1316,5.6,0.0,-0.2,16.9,12.3
1317,6.9,4.3,0.7,17.3,12.5
1318,7.9,16.1,1.3,17.5,12.6
1319,8.3,17.5,1.7,17.9,12.9
1320,16.7,23.6,21.2,18.3,13.3
1321,22.6,12.5,21.6,18.7,13.5
1322,22.4,12.1,21.4,18.5,13.4
1323,22.1,11.4,21.1,18.2,13.1
1324,21.9,11.0,21.0,18.0,13.0
1325,21.8,10.8,20.9,17.9,12.9
1326,21.7,10.5,20.7,17.7,12.8
1327,21.6,10.2,20.6,17.6,12.7
1328,21.6,10.4,20.7,17.7,12.8
1329,21.3,13.6,20.5,17.5,12.7
1330,20.5,9.2,19.7,16.4,11.9
1331,19.5,1.7,18.6,14.9,10.9
1332,19.2,0.0,18.4,14.5,10.6
1333,19.0,1.7,10.7,14.5,10.5
1334,18.4,0.0,10.2,13.7,10.1
1335,17.9,0.0,9.9,13.0,9.8
1336,12.3,0.0,9.7,11.3,9.7
1337,12.6,0.0,10.1,14.7,10.5
1338,14.0,5.3,11.1,15.7,11.3
1339,15.3,17.2,12.1,16.8,12.0
1340,7.5,14.7,0.9,17.1,12.3
1341,7.9,16.1,1.3,17.5,12.6
1342,8.4,18.0,1.8,18.0,13.0
1343,8.5,18.5,2.0,18.2,13.1
1344,16.8,23.8,21.2,18.4,13.3
1345,22.8,12.9,21.7,18.8,13.6
1346,23.0,13.4,22.0,19.1,13.8
1347,23.2,14.0,22.2,19.3,14.0
1348,23.5,14.6,22.5,19.6,14.2
1349,23.6,15.0,22.6,19.8,14.4
1350,23.8,15.4,22.9,20.0,14.5
1351,24.0,15.8,23.0,20.1,14.7
1352,24.1,16.2,23.2,20.3,14.8
1353,23.1,17.2,22.1,8.2,7.7
1354,21.5,6.7,20.1,5.9,6.1
1355,19.7,0.0,18.2,3.5,4.5
1356,18.2,0.0,16.9,1.6,3.3
1357,16.9,0.0,8.3,5.7,5.7
1358,16.3,0.0,8.2,-0.2,2.4
1359,16.0,0.0,8.3,-0.3,2.6
1360,16.3,0.0,8.1,-1.5,2.7
1361,16.7,0.0,8.5,2.8,3.6
1362,18.1,0.0,9.5,15.3,11.2
1363,19.3,0.0,10.6,16.3,11.9
1364,20.1,0.0,-0.5,16.9,12.3
1365,21.0,0.0,0.6,17.5,12.7
1366,21.8,14.2,1.7,18.1,13.1
1367,22.3,19.3,2.2,18.5,13.3
1368,22.6,20.5,21.7,18.8,13.6
1369,23.1,13.7,22.1,19.2,13.9
1370,23.5,14.6,22.5,19.6,14.2
1371,23.7,15.1,22.7,19.8,14.4
1372,24.0,15.8,23.0,20.1,14.6
1373,24.0,15.9,23.0,20.2,14.7
1374,24.2,16.4,23.3,20.4,14.9
1375,24.4,16.9,23.5,20.6,15.0
1376,24.6,17.2,23.6,20.8,15.2
1377,23.2,17.3,22.2,8.4,7.8
1378,21.4,6.1,20.0,5.8,6.1
1379,19.5,0.0,17.9,3.2,4.3
1380,17.7,0.0,16.4,1.1,2.9
1381,16.7,0.0,8.1,5.5,5.6
1382,15.3,0.0,7.3,-1.1,1.7
1383,15.1,0.0,7.4,-1.2,2.0
1384,14.9,0.0,6.7,-2.8,1.7
1385,15.4,0.0,7.1,1.5,2.7
1386,16.8,0.0,8.2,14.1,10.4
1387,18.0,0.0,9.3,15.2,11.2
1388,19.0,0.0,-2.0,16.0,11.7
1389,20.0,0.0,-0.7,16.7,12.2
1390,20.3,0.0,-0.1,16.8,12.2
1391,21.0,7.6,0.8,17.3,12.5
1392,21.6,16.9,20.7,17.7,12.8
1393,22.0,11.0,20.9,18.0,13.0
1394,21.8,10.6,20.8,17.8,12.8
1395,21.7,10.4,20.7,17.7,12.8
1396,21.6,10.3,20.6,17.6,12.7
1397,21.6,10.2,20.6,17.6,12.7
1398,21.8,10.7,20.8,17.8,12.9
1399,22.3,11.8,21.3,18.3,13.2
1400,22.2,11.6,21.2,18.2,13.2
1401,20.9,9.8,19.8,5.9,5.8
1402,18.9,0.0,17.4,3.1,3.9
1403,17.2,0.0,15.6,0.7,2.4
1404,16.2,0.0,15.4,0.3,2.0
1405,15.8,0.0,7.4,5.8,5.1
1406,15.5,0.0,7.3,0.3,1.8
1407,15.6,0.0,7.3,0.5,2.0
1408,9.8,0.0,7.5,0.9,2.3
1409,10.6,0.0,8.2,2.1,2.9
1410,11.5,0.0,8.8,13.8,9.9
1411,12.2,0.0,9.4,14.4,10.3
1412,4.2,0.0,-2.0,14.5,10.3
1413,4.8,0.3,-1.6,14.6,10.4
1414,5.2,6.7,-1.4,14.6,10.3
1415,5.1,6.3,-1.5,14.5,10.3
1416,13.2,8.1,17.6,14.5,10.2
1417,18.5,2.9,17.5,14.3,10.1
1418,18.4,2.5,17.3,14.1,10.0
1419,18.7,3.2,17.6,14.4,10.2
1420,18.9,3.8,17.8,14.7,10.4
1421,19.1,4.1,18.0,14.8,10.5
1422,19.1,4.1,18.0,14.8,10.5
1423,19.1,4.1,18.0,14.8,10.5
1424,19.1,4.1,18.0,14.9,10.5
1425,18.6,4.7,17.6,3.6,3.9
1426,17.6,0.3,16.7,2.4,3.1
1427,16.2,0.0,15.4,0.7,1.9
1428,14.5,0.0,13.7,-1.4,0.4
1429,12.9,0.0,4.4,2.1,2.4
1430,12.6,0.0,4.2,-3.0,-0.6
1431,13.8,0.0,5.1,-0.9,0.6
1432,13.7,0.0,4.9,-1.0,0.6
1433,13.5,0.0,4.8,-1.6,0.4
1434,14.1,0.0,5.3,10.9,7.7
1435,14.6,0.0,5.7,11.3,8.0
1436,14.9,0.0,-6.3,11.6,8.3
1437,15.0,0.0,-6.2,11.7,8.3
1438,15.3,0.0,-5.8,11.9,8.5
1439,15.6,0.0,-5.5,12.2,8.6
1440,15.8,0.0,15.0,12.3,8.7
1441,16.3,0.0,15.4,12.6,9.0
1442,16.6,0.0,15.6,12.8,9.1
1443,16.6,0.0,15.6,12.8,9.0
1444,16.7,0.0,15.8,12.9,9.1
1445,16.9,0.0,15.9,13.0,9.2
1446,17.1,0.0,16.1,13.2,9.3
1447,17.3,0.0,16.3,13.3,9.4
1448,17.3,0.0,16.3,13.3,9.3
1449,17.1,0.0,16.2,2.2,2.9
1450,16.6,0.0,15.7,1.5,2.4
1451,16.0,0.0,15.1,0.8,1.8
1452,15.4,0.0,14.7,0.2,1.4
1453,14.8,0.0,6.2,5.0,4.1
1454,14.5,0.0,5.8,-0.6,0.8
1455,14.9,0.0,6.2,-0.0,1.2
1456,8.7,0.0,6.0,-0.2,1.1
1457,8.8,0.0,6.0,0.0,1.2
1458,8.9,0.0,6.1,11.2,7.8
1459,9.2,0.0,6.4,11.6,8.1
1460,0.3,0.0,-5.3,11.8,8.2
1461,0.2,0.0,-5.5,11.6,8.1
1462,0.3,0.0,-5.5,11.6,8.1
1463,0.4,0.0,-5.4,11.7,8.1
1464,9.1,0.0,14.2,11.3,7.8
1465,15.3,0.0,14.3,11.3,7.8
1466,15.3,0.0,14.2,11.3,7.8
1467,15.4,0.0,14.3,11.4,7.9
1468,15.8,0.0,14.8,11.8,8.2
1469,16.1,0.0,15.1,12.1,8.5
1470,15.5,0.0,14.5,11.5,8.0
1471,16.3,0.0,15.2,12.3,8.6
1472,16.6,0.0,15.6,12.6,8.8
1473,15.6,0.0,14.6,11.5,8.0
1474,13.9,0.0,12.6,9.1,6.4
1475,11.8,0.0,10.7,6.9,4.8
1476,11.0,0.0,10.3,6.4,4.5
1477,10.6,0.0,1.8,6.3,4.6
1478,11.0,0.0,2.2,7.6,5.3
1479,10.8,0.0,2.0,7.6,5.3
1480,3.4,0.0,1.9,7.6,5.5
1481,3.4,0.0,1.9,7.6,5.7
1482,3.7,0.0,2.2,8.7,6.2
1483,4.6,0.0,3.1,9.7,7.0
1484,-5.8,0.0,-9.1,10.6,7.7
1485,-4.8,0.0,-8.4,11.2,8.1
1486,-4.8,0.0,-8.6,10.8,7.7
1487,-3.9,0.0,-7.8,11.5,8.2
1488,7.7,0.0,14.2,11.9,8.5
1489,16.0,0.0,15.2,12.7,9.1
1490,16.3,0.0,15.5,13.0,9.3
1491,17.1,0.0,16.2,13.7,9.8
1492,17.5,0.0,16.5,14.0,10.0
1493,18.1,0.0,17.2,14.5,10.4
1494,18.3,0.0,17.3,14.6,10.4
1495,18.5,0.0,17.4,14.7,10.4
1496,17.7,0.0,16.6,13.7,9.6
1497,16.3,0.0,15.2,12.1,8.4
1498,14.0,0.0,12.9,9.4,6.5
1499,11.6,0.0,10.3,6.4,4.5
1500,10.1,0.0,9.3,5.2,3.7
1501,8.7,0.0,-0.2,3.8,3.0
1502,8.3,0.0,-0.4,4.2,3.3
1503,8.1,0.0,-0.6,4.8,3.6
1504,0.6,0.0,-0.3,5.8,4.2
1505,1.2,0.0,0.2,6.8,5.1
1506,1.4,0.0,0.4,7.5,5.4
1507,1.9,0.0,0.9,8.2,5.9
1508,-9.7,0.0,-12.0,8.9,6.5
1509,-9.2,0.0,-11.6,9.3,6.7
1510,-8.7,0.0,-11.3,9.4,6.8
1511,-8.2,0.0,-11.0,9.6,6.9
1512,4.1,0.0,11.6,9.6,6.9
1513,12.4,0.0,11.8,9.7,7.0
1514,12.4,0.0,11.8,9.7,6.9
1515,12.6,0.0,12.1,9.9,7.1
1516,12.8,0.0,12.2,10.0,7.1
1517,12.5,0.0,11.9,9.6,6.8
1518,12.7,0.0,12.0,9.8,6.9
1519,12.8,0.0,12.1,9.8,7.0
1520,12.8,0.0,12.1,9.8,6.9
1521,12.5,0.0,11.9,-1.9,-0.1
1522,11.8,0.0,11.2,-2.8,-0.8
1523,11.3,0.0,10.8,-3.3,-1.2
1524,11.0,0.0,10.5,-3.5,-1.4
1525,10.5,0.0,1.4,1.7,1.7
1526,10.4,0.0,1.3,-4.1,-1.7
1527,10.4,0.0,1.2,-4.0,-1.7
1528,9.0,0.0,-0.0,-5.9,-2.9
1529,9.1,0.0,-0.1,-5.7,-2.7
1530,9.6,0.0,0.3,7.2,5.0
1531,9.9,0.0,0.5,7.5,5.3
1532,10.1,0.0,-12.8,7.8,5.5
1533,10.4,0.0,-12.5,8.1,5.7
1534,10.7,0.0,-12.2,8.3,5.9
1535,10.8,0.0,-12.1,8.5,6.0
1536,11.0,0.0,10.5,8.6,6.1
1537,11.0,0.0,10.5,8.4,6.0
1538,11.1,0.0,10.6,8.5,6.0
1539,11.2,0.0,10.7,8.6,6.1
1540,11.3,0.0,10.8,8.6,6.1
1541,11.4,0.0,10.8,8.7,6.1
1542,11.4,0.0,10.8,8.7,6.1
1543,11.6,0.0,11.0,8.8,6.2
1544,11.5,0.0,10.9,8.7,6.1
1545,11.1,0.0,10.5,-3.3,-1.2
1546,10.4,0.0,10.0,-4.0,-1.7
1547,9.4,0.0,9.0,-5.2,-2.6
1548,7.9,0.0,7.8,-6.8,-3.7
1549,6.8,0.0,-2.3,-2.2,-1.0
1550,5.6,0.0,-3.3,-9.4,-5.3
1551,5.3,0.0,-3.6,-9.5,-5.3
1552,5.1,0.0,-4.1,-9.7,-5.2
1553,5.0,0.0,-4.6,-12.4,-5.5
1554,5.9,0.0,-3.7,4.9,3.7
1555,6.9,0.0,-2.8,5.9,4.5
1556,7.4,0.0,-17.1,6.4,4.8
1557,8.0,0.0,-16.4,6.9,5.2
1558,8.3,0.0,-16.0,7.2,5.4
1559,8.5,0.0,-15.7,7.2,5.4
1560,8.6,0.0,8.6,7.3,5.4
1561,8.5,0.0,8.3,6.9,5.1
1562,8.4,0.0,8.2,6.8,4.9
1563,8.5,0.0,8.3,6.8,4.9
1564,8.7,0.0,8.5,6.9,5.0
1565,8.6,0.0,8.4,6.8,4.9
1566,8.6,0.0,8.3,6.7,4.8
1567,8.3,0.0,8.0,6.4,4.5
1568,8.0,0.0,7.7,6.0,4.3
1569,8.0,0.0,7.8,-5.8,-3.0
1570,7.7,0.0,7.5,-6.2,-3.3
1571,6.8,0.0,6.8,-7.2,-4.0
1572,7.2,0.0,7.2,-6.8,-3.7
1573,6.4,0.0,-3.0,-1.7,-0.6
1574,4.1,0.0,-5.1,-10.5,-6.2
1575,3.6,0.0,-5.4,-10.9,-6.2
1576,-5.2,0.0,-4.9,-9.2,-5.3
1577,-4.9,0.0,-4.7,-8.7,-4.8
1578,-5.0,0.0,-4.6,4.1,3.1
1579,-4.0,0.0,-3.7,5.4,4.1
1580,-18.6,0.0,-18.2,5.8,4.4
1581,-17.6,0.0,-17.4,6.6,4.9
1582,-16.9,0.0,-16.9,6.8,5.1
1583,-17.3,0.0,-17.4,6.0,4.5
1584,-2.4,0.0,7.3,6.1,4.5
1585,7.5,0.0,7.4,6.1,4.5
1586,7.7,0.0,7.5,6.2,4.6
1587,7.9,0.0,7.7,6.3,4.6
1588,8.1,0.0,7.9,6.5,4.8
1589,8.6,0.0,8.4,7.0,5.1
1590,8.5,0.0,8.2,6.8,4.9
1591,8.8,0.0,8.6,7.0,5.1
1592,9.2,0.0,8.9,7.3,5.3
1593,9.2,0.0,9.0,-4.5,-2.0
1594,8.5,0.0,8.3,-5.4,-2.7
1595,8.1,0.0,8.0,-5.9,-3.0
1596,7.4,0.0,7.3,-6.7,-3.7
1597,6.6,0.0,-2.8,-1.5,-0.5
1598,5.5,0.0,-3.8,-8.7,-5.1
1599,5.4,0.0,-4.0,-8.6,-5.0
1600,5.6,0.0,-3.9,-8.4,-4.7
1601,6.3,0.0,-3.4,-7.6,-4.1
1602,6.7,0.0,-3.0,5.4,3.9
1603,7.0,0.0,-2.8,5.6,4.1
1604,7.4,0.0,-17.0,6.0,4.4
1605,7.8,0.0,-16.6,6.4,4.7
1606,7.7,0.0,-16.6,6.3,4.6
1607,8.3,0.0,-16.0,6.8,5.0
1608,8.8,0.0,8.6,7.3,5.3
1609,9.0,0.0,8.7,7.2,5.3
1610,9.4,0.0,9.1,7.5,5.5
1611,9.4,0.0,9.1,7.5,5.4
1612,9.7,0.0,9.3,7.7,5.6
1613,10.0,0.0,9.6,8.0,5.7
1614,10.0,0.0,9.6,7.9,5.6
1615,10.0,0.0,9.5,7.8,5.5
1616,10.4,0.0,9.9,8.1,5.8
1617,9.9,0.0,9.5,-4.2,-1.8
1618,9.1,0.0,8.8,-5.0,-2.5
1619,9.2,0.0,8.9,-4.9,-2.4
1620,8.4,0.0,8.2,-5.9,-3.1
1621,8.5,0.0,-1.0,0.2,0.7
1622,8.1,0.0,-1.3,-6.1,-3.3
1623,8.4,0.0,-1.1,-5.6,-2.9
1624,-0.4,0.0,-1.2,-5.8,-2.9
1625,-0.3,0.0,-1.1,-5.7,-2.8
1626,0.0,0.0,-0.7,6.9,4.9
1627,1.0,0.0,0.2,8.0,5.7
1628,-11.3,0.0,-13.1,8.7,6.2
1629,-11.1,0.0,-13.0,8.5,6.1
1630,-11.4,0.0,-13.5,7.9,5.6
1631,-10.8,0.0,-13.0,8.2,5.9
1632,1.7,0.0,9.7,7.9,5.5
1633,10.4,0.0,9.9,8.0,5.6
1634,10.5,0.0,10.0,8.0,5.7
1635,10.7,0.0,10.1,8.1,5.7
1636,10.9,0.0,10.3,8.3,5.8
1637,10.9,0.0,10.3,8.3,5.8
1638,11.0,0.0,10.3,8.3,5.8
1639,11.2,0.0,10.5,8.5,5.9
1640,11.5,0.0,10.8,8.7,6.1
1641,11.0,0.0,10.5,8.4,5.8
1642,9.0,0.0,8.5,5.8,4.0
1643,7.2,0.0,6.3,3.3,2.4
1644,5.6,0.0,5.1,1.7,1.4
1645,5.8,0.0,-3.5,3.2,2.3
1646,4.6,0.0,-4.5,1.8,1.5
1647,4.0,0.0,-4.8,1.1,1.5
1648,-5.3,0.0,-5.0,2.0,2.0
1649,-5.4,0.0,-5.0,2.0,2.5
1650,-4.7,0.0,-4.3,4.8,3.7
1651,-4.1,0.0,-3.7,5.5,4.2
1652,-19.2,0.0,-18.6,5.6,4.2
1653,-18.9,0.0,-18.5,5.6,4.2
1654,-18.2,0.0,-17.9,6.1,4.6
1655,-17.3,0.0,-17.2,6.6,5.0
1656,-1.8,0.0,8.1,7.0,5.2
1657,8.4,0.0,8.3,7.1,5.2
1658,8.7,0.0,8.5,7.3,5.3
1659,9.2,0.0,9.0,7.7,5.6
1660,9.6,0.0,9.4,8.0,5.9
1661,9.7,0.0,9.4,7.9,5.8
1662,9.9,0.0,9.5,8.0,5.8
1663,10.3,0.0,9.9,8.4,6.1
1664,10.1,0.0,9.7,8.0,5.8
1665,9.3,0.0,9.0,7.2,5.1
1666,7.8,0.0,7.6,5.3,3.8
1667,7.9,0.0,7.8,5.7,4.0
1668,7.5,0.0,7.4,5.4,3.8
1669,6.7,0.0,-2.7,4.4,3.1
1670,5.6,0.0,-3.6,3.1,2.3
1671,4.7,0.0,-4.4,2.1,1.8
1672,-3.4,0.0,-3.5,4.5,3.3
1673,-3.2,0.0,-3.3,5.0,3.7
1674,-2.9,0.0,-2.9,5.5,4.1
1675,-2.5,0.0,-2.6,6.0,4.4
1676,-16.7,0.0,-17.1,6.1,4.5
1677,-16.1,0.0,-16.6,6.6,4.8
1678,-15.6,0.0,-16.2,6.8,5.0
1679,-15.0,0.0,-15.7,7.1,5.2
1680,-0.5,0.0,8.7,7.4,5.4
1681,9.6,0.0,9.3,7.8,5.7
1682,9.8,0.0,9.5,8.0,5.8
1683,10.1,0.0,9.7,8.1,5.9
1684,10.2,0.0,9.8,8.2,5.9
1685,10.4,0.0,10.0,8.3,6.0
1686,11.2,0.0,10.7,9.0,6.5
1687,11.2,0.0,10.7,8.9,6.4
1688,10.7,0.0,10.2,8.3,5.9
1689,10.1,0.0,9.7,-4.1,-1.8
1690,9.9,0.0,9.5,-4.3,-2.0
1691,8.3,0.0,8.1,-6.2,-3.4
1692,5.4,0.0,5.0,-10.3,-5.9
1693,4.9,0.0,-4.3,-4.1,-2.2
1694,4.4,0.0,-4.6,-10.3,-5.9
1695,4.0,0.0,-5.1,-10.5,-6.0
1696,3.6,0.0,-5.7,-12.1,-6.3
1697,3.7,0.0,-6.1,-14.0,-6.2
1698,4.4,0.0,-5.4,4.0,3.2
1699,5.9,0.0,-4.1,5.5,4.3
1700,7.0,0.0,-18.3,6.6,5.1
1701,7.1,0.0,-18.0,6.6,5.0
1702,8.2,0.0,-16.8,7.5,5.7
1703,8.7,0.0,-16.1,7.9,5.9
1704,9.9,0.0,9.9,9.0,6.7
1705,10.1,0.0,9.9,8.7,6.5
1706,10.7,0.0,10.5,9.3,6.9
1707,11.3,0.0,11.0,9.7,7.1
1708,12.1,0.0,11.8,10.3,7.6
1709,12.9,0.0,12.5,11.0,8.1
1710,13.6,0.0,13.1,11.5,8.4
1711,14.0,0.0,13.5,11.8,8.6
1712,13.8,0.0,13.2,11.3,8.2
1713,11.1,0.0,10.6,-3.3,-1.2
1714,8.4,0.0,7.7,-6.6,-3.6
1715,6.6,0.0,6.0,-8.8,-5.0
1716,4.7,0.0,4.3,-10.9,-6.4
1717,3.3,0.0,-6.0,-6.1,-3.4
1718,2.5,0.0,-6.4,-12.6,-7.2
1719,2.1,0.0,-6.7,-12.9,-7.2
1720,2.1,0.0,-7.2,-13.5,-7.1
1721,2.2,0.0,-7.6,-14.3,-6.9
1722,2.9,0.0,-6.9,2.9,2.4
1723,5.2,0.0,-4.8,5.3,4.2
1724,6.5,0.0,-19.2,6.5,5.1
1725,7.6,0.0,-18.0,7.4,5.8
1726,8.2,0.0,-17.1,7.8,6.0
1727,9.4,0.0,-15.6,8.9,6.8
1728,10.0,0.0,10.2,9.3,7.0
1729,11.0,0.0,10.9,9.9,7.4
1730,11.3,0.0,11.2,10.0,7.4
1731,11.7,0.0,11.5,10.2,7.5
1732,12.0,0.0,11.7,10.3,7.6
1733,11.3,0.0,11.0,9.4,6.8
1734,11.5,0.0,11.1,9.5,6.9
1735,11.8,0.0,11.4,9.7,7.0
1736,11.7,0.0,11.2,9.4,6.7
1737,10.1,0.0,9.7,-4.2,-1.8
1738,8.3,0.0,7.8,-6.5,-3.4
1739,6.3,0.0,5.8,-8.8,-5.1
1740,4.2,0.0,4.0,-11.1,-6.6
1741,3.2,0.0,-6.1,-5.9,-3.3
1742,2.5,0.0,-6.6,-12.0,-7.1
1743,3.0,0.0,-6.3,-10.9,-6.5
1744,-7.1,0.0,-6.3,-11.3,-6.3
1745,-6.4,0.0,-5.6,-9.4,-5.2
1746,-5.9,0.0,-5.1,4.1,3.2
1747,-4.9,0.0,-4.2,5.3,4.1
1748,-20.1,0.0,-19.0,5.8,4.5
1749,-19.5,0.0,-18.6,6.0,4.6
1750,-18.7,0.0,-18.0,6.3,4.8
1751,-18.3,0.0,-17.8,6.3,4.8
1752,-2.5,0.0,7.6,6.6,5.0
1753,8.3,0.0,8.2,7.1,5.3
1754,8.7,0.0,8.6,7.5,5.5
1755,9.1,0.0,9.0,7.7,5.7
1756,9.7,0.0,9.5,8.2,6.1
1757,10.2,0.0,10.0,8.6,6.3
1758,10.6,0.0,10.3,8.8,6.5
1759,10.8,0.0,10.5,9.0,6.5
1760,10.8,0.0,10.4,8.8,6.3
1761,10.3,0.0,10.0,-3.6,-1.3
1762,10.0,0.0,9.7,-4.1,-1.7
1763,9.6,0.0,9.3,-4.5,-2.0
1764,9.1,0.0,8.9,-5.1,-2.5
1765,9.1,0.0,-0.4,0.8,1.2
1766,8.6,0.0,-0.9,-5.5,-2.8
1767,8.3,0.0,-1.1,-5.9,-3.1
1768,9.0,0.0,-0.6,-5.0,-2.4
1769,9.2,0.0,-0.4,-4.8,-2.2
1770,9.5,0.0,-0.1,7.4,5.3
1771,9.8,0.0,0.2,7.7,5.5
1772,9.9,0.0,-13.6,7.8,5.5
1773,10.1,0.0,-13.4,7.9,5.6
1774,10.3,0.0,-13.1,8.1,5.7
1775,10.5,0.0,-12.8,8.3,5.9
1776,10.7,0.0,10.2,8.4,5.9
1777,10.8,0.0,10.3,8.3,5.9
1778,11.5,0.0,10.9,9.0,6.3
1779,11.9,0.0,11.3,9.3,6.6
1780,11.7,0.0,11.0,9.0,6.3
1781,11.7,0.0,11.0,9.0,6.3
1782,11.9,0.0,11.2,9.1,6.4
1783,11.8,0.0,11.1,8.9,6.2
1784,11.7,0.0,11.0,8.7,6.1
1785,10.7,0.0,10.2,-3.8,-1.6
1786,9.7,0.0,9.3,-4.9,-2.4
1787,8.4,0.0,8.1,-6.3,-3.4
1788,6.9,0.0,6.7,-8.2,-4.7
1789,5.7,0.0,-3.4,-3.4,-1.9
1790,5.0,0.0,-4.0,-9.9,-5.8
1791,5.3,0.0,-4.0,-8.9,-5.2
1792,-3.6,0.0,-3.9,-8.4,-4.8
1793,-3.6,0.0,-3.8,-8.1,-4.5
1794,-3.0,0.0,-3.2,5.2,3.8
1795,-2.9,0.0,-3.1,5.4,4.0
1796,-17.2,0.0,-17.6,5.6,4.1
1797,-17.4,0.0,-17.8,5.3,3.8
1798,-17.6,0.0,-18.0,5.0,3.7
1799,-16.9,0.0,-17.3,5.8,4.2
1800,-2.2,0.0,7.3,6.0,4.4
1801,7.5,0.0,7.3,5.9,4.3
1802,7.6,0.0,7.4,6.0,4.4
1803,7.9,0.0,7.7,6.2,4.5
1804,8.3,0.0,8.1,6.6,4.8
1805,9.0,0.0,8.8,7.3,5.3
1806,9.4,0.0,9.1,7.6,5.5
1807,9.5,0.0,9.2,7.6,5.5
1808,9.7,0.0,9.3,7.7,5.5
1809,9.3,0.0,9.1,7.4,5.3
1810,8.5,0.0,8.3,6.3,4.5
1811,7.9,0.0,7.9,5.7,4.0
1812,7.5,0.0,7.5,5.3,3.7
1813,7.0,0.0,-2.4,4.7,3.4
1814,6.9,0.0,-2.5,4.7,3.4
1815,7.4,0.0,-2.2,5.5,3.9
1816,-2.0,0.0,-2.4,5.3,3.8
1817,-2.2,0.0,-2.5,5.1,3.8
1818,-2.0,0.0,-2.3,5.7,4.1
1819,-1.3,0.0,-1.7,6.5,4.8
1820,-14.1,0.0,-14.9,7.8,5.7
1821,-12.9,0.0,-13.9,8.6,6.3
1822,-11.3,0.0,-12.6,9.7,7.1
1823,-10.5,0.0,-12.1,9.8,7.1
1824,3.6,0.0,11.9,10.3,7.5
1825,13.2,0.0,12.7,10.9,7.9
1826,13.2,0.0,12.6,10.7,7.7
1827,13.0,0.0,12.4,10.4,7.4
1828,13.1,0.0,12.4,10.4,7.4
1829,13.7,0.0,13.0,10.9,7.8
1830,14.4,0.0,13.6,11.5,8.2
1831,13.9,0.0,13.1,10.9,7.7
1832,13.0,0.0,12.2,9.8,6.8
1833,11.9,0.0,11.3,8.7,6.0
1834,10.6,0.0,10.1,7.2,4.9
1835,9.8,0.0,9.4,6.4,4.3
1836,8.4,0.0,8.1,5.0,3.3
1837,8.3,0.0,-0.8,5.3,3.6
1838,8.8,0.0,-0.5,6.1,4.2
1839,8.8,0.0,-0.6,6.2,4.3
1840,0.8,0.0,-0.4,6.6,4.6
1841,0.2,0.0,-0.8,6.0,4.3
1842,0.9,0.0,-0.1,7.1,5.0
1843,1.6,0.0,0.5,7.9,5.6
1844,-10.9,0.0,-13.1,8.1,5.7
1845,-10.6,0.0,-12.9,8.2,5.8
1846,-10.7,0.0,-13.0,8.0,5.6
1847,-10.6,0.0,-13.0,7.9,5.6
1848,2.1,0.0,9.9,8.0,5.7
1849,10.5,0.0,9.9,8.0,5.6
1850,10.7,0.0,10.1,8.1,5.7
1851,11.0,0.0,10.4,8.4,5.9
1852,11.1,0.0,10.5,8.4,5.9
1853,11.0,0.0,10.4,8.3,5.8
1854,11.1,0.0,10.5,8.4,5.9
1855,11.0,0.0,10.4,8.3,5.8
1856,10.8,0.0,10.2,8.1,5.6
1857,10.4,0.0,9.9,-3.8,-1.6
1858,10.1,0.0,9.6,-4.2,-1.9
1859,9.8,0.0,9.3,-4.6,-2.2
1860,9.4,0.0,8.9,-5.0,-2.5
1861,9.0,0.0,-0.4,0.5,0.8
1862,8.7,0.0,-0.7,-5.6,-2.9
1863,8.6,0.0,-0.8,-5.7,-3.0
1864,8.3,0.0,-1.1,-6.0,-3.2
1865,8.7,0.0,-0.8,-5.6,-2.8
1866,9.0,0.0,-0.5,6.7,4.7
1867,9.5,0.0,-0.1,7.3,5.1
1868,9.6,0.0,-13.7,7.4,5.2
1869,9.7,0.0,-13.6,7.5,5.3
1870,9.8,0.0,-13.5,7.6,5.4
1871,10.1,0.0,-13.2,7.9,5.6
1872,10.2,0.0,9.8,8.0,5.6
1873,10.4,0.0,9.8,7.9,5.6
1874,10.5,0.0,9.9,8.0,5.6
1875,10.5,0.0,9.9,7.9,5.6
1876,10.7,0.0,10.1,8.1,5.7
1877,10.8,0.0,10.2,8.2,5.8
1878,10.9,0.0,10.3,8.3,5.8
1879,11.2,0.0,10.6,8.5,6.0
1880,11.1,0.0,10.5,8.3,5.8
1881,10.0,0.0,9.6,-4.5,-2.1
1882,8.8,0.0,8.5,-5.8,-3.0
1883,7.3,0.0,7.0,-7.7,-4.3
1884,7.5,0.0,7.4,-6.9,-3.8
1885,6.7,0.0,-2.5,-1.8,-0.8
1886,6.1,0.0,-2.9,-8.4,-4.8
1887,6.0,0.0,-3.2,-8.3,-4.7
1888,6.9,0.0,-2.6,-7.0,-3.8
1889,6.9,0.0,-2.7,-6.9,-3.7
1890,7.2,0.0,-2.4,5.6,4.0
1891,8.0,0.0,-1.6,6.5,4.7
1892,7.9,0.0,-16.1,6.3,4.6
1893,7.7,0.0,-16.3,6.1,4.4
1894,7.4,0.0,-16.6,5.7,4.1
1895,7.3,0.0,-16.7,5.6,4.0
1896,7.1,0.0,7.0,5.5,3.9
1897,7.3,0.0,7.1,5.5,4.0
1898,7.3,0.0,7.1,5.6,4.0
1899,8.1,0.0,7.9,6.3,4.6
1900,8.2,0.0,8.0,6.4,4.6
1901,8.7,0.0,8.4,6.8,4.9
1902,9.6,0.0,9.2,7.7,5.5
1903,10.0,0.0,9.7,8.0,5.8
1904,9.7,0.0,9.3,7.5,5.4
1905,9.1,0.0,8.9,-5.0,-2.4
1906,8.0,0.0,7.8,-6.4,-3.4
1907,7.5,0.0,7.5,-6.8,-3.7
1908,7.8,0.0,7.8,-6.3,-3.3
1909,7.2,0.0,-2.1,-1.0,-0.1
1910,7.2,0.0,-2.1,-6.9,-3.7
1911,7.4,0.0,-2.0,-6.5,-3.4
1912,-1.6,0.0,-1.8,-6.2,-3.1
1913,-1.1,0.0,-1.4,-5.7,-2.7
1914,-0.5,0.0,-0.9,7.2,5.3
1915,0.1,0.0,-0.4,7.8,5.7
1916,-12.9,0.0,-14.1,8.2,5.9
1917,-12.1,0.0,-13.5,8.6,6.3
1918,-11.2,0.0,-12.9,9.0,6.5
1919,-10.9,0.0,-12.7,8.9,6.4
1920,3.2,0.0,11.4,9.8,7.0
1921,11.6,0.0,11.0,9.2,6.6
1922,11.8,0.0,11.2,9.3,6.6
1923,11.9,0.0,11.3,9.3,6.6
1924,12.2,0.0,11.6,9.6,6.8
1925,12.5,0.0,11.8,9.8,6.9
1926,12.9,0.0,12.2,10.1,7.2
1927,13.6,0.0,12.9,10.8,7.7
1928,13.1,0.0,12.4,10.1,7.1
1929,11.5,0.0,10.6,-3.5,-1.4
1930,10.1,0.0,9.2,-5.2,-2.5
1931,9.3,0.0,8.6,-6.2,-3.1
1932,8.1,0.0,7.6,-7.7,-3.9
1933,7.6,0.0,-1.4,-1.6,-0.3
1934,7.3,0.0,-1.7,-7.2,-3.8
1935,8.8,0.0,-0.6,-5.2,-2.4
1936,7.4,0.0,-1.4,-9.4,-3.7
1937,7.8,0.0,-1.7,-9.2,-3.3
1938,8.5,0.0,-0.9,7.4,5.4
1939,10.4,0.0,0.7,9.2,6.9
1940,11.4,0.0,-12.7,10.1,7.5
1941,11.9,0.0,-11.9,10.4,7.7
1942,12.5,0.0,-11.1,10.8,7.9
1943,13.7,0.0,-9.7,11.8,8.6
1944,14.8,0.0,14.3,12.7,9.2
1945,15.4,0.0,14.8,12.9,9.3
1946,15.9,0.0,15.2,13.2,9.6
1947,16.1,0.0,15.4,13.3,9.5
1948,16.5,0.0,15.7,13.5,9.7
1949,16.9,0.0,16.0,13.7,9.8
1950,17.7,0.0,16.8,14.4,10.3
1951,17.5,0.0,16.5,14.1,10.0
1952,16.7,0.0,15.7,12.9,9.1
1953,13.4,0.0,12.2,-2.1,-0.4
1954,12.2,0.0,11.1,-3.5,-1.4
1955,10.6,0.0,9.5,-5.6,-2.7
1956,9.3,0.0,8.6,-7.0,-3.5
1957,8.7,0.0,-0.1,-1.3,0.0
1958,8.0,0.0,-0.4,-7.3,-3.5
1959,8.7,0.0,-0.3,-5.9,-2.9
1960,0.2,0.0,-0.3,-6.3,-2.8
1961,0.2,0.0,-0.4,-6.9,-2.6
1962,0.7,0.0,0.2,7.8,5.7
1963,1.9,0.0,1.2,9.0,6.6
1964,-10.4,0.0,-12.2,9.5,6.9
1965,-9.6,0.0,-11.6,9.7,7.1
1966,-8.8,0.0,-11.1,10.0,7.2
1967,-8.0,0.0,-10.6,10.3,7.4
1968,4.7,0.0,12.3,10.5,7.5
1969,13.5,0.0,12.9,10.8,7.8
1970,14.2,0.0,13.5,11.5,8.2
1971,14.0,0.0,13.3,11.2,8.0
1972,14.5,0.0,13.7,11.5,8.2
1973,14.9,0.0,14.2,11.9,8.5
1974,15.5,0.0,14.7,12.4,8.9
1975,15.8,0.0,15.0,12.6,9.0
1976,15.5,0.0,14.6,12.2,8.6
1977,13.8,0.0,13.1,10.4,7.2
1978,11.3,0.0,10.1,6.8,4.7
1979,9.9,0.0,8.9,5.3,3.8
1980,8.4,0.0,7.9,3.9,3.0
1981,7.4,0.0,-1.4,3.4,2.7
1982,6.9,0.0,-1.4,3.2,2.9
1983,7.0,0.0,-1.5,3.6,3.3
1984,-1.9,0.0,-1.9,3.1,3.5
1985,-2.1,0.0,-2.2,2.2,3.7
1986,-2.0,0.0,-1.7,6.6,4.9
1987,-0.6,0.0,-0.6,8.0,6.0
1988,-13.9,0.0,-14.4,8.6,6.4
1989,-13.0,0.0,-13.8,8.9,6.6
1990,-11.8,0.0,-12.9,9.5,7.0
1991,-10.8,0.0,-12.2,9.9,7.3
1992,3.4,0.0,11.9,10.4,7.6
1993,12.9,0.0,12.5,10.8,7.9
1994,13.3,0.0,12.9,11.1,8.1
1995,13.8,0.0,13.2,11.4,8.2
1996,14.1,0.0,13.5,11.6,8.4
1997,14.4,0.0,13.8,11.8,8.5
1998,14.8,0.0,14.1,12.0,8.6
1999,15.1,0.0,14.3,12.2,8.7
2000,14.2,0.0,13.4,10.9,7.7
2001,12.6,0.0,11.5,8.9,6.2
2002,10.9,0.0,9.8,6.8,4.8
2003,9.1,0.0,8.2,4.8,3.5
2004,7.6,0.0,7.2,3.4,2.7
2005,6.7,0.0,-2.2,2.9,2.5
2006,6.5,0.0,-1.8,3.3,3.0
2007,6.5,0.0,-1.9,3.1,3.3
2008,-2.9,0.0,-2.4,2.2,3.4
2009,-2.9,0.0,-2.6,3.4,4.0
2010,-1.9,0.0,-1.5,7.2,5.5
2011,-0.8,0.0,-0.7,8.2,6.2
2012,-14.6,0.0,-14.9,8.5,6.4
2013,-13.8,0.0,-14.4,8.6,6.4
2014,-13.0,0.0,-13.8,8.9,6.6
2015,-11.9,0.0,-13.0,9.4,6.9
2016,2.5,0.0,11.3,9.8,7.2
2017,12.1,0.0,11.7,10.1,7.4
2018,12.3,0.0,11.9,10.2,7.4
2019,12.7,0.0,12.3,10.5,7.6
2020,12.9,0.0,12.4,10.5,7.6
2021,13.2,0.0,12.6,10.7,7.7
2022,13.5,0.0,12.9,10.9,7.8
2023,13.7,0.0,13.1,11.0,7.9
2024,13.4,0.0,12.8,10.5,7.5
2025,12.6,0.0,12.1,-1.9,-0.1
2026,12.5,0.0,12.1,-2.0,-0.2
2027,12.0,0.0,11.6,-2.6,-0.7
2028,11.6,0.0,11.2,-3.1,-1.0
2029,10.7,0.0,1.7,1.6,1.7
2030,9.7,0.0,0.8,-5.2,-2.5
2031,9.4,0.0,0.5,-5.4,-2.5
2032,13.4,0.0,4.3,-1.3,0.7
2033,8.3,0.0,-0.8,-8.6,-3.6
2034,8.8,0.0,-0.2,6.7,4.7
2035,10.1,0.0,0.7,8.0,5.7
2036,10.7,0.0,-12.5,8.6,6.2
2037,11.1,0.0,-12.0,9.0,6.4
2038,11.5,0.0,-11.5,9.3,6.7
2039,11.8,0.0,-11.2,9.4,6.7
2040,12.3,0.0,11.8,9.9,7.1
2041,12.9,0.0,12.3,10.3,7.4
2042,13.1,0.0,12.5,10.4,7.4
2043,13.5,0.0,12.9,10.7,7.7
2044,14.1,0.0,13.4,11.2,8.0
2045,14.3,0.0,13.6,11.3,8.1
2046,14.7,0.0,14.0,11.7,8.3
2047,15.6,0.0,14.7,12.4,8.9
2048,15.0,0.0,14.2,11.6,8.2
2049,12.4,0.0,11.4,-2.9,-0.9
2050,10.3,0.0,9.2,-5.3,-2.6
2051,8.8,0.0,7.9,-7.1,-3.7
2052,7.4,0.0,7.0,-8.4,-4.5
2053,6.5,0.0,-2.3,-3.2,-1.3
2054,5.4,0.0,-2.8,-9.8,-5.2
2055,5.0,0.0,-3.3,-10.4,-5.2
2056,4.9,0.0,-3.9,-11.4,-5.3
2057,5.3,0.0,-4.2,-12.2,-5.0
2058,5.7,0.0,-3.7,5.2,4.0
2059,7.2,0.0,-2.5,6.6,5.1
2060,8.2,0.0,-16.6,7.5,5.8
2061,9.0,0.0,-15.6,8.2,6.2
2062,9.6,0.0,-14.8,8.7,6.6
2063,10.0,0.0,-14.2,8.9,6.7
2064,10.6,0.0,10.5,9.3,6.9
2065,11.0,0.0,10.8,9.4,7.0
2066,11.3,0.0,11.0,9.5,7.0
2067,11.7,0.0,11.3,9.8,7.2
2068,12.5,0.0,12.1,10.5,7.7
2069,13.1,0.0,12.7,11.0,8.0
2070,13.2,0.0,12.7,10.9,8.0
2071,13.1,0.0,12.6,10.7,7.7
2072,12.8,0.0,12.3,10.2,7.3
2073,11.9,0.0,11.5,-2.4,-0.5
2074,10.5,0.0,10.2,-4.2,-1.8
2075,8.2,0.0,7.6,-7.3,-3.9
2076,8.8,0.0,8.8,-5.8,-2.9
2077,9.1,0.0,-0.1,0.7,1.1
2078,8.6,0.0,-0.5,-5.7,-2.9
2079,7.9,0.0,-1.0,-6.6,-3.4
2080,-0.7,0.0,-1.1,-6.5,-3.2
2081,-0.7,0.0,-1.2,-7.2,-3.1
2082,-0.1,0.0,-0.6,7.1,5.2
2083,0.8,0.0,0.2,8.1,5.9
2084,-11.5,0.0,-13.0,9.0,6.6
2085,-10.5,0.0,-12.2,9.6,7.0
2086,-9.7,0.0,-11.6,9.9,7.2
2087,-8.8,0.0,-11.0,10.2,7.4
2088,4.5,0.0,12.3,10.5,7.6
2089,13.4,0.0,12.8,10.9,7.8
2090,13.8,0.0,13.2,11.2,8.0
2091,15.0,0.0,14.3,12.2,8.8
2092,15.8,0.0,15.1,13.0,9.3
2093,15.9,0.0,15.1,13.0,9.3
2094,16.4,0.0,15.6,13.3,9.5
2095,16.5,0.0,15.6,13.2,9.4
2096,15.3,0.0,14.4,11.7,8.2
2097,13.2,0.0,12.1,-2.1,-0.4
2098,11.4,0.0,10.4,-4.3,-1.9
2099,9.6,0.0,8.8,-6.3,-3.2
2100,8.1,0.0,7.7,-7.8,-4.1
2101,7.3,0.0,-1.5,-2.6,-0.9
2102,6.6,0.0,-1.6,-8.6,-4.4
2103,6.4,0.0,-1.8,-9.1,-4.3
2104,6.4,0.0,-2.3,-10.1,-4.3
2105,6.7,0.0,-2.7,-10.9,-4.1
2106,7.3,0.0,-2.1,6.4,4.8
2107,8.7,0.0,-0.9,7.8,5.9
2108,10.1,0.0,-14.3,9.1,6.9
2109,10.7,0.0,-13.5,9.6,7.2
2110,11.6,0.0,-12.4,10.3,7.7
2111,12.3,0.0,-11.4,10.8,8.0
2112,14.0,0.0,13.7,12.3,9.1
2113,14.2,0.0,13.7,12.0,8.8
2114,15.8,0.0,15.3,13.5,9.9
2115,16.2,0.0,15.6,13.7,10.0
2116,16.8,0.0,16.1,14.1,10.2
2117,17.4,0.0,16.6,14.5,10.5
2118,17.9,0.0,17.1,14.9,10.8
2119,18.2,0.0,17.3,15.0,10.8
2120,15.9,0.0,14.9,12.2,8.6
2121,13.5,0.0,12.4,-1.9,-0.2
2122,11.7,0.0,10.6,-4.0,-1.7
2123,10.4,0.0,9.8,-5.2,-2.5
2124,8.9,0.0,8.4,-7.1,-3.6
2125,8.1,0.0,-0.6,-1.8,-0.3
2126,7.6,0.0,-0.6,-7.7,-3.8
2127,6.6,0.0,-1.6,-8.9,-4.3
2128,-2.0,0.0,-1.9,-9.2,-4.1
2129,-2.1,0.0,-2.1,-10.0,-3.8
2130,-1.7,0.0,-2.1,-0.2,4.1
2131,-1.4,0.0,-0.9,8.3,6.4
2132,-15.5,0.0,-15.2,8.6,6.6
2133,-14.5,0.0,-14.6,8.9,6.7
2134,-13.5,0.0,-13.9,9.2,6.9
2135,-12.5,0.0,-13.3,9.5,7.1
2136,1.8,0.0,10.8,9.4,7.0
2137,11.4,0.0,11.1,9.6,7.1
2138,11.5,0.0,11.2,9.5,7.0
2139,11.6,0.0,11.3,9.6,7.0
2140,11.7,0.0,11.3,9.5,6.9
2141,11.8,0.0,11.4,9.5,6.9
2142,12.0,0.0,11.5,9.6,6.9
2143,13.0,0.0,12.5,10.5,7.6
2144,12.4,0.0,11.9,9.7,6.9
2145,10.5,0.0,9.8,7.3,5.1
2146,9.5,0.0,9.1,6.3,4.5
2147,8.2,0.0,7.9,4.9,3.5
2148,7.7,0.0,7.8,4.8,3.4
2149,6.7,0.0,-2.1,3.7,2.9
2150,7.7,0.0,-1.5,5.5,4.0
2151,8.5,0.0,-0.8,6.6,4.8
2152,-1.1,0.0,-1.3,5.8,4.3
2153,-0.3,0.0,-0.7,6.9,5.1
2154,0.5,0.0,-0.0,7.8,5.8
2155,1.6,0.0,0.9,8.9,6.5
2156,-11.0,0.0,-12.6,9.2,6.7
2157,-10.2,0.0,-12.1,9.5,6.9
2158,-9.4,0.0,-11.5,9.9,7.1
2159,-8.8,0.0,-11.1,10.0,7.2
2160,4.3,0.0,12.0,10.2,7.3
2161,13.2,0.0,12.6,10.6,7.6
2162,13.9,0.0,13.3,11.3,8.1
2163,14.2,0.0,13.6,11.5,8.2
2164,14.2,0.0,13.5,11.4,8.1
2165,15.1,0.0,14.4,12.2,8.7
2166,15.4,0.0,14.6,12.3,8.8
2167,14.5,0.0,13.6,11.2,7.9
2168,13.4,0.0,12.6,10.0,6.9
2169,12.1,0.0,11.5,8.7,6.0
2170,10.0,0.0,9.4,6.1,4.1
2171,8.3,0.0,7.7,4.1,2.8
2172,8.3,0.0,8.2,5.1,3.4
2173,7.8,0.0,-1.2,4.7,3.2
2174,7.3,0.0,-1.7,4.4,3.0
2175,8.4,0.0,-0.9,5.9,4.2
2176,1.6,0.0,0.6,8.0,5.7
2177,2.4,0.0,1.4,8.7,6.3
2178,2.7,0.0,1.6,8.9,6.4
2179,2.9,0.0,1.7,9.0,6.4
2180,-8.8,0.0,-11.4,9.4,6.7
2181,-8.3,0.0,-11.0,9.6,6.9
2182,-7.9,0.0,-10.8,9.7,6.9
2183,-7.6,0.0,-10.7,9.5,6.8
2184,4.6,0.0,11.8,9.8,6.9
2185,13.2,0.0,12.5,10.4,7.4
2186,13.1,0.0,12.4,10.2,7.2
2187,13.7,0.0,12.9,10.7,7.6
2188,14.3,0.0,13.5,11.3,8.0
2189,14.1,0.0,13.3,11.0,7.8
2190,14.8,0.0,14.0,11.6,8.2
2191,14.3,0.0,13.5,11.0,7.7
2192,13.4,0.0,12.6,9.9,6.9
2193,12.0,0.0,11.1,-3.2,-1.2
2194,11.7,0.0,11.2,-3.4,-1.3
2195,12.2,0.0,11.8,-2.6,-0.7
2196,9.3,0.0,9.1,-6.0,-3.1
2197,9.6,0.0,0.7,0.5,0.9
2198,9.6,0.0,0.7,-5.2,-2.5
2199,10.4,0.0,1.3,-4.2,-1.7
2200,10.8,0.0,1.7,-3.8,-1.4
2201,10.6,0.0,1.5,-4.8,-1.6
2202,11.0,0.0,1.7,7.1,6.0
2203,12.3,0.0,2.9,10.2,7.4
2204,12.7,0.0,-10.3,10.5,7.6
2205,13.3,0.0,-9.6,10.9,7.9
2206,13.3,0.0,-9.4,10.8,7.7
2207,13.7,0.0,-8.9,11.0,7.9
2208,14.2,0.0,13.5,11.4,8.1
2209,14.6,0.0,13.9,11.6,8.3
2210,15.0,0.0,14.2,11.9,8.4
2211,14.9,0.0,14.0,11.7,8.2
2212,15.7,0.0,14.8,12.4,8.8
2213,15.3,0.0,14.4,12.0,8.4
2214,15.5,0.0,14.6,12.0,8.5
2215,15.0,0.0,14.1,11.4,8.0
2216,14.6,0.0,13.7,10.9,7.6
2217,12.9,0.0,12.0,-2.3,-0.6
2218,11.3,0.0,10.3,-4.4,-2.0
2219,11.7,0.0,11.3,-3.5,-1.3
2220,11.1,0.0,10.9,-4.0,-1.7
2221,10.5,0.0,1.7,1.2,1.4
2222,10.8,0.0,1.9,-4.0,-1.7
2223,10.0,0.0,1.4,-5.1,-2.2
2224,9.9,0.0,1.1,-5.5,-2.2
2225,10.2,0.0,1.1,-6.1,-2.0
2226,10.9,0.0,1.6,6.7,6.0
2227,11.7,0.0,2.4,9.7,7.1
2228,12.6,0.0,-10.4,10.6,7.7
2229,13.7,0.0,-9.2,11.5,8.4
2230,14.3,0.0,-8.4,11.9,8.6
2231,15.1,0.0,-7.4,12.6,9.1
2232,16.0,0.0,15.4,13.3,9.6
2233,16.6,0.0,15.8,13.5,9.7
2234,17.2,0.0,16.3,14.0,10.0
2235,17.8,0.0,16.8,14.4,10.3
2236,17.9,0.0,16.9,14.4,10.3
2237,18.7,0.0,17.7,15.1,10.8
2238,18.8,0.0,17.7,15.1,10.7
2239,18.1,0.0,17.0,14.1,10.0
2240,16.3,0.0,15.2,12.0,8.3
2241,14.4,0.0,13.5,-0.9,0.5
2242,12.9,0.0,12.2,-2.5,-0.7
2243,13.0,0.0,12.3,-2.2,-0.5
2244,13.0,0.0,12.3,-2.0,-0.3
2245,12.1,0.0,3.2,2.6,2.3
2246,9.7,0.0,1.4,-5.8,-3.0
2247,10.3,0.0,1.6,-4.7,-2.2
2248,3.3,0.0,1.5,-4.3,-1.9
2249,3.7,0.0,1.9,-3.5,-1.3
2250,3.9,0.0,2.2,8.4,5.9
2251,3.8,0.0,2.1,8.5,6.0
2252,-7.0,0.0,-10.5,9.2,6.5
2253,-6.7,0.0,-10.2,9.4,6.7
2254,-6.5,0.0,-10.1,9.5,6.7
2255,-6.4,0.0,-10.0,9.5,6.7
2256,5.1,0.0,11.9,9.7,6.8
2257,13.3,0.0,12.6,10.3,7.2
2258,13.2,0.0,12.5,10.1,7.1
2259,13.5,0.0,12.7,10.3,7.3
2260,13.9,0.0,13.1,10.7,7.6
2261,14.0,0.0,13.2,10.8,7.6
2262,14.2,0.0,13.4,10.9,7.7
2263,14.1,0.0,13.3,10.8,7.6
2264,13.5,0.0,12.7,10.0,7.0
2265,11.5,0.0,10.8,-3.6,-1.5
2266,10.1,0.0,9.1,-5.6,-2.8
2267,9.0,0.0,8.5,-6.5,-3.4
2268,7.9,0.0,7.8,-7.6,-4.0
2269,6.9,0.0,-1.7,-2.5,-0.9
2270,6.6,0.0,-1.8,-8.2,-4.3
2271,7.9,0.0,-1.0,-6.5,-3.2
2272,8.8,0.0,-0.4,-5.1,-2.3
2273,9.7,0.0,0.3,-4.1,-1.5
2274,10.4,0.0,0.9,8.7,6.4
2275,10.8,0.0,1.3,9.0,6.6
2276,11.1,0.0,-12.2,9.3,6.7
2277,11.4,0.0,-11.8,9.5,6.9
2278,12.0,0.0,-11.1,9.9,7.2
2279,12.5,0.0,-10.5,10.3,7.5
2280,12.7,0.0,12.3,10.4,7.5
2281,13.1,0.0,12.5,10.5,7.5
2282,13.4,0.0,12.8,10.7,7.7
2283,13.7,0.0,13.0,10.9,7.8
2284,13.9,0.0,13.2,11.0,7.8
2285,14.2,0.0,13.5,11.2,8.0
2286,14.5,0.0,13.7,11.4,8.1
2287,14.5,0.0,13.7,11.3,8.0
2288,14.4,0.0,13.6,11.1,7.8
2289,13.8,0.0,13.2,-0.8,0.7
2290,12.3,0.0,11.8,-2.6,-0.7
2291,11.8,0.0,11.4,-3.2,-1.1
2292,10.8,0.0,10.5,-4.4,-2.0
2293,10.0,0.0,1.3,0.6,1.0
2294,9.3,0.0,0.9,-5.8,-2.7
2295,9.5,0.0,0.8,-5.4,-2.4
2296,1.3,0.0,0.5,-5.9,-2.5
2297,1.2,0.0,0.4,-8.9,-2.7
2298,1.2,0.0,0.4,1.4,5.1
2299,1.8,0.0,1.6,9.8,7.3
2300,-10.2,0.0,-11.4,10.9,8.1
2301,-8.9,0.0,-10.5,11.4,8.4
2302,-7.5,0.0,-9.6,11.8,8.7
2303,-6.2,0.0,-8.7,12.3,9.0
2304,7.0,0.0,14.5,12.7,9.2
2305,15.9,0.0,15.3,13.2,9.6
2306,16.1,0.0,15.4,13.2,9.5
2307,16.7,0.0,15.9,13.7,9.9
2308,17.3,0.0,16.5,14.2,10.2
2309,17.4,0.0,16.5,14.1,10.1
2310,17.5,0.0,16.5,14.1,10.0
2311,17.3,0.0,16.3,13.6,9.6
2312,16.0,0.0,14.6,11.7,8.1
2313,14.2,0.0,12.7,9.7,6.6
2314,12.9,0.0,11.7,8.3,5.8
2315,11.7,0.0,10.7,6.9,5.0
2316,10.6,0.0,10.3,6.1,4.5
2317,9.6,0.0,1.2,5.4,4.2
2318,9.1,0.0,1.3,5.4,4.4
2319,9.5,0.0,1.4,5.7,4.9
2320,1.3,0.0,1.0,5.6,5.1
2321,1.5,0.0,1.0,6.4,5.6
2322,1.9,0.0,1.2,5.8,6.0
2323,2.6,0.0,2.1,9.9,7.3
2324,-8.9,0.0,-10.7,11.0,8.1
2325,-7.4,0.0,-9.6,11.7,8.6
2326,-6.0,0.0,-8.5,12.4,9.0
2327,-4.5,0.0,-7.5,12.9,9.4
2328,8.4,0.0,15.4,13.5,9.8
2329,17.1,0.0,16.3,14.1,10.2
2330,17.4,0.0,16.6,14.3,10.3
2331,17.6,0.0,16.7,14.4,10.3
2332,18.2,0.0,17.2,14.7,10.5
2333,19.1,0.0,18.1,15.6,11.1
2334,19.0,0.0,17.9,15.3,10.9
2335,18.4,0.0,17.2,14.4,10.1
2336,16.6,0.0,15.1,12.0,8.2
2337,14.4,0.0,12.9,9.6,6.5
2338,13.1,0.0,11.7,8.1,5.6
2339,11.9,0.0,10.9,7.0,4.9
2340,11.4,0.0,11.1,6.9,5.0
2341,12.0,0.0,3.3,8.4,5.9
2342,12.2,0.0,3.4,8.7,6.2
2343,11.9,0.0,3.1,8.5,6.1
2344,4.2,0.0,2.9,8.0,5.9
2345,3.5,0.0,2.1,5.3,5.2
2346,3.8,0.0,2.5,6.1,6.1
2347,4.6,0.0,3.4,10.4,7.6
2348,-6.5,0.0,-9.4,11.0,7.9
2349,-5.7,0.0,-8.8,11.3,8.1
2350,-4.7,0.0,-8.1,11.8,8.5
2351,-3.5,0.0,-7.2,12.4,8.9
2352,8.7,0.0,15.3,13.1,9.4
2353,17.2,0.0,16.4,14.0,10.0
2354,18.4,0.0,17.4,15.0,10.8
2355,19.1,0.0,18.1,15.6,11.2
2356,19.0,0.0,18.0,15.4,11.0
2357,19.5,0.0,18.4,15.7,11.2
2358,20.2,0.0,19.0,16.3,11.6
2359,19.2,0.0,18.0,15.0,10.6
2360,17.4,0.0,16.0,12.7,8.7
2361,15.4,0.0,14.1,-0.4,0.8
2362,14.1,0.0,13.1,-1.7,-0.1
2363,12.3,0.0,11.2,-4.1,-1.6
2364,11.4,0.0,10.9,-4.7,-2.0
2365,11.0,0.0,2.7,1.0,1.5
2366,11.6,0.0,3.0,-3.4,-1.2
2367,11.2,0.0,2.6,-3.9,-1.4
2368,12.7,0.0,3.7,-1.9,-0.0
2369,12.9,0.0,3.9,-1.6,0.2
2370,12.8,0.0,3.7,9.4,6.9
2371,13.6,0.0,4.5,10.8,7.7
2372,14.7,0.0,-7.4,11.9,8.5
2373,14.9,0.0,-7.1,12.0,8.6
2374,15.5,0.0,-6.4,12.5,8.9
2375,15.8,0.0,-6.0,12.6,9.0
2376,16.7,0.0,15.9,13.4,9.5
2377,17.2,0.0,16.2,13.6,9.6
2378,17.4,0.0,16.4,13.7,9.7
2379,17.4,0.0,16.4,13.6,9.6
2380,17.6,0.0,16.5,13.7,9.7
2381,17.7,0.0,16.6,13.8,9.7
2382,18.1,0.0,17.0,14.1,9.9
2383,18.0,0.0,16.8,13.8,9.6
2384,17.0,0.0,15.5,12.3,8.4
2385,15.4,0.0,13.9,-0.5,0.7
2386,14.3,0.0,13.2,-1.6,0.1
2387,13.8,0.0,13.2,-1.8,-0.1
2388,13.4,0.0,13.0,-2.1,-0.2
2389,12.2,0.0,3.8,2.3,2.2
2390,12.0,0.0,3.5,-3.3,-1.1
2391,11.8,0.0,3.1,-3.2,-1.1
2392,11.8,0.0,3.2,-3.5,-1.0
2393,12.7,0.0,3.7,-1.9,-0.0
2394,13.6,0.0,4.5,10.3,7.5
2395,14.3,0.0,5.1,11.3,8.1
2396,14.9,0.0,-7.0,12.0,8.6
2397,15.5,0.0,-6.4,12.4,8.9
2398,15.9,0.0,-5.9,12.7,9.0
2399,16.8,0.0,-4.8,13.5,9.6
2400,17.1,0.0,16.2,13.7,9.7
2401,17.7,0.0,16.7,14.0,9.9
2402,17.3,0.0,16.2,13.4,9.5
2403,16.7,0.0,15.6,12.8,8.9
2404,16.9,0.0,15.8,12.9,9.0
2405,16.6,0.0,15.5,12.6,8.7
2406,16.8,0.0,15.6,12.7,8.8
2407,16.6,0.0,15.4,12.4,8.6
2408,15.9,0.0,14.9,11.7,8.1
2409,14.3,0.0,13.5,-1.1,0.4
2410,13.7,0.0,13.0,-1.7,-0.1
2411,12.2,0.0,11.6,-3.5,-1.3
2412,9.9,0.0,9.5,-6.1,-3.1
2413,9.1,0.0,0.8,-1.1,-0.0
2414,9.4,0.0,1.3,-5.8,-2.7
2415,10.7,0.0,1.7,-3.7,-1.4
2416,1.8,0.0,0.9,-6.0,-2.5
2417,1.3,0.0,0.3,-7.3,-2.7
2418,0.7,0.0,-0.3,2.3,4.3
2419,1.7,0.0,1.1,8.7,6.4
2420,-8.8,0.0,-10.6,11.1,8.2
2421,-7.3,0.0,-9.4,11.9,8.8
2422,-5.5,0.0,-8.1,12.8,9.4
2423,-4.0,0.0,-7.0,13.4,9.8
2424,9.0,0.0,16.0,14.1,10.3
2425,17.6,0.0,16.8,14.6,10.6
2426,18.0,0.0,17.2,14.8,10.7
2427,18.5,0.0,17.6,15.2,11.0
2428,18.9,0.0,18.0,15.5,11.1
2429,19.1,0.0,18.1,15.5,11.1
2430,19.4,0.0,18.3,15.6,11.2
2431,18.0,0.0,16.9,14.0,9.8
2432,15.5,0.0,14.3,10.9,7.4
2433,13.2,0.0,12.0,-2.6,-0.8
2434,10.8,0.0,9.8,-5.1,-2.6
2435,8.9,0.0,8.2,-7.1,-3.9
2436,7.5,0.0,7.3,-8.4,-4.7
2437,6.5,0.0,-1.8,-3.3,-1.5
2438,5.8,0.0,-2.1,-9.3,-5.1
2439,5.3,0.0,-2.7,-10.1,-5.2
2440,5.3,0.0,-3.2,-10.6,-5.2
2441,5.4,0.0,-3.7,-10.8,-5.0
2442,5.6,0.0,-3.8,1.8,3.1
2443,7.2,0.0,-2.4,6.4,4.9
2444,9.2,0.0,-15.2,8.5,6.5
2445,11.0,0.0,-13.2,10.2,7.8
2446,11.3,0.0,-12.7,10.3,7.8
2447,11.6,0.0,-12.2,10.3,7.7
2448,12.5,0.0,12.4,11.0,8.2
2449,13.0,0.0,12.7,11.1,8.2
2450,14.5,0.0,14.2,12.5,9.3
2451,15.3,0.0,14.8,13.1,9.6
2452,15.9,0.0,15.3,13.5,9.9
2453,15.2,0.0,14.6,12.6,9.1
2454,16.5,0.0,15.9,13.8,10.0
2455,15.1,0.0,14.4,12.0,8.6
2456,12.3,0.0,11.5,8.7,6.1
2457,9.2,0.0,8.4,-6.1,-3.3
2458,7.0,0.0,6.4,-8.3,-4.9
2459,5.0,0.0,4.7,-10.5,-6.3
2460,3.5,0.0,3.7,-11.8,-7.1
2461,2.7,0.0,-5.9,-6.3,-3.6
2462,1.7,0.0,-6.4,-12.7,-7.5
2463,1.5,0.0,-6.8,-13.4,-7.5
2464,-8.9,0.0,-7.4,-14.1,-7.5
2465,-9.5,0.0,-8.1,-14.8,-7.5
2466,-9.3,0.0,-7.7,0.3,1.7
2467,-8.6,0.0,-6.9,3.3,2.9
2468,-24.6,0.0,-21.8,4.7,3.9
2469,-23.7,0.0,-21.2,5.0,4.2
2470,-22.8,0.0,-20.5,5.5,4.5
2471,-21.5,0.0,-19.5,6.2,5.0
2472,-4.4,0.0,6.9,6.4,5.0
2473,7.0,0.0,7.3,6.6,5.2
2474,7.5,0.0,7.7,6.9,5.4
2475,8.0,0.0,8.2,7.3,5.6
2476,8.6,0.0,8.7,7.8,5.9
2477,9.1,0.0,9.1,8.1,6.1
2478,9.6,0.0,9.5,8.4,6.3
2479,9.2,0.0,9.1,7.8,5.8
2480,7.8,0.0,7.8,6.1,4.5
2481,5.3,0.0,5.3,3.3,2.3
2482,3.1,0.0,3.0,0.8,0.6
2483,1.2,0.0,1.4,-1.2,-0.7
2484,0.2,0.0,0.9,-1.9,-1.1
2485,-0.8,0.0,-9.8,-2.5,-1.3
2486,-1.7,0.0,-10.2,-2.9,-1.4
2487,-2.2,0.0,-10.9,-3.7,-1.5
2488,-14.4,0.0,-11.6,-4.9,-1.5
2489,-14.4,0.0,-11.7,-3.0,-0.6
2490,-14.1,0.0,-11.3,-1.5,0.4
2491,-13.4,0.0,-10.6,1.1,1.4
2492,-31.6,0.0,-26.6,2.4,2.4
2493,-30.3,0.0,-25.6,3.2,3.0
2494,-28.9,0.0,-24.6,3.9,3.5
2495,-27.8,0.0,-23.8,4.3,3.7
2496,-8.5,0.0,4.4,4.5,3.8
2497,3.9,0.0,4.6,4.5,3.8
2498,4.9,0.0,5.4,5.2,4.3
2499,5.5,0.0,6.0,5.7,4.6
2500,6.3,0.0,6.7,6.4,5.0
2501,7.5,0.0,7.8,7.4,5.7
2502,8.0,0.0,8.2,7.6,5.9
2503,6.7,0.0,6.7,5.8,4.4
2504,4.8,0.0,4.6,3.4,2.4
2505,2.5,0.0,2.3,0.9,0.6
2506,0.4,0.0,0.5,-1.3,-0.8
2507,-1.3,0.0,-0.9,-3.0,-1.9
2508,-2.8,0.0,-1.8,-4.2,-2.6
2509,-3.9,0.0,-13.1,-4.8,-2.9
2510,-4.7,0.0,-13.4,-5.0,-2.9
2511,-5.2,0.0,-14.2,-5.9,-3.0
2512,-18.4,0.0,-14.8,-6.4,-2.9
2513,-19.0,0.0,-15.4,-6.6,-2.6
2514,-19.6,0.0,-15.8,-6.8,-2.2
2515,-19.0,0.0,-14.9,-1.9,-0.5
2516,-39.3,0.0,-32.0,-0.3,0.6
2517,-37.8,0.0,-30.8,0.6,1.3
2518,-36.8,0.0,-30.1,1.0,1.5
2519,-35.5,0.0,-29.1,1.6,2.0
2520,-13.1,0.0,1.8,2.7,2.7
2521,1.8,0.0,2.9,3.5,3.3
2522,3.1,0.0,4.0,4.6,4.1
2523,4.1,0.0,4.9,5.3,4.5
2524,4.9,0.0,5.6,5.8,4.8
2525,5.5,0.0,6.1,6.2,5.0
2526,6.2,0.0,6.7,6.7,5.3
2527,4.8,0.0,5.2,4.8,3.8
2528,2.8,0.0,3.0,2.2,1.7
2529,0.4,0.0,0.4,-13.3,-8.5
2530,-1.6,0.0,-1.3,-15.4,-9.9
2531,-3.2,0.0,-2.6,-17.1,-11.0
2532,-4.4,0.0,-3.2,-18.1,-11.6
2533,-5.5,0.0,-14.9,-12.3,-7.8
2534,-6.2,0.0,-15.2,-19.1,-12.1
2535,-6.7,0.0,-15.9,-20.2,-12.3
2536,-6.6,0.0,-16.3,-20.8,-12.3
2537,-6.2,0.0,-16.5,-21.0,-11.9
2538,-5.6,0.0,-16.2,-6.3,-2.0
2539,-4.1,0.0,-14.8,-1.3,-0.1
2540,-2.6,0.0,-31.9,0.2,1.0
2541,-1.7,0.0,-30.7,0.9,1.5
2542,-0.7,0.0,-29.6,1.7,2.1
2543,0.2,0.0,-28.4,2.4,2.5
2544,1.0,0.0,2.2,3.0,2.9
2545,2.3,0.0,3.2,3.8,3.5
2546,3.2,0.0,4.1,4.6,4.0
2547,4.3,0.0,5.0,5.4,4.5
2548,4.7,0.0,5.3,5.5,4.6
2549,5.1,0.0,5.6,5.6,4.5
2550,5.5,0.0,5.9,5.8,4.6
2551,5.0,0.0,5.3,4.9,3.9
2552,3.7,0.0,3.7,2.9,2.2
2553,1.7,0.0,1.7,-12.0,-7.5
2554,-0.4,0.0,-0.1,-14.2,-9.0
2555,-2.0,0.0,-1.4,-15.9,-10.1
2556,-3.5,0.0,-2.4,-17.3,-11.0
2557,-4.4,0.0,-13.8,-11.4,-7.1
2558,-5.0,0.0,-13.9,-18.1,-11.3
2559,-5.2,0.0,-14.4,-18.9,-11.4
2560,-5.2,0.0,-14.9,-19.5,-11.4
2561,-4.8,0.0,-15.0,-19.7,-11.0
2562,-4.4,0.0,-14.9,-5.6,-1.4
2563,-3.1,0.0,-13.7,-0.7,0.3
2564,-1.5,0.0,-30.5,0.9,1.4
2565,-0.4,0.0,-29.2,1.9,2.1
2566,0.2,0.0,-28.4,2.2,2.3
2567,1.2,0.0,-27.1,3.1,2.9
2568,2.2,0.0,3.2,3.9,3.5
2569,3.2,0.0,4.0,4.5,3.9
2570,3.7,0.0,4.4,4.7,3.9
2571,4.7,0.0,5.2,5.4,4.5
2572,5.6,0.0,6.1,6.1,4.9
2573,6.3,0.0,6.6,6.5,5.2
2574,7.0,0.0,7.3,7.0,5.5
2575,6.7,0.0,6.9,6.3,4.9
2576,5.2,0.0,5.1,4.2,3.1
2577,2.9,0.0,2.7,-11.0,-6.9
2578,1.3,0.0,1.6,-12.6,-7.9
2579,0.1,0.0,0.6,-13.9,-8.7
2580,-1.2,0.0,-0.3,-15.3,-9.6
2581,-1.9,0.0,-11.2,-9.2,-5.6
2582,-2.2,0.0,-11.0,-15.5,-9.5
2583,-2.1,0.0,-11.1,-16.0,-9.3
2584,-14.6,0.0,-11.3,-16.5,-9.1
2585,-14.4,0.0,-11.3,-16.7,-8.6
2586,-14.3,0.0,-11.1,-3.6,0.6
2587,-12.9,0.0,-9.7,2.7,2.7
2588,-31.0,0.0,-25.5,4.5,4.0
2589,-28.9,0.0,-23.9,5.5,4.7
2590,-27.0,0.0,-22.6,6.2,5.1
2591,-25.2,0.0,-21.4,6.8,5.5
2592,-5.2,0.0,7.3,7.5,5.9
2593,8.0,0.0,8.3,8.2,6.4
2594,8.9,0.0,9.1,8.8,6.8
2595,9.5,0.0,9.5,9.1,6.9
2596,10.0,0.0,10.0,9.4,7.1
2597,10.5,0.0,10.4,9.6,7.2
2598,10.5,0.0,10.3,9.3,6.9
2599,10.1,0.0,9.9,8.6,6.3
2600,9.4,0.0,9.0,7.5,5.3
2601,8.6,0.0,8.5,-5.5,-2.8
2602,8.5,0.0,8.5,-5.6,-2.8
2603,7.3,0.0,7.4,-7.1,-3.9
2604,7.6,0.0,7.8,-6.6,-3.5
2605,8.1,0.0,-1.5,0.2,0.8
2606,7.5,0.0,-2.1,-6.5,-3.5
2607,5.4,0.0,-3.6,-9.2,-5.2
2608,5.3,0.0,-4.0,-9.5,-5.2
2609,5.9,0.0,-3.7,-8.2,-4.5
2610,6.6,0.0,-3.3,5.3,3.9
2611,6.9,0.0,-3.1,5.7,4.1
2612,8.0,0.0,-16.8,6.9,5.1
2613,8.5,0.0,-16.2,7.3,5.3
2614,8.7,0.0,-15.8,7.4,5.4
2615,9.3,0.0,-15.2,7.8,5.7
2616,9.8,0.0,9.5,8.2,5.9
2617,10.7,0.0,10.3,8.9,6.4
2618,11.4,0.0,10.9,9.4,6.8
2619,12.0,0.0,11.5,10.0,7.2
2620,12.4,0.0,11.9,10.2,7.3
2621,12.5,0.0,11.9,10.1,7.3
2622,12.8,0.0,12.1,10.3,7.3
2623,12.3,0.0,11.7,9.6,6.8
2624,10.6,0.0,9.7,7.3,4.9
2625,9.1,0.0,8.4,-5.9,-3.2
2626,7.3,0.0,6.7,-7.9,-4.6
2627,5.9,0.0,5.7,-9.3,-5.5
2628,4.3,0.0,4.6,-10.8,-6.5
2629,3.1,0.0,-5.5,-5.7,-3.3
2630,2.2,0.0,-6.0,-12.2,-7.2
2631,1.5,0.0,-7.0,-13.5,-7.7
2632,-9.3,0.0,-7.8,-14.3,-7.9
2633,-8.9,0.0,-7.6,-12.0,-6.8
2634,-8.4,0.0,-7.1,2.4,2.1
2635,-7.6,0.0,-6.3,3.7,3.0
2636,-23.8,0.0,-21.6,4.3,3.5
2637,-22.9,0.0,-20.9,4.9,3.8
2638,-22.1,0.0,-20.4,5.2,4.1
2639,-21.5,0.0,-20.0,5.4,4.1
2640,-4.7,0.0,6.3,5.7,4.3
2641,7.2,0.0,7.4,6.6,5.0
2642,8.3,0.0,8.4,7.5,5.7
2643,9.6,0.0,9.6,8.7,6.6
2644,10.2,0.0,10.1,9.1,6.8
2645,10.4,0.0,10.2,9.1,6.7
2646,10.0,0.0,9.8,8.5,6.3
2647,8.4,0.0,8.1,6.5,4.6
2648,6.5,0.0,6.2,4.3,2.9
2649,4.7,0.0,4.5,2.4,1.5
2650,2.6,0.0,2.6,0.2,0.0
2651,0.5,0.0,0.8,-1.8,-1.4
2652,-0.9,0.0,-0.2,-3.0,-2.0
2653,-2.2,0.0,-11.2,-3.9,-2.5
2654,-3.2,0.0,-11.8,-4.2,-2.6
2655,-3.3,0.0,-12.3,-4.6,-2.5
2656,-15.8,0.0,-13.1,-5.3,-2.5
2657,-15.9,0.0,-13.1,-4.4,-1.7
2658,-15.6,0.0,-12.6,-2.6,-0.6
2659,-14.0,0.0,-11.1,0.8,1.2
2660,-30.5,0.0,-25.3,4.2,3.8
2661,-28.9,0.0,-24.1,4.9,4.3
2662,-28.1,0.0,-23.8,4.6,4.0
2663,-26.0,0.0,-22.1,5.9,4.9
2664,-6.6,0.0,6.1,6.2,5.0
2665,6.1,0.0,6.6,6.4,5.1
2666,6.5,0.0,6.8,6.6,5.2
2667,6.9,0.0,7.1,6.7,5.2
2668,7.3,0.0,7.5,7.0,5.4
2669,7.7,0.0,7.8,7.1,5.5
2670,8.1,0.0,8.2,7.4,5.6
2671,8.2,0.0,8.3,7.3,5.5
2672,6.7,0.0,6.7,5.3,3.9
2673,5.9,0.0,6.1,4.5,3.3
2674,4.1,0.0,4.4,2.4,1.7
2675,2.1,0.0,2.4,0.0,0.1
2676,1.0,0.0,1.8,-0.9,-0.4
2677,0.1,0.0,-8.9,-1.4,-0.6
2678,-0.5,0.0,-9.1,-1.5,-0.6
2679,-0.6,0.0,-9.4,-2.1,-0.5
2680,-12.4,0.0,-9.8,-2.7,-0.3
2681,-12.5,0.0,-10.0,-2.9,0.1
2682,-12.5,0.0,-9.9,-2.5,0.9
2683,-10.9,0.0,-8.3,3.3,3.0
2684,-27.6,0.0,-23.2,5.5,4.6
2685,-25.8,0.0,-21.9,6.2,5.1
2686,-24.6,0.0,-21.2,6.3,5.1
2687,-22.2,0.0,-19.3,7.8,6.2
2688,-3.1,0.0,8.7,8.5,6.7
2689,9.3,0.0,9.5,9.0,6.9
2690,9.8,0.0,9.8,9.2,7.0
2691,11.0,0.0,10.9,10.2,7.7
2692,10.8,0.0,10.7,9.8,7.3
2693,9.9,0.0,9.7,8.6,6.4
2694,9.8,0.0,9.5,8.3,6.1
2695,9.9,0.0,9.6,8.2,6.0
2696,9.5,0.0,9.3,7.6,5.5
2697,7.0,0.0,6.5,-7.6,-4.5
2698,5.2,0.0,5.0,-9.4,-5.7
2699,3.6,0.0,3.7,-11.2,-6.8
2700,2.3,0.0,2.9,-12.3,-7.6
2701,1.1,0.0,-7.8,-7.1,-4.3
2702,0.4,0.0,-8.1,-13.5,-8.2
2703,0.6,0.0,-8.2,-13.8,-8.0
2704,0.9,0.0,-8.3,-14.0,-7.7
2705,1.1,0.0,-8.6,-14.0,-7.4
2706,1.7,0.0,-8.2,-0.3,1.6
2707,3.2,0.0,-6.9,3.7,3.2
2708,5.2,0.0,-21.4,5.8,4.7
2709,6.6,0.0,-19.8,7.0,5.5
2710,7.4,0.0,-18.7,7.6,6.0
2711,8.7,0.0,-17.1,8.7,6.7
2712,9.1,0.0,9.3,8.8,6.7
2713,9.5,0.0,9.5,8.7,6.5
2714,10.6,0.0,10.6,9.7,7.3
2715,11.2,0.0,11.1,10.1,7.5
2716,12.0,0.0,11.8,10.6,7.9
2717,12.3,0.0,12.0,10.7,7.9
2718,12.6,0.0,12.2,10.8,7.9
2719,11.1,0.0,10.7,8.9,6.4
2720,7.8,0.0,7.0,4.9,3.2
2721,4.9,0.0,4.5,-9.9,-6.2
2722,2.6,0.0,2.4,-12.2,-7.8
2723,0.6,0.0,0.7,-14.3,-9.2
2724,-0.7,0.0,-0.0,-15.3,-9.8
2725,-1.7,0.0,-10.5,-9.7,-6.2
2726,-2.1,0.0,-10.8,-15.9,-10.0
2727,-2.2,0.0,-11.4,-16.0,-9.9
2728,-2.6,0.0,-11.8,-17.3,-10.1
2729,-2.6,0.0,-12.4,-17.5,-10.0
2730,-1.9,0.0,-12.0,-2.1,-0.5
2731,-0.3,0.0,-10.5,0.8,1.1
2732,1.4,0.0,-25.8,2.6,2.5
2733,1.4,0.0,-25.8,2.4,2.2
2734,2.2,0.0,-24.8,3.2,2.8
2735,2.9,0.0,-24.0,3.8,3.2
2736,3.1,0.0,3.8,3.7,3.1
2737,4.3,0.0,4.8,4.7,3.8
2738,4.7,0.0,5.2,4.9,4.0
2739,6.3,0.0,6.7,6.4,5.0
2740,7.2,0.0,7.5,7.1,5.5
2741,7.5,0.0,7.7,7.2,5.5
2742,8.0,0.0,8.1,7.5,5.7
2743,6.7,0.0,6.8,5.9,4.4
2744,4.6,0.0,4.8,3.4,2.5
2745,2.8,0.0,3.0,-11.1,-6.9
2746,1.6,0.0,2.1,-12.2,-7.6
2747,0.2,0.0,0.9,-13.6,-8.6
2748,-1.9,0.0,-1.0,-16.0,-10.2
2749,-2.4,0.0,-11.8,-9.7,-6.2
2750,-2.4,0.0,-12.1,-15.6,-10.0
2751,-1.7,0.0,-11.6,-14.5,-9.2
2752,-12.8,0.0,-10.9,-13.2,-8.2
2753,-11.8,0.0,-9.8,-11.9,-7.1
2754,-11.6,0.0,-9.6,1.4,1.4
2755,-11.5,0.0,-9.5,1.6,1.5
2756,-29.3,0.0,-25.6,2.2,2.0
2757,-28.7,0.0,-25.2,2.4,2.1
2758,-28.9,0.0,-25.5,2.0,1.8
2759,-28.5,0.0,-25.2,2.1,1.9
2760,-9.5,0.0,3.0,2.9,2.4
2761,3.7,0.0,4.2,4.0,3.3
2762,4.1,0.0,4.5,4.2,3.4
2763,4.6,0.0,5.0,4.6,3.7
2764,5.2,0.0,5.5,5.0,3.9
2765,6.1,0.0,6.3,5.8,4.5
2766,5.7,0.0,5.9,5.2,4.0
2767,5.6,0.0,5.7,4.9,3.7
2768,5.3,0.0,5.4,4.4,3.3
2769,4.9,0.0,5.1,-8.3,-4.8
2770,4.8,0.0,5.0,-8.5,-4.9
2771,4.1,0.0,4.4,-9.4,-5.6
2772,4.4,0.0,4.6,-9.0,-5.3
2773,4.2,0.0,-5.8,-3.0,-1.5
2774,4.4,0.0,-5.5,-8.9,-5.2
2775,4.9,0.0,-5.1,-8.5,-4.9
2776,6.0,0.0,-4.1,-7.2,-3.9
2777,6.5,0.0,-3.6,-6.7,-3.6
2778,6.7,0.0,-3.4,5.8,4.3
2779,6.8,0.0,-3.2,5.8,4.3
2780,7.3,0.0,-17.7,6.2,4.5
2781,7.6,0.0,-17.3,6.5,4.8
2782,8.6,0.0,-16.2,7.4,5.5
2783,9.0,0.0,-15.7,7.7,5.6
2784,9.8,0.0,9.5,8.3,6.1
2785,9.3,0.0,8.9,7.5,5.4
2786,9.2,0.0,8.8,7.3,5.2
2787,9.3,0.0,8.9,7.3,5.2
2788,9.2,0.0,8.8,7.2,5.1
2789,9.1,0.0,8.7,7.0,4.9
2790,9.2,0.0,8.7,7.1,5.0
2791,9.1,0.0,8.6,6.8,4.7
2792,7.9,0.0,7.5,5.2,3.5
2793,7.5,0.0,7.3,-6.8,-3.8
2794,6.3,0.0,6.2,-8.1,-4.8
2795,5.9,0.0,6.0,-8.4,-5.0
2796,5.5,0.0,5.7,-8.8,-5.2
2797,4.1,0.0,-5.1,-4.3,-2.5
2798,3.1,0.0,-5.8,-11.2,-6.9
2799,2.3,0.0,-6.4,-12.5,-7.3
2800,-8.2,0.0,-6.9,-13.5,-7.3
2801,-7.5,0.0,-6.4,-10.9,-6.1
2802,-7.5,0.0,-6.4,2.2,2.2
2803,-6.6,0.0,-5.5,4.1,3.2
2804,-22.1,0.0,-20.4,5.1,4.0
2805,-21.0,0.0,-19.6,5.8,4.4
2806,-19.9,0.0,-18.6,6.4,4.9
2807,-18.9,0.0,-17.9,6.9,5.2
2808,-2.8,0.0,7.6,6.8,5.1
2809,8.2,0.0,8.2,7.2,5.4
2810,8.3,0.0,8.2,7.1,5.3
2811,8.3,0.0,8.2,7.0,5.2
2812,8.3,0.0,8.1,6.8,5.0
2813,8.3,0.0,8.0,6.7,4.9
2814,8.3,0.0,8.1,6.7,4.8
2815,8.2,0.0,7.9,6.4,4.6
2816,7.8,0.0,7.6,5.9,4.2
2817,7.6,0.0,7.4,5.8,4.1
2818,5.8,0.0,5.8,3.7,2.5
2819,4.1,0.0,4.3,1.8,1.2
2820,3.4,0.0,3.8,1.4,0.9
2821,1.5,0.0,-7.8,-0.5,-0.4
2822,-1.2,0.0,-9.6,-3.1,-2.1
2823,-1.5,0.0,-10.5,-3.3,-2.0
2824,-12.9,0.0,-11.2,-3.6,-2.0
2825,-11.6,0.0,-9.9,-0.2,0.1
2826,-10.4,0.0,-8.7,1.7,1.6
2827,-10.3,0.0,-8.7,1.8,1.6
2828,-27.9,0.0,-24.8,2.1,1.9
2829,-26.9,0.0,-24.0,2.9,2.5
2830,-26.9,0.0,-24.0,2.7,2.3
2831,-26.7,0.0,-23.9,2.7,2.2
2832,-8.4,0.0,3.7,3.4,2.7
2833,3.8,0.0,4.2,3.9,3.1
2834,4.1,0.0,4.4,4.0,3.2
2835,4.4,0.0,4.7,4.1,3.2
2836,5.0,0.0,5.3,4.7,3.6
2837,6.1,0.0,6.2,5.6,4.3
2838,6.3,0.0,6.5,5.7,4.4
2839,6.4,0.0,6.5,5.6,4.2
2840,6.5,0.0,6.6,5.5,4.2
2841,4.9,0.0,5.2,3.7,2.7
2842,3.5,0.0,3.9,2.0,1.5
2843,1.3,0.0,1.8,-0.5,-0.3
2844,-0.2,0.0,0.8,-1.9,-1.1
2845,0.4,0.0,-8.9,-0.6,-0.2
2846,-0.9,0.0,-9.4,-1.7,-0.7
2847,-1.0,0.0,-9.9,-2.3,-0.7
2848,-13.1,0.0,-10.4,-3.0,-0.6
2849,-13.2,0.0,-10.6,-3.3,-0.2
2850,-13.4,0.0,-10.6,-2.8,0.5
2851,-12.2,0.0,-9.4,2.2,2.2
2852,-30.0,0.0,-25.3,3.6,3.3
2853,-27.2,0.0,-22.9,5.8,4.8
2854,-25.5,0.0,-21.7,6.3,5.2
2855,-23.9,0.0,-20.6,6.9,5.5
2856,-5.1,0.0,7.1,7.0,5.5
2857,7.5,0.0,7.8,7.5,5.9
2858,7.6,0.0,7.8,7.3,5.6
2859,7.5,0.0,7.6,7.0,5.3
2860,7.8,0.0,7.8,7.1,5.3
2861,8.3,0.0,8.3,7.5,5.6
2862,8.3,0.0,8.3,7.3,5.4
2863,7.5,0.0,7.4,6.2,4.6
2864,6.7,0.0,6.6,5.2,3.7
2865,5.7,0.0,5.8,-8.1,-4.6
2866,5.0,0.0,5.2,-8.8,-5.2
2867,4.4,0.0,4.6,-9.4,-5.6
2868,4.8,0.0,5.0,-8.8,-5.2
2869,6.1,0.0,-3.9,-1.2,-0.2
2870,4.7,0.0,-4.9,-9.1,-5.3
2871,5.4,0.0,-4.4,-8.2,-4.7
2872,5.4,0.0,-4.4,-8.1,-4.6
2873,4.8,0.0,-4.9,-8.9,-5.1
2874,5.1,0.0,-4.6,3.5,2.9
2875,6.2,0.0,-3.8,5.2,3.9
2876,6.7,0.0,-18.4,5.8,4.3
2877,7.1,0.0,-17.9,6.1,4.5
2878,7.6,0.0,-17.3,6.5,4.8
2879,8.0,0.0,-16.8,6.9,5.1
2880,8.4,0.0,8.3,7.1,5.2
2881,8.7,0.0,8.5,7.2,5.3
2882,8.9,0.0,8.6,7.3,5.3
2883,8.8,0.0,8.5,7.1,5.1
2884,9.0,0.0,8.6,7.1,5.1
2885,9.1,0.0,8.7,7.2,5.1
2886,9.3,0.0,8.9,7.3,5.2
2887,9.3,0.0,8.9,7.2,5.1
2888,9.1,0.0,8.7,7.0,4.9
2889,8.7,0.0,8.4,-5.3,-2.7
2890,8.9,0.0,8.6,-5.1,-2.5
2891,9.7,0.0,9.4,-4.3,-1.9
2892,9.4,0.0,9.2,-4.8,-2.3
2893,8.6,0.0,-0.7,0.2,0.7
2894,8.1,0.0,-1.2,-6.3,-3.3
2895,6.6,0.0,-2.4,-8.2,-4.6
2896,6.7,0.0,-2.4,-8.1,-4.3
2897,6.3,0.0,-2.9,-10.1,-4.7
2898,7.7,0.0,-2.0,6.0,4.5
2899,8.5,0.0,-1.2,7.1,5.2
2900,9.1,0.0,-15.2,7.7,5.6
2901,9.3,0.0,-14.9,7.7,5.6
2902,9.7,0.0,-14.4,8.0,5.8
2903,10.0,0.0,-14.0,8.3,6.0
2904,11.1,0.0,10.7,9.3,6.7
2905,10.6,0.0,10.1,8.5,6.0
2906,10.7,0.0,10.2,8.5,6.1
2907,11.5,0.0,11.0,9.2,6.6
2908,11.4,0.0,10.9,9.1,6.4
2909,12.3,0.0,11.7,9.9,7.0
2910,12.4,0.0,11.8,9.8,7.0
2911,11.0,0.0,10.4,8.1,5.6
2912,9.7,0.0,9.0,6.5,4.3
2913,8.8,0.0,8.4,-6.0,-3.3
2914,8.3,0.0,8.2,-6.3,-3.4
2915,8.1,0.0,8.1,-6.6,-3.6
2916,8.6,0.0,8.6,-5.7,-2.9
2917,8.8,0.0,-0.5,0.4,0.9
2918,6.1,0.0,-2.4,-8.5,-4.8
2919,6.4,0.0,-2.5,-8.3,-4.5
2920,-2.8,0.0,-2.7,-8.1,-4.3
2921,-2.9,0.0,-2.8,-8.1,-4.2
2922,-3.5,0.0,-3.1,0.7,3.0
2923,-4.2,0.0,-2.9,0.5,3.8
2924,-17.5,0.0,-16.7,7.8,5.9
2925,-16.2,0.0,-15.8,8.4,6.4
2926,-15.5,0.0,-15.4,8.3,6.2
2927,-14.9,0.0,-15.1,8.2,6.1
2928,0.5,0.0,9.9,8.8,6.5
2929,10.8,0.0,10.5,9.2,6.8
2930,11.1,0.0,10.8,9.3,6.8
2931,11.1,0.0,10.7,9.2,6.7
2932,10.9,0.0,10.5,8.9,6.4
2933,11.3,0.0,10.8,9.1,6.6
2934,11.7,0.0,11.2,9.4,6.8
2935,10.6,0.0,10.1,8.0,5.6
2936,10.5,0.0,10.1,7.8,5.5
2937,9.2,0.0,8.9,-5.4,-2.8
2938,7.9,0.0,7.9,-6.7,-3.7
2939,6.0,0.0,6.0,-9.0,-5.3
2940,5.2,0.0,5.8,-9.5,-5.6
2941,3.7,0.0,-4.7,-4.9,-2.7
2942,4.1,0.0,-4.0,-10.0,-5.7
2943,4.1,0.0,-4.6,-10.4,-5.7
2944,3.8,0.0,-4.9,-12.0,-5.9
2945,4.2,0.0,-5.1,-12.5,-5.6
2946,4.1,0.0,-5.2,0.0,2.7
2947,4.1,0.0,-5.1,0.2,3.4
2948,6.3,0.0,-19.7,6.6,5.3
2949,7.4,0.0,-18.4,7.6,6.0
2950,8.4,0.0,-17.2,8.3,6.5
2951,9.9,0.0,-15.4,9.6,7.4
2952,10.8,0.0,11.0,10.3,7.8
2953,11.9,0.0,11.9,10.9,8.3
2954,12.6,0.0,12.5,11.4,8.6
2955,13.1,0.0,12.9,11.7,8.7
2956,14.0,0.0,13.6,12.3,9.1
2957,14.3,0.0,13.9,12.4,9.1
2958,14.4,0.0,13.9,12.2,8.9
2959,12.5,0.0,11.9,9.9,7.0
2960,10.1,0.0,9.3,6.9,4.6
2961,7.9,0.0,7.3,-7.0,-4.1
2962,6.5,0.0,6.2,-8.4,-5.0
2963,4.6,0.0,4.7,-10.4,-6.3
2964,3.4,0.0,4.0,-11.4,-6.9
2965,2.9,0.0,-5.5,-5.5,-3.1
2966,2.8,0.0,-5.5,-11.2,-6.6
2967,1.7,0.0,-6.6,-13.2,-7.4
2968,-8.3,0.0,-6.9,-12.0,-6.8
2969,-8.9,0.0,-7.4,-13.4,-7.0
2970,-8.8,0.0,-7.2,0.8,1.8
2971,-8.2,0.0,-6.6,2.2,2.8
2972,-24.3,0.0,-21.6,4.7,3.8
2973,-21.8,0.0,-19.4,6.8,5.4
2974,-20.3,0.0,-18.4,7.4,5.8
2975,-18.8,0.0,-17.3,8.1,6.3
2976,-1.1,0.0,9.7,9.1,7.0
2977,10.5,0.0,10.5,9.7,7.4
2978,11.2,0.0,11.2,10.3,7.7
2979,11.8,0.0,11.7,10.6,7.9
2980,12.4,0.0,12.2,11.0,8.2
2981,13.1,0.0,12.8,11.4,8.5
2982,13.1,0.0,12.7,11.2,8.2
2983,11.0,0.0,10.6,8.6,6.2
2984,8.1,0.0,7.6,5.3,3.5
2985,5.7,0.0,5.3,2.8,1.7
2986,4.0,0.0,4.0,1.3,0.7
2987,2.8,0.0,3.1,0.2,0.1
2988,1.8,0.0,2.6,-0.5,-0.3
2989,1.1,0.0,-7.5,-0.8,-0.4
2990,0.7,0.0,-7.7,-0.7,-0.2
2991,0.9,0.0,-8.0,-0.7,0.1
2992,-10.1,0.0,-8.3,-0.9,0.3
2993,-10.4,0.0,-8.5,-1.4,0.6
2994,-10.3,0.0,-8.3,-0.4,1.4
2995,-9.6,0.0,-7.5,1.6,2.6
2996,-26.1,0.0,-22.6,4.6,3.8
2997,-24.3,0.0,-21.2,5.8,4.8
2998,-22.5,0.0,-19.9,6.8,5.4
2999,-21.3,0.0,-19.1,7.1,5.6
3000,-3.9,0.0,7.5,7.1,5.5
3001,7.7,0.0,7.9,7.2,5.6
3002,7.8,0.0,7.9,7.1,5.4
3003,8.0,0.0,8.0,7.1,5.4
3004,8.2,0.0,8.2,7.3,5.4
3005,9.0,0.0,9.0,7.9,5.9
3006,9.3,0.0,9.2,8.0,6.0
3007,8.9,0.0,8.8,7.3,5.4
3008,7.5,0.0,7.1,5.3,3.7
3009,6.2,0.0,6.1,4.1,2.9
3010,4.5,0.0,4.6,2.3,1.6
3011,3.0,0.0,3.4,0.8,0.6
3012,2.7,0.0,3.5,1.0,0.8
3013,1.2,0.0,-7.6,-0.5,-0.1
3014,0.7,0.0,-7.5,-0.4,0.1
3015,0.6,0.0,-8.0,-1.2,0.1
3016,-10.9,0.0,-8.6,-2.0,0.1
3017,-10.8,0.0,-8.7,-0.7,0.8
3018,-10.1,0.0,-8.1,2.0,2.0
3019,-9.4,0.0,-7.5,2.8,2.7
3020,-26.4,0.0,-23.2,4.0,3.3
3021,-25.4,0.0,-22.5,4.5,3.7
3022,-24.8,0.0,-22.2,4.5,3.6
3023,-24.0,0.0,-21.6,4.8,3.8
3024,-6.0,0.0,5.7,5.3,4.2
3025,5.8,0.0,6.1,5.5,4.3
3026,6.3,0.0,6.5,5.9,4.5
3027,6.3,0.0,6.4,5.7,4.4
3028,6.5,0.0,6.6,5.8,4.4
3029,6.7,0.0,6.8,5.9,4.4
3030,6.6,0.0,6.6,5.7,4.2
3031,6.5,0.0,6.5,5.4,4.0
3032,5.9,0.0,6.0,4.6,3.4
3033,5.4,0.0,5.5,-8.2,-4.7
3034,4.9,0.0,5.1,-8.8,-5.1
3035,3.2,0.0,3.8,-10.7,-6.5
3036,2.7,0.0,3.3,-11.2,-6.9
3037,2.7,0.0,-6.9,-4.7,-2.8
3038,3.4,0.0,-6.3,-10.1,-6.0
3039,3.1,0.0,-6.6,-10.3,-6.1
3040,2.9,0.0,-6.9,-10.4,-6.2
3041,1.9,0.0,-7.8,-11.6,-7.1
3042,1.5,0.0,-8.2,-0.2,0.7
3043,1.1,0.0,-8.3,-1.9,0.7
3044,3.1,0.0,-23.1,3.2,2.6
3045,4.1,0.0,-22.1,4.2,3.4
3046,4.2,0.0,-21.9,4.2,3.4
3047,4.8,0.0,-21.2,4.7,3.7
3048,5.6,0.0,5.9,5.5,4.2
3049,6.0,0.0,6.2,5.6,4.3
3050,6.4,0.0,6.5,5.8,4.4
3051,6.5,0.0,6.6,5.8,4.4
3052,6.8,0.0,6.8,5.9,4.5
3053,6.8,0.0,6.8,5.8,4.3
3054,6.9,0.0,6.9,5.8,4.3
3055,6.9,0.0,6.8,5.7,4.2
3056,7.4,0.0,7.3,6.0,4.4
3057,6.2,0.0,6.4,-7.5,-4.2
3058,6.1,0.0,6.3,-7.7,-4.3
3059,6.7,0.0,6.8,-7.0,-3.8
3060,6.9,0.0,7.1,-6.7,-3.6
3061,6.4,0.0,-3.2,-1.3,-0.3
3062,4.3,0.0,-4.7,-9.8,-5.8
3063,4.7,0.0,-4.4,-9.6,-5.4
3064,4.8,0.0,-4.5,-9.7,-5.3
3065,4.4,0.0,-5.1,-10.8,-5.6
3066,4.6,0.0,-4.9,1.6,2.7
3067,5.2,0.0,-4.4,3.3,3.7
3068,6.4,0.0,-19.1,6.0,4.6
3069,7.3,0.0,-18.2,6.8,5.2
3070,7.5,0.0,-17.8,6.9,5.2
3071,7.6,0.0,-17.5,6.8,5.1
3072,8.6,0.0,8.6,7.7,5.8
3073,9.3,0.0,9.2,8.1,6.0
3074,9.5,0.0,9.3,8.2,6.0
3075,9.9,0.0,9.7,8.4,6.2
3076,9.9,0.0,9.6,8.3,6.0
3077,10.3,0.0,10.0,8.6,6.2
3078,10.8,0.0,10.4,8.9,6.4
3079,10.4,0.0,10.0,8.2,5.9
3080,9.9,0.0,9.6,7.6,5.4
3081,8.4,0.0,8.4,-5.9,-3.1
3082,9.4,0.0,9.2,-4.7,-2.2
3083,8.5,0.0,8.5,-5.8,-3.0
3084,9.5,0.0,9.4,-4.5,-2.0
3085,9.8,0.0,0.2,1.8,1.9
3086,9.4,0.0,-0.2,-4.7,-2.2
3087,9.5,0.0,-0.0,-4.6,-2.1
3088,1.3,0.0,0.4,-4.0,-1.7
3089,1.6,0.0,0.6,-3.7,-1.5
3090,1.6,0.0,0.5,7.9,5.6
3091,1.8,0.0,0.7,8.1,5.7
3092,-11.3,0.0,-13.6,7.6,5.3
3093,-11.9,0.0,-14.2,6.8,4.7
3094,-11.5,0.0,-13.8,7.4,5.1
3095,-10.2,0.0,-12.5,8.7,6.1
3096,3.3,0.0,11.1,9.3,6.6
3097,11.9,0.0,11.3,9.4,6.6
3098,12.1,0.0,11.4,9.4,6.6
3099,12.3,0.0,11.6,9.6,6.8
3100,12.5,0.0,11.8,9.7,6.9
3101,12.7,0.0,12.0,9.8,6.9
3102,12.9,0.0,12.1,9.9,7.0
3103,12.3,0.0,11.6,9.1,6.4
3104,10.6,0.0,9.8,7.0,4.6
3105,10.1,0.0,9.7,-4.7,-2.3
3106,7.8,0.0,7.5,-7.3,-4.3
3107,7.5,0.0,7.5,-7.4,-4.2
3108,6.6,0.0,6.9,-8.3,-4.8
3109,5.5,0.0,-3.1,-3.3,-1.8
3110,5.4,0.0,-3.5,-9.1,-5.3
3111,5.2,0.0,-3.7,-9.2,-5.3
3112,4.9,0.0,-4.1,-9.8,-5.4
3113,6.0,0.0,-3.5,-7.9,-4.3
3114,7.2,0.0,-2.5,5.9,4.4
3115,7.0,0.0,-2.6,5.4,4.2
3116,8.1,0.0,-16.4,6.9,5.1
3117,8.3,0.0,-16.1,7.1,5.2
3118,9.1,0.0,-15.2,7.8,5.7
3119,9.3,0.0,-14.9,7.9,5.8
3120,9.5,0.0,9.3,7.9,5.8
3121,9.9,0.0,9.6,8.1,5.9
3122,10.2,0.0,9.9,8.3,6.0
3123,10.3,0.0,10.0,8.3,6.0
3124,10.5,0.0,10.1,8.4,6.0
3125,10.8,0.0,10.3,8.6,6.2
3126,10.6,0.0,10.2,8.3,5.9
3127,10.1,0.0,9.7,7.6,5.4
3128,8.9,0.0,8.3,5.9,4.0
3129,8.4,0.0,8.3,-5.9,-3.1
3130,7.2,0.0,7.3,-7.3,-4.1
3131,6.0,0.0,6.3,-8.6,-5.0
3132,4.4,0.0,5.0,-10.2,-6.2
3133,3.9,0.0,-4.8,-4.4,-2.5
3134,5.2,0.0,-4.1,-8.8,-5.0
3135,3.6,0.0,-5.2,-10.8,-6.2
3136,-6.5,0.0,-5.4,-11.2,-6.2
3137,-6.0,0.0,-5.1,-9.7,-5.3
3138,-5.7,0.0,-4.7,3.3,3.1
3139,-5.1,0.0,-4.1,4.4,3.8
3140,-19.9,0.0,-18.7,6.0,4.7
3141,-18.5,0.0,-17.6,7.0,5.4
3142,-17.7,0.0,-17.1,7.2,5.5
3143,-16.7,0.0,-16.4,7.7,5.8
3144,-1.2,0.0,8.7,7.7,5.7
3145,9.4,0.0,9.3,8.2,6.1
3146,9.7,0.0,9.5,8.2,6.1
3147,10.1,0.0,9.8,8.5,6.2
3148,10.4,0.0,10.1,8.7,6.4
3149,10.4,0.0,10.1,8.6,6.3
3150,10.3,0.0,9.9,8.3,6.0
3151,9.8,0.0,9.5,7.7,5.5
3152,8.8,0.0,8.6,6.4,4.5
3153,7.0,0.0,6.9,4.4,3.0
3154,7.4,0.0,7.4,5.1,3.6
3155,7.8,0.0,7.7,5.8,4.1
3156,7.6,0.0,7.6,5.7,4.0
3157,7.3,0.0,-2.3,5.4,3.8
3158,6.7,0.0,-2.8,4.7,3.3
3159,6.9,0.0,-2.7,5.0,3.6
3160,-2.2,0.0,-2.6,5.2,3.7
3161,-2.4,0.0,-2.8,5.2,3.7
3162,-2.7,0.0,-3.0,5.1,3.6
3163,-3.0,0.0,-3.2,4.7,3.5
3164,-16.9,0.0,-17.5,5.4,3.9
3165,-16.9,0.0,-17.4,5.5,4.0
3166,-16.7,0.0,-17.3,5.6,4.1
3167,-16.6,0.0,-17.2,5.7,4.1
3168,-2.2,0.0,7.1,5.8,4.2
3169,7.6,0.0,7.4,6.0,4.4
3170,7.8,0.0,7.6,6.1,4.4
3171,7.9,0.0,7.7,6.2,4.5
3172,8.2,0.0,7.9,6.4,4.6
3173,8.5,0.0,8.2,6.7,4.8
3174,8.5,0.0,8.1,6.6,4.7
3175,8.0,0.0,7.7,5.9,4.2
3176,7.5,0.0,7.3,5.2,3.7
3177,6.2,0.0,6.2,3.9,2.7
3178,5.0,0.0,5.3,2.8,1.9
3179,3.8,0.0,4.2,1.6,1.1
3180,2.0,0.0,2.7,-0.3,-0.2
3181,0.2,0.0,-8.4,-1.7,-1.2
3182,-0.4,0.0,-8.7,-1.9,-1.1
3183,-1.4,0.0,-9.8,-3.5,-1.7
3184,-13.1,0.0,-10.7,-4.3,-1.7
3185,-13.9,0.0,-11.6,-4.8,-1.6
3186,-14.7,0.0,-11.9,-4.2,-1.0
3187,-15.2,0.0,-12.0,-3.4,-0.4
3188,-33.4,0.0,-28.2,0.7,1.2
3189,-31.7,0.0,-26.7,2.4,2.4
3190,-30.4,0.0,-25.8,3.0,2.8
3191,-29.6,0.0,-25.3,3.2,2.9
3192,-10.2,0.0,3.2,3.4,3.0
3193,2.9,0.0,3.6,3.6,3.2
3194,3.6,0.0,4.3,4.2,3.6
3195,4.0,0.0,4.6,4.4,3.6
3196,4.3,0.0,4.7,4.5,3.6
3197,4.7,0.0,5.2,4.8,3.9
3198,4.0,0.0,4.4,3.8,3.0
3199,1.9,0.0,2.1,1.2,0.9
3200,0.8,0.0,0.9,-0.2,-0.3
3201,-1.2,0.0,-0.9,-14.9,-9.8
3202,-3.1,0.0,-2.4,-16.6,-10.9
3203,-4.9,0.0,-3.8,-18.4,-12.1
3204,-6.6,0.0,-4.9,-19.9,-13.1
3205,-7.8,0.0,-16.8,-14.2,-9.3
3206,-8.9,0.0,-17.5,-21.5,-14.0
3207,-9.5,0.0,-18.5,-22.8,-14.4
3208,-9.9,0.0,-19.4,-23.7,-14.6
3209,-9.9,0.0,-20.0,-24.0,-14.4
3210,-10.0,0.0,-20.1,-9.9,-4.7
3211,-9.6,0.0,-19.8,-8.7,-3.8
3212,-7.6,0.0,-37.7,-4.1,-2.0
3213,-6.1,0.0,-36.2,-2.5,-0.8
3214,-4.7,0.0,-34.7,-1.2,0.1
3215,-4.0,0.0,-33.8,-0.7,0.4
3216,-2.5,0.0,-0.9,0.6,1.4
3217,-1.6,0.0,-0.2,1.1,1.7
3218,-1.0,0.0,0.3,1.4,1.9
3219,0.5,0.0,1.7,2.8,2.8
3220,0.8,0.0,1.8,2.7,2.7
3221,2.1,0.0,3.1,3.8,3.5
3222,1.4,0.0,2.3,2.7,2.6
3223,-0.0,0.0,0.8,0.8,1.0
3224,-2.7,0.0,-2.0,-2.4,-1.6
3225,-4.6,0.0,-3.8,-17.6,-11.6
3226,-6.4,0.0,-5.2,-19.3,-12.8
3227,-7.9,0.0,-6.4,-20.7,-13.7
3228,-9.4,0.0,-7.3,-22.0,-14.6
3229,-9.5,0.0,-19.0,-15.0,-9.8
3230,-9.5,0.0,-18.7,-21.4,-13.9
3231,-9.1,0.0,-18.6,-21.6,-13.6
3232,-8.1,0.0,-18.0,-21.1,-12.7
3233,-6.3,0.0,-16.7,-19.6,-11.3
3234,-6.0,0.0,-16.4,-5.1,-1.4
3235,-5.2,0.0,-15.7,-3.7,-0.4
3236,-3.4,0.0,-33.4,-0.0,1.0
3237,-2.1,0.0,-32.0,1.1,1.8
3238,-1.2,0.0,-30.8,1.8,2.2
3239,-0.4,0.0,-29.7,2.3,2.5
3240,0.5,0.0,1.7,2.8,2.9
3241,1.4,0.0,2.4,3.3,3.2
3242,2.0,0.0,2.9,3.7,3.3
3243,2.6,0.0,3.4,4.0,3.5
3244,3.3,0.0,4.0,4.4,3.8
3245,3.6,0.0,4.2,4.5,3.7
3246,3.4,0.0,4.0,4.0,3.3
3247,2.5,0.0,2.8,2.5,2.0
3248,1.5,0.0,1.8,1.2,0.9
3249,-0.2,0.0,0.2,-13.6,-8.8
3250,-1.4,0.0,-0.7,-14.7,-9.5
3251,-2.1,0.0,-1.0,-15.5,-9.9
3252,-3.2,0.0,-1.6,-16.4,-10.5
3253,-3.8,0.0,-12.9,-10.2,-6.3
3254,-3.7,0.0,-12.4,-16.3,-10.1
3255,-3.7,0.0,-12.7,-17.3,-10.2
3256,-16.5,0.0,-12.4,-17.3,-9.6
3257,-16.4,0.0,-12.6,-17.7,-9.4
3258,-16.3,0.0,-12.2,-3.7,0.3
3259,-15.8,0.0,-11.5,-2.2,1.4
3260,-35.1,0.0,-28.1,3.2,3.2
3261,-32.6,0.0,-26.3,4.6,4.1
3262,-30.7,0.0,-25.0,5.2,4.5
3263,-28.7,0.0,-23.7,5.8,4.9
3264,-8.1,0.0,5.5,5.9,4.9
3265,5.3,0.0,5.8,6.0,4.8
3266,5.6,0.0,6.0,6.0,4.8
3267,6.1,0.0,6.4,6.3,4.9
3268,6.6,0.0,6.9,6.6,5.1
3269,7.0,0.0,7.2,6.8,5.2
3270,7.3,0.0,7.4,6.8,5.2
3271,6.6,0.0,6.5,5.5,4.0
3272,5.2,0.0,5.0,3.7,2.5
3273,3.8,0.0,3.7,-10.2,-6.5
3274,2.4,0.0,2.7,-11.5,-7.3
3275,1.2,0.0,1.9,-12.8,-8.1
3276,0.5,0.0,1.7,-13.4,-8.4
3277,-0.5,0.0,-9.3,-7.7,-4.7
3278,-1.0,0.0,-9.5,-14.3,-8.8
3279,-1.4,0.0,-10.2,-15.6,-9.2
3280,-1.1,0.0,-10.4,-16.1,-8.9
3281,-1.0,0.0,-10.7,-16.5,-8.8
3282,-0.7,0.0,-10.5,-2.8,0.4
3283,0.0,0.0,-9.9,-0.8,1.5
3284,1.8,0.0,-25.9,3.3,3.0
3285,2.9,0.0,-24.7,4.3,3.7
3286,3.8,0.0,-23.7,4.9,4.1
3287,4.6,0.0,-22.6,5.5,4.5
3288,5.3,0.0,5.9,5.9,4.8
3289,6.2,0.0,6.6,6.5,5.1
3290,7.0,0.0,7.3,7.1,5.5
3291,7.3,0.0,7.5,7.1,5.5
3292,7.7,0.0,7.8,7.3,5.6
3293,8.3,0.0,8.3,7.7,5.8
3294,7.9,0.0,7.9,7.0,5.2
3295,6.9,0.0,6.7,5.5,3.9
3296,4.7,0.0,4.4,2.9,1.8
3297,2.4,0.0,2.3,-11.8,-7.6
3298,0.5,0.0,0.8,-13.6,-8.9
3299,-1.1,0.0,-0.4,-15.2,-9.9
3300,-2.4,0.0,-1.2,-16.3,-10.6
3301,-3.4,0.0,-12.4,-10.6,-6.9
3302,-4.1,0.0,-12.6,-17.3,-11.1
3303,-4.6,0.0,-13.5,-18.6,-11.4
3304,-17.7,0.0,-14.2,-19.5,-11.6
3305,-18.4,0.0,-15.0,-20.1,-11.6
3306,-19.1,0.0,-15.2,-6.5,-2.3
3307,-19.1,0.0,-14.9,-4.9,-1.3
3308,-39.4,0.0,-32.1,-0.8,0.2
3309,-37.8,0.0,-30.9,0.5,1.1
3310,-36.4,0.0,-29.7,1.3,1.7
3311,-34.9,0.0,-28.6,2.0,2.2
3312,-13.1,0.0,1.7,2.5,2.5
3313,1.7,0.0,2.6,3.2,3.0
3314,2.7,0.0,3.5,4.0,3.5
3315,3.3,0.0,4.0,4.4,3.8
3316,4.1,0.0,4.7,5.0,4.1
3317,4.3,0.0,4.9,4.9,4.0
3318,4.1,0.0,4.5,4.3,3.5
3319,2.6,0.0,2.9,2.3,1.8
3320,1.0,0.0,1.1,0.3,0.1
3321,-0.7,0.0,-0.4,-1.4,-1.1
3322,-2.2,0.0,-1.4,-2.7,-1.9
3323,-3.8,0.0,-2.6,-4.2,-2.8
3324,-5.0,0.0,-3.3,-5.1,-3.4
3325,-5.9,0.0,-15.0,-5.6,-3.6
3326,-6.6,0.0,-15.3,-6.0,-3.7
3327,-7.1,0.0,-16.2,-7.1,-4.0
3328,-21.0,0.0,-16.6,-7.6,-3.8
3329,-21.7,0.0,-17.3,-7.9,-3.6
3330,-22.1,0.0,-17.3,-7.4,-2.9
3331,-22.0,0.0,-17.0,-5.9,-1.9
3332,-43.5,0.0,-34.7,-1.7,-0.3
3333,-41.5,0.0,-33.2,-0.2,0.8
3334,-40.1,0.0,-32.2,0.4,1.2
3335,-38.5,0.0,-30.9,1.2,1.7
3336,-15.0,0.0,0.8,2.1,2.3
3337,0.6,0.0,1.7,2.7,2.7
3338,1.5,0.0,2.5,3.3,3.1
3339,2.5,0.0,3.4,4.1,3.7
3340,3.3,0.0,4.1,4.7,4.0
3341,4.0,0.0,4.7,5.0,4.2
3342,3.1,0.0,3.7,3.7,3.1
3343,1.4,0.0,1.8,1.5,1.3
3344,-0.3,0.0,0.0,-0.6,-0.4
3345,-2.1,0.0,-1.5,-2.3,-1.7
3346,-3.8,0.0,-2.9,-3.9,-2.8
3347,-4.9,0.0,-3.6,-4.9,-3.3
3348,-5.7,0.0,-3.9,-5.5,-3.6
3349,-6.5,0.0,-15.7,-5.9,-3.7
3350,-7.3,0.0,-16.2,-6.3,-3.9
3351,-7.7,0.0,-17.0,-7.4,-4.2
3352,-22.4,0.0,-17.7,-8.3,-4.3
3353,-22.8,0.0,-18.1,-8.4,-3.9
3354,-23.3,0.0,-18.2,-7.7,-3.2
3355,-23.0,0.0,-17.9,-5.8,-2.2
3356,-45.0,0.0,-35.8,-2.2,-0.7
3357,-43.0,0.0,-34.2,-0.7,0.5
3358,-41.7,0.0,-33.3,-0.3,0.7
3359,-40.0,0.0,-32.0,0.7,1.4
3360,-16.2,0.0,-0.0,1.3,1.8
3361,-0.3,0.0,0.9,2.0,2.3
3362,0.6,0.0,1.6,2.6,2.7
3363,1.4,0.0,2.3,3.2,3.0
3364,1.8,0.0,2.6,3.3,3.0
3365,2.6,0.0,3.3,3.8,3.3
3366,2.1,0.0,2.8,3.1,2.7
3367,0.1,0.0,0.6,0.5,0.5
3368,-0.5,0.0,0.3,-0.2,0.2
3369,-2.9,0.0,-2.3,-16.1,-10.6
3370,-4.2,0.0,-3.2,-17.3,-11.4
3371,-5.4,0.0,-4.0,-18.4,-12.1
3372,-6.4,0.0,-4.5,-19.2,-12.6
3373,-7.2,0.0,-16.5,-13.1,-8.5
3374,-7.9,0.0,-16.8,-20.2,-13.1
3375,-8.1,0.0,-17.4,-21.2,-13.2
3376,-8.2,0.0,-17.9,-21.8,-13.2
3377,-8.0,0.0,-18.2,-21.9,-13.0
3378,-7.9,0.0,-18.2,-7.6,-3.3
3379,-7.2,0.0,-17.6,-5.8,-2.2
3380,-4.7,0.0,-34.8,-1.5,-0.2
3381,-2.3,0.0,-32.3,0.9,1.6
3382,-0.8,0.0,-30.5,2.2,2.5
3383,-0.4,0.0,-29.8,2.2,2.4
3384,0.9,0.0,2.1,3.3,3.2
3385,2.2,0.0,3.2,4.2,3.8
3386,2.8,0.0,3.6,4.4,3.8
3387,3.7,0.0,4.4,5.0,4.3
3388,4.3,0.0,4.9,5.4,4.5
3389,4.4,0.0,5.0,5.1,4.2
3390,4.1,0.0,4.6,4.5,3.6
3391,1.3,0.0,1.7,1.2,1.0
3392,-0.4,0.0,-0.0,-0.9,-0.7
3393,-3.1,0.0,-2.5,-16.5,-11.0
3394,-4.6,0.0,-3.7,-17.9,-11.9
3395,-6.5,0.0,-5.2,-19.7,-13.2
3396,-7.8,0.0,-6.0,-20.9,-13.9
3397,-8.7,0.0,-17.9,-14.8,-9.8
3398,-9.1,0.0,-18.0,-21.5,-14.0
3399,-9.0,0.0,-18.3,-22.2,-14.0
3400,-8.9,0.0,-18.6,-22.6,-13.8
3401,-8.7,0.0,-18.9,-22.5,-13.5
3402,-8.8,0.0,-19.1,-8.3,-3.8
3403,-8.3,0.0,-18.7,-6.9,-2.9
3404,-6.3,0.0,-36.4,-2.9,-1.2
3405,-4.9,0.0,-35.1,-1.6,-0.3
3406,-4.0,0.0,-34.0,-0.8,0.3
3407,-2.9,0.0,-32.7,0.1,0.9
3408,-0.9,0.0,0.5,1.9,2.3
3409,0.4,0.0,1.5,2.8,2.8
3410,1.8,0.0,2.9,3.9,3.6
3411,1.7,0.0,2.7,3.5,3.2
3412,1.6,0.0,2.4,3.1,2.8
3413,2.2,0.0,2.9,3.4,3.0
3414,1.6,0.0,2.3,2.5,2.2
3415,0.7,0.0,1.4,1.3,1.3
3416,-1.9,0.0,-1.3,-1.9,-1.3
3417,-3.9,0.0,-3.2,-17.1,-11.4
3418,-5.9,0.0,-4.9,-19.0,-12.7
3419,-7.5,0.0,-6.1,-20.6,-13.7
3420,-8.9,0.0,-6.9,-21.7,-14.5
3421,-8.7,0.0,-18.6,-14.5,-9.6
3422,-9.2,0.0,-18.8,-21.5,-14.1
3423,-9.5,0.0,-19.3,-22.0,-14.2
3424,-24.2,0.0,-19.5,-21.5,-13.8
3425,-23.8,0.0,-19.1,-20.2,-13.0
3426,-23.9,0.0,-19.1,-6.1,-3.4
3427,-22.9,0.0,-18.2,-4.2,-2.1
3428,-45.3,0.0,-36.3,-2.8,-1.2
3429,-43.3,0.0,-34.6,-1.2,-0.0
3430,-42.5,0.0,-34.1,-1.1,0.0
3431,-41.7,0.0,-33.7,-1.0,0.0
3432,-18.3,0.0,-2.0,-0.7,0.2
3433,-2.4,0.0,-1.2,0.0,0.8
3434,-1.4,0.0,-0.3,0.8,1.3
3435,-0.4,0.0,0.7,1.6,1.8
3436,0.3,0.0,1.3,2.1,2.1
3437,1.3,0.0,2.1,2.8,2.6
3438,0.5,0.0,1.3,1.6,1.7
3439,-0.8,0.0,-0.1,-0.1,0.2
3440,-2.5,0.0,-1.9,-2.2,-1.5
3441,-4.1,0.0,-3.3,-17.0,-11.3
3442,-6.0,0.0,-4.8,-18.9,-12.6
3443,-7.2,0.0,-5.7,-20.0,-13.3
3444,-8.5,0.0,-6.5,-21.2,-14.1
3445,-9.4,0.0,-18.9,-15.1,-10.0
3446,-10.1,0.0,-19.2,-22.2,-14.6
3447,-10.3,0.0,-19.8,-23.2,-14.7
3448,-9.4,0.0,-19.8,-21.7,-13.9
3449,-8.8,0.0,-19.4,-20.6,-13.2
3450,-8.1,0.0,-18.9,-5.5,-3.1
3451,-7.1,0.0,-18.0,-4.3,-2.2
3452,-5.3,0.0,-35.5,-2.2,-0.8
3453,-3.6,0.0,-33.7,-0.5,0.5
3454,-2.6,0.0,-32.4,0.3,1.1
3455,-3.4,0.0,-33.0,-0.8,0.1
3456,-2.3,0.0,-1.1,0.2,0.8
3457,-1.8,0.0,-0.7,0.4,0.9
3458,-1.2,0.0,-0.2,0.7,1.1
3459,-0.6,0.0,0.4,1.1,1.4
3460,0.4,0.0,1.2,1.9,1.9
3461,0.8,0.0,1.6,2.1,2.0
3462,0.7,0.0,1.4,1.7,1.6
3463,-0.5,0.0,0.1,0.0,0.3
3464,-2.3,0.0,-1.7,-2.1,-1.5
3465,-4.2,0.0,-3.4,-17.2,-11.5
3466,-5.8,0.0,-4.6,-18.7,-12.5
3467,-7.3,0.0,-5.8,-20.2,-13.5
3468,-8.4,0.0,-6.5,-21.2,-14.1
3469,-9.4,0.0,-19.0,-15.1,-10.0
3470,-9.4,0.0,-19.0,-21.7,-14.3
3471,-10.4,0.0,-19.9,-23.3,-14.9
3472,-24.6,0.0,-19.8,-21.7,-14.0
3473,-25.6,0.0,-20.5,-23.0,-14.3
3474,-24.4,0.0,-19.4,-5.5,-3.1
3475,-22.6,0.0,-17.8,-3.3,-1.5
3476,-45.9,0.0,-36.6,-2.8,-1.1
3477,-44.7,0.0,-35.8,-2.1,-0.7
3478,-43.3,0.0,-34.7,-1.3,-0.1
3479,-41.6,0.0,-33.4,-0.3,0.6
3480,-16.9,0.0,-0.4,1.0,1.6
3481,-0.4,0.0,0.7,2.0,2.2
3482,0.0,0.0,1.1,2.1,2.3
3483,0.6,0.0,1.5,2.4,2.4
3484,1.0,0.0,1.8,2.6,2.4
3485,1.8,0.0,2.6,3.2,2.8
3486,1.7,0.0,2.4,2.7,2.4
3487,1.1,0.0,1.6,1.6,1.3
3488,-0.1,0.0,0.2,-0.1,-0.0
3489,-2.4,0.0,-1.8,-2.3,-1.7
3490,-4.3,0.0,-3.3,-4.2,-3.0
3491,-5.9,0.0,-4.5,-5.7,-3.9
3492,-7.0,0.0,-5.1,-6.6,-4.4
3493,-7.8,0.0,-17.2,-7.0,-4.6
3494,-8.2,0.0,-17.2,-7.0,-4.4
3495,-8.1,0.0,-17.4,-7.5,-4.2
3496,-23.1,0.0,-18.1,-8.5,-4.3
3497,-23.1,0.0,-18.2,-8.3,-3.7
3498,-23.6,0.0,-18.3,-7.8,-3.1
3499,-23.2,0.0,-17.8,-5.9,-2.0
3500,-45.5,0.0,-36.0,-2.0,-0.5
3501,-43.8,0.0,-34.7,-0.9,0.3
3502,-42.2,0.0,-33.6,-0.2,0.8
3503,-40.9,0.0,-32.7,0.2,1.0
3504,-17.0,0.0,-0.6,0.8,1.4
3505,-1.2,0.0,-0.0,1.1,1.6
3506,-0.7,0.0,0.3,1.4,1.7
3507,-0.2,0.0,0.8,1.7,1.9
3508,0.7,0.0,1.6,2.3,2.3
3509,1.3,0.0,2.1,2.7,2.5
3510,1.4,0.0,2.1,2.5,2.3
3511,0.6,0.0,1.3,1.2,1.3
3512,-0.3,0.0,0.3,-0.0,0.1
3513,-1.3,0.0,-0.5,-1.1,-0.6
3514,-2.8,0.0,-1.8,-2.7,-1.8
3515,-4.6,0.0,-3.2,-4.4,-3.0
3516,-5.4,0.0,-3.7,-5.0,-3.3
3517,-5.1,0.0,-15.0,-4.4,-2.8
3518,-7.2,0.0,-16.4,-6.3,-4.0
3519,-7.2,0.0,-16.9,-6.5,-3.9
3520,-21.7,0.0,-17.3,-7.1,-3.9
3521,-21.8,0.0,-17.3,-6.8,-3.3
3522,-22.2,0.0,-17.4,-6.9,-2.9
3523,-22.0,0.0,-17.1,-5.5,-2.0
3524,-43.7,0.0,-35.0,-2.0,-0.6
3525,-42.3,0.0,-34.0,-1.0,0.1
3526,-40.9,0.0,-33.0,-0.3,0.6
3527,-39.5,0.0,-31.9,0.4,1.1
3528,-16.3,0.0,-0.4,0.8,1.3
3529,-1.1,0.0,-0.0,1.0,1.4
3530,-0.1,0.0,0.9,1.8,2.0
3531,0.6,0.0,1.5,2.3,2.3
3532,1.2,0.0,2.0,2.6,2.4
3533,1.6,0.0,2.4,2.8,2.6
3534,1.2,0.0,1.9,2.0,1.9
3535,0.6,0.0,1.3,1.1,1.2
3536,-1.5,0.0,-1.0,-1.5,-1.0
3537,-2.9,0.0,-2.2,-16.0,-10.5
3538,-5.1,0.0,-4.2,-18.2,-12.2
3539,-6.4,0.0,-4.9,-19.4,-12.9
3540,-7.9,0.0,-5.9,-20.8,-13.8
3541,-8.3,0.0,-17.7,-14.1,-9.3
3542,-9.4,0.0,-18.4,-21.7,-14.2
3543,-9.7,0.0,-19.0,-22.7,-14.4
3544,-9.6,0.0,-19.4,-23.3,-14.3
3545,-9.5,0.0,-19.7,-23.3,-14.0
3546,-9.5,0.0,-19.8,-8.9,-4.2
3547,-8.8,0.0,-19.2,-7.2,-3.1
3548,-6.9,0.0,-37.4,-3.5,-1.6
3549,-5.5,0.0,-36.0,-2.0,-0.5
3550,-4.8,0.0,-35.1,-1.4,-0.1
3551,-3.9,0.0,-34.0,-0.7,0.3
3552,-3.0,0.0,-1.5,0.0,0.9
3553,-2.1,0.0,-0.9,0.5,1.1
3554,-1.1,0.0,0.1,1.2,1.7
3555,-0.2,0.0,0.9,1.9,2.1
3556,0.5,0.0,1.5,2.4,2.4
3557,1.3,0.0,2.2,2.9,2.7
3558,1.1,0.0,1.9,2.3,2.2
3559,-0.0,0.0,0.6,0.7,0.7
3560,-2.0,0.0,-1.6,-1.8,-1.4
3561,-3.6,0.0,-3.0,-16.6,-11.1
3562,-4.9,0.0,-3.8,-17.8,-11.8
3563,-6.4,0.0,-4.9,-19.2,-12.7
3564,-7.4,0.0,-5.3,-20.0,-13.2
3565,-8.0,0.0,-17.4,-13.6,-8.9
3566,-8.5,0.0,-17.6,-20.7,-13.4
3567,-8.3,0.0,-18.0,-20.9,-13.3
3568,-8.2,0.0,-18.3,-21.2,-13.2
3569,-7.5,0.0,-17.9,-20.3,-12.5
3570,-6.1,0.0,-16.8,-4.1,-1.8
3571,-4.8,0.0,-15.7,-2.2,-0.7
3572,-3.5,0.0,-33.2,-0.6,0.4
3573,-2.8,0.0,-32.4,-0.1,0.7
3574,-1.3,0.0,-30.8,1.2,1.7
3575,-0.7,0.0,-29.9,1.6,1.9
3576,-0.5,0.0,0.6,1.6,1.8
3577,0.3,0.0,1.2,2.0,2.1
3578,0.9,0.0,1.7,2.4,2.3
3579,1.2,0.0,2.0,2.5,2.3
3580,1.7,0.0,2.4,2.8,2.5
3581,2.6,0.0,3.2,3.5,2.9
3582,2.2,0.0,2.8,2.7,2.3
3583,0.7,0.0,0.9,0.6,0.4
3584,-0.5,0.0,-0.2,-0.8,-0.6
3585,-1.9,0.0,-1.3,-15.1,-9.9
3586,-3.7,0.0,-2.8,-16.9,-11.2
3587,-5.1,0.0,-3.7,-18.2,-12.0
3588,-6.3,0.0,-4.5,-19.3,-12.7
3589,-7.3,0.0,-16.7,-13.4,-8.8
3590,-4.9,0.0,-15.1,-17.2,-11.1
3591,-5.3,0.0,-15.5,-17.8,-11.4
3592,-19.0,0.0,-15.3,-17.4,-11.0
3593,-17.4,0.0,-13.9,-14.8,-9.2
3594,-16.7,0.0,-13.3,-0.7,0.1
3595,-16.7,0.0,-13.3,-1.0,0.0
3596,-36.7,0.0,-30.2,0.4,0.9
3597,-35.2,0.0,-29.1,1.5,1.7
3598,-34.0,0.0,-28.3,1.9,2.0
3599,-33.0,0.0,-27.6,2.2,2.2
3600,-12.3,0.0,1.8,2.3,2.1
3601,1.2,0.0,1.9,2.2,2.0
3602,1.7,0.0,2.3,2.5,2.2
3603,2.6,0.0,3.1,3.3,2.7
3604,3.1,0.0,3.5,3.6,2.9
3605,3.3,0.0,3.7,3.6,2.9
3606,3.1,0.0,3.5,3.2,2.5
3607,1.6,0.0,1.9,1.3,0.9
3608,0.3,0.0,0.5,-0.5,-0.5
3609,-1.3,0.0,-0.8,-14.8,-9.8
3610,-3.1,0.0,-2.3,-16.5,-11.0
3611,-5.0,0.0,-3.8,-18.4,-12.3
3612,-6.1,0.0,-4.4,-19.3,-12.8
3613,-7.1,0.0,-16.2,-13.3,-8.8
3614,-6.0,0.0,-15.6,-18.6,-12.1
3615,-3.6,0.0,-14.1,-15.6,-9.9
3616,-3.2,0.0,-13.8,-15.1,-9.5
3617,-3.8,0.0,-14.3,-16.0,-10.2
3618,-3.4,0.0,-13.9,-2.0,-0.9
3619,-2.7,0.0,-13.3,-1.3,-0.4
3620,-1.5,0.0,-29.9,0.0,0.6
3621,-0.2,0.0,-28.6,1.4,1.6
3622,1.1,0.0,-27.1,2.6,2.4
3623,2.0,0.0,-26.0,3.3,2.9
3624,3.1,0.0,3.9,4.3,3.6
3625,4.1,0.0,4.6,4.8,4.0
3626,4.9,0.0,5.3,5.4,4.4
3627,6.1,0.0,6.4,6.4,5.0
3628,7.0,0.0,7.3,7.1,5.5
3629,7.5,0.0,7.7,7.4,5.7
3630,6.0,0.0,6.0,5.4,3.9
3631,4.4,0.0,4.2,3.3,2.1
3632,3.3,0.0,3.0,1.9,1.0
3633,2.3,0.0,2.4,-11.6,-7.5
3634,1.0,0.0,1.4,-12.8,-8.3
3635,0.0,0.0,0.9,-13.7,-8.8
3636,-0.7,0.0,0.7,-14.3,-9.1
3637,-1.5,0.0,-10.4,-8.4,-5.3
3638,-1.4,0.0,-10.5,-14.7,-9.2
3639,-1.8,0.0,-11.3,-15.3,-9.5
3640,-15.0,0.0,-12.1,-16.4,-9.9
3641,-14.6,0.0,-11.8,-15.1,-9.1
3642,-14.9,0.0,-11.9,-2.3,-0.4
3643,-14.0,0.0,-11.2,0.2,0.8
3644,-32.8,0.0,-27.7,1.5,1.6
3645,-31.6,0.0,-26.8,2.2,2.1
3646,-30.8,0.0,-26.3,2.5,2.3
3647,-30.2,0.0,-25.9,2.5,2.3
3648,-10.5,0.0,2.7,2.9,2.5
3649,2.8,0.0,3.4,3.4,2.8
3650,3.7,0.0,4.1,4.1,3.3
3651,3.9,0.0,4.3,4.1,3.3
3652,3.9,0.0,4.2,3.9,3.1
3653,4.0,0.0,4.3,3.9,3.0
3654,4.2,0.0,4.4,3.9,3.0
3655,4.3,0.0,4.4,3.8,2.9
3656,4.1,0.0,4.3,3.5,2.6
3657,3.7,0.0,3.9,3.1,2.3
3658,3.5,0.0,3.8,2.8,2.1
3659,3.6,0.0,3.9,3.0,2.2
3660,3.2,0.0,3.5,2.4,1.8
3661,2.3,0.0,-7.7,1.4,1.1
3662,2.1,0.0,-7.9,1.3,1.0
3663,2.0,0.0,-8.0,1.2,1.0
3664,-9.9,0.0,-8.6,0.5,0.5
3665,-10.8,0.0,-9.4,-0.1,0.1
3666,-11.3,0.0,-9.8,-0.2,0.1
3667,-10.9,0.0,-9.3,0.6,0.8
3668,-28.3,0.0,-25.2,1.6,1.4
3669,-27.0,0.0,-24.1,2.9,2.4
3670,-26.2,0.0,-23.4,3.5,2.8
3671,-25.7,0.0,-23.1,3.6,2.8
3672,-7.3,0.0,4.6,4.2,3.3
3673,4.6,0.0,4.9,4.4,3.4
3674,4.6,0.0,4.7,4.2,3.2
3675,5.0,0.0,5.1,4.5,3.4
3676,5.0,0.0,5.1,4.4,3.3
3677,5.0,0.0,5.0,4.2,3.1
3678,4.1,0.0,4.2,3.1,2.3
3679,2.6,0.0,2.6,1.3,0.7
3680,1.8,0.0,2.0,0.5,0.2
3681,-0.5,0.0,-0.2,-1.9,-1.7
3682,-1.3,0.0,-0.6,-2.4,-1.8
3683,-2.6,0.0,-1.6,-3.6,-2.6
3684,-4.6,0.0,-3.2,-5.4,-3.8
3685,-5.9,0.0,-15.1,-6.3,-4.4
3686,-5.5,0.0,-15.1,-5.5,-3.7
3687,-4.2,0.0,-14.1,-3.8,-2.4
3688,-13.6,0.0,-10.9,0.6,1.0
3689,-12.7,0.0,-10.1,1.5,1.6
3690,-11.2,0.0,-8.8,3.0,2.7
3691,-10.6,0.0,-8.3,3.3,2.9
3692,-29.2,0.0,-25.0,3.3,2.9
3693,-28.2,0.0,-24.4,3.6,3.0
3694,-27.7,0.0,-24.2,3.5,2.9
3695,-26.9,0.0,-23.7,3.7,3.0
3696,-8.3,0.0,4.0,3.9,3.1
3697,4.1,0.0,4.4,4.1,3.3
3698,4.7,0.0,5.0,4.6,3.6
3699,5.3,0.0,5.5,5.1,3.9
3700,5.5,0.0,5.6,5.1,3.9
3701,5.6,0.0,5.7,5.0,3.8
3702,5.8,0.0,5.8,5.0,3.8
3703,6.0,0.0,6.0,5.1,3.8
3704,6.2,0.0,6.2,5.2,3.9
3705,5.9,0.0,6.0,-7.4,-4.1
3706,2.2,0.0,2.6,-11.9,-7.5
3707,2.6,0.0,3.2,-11.3,-7.0
3708,3.5,0.0,3.9,-9.9,-6.0
3709,3.0,0.0,-6.8,-4.3,-2.5
3710,1.4,0.0,-8.1,-12.4,-7.7
3711,0.5,0.0,-8.9,-13.3,-8.3
3712,-0.6,0.0,-10.0,-15.0,-9.1
3713,0.3,0.0,-9.4,-13.8,-8.2
3714,1.1,0.0,-8.9,0.7,1.0
3715,2.0,0.0,-8.1,1.9,1.8
3716,2.9,0.0,-23.7,3.1,2.5
3717,3.5,0.0,-23.1,3.7,3.0
3718,4.0,0.0,-22.5,4.1,3.3
3719,4.5,0.0,-21.8,4.6,3.6
3720,4.8,0.0,5.1,4.7,3.6
3721,5.0,0.0,5.2,4.7,3.6
3722,5.2,0.0,5.3,4.7,3.6
3723,5.3,0.0,5.4,4.6,3.5
3724,5.8,0.0,5.9,5.1,3.8
3725,6.0,0.0,6.0,5.1,3.8
3726,5.9,0.0,5.9,4.9,3.6
3727,5.9,0.0,5.9,4.8,3.5
3728,5.5,0.0,5.5,4.2,3.1
3729,5.0,0.0,5.2,-8.5,-5.0
3730,3.9,0.0,4.3,-9.9,-6.0
3731,3.4,0.0,3.9,-10.4,-6.4
3732,2.5,0.0,3.1,-11.4,-7.0
3733,2.0,0.0,-7.5,-5.6,-3.4
3734,1.7,0.0,-7.8,-12.1,-7.5
3735,0.3,0.0,-8.8,-13.9,-8.4
3736,1.0,0.0,-8.6,-12.6,-7.7
3737,1.8,0.0,-8.1,-11.4,-6.8
3738,2.3,0.0,-7.7,2.0,1.8
3739,3.1,0.0,-7.0,2.9,2.5
3740,3.9,0.0,-22.4,3.9,3.1
3741,4.4,0.0,-21.8,4.4,3.4
3742,4.8,0.0,-21.3,4.7,3.6
3743,5.1,0.0,-20.9,4.8,3.7
3744,5.3,0.0,5.6,5.0,3.8
3745,5.8,0.0,5.9,5.2,3.9
3746,6.2,0.0,6.3,5.5,4.1
3747,6.6,0.0,6.6,5.7,4.3
3748,6.8,0.0,6.8,5.9,4.4
3749,7.0,0.0,7.0,6.0,4.4
3750,7.1,0.0,7.0,5.8,4.2
3751,7.0,0.0,6.9,5.5,4.0
3752,6.7,0.0,6.7,5.2,3.8
3753,6.5,0.0,6.6,-7.2,-4.0
3754,6.0,0.0,6.1,-7.8,-4.4
3755,4.6,0.0,4.9,-9.4,-5.7
3756,3.3,0.0,4.0,-10.9,-6.7
3757,4.5,0.0,-5.1,-3.2,-1.6
3758,4.7,0.0,-5.0,-8.9,-5.1
3759,2.6,0.0,-6.5,-11.7,-7.0
3760,-8.0,0.0,-6.4,-12.3,-6.9
3761,-7.5,0.0,-6.1,-10.7,-5.9
3762,-6.8,0.0,-5.6,3.4,2.9
3763,-5.9,0.0,-4.9,4.6,3.7
3764,-21.3,0.0,-19.6,5.8,4.5
3765,-20.3,0.0,-18.9,6.3,4.8
3766,-19.0,0.0,-18.0,7.0,5.3
3767,-18.2,0.0,-17.5,7.1,5.3
3768,-1.9,0.0,8.4,7.5,5.6
3769,8.6,0.0,8.5,7.4,5.4
3770,8.9,0.0,8.7,7.6,5.5
3771,9.1,0.0,8.8,7.6,5.5
3772,9.2,0.0,8.9,7.6,5.5
3773,9.5,0.0,9.1,7.7,5.6
3774,9.0,0.0,8.6,7.0,5.0
3775,8.9,0.0,8.6,6.8,4.8
3776,7.2,0.0,7.0,4.8,3.3
3777,6.3,0.0,6.4,-8.0,-4.6
3778,6.2,0.0,6.4,-8.1,-4.7
3779,5.6,0.0,5.9,-8.6,-5.0
3780,5.2,0.0,5.6,-9.0,-5.3
3781,4.3,0.0,-4.9,-3.8,-2.2
3782,4.3,0.0,-4.9,-9.8,-5.8
3783,3.3,0.0,-5.7,-11.1,-6.5
3784,3.5,0.0,-5.8,-10.6,-6.2
3785,4.1,0.0,-5.4,-10.2,-5.6
3786,4.9,0.0,-4.8,3.9,3.1
3787,4.9,0.0,-4.7,3.3,3.2
3788,6.3,0.0,-19.1,5.8,4.4
3789,7.4,0.0,-18.0,6.8,5.2
3790,7.9,0.0,-17.3,7.2,5.5
3791,8.2,0.0,-16.9,7.3,5.5
3792,8.5,0.0,8.5,7.5,5.6
3793,9.7,0.0,9.6,8.5,6.3
3794,10.0,0.0,9.8,8.5,6.3
3795,10.6,0.0,10.3,9.0,6.6
3796,11.3,0.0,11.0,9.6,7.0
3797,11.7,0.0,11.3,9.8,7.2
3798,10.1,0.0,9.7,7.9,5.5
3799,8.2,0.0,7.6,5.6,3.6
3800,7.1,0.0,6.6,4.3,2.6
3801,5.9,0.0,5.8,-8.7,-5.3
3802,4.3,0.0,4.4,-10.2,-6.4
3803,2.7,0.0,3.3,-11.8,-7.5
3804,2.8,0.0,3.7,-11.5,-7.1
3805,1.6,0.0,-7.0,-6.3,-3.9
3806,1.1,0.0,-7.5,-12.8,-7.9
3807,0.5,0.0,-8.1,-13.9,-8.2
3808,-10.8,0.0,-8.6,-15.1,-8.4
3809,-11.3,0.0,-9.0,-15.5,-8.2
3810,-11.9,0.0,-9.2,-2.4,0.4
3811,-12.0,0.0,-9.0,-1.6,1.3
3812,-28.8,0.0,-24.5,3.4,3.0
3813,-26.9,0.0,-23.1,4.8,4.1
3814,-25.1,0.0,-21.7,5.9,4.8
3815,-23.5,0.0,-20.5,6.6,5.3
3816,-4.9,0.0,7.1,6.9,5.5
3817,8.3,0.0,8.6,8.2,6.4
3818,8.4,0.0,8.6,8.1,6.3
3819,9.1,0.0,9.3,8.6,6.6
3820,10.2,0.0,10.2,9.5,7.2
3821,10.6,0.0,10.5,9.6,7.2
3822,8.7,0.0,8.6,7.4,5.4
3823,6.8,0.0,6.6,5.0,3.4
3824,5.4,0.0,5.1,3.2,2.0
3825,3.6,0.0,3.5,1.6,0.8
3826,2.1,0.0,2.4,0.2,-0.1
3827,1.1,0.0,1.9,-0.6,-0.5
3828,-0.0,0.0,1.3,-1.4,-1.0
3829,-0.7,0.0,-9.6,-1.8,-1.1
3830,-0.5,0.0,-9.6,-1.3,-0.7
3831,-0.9,0.0,-10.1,-1.8,-0.8
3832,-12.6,0.0,-10.3,-1.6,-0.5
3833,-13.2,0.0,-10.7,-2.4,-0.6
3834,-14.5,0.0,-11.2,-5.2,-0.8
3835,-15.0,0.0,-11.2,-4.2,-0.0
3836,-32.7,0.0,-27.2,1.9,2.0
3837,-30.2,0.0,-25.2,3.9,3.5
3838,-28.6,0.0,-24.1,4.7,4.1
3839,-26.9,0.0,-22.8,5.5,4.6
3840,-7.2,0.0,5.7,5.9,4.8
3841,5.8,0.0,6.3,6.2,5.0
3842,7.1,0.0,7.6,7.4,5.8
3843,7.7,0.0,8.0,7.7,6.0
3844,8.5,0.0,8.7,8.2,6.4
3845,8.9,0.0,9.1,8.4,6.5
3846,7.3,0.0,7.4,6.4,4.7
3847,4.8,0.0,4.7,3.4,2.2
3848,3.3,0.0,3.3,1.7,1.0
3849,2.3,0.0,2.7,0.9,0.5
3850,0.8,0.0,1.4,-0.6,-0.5
3851,0.1,0.0,1.1,-1.1,-0.7
3852,-1.4,0.0,-0.1,-2.5,-1.7
3853,-2.4,0.0,-11.2,-3.0,-2.0
3854,0.8,0.0,-9.0,0.6,0.8
3855,0.6,0.0,-8.9,0.3,0.7
3856,-9.8,0.0,-7.8,2.4,2.2
3857,-9.9,0.0,-8.0,2.2,2.0
3858,-8.6,0.0,-6.7,3.7,3.2
3859,-8.3,0.0,-6.6,3.7,3.2
3860,-24.9,0.0,-21.9,4.7,3.8
3861,-23.8,0.0,-21.2,5.3,4.2
3862,-22.8,0.0,-20.6,5.6,4.4
3863,-21.9,0.0,-20.0,5.8,4.5
3864,-4.5,0.0,6.7,6.2,4.8
3865,7.2,0.0,7.3,6.6,5.0
3866,7.5,0.0,7.5,6.8,5.1
3867,7.7,0.0,7.6,6.7,5.0
3868,8.3,0.0,8.2,7.2,5.4
3869,8.9,0.0,8.8,7.7,5.7
3870,8.3,0.0,8.1,6.8,5.0
3871,8.1,0.0,7.9,6.5,4.7
3872,6.2,0.0,5.9,4.0,2.5
3873,4.9,0.0,4.9,-9.4,-5.8
3874,4.4,0.0,4.7,-9.7,-5.8
3875,3.1,0.0,3.7,-11.1,-6.9
3876,2.4,0.0,3.3,-11.7,-7.2
3877,3.4,0.0,-6.2,-4.2,-2.3
3878,2.8,0.0,-6.6,-11.0,-6.6
3879,3.1,0.0,-6.4,-10.6,-6.3
3880,3.9,0.0,-5.7,-9.6,-5.5
3881,2.7,0.0,-6.8,-11.7,-6.6
3882,3.9,0.0,-5.8,2.8,2.6
3883,4.7,0.0,-5.2,4.1,3.4
3884,6.1,0.0,-19.7,5.9,4.5
3885,6.6,0.0,-19.0,6.3,4.8
3886,7.2,0.0,-18.4,6.7,5.1
3887,7.7,0.0,-17.7,7.0,5.3
3888,8.0,0.0,8.1,7.2,5.4
3889,9.1,0.0,9.0,8.0,6.0
3890,9.8,0.0,9.6,8.6,6.3
3891,9.8,0.0,9.6,8.4,6.2
3892,9.6,0.0,9.3,8.0,5.8
3893,9.5,0.0,9.2,7.8,5.6
3894,9.6,0.0,9.3,7.7,5.6
3895,7.9,0.0,7.5,5.5,3.7
3896,7.2,0.0,7.0,4.8,3.3
3897,5.9,0.0,5.9,-8.5,-5.1
3898,6.0,0.0,6.2,-8.1,-4.7
3899,5.1,0.0,5.3,-9.1,-5.4
3900,3.6,0.0,4.1,-10.7,-6.6
3901,3.2,0.0,-6.1,-4.8,-2.9
3902,2.6,0.0,-6.7,-11.5,-7.1
3903,2.9,0.0,-6.6,-10.9,-6.6
3904,3.8,0.0,-6.0,-9.7,-5.7
3905,5.8,0.0,-4.2,-7.3,-3.9
3906,6.1,0.0,-3.9,5.5,4.1
3907,5.4,0.0,-4.6,4.5,3.4
3908,5.9,0.0,-19.2,5.1,3.8
3909,6.7,0.0,-18.4,5.9,4.4
3910,7.1,0.0,-18.0,6.2,4.6
3911,7.4,0.0,-17.5,6.4,4.7
3912,7.7,0.0,7.7,6.6,4.9
3913,8.3,0.0,8.1,6.9,5.1
3914,8.6,0.0,8.4,7.2,5.3
3915,8.9,0.0,8.6,7.3,5.3
3916,8.9,0.0,8.6,7.3,5.3
3917,9.0,0.0,8.7,7.3,5.2
3918,8.3,0.0,7.9,6.2,4.3
3919,9.3,0.0,9.0,7.3,5.2
3920,8.5,0.0,8.3,6.3,4.5
3921,8.0,0.0,7.9,-6.1,-3.2
3922,6.5,0.0,6.7,-7.8,-4.5
3923,3.4,0.0,3.9,-11.2,-7.1
3924,3.2,0.0,3.9,-11.2,-6.9
3925,2.6,0.0,-6.3,-5.5,-3.4
3926,2.8,0.0,-6.2,-11.2,-6.8
3927,3.0,0.0,-6.3,-10.9,-6.5
3928,-9.4,0.0,-7.8,-13.8,-7.9
3929,-10.3,0.0,-8.4,-15.3,-8.2
3930,-10.7,0.0,-8.4,-2.1,0.5
3931,-11.3,0.0,-8.7,-1.6,1.0
3932,-27.3,0.0,-23.7,3.4,3.0
3933,-24.9,0.0,-21.6,5.6,4.6
3934,-23.0,0.0,-20.2,6.7,5.4
3935,-21.6,0.0,-19.2,7.1,5.6
3936,-3.4,0.0,8.1,7.8,6.0
3937,8.4,0.0,8.6,8.0,6.1
3938,9.2,0.0,9.3,8.6,6.5
3939,9.9,0.0,9.9,9.1,6.9
3940,10.4,0.0,10.3,9.4,7.0
3941,10.1,0.0,10.0,8.9,6.6
3942,8.4,0.0,8.2,6.8,4.9
3943,6.4,0.0,6.0,4.3,2.8
3944,4.6,0.0,4.1,2.2,1.1
3945,2.9,0.0,2.7,-11.5,-7.6
3946,1.1,0.0,1.4,-13.1,-8.5
3947,-0.2,0.0,0.6,-14.3,-9.3
3948,-1.0,0.0,0.3,-14.9,-9.6
3949,-1.8,0.0,-10.6,-9.1,-5.9
3950,-2.2,0.0,-11.1,-15.7,-10.0
3951,-3.1,0.0,-11.7,-17.1,-10.4
3952,-3.4,0.0,-12.4,-18.3,-10.6
3953,-3.3,0.0,-12.7,-18.2,-10.3
3954,-2.8,0.0,-12.2,-4.3,-0.9
3955,-2.8,0.0,-12.2,-3.7,-0.3
3956,-0.3,0.0,-28.1,1.5,1.8
3957,1.5,0.0,-26.3,3.3,3.1
3958,3.5,0.0,-24.2,5.1,4.4
3959,4.6,0.0,-22.8,6.0,5.0
3960,5.2,0.0,6.0,6.3,5.2
3961,6.4,0.0,6.9,7.0,5.6
3962,7.2,0.0,7.6,7.5,6.0
3963,7.8,0.0,8.1,7.9,6.2
3964,7.9,0.0,8.2,7.8,6.0
3965,8.1,0.0,8.3,7.7,5.9
3966,6.1,0.0,6.2,5.3,3.8
3967,4.2,0.0,4.0,2.9,1.8
3968,2.4,0.0,2.2,0.8,0.1
3969,0.5,0.0,0.6,-13.5,-9.0
3970,-1.2,0.0,-0.6,-15.0,-9.9
3971,-2.8,0.0,-1.7,-16.5,-10.8
3972,-3.9,0.0,-2.3,-17.4,-11.3
3973,-4.9,0.0,-13.8,-11.6,-7.6
3974,-4.2,0.0,-13.7,-17.2,-11.1
3975,-4.7,0.0,-14.5,-17.5,-11.3
3976,-17.0,0.0,-14.0,-16.6,-10.5
3977,-14.2,0.0,-11.3,-13.0,-7.8
3978,-13.1,0.0,-10.3,1.6,1.8
3979,-12.7,0.0,-9.9,1.7,1.9
3980,-31.7,0.0,-26.8,2.1,2.1
3981,-30.6,0.0,-26.0,2.8,2.6
3982,-29.6,0.0,-25.3,3.1,2.8
3983,-29.1,0.0,-25.2,3.0,2.6
3984,-9.8,0.0,3.2,3.3,2.8
3985,2.8,0.0,3.3,3.3,2.7
3986,3.3,0.0,3.8,3.6,3.0
3987,3.7,0.0,4.1,3.8,3.1
3988,4.1,0.0,4.4,4.1,3.2
3989,4.8,0.0,5.1,4.6,3.6
3990,3.7,0.0,3.9,3.2,2.3
3991,2.8,0.0,3.0,2.1,1.4
3992,2.7,0.0,3.1,1.9,1.4
3993,1.0,0.0,1.6,0.2,0.2
3994,-0.7,0.0,0.1,-1.6,-1.2
3995,-1.3,0.0,-0.3,-2.1,-1.4
3996,-1.9,0.0,-0.7,-2.4,-1.6
3997,-3.8,0.0,-13.0,-4.1,-2.8
3998,-4.3,0.0,-13.5,-4.4,-2.8
3999,-4.9,0.0,-14.1,-5.3,-3.1
4000,-16.6,0.0,-13.4,-3.4,-1.8
4001,-15.5,0.0,-12.6,-1.0,-0.2
4002,-14.7,0.0,-11.9,0.1,0.6
4003,-14.6,0.0,-11.7,0.2,0.7
4004,-34.0,0.0,-28.7,0.8,1.1
4005,-33.0,0.0,-27.9,1.4,1.6
4006,-32.4,0.0,-27.5,1.5,1.6
4007,-31.9,0.0,-27.3,1.5,1.6
4008,-12.5,0.0,1.1,1.3,1.4
4009,0.9,0.0,1.6,1.7,1.7
4010,1.2,0.0,1.8,1.8,1.7
4011,1.3,0.0,1.9,1.9,1.7
4012,1.6,0.0,2.1,2.0,1.7
4013,1.8,0.0,2.2,2.1,1.8
4014,1.9,0.0,2.4,2.1,1.8
4015,1.8,0.0,2.2,1.8,1.5
4016,1.6,0.0,2.0,1.4,1.2
4017,0.9,0.0,1.5,0.7,0.7
4018,-0.3,0.0,0.4,-0.6,-0.3
4019,-1.2,0.0,-0.4,-1.6,-1.0
4020,-2.1,0.0,-1.0,-2.4,-1.6
4021,-2.7,0.0,-12.6,-2.9,-1.9
4022,-2.0,0.0,-12.1,-1.7,-1.0
4023,-1.7,0.0,-11.9,-1.3,-0.6
4024,-13.3,0.0,-11.1,-0.1,0.3
4025,-13.7,0.0,-11.4,-0.4,0.1
4026,-13.6,0.0,-11.2,-0.1,0.3
4027,-14.1,0.0,-11.7,-0.6,0.0
4028,-32.7,0.0,-28.1,0.5,0.8
4029,-32.0,0.0,-27.5,1.2,1.2
4030,-31.5,0.0,-27.2,1.3,1.3
4031,-30.8,0.0,-26.6,1.7,1.6
4032,-11.5,0.0,1.7,1.8,1.7
4033,1.4,0.0,2.0,2.0,1.8
4034,1.8,0.0,2.3,2.3,2.0
4035,2.4,0.0,2.8,2.7,2.2
4036,3.2,0.0,3.6,3.5,2.8
4037,3.5,0.0,3.9,3.6,2.9
4038,3.6,0.0,4.0,3.5,2.8
4039,3.0,0.0,3.4,2.6,2.1
4040,0.8,0.0,1.0,-0.1,-0.2
4041,-1.0,0.0,-0.7,-14.7,-9.8
4042,-3.1,0.0,-2.4,-16.6,-11.1
4043,-4.4,0.0,-3.1,-17.8,-11.8
4044,-5.4,0.0,-3.6,-18.6,-12.3
4045,-6.7,0.0,-15.6,-13.0,-8.6
4046,-7.3,0.0,-16.0,-20.0,-13.0
4047,-7.8,0.0,-16.9,-21.3,-13.4
4048,-8.1,0.0,-17.6,-22.2,-13.6
4049,-8.1,0.0,-17.9,-22.5,-13.3
4050,-8.2,0.0,-18.0,-8.6,-3.7
4051,-8.0,0.0,-17.8,-7.8,-2.9
4052,-5.9,0.0,-35.6,-2.8,-1.2
4053,-4.2,0.0,-34.0,-1.2,0.0
4054,-2.6,0.0,-32.2,0.4,1.2
4055,-1.7,0.0,-31.1,1.1,1.6
4056,-0.8,0.0,0.5,1.7,2.0
4057,0.1,0.0,1.2,2.2,2.4
4058,0.6,0.0,1.7,2.5,2.5
4059,1.7,0.0,2.6,3.3,3.1
4060,2.2,0.0,3.0,3.5,3.2
4061,2.5,0.0,3.2,3.6,3.1
4062,1.1,0.0,1.7,1.8,1.5
4063,-0.5,0.0,-0.1,-0.3,-0.2
4064,-2.1,0.0,-1.8,-2.2,-1.8
4065,-3.9,0.0,-3.3,-17.0,-11.5
4066,-5.8,0.0,-4.8,-18.8,-12.6
4067,-7.7,0.0,-6.1,-20.6,-13.8
4068,-8.6,0.0,-6.5,-21.3,-14.2
4069,-10.2,0.0,-19.3,-15.8,-10.5
4070,-10.8,0.0,-19.6,-22.9,-15.1
4071,-11.2,0.0,-20.5,-24.2,-15.4
4072,-11.5,0.0,-21.1,-25.1,-15.5
4073,-11.8,0.0,-21.8,-25.7,-15.5
4074,-11.9,0.0,-22.0,-11.5,-5.6
4075,-11.9,0.0,-22.0,-10.9,-4.9
4076,-9.4,0.0,-40.4,-5.3,-2.8
4077,-7.3,0.0,-38.4,-3.1,-1.2
4078,-5.7,0.0,-36.6,-1.6,-0.1
4079,-5.0,0.0,-35.7,-1.2,0.1
4080,-4.0,0.0,-2.3,-0.5,0.7
4081,-3.2,0.0,-1.7,-0.0,0.9
4082,-1.7,0.0,-0.3,1.2,1.8
4083,-1.3,0.0,0.0,1.3,1.8
4084,-1.3,0.0,-0.2,0.9,1.4
4085,-1.5,0.0,-0.4,0.5,1.0
4086,-2.3,0.0,-1.3,-0.7,-0.1
4087,-3.7,0.0,-3.0,-2.6,-1.8
4088,-5.6,0.0,-4.9,-4.8,-3.6
4089,-7.9,0.0,-7.0,-20.6,-14.0
4090,-9.0,0.0,-7.5,-21.4,-14.4
4091,-10.9,0.0,-8.9,-23.2,-15.6
4092,-12.4,0.0,-9.9,-24.5,-16.5
4093,-13.1,0.0,-22.6,-18.0,-12.0
4094,-14.0,0.0,-23.2,-25.6,-17.0
4095,-14.4,0.0,-24.0,-26.7,-17.2
4096,-31.2,0.0,-24.8,-27.8,-17.5
4097,-31.9,0.0,-25.4,-27.5,-17.2
4098,-31.9,0.0,-25.2,-10.9,-6.3
4099,-32.7,0.0,-25.4,-12.2,-6.1
4100,-56.5,0.0,-43.5,-5.8,-2.9
4101,-53.9,0.0,-41.4,-3.8,-1.4
4102,-51.8,0.0,-39.8,-2.6,-0.6
4103,-50.2,0.0,-38.8,-2.2,-0.4
4104,-22.9,0.0,-4.0,-1.6,0.0
4105,-5.6,0.0,-3.8,-1.7,-0.2
4106,-4.5,0.0,-2.8,-0.8,0.4
4107,-3.7,0.0,-2.1,-0.3,0.7
4108,-3.2,0.0,-1.8,-0.2,0.7
4109,-2.5,0.0,-1.2,0.2,1.0
4110,-2.1,0.0,-0.9,0.3,1.0
4111,-2.4,0.0,-1.2,-0.4,0.3
4112,-3.7,0.0,-2.5,-2.2,-1.1
4113,-5.1,0.0,-3.7,-17.2,-11.2
4114,-5.5,0.0,-3.9,-17.7,-11.5
4115,-7.1,0.0,-5.3,-19.4,-12.7
4116,-8.4,0.0,-6.2,-20.7,-13.6
4117,-9.3,0.0,-18.8,-14.4,-9.4
4118,-9.8,0.0,-19.1,-21.8,-14.2
4119,-9.7,0.0,-19.4,-22.1,-14.1
4120,-9.8,0.0,-19.9,-22.8,-14.1
4121,-9.4,0.0,-19.8,-22.5,-13.7
4122,-8.8,0.0,-19.4,-7.2,-3.4
4123,-8.2,0.0,-18.6,-6.7,-2.5
4124,-5.6,0.0,-36.4,-2.0,-0.5
4125,-4.3,0.0,-35.0,-0.8,0.4
4126,-2.7,0.0,-33.2,0.6,1.4
4127,-1.8,0.0,-31.9,1.3,1.8
4128,-0.8,0.0,0.5,2.0,2.2
4129,0.2,0.0,1.3,2.5,2.6
4130,1.0,0.0,1.9,3.0,2.9
4131,1.7,0.0,2.6,3.4,3.1
4132,2.5,0.0,3.3,4.0,3.5
4133,2.8,0.0,3.5,4.0,3.4
4134,2.4,0.0,3.0,3.2,2.7
4135,-0.0,0.0,0.5,0.3,0.3
4136,-1.7,0.0,-1.2,-1.8,-1.3
4137,-3.3,0.0,-2.6,-16.4,-11.0
4138,-4.5,0.0,-3.4,-17.5,-11.7
4139,-5.6,0.0,-4.1,-18.6,-12.3
4140,-6.5,0.0,-4.6,-19.3,-12.8
4141,-7.5,0.0,-16.7,-13.3,-8.8
4142,-7.4,0.0,-16.9,-19.9,-13.0
4143,-8.4,0.0,-17.7,-21.6,-13.6
4144,-23.2,0.0,-18.4,-22.3,-13.7
4145,-23.8,0.0,-18.8,-22.6,-13.5
4146,-24.3,0.0,-19.0,-8.5,-3.8
4147,-24.8,0.0,-19.1,-7.9,-3.2
4148,-47.2,0.0,-37.4,-3.3,-1.5
4149,-45.2,0.0,-35.8,-1.8,-0.3
4150,-43.4,0.0,-34.4,-0.7,0.4
4151,-41.3,0.0,-32.8,0.5,1.3
4152,-16.7,0.0,-0.1,1.4,1.9
4153,-0.7,0.0,0.5,1.7,2.1
4154,-0.7,0.0,0.4,1.5,1.8
4155,0.1,0.0,1.1,2.0,2.1
4156,0.7,0.0,1.6,2.4,2.3
4157,1.1,0.0,1.9,2.5,2.3
4158,-0.6,0.0,0.1,0.4,0.6
4159,-2.3,0.0,-1.7,-1.7,-1.2
4160,-4.0,0.0,-3.6,-3.8,-2.9
4161,-5.8,0.0,-5.1,-5.5,-4.1
4162,-7.3,0.0,-6.1,-6.8,-4.9
4163,-8.8,0.0,-7.1,-8.0,-5.6
4164,-9.7,0.0,-7.5,-8.6,-5.9
4165,-10.7,0.0,-20.1,-9.2,-6.2
4166,-11.5,0.0,-20.6,-9.7,-6.4
4167,-11.8,0.0,-21.3,-10.6,-6.5
4168,-27.9,0.0,-22.2,-11.6,-6.6
4169,-28.3,0.0,-22.5,-11.0,-6.1
4170,-28.4,0.0,-22.5,-9.1,-5.1
4171,-28.4,0.0,-22.3,-8.5,-4.5
4172,-52.7,0.0,-41.4,-5.7,-3.1
4173,-50.2,0.0,-39.3,-3.5,-1.4
4174,-49.1,0.0,-38.6,-3.1,-1.2
4175,-46.7,0.0,-36.6,-1.4,-0.0
4176,-21.1,0.0,-3.1,-1.1,0.2
4177,-4.2,0.0,-2.6,-0.9,0.3
4178,-3.4,0.0,-1.9,-0.3,0.6
4179,-2.6,0.0,-1.2,0.2,1.0
4180,-2.1,0.0,-0.9,0.4,1.0
4181,-1.5,0.0,-0.3,0.8,1.3
4182,-2.4,0.0,-1.3,-0.6,0.1
4183,-4.7,0.0,-3.8,-3.4,-2.2
4184,-6.5,0.0,-5.7,-5.6,-3.9
4185,-8.8,0.0,-7.6,-7.8,-5.6
4186,-10.3,0.0,-8.8,-9.1,-6.4
4187,-11.3,0.0,-9.3,-9.8,-6.8
4188,-12.3,0.0,-10.0,-10.6,-7.2
4189,-11.7,0.0,-22.2,-9.6,-6.3
4190,-12.5,0.0,-22.9,-10.1,-6.7
4191,-13.6,0.0,-23.7,-11.5,-7.3
4192,-30.7,0.0,-24.5,-13.1,-7.7
4193,-31.2,0.0,-24.8,-12.4,-7.1
4194,-31.4,0.0,-24.7,-11.5,-6.2
4195,-30.6,0.0,-23.8,-9.4,-4.8
4196,-56.1,0.0,-43.6,-6.5,-3.5
4197,-53.3,0.0,-41.2,-4.0,-1.7
4198,-51.5,0.0,-39.8,-3.0,-1.0
4199,-50.4,0.0,-39.3,-3.0,-1.1
4200,-23.2,0.0,-4.4,-2.1,-0.5
4201,-5.5,0.0,-3.8,-1.7,-0.2
4202,-5.3,0.0,-3.7,-1.8,-0.4
4203,-4.4,0.0,-2.9,-1.2,0.0
4204,-3.8,0.0,-2.4,-0.8,0.2
4205,-3.5,0.0,-2.3,-0.9,0.1
4206,-3.3,0.0,-2.1,-0.9,0.0
4207,-3.3,0.0,-2.1,-1.2,-0.2
4208,-3.3,0.0,-2.2,-1.4,-0.5
4209,-2.8,0.0,-1.8,-14.5,-9.1
4210,-3.4,0.0,-2.2,-15.2,-9.7
4211,-3.6,0.0,-2.3,-15.6,-10.0
4212,-3.3,0.0,-2.0,-15.4,-9.8
4213,-3.4,0.0,-14.0,-8.8,-5.4
4214,-3.4,0.0,-14.0,-15.5,-9.9
4215,-3.9,0.0,-14.5,-16.1,-10.3
4216,-3.9,0.0,-14.4,-16.3,-10.4
4217,-3.8,0.0,-14.3,-16.5,-10.3
4218,-3.6,0.0,-14.0,-2.9,-1.1
4219,-2.0,0.0,-12.8,-0.3,0.4
4220,-1.2,0.0,-30.0,0.5,0.9
4221,-0.2,0.0,-28.9,1.5,1.6
4222,0.7,0.0,-27.8,2.3,2.1
4223,1.5,0.0,-26.9,2.8,2.5
4224,2.3,0.0,3.0,3.5,2.9
4225,3.1,0.0,3.6,3.9,3.3
4226,3.7,0.0,4.2,4.3,3.5
4227,4.0,0.0,4.3,4.3,3.4
4228,4.4,0.0,4.6,4.5,3.6
4229,4.4,0.0,4.6,4.3,3.3
4230,4.3,0.0,4.5,4.0,3.0
4231,3.2,0.0,3.3,2.5,1.7
4232,2.5,0.0,2.6,1.5,1.0
4233,0.7,0.0,1.1,-12.9,-8.4
4234,-1.0,0.0,-0.5,-14.7,-9.8
4235,-2.5,0.0,-1.4,-16.1,-10.6
4236,-3.7,0.0,-2.2,-17.2,-11.3
4237,-4.8,0.0,-13.8,-11.5,-7.6
4238,-5.4,0.0,-14.1,-18.4,-11.9
4239,-5.8,0.0,-15.0,-19.5,-12.2
4240,-5.8,0.0,-15.5,-19.7,-12.1
4241,-5.9,0.0,-15.8,-20.6,-12.1
4242,-5.3,0.0,-15.3,-5.6,-2.2
4243,-5.7,0.0,-15.3,-6.7,-1.9
4244,-3.2,0.0,-32.3,-0.8,0.1
4245,-1.9,0.0,-31.0,0.5,1.1
4246,-0.8,0.0,-29.8,1.5,1.8
4247,0.2,0.0,-28.6,2.2,2.3
4248,1.1,0.0,2.1,3.0,2.8
4249,2.1,0.0,2.9,3.5,3.2
4250,2.8,0.0,3.5,4.0,3.5
4251,3.4,0.0,4.0,4.4,3.7
4252,4.0,0.0,4.5,4.7,3.9
4253,4.5,0.0,4.9,4.9,4.0
4254,3.7,0.0,4.0,3.8,2.9
4255,2.4,0.0,2.5,2.0,1.3
4256,1.0,0.0,1.1,0.3,0.0
4257,-1.1,0.0,-0.8,-14.6,-9.8
4258,-2.6,0.0,-1.8,-16.0,-10.6
4259,-4.0,0.0,-2.8,-17.3,-11.4
4260,-5.2,0.0,-3.4,-18.3,-12.0
4261,-6.2,0.0,-15.2,-12.4,-8.2
4262,-6.5,0.0,-15.3,-19.2,-12.4
4263,-6.2,0.0,-15.4,-19.5,-12.1
4264,-19.9,0.0,-15.7,-19.6,-11.9
4265,-20.3,0.0,-16.0,-20.0,-11.8
4266,-20.9,0.0,-16.2,-6.4,-2.4
4267,-21.2,0.0,-16.0,-6.3,-1.8
4268,-41.7,0.0,-33.3,-0.8,0.3
4269,-39.7,0.0,-31.8,0.7,1.3
4270,-38.0,0.0,-30.5,1.5,1.9
4271,-36.4,0.0,-29.5,2.1,2.3
4272,-13.6,0.0,1.7,2.8,2.7
4273,1.6,0.0,2.6,3.4,3.2
4274,2.5,0.0,3.3,4.0,3.5
4275,3.2,0.0,4.0,4.5,3.8
4276,4.5,0.0,5.1,5.5,4.6
4277,4.9,0.0,5.5,5.7,4.6
4278,3.4,0.0,3.8,3.7,2.9
4279,1.7,0.0,1.9,1.5,0.9
4280,0.2,0.0,0.3,-0.3,-0.5
4281,-1.8,0.0,-1.4,-15.2,-10.2
4282,-2.6,0.0,-1.8,-15.8,-10.5
4283,-4.3,0.0,-3.0,-17.5,-11.5
4284,-5.6,0.0,-3.7,-18.7,-12.3
4285,-5.9,0.0,-15.2,-12.0,-7.9
4286,-7.0,0.0,-15.9,-19.7,-12.7
4287,-7.8,0.0,-17.0,-21.1,-13.3
4288,-7.9,0.0,-17.4,-21.8,-13.3
4289,-8.0,0.0,-17.9,-22.4,-13.2
4290,-7.7,0.0,-17.7,-7.4,-3.3
4291,-7.5,0.0,-17.4,-7.1,-2.6
4292,-5.6,0.0,-35.2,-2.5,-1.0
4293,-4.1,0.0,-33.9,-1.1,0.1
4294,-3.0,0.0,-32.7,-0.1,0.7
4295,-2.0,0.0,-31.5,0.7,1.3
4296,-1.2,0.0,0.2,1.4,1.8
4297,-0.2,0.0,0.9,1.9,2.2
4298,0.4,0.0,1.5,2.3,2.4
4299,0.8,0.0,1.7,2.4,2.4
4300,1.2,0.0,2.0,2.6,2.5
4301,2.0,0.0,2.7,3.2,2.8
4302,2.3,0.0,3.0,3.3,2.8
4303,2.0,0.0,2.7,2.6,2.3
4304,0.8,0.0,1.5,0.9,0.9
4305,-0.3,0.0,0.6,-13.1,-8.2
4306,0.4,0.0,1.3,-12.2,-7.5
4307,-0.2,0.0,0.6,-13.0,-8.1
4308,-4.7,0.0,-3.1,-18.0,-11.8
4309,-6.5,0.0,-15.4,-13.0,-8.6
4310,-7.4,0.0,-16.2,-20.2,-13.2
4311,-6.6,0.0,-16.4,-19.4,-12.6
4312,-18.7,0.0,-15.3,-17.0,-10.9
4313,-20.4,0.0,-16.5,-19.8,-12.2
4314,-19.4,0.0,-15.6,-3.2,-1.6
4315,-18.7,0.0,-15.0,-2.2,-0.9
4316,-39.7,0.0,-32.7,-1.3,-0.3
4317,-38.7,0.0,-31.9,-0.6,0.2
4318,-37.9,0.0,-31.3,-0.2,0.5
4319,-37.3,0.0,-30.9,-0.1,0.5
4320,-14.0,0.0,1.0,1.8,2.0
4321,0.5,0.0,1.4,2.1,2.1
4322,0.9,0.0,1.7,2.2,2.2
4323,1.1,0.0,1.9,2.3,2.1
4324,1.5,0.0,2.1,2.4,2.2
4325,1.8,0.0,2.3,2.5,2.2
4326,1.8,0.0,2.3,2.4,2.1
4327,1.7,0.0,2.2,2.1,1.8
4328,0.8,0.0,1.3,0.8,0.8
4329,-1.9,0.0,-1.2,-2.3,-1.7
4330,-3.2,0.0,-2.3,-3.5,-2.5
4331,-4.1,0.0,-2.8,-4.2,-2.9
4332,-4.8,0.0,-3.2,-4.7,-3.1
4333,-2.9,0.0,-13.2,-2.1,-1.2
4334,-4.6,0.0,-14.7,-4.1,-2.6
4335,-5.0,0.0,-14.9,-4.5,-2.7
4336,-16.7,0.0,-13.6,-1.9,-0.9
4337,-13.4,0.0,-10.5,2.0,2.1
4338,-13.1,0.0,-10.3,1.9,1.9
4339,-13.4,0.0,-10.8,1.1,1.3
4340,-32.7,0.0,-27.7,1.5,1.6
4341,-31.5,0.0,-26.7,2.3,2.1
4342,-30.7,0.0,-26.3,2.5,2.2
4343,-30.0,0.0,-25.8,2.6,2.3
4344,-10.4,0.0,2.7,2.8,2.4
4345,2.2,0.0,2.7,2.7,2.3
4346,3.0,0.0,3.4,3.3,2.7
4347,3.7,0.0,4.0,3.9,3.1
4348,4.4,0.0,4.7,4.5,3.5
4349,4.9,0.0,5.1,4.8,3.7
4350,4.6,0.0,4.8,4.2,3.3
4351,4.3,0.0,4.4,3.7,2.8
4352,3.9,0.0,4.1,3.2,2.4
4353,2.7,0.0,3.1,1.8,1.3
4354,0.3,0.0,0.9,-0.9,-0.7
4355,-1.2,0.0,-0.3,-2.3,-1.7
4356,-2.5,0.0,-1.1,-3.4,-2.4
4357,-3.7,0.0,-12.7,-4.2,-2.9
4358,-4.3,0.0,-13.1,-4.5,-2.9
4359,-5.0,0.0,-14.1,-5.8,-3.3
4360,-17.9,0.0,-14.4,-6.0,-3.1
4361,-18.1,0.0,-14.5,-5.6,-2.4
4362,-18.3,0.0,-14.4,-4.8,-1.7
4363,-18.0,0.0,-14.0,-3.4,-0.8
4364,-37.7,0.0,-30.8,0.1,0.8
4365,-36.1,0.0,-29.6,1.2,1.6
4366,-34.4,0.0,-28.3,2.3,2.3
4367,-33.0,0.0,-27.3,2.9,2.7
4368,-11.5,0.0,2.8,3.5,3.1
4369,2.8,0.0,3.5,4.0,3.5
4370,3.4,0.0,4.1,4.4,3.7
4371,4.1,0.0,4.7,4.8,4.0
4372,4.8,0.0,5.2,5.3,4.2
4373,5.1,0.0,5.5,5.4,4.3
4374,5.0,0.0,5.4,5.0,3.9
4375,3.9,0.0,4.1,3.4,2.6
4376,2.3,0.0,2.5,1.4,1.0
4377,0.0,0.0,0.4,-13.6,-8.9
4378,-1.7,0.0,-0.9,-15.2,-10.0
4379,-2.9,0.0,-1.8,-16.4,-10.7
4380,-4.4,0.0,-2.8,-17.7,-11.6
4381,-5.9,0.0,-15.1,-12.5,-8.3
4382,-6.4,0.0,-15.5,-19.4,-12.6
4383,-7.0,0.0,-16.4,-20.4,-13.0
4384,-6.8,0.0,-16.8,-19.8,-12.7
4385,-6.5,0.0,-16.7,-19.1,-12.2
4386,-5.1,0.0,-15.6,-3.3,-1.8
4387,-4.1,0.0,-14.8,-2.2,-1.0
4388,-3.5,0.0,-32.3,-1.5,-0.5
4389,-2.7,0.0,-31.5,-0.7,0.1
4390,-2.1,0.0,-30.8,-0.1,0.5
4391,-1.7,0.0,-30.3,0.2,0.7
4392,-0.5,0.0,0.5,1.2,1.5
4393,0.4,0.0,1.3,1.9,1.9
4394,1.1,0.0,1.9,2.4,2.3
4395,1.9,0.0,2.6,3.0,2.7
4396,2.3,0.0,2.9,3.2,2.8
4397,2.6,0.0,3.2,3.3,2.8
4398,2.7,0.0,3.2,3.2,2.7
4399,3.2,0.0,3.6,3.5,2.9
4400,3.3,0.0,3.7,3.4,2.8
4401,2.6,0.0,3.1,-10.2,-6.1
4402,3.4,0.0,3.8,-9.4,-5.5
4403,3.6,0.0,4.0,-9.3,-5.4
4404,3.6,0.0,4.1,-9.3,-5.5
4405,3.6,0.0,-6.6,-3.0,-1.5
4406,3.8,0.0,-6.5,-9.3,-5.4
4407,4.1,0.0,-6.1,-8.9,-5.2
4408,4.2,0.0,-6.0,-9.0,-5.2
4409,4.4,0.0,-5.7,-8.7,-5.0
4410,3.6,0.0,-6.4,2.8,2.2
4411,3.8,0.0,-6.3,3.0,2.4
4412,4.2,0.0,-21.7,3.6,2.7
4413,5.0,0.0,-20.9,4.5,3.3
4414,5.7,0.0,-20.1,5.2,3.9
4415,6.2,0.0,-19.5,5.6,4.2
4416,6.5,0.0,6.5,5.7,4.2
4417,6.9,0.0,6.8,5.9,4.4
4418,7.5,0.0,7.3,6.3,4.6
4419,7.4,0.0,7.2,6.2,4.5
4420,8.1,0.0,7.8,6.7,4.9
4421,8.5,0.0,8.2,7.0,5.1
4422,7.4,0.0,7.1,5.7,4.0
4423,6.4,0.0,6.2,4.5,3.1
4424,6.9,0.0,6.6,5.1,3.6
4425,5.4,0.0,5.4,-8.6,-5.1
4426,4.2,0.0,4.3,-9.9,-6.1
4427,2.4,0.0,2.8,-11.8,-7.5
4428,1.9,0.0,2.4,-12.1,-7.7
4429,1.6,0.0,-7.9,-6.2,-3.9
4430,0.0,0.0,-8.8,-14.0,-8.8
4431,0.0,0.0,-8.8,-14.3,-8.7
4432,-11.5,0.0,-9.5,-15.0,-8.8
4433,-11.8,0.0,-9.7,-14.7,-8.5
4434,-12.7,0.0,-10.1,-3.0,-0.3
4435,-12.4,0.0,-9.8,-0.8,0.8
4436,-29.8,0.0,-25.7,2.3,2.1
4437,-28.9,0.0,-25.0,2.9,2.5
4438,-28.3,0.0,-24.7,3.0,2.6
4439,-27.7,0.0,-24.3,3.1,2.7
4440,-9.1,0.0,3.4,3.3,2.8
4441,3.3,0.0,3.8,3.6,2.9
4442,4.5,0.0,4.9,4.6,3.7
4443,5.4,0.0,5.7,5.3,4.2
4444,5.7,0.0,6.0,5.5,4.3
4445,5.7,0.0,5.9,5.3,4.1
4446,5.3,0.0,5.4,4.6,3.5
4447,4.3,0.0,4.4,3.3,2.4
4448,3.1,0.0,3.1,1.8,1.1
4449,1.5,0.0,1.7,-12.4,-8.0
4450,0.3,0.0,0.9,-13.4,-8.7
4451,-0.8,0.0,0.2,-14.5,-9.3
4452,-1.5,0.0,-0.2,-15.0,-9.6
4453,-2.6,0.0,-11.8,-9.6,-6.1
4454,-2.7,0.0,-12.0,-15.8,-10.1
4455,-2.2,0.0,-12.0,-15.1,-9.6
4456,-2.0,0.0,-12.1,-14.8,-9.3
4457,-3.2,0.0,-13.0,-17.1,-10.3
4458,-3.2,0.0,-13.0,-3.9,-1.4
4459,-2.9,0.0,-12.8,-2.9,-0.8
4460,-1.4,0.0,-29.2,-0.0,0.5
4461,-0.4,0.0,-28.3,1.1,1.3
4462,1.4,0.0,-26.4,2.8,2.6
4463,2.7,0.0,-24.9,4.0,3.5
4464,3.6,0.0,4.4,4.7,3.9
4465,4.3,0.0,4.9,5.0,4.1
4466,4.3,0.0,4.8,4.8,3.9
4467,4.1,0.0,4.6,4.4,3.5
4468,5.0,0.0,5.3,5.1,4.0
4469,5.7,0.0,6.0,5.6,4.4
4470,4.5,0.0,4.8,4.1,3.2
4471,2.6,0.0,2.8,1.8,1.2
4472,1.5,0.0,1.7,0.4,0.2
4473,-0.3,0.0,0.0,-14.0,-9.2
4474,-1.9,0.0,-1.2,-15.5,-10.2
4475,-2.7,0.0,-1.5,-16.1,-10.5
4476,-3.2,0.0,-1.8,-16.4,-10.7
4477,-3.7,0.0,-13.4,-10.3,-6.7
4478,-4.2,0.0,-13.8,-17.2,-11.1
4479,-4.1,0.0,-13.9,-17.0,-10.8
4480,-17.8,0.0,-14.6,-17.8,-11.3
4481,-17.8,0.0,-14.5,-16.9,-10.7
4482,-17.9,0.0,-14.5,-3.6,-1.6
4483,-17.8,0.0,-14.2,-3.1,-1.1
4484,-37.5,0.0,-31.0,-0.6,0.2
4485,-36.2,0.0,-30.0,0.5,1.0
4486,-34.7,0.0,-28.8,1.5,1.8
4487,-33.0,0.0,-27.3,2.7,2.6
4488,-11.3,0.0,2.9,3.5,3.2
4489,3.0,0.0,3.7,4.2,3.6
4490,3.7,0.0,4.3,4.6,3.9
4491,4.2,0.0,4.8,4.9,4.0
4492,4.8,0.0,5.3,5.3,4.3
4493,5.2,0.0,5.6,5.5,4.4
4494,3.8,0.0,4.2,3.7,2.9
4495,2.5,0.0,2.7,2.0,1.4
4496,1.0,0.0,1.0,0.1,-0.2
4497,-0.9,0.0,-0.6,-1.8,-1.5
4498,-2.4,0.0,-1.6,-3.1,-2.3
4499,-3.6,0.0,-2.4,-4.1,-2.9
4500,-4.7,0.0,-3.1,-4.9,-3.4
4501,-4.1,0.0,-13.9,-3.9,-2.5
4502,-4.1,0.0,-14.1,-3.7,-2.3
4503,-5.2,0.0,-14.9,-4.9,-3.0
4504,-19.7,0.0,-15.9,-6.9,-3.7
4505,-19.1,0.0,-15.4,-4.3,-2.3
4506,-19.0,0.0,-15.2,-3.7,-1.7
4507,-19.8,0.0,-15.5,-5.4,-1.9
4508,-40.0,0.0,-32.6,-1.3,-0.2
4509,-38.4,0.0,-31.4,-0.0,0.7
4510,-36.9,0.0,-30.2,1.0,1.4
4511,-35.3,0.0,-29.0,1.9,2.1
4512,-12.8,0.0,2.1,2.9,2.8
4513,1.6,0.0,2.5,3.2,2.9
4514,2.2,0.0,2.9,3.4,3.1
4515,2.6,0.0,3.3,3.7,3.2
4516,2.7,0.0,3.4,3.6,3.0
4517,3.0,0.0,3.5,3.6,3.0
4518,2.4,0.0,2.9,2.7,2.2
4519,1.1,0.0,1.5,1.0,0.9
4520,-0.7,0.0,-0.3,-1.1,-0.8
4521,-2.4,0.0,-1.7,-2.8,-2.1
4522,-4.0,0.0,-3.0,-4.2,-3.0
4523,-5.6,0.0,-4.3,-5.8,-4.0
4524,-7.0,0.0,-5.2,-6.9,-4.7
4525,-8.0,0.0,-17.3,-7.5,-5.1
4526,-8.9,0.0,-18.1,-8.1,-5.3
4527,-8.8,0.0,-18.3,-8.2,-5.0
4528,-23.0,0.0,-18.4,-8.2,-4.6
4529,-23.5,0.0,-18.8,-8.0,-4.3
4530,-23.6,0.0,-18.6,-6.9,-3.4
4531,-23.4,0.0,-18.3,-5.7,-2.6
4532,-45.7,0.0,-36.6,-3.3,-1.5
4533,-44.3,0.0,-35.4,-2.0,-0.6
4534,-43.0,0.0,-34.5,-1.3,-0.1
4535,-41.7,0.0,-33.5,-0.7,0.3
4536,-18.1,0.0,-1.6,-0.3,0.6
4537,-2.5,0.0,-1.2,0.0,0.8
4538,-1.4,0.0,-0.2,0.9,1.4
4539,-0.8,0.0,0.3,1.2,1.6
4540,-0.4,0.0,0.6,1.4,1.7
4541,-0.7,0.0,0.2,0.9,1.2
4542,-0.7,0.0,0.2,0.6,0.9
4543,-1.1,0.0,-0.2,-0.0,0.4
4544,-3.2,0.0,-2.4,-2.7,-1.8
4545,-4.3,0.0,-3.3,-17.0,-11.3
4546,-5.5,0.0,-4.2,-18.2,-12.0
4547,-8.7,0.0,-7.1,-21.5,-14.4
4548,-7.6,0.0,-5.6,-20.1,-13.2
4549,-8.8,0.0,-18.6,-14.4,-9.5
4550,-9.5,0.0,-19.0,-21.7,-14.2
4551,-10.1,0.0,-19.8,-22.7,-14.6
4552,-10.2,0.0,-20.2,-23.1,-14.6
4553,-10.1,0.0,-20.5,-23.0,-14.3
4554,-9.4,0.0,-20.0,-7.3,-4.0
4555,-9.2,0.0,-19.7,-7.2,-3.5
4556,-7.8,0.0,-38.3,-4.4,-2.3
4557,-6.7,0.0,-37.2,-3.2,-1.4
4558,-5.9,0.0,-36.3,-2.5,-1.0
4559,-5.2,0.0,-35.4,-1.9,-0.5
4560,-4.5,0.0,-3.0,-1.4,-0.2
4561,-3.7,0.0,-2.3,-0.9,0.1
4562,-3.2,0.0,-1.9,-0.6,0.3
4563,-2.3,0.0,-1.1,0.0,0.7
4564,-1.8,0.0,-0.7,0.3,0.9
4565,-1.3,0.0,-0.3,0.6,1.0
4566,-1.4,0.0,-0.4,0.2,0.7
4567,-2.2,0.0,-1.3,-1.1,-0.4
4568,-3.5,0.0,-2.7,-2.7,-1.8
4569,-5.8,0.0,-4.7,-18.4,-12.3
4570,-7.6,0.0,-6.3,-20.3,-13.6
4571,-9.2,0.0,-7.5,-21.8,-14.6
4572,-11.2,0.0,-9.0,-23.7,-15.9
4573,-12.4,0.0,-22.1,-17.7,-11.9
4574,-13.2,0.0,-22.6,-25.1,-16.7
4575,-13.6,0.0,-23.4,-26.0,-17.0
4576,-13.5,0.0,-23.6,-26.2,-16.7
4577,-13.2,0.0,-23.7,-25.9,-16.3
4578,-13.0,0.0,-23.6,-10.9,-6.0
4579,-12.4,0.0,-23.1,-9.7,-5.1
4580,-10.8,0.0,-42.3,-6.5,-3.7
4581,-9.6,0.0,-41.2,-5.3,-2.8
4582,-8.7,0.0,-40.2,-4.4,-2.2
4583,-7.9,0.0,-39.2,-3.8,-1.7
4584,-7.0,0.0,-5.1,-3.0,-1.2
4585,-6.0,0.0,-4.3,-2.4,-0.7
4586,-5.3,0.0,-3.8,-2.0,-0.5
4587,-4.7,0.0,-3.2,-1.6,-0.3
4588,-4.1,0.0,-2.7,-1.2,-0.1
4589,-3.5,0.0,-2.3,-0.9,0.1
4590,-3.7,0.0,-2.4,-1.4,-0.4
4591,-4.3,0.0,-3.2,-2.4,-1.3
4592,-5.4,0.0,-4.3,-3.9,-2.6
4593,-7.1,0.0,-5.8,-19.3,-12.9
4594,-8.6,0.0,-7.1,-20.9,-14.0
4595,-10.3,0.0,-8.4,-22.5,-15.1
4596,-12.0,0.0,-9.6,-24.1,-16.1
4597,-12.9,0.0,-22.8,-17.8,-11.9
4598,-13.7,0.0,-23.4,-25.4,-16.9
4599,-14.1,0.0,-24.0,-26.3,-17.1
4600,-30.3,0.0,-24.2,-25.9,-16.7
4601,-28.7,0.0,-22.9,-22.4,-14.6
4602,-28.1,0.0,-22.2,-6.8,-4.0
4603,-26.1,0.0,-20.3,-4.6,-2.3
4604,-50.5,0.0,-39.4,-3.5,-1.5
4605,-49.1,0.0,-38.5,-2.9,-1.1
4606,-47.6,0.0,-37.4,-2.2,-0.6
4607,-46.1,0.0,-36.3,-1.6,-0.2
4608,-20.6,0.0,-2.9,-1.1,0.1
4609,-3.5,0.0,-2.1,-0.4,0.6
4610,-2.6,0.0,-1.3,0.3,1.0
4611,-2.2,0.0,-1.0,0.3,1.0
4612,-1.1,0.0,0.0,1.2,1.6
4613,-1.0,0.0,0.0,1.0,1.4
4614,-1.4,0.0,-0.4,0.3,0.7
4615,-3.1,0.0,-2.2,-1.9,-1.1
4616,-3.8,0.0,-2.8,-2.8,-1.7
4617,-4.9,0.0,-3.7,-17.3,-11.3
4618,-5.6,0.0,-4.2,-18.0,-11.8
4619,-6.4,0.0,-4.9,-18.8,-12.4
4620,-6.8,0.0,-5.3,-19.2,-12.6
4621,-7.3,0.0,-17.8,-12.8,-8.4
4622,-7.8,0.0,-18.2,-20.1,-13.2
4623,-8.9,0.0,-19.2,-21.2,-13.9
4624,-9.0,0.0,-19.3,-21.6,-13.9
4625,-7.6,0.0,-18.3,-19.3,-12.5
4626,-7.7,0.0,-18.2,-6.4,-3.3
4627,-6.6,0.0,-17.4,-4.6,-2.2
4628,-5.0,0.0,-35.1,-2.2,-0.9
4629,-4.2,0.0,-34.1,-1.4,-0.3
4630,-3.2,0.0,-33.1,-0.6,0.3
4631,-2.2,0.0,-31.8,0.3,0.9
4632,-1.2,0.0,-0.1,1.1,1.5
4633,-0.9,0.0,0.1,1.0,1.4
4634,-0.7,0.0,0.1,0.9,1.2
4635,0.2,0.0,1.0,1.7,1.8
4636,0.5,0.0,1.3,1.8,1.8
4637,1.2,0.0,1.8,2.2,2.0
4638,0.7,0.0,1.3,1.5,1.4
4639,-1.2,0.0,-0.8,-0.9,-0.6
4640,-2.6,0.0,-2.2,-2.6,-2.0
4641,-4.5,0.0,-3.8,-17.6,-11.9
4642,-5.7,0.0,-4.7,-18.8,-12.6
4643,-7.2,0.0,-5.7,-20.1,-13.5
4644,-8.2,0.0,-6.3,-21.0,-14.0
4645,-9.3,0.0,-18.8,-15.1,-10.0
4646,-10.2,0.0,-19.6,-22.5,-14.9
4647,-10.3,0.0,-20.0,-23.1,-14.9
4648,-25.8,0.0,-20.7,-23.8,-15.1
4649,-26.7,0.0,-21.5,-24.5,-15.1
4650,-27.4,0.0,-21.7,-10.3,-5.2
4651,-27.2,0.0,-21.3,-8.5,-4.1
4652,-50.8,0.0,-40.1,-4.9,-2.6
4653,-48.9,0.0,-38.5,-3.3,-1.4
4654,-47.1,0.0,-37.1,-2.2,-0.6
4655,-45.9,0.0,-36.3,-1.8,-0.3
4656,-20.3,0.0,-2.8,-0.9,0.3
4657,-4.0,0.0,-2.5,-0.9,0.2
4658,-4.0,0.0,-2.6,-1.2,-0.1
4659,-3.6,0.0,-2.4,-1.1,-0.1
4660,-3.2,0.0,-2.1,-0.9,-0.0
4661,-2.7,0.0,-1.6,-0.6,0.2
4662,-2.1,0.0,-1.0,-0.2,0.4
4663,-1.5,0.0,-0.5,0.2,0.7
4664,-2.3,0.0,-1.3,-1.1,-0.3
4665,-4.2,0.0,-3.0,-3.2,-2.0
4666,-5.3,0.0,-4.0,-4.4,-2.8
4667,-6.3,0.0,-4.7,-5.3,-3.5
4668,-6.8,0.0,-5.0,-5.8,-3.7
4669,-7.1,0.0,-17.2,-5.8,-3.7
4670,-8.0,0.0,-17.7,-6.5,-4.1
4671,-7.9,0.0,-17.9,-6.7,-4.0
4672,-23.6,0.0,-18.5,-8.5,-4.4
4673,-24.2,0.0,-19.1,-8.7,-4.2
4674,-24.2,0.0,-18.8,-7.6,-3.3
4675,-25.2,0.0,-19.1,-9.3,-3.3
4676,-47.8,0.0,-37.5,-3.1,-1.3
4677,-45.5,0.0,-35.9,-1.4,-0.1
4678,-44.3,0.0,-35.1,-1.1,0.1
4679,-41.8,0.0,-33.1,0.6,1.3
4680,-17.5,0.0,-0.8,0.8,1.4
4681,-1.3,0.0,-0.1,1.3,1.7
4682,-0.7,0.0,0.4,1.6,1.9
4683,-0.3,0.0,0.7,1.7,1.9
4684,-0.1,0.0,0.8,1.7,1.8
4685,0.1,0.0,0.9,1.6,1.7
4686,0.0,0.0,0.8,1.3,1.4
4687,-0.6,0.0,0.2,0.4,0.6
4688,-0.7,0.0,0.1,-0.0,0.3
4689,-2.3,0.0,-1.4,-1.9,-1.1
4690,-4.0,0.0,-3.0,-3.7,-2.5
4691,-4.8,0.0,-3.4,-4.4,-2.9
4692,-5.5,0.0,-3.8,-5.0,-3.2
4693,-6.3,0.0,-16.0,-5.5,-3.5
4694,-5.0,0.0,-15.3,-3.9,-2.3
4695,-4.6,0.0,-15.1,-3.3,-1.9
4696,-20.5,0.0,-16.3,-6.2,-3.3
4697,-20.8,0.0,-16.6,-6.4,-3.0
4698,-21.6,0.0,-17.2,-5.7,-2.8
4699,-19.2,0.0,-15.0,-1.7,-0.4
4700,-41.0,0.0,-33.2,-1.1,-0.0
4701,-39.6,0.0,-32.2,-0.2,0.6
4702,-38.5,0.0,-31.4,0.3,0.9
4703,-37.3,0.0,-30.6,0.7,1.2
4704,-15.5,0.0,-0.3,0.6,1.0
4705,-1.0,0.0,-0.1,0.7,1.0
4706,-0.2,0.0,0.7,1.3,1.5
4707,0.9,0.0,1.7,2.2,2.1
4708,1.7,0.0,2.4,2.8,2.5
4709,2.2,0.0,2.8,3.2,2.7
4710,1.8,0.0,2.4,2.4,2.1
4711,0.8,0.0,1.3,1.0,1.0
4712,0.4,0.0,1.0,0.6,0.7
4713,0.3,0.0,0.9,-12.4,-7.8
4714,0.1,0.0,0.9,-12.8,-8.0
4715,-2.7,0.0,-1.6,-16.0,-10.4
4716,-3.3,0.0,-2.0,-16.5,-10.7
4717,-3.7,0.0,-13.5,-10.2,-6.6
4718,-4.5,0.0,-14.1,-17.4,-11.3
4719,-5.4,0.0,-15.0,-18.7,-11.9
4720,-4.6,0.0,-14.5,-18.0,-11.1
4721,-5.0,0.0,-15.1,-18.6,-11.3
4722,-5.0,0.0,-15.1,-5.5,-2.1
4723,-3.9,0.0,-14.3,-3.0,-0.8
4724,-2.5,0.0,-31.4,-0.5,0.3
4725,-1.6,0.0,-30.5,0.4,0.9
4726,-0.6,0.0,-29.3,1.4,1.6
4727,-0.4,0.0,-28.9,1.4,1.6
4728,0.2,0.0,1.1,1.8,1.8
4729,0.8,0.0,1.6,2.1,2.0
4730,1.7,0.0,2.3,2.7,2.5
4731,2.3,0.0,2.9,3.1,2.7
4732,2.7,0.0,3.3,3.4,2.9
4733,2.8,0.0,3.3,3.3,2.7
4734,2.3,0.0,2.8,2.6,2.1
4735,1.9,0.0,2.3,1.9,1.6
4736,1.5,0.0,1.9,1.3,1.1
4737,0.6,0.0,1.3,-12.5,-7.8
4738,-1.0,0.0,-0.2,-14.3,-9.2
4739,-0.7,0.0,0.2,-13.9,-8.8
4740,-2.1,0.0,-0.9,-15.4,-9.9
4741,-3.4,0.0,-13.2,-10.1,-6.6
4742,-3.4,0.0,-13.3,-16.4,-10.6
4743,-3.1,0.0,-13.1,-15.9,-10.2
4744,-2.8,0.0,-13.0,-15.5,-9.9
4745,-2.4,0.0,-12.7,-15.1,-9.4
4746,-1.8,0.0,-12.3,-1.0,-0.2
4747,-1.3,0.0,-11.8,-0.3,0.3
4748,-0.7,0.0,-28.6,0.5,0.8
4749,-0.2,0.0,-28.1,0.9,1.1
4750,0.2,0.0,-27.6,1.3,1.3
4751,0.6,0.0,-27.1,1.6,1.6
4752,1.4,0.0,2.1,2.4,2.1
4753,1.4,0.0,2.0,2.1,1.8
4754,1.8,0.0,2.3,2.3,2.0
4755,2.0,0.0,2.4,2.3,1.9
4756,2.2,0.0,2.6,2.4,2.0
4757,2.4,0.0,2.8,2.5,2.0
4758,2.2,0.0,2.5,2.1,1.7
4759,1.9,0.0,2.3,1.7,1.4
4760,2.2,0.0,2.5,1.9,1.5
4761,2.0,0.0,2.4,-11.0,-6.7
4762,1.6,0.0,2.1,-11.5,-7.1
4763,1.0,0.0,1.6,-12.2,-7.6
4764,1.0,0.0,1.6,-12.1,-7.5
4765,1.5,0.0,-8.7,-5.1,-3.0
4766,1.5,0.0,-8.7,-11.5,-7.0
4767,1.7,0.0,-8.6,-11.2,-6.8
4768,-10.1,0.0,-8.8,-11.4,-7.0
4769,-10.5,0.0,-9.2,-11.7,-7.2
4770,-10.7,0.0,-9.3,1.1,1.0
4771,-10.7,0.0,-9.3,1.2,1.1
4772,-28.7,0.0,-25.7,1.2,1.1
4773,-28.7,0.0,-25.7,1.3,1.1
4774,-28.4,0.0,-25.5,1.5,1.3
4775,-28.2,0.0,-25.2,1.7,1.4
4776,-10.4,0.0,1.9,1.6,1.4
4777,1.5,0.0,1.9,1.5,1.3
4778,1.6,0.0,2.0,1.6,1.3
4779,1.7,0.0,2.0,1.6,1.3
4780,1.8,0.0,2.1,1.6,1.3
4781,1.9,0.0,2.1,1.6,1.3
4782,1.8,0.0,2.1,1.4,1.1
4783,1.6,0.0,1.8,1.1,0.9
4784,1.2,0.0,1.5,0.6,0.5
4785,0.5,0.0,0.9,-12.7,-8.1
4786,0.0,0.0,0.6,-13.1,-8.4
4787,-0.5,0.0,0.1,-13.7,-8.7
4788,-2.3,0.0,-1.4,-15.6,-10.2
4789,-1.6,0.0,-11.7,-8.2,-5.3
4790,-2.3,0.0,-12.4,-15.3,-9.9
4791,-2.4,0.0,-12.5,-15.2,-9.8
4792,-2.5,0.0,-12.8,-15.3,-9.8
4793,-2.3,0.0,-12.6,-14.9,-9.5
4794,-2.5,0.0,-12.9,-2.1,-1.2
4795,-2.0,0.0,-12.4,-1.4,-0.6
4796,-1.7,0.0,-29.3,-0.8,-0.3
4797,-0.9,0.0,-28.5,0.1,0.4
4798,0.1,0.0,-27.5,1.1,1.2
4799,0.7,0.0,-26.8,1.7,1.6
4800,1.3,0.0,2.0,2.2,1.9
4801,2.0,0.0,2.6,2.6,2.3
4802,2.4,0.0,2.9,2.8,2.4
4803,2.3,0.0,2.7,2.5,2.1
4804,2.7,0.0,3.1,2.9,2.3
4805,3.1,0.0,3.4,3.1,2.5
4806,2.6,0.0,2.9,2.5,2.0
4807,1.7,0.0,2.0,1.3,1.1
4808,0.6,0.0,1.0,0.0,0.1
4809,-1.6,0.0,-1.0,-15.1,-9.8
4810,-3.9,0.0,-3.2,-17.5,-11.7
4811,-5.4,0.0,-4.3,-18.9,-12.6
4812,-6.6,0.0,-5.0,-20.0,-13.3
4813,-7.8,0.0,-17.2,-14.3,-9.6
4814,-8.0,0.0,-17.5,-20.8,-13.7
4815,-7.5,0.0,-17.5,-20.0,-13.1
4816,-22.7,0.0,-18.7,-21.8,-14.0
4817,-23.6,0.0,-19.3,-22.6,-14.0
4818,-24.3,0.0,-19.5,-8.7,-4.5
4819,-24.3,0.0,-19.2,-7.5,-3.5
4820,-46.3,0.0,-37.1,-3.7,-1.8
4821,-45.1,0.0,-36.2,-2.7,-1.1
4822,-43.1,0.0,-34.4,-1.1,0.1
4823,-41.9,0.0,-33.6,-0.7,0.4
4824,-18.0,0.0,-1.4,-0.0,0.8
4825,-2.3,0.0,-1.0,0.2,1.0
4826,-1.5,0.0,-0.3,0.8,1.3
4827,-0.6,0.0,0.5,1.5,1.8
4828,0.0,0.0,1.0,1.8,2.0
4829,0.3,0.0,1.2,1.9,1.9
4830,-0.0,0.0,0.8,1.2,1.4
4831,-1.7,0.0,-0.9,-0.8,-0.3
4832,-4.0,0.0,-3.2,-3.6,-2.5
4833,-5.9,0.0,-4.9,-5.4,-3.8
4834,-7.3,0.0,-6.0,-6.7,-4.7
4835,-9.5,0.0,-7.9,-8.9,-6.2
4836,-10.7,0.0,-8.7,-9.7,-6.7
4837,-12.0,0.0,-21.7,-10.6,-7.2
4838,-11.8,0.0,-21.4,-10.0,-6.6
4839,-11.9,0.0,-22.0,-10.1,-6.5
4840,-27.1,0.0,-21.7,-9.6,-5.8
4841,-27.3,0.0,-21.8,-8.9,-5.2
4842,-27.2,0.0,-21.5,-8.5,-4.5
4843,-25.3,0.0,-19.7,-4.9,-2.4
4844,-47.7,0.0,-37.3,-2.0,-0.4
4845,-46.3,0.0,-36.4,-1.6,-0.1
4846,-44.8,0.0,-35.3,-0.9,0.3
4847,-43.5,0.0,-34.4,-0.6,0.5
4848,-19.1,0.0,-2.1,-0.4,0.6
4849,-3.1,0.0,-1.7,-0.3,0.6
4850,-2.5,0.0,-1.2,0.0,0.8
4851,-1.9,0.0,-0.7,0.4,1.0
4852,-1.3,0.0,-0.2,0.8,1.2
4853,-0.7,0.0,0.3,1.2,1.5
4854,-0.2,0.0,0.7,1.3,1.5
4855,-0.5,0.0,0.4,0.7,1.0
4856,-1.0,0.0,-0.0,-0.0,0.4
4857,-1.4,0.0,-0.3,-0.5,0.0
4858,-2.7,0.0,-1.5,-2.1,-1.2
4859,-4.3,0.0,-3.0,-3.9,-2.5
4860,-4.6,0.0,-2.9,-4.0,-2.5
4861,-5.8,0.0,-15.2,-5.0,-3.1
4862,-5.4,0.0,-14.6,-4.3,-2.4
4863,-5.5,0.0,-15.0,-5.0,-2.5
4864,-19.7,0.0,-15.1,-6.0,-2.4
4865,-19.8,0.0,-15.2,-6.4,-2.0
4866,-19.6,0.0,-14.9,-4.9,-1.0
4867,-18.0,0.0,-13.6,-0.7,0.8
4868,-38.9,0.0,-31.1,1.2,1.7
4869,-36.9,0.0,-29.6,2.3,2.5
4870,-35.1,0.0,-28.3,3.1,3.0
4871,-33.1,0.0,-27.0,3.9,3.5
4872,-11.2,0.0,3.3,4.1,3.6
4873,3.3,0.0,4.0,4.5,3.9
4874,4.4,0.0,5.0,5.4,4.5
4875,5.1,0.0,5.6,5.8,4.7
4876,5.8,0.0,6.2,6.3,5.0
4877,6.4,0.0,6.7,6.6,5.1
4878,5.8,0.0,6.0,5.6,4.3
4879,3.4,0.0,3.4,2.7,1.8
4880,1.5,0.0,1.4,0.4,0.1
4881,0.3,0.0,0.4,-13.5,-8.9
4882,-1.3,0.0,-0.8,-15.0,-9.8
4883,-2.4,0.0,-1.4,-16.0,-10.4
4884,-3.1,0.0,-1.7,-16.5,-10.7
4885,-2.6,0.0,-12.5,-9.2,-5.9
4886,-1.7,0.0,-12.0,-14.4,-9.1
4887,-2.4,0.0,-12.6,-15.2,-9.7
4888,-3.3,0.0,-13.4,-16.4,-10.4
4889,-4.2,0.0,-14.2,-18.3,-11.1
4890,-4.2,0.0,-14.2,-5.2,-2.0
4891,-4.2,0.0,-14.1,-4.9,-1.5
4892,-1.8,0.0,-30.3,-0.1,0.5
4893,0.1,0.0,-28.4,1.9,2.0
4894,1.1,0.0,-27.2,2.8,2.6
4895,1.5,0.0,-26.5,3.0,2.7
4896,2.5,0.0,3.3,3.7,3.2
4897,2.8,0.0,3.5,3.7,3.2
4898,4.0,0.0,4.6,4.7,3.9
4899,4.7,0.0,5.2,5.2,4.2
4900,5.5,0.0,5.9,5.8,4.6
4901,5.4,0.0,5.7,5.4,4.2
4902,5.5,0.0,5.8,5.3,4.1
4903,3.2,0.0,3.4,2.5,1.8
4904,1.3,0.0,1.5,0.3,0.1
4905,-1.0,0.0,-0.7,-14.7,-9.8
4906,-2.5,0.0,-1.8,-16.1,-10.6
4907,-3.9,0.0,-2.9,-17.6,-11.6
4908,-5.2,0.0,-3.7,-18.6,-12.3
4909,-6.0,0.0,-15.3,-12.6,-8.3
4910,-5.8,0.0,-15.3,-18.6,-12.1
4911,-6.6,0.0,-15.9,-19.9,-12.6
4912,-7.2,0.0,-16.8,-21.1,-13.0
4913,-6.8,0.0,-16.8,-21.2,-12.5
4914,-6.7,0.0,-16.8,-7.2,-3.0
4915,-6.1,0.0,-16.3,-5.6,-2.0
4916,-4.0,0.0,-33.3,-1.3,-0.1
4917,-2.7,0.0,-32.0,-0.0,0.8
4918,-1.9,0.0,-31.1,0.7,1.3
4919,-1.3,0.0,-30.3,1.0,1.5
4920,-0.5,0.0,0.7,1.7,1.9
4921,0.4,0.0,1.4,2.2,2.2
4922,1.1,0.0,2.0,2.6,2.5
4923,2.0,0.0,2.8,3.3,3.0
4924,2.8,0.0,3.5,3.9,3.3
4925,3.3,0.0,3.9,4.2,3.5
4926,2.9,0.0,3.5,3.5,2.9
4927,1.9,0.0,2.2,1.9,1.5
4928,0.3,0.0,0.5,-0.1,-0.1
4929,-1.9,0.0,-1.4,-15.2,-10.0
4930,-3.2,0.0,-2.4,-16.5,-10.8
4931,-4.6,0.0,-3.4,-17.8,-11.7
4932,-6.0,0.0,-4.2,-19.1,-12.5
4933,-7.0,0.0,-16.3,-13.2,-8.6
4934,-7.9,0.0,-16.8,-20.4,-13.2
4935,-8.2,0.0,-17.4,-21.4,-13.4
4936,-22.7,0.0,-18.0,-22.3,-13.5
4937,-23.4,0.0,-18.7,-22.9,-13.5
4938,-23.9,0.0,-18.7,-8.8,-3.6
4939,-24.4,0.0,-18.7,-8.6,-2.9
4940,-46.7,0.0,-36.8,-2.7,-0.9
4941,-44.7,0.0,-35.4,-1.3,0.1
4942,-43.2,0.0,-34.2,-0.5,0.6
4943,-41.7,0.0,-33.2,0.1,1.0
4944,-17.5,0.0,-0.9,0.6,1.3
4945,-1.4,0.0,-0.1,1.2,1.7
4946,-0.7,0.0,0.5,1.6,2.0
4947,-0.1,0.0,1.0,1.9,2.1
4948,0.5,0.0,1.5,2.3,2.4
4949,1.2,0.0,2.1,2.8,2.6
4950,1.3,0.0,2.1,2.5,2.4
4951,0.2,0.0,0.9,1.0,1.0
4952,-1.4,0.0,-0.9,-1.1,-0.7
4953,-3.6,0.0,-2.8,-16.5,-10.9
4954,-5.6,0.0,-4.5,-18.5,-12.3
4955,-7.5,0.0,-6.0,-20.4,-13.5
4956,-9.0,0.0,-7.0,-21.7,-14.4
4957,-10.2,0.0,-19.7,-16.0,-10.6
4958,-11.0,0.0,-20.3,-23.2,-15.3
4959,-11.7,0.0,-21.4,-24.3,-15.7
4960,-11.6,0.0,-21.8,-24.2,-15.5
4961,-12.0,0.0,-22.5,-24.6,-15.6
4962,-11.7,0.0,-22.3,-9.9,-5.6
4963,-10.3,0.0,-21.3,-7.2,-4.1
4964,-8.9,0.0,-39.7,-5.2,-2.9
4965,-8.3,0.0,-39.1,-4.6,-2.4
4966,-6.4,0.0,-37.1,-2.7,-1.0
4967,-5.1,0.0,-35.6,-1.5,-0.1
4968,-4.4,0.0,-2.8,-1.0,0.1
4969,-3.6,0.0,-2.2,-0.6,0.4
4970,-3.0,0.0,-1.6,-0.3,0.6
4971,-2.2,0.0,-0.9,0.3,1.0
4972,-1.3,0.0,-0.1,1.0,1.4
4973,-1.0,0.0,0.0,1.0,1.3
4974,-0.6,0.0,0.4,1.2,1.4
4975,-0.9,0.0,-0.0,0.5,0.9
4976,-2.0,0.0,-1.0,-0.9,-0.2
4977,-3.3,0.0,-2.2,-15.7,-10.0
4978,-4.7,0.0,-3.4,-17.2,-11.2
4979,-5.2,0.0,-3.9,-17.6,-11.5
4980,-4.0,0.0,-2.8,-16.1,-10.3
4981,-2.7,0.0,-13.5,-7.9,-4.8
4982,-2.1,0.0,-12.8,-14.0,-8.8
4983,-1.7,0.0,-12.4,-13.7,-8.5
4984,-16.3,0.0,-13.3,-15.1,-9.6
4985,-18.7,0.0,-15.3,-19.7,-11.7
4986,-19.5,0.0,-15.6,-6.4,-2.6
4987,-18.6,0.0,-14.8,-2.7,-1.0
4988,-37.6,0.0,-30.7,0.8,1.3
4989,-36.6,0.0,-30.1,1.0,1.4
4990,-35.5,0.0,-29.3,1.4,1.6
4991,-34.8,0.0,-29.0,1.3,1.5
4992,-13.9,0.0,0.6,1.2,1.4
4993,0.3,0.0,1.0,1.5,1.6
4994,0.4,0.0,1.1,1.4,1.5
4995,0.5,0.0,1.2,1.4,1.4
4996,0.8,0.0,1.3,1.5,1.4
4997,1.0,0.0,1.5,1.6,1.5
4998,1.2,0.0,1.6,1.6,1.4
4999,0.9,0.0,1.4,1.1,1.0
5000,0.3,0.0,0.8,0.2,0.3
5001,-1.5,0.0,-0.7,-1.6,-1.1
5002,-2.1,0.0,-1.2,-2.2,-1.5
5003,-3.4,0.0,-2.3,-3.6,-2.4
5004,-4.2,0.0,-2.9,-4.3,-2.9
5005,-6.2,0.0,-15.6,-6.1,-4.1
5006,-4.6,0.0,-14.7,-4.0,-2.6
5007,-4.0,0.0,-14.4,-3.0,-1.8
5008,-18.6,0.0,-15.2,-4.4,-2.6
5009,-20.0,0.0,-16.2,-7.5,-3.5
5010,-20.4,0.0,-16.4,-5.6,-2.7
5011,-20.4,0.0,-16.3,-4.5,-2.0
5012,-41.1,0.0,-33.6,-1.8,-0.6
5013,-39.6,0.0,-32.3,-0.5,0.3
5014,-38.2,0.0,-31.2,0.4,1.0
5015,-36.8,0.0,-30.2,1.0,1.4
5016,-14.8,0.0,0.3,1.3,1.5
5017,-0.3,0.0,0.6,1.4,1.6
5018,0.6,0.0,1.4,2.1,2.1
5019,1.3,0.0,2.1,2.6,2.4
5020,1.6,0.0,2.3,2.6,2.4
5021,1.9,0.0,2.5,2.7,2.4
5022,2.0,0.0,2.6,2.6,2.2
5023,0.7,0.0,1.2,0.9,0.9
5024,-1.3,0.0,-0.8,-1.5,-1.0
5025,-3.2,0.0,-2.5,-3.4,-2.4
5026,-4.5,0.0,-3.5,-4.5,-3.2
5027,-5.0,0.0,-3.8,-4.8,-3.3
5028,-6.0,0.0,-4.5,-5.7,-3.9
5029,-5.5,0.0,-15.8,-4.7,-3.1
5030,-6.6,0.0,-16.7,-5.7,-3.8
5031,-6.6,0.0,-16.9,-5.5,-3.6
5032,-22.4,0.0,-18.5,-8.1,-5.0
5033,-22.5,0.0,-18.4,-7.1,-4.1
5034,-22.7,0.0,-18.4,-6.3,-3.5
5035,-22.2,0.0,-17.9,-4.8,-2.6
5036,-44.1,0.0,-35.8,-3.2,-1.6
5037,-42.8,0.0,-34.7,-2.0,-0.7
5038,-41.8,0.0,-33.9,-1.4,-0.3
5039,-40.9,0.0,-33.3,-1.1,-0.1
5040,-18.0,0.0,-1.9,-0.8,0.1
5041,-2.7,0.0,-1.5,-0.4,0.4
5042,-1.8,0.0,-0.7,0.2,0.8
5043,-1.2,0.0,-0.2,0.7,1.1
5044,-1.1,0.0,-0.2,0.5,0.9
5045,-0.7,0.0,0.1,0.7,1.0
5046,-0.8,0.0,-0.0,0.4,0.7
5047,-1.4,0.0,-0.6,-0.4,0.1
5048,-2.5,0.0,-1.7,-1.9,-1.1
5049,-4.7,0.0,-3.8,-17.5,-11.6
5050,-6.8,0.0,-5.7,-19.7,-13.2
5051,-8.5,0.0,-7.1,-21.4,-14.3
5052,-9.9,0.0,-8.0,-22.7,-15.1
5053,-10.9,0.0,-20.5,-16.5,-11.0
5054,-11.5,0.0,-20.9,-23.6,-15.6
5055,-11.8,0.0,-21.4,-24.5,-15.7
5056,-12.1,0.0,-22.1,-25.3,-15.9
5057,-11.8,0.0,-22.3,-25.1,-15.5
5058,-11.5,0.0,-22.1,-9.8,-5.2
5059,-11.2,0.0,-21.9,-9.1,-4.5
5060,-9.2,0.0,-40.4,-5.2,-2.8
5061,-7.8,0.0,-39.0,-3.8,-1.7
5062,-5.8,0.0,-36.8,-1.8,-0.3
5063,-4.4,0.0,-35.2,-0.7,0.5
5064,-4.9,0.0,-3.2,-1.4,-0.1
5065,-3.9,0.0,-2.4,-0.8,0.3
5066,-3.3,0.0,-2.0,-0.5,0.4
5067,-2.5,0.0,-1.2,0.1,0.8
5068,-1.9,0.0,-0.8,0.4,1.0
5069,-1.3,0.0,-0.3,0.7,1.2
5070,-1.4,0.0,-0.4,0.3,0.8
5071,-2.8,0.0,-1.9,-1.5,-0.7
5072,-4.5,0.0,-3.7,-3.6,-2.4
5073,-6.9,0.0,-5.9,-19.5,-13.1
5074,-8.8,0.0,-7.5,-21.4,-14.4
5075,-10.6,0.0,-8.9,-23.2,-15.6
5076,-11.7,0.0,-9.6,-24.2,-16.2
5077,-12.4,0.0,-22.3,-17.6,-11.7
5078,-13.5,0.0,-22.9,-25.3,-16.7
5079,-13.5,0.0,-23.3,-25.9,-16.7
5080,-12.8,0.0,-23.2,-25.2,-16.0
5081,-13.0,0.0,-23.7,-26.3,-16.1
5082,-12.8,0.0,-23.5,-11.2,-5.7
5083,-12.2,0.0,-23.0,-10.2,-4.8
5084,-9.3,0.0,-41.1,-4.8,-2.3
5085,-7.9,0.0,-39.6,-3.4,-1.3
5086,-6.9,0.0,-38.5,-2.6,-0.8
5087,-5.8,0.0,-37.1,-1.8,-0.2
5088,-4.8,0.0,-3.0,-0.9,0.3
5089,-3.9,0.0,-2.3,-0.5,0.6
5090,-3.1,0.0,-1.7,-0.0,0.9
5091,-2.8,0.0,-1.5,0.0,0.8
5092,-2.5,0.0,-1.3,-0.0,0.7
5093,-2.1,0.0,-1.0,0.2,0.8
5094,-1.8,0.0,-0.8,0.2,0.7
5095,-2.1,0.0,-1.1,-0.5,0.1
5096,-3.7,0.0,-3.0,-2.7,-1.8
5097,-4.5,0.0,-3.5,-17.0,-11.1
5098,-4.7,0.0,-3.4,-17.1,-11.0
5099,-4.5,0.0,-3.0,-16.6,-10.7
5100,-5.4,0.0,-3.8,-17.7,-11.5
5101,-6.2,0.0,-16.5,-11.8,-7.6
5102,-7.0,0.0,-16.8,-19.3,-12.5
5103,-7.7,0.0,-17.5,-20.5,-12.9
5104,-22.5,0.0,-17.8,-20.6,-12.8
5105,-22.1,0.0,-17.5,-19.8,-12.1
5106,-22.1,0.0,-17.3,-5.7,-2.4
5107,-22.4,0.0,-17.1,-7.2,-2.0
5108,-44.1,0.0,-34.9,-1.2,0.0
5109,-42.2,0.0,-33.6,-0.1,0.8
5110,-40.5,0.0,-32.4,0.6,1.3
5111,-39.1,0.0,-31.5,1.0,1.5
5112,-15.7,0.0,0.2,1.5,1.8
5113,-0.5,0.0,0.6,1.6,1.8
5114,0.6,0.0,1.5,2.4,2.4
5115,1.5,0.0,2.4,3.1,2.9
5116,2.1,0.0,2.9,3.5,3.0
5117,2.8,0.0,3.4,3.9,3.3
5118,2.2,0.0,2.8,3.0,2.6
5119,1.7,0.0,2.3,2.2,1.9
5120,-0.1,0.0,0.2,-0.3,-0.2
5121,-2.2,0.0,-1.7,-15.5,-10.2
5122,-4.0,0.0,-3.2,-17.3,-11.4
5123,-5.8,0.0,-4.6,-19.1,-12.6
5124,-6.1,0.0,-4.5,-19.1,-12.6
5125,-6.9,0.0,-16.7,-13.0,-8.6
5126,-8.1,0.0,-17.4,-20.7,-13.5
5127,-8.3,0.0,-18.0,-21.3,-13.6
5128,-8.5,0.0,-18.4,-22.0,-13.7
5129,-7.9,0.0,-18.4,-21.0,-13.0
5130,-8.0,0.0,-18.4,-8.1,-3.7
5131,-7.3,0.0,-17.8,-6.7,-2.5
5132,-5.4,0.0,-35.5,-2.3,-0.9
5133,-4.0,0.0,-34.1,-1.0,0.1
5134,-3.2,0.0,-33.0,-0.3,0.6
5135,-2.7,0.0,-32.4,-0.1,0.7
5136,-2.0,0.0,-0.7,0.5,1.1
5137,-1.0,0.0,0.1,1.2,1.5
5138,-0.3,0.0,0.7,1.6,1.8
5139,0.6,0.0,1.5,2.3,2.3
5140,1.3,0.0,2.1,2.7,2.5
5141,2.0,0.0,2.7,3.2,2.8
5142,1.5,0.0,2.2,2.5,2.2
5143,0.2,0.0,0.7,0.6,0.7
5144,-1.7,0.0,-1.3,-1.7,-1.2
5145,-4.2,0.0,-3.6,-17.4,-11.6
5146,-5.8,0.0,-4.9,-18.9,-12.6
5147,-7.1,0.0,-5.8,-20.2,-13.4
5148,-8.8,0.0,-7.0,-21.9,-14.5
5149,-9.0,0.0,-18.6,-14.8,-9.7
5150,-9.6,0.0,-18.7,-21.8,-14.2
5151,-10.0,0.0,-19.5,-22.8,-14.5
5152,-25.0,0.0,-20.0,-23.2,-14.4
5153,-25.5,0.0,-20.4,-24.1,-14.3
5154,-25.1,0.0,-19.8,-6.6,-3.4
5155,-24.6,0.0,-19.3,-5.9,-2.6
5156,-47.7,0.0,-37.8,-3.2,-1.4
5157,-46.3,0.0,-36.7,-2.3,-0.7
5158,-45.4,0.0,-36.1,-2.1,-0.6
5159,-44.0,0.0,-35.1,-1.4,-0.1
5160,-19.4,0.0,-2.4,-0.8,0.3
5161,-3.1,0.0,-1.7,-0.3,0.6
5162,-2.2,0.0,-0.9,0.4,1.0
5163,-1.6,0.0,-0.5,0.6,1.2
5164,-0.9,0.0,0.1,1.1,1.5
5165,-0.1,0.0,0.9,1.7,1.9
5166,0.2,0.0,1.1,1.8,1.9
5167,-1.0,0.0,-0.1,0.2,0.6
5168,-2.6,0.0,-1.8,-1.9,-1.2
5169,-4.0,0.0,-3.1,-3.4,-2.2
5170,-6.1,0.0,-5.0,-5.6,-3.8
5171,-7.6,0.0,-6.2,-7.0,-4.8
5172,-8.7,0.0,-6.9,-8.0,-5.3
5173,-9.0,0.0,-19.0,-7.8,-5.1
5174,-9.7,0.0,-19.4,-8.2,-5.3
5175,-10.4,0.0,-20.1,-9.3,-5.6
5176,-25.3,0.0,-20.3,-8.9,-5.1
5177,-25.6,0.0,-20.5,-8.6,-4.7
5178,-25.6,0.0,-20.2,-8.3,-3.9
5179,-25.4,0.0,-19.8,-7.4,-3.0
5180,-48.7,0.0,-38.5,-3.6,-1.6
5181,-47.3,0.0,-37.3,-2.6,-0.9
5182,-45.7,0.0,-36.2,-1.8,-0.3
5183,-44.4,0.0,-35.3,-1.3,-0.0
5184,-19.7,0.0,-2.5,-0.9,0.2
5185,-3.5,0.0,-2.1,-0.6,0.4
5186,-2.9,0.0,-1.6,-0.3,0.6
5187,-2.2,0.0,-1.0,0.2,0.9
5188,-1.9,0.0,-0.9,0.2,0.8
5189,-1.4,0.0,-0.4,0.5,1.0
5190,-1.7,0.0,-0.8,-0.1,0.5
5191,-1.8,0.0,-0.9,-0.3,0.2
5192,-1.6,0.0,-0.8,-0.4,0.2
5193,-1.6,0.0,-0.7,-0.3,0.1
5194,-3.3,0.0,-2.2,-2.3,-1.4
5195,-6.7,0.0,-5.5,-6.5,-4.4
5196,-8.4,0.0,-6.7,-8.0,-5.4
5197,-9.5,0.0,-19.2,-8.6,-5.8
5198,-10.4,0.0,-19.8,-9.0,-5.9
5199,-11.0,0.0,-20.7,-10.1,-6.2
5200,-26.0,0.0,-21.0,-9.7,-5.8
5201,-26.5,0.0,-21.4,-9.3,-5.4
5202,-27.4,0.0,-22.0,-10.3,-5.4
5203,-26.2,0.0,-20.7,-6.3,-3.4
5204,-49.7,0.0,-39.4,-4.3,-2.2
5205,-47.7,0.0,-37.7,-2.7,-1.0
5206,-46.5,0.0,-36.9,-2.3,-0.7
5207,-46.3,0.0,-37.0,-2.9,-1.2
5208,-21.7,0.0,-4.3,-2.6,-1.0
5209,-5.0,0.0,-3.5,-1.9,-0.6
5210,-4.3,0.0,-2.9,-1.4,-0.2
5211,-3.1,0.0,-1.8,-0.5,0.4
5212,-2.2,0.0,-1.0,0.2,0.9
5213,-1.3,0.0,-0.2,0.9,1.3
5214,-1.7,0.0,-0.7,0.2,0.7
5215,-2.8,0.0,-1.8,-1.3,-0.5
5216,-4.3,0.0,-3.4,-3.3,-2.0
5217,-5.9,0.0,-4.8,-18.3,-12.1
5218,-7.8,0.0,-6.6,-20.4,-13.6
5219,-9.1,0.0,-7.6,-21.8,-14.5
5220,-10.3,0.0,-8.3,-22.8,-15.1
5221,-11.5,0.0,-21.5,-16.9,-11.2
5222,-11.7,0.0,-21.6,-23.6,-15.6
5223,-11.7,0.0,-21.8,-23.9,-15.5
5224,-11.6,0.0,-21.9,-24.4,-15.4
5225,-10.3,0.0,-21.1,-22.8,-14.2
5226,-8.7,0.0,-19.6,-6.5,-3.0
5227,-7.0,0.0,-18.1,-3.7,-1.4
5228,-5.4,0.0,-36.4,-1.7,-0.3
5229,-4.8,0.0,-35.5,-1.2,0.0
5230,-4.1,0.0,-34.6,-0.8,0.3
5231,-3.3,0.0,-33.5,-0.2,0.7
5232,-3.2,0.0,-1.9,-0.4,0.5
5233,-2.7,0.0,-1.5,-0.2,0.5
5234,-1.9,0.0,-0.8,0.3,0.9
5235,-1.3,0.0,-0.2,0.8,1.2
5236,-1.0,0.0,-0.1,0.7,1.1
5237,-1.0,0.0,-0.2,0.5,0.9
5238,-0.8,0.0,-0.0,0.6,0.8
5239,-1.1,0.0,-0.3,-0.0,0.4
5240,-2.2,0.0,-1.4,-1.5,-0.8
5241,-2.9,0.0,-1.9,-15.4,-9.9
5242,-3.8,0.0,-2.7,-16.4,-10.7
5243,-4.7,0.0,-3.5,-17.4,-11.4
5244,-4.8,0.0,-3.5,-17.3,-11.3
5245,-4.6,0.0,-15.1,-10.2,-6.6
5246,-6.4,0.0,-16.4,-19.0,-12.4
5247,-7.9,0.0,-17.5,-21.1,-13.4
5248,-7.9,0.0,-17.9,-21.5,-13.3
5249,-7.1,0.0,-17.7,-19.6,-12.4
5250,-7.6,0.0,-18.1,-7.5,-3.6
5251,-6.7,0.0,-17.4,-5.4,-2.5
5252,-4.9,0.0,-34.7,-2.1,-0.8
5253,-4.0,0.0,-33.8,-1.3,-0.2
5254,-3.5,0.0,-33.2,-1.0,-0.0
5255,-3.3,0.0,-32.8,-0.9,-0.0
5256,-2.9,0.0,-1.7,-0.6,0.2
5257,-1.9,0.0,-0.9,0.1,0.7
5258,-1.7,0.0,-0.7,0.1,0.6
5259,-1.0,0.0,-0.1,0.6,1.0
5260,-0.5,0.0,0.4,1.0,1.2
5261,-0.2,0.0,0.5,1.0,1.2
5262,-0.4,0.0,0.3,0.6,0.8
5263,-1.6,0.0,-1.0,-1.0,-0.5
5264,-3.0,0.0,-2.3,-2.7,-1.8
5265,-5.0,0.0,-4.4,-18.1,-12.1
5266,-6.4,0.0,-5.5,-19.5,-13.0
5267,-7.9,0.0,-6.5,-20.9,-13.9
5268,-9.3,0.0,-7.5,-22.2,-14.8
5269,-10.4,0.0,-20.1,-16.2,-10.7
5270,-11.6,0.0,-20.9,-23.8,-15.7
5271,-12.1,0.0,-21.7,-24.9,-16.0
5272,-27.8,0.0,-22.3,-25.7,-16.0
5273,-28.4,0.0,-22.9,-26.1,-15.8
5274,-29.1,0.0,-23.1,-11.4,-5.7
5275,-29.2,0.0,-22.8,-10.5,-4.7
5276,-52.7,0.0,-41.0,-4.4,-2.0
5277,-51.0,0.0,-39.7,-3.3,-1.3
5278,-50.1,0.0,-39.2,-3.4,-1.4
5279,-49.0,0.0,-38.5,-3.1,-1.2
5280,-23.1,0.0,-4.8,-2.7,-1.0
5281,-5.9,0.0,-4.2,-2.3,-0.7
5282,-5.4,0.0,-3.9,-2.1,-0.6
5283,-4.9,0.0,-3.4,-1.8,-0.5
5284,-4.3,0.0,-2.9,-1.5,-0.3
5285,-3.9,0.0,-2.6,-1.3,-0.2
5286,-3.6,0.0,-2.4,-1.2,-0.2
5287,-4.4,0.0,-3.3,-2.5,-1.3
5288,-6.0,0.0,-5.1,-4.6,-3.0
5289,-7.8,0.0,-6.8,-20.2,-13.5
5290,-9.4,0.0,-8.1,-21.8,-14.6
5291,-10.9,0.0,-9.2,-23.3,-15.5
5292,-12.1,0.0,-9.9,-24.3,-16.2
5293,-13.2,0.0,-23.3,-18.2,-12.0
5294,-14.0,0.0,-23.8,-25.6,-16.9
5295,-14.3,0.0,-24.3,-26.5,-17.1
5296,-14.4,0.0,-24.8,-27.4,-17.1
5297,-13.9,0.0,-24.8,-26.6,-16.5
5298,-13.7,0.0,-24.6,-12.0,-6.1
5299,-12.0,0.0,-23.3,-7.6,-4.2
5300,-10.2,0.0,-42.3,-5.4,-2.8
5301,-9.4,0.0,-41.4,-4.8,-2.4
5302,-8.9,0.0,-40.8,-4.5,-2.2
5303,-8.3,0.0,-40.0,-4.0,-1.9
5304,-7.7,0.0,-5.8,-3.6,-1.6
5305,-7.3,0.0,-5.6,-3.6,-1.6
5306,-6.5,0.0,-4.8,-2.9,-1.2
5307,-5.8,0.0,-4.2,-2.5,-1.0
5308,-5.0,0.0,-3.6,-2.0,-0.6
5309,-4.2,0.0,-2.8,-1.4,-0.2
5310,-4.2,0.0,-2.9,-1.6,-0.5
5311,-4.8,0.0,-3.7,-2.8,-1.5
5312,-6.6,0.0,-5.7,-5.1,-3.4
5313,-7.3,0.0,-6.0,-19.4,-12.8
5314,-8.9,0.0,-7.5,-21.2,-14.1
5315,-9.7,0.0,-7.9,-21.8,-14.5
5316,-9.4,0.0,-7.5,-21.1,-13.9
5317,-8.5,0.0,-19.5,-12.9,-8.4
5318,-10.5,0.0,-21.0,-22.2,-14.7
5319,-6.4,0.0,-17.5,-17.6,-11.2
5320,-20.0,0.0,-15.6,-15.5,-9.6
5321,-19.1,0.0,-14.9,-14.8,-9.1
5322,-18.1,0.0,-14.1,-0.1,0.7
5323,-17.8,0.0,-14.0,-0.3,0.5
5324,-39.6,0.0,-32.2,-0.2,0.5
5325,-38.7,0.0,-31.8,-0.1,0.5
5326,-37.8,0.0,-31.2,0.2,0.7
5327,-37.0,0.0,-30.7,0.3,0.8
5328,-15.2,0.0,-0.3,0.5,0.9
5329,-0.8,0.0,-0.0,0.6,0.9
5330,-0.3,0.0,0.4,0.9,1.1
5331,-0.2,0.0,0.4,0.9,1.0
5332,0.0,0.0,0.6,0.9,1.0
5333,0.2,0.0,0.7,0.9,0.9
5334,0.4,0.0,0.9,1.0,1.0
5335,0.2,0.0,0.7,0.6,0.6
5336,-0.1,0.0,0.3,0.1,0.3
5337,-1.3,0.0,-0.6,-1.2,-0.7
5338,-2.6,0.0,-1.7,-2.6,-1.8
5339,-4.2,0.0,-3.2,-4.5,-3.1
5340,-6.3,0.0,-4.9,-6.6,-4.5
5341,-7.0,0.0,-16.9,-6.8,-4.6
5342,-7.3,0.0,-17.0,-6.6,-4.4
5343,-7.9,0.0,-17.5,-7.6,-4.6
5344,-22.3,0.0,-18.1,-7.8,-4.5
5345,-23.1,0.0,-18.7,-9.4,-4.5
5346,-23.7,0.0,-18.9,-9.5,-3.9
5347,-23.6,0.0,-18.3,-8.5,-2.6
5348,-45.3,0.0,-35.8,-1.5,-0.1
5349,-42.7,0.0,-33.7,0.3,1.2
5350,-41.7,0.0,-33.2,0.2,1.0
5351,-41.0,0.0,-32.9,-0.1,0.7
5352,-17.5,0.0,-1.2,0.1,0.8
5353,-1.9,0.0,-0.7,0.4,1.0
5354,-1.3,0.0,-0.2,0.8,1.2
5355,-0.6,0.0,0.4,1.3,1.5
5356,-0.3,0.0,0.6,1.3,1.5
5357,-0.7,0.0,0.1,0.7,1.0
5358,-0.6,0.0,0.2,0.6,0.9
5359,-1.2,0.0,-0.4,-0.3,0.1
5360,-3.2,0.0,-2.7,-2.9,-2.0
5361,-4.0,0.0,-3.1,-3.5,-2.4
5362,-4.5,0.0,-3.3,-3.9,-2.5
5363,-3.3,0.0,-2.2,-2.2,-1.3
5364,-3.7,0.0,-2.5,-2.6,-1.6
5365,-2.1,0.0,-12.8,-0.8,-0.2
5366,-2.3,0.0,-12.9,-1.1,-0.4
5367,-1.9,0.0,-12.6,-0.8,-0.2
5368,-16.6,0.0,-13.6,-2.6,-1.4
5369,-15.1,0.0,-12.2,-0.3,0.2
5370,-14.9,0.0,-12.1,-0.1,0.4
5371,-14.5,0.0,-11.8,0.1,0.6
5372,-34.1,0.0,-28.9,0.8,1.0
5373,-33.4,0.0,-28.4,1.0,1.2
5374,-32.6,0.0,-27.7,1.5,1.5
5375,-32.0,0.0,-27.4,1.6,1.5
5376,-12.1,0.0,1.5,1.7,1.6
5377,1.5,0.0,2.0,2.2,1.9
5378,1.7,0.0,2.1,2.2,1.9
5379,2.0,0.0,2.4,2.4,2.0
5380,2.4,0.0,2.8,2.6,2.2
5381,2.6,0.0,2.9,2.7,2.2
5382,2.7,0.0,3.0,2.7,2.1
5383,2.8,0.0,3.0,2.6,2.0
5384,2.7,0.0,2.9,2.4,1.9
5385,2.2,0.0,2.6,-10.8,-6.7
5386,2.1,0.0,2.5,-11.0,-6.8
5387,1.7,0.0,2.1,-11.5,-7.1
5388,-1.0,0.0,-0.2,-14.7,-9.5
5389,0.3,0.0,-9.9,-6.5,-4.0
5390,0.5,0.0,-9.6,-12.7,-7.9
5391,0.8,0.0,-9.5,-12.1,-7.6
5392,1.3,0.0,-9.0,-11.6,-7.1
5393,1.0,0.0,-9.3,-12.0,-7.4
5394,1.7,0.0,-8.7,1.8,1.5
5395,2.2,0.0,-8.2,2.3,1.9
5396,2.4,0.0,-24.4,2.5,2.0
5397,2.5,0.0,-24.1,2.6,2.0
5398,2.7,0.0,-23.9,2.7,2.1
5399,2.7,0.0,-23.8,2.7,2.1
5400,2.5,0.0,2.8,2.4,1.9
5401,2.7,0.0,2.9,2.4,1.8
5402,2.6,0.0,2.8,2.2,1.7
5403,2.9,0.0,3.0,2.4,1.8
5404,3.1,0.0,3.2,2.5,1.9
5405,3.5,0.0,3.6,2.9,2.2
5406,3.4,0.0,3.5,2.7,2.0
5407,2.4,0.0,2.2,1.3,0.7
5408,1.7,0.0,1.8,0.5,0.3
5409,1.5,0.0,1.9,-11.9,-7.5
5410,-1.2,0.0,-0.7,-15.0,-9.8
5411,-1.9,0.0,-1.1,-15.6,-10.1
5412,-4.0,0.0,-2.9,-17.9,-11.7
5413,-4.4,0.0,-13.9,-11.4,-7.5
5414,-4.7,0.0,-14.2,-17.8,-11.5
5415,-5.2,0.0,-14.8,-18.5,-11.8
5416,-5.5,0.0,-15.0,-20.1,-11.9
5417,-3.8,0.0,-14.1,-16.1,-10.1
5418,-2.5,0.0,-13.1,-1.1,-0.2
5419,-2.4,0.0,-12.9,-0.9,-0.1
5420,-1.0,0.0,-29.3,0.6,1.0
5421,-0.2,0.0,-28.4,1.4,1.5
5422,0.2,0.0,-27.8,1.7,1.7
5423,1.1,0.0,-26.8,2.4,2.3
5424,1.6,0.0,2.4,2.7,2.5
5425,2.7,0.0,3.4,3.6,3.1
5426,3.4,0.0,3.9,4.1,3.4
5427,3.1,0.0,3.5,3.5,2.9
5428,2.8,0.0,3.2,3.1,2.5
5429,3.0,0.0,3.3,3.0,2.5
5430,3.1,0.0,3.4,3.0,2.4
5431,2.7,0.0,3.0,2.5,2.0
5432,1.4,0.0,1.8,0.8,0.7
5433,-0.7,0.0,-0.4,-14.3,-9.3
5434,-2.0,0.0,-1.4,-15.6,-10.2
5435,-3.6,0.0,-2.8,-17.3,-11.3
5436,-3.8,0.0,-2.5,-17.1,-11.1
5437,-5.3,0.0,-14.9,-12.1,-7.8
5438,-6.3,0.0,-15.3,-19.3,-12.4
5439,-6.0,0.0,-15.5,-19.2,-12.1
5440,-20.2,0.0,-16.5,-20.0,-12.4
5441,-19.3,0.0,-15.6,-17.4,-11.0
5442,-17.6,0.0,-14.1,-1.2,-0.2
5443,-16.4,0.0,-13.0,0.0,0.7
5444,-37.0,0.0,-30.5,0.4,0.9
5445,-36.1,0.0,-29.9,0.7,1.2
5446,-35.3,0.0,-29.4,0.9,1.2
5447,-34.6,0.0,-29.0,1.1,1.3
5448,-13.9,0.0,0.5,1.1,1.3
5449,-0.1,0.0,0.7,1.1,1.3
5450,0.2,0.0,1.0,1.3,1.4
5451,0.5,0.0,1.1,1.4,1.4
5452,0.5,0.0,1.2,1.3,1.3
5453,0.9,0.0,1.5,1.5,1.4
5454,1.2,0.0,1.7,1.7,1.5
5455,1.2,0.0,1.7,1.6,1.4
5456,1.1,0.0,1.6,1.3,1.2
5457,1.1,0.0,1.6,-11.5,-7.1
5458,0.7,0.0,1.3,-12.1,-7.5
5459,-0.8,0.0,0.0,-13.8,-8.8
5460,-2.1,0.0,-1.2,-15.2,-9.8
5461,-0.1,0.0,-10.4,-6.2,-3.8
5462,-2.3,0.0,-12.4,-15.4,-9.9
5463,-2.7,0.0,-12.7,-15.7,-10.1
5464,-2.3,0.0,-12.5,-15.1,-9.6
5465,-1.8,0.0,-12.2,-14.4,-9.1
5466,-2.1,0.0,-12.4,-1.9,-0.8
5467,-1.0,0.0,-11.5,-0.1,0.3
5468,0.2,0.0,-27.5,1.2,1.3
5469,1.8,0.0,-25.8,2.8,2.5
5470,2.3,0.0,-25.1,3.2,2.7
5471,2.4,0.0,-24.9,3.1,2.6
5472,2.2,0.0,2.8,2.8,2.3
5473,2.4,0.0,2.9,2.7,2.3
5474,2.6,0.0,2.9,2.7,2.2
5475,2.9,0.0,3.2,2.9,2.3
5476,3.7,0.0,3.9,3.6,2.8
5477,4.2,0.0,4.4,4.0,3.1
5478,4.0,0.0,4.2,3.6,2.8
5479,2.8,0.0,2.9,2.0,1.5
5480,1.7,0.0,1.7,0.6,0.3
5481,0.6,0.0,1.0,-12.9,-8.2
5482,-0.9,0.0,-0.4,-14.6,-9.4
5483,-2.4,0.0,-1.7,-16.2,-10.5
5484,-3.7,0.0,-2.5,-17.4,-11.3
5485,-4.3,0.0,-13.8,-11.2,-7.2
5486,-4.8,0.0,-14.4,-17.8,-11.5
5487,-5.8,0.0,-15.1,-19.4,-12.1
5488,-18.9,0.0,-15.4,-19.0,-11.8
5489,-18.8,0.0,-15.3,-18.4,-11.2
5490,-19.3,0.0,-15.7,-5.2,-2.2
5491,-19.2,0.0,-15.3,-2.7,-1.4
5492,-39.4,0.0,-32.4,-1.1,-0.1
5493,-37.9,0.0,-31.2,0.1,0.7
5494,-37.4,0.0,-30.9,-0.0,0.6
5495,-36.7,0.0,-30.4,0.2,0.8
5496,-15.4,0.0,-0.5,0.2,0.7
5497,-0.9,0.0,0.0,0.6,1.0
5498,-0.5,0.0,0.4,0.9,1.2
5499,0.1,0.0,0.9,1.4,1.5
5500,0.6,0.0,1.4,1.7,1.7
5501,0.9,0.0,1.6,1.8,1.7
5502,0.9,0.0,1.5,1.6,1.5
5503,0.5,0.0,1.1,1.0,1.0
5504,-0.1,0.0,0.5,0.2,0.4
5505,-0.9,0.0,-0.2,-0.6,-0.2
5506,-3.1,0.0,-2.2,-3.1,-2.1
5507,-4.6,0.0,-3.6,-4.9,-3.3
5508,-5.9,0.0,-4.5,-6.0,-4.0
5509,-7.2,0.0,-16.8,-7.0,-4.6
5510,-7.3,0.0,-16.8,-6.6,-4.2
5511,-7.6,0.0,-17.4,-6.9,-4.2
5512,-21.1,0.0,-17.1,-5.9,-3.4
5513,-21.1,0.0,-17.1,-5.0,-2.8
5514,-20.0,0.0,-16.1,-2.9,-1.4
5515,-19.7,0.0,-15.8,-2.4,-1.0
5516,-39.4,0.0,-31.9,0.2,0.9
5517,-38.6,0.0,-31.4,0.2,0.9
5518,-37.5,0.0,-30.8,0.6,1.1
5519,-36.7,0.0,-30.2,0.7,1.2
5520,-15.0,0.0,0.0,0.9,1.2
5521,-0.5,0.0,0.4,1.1,1.4
5522,0.1,0.0,0.9,1.5,1.6
5523,0.5,0.0,1.2,1.7,1.7
5524,0.7,0.0,1.4,1.7,1.7
5525,0.9,0.0,1.6,1.8,1.7
5526,1.3,0.0,1.8,1.9,1.8
5527,0.9,0.0,1.4,1.3,1.2
5528,0.2,0.0,0.8,0.3,0.4
5529,-0.0,0.0,0.7,0.3,0.4
5530,0.3,0.0,1.0,0.7,0.8
5531,-0.7,0.0,0.2,-0.6,-0.2
5532,-1.2,0.0,-0.3,-1.2,-0.6
5533,-3.8,0.0,-13.4,-4.2,-2.6
5534,-4.2,0.0,-14.0,-4.0,-2.6
5535,-5.0,0.0,-14.7,-5.1,-3.1
5536,-18.5,0.0,-15.0,-6.1,-3.0
5537,-17.8,0.0,-14.4,-3.4,-1.6
5538,-17.5,0.0,-14.1,-2.2,-0.9
5539,-16.8,0.0,-13.4,-0.9,-0.1
5540,-36.5,0.0,-30.2,0.3,0.9
5541,-35.3,0.0,-29.4,1.0,1.4
5542,-34.3,0.0,-28.6,1.5,1.6
5543,-33.4,0.0,-28.0,1.7,1.8
5544,-12.4,0.0,1.7,2.2,2.1
5545,1.4,0.0,2.1,2.5,2.3
5546,1.6,0.0,2.2,2.5,2.2
5547,2.0,0.0,2.5,2.6,2.3
5548,2.4,0.0,2.9,2.9,2.5
5549,2.6,0.0,3.0,2.9,2.4
5550,2.7,0.0,3.1,2.9,2.4
5551,2.6,0.0,3.0,2.6,2.1
5552,2.5,0.0,2.9,2.3,1.9
5553,2.0,0.0,2.5,-10.9,-6.7
5554,1.0,0.0,1.7,-12.2,-7.6
5555,0.8,0.0,1.4,-12.4,-7.7
5556,-0.6,0.0,0.2,-14.0,-8.9
5557,-0.5,0.0,-10.4,-7.3,-4.5
5558,-0.1,0.0,-10.1,-13.1,-8.2
5559,-0.5,0.0,-10.5,-13.5,-8.5
5560,-0.8,0.0,-10.9,-14.0,-8.7
5561,-0.8,0.0,-10.9,-13.8,-8.6
5562,0.2,0.0,-10.2,0.5,0.7
5563,1.8,0.0,-8.7,2.4,2.1
5564,2.5,0.0,-24.7,3.0,2.5
5565,2.7,0.0,-24.3,3.2,2.6
5566,3.2,0.0,-23.7,3.6,2.9
5567,3.9,0.0,-22.8,4.2,3.3
5568,4.3,0.0,4.7,4.4,3.5
5569,4.6,0.0,4.8,4.4,3.4
5570,5.4,0.0,5.6,5.1,3.9
5571,5.5,0.0,5.6,5.0,3.8
5572,5.8,0.0,5.9,5.2,3.9
5573,5.5,0.0,5.5,4.8,3.5
5574,5.6,0.0,5.6,4.7,3.5
5575,4.8,0.0,4.8,3.7,2.7
5576,5.1,0.0,5.1,4.0,2.9
5577,5.0,0.0,5.1,-8.4,-4.9
5578,4.9,0.0,4.9,-8.6,-5.1
5579,4.6,0.0,4.8,-9.0,-5.3
5580,4.2,0.0,4.4,-9.4,-5.6
5581,1.6,0.0,-8.0,-6.2,-3.9
5582,-0.1,0.0,-9.3,-14.1,-9.0
5583,1.0,0.0,-8.5,-12.9,-8.0
5584,0.9,0.0,-8.7,-13.5,-7.9
5585,0.1,0.0,-9.6,-16.3,-8.7
5586,0.5,0.0,-9.5,-2.7,0.3
5587,1.8,0.0,-8.5,2.3,2.0
5588,4.2,0.0,-22.7,4.8,3.9
5589,5.5,0.0,-21.3,5.9,4.7
5590,6.3,0.0,-20.1,6.6,5.2
5591,6.8,0.0,-19.4,6.8,5.3
5592,7.6,0.0,7.8,7.4,5.6
5593,7.3,0.0,7.4,6.7,5.1
5594,7.1,0.0,7.1,6.3,4.7
5595,7.1,0.0,7.1,6.2,4.6
5596,7.2,0.0,7.1,6.1,4.5
5597,7.9,0.0,7.7,6.7,4.9
5598,7.9,0.0,7.7,6.6,4.8
5599,6.9,0.0,6.7,5.3,3.8
5600,6.6,0.0,6.4,4.9,3.5
5601,5.6,0.0,5.6,-8.2,-4.8
5602,4.3,0.0,4.5,-9.6,-5.9
5603,1.7,0.0,2.0,-12.8,-8.1
5604,0.0,0.0,0.7,-14.5,-9.2
5605,-1.0,0.0,-10.2,-8.9,-5.7
5606,-1.8,0.0,-10.7,-15.7,-9.9
5607,-2.0,0.0,-11.1,-16.0,-9.9
5608,-13.9,0.0,-11.5,-16.7,-9.9
5609,-14.1,0.0,-11.8,-16.1,-9.4
5610,-13.8,0.0,-11.4,-1.8,-0.1
5611,-12.4,0.0,-9.8,1.5,1.6
5612,-29.9,0.0,-25.5,3.1,2.8
5613,-28.5,0.0,-24.4,3.9,3.4
5614,-27.7,0.0,-23.9,4.0,3.4
5615,-26.1,0.0,-22.6,5.0,4.1
5616,-7.1,0.0,5.4,5.3,4.3
5617,5.3,0.0,5.7,5.5,4.3
5618,6.0,0.0,6.3,6.0,4.7
5619,6.3,0.0,6.5,6.0,4.7
5620,5.9,0.0,6.0,5.4,4.1
5621,5.9,0.0,6.0,5.3,4.0
5622,6.0,0.0,6.0,5.2,3.9
5623,5.8,0.0,5.8,4.9,3.7
5624,5.6,0.0,5.6,4.5,3.4
5625,5.4,0.0,5.5,-8.0,-4.6
5626,5.0,0.0,5.1,-8.5,-5.0
5627,4.4,0.0,4.7,-9.1,-5.4
5628,3.1,0.0,3.5,-10.6,-6.5
5629,-0.1,0.0,-9.3,-8.1,-5.2
5630,-1.7,0.0,-10.2,-15.7,-9.8
5631,-2.0,0.0,-11.0,-16.3,-10.0
5632,-2.9,0.0,-12.3,-18.0,-10.6
5633,-2.4,0.0,-12.3,-16.3,-9.8
5634,-2.3,0.0,-12.4,-3.8,-1.2
5635,-1.3,0.0,-11.6,-0.4,0.1
5636,0.2,0.0,-27.2,1.3,1.4
5637,1.7,0.0,-25.6,2.8,2.5
5638,2.0,0.0,-25.2,3.0,2.6
5639,1.6,0.0,-25.4,2.4,2.1
5640,1.8,0.0,2.5,2.5,2.2
5641,3.3,0.0,3.8,3.7,3.1
5642,3.3,0.0,3.7,3.5,2.9
5643,3.2,0.0,3.6,3.3,2.7
5644,3.8,0.0,4.2,3.8,3.1
5645,3.8,0.0,4.1,3.7,2.9
5646,3.8,0.0,4.1,3.5,2.8
5647,3.7,0.0,3.9,3.3,2.5
5648,2.6,0.0,2.9,1.8,1.4
5649,1.5,0.0,2.0,-11.9,-7.4
5650,0.2,0.0,0.9,-13.2,-8.4
5651,-0.8,0.0,-0.0,-14.3,-9.1
5652,-2.2,0.0,-1.1,-15.9,-10.2
5653,-2.4,0.0,-12.0,-9.4,-5.9
5654,-0.2,0.0,-10.3,-12.9,-8.0
5655,2.7,0.0,-7.7,-9.6,-5.5
5656,-13.3,0.0,-11.0,-14.7,-9.0
5657,-12.9,0.0,-10.7,-13.5,-8.2
5658,-11.7,0.0,-9.5,1.4,1.5
5659,-11.2,0.0,-9.1,2.0,1.9
5660,-29.3,0.0,-25.5,2.5,2.2
5661,-28.7,0.0,-25.1,2.7,2.3
5662,-28.3,0.0,-24.8,2.7,2.3
5663,-27.6,0.0,-24.4,3.0,2.5
5664,-9.1,0.0,3.3,3.2,2.6
5665,3.3,0.0,3.7,3.4,2.8
5666,3.6,0.0,3.9,3.6,2.9
5667,3.9,0.0,4.1,3.7,2.9
5668,4.1,0.0,4.3,3.8,3.0
5669,4.3,0.0,4.5,3.9,3.0
5670,4.6,0.0,4.8,4.1,3.1
5671,4.3,0.0,4.4,3.6,2.7
5672,4.1,0.0,4.3,3.3,2.5
5673,4.4,0.0,4.6,3.7,2.8
5674,4.2,0.0,4.4,3.5,2.6
5675,2.5,0.0,3.0,1.4,1.1
5676,-0.2,0.0,0.6,-1.8,-1.2
5677,-0.1,0.0,-9.7,-1.2,-0.7
5678,-0.6,0.0,-10.0,-1.5,-0.8
5679,-0.4,0.0,-10.2,-0.9,-0.4
5680,-13.5,0.0,-11.1,-3.8,-1.4
5681,-14.0,0.0,-11.6,-4.9,-1.2
5682,-14.4,0.0,-11.8,-5.0,-0.6
5683,-13.3,0.0,-10.5,1.4,1.6
5684,-31.9,0.0,-26.9,2.3,2.2
5685,-31.0,0.0,-26.3,2.7,2.5
5686,-30.0,0.0,-25.6,3.0,2.7
5687,-29.4,0.0,-25.3,3.0,2.6
5688,-9.9,0.0,3.2,3.3,2.8
5689,2.6,0.0,3.2,3.2,2.7
5690,3.0,0.0,3.5,3.4,2.8
5691,3.2,0.0,3.6,3.3,2.7
5692,3.8,0.0,4.2,3.9,3.1
5693,3.8,0.0,4.1,3.7,2.9
5694,3.9,0.0,4.1,3.6,2.9
5695,3.4,0.0,3.6,2.9,2.3
5696,2.7,0.0,3.0,2.0,1.6
5697,2.4,0.0,2.8,1.8,1.4
5698,1.9,0.0,2.4,1.2,1.0
5699,0.0,0.0,0.7,-1.0,-0.6
5700,0.7,0.0,1.5,0.1,0.2
5701,-1.1,0.0,-10.8,-1.9,-1.1
5702,-1.0,0.0,-10.4,-1.6,-0.7
5703,-1.2,0.0,-10.9,-1.6,-0.7
5704,-14.1,0.0,-11.3,-4.1,-1.2
5705,-13.5,0.0,-10.9,-1.6,0.1
5706,-12.8,0.0,-10.2,0.8,1.2
5707,-12.1,0.0,-9.6,1.9,1.9
5708,-29.7,0.0,-25.3,3.3,2.9
5709,-28.2,0.0,-24.2,4.1,3.5
5710,-27.6,0.0,-23.9,4.0,3.3
5711,-27.4,0.0,-24.0,3.5,2.9
5712,-8.9,0.0,3.6,3.5,2.9
5713,3.3,0.0,3.7,3.5,2.8
5714,3.5,0.0,3.8,3.5,2.8
5715,3.7,0.0,4.0,3.6,2.8
5716,3.7,0.0,3.9,3.4,2.7
5717,3.9,0.0,4.1,3.5,2.7
5718,4.0,0.0,4.1,3.5,2.7
5719,4.0,0.0,4.1,3.4,2.6
5720,4.2,0.0,4.4,3.5,2.7
5721,4.1,0.0,4.3,-9.1,-5.4
5722,4.1,0.0,4.3,-9.1,-5.4
5723,4.0,0.0,4.3,-9.2,-5.5
5724,4.0,0.0,4.2,-9.3,-5.5
5725,3.9,0.0,-6.1,-3.1,-1.6
5726,4.0,0.0,-6.1,-9.3,-5.5
5727,3.9,0.0,-6.2,-9.4,-5.6
5728,4.0,0.0,-6.1,-9.3,-5.5
5729,3.9,0.0,-6.2,-9.4,-5.6
5730,3.8,0.0,-6.3,3.0,2.2
5731,3.9,0.0,-6.2,3.2,2.3
5732,4.1,0.0,-21.5,3.4,2.5
5733,4.1,0.0,-21.5,3.4,2.5
5734,4.0,0.0,-21.5,3.3,2.5
5735,4.0,0.0,-21.6,3.3,2.4
5736,4.1,0.0,4.2,3.4,2.5
5737,4.9,0.0,5.0,4.1,3.0
5738,5.8,0.0,5.8,4.9,3.7
5739,6.0,0.0,5.9,5.0,3.7
5740,6.1,0.0,6.0,5.0,3.7
5741,6.2,0.0,6.1,5.0,3.6
5742,7.1,0.0,6.9,5.8,4.3
5743,6.0,0.0,5.9,4.5,3.2
5744,4.1,0.0,3.8,2.2,1.3
5745,2.5,0.0,2.3,-11.8,-7.5
5746,1.2,0.0,1.4,-13.0,-8.3
5747,0.5,0.0,1.0,-13.4,-8.6
5748,0.6,0.0,1.3,-13.2,-8.3
5749,-1.3,0.0,-10.6,-9.1,-5.7
5750,-2.0,0.0,-11.0,-15.7,-9.8
5751,-1.9,0.0,-11.0,-15.9,-9.5
5752,-1.6,0.0,-11.2,-15.7,-9.2
5753,-1.3,0.0,-11.3,-17.0,-9.1
5754,-0.6,0.0,-10.9,-3.0,0.3
5755,1.2,0.0,-9.2,2.6,2.5
5756,3.0,0.0,-24.5,4.3,3.8
5757,3.9,0.0,-23.4,5.0,4.2
5758,4.4,0.0,-22.6,5.3,4.4
5759,5.4,0.0,-21.4,6.1,4.9
5760,6.1,0.0,6.6,6.5,5.1
5761,6.9,0.0,7.2,6.9,5.4
5762,7.1,0.0,7.3,6.8,5.3
5763,7.3,0.0,7.4,6.8,5.2
5764,7.1,0.0,7.1,6.4,4.9
5765,7.4,0.0,7.4,6.6,4.9
5766,7.1,0.0,7.1,6.1,4.6
5767,6.2,0.0,6.1,4.9,3.6
5768,4.6,0.0,4.4,3.0,2.0
5769,2.1,0.0,1.7,-12.3,-7.9
5770,0.6,0.0,0.6,-13.7,-8.8
5771,-0.6,0.0,-0.2,-14.9,-9.5
5772,0.0,0.0,0.8,-13.6,-8.6
5773,1.8,0.0,-8.3,-4.9,-2.8
5774,0.4,0.0,-9.4,-12.7,-7.9
5775,-0.2,0.0,-10.0,-13.4,-8.4
5776,-11.2,0.0,-9.5,-12.5,-7.7
5777,-10.6,0.0,-9.0,-11.5,-7.0
5778,-9.8,0.0,-8.2,2.4,2.1
5779,-9.5,0.0,-7.9,2.7,2.2
5780,-26.9,0.0,-24.0,3.0,2.5
5781,-26.6,0.0,-23.8,2.9,2.4
5782,-26.1,0.0,-23.4,3.2,2.6
5783,-25.5,0.0,-23.0,3.5,2.8
5784,-8.0,0.0,3.9,3.5,2.8
5785,4.1,0.0,4.4,3.9,3.1
5786,5.0,0.0,5.2,4.7,3.7
5787,5.5,0.0,5.6,5.0,3.9
5788,5.5,0.0,5.6,5.0,3.8
5789,5.7,0.0,5.7,5.0,3.7
5790,5.7,0.0,5.7,4.9,3.6
5791,5.3,0.0,5.3,4.3,3.1
5792,5.5,0.0,5.5,4.4,3.3
5793,4.2,0.0,4.5,-9.3,-5.5
5794,1.8,0.0,1.9,-12.4,-7.8
5795,1.1,0.0,1.6,-13.0,-8.1
5796,0.5,0.0,1.3,-13.5,-8.4
5797,0.8,0.0,-8.8,-6.5,-3.9
5798,2.7,0.0,-7.3,-10.4,-6.2
5799,2.6,0.0,-7.4,-10.4,-6.2
5800,3.2,0.0,-6.8,-9.8,-5.7
5801,1.7,0.0,-8.2,-12.6,-7.1
5802,2.6,0.0,-7.5,1.5,1.9
5803,3.0,0.0,-7.1,3.1,2.5
5804,4.0,0.0,-22.3,4.0,3.2
5805,4.1,0.0,-22.1,4.1,3.2
5806,4.3,0.0,-21.8,4.2,3.2
5807,4.5,0.0,-21.5,4.3,3.3
5808,5.0,0.0,5.3,4.8,3.6
5809,5.4,0.0,5.6,4.9,3.7
5810,5.7,0.0,5.7,5.0,3.8
5811,6.0,0.0,6.1,5.2,3.9
5812,6.1,0.0,6.1,5.2,3.9
5813,5.9,0.0,5.9,4.9,3.6
5814,6.0,0.0,5.9,4.9,3.6
5815,6.1,0.0,6.0,4.9,3.6
5816,5.5,0.0,5.4,4.0,2.9
5817,5.5,0.0,5.5,-8.0,-4.6
5818,3.4,0.0,3.6,-10.6,-6.5
5819,2.6,0.0,3.0,-11.5,-7.1
5820,1.5,0.0,2.1,-12.6,-7.9
5821,0.4,0.0,-9.0,-7.4,-4.6
5822,0.4,0.0,-9.0,-13.3,-8.3
5823,-0.4,0.0,-9.7,-14.4,-8.8
5824,-10.5,0.0,-8.8,-12.2,-7.4
5825,-10.1,0.0,-8.4,-11.2,-6.7
5826,-10.1,0.0,-8.5,1.6,1.6
5827,-9.5,0.0,-7.8,2.6,2.2
5828,-25.9,0.0,-23.0,3.9,3.2
5829,-24.5,0.0,-21.9,4.8,3.9
5830,-23.6,0.0,-21.3,5.1,4.0
5831,-23.3,0.0,-21.3,4.8,3.7
5832,-6.2,0.0,5.2,4.7,3.6
5833,5.0,0.0,5.2,4.5,3.5
5834,5.7,0.0,5.9,5.2,3.9
5835,6.3,0.0,6.3,5.6,4.2
5836,6.8,0.0,6.8,6.0,4.5
5837,7.2,0.0,7.2,6.3,4.7
5838,7.3,0.0,7.2,6.2,4.6
5839,5.9,0.0,5.8,4.6,3.3
5840,3.8,0.0,3.6,2.0,1.3
5841,1.4,0.0,1.1,-0.6,-0.7
5842,-0.9,0.0,-0.9,-2.9,-2.2
5843,-3.2,0.0,-2.9,-5.2,-3.7
5844,-4.8,0.0,-3.9,-6.4,-4.4
5845,-5.9,0.0,-15.3,-6.9,-4.6
5846,-6.9,0.0,-15.9,-7.3,-4.7
5847,-7.3,0.0,-16.5,-7.9,-4.6
5848,-21.0,0.0,-17.2,-8.6,-4.5
5849,-21.7,0.0,-17.9,-9.1,-4.2
5850,-22.3,0.0,-18.3,-9.4,-3.7
5851,-21.7,0.0,-17.2,-3.4,-1.6
5852,-43.2,0.0,-34.8,-1.9,-0.5
5853,-42.0,0.0,-33.9,-1.2,0.0
5854,-41.1,0.0,-33.3,-0.9,0.2
5855,-39.9,0.0,-32.4,-0.3,0.6
5856,-16.8,0.0,-0.8,0.4,1.1
5857,-1.0,0.0,0.3,1.3,1.8
5858,-0.1,0.0,1.1,2.0,2.2
5859,1.0,0.0,2.0,2.8,2.8
5860,2.2,0.0,3.2,3.9,3.5
5861,3.5,0.0,4.3,4.9,4.2
5862,4.2,0.0,4.9,5.3,4.4
5863,3.4,0.0,4.1,4.1,3.5
5864,1.8,0.0,2.3,2.0,1.8
5865,-0.8,0.0,-0.2,-0.9,-0.4
5866,-2.4,0.0,-1.7,-2.7,-1.7
5867,-3.9,0.0,-3.0,-4.2,-2.7
5868,-5.4,0.0,-4.2,-5.6,-3.6
5869,-6.8,0.0,-16.6,-6.8,-4.3
5870,-7.3,0.0,-16.9,-6.8,-4.2
5871,-7.8,0.0,-17.4,-7.3,-4.3
5872,-22.3,0.0,-18.1,-8.0,-4.3
5873,-22.3,0.0,-18.1,-7.2,-3.5
5874,-22.0,0.0,-17.6,-6.1,-2.5
5875,-20.7,0.0,-16.2,-2.3,-0.8
5876,-42.3,0.0,-34.0,-1.0,0.2
5877,-40.6,0.0,-32.6,0.0,0.9
5878,-39.0,0.0,-31.3,0.9,1.5
5879,-37.3,0.0,-30.1,1.7,2.1
5880,-14.4,0.0,1.1,2.2,2.3
5881,0.7,0.0,1.7,2.6,2.6
5882,1.5,0.0,2.4,3.2,3.0
5883,1.5,0.0,2.4,2.9,2.7
5884,2.1,0.0,2.8,3.3,2.9
5885,2.7,0.0,3.4,3.7,3.1
5886,2.9,0.0,3.5,3.7,3.1
5887,2.7,0.0,3.2,3.2,2.7
5888,1.3,0.0,1.7,1.2,1.1
5889,-1.2,0.0,-0.9,-14.5,-9.3
5890,-3.7,0.0,-3.2,-17.2,-11.2
5891,-5.5,0.0,-4.7,-19.1,-12.5
5892,-7.4,0.0,-6.1,-20.9,-13.7
5893,-8.3,0.0,-18.2,-14.9,-9.7
5894,-9.1,0.0,-18.6,-21.8,-14.1
5895,-9.2,0.0,-18.9,-22.2,-14.0
5896,-9.5,0.0,-19.6,-22.9,-14.2
5897,-9.1,0.0,-19.7,-22.5,-13.7
5898,-8.3,0.0,-19.2,-7.9,-3.6
5899,-6.0,0.0,-17.0,-2.8,-1.2
5900,-3.7,0.0,-33.7,-0.4,0.6
5901,-2.5,0.0,-32.3,0.6,1.3
5902,-1.6,0.0,-31.1,1.3,1.8
5903,-1.3,0.0,-30.6,1.2,1.7
5904,-1.1,0.0,0.1,1.2,1.6
5905,-0.4,0.0,0.7,1.6,1.8
5906,0.3,0.0,1.3,2.1,2.1
5907,0.9,0.0,1.7,2.4,2.3
5908,1.5,0.0,2.3,2.8,2.6
5909,1.9,0.0,2.6,2.9,2.6
5910,2.6,0.0,3.2,3.5,3.0
5911,2.7,0.0,3.3,3.3,2.8
5912,1.3,0.0,1.8,1.4,1.3
5913,-1.1,0.0,-0.6,-14.3,-9.1
5914,-2.7,0.0,-2.1,-16.1,-10.4
5915,-4.5,0.0,-3.7,-18.1,-11.7
5916,-6.5,0.0,-5.3,-20.0,-13.1
5917,-7.4,0.0,-17.3,-14.0,-9.0
5918,-7.8,0.0,-17.4,-20.6,-13.3
5919,-7.8,0.0,-17.5,-20.7,-13.0
5920,-7.3,0.0,-17.4,-20.7,-12.6
5921,-6.4,0.0,-17.0,-20.0,-11.8
5922,-5.3,0.0,-16.2,-5.3,-1.6
5923,-3.9,0.0,-14.8,-1.1,0.0
5924,-2.6,0.0,-32.2,0.2,1.0
5925,-1.7,0.0,-31.0,0.9,1.4
5926,-0.9,0.0,-30.0,1.5,1.8
5927,-0.4,0.0,-29.2,1.8,2.0
5928,-0.0,0.0,1.1,1.9,2.0
5929,0.3,0.0,1.2,1.9,2.0
5930,1.2,0.0,2.0,2.6,2.4
5931,2.4,0.0,3.1,3.6,3.1
5932,3.6,0.0,4.2,4.6,3.8
5933,3.8,0.0,4.4,4.6,3.8
5934,3.9,0.0,4.3,4.4,3.5
5935,4.3,0.0,4.7,4.5,3.6
5936,2.6,0.0,3.0,2.4,2.0
5937,1.9,0.0,2.4,-11.0,-6.7
5938,0.5,0.0,1.1,-12.6,-7.9
5939,0.6,0.0,1.2,-12.5,-7.8
5940,-0.1,0.0,0.6,-13.2,-8.3
5941,-0.7,0.0,-10.8,-7.4,-4.7
5942,-2.2,0.0,-12.0,-15.5,-9.9
5943,-2.4,0.0,-12.4,-15.5,-9.9
5944,-14.1,0.0,-11.9,-14.5,-9.2
5945,-13.6,0.0,-11.3,-13.5,-8.4
5946,-13.0,0.0,-10.8,0.4,0.7
5947,-12.4,0.0,-10.2,1.3,1.3
5948,-31.0,0.0,-26.8,1.6,1.5
5949,-30.5,0.0,-26.5,1.7,1.6
5950,-30.0,0.0,-26.2,1.9,1.7
5951,-28.8,0.0,-25.1,2.8,2.4
5952,-9.5,0.0,3.2,3.2,2.7
5953,3.2,0.0,3.6,3.5,2.8
5954,4.3,0.0,4.7,4.5,3.6
5955,3.8,0.0,4.1,3.8,3.0
5956,6.0,0.0,6.2,5.9,4.5
5957,5.3,0.0,5.4,4.9,3.8
5958,5.7,0.0,5.8,5.2,4.0
5959,5.2,0.0,5.3,4.6,3.4
5960,5.0,0.0,5.0,4.1,3.1
5961,4.1,0.0,4.3,-9.2,-5.5
5962,3.4,0.0,3.7,-10.1,-6.1
5963,3.4,0.0,3.7,-10.0,-6.1
5964,3.5,0.0,3.7,-9.9,-6.0
5965,2.7,0.0,-7.2,-4.6,-2.7
5966,2.2,0.0,-7.6,-11.3,-7.0
5967,2.0,0.0,-7.9,-11.5,-7.1
5968,1.9,0.0,-8.0,-11.6,-7.1
5969,2.7,0.0,-7.4,-10.5,-6.3
5970,3.2,0.0,-7.0,2.5,2.1
5971,3.9,0.0,-6.3,3.6,2.8
5972,5.0,0.0,-21.1,4.7,3.6
5973,5.3,0.0,-20.6,5.0,3.8
5974,5.6,0.0,-20.2,5.1,3.8
5975,5.5,0.0,-20.2,4.9,3.6
5976,5.7,0.0,5.8,5.0,3.7
5977,5.9,0.0,5.9,5.0,3.7
5978,5.8,0.0,5.7,4.7,3.4
5979,5.8,0.0,5.7,4.7,3.4
5980,5.9,0.0,5.8,4.7,3.4
5981,6.1,0.0,5.9,4.8,3.5
5982,6.1,0.0,5.9,4.8,3.4
5983,6.2,0.0,6.0,4.8,3.4
5984,5.9,0.0,5.7,4.4,3.1
5985,5.1,0.0,5.1,-8.6,-5.1
5986,4.3,0.0,4.4,-9.5,-5.8
5987,4.8,0.0,4.9,-8.9,-5.3
5988,3.0,0.0,3.3,-10.9,-6.8
5989,3.8,0.0,-6.1,-3.7,-2.1
5990,2.2,0.0,-7.4,-11.8,-7.3
5991,2.6,0.0,-7.2,-11.1,-6.8
5992,-6.6,0.0,-6.0,-9.2,-5.4
5993,-7.7,0.0,-6.9,-10.5,-6.3
5994,-7.8,0.0,-7.0,1.9,1.7
5995,-7.6,0.0,-6.7,2.9,2.2
5996,-23.6,0.0,-21.9,3.5,2.7
5997,-23.4,0.0,-21.8,3.6,2.7
5998,-23.0,0.0,-21.5,3.8,2.9
5999,-22.6,0.0,-21.2,4.0,3.0
6000,-6.5,0.0,4.5,3.8,2.8
6001,5.0,0.0,5.1,4.3,3.2
6002,6.2,0.0,6.3,5.4,4.1
6003,5.8,0.0,5.8,4.9,3.6
6004,6.7,0.0,6.6,5.7,4.2
6005,6.0,0.0,5.9,4.8,3.5
6006,6.3,0.0,6.1,5.0,3.7
6007,6.0,0.0,5.9,4.7,3.4
6008,5.6,0.0,5.5,4.2,3.0
6009,5.2,0.0,5.2,3.9,2.8
6010,4.0,0.0,4.1,2.5,1.7
6011,3.4,0.0,3.6,1.9,1.3
6012,2.4,0.0,2.8,0.8,0.5
6013,0.7,0.0,-8.8,-1.0,-0.7
6014,0.6,0.0,-8.9,-0.7,-0.4
6015,0.2,0.0,-9.3,-1.1,-0.5
6016,-12.5,0.0,-10.4,-4.9,-1.5
6017,-12.5,0.0,-10.6,-2.1,-0.4
6018,-12.6,0.0,-10.9,-6.6,-0.4
6019,-12.0,0.0,-9.4,2.2,2.2
6020,-29.7,0.0,-25.1,3.6,3.2
6021,-28.5,0.0,-24.3,4.0,3.5
6022,-26.7,0.0,-22.9,5.1,4.3
6023,-25.0,0.0,-21.6,5.9,4.8
6024,-5.9,0.0,6.4,6.4,5.1
6025,7.0,0.0,7.3,7.0,5.5
6026,7.4,0.0,7.7,7.3,5.6
6027,7.2,0.0,7.3,6.8,5.2
6028,7.0,0.0,7.1,6.4,4.9
6029,6.7,0.0,6.7,5.9,4.4
6030,6.4,0.0,6.4,5.5,4.1
6031,6.4,0.0,6.3,5.3,3.9
6032,5.9,0.0,5.9,4.6,3.4
6033,5.0,0.0,5.1,3.7,2.7
6034,3.9,0.0,4.1,2.5,1.8
6035,2.7,0.0,3.0,1.2,0.8
6036,2.2,0.0,2.7,0.9,0.6
6037,2.0,0.0,-7.8,0.8,0.6
6038,1.4,0.0,-8.3,0.3,0.3
6039,0.8,0.0,-8.9,-0.2,-0.0
6040,-10.2,0.0,-9.0,0.1,0.2
6041,-10.4,0.0,-9.1,0.4,0.5
6042,-9.8,0.0,-8.5,1.1,1.3
6043,-8.9,0.0,-7.5,2.8,2.3
6044,-25.6,0.0,-23.0,3.5,2.8
6045,-24.5,0.0,-22.1,4.3,3.5
6046,-23.3,0.0,-21.1,5.1,4.0
6047,-22.2,0.0,-20.3,5.6,4.3
6048,-4.7,0.0,6.5,6.0,4.6
6049,6.6,0.0,6.7,6.1,4.6
6050,7.4,0.0,7.4,6.6,5.0
6051,8.4,0.0,8.4,7.6,5.7
6052,9.2,0.0,9.1,8.2,6.1
6053,9.7,0.0,9.5,8.5,6.3
6054,10.1,0.0,9.8,8.7,6.4
6055,9.9,0.0,9.6,8.3,6.1
6056,7.4,0.0,7.1,5.4,3.8
6057,5.3,0.0,5.0,-9.1,-5.5
6058,2.7,0.0,2.5,-11.9,-7.5
6059,0.3,0.0,0.3,-14.5,-9.3
6060,-1.0,0.0,-0.5,-15.5,-10.0
6061,-2.2,0.0,-11.6,-10.4,-6.6
6062,-2.8,0.0,-12.0,-16.6,-10.5
6063,-3.1,0.0,-12.4,-17.0,-10.6
6064,-2.3,0.0,-12.2,-15.3,-9.7
6065,-2.0,0.0,-12.1,-14.9,-9.3
6066,-0.8,0.0,-11.0,-0.4,0.3
6067,0.3,0.0,-10.0,1.2,1.3
6068,1.2,0.0,-25.9,2.1,1.9
6069,1.7,0.0,-25.3,2.5,2.2
6070,2.2,0.0,-24.7,2.9,2.5
6071,3.0,0.0,-23.8,3.6,3.0
6072,3.8,0.0,4.4,4.3,3.5
6073,4.3,0.0,4.8,4.5,3.6
6074,4.0,0.0,4.3,3.9,3.1
6075,4.3,0.0,4.6,4.1,3.3
6076,4.2,0.0,4.5,3.9,3.0
6077,4.8,0.0,5.0,4.4,3.4
6078,5.4,0.0,5.6,4.9,3.8
6079,5.4,0.0,5.5,4.8,3.6
6080,4.8,0.0,4.9,3.9,2.9
6081,2.8,0.0,3.0,-10.8,-6.7
6082,2.8,0.0,3.3,-10.6,-6.5
6083,3.5,0.0,3.9,-9.7,-5.8
6084,3.7,0.0,4.0,-9.5,-5.6
6085,4.1,0.0,-5.9,-2.7,-1.3
6086,4.1,0.0,-5.9,-9.1,-5.3
6087,3.8,0.0,-6.2,-9.4,-5.5
6088,3.1,0.0,-6.7,-10.4,-6.2
6089,3.0,0.0,-6.9,-11.2,-6.3
6090,3.3,0.0,-7.0,-0.8,1.6
6091,4.2,0.0,-5.9,4.1,3.2
6092,6.1,0.0,-19.9,6.0,4.7
6093,6.8,0.0,-19.1,6.5,5.0
6094,8.4,0.0,-17.2,8.0,6.1
6095,9.4,0.0,-16.0,8.8,6.6
6096,9.7,0.0,9.7,8.9,6.6
6097,10.6,0.0,10.4,9.4,7.0
6098,11.3,0.0,11.0,9.9,7.3
6099,11.9,0.0,11.6,10.3,7.6
6100,12.1,0.0,11.7,10.4,7.6
6101,12.9,0.0,12.4,11.0,8.0
6102,13.2,0.0,12.7,11.1,8.0
6103,12.8,0.0,12.2,10.5,7.5
6104,9.8,0.0,9.1,6.9,4.7
6105,6.6,0.0,5.8,-8.4,-5.1
6106,4.7,0.0,4.0,-10.6,-6.5
6107,3.5,0.0,3.0,-11.9,-7.3
6108,2.3,0.0,2.5,-12.4,-7.8
6109,3.6,0.0,-6.0,-4.3,-2.5
6110,2.2,0.0,-7.1,-11.9,-7.3
6111,1.5,0.0,-7.8,-12.7,-7.7
6112,-7.6,0.0,-6.9,-10.4,-6.3
6113,-7.6,0.0,-6.8,-10.3,-6.1
6114,-7.7,0.0,-7.0,0.2,1.7
6115,-7.0,0.0,-5.9,3.9,3.1
6116,-22.8,0.0,-21.0,4.7,3.7
6117,-21.7,0.0,-20.1,5.4,4.2
6118,-20.7,0.0,-19.3,6.0,4.6
6119,-19.1,0.0,-17.9,7.1,5.4
6120,-2.0,0.0,8.5,7.8,5.9
6121,9.1,0.0,9.1,8.1,6.1
6122,9.4,0.0,9.3,8.2,6.1
6123,10.7,0.0,10.5,9.4,7.0
6124,11.6,0.0,11.3,10.1,7.5
6125,12.2,0.0,11.9,10.6,7.8
6126,12.8,0.0,12.4,11.0,8.1
6127,12.5,0.0,12.1,10.5,7.6
6128,8.8,0.0,8.2,6.1,4.2
6129,5.8,0.0,5.0,-9.2,-5.6
6130,3.7,0.0,3.1,-11.4,-7.1
6131,2.0,0.0,1.8,-13.1,-8.2
6132,0.8,0.0,1.0,-14.2,-8.8
6133,-0.7,0.0,-9.9,-9.2,-5.7
6134,-1.4,0.0,-10.3,-15.7,-9.6
6135,-1.5,0.0,-10.4,-15.9,-9.4
6136,-1.8,0.0,-11.2,-16.9,-9.5
6137,-1.5,0.0,-11.5,-17.3,-9.2
6138,-0.6,0.0,-10.6,0.3,0.7
6139,1.6,0.0,-8.6,2.7,2.5
6140,3.7,0.0,-23.3,4.7,4.0
6141,4.0,0.0,-22.8,4.8,4.0
6142,6.0,0.0,-20.6,6.7,5.4
6143,7.1,0.0,-19.3,7.5,5.9
6144,8.0,0.0,8.4,8.1,6.4
6145,8.7,0.0,8.9,8.4,6.5
6146,9.2,0.0,9.3,8.7,6.6
6147,9.4,0.0,9.5,8.7,6.6
6148,10.5,0.0,10.5,9.6,7.2
6149,10.8,0.0,10.6,9.6,7.2
6150,10.7,0.0,10.5,9.3,6.9
6151,10.5,0.0,10.2,8.9,6.5
6152,8.4,0.0,8.0,6.2,4.4
6153,6.0,0.0,5.5,-8.5,-5.0
6154,3.2,0.0,2.9,-11.5,-7.2
6155,0.6,0.0,0.4,-14.4,-9.1
6156,-0.5,0.0,-0.2,-15.3,-9.6
6157,-1.8,0.0,-11.2,-9.9,-6.2
6158,-2.7,0.0,-11.9,-16.6,-10.5
6159,-3.0,0.0,-12.2,-16.9,-10.4
6160,-15.2,0.0,-12.8,-17.4,-10.4
6161,-15.4,0.0,-13.0,-16.9,-9.9
6162,-15.0,0.0,-12.4,-1.0,-0.3
6163,-12.8,0.0,-10.2,1.6,1.7
6164,-31.4,0.0,-26.6,2.2,2.2
6165,-30.8,0.0,-26.3,2.3,2.2
6166,-29.7,0.0,-25.4,3.0,2.7
6167,-29.5,0.0,-25.5,2.5,2.3
6168,-10.9,0.0,2.2,2.2,2.0
6169,1.9,0.0,2.5,2.4,2.2
6170,2.5,0.0,3.0,2.9,2.5
6171,2.8,0.0,3.3,3.0,2.6
6172,2.9,0.0,3.3,3.0,2.5
6173,2.9,0.0,3.3,2.9,2.4
6174,3.3,0.0,3.6,3.2,2.6
6175,3.2,0.0,3.6,3.0,2.4
6176,3.2,0.0,3.5,2.8,2.2
6177,2.4,0.0,2.8,2.0,1.6
6178,1.9,0.0,2.4,1.5,1.2
6179,1.9,0.0,2.4,1.5,1.2
6180,0.6,0.0,1.2,-0.0,0.1
6181,1.2,0.0,-8.9,0.9,0.8
6182,1.6,0.0,-8.5,1.5,1.3
6183,1.0,0.0,-9.1,0.7,0.7
6184,-10.3,0.0,-9.0,1.1,1.0
6185,-9.6,0.0,-8.2,2.1,1.8
6186,-9.2,0.0,-7.8,2.6,2.1
6187,-8.9,0.0,-7.5,2.9,2.4
6188,-26.0,0.0,-23.5,3.1,2.5
6189,-25.5,0.0,-23.1,3.3,2.6
6190,-24.3,0.0,-22.0,4.3,3.4
6191,-23.3,0.0,-21.2,4.9,3.8
6192,-4.9,0.0,6.5,6.1,4.7
6193,7.3,0.0,7.4,6.8,5.2
6194,7.6,0.0,7.6,6.9,5.2
6195,8.2,0.0,8.2,7.4,5.6
6196,8.6,0.0,8.5,7.6,5.6
6197,8.9,0.0,8.8,7.7,5.7
6198,9.3,0.0,9.1,8.0,5.9
6199,9.3,0.0,9.1,7.8,5.7
6200,8.0,0.0,7.7,6.1,4.4
6201,6.5,0.0,6.3,4.5,3.1
6202,5.5,0.0,5.5,3.5,2.4
6203,5.6,0.0,5.7,3.9,2.8
6204,5.0,0.0,5.1,3.4,2.4
6205,4.2,0.0,-5.6,2.5,1.7
6206,3.5,0.0,-6.3,1.9,1.3
6207,3.2,0.0,-6.6,1.7,1.2
6208,-5.5,0.0,-5.2,3.7,2.7
6209,-5.6,0.0,-5.3,3.7,2.7
6210,-5.8,0.0,-5.5,3.6,2.6
6211,-5.9,0.0,-5.5,3.7,2.7
6212,-21.8,0.0,-21.1,3.4,2.5
6213,-22.0,0.0,-21.2,3.3,2.4
6214,-22.7,0.0,-21.8,2.7,2.0
6215,-23.0,0.0,-22.1,2.5,1.8
6216,-7.4,0.0,3.4,2.5,1.8
6217,3.3,0.0,3.5,2.5,1.9
6218,3.3,0.0,3.4,2.4,1.8
6219,3.8,0.0,3.9,3.0,2.2
6220,4.5,0.0,4.5,3.6,2.7
6221,5.0,0.0,5.1,4.1,3.1
6222,5.0,0.0,5.0,4.1,3.0
6223,5.4,0.0,5.3,4.3,3.1
6224,4.7,0.0,4.7,3.4,2.5
6225,3.1,0.0,3.0,-10.9,-6.7
6226,2.4,0.0,2.6,-11.5,-7.1
6227,1.8,0.0,2.3,-12.0,-7.4
6228,1.2,0.0,1.8,-12.7,-7.9
6229,0.8,0.0,-8.9,-6.7,-4.0
6230,0.5,0.0,-9.1,-13.0,-8.0
6231,-0.4,0.0,-9.6,-14.7,-8.5
6232,0.5,0.0,-9.3,-13.0,-7.7
6233,0.7,0.0,-9.4,-12.4,-7.4
6234,1.3,0.0,-8.8,1.6,1.5
6235,2.4,0.0,-7.9,2.8,2.4
6236,2.8,0.0,-23.8,3.2,2.6
6237,3.2,0.0,-23.3,3.5,2.8
6238,3.4,0.0,-22.9,3.6,2.9
6239,3.5,0.0,-22.8,3.6,2.9
6240,3.9,0.0,4.3,3.9,3.1
6241,4.7,0.0,4.9,4.4,3.5
6242,4.7,0.0,4.9,4.4,3.4
6243,5.3,0.0,5.5,4.9,3.7
6244,4.9,0.0,5.1,4.3,3.3
6245,5.1,0.0,5.2,4.4,3.3
6246,5.3,0.0,5.4,4.5,3.4
6247,5.4,0.0,5.4,4.4,3.3
6248,5.5,0.0,5.5,4.4,3.3
6249,4.9,0.0,5.0,-8.5,-4.9
6250,4.2,0.0,4.4,-9.3,-5.6
6251,3.8,0.0,4.1,-9.8,-5.8
6252,3.7,0.0,4.0,-9.8,-5.9
6253,3.2,0.0,-6.6,-4.2,-2.4
6254,1.5,0.0,-8.1,-12.2,-7.6
6255,0.6,0.0,-8.9,-13.3,-8.2
6256,0.1,0.0,-9.4,-14.8,-8.5
6257,1.0,0.0,-9.0,-12.3,-7.5
6258,2.0,0.0,-8.2,1.9,1.6
6259,3.3,0.0,-7.0,3.4,2.7
6260,3.2,0.0,-23.0,3.2,2.6
6261,3.1,0.0,-23.0,3.0,2.4
6262,3.2,0.0,-22.9,3.1,2.5
6263,3.5,0.0,-22.6,3.3,2.6
6264,3.7,0.0,4.1,3.6,2.8
6265,4.5,0.0,4.7,4.1,3.1
6266,5.0,0.0,5.2,4.5,3.5
6267,5.5,0.0,5.6,4.9,3.7
6268,5.6,0.0,5.7,4.9,3.7
6269,6.2,0.0,6.2,5.4,4.0
6270,7.4,0.0,7.3,6.5,4.8
6271,7.8,0.0,7.7,6.8,5.0
6272,7.2,0.0,7.1,5.9,4.3
6273,4.1,0.0,3.8,-10.1,-6.1
6274,2.3,0.0,2.0,-12.2,-7.5
6275,2.2,0.0,2.5,-11.8,-7.3
6276,1.0,0.0,1.5,-13.0,-8.1
6277,1.1,0.0,-8.6,-6.4,-3.9
6278,1.5,0.0,-8.3,-11.8,-7.2
6279,0.5,0.0,-9.1,-13.2,-8.0
6280,-10.6,0.0,-8.9,-13.4,-7.7
6281,-10.1,0.0,-8.4,-11.6,-6.7
6282,-9.4,0.0,-7.7,2.7,2.3
6283,-8.0,0.0,-6.5,4.1,3.3
6284,-24.2,0.0,-21.6,5.1,4.1
6285,-23.0,0.0,-20.6,5.8,4.5
6286,-21.2,0.0,-19.2,6.8,5.3
6287,-19.8,0.0,-18.2,7.4,5.7
6288,-2.2,0.0,8.7,8.1,6.1
6289,9.2,0.0,9.2,8.4,6.3
6290,9.5,0.0,9.4,8.5,6.3
6291,9.9,0.0,9.7,8.7,6.4
6292,10.5,0.0,10.3,9.2,6.7
6293,10.8,0.0,10.4,9.2,6.7
6294,11.2,0.0,10.8,9.5,6.9
6295,11.4,0.0,11.0,9.5,6.9
6296,9.5,0.0,9.0,7.2,5.1
6297,9.0,0.0,8.6,-5.0,-2.5
6298,8.0,0.0,7.8,-6.1,-3.3
6299,6.9,0.0,6.7,-7.3,-4.2
6300,5.9,0.0,5.8,-8.4,-5.0
6301,5.1,0.0,-4.4,-3.1,-1.8
6302,2.6,0.0,-6.4,-12.4,-7.5
6303,3.1,0.0,-6.3,-11.1,-6.8
6304,2.9,0.0,-6.7,-11.0,-6.7
6305,3.0,0.0,-6.8,-11.2,-6.6
6306,3.9,0.0,-5.9,2.9,2.2
6307,6.2,0.0,-3.8,5.4,4.1
6308,7.4,0.0,-17.7,6.7,5.0
6309,8.3,0.0,-16.8,7.4,5.5
6310,8.9,0.0,-16.0,7.9,5.9
6311,9.4,0.0,-15.3,8.3,6.1
6312,9.9,0.0,9.7,8.6,6.3
6313,10.6,0.0,10.3,9.0,6.6
6314,11.0,0.0,10.7,9.3,6.7
6315,11.3,0.0,10.8,9.3,6.8
6316,10.9,0.0,10.5,8.9,6.4
6317,11.1,0.0,10.5,8.9,6.3
6318,11.3,0.0,10.7,9.0,6.4
6319,11.6,0.0,11.0,9.2,6.6
6320,9.9,0.0,9.3,7.2,5.0
6321,7.7,0.0,7.0,-7.2,-4.1
6322,5.5,0.0,4.8,-9.7,-5.8
6323,3.9,0.0,3.5,-11.4,-6.9
6324,2.1,0.0,2.1,-13.1,-8.1
6325,0.7,0.0,-8.6,-8.1,-5.0
6326,-0.1,0.0,-9.2,-14.5,-8.9
6327,-0.7,0.0,-9.8,-15.0,-9.1
6328,-12.0,0.0,-10.5,-15.7,-9.2
6329,-12.2,0.0,-10.6,-15.1,-8.6
6330,-11.8,0.0,-9.9,0.6,0.8
6331,-9.4,0.0,-7.5,3.4,3.0
6332,-25.8,0.0,-22.6,4.7,3.9
6333,-24.7,0.0,-21.8,5.2,4.2
6334,-24.1,0.0,-21.5,5.1,4.1
6335,-24.4,0.0,-22.1,4.1,3.3
6336,-7.6,0.0,4.1,3.6,2.9
6337,3.9,0.0,4.2,3.6,2.9
6338,4.1,0.0,4.4,3.8,3.0
6339,3.5,0.0,3.7,3.0,2.3
6340,3.2,0.0,3.4,2.6,2.0
6341,3.2,0.0,3.4,2.6,2.0
6342,3.5,0.0,3.6,2.8,2.1
6343,3.4,0.0,3.5,2.6,2.0
6344,3.5,0.0,3.6,2.6,2.0
6345,2.9,0.0,3.3,2.1,1.6
6346,2.9,0.0,3.2,2.2,1.7
6347,4.6,0.0,4.9,4.1,3.1
6348,4.1,0.0,4.5,3.3,2.5
6349,4.1,0.0,-5.7,3.4,2.6
6350,3.2,0.0,-6.6,2.2,1.7
6351,1.6,0.0,-7.8,0.2,0.6
6352,-9.4,0.0,-8.1,-0.2,0.7
6353,-9.2,0.0,-7.9,-0.4,1.2
6354,-8.6,0.0,-7.2,3.0,2.5
6355,-7.5,0.0,-6.2,4.2,3.4
6356,-24.0,0.0,-21.6,4.7,3.8
6357,-23.5,0.0,-21.4,4.7,3.7
6358,-22.7,0.0,-20.8,5.0,3.9
6359,-22.3,0.0,-20.6,4.9,3.8
6360,-5.5,0.0,5.7,5.0,3.8
6361,5.3,0.0,5.4,4.6,3.5
6362,5.4,0.0,5.5,4.7,3.5
6363,6.1,0.0,6.1,5.2,3.9
6364,6.3,0.0,6.3,5.4,4.0
6365,6.5,0.0,6.5,5.4,4.0
6366,6.7,0.0,6.7,5.6,4.1
6367,6.5,0.0,6.4,5.3,3.9
6368,6.3,0.0,6.2,4.9,3.5
6369,5.5,0.0,5.5,4.1,3.0
6370,5.2,0.0,5.2,3.8,2.7
6371,4.4,0.0,4.5,3.0,2.1
6372,2.0,0.0,2.0,-1.0,-0.2
6373,2.2,0.0,-7.4,0.7,0.6
6374,2.1,0.0,-7.4,0.9,0.9
6375,3.2,0.0,-6.7,2.6,2.0
6376,-6.2,0.0,-5.4,4.2,3.2
6377,-5.9,0.0,-5.1,4.5,3.4
6378,-5.7,0.0,-5.0,4.6,3.5
6379,-5.6,0.0,-5.0,4.6,3.5
6380,-21.4,0.0,-20.3,4.7,3.5
6381,-21.2,0.0,-20.2,4.6,3.4
6382,-21.4,0.0,-20.5,4.2,3.1
6383,-21.8,0.0,-21.0,3.6,2.7
6384,-6.5,0.0,4.1,3.2,2.4
6385,4.0,0.0,4.1,3.1,2.3
6386,4.1,0.0,4.1,3.1,2.3
6387,4.0,0.0,4.1,3.0,2.2
6388,4.2,0.0,4.2,3.2,2.3
6389,4.3,0.0,4.3,3.2,2.3
6390,4.2,0.0,4.2,3.1,2.3
6391,4.1,0.0,4.1,3.0,2.1
6392,3.8,0.0,3.8,2.6,1.8
6393,2.9,0.0,3.1,-10.7,-6.6
6394,1.3,0.0,1.4,-12.8,-8.0
6395,0.3,0.0,0.5,-13.9,-8.8
6396,1.0,0.0,1.5,-12.4,-7.8
6397,0.5,0.0,-9.3,-6.5,-4.0
6398,0.2,0.0,-9.7,-13.0,-8.2
6399,0.8,0.0,-9.3,-12.2,-7.5
6400,0.8,0.0,-9.3,-12.1,-7.5
6401,1.6,0.0,-8.6,-11.2,-6.8
6402,1.8,0.0,-8.4,1.9,1.6
6403,1.9,0.0,-8.4,1.9,1.6
6404,1.9,0.0,-24.4,2.0,1.6
6405,1.9,0.0,-24.4,1.9,1.6
6406,2.0,0.0,-24.3,2.0,1.7
6407,2.2,0.0,-24.1,2.2,1.8
6408,3.5,0.0,3.9,3.5,2.8
6409,4.1,0.0,4.4,3.9,3.1
6410,4.2,0.0,4.4,3.9,3.0
6411,4.4,0.0,4.6,3.9,3.0
6412,4.6,0.0,4.7,4.0,3.1
6413,4.7,0.0,4.8,4.1,3.1
6414,4.9,0.0,4.9,4.1,3.1
6415,4.9,0.0,5.0,4.1,3.1
6416,5.0,0.0,5.0,4.1,3.0
6417,4.9,0.0,5.0,-8.3,-4.8
6418,4.9,0.0,5.1,-8.5,-4.9
6419,4.0,0.0,4.3,-9.6,-5.7
6420,4.0,0.0,4.3,-9.4,-5.6
6421,4.3,0.0,-5.7,-2.8,-1.4
6422,3.6,0.0,-6.3,-9.9,-6.0
6423,4.2,0.0,-5.8,-9.1,-5.4
6424,4.5,0.0,-5.6,-8.7,-5.1
6425,4.8,0.0,-5.3,-8.5,-4.9
6426,4.9,0.0,-5.2,4.1,3.0
6427,5.1,0.0,-5.0,4.3,3.2
6428,5.3,0.0,-20.0,4.5,3.3
6429,5.6,0.0,-19.7,4.7,3.5
6430,5.6,0.0,-19.6,4.7,3.4
6431,5.6,0.0,-19.6,4.6,3.4
6432,5.7,0.0,5.8,4.8,3.5
6433,5.9,0.0,5.9,4.8,3.5
6434,6.1,0.0,6.0,4.8,3.5
6435,6.2,0.0,6.1,4.9,3.6
6436,6.3,0.0,6.2,5.0,3.6
6437,6.4,0.0,6.2,5.0,3.6
6438,6.5,0.0,6.3,5.0,3.6
6439,6.6,0.0,6.4,5.0,3.6
6440,6.4,0.0,6.2,4.8,3.4
6441,6.2,0.0,6.1,-7.4,-4.2
6442,5.7,0.0,5.7,-8.0,-4.7
6443,5.3,0.0,5.3,-8.5,-5.0
6444,5.1,0.0,5.1,-8.7,-5.1
6445,5.6,0.0,-4.3,-1.9,-0.9
6446,5.6,0.0,-4.3,-8.1,-4.7
6447,5.2,0.0,-4.6,-8.5,-5.0
6448,-4.7,0.0,-4.6,-8.4,-4.9
6449,-5.7,0.0,-5.6,-9.5,-5.6
6450,-4.9,0.0,-4.7,4.2,3.0
6451,-4.3,0.0,-4.1,4.9,3.6
6452,-19.5,0.0,-19.1,5.0,3.7
6453,-19.2,0.0,-18.9,5.1,3.7
6454,-18.8,0.0,-18.5,5.4,3.9
6455,-18.5,0.0,-18.4,5.5,4.0
6456,-3.3,0.0,6.6,5.5,4.0
6457,7.1,0.0,7.0,5.8,4.2
6458,7.6,0.0,7.4,6.2,4.5
6459,7.5,0.0,7.3,6.0,4.3
6460,7.6,0.0,7.4,6.0,4.3
6461,8.0,0.0,7.7,6.3,4.6
6462,8.2,0.0,7.9,6.5,4.6
6463,8.4,0.0,8.1,6.6,4.7
6464,8.0,0.0,7.7,6.1,4.3
6465,7.5,0.0,7.3,-6.4,-3.4
6466,6.9,0.0,6.8,-7.1,-4.0
6467,6.6,0.0,6.6,-7.4,-4.2
6468,8.3,0.0,8.1,-5.5,-2.7
6469,7.6,0.0,-2.1,-0.2,0.4
6470,7.3,0.0,-2.4,-6.7,-3.6
6471,7.5,0.0,-2.2,-6.3,-3.3
6472,7.8,0.0,-2.0,-6.0,-3.2
6473,7.9,0.0,-1.8,-5.9,-3.1
6474,8.2,0.0,-1.5,6.5,4.6
6475,8.6,0.0,-1.2,6.8,4.9
6476,8.8,0.0,-15.3,7.0,5.0
6477,8.9,0.0,-15.1,7.1,5.0
6478,9.0,0.0,-15.0,7.1,5.0
6479,8.9,0.0,-15.0,7.0,4.9
6480,9.1,0.0,8.8,7.2,5.1
6481,9.4,0.0,9.0,7.3,5.1
6482,9.7,0.0,9.2,7.5,5.3
6483,9.8,0.0,9.3,7.6,5.3
6484,10.4,0.0,9.8,8.1,5.7
6485,10.7,0.0,10.1,8.3,5.9
6486,11.0,0.0,10.4,8.6,6.1
6487,11.4,0.0,10.9,9.0,6.4
6488,10.9,0.0,10.3,8.2,5.7
6489,9.2,0.0,8.4,-5.7,-3.0
6490,7.4,0.0,6.6,-7.8,-4.4
6491,5.9,0.0,5.4,-9.4,-5.5
6492,5.3,0.0,5.3,-9.4,-5.5
6493,4.1,0.0,-5.2,-5.0,-2.7
6494,3.6,0.0,-5.5,-11.1,-6.4
6495,5.3,0.0,-4.3,-8.2,-4.7
6496,-4.4,0.0,-4.2,-7.9,-4.4
6497,-4.9,0.0,-4.6,-8.9,-4.8
6498,-4.4,0.0,-4.1,4.8,3.6
6499,-4.2,0.0,-4.0,5.0,3.8
6500,-18.7,0.0,-18.3,5.8,4.3
6501,-18.1,0.0,-17.9,6.0,4.5
6502,-17.8,0.0,-17.7,6.0,4.5
6503,-17.5,0.0,-17.5,6.0,4.5
6504,-2.6,0.0,7.2,6.0,4.4
6505,7.5,0.0,7.4,6.1,4.5
6506,7.6,0.0,7.5,6.2,4.5
6507,7.9,0.0,7.7,6.3,4.6
6508,8.0,0.0,7.7,6.3,4.6
6509,8.1,0.0,7.8,6.4,4.6
6510,8.2,0.0,7.9,6.4,4.6
6511,8.4,0.0,8.0,6.5,4.7
6512,8.0,0.0,7.7,6.0,4.3
6513,7.2,0.0,7.0,5.2,3.7
6514,7.1,0.0,7.0,5.2,3.7
6515,7.3,0.0,7.1,5.5,3.9
6516,7.1,0.0,7.0,5.3,3.7
6517,6.7,0.0,-3.0,4.8,3.4
6518,5.0,0.0,-4.4,2.8,2.0
6519,4.5,0.0,-5.0,2.5,1.8
6520,-5.1,0.0,-5.0,2.7,2.0
6521,-5.4,0.0,-5.3,2.7,2.1
6522,-4.8,0.0,-4.6,4.2,3.1
6523,-4.2,0.0,-4.0,5.0,3.7
6524,-18.8,0.0,-18.5,5.5,4.1
6525,-18.7,0.0,-18.5,5.4,4.0
6526,-18.5,0.0,-18.4,5.4,4.0
6527,-18.1,0.0,-18.1,5.6,4.1
6528,-2.8,0.0,7.0,5.9,4.3
6529,7.3,0.0,7.2,6.0,4.4
6530,7.5,0.0,7.4,6.1,4.5
6531,7.6,0.0,7.4,6.0,4.4
6532,7.8,0.0,7.5,6.2,4.5
6533,7.9,0.0,7.6,6.2,4.5
6534,7.8,0.0,7.5,6.1,4.4
6535,7.9,0.0,7.7,6.2,4.4
6536,8.1,0.0,7.8,6.2,4.5
6537,7.9,0.0,7.7,6.1,4.3
6538,7.2,0.0,7.0,5.2,3.7
6539,6.1,0.0,6.1,4.0,2.8
6540,6.0,0.0,6.1,3.8,2.7
6541,3.8,0.0,-5.7,0.6,1.0
6542,5.5,0.0,-4.0,3.9,2.9
6543,7.2,0.0,-2.6,6.0,4.4
6544,-1.8,0.0,-1.8,6.8,5.1
6545,-2.1,0.0,-2.2,6.1,4.6
6546,-1.8,0.0,-1.9,6.6,4.8
6547,-1.2,0.0,-1.4,7.1,5.2
6548,-15.2,0.0,-15.8,7.2,5.3
6549,-14.5,0.0,-15.3,7.5,5.5
6550,-14.0,0.0,-14.9,7.7,5.6
6551,-13.6,0.0,-14.7,7.7,5.5
6552,0.8,0.0,9.6,8.1,5.8
6553,10.2,0.0,9.8,8.2,5.9
6554,10.1,0.0,9.7,8.0,5.7
6555,10.1,0.0,9.7,7.9,5.6
6556,10.2,0.0,9.6,7.9,5.6
6557,10.2,0.0,9.7,7.9,5.6
6558,10.3,0.0,9.7,7.9,5.6
6559,10.3,0.0,9.7,7.8,5.5
6560,10.3,0.0,9.7,7.7,5.4
6561,9.8,0.0,9.4,-4.4,-2.0
6562,9.7,0.0,9.2,-4.5,-2.1
6563,9.3,0.0,8.9,-5.0,-2.5
6564,8.9,0.0,8.5,-5.4,-2.8
6565,8.4,0.0,-1.2,-0.0,0.4
6566,7.8,0.0,-1.8,-6.5,-3.6
6567,6.5,0.0,-3.0,-7.8,-4.6
6568,5.1,0.0,-4.3,-9.5,-5.7
6569,4.8,0.0,-4.8,-10.5,-5.8
6570,5.3,0.0,-4.3,3.5,2.4
6571,6.2,0.0,-3.6,4.6,3.3
6572,6.3,0.0,-18.0,4.8,3.4
6573,7.3,0.0,-17.0,5.9,4.3
6574,8.0,0.0,-16.3,6.6,4.8
6575,8.7,0.0,-15.6,7.2,5.2
6576,8.9,0.0,8.8,7.4,5.4
6577,8.9,0.0,8.7,7.1,5.2
6578,9.5,0.0,9.2,7.7,5.6
6579,9.9,0.0,9.6,8.0,5.8
6580,10.2,0.0,9.8,8.2,5.9
6581,11.5,0.0,11.0,9.4,6.8
6582,11.9,0.0,11.4,9.7,7.0
6583,11.6,0.0,11.1,9.3,6.7
6584,9.9,0.0,9.4,7.3,5.1
6585,8.1,0.0,7.4,-6.6,-3.6
6586,6.3,0.0,5.7,-8.7,-5.0
6587,4.8,0.0,4.3,-10.5,-6.2
6588,3.5,0.0,3.4,-11.6,-6.9
6589,3.3,0.0,-6.1,-5.1,-2.9
6590,3.3,0.0,-6.1,-10.9,-6.5
6591,2.7,0.0,-6.5,-11.8,-6.7
6592,3.8,0.0,-5.9,-9.7,-5.6
6593,4.2,0.0,-5.6,-9.1,-5.2
6594,4.7,0.0,-5.1,4.1,3.1
6595,5.5,0.0,-4.4,4.9,3.7
6596,5.8,0.0,-19.4,5.1,3.9
6597,5.9,0.0,-19.2,5.1,3.9
6598,5.9,0.0,-19.2,5.1,3.8
6599,6.2,0.0,-18.8,5.3,4.0
6600,6.7,0.0,6.8,5.9,4.4
6601,7.6,0.0,7.6,6.5,4.9
6602,8.3,0.0,8.2,7.1,5.3
6603,8.4,0.0,8.3,7.1,5.2
6604,8.6,0.0,8.5,7.2,5.3
6605,8.4,0.0,8.2,6.8,5.0
6606,8.2,0.0,8.0,6.5,4.7
6607,8.1,0.0,7.8,6.3,4.5
6608,7.9,0.0,7.6,6.0,4.3
6609,7.3,0.0,7.2,-6.4,-3.5
6610,6.3,0.0,6.2,-7.7,-4.4
6611,4.3,0.0,4.4,-10.0,-6.1
6612,4.3,0.0,4.4,-9.5,-5.7
6613,4.0,0.0,-5.6,-3.7,-2.1
6614,2.6,0.0,-6.9,-11.3,-7.0
6615,2.3,0.0,-7.2,-11.6,-7.1
6616,-8.3,0.0,-7.6,-12.1,-7.2
6617,-8.1,0.0,-7.4,-11.3,-6.6
6618,-7.8,0.0,-6.9,2.6,2.0
6619,-7.5,0.0,-6.7,3.0,2.4
6620,-23.8,0.0,-22.2,3.2,2.5
6621,-23.7,0.0,-22.1,3.3,2.6
6622,-23.6,0.0,-22.0,3.3,2.6
6623,-23.6,0.0,-22.0,3.3,2.5
6624,-6.9,0.0,4.3,3.6,2.8
6625,4.3,0.0,4.5,3.7,2.9
6626,4.2,0.0,4.4,3.6,2.7
6627,4.3,0.0,4.4,3.6,2.7
6628,4.8,0.0,5.0,4.1,3.1
6629,5.1,0.0,5.2,4.3,3.2
6630,5.3,0.0,5.4,4.4,3.3
6631,5.0,0.0,5.1,4.0,3.0
6632,4.6,0.0,4.6,3.4,2.5
6633,3.6,0.0,3.7,-10.1,-6.0
6634,2.1,0.0,2.2,-11.9,-7.3
6635,1.1,0.0,1.2,-13.1,-8.1
6636,-0.3,0.0,0.1,-14.6,-9.0
6637,-1.4,0.0,-11.2,-9.0,-5.5
6638,-1.1,0.0,-10.8,-14.5,-9.0
6639,-0.7,0.0,-10.6,-13.8,-8.5
6640,-0.6,0.0,-10.5,-13.7,-8.3
6641,0.0,0.0,-10.1,-12.7,-7.6
6642,0.6,0.0,-9.6,1.1,1.2
6643,1.2,0.0,-9.1,1.8,1.6
6644,1.4,0.0,-25.3,2.0,1.8
6645,1.6,0.0,-25.1,2.0,1.8
6646,2.6,0.0,-24.1,3.0,2.6
6647,3.6,0.0,-23.0,4.0,3.3
6648,4.0,0.0,4.5,4.3,3.5
6649,4.4,0.0,4.7,4.4,3.5
6650,4.7,0.0,5.0,4.5,3.6
6651,4.7,0.0,5.0,4.4,3.4
6652,4.9,0.0,5.1,4.4,3.4
6653,5.2,0.0,5.3,4.6,3.5
6654,5.3,0.0,5.5,4.7,3.5
6655,5.6,0.0,5.7,4.8,3.6
6656,5.5,0.0,5.5,4.6,3.4
6657,5.1,0.0,5.3,-8.1,-4.6
6658,4.7,0.0,4.9,-8.6,-5.0
6659,4.8,0.0,5.0,-8.6,-4.9
6660,3.9,0.0,4.2,-9.7,-5.8
6661,2.6,0.0,-7.1,-5.1,-3.0
6662,2.0,0.0,-7.6,-11.9,-7.2
6663,1.6,0.0,-8.0,-12.2,-7.3
6664,-9.4,0.0,-8.1,-13.4,-7.3
6665,-8.9,0.0,-7.7,-13.0,-6.5
6666,-8.3,0.0,-6.7,3.6,3.0
6667,-6.9,0.0,-5.6,4.9,4.0
6668,-23.1,0.0,-20.8,5.5,4.3
6669,-22.1,0.0,-20.1,5.9,4.6
6670,-21.3,0.0,-19.6,6.1,4.7
6671,-20.4,0.0,-19.0,6.3,4.8
6672,-3.4,0.0,7.4,6.7,5.1
6673,7.7,0.0,7.7,6.8,5.1
6674,8.4,0.0,8.3,7.4,5.5
6675,8.8,0.0,8.6,7.6,5.6
6676,9.1,0.0,8.9,7.8,5.8
6677,9.4,0.0,9.1,7.9,5.8
6678,9.6,0.0,9.3,8.0,5.8
6679,9.7,0.0,9.4,8.0,5.8
6680,9.3,0.0,8.8,7.2,5.2
6681,7.4,0.0,6.7,4.9,3.5
6682,5.6,0.0,5.2,3.1,2.2
6683,3.8,0.0,3.4,0.9,0.8
6684,2.4,0.0,2.2,-0.5,-0.1
6685,1.5,0.0,-8.2,-0.9,-0.3
6686,0.8,0.0,-8.6,-1.2,-0.3
6687,0.7,0.0,-8.7,-0.7,0.1
6688,-10.3,0.0,-8.9,-0.8,0.4
6689,-9.4,0.0,-8.0,1.9,1.8
6690,-8.7,0.0,-7.3,3.1,2.6
6691,-8.1,0.0,-6.8,3.6,3.0
6692,-25.0,0.0,-22.6,3.8,3.1
6693,-24.4,0.0,-22.1,4.1,3.2
6694,-24.0,0.0,-21.9,4.1,3.2
6695,-23.6,0.0,-21.7,4.1,3.2
6696,-6.5,0.0,4.9,4.3,3.3
6697,4.7,0.0,4.9,4.3,3.3
6698,4.8,0.0,5.0,4.3,3.3
6699,5.1,0.0,5.2,4.5,3.4
6700,5.3,0.0,5.3,4.5,3.4
6701,5.3,0.0,5.3,4.4,3.3
6702,5.4,0.0,5.4,4.4,3.3
6703,5.6,0.0,5.6,4.6,3.4
6704,5.4,0.0,5.4,4.2,3.1
6705,3.9,0.0,3.8,2.4,1.8
6706,2.8,0.0,2.9,1.2,0.9
6707,2.8,0.0,3.1,1.7,1.2
6708,3.7,0.0,4.0,2.8,2.1
6709,3.8,0.0,-6.1,3.0,2.3
6710,3.5,0.0,-6.4,2.7,2.0
6711,2.9,0.0,-7.0,2.1,1.6
6712,-7.7,0.0,-7.0,2.3,1.8
6713,-7.9,0.0,-7.1,2.3,1.8
6714,-8.0,0.0,-7.1,2.5,2.0
6715,-7.8,0.0,-7.0,2.8,2.2
6716,-24.2,0.0,-22.5,3.1,2.4
6717,-24.2,0.0,-22.5,3.0,2.3
6718,-24.0,0.0,-22.4,3.1,2.4
6719,-23.9,0.0,-22.2,3.2,2.5
6720,-6.8,0.0,4.5,3.8,2.9
6721,4.9,0.0,5.1,4.4,3.3
6722,5.2,0.0,5.3,4.5,3.4
6723,5.5,0.0,5.5,4.7,3.5
6724,5.7,0.0,5.8,4.9,3.7
6725,6.2,0.0,6.2,5.3,4.0
6726,6.8,0.0,6.7,5.8,4.3
6727,7.0,0.0,6.9,5.9,4.3
6728,6.7,0.0,6.6,5.4,3.9
6729,5.1,0.0,4.9,-8.9,-5.2
6730,2.9,0.0,2.6,-11.5,-7.1
6731,1.4,0.0,1.2,-13.3,-8.2
6732,-0.1,0.0,0.0,-14.7,-9.1
6733,-1.5,0.0,-11.4,-9.7,-5.9
6734,-2.1,0.0,-11.8,-16.2,-9.9
6735,-2.8,0.0,-12.3,-16.7,-10.1
6736,-2.6,0.0,-12.5,-16.8,-9.8
6737,-1.5,0.0,-11.8,-15.1,-8.7
6738,-0.2,0.0,-10.6,0.9,1.1
6739,0.9,0.0,-9.6,1.9,1.9
6740,1.2,0.0,-26.1,2.2,2.1
6741,1.5,0.0,-25.6,2.4,2.2
6742,2.2,0.0,-24.9,3.0,2.6
6743,3.0,0.0,-24.0,3.6,3.1
6744,3.1,0.0,3.7,3.6,3.0
6745,3.7,0.0,4.1,3.9,3.2
6746,4.3,0.0,4.7,4.4,3.5
6747,4.5,0.0,4.8,4.4,3.5
6748,5.0,0.0,5.2,4.8,3.7
6749,5.2,0.0,5.4,4.9,3.8
6750,5.5,0.0,5.7,5.1,3.9
6751,5.7,0.0,5.8,5.1,3.9
6752,5.5,0.0,5.6,4.6,3.5
6753,4.6,0.0,4.8,-8.7,-5.1
6754,3.0,0.0,3.1,-10.8,-6.6
6755,1.5,0.0,1.6,-12.7,-7.8
6756,0.2,0.0,0.6,-13.9,-8.6
6757,-0.8,0.0,-10.7,-8.7,-5.2
6758,-1.9,0.0,-11.6,-16.0,-9.8
6759,-2.4,0.0,-12.0,-16.2,-9.8
6760,-2.4,0.0,-12.4,-16.6,-9.7
6761,-1.8,0.0,-12.3,-17.0,-9.2
6762,-0.2,0.0,-10.6,1.1,1.3
6763,1.1,0.0,-9.4,2.3,2.2
6764,2.0,0.0,-25.4,3.1,2.8
6765,2.6,0.0,-24.6,3.6,3.1
6766,3.1,0.0,-24.0,3.9,3.3
6767,4.0,0.0,-22.8,4.7,3.9
6768,4.2,0.0,4.7,4.6,3.8
6769,5.0,0.0,5.4,5.1,4.1
6770,5.8,0.0,6.1,5.8,4.5
6771,6.1,0.0,6.3,5.8,4.5
6772,6.8,0.0,7.0,6.4,4.9
6773,7.0,0.0,7.1,6.5,4.9
6774,7.4,0.0,7.5,6.7,5.1
6775,7.4,0.0,7.4,6.5,4.9
6776,7.1,0.0,7.0,5.9,4.4
6777,6.2,0.0,6.2,-7.3,-4.1
6778,5.0,0.0,5.1,-8.7,-5.1
6779,3.1,0.0,3.1,-11.2,-6.8
6780,1.2,0.0,1.3,-13.2,-8.2
6781,-0.2,0.0,-10.0,-8.1,-5.1
6782,-1.2,0.0,-10.9,-15.1,-9.5
6783,-0.7,0.0,-10.6,-14.0,-8.9
6784,-11.9,0.0,-10.3,-13.4,-8.4
6785,-11.2,0.0,-9.6,-12.3,-7.5
6786,-10.4,0.0,-8.8,1.8,1.6
6787,-9.7,0.0,-8.1,2.7,2.3
6788,-27.1,0.0,-24.1,3.0,2.5
6789,-26.3,0.0,-23.4,3.4,2.8
6790,-25.7,0.0,-23.0,3.6,2.9
6791,-25.0,0.0,-22.5,3.9,3.1
6792,-7.7,0.0,4.1,3.7,2.9
6793,4.0,0.0,4.2,3.7,2.9
6794,4.2,0.0,4.4,3.8,3.0
6795,4.4,0.0,4.6,4.0,3.1
6796,4.5,0.0,4.6,3.9,3.0
6797,4.7,0.0,4.8,4.1,3.1
6798,5.0,0.0,5.0,4.2,3.2
6799,5.3,0.0,5.3,4.4,3.3
6800,5.3,0.0,5.4,4.4,3.3
6801,5.1,0.0,5.2,-8.2,-4.7
6802,4.7,0.0,4.8,-8.7,-5.1
6803,4.3,0.0,4.5,-9.1,-5.4
6804,3.9,0.0,4.1,-9.7,-5.8
6805,2.6,0.0,-7.2,-4.9,-3.0
6806,1.9,0.0,-7.9,-11.7,-7.3
6807,1.0,0.0,-8.7,-12.8,-7.9
6808,1.5,0.0,-8.5,-12.1,-7.4
6809,2.2,0.0,-7.9,-11.0,-6.6
6810,2.7,0.0,-7.5,2.4,1.9
6811,3.3,0.0,-7.0,3.0,2.3
6812,3.4,0.0,-22.6,3.1,2.4
6813,3.4,0.0,-22.5,3.1,2.4
6814,3.7,0.0,-22.2,3.3,2.6
6815,4.0,0.0,-21.9,3.6,2.8
6816,4.1,0.0,4.3,3.7,2.8
6817,4.6,0.0,4.7,4.0,3.0
6818,4.9,0.0,5.0,4.2,3.2
6819,5.1,0.0,5.2,4.3,3.2
6820,5.3,0.0,5.4,4.5,3.3
6821,5.6,0.0,5.6,4.7,3.4
6822,5.8,0.0,5.8,4.8,3.5
6823,6.0,0.0,5.9,4.8,3.5
6824,5.9,0.0,5.9,4.7,3.4
6825,5.4,0.0,5.4,-8.0,-4.6
6826,4.9,0.0,4.9,-8.7,-5.1
6827,4.5,0.0,4.6,-9.1,-5.4
6828,3.0,0.0,3.3,-10.9,-6.7
6829,2.0,0.0,-7.8,-6.0,-3.6
6830,1.0,0.0,-8.6,-13.3,-8.0
6831,0.5,0.0,-9.0,-13.5,-8.1
6832,-10.7,0.0,-9.5,-13.6,-8.1
6833,-10.2,0.0,-8.8,-11.5,-7.1
6834,-9.0,0.0,-7.6,2.8,2.3
6835,-8.1,0.0,-6.8,3.7,2.9
6836,-24.7,0.0,-22.3,4.1,3.3
6837,-23.9,0.0,-21.6,4.5,3.6
6838,-23.5,0.0,-21.5,4.4,3.5
6839,-22.8,0.0,-21.0,4.7,3.7
6840,-5.7,0.0,5.5,4.9,3.8
6841,5.7,0.0,5.8,5.1,3.9
6842,5.9,0.0,6.0,5.2,3.9
6843,5.8,0.0,5.9,5.0,3.7
6844,5.9,0.0,5.9,4.9,3.7
6845,6.0,0.0,5.9,4.9,3.6
6846,6.1,0.0,6.0,5.0,3.6
6847,6.0,0.0,5.9,4.8,3.5
6848,6.0,0.0,5.8,4.6,3.4
6849,5.6,0.0,5.6,4.4,3.1
6850,5.6,0.0,5.6,4.4,3.1
6851,5.8,0.0,5.8,4.5,3.2
6852,5.6,0.0,5.6,4.2,3.0
6853,5.1,0.0,-4.7,3.7,2.7
6854,3.6,0.0,-6.1,2.0,1.4
6855,2.5,0.0,-7.1,0.9,0.7
6856,-7.7,0.0,-7.1,1.3,1.0
6857,-7.0,0.0,-6.4,2.7,2.0
6858,-6.0,0.0,-5.4,4.1,3.1
6859,-5.1,0.0,-4.6,5.0,3.7
6860,-20.8,0.0,-19.8,5.0,3.7
6861,-20.3,0.0,-19.4,5.3,3.9
6862,-19.1,0.0,-18.4,6.2,4.6
6863,-18.8,0.0,-18.3,6.0,4.4
6864,-2.7,0.0,7.4,6.4,4.7
6865,7.7,0.0,7.5,6.4,4.7
6866,7.7,0.0,7.5,6.3,4.6
6867,8.2,0.0,7.9,6.7,4.9
6868,8.5,0.0,8.2,6.9,5.0
6869,9.0,0.0,8.7,7.3,5.3
6870,9.2,0.0,8.8,7.4,5.4
6871,9.3,0.0,8.9,7.5,5.4
6872,9.3,0.0,8.8,7.2,5.2
6873,7.7,0.0,7.2,5.4,3.8
6874,5.7,0.0,5.1,2.9,2.1
6875,3.9,0.0,3.4,1.0,0.8
6876,2.6,0.0,2.4,-0.3,0.0
6877,1.5,0.0,-8.3,-1.0,-0.4
6878,1.1,0.0,-8.5,-0.9,-0.2
6879,1.1,0.0,-8.4,-0.3,0.3
6880,-9.2,0.0,-8.0,0.6,1.0
6881,-8.9,0.0,-7.7,2.1,1.8
6882,-8.1,0.0,-6.9,3.2,2.6
6883,-7.3,0.0,-6.2,4.0,3.2
6884,-23.7,0.0,-21.6,4.4,3.4
6885,-23.1,0.0,-21.2,4.6,3.6
6886,-22.6,0.0,-20.9,4.7,3.6
6887,-22.0,0.0,-20.5,4.9,3.8
6888,-5.6,0.0,5.5,4.8,3.6
6889,5.4,0.0,5.5,4.7,3.6
6890,5.6,0.0,5.6,4.8,3.6
6891,5.6,0.0,5.6,4.7,3.5
6892,6.1,0.0,6.1,5.1,3.8
6893,6.2,0.0,6.2,5.2,3.8
6894,6.6,0.0,6.5,5.5,4.0
6895,7.0,0.0,6.9,5.7,4.2
6896,6.8,0.0,6.7,5.4,4.0
6897,5.5,0.0,5.3,-8.4,-4.8
6898,4.1,0.0,3.9,-10.1,-6.0
6899,2.8,0.0,2.9,-11.4,-7.0
6900,1.9,0.0,2.1,-12.3,-7.6
6901,0.9,0.0,-8.9,-7.0,-4.2
6902,0.5,0.0,-9.2,-13.4,-8.2
6903,0.6,0.0,-9.2,-13.0,-7.9
6904,1.1,0.0,-8.9,-12.3,-7.4
6905,1.8,0.0,-8.3,-11.1,-6.7
6906,2.8,0.0,-7.4,2.9,2.3
6907,3.1,0.0,-7.1,3.1,2.5
6908,3.3,0.0,-22.8,3.3,2.6
6909,3.7,0.0,-22.3,3.6,2.9
6910,4.5,0.0,-21.5,4.4,3.4
6911,5.4,0.0,-20.5,5.2,4.0
6912,6.3,0.0,6.5,6.0,4.6
6913,5.9,0.0,6.0,5.2,4.0
6914,6.0,0.0,6.1,5.3,4.0
6915,6.8,0.0,6.9,6.0,4.5
6916,7.5,0.0,7.5,6.6,4.9
6917,7.1,0.0,7.0,6.0,4.4
6918,7.0,0.0,6.9,5.8,4.2
6919,6.9,0.0,6.7,5.5,4.0
6920,6.8,0.0,6.6,5.3,3.9
6921,6.7,0.0,6.6,-6.9,-3.8
6922,6.3,0.0,6.3,-7.4,-4.1
6923,6.0,0.0,6.0,-7.7,-4.4
6924,5.7,0.0,5.7,-8.0,-4.6
6925,5.2,0.0,-4.5,-2.4,-1.2
6926,3.7,0.0,-6.0,-10.3,-6.3
6927,3.5,0.0,-6.1,-10.4,-6.3
6928,3.2,0.0,-6.5,-10.8,-6.4
6929,4.1,0.0,-5.8,-9.2,-5.4
6930,5.3,0.0,-4.7,4.5,3.3
6931,6.2,0.0,-3.8,5.4,4.0
6932,6.6,0.0,-18.6,5.7,4.2
6933,6.5,0.0,-18.5,5.6,4.1
6934,6.6,0.0,-18.3,5.6,4.1
6935,6.1,0.0,-18.7,5.0,3.7
6936,6.4,0.0,6.4,5.3,3.9
6937,6.7,0.0,6.6,5.4,3.9
6938,7.1,0.0,7.0,5.7,4.2
6939,7.3,0.0,7.1,5.8,4.2
6940,7.7,0.0,7.5,6.2,4.5
6941,8.1,0.0,7.8,6.5,4.7
6942,8.2,0.0,7.9,6.5,4.7
6943,8.6,0.0,8.3,6.8,4.9
6944,8.4,0.0,8.0,6.5,4.6
6945,7.4,0.0,7.1,-6.7,-3.6
6946,6.2,0.0,5.9,-8.2,-4.7
6947,5.3,0.0,5.2,-9.1,-5.3
6948,4.7,0.0,4.7,-9.7,-5.7
6949,5.2,0.0,-4.5,-2.6,-1.2
6950,5.0,0.0,-4.7,-8.7,-5.1
6951,4.5,0.0,-5.2,-9.2,-5.4
6952,-5.9,0.0,-5.6,-9.7,-5.7
6953,-5.7,0.0,-5.4,-8.8,-5.2
6954,-5.2,0.0,-4.9,4.1,3.0
6955,-5.0,0.0,-4.7,4.4,3.3
6956,-20.7,0.0,-20.1,4.2,3.1
6957,-20.7,0.0,-20.1,4.2,3.1
6958,-20.6,0.0,-20.1,4.2,3.1
6959,-20.7,0.0,-20.2,4.0,3.0
6960,-5.4,0.0,4.9,3.9,2.9
6961,4.9,0.0,4.9,3.8,2.8
6962,4.8,0.0,4.8,3.7,2.7
6963,4.7,0.0,4.7,3.6,2.6
6964,5.0,0.0,4.9,3.8,2.7
6965,5.4,0.0,5.4,4.2,3.1
6966,5.8,0.0,5.7,4.5,3.3
6967,6.1,0.0,6.0,4.8,3.5
6968,6.1,0.0,6.0,4.7,3.4
6969,5.3,0.0,5.3,-8.3,-4.8
6970,5.1,0.0,5.1,-8.6,-5.0
6971,4.8,0.0,5.0,-8.8,-5.2
6972,4.2,0.0,4.4,-9.7,-5.8
6973,4.1,0.0,-5.6,-3.6,-1.9
6974,4.0,0.0,-5.7,-9.7,-5.7
6975,3.5,0.0,-6.0,-10.5,-6.0
6976,4.3,0.0,-5.5,-9.7,-5.3
6977,4.9,0.0,-5.0,-8.2,-4.7
6978,6.2,0.0,-3.8,5.6,4.2
6979,7.6,0.0,-2.4,7.0,5.3
6980,7.9,0.0,-17.3,7.1,5.3
6981,8.6,0.0,-16.4,7.6,5.7
6982,8.5,0.0,-16.3,7.4,5.4
6983,7.8,0.0,-16.8,6.6,4.8
6984,8.5,0.0,8.3,7.1,5.2
6985,8.5,0.0,8.2,6.9,5.0
6986,8.4,0.0,8.2,6.7,4.8
6987,8.5,0.0,8.2,6.7,4.8
6988,8.6,0.0,8.3,6.8,4.8
6989,9.0,0.0,8.6,7.1,5.0
6990,8.8,0.0,8.4,6.8,4.9
6991,8.8,0.0,8.4,6.8,4.8
6992,8.8,0.0,8.4,6.7,4.7
6993,8.0,0.0,7.7,-6.1,-3.3
6994,7.0,0.0,6.7,-7.4,-4.1
6995,6.3,0.0,6.2,-8.0,-4.6
6996,5.6,0.0,5.6,-8.7,-5.1
6997,5.1,0.0,-4.5,-3.3,-1.7
6998,4.7,0.0,-4.8,-9.4,-5.5
6999,4.9,0.0,-4.7,-9.1,-5.3
7000,-4.5,0.0,-4.4,-8.5,-4.8
7001,-4.3,0.0,-4.1,-7.8,-4.4
7002,-3.5,0.0,-3.5,5.4,4.0
7003,-3.5,0.0,-3.5,5.4,3.9
7004,-18.4,0.0,-18.3,5.4,3.9
7005,-18.3,0.0,-18.3,5.3,3.9
7006,-18.2,0.0,-18.3,5.2,3.8
7007,-18.2,0.0,-18.3,5.2,3.7
7008,-3.3,0.0,6.5,5.3,3.9
7009,7.0,0.0,6.9,5.6,4.1
7010,6.8,0.0,6.6,5.3,3.8
7011,7.1,0.0,7.0,5.6,4.0
7012,7.3,0.0,7.1,5.7,4.1
7013,7.2,0.0,7.0,5.6,4.0
7014,7.8,0.0,7.5,6.1,4.4
7015,7.9,0.0,7.6,6.1,4.4
7016,7.7,0.0,7.4,5.9,4.2
7017,6.7,0.0,6.5,4.9,3.4
7018,6.8,0.0,6.7,5.0,3.5
7019,6.4,0.0,6.3,4.6,3.2
7020,6.0,0.0,5.9,4.2,3.0
7021,6.7,0.0,-3.0,5.0,3.6
7022,7.1,0.0,-2.6,5.6,4.0
7023,7.0,0.0,-2.8,5.3,3.8
7024,-2.5,0.0,-2.8,5.2,3.8
7025,-2.2,0.0,-2.5,5.8,4.1
7026,-1.5,0.0,-1.9,6.5,4.7
7027,-0.1,0.0,-0.5,7.9,5.7
7028,-13.3,0.0,-14.3,8.4,6.1
7029,-12.3,0.0,-13.5,8.9,6.4
7030,-11.4,0.0,-12.9,9.2,6.7
7031,-10.5,0.0,-12.2,9.6,6.9
7032,3.1,0.0,11.3,9.6,6.9
7033,13.1,0.0,12.4,10.7,7.7
7034,13.6,0.0,12.9,11.1,7.9
7035,13.9,0.0,13.2,11.3,8.1
7036,14.1,0.0,13.4,11.4,8.1
7037,14.4,0.0,13.6,11.5,8.2
7038,14.6,0.0,13.8,11.6,8.2
7039,14.7,0.0,13.8,11.6,8.2
7040,14.0,0.0,13.1,10.8,7.5
7041,12.8,0.0,12.0,9.5,6.6
7042,10.8,0.0,10.1,7.3,4.9
7043,9.6,0.0,9.0,5.9,4.0
7044,7.8,0.0,6.9,3.3,2.4
7045,8.1,0.0,-1.1,5.0,3.4
7046,8.3,0.0,-1.0,5.5,3.8
7047,7.7,0.0,-1.5,4.7,3.4
7048,-0.9,0.0,-1.8,4.0,3.4
7049,0.4,0.0,-0.4,7.1,5.1
7050,1.1,0.0,0.3,8.0,5.7
7051,1.6,0.0,0.6,8.3,6.0
7052,-10.5,0.0,-12.5,9.0,6.5
7053,-10.1,0.0,-12.2,9.0,6.5
7054,-9.4,0.0,-11.7,9.4,6.7
7055,-8.3,0.0,-10.8,10.1,7.2
7056,5.1,0.0,12.6,10.8,7.7
7057,14.0,0.0,13.3,11.3,8.1
7058,14.8,0.0,14.0,12.0,8.5
7059,14.8,0.0,14.0,11.9,8.4
7060,15.1,0.0,14.3,12.0,8.5
7061,15.3,0.0,14.4,12.1,8.6
7062,15.6,0.0,14.7,12.3,8.7
7063,15.6,0.0,14.7,12.3,8.6
7064,15.1,0.0,14.2,11.6,8.1
7065,13.7,0.0,12.2,-1.8,-0.1
7066,12.1,0.0,10.5,-3.9,-1.5
7067,10.5,0.0,9.3,-5.5,-2.5
7068,9.3,0.0,8.4,-6.7,-3.3
7069,8.2,0.0,-1.3,-2.2,-0.4
7070,7.5,0.0,-1.7,-8.5,-4.0
7071,7.4,0.0,-1.5,-7.8,-3.6
7072,8.3,0.0,-1.1,-6.0,-2.7
7073,9.1,0.0,-0.4,-4.6,-2.0
7074,10.3,0.0,0.7,8.6,6.3
7075,11.4,0.0,1.8,9.6,7.0
7076,12.0,0.0,-11.5,10.1,7.4
7077,12.7,0.0,-10.6,10.7,7.8
7078,13.0,0.0,-10.1,10.9,7.9
7079,13.7,0.0,-9.3,11.4,8.2
7080,13.4,0.0,12.9,10.9,7.8
7081,14.2,0.0,13.5,11.4,8.2
7082,14.3,0.0,13.6,11.4,8.1
7083,14.6,0.0,13.9,11.6,8.3
7084,14.8,0.0,14.0,11.7,8.3
7085,15.6,0.0,14.7,12.4,8.8
7086,15.6,0.0,14.8,12.4,8.8
7087,15.9,0.0,15.0,12.5,8.8
7088,15.8,0.0,14.8,12.3,8.6
7089,14.0,0.0,13.0,-1.1,0.4
7090,12.2,0.0,11.0,-3.4,-1.2
7091,10.2,0.0,9.1,-5.7,-2.8
7092,8.6,0.0,7.8,-7.3,-3.8
7093,7.5,0.0,-1.8,-2.6,-1.0
7094,6.3,0.0,-2.7,-9.1,-4.9
7095,5.9,0.0,-3.0,-9.1,-4.8
7096,6.0,0.0,-3.2,-9.0,-4.6
7097,6.6,0.0,-2.9,-7.1,-3.9
7098,7.3,0.0,-2.2,5.8,4.2
7099,7.6,0.0,-2.0,6.1,4.4
7100,7.5,0.0,-16.4,6.0,4.4
7101,7.9,0.0,-16.0,6.3,4.6
7102,7.9,0.0,-16.0,6.4,4.6
7103,8.4,0.0,-15.5,6.8,5.0
7104,8.4,0.0,8.3,6.9,5.0
7105,8.7,0.0,8.5,6.9,5.0
7106,9.2,0.0,8.9,7.3,5.3
7107,9.5,0.0,9.2,7.6,5.5
7108,9.7,0.0,9.4,7.7,5.6
7109,9.9,0.0,9.6,7.9,5.7
7110,10.0,0.0,9.6,7.8,5.6
7111,10.0,0.0,9.6,7.8,5.6
7112,9.7,0.0,9.4,7.5,5.3
7113,8.5,0.0,8.1,-5.8,-2.9
7114,7.3,0.0,6.8,-7.3,-4.0
7115,5.7,0.0,5.1,-9.4,-5.3
7116,4.3,0.0,4.0,-10.9,-6.2
7117,3.1,0.0,-6.5,-5.9,-3.1
7118,2.1,0.0,-7.3,-12.6,-7.3
7119,1.8,0.0,-7.4,-12.4,-7.1
7120,-8.6,0.0,-7.7,-12.7,-6.9
7121,-8.3,0.0,-7.1,-10.2,-5.9
7122,-7.6,0.0,-6.5,3.4,2.7
7123,-7.5,0.0,-6.4,3.4,2.8
7124,-23.8,0.0,-21.9,3.7,3.0
7125,-23.4,0.0,-21.6,3.9,3.2
7126,-22.6,0.0,-20.9,4.5,3.6
7127,-22.2,0.0,-20.6,4.6,3.6
7128,-5.5,0.0,5.6,4.9,3.8
7129,5.8,0.0,6.1,5.3,4.1
7130,5.7,0.0,5.9,5.0,3.8
7131,5.7,0.0,5.8,4.9,3.7
7132,5.0,0.0,5.1,4.1,3.1
7133,4.9,0.0,5.0,3.9,2.9
7134,5.0,0.0,5.0,3.9,2.9
7135,5.0,0.0,5.0,3.9,2.9
7136,5.5,0.0,5.6,4.4,3.3
7137,5.4,0.0,5.5,-8.0,-4.5
7138,4.3,0.0,4.3,-9.5,-5.5
7139,3.7,0.0,3.8,-10.3,-6.0
7140,3.1,0.0,3.3,-11.0,-6.4
7141,2.8,0.0,-7.0,-5.0,-2.6
7142,2.2,0.0,-7.4,-12.0,-6.8
7143,2.7,0.0,-7.0,-10.8,-6.1
7144,3.1,0.0,-6.8,-10.6,-5.8
7145,5.3,0.0,-4.7,-7.3,-3.8
7146,6.4,0.0,-3.7,6.3,4.9
7147,6.9,0.0,-3.1,6.7,5.1
7148,7.1,0.0,-18.3,6.6,5.1
7149,7.4,0.0,-17.8,6.8,5.2
7150,7.8,0.0,-17.3,7.0,5.3
7151,9.1,0.0,-15.8,8.3,6.2
7152,8.9,0.0,8.8,7.8,5.8
7153,9.8,0.0,9.6,8.4,6.2
7154,10.0,0.0,9.8,8.5,6.2
7155,10.1,0.0,9.8,8.4,6.2
7156,10.2,0.0,9.9,8.5,6.1
7157,10.2,0.0,9.9,8.3,6.0
7158,10.4,0.0,10.0,8.4,6.0
7159,10.4,0.0,9.9,8.3,5.9
7160,10.3,0.0,9.8,8.1,5.7
7161,9.6,0.0,9.2,-4.5,-2.1
7162,8.8,0.0,8.4,-5.5,-2.8
7163,7.7,0.0,7.5,-6.7,-3.7
7164,6.3,0.0,6.1,-8.4,-4.8
7165,5.4,0.0,-4.0,-3.0,-1.6
7166,5.9,0.0,-3.7,-8.1,-4.7
7167,6.0,0.0,-3.7,-7.8,-4.5
7168,-3.0,0.0,-3.4,-7.4,-4.1
7169,-3.4,0.0,-3.7,-7.6,-4.3
7170,-3.4,0.0,-3.7,4.7,3.3
7171,-3.5,0.0,-3.7,4.7,3.4
7172,-18.2,0.0,-18.5,4.7,3.4
7173,-18.4,0.0,-18.7,4.5,3.2
7174,-18.8,0.0,-19.0,4.2,3.0
7175,-18.6,0.0,-18.8,4.6,3.3
7176,-3.8,0.0,5.9,4.7,3.4
7177,6.3,0.0,6.2,4.9,3.5
7178,6.3,0.0,6.2,4.8,3.5
7179,6.4,0.0,6.2,4.9,3.5
7180,6.7,0.0,6.5,5.2,3.7
7181,6.5,0.0,6.3,4.9,3.5
7182,6.0,0.0,5.8,4.4,3.1
7183,6.0,0.0,5.8,4.3,3.0
7184,6.1,0.0,5.9,4.4,3.1
7185,5.8,0.0,5.7,4.3,3.0
7186,5.7,0.0,5.6,4.2,3.0
7187,5.6,0.0,5.6,4.1,2.9
7188,5.5,0.0,5.4,4.0,2.8
7189,5.1,0.0,-4.7,3.6,2.5
7190,4.6,0.0,-5.2,3.1,2.2
7191,4.2,0.0,-5.5,2.8,2.0
7192,-3.9,0.0,-3.9,4.8,3.5
7193,-3.5,0.0,-3.5,5.4,3.9
7194,-3.1,0.0,-3.0,5.8,4.2
7195,-2.7,0.0,-2.7,6.1,4.4
7196,-17.1,0.0,-17.2,6.3,4.6
7197,-16.9,0.0,-17.1,6.2,4.5
7198,-16.5,0.0,-16.9,6.3,4.6
7199,-16.1,0.0,-16.6,6.5,4.7
7200,-1.2,0.0,8.2,6.9,5.0
7201,8.8,0.0,8.5,7.1,5.2
7202,9.7,0.0,9.4,8.0,5.8
7203,10.8,0.0,10.4,9.0,6.5
7204,11.6,0.0,11.2,9.7,7.1
7205,12.3,0.0,11.9,10.3,7.5
7206,13.0,0.0,12.4,10.8,7.8
7207,13.2,0.0,12.6,10.9,7.8
7208,13.2,0.0,12.6,10.8,7.7
7209,11.9,0.0,11.4,9.3,6.6
7210,9.5,0.0,8.7,6.2,4.4
7211,7.6,0.0,6.8,3.9,2.8
7212,6.5,0.0,5.8,2.7,2.1
7213,5.7,0.0,-4.0,2.2,1.9
7214,5.7,0.0,-3.7,3.3,2.5
7215,5.9,0.0,-3.5,3.8,2.9
7216,-3.0,0.0,-3.1,4.5,3.5
7217,-1.6,0.0,-1.7,6.7,4.9
7218,-0.1,0.0,-0.4,8.1,6.0
7219,0.9,0.0,0.5,8.9,6.6
7220,-11.7,0.0,-12.8,9.7,7.1
7221,-10.5,0.0,-12.0,10.2,7.4
7222,-9.3,0.0,-11.2,10.6,7.7
7223,-8.0,0.0,-10.2,11.2,8.1
7224,5.4,0.0,13.1,11.4,8.2
7225,14.4,0.0,13.7,11.8,8.4
7226,14.6,0.0,13.9,11.8,8.4
7227,15.1,0.0,14.3,12.1,8.6
7228,15.7,0.0,14.8,12.7,9.0
7229,15.7,0.0,14.8,12.6,8.9
7230,15.7,0.0,14.7,12.4,8.7
7231,16.2,0.0,15.2,12.8,9.1
7232,16.4,0.0,15.4,12.9,9.1
7233,14.5,0.0,13.4,-0.6,0.7
7234,12.8,0.0,11.5,-2.9,-0.8
7235,11.0,0.0,9.8,-4.9,-2.2
7236,9.6,0.0,8.5,-6.6,-3.3
7237,8.3,0.0,-1.1,-1.9,-0.5
7238,7.9,0.0,-1.3,-7.7,-3.8
7239,7.8,0.0,-1.2,-7.3,-3.5
7240,7.9,0.0,-1.4,-8.1,-3.4
7241,8.6,0.0,-0.9,-5.2,-2.5
7242,9.9,0.0,0.3,8.2,5.9
7243,10.4,0.0,0.9,8.6,6.2
7244,11.1,0.0,-12.4,9.2,6.6
7245,11.6,0.0,-11.7,9.6,7.0
7246,11.6,0.0,-11.7,9.4,6.8
7247,12.7,0.0,-10.4,10.5,7.6
7248,13.3,0.0,12.8,10.9,7.8
7249,14.2,0.0,13.6,11.6,8.3
7250,14.7,0.0,14.0,11.9,8.5
7251,14.7,0.0,14.0,11.8,8.4
7252,15.5,0.0,14.7,12.5,8.9
7253,16.1,0.0,15.3,13.1,9.3
7254,16.2,0.0,15.3,12.9,9.2
7255,16.4,0.0,15.5,13.1,9.3
7256,16.2,0.0,15.3,12.8,9.0
7257,15.5,0.0,14.6,0.7,1.7
7258,13.5,0.0,12.3,-2.0,-0.2
7259,11.8,0.0,10.6,-4.1,-1.6
7260,10.0,0.0,9.0,-6.0,-2.9
7261,8.9,0.0,-0.4,-1.2,-0.0
7262,8.2,0.0,-0.9,-7.5,-3.7
7263,8.1,0.0,-0.9,-7.2,-3.4
7264,8.5,0.0,-0.8,-6.9,-3.0
7265,9.2,0.0,-0.2,-4.7,-2.1
7266,11.1,0.0,1.6,9.2,6.7
7267,11.7,0.0,2.2,9.7,7.1
7268,12.4,0.0,-10.7,10.4,7.5
7269,12.9,0.0,-10.1,10.7,7.7
7270,13.7,0.0,-9.1,11.3,8.2
7271,14.4,0.0,-8.2,11.9,8.6
7272,14.8,0.0,14.2,12.2,8.7
7273,15.4,0.0,14.6,12.4,8.8
7274,15.7,0.0,14.9,12.6,9.0
7275,16.1,0.0,15.2,12.9,9.2
7276,16.3,0.0,15.4,13.0,9.2
7277,16.6,0.0,15.6,13.1,9.3
7278,16.7,0.0,15.7,13.2,9.3
7279,17.1,0.0,16.1,13.4,9.5
7280,17.1,0.0,16.1,13.4,9.4
7281,16.1,0.0,15.1,1.1,2.0
7282,14.7,0.0,13.8,-0.5,0.8
7283,13.4,0.0,12.5,-2.1,-0.3
7284,12.0,0.0,11.1,-3.8,-1.4
7285,10.0,0.0,0.8,-0.6,0.4
7286,8.6,0.0,-0.4,-7.4,-3.7
7287,8.2,0.0,-0.6,-7.2,-3.5
7288,1.1,0.0,-0.2,-5.9,-2.7
7289,1.5,0.0,0.3,-4.5,-2.0
7290,2.2,0.0,1.0,8.1,5.8
7291,2.4,0.0,1.1,8.2,5.9
7292,-9.9,0.0,-12.5,8.1,5.8
7293,-9.8,0.0,-12.4,8.1,5.8
7294,-10.2,0.0,-12.8,7.7,5.4
7295,-10.5,0.0,-13.1,7.4,5.2
7296,1.5,0.0,9.2,7.2,5.1
7297,9.6,0.0,9.2,7.1,5.0
7298,9.4,0.0,8.9,6.8,4.8
7299,9.3,0.0,8.8,6.7,4.7
7300,9.2,0.0,8.7,6.7,4.7
7301,9.2,0.0,8.7,6.7,4.7
7302,9.3,0.0,8.8,6.8,4.8
7303,9.6,0.0,9.2,7.2,5.0
7304,9.7,0.0,9.3,7.2,5.1
7305,9.6,0.0,9.2,-4.5,-2.0
7306,9.5,0.0,9.2,-4.6,-2.1
7307,9.0,0.0,8.7,-5.3,-2.6
7308,8.3,0.0,8.1,-6.0,-3.1
7309,8.1,0.0,-1.2,-0.3,0.4
7310,8.1,0.0,-1.2,-6.0,-3.1
7311,7.8,0.0,-1.5,-6.4,-3.3
7312,7.8,0.0,-1.5,-7.3,-3.3
7313,8.6,0.0,-0.9,-5.2,-2.4
7314,9.4,0.0,-0.2,7.6,5.5
7315,9.8,0.0,0.2,8.0,5.8
7316,9.9,0.0,-13.7,8.0,5.8
7317,10.1,0.0,-13.4,8.1,5.9
7318,10.3,0.0,-13.1,8.4,6.0
7319,10.2,0.0,-13.1,8.1,5.8
7320,9.4,0.0,9.1,7.2,5.1
7321,9.0,0.0,8.6,6.7,4.7
7322,8.8,0.0,8.4,6.4,4.5
7323,8.7,0.0,8.3,6.3,4.4
7324,8.6,0.0,8.2,6.2,4.4
7325,8.7,0.0,8.3,6.3,4.4
7326,8.7,0.0,8.3,6.3,4.4
7327,8.6,0.0,8.2,6.2,4.3
7328,8.8,0.0,8.4,6.5,4.5
7329,8.7,0.0,8.3,-5.4,-2.7
7330,8.2,0.0,7.9,-5.8,-3.0
7331,8.0,0.0,7.7,-6.1,-3.2
7332,7.9,0.0,7.6,-6.2,-3.3
7333,7.4,0.0,-2.1,-0.7,0.0
7334,7.2,0.0,-2.3,-6.8,-3.7
7335,7.1,0.0,-2.5,-6.9,-3.8
7336,-1.8,0.0,-2.5,-6.7,-3.7
7337,-1.8,0.0,-2.4,-6.6,-3.5
7338,-2.1,0.0,-2.7,5.2,3.7
7339,-2.3,0.0,-2.8,5.2,3.7
7340,-16.4,0.0,-17.4,5.1,3.6
7341,-16.3,0.0,-17.2,5.3,3.8
7342,-16.7,0.0,-17.5,5.0,3.6
7343,-16.9,0.0,-17.7,5.0,3.5
7344,-2.7,0.0,6.6,5.2,3.7
7345,7.0,0.0,6.8,5.3,3.9
7346,7.1,0.0,6.9,5.4,3.9
7347,7.0,0.0,6.8,5.3,3.8
7348,7.3,0.0,7.1,5.6,4.0
7349,7.5,0.0,7.2,5.7,4.1
7350,7.6,0.0,7.3,5.8,4.1
7351,7.6,0.0,7.3,5.8,4.1
7352,7.7,0.0,7.4,5.8,4.1
7353,7.3,0.0,7.1,5.5,3.9
7354,7.2,0.0,7.0,5.4,3.8
7355,7.0,0.0,6.8,5.2,3.7
7356,6.8,0.0,6.7,5.0,3.6
7357,6.9,0.0,-2.8,5.2,3.7
7358,7.0,0.0,-2.7,5.3,3.8
7359,7.2,0.0,-2.5,5.5,3.9
7360,-2.0,0.0,-2.5,5.5,4.0
7361,-2.1,0.0,-2.5,5.6,4.0
7362,-2.2,0.0,-2.6,5.6,4.0
7363,-2.4,0.0,-2.8,5.4,3.9
7364,-16.6,0.0,-17.4,5.3,3.8
7365,-16.8,0.0,-17.6,5.2,3.7
7366,-16.8,0.0,-17.5,5.3,3.8
7367,-16.8,0.0,-17.5,5.3,3.8
7368,-2.7,0.0,6.7,5.3,3.8
7369,6.9,0.0,6.7,5.2,3.8
7370,7.2,0.0,7.0,5.5,4.0
7371,7.1,0.0,6.9,5.4,3.8
7372,7.2,0.0,6.9,5.4,3.9
7373,7.3,0.0,7.1,5.6,4.0
7374,7.3,0.0,7.1,5.5,3.9
7375,7.2,0.0,6.9,5.4,3.8
7376,7.4,0.0,7.1,5.5,3.9
7377,7.5,0.0,7.3,5.8,4.1
7378,7.4,0.0,7.2,5.6,4.0
7379,7.1,0.0,7.0,5.4,3.8
7380,7.3,0.0,7.2,5.6,3.9
7381,7.4,0.0,-2.3,5.6,4.0
7382,7.5,0.0,-2.2,5.8,4.1
7383,7.5,0.0,-2.2,5.7,4.1
7384,-1.7,0.0,-2.2,5.8,4.1
7385,-1.7,0.0,-2.2,5.9,4.2
7386,-1.5,0.0,-2.0,6.1,4.4
7387,-1.4,0.0,-1.9,6.2,4.4
7388,-15.2,0.0,-16.3,6.2,4.4
7389,-15.1,0.0,-16.2,6.2,4.4
7390,-15.2,0.0,-16.3,6.1,4.3
7391,-14.8,0.0,-15.9,6.5,4.6
7392,-0.7,0.0,8.2,6.7,4.8
7393,8.4,0.0,8.0,6.4,4.6
7394,8.5,0.0,8.1,6.5,4.6
7395,8.7,0.0,8.3,6.7,4.7
7396,8.8,0.0,8.4,6.8,4.8
7397,9.2,0.0,8.8,7.1,5.1
7398,9.2,0.0,8.8,7.1,5.0
7399,9.7,0.0,9.2,7.5,5.3
7400,9.8,0.0,9.3,7.5,5.3
7401,9.7,0.0,9.3,-4.3,-1.9
7402,9.0,0.0,8.7,-5.1,-2.5
7403,8.4,0.0,8.1,-5.9,-3.1
7404,8.5,0.0,8.2,-5.7,-3.0
7405,8.7,0.0,-0.8,0.4,0.9
7406,8.2,0.0,-1.3,-6.0,-3.1
7407,8.7,0.0,-0.8,-5.3,-2.6
7408,9.1,0.0,-0.5,-5.0,-2.3
7409,10.1,0.0,0.4,-3.8,-1.5
7410,10.3,0.0,0.6,8.3,5.9
7411,10.5,0.0,0.8,8.4,6.0
7412,10.9,0.0,-12.6,8.7,6.2
7413,10.5,0.0,-12.9,8.2,5.8
7414,11.0,0.0,-12.3,8.7,6.2
7415,11.0,0.0,-12.2,8.6,6.1
7416,11.3,0.0,10.8,8.9,6.3
7417,11.6,0.0,11.0,9.0,6.3
7418,11.5,0.0,10.9,8.8,6.2
7419,11.2,0.0,10.5,8.4,5.8
7420,10.9,0.0,10.2,8.1,5.6
7421,10.7,0.0,10.0,7.9,5.4
7422,10.9,0.0,10.2,8.1,5.6
7423,10.6,0.0,9.9,7.7,5.3
7424,10.7,0.0,10.0,7.8,5.4
7425,10.0,0.0,9.4,-4.4,-2.1
7426,9.4,0.0,8.9,-5.0,-2.5
7427,9.4,0.0,8.9,-5.0,-2.5
7428,8.9,0.0,8.5,-5.6,-2.9
7429,7.2,0.0,-2.5,-2.6,-1.0
7430,6.8,0.0,-2.6,-8.1,-4.4
7431,6.6,0.0,-2.7,-8.4,-4.3
7432,6.8,0.0,-2.7,-8.9,-4.1
7433,7.3,0.0,-2.4,-6.3,-3.3
7434,7.7,0.0,-2.0,6.2,4.5
7435,7.9,0.0,-1.8,6.3,4.6
7436,8.1,0.0,-16.0,6.5,4.7
7437,8.2,0.0,-15.8,6.6,4.8
7438,8.2,0.0,-15.7,6.6,4.8
7439,8.5,0.0,-15.4,6.9,5.0
7440,8.5,0.0,8.3,6.8,4.9
7441,9.0,0.0,8.7,7.1,5.1
7442,9.1,0.0,8.7,7.1,5.1
7443,9.1,0.0,8.8,7.1,5.1
7444,9.6,0.0,9.2,7.5,5.4
7445,9.7,0.0,9.3,7.6,5.4
7446,9.8,0.0,9.4,7.6,5.4
7447,9.9,0.0,9.4,7.7,5.4
7448,10.0,0.0,9.5,7.7,5.4
7449,9.9,0.0,9.5,-4.2,-1.8
7450,10.1,0.0,9.7,-4.0,-1.6
7451,9.8,0.0,9.5,-4.3,-1.9
7452,9.7,0.0,9.3,-4.5,-2.0
7453,9.8,0.0,0.3,1.6,1.7
7454,10.1,0.0,0.6,-3.9,-1.6
7455,10.9,0.0,1.3,-3.2,-1.1
7456,2.5,0.0,1.3,-3.3,-1.1
7457,2.9,0.0,1.6,-3.0,-0.9
7458,3.4,0.0,2.0,9.1,6.5
7459,3.8,0.0,2.3,9.4,6.6
7460,-7.8,0.0,-10.8,9.6,6.8
7461,-7.7,0.0,-10.8,9.4,6.6
7462,-7.3,0.0,-10.6,9.5,6.7
7463,-7.0,0.0,-10.4,9.6,6.7
7464,4.8,0.0,11.8,9.7,6.8
7465,12.8,0.0,12.1,9.8,6.9
7466,13.0,0.0,12.2,9.9,7.0
7467,13.6,0.0,12.8,10.5,7.4
7468,14.0,0.0,13.1,10.8,7.6
7469,14.1,0.0,13.2,10.9,7.6
7470,13.9,0.0,13.0,10.6,7.4
7471,13.6,0.0,12.7,10.2,7.1
7472,16.4,0.0,15.5,13.1,9.3
7473,12.7,0.0,11.7,-2.3,-0.5
7474,11.9,0.0,10.5,-3.7,-1.4
7475,10.9,0.0,9.4,-5.2,-2.3
7476,9.8,0.0,8.6,-6.4,-2.9
7477,9.1,0.0,-0.5,-1.1,0.4
7478,8.7,0.0,-0.6,-6.8,-3.0
7479,8.8,0.0,-0.3,-6.5,-2.6
7480,9.2,0.0,-0.3,-7.5,-2.3
7481,10.2,0.0,0.7,-3.3,-1.0
7482,11.7,0.0,2.1,10.0,7.4
7483,12.3,0.0,2.7,10.5,7.7
7484,12.8,0.0,-10.5,10.8,7.9
7485,13.0,0.0,-10.1,10.9,7.9
7486,13.2,0.0,-9.8,10.9,7.8
7487,13.7,0.0,-9.1,11.2,8.1
7488,13.8,0.0,13.2,11.2,8.0
7489,13.6,0.0,12.8,10.6,7.5
7490,13.7,0.0,13.0,10.7,7.6
7491,13.4,0.0,12.6,10.3,7.2
7492,12.9,0.0,12.1,9.7,6.8
7493,13.1,0.0,12.3,9.9,6.9
7494,13.1,0.0,12.2,9.8,6.8
7495,13.1,0.0,12.2,9.8,6.8
7496,13.2,0.0,12.4,9.9,6.9
7497,12.8,0.0,12.0,-1.9,-0.2
7498,11.5,0.0,10.3,-3.9,-1.5
7499,10.4,0.0,9.5,-4.9,-2.2
7500,10.1,0.0,9.6,-4.8,-2.2
7501,10.2,0.0,1.0,1.5,1.5
7502,10.0,0.0,0.8,-4.6,-2.1
7503,9.5,0.0,0.4,-5.4,-2.4
7504,2.1,0.0,0.8,-4.5,-1.8
7505,2.7,0.0,1.4,-3.3,-1.1
7506,3.3,0.0,1.9,9.0,6.4
7507,3.8,0.0,2.4,9.4,6.7
7508,-7.6,0.0,-10.6,9.7,6.9
7509,-6.8,0.0,-9.9,10.3,7.3
7510,-6.1,0.0,-9.4,10.6,7.5
7511,-5.8,0.0,-9.3,10.4,7.4
7512,6.1,0.0,12.9,10.7,7.6
7513,13.5,0.0,12.7,10.4,7.3
7514,14.5,0.0,13.7,11.4,8.0
7515,14.6,0.0,13.7,11.3,8.0
7516,14.5,0.0,13.7,11.2,7.9
7517,14.4,0.0,13.5,11.0,7.7
7518,14.1,0.0,13.2,10.7,7.5
7519,14.1,0.0,13.2,10.6,7.4
7520,14.1,0.0,13.2,10.6,7.4
7521,14.0,0.0,13.2,10.6,7.4
7522,13.7,0.0,12.9,10.3,7.1
7523,13.5,0.0,12.7,10.1,6.9
7524,13.2,0.0,12.4,9.7,6.7
7525,13.2,0.0,4.0,9.7,6.7
7526,13.0,0.0,3.8,9.5,6.5
7527,12.7,0.0,3.6,9.2,6.3
7528,5.8,0.0,3.5,9.3,6.4
7529,5.9,0.0,3.6,9.5,6.6
7530,6.0,0.0,3.8,9.7,6.7
7531,6.1,0.0,3.8,9.8,6.8
7532,-4.3,0.0,-8.8,9.8,6.8
7533,-4.4,0.0,-8.9,9.7,6.7
7534,-4.4,0.0,-8.9,9.7,6.7
7535,-4.0,0.0,-8.5,10.1,7.0
7536,6.8,0.0,12.9,10.4,7.2
7537,14.0,0.0,13.0,10.4,7.3
7538,14.2,0.0,13.3,10.7,7.5
7539,14.4,0.0,13.4,10.8,7.5
7540,14.6,0.0,13.6,11.0,7.7
7541,14.8,0.0,13.8,11.2,7.8
7542,15.1,0.0,14.1,11.5,8.0
7543,15.5,0.0,14.5,11.9,8.3
7544,15.7,0.0,14.7,12.1,8.4
7545,15.5,0.0,14.6,11.9,8.3
7546,14.8,0.0,13.9,11.0,7.6
7547,14.3,0.0,13.4,10.4,7.2
7548,13.8,0.0,13.0,9.9,6.8
7549,13.6,0.0,4.5,9.8,6.7
7550,13.8,0.0,4.7,10.2,7.0
7551,13.9,0.0,4.8,10.3,7.1
7552,7.2,0.0,4.7,10.3,7.1
7553,7.0,0.0,4.5,10.1,6.9
7554,6.8,0.0,4.3,9.9,6.8
7555,6.8,0.0,4.3,9.9,6.8
7556,-3.4,0.0,-8.2,9.9,6.8
7557,-4.2,0.0,-9.1,9.0,6.1
7558,-4.1,0.0,-8.8,9.4,6.4
7559,-4.5,0.0,-9.1,9.1,6.2
7560,5.7,0.0,11.8,9.2,6.3
7561,12.4,0.0,11.6,8.9,6.1
7562,12.4,0.0,11.5,8.9,6.1
7563,12.5,0.0,11.6,9.0,6.2
7564,12.7,0.0,11.9,9.3,6.4
7565,13.1,0.0,12.2,9.6,6.7
7566,13.0,0.0,12.2,9.6,6.6
7567,13.0,0.0,12.2,9.6,6.6
7568,13.0,0.0,12.1,9.5,6.6
7569,12.6,0.0,11.8,-2.1,-0.4
7570,12.2,0.0,11.5,-2.5,-0.7
7571,11.5,0.0,10.9,-3.3,-1.2
7572,11.0,0.0,10.4,-3.9,-1.7
7573,10.8,0.0,1.8,1.8,1.8
7574,10.7,0.0,1.6,-4.0,-1.7
7575,10.9,0.0,1.8,-3.6,-1.4
7576,11.2,0.0,2.0,-3.2,-1.1
7577,11.7,0.0,2.4,-2.6,-0.7
7578,11.7,0.0,2.4,8.9,6.3
7579,12.1,0.0,2.8,9.3,6.6
7580,12.7,0.0,-9.6,10.0,7.0
7581,13.2,0.0,-9.2,10.3,7.3
7582,12.6,0.0,-9.7,9.7,6.8
7583,12.6,0.0,-9.6,9.7,6.8
7584,12.6,0.0,11.9,9.6,6.7
7585,12.6,0.0,11.8,9.4,6.6
7586,12.8,0.0,12.0,9.6,6.7
7587,12.9,0.0,12.1,9.7,6.8
7588,13.1,0.0,12.3,9.8,6.9
7589,13.2,0.0,12.4,10.0,7.0
7590,13.2,0.0,12.3,9.9,6.9
7591,13.5,0.0,12.7,10.2,7.2
7592,14.3,0.0,13.4,11.0,7.7
7593,14.7,0.0,14.0,0.2,1.4
7594,14.4,0.0,13.7,-0.3,1.0
7595,12.2,0.0,11.4,-2.9,-0.9
7596,11.9,0.0,11.3,-3.1,-1.0
7597,11.4,0.0,2.4,2.2,2.0
7598,10.9,0.0,1.8,-4.6,-1.8
7599,11.6,0.0,2.5,-3.0,-0.9
7600,12.1,0.0,2.9,-2.3,-0.4
7601,13.3,0.0,4.0,-1.0,0.5
7602,14.6,0.0,5.3,11.8,8.4
7603,14.8,0.0,5.5,11.9,8.4
7604,15.0,0.0,-7.0,11.9,8.4
7605,15.6,0.0,-6.2,12.5,8.8
7606,16.0,0.0,-5.7,12.7,9.0
7607,16.5,0.0,-5.1,13.1,9.3
7608,16.5,0.0,15.6,13.0,9.1
7609,16.8,0.0,15.8,13.0,9.1
7610,17.0,0.0,15.9,13.1,9.2
7611,17.2,0.0,16.0,13.2,9.2
7612,18.1,0.0,16.9,14.1,9.9
7613,18.6,0.0,17.4,14.5,10.2
7614,18.1,0.0,16.9,13.9,9.7
7615,18.6,0.0,17.4,14.4,10.1
7616,18.9,0.0,17.6,14.6,10.2
7617,18.1,0.0,16.8,2.8,3.2
7618,16.7,0.0,15.3,0.9,1.9
7619,14.3,0.0,12.9,-1.8,-0.1
7620,13.4,0.0,12.4,-2.4,-0.5
7621,13.1,0.0,4.2,3.1,2.7
7622,12.1,0.0,3.1,-4.6,-1.4
7623,12.0,0.0,3.2,-3.9,-1.0
7624,5.5,0.0,3.5,-2.2,-0.4
7625,6.4,0.0,4.3,-1.1,0.5
7626,8.0,0.0,5.8,11.8,8.4
7627,9.3,0.0,7.0,12.9,9.2
7628,-0.0,0.0,-5.0,13.2,9.4
7629,0.6,0.0,-4.6,13.3,9.4
7630,1.6,0.0,-3.9,13.8,9.7
7631,2.7,0.0,-3.0,14.4,10.1
7632,12.7,0.0,17.6,14.8,10.4
7633,19.1,0.0,17.9,14.9,10.4
7634,19.3,0.0,18.1,15.0,10.5
7635,19.7,0.0,18.4,15.3,10.7
7636,19.7,2.9,18.4,15.2,10.6
7637,19.8,5.3,18.5,15.3,10.7
7638,19.6,4.9,18.3,15.1,10.5
7639,19.8,5.3,18.4,15.3,10.7
7640,19.8,5.4,18.5,15.4,10.8
7641,19.2,4.8,17.8,3.8,4.0
7642,18.1,0.0,16.3,2.0,2.9
7643,16.6,0.0,14.6,-0.1,1.5
7644,15.2,0.0,13.6,-1.5,0.6
7645,14.4,0.0,5.2,3.3,3.5
7646,13.9,0.0,4.9,-2.6,0.2
7647,14.0,0.0,5.3,-2.1,0.6
7648,14.3,0.0,5.5,-0.2,1.1
7649,15.5,0.0,6.5,1.0,2.0
7650,16.6,0.0,7.6,13.4,9.5
7651,17.4,0.0,8.4,14.0,10.0
7652,17.6,0.0,-3.5,14.1,10.0
7653,17.5,0.0,-3.5,13.8,9.8
7654,17.5,0.0,-3.4,13.6,9.6
7655,17.4,0.0,-3.3,13.5,9.4
7656,17.4,0.0,16.3,13.4,9.3
7657,17.8,0.0,16.6,13.5,9.4
7658,17.7,0.0,16.5,13.4,9.3
7659,17.7,0.0,16.5,13.3,9.3
7660,17.8,0.0,16.5,13.4,9.3
7661,17.7,0.0,16.5,13.3,9.3
7662,17.8,0.0,16.5,13.4,9.3
7663,17.9,0.0,16.7,13.5,9.4
7664,18.2,0.0,17.0,13.8,9.6
7665,17.7,1.0,16.6,2.5,3.0
7666,17.4,0.2,16.3,2.1,2.7
7667,16.0,0.0,14.7,0.1,1.4
7668,15.0,0.0,13.6,-1.5,0.5
7669,14.8,0.0,6.0,4.7,3.9
7670,15.3,0.0,6.5,0.2,1.3
7671,15.7,0.0,6.8,0.7,1.8
7672,10.2,0.0,7.2,1.2,2.1
7673,10.3,0.0,7.3,1.3,2.1
7674,10.6,0.0,7.6,12.5,8.7
7675,10.8,0.0,7.7,12.5,8.7
7676,2.3,0.0,-4.0,12.6,8.8
7677,2.7,0.0,-3.6,12.9,8.9
7678,3.3,0.0,-3.1,13.3,9.3
7679,4.0,0.0,-2.5,13.8,9.6
7680,13.1,1.0,17.4,14.3,10.0
7681,19.1,3.9,17.8,14.6,10.2
7682,18.8,3.2,17.6,14.4,10.0
7683,18.7,2.9,17.4,14.2,9.9
7684,18.7,2.9,17.4,14.2,9.9
7685,18.7,2.9,17.4,14.2,9.9
7686,18.6,2.7,17.3,14.1,9.8
7687,18.5,2.3,17.2,14.0,9.7
7688,18.4,2.1,17.1,13.9,9.7
7689,18.1,3.4,17.0,13.8,9.6
7690,18.1,3.2,16.9,13.7,9.6
7691,17.9,2.5,16.8,13.6,9.4
7692,17.3,0.0,16.3,12.8,8.9
7693,16.5,0.0,7.9,11.9,8.2
7694,17.2,0.0,8.5,12.8,8.9
7695,16.9,0.0,8.1,12.5,8.6
7696,11.2,0.0,8.0,12.4,8.6
7697,11.7,0.0,8.4,12.9,8.9
7698,11.8,0.4,8.4,12.9,8.9
7699,11.8,2.1,8.4,12.8,8.9
7700,3.8,1.3,-3.0,12.9,8.9
7701,3.7,1.1,-3.1,12.8,8.9
7702,3.7,1.1,-3.1,12.8,8.9
7703,3.7,1.1,-3.1,12.8,8.9
7704,11.9,2.3,16.1,12.9,8.9
7705,17.5,0.1,16.2,13.0,9.0
7706,17.5,0.1,16.2,13.0,9.0
7707,17.5,0.2,16.3,13.0,9.0
7708,17.5,0.2,16.3,13.0,9.0
7709,17.9,1.0,16.6,13.4,9.3
7710,17.7,0.5,16.4,13.2,9.1
7711,17.6,0.3,16.3,13.1,9.0
7712,17.7,0.5,16.4,13.2,9.1
7713,17.5,1.5,16.3,13.1,9.1
7714,17.2,0.1,16.0,12.8,8.8
7715,17.2,0.3,16.1,12.8,8.8
7716,17.1,0.0,16.0,12.7,8.8
7717,16.9,0.0,8.2,12.5,8.6
7718,17.0,0.0,8.2,12.6,8.7
7719,16.7,0.0,8.0,12.3,8.5
7720,11.3,0.0,7.9,12.4,8.5
7721,11.3,0.0,8.0,12.4,8.6
7722,11.3,0.0,7.9,12.3,8.5
7723,10.7,0.0,7.3,11.8,8.0
7724,2.2,0.0,-4.5,11.4,7.8
7725,2.1,0.0,-4.5,11.6,7.9
7726,2.2,0.0,-4.4,11.7,8.1
7727,2.0,0.0,-4.5,11.7,8.0
7728,10.6,0.0,15.1,12.0,8.2
7729,16.5,0.0,15.3,12.1,8.4
7730,16.7,0.0,15.5,12.3,8.5
7731,16.4,0.0,15.2,12.0,8.3
7732,16.8,0.0,15.6,12.5,8.6
7733,17.9,0.0,16.7,13.6,9.5
7734,17.8,0.0,16.6,13.4,9.3
7735,17.8,0.0,16.6,13.4,9.4
7736,17.6,0.0,16.3,13.1,9.1
7737,16.8,0.0,15.6,1.5,2.3
7738,15.7,0.0,14.2,-0.2,1.2
7739,15.2,0.0,13.9,-0.7,0.9
7740,15.2,0.0,14.3,-0.3,1.1
7741,15.2,0.0,6.4,5.4,4.4
7742,15.1,0.0,6.4,-0.0,1.2
7743,15.1,0.0,6.3,0.1,1.3
7744,15.7,0.0,6.8,0.9,1.8
7745,17.5,0.0,8.6,2.7,3.3
7746,17.6,0.0,8.7,13.8,9.7
7747,17.8,0.0,8.9,13.9,9.7
7748,18.1,0.0,-2.6,14.0,9.8
7749,18.1,0.0,-2.4,13.9,9.7
7750,17.9,0.0,-2.5,13.7,9.5
7751,18.0,2.6,-2.3,13.7,9.5
7752,17.6,2.5,16.4,13.2,9.1
7753,17.4,0.0,16.2,12.9,8.9
7754,17.1,0.0,15.8,12.5,8.6
7755,16.8,0.0,15.6,12.3,8.4
7756,16.7,0.0,15.5,12.2,8.4
7757,16.5,0.0,15.2,12.0,8.2
7758,16.4,0.0,15.2,11.9,8.2
7759,16.1,0.0,14.9,11.6,8.0
7760,15.8,0.0,14.6,11.3,7.7
7761,15.5,0.0,14.4,0.3,1.4
7762,15.2,0.0,14.2,0.0,1.1
7763,14.9,0.0,13.9,-0.3,0.9
7764,14.8,0.0,13.8,-0.4,0.9
7765,14.7,0.0,5.9,5.1,4.1
7766,14.7,0.0,5.8,-0.4,0.9
7767,14.7,0.0,5.8,-0.3,0.9
7768,14.7,0.0,5.8,-0.2,1.0
7769,15.5,0.0,6.6,0.7,1.7
7770,15.3,0.0,6.4,11.5,8.0
7771,15.2,0.0,6.3,11.3,7.8
7772,15.2,0.0,-5.7,11.3,7.8
7773,15.2,0.0,-5.7,11.4,7.9
7774,15.4,0.0,-5.5,11.6,8.0
7775,15.6,0.0,-5.3,11.7,8.1
7776,16.0,0.0,15.1,12.2,8.5
7777,16.8,0.0,15.7,12.8,8.9
7778,16.1,0.0,15.1,12.0,8.4
7779,16.3,0.0,15.2,12.2,8.5
7780,16.0,0.0,14.9,11.9,8.2
7781,16.0,0.0,14.9,11.9,8.2
7782,16.3,0.0,15.2,12.2,8.4
7783,16.4,0.0,15.3,12.3,8.5
7784,17.0,0.0,15.9,12.9,9.0
7785,16.7,0.0,15.7,1.7,2.4
7786,16.1,0.0,15.1,1.0,1.9
7787,15.3,0.0,14.2,-0.3,1.1
7788,14.3,0.0,13.3,-1.4,0.3
7789,13.6,0.0,4.5,3.0,3.0
7790,14.4,0.0,5.5,-0.7,0.8
7791,15.4,0.0,6.4,0.5,1.7
7792,9.6,0.0,7.0,1.3,2.2
7793,9.7,0.0,7.0,1.2,2.1
7794,9.6,0.0,6.8,12.1,8.4
7795,10.3,0.0,7.5,12.6,8.8
7796,1.6,0.0,-4.3,12.7,8.9
7797,1.9,0.0,-4.1,12.8,8.9
7798,2.0,0.0,-4.1,12.7,8.8
7799,1.8,0.0,-4.4,12.2,8.4
7800,10.6,0.0,15.3,12.3,8.5
7801,17.1,0.0,15.9,12.8,8.9
7802,17.4,0.0,16.2,13.1,9.1
7803,17.6,0.0,16.4,13.3,9.2
7804,17.7,0.0,16.5,13.4,9.3
7805,18.3,0.0,17.1,14.0,9.8
7806,17.8,0.0,16.6,13.4,9.3
7807,17.7,0.0,16.4,13.2,9.2
7808,17.7,0.0,16.4,13.2,9.2
7809,17.5,0.0,16.4,2.3,2.8
7810,16.7,0.0,15.2,0.8,1.9
7811,15.7,0.0,14.2,-0.4,1.1
7812,14.6,0.0,13.2,-1.6,0.3
7813,14.1,0.0,5.1,3.6,3.3
7814,13.5,0.0,4.6,-2.4,-0.1
7815,13.7,0.0,4.9,-1.4,0.3
7816,14.1,0.0,5.2,-0.6,0.8
7817,14.5,0.0,5.5,-0.2,1.1
7818,14.8,0.0,5.8,11.3,7.9
7819,15.0,0.0,6.0,11.5,8.1
7820,15.2,0.0,-6.1,11.6,8.1
7821,15.4,0.0,-5.8,11.8,8.3
7822,15.8,0.0,-5.3,12.2,8.6
7823,16.0,0.0,-5.1,12.3,8.6
7824,16.2,0.0,15.3,12.5,8.7
7825,16.5,0.0,15.5,12.6,8.8
7826,16.5,0.0,15.5,12.5,8.8
7827,16.7,0.0,15.6,12.7,8.8
7828,16.9,0.0,15.8,12.9,9.0
7829,17.5,0.0,16.4,13.4,9.4
7830,17.9,0.0,16.8,13.8,9.7
7831,18.0,0.0,16.9,13.9,9.7
7832,18.2,0.0,17.0,14.0,9.8
7833,18.2,0.0,17.1,3.1,3.5
7834,18.2,0.0,17.1,3.1,3.5
7835,17.8,0.0,16.7,2.5,3.0
7836,17.2,0.0,16.1,1.8,2.5
7837,16.8,0.0,8.1,6.8,5.3
7838,15.8,0.0,7.1,0.1,1.3
7839,15.6,0.0,6.9,-0.1,1.3
7840,10.1,0.0,7.2,0.8,1.7
7841,11.4,0.0,8.3,2.1,2.8
7842,12.7,0.0,9.5,14.3,10.0
7843,13.6,5.6,10.3,14.9,10.4
7844,5.2,6.3,-1.6,14.4,10.0
7845,4.2,2.9,-2.6,13.4,9.2
7846,4.5,3.8,-2.4,13.6,9.4
7847,4.9,5.2,-2.0,14.0,9.8
7848,13.7,7.9,18.0,14.8,10.4
7849,19.0,3.6,17.7,14.5,10.1
7850,19.1,3.9,17.9,14.7,10.3
7851,19.4,4.5,18.1,14.9,10.5
7852,18.4,2.1,17.1,13.9,9.7
7853,18.5,2.5,17.3,14.0,9.8
7854,18.5,2.5,17.3,14.1,9.8
7855,18.5,2.5,17.3,14.1,9.8
7856,18.6,2.7,17.4,14.2,9.9
7857,18.3,4.0,17.2,14.0,9.8
7858,18.2,3.2,17.1,13.8,9.6
7859,18.0,2.1,16.9,13.6,9.5
7860,17.5,0.3,16.5,13.1,9.1
7861,16.7,0.0,8.1,12.1,8.4
7862,15.1,0.0,6.4,10.0,7.1
7863,15.4,0.0,6.7,11.0,7.7
7864,10.3,0.0,7.3,12.0,8.3
7865,10.8,0.0,7.7,12.5,8.7
7866,11.0,0.0,7.8,12.6,8.8
7867,11.1,0.0,7.9,12.7,8.8
7868,3.1,0.0,-3.4,12.9,9.0
7869,3.3,0.0,-3.2,13.0,9.0
7870,3.6,0.0,-3.0,13.2,9.1
7871,3.9,0.0,-2.8,13.3,9.2
7872,12.1,2.5,16.4,13.2,9.1
7873,17.9,1.1,16.7,13.4,9.3
7874,17.9,1.1,16.7,13.4,9.3
7875,18.0,1.3,16.8,13.5,9.4
7876,18.3,1.9,17.0,13.8,9.6
7877,18.0,1.3,16.8,13.5,9.4
7878,17.8,0.8,16.5,13.3,9.2
7879,17.6,0.3,16.3,13.1,9.1
7880,17.5,0.1,16.3,13.0,9.0
7881,17.1,0.4,16.0,12.8,8.8
7882,17.1,0.2,15.9,12.7,8.8
7883,16.9,0.0,15.7,12.5,8.6
7884,16.7,0.0,15.6,12.3,8.5
7885,16.4,0.0,7.6,12.0,8.2
7886,16.0,0.0,7.2,11.6,7.9
7887,15.8,0.0,7.0,11.4,7.8
7888,10.1,0.0,6.9,11.4,7.8
7889,10.0,0.0,6.8,11.4,7.8
7890,10.0,0.0,6.8,11.5,7.9
7891,10.0,0.0,6.8,11.5,7.9
7892,1.5,0.0,-4.8,11.6,8.0
7893,1.3,0.0,-5.0,11.5,7.9
7894,1.2,0.0,-5.0,11.5,7.9
7895,1.0,0.0,-5.2,11.3,7.8
7896,9.6,0.0,14.4,11.4,7.8
7897,15.6,0.0,14.5,11.4,7.8
7898,15.5,0.0,14.4,11.3,7.8
7899,15.5,0.0,14.4,11.3,7.8
7900,15.5,0.0,14.4,11.3,7.8
7901,15.7,0.0,14.6,11.6,8.0
7902,16.2,0.0,15.1,12.1,8.4
7903,16.5,0.0,15.4,12.4,8.6
7904,16.2,0.0,15.1,12.1,8.4
7905,15.8,0.0,14.8,0.8,1.8
7906,15.6,0.0,14.6,0.5,1.5
7907,15.3,0.0,14.4,0.2,1.3
7908,15.5,0.0,14.5,0.4,1.5
7909,15.7,0.0,6.8,6.1,4.9
7910,15.8,0.0,7.0,0.8,1.8
7911,15.9,0.0,7.1,0.9,1.9
7912,16.0,0.0,7.1,1.0,2.0
7913,16.4,0.0,7.5,1.4,2.2
7914,17.2,0.0,8.3,13.3,9.3
7915,17.1,0.0,8.2,13.1,9.2
7916,17.1,0.0,-3.5,13.0,9.1
7917,17.5,0.0,-3.1,13.3,9.3
7918,17.7,0.0,-2.8,13.5,9.4
7919,18.2,0.0,-2.2,14.0,9.8
7920,18.2,3.3,17.1,13.9,9.7
7921,18.3,1.9,17.0,13.8,9.6
7922,18.1,1.5,16.8,13.6,9.4
7923,18.6,2.5,17.3,14.1,9.8
7924,19.1,3.9,17.9,14.7,10.3
7925,18.8,3.1,17.5,14.3,10.0
7926,18.7,2.9,17.4,14.2,9.9
7927,18.6,2.6,17.3,14.1,9.8
7928,18.3,2.0,17.1,13.8,9.6
7929,18.1,3.1,16.9,2.9,3.3
7930,17.7,1.4,16.6,2.4,3.0
7931,17.4,0.0,16.4,2.1,2.7
7932,17.0,0.0,16.0,1.6,2.4
7933,16.9,0.0,8.2,6.9,5.4
7934,17.0,0.0,8.3,1.7,2.4
7935,17.1,0.0,8.4,1.8,2.6
7936,17.4,0.0,8.6,2.2,2.8
7937,18.0,0.0,9.2,2.9,3.3
7938,18.4,3.7,9.6,14.2,9.9
7939,18.7,6.3,9.9,14.4,10.1
7940,19.4,9.0,-0.8,15.2,10.7
7941,19.5,9.2,-0.8,15.3,10.7
7942,19.1,7.9,-1.2,14.9,10.4
7943,19.0,7.4,-1.3,14.7,10.3
7944,18.6,6.2,17.5,14.4,10.1
7945,19.4,4.6,18.2,15.0,10.6
7946,18.8,3.2,17.6,14.4,10.1
7947,18.7,3.0,17.5,14.3,10.0
7948,18.9,3.4,17.7,14.5,10.2
7949,18.8,3.2,17.6,14.4,10.1
7950,18.5,2.5,17.3,14.1,9.9
7951,18.6,2.8,17.4,14.2,10.0
7952,18.5,2.5,17.3,14.1,9.9
7953,18.3,4.2,17.2,3.2,3.6
7954,17.9,2.4,16.8,2.7,3.2
7955,17.0,0.0,16.0,1.8,2.5
7956,16.3,0.0,15.4,1.0,1.9
7957,16.0,0.0,7.4,6.0,4.8
7958,15.0,0.0,6.2,-1.3,0.8
7959,15.1,0.0,6.4,-0.9,1.2
7960,9.9,0.0,7.2,1.1,2.1
7961,11.2,0.0,8.4,2.4,3.0
7962,12.1,0.0,9.1,14.1,9.9
7963,12.7,0.0,9.5,14.4,10.1
7964,4.7,0.0,-1.9,14.3,10.1
7965,4.8,4.7,-2.0,14.1,9.8
7966,4.7,4.8,-2.0,14.0,9.7
7967,5.7,8.0,-1.1,14.9,10.5
7968,13.9,11.1,18.2,15.1,10.6
7969,18.4,2.2,17.2,13.9,9.7
7970,19.1,3.9,17.9,14.7,10.3
7971,19.0,3.7,17.8,14.6,10.3
7972,18.7,3.0,17.5,14.3,10.0
7973,18.4,2.3,17.2,14.0,9.8
7974,18.2,1.8,17.0,13.8,9.6
7975,18.0,1.4,16.8,13.6,9.5
7976,17.9,1.2,16.7,13.5,9.4
7977,17.8,2.6,16.7,2.7,3.2
7978,17.8,2.8,16.7,2.7,3.2
7979,17.6,2.1,16.5,2.5,3.0
7980,17.1,0.4,16.0,2.0,2.6
7981,16.8,0.0,8.0,7.0,5.5
7982,16.1,0.0,7.4,0.9,1.8
7983,15.6,0.0,6.9,0.4,1.4
7984,15.7,0.0,7.0,0.5,1.5
7985,16.0,0.0,7.2,0.9,1.8
7986,16.1,0.0,7.3,12.0,8.3
7987,16.5,0.0,7.7,12.4,8.6
7988,16.1,0.0,-4.4,12.0,8.3
7989,17.0,0.0,-3.5,12.9,9.0
7990,16.9,0.0,-3.5,12.8,8.9
7991,16.3,0.0,-4.1,12.1,8.3
7992,16.2,0.0,15.1,12.0,8.2
7993,16.7,0.0,15.5,12.3,8.5
7994,16.6,0.0,15.5,12.3,8.5
7995,16.6,0.0,15.4,12.2,8.5
7996,16.4,0.0,15.3,12.1,8.4
7997,16.3,0.0,15.2,12.0,8.3
7998,16.1,0.0,14.9,11.7,8.1
7999,16.2,0.0,15.1,11.9,8.2
8000,16.1,0.0,15.0,11.9,8.2
8001,16.3,0.0,15.3,1.2,2.1
8002,15.1,0.0,14.1,-0.1,1.1
8003,15.5,0.0,14.5,0.4,1.5
8004,15.9,0.0,14.9,0.9,1.8
8005,15.6,0.0,6.8,6.0,4.8
8006,15.1,0.0,6.4,-0.0,1.2
8007,15.1,0.0,6.3,-0.1,1.2
8008,9.3,0.0,6.4,0.2,1.4
8009,10.2,0.0,7.3,1.3,2.2
8010,11.0,0.0,8.0,13.0,9.1
8011,11.1,0.0,8.1,13.0,9.1
8012,2.9,0.0,-3.4,13.1,9.2
8013,3.3,0.0,-3.1,13.3,9.3
8014,3.0,0.0,-3.5,12.8,8.9
8015,3.7,0.0,-2.9,13.4,9.3
8016,13.0,0.9,17.3,14.2,9.9
8017,18.8,3.2,17.6,14.4,10.0
8018,18.2,1.6,16.9,13.7,9.5
8019,18.0,1.3,16.8,13.5,9.4
8020,18.3,1.9,17.0,13.8,9.6
8021,17.8,0.9,16.6,13.3,9.2
8022,18.2,1.8,17.0,13.7,9.5
8023,18.4,2.1,17.1,13.9,9.7
8024,17.7,0.5,16.4,13.2,9.1
8025,17.7,2.1,16.5,13.3,9.2
8026,16.9,0.0,15.8,12.5,8.6
8027,16.4,0.0,15.4,12.0,8.2
8028,16.2,0.0,15.2,11.8,8.1
8029,15.5,0.0,6.8,11.0,7.5
8030,15.1,0.0,6.4,10.5,7.2
8031,17.6,0.0,8.9,13.4,9.5
8032,9.5,0.0,6.4,10.9,7.5
8033,9.4,0.0,6.3,11.0,7.6
8034,9.3,0.0,6.2,11.0,7.5
8035,9.1,0.0,6.0,10.9,7.5
8036,-0.2,0.0,-6.2,10.6,7.2
8037,-0.6,0.0,-6.5,10.3,7.0
8038,-0.9,0.0,-6.7,10.3,7.0
8039,-0.9,0.0,-6.6,10.4,7.2
8040,8.4,0.0,13.6,10.7,7.4
8041,14.6,0.0,13.6,10.6,7.3
8042,14.0,0.0,13.0,10.0,6.9
8043,14.1,0.0,13.1,10.1,7.0
8044,14.3,0.0,13.3,10.4,7.2
8045,14.5,0.0,13.5,10.6,7.3
8046,14.4,0.0,13.5,10.6,7.3
8047,14.5,0.0,13.5,10.6,7.4
8048,14.4,0.0,13.4,10.5,7.3
8049,14.2,0.0,13.4,10.6,7.3
8050,14.0,0.0,13.2,10.3,7.2
8051,13.8,0.0,13.0,10.1,7.0
8052,13.6,0.0,12.8,10.0,6.9
8053,13.6,0.0,4.6,10.0,6.9
8054,13.4,0.0,4.4,9.8,6.8
8055,13.4,0.0,4.4,9.9,6.8
8056,6.8,0.0,4.3,9.9,6.8
8057,6.8,0.0,4.4,10.0,6.9
8058,6.6,0.0,4.2,9.9,6.9
8059,6.7,0.0,4.3,10.0,6.9
8060,-3.3,0.0,-8.1,10.1,7.0
8061,-3.4,0.0,-8.1,10.1,7.0
8062,-3.3,0.0,-8.1,10.1,7.1
8063,-3.0,0.0,-7.7,10.5,7.3
8064,7.3,0.0,13.2,10.6,7.4
8065,14.2,0.0,13.3,10.6,7.4
8066,14.4,0.0,13.5,10.8,7.6
8067,14.7,0.0,13.8,11.2,7.8
8068,15.0,0.0,14.1,11.4,8.0
8069,15.8,0.0,14.8,12.1,8.6
8070,16.0,0.0,15.1,12.4,8.7
8071,16.0,0.0,15.0,12.3,8.6
8072,16.1,0.0,15.1,12.3,8.7
8073,15.7,0.0,14.8,0.9,1.9
8074,15.8,0.0,14.8,0.9,1.9
8075,15.3,0.0,14.3,0.3,1.4
8076,15.0,0.0,14.1,0.1,1.2
8077,14.8,0.0,5.8,5.4,4.3
8078,14.7,0.0,5.7,-0.3,1.0
8079,14.5,0.0,5.5,-0.4,0.9
8080,14.4,0.0,5.4,-0.5,0.8
8081,13.9,0.0,4.9,-1.0,0.4
8082,13.7,0.0,4.7,10.0,6.8
8083,13.7,0.0,4.6,9.9,6.8
8084,13.7,0.0,-7.6,10.0,6.9
8085,13.5,0.0,-7.8,9.8,6.8
8086,13.2,0.0,-8.2,9.6,6.6
8087,13.2,0.0,-8.2,9.7,6.6
8088,13.1,0.0,12.3,9.6,6.6
8089,13.2,0.0,12.3,9.6,6.6
8090,13.3,0.0,12.4,9.7,6.7
8091,13.5,0.0,12.6,9.9,6.8
8092,13.6,0.0,12.7,10.0,6.9
8093,13.7,0.0,12.8,10.1,7.0
8094,13.8,0.0,12.9,10.2,7.1
8095,13.9,0.0,13.0,10.3,7.2
8096,13.9,0.0,13.0,10.4,7.2
8097,14.0,0.0,13.2,-0.7,0.7
8098,13.4,0.0,12.5,-1.5,0.1
8099,12.7,0.0,11.6,-2.7,-0.6
8100,12.6,0.0,11.8,-2.5,-0.5
8101,12.1,0.0,3.0,2.6,2.6
8102,11.7,0.0,2.4,-4.2,-1.2
8103,12.0,0.0,3.0,-2.6,-0.5
8104,12.6,0.0,3.5,-1.7,0.0
8105,13.0,0.0,3.8,-1.3,0.3
8106,13.3,0.0,4.1,10.4,7.4
8107,13.5,0.0,4.3,10.6,7.5
8108,13.8,0.0,-8.2,10.8,7.7
8109,13.9,0.0,-8.1,10.8,7.6
8110,14.1,0.0,-7.8,10.9,7.7
8111,14.3,0.0,-7.5,11.1,7.8
8112,14.6,0.0,13.9,11.4,8.0
8113,15.1,0.0,14.2,11.7,8.2
8114,15.2,0.0,14.3,11.7,8.2
8115,15.5,0.0,14.6,11.9,8.4
8116,15.5,0.0,14.5,11.9,8.3
8117,15.5,0.0,14.5,11.8,8.3
8118,15.6,0.0,14.6,11.9,8.3
8119,15.5,0.0,14.5,11.8,8.2
8120,15.4,0.0,14.4,11.6,8.1
8121,15.2,0.0,14.3,0.4,1.5
8122,15.0,0.0,14.1,0.1,1.3
8123,14.5,0.0,13.6,-0.5,0.8
8124,14.1,0.0,13.3,-0.9,0.5
8125,13.7,0.0,4.8,4.2,3.5
8126,13.5,0.0,4.6,-1.6,0.1
8127,13.5,0.0,4.6,-1.5,0.2
8128,7.4,0.0,4.9,-0.8,0.6
8129,8.0,0.0,5.5,-0.1,1.1
8130,8.2,0.0,5.6,11.2,7.8
8131,8.6,0.0,6.0,11.5,8.0
8132,-0.5,0.0,-5.8,12.0,8.3
8133,-0.2,0.0,-5.5,12.1,8.4
8134,0.1,0.0,-5.4,12.1,8.4
8135,0.3,0.0,-5.3,12.0,8.4
8136,9.7,0.0,14.9,12.1,8.4
8137,16.2,0.0,15.1,12.2,8.4
8138,16.2,0.0,15.1,12.1,8.4
8139,16.1,0.0,15.0,12.0,8.3
8140,16.2,0.0,15.1,12.1,8.4
8141,16.2,0.0,15.1,12.1,8.4
8142,16.4,0.0,15.3,12.3,8.5
8143,16.3,0.0,15.1,12.1,8.4
8144,16.5,0.0,15.4,12.4,8.6
8145,16.4,0.0,15.3,1.4,2.1
8146,15.5,0.0,14.5,0.4,1.4
8147,14.9,0.0,13.9,-0.4,0.9
8148,14.2,0.0,13.3,-1.1,0.3
8149,14.1,0.0,5.2,4.4,3.5
8150,13.7,0.0,4.8,-1.5,0.1
8151,13.9,0.0,4.9,-1.2,0.3
8152,14.2,0.0,5.2,-0.7,0.7
8153,14.4,0.0,5.4,-0.4,0.9
8154,14.6,0.0,5.5,10.9,7.5
8155,14.6,0.0,5.5,10.9,7.5
8156,14.7,0.0,-6.5,11.0,7.7
8157,14.7,0.0,-6.6,11.0,7.6
8158,14.8,0.0,-6.4,11.2,7.7
8159,14.9,0.0,-6.3,11.2,7.8
8160,15.0,0.0,14.1,11.3,7.9
8161,15.3,0.0,14.2,11.4,7.9
8162,15.4,0.0,14.3,11.5,8.0
8163,15.3,0.0,14.3,11.4,7.9
8164,15.4,0.0,14.4,11.5,8.0
8165,15.4,0.0,14.3,11.4,7.9
8166,15.4,0.0,14.4,11.5,8.0
8167,15.4,0.0,14.4,11.5,7.9
8168,15.4,0.0,14.3,11.4,7.9
8169,15.2,0.0,14.2,0.3,1.4
8170,15.1,0.0,14.2,0.2,1.3
8171,14.9,0.0,14.0,-0.1,1.1
8172,14.4,0.0,13.6,-0.7,0.7
8173,14.3,0.0,5.3,4.7,3.8
8174,13.9,0.0,5.0,-1.2,0.4
8175,13.8,0.0,4.9,-1.2,0.4
8176,7.7,0.0,5.2,-0.6,0.7
8177,8.4,0.0,5.8,0.1,1.3
8178,8.6,0.0,6.0,11.4,7.9
8179,8.9,0.0,6.2,11.6,8.1
8180,-0.4,0.0,-5.8,11.7,8.1
8181,-0.2,0.0,-5.7,11.7,8.2
8182,0.1,0.0,-5.5,11.9,8.2
8183,0.4,0.0,-5.3,12.0,8.3
8184,9.9,0.0,15.0,12.2,8.5
8185,16.4,0.0,15.3,12.3,8.6
8186,16.6,0.0,15.5,12.5,8.7
8187,16.5,0.0,15.4,12.4,8.6
8188,16.7,0.0,15.5,12.6,8.7
8189,16.9,0.0,15.8,12.8,8.9
8190,17.1,0.0,15.9,12.9,9.0
8191,17.3,0.0,16.1,13.1,9.1
8192,17.4,0.0,16.2,13.2,9.2
8193,17.4,0.0,16.3,13.3,9.3
8194,17.5,0.0,16.4,13.3,9.3
8195,17.5,0.0,16.4,13.2,9.1
8196,17.3,0.0,16.2,13.0,9.0
8197,17.4,0.0,8.6,13.1,9.1
8198,17.3,0.0,8.5,12.9,8.9
8199,17.5,0.0,8.6,13.1,9.1
8200,12.3,0.0,8.9,13.4,9.3
8201,12.8,6.1,9.4,13.9,9.6
8202,12.7,5.7,9.2,13.7,9.5
8203,12.7,5.9,9.2,13.7,9.5
8204,5.1,6.0,-1.8,14.2,9.9
8205,5.1,5.8,-1.8,14.2,9.9
8206,4.9,5.3,-1.9,14.0,9.8
8207,4.9,5.3,-1.9,14.1,9.8
8208,12.9,6.8,17.1,14.0,9.7
8209,18.7,2.9,17.5,14.2,9.9
8210,18.8,3.1,17.5,14.3,10.0
8211,18.9,3.3,17.6,14.4,10.0
8212,19.0,3.7,17.8,14.6,10.2
8213,19.1,3.8,17.8,14.6,10.2
8214,19.1,3.9,17.9,14.7,10.3
8215,19.2,4.1,17.9,14.7,10.3
8216,19.1,4.0,17.9,14.7,10.3
8217,18.9,6.0,17.8,14.6,10.2
8218,18.9,6.0,17.8,14.6,10.3
8219,18.9,6.0,17.8,14.7,10.3
8220,18.9,5.8,17.8,14.6,10.3
8221,18.9,5.7,10.1,14.6,10.3
8222,18.9,5.8,10.1,14.7,10.3
8223,18.9,6.0,10.2,14.7,10.3
8224,13.7,10.2,10.3,14.9,10.4
8225,13.8,10.5,10.4,14.9,10.5
8226,13.8,10.5,10.4,14.9,10.5
8227,13.7,10.3,10.3,14.9,10.5
8228,5.6,7.7,-1.2,14.8,10.4
8229,5.6,7.9,-1.1,14.9,10.5
8230,5.6,7.9,-1.1,14.9,10.5
8231,5.6,7.9,-1.1,14.9,10.5
8232,13.7,10.1,18.0,14.9,10.4
8233,19.3,4.3,18.1,14.9,10.5
8234,19.2,4.2,18.0,14.8,10.4
8235,19.2,4.2,18.0,14.8,10.4
8236,19.2,4.2,18.0,14.9,10.5
8237,19.2,4.2,18.0,14.9,10.5
8238,19.2,4.1,18.0,14.8,10.4
8239,19.2,4.3,18.0,14.9,10.5
8240,19.2,4.3,18.0,14.9,10.5
8241,19.1,6.6,18.0,4.1,4.2
8242,19.1,6.6,18.0,4.0,4.2
8243,19.1,6.6,18.0,4.1,4.2
8244,19.0,6.2,17.9,4.0,4.2
8245,18.9,6.0,10.2,9.3,7.3
8246,19.0,6.1,10.3,3.9,4.2
8247,19.0,6.3,10.3,4.0,4.2
8248,19.0,6.5,10.3,4.0,4.2
8249,19.1,6.7,10.4,4.1,4.3
8250,19.1,6.8,10.4,15.0,10.6
8251,19.1,7.9,10.4,14.9,10.5
8252,19.2,8.2,-1.0,15.0,10.6
8253,19.2,8.2,-1.0,15.0,10.6
8254,19.2,8.4,-1.0,15.1,10.7
8255,19.2,8.4,-1.0,15.1,10.7
8256,19.3,8.8,18.3,15.2,10.8
8257,19.6,5.1,18.4,15.3,10.8
8258,19.6,5.2,18.4,15.3,10.8
8259,19.6,5.3,18.5,15.3,10.9
8260,19.6,5.2,18.4,15.3,10.8
8261,19.5,5.0,18.3,15.2,10.8
8262,19.5,5.0,18.3,15.2,10.8
8263,19.5,5.0,18.3,15.2,10.8
8264,19.4,4.9,18.3,15.2,10.7
8265,19.3,7.4,18.3,4.3,4.5
8266,19.3,7.3,18.2,4.3,4.5
8267,19.3,7.2,18.3,4.3,4.5
8268,19.2,6.7,18.2,4.2,4.4
8269,19.2,6.7,10.6,9.6,7.6
8270,19.3,7.1,10.6,4.3,4.5
8271,19.3,7.4,10.7,4.4,4.5
8272,19.4,7.6,10.7,4.4,4.6
8273,19.5,8.0,10.8,4.6,4.7
8274,19.4,7.9,10.8,15.4,10.9
8275,19.4,9.2,10.8,15.4,10.9
8276,19.5,9.4,-0.7,15.4,10.9
8277,19.5,9.4,-0.7,15.4,10.9
8278,19.6,9.7,-0.6,15.5,11.0
8279,19.5,9.4,-0.7,15.4,11.0
8280,19.5,9.4,18.5,15.4,11.0
8281,19.7,5.5,18.6,15.5,11.0
8282,19.7,5.5,18.6,15.5,11.0
8283,19.6,5.4,18.5,15.4,10.9
8284,19.6,5.4,18.5,15.4,11.0
8285,19.7,5.6,18.6,15.5,11.0
8286,19.8,5.8,18.7,15.6,11.1
8287,19.7,5.6,18.6,15.5,11.0
8288,19.6,5.4,18.5,15.4,11.0
8289,19.5,8.1,18.5,4.6,4.7
8290,19.5,8.1,18.5,4.6,4.7
8291,19.4,7.6,18.4,4.5,4.6
8292,19.3,7.2,18.3,4.3,4.5
8293,19.1,6.7,10.5,9.6,7.5
8294,19.0,6.4,10.4,4.1,4.3
8295,19.0,6.6,10.4,4.1,4.3
8296,13.7,10.6,10.5,4.2,4.4
8297,13.7,10.4,10.4,4.2,4.4
8298,13.6,9.8,10.3,14.9,10.5
8299,13.5,9.6,10.2,14.8,10.5
8300,5.4,7.2,-1.3,14.8,10.5
8301,5.3,7.0,-1.3,14.7,10.4
8302,5.3,7.0,-1.3,14.7,10.4
8303,5.3,6.8,-1.4,14.7,10.4
8304,13.3,8.7,17.7,14.6,10.3
8305,18.9,3.6,17.8,14.6,10.3
8306,18.9,3.6,17.8,14.6,10.3
8307,18.8,3.5,17.7,14.6,10.3
8308,18.8,3.5,17.7,14.6,10.3
8309,18.8,3.4,17.7,14.5,10.3
8310,18.8,3.4,17.7,14.5,10.3
8311,18.7,3.3,17.6,14.5,10.2
8312,18.7,3.3,17.6,14.5,10.2
8313,18.5,5.0,17.5,3.5,3.9
8314,18.3,4.4,17.3,3.4,3.8
8315,18.0,2.9,17.0,2.9,3.4
8316,17.3,0.4,16.4,2.2,2.9
8317,16.8,0.0,8.2,7.0,5.6
8318,16.4,0.0,7.8,1.3,2.2
8319,16.2,0.0,7.6,1.0,2.0
8320,16.6,0.0,7.9,1.5,2.4
8321,16.9,0.0,8.2,1.9,2.6
8322,17.1,0.0,8.4,13.0,9.1
8323,17.7,0.0,9.0,13.6,9.6
8324,18.6,4.9,-1.7,14.4,10.2
8325,19.3,8.6,-0.9,15.1,10.7
8326,19.3,8.6,-0.9,15.2,10.7
8327,19.6,9.8,-0.6,15.5,11.0
8328,19.8,10.5,18.8,15.7,11.1
8329,20.0,6.3,18.9,15.8,11.2
8330,20.6,7.5,19.4,16.4,11.7
8331,20.6,7.6,19.5,16.4,11.7
8332,21.0,8.6,19.9,16.8,12.0
8333,21.2,9.1,20.1,17.0,12.2
8334,21.3,9.2,20.2,17.1,12.2
8335,21.3,9.2,20.2,17.1,12.3
8336,21.3,9.2,20.2,17.1,12.3
8337,20.7,11.6,19.7,5.8,5.6
8338,18.8,4.7,17.8,3.7,4.1
8339,18.1,1.9,17.2,3.0,3.5
8340,17.4,0.0,16.5,2.2,2.9
8341,16.9,0.0,8.3,7.0,5.6
8342,16.9,0.0,8.3,1.7,2.6
8343,16.3,0.0,7.7,-0.1,2.1
8344,10.9,0.0,8.0,1.7,2.5
8345,11.7,0.0,8.7,2.5,3.2
8346,12.1,0.0,8.9,13.6,9.6
8347,12.4,1.9,9.2,13.8,9.7
8348,4.6,4.3,-2.1,13.9,9.7
8349,4.6,4.5,-2.1,13.9,9.8
8350,4.5,4.2,-2.2,13.8,9.7
8351,4.4,3.8,-2.3,13.7,9.6
8352,12.3,2.9,16.6,13.5,9.4
8353,17.8,0.9,16.6,13.4,9.4
8354,17.5,0.2,16.3,13.1,9.1
8355,17.4,0.0,16.2,13.0,9.0
8356,17.1,0.0,16.0,12.7,8.8
8357,16.8,0.0,15.6,12.4,8.6
8358,16.5,0.0,15.4,12.1,8.4
8359,16.4,0.0,15.3,12.0,8.3
8360,15.7,0.0,14.6,11.3,7.8
8361,15.1,0.0,14.1,10.9,7.5
8362,14.8,0.0,13.9,10.7,7.3
8363,14.3,0.0,13.3,10.1,6.9
8364,13.7,0.0,12.8,9.5,6.5
8365,13.2,0.0,4.5,9.0,6.2
8366,13.2,0.0,4.4,9.3,6.4
8367,13.2,0.0,4.4,9.4,6.5
8368,6.9,0.0,4.4,9.6,6.6
8369,7.1,0.0,4.6,10.0,7.0
8370,7.3,0.0,4.8,10.3,7.2
8371,7.3,0.0,4.8,10.4,7.2
8372,-2.1,0.0,-7.0,10.8,7.6
8373,-1.9,0.0,-6.9,11.0,7.7
8374,-1.3,0.0,-6.3,11.6,8.1
8375,-1.4,0.0,-6.5,11.2,7.9
8376,8.0,0.0,13.6,10.9,7.6
8377,14.8,0.0,13.9,11.1,7.7
8378,15.1,0.0,14.2,11.4,8.0
8379,15.6,0.0,14.7,11.9,8.4
8380,15.4,0.0,14.5,11.7,8.2
8381,15.2,0.0,14.3,11.5,8.0
8382,15.0,0.0,14.1,11.2,7.8
8383,15.0,0.0,14.1,11.2,7.8
8384,15.0,0.0,14.0,11.2,7.8
8385,14.8,0.0,14.0,11.2,7.8
8386,14.9,0.0,14.0,11.2,7.8
8387,14.7,0.0,13.8,11.0,7.6
8388,14.5,0.0,13.7,10.8,7.5
8389,14.3,0.0,5.4,10.5,7.3
8390,14.3,0.0,5.4,10.5,7.3
8391,14.4,0.0,5.5,10.7,7.5
8392,8.1,0.0,5.5,10.9,7.6
8393,8.5,0.0,5.9,11.3,7.9
8394,8.9,0.0,6.2,11.6,8.1
8395,9.1,0.0,6.4,11.7,8.2
8396,0.1,0.0,-5.4,12.0,8.4
8397,0.5,0.0,-5.1,12.2,8.5
8398,0.8,0.0,-4.9,12.3,8.6
8399,1.3,0.0,-4.5,12.6,8.8
8400,10.4,0.0,15.4,12.5,8.7
8401,16.8,0.0,15.6,12.6,8.8
8402,16.7,0.0,15.6,12.6,8.7
8403,16.9,0.0,15.8,12.7,8.9
8404,17.3,0.0,16.1,13.1,9.1
8405,17.4,0.0,16.2,13.2,9.2
8406,17.5,0.0,16.3,13.2,9.2
8407,17.8,0.0,16.6,13.5,9.4
8408,17.1,0.0,15.9,12.7,8.8
8409,16.8,0.0,15.7,1.6,2.3
8410,16.7,0.0,15.6,1.5,2.3
8411,16.5,0.0,15.4,1.3,2.0
8412,16.2,0.0,15.2,1.0,1.9
8413,16.2,0.0,7.4,6.5,5.0
8414,16.2,0.0,7.4,1.0,1.9
8415,16.3,0.0,7.5,1.1,2.0
8416,16.6,0.0,7.7,1.5,2.2
8417,16.9,0.0,8.1,1.8,2.5
8418,17.2,0.0,8.3,13.0,9.0
8419,17.4,0.0,8.5,13.2,9.1
8420,17.5,0.0,-2.9,13.2,9.2
8421,17.6,0.0,-2.8,13.3,9.2
8422,17.7,1.6,-2.7,13.3,9.2
8423,17.8,3.3,-2.5,13.5,9.3
8424,17.8,3.1,16.6,13.4,9.3
8425,18.0,1.3,16.7,13.5,9.3
8426,18.0,1.2,16.7,13.4,9.3
8427,17.9,1.1,16.6,13.4,9.3
8428,17.8,0.7,16.5,13.2,9.2
8429,17.7,0.5,16.4,13.2,9.1
8430,17.6,0.3,16.3,13.1,9.0
8431,17.4,0.0,16.2,12.9,8.9
8432,17.2,0.0,16.0,12.7,8.8
8433,16.8,0.0,15.6,1.5,2.2
8434,16.5,0.0,15.3,1.2,2.0
8435,16.1,0.0,15.0,0.7,1.7
8436,15.5,0.0,14.4,0.1,1.2
8437,15.3,0.0,6.6,5.5,4.3
8438,15.2,0.0,6.4,0.1,1.2
8439,15.1,0.0,6.2,-0.1,1.1
8440,14.9,0.0,6.0,-0.2,1.0
8441,14.8,0.0,6.0,-0.2,1.0
8442,14.7,0.0,5.8,10.7,7.3
8443,14.6,0.0,5.7,10.7,7.3
8444,14.6,0.0,-6.3,10.6,7.3
8445,14.5,0.0,-6.5,10.6,7.3
8446,14.3,0.0,-6.7,10.4,7.2
8447,14.0,0.0,-7.0,10.2,7.0
8448,13.9,0.0,13.0,10.1,7.0
8449,14.2,0.0,13.3,10.3,7.1
8450,14.3,0.0,13.4,10.5,7.2
8451,14.1,0.0,13.2,10.3,7.1
8452,14.0,0.0,13.1,10.2,7.0
8453,14.0,0.0,13.0,10.2,7.0
8454,14.0,0.0,13.0,10.2,7.0
8455,14.1,0.0,13.1,10.3,7.1
8456,14.0,0.0,13.1,10.3,7.1
8457,13.7,0.0,12.9,-1.0,0.4
8458,14.2,0.0,13.4,-0.5,0.9
8459,14.4,0.0,13.6,-0.3,1.0
8460,14.5,0.0,13.7,-0.2,1.1
8461,14.6,0.0,5.6,5.5,4.4
8462,14.7,0.0,5.7,-0.1,1.1
8463,14.8,0.0,5.8,0.0,1.2
8464,8.5,0.0,5.9,0.1,1.3
8465,8.6,0.0,5.9,0.2,1.3
8466,8.7,0.0,6.0,11.4,7.9
8467,8.9,0.0,6.1,11.5,8.0
8468,-0.3,0.0,-5.8,11.6,8.0
8469,-0.2,0.0,-5.7,11.6,8.1
8470,0.1,0.0,-5.5,11.8,8.2
8471,0.4,0.0,-5.3,12.0,8.3
8472,9.9,0.0,15.0,12.2,8.5
8473,16.5,0.0,15.4,12.4,8.6
8474,16.7,0.0,15.6,12.6,8.8
8475,17.1,0.0,15.9,13.0,9.1
8476,17.4,0.0,16.3,13.3,9.3
8477,17.7,0.0,16.5,13.5,9.5
8478,18.0,0.0,16.8,13.8,9.6
8479,18.3,0.0,17.0,14.0,9.8
8480,18.5,0.0,17.3,14.2,9.9
8481,18.4,0.0,17.3,3.3,3.6
8482,18.8,0.2,17.6,3.6,3.8
8483,18.8,5.1,17.6,3.5,3.8
8484,18.6,4.1,17.4,3.3,3.6
8485,18.6,4.3,9.8,8.7,6.7
8486,18.6,4.3,9.8,3.3,3.6
8487,18.5,3.6,9.8,3.2,3.6
8488,18.8,5.2,10.0,3.6,3.8
8489,19.0,6.2,10.2,3.8,4.0
8490,19.0,6.4,10.2,14.8,10.3
8491,19.1,7.9,10.3,14.9,10.4
8492,19.2,8.3,-1.1,15.0,10.5
8493,19.4,9.0,-0.9,15.2,10.7
8494,19.6,9.7,-0.7,15.4,10.8
8495,19.8,10.4,-0.5,15.6,11.0
8496,20.0,11.1,18.9,15.8,11.2
8497,20.3,6.7,19.1,16.0,11.3
8498,20.5,7.1,19.2,16.1,11.4
8499,20.6,7.5,19.4,16.3,11.5
8500,20.8,7.9,19.6,16.5,11.7
8501,21.0,8.4,19.8,16.7,11.9
8502,21.1,8.7,19.9,16.8,12.0
8503,21.2,8.8,20.0,16.9,12.0
8504,21.2,8.9,20.0,17.0,12.1
8505,21.1,12.8,20.0,6.2,5.9
8506,20.8,9.2,19.5,5.5,5.5
8507,20.0,2.0,18.5,4.2,4.7
8508,19.4,0.0,17.9,3.2,4.1
8509,18.9,0.0,9.7,7.8,6.9
8510,18.2,0.0,9.3,1.8,3.4
8511,18.1,0.0,9.5,1.5,3.6
8512,12.7,0.0,10.0,3.9,4.2
8513,14.1,0.3,11.0,4.9,4.9
8514,15.0,16.1,11.7,16.4,11.6
8515,15.2,16.9,11.9,16.6,11.8
8516,7.3,13.9,0.6,16.7,11.9
8517,7.5,14.6,0.8,16.9,12.1
8518,7.5,14.6,0.8,16.9,12.1
8519,7.6,15.1,0.9,17.1,12.2
8520,15.7,15.1,20.1,17.1,12.2
8521,21.4,9.4,20.2,17.2,12.3
8522,21.5,9.6,20.3,17.3,12.4
8523,21.5,9.6,20.3,17.3,12.4
8524,21.6,9.9,20.4,17.4,12.5
8525,21.7,10.2,20.6,17.6,12.6
8526,21.6,10.0,20.5,17.5,12.5
8527,21.6,10.1,20.5,17.5,12.6
8528,21.6,10.0,20.5,17.5,12.5
8529,21.3,13.7,20.3,17.4,12.5
8530,20.5,10.3,19.5,16.4,11.8
8531,19.8,7.4,18.9,15.6,11.2
8532,18.6,3.1,17.7,14.3,10.2
8533,16.8,0.0,7.9,11.5,8.5
8534,16.8,0.0,8.2,12.3,8.9
8535,17.0,0.0,8.5,12.9,9.2
8536,11.8,0.0,8.9,13.6,9.6
8537,13.0,1.4,9.9,14.6,10.4
8538,13.8,11.0,10.6,15.2,10.8
8539,14.1,12.1,10.8,15.4,10.9
8540,6.0,9.4,-0.7,15.4,10.9
8541,5.9,9.2,-0.7,15.4,10.9
8542,6.1,9.7,-0.6,15.5,11.0
8543,6.4,10.9,-0.2,15.9,11.3
8544,14.6,14.4,19.0,16.0,11.4
8545,20.4,7.2,19.3,16.2,11.6
8546,20.5,7.4,19.4,16.3,11.6
8547,20.3,7.1,19.3,16.2,11.5
8548,20.3,7.0,19.2,16.1,11.5
8549,20.4,7.2,19.3,16.2,11.6
8550,20.5,7.6,19.5,16.4,11.7
8551,20.7,7.9,19.6,16.5,11.8
8552,20.7,8.0,19.7,16.6,11.9
8553,20.6,11.6,19.6,16.6,11.9
8554,20.5,10.4,19.5,16.4,11.8
8555,20.3,9.6,19.4,16.2,11.6
8556,18.8,0.0,17.5,13.7,10.1
8557,18.1,0.0,9.1,12.7,9.6
8558,17.8,0.0,9.0,12.5,9.6
8559,17.9,0.0,9.3,12.4,9.9
8560,12.4,0.0,9.7,14.6,10.5
8561,13.6,0.0,10.6,15.5,11.1
8562,14.4,11.3,11.2,15.9,11.3
8563,14.6,14.4,11.4,16.0,11.4
8564,6.7,12.0,0.1,16.2,11.5
8565,7.0,13.0,0.4,16.5,11.8
8566,7.3,13.8,0.6,16.8,12.0
8567,7.4,14.2,0.7,16.9,12.1
8568,15.4,17.9,19.8,16.9,12.1
8569,21.2,9.0,20.1,17.0,12.2
8570,21.2,9.0,20.1,17.1,12.2
8571,21.3,9.3,20.2,17.2,12.3
8572,21.5,9.9,20.4,17.4,12.5
8573,21.5,9.9,20.5,17.4,12.5
8574,21.8,10.5,20.7,17.7,12.7
8575,21.8,10.5,20.7,17.7,12.7
8576,21.9,10.8,20.9,17.9,12.9
8577,21.8,15.3,20.8,7.1,6.6
8578,21.3,10.9,20.1,6.2,6.1
8579,20.3,2.7,18.9,4.6,5.1
8580,19.4,0.0,18.0,3.3,4.3
8581,18.8,0.0,9.8,7.8,7.0
8582,18.4,0.0,9.6,2.0,3.7
8583,18.5,0.0,9.9,1.8,4.0
8584,18.8,0.0,10.3,4.3,4.6
8585,19.7,0.0,11.1,5.1,5.2
8586,20.4,3.4,11.8,16.6,11.9
8587,20.9,14.4,12.3,17.0,12.2
8588,21.1,15.3,1.0,17.2,12.4
8589,21.3,15.8,1.2,17.4,12.5
8590,21.6,16.9,1.5,17.7,12.7
8591,22.0,18.2,1.9,18.1,13.1
8592,22.3,19.3,21.3,18.4,13.3
8593,22.3,11.7,21.2,18.3,13.2
8594,21.8,10.6,20.8,17.8,12.8
8595,21.2,9.2,20.2,17.2,12.3
8596,21.0,8.7,19.9,16.9,12.2
8597,20.8,8.3,19.8,16.8,12.0
8598,20.8,8.3,19.8,16.8,12.1
8599,20.7,8.0,19.7,16.6,11.9
8600,20.4,7.4,19.4,16.4,11.7
8601,20.2,10.4,19.3,5.4,5.4
8602,19.8,9.2,18.9,5.0,5.1
8603,19.5,7.8,18.7,4.7,4.9
8604,18.3,2.4,17.5,3.3,3.8
8605,18.7,3.9,10.2,9.1,7.3
8606,18.7,4.3,10.2,3.7,4.1
8607,18.9,5.5,10.4,4.0,4.4
8608,19.1,6.7,10.5,4.2,4.5
8609,19.1,7.1,10.6,4.3,4.5
8610,19.4,8.1,10.9,15.5,11.1
8611,19.7,10.4,11.2,15.8,11.3
8612,20.3,12.5,0.2,16.4,11.8
8613,20.7,13.7,0.6,16.8,12.0
8614,21.0,14.9,0.9,17.1,12.3
8615,21.2,15.6,1.1,17.3,12.5
8616,21.3,15.7,20.3,17.4,12.5
8617,21.7,10.5,20.7,17.7,12.8
8618,21.9,10.9,20.9,17.9,12.9
8619,22.1,11.3,21.1,18.1,13.1
8620,22.5,12.2,21.5,18.5,13.4
8621,22.6,12.4,21.6,18.6,13.5
8622,22.7,12.8,21.7,18.8,13.6
8623,23.0,13.4,22.0,19.0,13.8
8624,22.9,13.2,21.9,18.9,13.7
8625,23.1,19.3,22.2,8.5,7.8
8626,21.7,8.8,20.3,6.3,6.3
8627,20.1,0.0,17.9,3.3,4.6
8628,18.8,0.0,16.6,1.5,3.6
8629,18.2,0.0,9.2,7.6,6.9
8630,17.6,0.0,8.9,1.6,3.4
8631,17.8,0.0,9.3,1.7,3.8
8632,12.2,0.0,9.8,3.9,4.4
8633,14.2,0.0,11.5,5.6,5.6
8634,15.2,10.6,12.2,17.0,12.3
8635,16.1,21.0,13.0,17.7,12.7
8636,8.7,19.0,2.1,18.3,13.3
8637,9.3,21.0,2.7,19.0,13.7
8638,8.0,16.6,1.4,17.7,12.7
8639,8.1,16.8,1.5,17.7,12.8
8640,16.2,21.3,20.7,17.8,12.8
8641,21.7,10.5,20.7,17.7,12.8
8642,21.5,10.0,20.5,17.5,12.6
8643,21.3,9.6,20.3,17.3,12.5
8644,21.3,9.5,20.3,17.3,12.5
8645,21.2,9.3,20.2,17.2,12.4
8646,21.3,9.4,20.3,17.3,12.4
8647,21.3,9.5,20.3,17.3,12.5
8648,21.3,9.4,20.3,17.3,12.4
8649,21.1,13.3,20.2,6.4,6.2
8650,21.0,12.6,20.1,6.3,6.1
8651,20.7,11.2,19.9,5.9,5.8
8652,20.4,9.8,19.6,5.6,5.6
8653,20.2,9.2,11.8,10.8,8.6
8654,20.2,8.9,11.7,5.3,5.4
8655,20.3,9.6,11.8,5.4,5.5
8656,20.5,11.0,11.9,5.7,5.7
8657,20.8,12.2,12.2,6.1,5.9
8658,21.0,12.9,12.4,17.1,12.3
8659,21.2,15.7,12.7,17.4,12.5
8660,21.6,17.0,1.6,17.8,12.9
8661,22.0,18.6,2.0,18.3,13.2
8662,22.3,19.4,2.3,18.5,13.4
8663,22.6,20.6,2.6,18.9,13.7
8664,22.5,20.1,21.6,18.7,13.6
8665,23.2,14.0,22.2,19.3,14.1
8666,23.2,14.0,22.2,19.3,14.1
8667,23.2,14.0,22.3,19.4,14.1
8668,23.6,14.9,22.6,19.7,14.4
8669,23.9,15.7,22.9,20.1,14.6
8670,23.9,15.7,23.0,20.1,14.7
8671,24.0,15.9,23.1,20.2,14.8
8672,24.0,15.9,23.1,20.2,14.8
8673,23.8,21.7,23.0,9.3,8.5
8674,23.5,19.5,22.6,8.9,8.2
8675,22.2,7.9,20.7,6.6,6.8
8676,21.4,5.0,20.2,5.8,6.2
8677,20.8,0.3,12.0,10.2,8.9
8678,20.5,0.0,11.9,4.5,5.6
8679,20.8,0.0,12.4,4.4,5.9
8680,15.9,16.6,13.0,6.8,6.5
8681,17.0,24.6,13.9,7.8,7.3
8682,17.2,25.7,14.1,18.9,13.8
8683,17.5,26.9,14.4,19.2,14.0
8684,9.7,22.7,3.2,19.5,14.2
8685,10.1,24.2,3.6,20.0,14.6
8686,10.3,24.9,3.8,20.2,14.7
8687,10.3,24.9,3.8,20.2,14.8
8688,18.4,24.9,23.0,20.2,14.8
8689,24.0,16.0,23.1,20.2,14.8
8690,24.0,16.0,23.1,20.2,14.8
8691,24.5,17.1,23.6,20.8,15.2
8692,24.0,16.0,23.1,20.3,14.8
8693,24.0,16.0,23.1,20.3,14.8
8694,23.5,14.8,22.6,19.7,14.4
8695,23.0,13.8,22.2,19.3,14.1
8696,22.7,13.1,21.9,19.0,13.9
8697,22.1,16.6,21.3,18.5,13.5
8698,21.8,15.6,21.0,18.2,13.2
8699,21.7,15.0,20.9,18.0,13.1
8700,21.0,12.7,20.3,17.3,12.6
8701,20.8,12.2,12.4,17.1,12.4
8702,20.6,11.5,12.3,16.9,12.3
8703,20.6,11.2,12.2,16.8,12.2
8704,14.9,15.9,11.9,16.6,12.0
8705,14.6,14.6,11.6,16.2,11.7
8706,14.2,13.0,11.2,15.9,11.4
8707,13.8,11.2,10.7,15.4,11.1
8708,5.2,6.8,-1.3,14.8,10.6
8709,4.8,5.4,-1.7,14.4,10.3
8710,4.4,4.2,-2.0,14.0,10.0
8711,5.0,6.1,-1.5,14.6,10.4
8712,13.3,9.1,17.9,14.9,10.6
8713,19.0,4.2,18.0,14.9,10.7
8714,19.1,4.5,18.2,15.1,10.8
8715,19.2,4.6,18.2,15.1,10.8
8716,19.2,4.7,18.3,15.2,10.9
8717,19.3,4.9,18.4,15.3,10.9
8718,19.5,5.3,18.5,15.4,11.0
8719,19.4,5.0,18.4,15.3,11.0
8720,19.2,4.7,18.2,15.1,10.8
8721,19.0,6.7,18.1,15.1,10.8
8722,18.9,6.5,18.1,15.0,10.7
8723,18.9,5.9,18.0,14.9,10.6
8724,18.6,3.7,17.8,14.5,10.3
8725,18.7,4.0,10.3,14.6,10.4
8726,19.0,5.7,10.5,14.9,10.7
8727,19.2,6.8,10.7,15.2,10.9
8728,14.0,11.6,10.8,15.4,11.0
8729,14.1,12.3,10.9,15.6,11.1
8730,14.2,12.7,11.0,15.7,11.2
8731,14.3,13.1,11.1,15.8,11.3
8732,6.1,9.8,-0.5,15.6,11.1
8733,6.0,9.4,-0.6,15.5,11.1
8734,5.9,9.1,-0.7,15.4,11.0
8735,7.4,14.5,0.8,17.0,12.2
8736,16.1,21.0,20.6,17.7,12.7
8737,21.9,10.8,20.8,17.8,12.9
8738,22.4,12.0,21.4,18.4,13.3
8739,22.8,12.8,21.7,18.8,13.6
8740,23.2,13.9,22.2,19.2,14.0
8741,23.7,15.0,22.7,19.8,14.4
8742,23.7,15.0,22.7,19.8,14.4
8743,23.9,15.5,22.9,20.0,14.5
8744,24.0,15.8,23.0,20.1,14.6
8745,23.8,21.6,22.9,9.2,8.3
8746,23.6,20.0,22.7,8.9,8.2
8747,22.9,14.1,21.8,7.8,7.4
8748,21.9,7.7,20.8,6.4,6.6
8749,21.8,4.7,13.0,11.3,9.6
8750,21.7,5.1,13.2,6.0,6.5
8751,22.2,8.0,13.8,6.7,7.0
8752,23.0,18.6,14.6,8.4,7.7
8753,23.7,21.5,15.2,9.2,8.4
8754,23.8,21.8,15.3,20.2,14.7
8755,23.8,24.8,15.3,20.2,14.7
8756,23.8,24.9,3.8,20.2,14.7
8757,24.3,26.6,4.3,20.7,15.1
8758,24.3,26.6,4.3,20.7,15.1
8759,24.3,26.6,4.3,20.7,15.2
8760,24.3,26.6,23.5,20.7,15.2
