Hour,Demand_Zone 1,Demand_Zone 2,Demand_Zone 3,Demand_Zone 4,Demand_Zone 5
1,64.8,88.0,93.6,99.0,65.9
2,8.2,18.5,8.5,8.3,6.4
3,8.5,19.2,8.8,8.6,6.7
4,8.7,19.7,9.0,8.8,6.9
5,9.0,20.4,9.4,9.2,7.2
6,9.1,20.7,9.5,9.3,7.3
7,9.2,20.8,9.5,9.4,7.3
8,9.3,21.2,9.7,9.5,7.5
9,9.2,23.8,9.6,-3.2,-0.6
10,8.9,23.0,9.4,-3.4,-0.8
11,8.8,22.5,9.3,-3.5,-0.9
12,8.8,22.1,9.4,-3.5,-0.8
13,8.8,21.6,-1.2,2.8,3.2
14,8.9,22.2,-1.1,-3.4,-0.7
15,9.0,22.7,-1.1,-3.3,-0.6
16,9.2,24.0,-0.9,-3.0,-0.4
17,9.3,24.3,-0.8,-2.9,-0.4
18,9.1,23.8,-1.0,9.6,7.6
19,8.8,24.2,-1.2,9.4,7.4
20,8.7,23.7,-17.3,9.2,7.3
21,8.6,23.4,-17.4,9.1,7.3
22,8.0,21.4,-18.0,8.5,6.8
23,7.2,18.5,-18.8,7.7,6.2
24,7.2,18.5,7.9,7.7,6.2
25,7.7,17.8,8.3,8.1,6.5
26,7.9,18.3,8.5,8.3,6.7
27,8.0,18.4,8.5,8.4,6.7
28,7.8,18.1,8.4,8.2,6.6
29,8.0,18.6,8.6,8.4,6.8
30,8.1,18.7,8.7,8.5,6.8
31,7.9,18.3,8.5,8.3,6.7
32,7.9,18.3,8.5,8.3,6.7
33,7.8,19.9,8.5,-4.3,-1.3
34,7.7,19.5,8.5,-4.4,-1.4
35,7.7,19.1,8.4,-4.5,-1.4
36,7.8,19.3,8.5,-4.4,-1.4
37,7.6,18.0,-2.3,1.7,2.5
38,9.4,24.5,-0.5,-2.6,-0.0
39,10.1,27.0,0.2,-1.9,0.6
40,10.8,29.3,0.9,-1.1,1.2
41,11.1,30.3,1.2,-0.8,1.4
42,11.3,30.8,1.3,12.1,9.6
43,11.5,33.8,1.6,12.4,9.8
44,11.6,34.2,-14.3,12.5,9.9
45,11.9,35.1,-14.0,12.7,10.1
46,12.1,36.0,-13.8,13.0,10.4
47,12.2,36.5,-13.6,13.2,10.5
48,12.4,37.2,13.3,13.4,10.7
49,12.7,29.9,13.5,13.6,10.8
50,12.8,30.0,13.5,13.6,10.9
51,12.7,29.9,13.5,13.6,10.9
52,12.8,30.1,13.6,13.7,10.9
53,13.0,30.6,13.8,13.9,11.1
54,13.4,31.6,14.2,14.4,11.5
55,13.5,31.9,14.3,14.5,11.6
56,13.8,32.5,14.6,14.8,11.8
57,13.6,38.4,14.5,2.1,3.7
58,12.4,34.5,13.4,0.8,2.8
59,10.6,25.6,11.5,-1.5,1.2
60,9.3,13.6,9.7,-3.8,-0.1
61,7.9,4.8,-2.3,0.7,2.8
62,8.1,10.6,-1.7,-4.9,-0.9
63,8.2,7.6,-1.3,-5.1,-0.7
64,-2.2,28.4,-0.4,-2.6,0.2
65,-1.5,31.6,0.2,-1.8,0.7
66,-0.8,34.5,0.8,11.6,9.4
67,-0.7,34.9,0.9,11.7,9.4
68,-18.2,30.0,-15.4,11.3,9.2
69,-18.3,29.8,-15.4,11.3,9.1
70,-17.7,31.9,-14.9,11.9,9.6
71,-18.1,30.3,-15.3,11.4,9.3
72,-0.9,34.3,11.5,11.6,9.3
73,10.6,25.0,11.4,11.4,9.2
74,10.7,25.2,11.5,11.5,9.3
75,10.4,24.6,11.2,11.2,9.1
76,10.7,25.3,11.5,11.5,9.3
77,10.6,25.1,11.4,11.4,9.3
78,10.7,25.3,11.5,11.6,9.4
79,10.4,24.6,11.2,11.3,9.1
80,10.3,24.4,11.1,11.2,9.1
81,10.3,28.2,11.3,-1.4,1.1
82,10.3,28.0,11.3,-1.4,1.1
83,10.1,27.3,11.1,-1.6,0.9
84,10.0,26.8,11.0,-1.7,0.9
85,10.0,26.5,0.4,4.6,4.9
86,9.9,26.6,0.3,-1.8,0.8
87,9.9,26.9,0.3,-1.7,0.8
88,10.0,27.1,0.3,-1.7,0.9
89,10.2,28.0,0.5,-1.4,1.1
90,10.2,28.1,0.6,11.3,9.2
91,10.2,29.6,0.5,11.3,9.1
92,10.1,29.4,-15.5,11.2,9.1
93,9.8,28.2,-15.9,10.9,8.8
94,9.5,27.1,-16.2,10.5,8.6
95,9.0,25.5,-16.6,10.0,8.2
96,8.9,25.2,9.9,9.9,8.1
97,8.7,20.8,9.6,9.6,7.8
98,8.4,20.0,9.3,9.2,7.6
99,8.2,19.7,9.1,9.0,7.4
100,8.5,20.2,9.4,9.3,7.6
101,8.5,20.2,9.4,9.3,7.6
102,8.7,20.7,9.6,9.5,7.8
103,8.9,21.1,9.7,9.7,7.9
104,8.5,20.3,9.4,9.3,7.7
105,8.3,22.0,9.3,-3.4,-0.5
106,8.1,21.2,9.1,-3.7,-0.6
107,7.5,18.0,8.5,-4.4,-1.2
108,7.2,16.2,8.2,-4.9,-1.5
109,7.4,17.6,-2.2,1.8,2.7
110,7.5,17.8,-2.1,-4.5,-1.3
111,7.7,19.0,-2.0,-4.2,-1.1
112,-3.7,21.8,-2.0,-4.2,-1.1
113,-3.3,24.0,-1.6,-3.7,-0.7
114,-3.4,23.6,-1.7,8.9,7.3
115,-3.3,23.8,-1.7,9.0,7.3
116,-20.4,22.3,-17.6,9.0,7.4
117,-20.4,22.2,-17.6,9.0,7.4
118,-20.6,21.7,-17.8,8.8,7.2
119,-20.2,22.9,-17.4,9.2,7.5
120,-2.9,23.4,9.4,9.3,7.6
121,8.5,20.1,9.3,9.2,7.5
122,8.6,20.3,9.4,9.3,7.6
123,8.9,21.0,9.7,9.6,7.8
124,8.7,20.6,9.5,9.4,7.7
125,9.4,22.3,10.2,10.2,8.3
126,9.2,21.8,10.0,10.0,8.1
127,9.4,22.3,10.2,10.2,8.3
128,9.6,22.6,10.4,10.3,8.4
129,9.8,26.5,10.7,10.7,8.7
130,9.6,25.9,10.5,10.5,8.5
131,9.3,24.0,10.2,10.1,8.2
132,9.1,22.9,10.1,9.9,8.1
133,9.0,22.5,-0.7,9.7,8.0
134,8.0,15.9,-1.7,8.3,7.1
135,8.4,18.8,-1.3,8.9,7.5
136,-1.5,31.3,0.2,10.8,8.7
137,-1.1,33.4,0.6,11.3,9.1
138,-0.8,34.6,0.8,11.6,9.3
139,-0.3,36.9,1.4,12.2,9.8
140,-17.2,33.5,-14.4,12.4,9.9
141,-17.1,34.0,-14.3,12.5,10.1
142,-17.1,33.9,-14.3,12.5,10.0
143,-16.9,34.7,-14.0,12.7,10.2
144,0.3,39.3,12.6,12.7,10.2
145,11.8,27.9,12.7,12.7,10.2
146,11.9,28.1,12.7,12.8,10.3
147,12.2,28.9,13.1,13.2,10.6
148,12.2,28.8,13.0,13.1,10.6
149,12.3,29.2,13.2,13.3,10.7
150,12.3,29.1,13.1,13.2,10.7
151,12.3,29.1,13.1,13.3,10.7
152,12.3,29.2,13.2,13.3,10.7
153,12.1,33.9,13.1,13.3,10.7
154,11.9,33.0,12.9,13.0,10.5
155,11.0,28.7,12.0,11.9,9.7
156,10.7,26.0,11.7,11.4,9.4
157,11.7,31.6,2.1,12.7,10.3
158,11.3,29.4,1.7,12.2,10.0
159,11.4,29.7,1.8,12.3,10.1
160,0.4,39.7,2.2,12.9,10.5
161,0.6,40.8,2.4,13.2,10.6
162,0.7,41.4,2.5,13.3,10.8
163,0.7,41.4,2.5,13.4,10.8
164,-16.4,36.5,-13.5,13.4,10.8
165,-16.4,36.5,-13.5,13.4,10.8
166,-16.3,36.7,-13.4,13.4,10.8
167,-16.0,38.1,-13.0,13.8,11.1
168,1.6,45.0,14.0,14.2,11.5
169,13.5,31.9,14.4,14.6,11.7
170,14.4,34.1,15.3,15.5,12.5
171,14.4,34.3,15.4,15.6,12.5
172,14.8,35.1,15.7,16.0,12.8
173,15.0,35.6,15.9,16.2,13.0
174,14.6,34.7,15.6,15.8,12.7
175,14.6,34.6,15.5,15.8,12.7
176,14.1,33.6,15.1,15.3,12.4
177,13.7,39.2,14.8,2.4,4.1
178,13.5,38.3,14.6,2.2,3.9
179,12.5,34.1,13.7,1.0,3.1
180,11.9,31.7,13.1,0.3,2.6
181,11.4,30.2,2.0,6.2,6.2
182,11.1,29.4,1.6,-0.5,1.9
183,11.1,30.3,1.6,-0.4,2.0
184,11.3,31.2,1.7,-0.2,2.1
185,11.2,31.3,1.7,-0.2,2.1
186,11.2,31.2,1.6,12.5,10.2
187,11.0,32.7,1.5,12.3,10.0
188,10.9,32.2,-14.7,12.1,9.9
189,10.9,32.2,-14.7,12.1,9.9
190,10.9,32.2,-14.7,12.1,9.9
191,11.0,32.5,-14.6,12.2,10.0
192,11.2,33.2,12.3,12.4,10.1
193,11.4,27.3,12.4,12.5,10.2
194,11.4,27.3,12.4,12.5,10.2
195,11.4,27.3,12.4,12.5,10.2
196,11.5,27.6,12.6,12.7,10.3
197,11.8,28.3,12.8,13.0,10.6
198,11.7,28.0,12.7,12.8,10.5
199,11.8,28.3,12.9,13.0,10.6
200,11.8,28.2,12.8,12.9,10.5
201,11.6,32.5,12.7,0.2,2.4
202,11.5,32.0,12.6,0.1,2.3
203,11.2,30.6,12.4,-0.3,2.1
204,11.0,29.7,12.2,-0.5,1.9
205,10.6,26.9,1.2,5.2,5.5
206,10.8,28.0,1.4,-0.8,1.7
207,11.0,29.2,1.6,-0.5,1.9
208,11.2,30.6,1.8,-0.3,2.1
209,11.4,31.9,1.9,0.0,2.3
210,11.6,32.7,2.1,12.9,10.5
211,11.7,35.1,2.1,13.0,10.6
212,11.6,34.9,-13.9,13.0,10.5
213,11.7,35.2,-13.8,13.1,10.6
214,11.8,35.4,-13.7,13.1,10.7
215,11.8,35.4,-13.7,13.1,10.7
216,12.1,36.6,13.2,13.5,10.9
217,13.0,31.2,14.1,14.3,11.5
218,13.5,32.2,14.5,14.7,11.9
219,13.9,33.2,14.9,15.2,12.3
220,14.2,33.9,15.2,15.5,12.5
221,14.7,35.0,15.7,16.0,12.9
222,14.9,35.4,15.9,16.2,13.0
223,15.1,35.9,16.1,16.4,13.2
224,15.5,37.0,16.5,16.9,13.6
225,15.3,44.0,16.4,4.1,5.5
226,15.0,42.7,16.1,3.8,5.2
227,14.3,39.1,15.6,2.9,4.6
228,14.2,38.4,15.5,2.8,4.5
229,14.3,38.2,4.9,9.2,8.6
230,13.5,20.9,3.8,0.3,3.7
231,14.0,36.8,4.7,2.5,4.4
232,2.7,50.2,4.9,2.9,4.6
233,3.4,53.0,5.4,3.7,5.1
234,3.7,54.2,5.6,16.7,13.4
235,3.6,53.8,5.5,16.6,13.4
236,-13.3,47.6,-10.2,16.8,13.6
237,-13.1,48.3,-10.0,17.0,13.7
238,-13.2,48.1,-10.1,17.0,13.7
239,-13.1,48.3,-10.0,17.0,13.7
240,4.1,56.2,16.7,17.1,13.8
241,15.8,37.8,16.9,17.3,13.9
242,16.0,38.2,17.1,17.4,14.1
243,16.2,38.8,17.3,17.7,14.3
244,16.4,39.2,17.5,17.9,14.5
245,16.6,39.7,17.7,18.1,14.6
246,16.8,40.2,17.9,18.4,14.8
247,16.9,40.5,18.1,18.5,14.9
248,17.1,41.0,18.3,18.7,15.1
249,17.0,49.8,18.3,6.1,7.1
250,16.5,47.2,17.8,5.5,6.6
251,15.9,39.6,16.8,4.2,5.9
252,15.3,31.5,16.0,2.8,5.3
253,14.9,25.4,4.9,8.2,8.9
254,14.9,22.9,5.3,1.7,5.0
255,15.1,21.3,6.0,1.7,5.5
256,15.8,45.4,6.6,4.8,6.1
257,16.6,48.4,7.3,5.7,6.8
258,16.9,49.3,7.5,18.7,15.1
259,17.1,54.4,7.7,18.9,15.3
260,17.3,55.3,-8.0,19.2,15.5
261,17.5,56.0,-7.8,19.4,15.7
262,17.5,56.0,-7.8,19.4,15.7
263,17.5,55.8,-7.8,19.4,15.7
264,17.6,56.2,18.9,19.5,15.7
265,17.8,42.7,19.0,19.5,15.8
266,17.9,43.0,19.2,19.7,15.9
267,18.4,44.1,19.7,20.2,16.3
268,18.3,43.9,19.6,20.1,16.2
269,18.0,43.4,19.3,19.9,16.1
270,18.2,43.7,19.5,20.0,16.2
271,17.9,43.1,19.2,19.7,16.0
272,17.7,42.5,19.0,19.5,15.8
273,17.2,50.5,18.6,6.5,7.5
274,16.3,42.8,17.3,4.9,6.5
275,15.3,34.3,16.0,3.2,5.5
276,14.7,29.4,15.5,2.3,5.0
277,14.1,22.9,4.3,7.5,8.5
278,14.0,19.6,4.4,0.8,4.5
279,14.2,24.5,5.2,1.5,4.9
280,3.3,53.1,5.7,3.8,5.4
281,3.9,55.7,6.1,4.5,5.9
282,4.2,57.0,6.4,17.5,14.3
283,4.5,58.3,6.7,17.8,14.5
284,-12.4,51.3,-9.1,18.1,14.7
285,-12.3,51.5,-9.0,18.1,14.7
286,-12.4,51.2,-9.1,18.0,14.6
287,-12.4,51.3,-9.1,18.1,14.7
288,4.9,51.7,17.7,18.2,14.8
289,15.8,38.2,17.1,17.5,14.3
290,15.9,38.4,17.2,17.6,14.3
291,15.9,38.5,17.2,17.7,14.4
292,15.7,37.8,17.0,17.4,14.1
293,15.6,37.7,16.9,17.3,14.1
294,15.6,37.6,16.9,17.3,14.1
295,15.7,37.8,17.0,17.4,14.1
296,15.6,37.7,16.9,17.3,14.1
297,15.4,44.8,16.8,17.2,14.1
298,14.9,42.2,16.3,16.6,13.6
299,14.5,38.4,15.8,15.9,13.2
300,14.1,35.6,15.4,15.3,12.8
301,13.7,30.2,4.3,14.4,12.4
302,14.0,34.7,4.8,15.1,12.7
303,13.8,28.4,4.8,14.4,12.7
304,2.8,50.8,5.2,16.0,13.1
305,3.8,55.0,6.0,17.0,13.9
306,4.2,56.8,6.3,17.4,14.2
307,4.4,57.8,6.6,17.7,14.4
308,-12.5,50.8,-9.2,17.9,14.5
309,-12.1,52.3,-8.8,18.4,14.9
310,-11.2,55.4,-7.9,19.3,15.6
311,-10.8,56.9,-7.5,19.7,15.9
312,6.7,67.6,19.5,20.1,16.2
313,18.5,44.5,19.8,20.3,16.4
314,18.7,44.8,20.0,20.5,16.5
315,18.8,45.1,20.1,20.6,16.6
316,18.8,45.1,20.1,20.6,16.7
317,18.8,45.2,20.1,20.7,16.7
318,18.8,45.3,20.1,20.7,16.7
319,18.8,45.2,20.1,20.7,16.7
320,18.8,45.3,20.2,20.7,16.8
321,18.6,55.1,20.1,20.7,16.8
322,18.5,53.9,19.9,20.5,16.6
323,17.5,48.2,18.9,19.2,15.7
324,16.8,43.4,18.2,18.2,15.1
325,15.8,32.8,6.2,16.2,14.1
326,15.4,33.1,6.2,16.1,14.0
327,15.9,32.1,6.9,16.3,14.4
328,5.0,60.1,7.4,18.3,14.9
329,5.6,62.9,7.8,19.0,15.4
330,5.8,63.9,8.0,19.3,15.6
331,6.0,64.5,8.2,19.4,15.7
332,-11.2,55.4,-7.9,19.4,15.7
333,-11.4,54.8,-8.1,19.2,15.6
334,-11.5,54.6,-8.1,19.1,15.5
335,-11.4,54.8,-8.1,19.2,15.5
336,5.5,62.6,18.4,18.9,15.4
337,17.0,41.1,18.4,18.9,15.3
338,16.9,40.9,18.3,18.8,15.3
339,17.0,41.2,18.4,18.9,15.4
340,17.2,41.5,18.5,19.0,15.5
341,17.2,41.5,18.6,19.0,15.5
342,17.3,41.9,18.7,19.2,15.6
343,17.3,41.8,18.7,19.2,15.6
344,17.1,41.3,18.5,19.0,15.4
345,16.8,49.4,18.3,6.1,7.2
346,16.3,47.2,17.9,5.6,6.8
347,15.4,40.6,16.7,4.2,5.9
348,14.7,34.3,15.9,3.0,5.2
349,14.1,29.8,4.7,8.4,8.8
350,14.0,34.0,5.0,2.5,4.8
351,14.5,40.5,5.4,3.5,5.3
352,14.7,42.1,5.5,3.8,5.5
353,14.7,42.5,5.5,3.9,5.5
354,14.7,42.8,5.5,16.6,13.6
355,14.7,46.2,5.5,16.6,13.6
356,14.8,46.7,-10.4,16.7,13.7
357,14.9,47.0,-10.3,16.8,13.8
358,15.1,47.7,-10.1,17.0,13.9
359,15.2,48.1,-10.0,17.1,14.0
360,15.3,48.4,16.8,17.2,14.1
361,15.5,37.6,16.9,17.3,14.1
362,15.4,37.4,16.8,17.2,14.0
363,15.4,37.2,16.7,17.1,14.0
364,15.4,37.2,16.7,17.1,14.0
365,15.1,36.7,16.5,16.9,13.8
366,15.0,36.3,16.3,16.7,13.7
367,15.0,36.4,16.4,16.8,13.7
368,15.0,36.4,16.4,16.8,13.7
369,14.9,43.5,16.4,4.1,5.7
370,15.0,43.7,16.5,4.2,5.7
371,14.9,42.8,16.4,4.0,5.6
372,14.6,40.9,16.1,3.6,5.3
373,14.6,41.5,5.5,10.0,9.4
374,14.5,41.0,5.3,3.5,5.2
375,14.7,41.7,5.5,3.7,5.4
376,14.6,42.0,5.4,3.7,5.4
377,14.7,42.7,5.5,3.9,5.5
378,14.7,42.7,5.5,16.6,13.5
379,14.6,46.0,5.4,16.5,13.5
380,14.6,45.9,-10.6,16.5,13.5
381,14.6,45.9,-10.6,16.5,13.5
382,14.7,46.1,-10.5,16.5,13.5
383,14.6,45.9,-10.6,16.5,13.5
384,14.6,45.9,16.1,16.5,13.5
385,14.9,36.0,16.2,16.6,13.5
386,14.8,35.9,16.1,16.5,13.5
387,14.9,36.0,16.2,16.6,13.5
388,15.0,36.4,16.3,16.7,13.6
389,15.1,36.5,16.4,16.8,13.7
390,15.4,37.2,16.7,17.1,13.9
391,15.5,37.5,16.8,17.2,14.0
392,15.5,37.5,16.8,17.2,14.0
393,15.4,44.8,16.8,4.5,6.0
394,15.6,45.0,17.0,4.7,6.1
395,15.2,43.5,16.7,4.3,5.8
396,14.9,41.9,16.3,3.9,5.5
397,14.3,39.4,5.1,9.5,9.0
398,14.2,39.5,5.1,3.2,5.0
399,14.3,40.3,5.2,3.3,5.1
400,2.9,51.0,5.1,3.4,5.1
401,3.1,51.9,5.2,3.6,5.2
402,3.1,52.0,5.2,16.3,13.3
403,3.1,52.0,5.2,16.3,13.3
404,-13.9,46.0,-10.6,16.5,13.5
405,-13.3,47.9,-10.1,17.0,13.9
406,-14.0,45.7,-10.7,16.4,13.4
407,-14.1,45.3,-10.8,16.3,13.3
408,3.1,52.0,15.9,16.3,13.3
409,14.4,34.9,15.7,16.0,13.1
410,14.2,34.4,15.5,15.8,12.9
411,14.2,34.3,15.5,15.8,12.9
412,14.0,34.0,15.3,15.6,12.8
413,13.9,33.7,15.2,15.5,12.7
414,13.9,33.7,15.2,15.5,12.7
415,14.0,33.9,15.3,15.6,12.7
416,13.9,33.7,15.2,15.5,12.7
417,13.8,39.7,15.1,2.8,4.6
418,13.7,39.4,15.1,2.7,4.5
419,13.8,39.4,15.2,2.8,4.6
420,13.7,38.3,15.1,2.6,4.5
421,13.2,34.9,4.1,8.2,8.0
422,12.9,27.5,3.6,0.8,3.6
423,12.9,31.2,3.8,1.3,3.8
424,14.0,39.7,4.7,2.9,4.7
425,14.4,41.5,5.1,3.4,5.1
426,14.4,41.6,5.1,16.1,13.1
427,14.2,44.4,4.9,16.0,13.0
428,14.1,44.0,-11.2,15.9,12.9
429,14.2,44.2,-11.1,15.9,13.0
430,14.2,44.2,-11.1,15.9,13.0
431,14.2,44.4,-11.1,16.0,13.0
432,14.3,44.5,15.6,16.0,13.0
433,14.5,34.9,15.7,16.0,13.1
434,14.6,35.1,15.8,16.1,13.2
435,14.6,35.3,15.9,16.2,13.2
436,14.7,35.4,15.9,16.2,13.2
437,14.6,35.3,15.9,16.2,13.2
438,14.7,35.4,15.9,16.2,13.2
439,14.7,35.4,15.9,16.2,13.2
440,14.6,35.3,15.9,16.2,13.2
441,14.3,41.5,15.7,3.4,5.0
442,14.1,40.6,15.4,3.1,4.8
443,13.8,39.1,15.2,2.7,4.5
444,13.6,38.1,15.0,2.5,4.4
445,13.5,37.7,4.2,8.7,8.3
446,13.4,37.5,4.1,2.3,4.2
447,13.4,37.7,4.2,2.3,4.2
448,2.2,48.0,4.4,2.6,4.4
449,2.4,49.1,4.5,2.8,4.6
450,2.6,50.0,4.7,15.7,12.8
451,2.8,50.6,4.8,15.9,12.9
452,-14.3,44.3,-11.1,15.9,13.0
453,-14.4,44.1,-11.2,15.9,12.9
454,-14.3,44.3,-11.1,15.9,13.0
455,-14.4,44.1,-11.2,15.9,12.9
456,2.7,43.8,15.4,15.8,12.8
457,14.3,34.4,15.5,15.8,12.9
458,14.2,34.3,15.4,15.7,12.8
459,14.2,34.2,15.4,15.7,12.8
460,14.1,33.9,15.3,15.6,12.7
461,14.1,33.9,15.3,15.6,12.7
462,14.0,33.8,15.2,15.5,12.7
463,14.0,33.8,15.2,15.5,12.7
464,14.0,33.7,15.2,15.5,12.6
465,13.8,39.7,15.1,15.5,12.6
466,13.6,38.9,14.9,15.2,12.4
467,13.3,37.5,14.6,14.9,12.2
468,13.0,36.5,14.4,14.6,12.0
469,12.7,35.0,3.4,14.2,11.7
470,12.5,34.5,3.3,14.0,11.5
471,12.5,34.5,3.2,14.0,11.5
472,1.1,43.3,3.2,14.1,11.6
473,1.2,43.9,3.3,14.2,11.6
474,1.3,44.2,3.3,14.3,11.7
475,1.4,44.6,3.4,14.4,11.8
476,-15.7,39.4,-12.5,14.4,11.8
477,-15.7,39.2,-12.6,14.4,11.7
478,-15.7,39.2,-12.6,14.4,11.7
479,-15.8,39.0,-12.6,14.3,11.7
480,1.3,44.3,14.0,14.3,11.7
481,13.0,31.3,14.1,14.4,11.7
482,12.9,31.2,14.1,14.3,11.7
483,12.8,30.9,14.0,14.2,11.6
484,12.8,30.8,13.9,14.2,11.6
485,12.7,30.6,13.9,14.1,11.5
486,12.6,30.5,13.8,14.0,11.5
487,12.6,30.4,13.8,14.0,11.4
488,12.6,30.4,13.8,14.0,11.4
489,12.4,35.2,13.6,13.9,11.4
490,12.2,34.6,13.5,13.7,11.2
491,12.0,33.4,13.3,13.4,11.0
492,11.8,32.9,13.1,13.3,10.9
493,11.5,31.5,2.2,12.9,10.6
494,11.4,31.0,2.0,12.7,10.5
495,11.3,30.7,1.9,12.6,10.4
496,-0.1,37.7,1.9,12.7,10.4
497,-0.1,38.0,1.9,12.7,10.4
498,-0.1,38.2,1.9,12.8,10.5
499,-0.1,38.2,1.9,12.7,10.4
500,-17.3,33.8,-14.2,12.7,10.4
501,-17.3,33.6,-14.2,12.6,10.3
502,-17.3,33.6,-14.2,12.6,10.3
503,-17.3,33.5,-14.2,12.6,10.3
504,-0.2,37.5,12.3,12.5,10.3
505,11.3,27.2,12.4,12.5,10.2
506,11.3,27.2,12.4,12.5,10.2
507,11.3,27.1,12.3,12.5,10.2
508,11.3,27.1,12.3,12.4,10.2
509,11.3,27.1,12.3,12.4,10.2
510,11.3,27.1,12.3,12.4,10.2
511,11.2,27.0,12.3,12.4,10.2
512,11.2,26.8,12.2,12.3,10.1
513,10.9,30.4,12.0,-0.5,1.9
514,10.8,29.9,11.9,-0.6,1.8
515,10.6,29.4,11.8,-0.8,1.7
516,10.3,27.8,11.6,-1.2,1.4
517,10.3,27.9,0.9,5.2,5.5
518,10.2,27.1,0.7,-1.4,1.3
519,10.3,27.7,0.8,-1.2,1.4
520,10.2,27.6,0.7,-1.3,1.3
521,10.4,28.7,0.9,-1.0,1.5
522,10.5,29.2,1.0,11.8,9.7
523,10.7,31.5,1.1,12.0,9.8
524,10.6,31.3,-14.9,11.9,9.7
525,10.7,31.5,-14.9,11.9,9.8
526,10.7,31.7,-14.8,12.0,9.8
527,10.8,31.8,-14.8,12.0,9.8
528,10.7,31.5,11.8,11.9,9.8
529,10.8,25.9,11.8,11.9,9.7
530,10.4,25.0,11.4,11.5,9.4
531,10.4,24.9,11.4,11.4,9.4
532,10.2,24.4,11.2,11.2,9.2
533,10.1,24.2,11.1,11.1,9.1
534,10.0,24.1,11.0,11.1,9.1
535,10.0,24.1,11.0,11.1,9.1
536,9.7,23.3,10.7,10.7,8.8
537,9.6,26.4,10.7,-1.9,0.8
538,9.0,23.8,10.2,-2.6,0.3
539,8.6,21.8,9.7,-3.1,-0.1
540,8.1,19.3,9.3,-3.7,-0.6
541,8.1,19.9,-1.4,2.7,3.5
542,8.1,20.4,-1.4,-3.6,-0.5
543,8.4,21.4,-1.2,-3.3,-0.3
544,8.7,23.3,-0.9,-2.9,-0.0
545,8.9,23.7,-0.7,-2.8,0.1
546,8.9,24.1,-0.7,10.0,8.3
547,9.0,25.7,-0.6,10.1,8.3
548,9.0,25.7,-16.6,10.1,8.3
549,9.0,25.6,-16.6,10.1,8.3
550,9.2,26.3,-16.4,10.3,8.5
551,9.4,27.0,-16.2,10.5,8.6
552,9.4,26.8,10.4,10.5,8.6
553,9.6,23.0,10.5,10.5,8.6
554,9.6,22.8,10.5,10.5,8.6
555,9.7,23.2,10.6,10.6,8.7
556,9.8,23.4,10.7,10.7,8.8
557,9.8,23.3,10.7,10.7,8.7
558,9.9,23.5,10.8,10.8,8.8
559,10.1,24.0,11.0,11.0,9.0
560,10.4,24.9,11.4,11.4,9.3
561,10.4,28.6,11.4,-1.2,1.3
562,10.5,28.9,11.6,-1.1,1.4
563,10.4,28.3,11.5,-1.2,1.3
564,10.4,28.1,11.5,-1.2,1.3
565,10.4,28.1,0.8,5.1,5.3
566,10.3,27.6,0.8,-1.3,1.2
567,10.4,28.0,0.8,-1.2,1.3
568,-0.5,35.8,1.3,-0.7,1.7
569,-0.3,36.9,1.5,-0.4,1.9
570,-0.2,37.5,1.6,12.4,10.0
571,-0.2,37.2,1.5,12.3,10.0
572,-17.4,32.9,-14.5,12.3,10.0
573,-17.5,32.8,-14.6,12.2,9.9
574,-17.5,32.6,-14.6,12.2,9.9
575,-17.5,32.8,-14.6,12.2,9.9
576,-0.4,36.4,12.0,12.1,9.8
577,11.2,26.6,12.1,12.2,9.9
578,11.0,26.2,11.9,12.0,9.8
579,11.0,26.1,11.9,12.0,9.7
580,11.0,26.1,11.9,12.0,9.7
581,10.8,25.8,11.8,11.8,9.6
582,10.8,25.7,11.7,11.8,9.6
583,10.6,25.4,11.6,11.6,9.5
584,10.5,25.0,11.4,11.5,9.4
585,10.3,28.2,11.3,-1.3,1.2
586,10.1,27.5,11.1,-1.5,1.0
587,9.8,26.6,10.8,-1.8,0.8
588,9.6,25.9,10.7,-2.0,0.7
589,9.6,25.7,0.0,4.3,4.7
590,9.6,25.6,-0.0,-2.1,0.6
591,9.5,25.5,-0.1,-2.1,0.6
592,9.6,26.0,0.0,-2.0,0.7
593,9.8,26.5,0.1,-1.8,0.8
594,9.9,27.0,0.3,11.0,9.0
595,9.8,28.3,0.2,10.9,8.9
596,9.9,28.5,-15.8,11.0,8.9
597,9.8,28.3,-15.8,10.9,8.9
598,9.7,28.0,-15.9,10.8,8.8
599,9.8,28.3,-15.8,10.9,8.9
600,9.8,28.2,10.8,10.9,8.9
601,10.0,23.7,10.9,10.9,8.9
602,10.0,23.7,10.9,10.9,8.9
603,9.9,23.5,10.8,10.8,8.8
604,9.8,23.3,10.7,10.7,8.7
605,9.7,23.1,10.6,10.6,8.7
606,9.7,23.2,10.6,10.6,8.7
607,10.0,23.8,10.9,10.9,8.9
608,10.1,24.1,11.0,11.0,9.0
609,10.0,27.2,11.0,-1.7,0.9
610,9.6,25.8,10.7,-2.0,0.6
611,9.1,23.3,10.2,-2.7,0.2
612,8.2,18.0,9.3,-3.9,-0.6
613,8.1,17.7,-1.3,2.4,3.3
614,7.6,10.8,-1.9,-5.1,-1.2
615,10.1,26.8,0.4,-1.6,0.9
616,-1.8,30.2,0.0,-2.1,0.6
617,-1.2,32.7,0.5,-1.5,1.0
618,-0.9,34.4,0.9,11.6,9.4
619,-0.3,36.9,1.4,12.2,9.9
620,-17.2,33.7,-14.3,12.5,10.1
621,-17.2,33.7,-14.3,12.5,10.1
622,-16.9,34.7,-14.0,12.8,10.3
623,-16.5,36.3,-13.6,13.3,10.7
624,0.6,36.1,13.0,13.2,10.6
625,12.7,30.0,13.6,13.7,11.0
626,12.7,30.2,13.6,13.8,11.1
627,12.7,30.2,13.6,13.8,11.1
628,12.9,30.7,13.8,14.0,11.3
629,13.2,31.4,14.1,14.3,11.5
630,13.5,31.9,14.4,14.6,11.7
631,13.2,31.4,14.2,14.3,11.5
632,13.5,32.1,14.5,14.6,11.8
633,13.1,37.2,14.2,14.4,11.6
634,12.2,32.0,13.1,13.2,10.7
635,11.2,24.5,12.0,11.6,9.8
636,10.4,18.1,11.1,10.3,9.0
637,10.0,20.5,0.5,10.4,8.9
638,10.0,21.2,0.5,10.5,8.9
639,9.4,21.8,0.0,10.2,8.5
640,-1.7,30.5,0.2,10.8,8.8
641,-1.2,32.9,0.6,11.3,9.2
642,-0.8,34.9,1.0,11.8,9.6
643,-0.8,35.0,1.0,11.8,9.6
644,-17.8,31.6,-14.9,11.9,9.7
645,-17.8,31.8,-14.8,12.0,9.7
646,-17.7,32.1,-14.7,12.1,9.8
647,-17.9,31.4,-14.9,11.8,9.6
648,-0.7,35.2,11.7,11.8,9.6
649,10.5,25.1,11.5,11.5,9.4
650,10.5,25.0,11.4,11.5,9.3
651,10.2,24.2,11.1,11.1,9.1
652,10.3,24.7,11.3,11.3,9.2
653,10.3,24.7,11.3,11.3,9.2
654,10.9,25.9,11.8,11.9,9.7
655,10.6,25.3,11.5,11.6,9.4
656,10.9,25.9,11.8,11.9,9.7
657,10.6,29.1,11.6,11.7,9.5
658,10.0,26.4,11.0,11.0,9.0
659,8.8,18.8,9.7,9.3,7.9
660,9.1,22.5,10.3,10.0,8.3
661,8.8,20.7,-0.7,9.6,8.0
662,8.0,14.2,-1.5,8.3,7.3
663,8.3,11.3,-1.0,8.2,7.6
664,-2.3,28.0,-0.3,10.1,8.3
665,-1.3,32.4,0.5,11.1,9.1
666,-0.3,36.8,1.4,12.2,9.9
667,-0.2,37.4,1.6,12.4,10.0
668,-17.2,33.7,-14.3,12.5,10.1
669,-16.8,35.1,-13.9,12.9,10.4
670,-16.7,35.5,-13.8,13.0,10.5
671,-16.5,36.1,-13.6,13.2,10.7
672,0.7,41.2,13.1,13.3,10.7
673,12.3,29.2,13.2,13.3,10.7
674,12.4,29.4,13.3,13.4,10.8
675,12.4,29.5,13.4,13.5,10.9
676,12.6,30.0,13.6,13.7,11.0
677,12.8,30.5,13.8,13.9,11.2
678,12.6,30.0,13.6,13.7,11.1
679,13.0,30.8,13.9,14.1,11.4
680,13.3,31.7,14.3,14.4,11.6
681,12.5,35.3,13.6,1.1,3.1
682,11.4,26.5,12.0,-0.7,1.9
683,10.3,15.9,10.5,-2.8,0.7
684,9.7,12.2,10.1,-3.6,0.2
685,9.2,7.7,-0.8,2.0,3.9
686,9.4,7.3,-0.2,-4.2,0.2
687,9.6,6.6,0.4,-4.1,0.6
688,10.2,0.0,0.6,-5.5,0.7
689,11.0,30.1,1.5,-0.5,1.8
690,12.0,33.6,2.4,13.2,10.7
691,12.4,37.4,2.8,13.6,11.0
692,12.9,39.3,-12.7,14.2,11.4
693,13.3,40.7,-12.3,14.6,11.8
694,14.0,42.9,-11.7,15.3,12.3
695,14.5,44.8,-11.1,15.9,12.7
696,14.7,45.7,15.8,16.1,12.9
697,15.3,36.3,16.2,16.5,13.3
698,15.5,36.7,16.4,16.7,13.4
699,15.6,37.1,16.6,16.9,13.6
700,15.9,37.8,16.9,17.2,13.8
701,16.1,38.3,17.1,17.5,14.0
702,16.2,38.5,17.2,17.5,14.1
703,16.3,38.7,17.3,17.7,14.2
704,16.4,39.0,17.4,17.8,14.3
705,16.2,47.0,17.4,5.1,6.2
706,15.0,40.0,16.0,3.4,5.1
707,13.8,30.0,14.4,1.4,3.8
708,12.6,21.5,13.1,-0.3,2.8
709,11.8,16.1,1.9,4.9,6.2
710,11.0,13.2,1.6,-2.2,1.8
711,11.1,12.5,2.1,-2.2,2.0
712,11.6,4.9,2.1,-3.7,2.1
713,12.4,34.7,3.1,1.1,3.1
714,13.3,38.0,3.8,14.8,12.0
715,13.8,42.7,4.3,15.3,12.4
716,14.5,44.9,-11.0,16.0,12.9
717,14.7,45.6,-10.8,16.2,13.1
718,15.0,46.8,-10.5,16.6,13.4
719,15.1,47.0,-10.4,16.6,13.4
720,15.4,48.1,16.5,16.9,13.7
721,15.7,37.5,16.8,17.1,13.8
722,16.2,38.7,17.3,17.7,14.2
723,16.1,38.5,17.2,17.6,14.2
724,16.0,38.3,17.1,17.5,14.1
725,15.9,38.1,17.0,17.4,14.0
726,15.9,38.0,17.0,17.4,14.0
727,16.2,38.8,17.3,17.7,14.3
728,16.3,39.1,17.5,17.9,14.4
729,15.5,44.9,16.8,4.5,5.8
730,13.9,36.4,15.0,2.4,4.4
731,12.4,25.8,13.1,0.1,2.9
732,11.1,17.3,11.8,-1.7,1.8
733,9.9,10.9,0.1,3.1,4.9
734,9.2,8.0,-0.2,-4.0,0.4
735,9.0,6.0,0.1,-4.3,0.4
736,-2.1,3.7,-0.0,-5.9,0.4
737,-1.1,33.9,1.0,-1.0,1.5
738,0.3,39.9,2.3,13.2,10.8
739,0.7,41.5,2.6,13.5,11.0
740,-16.1,37.8,-13.0,13.9,11.3
741,-16.7,35.8,-13.6,13.3,10.8
742,-15.8,38.8,-12.7,14.2,11.5
743,-15.2,41.0,-12.1,14.8,12.0
744,1.7,45.8,14.3,14.6,11.8
745,12.9,30.9,13.9,14.1,11.5
746,12.6,30.3,13.7,13.9,11.3
747,12.4,29.7,13.5,13.6,11.1
748,12.2,29.4,13.3,13.5,11.0
749,12.1,29.1,13.2,13.3,10.9
750,12.0,28.8,13.1,13.2,10.8
751,11.8,28.5,12.9,13.1,10.7
752,11.7,28.2,12.8,12.9,10.6
753,11.3,31.8,12.5,0.0,2.3
754,11.2,31.4,12.4,-0.1,2.2
755,10.8,29.9,12.0,-0.5,1.9
756,10.6,29.1,11.8,-0.8,1.7
757,10.5,28.9,1.0,5.5,5.7
758,10.4,28.5,1.0,-1.0,1.5
759,10.3,28.1,0.9,-1.1,1.5
760,10.1,27.7,0.7,-1.3,1.3
761,10.1,27.7,0.6,-1.3,1.3
762,10.0,27.6,0.5,11.3,9.3
763,9.7,28.0,0.1,10.9,9.0
764,9.5,27.3,-16.0,10.7,8.8
765,9.5,27.3,-16.1,10.7,8.8
766,9.5,27.3,-16.1,10.7,8.8
767,9.5,27.4,-16.0,10.7,8.8
768,9.6,27.6,10.7,10.8,8.9
769,9.8,23.5,10.8,10.8,8.9
770,9.9,23.8,10.9,10.9,9.0
771,10.1,24.2,11.1,11.1,9.1
772,10.1,24.3,11.1,11.2,9.2
773,10.6,25.4,11.6,11.7,9.6
774,10.6,25.3,11.6,11.6,9.5
775,10.4,24.9,11.4,11.4,9.4
776,10.3,24.8,11.3,11.4,9.3
777,10.3,28.4,11.4,-1.2,1.3
778,10.3,28.4,11.4,-1.2,1.3
779,10.2,27.9,11.3,-1.3,1.2
780,10.8,29.6,11.9,-0.7,1.7
781,10.7,29.1,1.1,5.5,5.6
782,10.6,29.0,1.1,-0.9,1.6
783,10.7,29.2,1.2,-0.8,1.6
784,-0.7,35.2,1.2,-0.8,1.6
785,-0.6,35.8,1.3,-0.7,1.7
786,-0.5,36.1,1.3,12.1,9.9
787,-0.5,36.3,1.4,12.2,9.9
788,-17.6,32.4,-14.6,12.2,9.9
789,-17.5,32.7,-14.5,12.3,10.0
790,-17.5,32.9,-14.5,12.3,10.0
791,-17.4,33.1,-14.4,12.4,10.1
792,-0.2,33.2,12.2,12.4,10.1
793,11.4,27.1,12.3,12.4,10.1
794,11.4,27.3,12.4,12.5,10.1
795,11.4,27.3,12.4,12.5,10.2
796,11.5,27.4,12.4,12.5,10.2
797,11.6,27.7,12.6,12.7,10.3
798,11.7,28.0,12.7,12.8,10.4
799,11.8,28.2,12.8,12.9,10.5
800,11.8,28.2,12.8,12.9,10.5
801,11.6,32.6,12.7,12.9,10.5
802,11.6,32.3,12.7,12.8,10.4
803,11.5,31.8,12.7,12.8,10.4
804,11.5,31.6,12.6,12.7,10.4
805,11.4,31.3,1.9,12.6,10.3
806,11.3,31.0,1.8,12.5,10.2
807,11.4,31.2,1.8,12.6,10.2
808,0.0,37.9,1.9,12.6,10.3
809,0.1,38.7,2.0,12.8,10.4
810,0.1,39.0,2.0,12.8,10.4
811,0.1,38.7,1.9,12.7,10.4
812,-17.2,34.0,-14.2,12.6,10.3
813,-17.1,34.1,-14.1,12.7,10.3
814,-17.2,34.0,-14.2,12.6,10.3
815,-17.2,33.8,-14.2,12.6,10.2
816,-0.1,38.0,12.4,12.6,10.2
817,11.5,27.5,12.5,12.6,10.2
818,11.7,27.9,12.6,12.8,10.4
819,11.8,28.1,12.7,12.9,10.4
820,11.8,28.2,12.8,12.9,10.5
821,12.3,29.2,13.2,13.4,10.8
822,12.4,29.5,13.3,13.5,10.9
823,12.5,29.8,13.5,13.6,11.1
824,12.7,30.4,13.7,13.9,11.3
825,12.6,35.4,13.7,13.9,11.2
826,12.1,32.0,13.2,13.2,10.7
827,11.3,26.3,12.3,12.0,10.0
828,10.6,20.9,11.6,10.9,9.3
829,10.1,16.4,0.5,10.1,8.9
830,10.0,15.3,0.6,9.9,8.9
831,9.9,15.6,0.8,9.9,9.0
832,-1.1,10.9,0.9,8.4,9.2
833,-0.3,36.7,1.6,12.3,10.0
834,0.3,39.4,2.1,12.9,10.5
835,0.7,41.5,2.6,13.4,10.9
836,-16.2,37.3,-13.2,13.6,11.0
837,-16.1,37.5,-13.2,13.7,11.1
838,-15.9,38.4,-12.9,13.9,11.3
839,-15.8,38.9,-12.8,14.1,11.4
840,1.4,44.5,13.9,14.2,11.4
841,13.3,31.7,14.3,14.5,11.7
842,13.5,32.2,14.5,14.7,11.9
843,13.6,32.4,14.6,14.8,12.0
844,13.9,33.0,14.9,15.1,12.2
845,14.1,33.5,15.1,15.3,12.3
846,14.1,33.5,15.1,15.3,12.3
847,14.3,34.0,15.3,15.5,12.5
848,14.4,34.4,15.4,15.7,12.7
849,14.1,40.2,15.2,2.8,4.5
850,13.1,30.7,13.7,1.0,3.3
851,11.8,20.4,12.1,-1.1,2.0
852,10.8,15.4,11.3,-2.3,1.2
853,10.2,10.9,0.3,3.2,4.9
854,9.7,7.8,0.3,-3.8,0.6
855,9.9,10.7,0.9,-3.3,1.0
856,10.5,16.4,1.1,-2.6,1.3
857,11.3,31.0,1.9,-0.1,2.2
858,11.9,33.3,2.4,13.2,10.7
859,12.4,37.6,2.9,13.7,11.1
860,12.8,39.0,-12.7,14.2,11.5
861,13.1,40.0,-12.4,14.5,11.7
862,13.3,40.7,-12.2,14.7,11.9
863,13.3,40.7,-12.2,14.7,11.9
864,13.2,40.4,14.3,14.6,11.8
865,12.9,30.8,13.9,14.1,11.4
866,13.1,31.2,14.1,14.3,11.6
867,13.2,31.5,14.2,14.4,11.7
868,13.4,32.1,14.5,14.7,11.9
869,13.7,32.8,14.8,15.0,12.1
870,14.0,33.5,15.1,15.3,12.4
871,14.2,33.9,15.2,15.5,12.5
872,14.4,34.3,15.4,15.7,12.7
873,14.2,40.6,15.4,3.0,4.6
874,13.6,37.5,14.8,2.2,4.0
875,13.3,36.1,14.6,1.9,3.8
876,12.4,31.8,13.8,0.8,3.0
877,11.9,29.2,2.7,6.5,6.7
878,11.5,23.6,2.2,-0.8,2.2
879,11.6,27.6,2.4,-0.2,2.4
880,11.6,26.4,2.3,-0.5,2.4
881,12.0,33.3,2.6,0.7,2.8
882,12.4,35.0,2.9,13.8,11.2
883,12.5,38.1,3.0,14.0,11.3
884,12.7,38.6,-12.8,14.1,11.5
885,12.7,38.8,-12.8,14.2,11.5
886,12.8,39.0,-12.7,14.2,11.6
887,13.0,39.7,-12.5,14.4,11.7
888,13.0,39.7,14.1,14.4,11.7
889,13.3,31.9,14.4,14.6,11.9
890,13.5,32.3,14.6,14.8,12.0
891,13.7,32.9,14.8,15.1,12.2
892,13.8,33.0,14.9,15.1,12.3
893,13.9,33.4,15.0,15.3,12.4
894,14.1,33.8,15.2,15.4,12.5
895,14.0,33.7,15.1,15.4,12.5
896,14.2,34.0,15.3,15.6,12.6
897,13.9,39.8,15.1,2.8,4.5
898,12.9,35.9,14.2,1.6,3.6
899,11.8,30.1,13.1,0.2,2.6
900,11.0,24.5,12.2,-1.0,1.8
901,10.3,20.8,0.9,4.5,5.3
902,10.0,13.4,0.7,-2.9,1.0
903,10.0,9.9,1.1,-3.2,1.2
904,-0.7,10.7,1.4,-4.2,1.5
905,0.1,38.8,2.2,0.1,2.4
906,1.0,42.6,2.9,13.8,11.2
907,1.3,44.1,3.2,14.1,11.5
908,-15.4,40.1,-12.4,14.5,11.8
909,-15.2,41.0,-12.1,14.8,12.0
910,-15.3,40.7,-12.2,14.7,11.9
911,-15.4,40.1,-12.4,14.6,11.8
912,1.6,45.6,14.2,14.5,11.8
913,13.4,31.9,14.4,14.6,11.9
914,13.4,32.1,14.5,14.7,11.9
915,13.5,32.2,14.5,14.7,12.0
916,13.6,32.5,14.7,14.9,12.1
917,14.0,33.5,15.1,15.3,12.4
918,14.5,34.7,15.6,15.9,12.8
919,14.8,35.3,15.8,16.1,13.0
920,14.4,34.5,15.5,15.8,12.8
921,14.1,40.3,15.3,2.9,4.6
922,13.0,34.4,14.2,1.5,3.6
923,12.6,33.4,14.0,1.2,3.3
924,11.9,27.9,13.1,-0.0,2.5
925,11.5,23.3,2.1,5.6,6.2
926,11.3,19.8,2.1,-1.3,2.1
927,11.3,16.4,2.4,-1.6,2.2
928,11.7,10.2,2.4,-2.6,2.3
929,12.5,34.5,3.1,1.1,3.2
930,13.1,37.2,3.6,14.5,11.8
931,13.1,40.2,3.6,14.6,11.8
932,13.4,41.1,-12.1,14.8,12.0
933,13.6,41.7,-11.9,15.0,12.2
934,13.6,41.9,-11.9,15.1,12.2
935,13.8,42.4,-11.7,15.3,12.4
936,14.2,44.2,15.4,15.8,12.8
937,15.0,35.8,16.1,16.4,13.2
938,15.4,36.8,16.5,16.8,13.6
939,15.6,37.3,16.7,17.1,13.8
940,15.9,38.0,17.0,17.4,14.0
941,16.0,38.3,17.1,17.5,14.1
942,16.1,38.6,17.3,17.6,14.2
943,16.1,38.5,17.2,17.6,14.2
944,16.3,39.1,17.5,17.9,14.4
945,16.2,47.0,17.5,5.2,6.4
946,15.7,44.0,17.0,4.5,5.9
947,14.9,38.2,16.1,3.3,5.1
948,14.1,31.8,15.2,2.0,4.3
949,13.5,28.2,4.2,7.6,7.9
950,13.4,27.6,4.2,1.1,3.9
951,13.2,28.1,4.3,1.1,3.9
952,2.3,37.5,4.5,1.0,4.2
953,3.0,51.0,5.1,3.2,4.9
954,3.6,54.0,5.6,16.7,13.5
955,3.9,55.4,5.9,17.0,13.8
956,-12.7,49.8,-9.6,17.5,14.1
957,-12.2,51.7,-9.0,18.1,14.6
958,-12.3,51.4,-9.1,18.0,14.5
959,-12.3,51.2,-9.2,17.9,14.5
960,3.7,47.5,16.4,16.8,13.6
961,14.9,35.9,16.1,16.4,13.3
962,14.4,34.7,15.6,15.9,12.9
963,14.3,34.3,15.5,15.7,12.8
964,13.8,33.2,15.0,15.2,12.4
965,13.2,32.0,14.4,14.7,12.0
966,13.1,31.7,14.3,14.6,11.9
967,13.2,32.0,14.4,14.7,12.0
968,13.3,32.1,14.5,14.7,12.0
969,13.1,37.3,14.4,14.7,12.0
970,12.3,32.8,13.6,13.6,11.3
971,11.8,31.0,13.2,13.1,10.8
972,11.9,32.5,13.3,13.3,11.0
973,11.0,27.5,1.8,12.1,10.1
974,11.0,28.6,1.8,12.3,10.2
975,11.2,30.3,2.0,12.6,10.4
976,-0.1,37.0,2.0,12.6,10.5
977,0.2,39.1,2.2,13.0,10.7
978,0.5,40.5,2.5,13.4,10.9
979,0.6,41.2,2.6,13.5,11.0
980,-16.5,36.6,-13.4,13.5,11.1
981,-16.5,36.6,-13.4,13.5,11.1
982,-16.5,36.5,-13.4,13.5,11.1
983,-16.5,36.5,-13.4,13.5,11.0
984,0.7,41.5,13.3,13.6,11.1
985,12.2,29.5,13.4,13.5,11.1
986,12.2,29.5,13.4,13.5,11.1
987,12.2,29.3,13.3,13.5,11.0
988,12.2,29.3,13.3,13.5,11.0
989,12.3,29.6,13.4,13.6,11.1
990,12.3,29.6,13.4,13.6,11.1
991,12.3,29.7,13.4,13.6,11.1
992,12.3,29.7,13.4,13.6,11.1
993,12.2,34.5,13.4,13.6,11.1
994,11.9,33.1,13.2,13.3,10.9
995,11.6,31.7,12.9,12.9,10.6
996,11.2,29.4,12.5,12.4,10.2
997,10.5,26.6,1.3,11.6,9.7
998,10.1,23.8,0.9,11.0,9.2
999,9.6,15.2,0.7,9.8,8.9
1000,-1.5,14.2,0.6,8.7,9.0
1001,-0.8,34.8,1.3,11.9,9.8
1002,0.1,38.9,2.1,12.9,10.5
1003,0.7,41.6,2.6,13.5,11.0
1004,-16.1,37.7,-13.1,13.8,11.2
1005,-16.6,36.2,-13.5,13.4,10.9
1006,-16.6,36.2,-13.5,13.4,10.9
1007,-16.6,36.0,-13.6,13.3,10.8
1008,0.5,40.7,13.1,13.3,10.8
1009,12.2,29.2,13.2,13.4,10.9
1010,12.3,29.4,13.3,13.5,11.0
1011,12.2,29.3,13.3,13.4,10.9
1012,12.2,29.3,13.3,13.4,10.9
1013,12.7,30.3,13.7,13.9,11.3
1014,13.0,31.1,14.1,14.2,11.6
1015,13.5,32.4,14.6,14.8,12.0
1016,13.9,33.2,14.9,15.2,12.3
1017,13.2,36.7,14.3,1.8,3.7
1018,12.0,29.2,12.9,0.2,2.6
1019,10.9,20.8,11.6,-1.6,1.5
1020,9.5,12.3,10.3,-3.5,0.3
1021,8.9,8.4,-0.8,2.0,3.9
1022,8.3,4.6,-1.0,-5.1,-0.5
1023,8.4,4.4,-0.4,-5.0,-0.2
1024,8.7,0.0,-0.5,-6.2,-0.2
1025,9.6,23.9,0.3,-1.9,0.8
1026,10.8,29.8,1.3,12.1,9.8
1027,11.6,34.7,2.0,12.9,10.5
1028,11.9,35.7,-13.7,13.2,10.7
1029,12.2,36.9,-13.3,13.5,11.0
1030,12.6,38.1,-13.0,13.9,11.2
1031,12.8,39.0,-12.7,14.2,11.5
1032,13.2,40.3,14.3,14.6,11.8
1033,13.6,32.4,14.6,14.8,12.0
1034,14.0,33.4,15.0,15.3,12.3
1035,14.2,33.9,15.2,15.5,12.5
1036,14.5,34.6,15.5,15.8,12.7
1037,14.6,34.7,15.6,15.9,12.8
1038,15.0,35.8,16.0,16.3,13.2
1039,15.1,36.0,16.1,16.4,13.3
1040,14.9,35.6,16.0,16.3,13.1
1041,14.3,40.5,15.5,3.1,4.7
1042,12.7,30.4,13.5,0.8,3.1
1043,10.9,19.1,11.5,-1.8,1.5
1044,9.6,11.1,10.2,-3.5,0.3
1045,9.0,8.9,-0.6,2.2,4.0
1046,8.4,5.2,-0.9,-4.9,-0.4
1047,8.4,4.4,-0.3,-4.9,-0.1
1048,8.9,0.0,-0.4,-6.1,-0.1
1049,9.9,25.2,0.7,-1.6,1.1
1050,11.1,30.7,1.6,12.3,10.1
1051,11.8,35.6,2.3,13.1,10.7
1052,12.3,37.3,-13.2,13.7,11.1
1053,12.7,38.5,-12.9,14.0,11.4
1054,12.9,39.3,-12.6,14.3,11.6
1055,13.1,39.9,-12.5,14.4,11.7
1056,13.2,40.4,14.3,14.6,11.8
1057,13.6,32.5,14.7,14.9,12.0
1058,14.0,33.3,15.0,15.2,12.3
1059,14.2,33.8,15.2,15.5,12.5
1060,14.0,33.4,15.0,15.3,12.3
1061,14.1,33.7,15.2,15.4,12.5
1062,14.5,34.6,15.5,15.8,12.8
1063,14.4,34.5,15.5,15.7,12.7
1064,13.4,32.1,14.5,14.7,11.9
1065,13.1,37.1,14.2,1.8,3.7
1066,12.8,35.5,14.0,1.4,3.4
1067,12.4,33.7,13.6,1.0,3.1
1068,11.9,31.6,13.2,0.4,2.7
1069,11.3,28.6,2.0,6.0,6.2
1070,10.5,24.5,1.3,-1.4,1.4
1071,10.0,18.5,1.0,-2.3,1.1
1072,-1.2,22.5,1.0,-2.7,1.2
1073,-0.6,35.2,1.4,-0.7,1.8
1074,0.2,39.3,2.2,13.0,10.6
1075,0.7,41.5,2.6,13.5,11.0
1076,-16.1,37.7,-13.1,13.8,11.2
1077,-15.9,38.4,-12.9,14.0,11.4
1078,-15.8,38.7,-12.8,14.1,11.4
1079,-15.7,39.1,-12.7,14.2,11.5
1080,1.4,44.7,14.0,14.3,11.6
1081,13.3,31.8,14.3,14.5,11.8
1082,13.3,31.9,14.4,14.6,11.8
1083,13.4,32.1,14.5,14.7,11.9
1084,13.5,32.3,14.5,14.8,12.0
1085,13.8,33.0,14.8,15.1,12.2
1086,14.0,33.4,15.0,15.3,12.4
1087,14.2,33.9,15.2,15.5,12.5
1088,14.3,34.2,15.4,15.7,12.7
1089,13.9,39.5,15.1,2.7,4.4
1090,13.0,34.7,14.2,1.5,3.5
1091,11.6,26.4,12.7,-0.4,2.2
1092,10.6,19.3,11.6,-1.9,1.3
1093,9.7,15.8,0.2,3.4,4.7
1094,8.9,10.7,-0.3,-3.9,0.1
1095,9.3,13.7,0.4,-3.3,0.6
1096,9.8,12.2,0.6,-3.5,0.8
1097,10.4,28.2,1.2,-1.0,1.5
1098,11.2,30.9,1.7,12.5,10.2
1099,11.7,35.1,2.2,13.0,10.6
1100,12.0,36.3,-13.5,13.4,10.9
1101,12.5,37.9,-13.0,13.8,11.2
1102,12.8,38.9,-12.8,14.2,11.5
1103,13.0,39.7,-12.5,14.4,11.7
1104,13.1,39.9,14.2,14.5,11.7
1105,13.3,31.9,14.4,14.6,11.8
1106,13.6,32.5,14.6,14.9,12.0
1107,13.7,32.8,14.8,15.0,12.2
1108,13.6,32.5,14.6,14.9,12.1
1109,14.2,34.0,15.3,15.5,12.6
1110,14.4,34.4,15.4,15.7,12.7
1111,14.5,34.6,15.5,15.8,12.8
1112,14.6,35.0,15.7,16.0,12.9
1113,14.1,40.1,15.3,2.9,4.5
1114,13.2,36.4,14.4,1.8,3.8
1115,12.5,33.8,13.8,1.1,3.2
1116,12.0,32.0,13.4,0.6,2.8
1117,10.9,26.2,1.7,5.5,5.9
1118,10.7,24.3,1.5,-1.2,1.6
1119,10.9,26.6,1.7,-0.8,1.8
1120,-0.8,25.5,1.4,-2.1,1.6
1121,-0.5,35.9,1.6,-0.5,1.9
1122,0.4,40.1,2.3,13.2,10.7
1123,1.0,42.8,2.9,13.8,11.2
1124,-15.9,38.6,-12.8,14.1,11.4
1125,-15.8,38.9,-12.7,14.2,11.5
1126,-15.8,38.9,-12.7,14.2,11.5
1127,-15.8,38.9,-12.7,14.2,11.5
1128,1.3,38.8,13.9,14.1,11.5
1129,12.8,30.7,13.9,14.1,11.4
1130,12.8,30.6,13.8,14.0,11.4
1131,12.7,30.4,13.7,13.9,11.3
1132,12.7,30.4,13.7,13.9,11.3
1133,12.8,30.6,13.8,14.0,11.4
1134,12.7,30.4,13.7,13.9,11.3
1135,12.7,30.5,13.8,14.0,11.4
1136,12.9,30.8,13.9,14.1,11.5
1137,12.6,35.3,13.8,14.0,11.4
1138,11.9,30.1,13.0,12.9,10.6
1139,11.6,30.1,12.9,12.7,10.5
1140,9.7,15.6,10.7,9.8,8.6
1141,8.7,5.8,-1.0,8.0,7.8
1142,8.4,6.4,-0.8,7.9,7.7
1143,8.6,7.8,-0.1,8.3,8.1
1144,-2.3,4.9,-0.0,7.0,8.3
1145,-1.0,33.8,1.1,11.6,9.5
1146,-0.1,38.0,1.9,12.6,10.3
1147,0.5,40.4,2.3,13.2,10.7
1148,-16.3,36.9,-13.3,13.5,11.0
1149,-15.9,38.3,-12.9,13.9,11.3
1150,-15.6,39.3,-12.7,14.2,11.5
1151,-15.3,40.7,-12.3,14.7,11.8
1152,2.0,47.1,14.5,14.8,12.0
1153,14.0,33.3,15.0,15.2,12.3
1154,14.0,33.4,15.0,15.3,12.3
1155,14.2,33.9,15.2,15.5,12.5
1156,14.5,34.5,15.5,15.7,12.7
1157,13.9,33.2,15.0,15.2,12.3
1158,13.8,33.0,14.9,15.1,12.2
1159,13.8,33.1,14.9,15.1,12.2
1160,13.7,32.7,14.7,15.0,12.1
1161,13.2,37.2,14.4,14.6,11.9
1162,12.0,32.1,13.2,13.2,10.8
1163,11.9,31.9,13.2,13.1,10.7
1164,11.5,30.8,12.8,12.7,10.4
1165,11.4,30.4,2.0,12.6,10.3
1166,11.4,30.4,2.0,12.6,10.3
1167,11.1,28.9,1.7,12.2,10.1
1168,-0.3,35.9,1.7,12.2,10.1
1169,0.2,39.1,2.2,12.9,10.6
1170,0.5,40.3,2.4,13.2,10.8
1171,0.7,41.3,2.6,13.4,10.9
1172,-16.4,36.7,-13.4,13.5,11.0
1173,-16.4,36.7,-13.4,13.5,11.0
1174,-16.5,36.3,-13.5,13.4,10.9
1175,-16.5,36.3,-13.5,13.4,10.9
1176,0.8,41.9,13.4,13.6,11.0
1177,12.6,30.2,13.6,13.8,11.2
1178,12.9,30.7,13.9,14.1,11.4
1179,12.7,30.4,13.7,13.9,11.3
1180,12.7,30.3,13.7,13.9,11.3
1181,12.6,30.1,13.6,13.8,11.2
1182,12.4,29.8,13.5,13.6,11.1
1183,12.6,30.1,13.6,13.8,11.2
1184,12.6,30.2,13.7,13.8,11.3
1185,12.4,35.1,13.6,1.1,3.1
1186,12.4,34.5,13.5,1.0,3.1
1187,12.1,33.2,13.3,0.7,2.8
1188,11.5,30.3,12.8,-0.0,2.3
1189,11.3,29.6,2.0,6.1,6.2
1190,11.6,31.0,2.3,0.1,2.4
1191,11.8,31.6,2.4,0.3,2.5
1192,11.8,31.4,2.4,0.2,2.5
1193,11.7,32.2,2.3,0.3,2.6
1194,12.3,34.5,2.9,13.7,11.1
1195,12.5,37.9,3.0,13.9,11.3
1196,13.1,40.1,-12.4,14.5,11.8
1197,13.6,41.7,-12.0,15.0,12.1
1198,13.8,42.5,-11.7,15.3,12.3
1199,14.2,44.1,-11.3,15.7,12.7
1200,14.4,44.6,15.5,15.9,12.8
1201,14.7,35.2,15.8,16.1,13.0
1202,15.0,35.9,16.1,16.4,13.2
1203,15.2,36.2,16.2,16.5,13.4
1204,15.1,36.0,16.2,16.5,13.3
1205,15.3,36.5,16.4,16.7,13.5
1206,15.6,37.2,16.7,17.0,13.7
1207,16.6,39.6,17.7,18.1,14.5
1208,16.3,38.9,17.4,17.8,14.3
1209,14.9,37.6,15.5,3.1,4.9
1210,12.7,24.0,12.8,-0.0,2.8
1211,11.8,18.1,12.1,-1.3,2.0
1212,10.6,11.5,11.2,-2.8,1.1
1213,11.5,28.4,2.3,6.2,6.3
1214,10.7,21.8,1.6,-1.5,1.6
1215,10.5,22.7,1.5,-1.5,1.6
1216,11.1,15.9,2.0,-2.2,1.9
1217,11.9,32.4,2.6,0.5,2.7
1218,12.8,36.2,3.4,14.3,11.6
1219,13.8,42.6,4.3,15.3,12.4
1220,14.1,43.8,-11.3,15.7,12.7
1221,15.4,48.2,-10.1,17.0,13.7
1222,15.8,49.5,-9.7,17.4,14.0
1223,16.5,52.0,-9.0,18.1,14.6
1224,16.8,53.1,18.0,18.5,14.8
1225,17.1,40.8,18.2,18.6,15.0
1226,17.5,41.7,18.6,19.0,15.3
1227,17.6,41.9,18.7,19.1,15.4
1228,17.7,42.2,18.8,19.3,15.5
1229,18.0,43.0,19.2,19.6,15.8
1230,18.3,43.7,19.5,20.0,16.0
1231,18.5,44.2,19.7,20.2,16.2
1232,18.4,44.0,19.6,20.1,16.2
1233,16.0,42.3,16.8,4.5,6.0
1234,13.4,28.9,13.9,1.2,3.6
1235,12.0,22.4,12.7,-0.5,2.5
1236,11.0,17.3,12.0,-1.7,1.7
1237,9.8,4.7,0.3,2.5,4.7
1238,10.4,13.3,1.5,-2.4,1.5
1239,10.5,10.6,2.0,-2.7,1.8
1240,-0.4,12.6,2.0,-3.8,1.8
1241,0.5,41.6,2.9,0.8,2.9
1242,1.7,45.7,3.7,14.6,11.9
1243,2.3,48.7,4.3,15.3,12.5
1244,-14.4,43.9,-11.3,15.7,12.8
1245,-13.7,46.5,-10.5,16.5,13.3
1246,-12.7,49.7,-9.6,17.5,14.1
1247,-12.0,52.5,-8.8,18.3,14.7
1248,5.4,61.8,18.1,18.6,14.9
1249,17.4,41.5,18.5,18.9,15.2
1250,17.9,42.8,19.1,19.5,15.7
1251,18.1,43.1,19.2,19.7,15.8
1252,18.2,43.4,19.3,19.8,15.9
1253,18.3,43.8,19.5,20.0,16.1
1254,18.3,43.8,19.5,20.0,16.1
1255,18.1,43.4,19.3,19.8,16.0
1256,18.1,43.3,19.3,19.8,15.9
1257,15.7,43.8,16.9,4.6,6.0
1258,14.0,35.6,15.1,2.4,4.4
1259,12.3,29.8,13.7,0.7,3.1
1260,12.4,32.2,13.9,1.0,3.3
1261,12.3,32.8,3.2,7.3,7.3
1262,11.9,31.2,2.8,0.5,2.9
1263,12.2,33.1,3.0,0.9,3.2
1264,12.1,33.4,2.9,0.9,3.1
1265,12.0,33.4,2.7,0.8,3.0
1266,12.2,34.4,2.9,13.8,11.3
1267,12.2,37.3,2.9,13.8,11.3
1268,12.8,39.1,-12.6,14.4,11.8
1269,12.8,39.1,-12.6,14.4,11.8
1270,12.7,38.8,-12.7,14.3,11.7
1271,13.5,41.7,-11.9,15.1,12.3
1272,13.5,41.7,14.8,15.1,12.3
1273,14.4,34.7,15.6,15.9,12.9
1274,14.0,33.7,15.2,15.4,12.6
1275,14.0,33.7,15.2,15.4,12.6
1276,13.8,33.2,15.0,15.2,12.4
1277,13.9,33.6,15.1,15.4,12.6
1278,14.0,33.8,15.2,15.5,12.6
1279,14.2,34.1,15.4,15.7,12.8
1280,15.0,36.1,16.2,16.5,13.4
1281,14.7,41.7,16.0,3.6,5.2
1282,13.3,32.7,14.4,1.6,3.8
1283,12.0,21.0,12.6,-0.7,2.5
1284,10.8,13.4,11.6,-2.3,1.5
1285,10.2,10.3,0.8,3.4,5.2
1286,10.1,11.0,1.2,-2.9,1.2
1287,10.4,10.2,1.9,-2.8,1.7
1288,-0.8,11.2,1.7,-4.2,1.5
1289,0.2,40.2,2.6,0.4,2.6
1290,1.6,45.2,3.6,14.5,11.8
1291,2.6,49.9,4.6,15.6,12.7
1292,-14.1,44.9,-11.0,16.0,13.0
1293,-13.8,45.9,-10.7,16.3,13.2
1294,-13.5,47.0,-10.4,16.6,13.4
1295,-13.3,47.6,-10.2,16.8,13.6
1296,4.0,48.5,16.7,17.1,13.8
1297,16.0,38.4,17.2,17.5,14.1
1298,16.2,38.9,17.4,17.7,14.3
1299,17.0,40.7,18.2,18.6,15.0
1300,17.3,41.3,18.4,18.8,15.2
1301,17.3,41.4,18.5,18.9,15.2
1302,17.0,40.8,18.2,18.6,15.0
1303,17.0,40.7,18.2,18.6,15.0
1304,17.4,41.7,18.6,19.1,15.4
1305,15.6,44.5,16.9,17.2,14.0
1306,12.6,33.6,14.0,14.0,11.5
1307,12.2,32.9,13.6,13.6,11.2
1308,9.6,17.0,10.9,10.0,8.9
1309,8.7,6.1,-0.7,8.2,8.0
1310,8.3,3.5,-0.5,7.7,7.9
1311,8.9,5.0,0.5,8.3,8.5
1312,-1.9,6.5,0.6,7.4,8.7
1313,-1.0,35.1,1.4,11.9,9.7
1314,0.2,39.7,2.4,13.1,10.7
1315,1.3,44.0,3.2,14.2,11.5
1316,-15.3,40.6,-12.2,14.7,12.0
1317,-15.0,41.6,-11.9,15.0,12.2
1318,-14.9,42.1,-11.8,15.2,12.3
1319,-14.5,43.5,-11.4,15.6,12.6
1320,3.0,51.5,15.6,16.0,12.9
1321,14.9,35.7,16.0,16.3,13.2
1322,14.7,35.3,15.8,16.1,13.1
1323,14.4,34.6,15.6,15.8,12.8
1324,14.2,34.2,15.4,15.6,12.7
1325,14.1,33.9,15.3,15.5,12.6
1326,14.0,33.6,15.1,15.4,12.5
1327,13.9,33.4,15.0,15.3,12.4
1328,14.0,33.5,15.1,15.4,12.5
1329,13.7,38.7,14.9,15.2,12.3
1330,12.8,34.2,14.1,14.1,11.5
1331,11.8,26.8,13.0,12.6,10.6
1332,11.5,25.1,12.8,12.2,10.3
1333,11.3,26.7,2.1,12.2,10.2
1334,10.7,22.9,1.6,11.4,9.7
1335,10.2,19.4,1.4,10.7,9.5
1336,-1.1,15.1,1.3,9.0,9.3
1337,-0.4,37.5,2.0,12.5,10.2
1338,0.6,41.2,2.7,13.4,11.0
1339,1.5,45.1,3.5,14.4,11.7
1340,-15.3,40.7,-12.2,14.7,12.0
1341,-14.9,42.1,-11.8,15.1,12.3
1342,-14.4,44.0,-11.3,15.7,12.7
1343,-14.2,44.5,-11.1,15.9,12.8
1344,3.1,51.7,15.7,16.0,12.9
1345,15.1,36.0,16.1,16.4,13.3
1346,15.3,36.6,16.4,16.7,13.5
1347,15.6,37.2,16.6,17.0,13.7
1348,15.8,37.8,16.9,17.2,13.9
1349,15.9,38.1,17.1,17.4,14.0
1350,16.1,38.6,17.3,17.6,14.2
1351,16.3,39.0,17.4,17.8,14.4
1352,16.4,39.3,17.6,18.0,14.5
1353,15.4,42.3,16.5,4.1,5.5
1354,13.8,31.7,14.5,1.7,4.0
1355,12.0,20.7,12.6,-0.7,2.4
1356,10.6,12.8,11.4,-2.6,1.2
1357,9.5,7.9,0.1,2.6,4.5
1358,9.3,6.7,0.4,-4.0,0.5
1359,9.3,7.2,0.9,-3.9,0.7
1360,9.9,1.5,1.0,-5.0,0.9
1361,10.8,29.8,1.8,-0.5,1.9
1362,12.0,33.4,2.6,13.4,10.9
1363,12.9,39.3,3.4,14.3,11.6
1364,13.3,40.9,-12.2,14.8,12.0
1365,13.8,42.6,-11.7,15.3,12.4
1366,14.2,44.1,-11.2,15.8,12.8
1367,14.6,45.4,-10.9,16.1,13.0
1368,14.9,46.6,16.1,16.5,13.3
1369,15.4,36.8,16.5,16.8,13.6
1370,15.8,37.8,16.9,17.3,13.9
1371,16.0,38.2,17.1,17.5,14.1
1372,16.3,38.9,17.4,17.8,14.3
1373,16.3,39.1,17.5,17.9,14.4
1374,16.5,39.6,17.7,18.1,14.6
1375,16.7,40.0,17.9,18.3,14.7
1376,16.9,40.4,18.0,18.5,14.9
1377,15.5,42.4,16.6,4.2,5.7
1378,13.7,31.2,14.4,1.7,3.9
1379,11.8,19.7,12.4,-1.0,2.2
1380,10.1,11.3,10.9,-3.0,0.8
1381,9.4,7.5,-0.0,2.4,4.4
1382,8.3,4.0,-0.5,-4.9,-0.2
1383,8.5,4.4,0.1,-4.8,0.1
1384,8.7,0.0,-0.2,-6.2,-0.0
1385,9.7,24.4,0.7,-1.7,1.0
1386,10.9,30.0,1.6,12.3,10.1
1387,11.9,35.8,2.4,13.3,10.9
1388,12.5,38.2,-12.9,14.0,11.4
1389,13.2,40.4,-12.3,14.6,11.9
1390,13.2,40.4,-12.3,14.6,11.9
1391,13.5,41.6,-12.0,15.0,12.2
1392,13.9,43.0,15.1,15.4,12.5
1393,14.3,34.2,15.4,15.6,12.7
1394,14.1,33.8,15.2,15.5,12.5
1395,14.0,33.5,15.1,15.4,12.5
1396,13.9,33.4,15.1,15.3,12.4
1397,13.9,33.3,15.0,15.3,12.4
1398,14.1,33.9,15.3,15.5,12.6
1399,14.6,34.9,15.7,16.0,13.0
1400,14.5,34.7,15.6,15.9,12.9
1401,13.2,34.9,14.3,1.7,3.7
1402,11.2,22.9,11.8,-1.1,1.8
1403,9.6,12.5,10.1,-3.4,0.3
1404,8.8,14.0,10.0,-3.7,-0.1
1405,8.6,15.8,-0.6,2.8,3.9
1406,8.5,17.4,-0.6,-3.5,-0.1
1407,8.7,18.7,-0.4,-3.2,0.1
1408,-2.3,25.9,-0.1,-2.8,0.3
1409,-1.5,31.2,0.5,-1.7,1.0
1410,-1.0,34.0,1.0,11.7,9.6
1411,-0.5,36.2,1.4,12.2,10.0
1412,-17.6,32.6,-14.6,12.3,10.0
1413,-17.5,32.9,-14.5,12.4,10.1
1414,-17.5,32.7,-14.5,12.3,10.0
1415,-17.6,32.4,-14.6,12.2,10.0
1416,-0.6,36.0,12.0,12.1,9.9
1417,10.9,26.0,11.9,12.0,9.8
1418,10.7,25.7,11.7,11.8,9.7
1419,11.0,26.4,12.0,12.1,9.9
1420,11.2,26.9,12.3,12.4,10.1
1421,11.4,27.3,12.4,12.5,10.2
1422,11.4,27.3,12.4,12.5,10.2
1423,11.4,27.3,12.4,12.5,10.2
1424,11.4,27.3,12.4,12.5,10.2
1425,10.9,29.7,12.0,-0.6,1.8
1426,9.9,25.4,11.1,-1.8,1.0
1427,8.5,19.0,9.8,-3.4,-0.3
1428,6.9,10.0,8.2,-5.5,-1.7
1429,5.7,1.2,-3.7,-1.0,1.3
1430,5.8,6.5,-3.3,-6.7,-2.5
1431,7.3,17.6,-2.1,-4.5,-1.2
1432,7.3,17.8,-2.2,-4.5,-1.2
1433,7.2,14.6,-2.3,-5.0,-1.3
1434,7.9,20.7,-1.7,8.9,7.4
1435,8.4,23.2,-1.3,9.4,7.7
1436,8.6,24.2,-17.0,9.7,8.0
1437,8.7,24.4,-16.9,9.7,8.0
1438,8.9,25.2,-16.7,10.0,8.2
1439,9.1,25.9,-16.5,10.2,8.3
1440,9.2,26.3,10.2,10.3,8.4
1441,9.7,23.1,10.6,10.6,8.7
1442,9.9,23.5,10.8,10.8,8.8
1443,9.8,23.4,10.7,10.7,8.7
1444,9.9,23.6,10.8,10.8,8.8
1445,10.0,23.8,10.9,10.9,8.9
1446,10.1,24.2,11.1,11.1,9.0
1447,10.2,24.4,11.2,11.2,9.1
1448,10.2,24.3,11.1,11.1,9.1
1449,10.0,27.1,11.0,-1.7,0.9
1450,9.3,24.2,10.4,-2.4,0.4
1451,8.7,21.4,9.9,-3.1,-0.2
1452,8.2,19.3,9.4,-3.7,-0.6
1453,7.7,16.9,-1.8,2.0,2.9
1454,7.5,17.5,-2.0,-4.4,-1.2
1455,8.1,20.3,-1.5,-3.8,-0.7
1456,-3.5,22.6,-1.7,-3.9,-0.8
1457,-3.3,23.7,-1.5,-3.7,-0.7
1458,-3.2,24.4,-1.4,9.2,7.5
1459,-2.8,26.0,-1.1,9.5,7.8
1460,-19.8,24.6,-16.9,9.7,8.0
1461,-20.0,23.9,-17.1,9.5,7.8
1462,-20.0,23.9,-17.1,9.5,7.8
1463,-19.9,24.0,-17.1,9.6,7.8
1464,-3.2,22.7,9.2,9.2,7.5
1465,8.4,20.0,9.3,9.2,7.5
1466,8.4,20.0,9.3,9.2,7.5
1467,8.5,20.2,9.4,9.3,7.6
1468,9.0,21.2,9.8,9.7,7.9
1469,9.3,21.9,10.1,10.0,8.2
1470,8.6,20.4,9.5,9.4,7.7
1471,9.4,22.3,10.2,10.2,8.3
1472,9.7,22.8,10.5,10.5,8.5
1473,8.7,21.1,9.6,9.4,7.7
1474,7.0,10.8,7.6,7.0,6.1
1475,5.2,2.5,5.9,4.8,4.5
1476,4.7,1.4,5.7,4.4,4.2
1477,4.7,1.6,-4.7,4.5,4.3
1478,5.5,9.7,-4.0,5.9,5.1
1479,5.5,9.8,-4.0,5.9,5.1
1480,-5.7,11.0,-3.9,6.0,5.2
1481,-5.4,10.9,-3.7,6.1,5.4
1482,-4.9,16.6,-3.2,7.2,5.9
1483,-4.0,21.0,-2.4,8.2,6.7
1484,-20.2,22.7,-17.5,9.1,7.4
1485,-19.7,24.6,-17.0,9.7,7.8
1486,-20.2,22.9,-17.5,9.1,7.4
1487,-19.6,25.1,-16.8,9.8,7.9
1488,-2.0,29.2,10.2,10.2,8.2
1489,10.3,24.2,11.0,11.0,8.8
1490,10.5,24.6,11.2,11.2,9.0
1491,11.1,26.0,11.8,11.8,9.5
1492,11.3,26.6,12.1,12.1,9.7
1493,11.8,27.8,12.6,12.6,10.1
1494,11.8,27.7,12.5,12.6,10.1
1495,11.8,27.8,12.6,12.7,10.1
1496,10.8,25.3,11.6,11.6,9.4
1497,9.4,22.7,10.2,10.0,8.2
1498,7.1,12.4,7.8,7.3,6.2
1499,4.9,0.0,5.4,4.3,4.2
1500,3.8,0.0,4.7,3.3,3.4
1501,2.9,0.0,-6.9,2.0,2.7
1502,2.8,0.0,-7.2,2.6,3.0
1503,3.1,0.0,-7.3,3.3,3.3
1504,-8.6,0.0,-6.5,4.3,4.0
1505,-7.0,0.1,-5.2,5.4,4.8
1506,-5.8,12.9,-4.1,6.2,5.2
1507,-5.1,15.9,-3.6,6.9,5.7
1508,-21.6,18.0,-18.9,7.6,6.2
1509,-21.3,19.0,-18.6,7.9,6.5
1510,-21.2,19.3,-18.5,8.0,6.5
1511,-21.0,19.9,-18.4,8.2,6.6
1512,-3.9,21.4,8.3,8.2,6.7
1513,7.8,18.2,8.5,8.3,6.7
1514,7.8,18.1,8.4,8.3,6.7
1515,7.9,18.5,8.6,8.4,6.8
1516,7.9,18.6,8.6,8.5,6.9
1517,7.6,17.8,8.3,8.1,6.6
1518,7.7,18.0,8.4,8.2,6.7
1519,7.8,18.1,8.4,8.3,6.7
1520,7.7,18.0,8.4,8.2,6.7
1521,7.3,18.4,8.1,-4.7,-1.6
1522,6.5,15.0,7.4,-5.6,-2.3
1523,6.1,13.3,7.0,-6.1,-2.6
1524,5.9,12.9,6.8,-6.3,-2.8
1525,5.5,11.4,-4.2,-0.4,0.9
1526,5.5,11.4,-4.2,-6.8,-3.1
1527,5.6,12.2,-4.1,-6.6,-3.0
1528,4.3,3.9,-5.3,-8.5,-4.2
1529,4.6,5.5,-5.2,-8.2,-4.0
1530,5.3,11.9,-4.6,5.8,4.8
1531,5.6,13.1,-4.3,6.2,5.1
1532,5.9,14.2,-20.0,6.5,5.3
1533,6.2,15.2,-19.7,6.8,5.5
1534,6.4,16.0,-19.5,7.0,5.7
1535,6.5,16.4,-19.4,7.1,5.8
1536,6.6,16.7,7.4,7.2,5.9
1537,6.7,15.5,7.3,7.1,5.8
1538,6.7,15.6,7.4,7.1,5.8
1539,6.8,15.8,7.4,7.2,5.9
1540,6.8,15.9,7.5,7.2,5.9
1541,6.8,15.9,7.5,7.3,5.9
1542,6.8,15.9,7.5,7.3,5.9
1543,7.0,16.2,7.6,7.4,6.0
1544,6.8,15.7,7.5,7.2,5.9
1545,6.3,14.7,7.1,-5.9,-2.5
1546,5.7,11.9,6.5,-6.6,-3.1
1547,4.7,7.6,5.6,-7.8,-3.9
1548,3.4,1.8,4.5,-9.3,-5.0
1549,2.5,0.0,-7.0,-4.0,-1.7
1550,1.7,0.0,-7.9,-11.6,-6.5
1551,1.6,0.0,-8.3,-11.9,-6.7
1552,1.7,0.0,-8.9,-12.2,-6.8
1553,1.9,0.0,-9.5,-14.9,-7.2
1554,3.0,0.0,-9.6,3.9,3.5
1555,4.1,0.0,-7.9,5.0,4.3
1556,4.8,0.0,-22.7,5.5,4.6
1557,5.6,7.0,-20.9,6.1,5.0
1558,6.0,14.3,-20.0,6.4,5.2
1559,6.0,14.3,-20.0,6.4,5.2
1560,6.0,14.4,6.7,6.5,5.2
1561,5.7,13.2,6.3,6.0,4.9
1562,5.6,12.8,6.2,5.8,4.8
1563,5.6,12.8,6.2,5.8,4.8
1564,5.7,13.1,6.2,5.9,4.8
1565,5.5,12.7,6.1,5.8,4.7
1566,5.4,12.5,6.0,5.7,4.7
1567,5.1,11.7,5.7,5.3,4.4
1568,4.7,10.8,5.3,5.0,4.1
1569,4.7,10.0,5.4,-7.6,-3.9
1570,4.4,8.2,5.1,-8.0,-4.2
1571,3.6,4.8,4.4,-9.0,-4.9
1572,4.0,5.7,4.9,-8.5,-4.6
1573,3.3,3.1,-6.4,-3.0,-1.1
1574,1.2,0.0,-8.3,-12.1,-7.0
1575,1.0,0.0,-8.9,-12.7,-7.3
1576,-10.6,0.0,-8.8,-11.2,-6.6
1577,-10.2,0.0,-8.5,-10.7,-6.2
1578,-9.8,0.0,-8.1,3.4,3.0
1579,-8.3,0.0,-6.8,4.7,3.9
1580,-24.3,5.3,-21.7,5.2,4.2
1581,-22.9,12.9,-20.4,6.0,4.8
1582,-22.7,13.7,-20.2,6.2,5.0
1583,-23.5,10.8,-21.0,5.3,4.3
1584,-6.3,10.4,5.7,5.4,4.4
1585,5.2,11.8,5.7,5.4,4.3
1586,5.3,12.1,5.8,5.5,4.4
1587,5.4,12.3,5.9,5.6,4.5
1588,5.6,12.6,6.1,5.7,4.6
1589,6.0,13.5,6.4,6.1,4.9
1590,5.7,13.0,6.2,5.9,4.8
1591,6.0,13.6,6.5,6.1,5.0
1592,6.2,14.1,6.7,6.4,5.2
1593,6.1,14.2,6.7,-6.2,-2.9
1594,5.3,11.0,6.0,-7.2,-3.6
1595,4.9,9.1,5.6,-7.6,-3.9
1596,4.2,6.1,5.0,-8.5,-4.5
1597,3.6,3.2,-6.2,-2.8,-1.0
1598,2.6,0.0,-7.1,-10.3,-5.9
1599,2.7,0.0,-7.1,-10.2,-5.8
1600,3.1,0.8,-6.8,-9.8,-5.5
1601,3.9,5.0,-6.1,-8.9,-4.8
1602,4.4,8.6,-5.6,4.6,3.8
1603,4.6,9.3,-5.4,4.9,4.0
1604,5.0,10.6,-21.1,5.3,4.3
1605,5.3,11.8,-20.7,5.6,4.5
1606,5.2,11.3,-20.9,5.5,4.4
1607,5.7,13.2,-20.4,6.1,4.9
1608,6.1,14.6,6.7,6.5,5.2
1609,6.2,14.1,6.7,6.4,5.1
1610,6.4,14.7,6.9,6.7,5.3
1611,6.4,14.6,6.9,6.6,5.3
1612,6.5,14.9,7.0,6.8,5.4
1613,6.7,15.4,7.2,7.0,5.6
1614,6.6,15.1,7.1,6.8,5.5
1615,6.5,14.9,7.0,6.7,5.4
1616,6.8,15.4,7.3,7.0,5.6
1617,6.2,14.4,6.8,-6.1,-2.8
1618,5.4,11.1,6.1,-7.1,-3.5
1619,5.5,11.7,6.2,-6.9,-3.4
1620,4.7,7.7,5.5,-7.9,-4.1
1621,4.9,9.1,-5.0,-1.3,0.1
1622,4.5,7.2,-5.3,-8.1,-4.2
1623,5.0,9.6,-4.9,-7.5,-3.8
1624,-6.5,8.7,-5.0,-7.6,-3.9
1625,-6.3,8.8,-4.8,-7.5,-3.7
1626,-5.8,12.4,-4.4,5.9,4.8
1627,-4.8,16.9,-3.4,7.0,5.6
1628,-21.4,18.4,-18.9,7.6,6.1
1629,-21.6,17.7,-19.0,7.4,5.9
1630,-22.2,15.5,-19.7,6.8,5.4
1631,-21.9,16.7,-19.3,7.1,5.7
1632,-5.1,15.4,6.9,6.7,5.4
1633,6.5,15.0,7.1,6.8,5.5
1634,6.6,15.1,7.1,6.9,5.5
1635,6.6,15.2,7.2,6.9,5.6
1636,6.8,15.6,7.3,7.1,5.7
1637,6.8,15.6,7.3,7.1,5.7
1638,6.7,15.5,7.3,7.0,5.7
1639,6.9,15.9,7.4,7.2,5.8
1640,7.1,16.3,7.7,7.4,6.0
1641,6.6,15.7,7.3,7.1,5.7
1642,4.5,5.9,5.3,4.5,3.8
1643,2.9,0.0,3.3,2.0,2.2
1644,1.7,0.0,2.3,0.5,1.3
1645,2.1,0.0,-8.7,2.0,2.1
1646,1.2,0.0,-9.5,0.8,1.4
1647,0.8,0.0,-10.1,0.2,1.4
1648,-12.8,0.0,-10.6,1.0,1.9
1649,-12.8,0.0,-10.8,1.2,2.3
1650,-12.1,0.0,-10.1,4.0,3.5
1651,-10.6,0.0,-8.8,4.7,4.0
1652,-27.2,0.0,-24.0,4.9,4.1
1653,-25.7,0.0,-22.9,5.0,4.1
1654,-24.0,6.6,-21.4,5.5,4.4
1655,-22.8,13.2,-20.4,6.0,4.8
1656,-5.4,14.4,6.6,6.3,5.1
1657,6.2,14.1,6.7,6.4,5.1
1658,6.3,14.4,6.8,6.5,5.2
1659,6.7,15.2,7.2,6.9,5.5
1660,7.0,15.9,7.5,7.2,5.7
1661,6.8,15.6,7.3,7.1,5.6
1662,6.9,15.7,7.4,7.1,5.7
1663,7.2,16.4,7.7,7.4,5.9
1664,6.8,15.4,7.3,7.0,5.6
1665,5.9,12.9,6.6,6.2,5.0
1666,4.4,5.1,5.1,4.3,3.6
1667,4.6,7.3,5.4,4.7,3.9
1668,4.3,6.7,5.1,4.4,3.7
1669,3.5,2.8,-6.2,3.4,3.0
1670,2.6,0.0,-6.9,2.2,2.2
1671,1.9,0.0,-7.7,1.3,1.7
1672,-8.6,0.0,-7.0,3.7,3.2
1673,-7.7,0.7,-6.3,4.3,3.6
1674,-6.8,8.2,-5.4,4.8,3.9
1675,-6.4,10.1,-5.1,5.3,4.3
1676,-23.4,11.1,-20.9,5.4,4.4
1677,-23.0,12.5,-20.6,5.8,4.7
1678,-22.8,13.4,-20.3,6.1,4.9
1679,-22.5,14.2,-20.1,6.3,5.1
1680,-5.2,15.2,6.8,6.5,5.2
1681,6.8,15.4,7.3,7.0,5.6
1682,6.9,15.7,7.4,7.1,5.7
1683,7.0,15.9,7.5,7.2,5.8
1684,7.0,15.9,7.5,7.2,5.8
1685,7.1,16.2,7.6,7.3,5.9
1686,7.7,17.6,8.2,7.9,6.3
1687,7.5,17.2,8.0,7.8,6.2
1688,6.9,15.7,7.5,7.2,5.8
1689,6.2,14.2,6.9,-6.1,-2.8
1690,6.0,13.1,6.7,-6.4,-3.0
1691,4.4,5.6,5.2,-8.3,-4.4
1692,1.7,0.0,2.2,-12.3,-6.9
1693,1.4,0.0,-9.0,-6.0,-3.2
1694,1.2,0.0,-9.6,-12.8,-7.5
1695,1.0,0.0,-10.2,-13.1,-7.8
1696,0.8,0.0,-11.0,-14.8,-8.3
1697,1.1,0.0,-12.0,-17.1,-8.7
1698,2.0,0.0,-12.5,3.2,3.0
1699,3.6,0.0,-10.4,4.8,4.2
1700,4.9,0.0,-24.7,5.9,5.0
1701,5.2,0.0,-23.2,5.9,4.9
1702,6.4,3.5,-20.8,7.0,5.6
1703,6.9,17.4,-19.2,7.3,5.8
1704,7.9,20.9,8.5,8.3,6.6
1705,7.8,17.7,8.2,8.0,6.4
1706,8.2,18.8,8.7,8.5,6.7
1707,8.5,19.6,9.0,8.8,7.0
1708,9.1,20.9,9.6,9.4,7.5
1709,9.7,22.2,10.2,10.0,8.0
1710,10.1,23.2,10.6,10.5,8.3
1711,10.2,23.6,10.7,10.6,8.4
1712,9.7,22.2,10.3,10.1,8.1
1713,6.8,15.1,7.6,-5.6,-2.3
1714,4.1,2.0,4.6,-8.9,-4.7
1715,2.5,0.0,3.1,-10.9,-6.1
1716,0.9,0.0,1.6,-13.1,-7.6
1717,-1.3,0.0,-11.1,-8.3,-4.6
1718,-2.9,0.0,-12.3,-15.6,-9.4
1719,-4.0,0.0,-13.3,-16.3,-9.8
1720,-4.6,0.0,-14.4,-17.3,-10.2
1721,-5.1,0.0,-15.6,-18.6,-10.6
1722,0.5,0.0,-15.8,2.1,2.3
1723,2.9,0.0,-12.9,4.6,4.1
1724,4.4,0.0,-27.3,5.8,5.0
1725,5.6,0.0,-24.6,6.8,5.7
1726,6.3,0.0,-22.3,7.2,5.9
1727,7.8,8.8,-19.3,8.4,6.7
1728,8.3,22.2,8.9,8.7,6.9
1729,8.9,20.5,9.4,9.2,7.3
1730,8.9,20.5,9.4,9.3,7.3
1731,9.0,20.7,9.5,9.4,7.4
1732,9.1,20.9,9.6,9.4,7.5
1733,8.1,18.6,8.6,8.4,6.7
1734,8.1,18.7,8.6,8.5,6.7
1735,8.3,19.0,8.8,8.6,6.9
1736,8.0,17.8,8.5,8.3,6.6
1737,6.2,12.1,6.9,-6.3,-2.9
1738,4.4,3.1,5.0,-8.6,-4.5
1739,2.6,0.0,3.2,-10.8,-6.0
1740,0.8,0.0,1.5,-13.1,-7.7
1741,0.0,0.0,-10.8,-7.9,-4.4
1742,-2.3,0.0,-11.9,-14.7,-9.1
1743,0.3,0.0,-12.1,-13.9,-8.8
1744,-14.4,0.0,-12.1,-14.3,-8.7
1745,-13.8,0.0,-11.7,-12.6,-7.9
1746,-12.9,0.0,-10.8,3.5,3.1
1747,-11.1,0.0,-9.3,4.6,4.0
1748,-27.5,0.0,-24.2,5.2,4.3
1749,-25.7,0.0,-22.8,5.4,4.5
1750,-23.8,6.1,-21.2,5.8,4.7
1751,-23.0,12.5,-20.6,5.8,4.7
1752,-5.7,13.3,6.3,6.1,4.9
1753,6.3,14.4,6.8,6.5,5.2
1754,6.6,15.1,7.1,6.8,5.4
1755,6.8,15.5,7.3,7.0,5.6
1756,7.3,16.6,7.7,7.5,6.0
1757,7.6,17.3,8.0,7.8,6.2
1758,7.7,17.6,8.2,8.0,6.3
1759,7.8,17.8,8.2,8.0,6.4
1760,7.5,17.2,8.1,7.8,6.2
1761,6.9,16.5,7.5,-5.4,-2.2
1762,6.4,14.5,7.1,-5.9,-2.6
1763,6.0,12.9,6.8,-6.4,-3.0
1764,5.5,10.8,6.3,-7.0,-3.4
1765,5.5,11.0,-4.4,-0.6,0.6
1766,5.0,9.5,-4.8,-7.5,-3.8
1767,4.8,8.1,-5.1,-7.8,-4.0
1768,5.5,12.0,-4.4,-6.9,-3.3
1769,5.8,12.7,-4.2,-6.6,-3.2
1770,6.0,13.9,-4.0,6.4,5.1
1771,6.3,15.2,-3.8,6.7,5.4
1772,6.3,15.4,-19.7,6.7,5.4
1773,6.4,15.7,-19.6,6.8,5.5
1774,6.6,16.2,-19.5,7.0,5.6
1775,6.7,16.8,-19.3,7.2,5.7
1776,6.8,16.9,7.4,7.2,5.8
1777,6.8,15.7,7.4,7.1,5.7
1778,7.4,17.1,8.0,7.8,6.2
1779,7.7,17.8,8.3,8.1,6.5
1780,7.4,17.0,7.9,7.7,6.2
1781,7.3,16.9,7.9,7.7,6.2
1782,7.5,17.3,8.1,7.8,6.3
1783,7.2,16.7,7.8,7.6,6.1
1784,7.1,15.8,7.7,7.4,6.0
1785,6.1,13.2,6.8,-6.3,-2.8
1786,5.1,9.2,6.0,-7.4,-3.7
1787,4.0,4.4,4.9,-8.7,-4.6
1788,2.6,0.0,3.6,-10.5,-5.9
1789,1.7,0.0,-8.0,-5.1,-2.6
1790,1.3,0.0,-8.7,-12.2,-7.1
1791,1.9,0.0,-8.9,-11.3,-6.8
1792,-10.3,0.0,-8.4,-10.7,-6.3
1793,-9.8,0.0,-8.1,-10.3,-5.9
1794,-8.7,0.0,-7.1,4.4,3.7
1795,-7.7,0.8,-6.3,4.6,3.8
1796,-24.0,9.0,-21.5,4.8,3.9
1797,-24.3,8.0,-21.8,4.5,3.7
1798,-24.5,7.3,-22.0,4.3,3.5
1799,-23.8,9.8,-21.3,5.1,4.1
1800,-6.5,10.5,5.5,5.3,4.3
1801,5.0,11.4,5.5,5.2,4.2
1802,5.1,11.5,5.6,5.2,4.2
1803,5.3,12.0,5.8,5.4,4.4
1804,5.6,12.8,6.1,5.8,4.7
1805,6.2,14.2,6.7,6.4,5.2
1806,6.4,14.7,6.9,6.7,5.3
1807,6.5,14.8,7.0,6.7,5.4
1808,6.5,14.6,7.0,6.7,5.4
1809,6.1,13.9,6.7,6.4,5.2
1810,5.1,9.5,5.9,5.3,4.3
1811,4.6,7.3,5.5,4.7,3.9
1812,4.3,5.7,5.1,4.3,3.6
1813,3.8,3.8,-5.9,3.8,3.2
1814,3.9,4.2,-5.9,3.8,3.2
1815,4.5,7.6,-5.4,4.6,3.8
1816,-7.1,5.8,-5.6,4.4,3.7
1817,-7.1,5.3,-5.6,4.3,3.7
1818,-6.7,8.3,-5.3,4.9,4.0
1819,-6.0,11.7,-4.6,5.7,4.6
1820,-22.0,16.3,-19.5,7.0,5.6
1821,-21.2,18.9,-18.7,7.7,6.2
1822,-20.3,22.3,-17.8,8.8,6.9
1823,-20.2,22.5,-17.7,8.8,7.0
1824,-2.7,26.1,9.3,9.2,7.3
1825,9.4,21.7,9.9,9.8,7.8
1826,9.2,21.1,9.7,9.5,7.6
1827,8.8,20.2,9.3,9.2,7.3
1828,8.7,20.2,9.3,9.1,7.3
1829,9.2,21.2,9.7,9.6,7.6
1830,9.7,22.4,10.2,10.1,8.0
1831,9.0,20.8,9.6,9.4,7.5
1832,8.0,17.4,8.6,8.3,6.7
1833,6.8,15.1,7.6,7.2,5.8
1834,5.6,10.1,6.4,5.8,4.8
1835,4.9,6.9,5.9,5.0,4.2
1836,3.7,2.5,4.7,3.6,3.2
1837,3.9,4.2,-5.7,4.0,3.4
1838,4.6,8.0,-5.2,4.8,4.0
1839,4.7,9.0,-5.1,5.0,4.2
1840,-6.3,10.0,-4.8,5.4,4.4
1841,-6.7,7.5,-5.2,4.9,4.1
1842,-5.8,12.4,-4.3,6.0,4.9
1843,-5.1,15.9,-3.6,6.8,5.5
1844,-22.1,15.9,-19.5,6.9,5.6
1845,-22.0,16.3,-19.4,7.0,5.7
1846,-22.2,15.4,-19.7,6.8,5.5
1847,-22.3,15.3,-19.7,6.7,5.4
1848,-5.1,16.0,7.0,6.8,5.5
1849,6.5,14.8,7.0,6.7,5.5
1850,6.6,15.2,7.2,6.9,5.6
1851,6.8,15.8,7.4,7.2,5.8
1852,6.8,15.8,7.4,7.2,5.8
1853,6.7,15.4,7.3,7.0,5.7
1854,6.8,15.6,7.3,7.1,5.7
1855,6.7,15.3,7.2,7.0,5.6
1856,6.4,14.8,7.0,6.7,5.5
1857,6.0,14.1,6.7,-6.3,-2.9
1858,5.7,13.1,6.4,-6.6,-3.1
1859,5.3,11.5,6.1,-7.0,-3.4
1860,5.0,10.4,5.8,-7.3,-3.7
1861,4.8,9.5,-5.1,-1.3,0.2
1862,4.6,8.8,-5.3,-7.8,-4.0
1863,4.5,8.3,-5.4,-7.9,-4.1
1864,4.3,7.2,-5.5,-8.2,-4.3
1865,4.8,9.1,-5.1,-7.7,-3.9
1866,5.2,11.2,-4.8,5.5,4.5
1867,5.7,13.3,-4.3,6.1,5.0
1868,5.8,13.7,-20.2,6.3,5.1
1869,5.9,14.1,-20.1,6.4,5.2
1870,6.0,14.4,-20.0,6.5,5.2
1871,6.3,15.3,-19.7,6.7,5.4
1872,6.3,15.5,7.0,6.8,5.5
1873,6.4,14.8,7.0,6.7,5.4
1874,6.5,14.9,7.0,6.8,5.5
1875,6.4,14.8,7.0,6.7,5.4
1876,6.6,15.1,7.1,6.9,5.6
1877,6.6,15.2,7.2,6.9,5.6
1878,6.7,15.4,7.2,7.0,5.6
1879,6.9,15.9,7.5,7.2,5.8
1880,6.7,15.0,7.3,7.0,5.7
1881,5.6,11.0,6.4,-6.8,-3.3
1882,4.5,6.0,5.4,-8.2,-4.2
1883,3.1,0.0,4.0,-10.0,-5.5
1884,3.7,2.4,4.6,-9.0,-4.9
1885,3.1,1.0,-6.6,-3.4,-1.4
1886,2.7,0.0,-6.8,-10.2,-5.7
1887,2.8,0.0,-6.9,-10.1,-5.7
1888,3.9,3.8,-6.1,-8.7,-4.7
1889,4.1,6.6,-5.9,-8.5,-4.5
1890,4.4,8.8,-5.6,4.7,3.9
1891,5.3,11.7,-4.8,5.6,4.6
1892,5.1,11.1,-20.9,5.5,4.4
1893,4.8,10.3,-21.2,5.2,4.2
1894,4.5,9.1,-21.5,4.9,4.0
1895,4.4,8.7,-21.6,4.7,3.9
1896,4.3,8.2,4.9,4.6,3.8
1897,4.5,10.2,5.0,4.7,3.8
1898,4.5,10.2,5.0,4.7,3.8
1899,5.2,11.9,5.8,5.4,4.4
1900,5.3,12.0,5.8,5.5,4.4
1901,5.7,12.9,6.2,5.9,4.8
1902,6.4,14.8,7.0,6.7,5.4
1903,6.8,15.6,7.3,7.1,5.7
1904,6.3,13.0,6.9,6.5,5.2
1905,5.6,10.9,6.4,-6.9,-3.3
1906,4.6,4.9,5.3,-8.3,-4.3
1907,4.2,3.9,5.1,-8.6,-4.6
1908,4.6,6.5,5.5,-8.1,-4.2
1909,4.2,4.1,-5.5,-2.3,-0.6
1910,4.3,4.6,-5.4,-8.5,-4.5
1911,4.6,6.7,-5.2,-8.1,-4.2
1912,-6.5,8.2,-4.9,-7.7,-3.9
1913,-6.0,10.6,-4.5,-7.2,-3.5
1914,-5.4,14.3,-4.0,6.4,5.1
1915,-4.9,16.4,-3.6,6.9,5.5
1916,-21.7,17.2,-19.2,7.3,5.8
1917,-21.3,18.6,-18.8,7.7,6.1
1918,-21.0,19.8,-18.5,8.0,6.4
1919,-21.2,19.1,-18.7,7.8,6.3
1920,-3.3,23.7,8.8,8.7,6.9
1921,7.7,17.7,8.2,8.0,6.4
1922,7.8,17.9,8.3,8.1,6.5
1923,7.8,17.9,8.3,8.1,6.5
1924,8.0,18.5,8.6,8.4,6.7
1925,8.1,18.7,8.7,8.5,6.8
1926,8.4,19.4,9.0,8.8,7.0
1927,9.0,20.9,9.6,9.5,7.5
1928,8.4,18.6,9.0,8.7,7.0
1929,6.7,11.2,7.1,-6.1,-2.7
1930,5.4,4.2,5.8,-7.8,-3.8
1931,4.8,0.6,5.4,-8.6,-4.3
1932,3.9,0.0,4.6,-9.9,-5.1
1933,3.7,0.0,-6.2,-3.5,-1.1
1934,3.7,0.0,-6.3,-9.5,-5.2
1935,5.4,3.3,-4.9,-7.3,-3.6
1936,4.2,0.0,-5.0,-11.1,-4.7
1937,4.8,0.0,-5.8,-11.3,-4.7
1938,5.7,0.0,-5.4,6.5,5.3
1939,7.8,14.7,-2.6,8.4,6.7
1940,8.7,23.8,-17.3,9.2,7.4
1941,8.9,24.5,-17.1,9.5,7.5
1942,9.2,25.5,-16.8,9.8,7.8
1943,10.1,28.6,-15.9,10.7,8.5
1944,10.8,31.2,11.5,11.5,9.1
1945,11.0,25.6,11.6,11.6,9.2
1946,11.3,26.2,11.9,11.9,9.4
1947,11.2,26.1,11.8,11.8,9.4
1948,11.4,26.5,12.0,12.0,9.5
1949,11.5,26.8,12.1,12.1,9.6
1950,12.1,28.3,12.8,12.8,10.2
1951,11.7,27.2,12.3,12.3,9.8
1952,10.7,23.1,11.4,11.2,8.9
1953,7.2,13.3,7.8,-5.4,-2.0
1954,6.2,7.6,6.8,-6.7,-3.0
1955,4.8,0.0,5.3,-8.7,-4.2
1956,3.9,0.0,4.7,-9.9,-5.0
1957,3.7,0.0,-6.2,-3.7,-1.0
1958,3.4,0.0,-6.4,-10.3,-5.3
1959,4.4,0.0,-6.2,-8.8,-4.7
1960,-7.6,0.0,-5.5,-8.9,-4.3
1961,-6.8,0.0,-5.0,-9.1,-3.9
1962,-5.7,9.3,-4.0,6.7,5.5
1963,-4.0,20.5,-2.5,8.0,6.4
1964,-20.8,20.7,-18.2,8.4,6.7
1965,-20.6,21.4,-18.0,8.6,6.9
1966,-20.4,22.1,-17.8,8.8,7.1
1967,-20.1,22.9,-17.5,9.1,7.3
1968,-2.9,23.3,9.2,9.2,7.3
1969,9.0,20.9,9.6,9.5,7.6
1970,9.5,22.2,10.2,10.1,8.1
1971,9.2,21.4,9.8,9.7,7.8
1972,9.5,22.1,10.1,10.0,8.0
1973,9.8,22.9,10.5,10.4,8.3
1974,10.3,24.0,10.9,10.9,8.7
1975,10.4,24.2,11.0,11.0,8.8
1976,9.9,23.1,10.6,10.5,8.4
1977,8.1,20.0,8.9,8.7,7.0
1978,5.5,4.1,5.9,5.1,4.5
1979,4.4,0.0,5.0,3.7,3.6
1980,3.4,0.0,4.2,2.4,2.8
1981,2.7,0.0,-7.3,2.0,2.5
1982,2.5,0.0,-7.4,1.9,2.7
1983,2.9,0.0,-7.7,2.4,3.1
1984,-10.5,0.0,-8.0,1.9,3.3
1985,-10.4,0.0,-8.3,1.1,3.5
1986,-10.4,0.0,-8.1,5.6,4.8
1987,-7.7,0.0,-5.8,7.0,5.8
1988,-22.7,8.3,-19.8,7.7,6.2
1989,-21.1,19.4,-18.5,8.0,6.4
1990,-20.6,21.3,-18.0,8.6,6.9
1991,-20.2,22.5,-17.6,8.9,7.1
1992,-2.8,26.0,9.3,9.3,7.4
1993,9.2,21.3,9.8,9.7,7.7
1994,9.4,21.8,10.0,9.9,7.9
1995,9.6,22.3,10.2,10.1,8.1
1996,9.7,22.6,10.3,10.3,8.2
1997,9.8,22.9,10.5,10.4,8.3
1998,10.0,23.2,10.6,10.5,8.4
1999,10.1,23.5,10.8,10.7,8.5
2000,9.1,18.9,9.7,9.4,7.6
2001,7.4,12.6,7.7,7.3,6.0
2002,5.8,4.2,6.1,5.3,4.6
2003,4.3,0.0,4.7,3.4,3.4
2004,3.1,0.0,4.0,2.1,2.6
2005,2.5,0.0,-7.6,1.6,2.4
2006,2.6,0.0,-7.6,2.1,2.9
2007,2.8,0.0,-7.7,2.0,3.2
2008,-11.1,0.0,-8.4,1.2,3.2
2009,-11.1,0.0,-8.9,2.4,3.8
2010,-9.8,0.0,-7.7,6.3,5.3
2011,-7.2,0.0,-5.4,7.3,6.0
2012,-22.4,10.8,-19.6,7.7,6.2
2013,-21.3,18.9,-18.7,7.8,6.3
2014,-21.1,19.6,-18.5,8.0,6.4
2015,-20.7,21.0,-18.1,8.4,6.8
2016,-3.2,24.2,8.9,8.8,7.1
2017,8.6,19.9,9.2,9.0,7.2
2018,8.7,20.0,9.2,9.1,7.3
2019,8.9,20.5,9.4,9.3,7.4
2020,8.9,20.5,9.5,9.3,7.5
2021,9.0,20.8,9.6,9.4,7.5
2022,9.1,21.0,9.7,9.5,7.6
2023,9.2,21.3,9.8,9.7,7.7
2024,8.7,19.4,9.4,9.1,7.3
2025,7.8,18.0,8.6,-4.5,-1.4
2026,7.6,17.1,8.6,-4.7,-1.5
2027,7.1,15.0,8.1,-5.3,-2.0
2028,6.7,13.3,7.7,-5.7,-2.3
2029,5.9,9.3,-3.7,-0.4,1.0
2030,5.0,5.1,-4.4,-7.8,-3.8
2031,5.0,5.5,-4.4,-7.8,-3.8
2032,9.1,18.2,-0.5,-3.6,-0.5
2033,4.0,0.0,-5.7,-11.0,-4.8
2034,4.8,2.1,-5.3,5.5,4.5
2035,6.3,15.2,-3.6,6.8,5.5
2036,6.9,17.5,-19.1,7.4,6.0
2037,7.2,18.5,-18.8,7.7,6.3
2038,7.5,19.5,-18.5,8.1,6.5
2039,7.6,19.9,-18.4,8.2,6.6
2040,7.9,21.3,8.7,8.6,6.9
2041,8.5,19.7,9.1,9.0,7.2
2042,8.5,19.8,9.2,9.0,7.3
2043,8.8,20.5,9.5,9.3,7.5
2044,9.2,21.4,9.8,9.7,7.8
2045,9.3,21.7,10.0,9.9,7.9
2046,9.6,22.4,10.3,10.2,8.2
2047,10.3,23.9,10.9,10.9,8.7
2048,9.5,21.1,10.2,10.0,8.1
2049,6.9,11.4,7.3,-5.8,-2.4
2050,4.9,2.2,5.3,-8.2,-4.1
2051,3.7,0.0,4.3,-9.8,-5.1
2052,2.7,0.0,3.6,-11.1,-6.0
2053,2.1,0.0,-8.1,-5.5,-2.5
2054,1.3,0.0,-8.8,-12.8,-7.1
2055,1.2,0.0,-9.7,-13.6,-7.5
2056,1.4,0.0,-10.6,-14.9,-7.9
2057,2.0,0.0,-11.5,-16.1,-8.0
2058,2.6,0.0,-11.7,4.2,3.8
2059,4.3,0.0,-9.5,5.7,4.9
2060,5.5,0.0,-23.9,6.7,5.6
2061,6.5,0.0,-21.4,7.4,6.1
2062,7.3,13.9,-19.1,7.9,6.4
2063,7.6,19.9,-18.4,8.1,6.5
2064,7.9,21.0,8.6,8.4,6.8
2065,8.1,18.7,8.7,8.5,6.8
2066,8.1,18.8,8.7,8.5,6.8
2067,8.3,19.3,8.9,8.7,7.0
2068,8.9,20.8,9.5,9.4,7.5
2069,9.3,21.7,9.9,9.8,7.9
2070,9.2,21.5,9.9,9.7,7.8
2071,8.9,20.7,9.6,9.4,7.6
2072,8.5,19.1,9.1,8.9,7.2
2073,7.4,17.3,8.3,-4.8,-1.7
2074,5.9,10.2,6.9,-6.6,-3.0
2075,3.8,0.0,4.4,-9.7,-5.1
2076,4.6,2.0,5.8,-8.2,-4.2
2077,5.2,8.6,-4.4,-1.0,0.5
2078,4.8,6.7,-4.8,-7.8,-3.9
2079,4.3,2.9,-5.2,-8.6,-4.4
2080,-6.9,4.3,-5.0,-8.4,-4.2
2081,-6.6,0.9,-4.9,-9.0,-4.1
2082,-5.6,13.0,-4.0,6.2,5.1
2083,-4.8,17.2,-3.2,7.1,5.8
2084,-21.1,19.4,-18.5,8.0,6.4
2085,-20.6,21.1,-18.0,8.5,6.8
2086,-20.4,22.0,-17.8,8.8,7.0
2087,-20.1,22.9,-17.5,9.0,7.2
2088,-2.8,26.0,9.3,9.3,7.4
2089,9.1,21.2,9.7,9.6,7.7
2090,9.3,21.7,9.9,9.8,7.9
2091,10.3,24.0,10.9,10.9,8.6
2092,11.0,25.5,11.6,11.5,9.2
2093,10.9,25.3,11.5,11.5,9.1
2094,11.1,25.9,11.7,11.7,9.3
2095,11.0,25.4,11.6,11.6,9.2
2096,9.6,20.4,10.3,10.0,8.0
2097,7.4,13.7,8.0,-5.2,-1.9
2098,5.8,5.2,6.3,-7.3,-3.4
2099,4.3,0.0,4.9,-9.2,-4.7
2100,3.1,0.0,4.1,-10.6,-5.6
2101,2.6,0.0,-7.3,-4.9,-1.9
2102,2.3,0.0,-7.6,-11.6,-6.3
2103,2.4,0.0,-7.9,-12.2,-6.4
2104,2.7,0.0,-8.6,-13.3,-6.6
2105,3.2,0.0,-9.5,-14.4,-6.8
2106,4.0,0.0,-9.4,5.4,4.7
2107,5.6,0.0,-7.1,6.8,5.7
2108,7.3,0.0,-20.6,8.2,6.7
2109,8.1,19.3,-18.1,8.7,7.0
2110,8.8,24.1,-17.2,9.4,7.5
2111,9.2,25.6,-16.8,9.8,7.9
2112,10.5,30.2,11.2,11.2,8.9
2113,10.3,24.0,10.9,10.9,8.7
2114,11.7,27.2,12.3,12.3,9.8
2115,11.7,27.3,12.4,12.4,9.8
2116,12.0,28.0,12.7,12.7,10.1
2117,12.3,28.8,13.0,13.0,10.3
2118,12.6,29.5,13.3,13.4,10.6
2119,12.6,29.2,13.3,13.3,10.6
2120,10.0,20.9,10.7,10.4,8.4
2121,7.6,13.6,8.1,-5.1,-1.8
2122,5.9,5.6,6.4,-7.1,-3.2
2123,4.9,2.5,5.8,-8.1,-4.0
2124,3.7,0.0,4.7,-9.8,-5.0
2125,3.2,0.0,-6.3,-4.0,-1.3
2126,3.1,0.0,-6.4,-10.6,-5.4
2127,2.5,0.0,-7.4,-11.8,-6.1
2128,-10.4,0.0,-7.9,-12.2,-6.1
2129,-10.4,0.0,-8.2,-13.1,-6.1
2130,-10.1,0.0,-8.5,-2.7,4.0
2131,-10.6,0.0,-8.3,7.3,6.2
2132,-26.2,0.0,-22.6,7.7,6.4
2133,-23.3,2.0,-20.3,8.0,6.5
2134,-20.8,20.7,-18.2,8.4,6.7
2135,-20.6,21.4,-18.0,8.6,6.9
2136,-3.5,21.0,8.6,8.5,6.8
2137,8.1,18.9,8.7,8.6,6.9
2138,8.0,18.6,8.6,8.5,6.8
2139,8.0,18.7,8.7,8.5,6.8
2140,7.9,18.4,8.6,8.4,6.8
2141,7.9,18.3,8.5,8.3,6.7
2142,7.9,18.5,8.6,8.4,6.8
2143,8.8,20.3,9.4,9.3,7.4
2144,8.0,17.0,8.7,8.4,6.8
2145,6.1,8.8,6.6,6.0,5.0
2146,5.1,5.8,6.0,5.0,4.3
2147,4.1,0.0,4.9,3.6,3.4
2148,3.8,0.3,5.0,3.6,3.3
2149,3.2,0.0,-6.2,2.6,2.7
2150,4.3,1.2,-5.5,4.4,3.8
2151,5.4,10.1,-4.4,5.6,4.7
2152,-6.6,6.7,-4.8,4.8,4.1
2153,-5.7,11.9,-4.1,5.9,4.9
2154,-4.9,16.0,-3.4,6.9,5.6
2155,-4.1,20.3,-2.6,7.9,6.3
2156,-20.9,20.1,-18.3,8.2,6.6
2157,-20.7,20.8,-18.1,8.4,6.7
2158,-20.4,21.8,-17.8,8.7,7.0
2159,-20.4,22.0,-17.8,8.8,7.0
2160,-3.0,24.7,9.1,9.0,7.2
2161,8.9,20.5,9.4,9.3,7.5
2162,9.4,21.9,10.0,9.9,7.9
2163,9.6,22.3,10.2,10.1,8.1
2164,9.4,21.8,10.0,9.9,7.9
2165,10.1,23.6,10.7,10.7,8.5
2166,10.2,23.8,10.9,10.8,8.6
2167,9.1,20.8,9.8,9.6,7.7
2168,8.0,16.8,8.7,8.3,6.8
2169,6.6,14.4,7.5,7.0,5.8
2170,4.6,4.3,5.5,4.5,4.0
2171,3.2,0.0,4.0,2.6,2.6
2172,3.6,0.0,4.7,3.7,3.3
2173,3.4,0.4,-6.2,3.3,3.0
2174,3.2,0.9,-6.2,3.2,2.9
2175,4.5,7.5,-5.2,4.8,4.0
2176,-5.1,15.8,-3.5,6.8,5.6
2177,-4.4,18.9,-2.9,7.6,6.1
2178,-4.2,19.6,-2.8,7.7,6.2
2179,-4.2,19.6,-2.8,7.7,6.2
2180,-21.0,19.8,-18.4,8.1,6.5
2181,-20.8,20.5,-18.2,8.3,6.7
2182,-20.8,20.5,-18.2,8.3,6.7
2183,-21.0,20.0,-18.4,8.2,6.6
2184,-3.6,22.2,8.5,8.4,6.7
2185,8.5,19.8,9.1,9.0,7.2
2186,8.3,19.2,8.9,8.7,7.0
2187,8.8,20.3,9.4,9.2,7.4
2188,9.2,21.5,9.9,9.8,7.8
2189,9.0,20.8,9.6,9.5,7.6
2190,9.5,22.1,10.1,10.0,8.0
2191,8.9,20.5,9.5,9.4,7.6
2192,7.9,16.6,8.7,8.3,6.7
2193,6.5,10.6,7.1,-6.2,-2.7
2194,6.4,10.6,7.3,-6.3,-2.7
2195,7.0,14.2,8.0,-5.4,-2.1
2196,4.2,0.8,5.4,-8.8,-4.5
2197,4.8,5.1,-4.6,-1.6,0.1
2198,5.0,6.2,-4.4,-7.7,-3.8
2199,6.0,10.6,-3.6,-6.5,-2.9
2200,6.5,11.4,-3.1,-6.1,-2.6
2201,6.4,6.4,-3.3,-7.1,-2.8
2202,6.9,7.5,-2.9,5.9,5.8
2203,8.4,22.3,-1.5,9.0,7.2
2204,8.6,23.5,-17.4,9.2,7.4
2205,8.9,24.7,-17.0,9.6,7.7
2206,8.7,24.0,-17.2,9.4,7.5
2207,8.9,24.7,-17.0,9.6,7.7
2208,9.2,25.8,10.0,9.9,8.0
2209,9.5,22.1,10.1,10.1,8.1
2210,9.7,22.6,10.4,10.3,8.2
2211,9.5,22.1,10.1,10.0,8.1
2212,10.1,23.7,10.8,10.8,8.6
2213,9.7,22.6,10.3,10.3,8.2
2214,9.7,22.7,10.4,10.3,8.3
2215,9.1,20.9,9.8,9.7,7.8
2216,8.6,18.9,9.4,9.1,7.4
2217,6.9,13.3,7.7,-5.6,-2.2
2218,5.4,4.6,6.1,-7.6,-3.6
2219,6.1,9.6,7.3,-6.5,-2.8
2220,5.8,7.7,7.0,-6.9,-3.1
2221,5.3,6.9,-4.1,-1.0,0.6
2222,5.8,9.5,-3.6,-6.7,-3.0
2223,5.2,4.3,-3.9,-7.7,-3.5
2224,5.4,3.1,-4.0,-7.9,-3.4
2225,5.9,0.0,-3.7,-8.4,-3.2
2226,6.9,5.4,-2.9,5.5,5.8
2227,7.9,20.6,-1.9,8.5,6.9
2228,8.6,23.7,-17.3,9.3,7.5
2229,9.5,26.6,-16.4,10.2,8.2
2230,9.8,27.8,-16.1,10.6,8.5
2231,10.3,29.7,-15.6,11.1,8.9
2232,10.9,31.8,11.7,11.8,9.4
2233,11.2,26.2,11.9,11.9,9.5
2234,11.6,27.1,12.3,12.3,9.8
2235,11.9,28.0,12.6,12.7,10.1
2236,11.9,27.8,12.6,12.6,10.1
2237,12.4,29.2,13.2,13.2,10.6
2238,12.3,29.0,13.1,13.2,10.5
2239,11.4,26.3,12.2,12.2,9.8
2240,9.5,20.2,10.3,10.0,8.1
2241,7.6,17.5,8.6,-4.5,-1.3
2242,6.2,11.9,7.4,-6.1,-2.5
2243,6.6,13.9,7.6,-5.6,-2.2
2244,6.7,15.0,7.7,-5.4,-2.0
2245,5.9,11.7,-3.6,0.0,1.3
2246,3.7,0.1,-5.3,-9.1,-4.6
2247,4.7,6.4,-4.7,-7.7,-3.8
2248,-6.2,9.6,-4.4,-7.2,-3.4
2249,-5.5,13.6,-3.8,-6.3,-2.7
2250,-5.1,15.5,-3.5,6.9,5.7
2251,-5.1,16.0,-3.5,7.0,5.7
2252,-21.6,18.0,-18.9,7.7,6.3
2253,-21.3,18.9,-18.6,7.9,6.4
2254,-21.3,19.0,-18.6,8.0,6.5
2255,-21.3,19.0,-18.6,8.0,6.5
2256,-4.0,20.8,8.2,8.1,6.6
2257,8.1,19.0,8.8,8.7,7.0
2258,8.0,18.7,8.7,8.5,6.9
2259,8.2,19.2,8.9,8.7,7.1
2260,8.5,20.0,9.2,9.1,7.4
2261,8.6,20.1,9.3,9.2,7.4
2262,8.7,20.3,9.4,9.3,7.5
2263,8.5,19.6,9.3,9.1,7.4
2264,7.8,16.7,8.6,8.3,6.7
2265,5.9,9.6,6.7,-6.7,-3.0
2266,4.6,1.0,5.1,-8.5,-4.3
2267,3.9,0.0,4.8,-9.3,-4.8
2268,3.2,0.0,4.3,-10.2,-5.4
2269,2.5,0.0,-7.1,-4.6,-1.9
2270,2.5,0.0,-7.2,-10.9,-6.0
2271,4.1,0.0,-6.4,-9.2,-4.9
2272,5.3,0.0,-5.2,-7.5,-3.8
2273,6.4,11.6,-3.5,-6.0,-2.6
2274,7.1,17.2,-2.8,7.6,6.2
2275,7.4,19.1,-2.6,7.9,6.4
2276,7.5,19.7,-18.4,8.1,6.5
2277,7.6,20.2,-18.3,8.3,6.7
2278,8.0,21.6,-17.9,8.7,7.0
2279,8.4,22.8,-17.5,9.0,7.3
2280,8.4,22.8,9.1,9.0,7.3
2281,8.6,20.1,9.3,9.1,7.3
2282,8.8,20.4,9.4,9.3,7.5
2283,8.9,20.8,9.6,9.5,7.6
2284,9.0,20.9,9.6,9.5,7.7
2285,9.2,21.4,9.8,9.7,7.8
2286,9.3,21.7,10.0,9.9,7.9
2287,9.2,21.3,9.9,9.7,7.8
2288,9.0,20.4,9.7,9.5,7.7
2289,8.3,20.7,9.2,-3.8,-0.8
2290,6.7,13.3,7.8,-5.6,-2.2
2291,6.4,11.3,7.5,-6.1,-2.6
2292,5.4,6.1,6.7,-7.3,-3.4
2293,4.9,4.0,-4.4,-1.5,0.2
2294,4.5,1.3,-4.5,-8.4,-4.1
2295,5.0,4.6,-4.3,-7.8,-3.7
2296,-6.4,4.2,-4.3,-8.2,-3.7
2297,-6.0,0.0,-4.2,-11.2,-3.9
2298,-6.1,0.0,-4.6,0.3,4.9
2299,-6.1,0.0,-4.1,8.7,7.1
2300,-19.9,21.8,-17.1,9.8,7.9
2301,-19.0,27.1,-16.3,10.3,8.2
2302,-18.6,28.3,-16.0,10.7,8.5
2303,-18.3,29.5,-15.6,11.0,8.8
2304,-0.8,30.5,11.3,11.4,9.1
2305,11.2,26.0,11.8,11.8,9.4
2306,11.1,25.8,11.7,11.7,9.3
2307,11.5,26.7,12.1,12.1,9.7
2308,11.8,27.7,12.5,12.6,10.0
2309,11.7,27.4,12.4,12.4,9.9
2310,11.6,27.1,12.3,12.3,9.8
2311,11.2,25.0,11.8,11.8,9.4
2312,9.7,17.6,10.1,9.9,7.9
2313,8.0,12.8,8.2,7.8,6.4
2314,6.9,7.9,7.4,6.5,5.6
2315,5.8,1.8,6.5,5.2,4.8
2316,5.2,0.0,6.3,4.4,4.3
2317,4.5,0.0,-4.6,3.8,4.0
2318,4.4,0.0,-4.4,4.0,4.2
2319,5.1,0.0,-4.0,4.3,4.7
2320,-6.5,0.0,-4.1,4.3,4.9
2321,-5.6,0.7,-3.6,5.3,5.4
2322,-4.4,3.2,-2.8,4.6,5.8
2323,-3.3,23.9,-1.6,8.8,7.1
2324,-19.4,25.5,-16.7,9.9,7.9
2325,-18.8,27.8,-16.1,10.6,8.4
2326,-18.3,29.5,-15.6,11.1,8.8
2327,-17.8,31.1,-15.2,11.5,9.2
2328,-0.3,36.8,11.9,12.0,9.6
2329,11.8,27.7,12.5,12.5,10.0
2330,11.9,27.8,12.6,12.6,10.1
2331,11.9,27.8,12.6,12.6,10.1
2332,12.2,28.6,12.9,13.0,10.3
2333,12.9,30.3,13.6,13.7,10.9
2334,12.5,29.4,13.3,13.4,10.7
2335,11.8,26.4,12.4,12.4,9.9
2336,9.8,17.7,10.2,10.0,8.0
2337,7.7,12.2,8.1,7.6,6.3
2338,6.5,6.6,7.0,6.2,5.4
2339,5.7,1.8,6.5,5.1,4.7
2340,5.6,2.3,6.9,5.2,4.8
2341,6.6,10.5,-2.8,6.7,5.7
2342,6.9,12.7,-2.5,7.1,6.0
2343,6.7,11.9,-2.7,6.9,5.8
2344,-4.8,12.3,-2.8,6.4,5.7
2345,-5.4,0.0,-3.4,3.8,5.0
2346,-4.4,1.8,-2.7,4.7,5.9
2347,-3.0,24.8,-1.4,9.1,7.4
2348,-19.7,24.5,-17.0,9.6,7.7
2349,-19.5,25.4,-16.8,9.9,7.9
2350,-19.1,26.7,-16.4,10.3,8.2
2351,-18.5,28.6,-15.9,10.8,8.7
2352,-0.8,34.4,11.4,11.4,9.2
2353,11.6,27.1,12.3,12.3,9.8
2354,12.5,29.2,13.2,13.3,10.6
2355,13.0,30.4,13.7,13.8,11.0
2356,12.6,29.6,13.4,13.5,10.7
2357,12.9,30.4,13.7,13.8,11.0
2358,13.4,31.4,14.1,14.3,11.4
2359,12.1,27.8,12.9,12.9,10.3
2360,10.2,19.5,10.8,10.5,8.5
2361,8.2,15.9,9.0,-4.3,-1.1
2362,7.1,11.4,8.1,-5.5,-2.0
2363,5.5,1.5,6.4,-7.7,-3.4
2364,5.1,0.0,6.4,-8.1,-3.7
2365,5.2,0.6,-3.9,-1.5,0.6
2366,6.1,9.4,-3.1,-6.4,-2.7
2367,5.9,8.0,-3.3,-6.8,-2.9
2368,7.6,16.4,-2.0,-4.7,-1.4
2369,7.9,17.8,-1.8,-4.4,-1.2
2370,7.7,15.6,-2.0,7.8,6.7
2371,8.5,22.9,-1.2,9.2,7.5
2372,9.5,26.8,-16.3,10.3,8.3
2373,9.5,27.0,-16.3,10.4,8.4
2374,9.9,28.4,-15.9,10.8,8.7
2375,10.0,28.6,-15.8,10.8,8.7
2376,10.7,31.1,11.5,11.6,9.3
2377,10.9,25.7,11.7,11.7,9.4
2378,11.0,25.8,11.7,11.8,9.5
2379,10.9,25.6,11.7,11.7,9.4
2380,10.9,25.8,11.7,11.7,9.4
2381,10.9,25.8,11.7,11.7,9.5
2382,11.2,26.5,12.0,12.1,9.7
2383,11.0,24.6,11.8,11.7,9.4
2384,9.9,18.1,10.4,10.2,8.2
2385,8.4,14.8,8.9,-4.3,-1.2
2386,7.4,11.4,8.3,-5.3,-1.8
2387,7.2,11.8,8.4,-5.4,-1.9
2388,7.0,11.6,8.3,-5.5,-2.0
2389,6.0,7.2,-3.1,-0.3,1.3
2390,6.1,8.7,-3.1,-6.5,-2.7
2391,6.1,10.2,-3.2,-6.3,-2.6
2392,6.3,8.4,-3.0,-6.5,-2.5
2393,7.4,16.6,-2.2,-4.8,-1.5
2394,8.3,18.9,-1.4,8.7,7.3
2395,8.9,24.4,-0.8,9.7,7.9
2396,9.5,26.8,-16.3,10.3,8.3
2397,9.8,28.1,-16.0,10.7,8.6
2398,10.0,28.8,-15.8,10.9,8.8
2399,10.8,31.3,-15.0,11.7,9.4
2400,10.9,31.7,11.7,11.8,9.5
2401,11.2,26.4,12.0,12.0,9.7
2402,10.7,25.1,11.4,11.4,9.2
2403,10.0,23.5,10.8,10.7,8.7
2404,10.1,23.8,10.9,10.8,8.8
2405,9.7,23.0,10.5,10.5,8.5
2406,9.8,23.2,10.6,10.6,8.6
2407,9.6,22.5,10.4,10.4,8.4
2408,8.9,19.9,9.8,9.6,7.8
2409,7.4,15.8,8.5,-4.8,-1.5
2410,6.9,13.2,8.1,-5.4,-2.0
2411,5.5,6.9,6.8,-7.1,-3.2
2412,3.6,0.0,5.0,-9.5,-4.8
2413,3.2,0.0,-6.0,-3.7,-1.1
2414,4.0,0.0,-5.4,-9.1,-4.6
2415,5.6,3.4,-4.5,-6.8,-3.2
2416,-6.7,1.7,-4.5,-8.7,-3.9
2417,-6.7,0.0,-4.7,-9.8,-4.0
2418,-6.9,0.0,-5.1,1.0,4.0
2419,-6.1,3.0,-4.2,7.5,6.2
2420,-19.4,25.5,-16.7,9.9,8.0
2421,-18.7,28.1,-16.0,10.7,8.6
2422,-17.9,30.8,-15.2,11.5,9.2
2423,-17.4,32.6,-14.7,12.0,9.6
2424,0.2,39.0,12.5,12.6,10.0
2425,12.2,28.6,12.9,13.0,10.3
2426,12.3,28.9,13.1,13.1,10.5
2427,12.6,29.6,13.4,13.5,10.7
2428,12.8,30.0,13.5,13.6,10.9
2429,12.7,29.9,13.5,13.6,10.9
2430,12.8,30.1,13.6,13.7,10.9
2431,11.2,25.4,12.0,11.9,9.6
2432,8.6,15.9,9.2,8.9,7.2
2433,6.4,9.4,7.1,-6.2,-2.7
2434,4.3,0.7,5.0,-8.7,-4.4
2435,2.8,0.0,3.7,-10.4,-5.6
2436,1.8,0.0,3.1,-11.7,-6.5
2437,1.2,0.0,-8.7,-6.1,-3.0
2438,0.8,0.0,-9.2,-12.9,-7.4
2439,0.8,0.0,-10.0,-13.9,-7.8
2440,1.1,0.0,-10.8,-14.6,-8.0
2441,1.4,0.0,-11.7,-14.9,-8.2
2442,1.9,0.0,-11.9,0.6,2.9
2443,3.7,0.0,-10.6,5.3,4.7
2444,6.0,0.0,-24.1,7.5,6.3
2445,8.1,0.0,-20.3,9.3,7.6
2446,8.6,18.3,-17.8,9.4,7.5
2447,8.7,23.9,-17.2,9.4,7.5
2448,9.2,25.7,9.9,9.9,8.0
2449,9.4,21.9,10.1,10.0,8.0
2450,10.7,25.0,11.4,11.3,9.1
2451,11.2,26.0,11.8,11.8,9.4
2452,11.5,26.7,12.1,12.1,9.7
2453,10.5,24.5,11.2,11.1,8.9
2454,11.6,27.1,12.3,12.3,9.8
2455,9.9,22.0,10.6,10.4,8.4
2456,6.9,12.5,7.6,7.1,5.9
2457,3.9,1.9,4.6,-8.9,-4.8
2458,2.1,0.0,2.8,-11.0,-6.3
2459,0.4,0.0,1.3,-13.2,-7.8
2460,-1.8,0.0,0.6,-14.7,-9.0
2461,-3.3,0.0,-12.4,-9.2,-5.5
2462,-4.8,0.0,-13.6,-16.5,-10.3
2463,-5.7,0.0,-14.6,-17.5,-10.8
2464,-19.2,0.0,-15.9,-18.6,-11.3
2465,-20.5,0.0,-17.5,-19.8,-11.9
2466,-20.9,0.0,-18.0,-4.6,1.5
2467,-20.1,0.0,-17.2,2.5,2.7
2468,-37.8,0.0,-32.6,3.9,3.7
2469,-35.6,0.0,-30.7,4.3,4.0
2470,-33.2,0.0,-28.8,4.8,4.3
2471,-30.6,0.0,-26.6,5.6,4.8
2472,-10.1,0.0,5.6,5.8,4.8
2473,5.4,0.0,6.1,6.0,5.0
2474,6.0,1.5,6.5,6.4,5.2
2475,6.5,14.9,7.0,6.8,5.4
2476,6.9,15.9,7.4,7.2,5.7
2477,7.2,16.4,7.7,7.4,6.0
2478,7.4,17.0,7.9,7.7,6.2
2479,6.8,14.7,7.4,7.0,5.6
2480,5.3,9.3,5.9,5.3,4.3
2481,2.8,0.0,3.4,2.5,2.2
2482,0.7,0.0,1.3,0.0,0.4
2483,-1.7,0.0,-0.9,-2.3,-1.3
2484,-3.6,0.0,-2.4,-3.6,-2.2
2485,-5.5,0.0,-14.9,-4.7,-3.1
2486,-7.3,0.0,-16.3,-5.7,-3.9
2487,-8.7,0.0,-17.9,-7.1,-4.6
2488,-23.1,0.0,-19.6,-8.9,-5.3
2489,-24.5,0.0,-21.3,-7.9,-5.3
2490,-24.8,0.0,-21.7,-6.9,0.3
2491,-24.3,0.0,-21.2,0.6,1.3
2492,-43.2,0.0,-37.4,2.0,2.3
2493,-40.9,0.0,-35.4,2.8,2.9
2494,-38.5,0.0,-33.3,3.5,3.3
2495,-36.2,0.0,-31.5,4.0,3.6
2496,-14.9,0.0,3.8,4.2,3.7
2497,3.2,0.0,3.9,4.2,3.6
2498,4.1,0.0,4.8,4.9,4.1
2499,4.8,0.0,5.4,5.4,4.5
2500,5.7,0.0,6.2,6.1,4.9
2501,6.9,7.8,7.3,7.1,5.6
2502,7.3,16.3,7.6,7.4,5.8
2503,5.6,10.6,5.9,5.5,4.3
2504,3.6,2.1,3.7,3.0,2.3
2505,1.3,0.0,1.4,0.5,0.5
2506,-1.2,0.0,-0.9,-1.9,-1.2
2507,-3.7,0.0,-3.1,-4.1,-2.8
2508,-3.8,0.0,-2.5,-4.5,-2.7
2509,-4.8,0.0,-14.1,-5.2,-3.0
2510,-5.5,0.0,-14.4,-5.3,-3.0
2511,-6.0,0.0,-15.1,-6.2,-3.1
2512,-19.7,0.0,-15.6,-6.7,-3.0
2513,-20.2,0.0,-16.2,-6.8,-2.7
2514,-20.7,0.0,-16.6,-7.0,-2.3
2515,-20.0,0.0,-15.6,-2.1,-0.6
2516,-52.8,0.0,-45.5,-7.6,0.6
2517,-50.6,0.0,-43.6,0.4,1.2
2518,-48.6,0.0,-42.0,0.8,1.5
2519,-46.5,0.0,-40.2,1.4,1.9
2520,-22.7,0.0,1.5,2.5,2.6
2521,1.5,0.0,2.6,3.4,3.2
2522,2.8,0.0,3.8,4.5,4.0
2523,3.8,0.0,4.7,5.2,4.5
2524,4.6,0.0,5.3,5.7,4.8
2525,5.2,0.0,5.9,6.1,5.0
2526,6.0,0.0,6.5,6.6,5.3
2527,4.6,0.0,5.0,4.7,3.8
2528,2.6,0.0,2.8,2.1,1.7
2529,0.1,0.0,0.2,-13.9,-9.0
2530,-3.1,0.0,-2.8,-16.3,-10.8
2531,-3.4,0.0,-2.7,-17.2,-11.1
2532,-4.6,0.0,-3.4,-18.2,-11.7
2533,-5.7,0.0,-15.1,-12.5,-7.8
2534,-6.3,0.0,-15.4,-19.2,-12.1
2535,-6.8,0.0,-16.1,-20.3,-12.4
2536,-6.8,0.0,-16.5,-20.9,-12.3
2537,-6.4,0.0,-16.7,-21.1,-12.0
2538,-5.8,0.0,-16.3,-6.3,-2.0
2539,-4.2,0.0,-14.9,-1.4,-0.1
2540,-14.2,0.0,-44.2,0.1,0.9
2541,-12.5,0.0,-42.3,0.9,1.5
2542,-10.7,0.0,-40.2,1.7,2.0
2543,0.2,0.0,-38.1,2.4,2.5
2544,0.9,0.0,2.1,3.0,2.9
2545,2.2,0.0,3.1,3.8,3.4
2546,3.2,0.0,4.0,4.5,3.9
2547,4.2,0.0,5.0,5.4,4.5
2548,4.7,0.0,5.3,5.5,4.5
2549,5.0,0.0,5.5,5.6,4.5
2550,5.4,0.0,5.8,5.8,4.6
2551,5.0,0.0,5.3,4.9,3.8
2552,3.6,0.0,3.6,2.9,2.2
2553,1.6,0.0,1.6,-12.2,-7.7
2554,-1.1,0.0,-0.9,-14.6,-9.4
2555,-3.4,0.0,-2.9,-16.7,-11.0
2556,-6.0,0.0,-5.1,-18.8,-12.6
2557,-4.4,0.0,-13.9,-11.4,-7.1
2558,-5.0,0.0,-14.0,-18.1,-11.3
2559,-5.3,0.0,-14.5,-18.9,-11.4
2560,-5.3,0.0,-15.0,-19.5,-11.4
2561,-4.8,0.0,-15.1,-19.8,-11.0
2562,-14.1,0.0,-25.1,-11.3,-7.3
2563,-13.7,0.0,-24.9,-6.9,0.2
2564,-11.6,0.0,-41.2,0.9,1.4
2565,-9.7,0.0,-39.1,1.8,2.1
2566,0.1,0.0,-37.4,2.2,2.3
2567,1.2,0.0,-35.2,3.0,2.9
2568,2.2,0.0,3.2,3.9,3.5
2569,3.2,0.0,4.0,4.5,3.9
2570,3.7,0.0,4.3,4.6,3.9
2571,4.7,0.0,5.2,5.4,4.4
2572,5.6,0.0,6.0,6.1,4.9
2573,6.2,0.0,6.6,6.5,5.2
2574,7.0,5.0,7.3,7.0,5.5
2575,6.5,12.9,6.8,6.3,4.8
2576,4.8,5.1,4.9,4.1,3.1
2577,2.4,0.0,2.4,-11.3,-7.0
2578,0.8,0.0,1.3,-13.0,-8.1
2579,-1.1,0.0,0.3,-14.6,-9.3
2580,-3.3,0.0,-2.3,-16.5,-10.7
2581,-4.9,0.0,-14.5,-11.0,-7.3
2582,-6.2,0.0,-15.3,-17.9,-11.8
2583,-6.9,0.0,-16.3,-18.8,-12.2
2584,-20.5,0.0,-17.4,-19.9,-12.5
2585,-21.4,0.0,-18.5,-20.7,-12.7
2586,-22.2,0.0,-19.4,-8.1,0.6
2587,-21.8,0.0,-18.9,2.7,2.7
2588,-39.3,0.0,-33.9,4.5,4.0
2589,-35.9,0.0,-31.0,5.5,4.7
2590,-32.7,0.0,-28.3,6.1,5.1
2591,-29.5,0.0,-25.7,6.7,5.5
2592,-8.0,0.0,7.2,7.4,5.9
2593,7.9,0.0,8.2,8.1,6.4
2594,8.8,19.5,9.0,8.7,6.8
2595,8.9,20.0,9.2,8.9,6.9
2596,9.1,20.4,9.3,9.1,7.1
2597,9.2,20.6,9.4,9.2,7.2
2598,8.8,19.8,9.1,8.9,6.9
2599,8.1,17.0,8.5,8.1,6.3
2600,7.2,11.7,7.5,6.8,5.3
2601,6.3,10.1,6.8,-6.7,-3.3
2602,6.1,10.4,6.9,-6.8,-3.3
2603,4.8,3.9,5.7,-8.3,-4.5
2604,5.2,6.2,6.2,-7.8,-4.1
2605,5.8,9.7,-4.1,-0.7,0.5
2606,5.1,7.4,-4.7,-7.8,-4.1
2607,3.1,0.0,-6.2,-10.5,-5.8
2608,3.1,0.0,-6.7,-10.8,-5.9
2609,3.9,0.0,-6.5,-9.6,-5.3
2610,4.7,4.0,-5.7,4.7,3.9
2611,5.0,10.0,-5.1,5.1,4.1
2612,6.1,14.5,-20.0,6.4,5.0
2613,6.4,15.5,-19.7,6.7,5.3
2614,6.5,15.7,-19.7,6.7,5.3
2615,6.8,16.9,-19.3,7.1,5.6
2616,7.2,18.1,7.7,7.5,5.9
2617,7.9,17.9,8.3,8.1,6.4
2618,8.4,19.1,8.8,8.6,6.8
2619,8.8,20.1,9.2,9.1,7.2
2620,9.0,20.5,9.4,9.2,7.3
2621,8.8,20.2,9.3,9.1,7.2
2622,8.9,20.3,9.4,9.2,7.3
2623,8.3,17.5,8.8,8.4,6.7
2624,6.4,9.5,6.8,6.2,4.9
2625,5.0,5.1,5.5,-8.0,-4.3
2626,3.4,0.0,3.9,-9.9,-5.6
2627,2.3,0.0,3.1,-11.3,-6.5
2628,1.0,0.0,2.2,-12.9,-7.7
2629,0.0,0.0,-10.3,-7.7,-4.5
2630,-2.7,0.0,-11.3,-14.9,-9.2
2631,-3.9,0.0,-12.8,-16.6,-10.1
2632,-17.4,0.0,-14.4,-17.8,-10.7
2633,-17.8,0.0,-15.1,-16.0,-10.3
2634,-17.3,0.0,-14.8,1.7,2.0
2635,-15.9,0.0,-13.6,3.1,2.9
2636,-33.4,0.0,-29.2,3.8,3.4
2637,-31.4,0.0,-27.5,4.3,3.7
2638,-29.5,0.0,-25.9,4.7,4.0
2639,-27.8,0.0,-24.5,4.9,4.1
2640,-8.3,0.0,5.3,5.2,4.3
2641,6.0,5.8,6.4,6.2,4.9
2642,7.0,15.8,7.4,7.1,5.6
2643,8.1,18.3,8.5,8.2,6.5
2644,8.3,18.9,8.7,8.5,6.7
2645,8.2,18.7,8.6,8.4,6.7
2646,7.6,17.2,8.1,7.8,6.2
2647,5.7,11.0,6.2,5.7,4.5
2648,3.9,4.0,4.3,3.5,2.8
2649,2.1,0.0,2.6,1.6,1.5
2650,0.2,0.0,0.8,-0.6,-0.2
2651,-2.6,0.0,-1.7,-3.0,-1.9
2652,-4.8,0.0,-3.6,-4.7,-3.2
2653,-4.1,0.0,-13.4,-4.4,-2.6
2654,-5.0,0.0,-13.8,-4.8,-2.7
2655,-5.0,0.0,-14.2,-5.1,-2.6
2656,-18.6,0.0,-14.8,-5.8,-2.6
2657,-18.5,0.0,-14.8,-4.8,-1.8
2658,-17.9,0.0,-14.1,-3.0,-0.7
2659,-25.7,0.0,-22.5,0.4,1.2
2660,-43.0,0.0,-36.9,3.8,3.7
2661,-39.9,0.0,-34.3,4.6,4.2
2662,-37.7,0.0,-32.6,4.3,3.9
2663,-34.2,0.0,-29.6,5.6,4.8
2664,-12.4,0.0,5.5,5.9,5.0
2665,5.4,0.0,6.0,6.2,5.1
2666,5.7,0.0,6.3,6.3,5.1
2667,6.2,0.0,6.6,6.5,5.1
2668,6.7,11.5,7.0,6.7,5.3
2669,6.8,15.3,7.2,6.9,5.4
2670,7.0,15.7,7.3,7.0,5.5
2671,6.9,14.9,7.2,6.9,5.4
2672,5.1,8.0,5.5,4.8,3.8
2673,4.2,4.7,4.9,4.0,3.2
2674,2.4,0.0,3.2,1.9,1.7
2675,0.5,0.0,1.3,-0.6,0.0
2676,-1.4,0.0,0.7,-1.9,-1.0
2677,-3.0,0.0,-12.3,-2.9,-1.8
2678,-4.4,0.0,-13.3,-3.5,-2.3
2679,-5.3,0.0,-14.4,-4.6,-2.7
2680,-18.7,0.0,-15.6,-5.6,-3.0
2681,-19.7,0.0,-16.9,-6.4,0.1
2682,-20.6,0.0,-17.8,-6.6,0.8
2683,-19.8,0.0,-16.9,3.0,2.9
2684,-36.4,0.0,-31.4,5.2,4.6
2685,-33.2,0.0,-28.7,6.0,5.1
2686,-30.6,0.0,-26.6,6.1,5.1
2687,-26.8,0.0,-23.4,7.6,6.1
2688,-5.7,0.0,8.2,8.3,6.6
2689,8.7,19.4,9.0,8.8,6.9
2690,8.8,19.9,9.2,8.9,7.0
2691,9.7,21.9,10.0,9.8,7.7
2692,9.1,20.6,9.4,9.3,7.2
2693,7.9,17.9,8.3,8.1,6.3
2694,7.5,16.9,7.9,7.6,6.0
2695,7.4,16.1,7.9,7.5,5.9
2696,6.8,13.0,7.4,6.8,5.4
2697,4.2,1.4,4.5,-9.1,-5.2
2698,2.6,0.0,3.1,-10.8,-6.3
2699,1.1,0.0,1.9,-12.6,-7.6
2700,0.1,0.0,1.3,-14.0,-8.7
2701,-2.6,0.0,-11.9,-8.9,-5.6
2702,-4.0,0.0,-12.9,-16.1,-10.3
2703,-4.4,0.0,-13.6,-16.7,-10.4
2704,-4.8,0.0,-14.4,-17.2,-10.6
2705,-5.1,0.0,-15.3,-17.6,-10.7
2706,0.3,0.0,-15.4,-3.9,1.5
2707,1.8,0.0,-14.4,3.3,3.1
2708,3.9,0.0,-28.7,5.4,4.6
2709,5.4,0.0,-25.8,6.6,5.5
2710,6.3,0.0,-23.2,7.3,5.9
2711,7.7,0.8,-20.2,8.4,6.6
2712,8.2,21.6,8.6,8.5,6.6
2713,8.1,18.4,8.5,8.3,6.5
2714,9.0,20.4,9.4,9.2,7.2
2715,9.2,21.0,9.6,9.5,7.4
2716,9.7,22.1,10.1,9.9,7.8
2717,9.7,22.1,10.1,10.0,7.8
2718,9.7,22.0,10.1,10.0,7.9
2719,7.9,16.2,8.4,8.0,6.3
2720,4.4,3.7,4.6,3.9,3.1
2721,1.7,0.0,2.2,-11.6,-7.0
2722,-0.7,0.0,0.2,-14.0,-8.8
2723,-3.3,0.0,-2.4,-16.4,-10.6
2724,-5.4,0.0,-4.1,-18.0,-11.8
2725,-4.1,0.0,-13.2,-10.7,-6.5
2726,-4.3,0.0,-13.2,-17.1,-10.6
2727,-4.2,0.0,-13.7,-17.1,-10.5
2728,-4.5,0.0,-14.0,-18.4,-10.7
2729,-4.4,0.0,-14.4,-18.4,-10.5
2730,-3.6,0.0,-13.8,-2.7,-0.6
2731,-10.3,0.0,-21.2,0.3,1.0
2732,0.0,0.0,-36.8,2.2,2.4
2733,0.0,0.0,-35.7,2.0,2.2
2734,1.0,0.0,-33.9,2.8,2.7
2735,1.8,0.0,-32.1,3.4,3.1
2736,2.0,0.0,3.0,3.4,3.1
2737,3.3,0.0,4.1,4.3,3.8
2738,3.8,0.0,4.5,4.6,3.9
2739,5.4,0.0,6.0,6.1,5.0
2740,6.4,0.0,6.8,6.8,5.4
2741,6.7,6.8,7.1,6.9,5.5
2742,7.1,15.9,7.5,7.2,5.6
2743,5.6,11.6,6.0,5.5,4.4
2744,3.3,4.2,3.8,3.0,2.5
2745,1.4,0.0,2.0,-11.8,-7.2
2746,0.3,0.0,1.2,-13.1,-8.2
2747,-1.7,0.0,0.1,-14.7,-9.4
2748,-3.0,0.0,-1.7,-16.5,-10.6
2749,-3.4,0.0,-13.0,-10.1,-6.4
2750,-3.3,0.0,-13.1,-16.1,-10.3
2751,-2.5,0.0,-12.6,-15.0,-9.4
2752,-18.9,0.0,-16.7,-16.4,-11.3
2753,-18.0,0.0,-15.8,-15.2,-10.4
2754,-17.7,0.0,-15.5,1.1,1.3
2755,-17.3,0.0,-15.2,1.3,1.5
2756,-35.6,0.0,-31.4,2.0,1.9
2757,-34.4,0.0,-30.5,2.2,2.1
2758,-34.0,0.0,-30.2,1.8,1.7
2759,-33.2,0.0,-29.5,2.0,1.8
2760,-13.3,0.0,2.7,2.7,2.4
2761,3.3,0.0,3.8,3.8,3.2
2762,3.7,0.0,4.2,4.0,3.3
2763,4.3,0.0,4.7,4.5,3.6
2764,4.9,1.0,5.2,4.9,3.9
2765,5.8,12.7,6.0,5.7,4.4
2766,5.1,11.2,5.4,5.0,3.9
2767,4.8,9.7,5.1,4.6,3.6
2768,4.3,8.1,4.7,4.1,3.3
2769,3.9,6.1,4.4,-8.9,-5.1
2770,3.7,5.5,4.2,-9.1,-5.2
2771,2.9,1.8,3.6,-10.0,-5.9
2772,3.2,3.6,3.8,-9.6,-5.6
2773,3.0,2.6,-7.0,-3.5,-1.7
2774,3.3,3.8,-6.8,-9.5,-5.5
2775,3.8,5.1,-6.3,-9.1,-5.2
2776,4.9,9.7,-5.3,-7.8,-4.2
2777,5.2,11.1,-5.0,-7.4,-3.9
2778,5.3,11.2,-4.9,5.3,4.2
2779,5.3,11.0,-4.9,5.3,4.2
2780,5.6,12.1,-20.6,5.7,4.5
2781,5.8,13.4,-20.4,6.0,4.7
2782,6.7,16.3,-19.5,6.9,5.4
2783,6.8,16.8,-19.4,7.0,5.5
2784,7.4,18.9,7.9,7.7,6.0
2785,6.7,15.1,7.1,6.8,5.4
2786,6.4,14.4,6.8,6.5,5.2
2787,6.4,14.5,6.8,6.5,5.2
2788,6.2,14.0,6.6,6.3,5.0
2789,6.0,13.6,6.5,6.1,4.9
2790,6.0,13.6,6.5,6.1,4.9
2791,5.8,12.4,6.3,5.8,4.7
2792,4.6,6.2,5.1,4.3,3.5
2793,4.3,5.8,5.0,-8.5,-4.6
2794,3.1,1.5,4.0,-9.8,-5.6
2795,3.0,0.4,3.9,-10.0,-5.7
2796,2.8,0.0,3.8,-10.2,-5.9
2797,1.5,0.0,-8.0,-5.3,-2.9
2798,0.7,0.0,-8.9,-12.7,-7.7
2799,0.1,0.0,-9.9,-14.3,-8.5
2800,-13.5,0.0,-10.9,-15.6,-8.9
2801,-13.7,0.0,-11.5,-13.5,-8.3
2802,-13.6,0.0,-11.5,1.6,2.1
2803,-12.5,0.0,-10.5,3.6,3.1
2804,-29.0,0.0,-25.6,4.6,3.9
2805,-26.9,0.0,-23.8,5.3,4.4
2806,-24.6,0.0,-21.8,6.0,4.8
2807,-22.5,13.6,-20.1,6.5,5.1
2808,-5.3,14.5,6.6,6.4,5.0
2809,6.6,14.9,7.0,6.7,5.3
2810,6.5,14.5,6.9,6.5,5.2
2811,6.3,14.2,6.7,6.4,5.1
2812,6.1,13.7,6.5,6.2,4.9
2813,5.9,13.4,6.4,6.0,4.8
2814,5.9,13.2,6.3,6.0,4.8
2815,5.6,12.0,6.0,5.6,4.5
2816,5.2,10.0,5.7,5.1,4.1
2817,4.8,9.6,5.4,5.0,4.0
2818,3.0,1.7,3.9,2.9,2.5
2819,1.5,0.0,2.5,1.1,1.1
2820,1.0,0.0,2.0,0.6,0.8
2821,-1.4,0.0,-10.9,-1.5,-0.9
2822,-3.3,0.0,-12.0,-3.8,-2.2
2823,-3.4,0.0,-12.7,-3.8,-2.1
2824,-16.1,0.0,-13.2,-4.2,-2.1
2825,-19.4,0.0,-17.0,-3.6,0.1
2826,-18.3,0.0,-16.0,1.2,1.5
2827,-17.9,0.0,-15.7,1.4,1.6
2828,-36.6,0.0,-32.2,1.7,1.8
2829,-35.0,0.0,-30.8,2.5,2.4
2830,-34.1,0.0,-30.1,2.3,2.2
2831,-33.2,0.0,-29.4,2.3,2.2
2832,-13.3,0.0,2.9,3.0,2.7
2833,2.9,0.0,3.6,3.5,3.0
2834,3.2,0.0,3.8,3.7,3.1
2835,3.6,0.0,4.1,3.8,3.2
2836,4.3,0.0,4.7,4.4,3.6
2837,5.4,9.1,5.7,5.4,4.2
2838,5.5,12.0,5.8,5.4,4.3
2839,5.3,11.0,5.7,5.2,4.1
2840,5.3,10.3,5.7,5.1,4.1
2841,3.5,2.8,4.2,3.2,2.7
2842,2.2,0.0,2.9,1.6,1.4
2843,0.1,0.0,0.9,-1.0,-0.5
2844,-2.4,0.0,-1.1,-2.9,-1.8
2845,-2.8,0.0,-12.3,-2.2,-1.5
2846,-4.6,0.0,-13.4,-3.6,-2.4
2847,-5.4,0.0,-14.6,-4.7,-2.9
2848,-19.0,0.0,-16.0,-5.8,-3.3
2849,-20.1,0.0,-17.3,-6.8,-3.6
2850,-21.3,0.0,-18.3,-6.9,0.4
2851,-20.8,0.0,-18.0,2.0,2.2
2852,-38.7,0.0,-33.5,3.4,3.2
2853,-34.8,0.0,-30.1,5.6,4.8
2854,-31.7,0.0,-27.5,6.2,5.1
2855,-28.7,0.0,-25.1,6.7,5.5
2856,-8.1,0.0,6.7,6.8,5.5
2857,7.1,1.2,7.5,7.4,5.8
2858,7.1,15.9,7.4,7.1,5.6
2859,6.7,15.0,7.1,6.7,5.3
2860,6.7,15.1,7.1,6.8,5.3
2861,7.0,15.8,7.4,7.1,5.5
2862,6.8,15.1,7.2,6.8,5.4
2863,5.8,12.0,6.2,5.7,4.5
2864,4.8,8.6,5.3,4.6,3.7
2865,3.7,4.6,4.4,-9.1,-5.1
2866,3.1,2.0,3.8,-9.8,-5.7
2867,2.5,0.3,3.3,-10.4,-6.1
2868,3.1,2.9,3.7,-9.7,-5.6
2869,4.4,7.9,-5.7,-1.9,-0.5
2870,3.0,0.8,-6.8,-10.0,-5.8
2871,3.8,4.6,-6.2,-9.1,-5.1
2872,3.8,5.0,-6.2,-9.0,-5.0
2873,3.2,2.0,-6.7,-9.8,-5.6
2874,3.6,1.5,-6.3,3.0,2.8
2875,4.8,8.8,-5.4,4.8,3.9
2876,5.2,11.0,-21.0,5.3,4.2
2877,5.4,12.1,-20.7,5.6,4.5
2878,5.8,13.3,-20.4,6.0,4.7
2879,6.1,14.3,-20.1,6.3,5.0
2880,6.3,15.0,6.8,6.5,5.2
2881,6.5,14.6,6.9,6.6,5.2
2882,6.5,14.6,6.9,6.6,5.2
2883,6.2,14.0,6.6,6.3,5.0
2884,6.2,14.1,6.7,6.3,5.0
2885,6.2,14.1,6.7,6.4,5.1
2886,6.4,14.3,6.8,6.5,5.2
2887,6.2,14.0,6.7,6.3,5.1
2888,5.9,12.9,6.4,6.0,4.8
2889,5.5,11.9,6.1,-7.0,-3.5
2890,5.6,12.1,6.2,-6.9,-3.4
2891,6.4,14.2,7.1,-6.1,-2.8
2892,6.0,11.9,6.8,-6.6,-3.2
2893,5.3,8.2,-4.5,-1.1,0.2
2894,4.8,6.3,-4.9,-8.0,-4.2
2895,3.3,0.0,-6.0,-9.9,-5.4
2896,3.7,0.0,-5.9,-9.7,-5.2
2897,3.5,0.0,-6.1,-11.6,-5.5
2898,5.1,0.0,-5.6,5.3,4.4
2899,6.1,13.0,-4.0,6.4,5.1
2900,6.6,16.2,-19.4,7.0,5.5
2901,6.6,16.2,-19.5,6.9,5.5
2902,6.8,17.1,-19.3,7.2,5.7
2903,7.0,17.6,-19.1,7.4,5.9
2904,7.9,20.9,8.5,8.3,6.6
2905,7.2,16.5,7.7,7.5,6.0
2906,7.2,16.5,7.7,7.5,6.0
2907,7.9,18.0,8.4,8.1,6.5
2908,7.7,17.6,8.2,8.0,6.4
2909,8.4,19.3,8.9,8.7,6.9
2910,8.3,18.8,8.9,8.7,6.9
2911,6.8,13.0,7.4,6.9,5.5
2912,5.5,7.5,6.0,5.3,4.2
2913,4.7,5.1,5.5,-8.2,-4.3
2914,4.4,4.5,5.4,-8.4,-4.4
2915,4.3,3.5,5.4,-8.6,-4.6
2916,5.1,7.6,6.0,-7.6,-3.9
2917,5.3,8.3,-4.3,-1.0,0.4
2918,2.7,0.0,-6.2,-10.3,-5.7
2919,3.2,0.0,-6.2,-10.1,-5.5
2920,-8.3,0.0,-6.3,-9.9,-5.4
2921,-8.0,0.0,-6.2,-9.8,-5.1
2922,-8.2,0.0,-6.2,-0.2,2.9
2923,-9.4,0.0,-6.7,-0.9,3.7
2924,-25.8,0.0,-22.4,7.1,5.8
2925,-22.9,5.7,-20.0,7.8,6.3
2926,-21.3,18.7,-18.8,7.7,6.1
2927,-21.4,18.2,-18.9,7.5,6.0
2928,-3.9,21.1,8.2,8.0,6.4
2929,8.0,18.5,8.5,8.3,6.6
2930,8.1,18.7,8.7,8.5,6.7
2931,8.0,18.3,8.5,8.3,6.6
2932,7.6,17.5,8.1,7.9,6.3
2933,7.8,17.9,8.3,8.1,6.5
2934,8.0,18.3,8.6,8.3,6.7
2935,6.8,13.3,7.4,6.9,5.5
2936,6.7,11.1,7.3,6.6,5.4
2937,5.3,7.2,6.2,-7.5,-3.8
2938,4.2,2.9,5.2,-8.7,-4.7
2939,2.5,0.0,3.5,-10.9,-6.2
2940,2.0,0.0,3.4,-11.5,-6.7
2941,0.7,0.0,-8.9,-6.6,-3.7
2942,1.3,0.0,-8.7,-12.4,-7.4
2943,1.5,0.0,-9.4,-12.9,-7.6
2944,1.4,0.0,-9.9,-14.7,-7.9
2945,1.9,0.0,-10.7,-15.5,-8.0
2946,2.0,0.0,-11.5,-2.8,2.6
2947,2.1,0.0,-11.9,-3.0,3.2
2948,4.4,0.0,-27.9,6.0,5.2
2949,5.7,0.0,-25.1,7.1,5.9
2950,6.8,0.0,-22.4,7.8,6.4
2951,8.4,7.4,-19.0,9.1,7.3
2952,9.3,25.7,9.8,9.8,7.7
2953,9.9,22.9,10.4,10.3,8.2
2954,10.3,23.7,10.8,10.7,8.4
2955,10.4,24.1,10.9,10.9,8.6
2956,10.9,25.2,11.5,11.4,9.0
2957,10.9,25.3,11.5,11.4,9.0
2958,10.7,24.2,11.2,11.1,8.8
2959,8.5,16.8,9.1,8.7,6.9
2960,6.0,7.3,6.3,5.7,4.5
2961,4.0,0.6,4.4,-9.1,-5.2
2962,2.8,0.0,3.5,-10.4,-6.0
2963,1.1,0.0,2.2,-12.4,-7.4
2964,0.2,0.0,1.7,-13.6,-8.3
2965,-1.6,0.0,-10.4,-7.6,-4.5
2966,0.1,0.0,-10.9,-14.0,-8.7
2967,-3.5,0.0,-12.2,-16.1,-9.7
2968,-16.0,0.0,-13.2,-15.4,-9.6
2969,-16.8,0.0,-14.1,-16.9,-10.1
2970,-17.1,0.0,-14.4,0.2,1.7
2971,-16.5,0.0,-13.9,1.6,2.7
2972,-34.2,0.0,-29.6,4.1,3.7
2973,-30.5,0.0,-26.4,6.3,5.3
2974,-27.5,0.0,-23.9,6.9,5.7
2975,-24.5,0.0,-21.4,7.6,6.1
2976,-3.7,16.2,8.7,8.7,6.9
2977,8.9,20.4,9.4,9.2,7.2
2978,9.4,21.4,9.8,9.7,7.6
2979,9.6,22.0,10.1,9.9,7.8
2980,9.8,22.6,10.3,10.2,8.1
2981,10.2,23.5,10.7,10.6,8.4
2982,9.9,22.3,10.4,10.2,8.1
2983,7.5,14.6,8.1,7.6,6.1
2984,4.6,4.5,5.0,4.2,3.4
2985,2.3,0.0,2.8,1.8,1.6
2986,0.8,0.0,1.7,0.3,0.6
2987,-0.9,0.0,1.0,-1.1,-0.5
2988,-2.4,0.0,0.6,-2.2,-1.3
2989,-3.7,0.0,-12.8,-2.9,-1.9
2990,-4.7,0.0,-13.6,-3.2,-2.2
2991,-5.0,0.0,-14.4,-3.6,-2.3
2992,-18.0,0.0,-15.0,-4.0,0.2
2993,-18.7,0.0,-15.8,-4.9,0.5
2994,-19.1,0.0,-16.2,-4.3,1.3
2995,-18.6,0.0,-15.7,1.1,2.4
2996,-36.4,0.0,-31.4,4.1,3.7
2997,-33.3,0.0,-28.8,5.4,4.7
2998,-30.2,0.0,-26.1,6.4,5.3
2999,-27.5,0.0,-24.0,6.7,5.5
3000,-7.4,0.0,6.7,6.7,5.4
3001,6.6,8.0,7.1,6.9,5.5
3002,6.6,14.9,7.0,6.7,5.3
3003,6.6,14.8,7.0,6.7,5.3
3004,6.6,15.0,7.0,6.7,5.4
3005,7.2,16.3,7.6,7.4,5.8
3006,7.2,16.2,7.7,7.4,5.9
3007,6.6,13.0,7.2,6.6,5.3
3008,5.1,5.1,5.3,4.6,3.6
3009,3.9,1.1,4.4,3.4,2.8
3010,2.3,0.0,3.0,1.7,1.5
3011,0.9,0.0,1.9,0.2,0.5
3012,0.8,0.0,2.1,0.4,0.7
3013,-1.9,0.0,-11.0,-1.8,-1.0
3014,-3.0,0.0,-11.5,-2.2,0.0
3015,-3.7,0.0,-12.6,-3.3,0.0
3016,-17.0,0.0,-13.9,-4.5,-2.2
3017,-17.7,0.0,-15.0,-3.8,0.7
3018,-17.4,0.0,-14.9,1.6,1.9
3019,-16.3,0.0,-13.9,2.4,2.6
3020,-34.0,0.0,-29.7,3.6,3.2
3021,-32.0,0.0,-28.1,4.1,3.6
3022,-30.5,0.0,-26.9,4.2,3.5
3023,-28.8,0.0,-25.5,4.5,3.7
3024,-9.0,0.0,5.1,5.1,4.1
3025,5.0,0.0,5.5,5.3,4.2
3026,5.6,10.2,5.9,5.6,4.5
3027,5.4,12.1,5.8,5.4,4.3
3028,5.4,12.1,5.8,5.4,4.3
3029,5.5,12.2,5.9,5.5,4.4
3030,5.2,11.5,5.6,5.2,4.1
3031,4.9,10.4,5.3,4.9,3.9
3032,4.2,7.5,4.7,4.1,3.3
3033,3.6,4.5,4.3,-9.2,-5.2
3034,3.1,2.1,3.9,-9.7,-5.6
3035,1.6,0.0,2.6,-11.6,-7.0
3036,1.1,0.0,2.2,-12.2,-7.5
3037,1.2,0.0,-9.2,-5.8,-3.4
3038,2.0,0.0,-8.8,-11.3,-6.9
3039,1.9,0.0,-8.9,-11.5,-7.0
3040,1.8,0.0,-9.1,-11.5,-7.1
3041,0.8,0.0,-10.0,-12.7,-7.9
3042,0.5,0.0,-10.5,-1.2,0.6
3043,0.2,0.0,-11.1,-3.2,0.7
3044,2.2,0.0,-27.3,2.9,2.5
3045,3.3,0.0,-25.8,4.0,3.3
3046,3.5,0.0,-24.9,4.0,3.3
3047,4.1,0.0,-23.5,4.5,3.7
3048,5.0,2.9,5.5,5.2,4.2
3049,5.4,11.9,5.7,5.4,4.2
3050,5.5,12.2,5.8,5.5,4.3
3051,5.4,12.1,5.8,5.4,4.3
3052,5.5,12.3,5.9,5.5,4.4
3053,5.3,11.9,5.7,5.4,4.3
3054,5.3,11.8,5.7,5.3,4.2
3055,5.1,11.2,5.5,5.1,4.1
3056,5.5,11.4,5.9,5.5,4.4
3057,4.2,5.5,5.0,-8.6,-4.7
3058,4.1,4.5,4.9,-8.8,-4.9
3059,4.7,7.8,5.4,-8.0,-4.3
3060,4.9,8.2,5.7,-7.8,-4.1
3061,4.4,5.4,-5.5,-2.1,-0.6
3062,2.4,0.0,-6.9,-10.8,-6.3
3063,2.8,0.0,-6.7,-10.7,-6.1
3064,3.0,0.0,-6.9,-10.9,-6.0
3065,2.8,0.0,-7.5,-12.0,-6.4
3066,3.1,0.0,-7.7,1.1,2.6
3067,3.9,0.0,-7.4,2.9,3.6
3068,5.1,0.0,-22.6,5.6,4.6
3069,6.1,7.1,-20.7,6.5,5.1
3070,6.2,14.9,-19.9,6.5,5.1
3071,6.1,14.5,-20.0,6.4,5.1
3072,6.9,17.3,7.4,7.2,5.7
3073,7.3,16.7,7.8,7.5,5.9
3074,7.3,16.7,7.8,7.5,6.0
3075,7.5,17.2,8.0,7.7,6.1
3076,7.3,16.6,7.8,7.5,6.0
3077,7.6,17.2,8.0,7.8,6.2
3078,7.8,17.5,8.3,8.0,6.4
3079,7.2,15.3,7.7,7.3,5.8
3080,6.6,13.2,7.2,6.7,5.4
3081,5.1,7.8,6.0,-7.6,-3.9
3082,6.1,12.0,6.9,-6.5,-3.0
3083,5.2,8.0,6.1,-7.5,-3.8
3084,6.3,13.0,7.1,-6.2,-2.9
3085,6.5,14.9,-3.4,0.5,1.5
3086,6.0,12.7,-3.9,-6.5,-3.0
3087,6.1,12.4,-3.8,-6.4,-3.0
3088,-4.9,16.2,-3.4,-5.8,-2.6
3089,-4.7,17.3,-3.3,-5.6,-2.4
3090,-4.9,16.3,-3.5,6.9,5.5
3091,-4.8,17.1,-3.4,7.1,5.6
3092,-22.5,14.5,-19.9,6.5,5.2
3093,-23.2,12.1,-20.7,5.7,4.6
3094,-22.7,13.8,-20.2,6.2,5.0
3095,-21.4,18.2,-18.9,7.6,6.0
3096,-3.7,21.8,8.3,8.2,6.5
3097,7.9,18.0,8.4,8.2,6.5
3098,7.9,18.1,8.4,8.2,6.5
3099,8.0,18.4,8.5,8.3,6.7
3100,8.1,18.7,8.6,8.5,6.7
3101,8.2,18.8,8.7,8.5,6.8
3102,8.3,18.7,8.8,8.6,6.9
3103,7.5,16.0,8.2,7.8,6.2
3104,5.8,8.0,6.4,5.6,4.5
3105,5.4,9.2,6.4,-7.2,-3.5
3106,3.3,0.0,4.2,-9.7,-5.5
3107,3.3,0.0,4.5,-9.7,-5.4
3108,2.7,0.0,4.1,-10.5,-5.9
3109,1.9,0.0,-7.5,-5.1,-2.6
3110,2.0,0.0,-8.0,-11.3,-6.7
3111,2.1,0.0,-8.2,-11.5,-6.7
3112,2.0,0.0,-8.5,-12.0,-6.9
3113,3.3,0.0,-7.9,-10.1,-5.9
3114,4.7,0.0,-6.4,5.1,4.3
3115,4.6,1.8,-5.6,4.7,4.1
3116,5.9,13.7,-20.2,6.2,5.0
3117,6.0,14.1,-20.1,6.3,5.1
3118,6.6,16.3,-19.5,7.0,5.6
3119,6.6,16.5,-19.4,7.0,5.6
3120,6.6,16.5,7.2,7.1,5.7
3121,7.0,16.0,7.5,7.2,5.8
3122,7.1,16.3,7.6,7.4,5.9
3123,7.1,16.2,7.6,7.4,5.9
3124,7.1,16.3,7.6,7.4,5.9
3125,7.2,16.6,7.8,7.5,6.0
3126,7.0,15.6,7.5,7.2,5.8
3127,6.4,12.9,7.0,6.5,5.3
3128,5.1,5.8,5.6,4.8,3.8
3129,4.8,6.8,5.7,-7.9,-4.1
3130,3.7,1.2,4.7,-9.3,-5.1
3131,2.7,0.0,3.9,-10.4,-5.9
3132,1.3,0.0,2.8,-12.0,-7.1
3133,1.1,0.0,-8.8,-6.1,-3.4
3134,2.5,0.0,-8.3,-10.9,-6.5
3135,1.1,0.0,-9.1,-12.8,-7.6
3136,-12.2,0.0,-9.7,-13.4,-7.8
3137,-11.9,0.0,-9.7,-12.1,-7.2
3138,-11.3,0.0,-9.2,2.7,3.0
3139,-10.3,0.0,-8.3,3.8,3.7
3140,-26.5,0.0,-23.3,5.5,4.5
3141,-24.0,2.0,-21.2,6.5,5.3
3142,-22.2,15.5,-19.7,6.7,5.4
3143,-21.8,16.9,-19.3,7.1,5.7
3144,-4.7,16.6,7.2,7.0,5.6
3145,7.3,16.5,7.7,7.5,5.9
3146,7.3,16.6,7.7,7.5,6.0
3147,7.5,17.0,7.9,7.7,6.1
3148,7.6,17.4,8.1,7.9,6.3
3149,7.5,17.1,8.0,7.7,6.2
3150,7.1,16.0,7.7,7.4,5.9
3151,6.5,13.8,7.1,6.7,5.4
3152,5.4,9.2,6.1,5.4,4.4
3153,3.6,2.0,4.5,3.4,2.9
3154,4.2,5.5,5.1,4.2,3.5
3155,4.7,8.4,5.5,4.9,4.0
3156,4.6,8.2,5.4,4.8,3.9
3157,4.3,7.6,-5.6,4.5,3.7
3158,3.8,5.0,-6.1,3.8,3.2
3159,4.0,6.6,-5.9,4.2,3.5
3160,-7.2,6.1,-5.8,4.4,3.6
3161,-7.2,6.3,-5.8,4.4,3.6
3162,-7.4,5.6,-6.0,4.2,3.5
3163,-7.5,4.3,-6.1,3.9,3.3
3164,-24.2,8.3,-21.6,4.6,3.8
3165,-24.1,8.8,-21.6,4.7,3.9
3166,-24.0,9.3,-21.5,4.9,3.9
3167,-23.9,9.4,-21.4,4.9,4.0
3168,-6.7,8.9,5.3,5.0,4.1
3169,5.1,11.6,5.6,5.2,4.2
3170,5.2,11.8,5.7,5.3,4.3
3171,5.3,11.9,5.7,5.4,4.4
3172,5.4,12.3,5.9,5.6,4.5
3173,5.7,12.8,6.1,5.8,4.7
3174,5.5,12.4,6.0,5.7,4.6
3175,5.0,10.1,5.5,5.0,4.1
3176,4.4,7.1,5.1,4.3,3.6
3177,3.2,1.4,4.1,3.0,2.6
3178,2.2,0.0,3.2,1.9,1.8
3179,1.2,0.0,2.3,0.8,1.0
3180,-1.0,0.0,1.0,-1.3,-0.7
3181,-3.4,0.0,-12.3,-3.2,-2.1
3182,-4.8,0.0,-13.5,-3.9,-2.6
3183,-6.5,0.0,-15.4,-6.0,-3.7
3184,-20.6,0.0,-17.3,-7.5,-4.5
3185,-22.8,0.0,-19.7,-8.7,-5.3
3186,-24.7,0.0,-21.3,-9.0,-5.6
3187,-26.1,0.0,-22.5,-8.8,-5.6
3188,-46.5,0.0,-40.2,0.3,1.0
3189,-43.9,0.0,-38.0,1.9,2.3
3190,-41.6,0.0,-36.0,2.6,2.7
3191,-39.7,0.0,-34.5,2.8,2.8
3192,-18.1,0.0,2.4,3.0,2.9
3193,2.0,0.0,2.9,3.3,3.1
3194,2.8,0.0,3.6,3.9,3.5
3195,3.2,0.0,3.9,4.1,3.5
3196,3.5,0.0,4.2,4.2,3.6
3197,4.0,0.0,4.6,4.5,3.8
3198,3.4,0.0,3.9,3.6,2.9
3199,1.3,0.0,1.6,1.0,0.8
3200,0.2,0.0,0.4,-0.9,-0.9
3201,-2.9,0.0,-2.5,-15.9,-10.7
3202,-3.6,0.0,-2.8,-16.9,-11.1
3203,-5.4,0.0,-4.2,-18.8,-12.3
3204,-7.0,0.0,-5.2,-20.2,-13.3
3205,-8.2,0.0,-17.3,-14.4,-9.5
3206,-9.3,0.0,-18.0,-21.7,-14.1
3207,-9.9,0.0,-19.0,-23.1,-14.6
3208,-10.2,0.0,-19.8,-23.9,-14.7
3209,-10.2,0.0,-20.3,-24.2,-14.6
3210,-10.3,0.0,-20.5,-10.0,-4.8
3211,-9.9,0.0,-20.2,-8.8,-3.9
3212,-7.9,0.0,-38.2,-4.2,-2.1
3213,-6.3,0.0,-36.6,-2.6,-0.9
3214,-4.9,0.0,-35.1,-1.3,0.1
3215,-18.1,0.0,-48.9,-9.0,0.4
3216,-15.8,0.0,-15.0,0.5,1.3
3217,-13.9,0.0,-13.2,1.0,1.7
3218,-12.2,0.0,0.1,1.3,1.8
3219,0.4,0.0,1.6,2.7,2.8
3220,0.6,0.0,1.7,2.6,2.6
3221,2.0,0.0,2.9,3.7,3.4
3222,1.3,0.0,2.2,2.7,2.5
3223,-6.0,0.0,0.7,0.7,0.9
3224,-2.8,0.0,-2.1,-2.4,-1.6
3225,-4.7,0.0,-3.9,-17.6,-11.7
3226,-6.5,0.0,-5.3,-19.3,-12.8
3227,-8.0,0.0,-6.4,-20.8,-13.8
3228,-9.5,0.0,-7.4,-22.1,-14.6
3229,-9.6,0.0,-19.1,-15.1,-9.9
3230,-9.5,0.0,-18.8,-21.5,-13.9
3231,-9.2,0.0,-18.7,-21.7,-13.6
3232,-8.2,0.0,-18.1,-21.2,-12.8
3233,-20.1,0.0,-31.3,-27.7,-19.7
3234,-20.2,0.0,-31.5,-13.5,-10.1
3235,-19.7,0.0,-31.0,-12.3,-9.3
3236,-17.8,0.0,-48.7,-8.5,1.0
3237,-15.5,0.0,-46.2,1.1,1.7
3238,-13.5,0.0,-43.8,1.7,2.2
3239,-11.5,0.0,-41.5,2.3,2.5
3240,0.4,0.0,1.6,2.8,2.8
3241,1.4,0.0,2.4,3.3,3.1
3242,2.0,0.0,2.9,3.7,3.3
3243,2.5,0.0,3.3,3.9,3.5
3244,3.3,0.0,4.0,4.4,3.8
3245,3.6,0.0,4.2,4.4,3.7
3246,3.4,0.0,3.9,3.9,3.2
3247,2.4,0.0,2.8,2.5,2.0
3248,1.5,0.0,1.8,1.2,0.9
3249,-2.6,0.0,0.2,-15.0,-10.3
3250,-4.2,0.0,-3.7,-16.4,-11.2
3251,-5.6,0.0,-4.7,-17.5,-12.0
3252,-7.4,0.0,-6.0,-18.9,-13.1
3253,-8.8,0.0,-18.2,-13.1,-9.4
3254,-9.5,0.0,-18.5,-19.8,-13.7
3255,-10.2,0.0,-19.6,-21.1,-14.2
3256,-23.8,0.0,-20.1,-21.6,-14.1
3257,-24.7,0.0,-21.3,-22.6,-14.4
3258,-25.5,0.0,-21.9,-9.1,0.3
3259,-25.7,0.0,-21.9,-8.0,1.3
3260,-45.1,0.0,-38.6,3.2,3.2
3261,-41.5,0.0,-35.7,4.6,4.1
3262,-38.1,0.0,-32.9,5.2,4.5
3263,-34.9,0.0,-30.2,5.8,4.9
3264,-12.9,0.0,5.5,5.9,4.9
3265,5.2,0.0,5.8,5.9,4.8
3266,5.6,0.0,6.0,6.0,4.8
3267,6.1,0.0,6.4,6.3,4.9
3268,6.6,6.3,6.8,6.6,5.1
3269,6.9,15.2,7.1,6.8,5.2
3270,6.8,14.6,7.1,6.7,5.1
3271,5.8,8.9,6.0,5.3,4.0
3272,4.3,2.3,4.4,3.5,2.5
3273,2.9,0.0,3.0,-10.7,-6.7
3274,1.6,0.0,2.1,-12.1,-7.6
3275,0.4,0.0,1.3,-13.5,-8.6
3276,-1.5,0.0,1.2,-14.5,-9.3
3277,-3.1,0.0,-12.1,-9.1,-6.0
3278,-4.3,0.0,-13.0,-16.2,-10.6
3279,-5.4,0.0,-14.4,-17.9,-11.4
3280,-6.0,0.0,-15.5,-18.9,-11.7
3281,-6.7,0.0,-16.8,-19.8,-12.1
3282,-7.4,0.0,-17.5,-6.6,0.4
3283,-7.3,0.0,-17.6,-5.0,1.5
3284,1.4,0.0,-34.0,3.1,3.0
3285,2.6,0.0,-31.9,4.1,3.7
3286,3.4,0.0,-29.7,4.8,4.1
3287,4.3,0.0,-27.5,5.4,4.5
3288,5.0,0.0,5.6,5.8,4.8
3289,6.0,0.0,6.4,6.4,5.1
3290,6.8,0.0,7.1,7.0,5.5
3291,7.1,14.8,7.3,7.0,5.5
3292,7.2,15.9,7.4,7.1,5.5
3293,7.5,16.6,7.7,7.4,5.8
3294,6.8,14.0,7.1,6.7,5.2
3295,5.5,8.4,5.8,5.1,3.9
3296,3.3,0.0,3.4,2.5,1.8
3297,1.1,0.0,1.4,-12.5,-8.0
3298,-1.3,0.0,-0.6,-14.6,-9.5
3299,-3.6,0.0,-2.6,-16.5,-10.9
3300,-5.8,0.0,-4.4,-18.2,-12.3
3301,-4.4,0.0,-13.5,-11.0,-7.0
3302,-5.1,0.0,-13.6,-17.8,-11.3
3303,-5.5,0.0,-14.4,-19.1,-11.7
3304,-19.2,0.0,-15.2,-20.0,-11.8
3305,-19.8,0.0,-15.8,-20.5,-11.8
3306,-20.4,0.0,-15.9,-6.7,-2.3
3307,-20.3,0.0,-15.6,-5.1,-1.3
3308,-53.1,0.0,-45.7,-8.0,0.2
3309,-50.8,0.0,-43.8,0.3,1.1
3310,-48.5,0.0,-41.8,1.1,1.7
3311,-46.0,0.0,-39.8,1.9,2.2
3312,-22.7,0.0,1.4,2.3,2.5
3313,1.3,0.0,2.3,3.1,3.0
3314,2.3,0.0,3.2,3.9,3.5
3315,3.0,0.0,3.8,4.3,3.7
3316,3.8,0.0,4.5,4.9,4.1
3317,4.0,0.0,4.7,4.8,4.0
3318,3.8,0.0,4.3,4.2,3.5
3319,2.3,0.0,2.7,2.2,1.8
3320,0.7,0.0,0.9,0.2,0.1
3321,-3.0,0.0,-2.8,-2.7,-2.4
3322,-5.0,0.0,-4.4,-4.3,-3.5
3323,-7.4,0.0,-6.4,-6.3,-4.9
3324,-5.2,0.0,-3.4,-5.2,-3.4
3325,-6.1,0.0,-15.2,-5.7,-3.7
3326,-6.8,0.0,-15.5,-6.0,-3.7
3327,-7.2,0.0,-16.4,-7.1,-4.0
3328,-21.3,0.0,-16.8,-7.7,-3.8
3329,-21.9,0.0,-17.4,-8.0,-3.6
3330,-22.3,0.0,-17.4,-7.4,-2.9
3331,-22.2,0.0,-17.2,-5.9,-2.0
3332,-43.8,0.0,-34.9,-1.7,-0.3
3333,-55.1,0.0,-47.4,-8.1,0.8
3334,-52.9,0.0,-45.5,0.4,1.2
3335,-50.3,0.0,-43.3,1.2,1.7
3336,-25.7,0.0,0.8,2.0,2.3
3337,0.5,0.0,1.6,2.7,2.7
3338,1.4,0.0,2.4,3.3,3.1
3339,2.4,0.0,3.4,4.1,3.7
3340,3.3,0.0,4.1,4.6,4.0
3341,3.9,0.0,4.6,5.0,4.2
3342,3.0,0.0,3.6,3.7,3.1
3343,1.3,0.0,1.8,1.5,1.3
3344,-3.4,0.0,0.0,-2.4,-2.3
3345,-5.3,0.0,-4.9,-4.2,-3.7
3346,-3.8,0.0,-2.9,-4.0,-2.8
3347,-4.9,0.0,-3.6,-4.9,-3.3
3348,-5.7,0.0,-3.9,-5.5,-3.6
3349,-6.5,0.0,-15.8,-5.9,-3.7
3350,-7.3,0.0,-16.2,-6.3,-3.9
3351,-7.8,0.0,-17.0,-7.5,-4.2
3352,-22.5,0.0,-17.8,-8.3,-4.3
3353,-22.9,0.0,-18.2,-8.4,-3.9
3354,-23.3,0.0,-18.3,-7.7,-3.2
3355,-23.1,0.0,-17.9,-5.8,-2.2
3356,-45.0,0.0,-35.8,-2.2,-0.7
3357,-57.2,0.0,-49.2,-9.1,0.5
3358,-55.1,0.0,-47.4,-8.1,0.7
3359,-52.5,0.0,-45.2,0.6,1.4
3360,-27.7,0.0,-12.2,1.3,1.8
3361,-10.9,0.0,0.9,2.0,2.3
3362,0.5,0.0,1.6,2.6,2.7
3363,1.3,0.0,2.3,3.2,3.0
3364,1.8,0.0,2.6,3.3,3.0
3365,2.5,0.0,3.3,3.8,3.3
3366,2.1,0.0,2.8,3.1,2.7
3367,0.1,0.0,0.6,0.5,0.5
3368,-4.8,0.0,0.2,-2.7,0.2
3369,-7.0,0.0,-6.6,-18.5,-13.1
3370,-4.2,0.0,-3.2,-17.3,-11.4
3371,-5.4,0.0,-4.0,-18.4,-12.1
3372,-6.4,0.0,-4.5,-19.2,-12.6
3373,-7.2,0.0,-16.5,-13.1,-8.5
3374,-7.9,0.0,-16.8,-20.3,-13.1
3375,-8.1,0.0,-17.4,-21.2,-13.2
3376,-8.2,0.0,-17.9,-21.8,-13.2
3377,-8.0,0.0,-18.2,-21.9,-13.0
3378,-7.9,0.0,-18.2,-7.6,-3.3
3379,-7.2,0.0,-17.6,-5.8,-2.2
3380,-18.8,0.0,-49.6,-9.8,-8.8
3381,-15.7,0.0,-46.4,0.9,1.6
3382,-13.1,0.0,-43.5,2.2,2.5
3383,-11.5,0.0,-41.5,2.2,2.4
3384,0.9,0.0,2.1,3.3,3.2
3385,2.2,0.0,3.2,4.2,3.8
3386,2.7,0.0,3.6,4.4,3.8
3387,3.7,0.0,4.4,5.0,4.3
3388,4.3,0.0,4.9,5.4,4.5
3389,4.4,0.0,5.0,5.1,4.2
3390,4.1,0.0,4.6,4.5,3.6
3391,1.3,0.0,1.7,1.2,1.0
3392,-2.5,0.0,-2.2,-2.1,-1.9
3393,-3.1,0.0,-2.5,-16.5,-11.0
3394,-4.6,0.0,-3.7,-17.9,-11.9
3395,-6.5,0.0,-5.2,-19.7,-13.2
3396,-7.8,0.0,-6.0,-20.9,-13.9
3397,-8.7,0.0,-17.9,-14.8,-9.8
3398,-9.1,0.0,-18.0,-21.5,-14.0
3399,-9.0,0.0,-18.3,-22.2,-14.0
3400,-8.9,0.0,-18.7,-22.6,-13.8
3401,-8.7,0.0,-18.9,-22.5,-13.5
3402,-8.8,0.0,-19.1,-8.3,-3.8
3403,-8.3,0.0,-18.7,-6.9,-2.9
3404,-6.3,0.0,-36.4,-2.9,-1.2
3405,-4.9,0.0,-35.1,-1.6,-0.3
3406,-17.5,0.0,-48.3,-8.8,0.3
3407,-15.6,0.0,-46.2,0.1,0.9
3408,-12.8,0.0,0.5,1.9,2.3
3409,0.4,0.0,1.5,2.8,2.8
3410,1.8,0.0,2.9,3.9,3.6
3411,1.7,0.0,2.7,3.5,3.2
3412,1.6,0.0,2.4,3.1,2.8
3413,2.2,0.0,2.9,3.4,3.0
3414,1.6,0.0,2.3,2.5,2.2
3415,0.7,0.0,1.4,1.3,1.3
3416,-6.0,0.0,-5.6,-4.3,-3.8
3417,-3.9,0.0,-3.2,-17.1,-11.4
3418,-5.9,0.0,-4.9,-19.0,-12.7
3419,-7.5,0.0,-6.1,-20.6,-13.7
3420,-8.9,0.0,-6.9,-21.7,-14.5
3421,-8.7,0.0,-18.6,-14.5,-9.6
3422,-9.2,0.0,-18.8,-21.5,-14.1
3423,-9.5,0.0,-19.3,-22.0,-14.2
3424,-24.2,0.0,-19.5,-21.5,-13.8
3425,-23.8,0.0,-19.1,-20.2,-13.0
3426,-23.9,0.0,-19.1,-6.1,-3.4
3427,-22.9,0.0,-18.2,-4.2,-2.1
3428,-45.3,0.0,-36.3,-2.8,-1.2
3429,-57.3,0.0,-49.4,-9.5,-8.6
3430,-55.7,0.0,-48.2,-8.9,0.0
3431,-54.2,0.0,-47.0,-8.5,0.0
3432,-30.2,0.0,-14.6,-7.7,0.2
3433,-13.8,0.0,-13.2,0.0,0.8
3434,-11.9,0.0,-11.4,0.8,1.3
3435,-9.9,0.0,0.7,1.6,1.8
3436,0.3,0.0,1.3,2.1,2.1
3437,1.3,0.0,2.1,2.8,2.6
3438,0.5,0.0,1.3,1.6,1.7
3439,-6.7,0.0,-6.4,-3.6,0.2
3440,-8.1,0.0,-7.8,-5.5,-5.0
3441,-4.1,0.0,-3.3,-17.0,-11.3
3442,-6.0,0.0,-4.8,-18.9,-12.6
3443,-7.2,0.0,-5.7,-20.0,-13.3
3444,-8.5,0.0,-6.5,-21.2,-14.1
3445,-9.4,0.0,-18.9,-15.1,-10.0
3446,-10.1,0.0,-19.2,-22.2,-14.6
3447,-10.3,0.0,-19.8,-23.2,-14.7
3448,-9.4,0.0,-19.8,-21.7,-13.9
3449,-8.8,0.0,-19.4,-20.6,-13.2
3450,-8.1,0.0,-18.9,-5.5,-3.1
3451,-7.1,0.0,-18.0,-4.3,-2.2
3452,-5.3,0.0,-35.5,-2.2,-0.8
3453,-17.0,0.0,-47.9,-8.5,0.5
3454,-15.2,0.0,-45.8,0.3,1.1
3455,-15.1,0.0,-45.4,-7.7,0.1
3456,-13.4,0.0,-12.8,0.2,0.8
3457,-12.1,0.0,-11.6,0.4,0.9
3458,-10.6,0.0,-10.2,0.7,1.1
3459,-9.2,0.0,0.4,1.1,1.4
3460,0.4,0.0,1.2,1.9,1.9
3461,0.8,0.0,1.6,2.1,2.0
3462,0.7,0.0,1.4,1.7,1.6
3463,-5.9,0.0,0.1,0.0,0.3
3464,-7.4,0.0,-7.1,-5.1,-4.6
3465,-4.2,0.0,-3.4,-17.2,-11.5
3466,-5.8,0.0,-4.6,-18.7,-12.5
3467,-7.3,0.0,-5.8,-20.2,-13.5
3468,-8.4,0.0,-6.5,-21.2,-14.1
3469,-9.4,0.0,-19.0,-15.1,-10.0
3470,-9.4,0.0,-19.0,-21.7,-14.3
3471,-10.4,0.0,-19.9,-23.3,-14.9
3472,-24.6,0.0,-19.8,-21.7,-14.0
3473,-25.6,0.0,-20.5,-23.0,-14.3
3474,-24.4,0.0,-19.4,-5.5,-3.1
3475,-22.6,0.0,-17.8,-3.3,-1.5
3476,-45.9,0.0,-36.6,-2.8,-1.1
3477,-44.7,0.0,-35.8,-2.1,-0.7
3478,-57.3,0.0,-49.5,-9.5,-8.6
3479,-54.9,0.0,-47.4,-8.1,0.6
3480,-29.2,0.0,-13.5,1.0,1.6
3481,-11.8,0.0,0.7,2.0,2.2
3482,0.0,0.0,1.1,2.1,2.3
3483,0.6,0.0,1.5,2.4,2.4
3484,1.0,0.0,1.8,2.6,2.4
3485,1.8,0.0,2.6,3.2,2.8
3486,1.7,0.0,2.4,2.7,2.4
3487,1.1,0.0,1.6,1.6,1.3
3488,-5.0,0.0,0.2,-2.9,-3.0
3489,-7.1,0.0,-6.8,-5.1,-4.6
3490,-4.3,0.0,-3.3,-4.2,-3.0
3491,-5.9,0.0,-4.5,-5.7,-3.9
3492,-7.0,0.0,-5.1,-6.6,-4.4
3493,-7.8,0.0,-17.2,-7.0,-4.6
3494,-8.2,0.0,-17.2,-7.0,-4.4
3495,-8.1,0.0,-17.4,-7.5,-4.2
3496,-23.1,0.0,-18.1,-8.5,-4.3
3497,-23.1,0.0,-18.2,-8.3,-3.7
3498,-23.6,0.0,-18.3,-7.8,-3.1
3499,-23.2,0.0,-17.8,-5.9,-2.0
3500,-45.5,0.0,-36.0,-2.0,-0.5
3501,-58.6,0.0,-50.4,-9.7,0.3
3502,-56.1,0.0,-48.3,-8.4,0.8
3503,-53.8,0.0,-46.4,0.2,1.0
3504,-29.0,0.0,-13.4,0.8,1.4
3505,-12.4,0.0,-11.9,1.1,1.6
3506,-10.9,0.0,0.3,1.4,1.7
3507,-9.3,0.0,0.8,1.7,1.9
3508,0.7,0.0,1.6,2.3,2.3
3509,1.3,0.0,2.1,2.7,2.5
3510,1.4,0.0,2.1,2.5,2.3
3511,0.6,0.0,1.3,1.2,1.3
3512,-5.3,0.0,0.3,-3.0,0.1
3513,-6.2,0.0,-5.7,-4.0,-3.6
3514,-7.9,0.0,-7.2,-5.7,-4.9
3515,-10.2,0.0,-9.2,-7.7,-6.4
3516,-5.4,0.0,-3.7,-5.0,-3.3
3517,-5.1,0.0,-15.0,-4.4,-2.8
3518,-7.2,0.0,-16.4,-6.3,-4.0
3519,-7.2,0.0,-16.9,-6.5,-3.9
3520,-21.7,0.0,-17.3,-7.1,-3.9
3521,-21.8,0.0,-17.3,-6.8,-3.3
3522,-22.2,0.0,-17.4,-6.9,-2.9
3523,-22.0,0.0,-17.1,-5.5,-2.0
3524,-43.7,0.0,-35.0,-2.0,-0.6
3525,-55.5,0.0,-47.9,-8.8,0.1
3526,-53.4,0.0,-46.2,-7.7,0.6
3527,-51.2,0.0,-44.3,0.4,1.1
3528,-27.2,0.0,-11.9,0.8,1.3
3529,-11.3,0.0,-10.7,1.0,1.4
3530,-9.3,0.0,0.9,1.8,2.0
3531,0.6,0.0,1.5,2.3,2.3
3532,1.2,0.0,2.0,2.6,2.4
3533,1.6,0.0,2.4,2.8,2.6
3534,1.2,0.0,1.9,2.0,1.9
3535,0.6,0.0,1.3,1.1,1.2
3536,-5.9,0.0,-5.6,-4.1,-3.7
3537,-7.4,0.0,-6.9,-18.6,-13.3
3538,-5.1,0.0,-4.2,-18.2,-12.2
3539,-6.4,0.0,-4.9,-19.4,-12.9
3540,-7.9,0.0,-5.9,-20.8,-13.8
3541,-8.3,0.0,-17.7,-14.1,-9.3
3542,-9.4,0.0,-18.4,-21.7,-14.2
3543,-9.7,0.0,-19.0,-22.7,-14.4
3544,-9.6,0.0,-19.4,-23.3,-14.3
3545,-9.5,0.0,-19.7,-23.3,-14.0
3546,-9.5,0.0,-19.8,-8.9,-4.2
3547,-8.8,0.0,-19.2,-7.2,-3.1
3548,-6.9,0.0,-37.4,-3.5,-1.6
3549,-5.5,0.0,-36.0,-2.0,-0.5
3550,-4.8,0.0,-35.1,-1.4,-0.1
3551,-17.6,0.0,-48.5,-8.8,0.3
3552,-15.9,0.0,-15.1,0.0,0.9
3553,-14.2,0.0,-13.6,0.5,1.1
3554,-12.1,0.0,0.1,1.2,1.7
3555,-10.1,0.0,0.9,1.9,2.1
3556,0.5,0.0,1.5,2.4,2.4
3557,1.3,0.0,2.2,2.9,2.7
3558,1.1,0.0,1.9,2.3,2.2
3559,-6.1,0.0,0.6,0.7,0.7
3560,-7.7,0.0,-7.7,-5.2,-4.9
3561,-9.4,0.0,-9.1,-20.0,-14.6
3562,-4.9,0.0,-3.8,-17.8,-11.8
3563,-6.4,0.0,-4.9,-19.2,-12.7
3564,-7.4,0.0,-5.3,-20.0,-13.2
3565,-8.0,0.0,-17.4,-13.6,-8.9
3566,-8.5,0.0,-17.6,-20.7,-13.4
3567,-8.3,0.0,-18.0,-20.9,-13.3
3568,-8.2,0.0,-18.3,-21.2,-13.2
3569,-7.5,0.0,-17.9,-20.3,-12.5
3570,-6.1,0.0,-16.8,-4.1,-1.8
3571,-17.9,0.0,-29.6,-10.0,-8.7
3572,-16.2,0.0,-46.7,-8.1,0.4
3573,-14.8,0.0,-45.1,-7.1,0.7
3574,-12.5,0.0,-42.6,1.2,1.7
3575,-11.0,0.0,-40.8,1.6,1.9
3576,-9.8,0.0,0.6,1.6,1.8
3577,0.3,0.0,1.2,2.0,2.1
3578,0.9,0.0,1.7,2.4,2.3
3579,1.2,0.0,2.0,2.5,2.3
3580,1.7,0.0,2.4,2.8,2.5
3581,2.6,0.0,3.2,3.5,2.9
3582,2.2,0.0,2.8,2.7,2.3
3583,0.7,0.0,0.9,0.6,0.4
3584,-3.8,0.0,-3.6,-2.7,-2.6
3585,-5.3,0.0,-4.9,-17.2,-12.0
3586,-7.7,0.0,-7.0,-19.3,-13.6
3587,-5.1,0.0,-3.7,-18.2,-12.0
3588,-6.3,0.0,-4.5,-19.3,-12.7
3589,-7.3,0.0,-16.7,-13.4,-8.8
3590,-4.9,0.0,-15.1,-17.2,-11.1
3591,-5.3,0.0,-15.5,-17.8,-11.4
3592,-19.0,0.0,-15.3,-17.4,-11.0
3593,-26.8,0.0,-23.9,-20.4,-15.0
3594,-26.1,0.0,-23.2,-6.2,0.1
3595,-25.9,0.0,-22.9,-6.4,0.0
3596,-45.8,0.0,-39.8,0.4,0.9
3597,-43.6,0.0,-38.0,1.5,1.7
3598,-41.7,0.0,-36.5,1.9,2.0
3599,-39.9,0.0,-35.0,2.2,2.2
3600,-18.5,0.0,1.8,2.3,2.1
3601,1.2,0.0,1.9,2.2,2.0
3602,1.7,0.0,2.3,2.5,2.2
3603,2.6,0.0,3.1,3.3,2.7
3604,3.1,0.0,3.5,3.6,2.9
3605,3.3,0.0,3.7,3.6,2.9
3606,3.1,0.0,3.5,3.2,2.5
3607,1.6,0.0,1.9,1.3,0.9
3608,0.3,0.0,0.5,-1.2,-1.3
3609,-2.9,0.0,-2.5,-15.8,-10.7
3610,-3.1,0.0,-2.3,-16.5,-11.0
3611,-5.0,0.0,-3.8,-18.4,-12.3
3612,-6.1,0.0,-4.4,-19.3,-12.8
3613,-7.1,0.0,-16.2,-13.3,-8.8
3614,-6.0,0.0,-15.6,-18.6,-12.1
3615,-3.6,0.0,-14.1,-15.6,-9.9
3616,-3.2,0.0,-13.8,-15.1,-9.5
3617,-3.8,0.0,-14.3,-16.0,-10.2
3618,-3.4,0.0,-13.9,-2.0,-0.9
3619,-10.5,0.0,-21.5,-5.9,-5.1
3620,-9.2,0.0,-38.0,0.0,0.6
3621,-7.5,0.0,-36.3,1.4,1.6
3622,1.1,0.0,-34.2,2.6,2.4
3623,2.0,0.0,-32.2,3.3,2.9
3624,3.1,0.0,3.9,4.3,3.6
3625,4.1,0.0,4.6,4.8,4.0
3626,4.9,0.0,5.3,5.4,4.4
3627,6.1,0.0,6.4,6.4,5.0
3628,7.0,0.0,7.3,7.1,5.5
3629,7.5,13.8,7.7,7.4,5.7
3630,5.7,10.2,5.8,5.3,3.9
3631,3.9,3.3,3.9,3.2,2.1
3632,2.8,0.0,2.6,1.7,1.0
3633,1.8,0.0,2.0,-11.9,-7.7
3634,0.5,0.0,1.1,-13.4,-8.7
3635,-1.4,0.0,0.6,-14.5,-9.5
3636,-2.8,0.0,0.4,-15.5,-10.2
3637,-4.3,0.0,-13.4,-10.0,-6.8
3638,-5.0,0.0,-14.2,-16.8,-11.2
3639,-5.9,0.0,-15.7,-17.7,-11.9
3640,-20.0,0.0,-17.1,-19.2,-12.7
3641,-20.6,0.0,-17.9,-18.5,-12.5
3642,-21.4,0.0,-18.6,-6.0,-4.2
3643,-21.0,0.0,-18.5,0.1,0.8
3644,-40.0,0.0,-35.0,1.4,1.6
3645,-38.3,0.0,-33.6,2.2,2.1
3646,-36.8,0.0,-32.4,2.4,2.2
3647,-35.5,0.0,-31.3,2.5,2.3
3648,-15.0,0.0,2.6,2.8,2.5
3649,2.7,0.0,3.3,3.3,2.8
3650,3.6,0.0,4.0,4.0,3.3
3651,3.8,0.0,4.2,4.1,3.3
3652,3.8,0.0,4.1,3.9,3.1
3653,3.9,0.0,4.2,3.8,3.0
3654,4.1,4.2,4.3,3.8,3.0
3655,4.1,8.3,4.3,3.8,2.9
3656,3.7,6.9,4.0,3.4,2.6
3657,3.2,3.8,3.6,2.9,2.3
3658,3.0,2.4,3.4,2.7,2.1
3659,3.1,3.0,3.5,2.8,2.2
3660,2.6,1.2,3.1,2.3,1.8
3661,1.7,0.0,-8.3,1.3,1.1
3662,1.6,0.0,-8.6,1.1,1.0
3663,1.5,0.0,-8.9,1.1,1.0
3664,-11.2,0.0,-9.6,0.4,0.5
3665,-12.5,0.0,-10.9,-0.8,0.1
3666,-13.6,0.0,-11.9,-1.2,0.1
3667,-13.7,0.0,-12.0,0.5,0.8
3668,-31.6,0.0,-28.3,1.5,1.4
3669,-30.2,0.0,-27.0,2.8,2.4
3670,-28.9,0.0,-25.9,3.4,2.8
3671,-27.9,0.0,-25.0,3.5,2.8
3672,-8.8,0.0,4.4,4.2,3.3
3673,4.4,1.2,4.7,4.3,3.4
3674,4.3,9.2,4.6,4.1,3.2
3675,4.6,9.8,4.8,4.4,3.4
3676,4.4,9.4,4.6,4.2,3.3
3677,4.2,8.9,4.5,4.0,3.1
3678,3.2,5.3,3.5,2.9,2.2
3679,1.7,0.0,1.9,1.0,0.7
3680,1.0,0.0,1.4,0.3,0.2
3681,-1.6,0.0,-1.1,-2.3,-1.8
3682,-2.0,0.0,-1.1,-2.6,-1.8
3683,-3.3,0.0,-2.2,-3.8,-2.6
3684,-5.2,0.0,-3.6,-5.5,-3.8
3685,-6.5,0.0,-15.8,-6.5,-4.4
3686,-6.1,0.0,-15.7,-5.7,-3.7
3687,-4.7,0.0,-14.7,-4.0,-2.4
3688,-21.7,0.0,-19.0,0.5,1.0
3689,-20.5,0.0,-17.9,1.3,1.6
3690,-18.5,0.0,-16.1,2.9,2.7
3691,-17.1,0.0,-14.9,3.2,2.9
3692,-35.2,0.0,-30.9,3.2,2.8
3693,-33.5,0.0,-29.5,3.5,3.0
3694,-32.2,0.0,-28.5,3.4,2.9
3695,-30.8,0.0,-27.3,3.6,3.0
3696,-11.2,0.0,3.8,3.8,3.1
3697,3.8,0.0,4.2,4.1,3.3
3698,4.5,0.0,4.8,4.6,3.6
3699,5.1,3.9,5.4,5.0,3.9
3700,5.2,11.3,5.4,5.0,3.9
3701,5.1,10.9,5.3,4.9,3.8
3702,5.0,10.4,5.3,4.8,3.8
3703,5.1,10.4,5.4,4.9,3.8
3704,5.1,10.6,5.4,4.9,3.9
3705,4.7,9.1,5.2,-8.0,-4.4
3706,0.9,0.0,1.7,-12.6,-7.9
3707,1.4,0.0,2.4,-12.2,-7.6
3708,2.4,0.0,3.1,-11.0,-6.7
3709,1.9,0.0,-8.7,-5.2,-3.1
3710,0.4,0.0,-10.0,-13.4,-8.5
3711,-1.6,0.0,-11.3,-14.5,-9.3
3712,-3.3,0.0,-12.9,-16.5,-10.4
3713,-3.3,0.0,-13.2,-15.9,-10.1
3714,0.4,0.0,-13.1,0.5,1.0
3715,1.3,0.0,-12.4,1.7,1.8
3716,2.2,0.0,-28.1,2.9,2.5
3717,2.9,0.0,-26.9,3.5,3.0
3718,3.4,0.0,-25.7,3.9,3.2
3719,4.0,0.0,-24.3,4.4,3.6
3720,4.3,0.0,4.8,4.5,3.6
3721,4.6,5.1,4.9,4.5,3.6
3722,4.7,10.1,5.0,4.5,3.5
3723,4.6,9.9,4.9,4.4,3.5
3724,5.0,10.9,5.3,4.9,3.8
3725,4.9,10.8,5.2,4.8,3.8
3726,4.7,10.0,5.1,4.6,3.6
3727,4.5,9.2,4.9,4.4,3.5
3728,4.1,7.0,4.5,3.8,3.0
3729,3.5,4.3,4.1,-9.3,-5.4
3730,2.4,0.0,3.2,-10.7,-6.4
3731,2.0,0.0,2.9,-11.2,-6.8
3732,1.2,0.0,2.2,-12.2,-7.5
3733,0.8,0.0,-9.5,-6.4,-3.9
3734,0.5,0.0,-10.1,-13.3,-8.4
3735,-2.2,0.0,-11.4,-15.3,-9.6
3736,0.1,0.0,-12.0,-14.4,-9.3
3737,0.9,0.0,-11.8,-13.4,-8.6
3738,1.4,0.0,-11.3,1.7,1.7
3739,2.3,0.0,-10.4,2.7,2.4
3740,3.2,0.0,-25.8,3.7,3.1
3741,3.8,0.0,-24.5,4.2,3.4
3742,4.2,0.0,-23.3,4.5,3.6
3743,4.5,2.8,-22.3,4.7,3.7
3744,4.7,9.5,5.1,4.8,3.8
3745,5.0,11.0,5.3,4.9,3.9
3746,5.3,11.6,5.6,5.2,4.1
3747,5.4,12.0,5.7,5.4,4.2
3748,5.5,12.2,5.9,5.5,4.3
3749,5.6,12.3,5.9,5.5,4.4
3750,5.4,11.3,5.8,5.3,4.2
3751,5.2,10.0,5.6,5.0,4.0
3752,4.9,8.9,5.3,4.7,3.8
3753,4.5,7.4,5.2,-8.2,-4.5
3754,4.0,5.3,4.7,-8.8,-4.9
3755,2.6,0.0,3.5,-10.5,-6.2
3756,1.5,0.0,2.7,-11.9,-7.2
3757,2.8,0.0,-7.4,-4.1,-2.2
3758,3.2,0.0,-7.2,-10.0,-5.8
3759,1.1,0.0,-8.4,-12.7,-7.5
3760,-11.2,0.0,-8.8,-13.5,-7.7
3761,-11.2,0.0,-9.1,-12.3,-7.2
3762,-10.6,0.0,-8.7,3.0,2.8
3763,-9.4,0.0,-7.7,4.2,3.6
3764,-25.2,0.0,-22.4,5.5,4.4
3765,-23.2,9.2,-20.8,6.0,4.7
3766,-22.1,15.6,-19.8,6.6,5.2
3767,-22.0,15.8,-19.7,6.7,5.3
3768,-4.6,17.6,7.2,7.0,5.5
3769,6.8,15.3,7.2,6.9,5.4
3770,6.9,15.5,7.3,7.0,5.5
3771,6.9,15.4,7.2,6.9,5.5
3772,6.8,15.3,7.2,6.9,5.5
3773,6.9,15.5,7.3,7.0,5.5
3774,6.2,13.1,6.7,6.3,5.0
3775,6.0,11.9,6.5,6.0,4.8
3776,4.3,5.0,4.9,3.9,3.2
3777,3.5,2.0,4.3,-9.5,-5.4
3778,3.5,1.5,4.5,-9.5,-5.4
3779,3.1,0.0,4.1,-9.9,-5.7
3780,2.9,0.0,4.0,-10.2,-5.9
3781,2.1,0.0,-7.4,-4.8,-2.5
3782,2.3,0.0,-7.5,-11.0,-6.5
3783,1.4,0.0,-8.4,-12.4,-7.3
3784,1.8,0.0,-8.8,-12.2,-7.2
3785,2.4,0.0,-8.5,-11.8,-6.8
3786,3.4,0.0,-7.9,3.4,3.1
3787,3.5,0.0,-7.4,2.9,3.2
3788,5.0,0.0,-22.3,5.4,4.4
3789,6.2,10.8,-20.3,6.5,5.1
3790,6.6,16.0,-19.6,6.8,5.4
3791,6.6,16.1,-19.6,6.8,5.4
3792,6.7,16.4,7.2,7.0,5.5
3793,7.7,17.4,8.1,7.9,6.2
3794,7.7,17.5,8.1,7.9,6.2
3795,8.1,18.4,8.5,8.3,6.6
3796,8.6,19.6,9.0,8.8,7.0
3797,8.7,19.8,9.2,9.0,7.1
3798,6.9,13.9,7.4,7.0,5.5
3799,4.9,6.3,5.2,4.6,3.5
3800,3.9,1.9,4.3,3.4,2.6
3801,2.8,0.0,3.6,-10.3,-6.1
3802,1.4,0.0,2.4,-11.8,-7.2
3803,0.1,0.0,1.4,-13.4,-8.5
3804,0.3,0.0,1.9,-13.4,-8.4
3805,-2.3,0.0,-11.2,-8.2,-5.2
3806,-3.3,0.0,-12.2,-15.3,-9.9
3807,-4.3,0.0,-13.4,-16.6,-10.5
3808,-17.7,0.0,-14.4,-18.2,-11.1
3809,-19.1,0.0,-15.9,-19.2,-11.6
3810,-20.5,0.0,-17.1,-6.3,0.3
3811,-21.2,0.0,-17.6,-6.0,1.2
3812,-39.8,0.0,-34.3,3.0,2.9
3813,-36.8,0.0,-31.8,4.4,4.0
3814,-33.7,0.0,-29.2,5.5,4.7
3815,-30.7,0.0,-26.6,6.2,5.2
3816,-9.5,0.0,6.4,6.6,5.4
3817,7.4,0.0,7.9,7.9,6.4
3818,7.6,8.0,8.0,7.8,6.2
3819,8.2,18.5,8.5,8.3,6.5
3820,8.9,20.2,9.3,9.1,7.1
3821,8.9,20.1,9.3,9.1,7.1
3822,6.8,13.5,7.2,6.8,5.3
3823,4.7,6.1,5.0,4.4,3.3
3824,3.2,0.1,3.5,2.6,1.9
3825,1.6,0.0,2.1,1.0,0.7
3826,0.2,0.0,1.1,-0.6,-0.4
3827,-1.6,0.0,0.6,-1.7,-1.1
3828,-3.3,0.0,0.1,-2.9,-2.1
3829,-4.6,0.0,-13.9,-3.7,-2.7
3830,-5.1,0.0,-14.5,-3.7,-2.7
3831,-6.0,0.0,-15.6,-4.5,-3.2
3832,-19.2,0.0,-16.4,-4.6,-3.3
3833,-20.4,0.0,-17.5,-5.8,-3.8
3834,-22.3,0.0,-18.7,-9.1,-4.6
3835,-24.1,0.0,-20.1,-8.9,-4.6
3836,-43.6,0.0,-37.6,1.6,2.0
3837,-40.3,0.0,-34.8,3.7,3.5
3838,-37.5,0.0,-32.4,4.4,4.0
3839,-34.6,0.0,-29.9,5.2,4.5
3840,-12.8,0.0,5.2,5.6,4.8
3841,5.2,0.0,5.8,6.0,4.9
3842,6.6,0.0,7.1,7.2,5.8
3843,7.2,0.0,7.6,7.5,6.0
3844,8.0,16.7,8.3,8.1,6.3
3845,8.1,18.1,8.4,8.2,6.4
3846,6.1,11.9,6.5,6.0,4.7
3847,3.5,2.9,3.7,3.0,2.2
3848,2.0,0.0,2.3,1.3,0.9
3849,1.1,0.0,1.8,0.5,0.5
3850,-0.9,0.0,0.6,-1.2,-0.9
3851,-2.1,0.0,0.3,-2.1,-1.5
3852,-4.3,0.0,-2.8,-3.9,-2.9
3853,-6.1,0.0,-15.2,-5.0,-3.7
3854,-3.8,0.0,-13.9,0.4,0.8
3855,-4.0,0.0,-13.8,0.0,0.6
3856,-15.1,0.0,-12.9,2.2,2.1
3857,-14.9,0.0,-12.7,2.0,2.0
3858,-13.2,0.0,-11.2,3.5,3.1
3859,-12.3,0.0,-10.4,3.5,3.1
3860,-29.0,0.0,-25.5,4.5,3.8
3861,-27.1,0.0,-24.0,5.1,4.2
3862,-25.2,0.0,-22.5,5.4,4.3
3863,-23.5,8.3,-21.1,5.7,4.5
3864,-5.5,13.7,6.3,6.0,4.7
3865,6.3,14.1,6.7,6.3,4.9
3866,6.4,14.4,6.8,6.4,5.0
3867,6.4,14.2,6.7,6.3,5.0
3868,6.7,15.1,7.1,6.8,5.3
3869,7.2,16.0,7.5,7.2,5.7
3870,6.3,13.2,6.7,6.3,4.9
3871,5.9,12.2,6.4,5.9,4.7
3872,4.0,2.0,4.3,3.3,2.5
3873,2.7,0.0,3.3,-10.5,-6.4
3874,2.4,0.0,3.3,-10.8,-6.5
3875,1.2,0.0,2.4,-12.2,-7.5
3876,0.7,0.0,2.0,-13.0,-8.1
3877,1.8,0.0,-9.2,-5.5,-3.3
3878,1.3,0.0,-9.6,-12.5,-7.8
3879,1.7,0.0,-9.6,-12.2,-7.6
3880,2.6,0.0,-8.9,-11.3,-6.9
3881,1.4,0.0,-9.8,-13.2,-7.8
3882,2.7,0.0,-9.1,2.4,2.6
3883,3.6,0.0,-8.2,3.8,3.4
3884,5.1,0.0,-22.7,5.6,4.5
3885,5.7,5.2,-21.1,6.0,4.8
3886,6.2,14.7,-20.0,6.4,5.0
3887,6.5,15.6,-19.7,6.7,5.2
3888,6.6,16.0,7.0,6.8,5.3
3889,7.4,16.8,7.8,7.5,5.9
3890,7.9,17.8,8.2,8.0,6.3
3891,7.6,17.3,8.0,7.8,6.1
3892,7.2,16.3,7.6,7.3,5.8
3893,6.9,15.5,7.3,7.0,5.6
3894,6.9,14.7,7.3,6.9,5.5
3895,5.0,7.1,5.4,4.7,3.6
3896,4.3,4.8,4.9,4.0,3.2
3897,3.1,0.0,3.9,-9.9,-5.8
3898,3.4,1.3,4.4,-9.5,-5.4
3899,2.6,0.0,3.6,-10.4,-6.0
3900,1.3,0.0,2.5,-11.9,-7.2
3901,1.1,0.0,-8.9,-5.9,-3.5
3902,0.6,0.0,-9.7,-13.0,-8.1
3903,1.1,0.0,-9.8,-12.6,-7.8
3904,2.1,0.0,-9.3,-11.4,-7.0
3905,4.2,0.0,-7.3,-8.9,-5.2
3906,4.7,0.0,-6.2,5.0,4.1
3907,4.0,5.8,-6.1,4.1,3.3
3908,4.5,8.7,-21.6,4.7,3.8
3909,5.3,11.4,-20.9,5.5,4.3
3910,5.4,12.1,-20.7,5.7,4.5
3911,5.6,12.8,-20.5,5.9,4.7
3912,5.8,13.4,6.3,6.0,4.8
3913,6.2,14.0,6.6,6.3,5.0
3914,6.4,14.5,6.8,6.5,5.2
3915,6.5,14.6,6.9,6.6,5.2
3916,6.4,14.4,6.8,6.5,5.2
3917,6.3,14.3,6.8,6.5,5.2
3918,5.4,10.5,5.9,5.4,4.3
3919,6.4,13.2,6.9,6.4,5.2
3920,5.6,9.5,6.2,5.5,4.4
3921,5.0,8.8,5.7,-7.6,-4.0
3922,3.6,1.7,4.6,-9.4,-5.2
3923,0.6,0.0,1.9,-12.7,-7.8
3924,0.6,0.0,2.1,-12.9,-8.0
3925,0.2,0.0,-10.1,-7.1,-4.4
3926,0.5,0.0,-10.4,-13.4,-8.4
3927,0.9,0.0,-10.7,-13.2,-8.3
3928,-15.0,0.0,-12.2,-16.1,-9.8
3929,-16.6,0.0,-13.8,-18.1,-10.6
3930,-18.0,0.0,-14.9,-5.2,0.5
3931,-19.2,0.0,-15.9,-5.2,0.9
3932,-37.4,0.0,-32.3,3.0,2.9
3933,-33.9,0.0,-29.3,5.2,4.5
3934,-30.6,0.0,-26.5,6.3,5.3
3935,-27.8,0.0,-24.2,6.8,5.6
3936,-6.9,0.0,7.3,7.4,6.0
3937,7.4,10.2,7.8,7.6,6.0
3938,8.1,18.3,8.4,8.2,6.4
3939,8.5,19.2,8.8,8.6,6.8
3940,8.7,19.7,9.1,8.9,7.0
3941,8.1,18.1,8.5,8.2,6.5
3942,6.1,12.1,6.6,6.1,4.8
3943,3.9,4.3,4.3,3.6,2.7
3944,2.2,0.0,2.4,1.5,1.0
3945,0.6,0.0,1.1,-12.8,-8.3
3946,-1.6,0.0,-0.8,-14.6,-9.5
3947,-3.6,0.0,-2.3,-16.2,-10.7
3948,-5.1,0.0,-3.5,-17.2,-11.5
3949,-6.7,0.0,-15.9,-11.8,-8.2
3950,-7.9,0.0,-17.2,-19.0,-12.9
3951,-9.4,0.0,-18.6,-20.8,-13.9
3952,-10.8,0.0,-20.3,-22.6,-14.7
3953,-11.7,0.0,-21.7,-23.2,-15.1
3954,-12.2,0.0,-22.3,-9.5,-6.0
3955,-12.9,0.0,-22.9,-9.4,-5.9
3956,-10.9,0.0,-39.9,1.2,1.7
3957,0.6,0.0,-37.3,3.0,3.0
3958,2.6,0.0,-34.0,4.8,4.4
3959,3.8,0.0,-31.1,5.7,5.0
3960,4.5,0.0,5.4,6.0,5.1
3961,5.7,0.0,6.4,6.7,5.6
3962,6.5,0.0,7.1,7.3,5.9
3963,7.2,0.0,7.7,7.7,6.1
3964,7.4,8.4,7.7,7.6,6.0
3965,7.4,16.5,7.8,7.5,5.9
3966,5.1,9.3,5.4,4.9,3.8
3967,3.0,1.6,3.2,2.5,1.7
3968,1.3,0.0,1.4,0.4,0.1
3969,-0.8,0.0,-0.5,-14.2,-9.4
3970,-3.2,0.0,-2.4,-16.1,-10.8
3971,-3.7,0.0,-2.4,-17.0,-11.1
3972,-4.7,0.0,-2.9,-17.8,-11.6
3973,-5.7,0.0,-14.6,-11.9,-7.8
3974,-5.0,0.0,-14.5,-17.6,-11.3
3975,-5.4,0.0,-15.3,-17.9,-11.5
3976,-18.1,0.0,-14.8,-16.9,-10.8
3977,-23.0,0.0,-20.2,-17.9,-12.8
3978,-21.6,0.0,-18.9,1.4,1.7
3979,-20.6,0.0,-18.0,1.6,1.8
3980,-39.6,0.0,-34.6,2.0,2.0
3981,-37.8,0.0,-33.1,2.6,2.5
3982,-36.1,0.0,-31.6,3.0,2.7
3983,-34.8,0.0,-30.7,2.8,2.5
3984,-14.4,0.0,2.9,3.1,2.7
3985,2.5,0.0,3.1,3.1,2.7
3986,3.0,0.0,3.6,3.5,2.9
3987,3.4,0.0,3.8,3.7,3.0
3988,3.8,0.0,4.2,4.0,3.2
3989,4.5,0.0,4.9,4.5,3.6
3990,3.4,3.2,3.7,3.1,2.3
3991,2.5,1.1,2.8,1.9,1.4
3992,2.4,0.4,2.8,1.7,1.4
3993,0.7,0.0,1.4,0.1,0.1
3994,-1.4,0.0,-0.6,-2.0,-1.5
3995,-2.8,0.0,-1.7,-2.9,-2.2
3996,-4.1,0.0,-3.0,-3.7,-2.8
3997,-4.0,0.0,-13.2,-4.2,-2.8
3998,-4.5,0.0,-13.7,-4.5,-2.9
3999,-5.1,0.0,-14.4,-5.4,-3.1
4000,-22.9,0.0,-19.9,-7.0,-5.4
4001,-22.6,0.0,-20.0,-5.1,-4.4
4002,-22.0,0.0,-19.4,0.0,0.6
4003,-21.7,0.0,-19.2,0.1,0.7
4004,-41.1,0.0,-36.1,0.7,1.1
4005,-39.6,0.0,-34.8,1.4,1.5
4006,-38.5,0.0,-33.9,1.5,1.6
4007,-37.6,0.0,-33.2,1.5,1.5
4008,-17.6,0.0,1.0,1.3,1.4
4009,0.8,0.0,1.5,1.7,1.7
4010,1.1,0.0,1.7,1.8,1.7
4011,1.2,0.0,1.8,1.8,1.7
4012,1.5,0.0,2.0,1.9,1.7
4013,1.7,0.0,2.2,2.0,1.8
4014,1.9,0.0,2.3,2.1,1.7
4015,1.8,0.0,2.2,1.8,1.5
4016,1.5,0.0,1.9,1.4,1.2
4017,0.8,0.0,1.4,0.7,0.7
4018,-1.6,0.0,0.4,-1.4,-1.1
4019,-2.9,0.0,-2.1,-2.5,-2.0
4020,-4.2,0.0,-3.3,-3.7,-2.9
4021,-2.8,0.0,-12.7,-2.9,-1.9
4022,-5.5,0.0,-15.9,-3.9,-3.2
4023,-5.6,0.0,-16.1,-3.6,-3.0
4024,-17.6,0.0,-15.5,-2.6,0.3
4025,-18.2,0.0,-16.1,-3.0,0.1
4026,-18.3,0.0,-16.2,-2.9,0.3
4027,-19.0,0.0,-16.8,-3.5,0.0
4028,-37.9,0.0,-33.5,0.5,0.8
4029,-36.9,0.0,-32.7,1.1,1.2
4030,-36.1,0.0,-32.0,1.3,1.3
4031,-35.1,0.0,-31.2,1.7,1.6
4032,-15.4,0.0,1.7,1.8,1.7
4033,1.4,0.0,2.0,2.0,1.8
4034,1.8,0.0,2.3,2.2,2.0
4035,2.3,0.0,2.8,2.7,2.2
4036,3.2,0.0,3.6,3.4,2.8
4037,3.5,0.0,3.9,3.6,2.9
4038,3.6,0.0,3.9,3.5,2.7
4039,3.0,0.0,3.3,2.6,2.0
4040,0.8,0.0,1.0,-0.2,-0.3
4041,-1.4,0.0,-1.1,-14.9,-10.1
4042,-3.1,0.0,-2.4,-16.6,-11.1
4043,-4.4,0.0,-3.2,-17.8,-11.8
4044,-5.4,0.0,-3.7,-18.6,-12.3
4045,-6.7,0.0,-15.6,-13.0,-8.6
4046,-7.3,0.0,-16.0,-20.0,-13.0
4047,-7.8,0.0,-16.9,-21.3,-13.4
4048,-8.1,0.0,-17.6,-22.2,-13.6
4049,-8.1,0.0,-17.9,-22.5,-13.3
4050,-8.2,0.0,-18.0,-8.6,-3.7
4051,-8.0,0.0,-17.8,-7.8,-2.9
4052,-5.9,0.0,-35.6,-2.9,-1.2
4053,-17.4,0.0,-47.9,-8.9,0.0
4054,-15.0,0.0,-45.5,0.4,1.2
4055,-13.2,0.0,-43.4,1.1,1.6
4056,-11.5,0.0,0.5,1.7,2.0
4057,0.1,0.0,1.2,2.2,2.4
4058,0.6,0.0,1.7,2.5,2.5
4059,1.7,0.0,2.6,3.3,3.1
4060,2.1,0.0,3.0,3.5,3.1
4061,2.4,0.0,3.2,3.5,3.1
4062,1.1,0.0,1.7,1.8,1.5
4063,-4.6,0.0,-4.5,-2.7,-2.8
4064,-6.1,0.0,-6.1,-4.6,-4.3
4065,-3.9,0.0,-3.3,-17.0,-11.5
4066,-5.8,0.0,-4.8,-18.8,-12.6
4067,-7.7,0.0,-6.1,-20.6,-13.8
4068,-8.6,0.0,-6.5,-21.3,-14.2
4069,-10.2,0.0,-19.3,-15.8,-10.6
4070,-10.8,0.0,-19.7,-22.9,-15.1
4071,-11.2,0.0,-20.5,-24.2,-15.4
4072,-11.5,0.0,-21.2,-25.1,-15.5
4073,-11.8,0.0,-21.8,-25.7,-15.5
4074,-11.9,0.0,-22.0,-11.5,-5.6
4075,-11.9,0.0,-22.0,-10.9,-4.9
4076,-9.4,0.0,-40.4,-5.3,-2.8
4077,-7.3,0.0,-38.4,-3.1,-1.2
4078,-5.7,0.0,-36.6,-1.6,-0.1
4079,-21.1,0.0,-52.8,-10.7,0.1
4080,-19.2,0.0,-18.3,-9.4,0.7
4081,-17.3,0.0,-16.6,-8.4,0.9
4082,-14.7,0.0,-14.1,1.2,1.8
4083,-13.1,0.0,-12.5,1.3,1.8
4084,-12.0,0.0,-11.5,0.9,1.4
4085,-11.2,0.0,-10.7,0.5,1.0
4086,-11.2,0.0,-10.7,-6.0,-5.5
4087,-3.7,0.0,-3.0,-2.6,-1.8
4088,-5.6,0.0,-4.9,-4.8,-3.6
4089,-7.9,0.0,-7.0,-20.6,-14.1
4090,-9.0,0.0,-7.5,-21.5,-14.4
4091,-10.9,0.0,-8.9,-23.2,-15.6
4092,-12.4,0.0,-9.9,-24.5,-16.5
4093,-13.1,0.0,-22.6,-18.0,-12.0
4094,-14.0,0.0,-23.3,-25.6,-17.0
4095,-14.4,0.0,-24.0,-26.7,-17.2
4096,-31.2,0.0,-24.8,-27.8,-17.5
4097,-31.9,0.0,-25.4,-27.5,-17.2
4098,-31.9,0.0,-25.2,-10.9,-6.3
4099,-32.7,0.0,-25.4,-12.2,-6.1
4100,-56.5,0.0,-43.5,-5.8,-2.9
4101,-54.0,0.0,-41.4,-3.8,-1.4
4102,-51.8,0.0,-39.8,-2.6,-0.6
4103,-50.2,0.0,-38.8,-2.2,-0.4
4104,-41.9,0.0,-24.0,-12.7,0.0
4105,-23.5,0.0,-22.7,-12.2,-11.1
4106,-21.1,0.0,-20.4,-10.6,0.4
4107,-19.1,0.0,-18.4,-9.4,0.7
4108,-17.4,0.0,-16.8,-8.6,0.7
4109,-15.6,0.0,-15.0,0.2,1.0
4110,-14.1,0.0,-13.5,0.3,1.0
4111,-13.4,0.0,-12.8,-6.9,0.3
4112,-14.0,0.0,-13.4,-8.2,-7.4
4113,-5.1,0.0,-3.7,-17.2,-11.2
4114,-5.5,0.0,-3.9,-17.7,-11.5
4115,-7.1,0.0,-5.3,-19.4,-12.7
4116,-8.4,0.0,-6.2,-20.7,-13.6
4117,-9.3,0.0,-18.8,-14.4,-9.4
4118,-9.8,0.0,-19.1,-21.8,-14.2
4119,-9.7,0.0,-19.5,-22.1,-14.1
4120,-9.8,0.0,-19.9,-22.8,-14.1
4121,-9.4,0.0,-19.8,-22.5,-13.7
4122,-8.8,0.0,-19.4,-7.2,-3.4
4123,-8.2,0.0,-18.6,-6.7,-2.5
4124,-22.0,0.0,-53.8,-11.7,-10.5
4125,-19.9,0.0,-51.5,-10.0,0.4
4126,-17.3,0.0,-48.6,0.6,1.4
4127,-15.2,0.0,-46.2,1.3,1.8
4128,-13.1,0.0,0.5,2.0,2.2
4129,0.2,0.0,1.3,2.5,2.6
4130,1.0,0.0,1.9,3.0,2.9
4131,1.7,0.0,2.6,3.4,3.1
4132,2.5,0.0,3.3,4.0,3.5
4133,2.8,0.0,3.5,4.0,3.4
4134,2.4,0.0,3.0,3.2,2.7
4135,-4.6,0.0,0.5,0.3,0.3
4136,-6.0,0.0,-5.8,-4.3,-4.0
4137,-7.7,0.0,-7.4,-19.1,-13.7
4138,-4.5,0.0,-3.4,-17.5,-11.7
4139,-5.6,0.0,-4.1,-18.6,-12.3
4140,-6.5,0.0,-4.6,-19.3,-12.8
4141,-7.5,0.0,-16.7,-13.3,-8.8
4142,-7.4,0.0,-16.9,-19.9,-13.0
4143,-8.4,0.0,-17.7,-21.6,-13.6
4144,-23.2,0.0,-18.4,-22.3,-13.7
4145,-23.8,0.0,-18.8,-22.6,-13.5
4146,-24.3,0.0,-19.0,-8.5,-3.8
4147,-24.8,0.0,-19.1,-7.9,-3.2
4148,-47.2,0.0,-37.4,-3.3,-1.5
4149,-45.2,0.0,-35.8,-1.8,-0.3
4150,-58.1,0.0,-50.0,-9.3,0.4
4151,-55.0,0.0,-47.3,0.5,1.3
4152,-29.3,0.0,-13.5,1.4,1.9
4153,-12.3,0.0,0.5,1.7,2.1
4154,-11.1,0.0,0.4,1.5,1.8
4155,0.1,0.0,1.1,2.0,2.1
4156,0.7,0.0,1.6,2.4,2.3
4157,1.1,0.0,1.9,2.5,2.3
4158,-7.1,0.0,0.1,0.4,0.6
4159,-8.2,0.0,-8.0,-5.2,-4.8
4160,-4.0,0.0,-3.6,-3.8,-2.9
4161,-5.8,0.0,-5.1,-5.5,-4.1
4162,-7.3,0.0,-6.1,-6.8,-4.9
4163,-8.8,0.0,-7.1,-8.0,-5.6
4164,-9.7,0.0,-7.5,-8.6,-5.9
4165,-10.7,0.0,-20.1,-9.2,-6.2
4166,-11.5,0.0,-20.6,-9.7,-6.4
4167,-11.8,0.0,-21.3,-10.6,-6.5
4168,-27.9,0.0,-22.2,-11.6,-6.6
4169,-28.3,0.0,-22.5,-11.0,-6.1
4170,-28.4,0.0,-22.5,-9.1,-5.1
4171,-28.4,0.0,-22.3,-8.5,-4.5
4172,-52.7,0.0,-41.4,-5.7,-3.1
4173,-50.2,0.0,-39.3,-3.5,-1.4
4174,-49.1,0.0,-38.6,-3.1,-1.2
4175,-64.0,0.0,-54.9,-11.7,-10.6
4176,-37.3,0.0,-20.3,-10.7,0.2
4177,-19.6,0.0,-18.9,-9.9,0.3
4178,-17.6,0.0,-17.0,-8.7,0.6
4179,-15.7,0.0,-15.2,0.2,1.0
4180,-14.2,0.0,-13.7,0.4,1.0
4181,-12.5,0.0,-12.0,0.8,1.3
4182,-12.5,0.0,-12.0,-6.5,0.1
4183,-4.7,0.0,-3.8,-3.4,-2.2
4184,-6.5,0.0,-5.7,-5.6,-3.9
4185,-8.8,0.0,-7.6,-7.8,-5.6
4186,-10.3,0.0,-8.8,-9.1,-6.4
4187,-11.3,0.0,-9.3,-9.8,-6.8
4188,-12.3,0.0,-10.0,-10.6,-7.2
4189,-11.7,0.0,-22.2,-9.6,-6.3
4190,-12.5,0.0,-22.9,-10.1,-6.7
4191,-13.6,0.0,-23.7,-11.5,-7.3
4192,-30.7,0.0,-24.5,-13.1,-7.7
4193,-31.2,0.0,-24.8,-12.4,-7.1
4194,-31.4,0.0,-24.7,-11.5,-6.2
4195,-30.6,0.0,-23.8,-9.4,-4.8
4196,-56.1,0.0,-43.6,-6.5,-3.5
4197,-53.3,0.0,-41.2,-4.0,-1.7
4198,-51.5,0.0,-39.8,-3.0,-1.0
4199,-50.4,0.0,-39.3,-3.0,-1.1
4200,-23.2,0.0,-4.4,-2.1,-0.5
4201,-23.2,0.0,-22.5,-12.1,-11.0
4202,-5.3,0.0,-3.7,-1.8,-0.4
4203,-19.8,0.0,-19.2,-10.2,0.0
4204,-18.1,0.0,-17.5,-9.3,0.2
4205,-16.8,0.0,-16.3,-8.7,0.1
4206,-15.6,0.0,-15.1,-8.2,0.0
4207,-14.7,0.0,-14.2,-7.9,-7.2
4208,-14.0,0.0,-13.5,-7.7,-7.0
4209,-12.9,0.0,-12.4,-20.4,-15.2
4210,-12.9,0.0,-12.3,-20.9,-15.5
4211,-12.8,0.0,-12.1,-21.1,-15.6
4212,-12.4,0.0,-11.6,-20.7,-15.3
4213,-12.3,0.0,-23.5,-14.1,-10.9
4214,-12.2,0.0,-23.4,-20.7,-15.3
4215,-12.7,0.0,-23.7,-21.3,-15.7
4216,-12.7,0.0,-23.7,-21.5,-15.8
4217,-12.7,0.0,-23.7,-21.7,-15.7
4218,-12.6,0.0,-23.6,-8.2,-6.6
4219,-11.2,0.0,-22.5,-5.8,0.4
4220,-10.0,0.0,-39.3,0.5,0.9
4221,-8.4,0.0,-37.6,1.5,1.6
4222,0.7,0.0,-35.8,2.3,2.1
4223,1.5,0.0,-33.9,2.8,2.5
4224,2.3,0.0,3.0,3.5,2.9
4225,3.1,0.0,3.6,3.9,3.3
4226,3.7,0.0,4.2,4.3,3.5
4227,4.0,0.0,4.3,4.3,3.4
4228,4.4,0.0,4.6,4.5,3.6
4229,4.4,0.0,4.6,4.3,3.3
4230,4.3,0.0,4.5,4.0,3.0
4231,3.2,0.0,3.3,2.5,1.7
4232,2.5,0.0,2.6,1.5,1.0
4233,0.7,0.0,1.1,-13.0,-8.5
4234,-1.7,0.0,-1.2,-15.1,-10.2
4235,-3.9,0.0,-3.0,-16.9,-11.5
4236,-6.2,0.0,-4.7,-18.6,-12.8
4237,-4.8,0.0,-13.8,-11.5,-7.6
4238,-5.4,0.0,-14.1,-18.4,-11.9
4239,-5.8,0.0,-15.0,-19.5,-12.2
4240,-5.8,0.0,-15.5,-19.7,-12.1
4241,-5.9,0.0,-15.8,-20.6,-12.1
4242,-5.3,0.0,-15.3,-5.6,-2.2
4243,-15.8,0.0,-26.0,-12.6,-8.0
4244,-14.3,0.0,-44.0,-7.3,0.1
4245,-12.4,0.0,-42.1,0.5,1.1
4246,-10.5,0.0,-40.1,1.5,1.8
4247,0.2,0.0,-38.0,2.2,2.3
4248,1.1,0.0,2.1,3.0,2.8
4249,2.1,0.0,2.9,3.5,3.2
4250,2.8,0.0,3.5,4.0,3.5
4251,3.4,0.0,4.0,4.4,3.7
4252,4.0,0.0,4.5,4.7,3.9
4253,4.5,0.0,4.9,4.9,4.0
4254,3.7,0.0,4.0,3.8,2.9
4255,2.4,0.0,2.5,2.0,1.3
4256,1.0,0.0,1.1,0.3,0.0
4257,-2.7,0.0,-2.5,-15.6,-10.8
4258,-4.9,0.0,-4.3,-17.3,-12.0
4259,-7.2,0.0,-6.1,-19.2,-13.4
4260,-5.2,0.0,-3.4,-18.3,-12.0
4261,-6.2,0.0,-15.2,-12.4,-8.2
4262,-6.5,0.0,-15.3,-19.2,-12.4
4263,-6.2,0.0,-15.4,-19.5,-12.1
4264,-19.9,0.0,-15.7,-19.6,-11.9
4265,-20.3,0.0,-16.0,-20.0,-11.8
4266,-20.9,0.0,-16.2,-6.4,-2.4
4267,-33.1,0.0,-28.6,-13.3,-9.1
4268,-54.5,0.0,-46.8,-8.3,0.3
4269,-51.8,0.0,-44.6,0.7,1.3
4270,-49.2,0.0,-42.4,1.5,1.9
4271,-46.6,0.0,-40.3,2.1,2.3
4272,-22.7,0.0,1.7,2.8,2.7
4273,1.6,0.0,2.6,3.4,3.2
4274,2.5,0.0,3.3,4.0,3.5
4275,3.2,0.0,4.0,4.5,3.8
4276,4.5,0.0,5.1,5.5,4.6
4277,4.9,0.0,5.5,5.7,4.6
4278,3.4,0.0,3.8,3.7,2.9
4279,1.7,0.0,1.9,1.5,0.9
4280,0.2,0.0,0.3,-1.5,-1.7
4281,-4.0,0.0,-3.8,-16.5,-11.6
4282,-5.5,0.0,-4.9,-17.6,-12.3
4283,-8.0,0.0,-6.9,-19.7,-13.8
4284,-5.6,0.0,-3.7,-18.7,-12.3
4285,-5.9,0.0,-15.2,-12.0,-7.9
4286,-7.0,0.0,-15.9,-19.7,-12.7
4287,-7.8,0.0,-17.0,-21.1,-13.3
4288,-7.9,0.0,-17.4,-21.8,-13.3
4289,-8.0,0.0,-17.9,-22.4,-13.2
4290,-7.7,0.0,-17.7,-7.4,-3.3
4291,-7.5,0.0,-17.4,-7.1,-2.6
4292,-5.6,0.0,-35.2,-2.5,-1.0
4293,-17.1,0.0,-47.6,-8.7,0.1
4294,-15.4,0.0,-45.7,-7.4,0.7
4295,-13.5,0.0,-43.7,0.7,1.3
4296,-11.8,0.0,0.2,1.4,1.8
4297,-9.9,0.0,0.9,1.9,2.2
4298,0.4,0.0,1.5,2.3,2.4
4299,0.8,0.0,1.7,2.4,2.4
4300,1.2,0.0,2.0,2.6,2.5
4301,2.0,0.0,2.7,3.2,2.8
4302,2.3,0.0,3.0,3.3,2.8
4303,2.0,0.0,2.7,2.6,2.3
4304,0.8,0.0,1.5,0.9,0.9
4305,-3.7,0.0,0.6,-15.1,-10.3
4306,0.4,0.0,1.3,-14.3,-9.7
4307,-3.7,0.0,0.6,-15.0,-10.2
4308,-4.7,0.0,-3.1,-18.0,-11.8
4309,-6.5,0.0,-15.4,-13.0,-8.6
4310,-7.4,0.0,-16.2,-20.2,-13.2
4311,-6.6,0.0,-16.4,-19.4,-12.6
4312,-18.7,0.0,-15.3,-17.0,-10.9
4313,-20.4,0.0,-16.5,-19.8,-12.2
4314,-19.4,0.0,-15.6,-3.2,-1.6
4315,-18.7,0.0,-15.0,-2.2,-0.9
4316,-39.7,0.0,-32.7,-1.3,-0.3
4317,-48.7,0.0,-42.4,-6.5,0.2
4318,-47.3,0.0,-41.3,-5.8,0.5
4319,-46.3,0.0,-40.4,-5.4,0.5
4320,-22.5,0.0,1.0,1.8,2.0
4321,0.5,0.0,1.4,2.1,2.1
4322,0.9,0.0,1.7,2.2,2.2
4323,1.1,0.0,1.9,2.3,2.1
4324,1.5,0.0,2.1,2.4,2.2
4325,1.8,0.0,2.3,2.5,2.2
4326,1.8,0.0,2.3,2.4,2.1
4327,1.7,0.0,2.2,2.1,1.8
4328,0.8,0.0,1.3,0.8,0.8
4329,-4.4,0.0,-3.8,-3.7,-3.2
4330,-6.3,0.0,-5.6,-5.3,-4.4
4331,-4.1,0.0,-2.8,-4.2,-2.9
4332,-4.8,0.0,-3.2,-4.7,-3.1
4333,-8.6,0.0,-19.2,-5.5,-4.7
4334,-4.6,0.0,-14.7,-4.1,-2.6
4335,-5.0,0.0,-14.9,-4.5,-2.7
4336,-16.7,0.0,-13.6,-1.9,-0.9
4337,-20.9,0.0,-18.5,2.0,2.1
4338,-20.0,0.0,-17.6,1.9,1.9
4339,-19.8,0.0,-17.5,1.1,1.3
4340,-38.7,0.0,-34.0,1.5,1.6
4341,-37.0,0.0,-32.6,2.3,2.1
4342,-35.6,0.0,-31.4,2.5,2.2
4343,-34.3,0.0,-30.4,2.6,2.3
4344,-14.2,0.0,2.7,2.8,2.4
4345,2.2,0.0,2.7,2.7,2.3
4346,3.0,0.0,3.4,3.3,2.7
4347,3.7,0.0,4.0,3.9,3.1
4348,4.4,0.0,4.7,4.5,3.5
4349,4.9,0.2,5.1,4.8,3.7
4350,4.6,9.3,4.8,4.2,3.3
4351,4.1,7.7,4.3,3.7,2.8
4352,3.6,5.6,3.9,3.1,2.4
4353,2.2,0.0,2.8,1.7,1.3
4354,-0.2,0.0,0.6,-1.0,-0.8
4355,-2.4,0.0,-1.4,-2.9,-2.2
4356,-4.5,0.0,-3.1,-4.4,-3.4
4357,-6.8,0.0,-15.9,-5.9,-4.6
4358,-4.6,0.0,-13.4,-4.6,-2.9
4359,-5.3,0.0,-14.4,-5.8,-3.3
4360,-18.4,0.0,-14.7,-6.1,-3.1
4361,-18.6,0.0,-14.8,-5.7,-2.5
4362,-27.5,0.0,-24.0,-10.0,-7.1
4363,-28.1,0.0,-24.5,-9.2,-6.7
4364,-48.4,0.0,-41.9,0.0,0.8
4365,-46.2,0.0,-40.1,1.2,1.6
4366,-43.7,0.0,-37.9,2.2,2.3
4367,-41.4,0.0,-35.9,2.8,2.7
4368,-18.7,0.0,2.7,3.4,3.1
4369,2.7,0.0,3.4,4.0,3.5
4370,3.3,0.0,4.0,4.3,3.7
4371,4.0,0.0,4.6,4.8,4.0
4372,4.6,0.0,5.1,5.2,4.2
4373,5.0,0.0,5.4,5.4,4.3
4374,4.9,0.0,5.3,4.9,3.9
4375,3.8,0.0,4.1,3.4,2.6
4376,2.2,0.0,2.4,1.4,1.0
4377,-0.5,0.0,0.4,-13.8,-9.1
4378,-2.7,0.0,-2.0,-15.8,-10.6
4379,-4.8,0.0,-3.8,-17.5,-11.9
4380,-4.4,0.0,-2.9,-17.7,-11.6
4381,-5.9,0.0,-15.1,-12.5,-8.3
4382,-6.5,0.0,-15.6,-19.4,-12.6
4383,-7.1,0.0,-16.4,-20.4,-13.0
4384,-6.9,0.0,-16.8,-19.8,-12.7
4385,-6.5,0.0,-16.8,-19.1,-12.2
4386,-5.1,0.0,-15.7,-3.3,-1.8
4387,-4.1,0.0,-14.8,-2.2,-1.0
4388,-3.6,0.0,-32.3,-1.5,-0.5
4389,-2.7,0.0,-31.5,-0.7,0.1
4390,-10.8,0.0,-40.1,-5.3,0.5
4391,-10.0,0.0,-39.1,0.1,0.7
4392,-8.4,0.0,0.5,1.2,1.5
4393,0.4,0.0,1.3,1.9,1.9
4394,1.1,0.0,1.9,2.4,2.3
4395,1.9,0.0,2.6,3.0,2.7
4396,2.3,0.0,2.9,3.2,2.8
4397,2.6,0.0,3.2,3.3,2.8
4398,2.7,0.0,3.2,3.2,2.7
4399,3.2,0.0,3.6,3.5,2.9
4400,3.3,0.0,3.7,3.4,2.8
4401,2.6,0.0,3.1,-11.0,-6.9
4402,3.4,0.0,3.8,-10.0,-6.1
4403,3.6,0.0,4.0,-9.7,-5.8
4404,3.6,0.2,4.1,-9.5,-5.6
4405,3.6,4.5,-6.6,-3.0,-1.5
4406,3.6,4.6,-6.6,-9.4,-5.5
4407,3.9,5.8,-6.4,-9.0,-5.2
4408,3.8,5.4,-6.4,-9.1,-5.3
4409,4.0,6.2,-6.2,-8.9,-5.1
4410,3.1,1.8,-7.0,2.7,2.2
4411,3.3,1.8,-6.8,2.8,2.4
4412,3.7,4.7,-22.5,3.5,2.7
4413,4.4,7.8,-21.9,4.3,3.3
4414,5.0,10.3,-21.3,5.0,3.9
4415,5.4,11.6,-20.9,5.4,4.2
4416,5.4,11.8,5.8,5.4,4.2
4417,5.7,12.5,6.0,5.6,4.3
4418,6.0,13.3,6.3,5.9,4.6
4419,5.8,12.8,6.1,5.7,4.5
4420,6.3,13.9,6.6,6.2,4.9
4421,6.5,14.2,6.8,6.5,5.1
4422,5.3,10.1,5.6,5.1,3.9
4423,4.2,6.2,4.6,3.9,3.0
4424,4.7,8.7,5.1,4.5,3.6
4425,3.2,2.7,3.8,-9.7,-5.7
4426,2.0,0.0,2.8,-11.0,-6.6
4427,0.4,0.0,1.4,-12.9,-8.1
4428,0.1,0.0,1.1,-13.5,-8.5
4429,-1.2,0.0,-11.0,-7.5,-4.8
4430,-3.1,0.0,-12.2,-15.7,-10.2
4431,-3.8,0.0,-12.9,-16.5,-10.5
4432,-17.1,0.0,-14.3,-17.6,-11.1
4433,-18.3,0.0,-15.5,-17.8,-11.4
4434,-19.8,0.0,-16.7,-6.3,-3.3
4435,-20.3,0.0,-17.3,-4.7,0.8
4436,-39.0,0.0,-34.0,2.0,2.1
4437,-37.3,0.0,-32.7,2.6,2.5
4438,-35.9,0.0,-31.5,2.7,2.5
4439,-34.5,0.0,-30.4,2.9,2.6
4440,-14.2,0.0,2.9,3.1,2.7
4441,2.7,0.0,3.3,3.3,2.9
4442,3.9,0.0,4.4,4.4,3.7
4443,4.8,0.0,5.2,5.1,4.1
4444,5.2,0.0,5.6,5.3,4.2
4445,5.2,7.0,5.5,5.1,4.0
4446,4.6,9.1,5.0,4.4,3.5
4447,3.5,4.1,3.8,3.1,2.4
4448,2.3,0.0,2.5,1.5,1.0
4449,0.7,0.0,1.1,-12.8,-8.3
4450,-1.0,0.0,0.3,-14.2,-9.3
4451,-2.8,0.0,-1.7,-15.6,-10.3
4452,-4.2,0.0,-2.9,-16.6,-11.1
4453,-6.1,0.0,-15.5,-11.5,-8.0
4454,-7.0,0.0,-16.6,-18.4,-12.6
4455,-7.2,0.0,-17.4,-18.1,-12.5
4456,-7.5,0.0,-17.9,-18.0,-12.5
4457,-3.7,0.0,-13.5,-17.4,-10.5
4458,-9.8,0.0,-20.0,-7.6,-5.2
4459,-10.1,0.0,-20.5,-7.1,-5.0
4460,-9.1,0.0,-37.5,-4.4,0.5
4461,-7.8,0.0,-36.3,1.0,1.3
4462,1.1,0.0,-33.9,2.7,2.6
4463,2.4,0.0,-31.6,3.9,3.5
4464,3.3,0.0,4.2,4.6,3.9
4465,4.1,0.0,4.7,4.9,4.1
4466,4.1,0.0,4.6,4.7,3.9
4467,3.9,0.0,4.4,4.3,3.5
4468,4.8,0.0,5.2,5.0,4.0
4469,5.5,2.0,5.8,5.5,4.4
4470,4.3,8.0,4.6,4.0,3.1
4471,2.2,0.7,2.5,1.6,1.2
4472,1.1,0.0,1.4,0.3,0.2
4473,-0.9,0.0,-0.5,-14.4,-9.5
4474,-3.2,0.0,-2.5,-16.3,-10.9
4475,-4.9,0.0,-3.8,-17.4,-11.8
4476,-3.4,0.0,-2.1,-16.6,-10.7
4477,-3.9,0.0,-13.7,-10.4,-6.7
4478,-4.5,0.0,-14.0,-17.4,-11.2
4479,-4.3,0.0,-14.2,-17.1,-10.9
4480,-18.2,0.0,-14.8,-17.9,-11.3
4481,-18.1,0.0,-14.8,-17.0,-10.7
4482,-18.3,0.0,-14.7,-3.6,-1.7
4483,-18.1,0.0,-14.4,-3.1,-1.1
4484,-47.1,0.0,-41.0,-6.0,0.2
4485,-45.4,0.0,-39.5,0.5,1.0
4486,-43.4,0.0,-37.8,1.5,1.8
4487,-40.9,0.0,-35.6,2.6,2.6
4488,-18.2,0.0,2.8,3.5,3.2
4489,2.9,0.0,3.7,4.1,3.6
4490,3.5,0.0,4.2,4.6,3.9
4491,4.1,0.0,4.7,4.9,4.0
4492,4.7,0.0,5.2,5.2,4.2
4493,5.1,0.0,5.5,5.4,4.3
4494,3.8,0.0,4.1,3.7,2.9
4495,2.4,0.0,2.6,1.9,1.4
4496,0.9,0.0,1.0,0.0,-0.5
4497,-1.8,0.0,-1.5,-2.3,-2.0
4498,-4.0,0.0,-3.3,-4.0,-3.2
4499,-3.7,0.0,-2.5,-4.1,-2.9
4500,-4.8,0.0,-3.2,-5.0,-3.4
4501,-4.1,0.0,-13.9,-3.9,-2.5
4502,-4.2,0.0,-14.1,-3.7,-2.3
4503,-5.2,0.0,-15.0,-4.9,-3.0
4504,-19.8,0.0,-16.0,-6.9,-3.8
4505,-19.1,0.0,-15.5,-4.3,-2.3
4506,-19.0,0.0,-15.2,-3.7,-1.7
4507,-19.9,0.0,-15.6,-5.4,-1.9
4508,-50.7,0.0,-43.9,-7.6,-6.7
4509,-48.8,0.0,-42.3,-6.1,0.7
4510,-46.7,0.0,-40.5,1.0,1.4
4511,-44.3,0.0,-38.4,1.9,2.1
4512,-20.9,0.0,2.1,2.9,2.8
4513,1.6,0.0,2.5,3.2,2.9
4514,2.1,0.0,2.9,3.4,3.1
4515,2.6,0.0,3.3,3.6,3.2
4516,2.7,0.0,3.3,3.5,3.0
4517,3.0,0.0,3.5,3.5,3.0
4518,2.4,0.0,2.9,2.7,2.2
4519,1.1,0.0,1.5,1.0,0.9
4520,-2.8,0.0,-2.5,-2.4,-2.1
4521,-2.4,0.0,-1.7,-2.8,-2.1
4522,-4.0,0.0,-3.0,-4.2,-3.0
4523,-5.6,0.0,-4.3,-5.8,-4.1
4524,-7.0,0.0,-5.2,-6.9,-4.7
4525,-8.0,0.0,-17.4,-7.5,-5.1
4526,-8.9,0.0,-18.1,-8.1,-5.3
4527,-8.8,0.0,-18.3,-8.2,-5.0
4528,-23.1,0.0,-18.4,-8.2,-4.6
4529,-23.6,0.0,-18.9,-8.0,-4.3
4530,-23.6,0.0,-18.6,-6.9,-3.4
4531,-23.4,0.0,-18.3,-5.7,-2.6
4532,-45.7,0.0,-36.6,-3.3,-1.5
4533,-44.3,0.0,-35.4,-2.0,-0.6
4534,-43.0,0.0,-34.5,-1.3,-0.1
4535,-54.6,0.0,-47.2,-8.3,0.3
4536,-30.2,0.0,-14.5,-7.4,0.6
4537,-14.0,0.0,-13.4,0.0,0.8
4538,-12.0,0.0,-11.4,0.9,1.4
4539,-10.4,0.0,0.3,1.2,1.6
4540,-9.1,0.0,0.6,1.4,1.7
4541,-8.5,0.0,0.2,0.9,1.2
4542,-7.8,0.0,0.2,0.6,0.9
4543,-7.5,0.0,-7.0,-3.8,0.4
4544,-3.2,0.0,-2.4,-2.7,-1.8
4545,-4.3,0.0,-3.3,-17.0,-11.3
4546,-5.5,0.0,-4.2,-18.2,-12.0
4547,-8.7,0.0,-7.1,-21.5,-14.4
4548,-7.6,0.0,-5.6,-20.1,-13.2
4549,-8.8,0.0,-18.6,-14.4,-9.5
4550,-9.5,0.0,-19.0,-21.7,-14.2
4551,-10.1,0.0,-19.8,-22.7,-14.6
4552,-10.2,0.0,-20.2,-23.1,-14.6
4553,-10.1,0.0,-20.5,-23.0,-14.3
4554,-9.4,0.0,-20.0,-7.3,-4.0
4555,-9.2,0.0,-19.7,-7.2,-3.5
4556,-7.8,0.0,-38.3,-4.4,-2.4
4557,-6.7,0.0,-37.2,-3.2,-1.5
4558,-5.9,0.0,-36.3,-2.5,-1.0
4559,-5.2,0.0,-35.4,-1.9,-0.5
4560,-4.5,0.0,-3.0,-1.4,-0.2
4561,-16.6,0.0,-16.0,-8.6,0.1
4562,-15.2,0.0,-14.6,-7.7,0.3
4563,-13.4,0.0,-12.9,0.0,0.7
4564,-12.0,0.0,-11.5,0.3,0.9
4565,-10.6,0.0,-10.2,0.6,1.0
4566,-9.9,0.0,-9.4,0.2,0.7
4567,-10.1,0.0,-9.6,-5.7,-5.2
4568,-3.5,0.0,-2.7,-2.7,-1.8
4569,-5.8,0.0,-4.7,-18.4,-12.3
4570,-7.6,0.0,-6.3,-20.3,-13.6
4571,-9.2,0.0,-7.5,-21.8,-14.6
4572,-11.2,0.0,-9.0,-23.7,-15.9
4573,-12.4,0.0,-22.1,-17.7,-11.9
4574,-13.2,0.0,-22.6,-25.1,-16.7
4575,-13.6,0.0,-23.4,-26.0,-17.0
4576,-13.5,0.0,-23.6,-26.2,-16.7
4577,-13.2,0.0,-23.7,-25.9,-16.3
4578,-13.0,0.0,-23.6,-10.9,-6.0
4579,-12.4,0.0,-23.1,-9.7,-5.1
4580,-10.8,0.0,-42.3,-6.5,-3.7
4581,-9.6,0.0,-41.2,-5.3,-2.8
4582,-8.7,0.0,-40.2,-4.4,-2.2
4583,-7.9,0.0,-39.2,-3.8,-1.7
4584,-7.0,0.0,-5.1,-3.0,-1.2
4585,-6.0,0.0,-4.3,-2.4,-0.7
4586,-5.3,0.0,-3.8,-2.0,-0.5
4587,-4.7,0.0,-3.2,-1.6,-0.3
4588,-17.7,0.0,-17.2,-9.3,-8.5
4589,-16.3,0.0,-15.7,-8.5,0.1
4590,-15.5,0.0,-14.9,-8.4,-7.6
4591,-4.3,0.0,-3.2,-2.4,-1.3
4592,-5.4,0.0,-4.3,-3.9,-2.6
4593,-7.1,0.0,-5.8,-19.3,-12.9
4594,-8.6,0.0,-7.1,-20.9,-14.0
4595,-10.3,0.0,-8.4,-22.5,-15.1
4596,-12.0,0.0,-9.6,-24.1,-16.1
4597,-12.9,0.0,-22.8,-17.8,-11.9
4598,-13.7,0.0,-23.4,-25.4,-16.9
4599,-14.1,0.0,-24.0,-26.3,-17.1
4600,-30.3,0.0,-24.2,-25.9,-16.7
4601,-28.7,0.0,-22.9,-22.4,-14.6
4602,-28.1,0.0,-22.2,-6.8,-4.0
4603,-26.1,0.0,-20.3,-4.6,-2.3
4604,-50.5,0.0,-39.4,-3.5,-1.5
4605,-49.1,0.0,-38.5,-2.9,-1.1
4606,-47.6,0.0,-37.4,-2.2,-0.6
4607,-62.7,0.0,-53.9,-11.4,-10.4
4608,-36.2,0.0,-19.5,-10.3,0.1
4609,-18.3,0.0,-17.7,-9.1,0.6
4610,-16.2,0.0,-15.7,0.3,1.0
4611,-14.7,0.0,-14.2,0.3,1.0
4612,-12.5,0.0,0.0,1.2,1.6
4613,-11.3,0.0,0.0,1.0,1.4
4614,-10.7,0.0,-10.3,0.3,0.7
4615,-11.7,0.0,-11.4,-7.0,-6.4
4616,-3.8,0.0,-2.8,-2.8,-1.7
4617,-4.9,0.0,-3.7,-17.3,-11.3
4618,-5.6,0.0,-4.2,-18.0,-11.8
4619,-6.4,0.0,-4.9,-18.8,-12.4
4620,-6.8,0.0,-5.3,-19.2,-12.6
4621,-7.3,0.0,-17.8,-12.8,-8.4
4622,-7.8,0.0,-18.2,-20.1,-13.2
4623,-8.9,0.0,-19.2,-21.2,-13.9
4624,-9.0,0.0,-19.3,-21.6,-13.9
4625,-7.6,0.0,-18.3,-19.3,-12.5
4626,-7.7,0.0,-18.2,-6.4,-3.3
4627,-6.6,0.0,-17.4,-4.6,-2.2
4628,-5.0,0.0,-35.1,-2.2,-0.9
4629,-17.1,0.0,-47.8,-9.0,-8.2
4630,-15.5,0.0,-46.1,-7.8,0.3
4631,-13.8,0.0,-44.1,0.3,0.9
4632,-12.0,0.0,-11.4,1.1,1.5
4633,-10.7,0.0,0.1,1.0,1.4
4634,-9.6,0.0,0.1,0.9,1.2
4635,0.2,0.0,1.0,1.7,1.8
4636,0.5,0.0,1.3,1.8,1.8
4637,1.2,0.0,1.8,2.2,2.0
4638,0.7,0.0,1.3,1.5,1.4
4639,-6.2,0.0,-6.0,-3.9,-3.7
4640,-2.6,0.0,-2.2,-2.6,-2.0
4641,-4.5,0.0,-3.8,-17.6,-11.9
4642,-5.7,0.0,-4.7,-18.8,-12.6
4643,-7.2,0.0,-5.7,-20.1,-13.5
4644,-8.2,0.0,-6.3,-21.0,-14.0
4645,-9.3,0.0,-18.8,-15.1,-10.0
4646,-10.2,0.0,-19.6,-22.5,-14.9
4647,-10.3,0.0,-20.0,-23.1,-14.9
4648,-25.8,0.0,-20.7,-23.8,-15.1
4649,-26.7,0.0,-21.5,-24.5,-15.1
4650,-27.4,0.0,-21.7,-10.3,-5.2
4651,-27.2,0.0,-21.3,-8.5,-4.1
4652,-50.8,0.0,-40.1,-4.9,-2.6
4653,-48.9,0.0,-38.5,-3.3,-1.4
4654,-47.1,0.0,-37.1,-2.2,-0.6
4655,-45.9,0.0,-36.3,-1.8,-0.3
4656,-35.6,0.0,-18.9,-9.9,0.3
4657,-18.3,0.0,-17.7,-9.4,0.2
4658,-17.3,0.0,-16.7,-9.0,-8.2
4659,-16.0,0.0,-15.4,-8.4,-7.6
4660,-14.7,0.0,-14.2,-7.7,-7.1
4661,-13.3,0.0,-12.9,-6.9,0.2
4662,-12.0,0.0,-11.5,-6.0,0.4
4663,-10.6,0.0,-10.2,0.2,0.7
4664,-10.7,0.0,-10.2,-6.0,-5.5
4665,-4.2,0.0,-3.0,-3.2,-2.0
4666,-5.3,0.0,-4.0,-4.4,-2.8
4667,-6.3,0.0,-4.7,-5.3,-3.5
4668,-6.8,0.0,-5.0,-5.8,-3.7
4669,-7.1,0.0,-17.2,-5.8,-3.7
4670,-8.0,0.0,-17.7,-6.5,-4.1
4671,-7.9,0.0,-17.9,-6.7,-4.0
4672,-23.6,0.0,-18.5,-8.5,-4.4
4673,-24.2,0.0,-19.1,-8.7,-4.2
4674,-24.2,0.0,-18.8,-7.6,-3.3
4675,-25.2,0.0,-19.1,-9.3,-3.3
4676,-47.8,0.0,-37.5,-3.1,-1.3
4677,-61.7,0.0,-53.0,-11.0,-9.9
4678,-59.6,0.0,-51.3,-10.1,0.1
4679,-56.2,0.0,-48.2,0.6,1.3
4680,-30.7,0.0,-14.7,0.8,1.4
4681,-13.5,0.0,-13.0,1.3,1.7
4682,-11.7,0.0,0.4,1.6,1.9
4683,-10.2,0.0,0.7,1.7,1.9
4684,-9.0,0.0,0.8,1.7,1.8
4685,0.1,0.0,0.9,1.6,1.7
4686,0.0,0.0,0.8,1.3,1.4
4687,-6.9,0.0,0.2,0.4,0.6
4688,-6.6,0.0,0.1,-3.5,0.3
4689,-7.9,0.0,-7.3,-5.2,-4.6
4690,-9.9,0.0,-9.1,-7.2,-6.1
4691,-4.8,0.0,-3.4,-4.4,-2.9
4692,-5.5,0.0,-3.8,-5.0,-3.2
4693,-6.3,0.0,-16.0,-5.5,-3.5
4694,-5.0,0.0,-15.3,-3.9,-2.3
4695,-4.6,0.0,-15.1,-3.3,-1.9
4696,-20.5,0.0,-16.3,-6.2,-3.3
4697,-20.8,0.0,-16.6,-6.4,-3.0
4698,-21.6,0.0,-17.2,-5.7,-2.8
4699,-31.4,0.0,-27.9,-8.9,-7.9
4700,-52.9,0.0,-45.8,-8.1,-7.3
4701,-50.9,0.0,-44.2,-6.9,0.6
4702,-49.1,0.0,-42.7,0.3,0.9
4703,-47.2,0.0,-41.1,0.7,1.2
4704,-24.7,0.0,-10.0,0.6,1.0
4705,-9.7,0.0,-9.2,0.7,1.0
4706,-8.1,0.0,0.7,1.3,1.5
4707,0.9,0.0,1.7,2.2,2.1
4708,1.7,0.0,2.4,2.8,2.5
4709,2.2,0.0,2.8,3.2,2.7
4710,1.8,0.0,2.4,2.4,2.1
4711,0.8,0.0,1.3,1.0,1.0
4712,0.4,0.0,1.0,0.6,0.7
4713,0.3,0.0,0.9,-14.4,-9.8
4714,0.1,0.0,0.9,-14.7,-10.0
4715,-6.0,0.0,-5.1,-17.9,-12.4
4716,-7.3,0.0,-6.2,-18.8,-13.1
4717,-8.5,0.0,-18.5,-13.0,-9.5
4718,-4.5,0.0,-14.1,-17.4,-11.3
4719,-5.4,0.0,-15.0,-18.7,-11.9
4720,-11.8,0.0,-22.1,-22.3,-15.5
4721,-5.0,0.0,-15.1,-18.6,-11.3
4722,-5.0,0.0,-15.1,-5.5,-2.1
4723,-13.4,0.0,-24.3,-8.6,-6.6
4724,-12.2,0.0,-41.6,-6.2,0.3
4725,-10.8,0.0,-40.2,0.4,0.9
4726,-9.2,0.0,-38.4,1.4,1.6
4727,-8.2,0.0,-37.2,1.4,1.6
4728,0.2,0.0,1.1,1.8,1.8
4729,0.8,0.0,1.6,2.1,2.0
4730,1.7,0.0,2.3,2.7,2.5
4731,2.3,0.0,2.9,3.1,2.7
4732,2.7,0.0,3.3,3.4,2.9
4733,2.8,0.0,3.3,3.3,2.7
4734,2.3,0.0,2.8,2.6,2.1
4735,1.9,0.0,2.3,1.9,1.6
4736,1.5,0.0,1.9,1.3,1.1
4737,0.6,0.0,1.3,-13.4,-8.8
4738,-2.7,0.0,-2.0,-15.3,-10.2
4739,-3.0,0.0,0.2,-15.2,-10.2
4740,-4.8,0.0,-3.7,-17.0,-11.5
4741,-3.4,0.0,-13.2,-10.1,-6.6
4742,-3.4,0.0,-13.3,-16.4,-10.6
4743,-8.0,0.0,-18.3,-18.8,-13.2
4744,-8.2,0.0,-18.7,-18.7,-13.2
4745,-8.2,0.0,-18.8,-18.5,-13.0
4746,-7.8,0.0,-18.6,-4.5,-3.8
4747,-7.2,0.0,-18.1,-3.8,0.3
4748,-6.5,0.0,-34.7,0.5,0.8
4749,-5.8,0.0,-34.0,0.9,1.1
4750,0.2,0.0,-33.1,1.3,1.3
4751,0.6,0.0,-32.2,1.6,1.6
4752,1.4,0.0,2.1,2.4,2.1
4753,1.4,0.0,2.0,2.1,1.8
4754,1.8,0.0,2.3,2.3,2.0
4755,2.0,0.0,2.4,2.3,1.9
4756,2.2,0.0,2.6,2.4,2.0
4757,2.4,0.0,2.8,2.5,2.0
4758,2.2,0.0,2.5,2.1,1.7
4759,1.9,0.0,2.3,1.7,1.4
4760,2.2,0.0,2.5,1.9,1.5
4761,2.0,0.0,2.4,-11.2,-7.0
4762,1.6,0.0,2.1,-11.7,-7.3
4763,1.0,0.0,1.6,-12.4,-7.9
4764,1.0,0.0,1.6,-12.5,-7.9
4765,1.5,0.0,-9.6,-5.6,-3.5
4766,1.5,0.0,-9.7,-12.0,-7.6
4767,1.7,0.0,-9.6,-11.7,-7.4
4768,-11.0,0.0,-9.7,-11.8,-7.5
4769,-11.6,0.0,-10.2,-12.3,-7.8
4770,-12.0,0.0,-10.6,1.1,1.0
4771,-12.2,0.0,-10.8,1.2,1.1
4772,-30.4,0.0,-27.5,1.2,1.1
4773,-30.3,0.0,-27.4,1.3,1.1
4774,-30.0,0.0,-27.2,1.5,1.3
4775,-29.7,0.0,-26.8,1.7,1.4
4776,-11.8,0.0,1.9,1.6,1.4
4777,1.5,0.0,1.9,1.5,1.3
4778,1.6,0.0,2.0,1.6,1.3
4779,1.7,0.0,2.0,1.6,1.3
4780,1.8,0.0,2.1,1.6,1.3
4781,1.9,0.0,2.1,1.6,1.3
4782,1.8,1.6,2.1,1.4,1.1
4783,1.6,1.7,1.8,1.1,0.9
4784,1.1,0.0,1.5,0.6,0.5
4785,0.4,0.0,0.9,-12.7,-8.1
4786,-0.4,0.0,0.5,-13.4,-8.6
4787,-0.5,0.0,0.1,-13.7,-8.7
4788,-2.3,0.0,-1.4,-15.6,-10.2
4789,-1.7,0.0,-11.8,-8.2,-5.3
4790,-2.4,0.0,-12.5,-15.3,-9.9
4791,-2.4,0.0,-12.6,-15.2,-9.8
4792,-2.6,0.0,-12.8,-15.3,-9.8
4793,-2.3,0.0,-12.6,-14.9,-9.5
4794,-2.6,0.0,-12.9,-2.1,-1.2
4795,-2.0,0.0,-12.5,-1.4,-0.6
4796,-1.7,0.0,-29.3,-0.8,-0.3
4797,-5.8,0.0,-33.7,0.1,0.4
4798,0.1,0.0,-32.6,1.1,1.2
4799,0.7,0.0,-31.6,1.7,1.6
4800,1.3,0.0,2.0,2.2,1.9
4801,2.0,0.0,2.6,2.6,2.3
4802,2.4,0.0,2.9,2.8,2.4
4803,2.2,0.0,2.7,2.5,2.1
4804,2.7,0.0,3.1,2.8,2.3
4805,3.1,0.0,3.4,3.1,2.5
4806,2.6,0.0,2.9,2.5,2.0
4807,1.7,0.0,2.0,1.3,1.1
4808,0.6,0.0,1.0,0.0,0.1
4809,-1.6,0.0,-1.0,-15.1,-9.9
4810,-4.0,0.0,-3.2,-17.5,-11.7
4811,-5.4,0.0,-4.3,-18.9,-12.6
4812,-6.7,0.0,-5.1,-20.0,-13.3
4813,-7.8,0.0,-17.2,-14.3,-9.6
4814,-8.0,0.0,-17.5,-20.8,-13.7
4815,-7.5,0.0,-17.6,-20.0,-13.1
4816,-22.7,0.0,-18.7,-21.8,-14.0
4817,-23.7,0.0,-19.3,-22.6,-14.0
4818,-24.3,0.0,-19.5,-8.7,-4.5
4819,-24.3,0.0,-19.3,-7.5,-3.5
4820,-46.3,0.0,-37.1,-3.7,-1.8
4821,-45.1,0.0,-36.2,-2.7,-1.1
4822,-57.0,0.0,-49.1,-9.3,0.1
4823,-55.0,0.0,-47.5,-8.4,0.4
4824,-30.3,0.0,-14.5,-7.3,0.8
4825,-13.8,0.0,-13.2,0.2,1.0
4826,-12.0,0.0,-11.5,0.8,1.3
4827,-10.2,0.0,0.5,1.5,1.8
4828,0.0,0.0,1.0,1.8,2.0
4829,0.3,0.0,1.2,1.9,1.9
4830,-6.9,0.0,0.8,1.2,1.4
4831,-7.8,0.0,-7.4,-4.5,-4.1
4832,-4.0,0.0,-3.2,-3.6,-2.5
4833,-5.9,0.0,-4.9,-5.4,-3.8
4834,-7.3,0.0,-6.0,-6.7,-4.7
4835,-9.5,0.0,-7.9,-8.9,-6.2
4836,-10.7,0.0,-8.7,-9.7,-6.7
4837,-12.0,0.0,-21.7,-10.6,-7.2
4838,-11.8,0.0,-21.5,-10.0,-6.6
4839,-11.9,0.0,-22.0,-10.1,-6.5
4840,-27.1,0.0,-21.7,-9.6,-5.8
4841,-27.3,0.0,-21.9,-8.9,-5.2
4842,-27.2,0.0,-21.5,-8.5,-4.5
4843,-25.3,0.0,-19.7,-4.9,-2.4
4844,-47.7,0.0,-37.3,-2.0,-0.4
4845,-63.1,0.0,-54.1,-11.4,-10.3
4846,-60.5,0.0,-52.0,-10.2,0.3
4847,-58.3,0.0,-50.1,-9.3,0.5
4848,-33.0,0.0,-16.7,-8.6,0.6
4849,-16.1,0.0,-15.5,-8.0,0.6
4850,-14.5,0.0,-14.0,0.0,0.8
4851,-12.9,0.0,-12.4,0.4,1.0
4852,-11.4,0.0,-10.9,0.8,1.2
4853,-9.8,0.0,0.3,1.2,1.5
4854,-8.5,0.0,0.7,1.3,1.5
4855,-8.0,0.0,0.4,0.7,1.0
4856,-7.8,0.0,-7.3,-4.1,0.4
4857,-7.9,0.0,-7.2,-4.3,0.0
4858,-9.0,0.0,-8.2,-5.8,-5.0
4859,-10.9,0.0,-9.9,-7.8,-6.5
4860,-11.8,0.0,-10.5,-8.2,-6.9
4861,-13.6,0.0,-23.4,-9.6,-7.8
4862,-14.0,0.0,-23.7,-9.4,-7.7
4863,-14.7,0.0,-24.7,-10.4,-8.1
4864,-29.5,0.0,-25.5,-11.8,-8.4
4865,-30.7,0.0,-26.8,-12.9,-8.7
4866,-31.7,0.0,-27.6,-12.0,-8.4
4867,-30.6,0.0,-26.9,-8.2,0.8
4868,-51.0,0.0,-43.8,1.2,1.7
4869,-48.0,0.0,-41.3,2.3,2.5
4870,-45.0,0.0,-38.8,3.1,3.0
4871,-41.8,0.0,-36.2,3.9,3.5
4872,-18.7,0.0,3.3,4.1,3.6
4873,3.3,0.0,4.0,4.5,3.9
4874,4.4,0.0,5.0,5.4,4.5
4875,5.1,0.0,5.6,5.8,4.7
4876,5.8,0.0,6.2,6.3,5.0
4877,6.4,0.0,6.7,6.6,5.1
4878,5.8,0.0,6.0,5.6,4.3
4879,3.4,0.2,3.4,2.7,1.8
4880,1.5,0.0,1.4,0.4,0.1
4881,0.3,0.0,0.4,-13.6,-9.0
4882,-2.2,0.0,-1.7,-15.5,-10.3
4883,-4.0,0.0,-3.2,-17.0,-11.4
4884,-5.7,0.0,-4.5,-18.0,-12.3
4885,-6.2,0.0,-16.3,-11.4,-8.1
4886,-6.0,0.0,-16.5,-17.0,-11.7
4887,-6.9,0.0,-17.3,-17.9,-12.4
4888,-3.3,0.0,-13.4,-16.4,-10.4
4889,-4.2,0.0,-14.2,-18.3,-11.1
4890,-4.2,0.0,-14.2,-5.2,-2.0
4891,-4.2,0.0,-14.1,-4.9,-1.5
4892,-10.1,0.0,-39.0,-4.9,0.5
4893,0.1,0.0,-36.7,1.9,2.0
4894,1.1,0.0,-34.7,2.8,2.6
4895,1.5,0.0,-33.1,3.0,2.7
4896,2.5,0.0,3.3,3.7,3.2
4897,2.8,0.0,3.5,3.7,3.2
4898,4.0,0.0,4.6,4.7,3.9
4899,4.7,0.0,5.2,5.2,4.2
4900,5.5,0.0,5.9,5.8,4.6
4901,5.4,0.0,5.7,5.4,4.2
4902,5.5,7.9,5.8,5.3,4.1
4903,3.1,3.1,3.3,2.5,1.8
4904,1.1,0.0,1.3,0.2,0.1
4905,-1.4,0.0,-1.1,-15.0,-9.9
4906,-2.7,0.0,-1.9,-16.2,-10.7
4907,-4.1,0.0,-3.1,-17.7,-11.7
4908,-5.4,0.0,-3.8,-18.7,-12.3
4909,-6.2,0.0,-15.5,-12.7,-8.4
4910,-5.9,0.0,-15.4,-18.7,-12.2
4911,-6.7,0.0,-16.1,-19.9,-12.6
4912,-7.3,0.0,-16.9,-21.2,-13.0
4913,-6.9,0.0,-17.0,-21.2,-12.6
4914,-6.8,0.0,-16.9,-7.3,-3.0
4915,-6.2,0.0,-16.4,-5.7,-2.0
4916,-16.1,0.0,-46.3,-8.4,-7.5
4917,-14.3,0.0,-44.4,-6.9,0.8
4918,-12.8,0.0,-42.6,0.6,1.2
4919,-11.4,0.0,-41.0,1.0,1.5
4920,-9.8,0.0,0.7,1.7,1.9
4921,0.3,0.0,1.3,2.1,2.2
4922,1.0,0.0,1.9,2.6,2.5
4923,1.9,0.0,2.7,3.3,3.0
4924,2.7,0.0,3.4,3.8,3.3
4925,3.3,0.0,3.9,4.2,3.5
4926,2.9,0.0,3.4,3.5,2.9
4927,1.8,0.0,2.2,1.9,1.5
4928,0.2,0.0,0.5,-1.7,-1.7
4929,-4.7,0.0,-4.4,-16.9,-11.7
4930,-6.7,0.0,-6.0,-18.5,-12.9
4931,-4.6,0.0,-3.4,-17.9,-11.7
4932,-6.0,0.0,-4.3,-19.1,-12.5
4933,-7.0,0.0,-16.3,-13.2,-8.6
4934,-7.9,0.0,-16.8,-20.4,-13.2
4935,-8.2,0.0,-17.4,-21.4,-13.4
4936,-22.8,0.0,-18.1,-22.3,-13.5
4937,-23.5,0.0,-18.7,-22.9,-13.5
4938,-23.9,0.0,-18.7,-8.8,-3.6
4939,-24.5,0.0,-18.7,-8.6,-2.9
4940,-46.7,0.0,-36.8,-2.7,-0.9
4941,-60.1,0.0,-51.6,-10.3,0.1
4942,-57.7,0.0,-49.6,-9.1,0.6
4943,-55.3,0.0,-47.6,0.1,1.0
4944,-30.1,0.0,-14.2,0.6,1.3
4945,-13.2,0.0,-12.5,1.2,1.7
4946,-11.4,0.0,0.5,1.6,2.0
4947,-9.7,0.0,1.0,1.9,2.1
4948,0.5,0.0,1.5,2.3,2.4
4949,1.2,0.0,2.1,2.8,2.6
4950,1.3,0.0,2.1,2.5,2.4
4951,0.2,0.0,0.9,1.0,1.0
4952,-6.8,0.0,-6.6,-4.3,-4.0
4953,-3.6,0.0,-2.9,-16.5,-10.9
4954,-5.6,0.0,-4.5,-18.5,-12.3
4955,-7.5,0.0,-6.0,-20.4,-13.5
4956,-9.0,0.0,-7.0,-21.8,-14.4
4957,-10.3,0.0,-19.7,-16.0,-10.6
4958,-11.0,0.0,-20.3,-23.2,-15.3
4959,-11.7,0.0,-21.4,-24.3,-15.7
4960,-11.7,0.0,-21.8,-24.2,-15.5
4961,-12.0,0.0,-22.5,-24.6,-15.6
4962,-11.7,0.0,-22.3,-9.9,-5.6
4963,-10.3,0.0,-21.3,-7.2,-4.1
4964,-8.9,0.0,-39.7,-5.2,-2.9
4965,-8.3,0.0,-39.1,-4.6,-2.4
4966,-6.4,0.0,-37.1,-2.7,-1.0
4967,-5.1,0.0,-35.6,-1.5,-0.1
4968,-19.0,0.0,-18.2,-9.6,0.1
4969,-17.3,0.0,-16.7,-8.7,0.4
4970,-15.7,0.0,-15.1,-7.8,0.6
4971,-13.9,0.0,-13.3,0.3,1.0
4972,-12.0,0.0,-11.5,1.0,1.4
4973,-10.8,0.0,0.0,1.0,1.3
4974,-9.4,0.0,0.4,1.2,1.4
4975,-8.9,0.0,-8.5,0.5,0.9
4976,-9.3,0.0,-8.8,-5.2,-4.7
4977,-3.3,0.0,-2.2,-15.7,-10.0
4978,-4.7,0.0,-3.4,-17.2,-11.2
4979,-5.2,0.0,-3.9,-17.6,-11.5
4980,-4.0,0.0,-2.8,-16.1,-10.3
4981,-2.7,0.0,-13.5,-7.9,-4.8
4982,-9.8,0.0,-21.0,-18.6,-13.5
4983,-9.1,0.0,-20.3,-18.1,-13.1
4984,-23.4,0.0,-20.8,-19.3,-13.9
4985,-18.7,0.0,-15.3,-19.7,-11.7
4986,-19.5,0.0,-15.6,-6.4,-2.6
4987,-18.6,0.0,-14.8,-2.7,-1.0
4988,-47.8,0.0,-41.5,0.8,1.3
4989,-46.1,0.0,-40.1,1.0,1.4
4990,-44.2,0.0,-38.5,1.4,1.6
4991,-42.7,0.0,-37.4,1.3,1.5
4992,-21.1,0.0,0.6,1.2,1.4
4993,0.3,0.0,1.0,1.5,1.6
4994,0.4,0.0,1.1,1.4,1.5
4995,0.5,0.0,1.2,1.4,1.4
4996,0.8,0.0,1.3,1.5,1.4
4997,1.0,0.0,1.5,1.6,1.5
4998,1.2,0.0,1.6,1.6,1.4
4999,0.9,0.0,1.4,1.1,1.0
5000,0.3,0.0,0.8,0.2,0.3
5001,-4.1,0.0,-3.5,-3.2,-2.7
5002,-5.1,0.0,-4.4,-4.0,-3.3
5003,-3.4,0.0,-2.3,-3.6,-2.4
5004,-4.2,0.0,-2.9,-4.3,-2.9
5005,-6.2,0.0,-15.6,-6.1,-4.1
5006,-4.6,0.0,-14.7,-4.0,-2.6
5007,-4.0,0.0,-14.4,-3.0,-1.8
5008,-18.6,0.0,-15.2,-4.4,-2.6
5009,-20.0,0.0,-16.2,-7.5,-3.5
5010,-20.4,0.0,-16.4,-5.6,-2.7
5011,-20.4,0.0,-16.3,-4.5,-2.0
5012,-41.1,0.0,-33.6,-1.8,-0.6
5013,-50.5,0.0,-43.9,-7.0,0.3
5014,-48.5,0.0,-42.1,0.4,1.0
5015,-46.5,0.0,-40.4,1.0,1.4
5016,-23.7,0.0,0.3,1.3,1.5
5017,-8.6,0.0,0.6,1.4,1.6
5018,0.6,0.0,1.4,2.1,2.1
5019,1.3,0.0,2.1,2.6,2.4
5020,1.6,0.0,2.3,2.6,2.4
5021,1.9,0.0,2.5,2.7,2.4
5022,2.0,0.0,2.6,2.6,2.2
5023,0.7,0.0,1.2,0.9,0.9
5024,-4.5,0.0,-4.2,-3.4,-3.0
5025,-3.2,0.0,-2.5,-3.4,-2.4
5026,-4.5,0.0,-3.5,-4.5,-3.2
5027,-5.0,0.0,-3.8,-4.8,-3.3
5028,-6.0,0.0,-4.5,-5.7,-3.9
5029,-5.5,0.0,-15.8,-4.7,-3.1
5030,-6.6,0.0,-16.7,-5.7,-3.8
5031,-6.6,0.0,-16.9,-5.5,-3.6
5032,-22.4,0.0,-18.5,-8.1,-5.0
5033,-22.5,0.0,-18.4,-7.1,-4.1
5034,-22.7,0.0,-18.4,-6.3,-3.5
5035,-22.2,0.0,-17.9,-4.8,-2.6
5036,-44.1,0.0,-35.8,-3.2,-1.6
5037,-42.8,0.0,-34.7,-2.0,-0.7
5038,-41.8,0.0,-33.9,-1.4,-0.3
5039,-40.9,0.0,-33.3,-1.1,-0.1
5040,-29.1,0.0,-13.8,-7.4,0.1
5041,-13.4,0.0,-12.9,-6.8,0.4
5042,-11.8,0.0,-11.3,0.2,0.8
5043,-10.3,0.0,-9.8,0.7,1.1
5044,-9.4,0.0,-9.0,0.5,0.9
5045,-8.2,0.0,0.1,0.7,1.0
5046,-7.7,0.0,-7.3,0.4,0.7
5047,-7.6,0.0,-7.2,-4.1,0.1
5048,-2.5,0.0,-1.7,-1.9,-1.1
5049,-4.7,0.0,-3.8,-17.5,-11.6
5050,-6.8,0.0,-5.7,-19.7,-13.2
5051,-8.5,0.0,-7.1,-21.4,-14.3
5052,-9.9,0.0,-8.0,-22.7,-15.1
5053,-10.9,0.0,-20.5,-16.5,-11.0
5054,-11.5,0.0,-20.9,-23.6,-15.6
5055,-11.8,0.0,-21.4,-24.5,-15.7
5056,-12.1,0.0,-22.1,-25.3,-15.9
5057,-11.8,0.0,-22.3,-25.1,-15.5
5058,-11.5,0.0,-22.1,-9.8,-5.2
5059,-11.2,0.0,-21.9,-9.1,-4.5
5060,-9.2,0.0,-40.4,-5.2,-2.8
5061,-7.8,0.0,-39.0,-3.8,-1.7
5062,-5.8,0.0,-36.8,-1.8,-0.3
5063,-20.6,0.0,-52.3,-10.2,0.5
5064,-19.9,0.0,-19.2,-10.3,-9.3
5065,-18.1,0.0,-17.5,-9.2,0.3
5066,-16.5,0.0,-15.9,-8.3,0.4
5067,-14.7,0.0,-14.2,0.1,0.8
5068,-13.2,0.0,-12.6,0.4,1.0
5069,-11.6,0.0,-11.1,0.7,1.2
5070,-10.8,0.0,-10.3,0.3,0.8
5071,-11.4,0.0,-10.9,-6.5,-5.9
5072,-4.5,0.0,-3.7,-3.6,-2.4
5073,-6.9,0.0,-5.9,-19.5,-13.1
5074,-8.8,0.0,-7.5,-21.4,-14.4
5075,-10.6,0.0,-8.9,-23.2,-15.6
5076,-11.7,0.0,-9.6,-24.2,-16.2
5077,-12.4,0.0,-22.3,-17.6,-11.7
5078,-13.5,0.0,-22.9,-25.3,-16.7
5079,-13.5,0.0,-23.3,-25.9,-16.7
5080,-12.8,0.0,-23.2,-25.2,-16.0
5081,-13.0,0.0,-23.7,-26.3,-16.1
5082,-12.8,0.0,-23.5,-11.2,-5.7
5083,-12.2,0.0,-23.0,-10.2,-4.8
5084,-9.3,0.0,-41.1,-4.8,-2.3
5085,-7.9,0.0,-39.6,-3.4,-1.3
5086,-6.9,0.0,-38.5,-2.6,-0.8
5087,-23.7,0.0,-56.0,-12.3,-11.1
5088,-21.6,0.0,-20.8,-10.8,0.3
5089,-19.6,0.0,-18.9,-9.7,0.6
5090,-17.6,0.0,-17.0,-8.6,0.9
5091,-16.1,0.0,-15.6,0.0,0.8
5092,-14.8,0.0,-14.3,-7.2,0.7
5093,-13.4,0.0,-12.9,0.2,0.8
5094,-12.2,0.0,-11.7,0.2,0.7
5095,-11.6,0.0,-11.2,-6.1,0.1
5096,-12.6,0.0,-12.4,-8.0,-7.2
5097,-13.3,0.0,-12.8,-22.2,-16.5
5098,-4.7,0.0,-3.4,-17.1,-11.0
5099,-4.5,0.0,-3.0,-16.6,-10.7
5100,-5.4,0.0,-3.8,-17.7,-11.5
5101,-6.2,0.0,-16.5,-11.8,-7.6
5102,-7.0,0.0,-16.8,-19.3,-12.5
5103,-7.7,0.0,-17.5,-20.5,-12.9
5104,-22.5,0.0,-17.8,-20.6,-12.8
5105,-22.1,0.0,-17.5,-19.8,-12.1
5106,-22.1,0.0,-17.3,-5.7,-2.4
5107,-36.3,0.0,-31.9,-15.5,-10.5
5108,-58.9,0.0,-50.7,-10.0,0.0
5109,-56.3,0.0,-48.5,-8.4,0.8
5110,-53.6,0.0,-46.2,0.6,1.3
5111,-51.2,0.0,-44.2,1.0,1.5
5112,-26.7,0.0,0.2,1.5,1.8
5113,-10.6,0.0,0.6,1.6,1.8
5114,0.6,0.0,1.5,2.4,2.4
5115,1.5,0.0,2.4,3.1,2.9
5116,2.1,0.0,2.9,3.5,3.0
5117,2.8,0.0,3.4,3.9,3.3
5118,2.2,0.0,2.8,3.0,2.6
5119,1.7,0.0,2.3,2.2,1.9
5120,-3.8,0.0,0.2,-2.4,-2.4
5121,-5.8,0.0,-5.6,-17.6,-12.4
5122,-4.0,0.0,-3.2,-17.3,-11.4
5123,-5.8,0.0,-4.6,-19.1,-12.6
5124,-6.1,0.0,-4.5,-19.1,-12.6
5125,-6.9,0.0,-16.7,-13.0,-8.6
5126,-8.1,0.0,-17.4,-20.7,-13.5
5127,-8.3,0.0,-18.0,-21.3,-13.6
5128,-8.5,0.0,-18.4,-22.0,-13.7
5129,-7.9,0.0,-18.4,-21.0,-13.0
5130,-8.0,0.0,-18.4,-8.1,-3.7
5131,-7.3,0.0,-17.8,-6.7,-2.5
5132,-5.4,0.0,-35.5,-2.3,-0.9
5133,-17.4,0.0,-48.2,-8.9,0.1
5134,-15.8,0.0,-46.4,-7.8,0.6
5135,-14.6,0.0,-44.9,-7.1,0.7
5136,-13.1,0.0,-12.5,0.5,1.1
5137,-11.3,0.0,0.1,1.2,1.5
5138,-9.6,0.0,0.7,1.6,1.8
5139,0.6,0.0,1.5,2.3,2.3
5140,1.3,0.0,2.1,2.7,2.5
5141,2.0,0.0,2.7,3.2,2.8
5142,1.5,0.0,2.2,2.5,2.2
5143,0.2,0.0,0.7,0.6,0.7
5144,-6.1,0.0,-6.0,-4.3,-3.9
5145,-4.2,0.0,-3.6,-17.4,-11.6
5146,-5.8,0.0,-4.9,-18.9,-12.6
5147,-7.1,0.0,-5.8,-20.2,-13.4
5148,-8.8,0.0,-7.0,-21.9,-14.5
5149,-9.0,0.0,-18.6,-14.8,-9.7
5150,-9.6,0.0,-18.7,-21.8,-14.2
5151,-10.0,0.0,-19.5,-22.8,-14.5
5152,-25.0,0.0,-20.0,-23.2,-14.4
5153,-25.5,0.0,-20.4,-24.1,-14.3
5154,-25.1,0.0,-19.8,-6.6,-3.4
5155,-24.6,0.0,-19.3,-5.9,-2.6
5156,-47.7,0.0,-37.8,-3.2,-1.4
5157,-46.3,0.0,-36.7,-2.3,-0.7
5158,-45.4,0.0,-36.1,-2.1,-0.6
5159,-44.0,0.0,-35.1,-1.4,-0.1
5160,-33.2,0.0,-17.0,-9.0,0.3
5161,-16.0,0.0,-15.4,-8.0,0.6
5162,-14.1,0.0,-13.6,0.4,1.0
5163,-12.6,0.0,-12.1,0.6,1.2
5164,-10.9,0.0,0.1,1.1,1.5
5165,-9.1,0.0,0.9,1.7,1.9
5166,0.2,0.0,1.1,1.8,1.9
5167,-8.1,0.0,-7.7,0.2,0.6
5168,-9.2,0.0,-8.9,-5.9,-5.3
5169,-4.0,0.0,-3.1,-3.4,-2.2
5170,-6.1,0.0,-5.0,-5.6,-3.8
5171,-7.6,0.0,-6.2,-7.0,-4.8
5172,-8.7,0.0,-6.9,-8.0,-5.3
5173,-9.0,0.0,-19.0,-7.8,-5.1
5174,-9.7,0.0,-19.4,-8.2,-5.3
5175,-10.4,0.0,-20.1,-9.3,-5.6
5176,-25.3,0.0,-20.3,-8.9,-5.1
5177,-25.6,0.0,-20.5,-8.6,-4.7
5178,-25.6,0.0,-20.2,-8.3,-3.9
5179,-25.4,0.0,-19.8,-7.4,-3.0
5180,-48.7,0.0,-38.5,-3.6,-1.6
5181,-47.3,0.0,-37.3,-2.6,-0.9
5182,-45.7,0.0,-36.2,-1.8,-0.3
5183,-59.6,0.0,-51.3,-10.2,-9.3
5184,-34.0,0.0,-17.6,-9.3,0.2
5185,-17.0,0.0,-16.4,-8.6,0.4
5186,-15.4,0.0,-14.9,-7.7,0.6
5187,-13.7,0.0,-13.2,0.2,0.9
5188,-12.5,0.0,-12.1,0.2,0.8
5189,-11.1,0.0,-10.7,0.5,1.0
5190,-10.6,0.0,-10.2,-5.3,0.5
5191,-9.9,0.0,-9.5,-5.1,0.2
5192,-9.2,0.0,-8.8,-4.8,0.2
5193,-8.6,0.0,-8.2,-4.5,0.1
5194,-3.3,0.0,-2.2,-2.3,-1.4
5195,-6.7,0.0,-5.5,-6.5,-4.4
5196,-8.4,0.0,-6.7,-8.0,-5.4
5197,-9.5,0.0,-19.2,-8.6,-5.8
5198,-10.4,0.0,-19.8,-9.0,-5.9
5199,-11.0,0.0,-20.7,-10.1,-6.2
5200,-26.0,0.0,-21.0,-9.7,-5.8
5201,-26.5,0.0,-21.4,-9.3,-5.4
5202,-27.4,0.0,-22.0,-10.3,-5.4
5203,-26.2,0.0,-20.7,-6.3,-3.4
5204,-49.7,0.0,-39.4,-4.3,-2.2
5205,-47.7,0.0,-37.7,-2.7,-1.0
5206,-46.5,0.0,-36.9,-2.3,-0.7
5207,-46.3,0.0,-37.0,-2.9,-1.2
5208,-21.7,0.0,-4.3,-2.6,-1.0
5209,-5.0,0.0,-3.5,-1.9,-0.6
5210,-4.3,0.0,-2.9,-1.4,-0.2
5211,-15.8,0.0,-15.2,-7.9,0.4
5212,-13.9,0.0,-13.4,0.2,0.9
5213,-12.0,0.0,-11.6,0.9,1.3
5214,-11.4,0.0,-11.0,0.2,0.7
5215,-11.7,0.0,-11.3,-6.6,-6.0
5216,-4.3,0.0,-3.4,-3.3,-2.0
5217,-5.9,0.0,-4.8,-18.3,-12.1
5218,-7.8,0.0,-6.6,-20.4,-13.6
5219,-9.1,0.0,-7.6,-21.8,-14.5
5220,-10.3,0.0,-8.3,-22.8,-15.1
5221,-11.5,0.0,-21.5,-16.9,-11.2
5222,-11.7,0.0,-21.6,-23.6,-15.6
5223,-11.7,0.0,-21.8,-23.9,-15.5
5224,-11.6,0.0,-21.9,-24.4,-15.4
5225,-10.3,0.0,-21.1,-22.8,-14.2
5226,-8.7,0.0,-19.6,-6.5,-3.0
5227,-7.0,0.0,-18.1,-3.7,-1.4
5228,-21.9,0.0,-53.8,-11.5,-10.4
5229,-20.4,0.0,-52.0,-10.4,0.0
5230,-18.8,0.0,-50.1,-9.4,0.3
5231,-17.0,0.0,-48.1,-8.3,0.7
5232,-16.1,0.0,-15.4,-8.0,0.5
5233,-14.7,0.0,-14.2,-7.3,0.5
5234,-13.0,0.0,-12.5,0.3,0.9
5235,-11.4,0.0,-11.0,0.8,1.2
5236,-10.3,0.0,-9.9,0.7,1.1
5237,-9.4,0.0,-9.0,0.5,0.9
5238,-8.4,0.0,-8.1,0.6,0.8
5239,-8.0,0.0,-7.7,-4.1,0.4
5240,-8.6,0.0,-8.2,-5.3,-4.8
5241,-2.9,0.0,-1.9,-15.4,-9.9
5242,-3.8,0.0,-2.7,-16.4,-10.7
5243,-4.7,0.0,-3.5,-17.4,-11.4
5244,-4.8,0.0,-3.5,-17.3,-11.3
5245,-4.6,0.0,-15.1,-10.2,-6.6
5246,-6.4,0.0,-16.4,-19.0,-12.4
5247,-7.9,0.0,-17.5,-21.1,-13.4
5248,-7.9,0.0,-17.9,-21.5,-13.3
5249,-7.1,0.0,-17.7,-19.6,-12.4
5250,-7.6,0.0,-18.1,-7.5,-3.6
5251,-6.7,0.0,-17.4,-5.4,-2.5
5252,-4.9,0.0,-34.7,-2.1,-0.8
5253,-4.0,0.0,-33.8,-1.3,-0.2
5254,-15.2,0.0,-45.5,-7.9,-7.2
5255,-14.4,0.0,-44.5,-7.5,-6.8
5256,-13.4,0.0,-12.8,-6.8,0.2
5257,-11.9,0.0,-11.5,0.1,0.7
5258,-10.8,0.0,-10.4,0.1,0.6
5259,-9.4,0.0,-9.0,0.6,1.0
5260,-8.1,0.0,0.4,1.0,1.2
5261,-7.1,0.0,0.5,1.0,1.2
5262,-6.6,0.0,0.3,0.6,0.8
5263,-7.3,0.0,-7.0,-4.4,-4.0
5264,-3.0,0.0,-2.3,-2.7,-1.8
5265,-5.0,0.0,-4.4,-18.1,-12.1
5266,-6.4,0.0,-5.5,-19.5,-13.0
5267,-7.9,0.0,-6.5,-20.9,-13.9
5268,-9.3,0.0,-7.5,-22.2,-14.8
5269,-10.4,0.0,-20.1,-16.2,-10.7
5270,-11.6,0.0,-20.9,-23.8,-15.7
5271,-12.1,0.0,-21.7,-24.9,-16.0
5272,-27.8,0.0,-22.3,-25.7,-16.0
5273,-28.4,0.0,-22.9,-26.1,-15.8
5274,-29.1,0.0,-23.1,-11.4,-5.7
5275,-29.2,0.0,-22.8,-10.5,-4.7
5276,-52.7,0.0,-41.0,-4.4,-2.0
5277,-51.0,0.0,-39.7,-3.3,-1.3
5278,-50.1,0.0,-39.2,-3.4,-1.4
5279,-49.0,0.0,-38.5,-3.1,-1.2
5280,-23.1,0.0,-4.8,-2.7,-1.0
5281,-5.9,0.0,-4.2,-2.3,-0.7
5282,-5.4,0.0,-3.9,-2.1,-0.6
5283,-4.9,0.0,-3.4,-1.8,-0.5
5284,-4.3,0.0,-2.9,-1.5,-0.3
5285,-3.9,0.0,-2.6,-1.3,-0.2
5286,-15.5,0.0,-14.9,-8.2,-7.5
5287,-4.4,0.0,-3.3,-2.5,-1.3
5288,-6.0,0.0,-5.1,-4.6,-3.0
5289,-7.8,0.0,-6.8,-20.2,-13.5
5290,-9.4,0.0,-8.1,-21.8,-14.6
5291,-10.9,0.0,-9.2,-23.3,-15.5
5292,-12.1,0.0,-9.9,-24.3,-16.2
5293,-13.2,0.0,-23.3,-18.2,-12.0
5294,-14.0,0.0,-23.8,-25.6,-16.9
5295,-14.3,0.0,-24.3,-26.5,-17.1
5296,-14.4,0.0,-24.8,-27.4,-17.1
5297,-13.9,0.0,-24.8,-26.6,-16.5
5298,-13.7,0.0,-24.6,-12.0,-6.1
5299,-12.0,0.0,-23.3,-7.6,-4.2
5300,-10.2,0.0,-42.3,-5.4,-2.8
5301,-9.4,0.0,-41.4,-4.8,-2.4
5302,-8.9,0.0,-40.8,-4.5,-2.2
5303,-8.3,0.0,-40.0,-4.0,-1.9
5304,-7.7,0.0,-5.8,-3.6,-1.6
5305,-7.3,0.0,-5.6,-3.6,-1.6
5306,-6.5,0.0,-4.8,-2.9,-1.2
5307,-5.8,0.0,-4.2,-2.5,-1.0
5308,-5.0,0.0,-3.6,-2.0,-0.6
5309,-18.0,0.0,-17.5,-9.5,-8.7
5310,-4.2,0.0,-2.9,-1.6,-0.5
5311,-4.8,0.0,-3.7,-2.8,-1.5
5312,-6.6,0.0,-5.7,-5.1,-3.4
5313,-7.3,0.0,-6.0,-19.4,-12.8
5314,-8.9,0.0,-7.5,-21.2,-14.1
5315,-9.7,0.0,-7.9,-21.8,-14.5
5316,-9.4,0.0,-7.5,-21.1,-13.9
5317,-8.5,0.0,-19.5,-12.9,-8.4
5318,-10.5,0.0,-21.0,-22.2,-14.7
5319,-6.4,0.0,-17.5,-17.6,-11.2
5320,-34.1,0.0,-30.6,-23.8,-18.3
5321,-32.7,0.0,-29.2,-22.8,-17.4
5322,-31.0,0.0,-27.7,-7.7,0.7
5323,-29.9,0.0,-26.8,-7.4,0.5
5324,-51.0,0.0,-44.3,-6.9,0.5
5325,-49.5,0.0,-43.1,-6.4,0.5
5326,-47.9,0.0,-41.8,0.2,0.7
5327,-46.4,0.0,-40.6,0.3,0.8
5328,-24.0,0.0,-9.5,0.5,0.9
5329,-8.9,0.0,-8.6,0.6,0.9
5330,-7.7,0.0,0.4,0.9,1.1
5331,-6.9,0.0,0.4,0.9,1.0
5332,0.0,0.0,0.6,0.9,1.0
5333,0.2,0.0,0.7,0.9,0.9
5334,0.4,0.0,0.9,1.0,1.0
5335,0.2,0.0,0.7,0.6,0.6
5336,-4.0,0.0,0.3,0.1,0.3
5337,-4.9,0.0,-4.4,-3.3,-2.9
5338,-2.6,0.0,-1.7,-2.6,-1.8
5339,-4.2,0.0,-3.2,-4.5,-3.1
5340,-6.3,0.0,-4.9,-6.6,-4.5
5341,-7.0,0.0,-16.9,-6.8,-4.6
5342,-7.3,0.0,-17.0,-6.6,-4.4
5343,-7.9,0.0,-17.5,-7.6,-4.6
5344,-22.3,0.0,-18.1,-7.8,-4.5
5345,-23.1,0.0,-18.7,-9.4,-4.5
5346,-23.7,0.0,-18.9,-9.5,-3.9
5347,-23.6,0.0,-18.3,-8.5,-2.6
5348,-61.2,0.0,-52.5,-10.8,-9.8
5349,-57.7,0.0,-49.5,0.3,1.2
5350,-55.5,0.0,-47.8,0.2,1.0
5351,-53.8,0.0,-46.5,-7.6,0.7
5352,-29.4,0.0,-13.9,0.1,0.8
5353,-13.1,0.0,-12.6,0.4,1.0
5354,-11.6,0.0,-11.1,0.8,1.2
5355,-9.9,0.0,0.4,1.3,1.5
5356,-8.7,0.0,0.6,1.3,1.5
5357,-8.2,0.0,0.1,0.7,1.0
5358,-7.4,0.0,0.2,0.6,0.9
5359,-7.4,0.0,-7.0,-4.0,0.1
5360,-3.2,0.0,-2.7,-2.9,-2.0
5361,-4.0,0.0,-3.1,-3.5,-2.4
5362,-4.5,0.0,-3.3,-3.9,-2.5
5363,-3.3,0.0,-2.2,-2.2,-1.3
5364,-3.7,0.0,-2.5,-2.6,-1.6
5365,-9.2,0.0,-20.4,-5.0,-4.5
5366,-9.2,0.0,-20.2,-5.2,-4.7
5367,-8.7,0.0,-19.8,-4.8,-4.3
5368,-23.2,0.0,-20.6,-6.5,-5.5
5369,-22.2,0.0,-19.7,-4.5,0.2
5370,-21.9,0.0,-19.5,-4.3,0.4
5371,-21.4,0.0,-19.1,0.1,0.6
5372,-40.8,0.0,-36.0,0.8,1.0
5373,-39.7,0.0,-35.0,1.0,1.2
5374,-38.4,0.0,-33.9,1.5,1.5
5375,-37.3,0.0,-33.0,1.6,1.5
5376,-16.9,0.0,1.5,1.7,1.6
5377,1.5,0.0,2.0,2.2,1.9
5378,1.7,0.0,2.1,2.2,1.9
5379,2.0,0.0,2.4,2.4,2.0
5380,2.4,0.0,2.8,2.6,2.2
5381,2.6,0.0,2.9,2.7,2.2
5382,2.7,0.0,3.0,2.7,2.1
5383,2.8,0.0,3.0,2.6,2.0
5384,2.7,0.0,2.9,2.4,1.9
5385,2.2,0.0,2.6,-11.1,-6.9
5386,2.1,0.0,2.5,-11.2,-7.0
5387,1.7,0.0,2.1,-11.6,-7.3
5388,-1.3,0.0,-0.5,-14.8,-9.7
5389,0.3,0.0,-11.0,-7.1,-4.7
5390,0.5,0.0,-11.1,-13.5,-8.8
5391,0.8,0.0,-11.2,-13.1,-8.6
5392,1.3,0.0,-10.8,-12.5,-8.1
5393,1.0,0.0,-11.0,-12.9,-8.4
5394,1.7,0.0,-10.5,1.8,1.5
5395,2.2,0.0,-9.8,2.3,1.9
5396,2.4,0.0,-25.7,2.5,2.0
5397,2.5,0.0,-25.2,2.6,2.0
5398,2.7,0.0,-24.8,2.7,2.1
5399,2.7,0.0,-24.4,2.7,2.1
5400,2.5,0.0,2.8,2.4,1.9
5401,2.7,2.0,2.9,2.4,1.8
5402,2.6,5.0,2.7,2.2,1.7
5403,2.7,5.4,2.9,2.3,1.8
5404,2.8,5.6,3.0,2.5,1.9
5405,3.2,6.4,3.3,2.8,2.2
5406,2.9,5.7,3.2,2.6,2.0
5407,1.8,0.0,1.8,1.1,0.7
5408,1.2,0.0,1.4,0.4,0.3
5409,1.0,0.0,1.5,-12.3,-7.7
5410,-1.6,0.0,-1.0,-15.2,-9.9
5411,-2.3,0.0,-1.4,-15.8,-10.2
5412,-4.4,0.0,-3.2,-18.1,-11.8
5413,-4.7,0.0,-14.3,-11.5,-7.5
5414,-5.0,0.0,-14.5,-18.0,-11.6
5415,-5.5,0.0,-15.1,-18.7,-11.9
5416,-5.8,0.0,-15.4,-20.3,-12.0
5417,-4.1,0.0,-14.4,-16.3,-10.2
5418,-11.0,0.0,-22.1,-6.0,-5.2
5419,-10.6,0.0,-21.7,-5.7,-5.0
5420,-9.1,0.0,-37.9,0.5,1.0
5421,-7.8,0.0,-36.5,1.3,1.5
5422,0.1,0.0,-35.3,1.6,1.7
5423,0.9,0.0,-33.7,2.4,2.2
5424,1.4,0.0,2.3,2.7,2.5
5425,2.6,0.0,3.3,3.6,3.1
5426,3.3,0.0,3.8,4.0,3.4
5427,2.9,0.0,3.4,3.5,2.9
5428,2.7,0.0,3.2,3.0,2.5
5429,2.8,0.0,3.2,3.0,2.4
5430,2.9,0.0,3.3,3.0,2.4
5431,2.6,0.0,2.9,2.5,2.0
5432,1.3,0.0,1.7,0.8,0.7
5433,-1.2,0.0,-1.0,-14.6,-9.6
5434,-3.2,0.0,-2.7,-16.3,-10.9
5435,-3.7,0.0,-2.9,-17.4,-11.4
5436,-3.8,0.0,-2.5,-17.2,-11.1
5437,-5.4,0.0,-15.0,-12.1,-7.9
5438,-6.4,0.0,-15.4,-19.3,-12.4
5439,-6.0,0.0,-15.6,-19.3,-12.1
5440,-20.3,0.0,-16.5,-20.0,-12.5
5441,-19.4,0.0,-15.7,-17.4,-11.0
5442,-17.7,0.0,-14.2,-1.2,-0.2
5443,-26.1,0.0,-23.2,0.0,0.7
5444,-46.4,0.0,-40.4,0.3,0.9
5445,-44.9,0.0,-39.1,0.7,1.2
5446,-43.5,0.0,-38.0,0.9,1.2
5447,-42.2,0.0,-36.9,1.1,1.3
5448,-20.9,0.0,0.5,1.1,1.3
5449,-6.7,0.0,0.7,1.1,1.3
5450,0.2,0.0,1.0,1.3,1.4
5451,0.4,0.0,1.1,1.4,1.4
5452,0.5,0.0,1.2,1.3,1.3
5453,0.9,0.0,1.4,1.5,1.4
5454,1.2,0.0,1.7,1.7,1.5
5455,1.2,0.0,1.7,1.5,1.4
5456,1.1,0.0,1.5,1.3,1.2
5457,1.1,0.0,1.6,-12.9,-8.5
5458,0.6,0.0,1.2,-13.4,-8.8
5459,-2.8,0.0,0.0,-15.0,-10.0
5460,-2.1,0.0,-1.2,-15.2,-9.8
5461,-3.1,0.0,-13.6,-8.0,-5.6
5462,-2.3,0.0,-12.4,-15.4,-9.9
5463,-2.7,0.0,-12.7,-15.7,-10.1
5464,-2.3,0.0,-12.5,-15.1,-9.6
5465,-6.4,0.0,-17.0,-17.1,-11.9
5466,-6.8,0.0,-17.4,-4.7,-3.7
5467,-6.1,0.0,-16.8,-3.1,0.3
5468,0.2,0.0,-32.7,1.2,1.3
5469,1.8,0.0,-30.8,2.8,2.5
5470,2.3,0.0,-29.4,3.2,2.7
5471,2.4,0.0,-28.5,3.1,2.6
5472,2.2,0.0,2.8,2.8,2.3
5473,2.4,0.0,2.9,2.7,2.3
5474,2.6,0.0,2.9,2.7,2.2
5475,2.9,0.0,3.2,2.9,2.3
5476,3.7,0.0,3.9,3.6,2.8
5477,4.2,3.8,4.4,4.0,3.1
5478,3.9,8.0,4.1,3.6,2.8
5479,2.5,2.8,2.7,2.0,1.5
5480,1.4,0.0,1.5,0.5,0.3
5481,0.3,0.0,0.8,-13.1,-8.3
5482,-1.7,0.0,-1.2,-15.1,-9.9
5483,-2.7,0.0,-1.8,-16.3,-10.6
5484,-3.9,0.0,-2.7,-17.5,-11.4
5485,-4.5,0.0,-14.0,-11.3,-7.3
5486,-5.0,0.0,-14.6,-17.9,-11.6
5487,-5.9,0.0,-15.2,-19.5,-12.2
5488,-19.2,0.0,-15.6,-19.1,-11.9
5489,-19.1,0.0,-15.5,-18.4,-11.2
5490,-19.6,0.0,-15.8,-5.3,-2.2
5491,-19.5,0.0,-15.5,-2.7,-1.4
5492,-39.7,0.0,-32.6,-1.1,-0.1
5493,-48.3,0.0,-42.0,0.0,0.7
5494,-47.2,0.0,-41.1,-5.6,0.6
5495,-45.9,0.0,-40.0,0.2,0.8
5496,-24.0,0.0,-9.5,0.2,0.7
5497,-8.9,0.0,-8.4,0.6,1.0
5498,-7.8,0.0,0.3,0.9,1.2
5499,0.1,0.0,0.9,1.3,1.5
5500,0.6,0.0,1.3,1.7,1.7
5501,0.9,0.0,1.5,1.8,1.7
5502,0.9,0.0,1.5,1.6,1.5
5503,0.4,0.0,1.0,1.0,1.0
5504,-3.6,0.0,0.5,0.2,0.4
5505,-4.2,0.0,-3.6,-2.5,-2.2
5506,-3.1,0.0,-2.2,-3.2,-2.1
5507,-4.6,0.0,-3.6,-4.9,-3.3
5508,-6.0,0.0,-4.5,-6.0,-4.0
5509,-7.2,0.0,-16.9,-7.1,-4.6
5510,-7.4,0.0,-16.9,-6.6,-4.2
5511,-7.6,0.0,-17.4,-6.9,-4.2
5512,-21.1,0.0,-17.1,-5.9,-3.4
5513,-21.2,0.0,-17.1,-5.0,-2.8
5514,-20.1,0.0,-16.1,-2.9,-1.4
5515,-19.7,0.0,-15.8,-2.4,-1.0
5516,-50.9,0.0,-44.0,0.1,0.9
5517,-49.3,0.0,-42.7,0.2,0.9
5518,-47.5,0.0,-41.3,0.6,1.1
5519,-46.0,0.0,-40.0,0.7,1.2
5520,-23.6,0.0,0.0,0.9,1.2
5521,-8.6,0.0,0.4,1.1,1.4
5522,0.1,0.0,0.9,1.5,1.6
5523,0.4,0.0,1.2,1.7,1.7
5524,0.7,0.0,1.4,1.7,1.7
5525,0.9,0.0,1.6,1.8,1.7
5526,1.2,0.0,1.8,1.9,1.8
5527,0.8,0.0,1.4,1.3,1.2
5528,0.1,0.0,0.7,0.3,0.4
5529,-3.3,0.0,0.6,0.3,0.4
5530,0.3,0.0,1.0,0.7,0.8
5531,-3.8,0.0,0.2,-2.4,-2.1
5532,-4.5,0.0,-3.8,-3.1,-2.6
5533,-7.4,0.0,-17.2,-6.3,-4.8
5534,-4.2,0.0,-14.0,-4.0,-2.6
5535,-5.0,0.0,-14.8,-5.1,-3.1
5536,-18.5,0.0,-15.0,-6.1,-3.0
5537,-17.8,0.0,-14.4,-3.4,-1.6
5538,-17.5,0.0,-14.1,-2.2,-0.9
5539,-25.6,0.0,-22.7,-6.1,-5.5
5540,-45.2,0.0,-39.4,0.3,0.9
5541,-43.5,0.0,-38.0,1.0,1.3
5542,-41.8,0.0,-36.6,1.5,1.6
5543,-40.3,0.0,-35.3,1.7,1.8
5544,-18.7,0.0,1.7,2.2,2.1
5545,1.4,0.0,2.1,2.5,2.3
5546,1.6,0.0,2.2,2.5,2.2
5547,2.0,0.0,2.5,2.6,2.3
5548,2.4,0.0,2.9,2.9,2.5
5549,2.6,0.0,3.0,2.9,2.4
5550,2.7,0.0,3.1,2.9,2.4
5551,2.6,0.0,3.0,2.6,2.1
5552,2.5,0.0,2.8,2.3,1.9
5553,2.0,0.0,2.5,-11.4,-7.2
5554,1.0,0.0,1.7,-12.6,-8.1
5555,0.8,0.0,1.4,-13.0,-8.3
5556,-1.8,0.0,0.2,-14.7,-9.6
5557,-2.2,0.0,-12.3,-8.3,-5.6
5558,-2.2,0.0,-12.4,-14.4,-9.5
5559,-2.9,0.0,-13.1,-15.0,-10.0
5560,-3.5,0.0,-13.7,-15.6,-10.4
5561,-3.9,0.0,-14.2,-15.7,-10.5
5562,0.2,0.0,-13.8,0.5,0.7
5563,1.8,0.0,-12.2,2.4,2.1
5564,2.5,0.0,-27.8,3.0,2.5
5565,2.7,0.0,-26.8,3.2,2.6
5566,3.2,0.0,-25.7,3.6,2.9
5567,3.9,0.0,-24.3,4.2,3.3
5568,4.3,0.0,4.7,4.4,3.5
5569,4.6,5.6,4.8,4.4,3.4
5570,5.3,11.4,5.5,5.1,3.9
5571,5.2,11.1,5.4,4.9,3.8
5572,5.3,11.4,5.5,5.0,3.9
5573,4.8,10.3,5.0,4.6,3.5
5574,4.7,10.0,4.9,4.4,3.5
5575,3.7,6.8,4.0,3.4,2.7
5576,3.9,7.7,4.2,3.7,2.9
5577,3.8,6.2,4.2,-9.0,-5.2
5578,3.6,5.2,4.0,-9.3,-5.4
5579,3.3,3.4,3.8,-9.7,-5.6
5580,2.9,1.6,3.5,-10.1,-6.0
5581,0.4,0.0,-9.3,-6.7,-4.1
5582,-1.8,0.0,-11.2,-15.0,-9.6
5583,-1.5,0.0,-11.2,-14.3,-9.1
5584,-2.0,0.0,-11.8,-15.1,-9.4
5585,-3.3,0.0,-13.3,-18.3,-10.4
5586,-4.2,0.0,-14.5,-5.2,0.3
5587,1.0,0.0,-14.4,2.0,2.0
5588,3.4,0.0,-28.5,4.6,3.9
5589,4.8,0.0,-26.1,5.7,4.7
5590,5.7,0.0,-23.7,6.4,5.2
5591,6.2,0.0,-21.8,6.6,5.3
5592,7.0,13.4,7.4,7.2,5.6
5593,6.5,14.5,6.8,6.5,5.1
5594,6.1,13.4,6.3,6.0,4.7
5595,5.9,13.0,6.2,5.8,4.6
5596,5.8,12.8,6.1,5.7,4.5
5597,6.2,13.8,6.5,6.2,4.9
5598,6.1,13.5,6.4,6.0,4.8
5599,4.9,9.9,5.2,4.7,3.8
5600,4.5,9.0,4.9,4.4,3.5
5601,3.5,4.5,4.0,-9.3,-5.3
5602,2.3,0.0,3.0,-10.7,-6.4
5603,-0.2,0.0,0.6,-13.8,-8.6
5604,-2.6,0.0,-1.5,-15.9,-10.2
5605,-4.5,0.0,-14.0,-10.7,-7.1
5606,-6.2,0.0,-15.5,-18.2,-12.1
5607,-7.3,0.0,-16.8,-19.1,-12.6
5608,-21.1,0.0,-18.1,-20.3,-13.2
5609,-22.5,0.0,-19.7,-20.4,-13.5
5610,-23.0,0.0,-20.2,-6.3,-4.5
5611,-21.9,0.0,-19.0,1.2,1.6
5612,-39.9,0.0,-34.6,2.8,2.8
5613,-37.5,0.0,-32.6,3.7,3.3
5614,-35.5,0.0,-31.0,3.8,3.4
5615,-32.9,0.0,-28.7,4.8,4.1
5616,-11.9,0.0,4.8,5.1,4.2
5617,4.7,0.0,5.2,5.3,4.3
5618,5.4,0.0,5.9,5.8,4.6
5619,5.7,0.0,6.0,5.8,4.6
5620,5.3,11.0,5.6,5.2,4.1
5621,5.1,11.2,5.4,5.0,3.9
5622,5.0,11.0,5.3,4.9,3.9
5623,4.7,10.0,5.0,4.6,3.6
5624,4.3,8.7,4.7,4.2,3.3
5625,4.0,6.6,4.5,-8.7,-4.9
5626,3.5,4.4,4.1,-9.3,-5.3
5627,3.0,2.5,3.6,-9.9,-5.8
5628,1.7,0.0,2.5,-11.4,-6.9
5629,-1.5,0.0,-10.9,-8.8,-5.5
5630,-4.0,0.0,-12.8,-17.0,-10.9
5631,-3.1,0.0,-12.3,-16.9,-10.3
5632,-4.0,0.0,-13.4,-18.5,-10.9
5633,-3.3,0.0,-13.4,-16.8,-10.1
5634,-3.2,0.0,-13.4,-4.1,-1.3
5635,-2.1,0.0,-12.5,-0.6,0.1
5636,-7.0,0.0,-35.3,1.1,1.4
5637,1.0,0.0,-33.2,2.6,2.5
5638,1.4,0.0,-31.9,2.7,2.6
5639,1.0,0.0,-31.4,2.2,2.1
5640,1.3,0.0,2.1,2.3,2.2
5641,2.8,0.0,3.4,3.6,3.1
5642,2.8,0.0,3.4,3.4,2.9
5643,2.8,0.0,3.3,3.2,2.7
5644,3.4,0.0,3.9,3.7,3.0
5645,3.4,0.0,3.8,3.5,2.9
5646,3.5,0.0,3.8,3.4,2.7
5647,3.4,5.6,3.7,3.1,2.5
5648,2.1,1.5,2.5,1.6,1.4
5649,1.0,0.0,1.6,-12.2,-7.5
5650,-0.5,0.0,0.5,-13.7,-8.7
5651,-2.0,0.0,-1.2,-15.1,-9.8
5652,-4.1,0.0,-3.1,-17.1,-11.2
5653,-5.4,0.0,-15.1,-11.1,-7.6
5654,-4.0,0.0,-14.4,-15.2,-10.2
5655,2.4,0.0,-11.9,-11.9,-7.8
5656,-16.8,0.0,-14.5,-16.6,-10.9
5657,-17.2,0.0,-15.0,-16.0,-10.7
5658,-16.3,0.0,-14.3,1.3,1.5
5659,-15.7,0.0,-13.7,1.9,1.8
5660,-33.8,0.0,-29.9,2.4,2.2
5661,-32.7,0.0,-29.0,2.6,2.3
5662,-31.7,0.0,-28.3,2.6,2.3
5663,-30.7,0.0,-27.4,2.9,2.5
5664,-11.5,0.0,3.2,3.1,2.6
5665,3.2,0.0,3.6,3.4,2.8
5666,3.5,0.0,3.8,3.5,2.8
5667,3.7,0.0,4.0,3.7,2.9
5668,4.0,7.6,4.2,3.8,2.9
5669,4.0,8.6,4.3,3.8,3.0
5670,4.2,9.0,4.5,4.0,3.1
5671,3.7,6.9,4.0,3.4,2.7
5672,3.4,5.9,3.8,3.1,2.5
5673,3.6,5.4,4.0,3.5,2.7
5674,3.3,4.5,3.8,3.2,2.5
5675,1.6,0.0,2.3,1.1,1.0
5676,-1.2,0.0,-0.3,-2.1,-1.3
5677,-2.0,0.0,-11.8,-2.1,-1.4
5678,-3.1,0.0,-12.7,-2.7,-1.9
5679,-3.5,0.0,-13.6,-2.6,-2.0
5680,-17.5,0.0,-14.9,-5.7,-3.2
5681,-19.3,0.0,-16.9,-7.6,-3.9
5682,-21.3,0.0,-18.7,-8.7,-4.3
5683,-21.5,0.0,-18.9,1.2,1.6
5684,-40.2,0.0,-35.1,2.2,2.2
5685,-38.5,0.0,-33.6,2.5,2.5
5686,-36.7,0.0,-32.1,2.9,2.7
5687,-35.3,0.0,-31.0,2.9,2.6
5688,-14.7,0.0,3.0,3.2,2.8
5689,2.3,0.0,3.0,3.1,2.7
5690,2.7,0.0,3.3,3.3,2.8
5691,2.9,0.0,3.4,3.3,2.7
5692,3.6,0.0,4.0,3.8,3.1
5693,3.5,0.0,3.9,3.6,2.9
5694,3.7,0.0,4.0,3.6,2.8
5695,3.1,5.4,3.4,2.8,2.2
5696,2.4,2.3,2.7,1.9,1.5
5697,2.1,0.0,2.6,1.7,1.4
5698,1.5,0.0,2.2,1.1,1.0
5699,-0.5,0.0,0.5,-1.2,-0.7
5700,0.4,0.0,1.3,0.0,0.2
5701,-2.6,0.0,-12.4,-2.7,-1.9
5702,-3.3,0.0,-12.8,-2.9,-2.0
5703,-4.1,0.0,-14.1,-3.2,-2.4
5704,-17.7,0.0,-15.0,-6.1,-3.2
5705,-18.6,0.0,-16.2,-4.5,0.1
5706,-18.5,0.0,-16.1,0.7,1.2
5707,-17.6,0.0,-15.4,1.8,1.8
5708,-35.1,0.0,-30.8,3.3,2.9
5709,-32.9,0.0,-28.9,4.1,3.5
5710,-31.4,0.0,-27.7,4.0,3.3
5711,-30.4,0.0,-27.1,3.4,2.9
5712,-11.3,0.0,3.5,3.4,2.8
5713,3.2,0.0,3.7,3.5,2.8
5714,3.4,0.0,3.7,3.4,2.8
5715,3.6,0.0,3.9,3.5,2.8
5716,3.6,5.9,3.9,3.4,2.7
5717,3.7,7.7,3.9,3.4,2.7
5718,3.6,7.6,3.9,3.4,2.6
5719,3.5,7.1,3.8,3.2,2.6
5720,3.6,7.1,3.9,3.3,2.6
5721,3.3,4.5,3.8,-9.5,-5.6
5722,3.3,4.2,3.8,-9.5,-5.6
5723,3.2,3.7,3.7,-9.7,-5.7
5724,3.1,3.5,3.6,-9.7,-5.7
5725,3.1,3.4,-7.1,-3.4,-1.7
5726,3.1,3.7,-7.1,-9.7,-5.7
5727,3.0,3.2,-7.1,-9.9,-5.8
5728,3.1,3.7,-7.1,-9.7,-5.7
5729,3.0,3.5,-7.2,-9.9,-5.8
5730,2.9,3.3,-7.3,2.8,2.2
5731,3.0,3.0,-7.2,2.9,2.3
5732,3.2,4.0,-23.1,3.2,2.5
5733,3.1,3.8,-23.1,3.1,2.5
5734,3.1,3.7,-23.2,3.1,2.4
5735,3.0,3.5,-23.2,3.0,2.4
5736,3.1,3.7,3.5,3.1,2.4
5737,4.0,8.5,4.3,3.8,3.0
5738,4.7,10.3,5.0,4.6,3.6
5739,4.7,10.4,5.1,4.6,3.7
5740,4.7,10.3,5.0,4.6,3.6
5741,4.6,10.2,5.0,4.6,3.6
5742,5.4,12.0,5.8,5.4,4.2
5743,4.2,8.0,4.6,4.0,3.2
5744,2.2,0.0,2.4,1.6,1.3
5745,0.8,0.0,1.0,-12.7,-8.0
5746,-0.9,0.0,0.2,-14.1,-9.0
5747,-2.1,0.0,-1.2,-14.9,-9.7
5748,-2.6,0.0,0.3,-14.9,-9.8
5749,-4.9,0.0,-14.5,-11.0,-7.3
5750,-6.6,0.0,-15.9,-18.3,-12.2
5751,-7.3,0.0,-16.7,-19.1,-12.5
5752,-7.8,0.0,-17.8,-19.3,-12.7
5753,-8.3,0.0,-18.7,-21.0,-13.0
5754,-8.5,0.0,-19.3,-7.4,0.3
5755,0.4,0.0,-18.3,2.3,2.4
5756,2.2,0.0,-33.2,4.1,3.7
5757,3.2,0.0,-30.9,4.8,4.2
5758,3.8,0.0,-28.8,5.1,4.3
5759,4.8,0.0,-26.4,5.9,4.9
5760,5.5,0.0,6.2,6.3,5.1
5761,6.3,0.0,6.8,6.7,5.4
5762,6.6,5.9,6.9,6.7,5.3
5763,6.7,14.9,7.0,6.7,5.2
5764,6.2,13.8,6.5,6.2,4.8
5765,6.3,13.9,6.6,6.2,4.9
5766,5.8,12.8,6.1,5.7,4.5
5767,4.7,8.8,5.0,4.5,3.5
5768,3.0,2.2,3.3,2.5,2.0
5769,0.6,0.0,0.6,-13.1,-8.3
5770,-1.5,0.0,-1.1,-14.9,-9.5
5771,-3.4,0.0,-2.7,-16.5,-10.7
5772,-3.7,0.0,-2.6,-15.7,-10.4
5773,0.6,0.0,-12.7,-7.1,-4.8
5774,-3.5,0.0,-13.6,-15.0,-10.0
5775,-4.3,0.0,-14.3,-15.8,-10.6
5776,-16.3,0.0,-14.2,-15.0,-10.0
5777,-15.9,0.0,-13.9,-14.2,-9.5
5778,-14.9,0.0,-13.0,2.2,2.0
5779,-14.3,0.0,-12.4,2.4,2.2
5780,-32.1,0.0,-28.5,2.7,2.4
5781,-31.2,0.0,-27.8,2.7,2.4
5782,-30.1,0.0,-26.9,3.0,2.6
5783,-29.0,0.0,-25.9,3.3,2.7
5784,-10.3,0.0,3.5,3.3,2.7
5785,3.6,0.0,4.0,3.7,3.0
5786,4.6,1.1,4.9,4.6,3.6
5787,5.0,11.0,5.3,4.9,3.8
5788,4.9,10.6,5.2,4.8,3.7
5789,4.8,10.5,5.1,4.7,3.7
5790,4.7,10.2,5.0,4.6,3.6
5791,4.1,8.0,4.5,3.9,3.1
5792,4.3,8.0,4.6,4.0,3.2
5793,2.9,1.8,3.5,-10.0,-5.9
5794,0.5,0.0,0.9,-13.1,-8.2
5795,-0.7,0.0,0.7,-14.0,-8.8
5796,-1.9,0.0,0.5,-14.8,-9.5
5797,-2.2,0.0,-12.0,-8.1,-5.3
5798,1.7,0.0,-10.9,-12.3,-7.9
5799,1.7,0.0,-10.7,-12.2,-7.8
5800,2.4,0.0,-9.9,-11.5,-7.2
5801,0.9,0.0,-10.9,-14.0,-8.4
5802,1.9,0.0,-10.6,1.3,1.9
5803,2.3,0.0,-10.2,2.9,2.4
5804,3.3,0.0,-25.4,3.8,3.2
5805,3.5,0.0,-24.6,3.9,3.2
5806,3.7,0.0,-23.7,4.0,3.2
5807,4.0,0.6,-22.8,4.1,3.3
5808,4.5,8.8,4.9,4.6,3.6
5809,4.8,10.5,5.1,4.7,3.7
5810,4.8,10.6,5.2,4.7,3.7
5811,5.0,11.1,5.4,5.0,3.9
5812,4.9,10.8,5.3,4.9,3.8
5813,4.6,10.1,4.9,4.5,3.6
5814,4.6,10.0,4.9,4.5,3.6
5815,4.5,9.6,4.9,4.4,3.5
5816,3.8,5.9,4.2,3.5,2.8
5817,3.8,5.9,4.3,-8.9,-5.1
5818,1.7,0.0,2.4,-11.5,-7.0
5819,1.0,0.0,1.8,-12.5,-7.7
5820,0.0,0.0,1.0,-13.8,-8.7
5821,-2.3,0.0,-11.9,-8.7,-5.6
5822,-2.9,0.0,-12.6,-15.2,-9.9
5823,-4.2,0.0,-13.8,-16.6,-10.7
5824,-15.8,0.0,-13.6,-14.8,-9.7
5825,-15.5,0.0,-13.4,-13.9,-9.2
5826,-15.4,0.0,-13.4,1.3,1.5
5827,-14.6,0.0,-12.6,2.4,2.2
5828,-31.5,0.0,-27.8,3.7,3.1
5829,-29.4,0.0,-26.0,4.6,3.8
5830,-27.6,0.0,-24.5,4.9,4.0
5831,-26.4,0.0,-23.6,4.6,3.7
5832,-7.8,0.0,4.8,4.5,3.6
5833,4.5,9.2,4.8,4.4,3.4
5834,5.0,11.0,5.3,4.9,3.9
5835,5.4,11.8,5.7,5.3,4.2
5836,5.7,12.6,6.0,5.7,4.5
5837,5.9,13.1,6.2,5.9,4.6
5838,5.8,12.9,6.1,5.8,4.6
5839,4.2,8.4,4.6,4.1,3.3
5840,2.0,0.2,2.3,1.5,1.3
5841,-0.3,0.0,-0.0,-1.1,-0.7
5842,-2.4,0.0,-2.0,-3.4,-2.2
5843,-4.7,0.0,-3.9,-5.6,-3.7
5844,-6.1,0.0,-4.9,-6.8,-4.4
5845,-7.1,0.0,-16.7,-7.3,-4.6
5846,-8.0,0.0,-17.2,-7.7,-4.7
5847,-8.4,0.0,-17.7,-8.2,-4.6
5848,-22.7,0.0,-18.3,-8.9,-4.6
5849,-23.3,0.0,-18.9,-9.3,-4.3
5850,-23.8,0.0,-19.3,-9.6,-3.7
5851,-23.1,0.0,-18.0,-3.7,-1.7
5852,-45.3,0.0,-36.0,-2.2,-0.5
5853,-44.0,0.0,-35.0,-1.4,-0.0
5854,-43.0,0.0,-34.3,-1.1,0.2
5855,-54.5,0.0,-46.9,-8.1,0.6
5856,-29.8,0.0,-14.0,0.2,1.1
5857,-12.8,0.0,-12.1,1.2,1.7
5858,-10.9,0.0,0.7,1.8,2.2
5859,0.5,0.0,1.7,2.7,2.7
5860,1.8,0.0,2.9,3.7,3.5
5861,3.1,0.0,4.0,4.8,4.2
5862,3.8,0.0,4.6,5.2,4.4
5863,3.1,0.0,3.8,4.0,3.5
5864,1.5,0.0,2.1,1.9,1.7
5865,-4.5,0.0,-4.1,-3.0,-2.6
5866,-2.7,0.0,-1.9,-2.8,-1.7
5867,-4.2,0.0,-3.2,-4.3,-2.8
5868,-5.7,0.0,-4.3,-5.7,-3.7
5869,-7.0,0.0,-16.9,-6.8,-4.3
5870,-7.6,0.0,-17.1,-6.9,-4.2
5871,-8.0,0.0,-17.7,-7.4,-4.3
5872,-22.6,0.0,-18.3,-8.1,-4.3
5873,-22.6,0.0,-18.3,-7.3,-3.5
5874,-22.2,0.0,-17.8,-6.2,-2.5
5875,-20.9,0.0,-16.4,-2.3,-0.8
5876,-56.1,0.0,-48.4,-9.0,0.1
5877,-53.7,0.0,-46.3,-7.5,0.9
5878,-51.2,0.0,-44.1,0.8,1.5
5879,-48.5,0.0,-41.9,1.7,2.0
5880,-24.5,0.0,1.0,2.1,2.3
5881,0.6,0.0,1.6,2.6,2.6
5882,1.4,0.0,2.4,3.1,3.0
5883,1.5,0.0,2.3,2.9,2.7
5884,2.0,0.0,2.8,3.2,2.9
5885,2.6,0.0,3.3,3.6,3.1
5886,2.9,0.0,3.4,3.6,3.1
5887,2.7,0.0,3.2,3.2,2.7
5888,1.2,0.0,1.6,1.2,1.1
5889,-3.8,0.0,-3.6,-16.1,-10.9
5890,-3.7,0.0,-3.2,-17.2,-11.3
5891,-5.6,0.0,-4.8,-19.2,-12.6
5892,-7.4,0.0,-6.2,-20.9,-13.7
5893,-8.4,0.0,-18.2,-14.9,-9.7
5894,-9.1,0.0,-18.6,-21.9,-14.2
5895,-9.3,0.0,-18.9,-22.3,-14.1
5896,-9.6,0.0,-19.7,-22.9,-14.2
5897,-9.1,0.0,-19.7,-22.5,-13.7
5898,-8.4,0.0,-19.3,-8.0,-3.6
5899,-6.1,0.0,-17.0,-2.9,-1.2
5900,-17.5,0.0,-48.4,-8.6,0.6
5901,-15.4,0.0,-46.0,0.6,1.3
5902,-13.5,0.0,-43.8,1.2,1.8
5903,-12.3,0.0,-42.2,1.2,1.7
5904,-11.2,0.0,0.1,1.2,1.6
5905,-9.6,0.0,0.7,1.6,1.8
5906,0.3,0.0,1.3,2.0,2.1
5907,0.9,0.0,1.7,2.4,2.3
5908,1.5,0.0,2.3,2.8,2.5
5909,1.9,0.0,2.6,2.9,2.6
5910,2.6,0.0,3.2,3.5,3.0
5911,2.7,0.0,3.3,3.3,2.8
5912,1.3,0.0,1.8,1.4,1.3
5913,-4.0,0.0,-3.7,-16.0,-10.9
5914,-2.7,0.0,-2.2,-16.1,-10.4
5915,-4.5,0.0,-3.8,-18.1,-11.8
5916,-6.5,0.0,-5.3,-20.0,-13.1
5917,-7.4,0.0,-17.3,-14.0,-9.0
5918,-7.8,0.0,-17.4,-20.7,-13.3
5919,-7.8,0.0,-17.5,-20.8,-13.0
5920,-7.3,0.0,-17.5,-20.7,-12.6
5921,-6.4,0.0,-17.0,-20.0,-11.8
5922,-5.3,0.0,-16.2,-5.3,-1.6
5923,-16.4,0.0,-28.0,-8.5,0.0
5924,-14.5,0.0,-44.7,0.2,0.9
5925,-12.8,0.0,-42.8,0.9,1.4
5926,-11.1,0.0,-40.8,1.5,1.8
5927,-9.6,0.0,-39.1,1.8,2.0
5928,-8.4,0.0,1.0,1.9,2.0
5929,0.3,0.0,1.2,1.9,2.0
5930,1.2,0.0,2.0,2.6,2.4
5931,2.4,0.0,3.1,3.6,3.1
5932,3.6,0.0,4.2,4.6,3.8
5933,3.8,0.0,4.4,4.6,3.7
5934,3.9,0.0,4.3,4.4,3.5
5935,4.3,0.0,4.7,4.5,3.6
5936,2.6,0.0,3.0,2.4,2.0
5937,1.9,0.0,2.4,-11.6,-7.4
5938,0.5,0.0,1.1,-13.2,-8.5
5939,0.5,0.0,1.2,-13.2,-8.6
5940,-1.5,0.0,0.6,-14.1,-9.2
5941,-2.4,0.0,-12.6,-8.5,-5.7
5942,-4.3,0.0,-14.3,-16.7,-11.2
5943,-2.4,0.0,-12.4,-15.5,-9.9
5944,-17.7,0.0,-15.6,-16.6,-11.3
5945,-17.7,0.0,-15.7,-15.9,-10.9
5946,-17.4,0.0,-15.5,0.4,0.7
5947,-16.8,0.0,-14.9,1.3,1.3
5948,-35.3,0.0,-31.4,1.6,1.5
5949,-34.5,0.0,-30.7,1.7,1.6
5950,-33.6,0.0,-30.0,1.9,1.7
5951,-32.1,0.0,-28.6,2.8,2.4
5952,-12.3,0.0,3.2,3.2,2.7
5953,3.2,0.0,3.6,3.5,2.8
5954,4.3,0.0,4.7,4.5,3.6
5955,3.8,0.0,4.1,3.8,3.0
5956,6.0,6.9,6.2,5.9,4.5
5957,5.1,11.1,5.3,4.9,3.8
5958,5.3,11.5,5.5,5.1,3.9
5959,4.6,9.7,4.9,4.4,3.4
5960,4.2,8.4,4.5,3.9,3.1
5961,3.2,3.6,3.7,-9.7,-5.7
5962,2.5,0.4,3.1,-10.5,-6.3
5963,2.6,0.6,3.1,-10.5,-6.3
5964,2.6,1.5,3.1,-10.4,-6.2
5965,1.9,0.0,-8.1,-4.9,-2.8
5966,1.5,0.0,-8.5,-11.8,-7.3
5967,1.3,0.0,-9.0,-12.1,-7.5
5968,1.3,0.0,-9.3,-12.2,-7.6
5969,2.2,0.0,-8.8,-11.3,-6.9
5970,2.7,0.0,-8.3,2.3,2.1
5971,3.4,0.0,-7.5,3.5,2.8
5972,4.5,4.2,-22.2,4.6,3.6
5973,4.8,9.7,-21.5,4.8,3.8
5974,4.9,9.9,-21.4,4.9,3.8
5975,4.6,9.1,-21.6,4.6,3.6
5976,4.7,9.3,5.1,4.7,3.7
5977,4.8,10.5,5.1,4.7,3.7
5978,4.5,9.7,4.8,4.3,3.4
5979,4.4,9.6,4.7,4.3,3.4
5980,4.4,9.5,4.7,4.3,3.4
5981,4.5,9.8,4.8,4.4,3.5
5982,4.4,9.6,4.7,4.3,3.4
5983,4.4,9.4,4.7,4.3,3.4
5984,4.0,8.0,4.4,3.8,3.1
5985,3.2,3.7,3.7,-9.6,-5.6
5986,2.4,0.3,3.1,-10.5,-6.3
5987,3.1,2.9,3.7,-9.8,-5.7
5988,1.3,0.0,2.1,-11.8,-7.2
5989,2.2,0.0,-8.1,-4.5,-2.5
5990,0.7,0.0,-9.3,-12.7,-7.9
5991,1.2,0.0,-9.4,-12.2,-7.6
5992,-9.7,0.0,-8.3,-10.3,-6.2
5993,-10.5,0.0,-9.0,-11.5,-7.0
5994,-10.6,0.0,-9.1,1.6,1.7
5995,-10.4,0.0,-9.0,2.6,2.2
5996,-27.3,0.0,-24.5,3.3,2.7
5997,-26.5,0.0,-24.0,3.3,2.7
5998,-25.7,0.1,-23.2,3.5,2.8
5999,-24.8,6.1,-22.5,3.8,3.0
6000,-7.9,5.2,3.9,3.5,2.8
6001,4.2,9.0,4.5,4.0,3.2
6002,5.2,11.5,5.5,5.1,4.0
6003,4.6,10.1,5.0,4.5,3.6
6004,5.4,11.9,5.7,5.3,4.2
6005,4.5,9.8,4.8,4.4,3.5
6006,4.6,10.2,5.0,4.6,3.6
6007,4.3,9.3,4.7,4.2,3.4
6008,3.8,7.4,4.2,3.6,2.9
6009,3.4,5.0,3.9,3.4,2.7
6010,2.2,0.0,2.8,2.0,1.7
6011,1.7,0.0,2.4,1.4,1.2
6012,0.8,0.0,1.7,0.3,0.5
6013,-1.3,0.0,-11.0,-1.8,-1.0
6014,-2.1,0.0,-11.8,-1.9,-1.2
6015,-3.0,0.0,-12.8,-2.6,-1.7
6016,-17.1,0.0,-14.4,-6.7,-3.1
6017,-18.9,0.0,-16.5,-5.1,-3.2
6018,-19.7,0.0,-17.7,-10.0,-3.7
6019,-21.2,0.0,-18.4,1.9,2.1
6020,-39.1,0.0,-33.9,3.3,3.2
6021,-36.9,0.0,-32.1,3.8,3.4
6022,-34.0,0.0,-29.6,4.9,4.2
6023,-31.1,0.0,-27.1,5.7,4.8
6024,-10.0,0.0,6.0,6.2,5.1
6025,6.4,0.0,6.9,6.8,5.5
6026,6.9,2.8,7.2,7.1,5.6
6027,6.6,14.7,6.9,6.6,5.1
6028,6.2,13.7,6.5,6.1,4.8
6029,5.6,12.3,5.9,5.5,4.4
6030,5.1,11.3,5.5,5.1,4.0
6031,4.9,10.7,5.3,4.8,3.8
6032,4.3,8.4,4.7,4.2,3.3
6033,3.3,3.9,3.9,3.2,2.6
6034,2.3,0.0,2.9,2.1,1.8
6035,1.2,0.0,2.0,0.7,0.8
6036,0.8,0.0,1.7,0.5,0.6
6037,0.7,0.0,-9.9,0.4,0.6
6038,0.2,0.0,-10.6,-0.6,0.3
6039,-1.6,0.0,-11.5,-1.3,-0.8
6040,-13.8,0.0,-11.9,-1.3,0.2
6041,-14.4,0.0,-12.5,0.1,0.5
6042,-14.1,0.0,-12.3,0.8,1.2
6043,-13.2,0.0,-11.5,2.6,2.3
6044,-30.5,0.0,-27.1,3.3,2.8
6045,-28.7,0.0,-25.5,4.1,3.4
6046,-26.7,0.0,-23.8,4.9,4.0
6047,-24.8,0.0,-22.2,5.4,4.3
6048,-5.8,12.0,6.1,5.8,4.6
6049,5.9,13.0,6.2,5.8,4.6
6050,6.3,14.1,6.7,6.3,5.0
6051,7.2,16.1,7.5,7.2,5.6
6052,7.7,17.2,8.0,7.7,6.1
6053,7.9,17.8,8.3,8.0,6.3
6054,8.0,18.1,8.4,8.1,6.4
6055,7.6,16.9,8.0,7.7,6.0
6056,4.9,8.3,5.3,4.7,3.8
6057,2.8,0.0,3.2,-10.4,-6.1
6058,0.4,0.0,0.8,-13.2,-8.2
6059,-2.6,0.0,-2.0,-16.0,-10.3
6060,-3.0,0.0,-2.0,-16.6,-10.5
6061,-4.1,0.0,-13.7,-11.2,-6.9
6062,-4.5,0.0,-13.9,-17.6,-11.0
6063,-4.8,0.0,-14.3,-17.9,-11.0
6064,-3.8,0.0,-13.9,-16.2,-10.1
6065,-3.4,0.0,-13.7,-15.7,-9.7
6066,-9.0,0.0,-19.8,-4.9,0.2
6067,-7.6,0.0,-18.5,0.8,1.2
6068,0.1,0.0,-34.6,1.7,1.9
6069,0.7,0.0,-33.2,2.2,2.2
6070,1.3,0.0,-31.9,2.6,2.5
6071,2.1,0.0,-30.2,3.3,3.0
6072,3.0,0.0,3.8,4.0,3.5
6073,3.6,0.0,4.2,4.3,3.6
6074,3.2,0.0,3.8,3.7,3.1
6075,3.6,0.0,4.1,3.9,3.2
6076,3.6,0.0,4.0,3.7,3.0
6077,4.2,1.4,4.5,4.2,3.3
6078,4.8,10.5,5.1,4.7,3.7
6079,4.7,9.8,5.0,4.5,3.6
6080,3.8,6.9,4.2,3.6,2.9
6081,1.8,0.0,2.2,-11.4,-6.9
6082,1.9,0.0,2.6,-11.3,-6.8
6083,2.6,0.0,3.2,-10.4,-6.2
6084,2.9,0.0,3.4,-10.1,-6.0
6085,3.4,4.7,-6.8,-3.1,-1.4
6086,3.3,4.0,-6.9,-9.6,-5.6
6087,3.0,2.9,-7.1,-9.9,-5.8
6088,2.3,0.0,-7.7,-10.8,-6.4
6089,2.2,0.0,-7.8,-11.7,-6.6
6090,2.5,0.0,-8.3,-1.3,1.6
6091,3.5,0.0,-8.1,3.9,3.2
6092,5.5,0.0,-21.9,5.8,4.6
6093,6.2,13.8,-20.1,6.3,5.0
6094,7.6,19.4,-18.7,7.8,6.1
6095,8.2,21.5,-18.1,8.4,6.6
6096,8.2,21.6,8.6,8.4,6.6
6097,8.7,19.7,9.0,8.8,6.9
6098,9.0,20.5,9.4,9.2,7.2
6099,9.4,21.3,9.8,9.6,7.5
6100,9.3,21.3,9.7,9.6,7.5
6101,9.8,22.4,10.2,10.1,7.9
6102,9.9,22.6,10.3,10.2,8.0
6103,9.2,20.6,9.6,9.4,7.4
6104,6.0,10.2,6.4,5.8,4.7
6105,2.8,0.0,3.1,-10.4,-6.1
6106,1.1,0.0,1.5,-12.5,-7.5
6107,0.2,0.0,0.7,-14.0,-8.6
6108,-2.2,0.0,0.4,-14.9,-9.5
6109,0.7,0.0,-11.4,-6.7,-4.2
6110,-2.6,0.0,-12.4,-14.6,-9.4
6111,-3.5,0.0,-13.2,-15.5,-9.9
6112,-14.8,0.0,-12.7,-13.5,-8.8
6113,-14.5,0.0,-12.4,-13.3,-8.6
6114,-14.3,0.0,-12.5,-2.2,1.6
6115,-13.9,0.0,-11.9,3.4,3.0
6116,-30.8,0.0,-27.1,4.2,3.6
6117,-28.7,0.0,-25.3,5.0,4.1
6118,-26.5,0.0,-23.5,5.5,4.5
6119,-23.8,2.3,-21.1,6.7,5.3
6120,-4.3,19.1,7.6,7.4,5.8
6121,7.5,17.0,7.9,7.6,6.0
6122,7.5,17.0,7.9,7.7,6.0
6123,8.6,19.6,9.0,8.8,6.9
6124,9.2,21.0,9.6,9.4,7.4
6125,9.5,21.8,10.0,9.8,7.7
6126,9.9,22.6,10.3,10.2,8.0
6127,9.3,20.9,9.7,9.5,7.5
6128,5.3,8.5,5.7,5.1,4.1
6129,2.3,0.0,2.5,-11.0,-6.5
6130,0.5,0.0,0.8,-13.2,-8.1
6131,-1.8,0.0,-1.3,-15.2,-9.5
6132,-3.8,0.0,-2.9,-16.8,-10.7
6133,-6.2,0.0,-15.9,-12.0,-7.9
6134,-3.8,0.0,-13.0,-17.0,-10.3
6135,-9.0,0.0,-18.4,-20.2,-13.2
6136,-3.8,0.0,-13.5,-18.0,-10.1
6137,-10.9,0.0,-21.5,-22.7,-14.3
6138,-10.9,0.0,-21.6,-5.2,0.6
6139,-8.1,0.0,-19.0,2.1,2.4
6140,2.1,0.0,-33.7,4.2,3.9
6141,2.5,0.0,-31.8,4.3,3.9
6142,4.7,0.0,-28.4,6.2,5.3
6143,5.8,0.0,-25.5,7.1,5.9
6144,6.8,0.0,7.5,7.8,6.3
6145,7.6,0.0,8.1,8.0,6.4
6146,8.2,17.4,8.6,8.3,6.5
6147,8.1,18.4,8.5,8.3,6.5
6148,8.9,20.2,9.3,9.1,7.1
6149,8.8,20.0,9.2,9.0,7.1
6150,8.4,19.2,8.8,8.6,6.8
6151,7.9,17.8,8.4,8.1,6.4
6152,5.7,9.4,6.0,5.4,4.4
6153,3.2,0.0,3.5,-10.0,-5.8
6154,0.7,0.0,1.0,-12.9,-7.9
6155,-2.5,0.0,-2.0,-16.1,-10.2
6156,-2.8,0.0,-1.8,-16.5,-10.2
6157,-3.8,0.0,-13.5,-10.8,-6.6
6158,-4.6,0.0,-14.1,-17.7,-11.0
6159,-4.8,0.0,-14.2,-17.9,-10.9
6160,-18.2,0.0,-14.7,-18.3,-10.9
6161,-18.2,0.0,-14.7,-17.7,-10.4
6162,-17.5,0.0,-14.0,-1.5,-0.3
6163,-24.0,0.0,-21.0,1.2,1.7
6164,-43.2,0.0,-37.4,1.8,2.1
6165,-41.6,0.0,-36.1,2.0,2.2
6166,-39.5,0.0,-34.4,2.6,2.6
6167,-38.4,0.0,-33.6,2.2,2.2
6168,-17.9,0.0,1.5,1.9,2.0
6169,1.0,0.0,1.9,2.1,2.1
6170,1.7,0.0,2.4,2.6,2.4
6171,2.0,0.0,2.7,2.8,2.5
6172,2.2,0.0,2.8,2.8,2.4
6173,2.2,0.0,2.8,2.7,2.3
6174,2.7,0.0,3.2,3.0,2.5
6175,2.7,0.0,3.1,2.8,2.3
6176,2.7,0.0,3.1,2.6,2.2
6177,1.9,0.0,2.4,1.8,1.6
6178,1.4,0.0,2.0,1.3,1.1
6179,1.4,0.0,2.0,1.3,1.2
6180,0.1,0.0,0.9,-0.5,0.1
6181,0.8,0.0,-10.3,0.8,0.8
6182,1.3,0.0,-10.0,1.3,1.2
6183,0.6,0.0,-10.5,0.6,0.6
6184,-11.9,0.0,-10.5,1.0,0.9
6185,-11.5,0.0,-10.0,2.0,1.7
6186,-11.1,0.0,-9.6,2.5,2.1
6187,-10.6,0.0,-9.2,2.8,2.3
6188,-27.8,0.0,-25.1,3.0,2.4
6189,-27.0,0.0,-24.4,3.2,2.6
6190,-25.4,0.0,-22.9,4.2,3.4
6191,-23.8,9.0,-21.6,4.8,3.8
6192,-5.6,13.4,6.2,5.9,4.6
6193,6.7,14.8,7.0,6.6,5.2
6194,6.7,14.8,7.0,6.6,5.2
6195,7.1,15.8,7.4,7.1,5.5
6196,7.1,15.9,7.4,7.1,5.6
6197,7.2,16.2,7.5,7.3,5.7
6198,7.4,16.7,7.8,7.5,5.9
6199,7.2,16.0,7.5,7.2,5.7
6200,5.6,10.4,6.0,5.5,4.3
6201,4.1,4.1,4.6,3.8,3.1
6202,3.1,0.8,3.8,2.8,2.4
6203,3.4,3.7,4.1,3.3,2.7
6204,2.9,2.0,3.6,2.8,2.3
6205,2.2,0.0,-7.8,2.0,1.7
6206,1.6,0.0,-8.4,1.4,1.2
6207,1.4,0.0,-8.7,1.2,1.1
6208,-8.7,0.0,-7.4,3.2,2.6
6209,-8.4,0.0,-7.2,3.2,2.6
6210,-8.3,1.6,-7.0,3.2,2.6
6211,-8.2,2.3,-7.0,3.3,2.6
6212,-25.5,3.5,-23.2,3.0,2.5
6213,-25.7,3.0,-23.3,2.9,2.3
6214,-26.2,1.1,-23.9,2.3,1.9
6215,-26.4,0.6,-24.0,2.2,1.8
6216,-9.3,0.0,2.6,2.1,1.7
6217,2.4,2.7,2.7,2.2,1.8
6218,2.3,4.7,2.7,2.1,1.8
6219,2.8,5.9,3.1,2.6,2.1
6220,3.4,7.2,3.7,3.2,2.6
6221,3.9,8.4,4.2,3.8,3.0
6222,3.8,8.2,4.1,3.7,2.9
6223,4.0,8.5,4.3,3.9,3.1
6224,3.2,5.3,3.6,3.0,2.4
6225,1.6,0.0,2.0,-11.7,-7.1
6226,1.0,0.0,1.6,-12.4,-7.7
6227,0.5,0.0,1.3,-13.1,-8.2
6228,-1.1,0.0,0.9,-13.9,-8.8
6229,-1.9,0.0,-11.8,-8.2,-5.2
6230,-2.7,0.0,-12.6,-14.8,-9.6
6231,-4.0,0.0,-13.4,-16.7,-10.4
6232,-3.9,0.0,-14.1,-15.5,-10.1
6233,-3.9,0.0,-14.3,-15.1,-10.0
6234,0.5,0.0,-13.7,1.4,1.4
6235,1.7,0.0,-12.5,2.6,2.3
6236,2.2,0.0,-28.2,3.0,2.6
6237,2.6,0.0,-27.1,3.3,2.8
6238,2.9,0.0,-26.2,3.4,2.9
6239,3.0,0.0,-25.5,3.4,2.8
6240,3.4,0.0,3.9,3.7,3.1
6241,4.2,0.0,4.6,4.3,3.4
6242,4.3,6.9,4.6,4.2,3.3
6243,4.8,10.5,5.1,4.7,3.7
6244,4.2,9.1,4.5,4.1,3.2
6245,4.3,9.2,4.6,4.1,3.3
6246,4.3,9.4,4.6,4.2,3.3
6247,4.2,9.0,4.5,4.1,3.2
6248,4.2,8.5,4.6,4.0,3.2
6249,3.5,4.9,4.0,-9.3,-5.3
6250,2.8,1.6,3.4,-10.1,-5.9
6251,2.5,0.2,3.2,-10.5,-6.2
6252,2.5,0.3,3.1,-10.5,-6.2
6253,2.0,0.0,-7.9,-4.7,-2.6
6254,0.5,0.0,-9.4,-12.8,-8.0
6255,-1.0,0.0,-10.6,-14.2,-8.8
6256,-2.0,0.0,-11.8,-16.1,-9.5
6257,0.1,0.0,-12.4,-14.1,-9.1
6258,1.1,0.0,-11.7,1.7,1.6
6259,2.5,0.0,-10.2,3.1,2.7
6260,2.5,0.0,-26.1,3.0,2.5
6261,2.5,0.0,-25.7,2.8,2.4
6262,2.6,0.0,-25.1,2.9,2.4
6263,2.9,0.0,-24.4,3.1,2.6
6264,3.2,0.0,3.7,3.4,2.7
6265,4.0,5.1,4.3,3.9,3.1
6266,4.4,9.7,4.8,4.3,3.4
6267,4.7,10.4,5.1,4.6,3.7
6268,4.7,10.3,5.0,4.6,3.6
6269,5.1,11.3,5.5,5.1,4.0
6270,6.1,13.6,6.4,6.1,4.8
6271,6.4,14.0,6.7,6.4,5.0
6272,5.5,11.0,5.9,5.4,4.3
6273,2.3,0.0,2.5,-11.0,-6.6
6274,0.7,0.0,0.8,-13.2,-8.1
6275,0.7,0.0,1.4,-13.1,-8.2
6276,-1.7,0.0,0.5,-14.5,-9.2
6277,-2.1,0.0,-12.1,-8.1,-5.2
6278,0.2,0.0,-12.2,-13.8,-9.0
6279,-3.1,0.0,-12.9,-15.3,-9.8
6280,-15.5,0.0,-13.2,-15.7,-9.8
6281,-15.5,0.0,-13.4,-14.3,-9.3
6282,-14.8,0.0,-12.7,2.4,2.2
6283,-13.0,0.0,-11.1,3.8,3.3
6284,-29.4,0.0,-25.9,4.9,4.1
6285,-27.1,0.0,-24.0,5.6,4.5
6286,-24.3,0.0,-21.6,6.6,5.2
6287,-21.8,15.5,-19.4,7.2,5.6
6288,-3.8,21.1,8.0,7.8,6.1
6289,7.9,17.8,8.2,8.0,6.2
6290,8.0,17.9,8.3,8.0,6.3
6291,8.0,18.1,8.4,8.1,6.4
6292,8.4,19.0,8.8,8.5,6.7
6293,8.4,18.9,8.7,8.5,6.7
6294,8.6,19.4,8.9,8.7,6.9
6295,8.5,19.2,8.9,8.7,6.8
6296,6.3,12.3,6.8,6.3,5.0
6297,5.8,12.6,6.4,-6.7,-3.3
6298,4.8,8.8,5.5,-7.8,-4.1
6299,3.7,4.8,4.4,-9.0,-5.0
6300,2.8,1.1,3.6,-10.0,-5.8
6301,2.3,0.0,-7.6,-4.3,-2.2
6302,-0.1,0.0,-9.4,-13.8,-8.2
6303,0.6,0.0,-10.1,-13.0,-8.0
6304,0.6,0.0,-10.7,-13.0,-8.1
6305,0.8,0.0,-10.8,-13.3,-8.1
6306,1.9,0.0,-10.0,2.3,2.1
6307,4.3,0.0,-7.5,4.9,4.0
6308,5.7,0.5,-21.6,6.2,4.9
6309,6.7,16.4,-19.5,6.9,5.5
6310,7.1,17.8,-19.1,7.3,5.8
6311,7.4,18.8,-18.8,7.7,6.0
6312,7.5,19.5,8.1,7.9,6.2
6313,8.0,18.3,8.5,8.2,6.5
6314,8.2,18.7,8.7,8.4,6.7
6315,8.2,18.8,8.7,8.5,6.7
6316,7.7,17.6,8.2,7.9,6.3
6317,7.7,17.5,8.1,7.9,6.3
6318,7.7,17.6,8.2,7.9,6.3
6319,7.9,18.0,8.4,8.2,6.5
6320,6.1,11.7,6.6,6.1,4.9
6321,3.8,2.2,4.2,-9.2,-5.1
6322,1.9,0.0,2.2,-11.6,-6.8
6323,0.5,0.0,1.0,-13.4,-8.1
6324,-2.1,0.0,-1.3,-15.4,-9.6
6325,-4.3,0.0,-14.1,-10.6,-6.7
6326,-6.0,0.0,-15.6,-17.9,-11.6
6327,-3.2,0.0,-12.6,-16.4,-9.8
6328,-16.2,0.0,-13.1,-16.9,-9.8
6329,-16.1,0.0,-13.0,-16.3,-9.2
6330,-22.5,0.0,-19.7,-4.2,0.7
6331,-19.7,0.0,-17.1,2.9,2.9
6332,-37.2,0.0,-32.2,4.2,3.8
6333,-34.7,0.0,-30.1,4.7,4.1
6334,-32.7,0.0,-28.6,4.6,4.0
6335,-31.9,0.0,-28.1,3.6,3.2
6336,-12.7,0.0,3.1,3.2,2.8
6337,2.7,0.0,3.3,3.2,2.8
6338,3.0,0.0,3.6,3.4,2.9
6339,2.4,0.0,2.9,2.6,2.2
6340,2.2,0.0,2.7,2.3,1.9
6341,2.3,0.0,2.7,2.3,1.9
6342,2.6,4.9,3.0,2.5,2.1
6343,2.5,5.1,2.9,2.3,1.9
6344,2.5,4.1,2.9,2.3,1.9
6345,2.0,0.0,2.5,1.8,1.5
6346,2.0,0.4,2.5,1.9,1.6
6347,3.8,6.3,4.3,3.8,3.0
6348,3.1,2.6,3.8,3.0,2.4
6349,3.2,3.1,-6.8,3.1,2.5
6350,2.2,0.0,-7.6,1.9,1.7
6351,0.8,0.0,-8.8,-0.2,0.5
6352,-11.6,0.0,-9.7,-0.9,0.6
6353,-12.1,0.0,-10.4,-1.5,1.2
6354,-12.2,0.0,-10.5,2.8,2.5
6355,-10.7,0.0,-9.1,4.0,3.3
6356,-27.3,0.0,-24.3,4.5,3.7
6357,-26.1,0.0,-23.3,4.5,3.6
6358,-24.6,3.3,-22.1,4.8,3.8
6359,-23.9,9.2,-21.6,4.7,3.7
6360,-6.7,8.6,5.1,4.8,3.8
6361,4.5,9.7,4.8,4.4,3.5
6362,4.5,9.7,4.8,4.4,3.5
6363,4.9,10.9,5.3,4.9,3.9
6364,5.0,11.1,5.4,5.0,4.0
6365,5.0,11.1,5.4,5.0,4.0
6366,5.1,11.4,5.5,5.1,4.1
6367,4.8,10.5,5.2,4.8,3.8
6368,4.5,8.7,4.9,4.3,3.5
6369,3.6,5.1,4.2,3.6,2.9
6370,3.3,3.9,3.9,3.2,2.6
6371,2.6,1.2,3.2,2.4,2.0
6372,0.3,0.0,0.7,-1.5,-0.3
6373,0.6,0.0,-10.4,0.2,0.6
6374,0.6,0.0,-10.7,0.5,0.8
6375,1.8,0.0,-10.2,2.1,2.0
6376,-10.2,0.0,-8.5,3.8,3.2
6377,-9.3,0.0,-7.7,4.1,3.4
6378,-8.5,0.0,-7.1,4.2,3.4
6379,-7.8,0.9,-6.5,4.3,3.4
6380,-24.3,7.9,-21.9,4.4,3.5
6381,-24.4,7.6,-22.0,4.3,3.4
6382,-24.8,6.0,-22.5,3.8,3.0
6383,-25.4,4.2,-23.0,3.2,2.6
6384,-8.6,0.5,3.3,2.8,2.3
6385,2.9,6.1,3.3,2.8,2.2
6386,2.9,6.1,3.3,2.8,2.2
6387,2.8,5.9,3.2,2.7,2.2
6388,2.9,6.1,3.3,2.8,2.2
6389,2.9,6.2,3.3,2.8,2.3
6390,2.8,6.0,3.2,2.7,2.2
6391,2.7,5.7,3.1,2.6,2.1
6392,2.4,4.2,2.8,2.2,1.8
6393,1.4,0.0,2.0,-11.5,-7.0
6394,0.0,0.0,0.4,-13.6,-8.5
6395,-1.7,0.0,-1.2,-15.1,-9.6
6396,-1.8,0.0,0.7,-14.0,-9.1
6397,-2.5,0.0,-12.6,-8.1,-5.4
6398,-3.1,0.0,-13.2,-14.9,-9.8
6399,-2.7,0.0,-13.1,-14.2,-9.4
6400,-2.7,0.0,-13.0,-14.2,-9.3
6401,0.8,0.0,-12.4,-13.2,-8.6
6402,1.1,0.0,-11.9,1.7,1.5
6403,1.2,0.0,-11.5,1.7,1.6
6404,1.3,0.0,-27.7,1.8,1.6
6405,1.3,0.0,-27.5,1.7,1.5
6406,1.4,0.0,-27.2,1.8,1.6
6407,1.7,0.0,-26.7,2.1,1.8
6408,3.0,0.0,3.5,3.3,2.8
6409,3.7,0.0,4.1,3.8,3.1
6410,3.8,0.4,4.1,3.7,3.0
6411,4.0,8.5,4.3,3.8,3.0
6412,4.0,8.6,4.3,3.9,3.0
6413,4.0,8.6,4.3,3.9,3.1
6414,4.0,8.6,4.3,3.9,3.1
6415,3.9,8.4,4.3,3.8,3.0
6416,3.9,8.3,4.2,3.8,3.0
6417,3.7,6.5,4.1,-9.0,-5.1
6418,3.7,5.2,4.2,-9.1,-5.2
6419,2.7,1.0,3.4,-10.3,-6.0
6420,2.8,2.0,3.4,-10.1,-5.9
6421,3.1,3.8,-7.0,-3.3,-1.6
6422,2.4,0.3,-7.6,-10.5,-6.3
6423,3.1,3.8,-7.1,-9.7,-5.7
6424,3.4,5.2,-6.8,-9.3,-5.4
6425,3.6,6.1,-6.6,-9.1,-5.2
6426,3.7,6.6,-6.5,3.8,3.0
6427,3.9,6.5,-6.4,3.9,3.1
6428,4.0,7.0,-22.2,4.1,3.2
6429,4.2,7.7,-22.0,4.3,3.4
6430,4.2,7.5,-22.0,4.3,3.4
6431,4.1,7.4,-22.1,4.2,3.3
6432,4.2,7.7,4.7,4.3,3.4
6433,4.4,9.5,4.7,4.3,3.4
6434,4.4,9.7,4.8,4.3,3.5
6435,4.5,9.8,4.8,4.4,3.5
6436,4.5,9.8,4.8,4.4,3.5
6437,4.5,9.8,4.8,4.4,3.5
6438,4.5,9.8,4.8,4.4,3.5
6439,4.5,9.8,4.8,4.4,3.5
6440,4.2,9.0,4.6,4.2,3.4
6441,4.0,7.2,4.5,-8.6,-4.8
6442,3.5,4.9,4.1,-9.2,-5.2
6443,3.1,3.5,3.7,-9.6,-5.5
6444,3.0,2.9,3.6,-9.8,-5.7
6445,3.5,5.6,-6.6,-2.8,-1.1
6446,3.6,5.2,-6.5,-9.1,-5.2
6447,3.2,3.6,-6.8,-9.6,-5.5
6448,-8.1,1.9,-6.8,-9.4,-5.4
6449,-8.9,0.0,-7.6,-10.5,-6.1
6450,-8.0,1.2,-6.7,3.7,3.0
6451,-7.1,6.9,-5.9,4.4,3.5
6452,-24.2,8.3,-21.8,4.5,3.6
6453,-24.1,8.6,-21.7,4.6,3.7
6454,-23.8,9.5,-21.5,4.9,3.9
6455,-23.8,9.7,-21.4,4.9,3.9
6456,-6.7,8.9,5.2,4.9,3.9
6457,5.2,11.5,5.6,5.2,4.1
6458,5.6,12.5,6.0,5.6,4.5
6459,5.3,11.9,5.7,5.4,4.3
6460,5.3,11.9,5.7,5.4,4.3
6461,5.6,12.5,6.0,5.6,4.5
6462,5.7,12.7,6.1,5.7,4.6
6463,5.8,13.0,6.2,5.9,4.7
6464,5.3,11.2,5.8,5.3,4.3
6465,4.7,9.0,5.3,-7.9,-4.2
6466,4.2,6.1,4.8,-8.6,-4.7
6467,3.9,5.0,4.6,-8.9,-4.9
6468,5.6,12.3,6.2,-6.9,-3.4
6469,4.9,9.2,-5.1,-1.4,-0.0
6470,4.6,7.7,-5.4,-8.1,-4.3
6471,4.9,9.5,-5.2,-7.7,-4.1
6472,5.1,10.3,-5.0,-7.5,-3.9
6473,5.2,10.6,-4.9,-7.4,-3.8
6474,5.5,12.1,-4.6,5.7,4.6
6475,5.7,13.2,-4.4,6.0,4.8
6476,5.8,13.6,-20.3,6.1,4.9
6477,5.9,13.8,-20.2,6.2,4.9
6478,5.9,13.8,-20.2,6.2,5.0
6479,5.8,13.3,-20.3,6.1,4.8
6480,6.0,14.0,6.5,6.3,5.0
6481,6.1,13.9,6.6,6.3,5.0
6482,6.3,14.4,6.8,6.5,5.2
6483,6.4,14.5,6.9,6.6,5.3
6484,6.8,15.6,7.3,7.0,5.6
6485,7.0,16.0,7.5,7.2,5.8
6486,7.3,16.6,7.8,7.5,6.0
6487,7.6,17.3,8.1,7.9,6.3
6488,6.9,14.2,7.4,7.0,5.6
6489,5.2,6.3,5.5,-7.8,-4.0
6490,3.5,0.0,3.8,-9.9,-5.4
6491,2.3,0.0,2.8,-11.4,-6.5
6492,2.0,0.0,2.9,-11.5,-6.8
6493,1.0,0.0,-9.6,-6.7,-3.6
6494,0.7,0.0,-10.3,-13.5,-8.1
6495,2.6,0.0,-9.5,-10.9,-6.7
6496,-10.5,0.0,-8.8,-10.3,-6.1
6497,-10.3,0.0,-8.6,-11.0,-6.3
6498,-9.5,0.0,-7.9,4.1,3.5
6499,-8.6,0.0,-7.1,4.4,3.6
6500,-24.4,4.0,-21.8,5.2,4.2
6501,-23.4,11.2,-20.9,5.4,4.3
6502,-23.4,11.2,-20.9,5.4,4.3
6503,-23.4,11.2,-20.9,5.4,4.3
6504,-6.3,11.0,5.7,5.4,4.3
6505,5.4,12.1,5.8,5.4,4.4
6506,5.4,12.1,5.8,5.5,4.4
6507,5.5,12.3,5.9,5.6,4.5
6508,5.5,12.3,5.9,5.6,4.5
6509,5.5,12.3,5.9,5.6,4.5
6510,5.5,12.4,6.0,5.6,4.5
6511,5.6,12.6,6.0,5.7,4.6
6512,5.1,10.6,5.6,5.1,4.2
6513,4.3,6.8,4.9,4.3,3.6
6514,4.3,7.4,4.9,4.4,3.6
6515,4.5,8.7,5.1,4.7,3.8
6516,4.3,7.7,5.0,4.4,3.6
6517,3.9,5.9,-6.1,4.0,3.3
6518,2.3,0.0,-7.4,2.0,1.9
6519,1.9,0.0,-8.0,1.8,1.7
6520,-9.5,0.0,-7.9,2.0,1.9
6521,-9.7,0.0,-8.1,2.0,2.0
6522,-9.0,0.0,-7.5,3.5,3.0
6523,-7.9,0.0,-6.5,4.4,3.6
6524,-23.8,9.6,-21.4,4.9,4.0
6525,-24.0,9.1,-21.5,4.8,3.9
6526,-24.0,9.1,-21.5,4.8,3.9
6527,-23.8,9.8,-21.3,5.0,4.0
6528,-6.4,10.3,5.6,5.3,4.2
6529,5.3,11.8,5.7,5.3,4.3
6530,5.4,12.0,5.8,5.4,4.4
6531,5.3,11.8,5.7,5.3,4.3
6532,5.4,12.0,5.8,5.4,4.4
6533,5.4,12.1,5.8,5.5,4.4
6534,5.2,11.7,5.7,5.3,4.3
6535,5.3,11.8,5.7,5.4,4.3
6536,5.3,11.7,5.8,5.4,4.4
6537,5.0,10.5,5.6,5.2,4.2
6538,4.3,7.1,5.0,4.4,3.6
6539,3.3,2.3,4.1,3.1,2.7
6540,3.3,1.1,4.2,3.0,2.6
6541,1.3,0.0,-8.4,-0.2,0.9
6542,3.2,0.0,-7.6,3.2,2.8
6543,5.0,0.0,-5.8,5.3,4.3
6544,-5.5,12.7,-4.1,6.2,5.0
6545,-5.9,10.5,-4.6,5.5,4.5
6546,-5.7,12.6,-4.3,5.9,4.7
6547,-5.3,14.9,-4.0,6.4,5.1
6548,-22.4,14.8,-19.9,6.5,5.2
6549,-22.1,15.7,-19.7,6.8,5.4
6550,-22.0,16.0,-19.6,6.9,5.5
6551,-22.1,15.9,-19.6,6.8,5.4
6552,-4.5,18.1,7.4,7.2,5.7
6553,7.1,16.1,7.5,7.3,5.8
6554,6.8,15.5,7.3,7.0,5.6
6555,6.7,15.3,7.2,6.9,5.5
6556,6.6,15.1,7.1,6.8,5.5
6557,6.6,15.1,7.1,6.8,5.5
6558,6.6,15.0,7.1,6.8,5.4
6559,6.5,14.8,7.0,6.7,5.4
6560,6.4,14.3,6.9,6.6,5.3
6561,5.9,13.3,6.6,-6.5,-3.1
6562,5.8,12.7,6.4,-6.6,-3.2
6563,5.4,11.1,6.1,-7.1,-3.5
6564,5.0,9.9,5.7,-7.5,-3.8
6565,4.5,8.5,-5.4,-1.6,-0.1
6566,4.0,6.8,-5.9,-8.5,-4.6
6567,2.9,3.0,-7.0,-9.7,-5.5
6568,1.6,0.0,-8.1,-11.3,-6.6
6569,1.6,0.0,-8.5,-12.3,-6.8
6570,2.3,0.0,-8.3,2.6,2.3
6571,3.4,0.0,-7.1,3.8,3.2
6572,3.7,5.0,-22.4,4.0,3.3
6573,4.8,10.1,-21.2,5.1,4.1
6574,5.5,12.3,-20.6,5.8,4.6
6575,6.1,14.4,-20.0,6.4,5.1
6576,6.2,14.9,6.8,6.6,5.2
6577,6.1,13.9,6.6,6.3,5.0
6578,6.6,15.0,7.1,6.8,5.4
6579,6.8,15.6,7.3,7.1,5.6
6580,7.0,15.9,7.5,7.2,5.8
6581,8.1,18.6,8.6,8.4,6.7
6582,8.3,19.2,8.8,8.7,6.9
6583,7.9,18.1,8.4,8.2,6.6
6584,6.1,12.5,6.6,6.2,5.0
6585,4.2,4.0,4.6,-8.7,-4.7
6586,2.6,0.0,3.0,-10.6,-6.0
6587,1.3,0.0,1.8,-12.4,-7.3
6588,0.3,0.0,1.1,-13.8,-8.3
6589,0.3,0.0,-11.0,-7.3,-4.3
6590,0.5,0.0,-11.3,-13.6,-8.5
6591,0.1,0.0,-11.8,-14.5,-8.8
6592,1.4,0.0,-11.6,-12.6,-8.0
6593,2.0,0.0,-10.9,-11.9,-7.4
6594,2.7,0.0,-9.9,3.4,3.0
6595,3.6,0.0,-8.5,4.3,3.6
6596,4.0,0.0,-23.7,4.5,3.8
6597,4.2,0.0,-22.7,4.6,3.8
6598,4.3,6.9,-21.9,4.6,3.7
6599,4.6,9.2,-21.5,4.8,3.9
6600,5.1,10.9,5.6,5.3,4.3
6601,5.8,13.2,6.3,6.0,4.8
6602,6.3,14.3,6.8,6.5,5.2
6603,6.2,14.1,6.7,6.4,5.1
6604,6.3,14.4,6.8,6.5,5.2
6605,5.9,13.4,6.4,6.0,4.9
6606,5.6,12.7,6.1,5.8,4.6
6607,5.4,12.1,5.8,5.5,4.4
6608,5.1,11.4,5.6,5.2,4.2
6609,4.5,8.9,5.1,-8.0,-4.2
6610,3.4,4.2,4.2,-9.2,-5.2
6611,1.5,0.0,2.4,-11.5,-6.8
6612,1.8,0.0,2.6,-11.1,-6.6
6613,1.6,0.0,-8.6,-4.9,-2.7
6614,0.4,0.0,-9.7,-12.7,-7.8
6615,0.2,0.0,-10.2,-13.2,-8.1
6616,-12.8,0.0,-10.9,-13.9,-8.5
6617,-13.1,0.0,-11.3,-13.4,-8.2
6618,-12.9,0.0,-11.1,2.1,1.9
6619,-12.4,0.0,-10.7,2.5,2.3
6620,-29.9,0.0,-26.7,2.8,2.4
6621,-29.2,0.0,-26.1,2.8,2.5
6622,-28.5,0.0,-25.5,2.9,2.5
6623,-27.9,0.0,-25.1,2.9,2.4
6624,-9.5,0.0,3.5,3.3,2.7
6625,3.3,0.0,3.8,3.4,2.8
6626,3.3,5.0,3.7,3.3,2.7
6627,3.3,7.2,3.7,3.3,2.7
6628,3.8,8.3,4.2,3.7,3.0
6629,3.9,8.6,4.3,3.9,3.1
6630,4.0,8.8,4.4,4.0,3.2
6631,3.6,7.8,4.0,3.6,2.9
6632,3.1,5.2,3.5,2.9,2.4
6633,2.1,0.0,2.6,-10.9,-6.5
6634,0.7,0.0,1.2,-12.7,-7.8
6635,-0.8,0.0,0.3,-14.2,-8.8
6636,-2.8,0.0,-2.2,-16.0,-10.2
6637,-2.5,0.0,-12.4,-9.5,-5.8
6638,-5.4,0.0,-15.4,-17.0,-11.3
6639,-5.5,0.0,-15.7,-16.6,-11.2
6640,-5.6,0.0,-16.0,-16.7,-11.1
6641,-5.3,0.0,-15.8,-15.8,-10.6
6642,-4.6,0.0,-15.2,0.9,1.1
6643,0.5,0.0,-14.4,1.5,1.6
6644,0.8,0.0,-30.6,1.7,1.7
6645,0.9,0.0,-30.0,1.8,1.8
6646,2.0,0.0,-28.5,2.8,2.5
6647,3.0,0.0,-26.9,3.8,3.2
6648,3.5,0.0,4.1,4.1,3.4
6649,3.9,0.0,4.4,4.2,3.4
6650,4.3,0.0,4.7,4.4,3.5
6651,4.3,5.3,4.6,4.2,3.4
6652,4.3,9.5,4.7,4.2,3.3
6653,4.5,9.8,4.8,4.4,3.5
6654,4.5,9.8,4.8,4.4,3.5
6655,4.6,10.0,4.9,4.5,3.6
6656,4.3,9.1,4.7,4.2,3.3
6657,3.9,6.6,4.3,-8.8,-5.0
6658,3.4,4.7,3.9,-9.3,-5.4
6659,3.5,4.8,4.0,-9.3,-5.3
6660,2.6,0.6,3.2,-10.4,-6.1
6661,1.3,0.0,-8.6,-5.6,-3.2
6662,0.8,0.0,-9.3,-12.8,-7.8
6663,0.5,0.0,-10.1,-13.3,-8.2
6664,-12.5,0.0,-10.6,-14.7,-8.4
6665,-12.9,0.0,-11.2,-14.9,-8.2
6666,-13.0,0.0,-11.1,3.4,2.9
6667,-11.0,0.0,-9.3,4.7,3.9
6668,-27.3,0.0,-24.1,5.3,4.3
6669,-25.3,0.0,-22.5,5.6,4.5
6670,-23.5,8.0,-21.0,5.9,4.6
6671,-22.6,13.7,-20.3,6.1,4.8
6672,-5.2,14.9,6.7,6.4,5.0
6673,6.4,14.4,6.8,6.5,5.1
6674,6.9,15.6,7.3,7.0,5.5
6675,7.0,15.8,7.4,7.1,5.6
6676,7.2,16.2,7.6,7.3,5.7
6677,7.2,16.2,7.6,7.3,5.7
6678,7.2,16.2,7.6,7.3,5.8
6679,7.2,16.1,7.6,7.3,5.7
6680,6.5,12.7,6.8,6.4,5.1
6681,4.6,3.7,4.6,4.1,3.4
6682,2.9,0.0,3.3,2.3,2.1
6683,1.3,0.0,1.5,0.1,0.7
6684,0.0,0.0,0.6,-1.6,-0.6
6685,-2.4,0.0,-12.4,-2.5,-1.3
6686,-3.8,0.0,-13.6,-3.3,-1.9
6687,-4.5,0.0,-14.4,-3.3,0.0
6688,-17.4,0.0,-15.0,-3.6,0.3
6689,-17.0,0.0,-14.7,1.4,1.8
6690,-15.9,0.0,-13.8,2.6,2.5
6691,-14.7,0.0,-12.7,3.2,2.9
6692,-32.4,0.0,-28.5,3.4,3.0
6693,-30.9,0.0,-27.3,3.7,3.2
6694,-29.6,0.0,-26.3,3.7,3.2
6695,-28.4,0.0,-25.3,3.8,3.2
6696,-9.5,0.0,4.2,4.0,3.3
6697,3.8,0.0,4.3,4.0,3.2
6698,4.0,4.4,4.4,4.0,3.2
6699,4.3,9.3,4.6,4.2,3.3
6700,4.3,9.3,4.6,4.2,3.3
6701,4.1,9.0,4.5,4.0,3.2
6702,4.1,9.0,4.5,4.0,3.2
6703,4.2,9.2,4.6,4.2,3.3
6704,3.9,7.4,4.3,3.7,3.0
6705,2.4,0.0,2.7,1.9,1.7
6706,1.4,0.0,1.8,0.8,0.9
6707,1.4,0.0,2.1,1.2,1.2
6708,2.5,0.0,3.1,2.4,2.1
6709,2.7,0.0,-7.8,2.6,2.2
6710,2.4,0.0,-7.9,2.3,2.0
6711,1.9,0.0,-8.3,1.8,1.5
6712,-9.6,0.0,-8.2,2.0,1.7
6713,-9.8,0.0,-8.5,2.0,1.7
6714,-9.9,0.0,-8.5,2.3,1.9
6715,-9.7,0.0,-8.4,2.6,2.1
6716,-26.7,0.0,-24.2,2.9,2.3
6717,-26.3,0.0,-23.9,2.8,2.3
6718,-25.9,1.4,-23.5,2.9,2.3
6719,-25.6,3.4,-23.2,3.0,2.4
6720,-7.8,3.8,4.0,3.6,2.9
6721,4.3,9.2,4.6,4.1,3.3
6722,4.4,9.5,4.7,4.2,3.4
6723,4.5,9.8,4.8,4.4,3.5
6724,4.6,10.2,5.0,4.6,3.6
6725,5.0,11.0,5.3,4.9,3.9
6726,5.4,11.9,5.7,5.3,4.2
6727,5.5,12.0,5.8,5.4,4.3
6728,5.0,9.9,5.4,4.9,3.9
6729,3.3,1.2,3.5,-9.8,-5.7
6730,1.2,0.0,1.3,-12.4,-7.5
6731,-0.7,0.0,0.0,-14.4,-8.9
6732,-3.0,0.0,-2.5,-16.4,-10.4
6733,-2.9,0.0,-12.9,-10.3,-6.1
6734,-3.4,0.0,-13.2,-16.9,-10.3
6735,-4.0,0.0,-13.6,-17.3,-10.4
6736,-3.7,0.0,-13.7,-17.4,-10.1
6737,-2.5,0.0,-13.0,-15.7,-9.0
6738,-8.3,0.0,-19.2,0.6,1.0
6739,-6.7,0.0,-17.6,1.7,1.8
6740,0.4,0.0,-33.9,1.9,2.0
6741,0.8,0.0,-32.8,2.2,2.2
6742,1.5,0.0,-31.3,2.8,2.6
6743,2.3,0.0,-29.7,3.4,3.0
6744,2.4,0.0,3.2,3.4,3.0
6745,3.1,0.0,3.7,3.8,3.2
6746,3.7,0.0,4.3,4.2,3.5
6747,4.0,0.0,4.5,4.3,3.5
6748,4.5,0.0,4.9,4.6,3.7
6749,4.8,6.7,5.1,4.7,3.7
6750,5.0,10.9,5.3,4.9,3.8
6751,5.0,10.8,5.3,4.9,3.8
6752,4.5,9.1,4.9,4.4,3.5
6753,3.5,4.3,4.0,-9.3,-5.4
6754,1.9,0.0,2.3,-11.4,-6.9
6755,0.5,0.0,0.8,-13.4,-8.2
6756,-1.6,0.0,-1.0,-14.9,-9.4
6757,-3.4,0.0,-13.5,-10.0,-6.4
6758,-2.8,0.0,-12.6,-16.4,-10.0
6759,-3.2,0.0,-12.8,-16.7,-10.0
6760,-3.1,0.0,-13.2,-17.0,-9.9
6761,-2.4,0.0,-13.0,-17.4,-9.4
6762,-7.6,0.0,-18.5,0.9,1.2
6763,0.5,0.0,-16.7,2.1,2.2
6764,1.4,0.0,-32.4,2.9,2.7
6765,2.1,0.0,-30.8,3.4,3.0
6766,2.6,0.0,-29.3,3.7,3.2
6767,3.6,0.0,-27.3,4.6,3.8
6768,3.8,0.0,4.4,4.5,3.7
6769,4.6,0.0,5.1,5.0,4.0
6770,5.4,0.0,5.8,5.6,4.5
6771,5.7,7.8,6.0,5.7,4.5
6772,6.3,14.1,6.6,6.3,4.9
6773,6.3,14.0,6.6,6.3,4.9
6774,6.4,14.3,6.8,6.4,5.0
6775,6.2,13.7,6.5,6.2,4.8
6776,5.6,11.7,6.0,5.5,4.4
6777,4.6,8.0,5.1,-8.2,-4.5
6778,3.3,2.6,3.9,-9.6,-5.5
6779,1.5,0.0,2.0,-12.0,-7.2
6780,-0.8,0.0,0.3,-14.3,-8.9
6781,-1.6,0.0,-11.5,-8.6,-5.3
6782,-2.5,0.0,-12.3,-15.8,-9.9
6783,-1.9,0.0,-12.0,-14.7,-9.2
6784,-13.8,0.0,-11.6,-14.0,-8.7
6785,-17.0,0.0,-15.0,-15.2,-10.2
6786,-16.3,0.0,-14.3,1.6,1.6
6787,-15.2,0.0,-13.3,2.4,2.2
6788,-33.1,0.0,-29.3,2.7,2.4
6789,-31.7,0.0,-28.1,3.2,2.8
6790,-30.4,0.0,-27.0,3.4,2.9
6791,-29.0,0.0,-25.9,3.7,3.1
6792,-10.4,0.0,3.6,3.5,2.9
6793,3.4,0.0,3.8,3.5,2.9
6794,3.7,0.0,4.0,3.7,2.9
6795,4.0,6.4,4.3,3.8,3.0
6796,3.9,8.3,4.2,3.7,2.9
6797,4.0,8.6,4.3,3.9,3.0
6798,4.1,8.9,4.4,4.0,3.1
6799,4.3,9.2,4.6,4.1,3.3
6800,4.2,9.0,4.5,4.1,3.2
6801,3.9,6.6,4.3,-8.9,-5.0
6802,3.4,4.5,3.9,-9.4,-5.4
6803,3.0,3.0,3.6,-9.8,-5.7
6804,2.6,1.0,3.2,-10.4,-6.1
6805,1.3,0.0,-8.6,-5.5,-3.1
6806,0.8,0.0,-9.4,-12.5,-7.7
6807,-0.6,0.0,-10.5,-13.7,-8.5
6808,0.5,0.0,-10.7,-13.3,-8.3
6809,1.3,0.0,-10.4,-12.3,-7.7
6810,1.8,0.0,-9.9,2.1,1.8
6811,2.5,0.0,-9.0,2.7,2.3
6812,2.7,0.0,-24.8,2.9,2.4
6813,2.8,0.0,-24.3,2.9,2.4
6814,3.0,0.0,-23.7,3.1,2.5
6815,3.4,2.7,-23.0,3.4,2.7
6816,3.5,5.1,3.9,3.5,2.8
6817,3.9,8.4,4.2,3.8,3.0
6818,4.1,8.9,4.4,4.0,3.2
6819,4.2,9.0,4.5,4.0,3.2
6820,4.3,9.2,4.6,4.1,3.3
6821,4.4,9.6,4.7,4.3,3.4
6822,4.5,9.8,4.8,4.4,3.5
6823,4.5,9.9,4.8,4.4,3.5
6824,4.4,9.4,4.7,4.3,3.4
6825,3.8,6.5,4.3,-8.9,-5.0
6826,3.2,4.1,3.7,-9.6,-5.6
6827,2.8,2.4,3.4,-10.0,-5.9
6828,1.4,0.0,2.1,-11.7,-7.1
6829,0.5,0.0,-9.7,-6.8,-4.0
6830,-1.2,0.0,-11.0,-14.5,-8.9
6831,-2.4,0.0,-12.2,-15.2,-9.5
6832,-15.2,0.0,-13.2,-15.6,-9.8
6833,-15.3,0.0,-13.4,-14.0,-9.3
6834,-14.1,0.0,-12.2,2.4,2.2
6835,-12.8,0.0,-11.0,3.4,2.9
6836,-29.8,0.0,-26.5,3.8,3.2
6837,-28.2,0.0,-25.1,4.3,3.5
6838,-27.0,0.0,-24.2,4.2,3.4
6839,-25.6,0.0,-23.0,4.5,3.6
6840,-7.1,6.1,5.0,4.7,3.7
6841,5.0,10.9,5.3,4.9,3.9
6842,5.0,10.9,5.3,4.9,3.9
6843,4.7,10.4,5.1,4.7,3.7
6844,4.6,10.2,5.0,4.6,3.6
6845,4.6,10.1,4.9,4.5,3.6
6846,4.6,10.1,4.9,4.5,3.6
6847,4.4,9.6,4.8,4.3,3.4
6848,4.2,9.1,4.6,4.1,3.3
6849,3.8,6.6,4.3,3.8,3.1
6850,3.8,6.4,4.3,3.8,3.1
6851,3.9,6.5,4.5,3.9,3.2
6852,3.7,5.6,4.3,3.7,3.0
6853,3.3,3.9,-6.8,3.2,2.6
6854,1.8,0.0,-8.1,1.5,1.4
6855,0.9,0.0,-9.1,0.4,0.7
6856,-11.0,0.0,-9.4,0.8,1.0
6857,-10.5,0.0,-9.0,2.3,2.0
6858,-9.3,0.0,-7.9,3.7,3.0
6859,-7.9,0.0,-6.6,4.6,3.7
6860,-24.3,6.7,-21.9,4.6,3.7
6861,-23.7,9.8,-21.4,4.9,3.9
6862,-22.9,12.7,-20.6,5.8,4.6
6863,-23.2,11.8,-20.8,5.5,4.4
6864,-5.6,13.2,6.2,5.9,4.7
6865,5.9,13.1,6.2,5.9,4.6
6866,5.7,12.8,6.1,5.7,4.5
6867,6.1,13.6,6.4,6.1,4.8
6868,6.2,13.9,6.6,6.3,5.0
6869,6.6,14.8,6.9,6.6,5.2
6870,6.6,14.9,7.0,6.7,5.3
6871,6.6,14.8,7.0,6.7,5.3
6872,6.4,13.6,6.8,6.4,5.1
6873,4.7,6.7,5.1,4.5,3.7
6874,2.8,0.0,3.0,2.1,2.0
6875,1.3,0.0,1.5,0.2,0.7
6876,0.1,0.0,0.6,-1.5,-0.5
6877,-2.5,0.0,-12.6,-2.7,-1.4
6878,-3.6,0.0,-13.6,-3.0,-1.8
6879,-4.1,0.0,-14.0,-2.8,0.2
6880,-16.3,0.0,-14.0,0.0,1.0
6881,-16.1,0.0,-14.0,1.6,1.7
6882,-14.9,0.0,-12.9,2.7,2.5
6883,-13.5,0.0,-11.6,3.5,3.1
6884,-30.7,0.0,-27.1,3.9,3.4
6885,-29.2,0.0,-25.8,4.2,3.5
6886,-27.7,0.0,-24.7,4.3,3.6
6887,-26.3,0.0,-23.5,4.5,3.7
6888,-7.9,0.0,4.7,4.5,3.6
6889,4.5,9.1,4.8,4.4,3.5
6890,4.5,9.9,4.9,4.4,3.5
6891,4.4,9.6,4.7,4.3,3.4
6892,4.8,10.5,5.1,4.7,3.7
6893,4.8,10.5,5.1,4.7,3.8
6894,5.0,11.1,5.4,5.0,4.0
6895,5.2,11.6,5.6,5.2,4.2
6896,4.9,10.3,5.3,4.9,3.9
6897,3.5,3.3,3.9,-9.4,-5.3
6898,2.2,0.0,2.5,-11.1,-6.6
6899,1.1,0.0,1.6,-12.5,-7.6
6900,0.2,0.0,0.9,-13.6,-8.4
6901,-1.9,0.0,-11.9,-8.4,-5.2
6902,-2.8,0.0,-12.8,-15.3,-9.8
6903,-3.3,0.0,-13.3,-15.2,-9.8
6904,-3.1,0.0,-13.3,-14.7,-9.5
6905,0.6,0.0,-12.9,-13.5,-8.9
6906,1.8,0.0,-11.6,2.5,2.3
6907,2.1,0.0,-10.9,2.7,2.4
6908,2.4,0.0,-26.6,3.0,2.6
6909,2.8,0.0,-25.6,3.3,2.8
6910,3.7,0.0,-24.2,4.1,3.3
6911,4.7,0.0,-22.6,5.0,4.0
6912,5.6,10.6,6.0,5.7,4.5
6913,5.0,11.0,5.3,4.9,3.9
6914,5.0,11.0,5.3,4.9,3.9
6915,5.6,12.5,6.0,5.6,4.4
6916,6.1,13.6,6.5,6.1,4.8
6917,5.5,12.2,5.8,5.5,4.3
6918,5.2,11.6,5.6,5.2,4.2
6919,5.0,11.1,5.4,5.0,4.0
6920,4.8,10.3,5.2,4.8,3.8
6921,4.6,8.8,5.1,-8.1,-4.4
6922,4.1,6.9,4.7,-8.5,-4.7
6923,3.9,5.9,4.5,-8.8,-4.9
6924,3.6,4.8,4.2,-9.2,-5.2
6925,3.2,3.2,-6.8,-3.3,-1.5
6926,1.7,0.0,-8.2,-11.4,-6.8
6927,1.6,0.0,-8.4,-11.5,-6.9
6928,1.5,0.0,-8.9,-12.0,-7.1
6929,2.5,0.0,-8.3,-10.5,-6.3
6930,3.8,0.1,-6.8,4.0,3.3
6931,4.8,9.8,-5.4,5.0,3.9
6932,5.1,10.7,-21.1,5.2,4.1
6933,4.9,10.2,-21.3,5.1,4.0
6934,4.9,10.2,-21.3,5.1,4.0
6935,4.3,8.2,-21.8,4.5,3.6
6936,4.6,9.0,5.1,4.7,3.8
6937,4.8,10.4,5.2,4.8,3.9
6938,5.1,11.4,5.5,5.1,4.1
6939,5.2,11.5,5.6,5.2,4.1
6940,5.5,12.3,5.9,5.5,4.4
6941,5.7,12.9,6.1,5.8,4.6
6942,5.7,12.9,6.2,5.8,4.6
6943,6.0,13.4,6.4,6.1,4.8
6944,5.7,12.0,6.1,5.7,4.6
6945,4.6,7.0,5.1,-8.2,-4.4
6946,3.5,1.2,3.9,-9.6,-5.4
6947,2.7,0.0,3.3,-10.4,-6.0
6948,2.3,0.0,3.0,-11.1,-6.4
6949,2.9,0.0,-7.3,-3.7,-1.8
6950,2.9,0.0,-7.2,-10.0,-5.8
6951,2.6,0.1,-7.4,-10.3,-6.0
6952,-9.1,0.0,-7.6,-10.7,-6.2
6953,-8.8,0.0,-7.5,-9.9,-5.8
6954,-8.1,1.2,-6.8,3.6,3.0
6955,-7.6,5.0,-6.3,4.0,3.2
6956,-25.0,5.6,-22.6,3.7,3.0
6957,-25.0,5.6,-22.6,3.7,3.0
6958,-25.0,5.6,-22.6,3.7,3.0
6959,-25.1,5.1,-22.7,3.6,2.9
6960,-8.1,2.9,3.8,3.5,2.8
6961,3.4,7.5,3.8,3.4,2.7
6962,3.3,7.3,3.7,3.3,2.7
6963,3.2,6.8,3.5,3.1,2.5
6964,3.3,7.3,3.7,3.3,2.7
6965,3.8,8.3,4.2,3.7,3.0
6966,4.0,8.8,4.4,4.0,3.2
6967,4.3,9.4,4.7,4.2,3.4
6968,4.2,8.9,4.6,4.1,3.3
6969,3.4,4.7,3.9,-9.3,-5.3
6970,3.1,3.3,3.7,-9.6,-5.5
6971,3.0,2.4,3.6,-9.8,-5.7
6972,2.4,0.0,3.1,-10.6,-6.3
6973,2.4,0.0,-7.5,-4.3,-2.2
6974,2.5,0.0,-7.5,-10.6,-6.2
6975,2.1,0.0,-7.8,-11.4,-6.5
6976,2.9,0.0,-7.5,-10.8,-6.0
6977,3.6,0.0,-7.0,-9.3,-5.4
6978,5.0,8.1,-5.3,5.2,4.2
6979,6.4,15.3,-3.8,6.6,5.2
6980,6.4,15.3,-19.8,6.6,5.2
6981,6.9,17.1,-19.3,7.1,5.6
6982,6.5,15.9,-19.6,6.8,5.4
6983,5.7,13.0,-20.5,5.9,4.7
6984,6.2,14.7,6.7,6.4,5.1
6985,6.1,13.7,6.5,6.2,4.9
6986,5.9,13.3,6.3,6.0,4.8
6987,5.8,13.2,6.3,5.9,4.7
6988,5.8,13.2,6.3,6.0,4.8
6989,6.1,13.8,6.5,6.2,5.0
6990,5.8,13.2,6.3,6.0,4.8
6991,5.7,13.0,6.2,5.9,4.7
6992,5.7,12.4,6.1,5.8,4.6
6993,4.8,8.8,5.4,-7.8,-4.1
6994,3.8,3.4,4.4,-9.1,-5.0
6995,3.3,1.6,4.0,-9.6,-5.4
6996,2.8,0.0,3.6,-10.2,-5.8
6997,2.4,0.0,-7.4,-4.4,-2.1
6998,2.3,0.0,-7.7,-10.9,-6.3
6999,2.6,0.0,-7.5,-10.5,-6.1
7000,-8.6,0.0,-7.1,-9.8,-5.6
7001,-8.1,0.3,-6.6,-9.0,-5.1
7002,-6.8,8.3,-5.5,4.8,3.9
7003,-6.8,8.2,-5.6,4.8,3.8
7004,-24.0,9.1,-21.5,4.8,3.8
7005,-24.1,8.8,-21.6,4.7,3.8
7006,-24.1,8.6,-21.7,4.6,3.7
7007,-24.2,8.3,-21.8,4.5,3.7
7008,-6.9,8.8,5.0,4.7,3.8
7009,4.9,11.0,5.3,5.0,4.0
7010,4.6,10.3,5.1,4.7,3.8
7011,4.9,10.9,5.3,4.9,4.0
7012,4.9,11.0,5.3,5.0,4.0
7013,4.8,10.7,5.2,4.8,3.9
7014,5.3,11.8,5.7,5.3,4.3
7015,5.3,11.8,5.7,5.3,4.3
7016,5.0,11.0,5.5,5.1,4.1
7017,4.0,6.5,4.6,4.0,3.3
7018,4.1,7.1,4.7,4.2,3.4
7019,3.7,5.9,4.4,3.8,3.1
7020,3.4,4.7,4.1,3.5,2.9
7021,4.2,6.9,-5.8,4.2,3.5
7022,4.6,9.1,-5.4,4.8,3.9
7023,4.5,8.3,-5.6,4.6,3.7
7024,-7.0,6.7,-5.7,4.5,3.7
7025,-6.6,9.0,-5.2,5.0,4.0
7026,-5.9,12.2,-4.6,5.8,4.6
7027,-4.6,17.6,-3.4,7.1,5.6
7028,-21.3,18.4,-18.9,7.6,6.0
7029,-20.9,19.9,-18.5,8.0,6.4
7030,-20.7,20.8,-18.2,8.3,6.6
7031,-20.4,21.8,-17.9,8.6,6.8
7032,-3.3,23.5,8.7,8.6,6.8
7033,9.3,21.2,9.7,9.6,7.6
7034,9.6,21.9,10.0,9.9,7.8
7035,9.7,22.3,10.2,10.1,8.0
7036,9.7,22.3,10.2,10.1,8.0
7037,9.8,22.6,10.3,10.2,8.1
7038,9.8,22.6,10.3,10.2,8.1
7039,9.7,22.4,10.3,10.1,8.1
7040,8.9,20.3,9.5,9.3,7.4
7041,7.6,18.2,8.3,8.0,6.5
7042,5.6,10.3,6.4,5.8,4.8
7043,4.5,5.2,5.3,4.5,3.8
7044,2.9,0.0,3.4,1.9,2.3
7045,3.6,0.0,-6.6,3.6,3.2
7046,4.1,2.5,-5.9,4.3,3.7
7047,3.7,2.0,-5.9,3.6,3.3
7048,-7.6,0.0,-5.9,2.9,3.3
7049,-6.0,9.8,-4.4,6.1,5.0
7050,-4.9,16.6,-3.5,6.9,5.6
7051,-4.6,17.9,-3.2,7.2,5.8
7052,-21.1,19.3,-18.6,7.9,6.3
7053,-21.1,19.3,-18.6,7.9,6.3
7054,-20.8,20.3,-18.3,8.2,6.6
7055,-20.2,22.6,-17.7,8.9,7.1
7056,-2.5,27.1,9.6,9.5,7.6
7057,9.6,22.1,10.1,10.0,7.9
7058,10.1,23.4,10.7,10.6,8.4
7059,10.0,23.1,10.5,10.4,8.3
7060,10.1,23.3,10.6,10.6,8.4
7061,10.1,23.4,10.7,10.6,8.4
7062,10.2,23.7,10.8,10.7,8.6
7063,10.1,23.5,10.7,10.6,8.5
7064,9.5,21.3,10.1,9.9,8.0
7065,7.9,14.4,8.0,-4.9,-1.6
7066,6.4,6.1,6.4,-6.9,-3.0
7067,5.1,0.0,5.4,-8.4,-4.0
7068,4.3,0.0,4.8,-9.4,-4.6
7069,3.5,0.0,-6.7,-4.3,-1.3
7070,3.1,0.0,-7.3,-11.3,-5.7
7071,3.3,0.0,-7.4,-10.8,-5.5
7072,4.5,0.0,-6.9,-8.9,-4.7
7073,5.6,0.0,-5.4,-7.1,-3.6
7074,7.0,14.5,-3.2,7.6,6.1
7075,8.0,21.5,-2.0,8.6,6.9
7076,8.4,22.9,-17.6,9.0,7.2
7077,8.9,24.6,-17.1,9.5,7.6
7078,9.0,24.9,-17.0,9.6,7.7
7079,9.4,26.3,-16.6,10.1,8.0
7080,8.9,24.6,9.6,9.6,7.7
7081,9.5,22.1,10.1,10.0,8.0
7082,9.4,21.9,10.0,9.9,7.9
7083,9.6,22.3,10.2,10.1,8.1
7084,9.6,22.5,10.3,10.2,8.2
7085,10.2,23.8,10.9,10.8,8.6
7086,10.1,23.6,10.8,10.7,8.6
7087,10.2,23.9,10.9,10.8,8.7
7088,10.0,22.8,10.7,10.5,8.5
7089,8.1,18.0,8.7,-4.2,-1.1
7090,6.3,8.7,6.8,-6.5,-2.8
7091,4.5,0.0,5.0,-8.8,-4.3
7092,3.4,0.0,4.0,-10.2,-5.2
7093,2.6,0.0,-7.6,-4.9,-1.9
7094,1.8,0.0,-8.7,-12.1,-6.7
7095,1.7,0.0,-9.1,-12.1,-6.8
7096,2.1,0.0,-9.4,-12.2,-6.7
7097,2.9,0.0,-8.9,-10.2,-6.0
7098,3.9,0.0,-7.5,4.7,4.0
7099,4.4,0.0,-6.3,5.1,4.3
7100,4.6,7.5,-21.5,5.0,4.2
7101,5.0,10.8,-21.0,5.4,4.4
7102,5.0,10.9,-20.9,5.5,4.5
7103,5.4,12.4,-20.5,5.9,4.8
7104,5.4,12.4,6.1,5.9,4.8
7105,5.6,13.0,6.2,5.9,4.8
7106,6.0,13.9,6.6,6.3,5.2
7107,6.3,14.5,6.9,6.6,5.4
7108,6.4,14.7,7.0,6.7,5.4
7109,6.5,15.0,7.1,6.8,5.6
7110,6.4,14.8,7.0,6.7,5.5
7111,6.4,14.7,7.0,6.7,5.4
7112,6.0,13.7,6.7,6.3,5.2
7113,4.7,8.1,5.3,-7.8,-4.0
7114,3.7,1.2,4.1,-9.3,-5.0
7115,2.3,0.0,2.6,-11.2,-6.3
7116,1.1,0.0,1.6,-12.8,-7.4
7117,0.2,0.0,-11.0,-7.8,-4.3
7118,-2.6,0.0,-12.5,-15.3,-9.3
7119,-3.5,0.0,-13.2,-15.5,-9.5
7120,-16.2,0.0,-13.9,-16.0,-9.7
7121,-16.4,0.0,-14.1,-13.9,-9.2
7122,-15.2,0.0,-13.1,2.7,2.6
7123,-14.5,0.0,-12.4,2.8,2.6
7124,-32.2,0.0,-28.3,3.1,2.9
7125,-30.9,0.0,-27.3,3.4,3.0
7126,-29.3,0.0,-25.9,4.0,3.4
7127,-28.0,0.0,-24.8,4.1,3.5
7128,-9.0,0.0,4.6,4.5,3.7
7129,4.6,0.7,5.1,4.9,4.0
7130,4.5,10.1,5.0,4.6,3.7
7131,4.4,9.8,4.8,4.4,3.6
7132,3.6,7.9,4.0,3.6,2.9
7133,3.4,7.5,3.9,3.4,2.8
7134,3.4,7.5,3.9,3.4,2.8
7135,3.4,7.4,3.8,3.4,2.8
7136,3.9,8.4,4.3,3.9,3.2
7137,3.6,5.5,4.2,-9.0,-5.0
7138,2.6,0.0,3.0,-10.5,-6.1
7139,2.1,0.0,2.6,-11.3,-6.6
7140,1.6,0.0,2.2,-12.0,-7.1
7141,1.4,0.0,-9.4,-6.1,-3.3
7142,0.9,0.0,-10.2,-13.4,-7.9
7143,1.4,0.0,-10.2,-12.6,-7.6
7144,1.9,0.0,-10.1,-12.4,-7.3
7145,4.2,0.0,-8.1,-9.1,-5.4
7146,5.4,0.0,-6.2,5.9,4.8
7147,6.0,7.8,-4.7,6.3,5.0
7148,6.0,14.2,-20.1,6.3,5.0
7149,6.1,14.5,-20.0,6.4,5.1
7150,6.3,15.1,-19.9,6.6,5.2
7151,7.4,19.0,-18.7,7.7,6.1
7152,6.9,17.2,7.4,7.2,5.7
7153,7.5,17.1,8.0,7.7,6.1
7154,7.5,17.2,8.0,7.7,6.1
7155,7.5,17.0,7.9,7.7,6.1
7156,7.4,16.9,7.9,7.6,6.1
7157,7.2,16.4,7.7,7.4,5.9
7158,7.2,16.5,7.7,7.4,5.9
7159,7.1,16.1,7.6,7.3,5.8
7160,6.8,15.5,7.3,7.1,5.6
7161,6.0,13.2,6.6,-6.4,-3.0
7162,5.2,9.5,5.9,-7.4,-3.7
7163,4.2,5.0,4.9,-8.6,-4.6
7164,2.9,0.0,3.6,-10.2,-5.7
7165,2.3,0.0,-7.6,-4.4,-2.1
7166,2.9,0.0,-7.2,-9.8,-5.6
7167,3.3,4.4,-6.7,-9.3,-5.3
7168,-7.7,4.2,-6.3,-8.8,-4.9
7169,-7.9,3.5,-6.5,-9.0,-5.0
7170,-7.7,4.5,-6.4,3.9,3.2
7171,-7.7,4.8,-6.3,4.0,3.3
7172,-24.8,6.3,-22.3,4.0,3.3
7173,-24.9,5.8,-22.5,3.8,3.1
7174,-25.2,4.9,-22.7,3.6,2.9
7175,-24.8,6.1,-22.4,3.9,3.2
7176,-7.6,6.6,4.4,4.1,3.3
7177,4.2,9.3,4.6,4.2,3.4
7178,4.1,9.2,4.6,4.2,3.4
7179,4.1,9.2,4.6,4.2,3.4
7180,4.4,9.9,4.9,4.5,3.6
7181,4.1,9.2,4.6,4.2,3.4
7182,3.7,8.1,4.1,3.7,3.0
7183,3.6,7.9,4.0,3.6,2.9
7184,3.6,8.1,4.1,3.7,3.0
7185,3.4,5.8,4.0,3.6,2.9
7186,3.3,5.3,3.9,3.5,2.9
7187,3.3,5.2,3.9,3.4,2.8
7188,3.2,4.9,3.8,3.3,2.7
7189,2.8,3.3,-7.2,2.9,2.4
7190,2.4,1.4,-7.6,2.4,2.1
7191,2.2,0.5,-7.8,2.2,1.9
7192,-7.3,5.8,-6.0,4.2,3.4
7193,-6.9,8.1,-5.6,4.8,3.8
7194,-6.5,9.8,-5.2,5.2,4.1
7195,-6.2,10.9,-4.9,5.4,4.3
7196,-23.1,12.0,-20.7,5.6,4.5
7197,-23.2,11.7,-20.8,5.5,4.4
7198,-23.1,12.0,-20.7,5.7,4.5
7199,-23.0,12.5,-20.6,5.8,4.6
7200,-5.5,13.8,6.4,6.2,4.9
7201,6.2,14.1,6.7,6.3,5.1
7202,7.1,16.0,7.5,7.2,5.7
7203,7.9,18.1,8.4,8.1,6.4
7204,8.6,19.6,9.0,8.8,7.0
7205,9.1,20.7,9.5,9.3,7.4
7206,9.5,21.7,9.9,9.8,7.7
7207,9.5,21.7,9.9,9.8,7.7
7208,9.3,21.1,9.8,9.6,7.6
7209,7.8,18.1,8.4,8.1,6.5
7210,5.2,6.7,5.7,5.0,4.3
7211,3.5,0.0,3.8,2.7,2.7
7212,2.7,0.0,3.0,1.6,2.0
7213,2.2,0.0,-8.6,1.1,1.8
7214,2.4,0.0,-8.6,2.3,2.4
7215,2.9,0.0,-8.2,2.9,2.8
7216,-9.2,0.0,-7.5,3.6,3.4
7217,-7.2,0.0,-5.6,5.9,4.8
7218,-4.6,17.1,-3.2,7.4,5.9
7219,-3.7,21.7,-2.4,8.1,6.4
7220,-20.2,22.6,-17.7,8.8,7.0
7221,-19.8,23.8,-17.3,9.2,7.3
7222,-19.5,25.0,-17.0,9.6,7.6
7223,-19.0,26.6,-16.5,10.1,7.9
7224,-1.8,30.1,10.3,10.2,8.1
7225,10.1,23.3,10.6,10.5,8.3
7226,10.1,23.2,10.6,10.5,8.3
7227,10.3,23.8,10.8,10.8,8.5
7228,10.7,24.8,11.3,11.2,8.9
7229,10.5,24.4,11.1,11.0,8.8
7230,10.3,23.9,10.9,10.8,8.6
7231,10.7,24.8,11.3,11.2,8.9
7232,10.7,24.7,11.3,11.3,9.0
7233,8.7,19.6,9.2,-3.8,-0.8
7234,6.9,10.6,7.3,-6.0,-2.4
7235,5.3,3.4,5.7,-7.9,-3.7
7236,4.2,0.0,4.6,-9.4,-4.7
7237,3.4,0.0,-6.8,-4.1,-1.3
7238,3.3,0.0,-7.0,-10.5,-5.4
7239,3.5,0.0,-6.9,-10.1,-5.2
7240,3.9,0.0,-6.9,-10.8,-5.1
7241,4.9,0.0,-6.3,-7.9,-4.3
7242,6.5,8.2,-4.1,7.1,5.8
7243,7.1,18.1,-2.9,7.6,6.1
7244,7.5,19.8,-18.4,8.1,6.5
7245,7.9,21.1,-18.0,8.5,6.8
7246,7.7,20.3,-18.3,8.3,6.6
7247,8.7,23.7,-17.3,9.3,7.4
7248,9.0,24.9,9.7,9.6,7.7
7249,9.7,22.6,10.3,10.2,8.2
7250,10.0,23.2,10.6,10.5,8.4
7251,9.8,22.9,10.4,10.4,8.3
7252,10.4,24.2,11.0,11.0,8.8
7253,10.9,25.4,11.5,11.5,9.2
7254,10.7,25.0,11.4,11.3,9.0
7255,10.8,25.2,11.5,11.4,9.1
7256,10.4,24.3,11.1,11.1,8.9
7257,9.6,24.4,10.4,-2.5,0.1
7258,7.4,13.2,8.0,-5.3,-1.8
7259,5.9,5.4,6.4,-7.2,-3.2
7260,4.4,0.0,5.0,-9.0,-4.4
7261,3.7,0.0,-6.2,-3.5,-0.8
7262,3.3,0.0,-6.7,-10.3,-5.2
7263,3.5,0.0,-6.6,-10.0,-5.0
7264,4.3,0.0,-6.3,-9.6,-4.6
7265,5.3,0.1,-5.4,-7.3,-3.7
7266,7.4,18.9,-2.5,8.0,6.5
7267,7.9,21.3,-2.0,8.6,6.9
7268,8.5,23.2,-17.4,9.1,7.3
7269,8.7,24.0,-17.2,9.4,7.5
7270,9.3,26.1,-16.6,10.0,8.0
7271,9.8,27.8,-16.1,10.5,8.4
7272,9.9,28.3,10.7,10.7,8.6
7273,10.2,23.9,10.9,10.8,8.7
7274,10.4,24.3,11.1,11.1,8.8
7275,10.6,24.7,11.3,11.2,9.0
7276,10.7,25.0,11.4,11.3,9.1
7277,10.7,25.1,11.4,11.4,9.1
7278,10.7,25.1,11.4,11.4,9.1
7279,10.9,25.6,11.6,11.6,9.3
7280,10.8,25.2,11.5,11.5,9.2
7281,9.6,24.9,10.5,-2.3,0.3
7282,8.2,19.1,9.1,-3.9,-0.9
7283,6.9,13.0,7.8,-5.5,-2.0
7284,5.7,5.8,6.5,-7.2,-3.1
7285,4.0,0.0,-5.8,-3.1,-0.5
7286,3.0,0.0,-6.8,-10.5,-5.3
7287,3.1,0.0,-7.0,-10.3,-5.3
7288,-8.2,0.0,-6.3,-9.0,-4.5
7289,-6.9,3.8,-5.1,-7.2,-3.5
7290,-5.2,15.7,-3.6,6.8,5.6
7291,-5.1,16.1,-3.5,7.0,5.7
7292,-22.4,15.2,-19.7,6.8,5.6
7293,-22.3,15.4,-19.6,6.8,5.6
7294,-22.7,13.8,-20.1,6.4,5.2
7295,-23.0,13.0,-20.3,6.1,5.0
7296,-6.1,11.9,6.1,5.9,4.9
7297,5.5,12.8,6.2,5.9,4.8
7298,5.2,12.1,5.9,5.6,4.6
7299,5.1,11.9,5.8,5.5,4.5
7300,5.1,11.8,5.7,5.4,4.5
7301,5.1,11.7,5.7,5.4,4.5
7302,5.2,12.1,5.8,5.5,4.6
7303,5.5,12.9,6.2,5.9,4.8
7304,5.6,13.1,6.3,6.0,4.9
7305,5.5,12.6,6.2,-6.7,-3.2
7306,5.4,11.7,6.2,-6.9,-3.3
7307,4.9,9.3,5.7,-7.5,-3.7
7308,4.3,6.7,5.2,-8.2,-4.2
7309,4.2,6.2,-5.5,-1.9,-0.3
7310,4.4,7.1,-5.4,-8.1,-4.2
7311,4.2,5.8,-5.6,-8.4,-4.4
7312,4.4,0.0,-5.4,-9.2,-4.3
7313,5.3,10.8,-4.6,-7.0,-3.4
7314,6.1,14.6,-3.9,6.6,5.4
7315,6.5,16.0,-3.5,7.0,5.6
7316,6.4,15.9,-19.5,6.9,5.6
7317,6.5,16.2,-19.4,7.0,5.7
7318,6.7,16.9,-19.3,7.2,5.8
7319,6.5,16.0,-19.5,7.0,5.6
7320,5.6,13.0,6.3,6.1,5.0
7321,5.2,12.0,5.8,5.5,4.5
7322,5.0,11.5,5.6,5.3,4.3
7323,4.9,11.3,5.5,5.2,4.3
7324,4.8,11.1,5.4,5.1,4.2
7325,4.9,11.3,5.5,5.2,4.3
7326,4.9,11.3,5.5,5.2,4.3
7327,4.8,11.0,5.4,5.1,4.2
7328,5.0,11.6,5.6,5.3,4.4
7329,4.9,10.6,5.6,-7.4,-3.8
7330,4.5,9.2,5.2,-7.9,-4.1
7331,4.3,8.6,5.0,-8.1,-4.3
7332,4.2,8.2,4.9,-8.1,-4.3
7333,3.9,7.0,-6.1,-2.2,-0.6
7334,3.7,6.8,-6.2,-8.7,-4.7
7335,3.7,6.4,-6.2,-8.7,-4.7
7336,-7.6,5.2,-6.1,-8.5,-4.6
7337,-7.3,6.2,-5.9,-8.3,-4.4
7338,-7.4,5.8,-6.0,4.3,3.6
7339,-7.4,5.8,-6.1,4.3,3.5
7340,-24.7,6.8,-22.1,4.2,3.5
7341,-24.4,7.7,-21.9,4.4,3.6
7342,-24.7,6.8,-22.2,4.2,3.4
7343,-24.7,6.6,-22.2,4.1,3.4
7344,-7.4,7.5,4.7,4.4,3.6
7345,4.4,9.9,4.9,4.5,3.7
7346,4.4,10.0,5.0,4.6,3.7
7347,4.3,9.8,4.9,4.5,3.7
7348,4.6,10.4,5.1,4.7,3.9
7349,4.7,10.6,5.2,4.8,3.9
7350,4.7,10.7,5.2,4.9,4.0
7351,4.7,10.7,5.2,4.9,4.0
7352,4.7,10.7,5.2,4.9,4.0
7353,4.3,8.9,4.9,4.6,3.8
7354,4.2,8.5,4.9,4.5,3.7
7355,4.0,7.8,4.7,4.3,3.5
7356,3.9,7.2,4.6,4.1,3.4
7357,4.1,7.7,-5.9,4.3,3.5
7358,4.2,8.1,-5.8,4.5,3.6
7359,4.4,8.8,-5.7,4.6,3.8
7360,-7.0,7.4,-5.6,4.7,3.8
7361,-6.9,7.9,-5.6,4.8,3.9
7362,-6.9,7.9,-5.6,4.8,3.9
7363,-7.1,7.3,-5.7,4.6,3.8
7364,-24.3,8.1,-21.8,4.5,3.7
7365,-24.4,7.5,-22.0,4.4,3.6
7366,-24.3,7.9,-21.9,4.5,3.6
7367,-24.3,8.0,-21.8,4.5,3.7
7368,-7.2,6.8,4.8,4.5,3.7
7369,4.4,9.8,4.9,4.5,3.6
7370,4.6,10.4,5.1,4.7,3.8
7371,4.5,10.1,5.0,4.6,3.7
7372,4.5,10.2,5.0,4.6,3.8
7373,4.6,10.4,5.1,4.7,3.8
7374,4.6,10.3,5.1,4.7,3.8
7375,4.4,10.0,4.9,4.5,3.7
7376,4.6,10.3,5.1,4.7,3.8
7377,4.7,9.9,5.2,4.9,4.0
7378,4.5,9.2,5.1,4.7,3.8
7379,4.3,8.3,4.9,4.5,3.7
7380,4.5,8.8,5.1,4.7,3.8
7381,4.5,9.0,-5.5,4.7,3.9
7382,4.6,9.5,-5.4,4.9,4.0
7383,4.6,9.4,-5.4,4.9,3.9
7384,-6.7,8.3,-5.4,4.9,4.0
7385,-6.6,9.1,-5.3,5.0,4.1
7386,-6.4,10.0,-5.1,5.3,4.2
7387,-6.3,10.4,-5.0,5.4,4.3
7388,-23.5,10.9,-21.0,5.4,4.3
7389,-23.5,10.9,-21.0,5.4,4.3
7390,-23.6,10.4,-21.2,5.2,4.2
7391,-23.2,11.8,-20.8,5.6,4.5
7392,-5.9,12.3,6.1,5.8,4.7
7393,5.4,12.2,5.9,5.5,4.5
7394,5.5,12.3,5.9,5.6,4.5
7395,5.6,12.7,6.1,5.7,4.6
7396,5.7,12.8,6.1,5.8,4.7
7397,6.0,13.6,6.5,6.2,4.9
7398,5.9,13.4,6.4,6.1,4.9
7399,6.3,14.3,6.8,6.5,5.2
7400,6.3,14.3,6.8,6.5,5.2
7401,6.1,14.2,6.7,-6.2,-2.9
7402,5.4,11.0,6.1,-7.1,-3.5
7403,4.8,8.1,5.5,-7.8,-4.0
7404,5.0,8.9,5.7,-7.6,-3.9
7405,5.2,9.3,-4.7,-1.0,0.3
7406,4.8,8.0,-5.1,-7.8,-4.0
7407,5.4,11.0,-4.6,-7.1,-3.5
7408,5.7,11.3,-4.3,-6.9,-3.3
7409,6.7,16.2,-3.4,-5.6,-2.4
7410,6.8,16.8,-3.2,7.3,5.8
7411,6.9,17.4,-3.2,7.3,5.8
7412,7.2,18.4,-18.9,7.6,6.1
7413,6.6,16.5,-19.4,7.1,5.7
7414,7.1,18.1,-18.9,7.5,6.0
7415,7.0,17.8,-19.0,7.4,6.0
7416,7.2,18.6,7.9,7.7,6.2
7417,7.4,17.1,8.0,7.7,6.2
7418,7.2,16.6,7.8,7.5,6.1
7419,6.8,15.6,7.3,7.1,5.7
7420,6.5,14.8,7.0,6.7,5.4
7421,6.3,14.4,6.8,6.5,5.3
7422,6.5,14.9,7.0,6.8,5.5
7423,6.1,14.0,6.6,6.4,5.2
7424,6.2,14.2,6.7,6.5,5.2
7425,5.4,12.5,6.1,-6.8,-3.3
7426,5.0,10.9,5.6,-7.4,-3.7
7427,5.0,10.8,5.7,-7.3,-3.7
7428,4.6,7.9,5.4,-7.9,-4.1
7429,3.0,0.0,-7.1,-4.4,-1.6
7430,2.9,0.0,-7.4,-10.5,-5.7
7431,2.9,0.0,-7.3,-10.7,-5.7
7432,3.4,0.0,-7.3,-11.2,-5.4
7433,4.1,0.0,-7.0,-8.7,-4.9
7434,4.8,2.6,-5.8,5.3,4.3
7435,5.1,11.1,-4.9,5.5,4.4
7436,5.3,11.8,-20.7,5.7,4.6
7437,5.4,12.1,-20.6,5.8,4.7
7438,5.3,11.9,-20.7,5.7,4.6
7439,5.6,12.8,-20.4,6.0,4.8
7440,5.5,12.5,6.1,5.9,4.7
7441,5.9,13.5,6.4,6.1,5.0
7442,5.9,13.5,6.4,6.1,5.0
7443,5.9,13.4,6.4,6.1,4.9
7444,6.3,14.3,6.8,6.5,5.3
7445,6.3,14.3,6.8,6.5,5.3
7446,6.3,14.5,6.8,6.6,5.3
7447,6.3,14.5,6.8,6.6,5.3
7448,6.3,14.4,6.8,6.6,5.3
7449,6.1,14.3,6.8,-6.2,-2.8
7450,6.3,14.7,7.0,-6.0,-2.7
7451,6.0,13.1,6.7,-6.4,-3.0
7452,5.8,12.9,6.5,-6.5,-3.1
7453,6.0,13.0,-4.0,-0.1,1.1
7454,6.3,14.5,-3.7,-6.0,-2.7
7455,7.0,17.1,-3.0,-5.3,-2.1
7456,-4.6,17.8,-3.1,-5.4,-2.2
7457,-4.4,18.9,-3.0,-5.2,-2.0
7458,-4.0,20.4,-2.6,7.9,6.3
7459,-3.8,21.3,-2.4,8.1,6.5
7460,-20.8,20.4,-18.3,8.3,6.6
7461,-21.0,19.7,-18.5,8.1,6.5
7462,-21.0,19.9,-18.4,8.1,6.5
7463,-20.9,20.1,-18.3,8.2,6.6
7464,-3.7,21.7,8.3,8.2,6.6
7465,8.0,18.4,8.5,8.4,6.7
7466,8.1,18.7,8.6,8.5,6.8
7467,8.6,19.8,9.1,9.0,7.2
7468,8.9,20.5,9.4,9.3,7.4
7469,8.9,20.5,9.4,9.3,7.5
7470,8.6,19.9,9.2,9.0,7.2
7471,8.2,19.0,8.8,8.6,6.9
7472,10.9,25.2,11.5,11.5,9.1
7473,7.1,15.6,7.6,-5.3,-2.0
7474,6.3,8.0,6.5,-6.7,-2.9
7475,5.5,1.4,5.6,-8.1,-3.7
7476,4.8,0.0,4.9,-9.1,-4.3
7477,4.5,0.0,-6.0,-3.2,-0.5
7478,4.4,0.0,-6.0,-9.4,-4.5
7479,4.8,0.0,-5.5,-9.1,-4.1
7480,5.4,0.0,-5.2,-9.9,-3.8
7481,6.7,0.0,-4.4,-5.9,-2.7
7482,8.4,21.4,-1.6,9.0,7.2
7483,8.8,24.2,-1.2,9.4,7.5
7484,9.0,24.9,-17.0,9.6,7.7
7485,9.0,25.0,-16.9,9.7,7.7
7486,8.9,24.6,-17.0,9.6,7.7
7487,9.2,25.7,-16.7,9.9,7.9
7488,9.1,25.2,9.8,9.7,7.8
7489,8.7,20.2,9.3,9.2,7.4
7490,8.7,20.3,9.4,9.2,7.4
7491,8.3,19.3,8.9,8.8,7.1
7492,7.7,17.9,8.4,8.2,6.6
7493,7.8,18.3,8.5,8.3,6.7
7494,7.7,18.1,8.4,8.2,6.7
7495,7.7,18.0,8.4,8.2,6.6
7496,7.8,18.2,8.5,8.3,6.7
7497,7.3,17.7,8.1,-4.8,-1.7
7498,6.1,8.4,6.4,-6.8,-3.0
7499,5.2,5.4,5.8,-7.7,-3.7
7500,5.2,7.2,6.0,-7.5,-3.6
7501,5.4,10.7,-4.3,-0.6,0.8
7502,5.3,9.8,-4.4,-7.1,-3.4
7503,4.9,5.4,-4.7,-7.8,-3.7
7504,-5.7,10.5,-4.1,-6.9,-3.0
7505,-4.9,16.9,-3.3,-5.6,-2.3
7506,-4.4,19.2,-2.9,7.7,6.2
7507,-4.0,20.8,-2.5,8.1,6.5
7508,-20.9,20.4,-18.2,8.3,6.7
7509,-20.3,22.3,-17.7,8.9,7.1
7510,-20.1,23.1,-17.5,9.1,7.3
7511,-20.3,22.5,-17.6,8.9,7.2
7512,-2.8,23.5,9.3,9.2,7.4
7513,8.4,19.5,9.0,8.9,7.1
7514,9.3,21.5,9.9,9.8,7.8
7515,9.2,21.4,9.8,9.7,7.8
7516,9.1,21.1,9.7,9.6,7.7
7517,8.8,20.6,9.5,9.4,7.5
7518,8.5,19.8,9.1,9.0,7.3
7519,8.4,19.6,9.1,8.9,7.2
7520,8.4,19.6,9.1,8.9,7.2
7521,8.2,21.3,9.0,8.9,7.2
7522,7.9,20.1,8.7,8.5,6.9
7523,7.7,19.3,8.5,8.3,6.8
7524,7.3,18.0,8.2,8.0,6.5
7525,7.3,18.1,-2.5,8.0,6.5
7526,7.1,17.5,-2.7,7.7,6.3
7527,6.9,16.5,-2.9,7.5,6.1
7528,-4.4,18.4,-2.8,7.6,6.2
7529,-4.3,19.5,-2.7,7.8,6.3
7530,-4.1,20.3,-2.6,8.0,6.5
7531,-4.0,20.7,-2.5,8.1,6.6
7532,-21.1,19.7,-18.4,8.1,6.6
7533,-21.2,19.3,-18.5,8.0,6.5
7534,-21.2,19.3,-18.5,8.0,6.5
7535,-20.8,20.7,-18.1,8.4,6.8
7536,-3.4,23.2,8.8,8.7,7.0
7537,8.2,19.1,8.9,8.7,7.0
7538,8.4,19.7,9.1,9.0,7.2
7539,8.5,19.9,9.2,9.1,7.3
7540,8.7,20.3,9.4,9.2,7.5
7541,8.8,20.6,9.5,9.4,7.6
7542,9.1,21.2,9.8,9.7,7.8
7543,9.5,22.1,10.2,10.1,8.1
7544,9.6,22.4,10.3,10.2,8.2
7545,9.3,24.2,10.1,10.0,8.1
7546,8.5,20.9,9.4,9.1,7.4
7547,7.9,18.7,8.8,8.5,6.9
7548,7.5,17.4,8.4,8.0,6.6
7549,7.3,17.1,-2.4,7.9,6.5
7550,7.7,19.2,-2.1,8.4,6.8
7551,7.8,19.8,-2.1,8.5,6.9
7552,-3.7,22.1,-2.1,8.5,6.9
7553,-3.9,21.3,-2.3,8.2,6.7
7554,-4.0,20.6,-2.5,8.1,6.6
7555,-4.0,20.6,-2.5,8.1,6.6
7556,-21.2,19.2,-18.5,8.0,6.5
7557,-22.0,16.5,-19.3,7.2,5.9
7558,-21.6,17.9,-18.9,7.6,6.2
7559,-21.9,17.0,-19.2,7.4,6.0
7560,-4.7,17.9,7.5,7.4,6.0
7561,6.7,15.6,7.4,7.2,5.9
7562,6.6,15.5,7.3,7.1,5.8
7563,6.8,15.9,7.5,7.3,5.9
7564,7.1,16.5,7.8,7.6,6.2
7565,7.4,17.3,8.1,7.9,6.4
7566,7.4,17.2,8.1,7.9,6.4
7567,7.4,17.2,8.1,7.9,6.4
7568,7.3,17.1,8.0,7.8,6.4
7569,6.9,17.2,7.7,-5.2,-1.9
7570,6.5,15.5,7.4,-5.6,-2.2
7571,5.9,12.4,6.8,-6.3,-2.8
7572,5.5,10.2,6.4,-6.9,-3.2
7573,5.6,10.5,-4.2,-0.5,0.9
7574,5.5,10.7,-4.2,-6.8,-3.2
7575,5.9,12.4,-3.8,-6.4,-2.8
7576,6.3,14.8,-3.6,-5.9,-2.5
7577,6.8,16.8,-3.1,-5.3,-2.1
7578,6.8,16.9,-3.1,7.4,6.0
7579,7.2,18.6,-2.7,7.8,6.3
7580,7.8,20.7,-18.1,8.4,6.8
7581,8.1,21.9,-17.8,8.8,7.1
7582,7.4,19.5,-18.5,8.1,6.5
7583,7.4,19.5,-18.5,8.1,6.5
7584,7.3,19.2,8.1,8.0,6.5
7585,7.3,17.1,8.0,7.8,6.3
7586,7.5,17.4,8.1,8.0,6.5
7587,7.6,17.7,8.2,8.1,6.5
7588,7.7,18.0,8.4,8.2,6.7
7589,7.8,18.2,8.5,8.3,6.7
7590,7.7,18.0,8.4,8.2,6.7
7591,8.0,18.8,8.7,8.6,6.9
7592,8.7,20.4,9.4,9.3,7.5
7593,9.1,23.9,9.9,-2.9,-0.2
7594,8.7,21.7,9.5,-3.4,-0.5
7595,6.4,12.5,7.2,-6.0,-2.5
7596,6.3,11.6,7.2,-6.2,-2.6
7597,5.9,10.8,-3.8,-0.2,1.2
7598,5.5,4.3,-4.2,-7.5,-3.2
7599,6.5,13.8,-3.2,-5.8,-2.3
7600,7.1,17.1,-2.8,-5.1,-1.9
7601,8.3,21.4,-1.6,-3.8,-0.9
7602,9.5,25.3,-0.4,10.2,8.2
7603,9.5,26.7,-0.4,10.2,8.2
7604,9.5,26.7,-16.4,10.2,8.2
7605,10.0,28.4,-15.9,10.8,8.6
7606,10.2,29.1,-15.7,11.0,8.8
7607,10.4,30.2,-15.4,11.3,9.0
7608,10.3,29.5,11.1,11.1,8.9
7609,10.4,24.4,11.1,11.1,8.9
7610,10.4,24.5,11.2,11.1,9.0
7611,10.5,24.6,11.2,11.2,9.0
7612,11.3,26.6,12.1,12.1,9.7
7613,11.7,27.4,12.4,12.5,10.0
7614,11.1,26.1,11.8,11.9,9.5
7615,11.5,27.0,12.2,12.3,9.8
7616,11.6,27.2,12.4,12.4,10.0
7617,10.7,28.3,11.5,-1.1,1.3
7618,9.2,20.6,9.9,-3.1,-0.1
7619,6.9,10.6,7.6,-5.8,-2.0
7620,6.3,10.0,7.2,-6.2,-2.4
7621,6.3,10.9,-3.3,0.2,1.6
7622,5.5,0.0,-4.2,-8.1,-3.2
7623,5.9,1.4,-3.7,-7.3,-2.7
7624,-4.7,17.9,-2.9,-5.3,-2.0
7625,-3.6,22.3,-2.0,-4.2,-1.1
7626,-2.2,28.6,-0.6,10.1,8.1
7627,-1.2,33.0,0.4,11.1,9.0
7628,-18.1,30.3,-15.4,11.4,9.1
7629,-18.1,30.3,-15.4,11.4,9.1
7630,-17.7,31.8,-14.9,11.8,9.5
7631,-17.2,33.5,-14.4,12.3,9.9
7632,0.3,39.3,12.6,12.7,10.2
7633,11.9,27.9,12.6,12.7,10.2
7634,12.0,28.1,12.7,12.8,10.3
7635,12.2,28.7,13.0,13.1,10.5
7636,12.1,28.4,12.9,12.9,10.4
7637,12.1,28.6,12.9,13.0,10.4
7638,11.9,28.1,12.7,12.8,10.3
7639,12.1,28.5,12.9,13.0,10.4
7640,12.2,28.6,13.0,13.1,10.5
7641,11.5,29.9,12.2,-0.4,1.9
7642,10.4,21.1,10.7,-2.2,0.8
7643,9.0,11.9,9.1,-4.2,-0.5
7644,7.9,6.8,8.3,-5.5,-1.4
7645,7.4,5.0,-2.6,0.4,2.4
7646,7.3,3.9,-2.4,-6.1,-1.6
7647,7.8,7.0,-1.7,-5.5,-1.1
7648,8.4,21.4,-1.2,-3.5,-0.6
7649,9.5,25.3,-0.2,-2.3,0.4
7650,10.5,28.8,0.8,11.5,9.3
7651,11.1,32.7,1.3,12.1,9.8
7652,11.1,32.7,-14.6,12.1,9.8
7653,10.8,31.5,-15.0,11.8,9.5
7654,10.5,30.7,-15.2,11.5,9.3
7655,10.3,30.0,-15.4,11.3,9.2
7656,10.2,29.5,11.1,11.2,9.1
7657,10.5,24.8,11.3,11.3,9.2
7658,10.3,24.5,11.2,11.2,9.1
7659,10.2,24.2,11.1,11.1,9.0
7660,10.3,24.4,11.1,11.1,9.0
7661,10.2,24.3,11.1,11.1,9.0
7662,10.2,24.3,11.1,11.1,9.0
7663,10.3,24.5,11.2,11.2,9.1
7664,10.6,25.2,11.5,11.5,9.3
7665,10.1,27.4,11.1,-1.6,0.9
7666,9.8,25.4,10.8,-2.0,0.6
7667,8.3,16.3,9.1,-4.1,-0.7
7668,7.5,8.7,8.1,-5.5,-1.5
7669,7.6,14.9,-2.0,1.7,2.8
7670,8.3,20.4,-1.3,-3.6,-0.6
7671,8.8,22.9,-0.9,-3.0,-0.2
7672,-2.2,28.6,-0.5,-2.5,0.2
7673,-2.2,28.8,-0.5,-2.5,0.2
7674,-2.0,29.5,-0.3,10.4,8.4
7675,-2.0,29.5,-0.3,10.4,8.4
7676,-19.1,26.9,-16.3,10.4,8.5
7677,-18.9,27.8,-16.0,10.7,8.7
7678,-18.5,29.1,-15.6,11.1,9.0
7679,-18.0,30.8,-15.2,11.6,9.4
7680,-0.4,32.4,11.9,12.0,9.7
7681,11.4,27.0,12.3,12.3,9.9
7682,11.2,26.4,12.0,12.0,9.7
7683,11.0,26.0,11.8,11.9,9.6
7684,11.0,26.1,11.9,11.9,9.6
7685,11.0,26.1,11.9,11.9,9.6
7686,10.9,25.9,11.8,11.8,9.6
7687,10.8,25.5,11.6,11.7,9.4
7688,10.7,25.3,11.5,11.6,9.4
7689,10.4,28.5,11.4,11.5,9.3
7690,10.4,28.3,11.4,11.4,9.3
7691,10.3,27.6,11.3,11.3,9.2
7692,9.6,24.5,10.7,10.5,8.6
7693,8.8,20.8,-0.7,9.5,7.9
7694,9.6,24.9,0.0,10.5,8.6
7695,9.3,24.1,-0.3,10.2,8.4
7696,-2.3,28.2,-0.5,10.1,8.3
7697,-1.8,30.2,-0.1,10.6,8.6
7698,-1.9,30.2,-0.1,10.6,8.6
7699,-1.9,30.0,-0.2,10.5,8.6
7700,-19.0,27.3,-16.1,10.6,8.6
7701,-19.0,27.2,-16.2,10.5,8.6
7702,-19.0,27.1,-16.2,10.5,8.6
7703,-19.0,27.1,-16.2,10.5,8.5
7704,-1.9,30.2,10.5,10.6,8.6
7705,9.8,23.2,10.6,10.6,8.6
7706,9.8,23.2,10.6,10.6,8.6
7707,9.8,23.3,10.7,10.7,8.7
7708,9.8,23.3,10.7,10.7,8.7
7709,10.2,24.1,11.0,11.0,9.0
7710,10.0,23.7,10.8,10.8,8.8
7711,9.9,23.5,10.8,10.7,8.7
7712,10.0,23.7,10.9,10.8,8.8
7713,9.8,26.5,10.7,10.8,8.8
7714,9.5,25.2,10.5,10.4,8.5
7715,9.5,25.3,10.5,10.5,8.5
7716,9.4,25.0,10.4,10.4,8.5
7717,9.2,24.4,-0.4,10.2,8.3
7718,9.3,24.7,-0.4,10.3,8.4
7719,9.1,23.9,-0.6,10.0,8.2
7720,-2.3,28.1,-0.6,10.1,8.2
7721,-2.3,28.3,-0.6,10.1,8.2
7722,-2.4,27.9,-0.7,10.0,8.2
7723,-2.9,25.6,-1.2,9.4,7.7
7724,-20.4,22.5,-17.5,9.1,7.5
7725,-20.2,23.0,-17.4,9.3,7.6
7726,-20.0,23.7,-17.2,9.5,7.7
7727,-20.0,23.7,-17.2,9.5,7.7
7728,-2.6,26.8,9.7,9.7,7.9
7729,9.1,21.6,9.9,9.9,8.0
7730,9.3,21.9,10.1,10.0,8.2
7731,9.0,21.3,9.8,9.8,8.0
7732,9.4,22.4,10.3,10.2,8.3
7733,10.5,24.8,11.3,11.3,9.1
7734,10.3,24.4,11.2,11.2,9.0
7735,10.3,24.4,11.2,11.2,9.0
7736,10.0,23.7,10.9,10.9,8.8
7737,9.2,24.0,10.1,-2.6,0.2
7738,8.2,16.1,8.7,-4.3,-0.9
7739,7.9,13.9,8.5,-4.7,-1.2
7740,8.1,17.0,9.1,-4.2,-0.9
7741,8.2,18.5,-1.4,2.4,3.2
7742,8.2,19.3,-1.4,-3.8,-0.7
7743,8.3,20.8,-1.4,-3.6,-0.6
7744,8.9,23.6,-0.8,-2.9,-0.1
7745,10.7,29.3,0.9,-1.0,1.3
7746,10.6,29.1,0.9,11.6,9.4
7747,10.7,31.2,0.9,11.7,9.4
7748,10.8,31.5,-15.0,11.8,9.5
7749,10.6,31.0,-15.1,11.6,9.4
7750,10.4,30.2,-15.3,11.4,9.2
7751,10.3,30.0,-15.4,11.4,9.2
7752,9.9,28.5,10.8,10.9,8.8
7753,9.7,23.1,10.6,10.6,8.6
7754,9.4,22.3,10.3,10.2,8.3
7755,9.2,21.8,10.0,10.0,8.1
7756,9.1,21.5,9.9,9.9,8.1
7757,8.9,21.1,9.7,9.7,7.9
7758,8.8,21.0,9.7,9.6,7.9
7759,8.6,20.4,9.4,9.4,7.7
7760,8.3,19.7,9.1,9.1,7.4
7761,8.1,21.2,9.0,-3.7,-0.7
7762,7.9,20.2,8.8,-4.0,-0.9
7763,7.6,19.0,8.6,-4.3,-1.1
7764,7.6,19.0,8.6,-4.3,-1.1
7765,7.6,19.3,-2.1,2.1,2.9
7766,7.6,19.5,-2.0,-4.2,-1.1
7767,7.8,19.8,-1.9,-4.1,-1.0
7768,7.8,20.3,-1.9,-4.0,-0.9
7769,8.7,23.2,-1.0,-3.1,-0.2
7770,8.5,22.5,-1.3,9.4,7.7
7771,8.3,23.0,-1.4,9.2,7.5
7772,8.3,23.0,-17.4,9.2,7.5
7773,8.4,23.1,-17.4,9.3,7.6
7774,8.6,23.8,-17.2,9.5,7.7
7775,8.7,24.3,-17.0,9.6,7.8
7776,9.2,25.8,10.1,10.1,8.2
7777,9.9,23.4,10.7,10.7,8.6
7778,9.2,21.7,10.0,9.9,8.1
7779,9.3,22.0,10.1,10.1,8.2
7780,9.0,21.2,9.8,9.7,7.9
7781,9.0,21.2,9.8,9.7,7.9
7782,9.2,21.9,10.1,10.0,8.2
7783,9.3,22.1,10.2,10.1,8.2
7784,9.9,23.5,10.8,10.7,8.7
7785,9.6,25.6,10.5,-2.2,0.5
7786,9.0,22.9,9.9,-2.9,-0.1
7787,8.1,17.4,9.0,-4.1,-0.9
7788,7.3,13.0,8.2,-5.2,-1.6
7789,6.7,7.2,-3.1,0.1,1.9
7790,7.9,17.9,-1.7,-4.2,-1.0
7791,8.9,22.5,-0.7,-3.0,-0.1
7792,-1.9,29.9,-0.2,-2.3,0.4
7793,-2.1,29.2,-0.4,-2.4,0.2
7794,-2.3,28.2,-0.7,10.0,8.1
7795,-1.8,30.5,-0.1,10.6,8.6
7796,-18.9,27.7,-16.1,10.6,8.6
7797,-18.8,27.9,-16.0,10.7,8.6
7798,-19.0,27.3,-16.2,10.5,8.5
7799,-19.4,25.6,-16.6,10.0,8.1
7800,-2.2,28.6,10.1,10.1,8.2
7801,9.8,23.2,10.6,10.6,8.6
7802,10.1,23.9,10.9,10.9,8.8
7803,10.3,24.2,11.1,11.1,8.9
7804,10.4,24.5,11.2,11.2,9.0
7805,10.9,25.7,11.7,11.7,9.5
7806,10.3,24.4,11.1,11.1,9.0
7807,10.1,24.0,10.9,10.9,8.9
7808,10.1,23.9,10.9,10.9,8.9
7809,9.9,26.4,10.9,-1.8,0.7
7810,9.1,19.3,9.6,-3.3,-0.2
7811,8.2,14.6,8.8,-4.4,-1.0
7812,7.3,9.5,8.0,-5.6,-1.7
7813,7.1,9.6,-2.7,0.6,2.2
7814,6.8,8.0,-2.9,-6.1,-2.0
7815,7.3,15.9,-2.3,-4.9,-1.5
7816,7.8,19.6,-1.9,-4.1,-1.0
7817,8.2,21.3,-1.6,-3.7,-0.7
7818,8.5,22.4,-1.3,9.3,7.6
7819,8.7,24.1,-1.1,9.6,7.8
7820,8.8,24.4,-17.0,9.7,7.8
7821,8.9,24.9,-16.8,9.8,8.0
7822,9.3,26.3,-16.5,10.2,8.3
7823,9.4,26.7,-16.4,10.3,8.4
7824,9.5,27.0,10.4,10.4,8.4
7825,9.7,23.0,10.5,10.5,8.5
7826,9.7,22.9,10.5,10.5,8.5
7827,9.8,23.1,10.6,10.6,8.6
7828,10.0,23.6,10.8,10.8,8.7
7829,10.5,24.7,11.3,11.3,9.1
7830,10.9,25.6,11.7,11.7,9.4
7831,10.9,25.7,11.7,11.7,9.4
7832,10.9,25.8,11.7,11.8,9.5
7833,10.8,29.7,11.7,-0.9,1.5
7834,10.7,29.3,11.7,-1.0,1.4
7835,10.2,27.0,11.2,-1.6,0.9
7836,9.5,24.3,10.6,-2.3,0.4
7837,9.2,22.4,-0.4,3.6,4.1
7838,8.2,17.8,-1.3,-4.0,-0.7
7839,8.2,16.7,-1.4,-4.1,-0.7
7840,-2.8,26.1,-0.9,-3.2,-0.3
7841,-1.5,31.7,0.2,-1.8,0.8
7842,-0.4,36.4,1.3,12.0,9.7
7843,0.1,38.7,1.8,12.6,10.1
7844,-17.5,32.4,-14.7,12.1,9.7
7845,-18.5,29.0,-15.7,11.0,8.9
7846,-18.3,29.8,-15.4,11.3,9.1
7847,-17.9,31.2,-15.0,11.7,9.5
7848,0.0,33.9,12.4,12.5,10.1
7849,11.3,26.7,12.1,12.2,9.8
7850,11.4,27.1,12.3,12.4,10.0
7851,11.7,27.7,12.5,12.6,10.2
7852,10.7,25.3,11.5,11.6,9.4
7853,10.8,25.6,11.7,11.7,9.5
7854,10.8,25.7,11.7,11.7,9.5
7855,10.8,25.7,11.7,11.7,9.5
7856,10.9,25.9,11.8,11.8,9.6
7857,10.6,29.1,11.6,11.7,9.5
7858,10.5,28.3,11.5,11.5,9.3
7859,10.3,27.1,11.3,11.2,9.2
7860,9.8,25.3,10.9,10.7,8.8
7861,9.0,21.8,-0.5,9.8,8.1
7862,7.5,12.2,-2.1,7.7,6.8
7863,8.1,19.0,-1.5,8.8,7.4
7864,-2.6,26.8,-0.8,9.8,8.0
7865,-2.1,29.1,-0.4,10.3,8.4
7866,-2.1,29.4,-0.3,10.4,8.4
7867,-2.0,29.6,-0.3,10.4,8.5
7868,-18.9,27.7,-16.0,10.7,8.7
7869,-18.8,27.8,-16.0,10.7,8.7
7870,-18.7,28.3,-15.9,10.9,8.8
7871,-18.6,28.7,-15.8,11.0,8.9
7872,-1.6,31.4,10.8,10.9,8.8
7873,10.2,24.2,11.1,11.1,9.0
7874,10.2,24.2,11.1,11.1,9.0
7875,10.3,24.5,11.2,11.2,9.1
7876,10.6,25.1,11.4,11.5,9.3
7877,10.3,24.5,11.2,11.2,9.1
7878,10.1,23.9,11.0,11.0,8.9
7879,9.9,23.5,10.8,10.8,8.8
7880,9.8,23.3,10.7,10.7,8.7
7881,9.4,25.5,10.4,10.4,8.5
7882,9.4,25.3,10.3,10.4,8.5
7883,9.2,24.6,10.1,10.2,8.3
7884,9.0,24.0,10.0,10.0,8.2
7885,8.7,23.0,-1.0,9.7,7.9
7886,8.4,21.6,-1.3,9.3,7.6
7887,8.2,21.3,-1.4,9.1,7.5
7888,-3.2,24.2,-1.5,9.1,7.5
7889,-3.2,24.3,-1.5,9.1,7.5
7890,-3.1,24.7,-1.4,9.2,7.6
7891,-3.1,24.9,-1.4,9.3,7.6
7892,-20.1,23.5,-17.2,9.4,7.7
7893,-20.2,23.0,-17.4,9.3,7.6
7894,-20.2,23.2,-17.3,9.3,7.6
7895,-20.3,22.6,-17.5,9.1,7.5
7896,-3.1,24.7,9.2,9.2,7.5
7897,8.5,20.1,9.3,9.2,7.5
7898,8.4,19.8,9.2,9.1,7.4
7899,8.4,20.0,9.2,9.1,7.5
7900,8.4,20.0,9.2,9.1,7.5
7901,8.7,20.5,9.5,9.4,7.7
7902,9.1,21.7,10.0,9.9,8.1
7903,9.4,22.3,10.3,10.2,8.3
7904,9.2,21.8,10.0,10.0,8.1
7905,8.7,23.2,9.7,-3.0,-0.2
7906,8.5,21.8,9.4,-3.4,-0.5
7907,8.3,20.9,9.3,-3.6,-0.6
7908,8.5,21.8,9.5,-3.4,-0.5
7909,8.7,22.4,-1.0,3.2,3.7
7910,8.8,22.8,-0.8,-3.0,-0.2
7911,9.0,23.1,-0.7,-2.9,-0.1
7912,9.1,23.8,-0.7,-2.8,0.0
7913,9.4,25.1,-0.4,-2.4,0.3
7914,10.1,27.6,0.4,11.1,9.0
7915,10.0,28.8,0.2,11.0,8.9
7916,9.8,28.2,-15.9,10.8,8.8
7917,10.1,29.3,-15.6,11.1,9.0
7918,10.3,29.8,-15.5,11.3,9.1
7919,10.7,31.3,-15.0,11.7,9.5
7920,10.6,30.8,11.5,11.6,9.4
7921,10.6,25.1,11.5,11.5,9.3
7922,10.4,24.7,11.3,11.3,9.1
7923,10.9,25.7,11.7,11.7,9.5
7924,11.4,27.1,12.3,12.4,10.0
7925,11.1,26.3,12.0,12.0,9.7
7926,11.0,26.1,11.9,11.9,9.6
7927,10.9,25.8,11.7,11.8,9.5
7928,10.6,25.2,11.5,11.5,9.3
7929,10.4,28.2,11.3,-1.3,1.2
7930,10.0,26.5,11.0,-1.7,0.8
7931,9.7,24.9,10.8,-2.1,0.6
7932,9.3,23.2,10.4,-2.5,0.3
7933,9.2,22.4,-0.3,3.6,4.2
7934,9.4,23.4,-0.1,-2.5,0.3
7935,9.6,24.2,-0.0,-2.3,0.5
7936,9.8,26.1,0.2,-1.9,0.7
7937,10.4,28.5,0.7,-1.2,1.2
7938,10.8,29.7,1.1,11.9,9.6
7939,11.0,32.3,1.3,12.1,9.8
7940,11.8,35.1,-13.9,12.9,10.4
7941,11.8,35.2,-13.9,12.9,10.4
7942,11.4,33.9,-14.3,12.5,10.1
7943,11.3,33.4,-14.4,12.4,10.0
7944,10.9,32.2,11.9,12.1,9.8
7945,11.7,27.8,12.6,12.7,10.3
7946,11.1,26.3,12.0,12.0,9.8
7947,11.0,26.2,11.9,12.0,9.7
7948,11.2,26.6,12.1,12.1,9.9
7949,11.1,26.3,12.0,12.1,9.8
7950,10.8,25.7,11.7,11.8,9.6
7951,10.9,26.0,11.9,11.9,9.7
7952,10.8,25.7,11.7,11.8,9.6
7953,10.6,29.3,11.7,-0.9,1.5
7954,10.2,27.5,11.2,-1.5,1.1
7955,9.3,24.3,10.4,-2.4,0.4
7956,8.7,21.1,9.8,-3.2,-0.2
7957,8.4,19.6,-1.1,2.8,3.6
7958,7.6,8.5,-2.1,-5.4,-1.2
7959,7.9,11.6,-1.6,-4.8,-0.8
7960,-2.4,27.7,-0.5,-2.7,0.1
7961,-1.2,33.1,0.6,-1.4,1.1
7962,-0.6,35.5,1.1,11.9,9.6
7963,-0.4,36.5,1.3,12.1,9.8
7964,-17.6,32.2,-14.7,12.0,9.7
7965,-17.9,31.2,-15.0,11.7,9.5
7966,-18.0,30.8,-15.1,11.6,9.4
7967,-17.1,34.1,-14.2,12.6,10.2
7968,0.2,39.0,12.6,12.7,10.3
7969,10.7,25.4,11.6,11.6,9.4
7970,11.4,27.1,12.3,12.4,10.0
7971,11.3,26.9,12.2,12.3,9.9
7972,11.0,26.2,11.9,12.0,9.7
7973,10.7,25.4,11.6,11.6,9.5
7974,10.5,25.0,11.4,11.4,9.3
7975,10.3,24.5,11.2,11.2,9.1
7976,10.2,24.4,11.2,11.2,9.1
7977,10.1,27.7,11.1,-1.5,1.0
7978,10.2,27.9,11.2,-1.4,1.1
7979,9.9,27.1,11.0,-1.7,0.9
7980,9.4,25.5,10.5,-2.2,0.5
7981,9.1,24.3,-0.5,3.8,4.3
7982,8.4,22.0,-1.2,-3.3,-0.3
7983,8.0,20.3,-1.6,-3.8,-0.7
7984,8.2,21.1,-1.4,-3.6,-0.6
7985,8.6,22.8,-1.1,-3.1,-0.2
7986,8.7,23.2,-1.0,9.7,8.0
7987,9.1,25.9,-0.5,10.2,8.3
7988,8.7,24.3,-17.0,9.7,7.9
7989,9.6,27.6,-16.1,10.7,8.7
7990,9.5,27.1,-16.2,10.5,8.6
7991,8.8,24.7,-16.9,9.8,8.0
7992,8.7,24.3,9.7,9.7,7.9
7993,9.2,21.9,10.1,10.1,8.2
7994,9.2,21.8,10.1,10.0,8.2
7995,9.1,21.7,10.0,10.0,8.2
7996,9.0,21.5,9.9,9.9,8.1
7997,8.9,21.3,9.8,9.8,8.0
7998,8.7,20.7,9.6,9.5,7.8
7999,8.9,21.1,9.8,9.7,7.9
8000,8.8,21.0,9.7,9.6,7.9
8001,9.0,23.9,9.9,-2.8,0.0
8002,7.8,19.2,8.8,-4.1,-0.9
8003,8.3,21.5,9.3,-3.5,-0.5
8004,8.7,23.0,9.7,-3.0,-0.2
8005,8.5,21.6,-1.2,3.0,3.6
8006,8.0,19.7,-1.6,-3.9,-0.8
8007,8.0,19.8,-1.6,-3.9,-0.8
8008,-3.2,24.3,-1.4,-3.6,-0.6
8009,-2.2,28.7,-0.5,-2.5,0.2
8010,-1.6,31.4,0.1,10.8,8.8
8011,-1.6,31.2,0.1,10.8,8.7
8012,-18.6,28.6,-15.8,10.9,8.9
8013,-18.5,29.1,-15.6,11.1,9.0
8014,-19.0,27.3,-16.2,10.5,8.6
8015,-18.5,29.1,-15.6,11.1,9.0
8016,-0.5,32.0,11.8,11.9,9.6
8017,11.2,26.4,12.0,12.0,9.7
8018,10.5,24.8,11.3,11.3,9.2
8019,10.3,24.5,11.2,11.2,9.1
8020,10.6,25.0,11.4,11.4,9.3
8021,10.1,24.0,11.0,11.0,8.9
8022,10.5,24.9,11.4,11.4,9.2
8023,10.7,25.3,11.5,11.6,9.4
8024,10.0,23.7,10.9,10.9,8.8
8025,10.0,27.1,10.9,11.0,8.9
8026,9.3,24.5,10.2,10.2,8.3
8027,8.8,22.5,9.8,9.7,7.9
8028,8.6,21.6,9.7,9.4,7.8
8029,8.0,18.7,-1.6,8.7,7.2
8030,7.6,17.2,-1.9,8.3,6.9
8031,10.4,26.1,0.8,11.2,9.2
8032,-3.6,22.5,-1.8,8.7,7.2
8033,-3.5,23.1,-1.8,8.8,7.3
8034,-3.5,23.1,-1.8,8.8,7.2
8035,-3.6,22.6,-1.9,8.7,7.1
8036,-21.0,20.3,-18.2,8.4,6.9
8037,-21.2,19.4,-18.4,8.2,6.7
8038,-21.2,19.4,-18.4,8.2,6.7
8039,-21.1,20.0,-18.2,8.4,6.9
8040,-3.6,22.5,8.7,8.6,7.1
8041,7.9,18.7,8.7,8.6,7.0
8042,7.3,17.3,8.1,8.0,6.6
8043,7.4,17.6,8.2,8.1,6.7
8044,7.7,18.3,8.5,8.4,6.9
8045,7.9,18.8,8.7,8.6,7.0
8046,7.9,18.8,8.7,8.6,7.0
8047,8.0,18.9,8.8,8.6,7.1
8048,7.9,18.6,8.7,8.5,7.0
8049,7.8,20.0,8.6,8.6,7.0
8050,7.6,18.9,8.5,8.3,6.9
8051,7.4,18.6,8.3,8.2,6.7
8052,7.3,18.1,8.2,8.0,6.6
8053,7.3,18.1,-2.5,8.0,6.6
8054,7.1,17.8,-2.6,7.9,6.5
8055,7.2,18.2,-2.6,7.9,6.5
8056,-4.2,19.9,-2.6,8.0,6.5
8057,-4.1,20.6,-2.5,8.1,6.6
8058,-4.2,20.1,-2.6,8.0,6.6
8059,-4.1,20.5,-2.5,8.1,6.6
8060,-21.1,19.9,-18.3,8.3,6.7
8061,-21.1,19.7,-18.4,8.2,6.7
8062,-21.0,20.0,-18.3,8.3,6.8
8063,-20.7,21.2,-17.9,8.6,7.0
8064,-3.4,23.4,8.8,8.8,7.1
8065,8.2,19.2,8.9,8.8,7.1
8066,8.4,19.6,9.1,9.0,7.3
8067,8.6,20.3,9.4,9.3,7.5
8068,8.9,20.9,9.6,9.5,7.7
8069,9.6,22.5,10.3,10.2,8.3
8070,9.8,22.9,10.5,10.5,8.4
8071,9.7,22.7,10.4,10.4,8.4
8072,9.7,22.7,10.4,10.4,8.4
8073,9.2,24.7,10.1,-2.6,0.1
8074,9.2,24.4,10.0,-2.7,0.0
8075,8.6,22.3,9.5,-3.3,-0.4
8076,8.4,21.6,9.3,-3.5,-0.6
8077,8.2,21.1,-1.6,2.6,3.3
8078,8.0,20.7,-1.7,-3.9,-0.9
8079,7.9,20.5,-1.9,-4.0,-1.0
8080,7.8,20.2,-2.0,-4.1,-1.1
8081,7.3,18.8,-2.4,-4.6,-1.4
8082,7.2,18.4,-2.6,8.0,6.5
8083,7.2,18.9,-2.6,8.0,6.5
8084,7.3,19.2,-18.5,8.1,6.6
8085,7.1,18.7,-18.6,7.9,6.5
8086,6.9,17.8,-18.9,7.7,6.3
8087,7.0,18.2,-18.8,7.7,6.4
8088,7.0,18.0,7.8,7.7,6.3
8089,7.1,16.8,7.9,7.7,6.3
8090,7.2,17.0,8.0,7.8,6.4
8091,7.4,17.5,8.2,8.0,6.6
8092,7.6,17.8,8.3,8.2,6.7
8093,7.7,18.1,8.4,8.3,6.8
8094,7.8,18.3,8.5,8.4,6.8
8095,7.9,18.5,8.6,8.5,6.9
8096,7.9,18.6,8.7,8.5,6.9
8097,7.9,20.5,8.8,-4.0,-1.0
8098,7.4,16.9,8.1,-4.8,-1.6
8099,6.7,10.6,7.3,-6.0,-2.3
8100,6.8,12.6,7.6,-5.7,-2.1
8101,6.4,10.3,-3.4,0.2,1.6
8102,6.2,2.5,-3.8,-7.2,-2.7
8103,6.9,14.6,-2.8,-5.4,-2.0
8104,7.5,18.7,-2.3,-4.5,-1.4
8105,7.8,20.2,-2.0,-4.1,-1.1
8106,8.1,21.0,-1.8,8.8,7.1
8107,8.2,22.3,-1.6,9.0,7.3
8108,8.4,23.0,-17.4,9.2,7.4
8109,8.4,22.9,-17.5,9.1,7.4
8110,8.5,23.2,-17.4,9.2,7.5
8111,8.6,23.7,-17.2,9.4,7.6
8112,8.8,24.6,9.7,9.6,7.8
8113,9.2,21.7,10.0,9.9,8.0
8114,9.2,21.7,10.0,9.9,8.0
8115,9.4,22.1,10.2,10.1,8.1
8116,9.3,21.9,10.1,10.0,8.1
8117,9.3,21.8,10.0,10.0,8.0
8118,9.3,21.9,10.1,10.0,8.1
8119,9.2,21.6,9.9,9.9,8.0
8120,9.0,21.3,9.8,9.7,7.9
8121,8.8,23.3,9.6,-3.1,-0.3
8122,8.5,22.0,9.4,-3.4,-0.5
8123,8.0,19.9,8.9,-4.0,-1.0
8124,7.7,18.6,8.6,-4.4,-1.2
8125,7.3,16.7,-2.4,1.5,2.5
8126,7.2,15.9,-2.5,-5.0,-1.7
8127,7.3,16.5,-2.4,-4.9,-1.6
8128,-3.6,22.3,-1.9,-4.2,-1.1
8129,-2.9,25.4,-1.3,-3.4,-0.6
8130,-2.9,25.5,-1.3,9.3,7.6
8131,-2.6,26.8,-1.0,9.6,7.8
8132,-19.4,25.8,-16.6,10.0,8.1
8133,-19.3,26.2,-16.5,10.1,8.2
8134,-19.3,26.0,-16.6,10.1,8.1
8135,-19.4,25.8,-16.6,10.0,8.1
8136,-2.2,28.4,10.0,10.0,8.1
8137,9.4,22.2,10.2,10.1,8.2
8138,9.4,22.1,10.1,10.1,8.1
8139,9.3,21.8,10.0,10.0,8.1
8140,9.3,22.0,10.1,10.0,8.1
8141,9.3,22.0,10.1,10.0,8.1
8142,9.5,22.3,10.2,10.2,8.2
8143,9.3,22.0,10.1,10.0,8.1
8144,9.5,22.5,10.3,10.2,8.3
8145,9.4,25.1,10.2,-2.4,0.2
8146,8.5,21.9,9.4,-3.4,-0.5
8147,7.9,18.9,8.8,-4.2,-1.1
8148,7.3,16.2,8.3,-4.9,-1.6
8149,7.3,16.6,-2.4,1.5,2.5
8150,7.0,15.6,-2.6,-5.1,-1.8
8151,7.3,16.9,-2.4,-4.8,-1.5
8152,7.7,19.9,-2.0,-4.2,-1.1
8153,8.0,20.8,-1.8,-3.9,-0.9
8154,8.1,21.2,-1.7,8.9,7.3
8155,8.1,22.1,-1.7,8.9,7.3
8156,8.3,22.6,-17.5,9.1,7.4
8157,8.2,22.5,-17.6,9.0,7.4
8158,8.4,23.0,-17.4,9.2,7.5
8159,8.4,23.2,-17.4,9.2,7.5
8160,8.5,23.5,9.4,9.3,7.6
8161,8.7,20.5,9.5,9.4,7.6
8162,8.8,20.7,9.6,9.5,7.7
8163,8.7,20.6,9.5,9.4,7.7
8164,8.8,20.7,9.6,9.5,7.7
8165,8.8,20.6,9.5,9.4,7.7
8166,8.8,20.8,9.6,9.5,7.7
8167,8.8,20.6,9.5,9.4,7.7
8168,8.7,20.5,9.5,9.4,7.6
8169,8.5,22.5,9.4,-3.3,-0.5
8170,8.4,22.0,9.3,-3.5,-0.6
8171,8.2,20.7,9.1,-3.8,-0.8
8172,7.8,18.6,8.7,-4.3,-1.1
8173,7.7,18.1,-2.0,1.9,2.8
8174,7.4,16.9,-2.3,-4.7,-1.5
8175,7.4,17.1,-2.3,-4.7,-1.4
8176,-3.6,22.5,-1.9,-4.1,-1.1
8177,-2.9,25.5,-1.3,-3.4,-0.5
8178,-2.8,26.0,-1.2,9.4,7.7
8179,-2.6,26.8,-1.0,9.6,7.8
8180,-19.7,24.7,-16.9,9.7,7.9
8181,-19.7,24.8,-16.9,9.7,7.9
8182,-19.6,25.2,-16.8,9.8,8.0
8183,-19.5,25.5,-16.7,9.9,8.0
8184,-2.1,26.2,10.1,10.1,8.2
8185,9.6,22.5,10.3,10.3,8.3
8186,9.7,22.9,10.5,10.4,8.4
8187,9.6,22.7,10.4,10.3,8.4
8188,9.7,22.9,10.5,10.4,8.4
8189,9.9,23.4,10.7,10.7,8.6
8190,10.0,23.6,10.8,10.8,8.7
8191,10.2,24.1,11.0,11.0,8.9
8192,10.3,24.2,11.0,11.0,8.9
8193,10.2,27.8,11.1,11.2,9.0
8194,10.2,27.6,11.1,11.1,9.0
8195,10.1,26.8,11.0,11.0,8.9
8196,9.9,25.8,10.8,10.7,8.7
8197,10.0,26.1,0.3,10.8,8.8
8198,9.8,25.5,0.1,10.6,8.6
8199,10.0,26.1,0.3,10.8,8.8
8200,-1.2,32.7,0.5,11.1,9.0
8201,-0.9,34.5,0.8,11.6,9.3
8202,-1.0,33.6,0.6,11.4,9.2
8203,-1.0,33.8,0.7,11.4,9.2
8204,-17.6,32.0,-14.8,11.9,9.6
8205,-17.7,31.8,-14.9,11.9,9.6
8206,-17.8,31.3,-15.0,11.7,9.5
8207,-17.8,31.3,-15.0,11.7,9.5
8208,-0.8,34.7,11.5,11.6,9.4
8209,11.1,26.1,11.9,11.9,9.6
8210,11.1,26.2,11.9,12.0,9.7
8211,11.2,26.5,12.0,12.1,9.7
8212,11.3,26.8,12.2,12.2,9.9
8213,11.4,27.0,12.2,12.3,9.9
8214,11.4,27.1,12.3,12.4,10.0
8215,11.5,27.2,12.4,12.4,10.0
8216,11.5,27.1,12.3,12.4,10.0
8217,11.2,31.1,12.2,12.3,10.0
8218,11.2,31.1,12.2,12.3,10.0
8219,11.3,31.1,12.2,12.4,10.0
8220,11.2,30.8,12.2,12.3,10.0
8221,11.2,30.8,1.6,12.3,10.0
8222,11.2,30.9,1.6,12.3,10.0
8223,11.2,31.0,1.6,12.4,10.0
8224,-0.0,38.2,1.7,12.5,10.1
8225,0.0,38.4,1.8,12.6,10.2
8226,0.0,38.4,1.8,12.6,10.2
8227,-0.0,38.2,1.8,12.6,10.2
8228,-17.2,33.8,-14.3,12.5,10.1
8229,-17.1,33.9,-14.2,12.6,10.2
8230,-17.1,33.9,-14.2,12.6,10.2
8231,-17.1,33.9,-14.2,12.6,10.2
8232,-0.0,38.0,12.4,12.5,10.1
8233,11.6,27.5,12.5,12.5,10.2
8234,11.5,27.4,12.4,12.5,10.1
8235,11.5,27.4,12.4,12.5,10.1
8236,11.5,27.4,12.4,12.5,10.1
8237,11.5,27.4,12.4,12.5,10.1
8238,11.5,27.3,12.4,12.5,10.1
8239,11.5,27.4,12.4,12.5,10.2
8240,11.5,27.4,12.4,12.5,10.2
8241,11.4,31.7,12.4,-0.1,2.1
8242,11.4,31.7,12.4,-0.1,2.1
8243,11.4,31.6,12.4,-0.1,2.1
8244,11.3,31.2,12.4,-0.2,2.0
8245,11.2,31.0,1.6,6.1,6.0
8246,11.3,31.2,1.7,-0.2,2.0
8247,11.3,31.3,1.7,-0.2,2.0
8248,11.4,31.6,1.7,-0.1,2.1
8249,11.4,31.7,1.8,-0.1,2.1
8250,11.4,31.9,1.8,12.7,10.3
8251,11.4,33.9,1.8,12.6,10.2
8252,11.5,34.2,-14.1,12.7,10.3
8253,11.5,34.3,-14.1,12.7,10.3
8254,11.5,34.4,-14.1,12.8,10.4
8255,11.5,34.4,-14.1,12.8,10.4
8256,11.6,34.8,12.7,12.9,10.4
8257,11.9,28.3,12.8,13.0,10.5
8258,11.9,28.3,12.8,13.0,10.5
8259,11.9,28.4,12.9,13.0,10.6
8260,11.9,28.3,12.8,13.0,10.5
8261,11.8,28.1,12.8,12.9,10.5
8262,11.8,28.1,12.8,12.9,10.5
8263,11.8,28.1,12.8,12.9,10.5
8264,11.7,28.0,12.7,12.8,10.4
8265,11.6,32.5,12.7,0.2,2.4
8266,11.6,32.3,12.7,0.1,2.3
8267,11.6,32.3,12.7,0.1,2.4
8268,11.5,31.8,12.6,0.0,2.3
8269,11.5,31.8,2.0,6.4,6.3
8270,11.6,32.2,2.0,0.1,2.4
8271,11.6,32.4,2.1,0.2,2.4
8272,11.7,32.7,2.1,0.3,2.4
8273,11.8,33.1,2.2,0.4,2.5
8274,11.7,32.9,2.2,13.0,10.6
8275,11.7,35.2,2.2,13.0,10.6
8276,11.8,35.4,-13.8,13.1,10.6
8277,11.8,35.4,-13.8,13.1,10.6
8278,11.9,35.7,-13.7,13.2,10.7
8279,11.8,35.4,-13.8,13.1,10.6
8280,11.8,35.4,12.9,13.1,10.6
8281,12.0,28.6,13.0,13.1,10.7
8282,12.0,28.6,13.0,13.1,10.7
8283,11.9,28.5,12.9,13.1,10.6
8284,11.9,28.5,12.9,13.1,10.6
8285,12.0,28.8,13.0,13.2,10.7
8286,12.1,29.0,13.1,13.3,10.8
8287,12.0,28.8,13.1,13.2,10.7
8288,11.9,28.6,13.0,13.1,10.7
8289,11.8,33.2,12.9,0.4,2.6
8290,11.8,33.1,12.9,0.4,2.6
8291,11.7,32.7,12.8,0.3,2.5
8292,11.6,32.2,12.7,0.2,2.4
8293,11.4,31.8,1.9,6.4,6.3
8294,11.3,31.5,1.8,-0.1,2.2
8295,11.3,31.6,1.8,-0.1,2.2
8296,0.0,38.6,1.9,0.1,2.3
8297,-0.0,38.4,1.9,0.0,2.3
8298,-0.2,37.7,1.7,12.6,10.2
8299,-0.2,37.5,1.7,12.5,10.2
8300,-17.4,33.2,-14.4,12.4,10.1
8301,-17.4,33.0,-14.4,12.4,10.1
8302,-17.4,33.0,-14.4,12.4,10.1
8303,-17.5,32.8,-14.5,12.3,10.0
8304,-0.4,36.6,12.1,12.3,10.0
8305,11.2,26.8,12.2,12.3,10.0
8306,11.2,26.8,12.2,12.3,10.0
8307,11.1,26.7,12.1,12.2,10.0
8308,11.1,26.7,12.1,12.2,10.0
8309,11.1,26.6,12.1,12.2,9.9
8310,11.1,26.6,12.1,12.2,9.9
8311,11.0,26.5,12.1,12.1,9.9
8312,11.0,26.5,12.1,12.1,9.9
8313,10.8,30.1,11.9,-0.6,1.8
8314,10.6,29.5,11.7,-0.8,1.6
8315,10.3,27.9,11.4,-1.2,1.3
8316,9.6,25.5,10.8,-2.0,0.7
8317,9.1,23.5,-0.4,3.8,4.3
8318,8.8,22.4,-0.7,-2.9,0.1
8319,8.6,21.4,-0.9,-3.2,-0.1
8320,9.0,24.1,-0.5,-2.6,0.3
8321,9.4,25.5,-0.2,-2.2,0.6
8322,9.5,26.0,-0.1,10.7,8.8
8323,10.2,29.6,0.6,11.3,9.3
8324,10.9,32.2,-14.7,12.1,9.8
8325,11.6,34.6,-14.0,12.8,10.4
8326,11.6,34.6,-14.0,12.8,10.4
8327,11.9,35.8,-13.7,13.2,10.7
8328,12.1,36.5,13.2,13.4,10.8
8329,12.4,29.4,13.3,13.5,10.9
8330,12.9,30.7,13.9,14.0,11.3
8331,12.9,30.7,13.9,14.0,11.4
8332,13.3,31.7,14.3,14.5,11.7
8333,13.5,32.2,14.5,14.7,11.9
8334,13.6,32.4,14.6,14.8,11.9
8335,13.6,32.4,14.6,14.8,11.9
8336,13.6,32.4,14.6,14.8,12.0
8337,13.0,36.6,14.1,1.6,3.5
8338,11.1,29.7,12.2,-0.5,1.9
8339,10.4,26.9,11.6,-1.2,1.4
8340,9.7,24.3,10.9,-2.0,0.8
8341,9.2,22.5,-0.2,3.8,4.4
8342,9.2,23.7,-0.2,-2.4,0.5
8343,8.7,11.0,-0.7,-4.2,-0.0
8344,-2.1,29.3,-0.1,-2.3,0.5
8345,-1.4,32.4,0.5,-1.5,1.1
8346,-1.2,33.0,0.6,11.4,9.3
8347,-1.2,33.4,0.7,11.5,9.4
8348,-18.2,30.3,-15.2,11.6,9.4
8349,-18.1,30.5,-15.2,11.6,9.5
8350,-18.2,30.2,-15.3,11.5,9.4
8351,-18.3,29.8,-15.4,11.4,9.3
8352,-1.4,28.9,11.0,11.1,9.1
8353,10.1,24.1,11.0,11.0,9.0
8354,9.8,23.4,10.7,10.7,8.8
8355,9.7,23.1,10.6,10.6,8.7
8356,9.4,22.6,10.4,10.4,8.5
8357,9.1,21.8,10.0,10.0,8.2
8358,8.9,21.3,9.8,9.8,8.1
8359,8.8,21.1,9.7,9.7,8.0
8360,8.2,19.6,9.1,9.0,7.5
8361,7.6,20.0,8.7,8.7,7.2
8362,7.4,19.3,8.5,8.4,7.0
8363,7.0,17.2,8.0,7.9,6.6
8364,6.5,15.0,7.6,7.3,6.2
8365,6.2,13.4,-3.4,6.9,5.9
8366,6.4,15.0,-3.2,7.2,6.1
8367,6.6,15.7,-3.0,7.4,6.2
8368,-4.7,17.9,-2.9,7.6,6.3
8369,-4.3,19.8,-2.6,8.0,6.7
8370,-4.0,21.0,-2.3,8.3,6.9
8371,-3.9,21.4,-2.2,8.4,6.9
8372,-20.6,21.8,-17.7,8.9,7.3
8373,-20.4,22.3,-17.6,9.0,7.4
8374,-19.9,24.2,-17.0,9.6,7.8
8375,-20.2,23.0,-17.4,9.2,7.6
8376,-3.4,23.6,9.0,8.9,7.3
8377,8.4,19.8,9.2,9.1,7.4
8378,8.7,20.5,9.5,9.4,7.7
8379,9.2,21.7,10.0,9.9,8.1
8380,8.9,21.1,9.7,9.7,7.9
8381,8.7,20.6,9.5,9.5,7.7
8382,8.5,20.1,9.3,9.2,7.5
8383,8.5,20.1,9.3,9.2,7.5
8384,8.4,20.0,9.2,9.1,7.5
8385,8.3,21.8,9.2,9.2,7.5
8386,8.3,21.7,9.2,9.2,7.5
8387,8.1,20.8,9.0,8.9,7.3
8388,8.0,20.0,8.9,8.8,7.2
8389,7.7,18.8,-2.0,8.4,7.0
8390,7.8,19.3,-1.9,8.6,7.0
8391,7.9,20.1,-1.8,8.7,7.2
8392,-3.4,23.5,-1.7,8.9,7.3
8393,-2.9,25.4,-1.3,9.3,7.6
8394,-2.7,26.5,-1.1,9.6,7.8
8395,-2.6,27.1,-0.9,9.7,7.9
8396,-19.5,25.4,-16.7,9.9,8.1
8397,-19.3,26.3,-16.5,10.2,8.3
8398,-19.2,26.5,-16.4,10.2,8.3
8399,-19.0,27.3,-16.2,10.5,8.5
8400,-2.0,29.6,10.3,10.3,8.4
8401,9.7,22.9,10.5,10.5,8.5
8402,9.7,22.8,10.5,10.4,8.4
8403,9.8,23.2,10.6,10.6,8.6
8404,10.2,24.0,11.0,10.9,8.8
8405,10.2,24.1,11.0,11.0,8.9
8406,10.2,24.1,11.0,11.0,8.9
8407,10.5,24.7,11.3,11.3,9.1
8408,9.7,23.0,10.5,10.5,8.5
8409,9.4,25.3,10.3,-2.4,0.3
8410,9.3,24.9,10.2,-2.5,0.2
8411,9.0,23.9,10.0,-2.8,0.0
8412,8.8,23.0,9.8,-3.0,-0.2
8413,8.8,23.0,-0.9,3.3,3.9
8414,8.9,23.1,-0.8,-3.0,-0.1
8415,9.0,23.4,-0.7,-2.8,-0.0
8416,9.3,24.8,-0.4,-2.5,0.2
8417,9.6,25.9,-0.1,-2.1,0.5
8418,9.8,26.7,0.1,10.8,8.8
8419,9.9,28.6,0.2,10.9,8.8
8420,10.0,28.8,-15.7,11.0,8.9
8421,10.0,29.0,-15.7,11.0,8.9
8422,10.0,28.8,-15.7,11.0,8.9
8423,10.1,29.3,-15.6,11.1,9.0
8424,10.1,29.1,11.0,11.1,9.0
8425,10.3,24.4,11.2,11.2,9.0
8426,10.3,24.3,11.1,11.1,9.0
8427,10.2,24.2,11.1,11.1,9.0
8428,10.1,23.9,10.9,10.9,8.9
8429,10.0,23.7,10.8,10.8,8.8
8430,9.9,23.5,10.7,10.7,8.7
8431,9.7,23.1,10.6,10.6,8.6
8432,9.6,22.7,10.4,10.4,8.5
8433,9.1,24.4,10.1,-2.6,0.1
8434,8.8,23.0,9.8,-3.0,-0.1
8435,8.4,21.4,9.4,-3.4,-0.4
8436,7.9,19.2,9.0,-4.0,-0.9
8437,7.9,19.2,-1.7,2.3,3.1
8438,7.9,20.1,-1.7,-3.9,-0.9
8439,7.8,19.9,-1.9,-4.0,-0.9
8440,7.7,20.1,-2.0,-4.1,-1.0
8441,7.8,20.2,-2.0,-4.1,-1.0
8442,7.7,19.9,-2.1,8.5,7.0
8443,7.7,20.6,-2.1,8.5,7.0
8444,7.7,20.6,-18.1,8.5,7.0
8445,7.6,20.4,-18.1,8.5,7.0
8446,7.5,20.1,-18.2,8.4,6.9
8447,7.3,19.2,-18.5,8.1,6.7
8448,7.3,19.2,8.2,8.1,6.7
8449,7.6,18.1,8.5,8.3,6.8
8450,7.8,18.5,8.6,8.5,7.0
8451,7.6,18.0,8.4,8.3,6.8
8452,7.5,17.9,8.4,8.2,6.8
8453,7.5,17.9,8.3,8.2,6.7
8454,7.5,17.9,8.3,8.2,6.7
8455,7.7,18.2,8.5,8.4,6.9
8456,7.6,18.1,8.4,8.3,6.8
8457,7.4,19.0,8.3,-4.5,-1.3
8458,7.9,20.7,8.8,-3.9,-0.9
8459,8.1,21.1,9.0,-3.8,-0.8
8460,8.2,21.5,9.1,-3.6,-0.7
8461,8.3,21.6,-1.5,2.8,3.4
8462,8.3,21.4,-1.4,-3.6,-0.6
8463,8.4,22.0,-1.3,-3.4,-0.5
8464,-3.0,25.3,-1.3,-3.4,-0.5
8465,-2.9,25.6,-1.3,-3.3,-0.5
8466,-2.9,25.8,-1.2,9.4,7.7
8467,-2.8,26.0,-1.2,9.5,7.7
8468,-19.8,24.2,-17.1,9.6,7.8
8469,-19.8,24.4,-17.0,9.6,7.8
8470,-19.6,24.9,-16.9,9.8,7.9
8471,-19.5,25.4,-16.7,9.9,8.0
8472,-2.2,28.7,10.1,10.1,8.2
8473,9.6,22.7,10.4,10.3,8.4
8474,9.8,23.0,10.5,10.5,8.5
8475,10.1,23.8,10.9,10.9,8.8
8476,10.4,24.5,11.2,11.2,9.0
8477,10.6,25.0,11.4,11.4,9.2
8478,10.8,25.5,11.6,11.6,9.3
8479,11.0,25.9,11.8,11.8,9.5
8480,11.1,26.3,11.9,12.0,9.6
8481,11.0,30.3,11.9,-0.7,1.6
8482,11.2,30.8,12.1,-0.5,1.8
8483,11.1,30.2,12.0,-0.6,1.7
8484,10.9,29.2,11.9,-0.9,1.5
8485,10.9,29.4,1.2,5.5,5.5
8486,10.9,29.4,1.2,-0.8,1.5
8487,10.8,28.7,1.2,-0.9,1.5
8488,11.1,30.2,1.4,-0.6,1.7
8489,11.3,31.3,1.6,-0.3,1.9
8490,11.4,31.5,1.6,12.4,10.0
8491,11.5,34.0,1.7,12.5,10.1
8492,11.6,34.3,-14.1,12.7,10.2
8493,11.8,35.0,-13.9,12.9,10.4
8494,11.9,35.7,-13.7,13.1,10.5
8495,12.1,36.4,-13.5,13.3,10.7
8496,12.3,37.1,13.3,13.5,10.9
8497,12.6,29.9,13.5,13.6,11.0
8498,12.8,30.3,13.7,13.8,11.1
8499,12.9,30.6,13.8,14.0,11.3
8500,13.1,31.1,14.0,14.2,11.4
8501,13.3,31.6,14.2,14.4,11.6
8502,13.4,31.8,14.3,14.5,11.7
8503,13.5,32.0,14.4,14.6,11.7
8504,13.5,32.1,14.5,14.6,11.8
8505,13.4,37.9,14.4,2.0,3.7
8506,13.1,34.2,13.9,1.4,3.4
8507,12.3,27.1,12.9,-0.0,2.6
8508,11.7,22.4,12.3,-1.0,2.0
8509,11.2,18.0,1.2,4.6,5.7
8510,10.7,16.0,1.0,-2.3,1.4
8511,10.8,13.6,1.3,-2.5,1.6
8512,0.1,38.8,2.1,0.0,2.2
8513,0.9,42.3,2.8,0.9,2.9
8514,1.3,44.0,3.1,14.0,11.3
8515,1.5,44.9,3.3,14.2,11.5
8516,-15.5,39.9,-12.5,14.4,11.6
8517,-15.3,40.6,-12.3,14.6,11.8
8518,-15.3,40.6,-12.3,14.6,11.8
8519,-15.1,41.1,-12.2,14.8,11.9
8520,2.0,41.1,14.5,14.8,11.9
8521,13.7,32.5,14.6,14.8,12.0
8522,13.8,32.8,14.7,15.0,12.1
8523,13.8,32.8,14.8,15.0,12.1
8524,13.9,33.0,14.9,15.1,12.2
8525,14.0,33.4,15.0,15.3,12.3
8526,13.9,33.2,14.9,15.2,12.2
8527,13.9,33.2,14.9,15.2,12.3
8528,13.9,33.1,14.9,15.1,12.2
8529,13.6,38.8,14.8,15.0,12.2
8530,12.8,35.4,13.9,14.1,11.4
8531,12.1,32.5,13.3,13.3,10.9
8532,10.9,28.1,12.1,12.0,9.9
8533,9.1,14.5,-0.7,9.1,8.2
8534,9.3,21.2,-0.1,10.1,8.6
8535,9.6,23.9,0.2,10.6,8.9
8536,-1.3,32.6,0.7,11.3,9.3
8537,-0.4,36.8,1.5,12.3,10.1
8538,0.1,38.9,2.0,12.8,10.4
8539,0.4,40.0,2.2,13.1,10.6
8540,-16.8,35.4,-13.8,13.1,10.6
8541,-16.8,35.2,-13.8,13.0,10.6
8542,-16.7,35.7,-13.7,13.2,10.7
8543,-16.3,36.9,-13.3,13.5,11.0
8544,0.9,42.3,13.4,13.6,11.1
8545,12.7,30.3,13.7,13.9,11.2
8546,12.8,30.5,13.8,14.0,11.3
8547,12.7,30.2,13.7,13.8,11.2
8548,12.6,30.1,13.6,13.8,11.2
8549,12.7,30.4,13.7,13.9,11.3
8550,12.9,30.7,13.9,14.0,11.4
8551,13.0,31.1,14.0,14.2,11.5
8552,13.1,31.2,14.1,14.3,11.6
8553,12.9,36.6,14.1,14.3,11.6
8554,12.8,35.5,13.9,14.1,11.4
8555,12.6,34.7,13.8,13.9,11.3
8556,11.1,21.8,11.9,11.4,9.8
8557,10.5,17.3,0.6,10.4,9.3
8558,10.3,16.3,0.7,10.2,9.3
8559,10.6,14.0,1.1,10.2,9.6
8560,-0.2,37.4,1.8,12.5,10.2
8561,0.5,40.5,2.4,13.2,10.8
8562,0.8,41.9,2.7,13.6,11.0
8563,0.9,42.3,2.8,13.7,11.1
8564,-16.0,38.0,-13.0,13.9,11.2
8565,-15.7,39.0,-12.7,14.2,11.5
8566,-15.5,39.8,-12.5,14.4,11.7
8567,-15.4,40.2,-12.4,14.5,11.7
8568,1.7,45.8,14.3,14.5,11.7
8569,13.5,32.2,14.5,14.7,11.9
8570,13.5,32.2,14.5,14.7,11.9
8571,13.6,32.4,14.6,14.8,12.0
8572,13.8,33.0,14.9,15.1,12.2
8573,13.8,33.0,14.9,15.1,12.2
8574,14.1,33.6,15.1,15.4,12.4
8575,14.1,33.6,15.1,15.4,12.4
8576,14.2,34.0,15.3,15.5,12.6
8577,14.1,40.3,15.3,2.9,4.5
8578,13.6,35.9,14.5,2.0,4.0
8579,12.7,27.8,13.3,0.4,3.0
8580,11.7,22.2,12.4,-0.9,2.2
8581,11.2,17.2,1.2,4.6,5.8
8582,10.9,15.6,1.2,-2.1,1.7
8583,11.2,12.8,1.7,-2.2,2.0
8584,11.8,32.7,2.4,0.4,2.6
8585,12.5,35.1,3.0,1.1,3.1
8586,12.9,36.7,3.4,14.3,11.6
8587,13.2,40.5,3.7,14.6,11.9
8588,13.5,41.3,-12.1,14.9,12.1
8589,13.6,41.8,-11.9,15.1,12.2
8590,13.9,42.9,-11.6,15.4,12.4
8591,14.3,44.2,-11.2,15.8,12.7
8592,14.6,45.3,15.7,16.1,13.0
8593,14.6,34.8,15.6,15.9,12.9
8594,14.1,33.7,15.2,15.4,12.5
8595,13.5,32.4,14.6,14.8,12.0
8596,13.3,31.8,14.4,14.6,11.8
8597,13.1,31.5,14.2,14.4,11.7
8598,13.1,31.5,14.2,14.4,11.7
8599,13.0,31.2,14.1,14.3,11.6
8600,12.7,30.6,13.8,14.0,11.4
8601,12.5,35.5,13.7,1.3,3.3
8602,12.1,34.3,13.3,0.9,3.0
8603,11.8,32.9,13.1,0.5,2.7
8604,10.6,27.5,11.9,-0.9,1.7
8605,11.0,29.0,1.6,5.8,6.0
8606,11.0,29.3,1.6,-0.5,2.0
8607,11.3,30.5,1.8,-0.2,2.2
8608,11.4,31.8,2.0,0.1,2.4
8609,11.5,32.2,2.0,0.1,2.4
8610,11.8,33.1,2.3,13.2,10.7
8611,12.0,36.4,2.6,13.5,11.0
8612,12.6,38.5,-12.8,14.1,11.4
8613,13.0,39.7,-12.5,14.4,11.7
8614,13.3,40.9,-12.2,14.8,12.0
8615,13.5,41.6,-12.0,15.0,12.2
8616,13.6,41.7,14.7,15.0,12.2
8617,14.0,33.6,15.1,15.4,12.5
8618,14.2,34.1,15.3,15.6,12.6
8619,14.4,34.4,15.5,15.8,12.8
8620,14.8,35.4,15.9,16.2,13.1
8621,14.9,35.6,16.0,16.3,13.2
8622,15.0,36.0,16.1,16.4,13.3
8623,15.3,36.5,16.4,16.7,13.5
8624,15.2,36.3,16.3,16.6,13.4
8625,15.4,44.4,16.6,4.3,5.7
8626,14.0,33.8,14.7,2.1,4.2
8627,12.4,18.7,12.3,-0.8,2.5
8628,11.2,9.7,11.1,-2.6,1.5
8629,11.0,17.2,1.1,4.5,5.7
8630,10.5,15.7,0.9,-2.3,1.4
8631,10.9,15.1,1.5,-2.1,1.9
8632,0.1,39.0,2.2,0.2,2.5
8633,1.6,45.2,3.5,1.8,3.7
8634,1.8,46.5,3.8,14.7,12.0
8635,2.4,49.0,4.4,15.4,12.4
8636,-14.1,45.0,-11.0,16.0,12.9
8637,-13.5,47.0,-10.4,16.6,13.4
8638,-14.7,42.6,-11.7,15.3,12.4
8639,-14.7,42.8,-11.6,15.4,12.5
8640,2.5,49.2,15.1,15.4,12.5
8641,14.0,33.6,15.1,15.4,12.5
8642,13.8,33.2,14.9,15.2,12.3
8643,13.7,32.7,14.8,15.0,12.2
8644,13.6,32.6,14.7,15.0,12.2
8645,13.5,32.4,14.6,14.9,12.1
8646,13.6,32.5,14.7,14.9,12.1
8647,13.6,32.7,14.7,15.0,12.2
8648,13.6,32.6,14.7,14.9,12.1
8649,13.4,38.3,14.6,2.2,4.1
8650,13.3,37.7,14.5,2.1,4.0
8651,13.0,36.2,14.3,1.7,3.7
8652,12.7,34.8,14.0,1.4,3.5
8653,12.5,34.2,3.2,7.5,7.3
8654,12.5,34.0,3.1,1.1,3.2
8655,12.6,34.7,3.2,1.3,3.3
8656,12.8,36.0,3.4,1.5,3.5
8657,13.1,37.3,3.6,1.9,3.8
8658,13.3,38.0,3.8,14.8,12.0
8659,13.5,41.7,4.1,15.1,12.2
8660,13.9,43.0,-11.5,15.5,12.6
8661,14.3,44.6,-11.1,15.9,12.9
8662,14.6,45.4,-10.8,16.2,13.1
8663,14.9,46.7,-10.5,16.6,13.4
8664,14.8,46.2,16.0,16.4,13.3
8665,15.5,37.2,16.7,17.0,13.7
8666,15.5,37.2,16.7,17.0,13.8
8667,15.5,37.2,16.7,17.0,13.8
8668,15.9,38.0,17.0,17.4,14.1
8669,16.2,38.8,17.4,17.8,14.3
8670,16.2,38.8,17.4,17.8,14.4
8671,16.3,39.1,17.5,17.9,14.4
8672,16.3,39.1,17.5,17.9,14.5
8673,16.1,46.8,17.4,5.1,6.3
8674,15.8,44.5,17.1,4.7,6.1
8675,14.5,33.0,15.2,2.4,4.7
8676,13.8,30.1,14.7,1.6,4.1
8677,13.1,25.4,3.4,7.0,7.6
8678,12.8,23.9,3.3,0.3,3.4
8679,13.1,21.6,3.9,0.3,3.8
8680,2.4,48.8,4.6,2.7,4.4
8681,3.2,52.5,5.3,3.6,5.2
8682,3.5,53.6,5.5,16.6,13.4
8683,3.8,54.9,5.8,16.9,13.7
8684,-13.1,48.7,-9.9,17.2,13.9
8685,-12.6,50.2,-9.5,17.6,14.3
8686,-12.4,50.9,-9.3,17.9,14.4
8687,-12.4,50.9,-9.3,17.9,14.4
8688,4.7,50.9,17.4,17.9,14.4
8689,16.3,39.1,17.5,17.9,14.5
8690,16.3,39.1,17.5,17.9,14.5
8691,16.8,40.3,18.0,18.4,14.9
8692,16.3,39.2,17.5,17.9,14.5
8693,16.3,39.2,17.5,17.9,14.5
8694,15.8,38.0,17.0,17.4,14.1
8695,15.3,37.0,16.6,16.9,13.8
8696,15.1,36.3,16.3,16.6,13.5
8697,14.4,41.6,15.7,16.1,13.1
8698,14.1,40.7,15.5,15.8,12.9
8699,14.0,40.1,15.3,15.7,12.8
8700,13.3,37.8,14.7,15.0,12.3
8701,13.1,37.2,3.9,14.8,12.1
8702,13.0,36.5,3.7,14.6,12.0
8703,12.9,36.3,3.6,14.5,11.9
8704,1.2,43.8,3.3,14.3,11.7
8705,0.9,42.5,3.0,13.9,11.4
8706,0.5,41.0,2.6,13.5,11.1
8707,0.1,39.1,2.2,13.1,10.8
8708,-17.6,32.8,-14.4,12.5,10.3
8709,-18.0,31.4,-14.8,12.1,10.0
8710,-18.3,30.2,-15.1,11.7,9.7
8711,-17.8,32.1,-14.6,12.2,10.1
8712,-0.4,37.0,12.3,12.5,10.3
8713,11.3,27.3,12.4,12.6,10.4
8714,11.4,27.6,12.6,12.7,10.5
8715,11.5,27.7,12.6,12.8,10.5
8716,11.5,27.8,12.7,12.8,10.5
8717,11.6,28.1,12.8,12.9,10.6
8718,11.8,28.4,12.9,13.1,10.7
8719,11.7,28.2,12.8,13.0,10.6
8720,11.5,27.8,12.7,12.8,10.5
8721,11.3,31.7,12.5,12.7,10.4
8722,11.3,31.6,12.5,12.7,10.4
8723,11.2,31.0,12.4,12.6,10.3
8724,10.9,28.8,12.2,12.1,10.0
8725,11.0,29.0,1.7,12.2,10.1
8726,11.3,30.7,1.9,12.6,10.4
8727,11.5,31.9,2.1,12.9,10.6
8728,0.2,39.5,2.2,13.1,10.7
8729,0.4,40.2,2.3,13.2,10.8
8730,0.5,40.6,2.4,13.3,10.9
8731,0.6,41.0,2.5,13.4,10.9
8732,-16.7,35.8,-13.6,13.3,10.8
8733,-16.8,35.4,-13.7,13.1,10.7
8734,-16.9,35.1,-13.8,13.0,10.6
8735,-15.3,40.5,-12.3,14.7,11.9
8736,2.4,48.9,15.0,15.3,12.4
8737,14.2,33.9,15.2,15.5,12.5
8738,14.7,35.2,15.8,16.1,13.0
8739,15.1,36.0,16.1,16.4,13.3
8740,15.5,37.0,16.6,16.9,13.6
8741,16.0,38.2,17.1,17.4,14.0
8742,16.0,38.2,17.1,17.4,14.1
8743,16.2,38.7,17.3,17.7,14.2
8744,16.3,38.9,17.4,17.8,14.3
8745,16.1,46.6,17.3,5.0,6.2
8746,15.9,45.1,17.1,4.7,6.0
8747,15.2,39.2,16.2,3.6,5.3
8748,14.3,32.7,15.2,2.2,4.4
8749,14.1,29.7,4.4,8.1,8.3
8750,14.0,30.2,4.6,1.8,4.4
8751,14.5,33.0,5.2,2.5,4.9
8752,15.3,43.6,6.0,4.2,5.6
8753,16.1,46.5,6.6,5.0,6.2
8754,16.1,46.8,6.7,17.8,14.4
8755,16.1,50.8,6.7,17.8,14.4
8756,16.1,50.9,-9.3,17.8,14.4
8757,16.6,52.6,-8.8,18.4,14.8
8758,16.6,52.6,-8.8,18.4,14.8
8759,16.6,52.6,-8.8,18.4,14.8
8760,16.6,52.6,17.9,18.4,14.9
