Y,M,D,H,GG,GD
2003,1,1,1,0,0
2003,1,1,2,0,0
2003,1,1,3,0,0
2003,1,1,4,0,0
2003,1,1,5,0,0
2003,1,1,6,0,0
2003,1,1,7,0,0
2003,1,1,8,0,0
2003,1,1,9,0,0
2003,1,1,10,3,3
2003,1,1,11,14,14
2003,1,1,12,17,17
2003,1,1,13,19,19
2003,1,1,14,14,14
2003,1,1,15,8,8
2003,1,1,16,3,3
2003,1,1,17,0,0
2003,1,1,18,0,0
2003,1,1,19,0,0
2003,1,1,20,0,0
2003,1,1,21,0,0
2003,1,1,22,0,0
2003,1,1,23,0,0
2003,1,1,24,0,0
2003,1,2,1,0,0
2003,1,2,2,0,0
2003,1,2,3,0,0
2003,1,2,4,0,0
2003,1,2,5,0,0
2003,1,2,6,0,0
2003,1,2,7,0,0
2003,1,2,8,0,0
2003,1,2,9,0,0
2003,1,2,10,8,8
2003,1,2,11,14,14
2003,1,2,12,17,17
2003,1,2,13,33,32
2003,1,2,14,11,11
2003,1,2,15,14,14
2003,1,2,16,6,6
2003,1,2,17,0,0
2003,1,2,18,0,0
2003,1,2,19,0,0
2003,1,2,20,0,0
2003,1,2,21,0,0
2003,1,2,22,0,0
2003,1,2,23,0,0
2003,1,2,24,0,0
2003,1,3,1,0,0
2003,1,3,2,0,0
2003,1,3,3,0,0
2003,1,3,4,0,0
2003,1,3,5,0,0
2003,1,3,6,0,0
2003,1,3,7,0,0
2003,1,3,8,0,0
2003,1,3,9,0,0
2003,1,3,10,8,8
2003,1,3,11,33,32
2003,1,3,12,22,22
2003,1,3,13,42,41
2003,1,3,14,28,27
2003,1,3,15,36,35
2003,1,3,16,11,11
2003,1,3,17,0,0
2003,1,3,18,0,0
2003,1,3,19,0,0
2003,1,3,20,0,0
2003,1,3,21,0,0
2003,1,3,22,0,0
2003,1,3,23,0,0
2003,1,3,24,0,0
2003,1,4,1,0,0
2003,1,4,2,0,0
2003,1,4,3,0,0
2003,1,4,4,0,0
2003,1,4,5,0,0
2003,1,4,6,0,0
2003,1,4,7,0,0
2003,1,4,8,0,0
2003,1,4,9,0,0
2003,1,4,10,28,26
2003,1,4,11,53,50
2003,1,4,12,56,54
2003,1,4,13,108,100
2003,1,4,14,89,83
2003,1,4,15,81,75
2003,1,4,16,42,39
2003,1,4,17,3,3
2003,1,4,18,0,0
2003,1,4,19,0,0
2003,1,4,20,0,0
2003,1,4,21,0,0
2003,1,4,22,0,0
2003,1,4,23,0,0
2003,1,4,24,0,0
2003,1,5,1,0,0
2003,1,5,2,0,0
2003,1,5,3,0,0
2003,1,5,4,0,0
2003,1,5,5,0,0
2003,1,5,6,0,0
2003,1,5,7,0,0
2003,1,5,8,0,0
2003,1,5,9,0,0
2003,1,5,10,6,6
2003,1,5,11,8,8
2003,1,5,12,61,58
2003,1,5,13,117,108
2003,1,5,14,97,90
2003,1,5,15,114,94
2003,1,5,16,33,31
2003,1,5,17,3,3
2003,1,5,18,0,0
2003,1,5,19,0,0
2003,1,5,20,0,0
2003,1,5,21,0,0
2003,1,5,22,0,0
2003,1,5,23,0,0
2003,1,5,24,0,0
2003,1,6,1,0,0
2003,1,6,2,0,0
2003,1,6,3,0,0
2003,1,6,4,0,0
2003,1,6,5,0,0
2003,1,6,6,0,0
2003,1,6,7,0,0
2003,1,6,8,0,0
2003,1,6,9,0,0
2003,1,6,10,28,26
2003,1,6,11,119,76
2003,1,6,12,172,104
2003,1,6,13,172,122
2003,1,6,14,192,109
2003,1,6,15,133,95
2003,1,6,16,50,46
2003,1,6,17,8,7
2003,1,6,18,0,0
2003,1,6,19,0,0
2003,1,6,20,0,0
2003,1,6,21,0,0
2003,1,6,22,0,0
2003,1,6,23,0,0
2003,1,6,24,0,0
2003,1,7,1,0,0
2003,1,7,2,0,0
2003,1,7,3,0,0
2003,1,7,4,0,0
2003,1,7,5,0,0
2003,1,7,6,0,0
2003,1,7,7,0,0
2003,1,7,8,0,0
2003,1,7,9,0,0
2003,1,7,10,56,31
2003,1,7,11,50,47
2003,1,7,12,103,95
2003,1,7,13,219,106
2003,1,7,14,258,63
2003,1,7,15,211,50
2003,1,7,16,122,35
2003,1,7,17,22,19
2003,1,7,18,0,0
2003,1,7,19,0,0
2003,1,7,20,0,0
2003,1,7,21,0,0
2003,1,7,22,0,0
2003,1,7,23,0,0
2003,1,7,24,0,0
2003,1,8,1,0,0
2003,1,8,2,0,0
2003,1,8,3,0,0
2003,1,8,4,0,0
2003,1,8,5,0,0
2003,1,8,6,0,0
2003,1,8,7,0,0
2003,1,8,8,0,0
2003,1,8,9,0,0
2003,1,8,10,39,34
2003,1,8,11,56,53
2003,1,8,12,92,86
2003,1,8,13,150,124
2003,1,8,14,144,119
2003,1,8,15,114,97
2003,1,8,16,42,40
2003,1,8,17,8,7
2003,1,8,18,0,0
2003,1,8,19,0,0
2003,1,8,20,0,0
2003,1,8,21,0,0
2003,1,8,22,0,0
2003,1,8,23,0,0
2003,1,8,24,0,0
2003,1,9,1,0,0
2003,1,9,2,0,0
2003,1,9,3,0,0
2003,1,9,4,0,0
2003,1,9,5,0,0
2003,1,9,6,0,0
2003,1,9,7,0,0
2003,1,9,8,0,0
2003,1,9,9,0,0
2003,1,9,10,50,35
2003,1,9,11,144,69
2003,1,9,12,222,78
2003,1,9,13,261,77
2003,1,9,14,253,74
2003,1,9,15,189,76
2003,1,9,16,117,46
2003,1,9,17,17,9
2003,1,9,18,0,0
2003,1,9,19,0,0
2003,1,9,20,0,0
2003,1,9,21,0,0
2003,1,9,22,0,0
2003,1,9,23,0,0
2003,1,9,24,0,0
2003,1,10,1,0,0
2003,1,10,2,0,0
2003,1,10,3,0,0
2003,1,10,4,0,0
2003,1,10,5,0,0
2003,1,10,6,0,0
2003,1,10,7,0,0
2003,1,10,8,0,0
2003,1,10,9,0,0
2003,1,10,10,14,14
2003,1,10,11,47,45
2003,1,10,12,92,86
2003,1,10,13,139,124
2003,1,10,14,217,105
2003,1,10,15,181,84
2003,1,10,16,103,57
2003,1,10,17,19,14
2003,1,10,18,0,0
2003,1,10,19,0,0
2003,1,10,20,0,0
2003,1,10,21,0,0
2003,1,10,22,0,0
2003,1,10,23,0,0
2003,1,10,24,0,0
2003,1,11,1,0,0
2003,1,11,2,0,0
2003,1,11,3,0,0
2003,1,11,4,0,0
2003,1,11,5,0,0
2003,1,11,6,0,0
2003,1,11,7,0,0
2003,1,11,8,0,0
2003,1,11,9,3,3
2003,1,11,10,108,48
2003,1,11,11,233,41
2003,1,11,12,272,48
2003,1,11,13,264,80
2003,1,11,14,197,116
2003,1,11,15,169,93
2003,1,11,16,100,61
2003,1,11,17,17,12
2003,1,11,18,0,0
2003,1,11,19,0,0
2003,1,11,20,0,0
2003,1,11,21,0,0
2003,1,11,22,0,0
2003,1,11,23,0,0
2003,1,11,24,0,0
2003,1,12,1,0,0
2003,1,12,2,0,0
2003,1,12,3,0,0
2003,1,12,4,0,0
2003,1,12,5,0,0
2003,1,12,6,0,0
2003,1,12,7,0,0
2003,1,12,8,0,0
2003,1,12,9,0,0
2003,1,12,10,8,8
2003,1,12,11,28,27
2003,1,12,12,142,114
2003,1,12,13,200,123
2003,1,12,14,228,103
2003,1,12,15,172,94
2003,1,12,16,72,64
2003,1,12,17,17,13
2003,1,12,18,0,0
2003,1,12,19,0,0
2003,1,12,20,0,0
2003,1,12,21,0,0
2003,1,12,22,0,0
2003,1,12,23,0,0
2003,1,12,24,0,0
2003,1,13,1,0,0
2003,1,13,2,0,0
2003,1,13,3,0,0
2003,1,13,4,0,0
2003,1,13,5,0,0
2003,1,13,6,0,0
2003,1,13,7,0,0
2003,1,13,8,0,0
2003,1,13,9,0,0
2003,1,13,10,8,8
2003,1,13,11,28,27
2003,1,13,12,44,43
2003,1,13,13,58,56
2003,1,13,14,78,74
2003,1,13,15,89,83
2003,1,13,16,22,21
2003,1,13,17,0,0
2003,1,13,18,0,0
2003,1,13,19,0,0
2003,1,13,20,0,0
2003,1,13,21,0,0
2003,1,13,22,0,0
2003,1,13,23,0,0
2003,1,13,24,0,0
2003,1,14,1,0,0
2003,1,14,2,0,0
2003,1,14,3,0,0
2003,1,14,4,0,0
2003,1,14,5,0,0
2003,1,14,6,0,0
2003,1,14,7,0,0
2003,1,14,8,0,0
2003,1,14,9,0,0
2003,1,14,10,28,26
2003,1,14,11,50,48
2003,1,14,12,94,88
2003,1,14,13,72,69
2003,1,14,14,69,66
2003,1,14,15,61,58
2003,1,14,16,50,47
2003,1,14,17,6,6
2003,1,14,18,0,0
2003,1,14,19,0,0
2003,1,14,20,0,0
2003,1,14,21,0,0
2003,1,14,22,0,0
2003,1,14,23,0,0
2003,1,14,24,0,0
2003,1,15,1,0,0
2003,1,15,2,0,0
2003,1,15,3,0,0
2003,1,15,4,0,0
2003,1,15,5,0,0
2003,1,15,6,0,0
2003,1,15,7,0,0
2003,1,15,8,0,0
2003,1,15,9,0,0
2003,1,15,10,6,6
2003,1,15,11,17,17
2003,1,15,12,36,35
2003,1,15,13,150,131
2003,1,15,14,200,123
2003,1,15,15,67,64
2003,1,15,16,11,11
2003,1,15,17,0,0
2003,1,15,18,0,0
2003,1,15,19,0,0
2003,1,15,20,0,0
2003,1,15,21,0,0
2003,1,15,22,0,0
2003,1,15,23,0,0
2003,1,15,24,0,0
2003,1,16,1,0,0
2003,1,16,2,0,0
2003,1,16,3,0,0
2003,1,16,4,0,0
2003,1,16,5,0,0
2003,1,16,6,0,0
2003,1,16,7,0,0
2003,1,16,8,0,0
2003,1,16,9,3,3
2003,1,16,10,47,40
2003,1,16,11,136,83
2003,1,16,12,206,105
2003,1,16,13,247,108
2003,1,16,14,147,128
2003,1,16,15,122,107
2003,1,16,16,114,67
2003,1,16,17,36,31
2003,1,16,18,0,0
2003,1,16,19,0,0
2003,1,16,20,0,0
2003,1,16,21,0,0
2003,1,16,22,0,0
2003,1,16,23,0,0
2003,1,16,24,0,0
2003,1,17,1,0,0
2003,1,17,2,0,0
2003,1,17,3,0,0
2003,1,17,4,0,0
2003,1,17,5,0,0
2003,1,17,6,0,0
2003,1,17,7,0,0
2003,1,17,8,0,0
2003,1,17,9,0,0
2003,1,17,10,17,16
2003,1,17,11,39,38
2003,1,17,12,64,61
2003,1,17,13,103,97
2003,1,17,14,169,132
2003,1,17,15,150,111
2003,1,17,16,106,72
2003,1,17,17,31,25
2003,1,17,18,0,0
2003,1,17,19,0,0
2003,1,17,20,0,0
2003,1,17,21,0,0
2003,1,17,22,0,0
2003,1,17,23,0,0
2003,1,17,24,0,0
2003,1,18,1,0,0
2003,1,18,2,0,0
2003,1,18,3,0,0
2003,1,18,4,0,0
2003,1,18,5,0,0
2003,1,18,6,0,0
2003,1,18,7,0,0
2003,1,18,8,0,0
2003,1,18,9,0,0
2003,1,18,10,14,14
2003,1,18,11,19,19
2003,1,18,12,47,46
2003,1,18,13,44,43
2003,1,18,14,58,56
2003,1,18,15,47,45
2003,1,18,16,17,17
2003,1,18,17,8,8
2003,1,18,18,0,0
2003,1,18,19,0,0
2003,1,18,20,0,0
2003,1,18,21,0,0
2003,1,18,22,0,0
2003,1,18,23,0,0
2003,1,18,24,0,0
2003,1,19,1,0,0
2003,1,19,2,0,0
2003,1,19,3,0,0
2003,1,19,4,0,0
2003,1,19,5,0,0
2003,1,19,6,0,0
2003,1,19,7,0,0
2003,1,19,8,0,0
2003,1,19,9,0,0
2003,1,19,10,22,21
2003,1,19,11,58,55
2003,1,19,12,100,93
2003,1,19,13,42,41
2003,1,19,14,42,41
2003,1,19,15,31,30
2003,1,19,16,11,11
2003,1,19,17,0,0
2003,1,19,18,0,0
2003,1,19,19,0,0
2003,1,19,20,0,0
2003,1,19,21,0,0
2003,1,19,22,0,0
2003,1,19,23,0,0
2003,1,19,24,0,0
2003,1,20,1,0,0
2003,1,20,2,0,0
2003,1,20,3,0,0
2003,1,20,4,0,0
2003,1,20,5,0,0
2003,1,20,6,0,0
2003,1,20,7,0,0
2003,1,20,8,0,0
2003,1,20,9,0,0
2003,1,20,10,19,18
2003,1,20,11,44,42
2003,1,20,12,69,66
2003,1,20,13,72,69
2003,1,20,14,61,59
2003,1,20,15,42,41
2003,1,20,16,36,35
2003,1,20,17,8,8
2003,1,20,18,0,0
2003,1,20,19,0,0
2003,1,20,20,0,0
2003,1,20,21,0,0
2003,1,20,22,0,0
2003,1,20,23,0,0
2003,1,20,24,0,0
2003,1,21,1,0,0
2003,1,21,2,0,0
2003,1,21,3,0,0
2003,1,21,4,0,0
2003,1,21,5,0,0
2003,1,21,6,0,0
2003,1,21,7,0,0
2003,1,21,8,0,0
2003,1,21,9,0,0
2003,1,21,10,36,34
2003,1,21,11,111,93
2003,1,21,12,144,124
2003,1,21,13,206,139
2003,1,21,14,197,137
2003,1,21,15,108,100
2003,1,21,16,125,77
2003,1,21,17,33,28
2003,1,21,18,0,0
2003,1,21,19,0,0
2003,1,21,20,0,0
2003,1,21,21,0,0
2003,1,21,22,0,0
2003,1,21,23,0,0
2003,1,21,24,0,0
2003,1,22,1,0,0
2003,1,22,2,0,0
2003,1,22,3,0,0
2003,1,22,4,0,0
2003,1,22,5,0,0
2003,1,22,6,0,0
2003,1,22,7,0,0
2003,1,22,8,0,0
2003,1,22,9,3,3
2003,1,22,10,6,6
2003,1,22,11,6,6
2003,1,22,12,6,6
2003,1,22,13,6,6
2003,1,22,14,6,6
2003,1,22,15,19,19
2003,1,22,16,14,14
2003,1,22,17,8,8
2003,1,22,18,0,0
2003,1,22,19,0,0
2003,1,22,20,0,0
2003,1,22,21,0,0
2003,1,22,22,0,0
2003,1,22,23,0,0
2003,1,22,24,0,0
2003,1,23,1,0,0
2003,1,23,2,0,0
2003,1,23,3,0,0
2003,1,23,4,0,0
2003,1,23,5,0,0
2003,1,23,6,0,0
2003,1,23,7,0,0
2003,1,23,8,0,0
2003,1,23,9,0,0
2003,1,23,10,3,3
2003,1,23,11,8,8
2003,1,23,12,17,17
2003,1,23,13,42,41
2003,1,23,14,47,46
2003,1,23,15,11,11
2003,1,23,16,8,8
2003,1,23,17,3,3
2003,1,23,18,0,0
2003,1,23,19,0,0
2003,1,23,20,0,0
2003,1,23,21,0,0
2003,1,23,22,0,0
2003,1,23,23,0,0
2003,1,23,24,0,0
2003,1,24,1,0,0
2003,1,24,2,0,0
2003,1,24,3,0,0
2003,1,24,4,0,0
2003,1,24,5,0,0
2003,1,24,6,0,0
2003,1,24,7,0,0
2003,1,24,8,0,0
2003,1,24,9,6,6
2003,1,24,10,75,49
2003,1,24,11,161,90
2003,1,24,12,239,107
2003,1,24,13,286,107
2003,1,24,14,269,114
2003,1,24,15,214,108
2003,1,24,16,131,83
2003,1,24,17,33,30
2003,1,24,18,0,0
2003,1,24,19,0,0
2003,1,24,20,0,0
2003,1,24,21,0,0
2003,1,24,22,0,0
2003,1,24,23,0,0
2003,1,24,24,0,0
2003,1,25,1,0,0
2003,1,25,2,0,0
2003,1,25,3,0,0
2003,1,25,4,0,0
2003,1,25,5,0,0
2003,1,25,6,0,0
2003,1,25,7,0,0
2003,1,25,8,0,0
2003,1,25,9,0,0
2003,1,25,10,28,27
2003,1,25,11,61,58
2003,1,25,12,175,132
2003,1,25,13,244,136
2003,1,25,14,56,54
2003,1,25,15,25,25
2003,1,25,16,6,6
2003,1,25,17,0,0
2003,1,25,18,0,0
2003,1,25,19,0,0
2003,1,25,20,0,0
2003,1,25,21,0,0
2003,1,25,22,0,0
2003,1,25,23,0,0
2003,1,25,24,0,0
2003,1,26,1,0,0
2003,1,26,2,0,0
2003,1,26,3,0,0
2003,1,26,4,0,0
2003,1,26,5,0,0
2003,1,26,6,0,0
2003,1,26,7,0,0
2003,1,26,8,0,0
2003,1,26,9,6,6
2003,1,26,10,69,53
2003,1,26,11,72,68
2003,1,26,12,81,77
2003,1,26,13,83,79
2003,1,26,14,72,69
2003,1,26,15,36,35
2003,1,26,16,17,17
2003,1,26,17,3,3
2003,1,26,18,0,0
2003,1,26,19,0,0
2003,1,26,20,0,0
2003,1,26,21,0,0
2003,1,26,22,0,0
2003,1,26,23,0,0
2003,1,26,24,0,0
2003,1,27,1,0,0
2003,1,27,2,0,0
2003,1,27,3,0,0
2003,1,27,4,0,0
2003,1,27,5,0,0
2003,1,27,6,0,0
2003,1,27,7,0,0
2003,1,27,8,0,0
2003,1,27,9,3,3
2003,1,27,10,53,49
2003,1,27,11,61,58
2003,1,27,12,72,69
2003,1,27,13,100,95
2003,1,27,14,111,104
2003,1,27,15,75,71
2003,1,27,16,78,73
2003,1,27,17,28,26
2003,1,27,18,0,0
2003,1,27,19,0,0
2003,1,27,20,0,0
2003,1,27,21,0,0
2003,1,27,22,0,0
2003,1,27,23,0,0
2003,1,27,24,0,0
2003,1,28,1,0,0
2003,1,28,2,0,0
2003,1,28,3,0,0
2003,1,28,4,0,0
2003,1,28,5,0,0
2003,1,28,6,0,0
2003,1,28,7,0,0
2003,1,28,8,0,0
2003,1,28,9,3,3
2003,1,28,10,33,31
2003,1,28,11,58,55
2003,1,28,12,106,99
2003,1,28,13,125,117
2003,1,28,14,131,122
2003,1,28,15,53,51
2003,1,28,16,31,30
2003,1,28,17,14,14
2003,1,28,18,0,0
2003,1,28,19,0,0
2003,1,28,20,0,0
2003,1,28,21,0,0
2003,1,28,22,0,0
2003,1,28,23,0,0
2003,1,28,24,0,0
2003,1,29,1,0,0
2003,1,29,2,0,0
2003,1,29,3,0,0
2003,1,29,4,0,0
2003,1,29,5,0,0
2003,1,29,6,0,0
2003,1,29,7,0,0
2003,1,29,8,0,0
2003,1,29,9,0,0
2003,1,29,10,14,14
2003,1,29,11,69,65
2003,1,29,12,108,101
2003,1,29,13,158,145
2003,1,29,14,264,136
2003,1,29,15,197,130
2003,1,29,16,114,95
2003,1,29,17,11,11
2003,1,29,18,0,0
2003,1,29,19,0,0
2003,1,29,20,0,0
2003,1,29,21,0,0
2003,1,29,22,0,0
2003,1,29,23,0,0
2003,1,29,24,0,0
2003,1,30,1,0,0
2003,1,30,2,0,0
2003,1,30,3,0,0
2003,1,30,4,0,0
2003,1,30,5,0,0
2003,1,30,6,0,0
2003,1,30,7,0,0
2003,1,30,8,0,0
2003,1,30,9,0,0
2003,1,30,10,33,32
2003,1,30,11,89,83
2003,1,30,12,206,139
2003,1,30,13,147,136
2003,1,30,14,50,49
2003,1,30,15,217,126
2003,1,30,16,128,97
2003,1,30,17,17,16
2003,1,30,18,0,0
2003,1,30,19,0,0
2003,1,30,20,0,0
2003,1,30,21,0,0
2003,1,30,22,0,0
2003,1,30,23,0,0
2003,1,30,24,0,0
2003,1,31,1,0,0
2003,1,31,2,0,0
2003,1,31,3,0,0
2003,1,31,4,0,0
2003,1,31,5,0,0
2003,1,31,6,0,0
2003,1,31,7,0,0
2003,1,31,8,0,0
2003,1,31,9,6,6
2003,1,31,10,47,44
2003,1,31,11,139,110
2003,1,31,12,322,64
2003,1,31,13,194,159
2003,1,31,14,194,157
2003,1,31,15,178,137
2003,1,31,16,189,77
2003,1,31,17,67,47
2003,1,31,18,3,3
2003,1,31,19,0,0
2003,1,31,20,0,0
2003,1,31,21,0,0
2003,1,31,22,0,0
2003,1,31,23,0,0
2003,1,31,24,0,0
2004,2,1,1,0,0
2004,2,1,2,0,0
2004,2,1,3,0,0
2004,2,1,4,0,0
2004,2,1,5,0,0
2004,2,1,6,0,0
2004,2,1,7,0,0
2004,2,1,8,0,0
2004,2,1,9,0,0
2004,2,1,10,22,21
2004,2,1,11,72,68
2004,2,1,12,236,136
2004,2,1,13,297,132
2004,2,1,14,250,152
2004,2,1,15,167,138
2004,2,1,16,128,102
2004,2,1,17,31,29
2004,2,1,18,0,0
2004,2,1,19,0,0
2004,2,1,20,0,0
2004,2,1,21,0,0
2004,2,1,22,0,0
2004,2,1,23,0,0
2004,2,1,24,0,0
2004,2,2,1,0,0
2004,2,2,2,0,0
2004,2,2,3,0,0
2004,2,2,4,0,0
2004,2,2,5,0,0
2004,2,2,6,0,0
2004,2,2,7,0,0
2004,2,2,8,0,0
2004,2,2,9,0,0
2004,2,2,10,6,6
2004,2,2,11,11,11
2004,2,2,12,28,28
2004,2,2,13,22,22
2004,2,2,14,28,28
2004,2,2,15,31,30
2004,2,2,16,36,35
2004,2,2,17,25,24
2004,2,2,18,3,3
2004,2,2,19,0,0
2004,2,2,20,0,0
2004,2,2,21,0,0
2004,2,2,22,0,0
2004,2,2,23,0,0
2004,2,2,24,0,0
2004,2,3,1,0,0
2004,2,3,2,0,0
2004,2,3,3,0,0
2004,2,3,4,0,0
2004,2,3,5,0,0
2004,2,3,6,0,0
2004,2,3,7,0,0
2004,2,3,8,0,0
2004,2,3,9,0,0
2004,2,3,10,14,14
2004,2,3,11,50,48
2004,2,3,12,125,116
2004,2,3,13,247,162
2004,2,3,14,186,162
2004,2,3,15,169,142
2004,2,3,16,72,68
2004,2,3,17,22,21
2004,2,3,18,0,0
2004,2,3,19,0,0
2004,2,3,20,0,0
2004,2,3,21,0,0
2004,2,3,22,0,0
2004,2,3,23,0,0
2004,2,3,24,0,0
2004,2,4,1,0,0
2004,2,4,2,0,0
2004,2,4,3,0,0
2004,2,4,4,0,0
2004,2,4,5,0,0
2004,2,4,6,0,0
2004,2,4,7,0,0
2004,2,4,8,0,0
2004,2,4,9,3,3
2004,2,4,10,36,34
2004,2,4,11,106,98
2004,2,4,12,94,89
2004,2,4,13,92,88
2004,2,4,14,92,88
2004,2,4,15,89,85
2004,2,4,16,72,68
2004,2,4,17,17,17
2004,2,4,18,3,3
2004,2,4,19,0,0
2004,2,4,20,0,0
2004,2,4,21,0,0
2004,2,4,22,0,0
2004,2,4,23,0,0
2004,2,4,24,0,0
2004,2,5,1,0,0
2004,2,5,2,0,0
2004,2,5,3,0,0
2004,2,5,4,0,0
2004,2,5,5,0,0
2004,2,5,6,0,0
2004,2,5,7,0,0
2004,2,5,8,0,0
2004,2,5,9,0,0
2004,2,5,10,17,17
2004,2,5,11,50,48
2004,2,5,12,64,62
2004,2,5,13,58,56
2004,2,5,14,61,59
2004,2,5,15,42,41
2004,2,5,16,19,19
2004,2,5,17,6,6
2004,2,5,18,0,0
2004,2,5,19,0,0
2004,2,5,20,0,0
2004,2,5,21,0,0
2004,2,5,22,0,0
2004,2,5,23,0,0
2004,2,5,24,0,0
2004,2,6,1,0,0
2004,2,6,2,0,0
2004,2,6,3,0,0
2004,2,6,4,0,0
2004,2,6,5,0,0
2004,2,6,6,0,0
2004,2,6,7,0,0
2004,2,6,8,0,0
2004,2,6,9,6,6
2004,2,6,10,25,24
2004,2,6,11,17,17
2004,2,6,12,36,35
2004,2,6,13,36,35
2004,2,6,14,17,17
2004,2,6,15,25,25
2004,2,6,16,11,11
2004,2,6,17,6,6
2004,2,6,18,0,0
2004,2,6,19,0,0
2004,2,6,20,0,0
2004,2,6,21,0,0
2004,2,6,22,0,0
2004,2,6,23,0,0
2004,2,6,24,0,0
2004,2,7,1,0,0
2004,2,7,2,0,0
2004,2,7,3,0,0
2004,2,7,4,0,0
2004,2,7,5,0,0
2004,2,7,6,0,0
2004,2,7,7,0,0
2004,2,7,8,0,0
2004,2,7,9,3,3
2004,2,7,10,14,14
2004,2,7,11,19,19
2004,2,7,12,42,41
2004,2,7,13,172,158
2004,2,7,14,217,173
2004,2,7,15,206,152
2004,2,7,16,150,115
2004,2,7,17,58,54
2004,2,7,18,6,6
2004,2,7,19,0,0
2004,2,7,20,0,0
2004,2,7,21,0,0
2004,2,7,22,0,0
2004,2,7,23,0,0
2004,2,7,24,0,0
2004,2,8,1,0,0
2004,2,8,2,0,0
2004,2,8,3,0,0
2004,2,8,4,0,0
2004,2,8,5,0,0
2004,2,8,6,0,0
2004,2,8,7,0,0
2004,2,8,8,0,0
2004,2,8,9,14,13
2004,2,8,10,75,69
2004,2,8,11,153,126
2004,2,8,12,347,85
2004,2,8,13,131,123
2004,2,8,14,64,62
2004,2,8,15,228,151
2004,2,8,16,114,105
2004,2,8,17,44,42
2004,2,8,18,6,6
2004,2,8,19,0,0
2004,2,8,20,0,0
2004,2,8,21,0,0
2004,2,8,22,0,0
2004,2,8,23,0,0
2004,2,8,24,0,0
2004,2,9,1,0,0
2004,2,9,2,0,0
2004,2,9,3,0,0
2004,2,9,4,0,0
2004,2,9,5,0,0
2004,2,9,6,0,0
2004,2,9,7,0,0
2004,2,9,8,0,0
2004,2,9,9,25,18
2004,2,9,10,89,78
2004,2,9,11,125,115
2004,2,9,12,131,122
2004,2,9,13,156,145
2004,2,9,14,219,177
2004,2,9,15,164,150
2004,2,9,16,100,93
2004,2,9,17,42,40
2004,2,9,18,11,11
2004,2,9,19,0,0
2004,2,9,20,0,0
2004,2,9,21,0,0
2004,2,9,22,0,0
2004,2,9,23,0,0
2004,2,9,24,0,0
2004,2,10,1,0,0
2004,2,10,2,0,0
2004,2,10,3,0,0
2004,2,10,4,0,0
2004,2,10,5,0,0
2004,2,10,6,0,0
2004,2,10,7,0,0
2004,2,10,8,0,0
2004,2,10,9,3,3
2004,2,10,10,47,45
2004,2,10,11,81,77
2004,2,10,12,156,144
2004,2,10,13,150,140
2004,2,10,14,75,72
2004,2,10,15,61,59
2004,2,10,16,64,61
2004,2,10,17,33,32
2004,2,10,18,3,3
2004,2,10,19,0,0
2004,2,10,20,0,0
2004,2,10,21,0,0
2004,2,10,22,0,0
2004,2,10,23,0,0
2004,2,10,24,0,0
2004,2,11,1,0,0
2004,2,11,2,0,0
2004,2,11,3,0,0
2004,2,11,4,0,0
2004,2,11,5,0,0
2004,2,11,6,0,0
2004,2,11,7,0,0
2004,2,11,8,0,0
2004,2,11,9,3,3
2004,2,11,10,72,67
2004,2,11,11,69,66
2004,2,11,12,111,105
2004,2,11,13,136,128
2004,2,11,14,72,70
2004,2,11,15,47,46
2004,2,11,16,47,46
2004,2,11,17,11,11
2004,2,11,18,0,0
2004,2,11,19,0,0
2004,2,11,20,0,0
2004,2,11,21,0,0
2004,2,11,22,0,0
2004,2,11,23,0,0
2004,2,11,24,0,0
2004,2,12,1,0,0
2004,2,12,2,0,0
2004,2,12,3,0,0
2004,2,12,4,0,0
2004,2,12,5,0,0
2004,2,12,6,0,0
2004,2,12,7,0,0
2004,2,12,8,0,0
2004,2,12,9,11,11
2004,2,12,10,64,60
2004,2,12,11,139,127
2004,2,12,12,111,105
2004,2,12,13,128,121
2004,2,12,14,117,111
2004,2,12,15,89,85
2004,2,12,16,64,61
2004,2,12,17,50,47
2004,2,12,18,6,6
2004,2,12,19,0,0
2004,2,12,20,0,0
2004,2,12,21,0,0
2004,2,12,22,0,0
2004,2,12,23,0,0
2004,2,12,24,0,0
2004,2,13,1,0,0
2004,2,13,2,0,0
2004,2,13,3,0,0
2004,2,13,4,0,0
2004,2,13,5,0,0
2004,2,13,6,0,0
2004,2,13,7,0,0
2004,2,13,8,0,0
2004,2,13,9,6,6
2004,2,13,10,33,32
2004,2,13,11,78,74
2004,2,13,12,100,95
2004,2,13,13,97,93
2004,2,13,14,108,103
2004,2,13,15,97,92
2004,2,13,16,103,96
2004,2,13,17,31,30
2004,2,13,18,6,6
2004,2,13,19,0,0
2004,2,13,20,0,0
2004,2,13,21,0,0
2004,2,13,22,0,0
2004,2,13,23,0,0
2004,2,13,24,0,0
2004,2,14,1,0,0
2004,2,14,2,0,0
2004,2,14,3,0,0
2004,2,14,4,0,0
2004,2,14,5,0,0
2004,2,14,6,0,0
2004,2,14,7,0,0
2004,2,14,8,0,0
2004,2,14,9,8,8
2004,2,14,10,58,55
2004,2,14,11,125,116
2004,2,14,12,172,158
2004,2,14,13,175,162
2004,2,14,14,125,118
2004,2,14,15,78,75
2004,2,14,16,53,51
2004,2,14,17,42,40
2004,2,14,18,8,8
2004,2,14,19,0,0
2004,2,14,20,0,0
2004,2,14,21,0,0
2004,2,14,22,0,0
2004,2,14,23,0,0
2004,2,14,24,0,0
2004,2,15,1,0,0
2004,2,15,2,0,0
2004,2,15,3,0,0
2004,2,15,4,0,0
2004,2,15,5,0,0
2004,2,15,6,0,0
2004,2,15,7,0,0
2004,2,15,8,0,0
2004,2,15,9,11,11
2004,2,15,10,47,45
2004,2,15,11,119,111
2004,2,15,12,139,130
2004,2,15,13,192,176
2004,2,15,14,119,113
2004,2,15,15,89,85
2004,2,15,16,72,69
2004,2,15,17,39,37
2004,2,15,18,3,3
2004,2,15,19,0,0
2004,2,15,20,0,0
2004,2,15,21,0,0
2004,2,15,22,0,0
2004,2,15,23,0,0
2004,2,15,24,0,0
2004,2,16,1,0,0
2004,2,16,2,0,0
2004,2,16,3,0,0
2004,2,16,4,0,0
2004,2,16,5,0,0
2004,2,16,6,0,0
2004,2,16,7,0,0
2004,2,16,8,0,0
2004,2,16,9,8,8
2004,2,16,10,58,55
2004,2,16,11,125,116
2004,2,16,12,106,101
2004,2,16,13,114,109
2004,2,16,14,125,118
2004,2,16,15,156,144
2004,2,16,16,139,127
2004,2,16,17,78,72
2004,2,16,18,14,13
2004,2,16,19,0,0
2004,2,16,20,0,0
2004,2,16,21,0,0
2004,2,16,22,0,0
2004,2,16,23,0,0
2004,2,16,24,0,0
2004,2,17,1,0,0
2004,2,17,2,0,0
2004,2,17,3,0,0
2004,2,17,4,0,0
2004,2,17,5,0,0
2004,2,17,6,0,0
2004,2,17,7,0,0
2004,2,17,8,0,0
2004,2,17,9,6,6
2004,2,17,10,22,22
2004,2,17,11,56,54
2004,2,17,12,158,147
2004,2,17,13,283,196
2004,2,17,14,161,150
2004,2,17,15,86,83
2004,2,17,16,31,30
2004,2,17,17,36,35
2004,2,17,18,3,3
2004,2,17,19,0,0
2004,2,17,20,0,0
2004,2,17,21,0,0
2004,2,17,22,0,0
2004,2,17,23,0,0
2004,2,17,24,0,0
2004,2,18,1,0,0
2004,2,18,2,0,0
2004,2,18,3,0,0
2004,2,18,4,0,0
2004,2,18,5,0,0
2004,2,18,6,0,0
2004,2,18,7,0,0
2004,2,18,8,0,0
2004,2,18,9,56,38
2004,2,18,10,131,100
2004,2,18,11,125,116
2004,2,18,12,183,168
2004,2,18,13,208,190
2004,2,18,14,153,143
2004,2,18,15,183,168
2004,2,18,16,64,62
2004,2,18,17,44,42
2004,2,18,18,8,8
2004,2,18,19,0,0
2004,2,18,20,0,0
2004,2,18,21,0,0
2004,2,18,22,0,0
2004,2,18,23,0,0
2004,2,18,24,0,0
2004,2,19,1,0,0
2004,2,19,2,0,0
2004,2,19,3,0,0
2004,2,19,4,0,0
2004,2,19,5,0,0
2004,2,19,6,0,0
2004,2,19,7,0,0
2004,2,19,8,0,0
2004,2,19,9,47,41
2004,2,19,10,175,92
2004,2,19,11,294,114
2004,2,19,12,361,139
2004,2,19,13,306,197
2004,2,19,14,408,134
2004,2,19,15,372,114
2004,2,19,16,219,137
2004,2,19,17,133,87
2004,2,19,18,36,26
2004,2,19,19,0,0
2004,2,19,20,0,0
2004,2,19,21,0,0
2004,2,19,22,0,0
2004,2,19,23,0,0
2004,2,19,24,0,0
2004,2,20,1,0,0
2004,2,20,2,0,0
2004,2,20,3,0,0
2004,2,20,4,0,0
2004,2,20,5,0,0
2004,2,20,6,0,0
2004,2,20,7,0,0
2004,2,20,8,0,0
2004,2,20,9,64,42
2004,2,20,10,197,83
2004,2,20,11,325,92
2004,2,20,12,417,92
2004,2,20,13,464,88
2004,2,20,14,461,85
2004,2,20,15,403,89
2004,2,20,16,292,97
2004,2,20,17,156,82
2004,2,20,18,36,28
2004,2,20,19,0,0
2004,2,20,20,0,0
2004,2,20,21,0,0
2004,2,20,22,0,0
2004,2,20,23,0,0
2004,2,20,24,0,0
2004,2,21,1,0,0
2004,2,21,2,0,0
2004,2,21,3,0,0
2004,2,21,4,0,0
2004,2,21,5,0,0
2004,2,21,6,0,0
2004,2,21,7,0,0
2004,2,21,8,0,0
2004,2,21,9,58,46
2004,2,21,10,119,105
2004,2,21,11,169,153
2004,2,21,12,200,183
2004,2,21,13,142,134
2004,2,21,14,119,113
2004,2,21,15,192,176
2004,2,21,16,114,107
2004,2,21,17,39,38
2004,2,21,18,6,6
2004,2,21,19,0,0
2004,2,21,20,0,0
2004,2,21,21,0,0
2004,2,21,22,0,0
2004,2,21,23,0,0
2004,2,21,24,0,0
2004,2,22,1,0,0
2004,2,22,2,0,0
2004,2,22,3,0,0
2004,2,22,4,0,0
2004,2,22,5,0,0
2004,2,22,6,0,0
2004,2,22,7,0,0
2004,2,22,8,0,0
2004,2,22,9,19,18
2004,2,22,10,50,48
2004,2,22,11,261,148
2004,2,22,12,319,179
2004,2,22,13,217,199
2004,2,22,14,175,163
2004,2,22,15,194,178
2004,2,22,16,297,104
2004,2,22,17,100,91
2004,2,22,18,28,26
2004,2,22,19,0,0
2004,2,22,20,0,0
2004,2,22,21,0,0
2004,2,22,22,0,0
2004,2,22,23,0,0
2004,2,22,24,0,0
2004,2,23,1,0,0
2004,2,23,2,0,0
2004,2,23,3,0,0
2004,2,23,4,0,0
2004,2,23,5,0,0
2004,2,23,6,0,0
2004,2,23,7,0,0
2004,2,23,8,3,3
2004,2,23,9,42,39
2004,2,23,10,194,100
2004,2,23,11,333,105
2004,2,23,12,358,162
2004,2,23,13,364,190
2004,2,23,14,450,119
2004,2,23,15,389,123
2004,2,23,16,175,150
2004,2,23,17,178,83
2004,2,23,18,33,30
2004,2,23,19,0,0
2004,2,23,20,0,0
2004,2,23,21,0,0
2004,2,23,22,0,0
2004,2,23,23,0,0
2004,2,23,24,0,0
2004,2,24,1,0,0
2004,2,24,2,0,0
2004,2,24,3,0,0
2004,2,24,4,0,0
2004,2,24,5,0,0
2004,2,24,6,0,0
2004,2,24,7,0,0
2004,2,24,8,3,3
2004,2,24,9,64,53
2004,2,24,10,178,110
2004,2,24,11,189,163
2004,2,24,12,325,185
2004,2,24,13,311,213
2004,2,24,14,200,185
2004,2,24,15,114,108
2004,2,24,16,56,54
2004,2,24,17,25,24
2004,2,24,18,6,6
2004,2,24,19,0,0
2004,2,24,20,0,0
2004,2,24,21,0,0
2004,2,24,22,0,0
2004,2,24,23,0,0
2004,2,24,24,0,0
2004,2,25,1,0,0
2004,2,25,2,0,0
2004,2,25,3,0,0
2004,2,25,4,0,0
2004,2,25,5,0,0
2004,2,25,6,0,0
2004,2,25,7,0,0
2004,2,25,8,6,6
2004,2,25,9,53,49
2004,2,25,10,156,118
2004,2,25,11,108,102
2004,2,25,12,300,197
2004,2,25,13,314,215
2004,2,25,14,311,213
2004,2,25,15,197,181
2004,2,25,16,164,150
2004,2,25,17,100,92
2004,2,25,18,25,24
2004,2,25,19,0,0
2004,2,25,20,0,0
2004,2,25,21,0,0
2004,2,25,22,0,0
2004,2,25,23,0,0
2004,2,25,24,0,0
2004,2,26,1,0,0
2004,2,26,2,0,0
2004,2,26,3,0,0
2004,2,26,4,0,0
2004,2,26,5,0,0
2004,2,26,6,0,0
2004,2,26,7,0,0
2004,2,26,8,3,3
2004,2,26,9,31,30
2004,2,26,10,139,119
2004,2,26,11,358,101
2004,2,26,12,408,142
2004,2,26,13,239,215
2004,2,26,14,89,86
2004,2,26,15,406,126
2004,2,26,16,161,148
2004,2,26,17,194,86
2004,2,26,18,69,38
2004,2,26,19,0,0
2004,2,26,20,0,0
2004,2,26,21,0,0
2004,2,26,22,0,0
2004,2,26,23,0,0
2004,2,26,24,0,0
2004,2,27,1,0,0
2004,2,27,2,0,0
2004,2,27,3,0,0
2004,2,27,4,0,0
2004,2,27,5,0,0
2004,2,27,6,0,0
2004,2,27,7,0,0
2004,2,27,8,3,3
2004,2,27,9,47,44
2004,2,27,10,97,91
2004,2,27,11,103,98
2004,2,27,12,106,102
2004,2,27,13,117,112
2004,2,27,14,119,114
2004,2,27,15,119,113
2004,2,27,16,92,88
2004,2,27,17,100,92
2004,2,27,18,8,8
2004,2,27,19,0,0
2004,2,27,20,0,0
2004,2,27,21,0,0
2004,2,27,22,0,0
2004,2,27,23,0,0
2004,2,27,24,0,0
2004,2,28,1,0,0
2004,2,28,2,0,0
2004,2,28,3,0,0
2004,2,28,4,0,0
2004,2,28,5,0,0
2004,2,28,6,0,0
2004,2,28,7,0,0
2004,2,28,8,11,11
2004,2,28,9,150,27
2004,2,28,10,269,70
2004,2,28,11,478,85
2004,2,28,12,342,194
2004,2,28,13,281,226
2004,2,28,14,386,197
2004,2,28,15,244,201
2004,2,28,16,311,126
2004,2,28,17,175,104
2004,2,28,18,33,31
2004,2,28,19,0,0
2004,2,28,20,0,0
2004,2,28,21,0,0
2004,2,28,22,0,0
2004,2,28,23,0,0
2004,2,28,24,0,0
1992,3,1,1,0,0
1992,3,1,2,0,0
1992,3,1,3,0,0
1992,3,1,4,0,0
1992,3,1,5,0,0
1992,3,1,6,0,0
1992,3,1,7,0,0
1992,3,1,8,6,6
1992,3,1,9,81,66
1992,3,1,10,203,121
1992,3,1,11,319,150
1992,3,1,12,408,160
1992,3,1,13,447,166
1992,3,1,14,444,162
1992,3,1,15,392,155
1992,3,1,16,300,138
1992,3,1,17,186,103
1992,3,1,18,67,48
1992,3,1,19,3,3
1992,3,1,20,0,0
1992,3,1,21,0,0
1992,3,1,22,0,0
1992,3,1,23,0,0
1992,3,1,24,0,0
1992,3,2,1,0,0
1992,3,2,2,0,0
1992,3,2,3,0,0
1992,3,2,4,0,0
1992,3,2,5,0,0
1992,3,2,6,0,0
1992,3,2,7,0,0
1992,3,2,8,6,6
1992,3,2,9,39,37
1992,3,2,10,72,69
1992,3,2,11,142,133
1992,3,2,12,164,154
1992,3,2,13,272,229
1992,3,2,14,261,226
1992,3,2,15,250,206
1992,3,2,16,222,168
1992,3,2,17,156,114
1992,3,2,18,53,48
1992,3,2,19,3,3
1992,3,2,20,0,0
1992,3,2,21,0,0
1992,3,2,22,0,0
1992,3,2,23,0,0
1992,3,2,24,0,0
1992,3,3,1,0,0
1992,3,3,2,0,0
1992,3,3,3,0,0
1992,3,3,4,0,0
1992,3,3,5,0,0
1992,3,3,6,0,0
1992,3,3,7,0,0
1992,3,3,8,6,6
1992,3,3,9,36,35
1992,3,3,10,39,38
1992,3,3,11,50,49
1992,3,3,12,58,57
1992,3,3,13,50,49
1992,3,3,14,64,63
1992,3,3,15,39,38
1992,3,3,16,47,46
1992,3,3,17,31,30
1992,3,3,18,11,11
1992,3,3,19,0,0
1992,3,3,20,0,0
1992,3,3,21,0,0
1992,3,3,22,0,0
1992,3,3,23,0,0
1992,3,3,24,0,0
1992,3,4,1,0,0
1992,3,4,2,0,0
1992,3,4,3,0,0
1992,3,4,4,0,0
1992,3,4,5,0,0
1992,3,4,6,0,0
1992,3,4,7,0,0
1992,3,4,8,3,3
1992,3,4,9,25,24
1992,3,4,10,53,51
1992,3,4,11,75,73
1992,3,4,12,81,79
1992,3,4,13,131,125
1992,3,4,14,222,205
1992,3,4,15,228,206
1992,3,4,16,186,168
1992,3,4,17,67,64
1992,3,4,18,44,41
1992,3,4,19,3,3
1992,3,4,20,0,0
1992,3,4,21,0,0
1992,3,4,22,0,0
1992,3,4,23,0,0
1992,3,4,24,0,0
1992,3,5,1,0,0
1992,3,5,2,0,0
1992,3,5,3,0,0
1992,3,5,4,0,0
1992,3,5,5,0,0
1992,3,5,6,0,0
1992,3,5,7,0,0
1992,3,5,8,11,11
1992,3,5,9,103,77
1992,3,5,10,233,126
1992,3,5,11,339,158
1992,3,5,12,425,170
1992,3,5,13,461,178
1992,3,5,14,492,144
1992,3,5,15,358,195
1992,3,5,16,281,164
1992,3,5,17,122,112
1992,3,5,18,47,44
1992,3,5,19,3,3
1992,3,5,20,0,0
1992,3,5,21,0,0
1992,3,5,22,0,0
1992,3,5,23,0,0
1992,3,5,24,0,0
1992,3,6,1,0,0
1992,3,6,2,0,0
1992,3,6,3,0,0
1992,3,6,4,0,0
1992,3,6,5,0,0
1992,3,6,6,0,0
1992,3,6,7,0,0
1992,3,6,8,6,6
1992,3,6,9,50,47
1992,3,6,10,206,139
1992,3,6,11,203,185
1992,3,6,12,408,187
1992,3,6,13,400,221
1992,3,6,14,303,238
1992,3,6,15,222,203
1992,3,6,16,342,133
1992,3,6,17,211,111
1992,3,6,18,89,58
1992,3,6,19,6,6
1992,3,6,20,0,0
1992,3,6,21,0,0
1992,3,6,22,0,0
1992,3,6,23,0,0
1992,3,6,24,0,0
1992,3,7,1,0,0
1992,3,7,2,0,0
1992,3,7,3,0,0
1992,3,7,4,0,0
1992,3,7,5,0,0
1992,3,7,6,0,0
1992,3,7,7,0,0
1992,3,7,8,17,15
1992,3,7,9,122,81
1992,3,7,10,253,125
1992,3,7,11,303,185
1992,3,7,12,467,147
1992,3,7,13,494,162
1992,3,7,14,486,162
1992,3,7,15,444,146
1992,3,7,16,272,174
1992,3,7,17,147,125
1992,3,7,18,50,47
1992,3,7,19,3,3
1992,3,7,20,0,0
1992,3,7,21,0,0
1992,3,7,22,0,0
1992,3,7,23,0,0
1992,3,7,24,0,0
1992,3,8,1,0,0
1992,3,8,2,0,0
1992,3,8,3,0,0
1992,3,8,4,0,0
1992,3,8,5,0,0
1992,3,8,6,0,0
1992,3,8,7,0,0
1992,3,8,8,0,0
1992,3,8,9,103,85
1992,3,8,10,203,146
1992,3,8,11,158,148
1992,3,8,12,194,181
1992,3,8,13,364,241
1992,3,8,14,275,240
1992,3,8,15,219,201
1992,3,8,16,231,182
1992,3,8,17,83,79
1992,3,8,18,8,8
1992,3,8,19,3,3
1992,3,8,20,0,0
1992,3,8,21,0,0
1992,3,8,22,0,0
1992,3,8,23,0,0
1992,3,8,24,0,0
1992,3,9,1,0,0
1992,3,9,2,0,0
1992,3,9,3,0,0
1992,3,9,4,0,0
1992,3,9,5,0,0
1992,3,9,6,0,0
1992,3,9,7,0,0
1992,3,9,8,6,6
1992,3,9,9,47,45
1992,3,9,10,136,126
1992,3,9,11,242,199
1992,3,9,12,442,180
1992,3,9,13,381,240
1992,3,9,14,258,236
1992,3,9,15,219,201
1992,3,9,16,131,123
1992,3,9,17,142,128
1992,3,9,18,42,40
1992,3,9,19,3,3
1992,3,9,20,0,0
1992,3,9,21,0,0
1992,3,9,22,0,0
1992,3,9,23,0,0
1992,3,9,24,0,0
1992,3,10,1,0,0
1992,3,10,2,0,0
1992,3,10,3,0,0
1992,3,10,4,0,0
1992,3,10,5,0,0
1992,3,10,6,0,0
1992,3,10,7,0,0
1992,3,10,8,11,11
1992,3,10,9,86,79
1992,3,10,10,256,138
1992,3,10,11,381,157
1992,3,10,12,469,164
1992,3,10,13,472,198
1992,3,10,14,458,201
1992,3,10,15,378,205
1992,3,10,16,242,187
1992,3,10,17,42,41
1992,3,10,18,8,8
1992,3,10,19,0,0
1992,3,10,20,0,0
1992,3,10,21,0,0
1992,3,10,22,0,0
1992,3,10,23,0,0
1992,3,10,24,0,0
1992,3,11,1,0,0
1992,3,11,2,0,0
1992,3,11,3,0,0
1992,3,11,4,0,0
1992,3,11,5,0,0
1992,3,11,6,0,0
1992,3,11,7,0,0
1992,3,11,8,17,16
1992,3,11,9,78,73
1992,3,11,10,64,62
1992,3,11,11,100,96
1992,3,11,12,239,219
1992,3,11,13,236,218
1992,3,11,14,203,190
1992,3,11,15,217,200
1992,3,11,16,225,188
1992,3,11,17,164,135
1992,3,11,18,100,69
1992,3,11,19,11,11
1992,3,11,20,0,0
1992,3,11,21,0,0
1992,3,11,22,0,0
1992,3,11,23,0,0
1992,3,11,24,0,0
1992,3,12,1,0,0
1992,3,12,2,0,0
1992,3,12,3,0,0
1992,3,12,4,0,0
1992,3,12,5,0,0
1992,3,12,6,0,0
1992,3,12,7,0,0
1992,3,12,8,0,0
1992,3,12,9,6,6
1992,3,12,10,8,8
1992,3,12,11,25,25
1992,3,12,12,39,38
1992,3,12,13,33,33
1992,3,12,14,36,36
1992,3,12,15,206,191
1992,3,12,16,22,22
1992,3,12,17,17,17
1992,3,12,18,6,6
1992,3,12,19,0,0
1992,3,12,20,0,0
1992,3,12,21,0,0
1992,3,12,22,0,0
1992,3,12,23,0,0
1992,3,12,24,0,0
1992,3,13,1,0,0
1992,3,13,2,0,0
1992,3,13,3,0,0
1992,3,13,4,0,0
1992,3,13,5,0,0
1992,3,13,6,0,0
1992,3,13,7,0,0
1992,3,13,8,11,11
1992,3,13,9,33,32
1992,3,13,10,75,72
1992,3,13,11,89,86
1992,3,13,12,36,36
1992,3,13,13,94,91
1992,3,13,14,97,94
1992,3,13,15,39,38
1992,3,13,16,47,46
1992,3,13,17,67,64
1992,3,13,18,50,47
1992,3,13,19,0,0
1992,3,13,20,0,0
1992,3,13,21,0,0
1992,3,13,22,0,0
1992,3,13,23,0,0
1992,3,13,24,0,0
1992,3,14,1,0,0
1992,3,14,2,0,0
1992,3,14,3,0,0
1992,3,14,4,0,0
1992,3,14,5,0,0
1992,3,14,6,0,0
1992,3,14,7,0,0
1992,3,14,8,28,26
1992,3,14,9,89,83
1992,3,14,10,203,163
1992,3,14,11,239,209
1992,3,14,12,292,244
1992,3,14,13,339,261
1992,3,14,14,519,174
1992,3,14,15,347,230
1992,3,14,16,164,153
1992,3,14,17,161,140
1992,3,14,18,36,35
1992,3,14,19,0,0
1992,3,14,20,0,0
1992,3,14,21,0,0
1992,3,14,22,0,0
1992,3,14,23,0,0
1992,3,14,24,0,0
1992,3,15,1,0,0
1992,3,15,2,0,0
1992,3,15,3,0,0
1992,3,15,4,0,0
1992,3,15,5,0,0
1992,3,15,6,0,0
1992,3,15,7,11,11
1992,3,15,8,25,24
1992,3,15,9,75,71
1992,3,15,10,147,136
1992,3,15,11,167,156
1992,3,15,12,297,247
1992,3,15,13,342,264
1992,3,15,14,181,171
1992,3,15,15,211,196
1992,3,15,16,289,194
1992,3,15,17,153,140
1992,3,15,18,69,64
1992,3,15,19,8,7
1992,3,15,20,0,0
1992,3,15,21,0,0
1992,3,15,22,0,0
1992,3,15,23,0,0
1992,3,15,24,0,0
1992,3,16,1,0,0
1992,3,16,2,0,0
1992,3,16,3,0,0
1992,3,16,4,0,0
1992,3,16,5,0,0
1992,3,16,6,0,0
1992,3,16,7,0,0
1992,3,16,8,42,37
1992,3,16,9,161,105
1992,3,16,10,300,144
1992,3,16,11,394,181
1992,3,16,12,472,197
1992,3,16,13,528,187
1992,3,16,14,539,168
1992,3,16,15,425,205
1992,3,16,16,203,186
1992,3,16,17,167,144
1992,3,16,18,103,81
1992,3,16,19,19,18
1992,3,16,20,0,0
1992,3,16,21,0,0
1992,3,16,22,0,0
1992,3,16,23,0,0
1992,3,16,24,0,0
1992,3,17,1,0,0
1992,3,17,2,0,0
1992,3,17,3,0,0
1992,3,17,4,0,0
1992,3,17,5,0,0
1992,3,17,6,0,0
1992,3,17,7,0,0
1992,3,17,8,8,8
1992,3,17,9,25,25
1992,3,17,10,39,38
1992,3,17,11,69,67
1992,3,17,12,117,113
1992,3,17,13,181,171
1992,3,17,14,167,158
1992,3,17,15,83,81
1992,3,17,16,125,119
1992,3,17,17,47,46
1992,3,17,18,28,27
1992,3,17,19,3,3
1992,3,17,20,0,0
1992,3,17,21,0,0
1992,3,17,22,0,0
1992,3,17,23,0,0
1992,3,17,24,0,0
1992,3,18,1,0,0
1992,3,18,2,0,0
1992,3,18,3,0,0
1992,3,18,4,0,0
1992,3,18,5,0,0
1992,3,18,6,0,0
1992,3,18,7,0,0
1992,3,18,8,11,11
1992,3,18,9,47,45
1992,3,18,10,69,67
1992,3,18,11,81,79
1992,3,18,12,117,113
1992,3,18,13,119,115
1992,3,18,14,114,110
1992,3,18,15,144,137
1992,3,18,16,147,138
1992,3,18,17,111,104
1992,3,18,18,69,64
1992,3,18,19,14,13
1992,3,18,20,0,0
1992,3,18,21,0,0
1992,3,18,22,0,0
1992,3,18,23,0,0
1992,3,18,24,0,0
1992,3,19,1,0,0
1992,3,19,2,0,0
1992,3,19,3,0,0
1992,3,19,4,0,0
1992,3,19,5,0,0
1992,3,19,6,0,0
1992,3,19,7,0,0
1992,3,19,8,31,29
1992,3,19,9,153,116
1992,3,19,10,289,164
1992,3,19,11,275,225
1992,3,19,12,372,255
1992,3,19,13,422,262
1992,3,19,14,322,268
1992,3,19,15,350,244
1992,3,19,16,306,202
1992,3,19,17,183,152
1992,3,19,18,72,67
1992,3,19,19,11,10
1992,3,19,20,0,0
1992,3,19,21,0,0
1992,3,19,22,0,0
1992,3,19,23,0,0
1992,3,19,24,0,0
1992,3,20,1,0,0
1992,3,20,2,0,0
1992,3,20,3,0,0
1992,3,20,4,0,0
1992,3,20,5,0,0
1992,3,20,6,0,0
1992,3,20,7,0,0
1992,3,20,8,14,14
1992,3,20,9,75,71
1992,3,20,10,133,125
1992,3,20,11,111,107
1992,3,20,12,56,55
1992,3,20,13,61,60
1992,3,20,14,83,81
1992,3,20,15,47,46
1992,3,20,16,25,25
1992,3,20,17,19,19
1992,3,20,18,6,6
1992,3,20,19,6,6
1992,3,20,20,0,0
1992,3,20,21,0,0
1992,3,20,22,0,0
1992,3,20,23,0,0
1992,3,20,24,0,0
1992,3,21,1,0,0
1992,3,21,2,0,0
1992,3,21,3,0,0
1992,3,21,4,0,0
1992,3,21,5,0,0
1992,3,21,6,0,0
1992,3,21,7,0,0
1992,3,21,8,8,8
1992,3,21,9,56,54
1992,3,21,10,28,28
1992,3,21,11,97,94
1992,3,21,12,69,68
1992,3,21,13,197,186
1992,3,21,14,272,250
1992,3,21,15,414,231
1992,3,21,16,325,203
1992,3,21,17,194,156
1992,3,21,18,158,81
1992,3,21,19,33,29
1992,3,21,20,0,0
1992,3,21,21,0,0
1992,3,21,22,0,0
1992,3,21,23,0,0
1992,3,21,24,0,0
1992,3,22,1,0,0
1992,3,22,2,0,0
1992,3,22,3,0,0
1992,3,22,4,0,0
1992,3,22,5,0,0
1992,3,22,6,0,0
1992,3,22,7,0,0
1992,3,22,8,6,6
1992,3,22,9,19,19
1992,3,22,10,31,31
1992,3,22,11,36,36
1992,3,22,12,86,84
1992,3,22,13,242,225
1992,3,22,14,181,171
1992,3,22,15,119,114
1992,3,22,16,47,46
1992,3,22,17,36,35
1992,3,22,18,81,75
1992,3,22,19,14,13
1992,3,22,20,0,0
1992,3,22,21,0,0
1992,3,22,22,0,0
1992,3,22,23,0,0
1992,3,22,24,0,0
1992,3,23,1,0,0
1992,3,23,2,0,0
1992,3,23,3,0,0
1992,3,23,4,0,0
1992,3,23,5,0,0
1992,3,23,6,0,0
1992,3,23,7,0,0
1992,3,23,8,31,30
1992,3,23,9,108,100
1992,3,23,10,175,162
1992,3,23,11,292,235
1992,3,23,12,306,265
1992,3,23,13,242,225
1992,3,23,14,467,252
1992,3,23,15,378,249
1992,3,23,16,372,189
1992,3,23,17,242,156
1992,3,23,18,125,96
1992,3,23,19,14,13
1992,3,23,20,0,0
1992,3,23,21,0,0
1992,3,23,22,0,0
1992,3,23,23,0,0
1992,3,23,24,0,0
1992,3,24,1,0,0
1992,3,24,2,0,0
1992,3,24,3,0,0
1992,3,24,4,0,0
1992,3,24,5,0,0
1992,3,24,6,0,0
1992,3,24,7,3,3
1992,3,24,8,69,60
1992,3,24,9,128,118
1992,3,24,10,161,150
1992,3,24,11,175,164
1992,3,24,12,164,156
1992,3,24,13,269,248
1992,3,24,14,378,280
1992,3,24,15,122,117
1992,3,24,16,300,216
1992,3,24,17,175,158
1992,3,24,18,83,77
1992,3,24,19,17,16
1992,3,24,20,0,0
1992,3,24,21,0,0
1992,3,24,22,0,0
1992,3,24,23,0,0
1992,3,24,24,0,0
1992,3,25,1,0,0
1992,3,25,2,0,0
1992,3,25,3,0,0
1992,3,25,4,0,0
1992,3,25,5,0,0
1992,3,25,6,0,0
1992,3,25,7,0,0
1992,3,25,8,19,19
1992,3,25,9,58,56
1992,3,25,10,89,86
1992,3,25,11,125,120
1992,3,25,12,200,188
1992,3,25,13,253,235
1992,3,25,14,219,205
1992,3,25,15,333,260
1992,3,25,16,397,183
1992,3,25,17,78,75
1992,3,25,18,39,38
1992,3,25,19,25,23
1992,3,25,20,0,0
1992,3,25,21,0,0
1992,3,25,22,0,0
1992,3,25,23,0,0
1992,3,25,24,0,0
1992,3,26,1,0,0
1992,3,26,2,0,0
1992,3,26,3,0,0
1992,3,26,4,0,0
1992,3,26,5,0,0
1992,3,26,6,0,0
1992,3,26,7,0,0
1992,3,26,8,11,11
1992,3,26,9,33,32
1992,3,26,10,72,70
1992,3,26,11,94,91
1992,3,26,12,103,100
1992,3,26,13,161,154
1992,3,26,14,83,81
1992,3,26,15,100,97
1992,3,26,16,89,86
1992,3,26,17,56,54
1992,3,26,18,19,19
1992,3,26,19,6,6
1992,3,26,20,0,0
1992,3,26,21,0,0
1992,3,26,22,0,0
1992,3,26,23,0,0
1992,3,26,24,0,0
1992,3,27,1,0,0
1992,3,27,2,0,0
1992,3,27,3,0,0
1992,3,27,4,0,0
1992,3,27,5,0,0
1992,3,27,6,0,0
1992,3,27,7,0,0
1992,3,27,8,8,8
1992,3,27,9,39,38
1992,3,27,10,83,80
1992,3,27,11,167,158
1992,3,27,12,286,262
1992,3,27,13,319,285
1992,3,27,14,406,284
1992,3,27,15,375,261
1992,3,27,16,122,117
1992,3,27,17,28,28
1992,3,27,18,78,73
1992,3,27,19,42,33
1992,3,27,20,0,0
1992,3,27,21,0,0
1992,3,27,22,0,0
1992,3,27,23,0,0
1992,3,27,24,0,0
1992,3,28,1,0,0
1992,3,28,2,0,0
1992,3,28,3,0,0
1992,3,28,4,0,0
1992,3,28,5,0,0
1992,3,28,6,0,0
1992,3,28,7,6,6
1992,3,28,8,44,42
1992,3,28,9,158,138
1992,3,28,10,322,188
1992,3,28,11,383,238
1992,3,28,12,394,278
1992,3,28,13,328,289
1992,3,28,14,403,287
1992,3,28,15,267,245
1992,3,28,16,278,225
1992,3,28,17,219,171
1992,3,28,18,103,95
1992,3,28,19,39,34
1992,3,28,20,0,0
1992,3,28,21,0,0
1992,3,28,22,0,0
1992,3,28,23,0,0
1992,3,28,24,0,0
1992,3,29,1,0,0
1992,3,29,2,0,0
1992,3,29,3,0,0
1992,3,29,4,0,0
1992,3,29,5,0,0
1992,3,29,6,0,0
1992,3,29,7,8,8
1992,3,29,8,100,74
1992,3,29,9,253,123
1992,3,29,10,361,173
1992,3,29,11,242,223
1992,3,29,12,239,222
1992,3,29,13,197,186
1992,3,29,14,169,161
1992,3,29,15,128,123
1992,3,29,16,117,112
1992,3,29,17,117,110
1992,3,29,18,108,99
1992,3,29,19,25,24
1992,3,29,20,0,0
1992,3,29,21,0,0
1992,3,29,22,0,0
1992,3,29,23,0,0
1992,3,29,24,0,0
1992,3,30,1,0,0
1992,3,30,2,0,0
1992,3,30,3,0,0
1992,3,30,4,0,0
1992,3,30,5,0,0
1992,3,30,6,0,0
1992,3,30,7,6,6
1992,3,30,8,44,42
1992,3,30,9,144,132
1992,3,30,10,331,192
1992,3,30,11,489,189
1992,3,30,12,583,184
1992,3,30,13,514,264
1992,3,30,14,450,282
1992,3,30,15,194,183
1992,3,30,16,278,229
1992,3,30,17,167,154
1992,3,30,18,144,110
1992,3,30,19,31,29
1992,3,30,20,0,0
1992,3,30,21,0,0
1992,3,30,22,0,0
1992,3,30,23,0,0
1992,3,30,24,0,0
1992,3,31,1,0,0
1992,3,31,2,0,0
1992,3,31,3,0,0
1992,3,31,4,0,0
1992,3,31,5,0,0
1992,3,31,6,0,0
1992,3,31,7,0,0
1992,3,31,8,36,35
1992,3,31,9,108,102
1992,3,31,10,186,172
1992,3,31,11,228,211
1992,3,31,12,231,216
1992,3,31,13,258,240
1992,3,31,14,278,257
1992,3,31,15,206,193
1992,3,31,16,119,114
1992,3,31,17,108,103
1992,3,31,18,33,32
1992,3,31,19,0,0
1992,3,31,20,0,0
1992,3,31,21,0,0
1992,3,31,22,0,0
1992,3,31,23,0,0
1992,3,31,24,0,0
2002,4,1,1,0,0
2002,4,1,2,0,0
2002,4,1,3,0,0
2002,4,1,4,0,0
2002,4,1,5,0,0
2002,4,1,6,1,1
2002,4,1,7,24,23
2002,4,1,8,108,83
2002,4,1,9,151,139
2002,4,1,10,277,210
2002,4,1,11,496,194
2002,4,1,12,639,139
2002,4,1,13,681,132
2002,4,1,14,656,144
2002,4,1,15,493,229
2002,4,1,16,414,199
2002,4,1,17,261,175
2002,4,1,18,157,113
2002,4,1,19,44,40
2002,4,1,20,0,0
2002,4,1,21,0,0
2002,4,1,22,0,0
2002,4,1,23,0,0
2002,4,1,24,0,0
2002,4,2,1,0,0
2002,4,2,2,0,0
2002,4,2,3,0,0
2002,4,2,4,0,0
2002,4,2,5,0,0
2002,4,2,6,1,1
2002,4,2,7,25,24
2002,4,2,8,137,80
2002,4,2,9,289,120
2002,4,2,10,438,136
2002,4,2,11,558,143
2002,4,2,12,639,146
2002,4,2,13,644,178
2002,4,2,14,648,159
2002,4,2,15,579,164
2002,4,2,16,460,171
2002,4,2,17,299,165
2002,4,2,18,137,115
2002,4,2,19,35,33
2002,4,2,20,0,0
2002,4,2,21,0,0
2002,4,2,22,0,0
2002,4,2,23,0,0
2002,4,2,24,0,0
2002,4,3,1,0,0
2002,4,3,2,0,0
2002,4,3,3,0,0
2002,4,3,4,0,0
2002,4,3,5,0,0
2002,4,3,6,2,2
2002,4,3,7,33,32
2002,4,3,8,155,76
2002,4,3,9,326,95
2002,4,3,10,519,92
2002,4,3,11,577,129
2002,4,3,12,662,126
2002,4,3,13,689,135
2002,4,3,14,670,141
2002,4,3,15,617,129
2002,4,3,16,509,130
2002,4,3,17,363,127
2002,4,3,18,208,100
2002,4,3,19,69,45
2002,4,3,20,0,0
2002,4,3,21,0,0
2002,4,3,22,0,0
2002,4,3,23,0,0
2002,4,3,24,0,0
2002,4,4,1,0,0
2002,4,4,2,0,0
2002,4,4,3,0,0
2002,4,4,4,0,0
2002,4,4,5,0,0
2002,4,4,6,2,2
2002,4,4,7,27,24
2002,4,4,8,133,89
2002,4,4,9,300,123
2002,4,4,10,462,126
2002,4,4,11,587,125
2002,4,4,12,654,142
2002,4,4,13,691,139
2002,4,4,14,685,129
2002,4,4,15,580,173
2002,4,4,16,404,215
2002,4,4,17,286,176
2002,4,4,18,147,119
2002,4,4,19,75,47
2002,4,4,20,2,2
2002,4,4,21,0,0
2002,4,4,22,0,0
2002,4,4,23,0,0
2002,4,4,24,0,0
2002,4,5,1,0,0
2002,4,5,2,0,0
2002,4,5,3,0,0
2002,4,5,4,0,0
2002,4,5,5,0,0
2002,4,5,6,3,3
2002,4,5,7,37,31
2002,4,5,8,168,78
2002,4,5,9,338,97
2002,4,5,10,493,99
2002,4,5,11,611,108
2002,4,5,12,688,122
2002,4,5,13,724,128
2002,4,5,14,707,125
2002,4,5,15,641,113
2002,4,5,16,531,117
2002,4,5,17,385,116
2002,4,5,18,229,94
2002,4,5,19,82,47
2002,4,5,20,5,5
2002,4,5,21,0,0
2002,4,5,22,0,0
2002,4,5,23,0,0
2002,4,5,24,0,0
2002,4,6,1,0,0
2002,4,6,2,0,0
2002,4,6,3,0,0
2002,4,6,4,0,0
2002,4,6,5,0,0
2002,4,6,6,3,3
2002,4,6,7,41,29
2002,4,6,8,176,79
2002,4,6,9,349,92
2002,4,6,10,505,92
2002,4,6,11,629,111
2002,4,6,12,712,126
2002,4,6,13,742,131
2002,4,6,14,721,128
2002,4,6,15,669,118
2002,4,6,16,563,100
2002,4,6,17,417,88
2002,4,6,18,252,79
2002,4,6,19,94,44
2002,4,6,20,7,7
2002,4,6,21,0,0
2002,4,6,22,0,0
2002,4,6,23,0,0
2002,4,6,24,0,0
2002,4,7,1,0,0
2002,4,7,2,0,0
2002,4,7,3,0,0
2002,4,7,4,0,0
2002,4,7,5,0,0
2002,4,7,6,4,4
2002,4,7,7,44,25
2002,4,7,8,178,82
2002,4,7,9,344,104
2002,4,7,10,497,109
2002,4,7,11,613,115
2002,4,7,12,709,125
2002,4,7,13,740,131
2002,4,7,14,713,126
2002,4,7,15,603,166
2002,4,7,16,542,115
2002,4,7,17,404,107
2002,4,7,18,243,92
2002,4,7,19,91,49
2002,4,7,20,5,5
2002,4,7,21,0,0
2002,4,7,22,0,0
2002,4,7,23,0,0
2002,4,7,24,0,0
2002,4,8,1,0,0
2002,4,8,2,0,0
2002,4,8,3,0,0
2002,4,8,4,0,0
2002,4,8,5,0,0
2002,4,8,6,4,4
2002,4,8,7,46,29
2002,4,8,8,181,86
2002,4,8,9,346,108
2002,4,8,10,500,112
2002,4,8,11,626,111
2002,4,8,12,709,125
2002,4,8,13,738,131
2002,4,8,14,713,126
2002,4,8,15,663,117
2002,4,8,16,537,126
2002,4,8,17,342,162
2002,4,8,18,236,101
2002,4,8,19,92,52
2002,4,8,20,7,7
2002,4,8,21,0,0
2002,4,8,22,0,0
2002,4,8,23,0,0
2002,4,8,24,0,0
2002,4,9,1,0,0
2002,4,9,2,0,0
2002,4,9,3,0,0
2002,4,9,4,0,0
2002,4,9,5,0,0
2002,4,9,6,4,4
2002,4,9,7,50,31
2002,4,9,8,177,93
2002,4,9,9,194,169
2002,4,9,10,244,223
2002,4,9,11,303,270
2002,4,9,12,390,306
2002,4,9,13,318,292
2002,4,9,14,223,210
2002,4,9,15,288,264
2002,4,9,16,340,247
2002,4,9,17,114,108
2002,4,9,18,69,66
2002,4,9,19,30,29
2002,4,9,20,0,0
2002,4,9,21,0,0
2002,4,9,22,0,0
2002,4,9,23,0,0
2002,4,9,24,0,0
2002,4,10,1,0,0
2002,4,10,2,0,0
2002,4,10,3,0,0
2002,4,10,4,0,0
2002,4,10,5,0,0
2002,4,10,6,4,4
2002,4,10,7,41,35
2002,4,10,8,158,104
2002,4,10,9,307,148
2002,4,10,10,446,175
2002,4,10,11,560,188
2002,4,10,12,667,163
2002,4,10,13,645,218
2002,4,10,14,503,296
2002,4,10,15,330,286
2002,4,10,16,368,244
2002,4,10,17,329,176
2002,4,10,18,167,130
2002,4,10,19,85,59
2002,4,10,20,7,7
2002,4,10,21,0,0
2002,4,10,22,0,0
2002,4,10,23,0,0
2002,4,10,24,0,0
2002,4,11,1,0,0
2002,4,11,2,0,0
2002,4,11,3,0,0
2002,4,11,4,0,0
2002,4,11,5,0,0
2002,4,11,6,2,2
2002,4,11,7,21,20
2002,4,11,8,101,93
2002,4,11,9,292,161
2002,4,11,10,458,170
2002,4,11,11,506,234
2002,4,11,12,400,310
2002,4,11,13,433,322
2002,4,11,14,570,265
2002,4,11,15,411,289
2002,4,11,16,361,248
2002,4,11,17,309,187
2002,4,11,18,228,117
2002,4,11,19,64,59
2002,4,11,20,7,7
2002,4,11,21,0,0
2002,4,11,22,0,0
2002,4,11,23,0,0
2002,4,11,24,0,0
2002,4,12,1,0,0
2002,4,12,2,0,0
2002,4,12,3,0,0
2002,4,12,4,0,0
2002,4,12,5,0,0
2002,4,12,6,4,4
2002,4,12,7,44,39
2002,4,12,8,160,110
2002,4,12,9,303,159
2002,4,12,10,445,185
2002,4,12,11,523,226
2002,4,12,12,519,285
2002,4,12,13,450,322
2002,4,12,14,575,265
2002,4,12,15,439,286
2002,4,12,16,394,241
2002,4,12,17,356,167
2002,4,12,18,228,120
2002,4,12,19,66,60
2002,4,12,20,19,19
2002,4,12,21,0,0
2002,4,12,22,0,0
2002,4,12,23,0,0
2002,4,12,24,0,0
2002,4,13,1,0,0
2002,4,13,2,0,0
2002,4,13,3,0,0
2002,4,13,4,0,0
2002,4,13,5,0,0
2002,4,13,6,6,6
2002,4,13,7,52,43
2002,4,13,8,132,113
2002,4,13,9,210,179
2002,4,13,10,210,195
2002,4,13,11,263,243
2002,4,13,12,354,309
2002,4,13,13,354,318
2002,4,13,14,395,319
2002,4,13,15,349,294
2002,4,13,16,231,214
2002,4,13,17,208,190
2002,4,13,18,123,114
2002,4,13,19,38,36
2002,4,13,20,5,5
2002,4,13,21,0,0
2002,4,13,22,0,0
2002,4,13,23,0,0
2002,4,13,24,0,0
2002,4,14,1,0,0
2002,4,14,2,0,0
2002,4,14,3,0,0
2002,4,14,4,0,0
2002,4,14,5,0,0
2002,4,14,6,0,0
2002,4,14,7,11,11
2002,4,14,8,56,54
2002,4,14,9,80,77
2002,4,14,10,152,144
2002,4,14,11,334,284
2002,4,14,12,437,314
2002,4,14,13,504,315
2002,4,14,14,405,321
2002,4,14,15,393,297
2002,4,14,16,233,216
2002,4,14,17,273,201
2002,4,14,18,129,119
2002,4,14,19,69,63
2002,4,14,20,7,7
2002,4,14,21,0,0
2002,4,14,22,0,0
2002,4,14,23,0,0
2002,4,14,24,0,0
2002,4,15,1,0,0
2002,4,15,2,0,0
2002,4,15,3,0,0
2002,4,15,4,0,0
2002,4,15,5,0,0
2002,4,15,6,6,6
2002,4,15,7,52,47
2002,4,15,8,132,116
2002,4,15,9,210,182
2002,4,15,10,210,195
2002,4,15,11,263,243
2002,4,15,12,354,312
2002,4,15,13,354,321
2002,4,15,14,395,322
2002,4,15,15,349,296
2002,4,15,16,231,214
2002,4,15,17,208,191
2002,4,15,18,123,114
2002,4,15,19,38,36
2002,4,15,20,5,5
2002,4,15,21,0,0
2002,4,15,22,0,0
2002,4,15,23,0,0
2002,4,15,24,0,0
2002,4,16,1,0,0
2002,4,16,2,0,0
2002,4,16,3,0,0
2002,4,16,4,0,0
2002,4,16,5,0,0
2002,4,16,6,6,6
2002,4,16,7,44,41
2002,4,16,8,80,76
2002,4,16,9,68,66
2002,4,16,10,97,94
2002,4,16,11,165,157
2002,4,16,12,214,202
2002,4,16,13,141,136
2002,4,16,14,122,118
2002,4,16,15,117,113
2002,4,16,16,148,141
2002,4,16,17,77,75
2002,4,16,18,39,38
2002,4,16,19,9,9
2002,4,16,20,0,0
2002,4,16,21,0,0
2002,4,16,22,0,0
2002,4,16,23,0,0
2002,4,16,24,0,0
2002,4,17,1,0,0
2002,4,17,2,0,0
2002,4,17,3,0,0
2002,4,17,4,0,0
2002,4,17,5,0,0
2002,4,17,6,1,1
2002,4,17,7,11,11
2002,4,17,8,45,44
2002,4,17,9,88,85
2002,4,17,10,139,133
2002,4,17,11,134,129
2002,4,17,12,97,95
2002,4,17,13,130,126
2002,4,17,14,263,246
2002,4,17,15,123,119
2002,4,17,16,171,162
2002,4,17,17,299,203
2002,4,17,18,189,142
2002,4,17,19,79,71
2002,4,17,20,12,12
2002,4,17,21,0,0
2002,4,17,22,0,0
2002,4,17,23,0,0
2002,4,17,24,0,0
2002,4,18,1,0,0
2002,4,18,2,0,0
2002,4,18,3,0,0
2002,4,18,4,0,0
2002,4,18,5,0,0
2002,4,18,6,7,7
2002,4,18,7,50,46
2002,4,18,8,108,100
2002,4,18,9,188,173
2002,4,18,10,191,179
2002,4,18,11,218,205
2002,4,18,12,228,215
2002,4,18,13,184,176
2002,4,18,14,250,234
2002,4,18,15,338,298
2002,4,18,16,292,258
2002,4,18,17,352,188
2002,4,18,18,216,140
2002,4,18,19,159,58
2002,4,18,20,19,19
2002,4,18,21,0,0
2002,4,18,22,0,0
2002,4,18,23,0,0
2002,4,18,24,0,0
2002,4,19,1,0,0
2002,4,19,2,0,0
2002,4,19,3,0,0
2002,4,19,4,0,0
2002,4,19,5,0,0
2002,4,19,6,9,9
2002,4,19,7,76,58
2002,4,19,8,218,114
2002,4,19,9,370,147
2002,4,19,10,479,191
2002,4,19,11,462,282
2002,4,19,12,222,210
2002,4,19,13,321,296
2002,4,19,14,559,296
2002,4,19,15,279,258
2002,4,19,16,411,252
2002,4,19,17,509,90
2002,4,19,18,285,107
2002,4,19,19,154,52
2002,4,19,20,16,15
2002,4,19,21,0,0
2002,4,19,22,0,0
2002,4,19,23,0,0
2002,4,19,24,0,0
2002,4,20,1,0,0
2002,4,20,2,0,0
2002,4,20,3,0,0
2002,4,20,4,0,0
2002,4,20,5,0,0
2002,4,20,6,6,6
2002,4,20,7,57,53
2002,4,20,8,208,122
2002,4,20,9,379,145
2002,4,20,10,450,215
2002,4,20,11,282,260
2002,4,20,12,265,247
2002,4,20,13,201,191
2002,4,20,14,214,203
2002,4,20,15,254,237
2002,4,20,16,322,265
2002,4,20,17,345,196
2002,4,20,18,230,141
2002,4,20,19,99,78
2002,4,20,20,19,18
2002,4,20,21,0,0
2002,4,20,22,0,0
2002,4,20,23,0,0
2002,4,20,24,0,0
2002,4,21,1,0,0
2002,4,21,2,0,0
2002,4,21,3,0,0
2002,4,21,4,0,0
2002,4,21,5,0,0
2002,4,21,6,15,15
2002,4,21,7,91,61
2002,4,21,8,184,131
2002,4,21,9,299,191
2002,4,21,10,530,156
2002,4,21,11,651,155
2002,4,21,12,619,256
2002,4,21,13,777,138
2002,4,21,14,754,138
2002,4,21,15,699,127
2002,4,21,16,583,137
2002,4,21,17,413,158
2002,4,21,18,191,149
2002,4,21,19,138,71
2002,4,21,20,16,14
2002,4,21,21,0,0
2002,4,21,22,0,0
2002,4,21,23,0,0
2002,4,21,24,0,0
2002,4,22,1,0,0
2002,4,22,2,0,0
2002,4,22,3,0,0
2002,4,22,4,0,0
2002,4,22,5,0,0
2002,4,22,6,6,6
2002,4,22,7,62,57
2002,4,22,8,219,124
2002,4,22,9,296,195
2002,4,22,10,303,255
2002,4,22,11,416,299
2002,4,22,12,640,243
2002,4,22,13,670,246
2002,4,22,14,717,184
2002,4,22,15,606,225
2002,4,22,16,370,267
2002,4,22,17,273,215
2002,4,22,18,112,105
2002,4,22,19,40,38
2002,4,22,20,2,2
2002,4,22,21,0,0
2002,4,22,22,0,0
2002,4,22,23,0,0
2002,4,22,24,0,0
2002,4,23,1,0,0
2002,4,23,2,0,0
2002,4,23,3,0,0
2002,4,23,4,0,0
2002,4,23,5,0,0
2002,4,23,6,7,7
2002,4,23,7,58,54
2002,4,23,8,172,136
2002,4,23,9,337,183
2002,4,23,10,440,231
2002,4,23,11,601,212
2002,4,23,12,614,266
2002,4,23,13,594,301
2002,4,23,14,675,228
2002,4,23,15,597,235
2002,4,23,16,443,250
2002,4,23,17,302,215
2002,4,23,18,236,146
2002,4,23,19,106,84
2002,4,23,20,21,20
2002,4,23,21,0,0
2002,4,23,22,0,0
2002,4,23,23,0,0
2002,4,23,24,0,0
2002,4,24,1,0,0
2002,4,24,2,0,0
2002,4,24,3,0,0
2002,4,24,4,0,0
2002,4,24,5,0,0
2002,4,24,6,7,7
2002,4,24,7,58,54
2002,4,24,8,148,134
2002,4,24,9,283,202
2002,4,24,10,416,244
2002,4,24,11,603,214
2002,4,24,12,631,257
2002,4,24,13,548,324
2002,4,24,14,469,335
2002,4,24,15,547,271
2002,4,24,16,528,200
2002,4,24,17,410,170
2002,4,24,18,206,154
2002,4,24,19,108,85
2002,4,24,20,19,16
2002,4,24,21,0,0
2002,4,24,22,0,0
2002,4,24,23,0,0
2002,4,24,24,0,0
2002,4,25,1,0,0
2002,4,25,2,0,0
2002,4,25,3,0,0
2002,4,25,4,0,0
2002,4,25,5,0,0
2002,4,25,6,8,8
2002,4,25,7,42,40
2002,4,25,8,93,88
2002,4,25,9,126,120
2002,4,25,10,122,117
2002,4,25,11,161,154
2002,4,25,12,356,325
2002,4,25,13,632,283
2002,4,25,14,598,291
2002,4,25,15,525,285
2002,4,25,16,536,197
2002,4,25,17,351,206
2002,4,25,18,132,123
2002,4,25,19,116,87
2002,4,25,20,46,43
2002,4,25,21,0,0
2002,4,25,22,0,0
2002,4,25,23,0,0
2002,4,25,24,0,0
2002,4,26,1,0,0
2002,4,26,2,0,0
2002,4,26,3,0,0
2002,4,26,4,0,0
2002,4,26,5,0,0
2002,4,26,6,4,4
2002,4,26,7,29,28
2002,4,26,8,75,72
2002,4,26,9,159,149
2002,4,26,10,277,253
2002,4,26,11,210,198
2002,4,26,12,91,89
2002,4,26,13,83,81
2002,4,26,14,143,138
2002,4,26,15,213,201
2002,4,26,16,116,112
2002,4,26,17,55,54
2002,4,26,18,31,30
2002,4,26,19,7,7
2002,4,26,20,0,0
2002,4,26,21,0,0
2002,4,26,22,0,0
2002,4,26,23,0,0
2002,4,26,24,0,0
2002,4,27,1,0,0
2002,4,27,2,0,0
2002,4,27,3,0,0
2002,4,27,4,0,0
2002,4,27,5,0,0
2002,4,27,6,16,16
2002,4,27,7,114,73
2002,4,27,8,224,138
2002,4,27,9,361,184
2002,4,27,10,385,261
2002,4,27,11,456,302
2002,4,27,12,468,335
2002,4,27,13,362,331
2002,4,27,14,295,274
2002,4,27,15,367,314
2002,4,27,16,335,275
2002,4,27,17,221,203
2002,4,27,18,155,143
2002,4,27,19,48,46
2002,4,27,20,7,7
2002,4,27,21,0,0
2002,4,27,22,0,0
2002,4,27,23,0,0
2002,4,27,24,0,0
2002,4,28,1,0,0
2002,4,28,2,0,0
2002,4,28,3,0,0
2002,4,28,4,0,0
2002,4,28,5,0,0
2002,4,28,6,2,2
2002,4,28,7,14,14
2002,4,28,8,31,30
2002,4,28,9,40,39
2002,4,28,10,76,74
2002,4,28,11,119,115
2002,4,28,12,252,237
2002,4,28,13,281,262
2002,4,28,14,230,217
2002,4,28,15,228,215
2002,4,28,16,166,158
2002,4,28,17,200,185
2002,4,28,18,175,157
2002,4,28,19,105,91
2002,4,28,20,28,23
2002,4,28,21,0,0
2002,4,28,22,0,0
2002,4,28,23,0,0
2002,4,28,24,0,0
2002,4,29,1,0,0
2002,4,29,2,0,0
2002,4,29,3,0,0
2002,4,29,4,0,0
2002,4,29,5,1,1
2002,4,29,6,24,23
2002,4,29,7,125,75
2002,4,29,8,268,123
2002,4,29,9,389,174
2002,4,29,10,176,167
2002,4,29,11,88,86
2002,4,29,12,237,223
2002,4,29,13,533,339
2002,4,29,14,482,341
2002,4,29,15,276,256
2002,4,29,16,122,118
2002,4,29,17,224,206
2002,4,29,18,152,140
2002,4,29,19,39,38
2002,4,29,20,46,38
2002,4,29,21,0,0
2002,4,29,22,0,0
2002,4,29,23,0,0
2002,4,29,24,0,0
2002,4,30,1,0,0
2002,4,30,2,0,0
2002,4,30,3,0,0
2002,4,30,4,0,0
2002,4,30,5,0,0
2002,4,30,6,5,5
2002,4,30,7,47,45
2002,4,30,8,132,122
2002,4,30,9,150,141
2002,4,30,10,200,188
2002,4,30,11,174,166
2002,4,30,12,121,117
2002,4,30,13,88,86
2002,4,30,14,101,99
2002,4,30,15,149,143
2002,4,30,16,204,192
2002,4,30,17,148,140
2002,4,30,18,56,54
2002,4,30,19,54,51
2002,4,30,20,14,13
2002,4,30,21,0,0
2002,4,30,22,0,0
2002,4,30,23,0,0
2002,4,30,24,0,0
1986,5,1,1,0,0
1986,5,1,2,0,0
1986,5,1,3,0,0
1986,5,1,4,0,0
1986,5,1,5,0,0
1986,5,1,6,11,10
1986,5,1,7,103,83
1986,5,1,8,267,131
1986,5,1,9,428,152
1986,5,1,10,583,149
1986,5,1,11,697,150
1986,5,1,12,786,139
1986,5,1,13,828,147
1986,5,1,14,800,142
1986,5,1,15,714,151
1986,5,1,16,606,152
1986,5,1,17,475,140
1986,5,1,18,292,142
1986,5,1,19,142,95
1986,5,1,20,31,28
1986,5,1,21,3,3
1986,5,1,22,0,0
1986,5,1,23,0,0
1986,5,1,24,0,0
1986,5,2,1,0,0
1986,5,2,2,0,0
1986,5,2,3,0,0
1986,5,2,4,0,0
1986,5,2,5,0,0
1986,5,2,6,8,8
1986,5,2,7,89,81
1986,5,2,8,217,152
1986,5,2,9,372,194
1986,5,2,10,519,210
1986,5,2,11,636,215
1986,5,2,12,719,209
1986,5,2,13,753,204
1986,5,2,14,739,198
1986,5,2,15,658,212
1986,5,2,16,544,212
1986,5,2,17,406,196
1986,5,2,18,258,159
1986,5,2,19,122,99
1986,5,2,20,42,35
1986,5,2,21,3,3
1986,5,2,22,0,0
1986,5,2,23,0,0
1986,5,2,24,0,0
1986,5,3,1,0,0
1986,5,3,2,0,0
1986,5,3,3,0,0
1986,5,3,4,0,0
1986,5,3,5,0,0
1986,5,3,6,8,8
1986,5,3,7,97,85
1986,5,3,8,231,151
1986,5,3,9,383,190
1986,5,3,10,542,195
1986,5,3,11,650,206
1986,5,3,12,725,206
1986,5,3,13,733,227
1986,5,3,14,747,194
1986,5,3,15,547,292
1986,5,3,16,192,181
1986,5,3,17,33,33
1986,5,3,18,56,54
1986,5,3,19,19,19
1986,5,3,20,6,6
1986,5,3,21,0,0
1986,5,3,22,0,0
1986,5,3,23,0,0
1986,5,3,24,0,0
1986,5,4,1,0,0
1986,5,4,2,0,0
1986,5,4,3,0,0
1986,5,4,4,0,0
1986,5,4,5,0,0
1986,5,4,6,0,0
1986,5,4,7,19,19
1986,5,4,8,169,153
1986,5,4,9,322,216
1986,5,4,10,419,267
1986,5,4,11,586,260
1986,5,4,12,806,143
1986,5,4,13,811,147
1986,5,4,14,828,147
1986,5,4,15,600,264
1986,5,4,16,547,216
1986,5,4,17,414,197
1986,5,4,18,289,151
1986,5,4,19,111,100
1986,5,4,20,31,29
1986,5,4,21,0,0
1986,5,4,22,0,0
1986,5,4,23,0,0
1986,5,4,24,0,0
1986,5,5,1,0,0
1986,5,5,2,0,0
1986,5,5,3,0,0
1986,5,5,4,0,0
1986,5,5,5,0,0
1986,5,5,6,8,8
1986,5,5,7,78,72
1986,5,5,8,122,114
1986,5,5,9,211,195
1986,5,5,10,242,225
1986,5,5,11,456,316
1986,5,5,12,628,291
1986,5,5,13,764,202
1986,5,5,14,503,346
1986,5,5,15,422,327
1986,5,5,16,356,286
1986,5,5,17,175,164
1986,5,5,18,147,137
1986,5,5,19,86,80
1986,5,5,20,33,30
1986,5,5,21,0,0
1986,5,5,22,0,0
1986,5,5,23,0,0
1986,5,5,24,0,0
1986,5,6,1,0,0
1986,5,6,2,0,0
1986,5,6,3,0,0
1986,5,6,4,0,0
1986,5,6,5,0,0
1986,5,6,6,0,0
1986,5,6,7,19,19
1986,5,6,8,72,69
1986,5,6,9,214,197
1986,5,6,10,161,153
1986,5,6,11,78,76
1986,5,6,12,119,116
1986,5,6,13,117,114
1986,5,6,14,519,345
1986,5,6,15,700,184
1986,5,6,16,439,277
1986,5,6,17,178,167
1986,5,6,18,197,170
1986,5,6,19,136,105
1986,5,6,20,6,6
1986,5,6,21,0,0
1986,5,6,22,0,0
1986,5,6,23,0,0
1986,5,6,24,0,0
1986,5,7,1,0,0
1986,5,7,2,0,0
1986,5,7,3,0,0
1986,5,7,4,0,0
1986,5,7,5,0,0
1986,5,7,6,8,8
1986,5,7,7,108,93
1986,5,7,8,214,161
1986,5,7,9,322,222
1986,5,7,10,597,158
1986,5,7,11,678,192
1986,5,7,12,775,167
1986,5,7,13,789,182
1986,5,7,14,544,339
1986,5,7,15,425,329
1986,5,7,16,325,284
1986,5,7,17,447,183
1986,5,7,18,311,147
1986,5,7,19,50,48
1986,5,7,20,28,26
1986,5,7,21,3,3
1986,5,7,22,0,0
1986,5,7,23,0,0
1986,5,7,24,0,0
1986,5,8,1,0,0
1986,5,8,2,0,0
1986,5,8,3,0,0
1986,5,8,4,0,0
1986,5,8,5,0,0
1986,5,8,6,17,16
1986,5,8,7,131,95
1986,5,8,8,292,138
1986,5,8,9,397,196
1986,5,8,10,322,278
1986,5,8,11,256,239
1986,5,8,12,383,343
1986,5,8,13,589,336
1986,5,8,14,261,245
1986,5,8,15,378,326
1986,5,8,16,350,289
1986,5,8,17,283,236
1986,5,8,18,217,175
1986,5,8,19,119,106
1986,5,8,20,33,31
1986,5,8,21,3,3
1986,5,8,22,0,0
1986,5,8,23,0,0
1986,5,8,24,0,0
1986,5,9,1,0,0
1986,5,9,2,0,0
1986,5,9,3,0,0
1986,5,9,4,0,0
1986,5,9,5,0,0
1986,5,9,6,11,11
1986,5,9,7,81,75
1986,5,9,8,122,115
1986,5,9,9,222,204
1986,5,9,10,303,275
1986,5,9,11,281,261
1986,5,9,12,517,345
1986,5,9,13,603,331
1986,5,9,14,169,162
1986,5,9,15,89,87
1986,5,9,16,156,149
1986,5,9,17,119,114
1986,5,9,18,22,22
1986,5,9,19,17,17
1986,5,9,20,6,6
1986,5,9,21,3,3
1986,5,9,22,0,0
1986,5,9,23,0,0
1986,5,9,24,0,0
1986,5,10,1,0,0
1986,5,10,2,0,0
1986,5,10,3,0,0
1986,5,10,4,0,0
1986,5,10,5,0,0
1986,5,10,6,0,0
1986,5,10,7,6,6
1986,5,10,8,19,19
1986,5,10,9,42,41
1986,5,10,10,117,113
1986,5,10,11,125,121
1986,5,10,12,289,270
1986,5,10,13,194,186
1986,5,10,14,186,178
1986,5,10,15,117,114
1986,5,10,16,69,68
1986,5,10,17,56,55
1986,5,10,18,31,31
1986,5,10,19,67,64
1986,5,10,20,22,21
1986,5,10,21,0,0
1986,5,10,22,0,0
1986,5,10,23,0,0
1986,5,10,24,0,0
1986,5,11,1,0,0
1986,5,11,2,0,0
1986,5,11,3,0,0
1986,5,11,4,0,0
1986,5,11,5,0,0
1986,5,11,6,17,16
1986,5,11,7,75,70
1986,5,11,8,78,75
1986,5,11,9,175,164
1986,5,11,10,125,120
1986,5,11,11,458,324
1986,5,11,12,422,352
1986,5,11,13,367,337
1986,5,11,14,344,317
1986,5,11,15,469,330
1986,5,11,16,308,281
1986,5,11,17,272,237
1986,5,11,18,186,170
1986,5,11,19,106,98
1986,5,11,20,53,45
1986,5,11,21,3,3
1986,5,11,22,0,0
1986,5,11,23,0,0
1986,5,11,24,0,0
1986,5,12,1,0,0
1986,5,12,2,0,0
1986,5,12,3,0,0
1986,5,12,4,0,0
1986,5,12,5,0,0
1986,5,12,6,8,8
1986,5,12,7,78,73
1986,5,12,8,111,105
1986,5,12,9,131,125
1986,5,12,10,189,179
1986,5,12,11,631,247
1986,5,12,12,703,251
1986,5,12,13,717,264
1986,5,12,14,756,211
1986,5,12,15,719,182
1986,5,12,16,603,190
1986,5,12,17,492,160
1986,5,12,18,344,138
1986,5,12,19,128,112
1986,5,12,20,22,21
1986,5,12,21,0,0
1986,5,12,22,0,0
1986,5,12,23,0,0
1986,5,12,24,0,0
1986,5,13,1,0,0
1986,5,13,2,0,0
1986,5,13,3,0,0
1986,5,13,4,0,0
1986,5,13,5,0,0
1986,5,13,6,6,6
1986,5,13,7,28,27
1986,5,13,8,42,41
1986,5,13,9,58,57
1986,5,13,10,133,128
1986,5,13,11,297,275
1986,5,13,12,797,160
1986,5,13,13,828,156
1986,5,13,14,736,232
1986,5,13,15,706,198
1986,5,13,16,547,238
1986,5,13,17,414,217
1986,5,13,18,325,154
1986,5,13,19,192,105
1986,5,13,20,81,54
1986,5,13,21,11,11
1986,5,13,22,0,0
1986,5,13,23,0,0
1986,5,13,24,0,0
1986,5,14,1,0,0
1986,5,14,2,0,0
1986,5,14,3,0,0
1986,5,14,4,0,0
1986,5,14,5,0,0
1986,5,14,6,3,3
1986,5,14,7,31,30
1986,5,14,8,53,52
1986,5,14,9,208,193
1986,5,14,10,467,268
1986,5,14,11,567,292
1986,5,14,12,561,339
1986,5,14,13,408,361
1986,5,14,14,519,355
1986,5,14,15,311,287
1986,5,14,16,500,268
1986,5,14,17,294,243
1986,5,14,18,314,162
1986,5,14,19,169,115
1986,5,14,20,61,50
1986,5,14,21,6,6
1986,5,14,22,0,0
1986,5,14,23,0,0
1986,5,14,24,0,0
1986,5,15,1,0,0
1986,5,15,2,0,0
1986,5,15,3,0,0
1986,5,15,4,0,0
1986,5,15,5,0,0
1986,5,15,6,3,3
1986,5,15,7,17,17
1986,5,15,8,61,59
1986,5,15,9,119,114
1986,5,15,10,158,151
1986,5,15,11,78,76
1986,5,15,12,114,111
1986,5,15,13,178,171
1986,5,15,14,653,301
1986,5,15,15,594,290
1986,5,15,16,533,251
1986,5,15,17,331,245
1986,5,15,18,292,174
1986,5,15,19,75,71
1986,5,15,20,72,51
1986,5,15,21,6,6
1986,5,15,22,0,0
1986,5,15,23,0,0
1986,5,15,24,0,0
1986,5,16,1,0,0
1986,5,16,2,0,0
1986,5,16,3,0,0
1986,5,16,4,0,0
1986,5,16,5,0,0
1986,5,16,6,36,33
1986,5,16,7,156,105
1986,5,16,8,306,149
1986,5,16,9,500,136
1986,5,16,10,456,275
1986,5,16,11,533,311
1986,5,16,12,669,286
1986,5,16,13,553,359
1986,5,16,14,628,318
1986,5,16,15,600,289
1986,5,16,16,311,284
1986,5,16,17,347,244
1986,5,16,18,381,119
1986,5,16,19,225,94
1986,5,16,20,72,53
1986,5,16,21,3,3
1986,5,16,22,0,0
1986,5,16,23,0,0
1986,5,16,24,0,0
1986,5,17,1,0,0
1986,5,17,2,0,0
1986,5,17,3,0,0
1986,5,17,4,0,0
1986,5,17,5,0,0
1986,5,17,6,39,36
1986,5,17,7,156,106
1986,5,17,8,314,146
1986,5,17,9,469,167
1986,5,17,10,592,191
1986,5,17,11,639,251
1986,5,17,12,644,304
1986,5,17,13,589,349
1986,5,17,14,569,345
1986,5,17,15,417,338
1986,5,17,16,311,285
1986,5,17,17,208,194
1986,5,17,18,136,128
1986,5,17,19,53,51
1986,5,17,20,22,21
1986,5,17,21,3,3
1986,5,17,22,0,0
1986,5,17,23,0,0
1986,5,17,24,0,0
1986,5,18,1,0,0
1986,5,18,2,0,0
1986,5,18,3,0,0
1986,5,18,4,0,0
1986,5,18,5,0,0
1986,5,18,6,25,24
1986,5,18,7,47,45
1986,5,18,8,53,52
1986,5,18,9,86,83
1986,5,18,10,253,235
1986,5,18,11,706,193
1986,5,18,12,850,150
1986,5,18,13,881,156
1986,5,18,14,861,152
1986,5,18,15,769,143
1986,5,18,16,664,145
1986,5,18,17,544,126
1986,5,18,18,381,125
1986,5,18,19,219,103
1986,5,18,20,75,56
1986,5,18,21,6,6
1986,5,18,22,0,0
1986,5,18,23,0,0
1986,5,18,24,0,0
1986,5,19,1,0,0
1986,5,19,2,0,0
1986,5,19,3,0,0
1986,5,19,4,0,0
1986,5,19,5,0,0
1986,5,19,6,36,34
1986,5,19,7,169,106
1986,5,19,8,328,142
1986,5,19,9,489,154
1986,5,19,10,642,145
1986,5,19,11,692,209
1986,5,19,12,825,146
1986,5,19,13,731,267
1986,5,19,14,794,188
1986,5,19,15,711,208
1986,5,19,16,647,166
1986,5,19,17,522,152
1986,5,19,18,358,146
1986,5,19,19,200,115
1986,5,19,20,72,57
1986,5,19,21,6,6
1986,5,19,22,0,0
1986,5,19,23,0,0
1986,5,19,24,0,0
1986,5,20,1,0,0
1986,5,20,2,0,0
1986,5,20,3,0,0
1986,5,20,4,0,0
1986,5,20,5,0,0
1986,5,20,6,56,46
1986,5,20,7,156,111
1986,5,20,8,314,153
1986,5,20,9,467,175
1986,5,20,10,578,210
1986,5,20,11,706,197
1986,5,20,12,764,212
1986,5,20,13,653,323
1986,5,20,14,783,202
1986,5,20,15,697,223
1986,5,20,16,592,219
1986,5,20,17,392,239
1986,5,20,18,261,189
1986,5,20,19,156,124
1986,5,20,20,64,57
1986,5,20,21,8,8
1986,5,20,22,0,0
1986,5,20,23,0,0
1986,5,20,24,0,0
1986,5,21,1,0,0
1986,5,21,2,0,0
1986,5,21,3,0,0
1986,5,21,4,0,0
1986,5,21,5,0,0
1986,5,21,6,19,18
1986,5,21,7,64,61
1986,5,21,8,128,120
1986,5,21,9,442,196
1986,5,21,10,647,145
1986,5,21,11,725,180
1986,5,21,12,722,253
1986,5,21,13,828,175
1986,5,21,14,769,218
1986,5,21,15,661,255
1986,5,21,16,639,179
1986,5,21,17,325,252
1986,5,21,18,69,67
1986,5,21,19,14,14
1986,5,21,20,17,17
1986,5,21,21,6,6
1986,5,21,22,0,0
1986,5,21,23,0,0
1986,5,21,24,0,0
1986,5,22,1,0,0
1986,5,22,2,0,0
1986,5,22,3,0,0
1986,5,22,4,0,0
1986,5,22,5,0,0
1986,5,22,6,19,18
1986,5,22,7,131,113
1986,5,22,8,308,159
1986,5,22,9,472,175
1986,5,22,10,597,197
1986,5,22,11,531,319
1986,5,22,12,586,340
1986,5,22,13,603,349
1986,5,22,14,717,267
1986,5,22,15,675,246
1986,5,22,16,536,262
1986,5,22,17,514,167
1986,5,22,18,344,163
1986,5,22,19,197,121
1986,5,22,20,75,61
1986,5,22,21,8,8
1986,5,22,22,0,0
1986,5,22,23,0,0
1986,5,22,24,0,0
1986,5,23,1,0,0
1986,5,23,2,0,0
1986,5,23,3,0,0
1986,5,23,4,0,0
1986,5,23,5,0,0
1986,5,23,6,0,0
1986,5,23,7,78,74
1986,5,23,8,192,175
1986,5,23,9,247,226
1986,5,23,10,158,151
1986,5,23,11,211,200
1986,5,23,12,197,188
1986,5,23,13,89,87
1986,5,23,14,189,181
1986,5,23,15,192,183
1986,5,23,16,200,189
1986,5,23,17,119,114
1986,5,23,18,178,165
1986,5,23,19,139,125
1986,5,23,20,31,30
1986,5,23,21,3,3
1986,5,23,22,0,0
1986,5,23,23,0,0
1986,5,23,24,0,0
1986,5,24,1,0,0
1986,5,24,2,0,0
1986,5,24,3,0,0
1986,5,24,4,0,0
1986,5,24,5,0,0
1986,5,24,6,8,8
1986,5,24,7,61,58
1986,5,24,8,97,93
1986,5,24,9,111,107
1986,5,24,10,267,247
1986,5,24,11,708,203
1986,5,24,12,708,269
1986,5,24,13,589,356
1986,5,24,14,497,367
1986,5,24,15,467,343
1986,5,24,16,642,183
1986,5,24,17,464,210
1986,5,24,18,425,98
1986,5,24,19,236,106
1986,5,24,20,83,64
1986,5,24,21,11,11
1986,5,24,22,0,0
1986,5,24,23,0,0
1986,5,24,24,0,0
1986,5,25,1,0,0
1986,5,25,2,0,0
1986,5,25,3,0,0
1986,5,25,4,0,0
1986,5,25,5,0,0
1986,5,25,6,53,49
1986,5,25,7,178,113
1986,5,25,8,328,153
1986,5,25,9,506,151
1986,5,25,10,633,168
1986,5,25,11,761,148
1986,5,25,12,747,237
1986,5,25,13,806,207
1986,5,25,14,839,149
1986,5,25,15,761,168
1986,5,25,16,672,153
1986,5,25,17,525,163
1986,5,25,18,378,145
1986,5,25,19,217,119
1986,5,25,20,89,64
1986,5,25,21,11,11
1986,5,25,22,0,0
1986,5,25,23,0,0
1986,5,25,24,0,0
1986,5,26,1,0,0
1986,5,26,2,0,0
1986,5,26,3,0,0
1986,5,26,4,0,0
1986,5,26,5,0,0
1986,5,26,6,53,49
1986,5,26,7,169,116
1986,5,26,8,331,152
1986,5,26,9,494,164
1986,5,26,10,642,160
1986,5,26,11,753,159
1986,5,26,12,822,160
1986,5,26,13,847,163
1986,5,26,14,842,149
1986,5,26,15,772,158
1986,5,26,16,669,159
1986,5,26,17,528,163
1986,5,26,18,383,143
1986,5,26,19,219,120
1986,5,26,20,106,62
1986,5,26,21,11,11
1986,5,26,22,0,0
1986,5,26,23,0,0
1986,5,26,24,0,0
1986,5,27,1,0,0
1986,5,27,2,0,0
1986,5,27,3,0,0
1986,5,27,4,0,0
1986,5,27,5,0,0
1986,5,27,6,14,14
1986,5,27,7,47,45
1986,5,27,8,61,59
1986,5,27,9,97,94
1986,5,27,10,169,161
1986,5,27,11,336,309
1986,5,27,12,403,359
1986,5,27,13,261,246
1986,5,27,14,350,323
1986,5,27,15,403,343
1986,5,27,16,314,288
1986,5,27,17,475,208
1986,5,27,18,197,181
1986,5,27,19,139,127
1986,5,27,20,61,56
1986,5,27,21,11,11
1986,5,27,22,0,0
1986,5,27,23,0,0
1986,5,27,24,0,0
1986,5,28,1,0,0
1986,5,28,2,0,0
1986,5,28,3,0,0
1986,5,28,4,0,0
1986,5,28,5,0,0
1986,5,28,6,56,51
1986,5,28,7,189,113
1986,5,28,8,350,142
1986,5,28,9,408,224
1986,5,28,10,639,166
1986,5,28,11,617,282
1986,5,28,12,567,352
1986,5,28,13,481,377
1986,5,28,14,300,280
1986,5,28,15,261,245
1986,5,28,16,211,199
1986,5,28,17,244,225
1986,5,28,18,339,176
1986,5,28,19,136,125
1986,5,28,20,125,56
1986,5,28,21,17,17
1986,5,28,22,0,0
1986,5,28,23,0,0
1986,5,28,24,0,0
1986,5,29,1,0,0
1986,5,29,2,0,0
1986,5,29,3,0,0
1986,5,29,4,0,0
1986,5,29,5,0,0
1986,5,29,6,28,27
1986,5,29,7,92,86
1986,5,29,8,247,185
1986,5,29,9,450,202
1986,5,29,10,639,168
1986,5,29,11,306,283
1986,5,29,12,219,208
1986,5,29,13,211,201
1986,5,29,14,461,371
1986,5,29,15,442,348
1986,5,29,16,639,195
1986,5,29,17,550,148
1986,5,29,18,369,160
1986,5,29,19,242,113
1986,5,29,20,92,69
1986,5,29,21,17,17
1986,5,29,22,0,0
1986,5,29,23,0,0
1986,5,29,24,0,0
1986,5,30,1,0,0
1986,5,30,2,0,0
1986,5,30,3,0,0
1986,5,30,4,0,0
1986,5,30,5,0,0
1986,5,30,6,69,56
1986,5,30,7,208,106
1986,5,30,8,281,180
1986,5,30,9,428,216
1986,5,30,10,319,291
1986,5,30,11,364,331
1986,5,30,12,514,365
1986,5,30,13,522,376
1986,5,30,14,814,187
1986,5,30,15,542,333
1986,5,30,16,656,180
1986,5,30,17,611,108
1986,5,30,18,361,167
1986,5,30,19,303,61
1986,5,30,20,144,61
1986,5,30,21,17,16
1986,5,30,22,0,0
1986,5,30,23,0,0
1986,5,30,24,0,0
1986,5,31,1,0,0
1986,5,31,2,0,0
1986,5,31,3,0,0
1986,5,31,4,0,0
1986,5,31,5,0,0
1986,5,31,6,64,56
1986,5,31,7,194,114
1986,5,31,8,342,152
1986,5,31,9,514,153
1986,5,31,10,644,165
1986,5,31,11,697,223
1986,5,31,12,586,347
1986,5,31,13,600,358
1986,5,31,14,681,305
1986,5,31,15,408,346
1986,5,31,16,181,172
1986,5,31,17,172,163
1986,5,31,18,133,126
1986,5,31,19,156,135
1986,5,31,20,44,42
1986,5,31,21,8,7
1986,5,31,22,0,0
1986,5,31,23,0,0
1986,5,31,24,0,0
2000,6,1,1,0,0
2000,6,1,2,0,0
2000,6,1,3,0,0
2000,6,1,4,0,0
2000,6,1,5,4,4
2000,6,1,6,33,31
2000,6,1,7,81,77
2000,6,1,8,138,130
2000,6,1,9,194,182
2000,6,1,10,186,177
2000,6,1,11,347,318
2000,6,1,12,268,252
2000,6,1,13,305,285
2000,6,1,14,388,355
2000,6,1,15,383,342
2000,6,1,16,281,260
2000,6,1,17,114,110
2000,6,1,18,100,96
2000,6,1,19,148,134
2000,6,1,20,84,72
2000,6,1,21,14,14
2000,6,1,22,0,0
2000,6,1,23,0,0
2000,6,1,24,0,0
2000,6,2,1,0,0
2000,6,2,2,0,0
2000,6,2,3,0,0
2000,6,2,4,0,0
2000,6,2,5,9,9
2000,6,2,6,64,57
2000,6,2,7,150,122
2000,6,2,8,313,170
2000,6,2,9,449,207
2000,6,2,10,529,260
2000,6,2,11,555,319
2000,6,2,12,613,337
2000,6,2,13,802,222
2000,6,2,14,852,151
2000,6,2,15,770,172
2000,6,2,16,691,149
2000,6,2,17,540,165
2000,6,2,18,391,151
2000,6,2,19,215,132
2000,6,2,20,37,35
2000,6,2,21,12,11
2000,6,2,22,0,0
2000,6,2,23,0,0
2000,6,2,24,0,0
2000,6,3,1,0,0
2000,6,3,2,0,0
2000,6,3,3,0,0
2000,6,3,4,0,0
2000,6,3,5,13,13
2000,6,3,6,81,58
2000,6,3,7,189,118
2000,6,3,8,252,187
2000,6,3,9,414,226
2000,6,3,10,452,293
2000,6,3,11,662,255
2000,6,3,12,752,243
2000,6,3,13,767,256
2000,6,3,14,761,245
2000,6,3,15,594,315
2000,6,3,16,231,217
2000,6,3,17,153,146
2000,6,3,18,44,43
2000,6,3,19,105,98
2000,6,3,20,14,14
2000,6,3,21,0,0
2000,6,3,22,0,0
2000,6,3,23,0,0
2000,6,3,24,0,0
2000,6,4,1,0,0
2000,6,4,2,0,0
2000,6,4,3,0,0
2000,6,4,4,0,0
2000,6,4,5,0,0
2000,6,4,6,1,1
2000,6,4,7,13,13
2000,6,4,8,54,53
2000,6,4,9,154,146
2000,6,4,10,344,298
2000,6,4,11,637,274
2000,6,4,12,640,325
2000,6,4,13,553,374
2000,6,4,14,761,246
2000,6,4,15,655,279
2000,6,4,16,536,279
2000,6,4,17,501,202
2000,6,4,18,370,169
2000,6,4,19,228,130
2000,6,4,20,102,75
2000,6,4,21,12,11
2000,6,4,22,0,0
2000,6,4,23,0,0
2000,6,4,24,0,0
2000,6,5,1,0,0
2000,6,5,2,0,0
2000,6,5,3,0,0
2000,6,5,4,1,1
2000,6,5,5,19,19
2000,6,5,6,101,54
2000,6,5,7,179,122
2000,6,5,8,274,185
2000,6,5,9,276,244
2000,6,5,10,161,154
2000,6,5,11,120,117
2000,6,5,12,122,119
2000,6,5,13,116,113
2000,6,5,14,89,87
2000,6,5,15,108,105
2000,6,5,16,113,110
2000,6,5,17,75,73
2000,6,5,18,56,55
2000,6,5,19,31,30
2000,6,5,20,14,14
2000,6,5,21,2,2
2000,6,5,22,0,0
2000,6,5,23,0,0
2000,6,5,24,0,0
2000,6,6,1,0,0
2000,6,6,2,0,0
2000,6,6,3,0,0
2000,6,6,4,0,0
2000,6,6,5,0,0
2000,6,6,6,2,2
2000,6,6,7,17,17
2000,6,6,8,45,44
2000,6,6,9,52,51
2000,6,6,10,85,83
2000,6,6,11,205,195
2000,6,6,12,213,203
2000,6,6,13,310,289
2000,6,6,14,502,374
2000,6,6,15,637,293
2000,6,6,16,475,304
2000,6,6,17,380,260
2000,6,6,18,149,140
2000,6,6,19,62,60
2000,6,6,20,66,61
2000,6,6,21,5,5
2000,6,6,22,0,0
2000,6,6,23,0,0
2000,6,6,24,0,0
2000,6,7,1,0,0
2000,6,7,2,0,0
2000,6,7,3,0,0
2000,6,7,4,0,0
2000,6,7,5,9,9
2000,6,7,6,52,48
2000,6,7,7,44,43
2000,6,7,8,94,90
2000,6,7,9,173,163
2000,6,7,10,225,211
2000,6,7,11,244,230
2000,6,7,12,267,251
2000,6,7,13,570,371
2000,6,7,14,763,247
2000,6,7,15,694,252
2000,6,7,16,434,313
2000,6,7,17,421,250
2000,6,7,18,461,92
2000,6,7,19,316,66
2000,6,7,20,138,66
2000,6,7,21,30,29
2000,6,7,22,0,0
2000,6,7,23,0,0
2000,6,7,24,0,0
2000,6,8,1,0,0
2000,6,8,2,0,0
2000,6,8,3,0,0
2000,6,8,4,0,0
2000,6,8,5,14,14
2000,6,8,6,94,59
2000,6,8,7,224,105
2000,6,8,8,350,153
2000,6,8,9,540,133
2000,6,8,10,675,138
2000,6,8,11,781,141
2000,6,8,12,846,150
2000,6,8,13,883,156
2000,6,8,14,872,154
2000,6,8,15,814,144
2000,6,8,16,709,138
2000,6,8,17,577,138
2000,6,8,18,425,132
2000,6,8,19,271,110
2000,6,8,20,123,75
2000,6,8,21,25,22
2000,6,8,22,0,0
2000,6,8,23,0,0
2000,6,8,24,0,0
2000,6,9,1,0,0
2000,6,9,2,0,0
2000,6,9,3,0,0
2000,6,9,4,0,0
2000,6,9,5,13,13
2000,6,9,6,87,61
2000,6,9,7,213,112
2000,6,9,8,354,150
2000,6,9,9,493,178
2000,6,9,10,626,190
2000,6,9,11,724,204
2000,6,9,12,781,219
2000,6,9,13,825,204
2000,6,9,14,802,211
2000,6,9,15,690,257
2000,6,9,16,619,228
2000,6,9,17,549,168
2000,6,9,18,403,152
2000,6,9,19,235,133
2000,6,9,20,67,62
2000,6,9,21,12,11
2000,6,9,22,0,0
2000,6,9,23,0,0
2000,6,9,24,0,0
2000,6,10,1,0,0
2000,6,10,2,0,0
2000,6,10,3,0,0
2000,6,10,4,0,0
2000,6,10,5,8,8
2000,6,10,6,64,59
2000,6,10,7,141,123
2000,6,10,8,190,174
2000,6,10,9,262,239
2000,6,10,10,359,301
2000,6,10,11,552,323
2000,6,10,12,609,342
2000,6,10,13,640,346
2000,6,10,14,709,293
2000,6,10,15,683,264
2000,6,10,16,651,201
2000,6,10,17,474,227
2000,6,10,18,376,173
2000,6,10,19,230,136
2000,6,10,20,89,78
2000,6,10,21,30,29
2000,6,10,22,0,0
2000,6,10,23,0,0
2000,6,10,24,0,0
2000,6,11,1,0,0
2000,6,11,2,0,0
2000,6,11,3,0,0
2000,6,11,4,0,0
2000,6,11,5,13,13
2000,6,11,6,86,61
2000,6,11,7,222,108
2000,6,11,8,386,125
2000,6,11,9,545,129
2000,6,11,10,655,162
2000,6,11,11,600,300
2000,6,11,12,458,371
2000,6,11,13,599,364
2000,6,11,14,392,358
2000,6,11,15,287,268
2000,6,11,16,247,231
2000,6,11,17,250,231
2000,6,11,18,247,207
2000,6,11,19,102,96
2000,6,11,20,63,59
2000,6,11,21,28,25
2000,6,11,22,0,0
2000,6,11,23,0,0
2000,6,11,24,0,0
2000,6,12,1,0,0
2000,6,12,2,0,0
2000,6,12,3,0,0
2000,6,12,4,0,0
2000,6,12,5,7,7
2000,6,12,6,37,35
2000,6,12,7,79,75
2000,6,12,8,170,158
2000,6,12,9,310,250
2000,6,12,10,286,264
2000,6,12,11,276,258
2000,6,12,12,345,319
2000,6,12,13,276,260
2000,6,12,14,431,372
2000,6,12,15,556,337
2000,6,12,16,592,252
2000,6,12,17,485,222
2000,6,12,18,399,159
2000,6,12,19,258,124
2000,6,12,20,117,80
2000,6,12,21,30,28
2000,6,12,22,0,0
2000,6,12,23,0,0
2000,6,12,24,0,0
2000,6,13,1,0,0
2000,6,13,2,0,0
2000,6,13,3,0,0
2000,6,13,4,0,0
2000,6,13,5,2,2
2000,6,13,6,18,18
2000,6,13,7,61,59
2000,6,13,8,119,113
2000,6,13,9,136,130
2000,6,13,10,186,177
2000,6,13,11,310,287
2000,6,13,12,375,344
2000,6,13,13,308,288
2000,6,13,14,244,231
2000,6,13,15,294,274
2000,6,13,16,398,317
2000,6,13,17,372,266
2000,6,13,18,290,208
2000,6,13,19,202,145
2000,6,13,20,65,61
2000,6,13,21,12,11
2000,6,13,22,2,2
2000,6,13,23,0,0
2000,6,13,24,0,0
2000,6,14,1,0,0
2000,6,14,2,0,0
2000,6,14,3,0,0
2000,6,14,4,0,0
2000,6,14,5,0,0
2000,6,14,6,5,5
2000,6,14,7,48,46
2000,6,14,8,195,179
2000,6,14,9,430,222
2000,6,14,10,400,303
2000,6,14,11,411,343
2000,6,14,12,441,369
2000,6,14,13,239,227
2000,6,14,14,212,202
2000,6,14,15,231,219
2000,6,14,16,313,288
2000,6,14,17,271,249
2000,6,14,18,200,184
2000,6,14,19,83,79
2000,6,14,20,33,32
2000,6,14,21,5,5
2000,6,14,22,0,0
2000,6,14,23,0,0
2000,6,14,24,0,0
2000,6,15,1,0,0
2000,6,15,2,0,0
2000,6,15,3,0,0
2000,6,15,4,0,0
2000,6,15,5,4,4
2000,6,15,6,37,35
2000,6,15,7,107,100
2000,6,15,8,195,179
2000,6,15,9,334,250
2000,6,15,10,407,302
2000,6,15,11,488,341
2000,6,15,12,482,371
2000,6,15,13,459,381
2000,6,15,14,627,344
2000,6,15,15,588,325
2000,6,15,16,723,129
2000,6,15,17,553,171
2000,6,15,18,295,208
2000,6,15,19,236,138
2000,6,15,20,108,83
2000,6,15,21,21,19
2000,6,15,22,0,0
2000,6,15,23,0,0
2000,6,15,24,0,0
2000,6,16,1,0,0
2000,6,16,2,0,0
2000,6,16,3,0,0
2000,6,16,4,0,0
2000,6,16,5,13,13
2000,6,16,6,78,62
2000,6,16,7,193,121
2000,6,16,8,381,130
2000,6,16,9,527,148
2000,6,16,10,548,253
2000,6,16,11,547,325
2000,6,16,12,658,318
2000,6,16,13,692,319
2000,6,16,14,810,207
2000,6,16,15,808,144
2000,6,16,16,687,171
2000,6,16,17,625,111
2000,6,16,18,460,107
2000,6,16,19,241,136
2000,6,16,20,134,78
2000,6,16,21,35,30
2000,6,16,22,0,0
2000,6,16,23,0,0
2000,6,16,24,0,0
2000,6,17,1,0,0
2000,6,17,2,0,0
2000,6,17,3,0,0
2000,6,17,4,1,1
2000,6,17,5,17,17
2000,6,17,6,96,60
2000,6,17,7,229,104
2000,6,17,8,387,124
2000,6,17,9,539,136
2000,6,17,10,671,144
2000,6,17,11,777,147
2000,6,17,12,847,150
2000,6,17,13,874,155
2000,6,17,14,859,152
2000,6,17,15,802,152
2000,6,17,16,693,165
2000,6,17,17,554,172
2000,6,17,18,425,143
2000,6,17,19,275,118
2000,6,17,20,132,79
2000,6,17,21,25,23
2000,6,17,22,0,0
2000,6,17,23,0,0
2000,6,17,24,0,0
2000,6,18,1,0,0
2000,6,18,2,0,0
2000,6,18,3,0,0
2000,6,18,4,0,0
2000,6,18,5,10,10
2000,6,18,6,84,62
2000,6,18,7,222,108
2000,6,18,8,373,136
2000,6,18,9,522,152
2000,6,18,10,643,174
2000,6,18,11,723,205
2000,6,18,12,814,187
2000,6,18,13,844,186
2000,6,18,14,834,181
2000,6,18,15,780,177
2000,6,18,16,686,173
2000,6,18,17,565,162
2000,6,18,18,418,150
2000,6,18,19,262,127
2000,6,18,20,121,83
2000,6,18,21,28,23
2000,6,18,22,0,0
2000,6,18,23,0,0
2000,6,18,24,0,0
2000,6,19,1,0,0
2000,6,19,2,0,0
2000,6,19,3,0,0
2000,6,19,4,0,0
2000,6,19,5,14,14
2000,6,19,6,91,61
2000,6,19,7,225,106
2000,6,19,8,378,132
2000,6,19,9,526,148
2000,6,19,10,661,154
2000,6,19,11,770,155
2000,6,19,12,835,163
2000,6,19,13,856,173
2000,6,19,14,831,185
2000,6,19,15,760,199
2000,6,19,16,667,193
2000,6,19,17,547,180
2000,6,19,18,398,166
2000,6,19,19,251,134
2000,6,19,20,117,84
2000,6,19,21,28,24
2000,6,19,22,0,0
2000,6,19,23,0,0
2000,6,19,24,0,0
2000,6,20,1,0,0
2000,6,20,2,0,0
2000,6,20,3,0,0
2000,6,20,4,0,0
2000,6,20,5,13,13
2000,6,20,6,87,62
2000,6,20,7,211,113
2000,6,20,8,359,146
2000,6,20,9,507,166
2000,6,20,10,633,183
2000,6,20,11,742,185
2000,6,20,12,804,197
2000,6,20,13,836,195
2000,6,20,14,817,200
2000,6,20,15,714,243
2000,6,20,16,611,242
2000,6,20,17,560,168
2000,6,20,18,425,145
2000,6,20,19,244,137
2000,6,20,20,102,84
2000,6,20,21,14,13
2000,6,20,22,0,0
2000,6,20,23,0,0
2000,6,20,24,0,0
2000,6,21,1,0,0
2000,6,21,2,0,0
2000,6,21,3,0,0
2000,6,21,4,0,0
2000,6,21,5,6,6
2000,6,21,6,55,51
2000,6,21,7,162,125
2000,6,21,8,328,166
2000,6,21,9,481,187
2000,6,21,10,603,210
2000,6,21,11,595,303
2000,6,21,12,619,338
2000,6,21,13,613,360
2000,6,21,14,358,330
2000,6,21,15,208,198
2000,6,21,16,94,92
2000,6,21,17,88,86
2000,6,21,18,138,131
2000,6,21,19,119,111
2000,6,21,20,50,48
2000,6,21,21,9,9
2000,6,21,22,0,0
2000,6,21,23,0,0
2000,6,21,24,0,0
2000,6,22,1,0,0
2000,6,22,2,0,0
2000,6,22,3,0,0
2000,6,22,4,0,0
2000,6,22,5,4,4
2000,6,22,6,27,26
2000,6,22,7,55,53
2000,6,22,8,95,91
2000,6,22,9,183,172
2000,6,22,10,205,194
2000,6,22,11,277,259
2000,6,22,12,320,297
2000,6,22,13,148,143
2000,6,22,14,525,375
2000,6,22,15,476,355
2000,6,22,16,296,274
2000,6,22,17,185,175
2000,6,22,18,166,155
2000,6,22,19,227,144
2000,6,22,20,109,85
2000,6,22,21,25,23
2000,6,22,22,0,0
2000,6,22,23,0,0
2000,6,22,24,0,0
2000,6,23,1,0,0
2000,6,23,2,0,0
2000,6,23,3,0,0
2000,6,23,4,0,0
2000,6,23,5,1,1
2000,6,23,6,19,19
2000,6,23,7,82,78
2000,6,23,8,146,137
2000,6,23,9,197,184
2000,6,23,10,367,301
2000,6,23,11,181,173
2000,6,23,12,238,225
2000,6,23,13,338,314
2000,6,23,14,300,280
2000,6,23,15,494,354
2000,6,23,16,190,181
2000,6,23,17,145,139
2000,6,23,18,160,150
2000,6,23,19,64,62
2000,6,23,20,21,21
2000,6,23,21,0,0
2000,6,23,22,0,0
2000,6,23,23,0,0
2000,6,23,24,0,0
2000,6,24,1,0,0
2000,6,24,2,0,0
2000,6,24,3,0,0
2000,6,24,4,0,0
2000,6,24,5,4,4
2000,6,24,6,56,52
2000,6,24,7,208,113
2000,6,24,8,212,185
2000,6,24,9,223,207
2000,6,24,10,181,172
2000,6,24,11,173,166
2000,6,24,12,218,207
2000,6,24,13,313,292
2000,6,24,14,500,377
2000,6,24,15,567,336
2000,6,24,16,291,269
2000,6,24,17,347,271
2000,6,24,18,266,213
2000,6,24,19,125,116
2000,6,24,20,68,64
2000,6,24,21,39,35
2000,6,24,22,0,0
2000,6,24,23,0,0
2000,6,24,24,0,0
2000,6,25,1,0,0
2000,6,25,2,0,0
2000,6,25,3,0,0
2000,6,25,4,0,0
2000,6,25,5,8,8
2000,6,25,6,56,52
2000,6,25,7,103,96
2000,6,25,8,191,175
2000,6,25,9,214,199
2000,6,25,10,229,215
2000,6,25,11,288,268
2000,6,25,12,306,285
2000,6,25,13,392,359
2000,6,25,14,300,280
2000,6,25,15,217,206
2000,6,25,16,317,291
2000,6,25,17,194,183
2000,6,25,18,186,173
2000,6,25,19,82,78
2000,6,25,20,43,41
2000,6,25,21,5,5
2000,6,25,22,0,0
2000,6,25,23,0,0
2000,6,25,24,0,0
2000,6,26,1,0,0
2000,6,26,2,0,0
2000,6,26,3,0,0
2000,6,26,4,0,0
2000,6,26,5,3,3
2000,6,26,6,25,24
2000,6,26,7,69,66
2000,6,26,8,156,145
2000,6,26,9,226,209
2000,6,26,10,362,300
2000,6,26,11,385,337
2000,6,26,12,359,330
2000,6,26,13,465,381
2000,6,26,14,431,373
2000,6,26,15,504,352
2000,6,26,16,480,311
2000,6,26,17,343,271
2000,6,26,18,334,202
2000,6,26,19,185,150
2000,6,26,20,97,84
2000,6,26,21,32,25
2000,6,26,22,0,0
2000,6,26,23,0,0
2000,6,26,24,0,0
2000,6,27,1,0,0
2000,6,27,2,0,0
2000,6,27,3,0,0
2000,6,27,4,0,0
2000,6,27,5,6,6
2000,6,27,6,47,44
2000,6,27,7,125,115
2000,6,27,8,326,163
2000,6,27,9,451,205
2000,6,27,10,509,270
2000,6,27,11,557,318
2000,6,27,12,552,361
2000,6,27,13,521,381
2000,6,27,14,675,319
2000,6,27,15,674,276
2000,6,27,16,510,301
2000,6,27,17,393,266
2000,6,27,18,324,206
2000,6,27,19,276,122
2000,6,27,20,113,86
2000,6,27,21,32,25
2000,6,27,22,0,0
2000,6,27,23,0,0
2000,6,27,24,0,0
2000,6,28,1,0,0
2000,6,28,2,0,0
2000,6,28,3,0,0
2000,6,28,4,0,0
2000,6,28,5,6,6
2000,6,28,6,44,41
2000,6,28,7,145,122
2000,6,28,8,368,133
2000,6,28,9,308,247
2000,6,28,10,143,137
2000,6,28,11,247,232
2000,6,28,12,429,367
2000,6,28,13,581,369
2000,6,28,14,584,361
2000,6,28,15,480,355
2000,6,28,16,573,270
2000,6,28,17,522,203
2000,6,28,18,306,210
2000,6,28,19,265,128
2000,6,28,20,147,76
2000,6,28,21,19,18
2000,6,28,22,0,0
2000,6,28,23,0,0
2000,6,28,24,0,0
2000,6,29,1,0,0
2000,6,29,2,0,0
2000,6,29,3,0,0
2000,6,29,4,0,0
2000,6,29,5,6,6
2000,6,29,6,47,44
2000,6,29,7,111,103
2000,6,29,8,130,123
2000,6,29,9,317,247
2000,6,29,10,483,281
2000,6,29,11,694,227
2000,6,29,12,775,223
2000,6,29,13,711,305
2000,6,29,14,800,217
2000,6,29,15,813,144
2000,6,29,16,699,162
2000,6,29,17,560,170
2000,6,29,18,481,90
2000,6,29,19,290,111
2000,6,29,20,63,59
2000,6,29,21,12,12
2000,6,29,22,0,0
2000,6,29,23,0,0
2000,6,29,24,0,0
2000,6,30,1,0,0
2000,6,30,2,0,0
2000,6,30,3,0,0
2000,6,30,4,0,0
2000,6,30,5,4,4
2000,6,30,6,35,33
2000,6,30,7,141,120
2000,6,30,8,343,150
2000,6,30,9,370,239
2000,6,30,10,572,229
2000,6,30,11,668,249
2000,6,30,12,761,235
2000,6,30,13,858,167
2000,6,30,14,854,157
2000,6,30,15,751,208
2000,6,30,16,604,248
2000,6,30,17,498,220
2000,6,30,18,347,197
2000,6,30,19,251,136
2000,6,30,20,114,85
2000,6,30,21,25,23
2000,6,30,22,0,0
2000,6,30,23,0,0
2000,6,30,24,0,0
2002,7,1,1,0,0
2002,7,1,2,0,0
2002,7,1,3,0,0
2002,7,1,4,0,0
2002,7,1,5,0,0
2002,7,1,6,6,6
2002,7,1,7,22,22
2002,7,1,8,38,37
2002,7,1,9,55,54
2002,7,1,10,83,81
2002,7,1,11,107,104
2002,7,1,12,86,84
2002,7,1,13,88,86
2002,7,1,14,102,100
2002,7,1,15,128,124
2002,7,1,16,70,69
2002,7,1,17,59,58
2002,7,1,18,46,45
2002,7,1,19,24,24
2002,7,1,20,21,21
2002,7,1,21,37,33
2002,7,1,22,0,0
2002,7,1,23,0,0
2002,7,1,24,0,0
2002,7,2,1,0,0
2002,7,2,2,0,0
2002,7,2,3,0,0
2002,7,2,4,0,0
2002,7,2,5,8,8
2002,7,2,6,37,35
2002,7,2,7,44,43
2002,7,2,8,84,81
2002,7,2,9,178,167
2002,7,2,10,268,248
2002,7,2,11,472,339
2002,7,2,12,305,284
2002,7,2,13,490,381
2002,7,2,14,616,348
2002,7,2,15,337,311
2002,7,2,16,372,316
2002,7,2,17,206,193
2002,7,2,18,274,213
2002,7,2,19,161,146
2002,7,2,20,30,29
2002,7,2,21,12,12
2002,7,2,22,0,0
2002,7,2,23,0,0
2002,7,2,24,0,0
2002,7,3,1,0,0
2002,7,3,2,0,0
2002,7,3,3,0,0
2002,7,3,4,0,0
2002,7,3,5,2,2
2002,7,3,6,13,13
2002,7,3,7,26,26
2002,7,3,8,48,47
2002,7,3,9,61,60
2002,7,3,10,124,120
2002,7,3,11,150,145
2002,7,3,12,110,107
2002,7,3,13,124,121
2002,7,3,14,93,91
2002,7,3,15,96,94
2002,7,3,16,89,87
2002,7,3,17,80,78
2002,7,3,18,110,105
2002,7,3,19,117,109
2002,7,3,20,31,30
2002,7,3,21,5,5
2002,7,3,22,0,0
2002,7,3,23,0,0
2002,7,3,24,0,0
2002,7,4,1,0,0
2002,7,4,2,0,0
2002,7,4,3,0,0
2002,7,4,4,0,0
2002,7,4,5,2,2
2002,7,4,6,20,19
2002,7,4,7,94,88
2002,7,4,8,281,177
2002,7,4,9,477,179
2002,7,4,10,555,237
2002,7,4,11,570,308
2002,7,4,12,664,308
2002,7,4,13,665,331
2002,7,4,14,788,226
2002,7,4,15,702,252
2002,7,4,16,448,316
2002,7,4,17,416,260
2002,7,4,18,303,210
2002,7,4,19,221,145
2002,7,4,20,67,63
2002,7,4,21,21,19
2002,7,4,22,0,0
2002,7,4,23,0,0
2002,7,4,24,0,0
2002,7,5,1,0,0
2002,7,5,2,0,0
2002,7,5,3,0,0
2002,7,5,4,0,0
2002,7,5,5,8,8
2002,7,5,6,48,45
2002,7,5,7,136,117
2002,7,5,8,209,181
2002,7,5,9,252,231
2002,7,5,10,345,295
2002,7,5,11,230,217
2002,7,5,12,395,358
2002,7,5,13,405,369
2002,7,5,14,351,324
2002,7,5,15,225,213
2002,7,5,16,188,179
2002,7,5,17,153,146
2002,7,5,18,131,124
2002,7,5,19,71,68
2002,7,5,20,21,21
2002,7,5,21,2,2
2002,7,5,22,0,0
2002,7,5,23,0,0
2002,7,5,24,0,0
2002,7,6,1,0,0
2002,7,6,2,0,0
2002,7,6,3,0,0
2002,7,6,4,0,0
2002,7,6,5,2,2
2002,7,6,6,19,18
2002,7,6,7,51,49
2002,7,6,8,115,109
2002,7,6,9,207,193
2002,7,6,10,299,274
2002,7,6,11,355,325
2002,7,6,12,250,236
2002,7,6,13,301,281
2002,7,6,14,281,264
2002,7,6,15,352,323
2002,7,6,16,360,314
2002,7,6,17,309,267
2002,7,6,18,157,147
2002,7,6,19,139,128
2002,7,6,20,60,56
2002,7,6,21,9,9
2002,7,6,22,0,0
2002,7,6,23,0,0
2002,7,6,24,0,0
2002,7,7,1,0,0
2002,7,7,2,0,0
2002,7,7,3,0,0
2002,7,7,4,0,0
2002,7,7,5,4,4
2002,7,7,6,31,30
2002,7,7,7,89,83
2002,7,7,8,168,155
2002,7,7,9,138,132
2002,7,7,10,125,121
2002,7,7,11,266,249
2002,7,7,12,393,357
2002,7,7,13,355,328
2002,7,7,14,324,301
2002,7,7,15,213,202
2002,7,7,16,271,252
2002,7,7,17,103,100
2002,7,7,18,110,105
2002,7,7,19,73,70
2002,7,7,20,56,53
2002,7,7,21,14,13
2002,7,7,22,0,0
2002,7,7,23,0,0
2002,7,7,24,0,0
2002,7,8,1,0,0
2002,7,8,2,0,0
2002,7,8,3,0,0
2002,7,8,4,0,0
2002,7,8,5,11,11
2002,7,8,6,64,53
2002,7,8,7,156,116
2002,7,8,8,345,138
2002,7,8,9,476,174
2002,7,8,10,566,225
2002,7,8,11,560,310
2002,7,8,12,588,344
2002,7,8,13,802,220
2002,7,8,14,690,304
2002,7,8,15,508,349
2002,7,8,16,518,295
2002,7,8,17,427,254
2002,7,8,18,319,204
2002,7,8,19,135,125
2002,7,8,20,54,51
2002,7,8,21,14,13
2002,7,8,22,0,0
2002,7,8,23,0,0
2002,7,8,24,0,0
2002,7,9,1,0,0
2002,7,9,2,0,0
2002,7,9,3,0,0
2002,7,9,4,0,0
2002,7,9,5,13,13
2002,7,9,6,67,52
2002,7,9,7,100,93
2002,7,9,8,247,179
2002,7,9,9,200,186
2002,7,9,10,97,94
2002,7,9,11,99,97
2002,7,9,12,317,294
2002,7,9,13,705,302
2002,7,9,14,818,190
2002,7,9,15,623,304
2002,7,9,16,211,199
2002,7,9,17,73,71
2002,7,9,18,70,68
2002,7,9,19,40,39
2002,7,9,20,76,70
2002,7,9,21,23,21
2002,7,9,22,0,0
2002,7,9,23,0,0
2002,7,9,24,0,0
2002,7,10,1,0,0
2002,7,10,2,0,0
2002,7,10,3,0,0
2002,7,10,4,0,0
2002,7,10,5,3,3
2002,7,10,6,20,19
2002,7,10,7,48,46
2002,7,10,8,95,91
2002,7,10,9,114,110
2002,7,10,10,135,130
2002,7,10,11,151,145
2002,7,10,12,127,123
2002,7,10,13,118,115
2002,7,10,14,104,102
2002,7,10,15,202,193
2002,7,10,16,177,169
2002,7,10,17,140,134
2002,7,10,18,123,117
2002,7,10,19,129,120
2002,7,10,20,55,52
2002,7,10,21,7,7
2002,7,10,22,0,0
2002,7,10,23,0,0
2002,7,10,24,0,0
2002,7,11,1,0,0
2002,7,11,2,0,0
2002,7,11,3,0,0
2002,7,11,4,0,0
2002,7,11,5,12,12
2002,7,11,6,79,48
2002,7,11,7,213,90
2002,7,11,8,313,155
2002,7,11,9,348,236
2002,7,11,10,395,293
2002,7,11,11,625,270
2002,7,11,12,725,256
2002,7,11,13,696,307
2002,7,11,14,545,367
2002,7,11,15,430,352
2002,7,11,16,397,316
2002,7,11,17,453,241
2002,7,11,18,434,131
2002,7,11,19,244,133
2002,7,11,20,88,79
2002,7,11,21,21,19
2002,7,11,22,0,0
2002,7,11,23,0,0
2002,7,11,24,0,0
2002,7,12,1,0,0
2002,7,12,2,0,0
2002,7,12,3,0,0
2002,7,12,4,0,0
2002,7,12,5,17,17
2002,7,12,6,101,67
2002,7,12,7,205,94
2002,7,12,8,381,98
2002,7,12,9,541,101
2002,7,12,10,596,194
2002,7,12,11,463,334
2002,7,12,12,450,364
2002,7,12,13,407,368
2002,7,12,14,497,373
2002,7,12,15,562,332
2002,7,12,16,584,255
2002,7,12,17,465,234
2002,7,12,18,442,122
2002,7,12,19,278,111
2002,7,12,20,132,75
2002,7,12,21,14,13
2002,7,12,22,0,0
2002,7,12,23,0,0
2002,7,12,24,0,0
2002,7,13,1,0,0
2002,7,13,2,0,0
2002,7,13,3,0,0
2002,7,13,4,0,0
2002,7,13,5,10,10
2002,7,13,6,81,56
2002,7,13,7,222,79
2002,7,13,8,385,92
2002,7,13,9,526,116
2002,7,13,10,587,200
2002,7,13,11,706,198
2002,7,13,12,655,306
2002,7,13,13,564,367
2002,7,13,14,471,372
2002,7,13,15,397,347
2002,7,13,16,322,295
2002,7,13,17,217,203
2002,7,13,18,163,153
2002,7,13,19,83,79
2002,7,13,20,33,32
2002,7,13,21,5,5
2002,7,13,22,0,0
2002,7,13,23,0,0
2002,7,13,24,0,0
2002,7,14,1,0,0
2002,7,14,2,0,0
2002,7,14,3,0,0
2002,7,14,4,0,0
2002,7,14,5,0,0
2002,7,14,6,7,7
2002,7,14,7,34,33
2002,7,14,8,64,62
2002,7,14,9,93,90
2002,7,14,10,241,225
2002,7,14,11,350,320
2002,7,14,12,537,355
2002,7,14,13,768,246
2002,7,14,14,789,214
2002,7,14,15,708,237
2002,7,14,16,543,278
2002,7,14,17,405,257
2002,7,14,18,361,182
2002,7,14,19,210,142
2002,7,14,20,78,72
2002,7,14,21,9,9
2002,7,14,22,0,0
2002,7,14,23,0,0
2002,7,14,24,0,0
2002,7,15,1,0,0
2002,7,15,2,0,0
2002,7,15,3,0,0
2002,7,15,4,0,0
2002,7,15,5,11,11
2002,7,15,6,64,46
2002,7,15,7,156,109
2002,7,15,8,345,125
2002,7,15,9,476,161
2002,7,15,10,566,214
2002,7,15,11,560,303
2002,7,15,12,588,338
2002,7,15,13,802,211
2002,7,15,14,690,298
2002,7,15,15,508,345
2002,7,15,16,518,290
2002,7,15,17,427,249
2002,7,15,18,319,199
2002,7,15,19,135,125
2002,7,15,20,54,51
2002,7,15,21,14,13
2002,7,15,22,0,0
2002,7,15,23,0,0
2002,7,15,24,0,0
2002,7,16,1,0,0
2002,7,16,2,0,0
2002,7,16,3,0,0
2002,7,16,4,0,0
2002,7,16,5,11,11
2002,7,16,6,64,45
2002,7,16,7,156,108
2002,7,16,8,345,123
2002,7,16,9,476,159
2002,7,16,10,566,213
2002,7,16,11,560,302
2002,7,16,12,588,337
2002,7,16,13,816,195
2002,7,16,14,769,231
2002,7,16,15,554,331
2002,7,16,16,518,289
2002,7,16,17,427,248
2002,7,16,18,319,198
2002,7,16,19,135,125
2002,7,16,20,54,51
2002,7,16,21,14,13
2002,7,16,22,0,0
2002,7,16,23,0,0
2002,7,16,24,0,0
2002,7,17,1,0,0
2002,7,17,2,0,0
2002,7,17,3,0,0
2002,7,17,4,0,0
2002,7,17,5,4,4
2002,7,17,6,31,29
2002,7,17,7,89,83
2002,7,17,8,172,158
2002,7,17,9,329,233
2002,7,17,10,505,253
2002,7,17,11,603,277
2002,7,17,12,649,305
2002,7,17,13,815,194
2002,7,17,14,824,172
2002,7,17,15,755,187
2002,7,17,16,618,224
2002,7,17,17,488,214
2002,7,17,18,349,185
2002,7,17,19,222,135
2002,7,17,20,94,77
2002,7,17,21,21,20
2002,7,17,22,0,0
2002,7,17,23,0,0
2002,7,17,24,0,0
2002,7,18,1,0,0
2002,7,18,2,0,0
2002,7,18,3,0,0
2002,7,18,4,0,0
2002,7,18,5,2,2
2002,7,18,6,41,38
2002,7,18,7,180,97
2002,7,18,8,193,170
2002,7,18,9,175,164
2002,7,18,10,356,288
2002,7,18,11,501,322
2002,7,18,12,589,335
2002,7,18,13,671,315
2002,7,18,14,729,264
2002,7,18,15,707,233
2002,7,18,16,692,149
2002,7,18,17,535,175
2002,7,18,18,353,181
2002,7,18,19,219,135
2002,7,18,20,93,76
2002,7,18,21,12,11
2002,7,18,22,0,0
2002,7,18,23,0,0
2002,7,18,24,0,0
2002,7,19,1,0,0
2002,7,19,2,0,0
2002,7,19,3,0,0
2002,7,19,4,0,0
2002,7,19,5,2,2
2002,7,19,6,14,14
2002,7,19,7,37,36
2002,7,19,8,83,80
2002,7,19,9,171,161
2002,7,19,10,259,240
2002,7,19,11,225,212
2002,7,19,12,194,185
2002,7,19,13,249,235
2002,7,19,14,319,296
2002,7,19,15,370,338
2002,7,19,16,398,312
2002,7,19,17,224,208
2002,7,19,18,169,158
2002,7,19,19,123,114
2002,7,19,20,48,45
2002,7,19,21,7,7
2002,7,19,22,0,0
2002,7,19,23,0,0
2002,7,19,24,0,0
2002,7,20,1,0,0
2002,7,20,2,0,0
2002,7,20,3,0,0
2002,7,20,4,0,0
2002,7,20,5,6,6
2002,7,20,6,56,41
2002,7,20,7,148,104
2002,7,20,8,227,170
2002,7,20,9,428,189
2002,7,20,10,545,222
2002,7,20,11,535,308
2002,7,20,12,752,218
2002,7,20,13,763,241
2002,7,20,14,766,228
2002,7,20,15,695,240
2002,7,20,16,549,268
2002,7,20,17,416,248
2002,7,20,18,61,60
2002,7,20,19,44,43
2002,7,20,20,30,29
2002,7,20,21,21,20
2002,7,20,22,0,0
2002,7,20,23,0,0
2002,7,20,24,0,0
2002,7,21,1,0,0
2002,7,21,2,0,0
2002,7,21,3,0,0
2002,7,21,4,0,0
2002,7,21,5,2,2
2002,7,21,6,20,19
2002,7,21,7,94,87
2002,7,21,8,290,151
2002,7,21,9,255,227
2002,7,21,10,345,285
2002,7,21,11,374,325
2002,7,21,12,318,295
2002,7,21,13,408,364
2002,7,21,14,385,352
2002,7,21,15,222,210
2002,7,21,16,281,260
2002,7,21,17,361,260
2002,7,21,18,318,193
2002,7,21,19,221,130
2002,7,21,20,101,72
2002,7,21,21,9,8
2002,7,21,22,0,0
2002,7,21,23,0,0
2002,7,21,24,0,0
2002,7,22,1,0,0
2002,7,22,2,0,0
2002,7,22,3,0,0
2002,7,22,4,0,0
2002,7,22,5,5,5
2002,7,22,6,35,32
2002,7,22,7,66,63
2002,7,22,8,137,128
2002,7,22,9,243,222
2002,7,22,10,300,274
2002,7,22,11,446,328
2002,7,22,12,619,316
2002,7,22,13,686,300
2002,7,22,14,684,293
2002,7,22,15,659,266
2002,7,22,16,522,280
2002,7,22,17,494,201
2002,7,22,18,329,187
2002,7,22,19,126,117
2002,7,22,20,42,40
2002,7,22,21,2,2
2002,7,22,22,0,0
2002,7,22,23,0,0
2002,7,22,24,0,0
2002,7,23,1,0,0
2002,7,23,2,0,0
2002,7,23,3,0,0
2002,7,23,4,0,0
2002,7,23,5,2,2
2002,7,23,6,23,22
2002,7,23,7,69,65
2002,7,23,8,81,78
2002,7,23,9,174,163
2002,7,23,10,203,191
2002,7,23,11,216,204
2002,7,23,12,175,168
2002,7,23,13,322,299
2002,7,23,14,312,290
2002,7,23,15,292,272
2002,7,23,16,103,100
2002,7,23,17,45,44
2002,7,23,18,20,20
2002,7,23,19,10,10
2002,7,23,20,2,2
2002,7,23,21,0,0
2002,7,23,22,0,0
2002,7,23,23,0,0
2002,7,23,24,0,0
2002,7,24,1,0,0
2002,7,24,2,0,0
2002,7,24,3,0,0
2002,7,24,4,0,0
2002,7,24,5,2,2
2002,7,24,6,14,14
2002,7,24,7,34,33
2002,7,24,8,88,84
2002,7,24,9,242,221
2002,7,24,10,508,240
2002,7,24,11,551,296
2002,7,24,12,454,357
2002,7,24,13,558,358
2002,7,24,14,556,353
2002,7,24,15,542,327
2002,7,24,16,508,283
2002,7,24,17,306,257
2002,7,24,18,194,179
2002,7,24,19,87,82
2002,7,24,20,28,27
2002,7,24,21,2,2
2002,7,24,22,0,0
2002,7,24,23,0,0
2002,7,24,24,0,0
2002,7,25,1,0,0
2002,7,25,2,0,0
2002,7,25,3,0,0
2002,7,25,4,0,0
2002,7,25,5,2,2
2002,7,25,6,29,27
2002,7,25,7,148,97
2002,7,25,8,295,140
2002,7,25,9,254,224
2002,7,25,10,286,262
2002,7,25,11,516,309
2002,7,25,12,695,260
2002,7,25,13,608,339
2002,7,25,14,478,365
2002,7,25,15,398,340
2002,7,25,16,459,299
2002,7,25,17,361,256
2002,7,25,18,177,164
2002,7,25,19,81,77
2002,7,25,20,21,20
2002,7,25,21,2,2
2002,7,25,22,0,0
2002,7,25,23,0,0
2002,7,25,24,0,0
2002,7,26,1,0,0
2002,7,26,2,0,0
2002,7,26,3,0,0
2002,7,26,4,0,0
2002,7,26,5,0,0
2002,7,26,6,7,7
2002,7,26,7,34,33
2002,7,26,8,64,62
2002,7,26,9,93,90
2002,7,26,10,241,224
2002,7,26,11,350,317
2002,7,26,12,537,344
2002,7,26,13,768,225
2002,7,26,14,789,192
2002,7,26,15,708,217
2002,7,26,16,543,262
2002,7,26,17,405,243
2002,7,26,18,361,162
2002,7,26,19,210,126
2002,7,26,20,78,66
2002,7,26,21,9,9
2002,7,26,22,0,0
2002,7,26,23,0,0
2002,7,26,24,0,0
2002,7,27,1,0,0
2002,7,27,2,0,0
2002,7,27,3,0,0
2002,7,27,4,0,0
2002,7,27,5,5,5
2002,7,27,6,45,37
2002,7,27,7,156,91
2002,7,27,8,310,125
2002,7,27,9,465,144
2002,7,27,10,599,159
2002,7,27,11,702,173
2002,7,27,12,772,182
2002,7,27,13,799,191
2002,7,27,14,787,192
2002,7,27,15,711,211
2002,7,27,16,516,275
2002,7,27,17,424,234
2002,7,27,18,232,195
2002,7,27,19,128,118
2002,7,27,20,38,36
2002,7,27,21,5,5
2002,7,27,22,0,0
2002,7,27,23,0,0
2002,7,27,24,0,0
2002,7,28,1,0,0
2002,7,28,2,0,0
2002,7,28,3,0,0
2002,7,28,4,0,0
2002,7,28,5,4,4
2002,7,28,6,38,31
2002,7,28,7,144,93
2002,7,28,8,295,133
2002,7,28,9,446,158
2002,7,28,10,582,173
2002,7,28,11,689,184
2002,7,28,12,766,186
2002,7,28,13,804,183
2002,7,28,14,799,176
2002,7,28,15,740,179
2002,7,28,16,654,167
2002,7,28,17,523,163
2002,7,28,18,374,148
2002,7,28,19,217,119
2002,7,28,20,79,64
2002,7,28,21,2,2
2002,7,28,22,0,0
2002,7,28,23,0,0
2002,7,28,24,0,0
2002,7,29,1,0,0
2002,7,29,2,0,0
2002,7,29,3,0,0
2002,7,29,4,0,0
2002,7,29,5,4,4
2002,7,29,6,43,39
2002,7,29,7,157,86
2002,7,29,8,300,128
2002,7,29,9,446,155
2002,7,29,10,586,167
2002,7,29,11,696,175
2002,7,29,12,769,181
2002,7,29,13,805,179
2002,7,29,14,779,195
2002,7,29,15,653,257
2002,7,29,16,518,271
2002,7,29,17,377,247
2002,7,29,18,323,177
2002,7,29,19,192,126
2002,7,29,20,71,62
2002,7,29,21,7,7
2002,7,29,22,0,0
2002,7,29,23,0,0
2002,7,29,24,0,0
2002,7,30,1,0,0
2002,7,30,2,0,0
2002,7,30,3,0,0
2002,7,30,4,0,0
2002,7,30,5,4,4
2002,7,30,6,39,35
2002,7,30,7,145,89
2002,7,30,8,286,134
2002,7,30,9,432,164
2002,7,30,10,570,179
2002,7,30,11,685,183
2002,7,30,12,763,185
2002,7,30,13,825,154
2002,7,30,14,819,148
2002,7,30,15,759,153
2002,7,30,16,523,266
2002,7,30,17,476,197
2002,7,30,18,252,193
2002,7,30,19,56,54
2002,7,30,20,0,0
2002,7,30,21,0,0
2002,7,30,22,0,0
2002,7,30,23,0,0
2002,7,30,24,0,0
2002,7,31,1,0,0
2002,7,31,2,0,0
2002,7,31,3,0,0
2002,7,31,4,0,0
2002,7,31,5,0,0
2002,7,31,6,6,6
2002,7,31,7,44,42
2002,7,31,8,156,143
2002,7,31,9,247,218
2002,7,31,10,385,275
2002,7,31,11,593,260
2002,7,31,12,616,303
2002,7,31,13,572,346
2002,7,31,14,592,331
2002,7,31,15,588,296
2002,7,31,16,388,301
2002,7,31,17,167,158
2002,7,31,18,99,95
2002,7,31,19,38,37
2002,7,31,20,25,24
2002,7,31,21,0,0
2002,7,31,22,0,0
2002,7,31,23,0,0
2002,7,31,24,0,0
2000,8,1,1,0,0
2000,8,1,2,0,0
2000,8,1,3,0,0
2000,8,1,4,0,0
2000,8,1,5,1,1
2000,8,1,6,13,12
2000,8,1,7,75,70
2000,8,1,8,207,157
2000,8,1,9,286,220
2000,8,1,10,459,252
2000,8,1,11,600,253
2000,8,1,12,740,203
2000,8,1,13,716,259
2000,8,1,14,566,340
2000,8,1,15,586,295
2000,8,1,16,480,282
2000,8,1,17,421,226
2000,8,1,18,254,190
2000,8,1,19,73,69
2000,8,1,20,29,28
2000,8,1,21,5,5
2000,8,1,22,0,0
2000,8,1,23,0,0
2000,8,1,24,0,0
2000,8,2,1,0,0
2000,8,2,2,0,0
2000,8,2,3,0,0
2000,8,2,4,0,0
2000,8,2,5,1,1
2000,8,2,6,25,23
2000,8,2,7,127,88
2000,8,2,8,236,151
2000,8,2,9,318,216
2000,8,2,10,441,258
2000,8,2,11,689,171
2000,8,2,12,783,154
2000,8,2,13,800,174
2000,8,2,14,601,324
2000,8,2,15,573,300
2000,8,2,16,516,264
2000,8,2,17,413,227
2000,8,2,18,322,168
2000,8,2,19,206,112
2000,8,2,20,44,41
2000,8,2,21,2,2
2000,8,2,22,0,0
2000,8,2,23,0,0
2000,8,2,24,0,0
2000,8,3,1,0,0
2000,8,3,2,0,0
2000,8,3,3,0,0
2000,8,3,4,0,0
2000,8,3,5,1,1
2000,8,3,6,14,13
2000,8,3,7,66,62
2000,8,3,8,150,138
2000,8,3,9,316,214
2000,8,3,10,406,267
2000,8,3,11,476,309
2000,8,3,12,568,322
2000,8,3,13,752,221
2000,8,3,14,555,341
2000,8,3,15,612,275
2000,8,3,16,475,280
2000,8,3,17,289,245
2000,8,3,18,112,107
2000,8,3,19,71,68
2000,8,3,20,115,84
2000,8,3,21,19,19
2000,8,3,22,0,0
2000,8,3,23,0,0
2000,8,3,24,0,0
2000,8,4,1,0,0
2000,8,4,2,0,0
2000,8,4,3,0,0
2000,8,4,4,0,0
2000,8,4,5,2,2
2000,8,4,6,23,20
2000,8,4,7,105,86
2000,8,4,8,243,145
2000,8,4,9,327,210
2000,8,4,10,306,268
2000,8,4,11,395,317
2000,8,4,12,587,312
2000,8,4,13,740,230
2000,8,4,14,536,345
2000,8,4,15,305,282
2000,8,4,16,272,252
2000,8,4,17,241,222
2000,8,4,18,162,150
2000,8,4,19,112,103
2000,8,4,20,40,38
2000,8,4,21,5,5
2000,8,4,22,0,0
2000,8,4,23,0,0
2000,8,4,24,0,0
2000,8,5,1,0,0
2000,8,5,2,0,0
2000,8,5,3,0,0
2000,8,5,4,0,0
2000,8,5,5,0,0
2000,8,5,6,10,10
2000,8,5,7,59,56
2000,8,5,8,145,134
2000,8,5,9,232,210
2000,8,5,10,396,267
2000,8,5,11,512,294
2000,8,5,12,664,261
2000,8,5,13,775,192
2000,8,5,14,745,211
2000,8,5,15,603,277
2000,8,5,16,374,295
2000,8,5,17,434,209
2000,8,5,18,252,184
2000,8,5,19,146,118
2000,8,5,20,49,45
2000,8,5,21,0,0
2000,8,5,22,0,0
2000,8,5,23,0,0
2000,8,5,24,0,0
2000,8,6,1,0,0
2000,8,6,2,0,0
2000,8,6,3,0,0
2000,8,6,4,0,0
2000,8,6,5,1,1
2000,8,6,6,20,17
2000,8,6,7,118,82
2000,8,6,8,271,126
2000,8,6,9,415,159
2000,8,6,10,555,174
2000,8,6,11,557,270
2000,8,6,12,353,323
2000,8,6,13,305,284
2000,8,6,14,453,353
2000,8,6,15,367,325
2000,8,6,16,309,282
2000,8,6,17,152,144
2000,8,6,18,105,100
2000,8,6,19,90,84
2000,8,6,20,21,20
2000,8,6,21,2,2
2000,8,6,22,0,0
2000,8,6,23,0,0
2000,8,6,24,0,0
2000,8,7,1,0,0
2000,8,7,2,0,0
2000,8,7,3,0,0
2000,8,7,4,0,0
2000,8,7,5,0,0
2000,8,7,6,19,18
2000,8,7,7,126,79
2000,8,7,8,264,128
2000,8,7,9,390,175
2000,8,7,10,511,208
2000,8,7,11,440,311
2000,8,7,12,298,277
2000,8,7,13,275,258
2000,8,7,14,370,338
2000,8,7,15,475,326
2000,8,7,16,275,254
2000,8,7,17,265,237
2000,8,7,18,269,177
2000,8,7,19,109,101
2000,8,7,20,14,14
2000,8,7,21,0,0
2000,8,7,22,0,0
2000,8,7,23,0,0
2000,8,7,24,0,0
2000,8,8,1,0,0
2000,8,8,2,0,0
2000,8,8,3,0,0
2000,8,8,4,0,0
2000,8,8,5,0,0
2000,8,8,6,6,6
2000,8,8,7,32,31
2000,8,8,8,29,29
2000,8,8,9,86,83
2000,8,8,10,291,262
2000,8,8,11,429,311
2000,8,8,12,489,338
2000,8,8,13,433,355
2000,8,8,14,481,349
2000,8,8,15,457,327
2000,8,8,16,473,271
2000,8,8,17,534,113
2000,8,8,18,256,178
2000,8,8,19,204,95
2000,8,8,20,72,52
2000,8,8,21,2,2
2000,8,8,22,0,0
2000,8,8,23,0,0
2000,8,8,24,0,0
2000,8,9,1,0,0
2000,8,9,2,0,0
2000,8,9,3,0,0
2000,8,9,4,0,0
2000,8,9,5,0,0
2000,8,9,6,17,16
2000,8,9,7,102,79
2000,8,9,8,203,146
2000,8,9,9,398,164
2000,8,9,10,486,220
2000,8,9,11,567,257
2000,8,9,12,658,256
2000,8,9,13,750,206
2000,8,9,14,720,223
2000,8,9,15,608,263
2000,8,9,16,511,250
2000,8,9,17,400,217
2000,8,9,18,177,163
2000,8,9,19,92,86
2000,8,9,20,32,30
2000,8,9,21,0,0
2000,8,9,22,0,0
2000,8,9,23,0,0
2000,8,9,24,0,0
2000,8,10,1,0,0
2000,8,10,2,0,0
2000,8,10,3,0,0
2000,8,10,4,0,0
2000,8,10,5,0,0
2000,8,10,6,8,8
2000,8,10,7,37,36
2000,8,10,8,73,70
2000,8,10,9,172,160
2000,8,10,10,192,181
2000,8,10,11,288,266
2000,8,10,12,237,223
2000,8,10,13,312,289
2000,8,10,14,188,180
2000,8,10,15,174,166
2000,8,10,16,110,107
2000,8,10,17,116,111
2000,8,10,18,164,151
2000,8,10,19,73,69
2000,8,10,20,16,16
2000,8,10,21,0,0
2000,8,10,22,0,0
2000,8,10,23,0,0
2000,8,10,24,0,0
2000,8,11,1,0,0
2000,8,11,2,0,0
2000,8,11,3,0,0
2000,8,11,4,0,0
2000,8,11,5,0,0
2000,8,11,6,4,4
2000,8,11,7,33,32
2000,8,11,8,118,110
2000,8,11,9,288,207
2000,8,11,10,416,251
2000,8,11,11,465,300
2000,8,11,12,565,309
2000,8,11,13,474,351
2000,8,11,14,727,210
2000,8,11,15,563,286
2000,8,11,16,496,253
2000,8,11,17,340,232
2000,8,11,18,320,143
2000,8,11,19,114,104
2000,8,11,20,25,24
2000,8,11,21,0,0
2000,8,11,22,0,0
2000,8,11,23,0,0
2000,8,11,24,0,0
2000,8,12,1,0,0
2000,8,12,2,0,0
2000,8,12,3,0,0
2000,8,12,4,0,0
2000,8,12,5,0,0
2000,8,12,6,16,16
2000,8,12,7,108,73
2000,8,12,8,258,118
2000,8,12,9,412,144
2000,8,12,10,572,137
2000,8,12,11,681,147
2000,8,12,12,763,143
2000,8,12,13,798,142
2000,8,12,14,772,158
2000,8,12,15,655,217
2000,8,12,16,460,267
2000,8,12,17,321,233
2000,8,12,18,252,170
2000,8,12,19,136,106
2000,8,12,20,44,38
2000,8,12,21,0,0
2000,8,12,22,0,0
2000,8,12,23,0,0
2000,8,12,24,0,0
2000,8,13,1,0,0
2000,8,13,2,0,0
2000,8,13,3,0,0
2000,8,13,4,0,0
2000,8,13,5,0,0
2000,8,13,6,13,13
2000,8,13,7,79,71
2000,8,13,8,189,141
2000,8,13,9,324,195
2000,8,13,10,450,232
2000,8,13,11,576,241
2000,8,13,12,661,242
2000,8,13,13,703,238
2000,8,13,14,694,234
2000,8,13,15,588,266
2000,8,13,16,268,247
2000,8,13,17,288,232
2000,8,13,18,249,168
2000,8,13,19,59,56
2000,8,13,20,28,26
2000,8,13,21,0,0
2000,8,13,22,0,0
2000,8,13,23,0,0
2000,8,13,24,0,0
2000,8,14,1,0,0
2000,8,14,2,0,0
2000,8,14,3,0,0
2000,8,14,4,0,0
2000,8,14,5,0,0
2000,8,14,6,2,2
2000,8,14,7,26,25
2000,8,14,8,133,123
2000,8,14,9,315,196
2000,8,14,10,493,202
2000,8,14,11,590,228
2000,8,14,12,629,264
2000,8,14,13,588,314
2000,8,14,14,494,338
2000,8,14,15,188,179
2000,8,14,16,252,234
2000,8,14,17,99,96
2000,8,14,18,53,52
2000,8,14,19,60,57
2000,8,14,20,21,20
2000,8,14,21,0,0
2000,8,14,22,0,0
2000,8,14,23,0,0
2000,8,14,24,0,0
2000,8,15,1,0,0
2000,8,15,2,0,0
2000,8,15,3,0,0
2000,8,15,4,0,0
2000,8,15,5,0,0
2000,8,15,6,4,4
2000,8,15,7,27,26
2000,8,15,8,60,58
2000,8,15,9,120,114
2000,8,15,10,198,186
2000,8,15,11,344,300
2000,8,15,12,234,221
2000,8,15,13,275,257
2000,8,15,14,369,333
2000,8,15,15,218,206
2000,8,15,16,248,230
2000,8,15,17,222,204
2000,8,15,18,208,167
2000,8,15,19,122,100
2000,8,15,20,32,29
2000,8,15,21,0,0
2000,8,15,22,0,0
2000,8,15,23,0,0
2000,8,15,24,0,0
2000,8,16,1,0,0
2000,8,16,2,0,0
2000,8,16,3,0,0
2000,8,16,4,0,0
2000,8,16,5,0,0
2000,8,16,6,4,4
2000,8,16,7,29,28
2000,8,16,8,74,71
2000,8,16,9,233,199
2000,8,16,10,381,252
2000,8,16,11,486,284
2000,8,16,12,716,181
2000,8,16,13,717,215
2000,8,16,14,492,335
2000,8,16,15,603,246
2000,8,16,16,573,180
2000,8,16,17,441,168
2000,8,16,18,231,165
2000,8,16,19,92,85
2000,8,16,20,21,20
2000,8,16,21,0,0
2000,8,16,22,0,0
2000,8,16,23,0,0
2000,8,16,24,0,0
2000,8,17,1,0,0
2000,8,17,2,0,0
2000,8,17,3,0,0
2000,8,17,4,0,0
2000,8,17,5,0,0
2000,8,17,6,8,8
2000,8,17,7,72,65
2000,8,17,8,188,134
2000,8,17,9,253,200
2000,8,17,10,381,250
2000,8,17,11,424,299
2000,8,17,12,555,301
2000,8,17,13,530,331
2000,8,17,14,472,337
2000,8,17,15,665,188
2000,8,17,16,525,216
2000,8,17,17,463,145
2000,8,17,18,322,118
2000,8,17,19,157,89
2000,8,17,20,23,21
2000,8,17,21,0,0
2000,8,17,22,0,0
2000,8,17,23,0,0
2000,8,17,24,0,0
2000,8,18,1,0,0
2000,8,18,2,0,0
2000,8,18,3,0,0
2000,8,18,4,0,0
2000,8,18,5,0,0
2000,8,18,6,11,11
2000,8,18,7,89,64
2000,8,18,8,232,117
2000,8,18,9,400,134
2000,8,18,10,539,149
2000,8,18,11,654,155
2000,8,18,12,605,270
2000,8,18,13,593,302
2000,8,18,14,465,336
2000,8,18,15,438,313
2000,8,18,16,428,264
2000,8,18,17,124,118
2000,8,18,18,58,56
2000,8,18,19,35,34
2000,8,18,20,2,2
2000,8,18,21,0,0
2000,8,18,22,0,0
2000,8,18,23,0,0
2000,8,18,24,0,0
2000,8,19,1,0,0
2000,8,19,2,0,0
2000,8,19,3,0,0
2000,8,19,4,0,0
2000,8,19,5,0,0
2000,8,19,6,2,2
2000,8,19,7,17,17
2000,8,19,8,49,48
2000,8,19,9,113,108
2000,8,19,10,339,253
2000,8,19,11,354,297
2000,8,19,12,281,261
2000,8,19,13,331,305
2000,8,19,14,506,326
2000,8,19,15,571,258
2000,8,19,16,436,259
2000,8,19,17,253,219
2000,8,19,18,97,92
2000,8,19,19,12,12
2000,8,19,20,14,13
2000,8,19,21,0,0
2000,8,19,22,0,0
2000,8,19,23,0,0
2000,8,19,24,0,0
2000,8,20,1,0,0
2000,8,20,2,0,0
2000,8,20,3,0,0
2000,8,20,4,0,0
2000,8,20,5,0,0
2000,8,20,6,11,11
2000,8,20,7,89,60
2000,8,20,8,228,113
2000,8,20,9,356,161
2000,8,20,10,403,237
2000,8,20,11,551,239
2000,8,20,12,564,289
2000,8,20,13,727,190
2000,8,20,14,617,271
2000,8,20,15,223,210
2000,8,20,16,195,184
2000,8,20,17,169,158
2000,8,20,18,75,72
2000,8,20,19,38,37
2000,8,20,20,2,2
2000,8,20,21,0,0
2000,8,20,22,0,0
2000,8,20,23,0,0
2000,8,20,24,0,0
2000,8,21,1,0,0
2000,8,21,2,0,0
2000,8,21,3,0,0
2000,8,21,4,0,0
2000,8,21,5,0,0
2000,8,21,6,9,9
2000,8,21,7,81,59
2000,8,21,8,221,114
2000,8,21,9,334,171
2000,8,21,10,504,171
2000,8,21,11,478,276
2000,8,21,12,706,172
2000,8,21,13,527,323
2000,8,21,14,540,310
2000,8,21,15,583,243
2000,8,21,16,319,269
2000,8,21,17,112,107
2000,8,21,18,54,52
2000,8,21,19,26,25
2000,8,21,20,2,2
2000,8,21,21,0,0
2000,8,21,22,0,0
2000,8,21,23,0,0
2000,8,21,24,0,0
2000,8,22,1,0,0
2000,8,22,2,0,0
2000,8,22,3,0,0
2000,8,22,4,0,0
2000,8,22,5,0,0
2000,8,22,6,7,7
2000,8,22,7,64,57
2000,8,22,8,194,122
2000,8,22,9,353,157
2000,8,22,10,411,230
2000,8,22,11,418,291
2000,8,22,12,375,321
2000,8,22,13,367,329
2000,8,22,14,542,307
2000,8,22,15,515,281
2000,8,22,16,448,246
2000,8,22,17,148,140
2000,8,22,18,154,141
2000,8,22,19,142,78
2000,8,22,20,37,35
2000,8,22,21,0,0
2000,8,22,22,0,0
2000,8,22,23,0,0
2000,8,22,24,0,0
2000,8,23,1,0,0
2000,8,23,2,0,0
2000,8,23,3,0,0
2000,8,23,4,0,0
2000,8,23,5,0,0
2000,8,23,6,8,8
2000,8,23,7,69,56
2000,8,23,8,206,115
2000,8,23,9,372,140
2000,8,23,10,520,149
2000,8,23,11,646,143
2000,8,23,12,683,188
2000,8,23,13,569,301
2000,8,23,14,631,251
2000,8,23,15,673,153
2000,8,23,16,561,160
2000,8,23,17,448,130
2000,8,23,18,284,120
2000,8,23,19,130,80
2000,8,23,20,23,22
2000,8,23,21,0,0
2000,8,23,22,0,0
2000,8,23,23,0,0
2000,8,23,24,0,0
2000,8,24,1,0,0
2000,8,24,2,0,0
2000,8,24,3,0,0
2000,8,24,4,0,0
2000,8,24,5,0,0
2000,8,24,6,9,9
2000,8,24,7,75,54
2000,8,24,8,211,110
2000,8,24,9,373,135
2000,8,24,10,523,142
2000,8,24,11,638,147
2000,8,24,12,719,145
2000,8,24,13,745,153
2000,8,24,14,725,159
2000,8,24,15,667,154
2000,8,24,16,567,149
2000,8,24,17,442,131
2000,8,24,18,275,122
2000,8,24,19,114,80
2000,8,24,20,14,12
2000,8,24,21,0,0
2000,8,24,22,0,0
2000,8,24,23,0,0
2000,8,24,24,0,0
2000,8,25,1,0,0
2000,8,25,2,0,0
2000,8,25,3,0,0
2000,8,25,4,0,0
2000,8,25,5,0,0
2000,8,25,6,1,1
2000,8,25,7,18,17
2000,8,25,8,75,71
2000,8,25,9,133,125
2000,8,25,10,142,135
2000,8,25,11,141,135
2000,8,25,12,205,194
2000,8,25,13,206,196
2000,8,25,14,225,212
2000,8,25,15,265,246
2000,8,25,16,346,263
2000,8,25,17,414,151
2000,8,25,18,278,115
2000,8,25,19,121,76
2000,8,25,20,16,16
2000,8,25,21,0,0
2000,8,25,22,0,0
2000,8,25,23,0,0
2000,8,25,24,0,0
2000,8,26,1,0,0
2000,8,26,2,0,0
2000,8,26,3,0,0
2000,8,26,4,0,0
2000,8,26,5,0,0
2000,8,26,6,8,8
2000,8,26,7,73,50
2000,8,26,8,212,104
2000,8,26,9,363,136
2000,8,26,10,501,155
2000,8,26,11,600,178
2000,8,26,12,653,205
2000,8,26,13,673,218
2000,8,26,14,549,293
2000,8,26,15,528,262
2000,8,26,16,437,238
2000,8,26,17,359,184
2000,8,26,18,203,144
2000,8,26,19,78,71
2000,8,26,20,7,6
2000,8,26,21,0,0
2000,8,26,22,0,0
2000,8,26,23,0,0
2000,8,26,24,0,0
2000,8,27,1,0,0
2000,8,27,2,0,0
2000,8,27,3,0,0
2000,8,27,4,0,0
2000,8,27,5,0,0
2000,8,27,6,0,0
2000,8,27,7,3,3
2000,8,27,8,25,25
2000,8,27,9,64,62
2000,8,27,10,149,141
2000,8,27,11,201,189
2000,8,27,12,166,159
2000,8,27,13,224,211
2000,8,27,14,184,175
2000,8,27,15,138,133
2000,8,27,16,38,38
2000,8,27,17,28,28
2000,8,27,18,20,20
2000,8,27,19,34,33
2000,8,27,20,9,9
2000,8,27,21,0,0
2000,8,27,22,0,0
2000,8,27,23,0,0
2000,8,27,24,0,0
2000,8,28,1,0,0
2000,8,28,2,0,0
2000,8,28,3,0,0
2000,8,28,4,0,0
2000,8,28,5,0,0
2000,8,28,6,3,3
2000,8,28,7,29,28
2000,8,28,8,123,112
2000,8,28,9,294,171
2000,8,28,10,301,240
2000,8,28,11,281,258
2000,8,28,12,275,255
2000,8,28,13,179,171
2000,8,28,14,280,260
2000,8,28,15,328,292
2000,8,28,16,265,243
2000,8,28,17,88,85
2000,8,28,18,138,127
2000,8,28,19,102,71
2000,8,28,20,14,14
2000,8,28,21,0,0
2000,8,28,22,0,0
2000,8,28,23,0,0
2000,8,28,24,0,0
2000,8,29,1,0,0
2000,8,29,2,0,0
2000,8,29,3,0,0
2000,8,29,4,0,0
2000,8,29,5,0,0
2000,8,29,6,5,5
2000,8,29,7,39,36
2000,8,29,8,95,89
2000,8,29,9,179,165
2000,8,29,10,320,239
2000,8,29,11,388,283
2000,8,29,12,516,289
2000,8,29,13,586,274
2000,8,29,14,338,309
2000,8,29,15,322,289
2000,8,29,16,205,192
2000,8,29,17,244,201
2000,8,29,18,231,126
2000,8,29,19,104,67
2000,8,29,20,12,12
2000,8,29,21,0,0
2000,8,29,22,0,0
2000,8,29,23,0,0
2000,8,29,24,0,0
2000,8,30,1,0,0
2000,8,30,2,0,0
2000,8,30,3,0,0
2000,8,30,4,0,0
2000,8,30,5,0,0
2000,8,30,6,6,6
2000,8,30,7,58,44
2000,8,30,8,184,106
2000,8,30,9,281,171
2000,8,30,10,427,199
2000,8,30,11,498,243
2000,8,30,12,488,297
2000,8,30,13,605,257
2000,8,30,14,486,306
2000,8,30,15,634,158
2000,8,30,16,413,235
2000,8,30,17,446,90
2000,8,30,18,271,94
2000,8,30,19,97,65
2000,8,30,20,9,9
2000,8,30,21,0,0
2000,8,30,22,0,0
2000,8,30,23,0,0
2000,8,30,24,0,0
2000,8,31,1,0,0
2000,8,31,2,0,0
2000,8,31,3,0,0
2000,8,31,4,0,0
2000,8,31,5,0,0
2000,8,31,6,6,6
2000,8,31,7,54,42
2000,8,31,8,185,103
2000,8,31,9,342,135
2000,8,31,10,471,163
2000,8,31,11,503,237
2000,8,31,12,602,230
2000,8,31,13,766,136
2000,8,31,14,449,312
2000,8,31,15,300,275
2000,8,31,16,382,243
2000,8,31,17,220,194
2000,8,31,18,177,133
2000,8,31,19,66,60
2000,8,31,20,7,7
2000,8,31,21,0,0
2000,8,31,22,0,0
2000,8,31,23,0,0
2000,8,31,24,0,0
1992,9,1,1,0,0
1992,9,1,2,0,0
1992,9,1,3,0,0
1992,9,1,4,0,0
1992,9,1,5,0,0
1992,9,1,6,0,0
1992,9,1,7,36,33
1992,9,1,8,56,54
1992,9,1,9,233,176
1992,9,1,10,444,181
1992,9,1,11,386,277
1992,9,1,12,353,305
1992,9,1,13,189,180
1992,9,1,14,189,180
1992,9,1,15,56,55
1992,9,1,16,278,245
1992,9,1,17,289,190
1992,9,1,18,150,130
1992,9,1,19,72,61
1992,9,1,20,6,6
1992,9,1,21,0,0
1992,9,1,22,0,0
1992,9,1,23,0,0
1992,9,1,24,0,0
1992,9,2,1,0,0
1992,9,2,2,0,0
1992,9,2,3,0,0
1992,9,2,4,0,0
1992,9,2,5,0,0
1992,9,2,6,0,0
1992,9,2,7,14,14
1992,9,2,8,67,64
1992,9,2,9,136,127
1992,9,2,10,367,220
1992,9,2,11,311,273
1992,9,2,12,175,167
1992,9,2,13,94,92
1992,9,2,14,78,76
1992,9,2,15,78,76
1992,9,2,16,56,55
1992,9,2,17,33,33
1992,9,2,18,19,19
1992,9,2,19,6,6
1992,9,2,20,0,0
1992,9,2,21,0,0
1992,9,2,22,0,0
1992,9,2,23,0,0
1992,9,2,24,0,0
1992,9,3,1,0,0
1992,9,3,2,0,0
1992,9,3,3,0,0
1992,9,3,4,0,0
1992,9,3,5,0,0
1992,9,3,6,0,0
1992,9,3,7,3,3
1992,9,3,8,47,45
1992,9,3,9,67,65
1992,9,3,10,175,164
1992,9,3,11,264,243
1992,9,3,12,358,303
1992,9,3,13,533,287
1992,9,3,14,278,258
1992,9,3,15,117,113
1992,9,3,16,236,217
1992,9,3,17,78,75
1992,9,3,18,53,51
1992,9,3,19,31,30
1992,9,3,20,3,3
1992,9,3,21,0,0
1992,9,3,22,0,0
1992,9,3,23,0,0
1992,9,3,24,0,0
1992,9,4,1,0,0
1992,9,4,2,0,0
1992,9,4,3,0,0
1992,9,4,4,0,0
1992,9,4,5,0,0
1992,9,4,6,0,0
1992,9,4,7,0,0
1992,9,4,8,17,17
1992,9,4,9,25,25
1992,9,4,10,156,147
1992,9,4,11,178,169
1992,9,4,12,289,266
1992,9,4,13,139,134
1992,9,4,14,503,286
1992,9,4,15,461,264
1992,9,4,16,150,142
1992,9,4,17,128,121
1992,9,4,18,58,56
1992,9,4,19,31,30
1992,9,4,20,0,0
1992,9,4,21,0,0
1992,9,4,22,0,0
1992,9,4,23,0,0
1992,9,4,24,0,0
1992,9,5,1,0,0
1992,9,5,2,0,0
1992,9,5,3,0,0
1992,9,5,4,0,0
1992,9,5,5,0,0
1992,9,5,6,0,0
1992,9,5,7,14,14
1992,9,5,8,75,71
1992,9,5,9,278,157
1992,9,5,10,86,83
1992,9,5,11,172,163
1992,9,5,12,139,134
1992,9,5,13,125,121
1992,9,5,14,131,126
1992,9,5,15,278,255
1992,9,5,16,244,224
1992,9,5,17,333,157
1992,9,5,18,242,84
1992,9,5,19,69,51
1992,9,5,20,0,0
1992,9,5,21,0,0
1992,9,5,22,0,0
1992,9,5,23,0,0
1992,9,5,24,0,0
1992,9,6,1,0,0
1992,9,6,2,0,0
1992,9,6,3,0,0
1992,9,6,4,0,0
1992,9,6,5,0,0
1992,9,6,6,0,0
1992,9,6,7,28,26
1992,9,6,8,133,101
1992,9,6,9,286,150
1992,9,6,10,444,162
1992,9,6,11,564,166
1992,9,6,12,642,166
1992,9,6,13,700,136
1992,9,6,14,553,252
1992,9,6,15,589,165
1992,9,6,16,317,238
1992,9,6,17,311,165
1992,9,6,18,111,103
1992,9,6,19,28,27
1992,9,6,20,3,3
1992,9,6,21,0,0
1992,9,6,22,0,0
1992,9,6,23,0,0
1992,9,6,24,0,0
1992,9,7,1,0,0
1992,9,7,2,0,0
1992,9,7,3,0,0
1992,9,7,4,0,0
1992,9,7,5,0,0
1992,9,7,6,0,0
1992,9,7,7,11,11
1992,9,7,8,58,55
1992,9,7,9,144,134
1992,9,7,10,400,189
1992,9,7,11,564,161
1992,9,7,12,297,273
1992,9,7,13,203,192
1992,9,7,14,117,113
1992,9,7,15,94,91
1992,9,7,16,161,152
1992,9,7,17,186,170
1992,9,7,18,225,87
1992,9,7,19,72,51
1992,9,7,20,3,3
1992,9,7,21,0,0
1992,9,7,22,0,0
1992,9,7,23,0,0
1992,9,7,24,0,0
1992,9,8,1,0,0
1992,9,8,2,0,0
1992,9,8,3,0,0
1992,9,8,4,0,0
1992,9,8,5,0,0
1992,9,8,6,0,0
1992,9,8,7,11,11
1992,9,8,8,78,73
1992,9,8,9,267,153
1992,9,8,10,467,132
1992,9,8,11,339,267
1992,9,8,12,461,283
1992,9,8,13,181,172
1992,9,8,14,117,113
1992,9,8,15,147,141
1992,9,8,16,133,127
1992,9,8,17,339,138
1992,9,8,18,172,110
1992,9,8,19,50,43
1992,9,8,20,0,0
1992,9,8,21,0,0
1992,9,8,22,0,0
1992,9,8,23,0,0
1992,9,8,24,0,0
1992,9,9,1,0,0
1992,9,9,2,0,0
1992,9,9,3,0,0
1992,9,9,4,0,0
1992,9,9,5,0,0
1992,9,9,6,0,0
1992,9,9,7,14,13
1992,9,9,8,128,96
1992,9,9,9,283,142
1992,9,9,10,436,156
1992,9,9,11,533,181
1992,9,9,12,433,288
1992,9,9,13,444,300
1992,9,9,14,467,284
1992,9,9,15,486,232
1992,9,9,16,108,104
1992,9,9,17,206,175
1992,9,9,18,156,110
1992,9,9,19,11,11
1992,9,9,20,0,0
1992,9,9,21,0,0
1992,9,9,22,0,0
1992,9,9,23,0,0
1992,9,9,24,0,0
1992,9,10,1,0,0
1992,9,10,2,0,0
1992,9,10,3,0,0
1992,9,10,4,0,0
1992,9,10,5,0,0
1992,9,10,6,0,0
1992,9,10,7,14,13
1992,9,10,8,114,94
1992,9,10,9,267,147
1992,9,10,10,419,165
1992,9,10,11,531,178
1992,9,10,12,614,175
1992,9,10,13,650,169
1992,9,10,14,586,210
1992,9,10,15,531,196
1992,9,10,16,403,198
1992,9,10,17,306,150
1992,9,10,18,153,108
1992,9,10,19,42,37
1992,9,10,20,0,0
1992,9,10,21,0,0
1992,9,10,22,0,0
1992,9,10,23,0,0
1992,9,10,24,0,0
1992,9,11,1,0,0
1992,9,11,2,0,0
1992,9,11,3,0,0
1992,9,11,4,0,0
1992,9,11,5,0,0
1992,9,11,6,0,0
1992,9,11,7,8,8
1992,9,11,8,33,32
1992,9,11,9,217,158
1992,9,11,10,397,177
1992,9,11,11,511,190
1992,9,11,12,589,193
1992,9,11,13,528,262
1992,9,11,14,214,201
1992,9,11,15,133,128
1992,9,11,16,94,91
1992,9,11,17,33,32
1992,9,11,18,56,54
1992,9,11,19,50,35
1992,9,11,20,0,0
1992,9,11,21,0,0
1992,9,11,22,0,0
1992,9,11,23,0,0
1992,9,11,24,0,0
1992,9,12,1,0,0
1992,9,12,2,0,0
1992,9,12,3,0,0
1992,9,12,4,0,0
1992,9,12,5,0,0
1992,9,12,6,0,0
1992,9,12,7,14,13
1992,9,12,8,111,90
1992,9,12,9,239,152
1992,9,12,10,406,167
1992,9,12,11,461,222
1992,9,12,12,408,286
1992,9,12,13,419,297
1992,9,12,14,458,278
1992,9,12,15,344,266
1992,9,12,16,297,224
1992,9,12,17,178,163
1992,9,12,18,83,78
1992,9,12,19,31,29
1992,9,12,20,0,0
1992,9,12,21,0,0
1992,9,12,22,0,0
1992,9,12,23,0,0
1992,9,12,24,0,0
1992,9,13,1,0,0
1992,9,13,2,0,0
1992,9,13,3,0,0
1992,9,13,4,0,0
1992,9,13,5,0,0
1992,9,13,6,0,0
1992,9,13,7,11,10
1992,9,13,8,78,72
1992,9,13,9,150,138
1992,9,13,10,239,210
1992,9,13,11,350,257
1992,9,13,12,431,278
1992,9,13,13,394,297
1992,9,13,14,286,263
1992,9,13,15,261,240
1992,9,13,16,136,129
1992,9,13,17,100,95
1992,9,13,18,47,45
1992,9,13,19,6,6
1992,9,13,20,0,0
1992,9,13,21,0,0
1992,9,13,22,0,0
1992,9,13,23,0,0
1992,9,13,24,0,0
1992,9,14,1,0,0
1992,9,14,2,0,0
1992,9,14,3,0,0
1992,9,14,4,0,0
1992,9,14,5,0,0
1992,9,14,6,0,0
1992,9,14,7,11,10
1992,9,14,8,111,87
1992,9,14,9,264,136
1992,9,14,10,350,193
1992,9,14,11,353,254
1992,9,14,12,547,215
1992,9,14,13,633,164
1992,9,14,14,572,201
1992,9,14,15,406,250
1992,9,14,16,403,179
1992,9,14,17,306,129
1992,9,14,18,158,92
1992,9,14,19,17,16
1992,9,14,20,0,0
1992,9,14,21,0,0
1992,9,14,22,0,0
1992,9,14,23,0,0
1992,9,14,24,0,0
1992,9,15,1,0,0
1992,9,15,2,0,0
1992,9,15,3,0,0
1992,9,15,4,0,0
1992,9,15,5,0,0
1992,9,15,6,0,0
1992,9,15,7,94,93
1992,9,15,8,69,64
1992,9,15,9,153,140
1992,9,15,10,383,171
1992,9,15,11,478,199
1992,9,15,12,536,219
1992,9,15,13,553,229
1992,9,15,14,525,232
1992,9,15,15,439,233
1992,9,15,16,411,168
1992,9,15,17,286,137
1992,9,15,18,147,92
1992,9,15,19,36,33
1992,9,15,20,0,0
1992,9,15,21,0,0
1992,9,15,22,0,0
1992,9,15,23,0,0
1992,9,15,24,0,0
1992,9,16,1,0,0
1992,9,16,2,0,0
1992,9,16,3,0,0
1992,9,16,4,0,0
1992,9,16,5,0,0
1992,9,16,6,0,0
1992,9,16,7,6,6
1992,9,16,8,47,45
1992,9,16,9,103,97
1992,9,16,10,231,204
1992,9,16,11,331,252
1992,9,16,12,147,141
1992,9,16,13,300,275
1992,9,16,14,233,217
1992,9,16,15,367,254
1992,9,16,16,292,214
1992,9,16,17,197,158
1992,9,16,18,86,79
1992,9,16,19,22,20
1992,9,16,20,0,0
1992,9,16,21,0,0
1992,9,16,22,0,0
1992,9,16,23,0,0
1992,9,16,24,0,0
1992,9,17,1,0,0
1992,9,17,2,0,0
1992,9,17,3,0,0
1992,9,17,4,0,0
1992,9,17,5,0,0
1992,9,17,6,0,0
1992,9,17,7,8,7
1992,9,17,8,100,81
1992,9,17,9,253,131
1992,9,17,10,389,159
1992,9,17,11,475,193
1992,9,17,12,525,218
1992,9,17,13,594,185
1992,9,17,14,581,177
1992,9,17,15,536,151
1992,9,17,16,425,145
1992,9,17,17,283,129
1992,9,17,18,136,87
1992,9,17,19,22,19
1992,9,17,20,0,0
1992,9,17,21,0,0
1992,9,17,22,0,0
1992,9,17,23,0,0
1992,9,17,24,0,0
1992,9,18,1,0,0
1992,9,18,2,0,0
1992,9,18,3,0,0
1992,9,18,4,0,0
1992,9,18,5,0,0
1992,9,18,6,0,0
1992,9,18,7,8,7
1992,9,18,8,31,30
1992,9,18,9,69,66
1992,9,18,10,153,144
1992,9,18,11,178,168
1992,9,18,12,133,128
1992,9,18,13,172,164
1992,9,18,14,200,188
1992,9,18,15,192,180
1992,9,18,16,44,43
1992,9,18,17,28,28
1992,9,18,18,67,63
1992,9,18,19,11,10
1992,9,18,20,0,0
1992,9,18,21,0,0
1992,9,18,22,0,0
1992,9,18,23,0,0
1992,9,18,24,0,0
1992,9,19,1,0,0
1992,9,19,2,0,0
1992,9,19,3,0,0
1992,9,19,4,0,0
1992,9,19,5,0,0
1992,9,19,6,0,0
1992,9,19,7,8,8
1992,9,19,8,83,75
1992,9,19,9,200,143
1992,9,19,10,256,202
1992,9,19,11,339,245
1992,9,19,12,244,226
1992,9,19,13,200,188
1992,9,19,14,114,110
1992,9,19,15,86,84
1992,9,19,16,222,201
1992,9,19,17,94,89
1992,9,19,18,47,45
1992,9,19,19,8,8
1992,9,19,20,0,0
1992,9,19,21,0,0
1992,9,19,22,0,0
1992,9,19,23,0,0
1992,9,19,24,0,0
1992,9,20,1,0,0
1992,9,20,2,0,0
1992,9,20,3,0,0
1992,9,20,4,0,0
1992,9,20,5,0,0
1992,9,20,6,0,0
1992,9,20,7,3,3
1992,9,20,8,19,19
1992,9,20,9,78,74
1992,9,20,10,147,138
1992,9,20,11,311,244
1992,9,20,12,403,266
1992,9,20,13,281,258
1992,9,20,14,378,273
1992,9,20,15,350,245
1992,9,20,16,247,204
1992,9,20,17,111,104
1992,9,20,18,47,45
1992,9,20,19,8,8
1992,9,20,20,0,0
1992,9,20,21,0,0
1992,9,20,22,0,0
1992,9,20,23,0,0
1992,9,20,24,0,0
1992,9,21,1,0,0
1992,9,21,2,0,0
1992,9,21,3,0,0
1992,9,21,4,0,0
1992,9,21,5,0,0
1992,9,21,6,0,0
1992,9,21,7,3,3
1992,9,21,8,28,27
1992,9,21,9,153,137
1992,9,21,10,283,195
1992,9,21,11,400,222
1992,9,21,12,444,249
1992,9,21,13,453,262
1992,9,21,14,383,269
1992,9,21,15,264,239
1992,9,21,16,289,199
1992,9,21,17,119,111
1992,9,21,18,78,72
1992,9,21,19,11,11
1992,9,21,20,0,0
1992,9,21,21,0,0
1992,9,21,22,0,0
1992,9,21,23,0,0
1992,9,21,24,0,0
1992,9,22,1,0,0
1992,9,22,2,0,0
1992,9,22,3,0,0
1992,9,22,4,0,0
1992,9,22,5,0,0
1992,9,22,6,0,0
1992,9,22,7,6,6
1992,9,22,8,64,59
1992,9,22,9,178,138
1992,9,22,10,325,179
1992,9,22,11,267,236
1992,9,22,12,306,265
1992,9,22,13,369,278
1992,9,22,14,264,243
1992,9,22,15,97,94
1992,9,22,16,136,128
1992,9,22,17,56,54
1992,9,22,18,14,14
1992,9,22,19,6,6
1992,9,22,20,0,0
1992,9,22,21,0,0
1992,9,22,22,0,0
1992,9,22,23,0,0
1992,9,22,24,0,0
1992,9,23,1,0,0
1992,9,23,2,0,0
1992,9,23,3,0,0
1992,9,23,4,0,0
1992,9,23,5,0,0
1992,9,23,6,0,0
1992,9,23,7,0,0
1992,9,23,8,33,32
1992,9,23,9,47,46
1992,9,23,10,42,41
1992,9,23,11,300,238
1992,9,23,12,408,256
1992,9,23,13,467,248
1992,9,23,14,211,197
1992,9,23,15,53,52
1992,9,23,16,94,90
1992,9,23,17,22,22
1992,9,23,18,19,19
1992,9,23,19,3,3
1992,9,23,20,0,0
1992,9,23,21,0,0
1992,9,23,22,0,0
1992,9,23,23,0,0
1992,9,23,24,0,0
1992,9,24,1,0,0
1992,9,24,2,0,0
1992,9,24,3,0,0
1992,9,24,4,0,0
1992,9,24,5,0,0
1992,9,24,6,0,0
1992,9,24,7,3,3
1992,9,24,8,78,67
1992,9,24,9,186,133
1992,9,24,10,228,191
1992,9,24,11,322,235
1992,9,24,12,253,233
1992,9,24,13,322,272
1992,9,24,14,333,265
1992,9,24,15,242,222
1992,9,24,16,144,135
1992,9,24,17,69,66
1992,9,24,18,25,24
1992,9,24,19,3,3
1992,9,24,20,0,0
1992,9,24,21,0,0
1992,9,24,22,0,0
1992,9,24,23,0,0
1992,9,24,24,0,0
1992,9,25,1,0,0
1992,9,25,2,0,0
1992,9,25,3,0,0
1992,9,25,4,0,0
1992,9,25,5,0,0
1992,9,25,6,0,0
1992,9,25,7,0,0
1992,9,25,8,36,34
1992,9,25,9,92,87
1992,9,25,10,236,189
1992,9,25,11,381,217
1992,9,25,12,458,227
1992,9,25,13,458,245
1992,9,25,14,369,260
1992,9,25,15,381,219
1992,9,25,16,339,164
1992,9,25,17,192,133
1992,9,25,18,72,66
1992,9,25,19,8,8
1992,9,25,20,0,0
1992,9,25,21,0,0
1992,9,25,22,0,0
1992,9,25,23,0,0
1992,9,25,24,0,0
1992,9,26,1,0,0
1992,9,26,2,0,0
1992,9,26,3,0,0
1992,9,26,4,0,0
1992,9,26,5,0,0
1992,9,26,6,0,0
1992,9,26,7,3,3
1992,9,26,8,69,62
1992,9,26,9,197,126
1992,9,26,10,342,155
1992,9,26,11,422,191
1992,9,26,12,511,186
1992,9,26,13,539,185
1992,9,26,14,528,172
1992,9,26,15,461,164
1992,9,26,16,356,147
1992,9,26,17,219,120
1992,9,26,18,86,65
1992,9,26,19,6,6
1992,9,26,20,0,0
1992,9,26,21,0,0
1992,9,26,22,0,0
1992,9,26,23,0,0
1992,9,26,24,0,0
1992,9,27,1,0,0
1992,9,27,2,0,0
1992,9,27,3,0,0
1992,9,27,4,0,0
1992,9,27,5,0,0
1992,9,27,6,0,0
1992,9,27,7,3,3
1992,9,27,8,56,52
1992,9,27,9,181,127
1992,9,27,10,303,172
1992,9,27,11,406,197
1992,9,27,12,483,202
1992,9,27,13,519,196
1992,9,27,14,506,185
1992,9,27,15,433,180
1992,9,27,16,331,158
1992,9,27,17,192,125
1992,9,27,18,78,62
1992,9,27,19,6,6
1992,9,27,20,0,0
1992,9,27,21,0,0
1992,9,27,22,0,0
1992,9,27,23,0,0
1992,9,27,24,0,0
1992,9,28,1,0,0
1992,9,28,2,0,0
1992,9,28,3,0,0
1992,9,28,4,0,0
1992,9,28,5,0,0
1992,9,28,6,0,0
1992,9,28,7,3,3
1992,9,28,8,56,52
1992,9,28,9,181,125
1992,9,28,10,314,163
1992,9,28,11,422,183
1992,9,28,12,494,189
1992,9,28,13,531,181
1992,9,28,14,506,179
1992,9,28,15,436,172
1992,9,28,16,339,148
1992,9,28,17,206,117
1992,9,28,18,72,59
1992,9,28,19,3,3
1992,9,28,20,0,0
1992,9,28,21,0,0
1992,9,28,22,0,0
1992,9,28,23,0,0
1992,9,28,24,0,0
1992,9,29,1,0,0
1992,9,29,2,0,0
1992,9,29,3,0,0
1992,9,29,4,0,0
1992,9,29,5,0,0
1992,9,29,6,0,0
1992,9,29,7,11,11
1992,9,29,8,31,30
1992,9,29,9,128,117
1992,9,29,10,203,178
1992,9,29,11,292,225
1992,9,29,12,308,252
1992,9,29,13,167,158
1992,9,29,14,117,113
1992,9,29,15,53,52
1992,9,29,16,69,67
1992,9,29,17,106,99
1992,9,29,18,42,39
1992,9,29,19,3,3
1992,9,29,20,0,0
1992,9,29,21,0,0
1992,9,29,22,0,0
1992,9,29,23,0,0
1992,9,29,24,0,0
1992,9,30,1,0,0
1992,9,30,2,0,0
1992,9,30,3,0,0
1992,9,30,4,0,0
1992,9,30,5,0,0
1992,9,30,6,0,0
1992,9,30,7,0,0
1992,9,30,8,17,17
1992,9,30,9,72,69
1992,9,30,10,206,177
1992,9,30,11,211,195
1992,9,30,12,311,250
1992,9,30,13,375,256
1992,9,30,14,331,250
1992,9,30,15,178,166
1992,9,30,16,139,130
1992,9,30,17,78,74
1992,9,30,18,17,17
1992,9,30,19,0,0
1992,9,30,20,0,0
1992,9,30,21,0,0
1992,9,30,22,0,0
1992,9,30,23,0,0
1992,9,30,24,0,0
2004,10,1,1,0,0
2004,10,1,2,0,0
2004,10,1,3,0,0
2004,10,1,4,0,0
2004,10,1,5,0,0
2004,10,1,6,0,0
2004,10,1,7,0,0
2004,10,1,8,11,11
2004,10,1,9,67,64
2004,10,1,10,114,108
2004,10,1,11,100,96
2004,10,1,12,72,70
2004,10,1,13,125,120
2004,10,1,14,136,130
2004,10,1,15,197,183
2004,10,1,16,225,175
2004,10,1,17,58,56
2004,10,1,18,25,24
2004,10,1,19,0,0
2004,10,1,20,0,0
2004,10,1,21,0,0
2004,10,1,22,0,0
2004,10,1,23,0,0
2004,10,1,24,0,0
2004,10,2,1,0,0
2004,10,2,2,0,0
2004,10,2,3,0,0
2004,10,2,4,0,0
2004,10,2,5,0,0
2004,10,2,6,0,0
2004,10,2,7,0,0
2004,10,2,8,61,51
2004,10,2,9,200,106
2004,10,2,10,278,165
2004,10,2,11,344,208
2004,10,2,12,381,236
2004,10,2,13,286,251
2004,10,2,14,408,224
2004,10,2,15,389,183
2004,10,2,16,217,173
2004,10,2,17,125,112
2004,10,2,18,36,34
2004,10,2,19,0,0
2004,10,2,20,0,0
2004,10,2,21,0,0
2004,10,2,22,0,0
2004,10,2,23,0,0
2004,10,2,24,0,0
2004,10,3,1,0,0
2004,10,3,2,0,0
2004,10,3,3,0,0
2004,10,3,4,0,0
2004,10,3,5,0,0
2004,10,3,6,0,0
2004,10,3,7,0,0
2004,10,3,8,47,43
2004,10,3,9,169,114
2004,10,3,10,286,159
2004,10,3,11,342,205
2004,10,3,12,239,220
2004,10,3,13,256,235
2004,10,3,14,178,167
2004,10,3,15,122,116
2004,10,3,16,114,108
2004,10,3,17,83,78
2004,10,3,18,17,16
2004,10,3,19,0,0
2004,10,3,20,0,0
2004,10,3,21,0,0
2004,10,3,22,0,0
2004,10,3,23,0,0
2004,10,3,24,0,0
2004,10,4,1,0,0
2004,10,4,2,0,0
2004,10,4,3,0,0
2004,10,4,4,0,0
2004,10,4,5,0,0
2004,10,4,6,0,0
2004,10,4,7,0,0
2004,10,4,8,36,34
2004,10,4,9,103,95
2004,10,4,10,297,150
2004,10,4,11,200,185
2004,10,4,12,192,179
2004,10,4,13,258,236
2004,10,4,14,144,137
2004,10,4,15,108,103
2004,10,4,16,58,56
2004,10,4,17,17,17
2004,10,4,18,0,0
2004,10,4,19,0,0
2004,10,4,20,0,0
2004,10,4,21,0,0
2004,10,4,22,0,0
2004,10,4,23,0,0
2004,10,4,24,0,0
2004,10,5,1,0,0
2004,10,5,2,0,0
2004,10,5,3,0,0
2004,10,5,4,0,0
2004,10,5,5,0,0
2004,10,5,6,0,0
2004,10,5,7,0,0
2004,10,5,8,11,11
2004,10,5,9,47,45
2004,10,5,10,153,142
2004,10,5,11,214,196
2004,10,5,12,200,186
2004,10,5,13,281,244
2004,10,5,14,161,152
2004,10,5,15,114,109
2004,10,5,16,75,72
2004,10,5,17,39,38
2004,10,5,18,31,29
2004,10,5,19,0,0
2004,10,5,20,0,0
2004,10,5,21,0,0
2004,10,5,22,0,0
2004,10,5,23,0,0
2004,10,5,24,0,0
2004,10,6,1,0,0
2004,10,6,2,0,0
2004,10,6,3,0,0
2004,10,6,4,0,0
2004,10,6,5,0,0
2004,10,6,6,0,0
2004,10,6,7,0,0
2004,10,6,8,8,8
2004,10,6,9,111,102
2004,10,6,10,283,149
2004,10,6,11,397,163
2004,10,6,12,283,236
2004,10,6,13,358,241
2004,10,6,14,356,228
2004,10,6,15,397,156
2004,10,6,16,200,162
2004,10,6,17,133,104
2004,10,6,18,33,31
2004,10,6,19,0,0
2004,10,6,20,0,0
2004,10,6,21,0,0
2004,10,6,22,0,0
2004,10,6,23,0,0
2004,10,6,24,0,0
2004,10,7,1,0,0
2004,10,7,2,0,0
2004,10,7,3,0,0
2004,10,7,4,0,0
2004,10,7,5,0,0
2004,10,7,6,0,0
2004,10,7,7,0,0
2004,10,7,8,25,24
2004,10,7,9,181,97
2004,10,7,10,308,130
2004,10,7,11,319,200
2004,10,7,12,181,170
2004,10,7,13,244,224
2004,10,7,14,269,230
2004,10,7,15,231,201
2004,10,7,16,194,159
2004,10,7,17,153,98
2004,10,7,18,25,24
2004,10,7,19,0,0
2004,10,7,20,0,0
2004,10,7,21,0,0
2004,10,7,22,0,0
2004,10,7,23,0,0
2004,10,7,24,0,0
2004,10,8,1,0,0
2004,10,8,2,0,0
2004,10,8,3,0,0
2004,10,8,4,0,0
2004,10,8,5,0,0
2004,10,8,6,0,0
2004,10,8,7,0,0
2004,10,8,8,3,3
2004,10,8,9,25,25
2004,10,8,10,131,122
2004,10,8,11,122,116
2004,10,8,12,217,200
2004,10,8,13,250,229
2004,10,8,14,447,170
2004,10,8,15,272,201
2004,10,8,16,222,155
2004,10,8,17,111,97
2004,10,8,18,28,26
2004,10,8,19,0,0
2004,10,8,20,0,0
2004,10,8,21,0,0
2004,10,8,22,0,0
2004,10,8,23,0,0
2004,10,8,24,0,0
2004,10,9,1,0,0
2004,10,9,2,0,0
2004,10,9,3,0,0
2004,10,9,4,0,0
2004,10,9,5,0,0
2004,10,9,6,0,0
2004,10,9,7,0,0
2004,10,9,8,47,37
2004,10,9,9,181,90
2004,10,9,10,317,113
2004,10,9,11,436,112
2004,10,9,12,492,127
2004,10,9,13,483,158
2004,10,9,14,400,197
2004,10,9,15,381,151
2004,10,9,16,294,118
2004,10,9,17,94,86
2004,10,9,18,28,26
2004,10,9,19,0,0
2004,10,9,20,0,0
2004,10,9,21,0,0
2004,10,9,22,0,0
2004,10,9,23,0,0
2004,10,9,24,0,0
2004,10,10,1,0,0
2004,10,10,2,0,0
2004,10,10,3,0,0
2004,10,10,4,0,0
2004,10,10,5,0,0
2004,10,10,6,0,0
2004,10,10,7,0,0
2004,10,10,8,44,35
2004,10,10,9,178,87
2004,10,10,10,314,110
2004,10,10,11,433,108
2004,10,10,12,508,103
2004,10,10,13,531,102
2004,10,10,14,497,109
2004,10,10,15,375,150
2004,10,10,16,281,121
2004,10,10,17,139,91
2004,10,10,18,19,18
2004,10,10,19,0,0
2004,10,10,20,0,0
2004,10,10,21,0,0
2004,10,10,22,0,0
2004,10,10,23,0,0
2004,10,10,24,0,0
2004,10,11,1,0,0
2004,10,11,2,0,0
2004,10,11,3,0,0
2004,10,11,4,0,0
2004,10,11,5,0,0
2004,10,11,6,0,0
2004,10,11,7,0,0
2004,10,11,8,44,33
2004,10,11,9,178,83
2004,10,11,10,311,107
2004,10,11,11,422,113
2004,10,11,12,494,112
2004,10,11,13,514,114
2004,10,11,14,486,113
2004,10,11,15,406,116
2004,10,11,16,283,114
2004,10,11,17,150,83
2004,10,11,18,22,20
2004,10,11,19,0,0
2004,10,11,20,0,0
2004,10,11,21,0,0
2004,10,11,22,0,0
2004,10,11,23,0,0
2004,10,11,24,0,0
2004,10,12,1,0,0
2004,10,12,2,0,0
2004,10,12,3,0,0
2004,10,12,4,0,0
2004,10,12,5,0,0
2004,10,12,6,0,0
2004,10,12,7,0,0
2004,10,12,8,14,13
2004,10,12,9,47,45
2004,10,12,10,206,153
2004,10,12,11,389,138
2004,10,12,12,464,136
2004,10,12,13,458,162
2004,10,12,14,456,137
2004,10,12,15,372,140
2004,10,12,16,264,122
2004,10,12,17,119,88
2004,10,12,18,6,6
2004,10,12,19,0,0
2004,10,12,20,0,0
2004,10,12,21,0,0
2004,10,12,22,0,0
2004,10,12,23,0,0
2004,10,12,24,0,0
2004,10,13,1,0,0
2004,10,13,2,0,0
2004,10,13,3,0,0
2004,10,13,4,0,0
2004,10,13,5,0,0
2004,10,13,6,0,0
2004,10,13,7,0,0
2004,10,13,8,42,33
2004,10,13,9,81,75
2004,10,13,10,142,131
2004,10,13,11,214,190
2004,10,13,12,258,219
2004,10,13,13,433,176
2004,10,13,14,344,206
2004,10,13,15,242,188
2004,10,13,16,208,141
2004,10,13,17,144,77
2004,10,13,18,11,10
2004,10,13,19,0,0
2004,10,13,20,0,0
2004,10,13,21,0,0
2004,10,13,22,0,0
2004,10,13,23,0,0
2004,10,13,24,0,0
2004,10,14,1,0,0
2004,10,14,2,0,0
2004,10,14,3,0,0
2004,10,14,4,0,0
2004,10,14,5,0,0
2004,10,14,6,0,0
2004,10,14,7,0,0
2004,10,14,8,6,6
2004,10,14,9,47,45
2004,10,14,10,197,149
2004,10,14,11,264,191
2004,10,14,12,131,125
2004,10,14,13,164,154
2004,10,14,14,150,141
2004,10,14,15,142,133
2004,10,14,16,119,111
2004,10,14,17,44,42
2004,10,14,18,3,3
2004,10,14,19,0,0
2004,10,14,20,0,0
2004,10,14,21,0,0
2004,10,14,22,0,0
2004,10,14,23,0,0
2004,10,14,24,0,0
2004,10,15,1,0,0
2004,10,15,2,0,0
2004,10,15,3,0,0
2004,10,15,4,0,0
2004,10,15,5,0,0
2004,10,15,6,0,0
2004,10,15,7,0,0
2004,10,15,8,28,24
2004,10,15,9,69,65
2004,10,15,10,147,135
2004,10,15,11,239,189
2004,10,15,12,411,165
2004,10,15,13,400,189
2004,10,15,14,258,212
2004,10,15,15,347,142
2004,10,15,16,219,131
2004,10,15,17,83,76
2004,10,15,18,6,6
2004,10,15,19,0,0
2004,10,15,20,0,0
2004,10,15,21,0,0
2004,10,15,22,0,0
2004,10,15,23,0,0
2004,10,15,24,0,0
2004,10,16,1,0,0
2004,10,16,2,0,0
2004,10,16,3,0,0
2004,10,16,4,0,0
2004,10,16,5,0,0
2004,10,16,6,0,0
2004,10,16,7,0,0
2004,10,16,8,8,8
2004,10,16,9,17,17
2004,10,16,10,31,30
2004,10,16,11,75,73
2004,10,16,12,94,91
2004,10,16,13,78,76
2004,10,16,14,81,78
2004,10,16,15,58,56
2004,10,16,16,81,77
2004,10,16,17,53,50
2004,10,16,18,8,7
2004,10,16,19,0,0
2004,10,16,20,0,0
2004,10,16,21,0,0
2004,10,16,22,0,0
2004,10,16,23,0,0
2004,10,16,24,0,0
2004,10,17,1,0,0
2004,10,17,2,0,0
2004,10,17,3,0,0
2004,10,17,4,0,0
2004,10,17,5,0,0
2004,10,17,6,0,0
2004,10,17,7,0,0
2004,10,17,8,6,6
2004,10,17,9,39,38
2004,10,17,10,97,92
2004,10,17,11,128,121
2004,10,17,12,103,99
2004,10,17,13,89,86
2004,10,17,14,108,103
2004,10,17,15,64,62
2004,10,17,16,64,61
2004,10,17,17,53,50
2004,10,17,18,0,0
2004,10,17,19,0,0
2004,10,17,20,0,0
2004,10,17,21,0,0
2004,10,17,22,0,0
2004,10,17,23,0,0
2004,10,17,24,0,0
2004,10,18,1,0,0
2004,10,18,2,0,0
2004,10,18,3,0,0
2004,10,18,4,0,0
2004,10,18,5,0,0
2004,10,18,6,0,0
2004,10,18,7,0,0
2004,10,18,8,6,6
2004,10,18,9,44,42
2004,10,18,10,83,79
2004,10,18,11,192,175
2004,10,18,12,297,206
2004,10,18,13,206,190
2004,10,18,14,206,189
2004,10,18,15,264,171
2004,10,18,16,178,130
2004,10,18,17,36,35
2004,10,18,18,0,0
2004,10,18,19,0,0
2004,10,18,20,0,0
2004,10,18,21,0,0
2004,10,18,22,0,0
2004,10,18,23,0,0
2004,10,18,24,0,0
2004,10,19,1,0,0
2004,10,19,2,0,0
2004,10,19,3,0,0
2004,10,19,4,0,0
2004,10,19,5,0,0
2004,10,19,6,0,0
2004,10,19,7,0,0
2004,10,19,8,8,8
2004,10,19,9,50,47
2004,10,19,10,119,111
2004,10,19,11,317,155
2004,10,19,12,425,130
2004,10,19,13,458,118
2004,10,19,14,425,121
2004,10,19,15,347,119
2004,10,19,16,231,107
2004,10,19,17,106,67
2004,10,19,18,8,8
2004,10,19,19,0,0
2004,10,19,20,0,0
2004,10,19,21,0,0
2004,10,19,22,0,0
2004,10,19,23,0,0
2004,10,19,24,0,0
2004,10,20,1,0,0
2004,10,20,2,0,0
2004,10,20,3,0,0
2004,10,20,4,0,0
2004,10,20,5,0,0
2004,10,20,6,0,0
2004,10,20,7,0,0
2004,10,20,8,3,3
2004,10,20,9,17,17
2004,10,20,10,28,28
2004,10,20,11,28,28
2004,10,20,12,22,22
2004,10,20,13,36,35
2004,10,20,14,50,49
2004,10,20,15,69,67
2004,10,20,16,86,81
2004,10,20,17,81,67
2004,10,20,18,6,6
2004,10,20,19,0,0
2004,10,20,20,0,0
2004,10,20,21,0,0
2004,10,20,22,0,0
2004,10,20,23,0,0
2004,10,20,24,0,0
2004,10,21,1,0,0
2004,10,21,2,0,0
2004,10,21,3,0,0
2004,10,21,4,0,0
2004,10,21,5,0,0
2004,10,21,6,0,0
2004,10,21,7,0,0
2004,10,21,8,17,17
2004,10,21,9,117,75
2004,10,21,10,244,109
2004,10,21,11,322,143
2004,10,21,12,408,134
2004,10,21,13,419,143
2004,10,21,14,369,157
2004,10,21,15,325,125
2004,10,21,16,206,111
2004,10,21,17,50,47
2004,10,21,18,8,8
2004,10,21,19,0,0
2004,10,21,20,0,0
2004,10,21,21,0,0
2004,10,21,22,0,0
2004,10,21,23,0,0
2004,10,21,24,0,0
2004,10,22,1,0,0
2004,10,22,2,0,0
2004,10,22,3,0,0
2004,10,22,4,0,0
2004,10,22,5,0,0
2004,10,22,6,0,0
2004,10,22,7,0,0
2004,10,22,8,17,17
2004,10,22,9,75,69
2004,10,22,10,206,124
2004,10,22,11,303,150
2004,10,22,12,344,175
2004,10,22,13,397,155
2004,10,22,14,358,159
2004,10,22,15,244,162
2004,10,22,16,214,103
2004,10,22,17,67,61
2004,10,22,18,3,3
2004,10,22,19,0,0
2004,10,22,20,0,0
2004,10,22,21,0,0
2004,10,22,22,0,0
2004,10,22,23,0,0
2004,10,22,24,0,0
2004,10,23,1,0,0
2004,10,23,2,0,0
2004,10,23,3,0,0
2004,10,23,4,0,0
2004,10,23,5,0,0
2004,10,23,6,0,0
2004,10,23,7,0,0
2004,10,23,8,0,0
2004,10,23,9,6,6
2004,10,23,10,22,22
2004,10,23,11,39,38
2004,10,23,12,50,49
2004,10,23,13,64,62
2004,10,23,14,39,38
2004,10,23,15,33,32
2004,10,23,16,22,22
2004,10,23,17,11,11
2004,10,23,18,0,0
2004,10,23,19,0,0
2004,10,23,20,0,0
2004,10,23,21,0,0
2004,10,23,22,0,0
2004,10,23,23,0,0
2004,10,23,24,0,0
2004,10,24,1,0,0
2004,10,24,2,0,0
2004,10,24,3,0,0
2004,10,24,4,0,0
2004,10,24,5,0,0
2004,10,24,6,0,0
2004,10,24,7,0,0
2004,10,24,8,0,0
2004,10,24,9,36,34
2004,10,24,10,47,46
2004,10,24,11,92,88
2004,10,24,12,86,83
2004,10,24,13,86,83
2004,10,24,14,111,106
2004,10,24,15,72,69
2004,10,24,16,47,45
2004,10,24,17,22,21
2004,10,24,18,0,0
2004,10,24,19,0,0
2004,10,24,20,0,0
2004,10,24,21,0,0
2004,10,24,22,0,0
2004,10,24,23,0,0
2004,10,24,24,0,0
2004,10,25,1,0,0
2004,10,25,2,0,0
2004,10,25,3,0,0
2004,10,25,4,0,0
2004,10,25,5,0,0
2004,10,25,6,0,0
2004,10,25,7,0,0
2004,10,25,8,6,6
2004,10,25,9,56,52
2004,10,25,10,119,110
2004,10,25,11,222,166
2004,10,25,12,131,124
2004,10,25,13,269,199
2004,10,25,14,175,162
2004,10,25,15,81,78
2004,10,25,16,100,93
2004,10,25,17,47,44
2004,10,25,18,0,0
2004,10,25,19,0,0
2004,10,25,20,0,0
2004,10,25,21,0,0
2004,10,25,22,0,0
2004,10,25,23,0,0
2004,10,25,24,0,0
2004,10,26,1,0,0
2004,10,26,2,0,0
2004,10,26,3,0,0
2004,10,26,4,0,0
2004,10,26,5,0,0
2004,10,26,6,0,0
2004,10,26,7,0,0
2004,10,26,8,8,8
2004,10,26,9,78,66
2004,10,26,10,192,116
2004,10,26,11,308,129
2004,10,26,12,236,189
2004,10,26,13,258,197
2004,10,26,14,119,113
2004,10,26,15,111,105
2004,10,26,16,181,102
2004,10,26,17,64,52
2004,10,26,18,0,0
2004,10,26,19,0,0
2004,10,26,20,0,0
2004,10,26,21,0,0
2004,10,26,22,0,0
2004,10,26,23,0,0
2004,10,26,24,0,0
2004,10,27,1,0,0
2004,10,27,2,0,0
2004,10,27,3,0,0
2004,10,27,4,0,0
2004,10,27,5,0,0
2004,10,27,6,0,0
2004,10,27,7,0,0
2004,10,27,8,14,14
2004,10,27,9,75,64
2004,10,27,10,239,83
2004,10,27,11,297,132
2004,10,27,12,289,179
2004,10,27,13,253,194
2004,10,27,14,269,179
2004,10,27,15,222,151
2004,10,27,16,117,106
2004,10,27,17,31,29
2004,10,27,18,0,0
2004,10,27,19,0,0
2004,10,27,20,0,0
2004,10,27,21,0,0
2004,10,27,22,0,0
2004,10,27,23,0,0
2004,10,27,24,0,0
2004,10,28,1,0,0
2004,10,28,2,0,0
2004,10,28,3,0,0
2004,10,28,4,0,0
2004,10,28,5,0,0
2004,10,28,6,0,0
2004,10,28,7,0,0
2004,10,28,8,0,0
2004,10,28,9,11,11
2004,10,28,10,39,38
2004,10,28,11,94,89
2004,10,28,12,117,111
2004,10,28,13,67,65
2004,10,28,14,128,121
2004,10,28,15,169,149
2004,10,28,16,133,106
2004,10,28,17,50,46
2004,10,28,18,0,0
2004,10,28,19,0,0
2004,10,28,20,0,0
2004,10,28,21,0,0
2004,10,28,22,0,0
2004,10,28,23,0,0
2004,10,28,24,0,0
2004,10,29,1,0,0
2004,10,29,2,0,0
2004,10,29,3,0,0
2004,10,29,4,0,0
2004,10,29,5,0,0
2004,10,29,6,0,0
2004,10,29,7,0,0
2004,10,29,8,3,3
2004,10,29,9,67,59
2004,10,29,10,192,105
2004,10,29,11,239,152
2004,10,29,12,353,136
2004,10,29,13,356,149
2004,10,29,14,253,176
2004,10,29,15,203,148
2004,10,29,16,86,80
2004,10,29,17,11,11
2004,10,29,18,0,0
2004,10,29,19,0,0
2004,10,29,20,0,0
2004,10,29,21,0,0
2004,10,29,22,0,0
2004,10,29,23,0,0
2004,10,29,24,0,0
2004,10,30,1,0,0
2004,10,30,2,0,0
2004,10,30,3,0,0
2004,10,30,4,0,0
2004,10,30,5,0,0
2004,10,30,6,0,0
2004,10,30,7,0,0
2004,10,30,8,3,3
2004,10,30,9,78,58
2004,10,30,10,114,105
2004,10,30,11,231,151
2004,10,30,12,361,124
2004,10,30,13,336,158
2004,10,30,14,333,136
2004,10,30,15,228,140
2004,10,30,16,122,101
2004,10,30,17,28,27
2004,10,30,18,0,0
2004,10,30,19,0,0
2004,10,30,20,0,0
2004,10,30,21,0,0
2004,10,30,22,0,0
2004,10,30,23,0,0
2004,10,30,24,0,0
2004,10,31,1,0,0
2004,10,31,2,0,0
2004,10,31,3,0,0
2004,10,31,4,0,0
2004,10,31,5,0,0
2004,10,31,6,0,0
2004,10,31,7,0,0
2004,10,31,8,0,0
2004,10,31,9,11,11
2004,10,31,10,31,30
2004,10,31,11,69,66
2004,10,31,12,133,125
2004,10,31,13,131,123
2004,10,31,14,133,125
2004,10,31,15,94,89
2004,10,31,16,17,17
2004,10,31,17,6,6
2004,10,31,18,0,0
2004,10,31,19,0,0
2004,10,31,20,0,0
2004,10,31,21,0,0
2004,10,31,22,0,0
2004,10,31,23,0,0
2004,10,31,24,0,0
2001,11,1,1,0,0
2001,11,1,2,0,0
2001,11,1,3,0,0
2001,11,1,4,0,0
2001,11,1,5,0,0
2001,11,1,6,0,0
2001,11,1,7,0,0
2001,11,1,8,11,11
2001,11,1,9,75,53
2001,11,1,10,139,109
2001,11,1,11,170,148
2001,11,1,12,207,174
2001,11,1,13,339,147
2001,11,1,14,195,169
2001,11,1,15,218,137
2001,11,1,16,150,93
2001,11,1,17,56,38
2001,11,1,18,0,0
2001,11,1,19,0,0
2001,11,1,20,0,0
2001,11,1,21,0,0
2001,11,1,22,0,0
2001,11,1,23,0,0
2001,11,1,24,0,0
2001,11,2,1,0,0
2001,11,2,2,0,0
2001,11,2,3,0,0
2001,11,2,4,0,0
2001,11,2,5,0,0
2001,11,2,6,0,0
2001,11,2,7,0,0
2001,11,2,8,3,3
2001,11,2,9,40,37
2001,11,2,10,175,98
2001,11,2,11,271,121
2001,11,2,12,338,127
2001,11,2,13,350,133
2001,11,2,14,278,156
2001,11,2,15,188,139
2001,11,2,16,119,95
2001,11,2,17,16,15
2001,11,2,18,0,0
2001,11,2,19,0,0
2001,11,2,20,0,0
2001,11,2,21,0,0
2001,11,2,22,0,0
2001,11,2,23,0,0
2001,11,2,24,0,0
2001,11,3,1,0,0
2001,11,3,2,0,0
2001,11,3,3,0,0
2001,11,3,4,0,0
2001,11,3,5,0,0
2001,11,3,6,0,0
2001,11,3,7,0,0
2001,11,3,8,4,4
2001,11,3,9,33,31
2001,11,3,10,85,79
2001,11,3,11,136,126
2001,11,3,12,148,137
2001,11,3,13,133,125
2001,11,3,14,111,105
2001,11,3,15,76,73
2001,11,3,16,51,49
2001,11,3,17,25,24
2001,11,3,18,0,0
2001,11,3,19,0,0
2001,11,3,20,0,0
2001,11,3,21,0,0
2001,11,3,22,0,0
2001,11,3,23,0,0
2001,11,3,24,0,0
2001,11,4,1,0,0
2001,11,4,2,0,0
2001,11,4,3,0,0
2001,11,4,4,0,0
2001,11,4,5,0,0
2001,11,4,6,0,0
2001,11,4,7,0,0
2001,11,4,8,2,2
2001,11,4,9,15,15
2001,11,4,10,19,19
2001,11,4,11,23,23
2001,11,4,12,42,41
2001,11,4,13,51,50
2001,11,4,14,34,33
2001,11,4,15,74,71
2001,11,4,16,98,88
2001,11,4,17,28,26
2001,11,4,18,0,0
2001,11,4,19,0,0
2001,11,4,20,0,0
2001,11,4,21,0,0
2001,11,4,22,0,0
2001,11,4,23,0,0
2001,11,4,24,0,0
2001,11,5,1,0,0
2001,11,5,2,0,0
2001,11,5,3,0,0
2001,11,5,4,0,0
2001,11,5,5,0,0
2001,11,5,6,0,0
2001,11,5,7,0,0
2001,11,5,8,3,3
2001,11,5,9,33,31
2001,11,5,10,127,100
2001,11,5,11,200,140
2001,11,5,12,221,166
2001,11,5,13,155,144
2001,11,5,14,248,157
2001,11,5,15,168,133
2001,11,5,16,95,86
2001,11,5,17,46,30
2001,11,5,18,0,0
2001,11,5,19,0,0
2001,11,5,20,0,0
2001,11,5,21,0,0
2001,11,5,22,0,0
2001,11,5,23,0,0
2001,11,5,24,0,0
2001,11,6,1,0,0
2001,11,6,2,0,0
2001,11,6,3,0,0
2001,11,6,4,0,0
2001,11,6,5,0,0
2001,11,6,6,0,0
2001,11,6,7,0,0
2001,11,6,8,2,2
2001,11,6,9,13,13
2001,11,6,10,27,26
2001,11,6,11,48,47
2001,11,6,12,105,100
2001,11,6,13,166,153
2001,11,6,14,138,128
2001,11,6,15,80,76
2001,11,6,16,34,33
2001,11,6,17,21,20
2001,11,6,18,0,0
2001,11,6,19,0,0
2001,11,6,20,0,0
2001,11,6,21,0,0
2001,11,6,22,0,0
2001,11,6,23,0,0
2001,11,6,24,0,0
2001,11,7,1,0,0
2001,11,7,2,0,0
2001,11,7,3,0,0
2001,11,7,4,0,0
2001,11,7,5,0,0
2001,11,7,6,0,0
2001,11,7,7,0,0
2001,11,7,8,2,2
2001,11,7,9,20,19
2001,11,7,10,64,60
2001,11,7,11,115,107
2001,11,7,12,99,94
2001,11,7,13,125,117
2001,11,7,14,132,123
2001,11,7,15,75,71
2001,11,7,16,26,25
2001,11,7,17,2,2
2001,11,7,18,0,0
2001,11,7,19,0,0
2001,11,7,20,0,0
2001,11,7,21,0,0
2001,11,7,22,0,0
2001,11,7,23,0,0
2001,11,7,24,0,0
2001,11,8,1,0,0
2001,11,8,2,0,0
2001,11,8,3,0,0
2001,11,8,4,0,0
2001,11,8,5,0,0
2001,11,8,6,0,0
2001,11,8,7,0,0
2001,11,8,8,2,2
2001,11,8,9,24,23
2001,11,8,10,95,87
2001,11,8,11,138,126
2001,11,8,12,189,159
2001,11,8,13,96,91
2001,11,8,14,38,37
2001,11,8,15,42,41
2001,11,8,16,28,27
2001,11,8,17,12,12
2001,11,8,18,0,0
2001,11,8,19,0,0
2001,11,8,20,0,0
2001,11,8,21,0,0
2001,11,8,22,0,0
2001,11,8,23,0,0
2001,11,8,24,0,0
2001,11,9,1,0,0
2001,11,9,2,0,0
2001,11,9,3,0,0
2001,11,9,4,0,0
2001,11,9,5,0,0
2001,11,9,6,0,0
2001,11,9,7,0,0
2001,11,9,8,2,2
2001,11,9,9,23,22
2001,11,9,10,109,91
2001,11,9,11,265,92
2001,11,9,12,329,97
2001,11,9,13,308,132
2001,11,9,14,168,150
2001,11,9,15,113,105
2001,11,9,16,133,74
2001,11,9,17,39,30
2001,11,9,18,0,0
2001,11,9,19,0,0
2001,11,9,20,0,0
2001,11,9,21,0,0
2001,11,9,22,0,0
2001,11,9,23,0,0
2001,11,9,24,0,0
2001,11,10,1,0,0
2001,11,10,2,0,0
2001,11,10,3,0,0
2001,11,10,4,0,0
2001,11,10,5,0,0
2001,11,10,6,0,0
2001,11,10,7,0,0
2001,11,10,8,5,5
2001,11,10,9,44,35
2001,11,10,10,118,89
2001,11,10,11,104,97
2001,11,10,12,150,138
2001,11,10,13,223,163
2001,11,10,14,291,115
2001,11,10,15,185,120
2001,11,10,16,71,66
2001,11,10,17,9,9
2001,11,10,18,0,0
2001,11,10,19,0,0
2001,11,10,20,0,0
2001,11,10,21,0,0
2001,11,10,22,0,0
2001,11,10,23,0,0
2001,11,10,24,0,0
2001,11,11,1,0,0
2001,11,11,2,0,0
2001,11,11,3,0,0
2001,11,11,4,0,0
2001,11,11,5,0,0
2001,11,11,6,0,0
2001,11,11,7,0,0
2001,11,11,8,0,0
2001,11,11,9,6,6
2001,11,11,10,30,29
2001,11,11,11,56,54
2001,11,11,12,71,68
2001,11,11,13,78,75
2001,11,11,14,61,59
2001,11,11,15,30,29
2001,11,11,16,10,10
2001,11,11,17,2,2
2001,11,11,18,0,0
2001,11,11,19,0,0
2001,11,11,20,0,0
2001,11,11,21,0,0
2001,11,11,22,0,0
2001,11,11,23,0,0
2001,11,11,24,0,0
2001,11,12,1,0,0
2001,11,12,2,0,0
2001,11,12,3,0,0
2001,11,12,4,0,0
2001,11,12,5,0,0
2001,11,12,6,0,0
2001,11,12,7,0,0
2001,11,12,8,0,0
2001,11,12,9,8,8
2001,11,12,10,51,49
2001,11,12,11,58,56
2001,11,12,12,60,58
2001,11,12,13,67,65
2001,11,12,14,66,64
2001,11,12,15,43,42
2001,11,12,16,19,19
2001,11,12,17,5,5
2001,11,12,18,0,0
2001,11,12,19,0,0
2001,11,12,20,0,0
2001,11,12,21,0,0
2001,11,12,22,0,0
2001,11,12,23,0,0
2001,11,12,24,0,0
2001,11,13,1,0,0
2001,11,13,2,0,0
2001,11,13,3,0,0
2001,11,13,4,0,0
2001,11,13,5,0,0
2001,11,13,6,0,0
2001,11,13,7,0,0
2001,11,13,8,0,0
2001,11,13,9,6,6
2001,11,13,10,30,29
2001,11,13,11,86,81
2001,11,13,12,184,150
2001,11,13,13,201,157
2001,11,13,14,258,126
2001,11,13,15,153,117
2001,11,13,16,37,35
2001,11,13,17,9,9
2001,11,13,18,0,0
2001,11,13,19,0,0
2001,11,13,20,0,0
2001,11,13,21,0,0
2001,11,13,22,0,0
2001,11,13,23,0,0
2001,11,13,24,0,0
2001,11,14,1,0,0
2001,11,14,2,0,0
2001,11,14,3,0,0
2001,11,14,4,0,0
2001,11,14,5,0,0
2001,11,14,6,0,0
2001,11,14,7,0,0
2001,11,14,8,3,3
2001,11,14,9,28,26
2001,11,14,10,104,81
2001,11,14,11,214,107
2001,11,14,12,254,131
2001,11,14,13,253,144
2001,11,14,14,279,107
2001,11,14,15,178,111
2001,11,14,16,122,64
2001,11,14,17,102,99
2001,11,14,18,0,0
2001,11,14,19,0,0
2001,11,14,20,0,0
2001,11,14,21,0,0
2001,11,14,22,0,0
2001,11,14,23,0,0
2001,11,14,24,0,0
2001,11,15,1,0,0
2001,11,15,2,0,0
2001,11,15,3,0,0
2001,11,15,4,0,0
2001,11,15,5,0,0
2001,11,15,6,0,0
2001,11,15,7,0,0
2001,11,15,8,6,6
2001,11,15,9,63,44
2001,11,15,10,194,51
2001,11,15,11,241,84
2001,11,15,12,294,99
2001,11,15,13,294,116
2001,11,15,14,281,101
2001,11,15,15,211,92
2001,11,15,16,124,59
2001,11,15,17,28,23
2001,11,15,18,0,0
2001,11,15,19,0,0
2001,11,15,20,0,0
2001,11,15,21,0,0
2001,11,15,22,0,0
2001,11,15,23,0,0
2001,11,15,24,0,0
2001,11,16,1,0,0
2001,11,16,2,0,0
2001,11,16,3,0,0
2001,11,16,4,0,0
2001,11,16,5,0,0
2001,11,16,6,0,0
2001,11,16,7,0,0
2001,11,16,8,1,1
2001,11,16,9,10,10
2001,11,16,10,33,32
2001,11,16,11,50,48
2001,11,16,12,75,72
2001,11,16,13,122,114
2001,11,16,14,125,116
2001,11,16,15,69,66
2001,11,16,16,45,43
2001,11,16,17,7,7
2001,11,16,18,0,0
2001,11,16,19,0,0
2001,11,16,20,0,0
2001,11,16,21,0,0
2001,11,16,22,0,0
2001,11,16,23,0,0
2001,11,16,24,0,0
2001,11,17,1,0,0
2001,11,17,2,0,0
2001,11,17,3,0,0
2001,11,17,4,0,0
2001,11,17,5,0,0
2001,11,17,6,0,0
2001,11,17,7,0,0
2001,11,17,8,0,0
2001,11,17,9,3,3
2001,11,17,10,24,23
2001,11,17,11,52,50
2001,11,17,12,81,77
2001,11,17,13,107,101
2001,11,17,14,151,136
2001,11,17,15,57,55
2001,11,17,16,32,31
2001,11,17,17,0,0
2001,11,17,18,0,0
2001,11,17,19,0,0
2001,11,17,20,0,0
2001,11,17,21,0,0
2001,11,17,22,0,0
2001,11,17,23,0,0
2001,11,17,24,0,0
2001,11,18,1,0,0
2001,11,18,2,0,0
2001,11,18,3,0,0
2001,11,18,4,0,0
2001,11,18,5,0,0
2001,11,18,6,0,0
2001,11,18,7,0,0
2001,11,18,8,1,1
2001,11,18,9,12,11
2001,11,18,10,54,51
2001,11,18,11,114,105
2001,11,18,12,115,107
2001,11,18,13,122,114
2001,11,18,14,117,109
2001,11,18,15,84,79
2001,11,18,16,38,36
2001,11,18,17,5,5
2001,11,18,18,0,0
2001,11,18,19,0,0
2001,11,18,20,0,0
2001,11,18,21,0,0
2001,11,18,22,0,0
2001,11,18,23,0,0
2001,11,18,24,0,0
2001,11,19,1,0,0
2001,11,19,2,0,0
2001,11,19,3,0,0
2001,11,19,4,0,0
2001,11,19,5,0,0
2001,11,19,6,0,0
2001,11,19,7,0,0
2001,11,19,8,1,1
2001,11,19,9,9,9
2001,11,19,10,28,27
2001,11,19,11,44,43
2001,11,19,12,47,46
2001,11,19,13,62,60
2001,11,19,14,70,67
2001,11,19,15,83,78
2001,11,19,16,61,56
2001,11,19,17,14,14
2001,11,19,18,0,0
2001,11,19,19,0,0
2001,11,19,20,0,0
2001,11,19,21,0,0
2001,11,19,22,0,0
2001,11,19,23,0,0
2001,11,19,24,0,0
2001,11,20,1,0,0
2001,11,20,2,0,0
2001,11,20,3,0,0
2001,11,20,4,0,0
2001,11,20,5,0,0
2001,11,20,6,0,0
2001,11,20,7,0,0
2001,11,20,8,1,1
2001,11,20,9,10,9
2001,11,20,10,35,34
2001,11,20,11,42,41
2001,11,20,12,27,27
2001,11,20,13,17,17
2001,11,20,14,53,51
2001,11,20,15,72,68
2001,11,20,16,24,23
2001,11,20,17,2,2
2001,11,20,18,0,0
2001,11,20,19,0,0
2001,11,20,20,0,0
2001,11,20,21,0,0
2001,11,20,22,0,0
2001,11,20,23,0,0
2001,11,20,24,0,0
2001,11,21,1,0,0
2001,11,21,2,0,0
2001,11,21,3,0,0
2001,11,21,4,0,0
2001,11,21,5,0,0
2001,11,21,6,0,0
2001,11,21,7,0,0
2001,11,21,8,0,0
2001,11,21,9,9,9
2001,11,21,10,50,47
2001,11,21,11,105,97
2001,11,21,12,159,134
2001,11,21,13,101,95
2001,11,21,14,73,70
2001,11,21,15,42,41
2001,11,21,16,14,14
2001,11,21,17,0,0
2001,11,21,18,0,0
2001,11,21,19,0,0
2001,11,21,20,0,0
2001,11,21,21,0,0
2001,11,21,22,0,0
2001,11,21,23,0,0
2001,11,21,24,0,0
2001,11,22,1,0,0
2001,11,22,2,0,0
2001,11,22,3,0,0
2001,11,22,4,0,0
2001,11,22,5,0,0
2001,11,22,6,0,0
2001,11,22,7,0,0
2001,11,22,8,0,0
2001,11,22,9,5,5
2001,11,22,10,29,28
2001,11,22,11,40,39
2001,11,22,12,70,67
2001,11,22,13,65,63
2001,11,22,14,78,74
2001,11,22,15,35,34
2001,11,22,16,25,24
2001,11,22,17,0,0
2001,11,22,18,0,0
2001,11,22,19,0,0
2001,11,22,20,0,0
2001,11,22,21,0,0
2001,11,22,22,0,0
2001,11,22,23,0,0
2001,11,22,24,0,0
2001,11,23,1,0,0
2001,11,23,2,0,0
2001,11,23,3,0,0
2001,11,23,4,0,0
2001,11,23,5,0,0
2001,11,23,6,0,0
2001,11,23,7,0,0
2001,11,23,8,1,1
2001,11,23,9,16,15
2001,11,23,10,82,65
2001,11,23,11,165,102
2001,11,23,12,264,91
2001,11,23,13,236,126
2001,11,23,14,141,126
2001,11,23,15,92,85
2001,11,23,16,56,52
2001,11,23,17,12,12
2001,11,23,18,0,0
2001,11,23,19,0,0
2001,11,23,20,0,0
2001,11,23,21,0,0
2001,11,23,22,0,0
2001,11,23,23,0,0
2001,11,23,24,0,0
2001,11,24,1,0,0
2001,11,24,2,0,0
2001,11,24,3,0,0
2001,11,24,4,0,0
2001,11,24,5,0,0
2001,11,24,6,0,0
2001,11,24,7,0,0
2001,11,24,8,0,0
2001,11,24,9,0,0
2001,11,24,10,1,1
2001,11,24,11,15,15
2001,11,24,12,47,46
2001,11,24,13,41,40
2001,11,24,14,22,22
2001,11,24,15,20,20
2001,11,24,16,7,7
2001,11,24,17,0,0
2001,11,24,18,0,0
2001,11,24,19,0,0
2001,11,24,20,0,0
2001,11,24,21,0,0
2001,11,24,22,0,0
2001,11,24,23,0,0
2001,11,24,24,0,0
2001,11,25,1,0,0
2001,11,25,2,0,0
2001,11,25,3,0,0
2001,11,25,4,0,0
2001,11,25,5,0,0
2001,11,25,6,0,0
2001,11,25,7,0,0
2001,11,25,8,0,0
2001,11,25,9,1,1
2001,11,25,10,16,16
2001,11,25,11,56,54
2001,11,25,12,74,71
2001,11,25,13,69,66
2001,11,25,14,63,60
2001,11,25,15,52,50
2001,11,25,16,29,28
2001,11,25,17,5,5
2001,11,25,18,0,0
2001,11,25,19,0,0
2001,11,25,20,0,0
2001,11,25,21,0,0
2001,11,25,22,0,0
2001,11,25,23,0,0
2001,11,25,24,0,0
2001,11,26,1,0,0
2001,11,26,2,0,0
2001,11,26,3,0,0
2001,11,26,4,0,0
2001,11,26,5,0,0
2001,11,26,6,0,0
2001,11,26,7,0,0
2001,11,26,8,0,0
2001,11,26,9,7,7
2001,11,26,10,47,44
2001,11,26,11,88,82
2001,11,26,12,151,126
2001,11,26,13,138,126
2001,11,26,14,117,108
2001,11,26,15,86,80
2001,11,26,16,48,45
2001,11,26,17,7,7
2001,11,26,18,0,0
2001,11,26,19,0,0
2001,11,26,20,0,0
2001,11,26,21,0,0
2001,11,26,22,0,0
2001,11,26,23,0,0
2001,11,26,24,0,0
2001,11,27,1,0,0
2001,11,27,2,0,0
2001,11,27,3,0,0
2001,11,27,4,0,0
2001,11,27,5,0,0
2001,11,27,6,0,0
2001,11,27,7,0,0
2001,11,27,8,1,1
2001,11,27,9,12,12
2001,11,27,10,58,53
2001,11,27,11,153,96
2001,11,27,12,231,102
2001,11,27,13,260,99
2001,11,27,14,224,103
2001,11,27,15,130,96
2001,11,27,16,38,36
2001,11,27,17,7,7
2001,11,27,18,0,0
2001,11,27,19,0,0
2001,11,27,20,0,0
2001,11,27,21,0,0
2001,11,27,22,0,0
2001,11,27,23,0,0
2001,11,27,24,0,0
2001,11,28,1,0,0
2001,11,28,2,0,0
2001,11,28,3,0,0
2001,11,28,4,0,0
2001,11,28,5,0,0
2001,11,28,6,0,0
2001,11,28,7,0,0
2001,11,28,8,1,1
2001,11,28,9,12,12
2001,11,28,10,55,51
2001,11,28,11,144,97
2001,11,28,12,247,87
2001,11,28,13,227,118
2001,11,28,14,208,110
2001,11,28,15,177,76
2001,11,28,16,77,51
2001,11,28,17,5,5
2001,11,28,18,0,0
2001,11,28,19,0,0
2001,11,28,20,0,0
2001,11,28,21,0,0
2001,11,28,22,0,0
2001,11,28,23,0,0
2001,11,28,24,0,0
2001,11,29,1,0,0
2001,11,29,2,0,0
2001,11,29,3,0,0
2001,11,29,4,0,0
2001,11,29,5,0,0
2001,11,29,6,0,0
2001,11,29,7,0,0
2001,11,29,8,0,0
2001,11,29,9,0,0
2001,11,29,10,4,4
2001,11,29,11,12,12
2001,11,29,12,18,18
2001,11,29,13,21,21
2001,11,29,14,13,13
2001,11,29,15,5,5
2001,11,29,16,0,0
2001,11,29,17,0,0
2001,11,29,18,0,0
2001,11,29,19,0,0
2001,11,29,20,0,0
2001,11,29,21,0,0
2001,11,29,22,0,0
2001,11,29,23,0,0
2001,11,29,24,0,0
2001,11,30,1,0,0
2001,11,30,2,0,0
2001,11,30,3,0,0
2001,11,30,4,0,0
2001,11,30,5,0,0
2001,11,30,6,0,0
2001,11,30,7,0,0
2001,11,30,8,0,0
2001,11,30,9,1,1
2001,11,30,10,10,10
2001,11,30,11,20,20
2001,11,30,12,25,25
2001,11,30,13,29,28
2001,11,30,14,33,32
2001,11,30,15,16,16
2001,11,30,16,9,9
2001,11,30,17,0,0
2001,11,30,18,0,0
2001,11,30,19,0,0
2001,11,30,20,0,0
2001,11,30,21,0,0
2001,11,30,22,0,0
2001,11,30,23,0,0
2001,11,30,24,0,0
2003,12,1,1,0,0
2003,12,1,2,0,0
2003,12,1,3,0,0
2003,12,1,4,0,0
2003,12,1,5,0,0
2003,12,1,6,0,0
2003,12,1,7,0,0
2003,12,1,8,0,0
2003,12,1,9,3,3
2003,12,1,10,17,17
2003,12,1,11,47,45
2003,12,1,12,78,74
2003,12,1,13,111,103
2003,12,1,14,100,93
2003,12,1,15,67,63
2003,12,1,16,39,36
2003,12,1,17,3,3
2003,12,1,18,0,0
2003,12,1,19,0,0
2003,12,1,20,0,0
2003,12,1,21,0,0
2003,12,1,22,0,0
2003,12,1,23,0,0
2003,12,1,24,0,0
2003,12,2,1,0,0
2003,12,2,2,0,0
2003,12,2,3,0,0
2003,12,2,4,0,0
2003,12,2,5,0,0
2003,12,2,6,0,0
2003,12,2,7,0,0
2003,12,2,8,0,0
2003,12,2,9,0,0
2003,12,2,10,25,24
2003,12,2,11,64,60
2003,12,2,12,72,68
2003,12,2,13,67,64
2003,12,2,14,114,105
2003,12,2,15,75,70
2003,12,2,16,25,24
2003,12,2,17,3,3
2003,12,2,18,0,0
2003,12,2,19,0,0
2003,12,2,20,0,0
2003,12,2,21,0,0
2003,12,2,22,0,0
2003,12,2,23,0,0
2003,12,2,24,0,0
2003,12,3,1,0,0
2003,12,3,2,0,0
2003,12,3,3,0,0
2003,12,3,4,0,0
2003,12,3,5,0,0
2003,12,3,6,0,0
2003,12,3,7,0,0
2003,12,3,8,0,0
2003,12,3,9,3,3
2003,12,3,10,44,41
2003,12,3,11,75,70
2003,12,3,12,83,78
2003,12,3,13,78,74
2003,12,3,14,47,45
2003,12,3,15,36,35
2003,12,3,16,6,6
2003,12,3,17,0,0
2003,12,3,18,0,0
2003,12,3,19,0,0
2003,12,3,20,0,0
2003,12,3,21,0,0
2003,12,3,22,0,0
2003,12,3,23,0,0
2003,12,3,24,0,0
2003,12,4,1,0,0
2003,12,4,2,0,0
2003,12,4,3,0,0
2003,12,4,4,0,0
2003,12,4,5,0,0
2003,12,4,6,0,0
2003,12,4,7,0,0
2003,12,4,8,0,0
2003,12,4,9,0,0
2003,12,4,10,3,3
2003,12,4,11,14,14
2003,12,4,12,22,22
2003,12,4,13,25,25
2003,12,4,14,25,25
2003,12,4,15,17,17
2003,12,4,16,6,6
2003,12,4,17,0,0
2003,12,4,18,0,0
2003,12,4,19,0,0
2003,12,4,20,0,0
2003,12,4,21,0,0
2003,12,4,22,0,0
2003,12,4,23,0,0
2003,12,4,24,0,0
2003,12,5,1,0,0
2003,12,5,2,0,0
2003,12,5,3,0,0
2003,12,5,4,0,0
2003,12,5,5,0,0
2003,12,5,6,0,0
2003,12,5,7,0,0
2003,12,5,8,0,0
2003,12,5,9,0,0
2003,12,5,10,17,16
2003,12,5,11,28,27
2003,12,5,12,53,51
2003,12,5,13,61,59
2003,12,5,14,56,54
2003,12,5,15,50,48
2003,12,5,16,31,29
2003,12,5,17,3,3
2003,12,5,18,0,0
2003,12,5,19,0,0
2003,12,5,20,0,0
2003,12,5,21,0,0
2003,12,5,22,0,0
2003,12,5,23,0,0
2003,12,5,24,0,0
2003,12,6,1,0,0
2003,12,6,2,0,0
2003,12,6,3,0,0
2003,12,6,4,0,0
2003,12,6,5,0,0
2003,12,6,6,0,0
2003,12,6,7,0,0
2003,12,6,8,0,0
2003,12,6,9,3,3
2003,12,6,10,31,29
2003,12,6,11,50,48
2003,12,6,12,139,114
2003,12,6,13,203,114
2003,12,6,14,186,107
2003,12,6,15,114,89
2003,12,6,16,69,46
2003,12,6,17,6,6
2003,12,6,18,0,0
2003,12,6,19,0,0
2003,12,6,20,0,0
2003,12,6,21,0,0
2003,12,6,22,0,0
2003,12,6,23,0,0
2003,12,6,24,0,0
2003,12,7,1,0,0
2003,12,7,2,0,0
2003,12,7,3,0,0
2003,12,7,4,0,0
2003,12,7,5,0,0
2003,12,7,6,0,0
2003,12,7,7,0,0
2003,12,7,8,0,0
2003,12,7,9,6,6
2003,12,7,10,72,41
2003,12,7,11,156,73
2003,12,7,12,228,77
2003,12,7,13,253,77
2003,12,7,14,228,79
2003,12,7,15,158,74
2003,12,7,16,78,42
2003,12,7,17,6,6
2003,12,7,18,0,0
2003,12,7,19,0,0
2003,12,7,20,0,0
2003,12,7,21,0,0
2003,12,7,22,0,0
2003,12,7,23,0,0
2003,12,7,24,0,0
2003,12,8,1,0,0
2003,12,8,2,0,0
2003,12,8,3,0,0
2003,12,8,4,0,0
2003,12,8,5,0,0
2003,12,8,6,0,0
2003,12,8,7,0,0
2003,12,8,8,0,0
2003,12,8,9,6,6
2003,12,8,10,69,41
2003,12,8,11,150,74
2003,12,8,12,217,84
2003,12,8,13,242,85
2003,12,8,14,219,84
2003,12,8,15,150,78
2003,12,8,16,67,45
2003,12,8,17,6,6
2003,12,8,18,0,0
2003,12,8,19,0,0
2003,12,8,20,0,0
2003,12,8,21,0,0
2003,12,8,22,0,0
2003,12,8,23,0,0
2003,12,8,24,0,0
2003,12,9,1,0,0
2003,12,9,2,0,0
2003,12,9,3,0,0
2003,12,9,4,0,0
2003,12,9,5,0,0
2003,12,9,6,0,0
2003,12,9,7,0,0
2003,12,9,8,0,0
2003,12,9,9,3,3
2003,12,9,10,64,41
2003,12,9,11,144,75
2003,12,9,12,206,90
2003,12,9,13,219,101
2003,12,9,14,206,92
2003,12,9,15,147,78
2003,12,9,16,67,45
2003,12,9,17,3,3
2003,12,9,18,0,0
2003,12,9,19,0,0
2003,12,9,20,0,0
2003,12,9,21,0,0
2003,12,9,22,0,0
2003,12,9,23,0,0
2003,12,9,24,0,0
2003,12,10,1,0,0
2003,12,10,2,0,0
2003,12,10,3,0,0
2003,12,10,4,0,0
2003,12,10,5,0,0
2003,12,10,6,0,0
2003,12,10,7,0,0
2003,12,10,8,0,0
2003,12,10,9,3,3
2003,12,10,10,56,41
2003,12,10,11,128,80
2003,12,10,12,189,98
2003,12,10,13,211,104
2003,12,10,14,186,102
2003,12,10,15,125,85
2003,12,10,16,50,44
2003,12,10,17,3,3
2003,12,10,18,0,0
2003,12,10,19,0,0
2003,12,10,20,0,0
2003,12,10,21,0,0
2003,12,10,22,0,0
2003,12,10,23,0,0
2003,12,10,24,0,0
2003,12,11,1,0,0
2003,12,11,2,0,0
2003,12,11,3,0,0
2003,12,11,4,0,0
2003,12,11,5,0,0
2003,12,11,6,0,0
2003,12,11,7,0,0
2003,12,11,8,0,0
2003,12,11,9,0,0
2003,12,11,10,8,8
2003,12,11,11,25,24
2003,12,11,12,47,45
2003,12,11,13,44,43
2003,12,11,14,39,38
2003,12,11,15,25,24
2003,12,11,16,6,6
2003,12,11,17,0,0
2003,12,11,18,0,0
2003,12,11,19,0,0
2003,12,11,20,0,0
2003,12,11,21,0,0
2003,12,11,22,0,0
2003,12,11,23,0,0
2003,12,11,24,0,0
2003,12,12,1,0,0
2003,12,12,2,0,0
2003,12,12,3,0,0
2003,12,12,4,0,0
2003,12,12,5,0,0
2003,12,12,6,0,0
2003,12,12,7,0,0
2003,12,12,8,0,0
2003,12,12,9,6,6
2003,12,12,10,36,33
2003,12,12,11,72,67
2003,12,12,12,103,95
2003,12,12,13,117,108
2003,12,12,14,78,74
2003,12,12,15,42,40
2003,12,12,16,14,14
2003,12,12,17,0,0
2003,12,12,18,0,0
2003,12,12,19,0,0
2003,12,12,20,0,0
2003,12,12,21,0,0
2003,12,12,22,0,0
2003,12,12,23,0,0
2003,12,12,24,0,0
2003,12,13,1,0,0
2003,12,13,2,0,0
2003,12,13,3,0,0
2003,12,13,4,0,0
2003,12,13,5,0,0
2003,12,13,6,0,0
2003,12,13,7,0,0
2003,12,13,8,0,0
2003,12,13,9,0,0
2003,12,13,10,3,3
2003,12,13,11,8,8
2003,12,13,12,14,14
2003,12,13,13,14,14
2003,12,13,14,11,11
2003,12,13,15,3,3
2003,12,13,16,3,3
2003,12,13,17,0,0
2003,12,13,18,0,0
2003,12,13,19,0,0
2003,12,13,20,0,0
2003,12,13,21,0,0
2003,12,13,22,0,0
2003,12,13,23,0,0
2003,12,13,24,0,0
2003,12,14,1,0,0
2003,12,14,2,0,0
2003,12,14,3,0,0
2003,12,14,4,0,0
2003,12,14,5,0,0
2003,12,14,6,0,0
2003,12,14,7,0,0
2003,12,14,8,0,0
2003,12,14,9,0,0
2003,12,14,10,36,33
2003,12,14,11,89,79
2003,12,14,12,156,106
2003,12,14,13,64,61
2003,12,14,14,250,84
2003,12,14,15,61,57
2003,12,14,16,31,29
2003,12,14,17,6,6
2003,12,14,18,0,0
2003,12,14,19,0,0
2003,12,14,20,0,0
2003,12,14,21,0,0
2003,12,14,22,0,0
2003,12,14,23,0,0
2003,12,14,24,0,0
2003,12,15,1,0,0
2003,12,15,2,0,0
2003,12,15,3,0,0
2003,12,15,4,0,0
2003,12,15,5,0,0
2003,12,15,6,0,0
2003,12,15,7,0,0
2003,12,15,8,0,0
2003,12,15,9,3,3
2003,12,15,10,44,37
2003,12,15,11,103,80
2003,12,15,12,150,106
2003,12,15,13,172,115
2003,12,15,14,139,110
2003,12,15,15,83,76
2003,12,15,16,42,39
2003,12,15,17,3,3
2003,12,15,18,0,0
2003,12,15,19,0,0
2003,12,15,20,0,0
2003,12,15,21,0,0
2003,12,15,22,0,0
2003,12,15,23,0,0
2003,12,15,24,0,0
2003,12,16,1,0,0
2003,12,16,2,0,0
2003,12,16,3,0,0
2003,12,16,4,0,0
2003,12,16,5,0,0
2003,12,16,6,0,0
2003,12,16,7,0,0
2003,12,16,8,0,0
2003,12,16,9,0,0
2003,12,16,10,33,31
2003,12,16,11,97,79
2003,12,16,12,153,105
2003,12,16,13,131,115
2003,12,16,14,83,78
2003,12,16,15,53,50
2003,12,16,16,8,8
2003,12,16,17,0,0
2003,12,16,18,0,0
2003,12,16,19,0,0
2003,12,16,20,0,0
2003,12,16,21,0,0
2003,12,16,22,0,0
2003,12,16,23,0,0
2003,12,16,24,0,0
2003,12,17,1,0,0
2003,12,17,2,0,0
2003,12,17,3,0,0
2003,12,17,4,0,0
2003,12,17,5,0,0
2003,12,17,6,0,0
2003,12,17,7,0,0
2003,12,17,8,0,0
2003,12,17,9,0,0
2003,12,17,10,14,14
2003,12,17,11,94,78
2003,12,17,12,186,92
2003,12,17,13,214,96
2003,12,17,14,194,94
2003,12,17,15,139,78
2003,12,17,16,61,44
2003,12,17,17,3,3
2003,12,17,18,0,0
2003,12,17,19,0,0
2003,12,17,20,0,0
2003,12,17,21,0,0
2003,12,17,22,0,0
2003,12,17,23,0,0
2003,12,17,24,0,0
2003,12,18,1,0,0
2003,12,18,2,0,0
2003,12,18,3,0,0
2003,12,18,4,0,0
2003,12,18,5,0,0
2003,12,18,6,0,0
2003,12,18,7,0,0
2003,12,18,8,0,0
2003,12,18,9,0,0
2003,12,18,10,50,34
2003,12,18,11,131,70
2003,12,18,12,194,86
2003,12,18,13,222,89
2003,12,18,14,203,88
2003,12,18,15,142,77
2003,12,18,16,72,42
2003,12,18,17,6,6
2003,12,18,18,0,0
2003,12,18,19,0,0
2003,12,18,20,0,0
2003,12,18,21,0,0
2003,12,18,22,0,0
2003,12,18,23,0,0
2003,12,18,24,0,0
2003,12,19,1,0,0
2003,12,19,2,0,0
2003,12,19,3,0,0
2003,12,19,4,0,0
2003,12,19,5,0,0
2003,12,19,6,0,0
2003,12,19,7,0,0
2003,12,19,8,0,0
2003,12,19,9,0,0
2003,12,19,10,6,6
2003,12,19,11,17,17
2003,12,19,12,25,25
2003,12,19,13,53,51
2003,12,19,14,61,58
2003,12,19,15,58,55
2003,12,19,16,0,0
2003,12,19,17,0,0
2003,12,19,18,0,0
2003,12,19,19,0,0
2003,12,19,20,0,0
2003,12,19,21,0,0
2003,12,19,22,0,0
2003,12,19,23,0,0
2003,12,19,24,0,0
2003,12,20,1,0,0
2003,12,20,2,0,0
2003,12,20,3,0,0
2003,12,20,4,0,0
2003,12,20,5,0,0
2003,12,20,6,0,0
2003,12,20,7,0,0
2003,12,20,8,0,0
2003,12,20,9,0,0
2003,12,20,10,0,0
2003,12,20,11,14,14
2003,12,20,12,39,38
2003,12,20,13,22,22
2003,12,20,14,22,22
2003,12,20,15,8,8
2003,12,20,16,0,0
2003,12,20,17,0,0
2003,12,20,18,0,0
2003,12,20,19,0,0
2003,12,20,20,0,0
2003,12,20,21,0,0
2003,12,20,22,0,0
2003,12,20,23,0,0
2003,12,20,24,0,0
2003,12,21,1,0,0
2003,12,21,2,0,0
2003,12,21,3,0,0
2003,12,21,4,0,0
2003,12,21,5,0,0
2003,12,21,6,0,0
2003,12,21,7,0,0
2003,12,21,8,0,0
2003,12,21,9,0,0
2003,12,21,10,6,6
2003,12,21,11,47,45
2003,12,21,12,117,103
2003,12,21,13,78,74
2003,12,21,14,39,38
2003,12,21,15,42,40
2003,12,21,16,31,29
2003,12,21,17,3,3
2003,12,21,18,0,0
2003,12,21,19,0,0
2003,12,21,20,0,0
2003,12,21,21,0,0
2003,12,21,22,0,0
2003,12,21,23,0,0
2003,12,21,24,0,0
2003,12,22,1,0,0
2003,12,22,2,0,0
2003,12,22,3,0,0
2003,12,22,4,0,0
2003,12,22,5,0,0
2003,12,22,6,0,0
2003,12,22,7,0,0
2003,12,22,8,0,0
2003,12,22,9,0,0
2003,12,22,10,31,29
2003,12,22,11,111,75
2003,12,22,12,156,102
2003,12,22,13,194,105
2003,12,22,14,114,104
2003,12,22,15,100,85
2003,12,22,16,53,45
2003,12,22,17,3,3
2003,12,22,18,0,0
2003,12,22,19,0,0
2003,12,22,20,0,0
2003,12,22,21,0,0
2003,12,22,22,0,0
2003,12,22,23,0,0
2003,12,22,24,0,0
2003,12,23,1,0,0
2003,12,23,2,0,0
2003,12,23,3,0,0
2003,12,23,4,0,0
2003,12,23,5,0,0
2003,12,23,6,0,0
2003,12,23,7,0,0
2003,12,23,8,0,0
2003,12,23,9,0,0
2003,12,23,10,0,0
2003,12,23,11,11,11
2003,12,23,12,22,22
2003,12,23,13,25,25
2003,12,23,14,22,22
2003,12,23,15,17,17
2003,12,23,16,6,6
2003,12,23,17,0,0
2003,12,23,18,0,0
2003,12,23,19,0,0
2003,12,23,20,0,0
2003,12,23,21,0,0
2003,12,23,22,0,0
2003,12,23,23,0,0
2003,12,23,24,0,0
2003,12,24,1,0,0
2003,12,24,2,0,0
2003,12,24,3,0,0
2003,12,24,4,0,0
2003,12,24,5,0,0
2003,12,24,6,0,0
2003,12,24,7,0,0
2003,12,24,8,0,0
2003,12,24,9,0,0
2003,12,24,10,8,8
2003,12,24,11,17,17
2003,12,24,12,25,25
2003,12,24,13,19,19
2003,12,24,14,11,11
2003,12,24,15,17,17
2003,12,24,16,8,8
2003,12,24,17,0,0
2003,12,24,18,0,0
2003,12,24,19,0,0
2003,12,24,20,0,0
2003,12,24,21,0,0
2003,12,24,22,0,0
2003,12,24,23,0,0
2003,12,24,24,0,0
2003,12,25,1,0,0
2003,12,25,2,0,0
2003,12,25,3,0,0
2003,12,25,4,0,0
2003,12,25,5,0,0
2003,12,25,6,0,0
2003,12,25,7,0,0
2003,12,25,8,0,0
2003,12,25,9,0,0
2003,12,25,10,3,3
2003,12,25,11,14,14
2003,12,25,12,17,17
2003,12,25,13,31,30
2003,12,25,14,58,55
2003,12,25,15,42,40
2003,12,25,16,17,16
2003,12,25,17,0,0
2003,12,25,18,0,0
2003,12,25,19,0,0
2003,12,25,20,0,0
2003,12,25,21,0,0
2003,12,25,22,0,0
2003,12,25,23,0,0
2003,12,25,24,0,0
2003,12,26,1,0,0
2003,12,26,2,0,0
2003,12,26,3,0,0
2003,12,26,4,0,0
2003,12,26,5,0,0
2003,12,26,6,0,0
2003,12,26,7,0,0
2003,12,26,8,0,0
2003,12,26,9,0,0
2003,12,26,10,3,3
2003,12,26,11,11,11
2003,12,26,12,25,25
2003,12,26,13,36,35
2003,12,26,14,31,30
2003,12,26,15,25,24
2003,12,26,16,11,11
2003,12,26,17,0,0
2003,12,26,18,0,0
2003,12,26,19,0,0
2003,12,26,20,0,0
2003,12,26,21,0,0
2003,12,26,22,0,0
2003,12,26,23,0,0
2003,12,26,24,0,0
2003,12,27,1,0,0
2003,12,27,2,0,0
2003,12,27,3,0,0
2003,12,27,4,0,0
2003,12,27,5,0,0
2003,12,27,6,0,0
2003,12,27,7,0,0
2003,12,27,8,0,0
2003,12,27,9,0,0
2003,12,27,10,14,13
2003,12,27,11,108,75
2003,12,27,12,189,88
2003,12,27,13,183,111
2003,12,27,14,197,95
2003,12,27,15,106,87
2003,12,27,16,42,39
2003,12,27,17,3,3
2003,12,27,18,0,0
2003,12,27,19,0,0
2003,12,27,20,0,0
2003,12,27,21,0,0
2003,12,27,22,0,0
2003,12,27,23,0,0
2003,12,27,24,0,0
2003,12,28,1,0,0
2003,12,28,2,0,0
2003,12,28,3,0,0
2003,12,28,4,0,0
2003,12,28,5,0,0
2003,12,28,6,0,0
2003,12,28,7,0,0
2003,12,28,8,0,0
2003,12,28,9,0,0
2003,12,28,10,0,0
2003,12,28,11,3,3
2003,12,28,12,8,8
2003,12,28,13,33,32
2003,12,28,14,22,22
2003,12,28,15,22,22
2003,12,28,16,22,21
2003,12,28,17,3,3
2003,12,28,18,0,0
2003,12,28,19,0,0
2003,12,28,20,0,0
2003,12,28,21,0,0
2003,12,28,22,0,0
2003,12,28,23,0,0
2003,12,28,24,0,0
2003,12,29,1,0,0
2003,12,29,2,0,0
2003,12,29,3,0,0
2003,12,29,4,0,0
2003,12,29,5,0,0
2003,12,29,6,0,0
2003,12,29,7,0,0
2003,12,29,8,0,0
2003,12,29,9,0,0
2003,12,29,10,11,11
2003,12,29,11,75,69
2003,12,29,12,139,105
2003,12,29,13,111,102
2003,12,29,14,81,76
2003,12,29,15,47,45
2003,12,29,16,19,18
2003,12,29,17,0,0
2003,12,29,18,0,0
2003,12,29,19,0,0
2003,12,29,20,0,0
2003,12,29,21,0,0
2003,12,29,22,0,0
2003,12,29,23,0,0
2003,12,29,24,0,0
2003,12,30,1,0,0
2003,12,30,2,0,0
2003,12,30,3,0,0
2003,12,30,4,0,0
2003,12,30,5,0,0
2003,12,30,6,0,0
2003,12,30,7,0,0
2003,12,30,8,0,0
2003,12,30,9,0,0
2003,12,30,10,22,21
2003,12,30,11,78,71
2003,12,30,12,97,90
2003,12,30,13,139,117
2003,12,30,14,56,54
2003,12,30,15,61,58
2003,12,30,16,17,17
2003,12,30,17,0,0
2003,12,30,18,0,0
2003,12,30,19,0,0
2003,12,30,20,0,0
2003,12,30,21,0,0
2003,12,30,22,0,0
2003,12,30,23,0,0
2003,12,30,24,0,0
2003,12,31,1,0,0
2003,12,31,2,0,0
2003,12,31,3,0,0
2003,12,31,4,0,0
2003,12,31,5,0,0
2003,12,31,6,0,0
2003,12,31,7,0,0
2003,12,31,8,0,0
2003,12,31,9,0,0
2003,12,31,10,6,6
2003,12,31,11,31,30
2003,12,31,12,47,45
2003,12,31,13,50,48
2003,12,31,14,36,35
2003,12,31,15,31,30
2003,12,31,16,11,11
2003,12,31,17,3,3
2003,12,31,18,0,0
2003,12,31,19,0,0
2003,12,31,20,0,0
2003,12,31,21,0,0
2003,12,31,22,0,0
2003,12,31,23,0,0
2003,12,31,24,0,0
