Hour;T;N;NE;E;SE;S;SW;W;NW;Horizontal
1;1.5;0;0;0;0;0;0;0;0;0
2;1.5;0;0;0;0;0;0;0;0;0
3;1.7;0;0;0;0;0;0;0;0;0
4;1.5;0;0;0;0;0;0;0;0;0
5;1.2;0;0;0;0;0;0;0;0;0
6;1.1;0;0;0;0;0;0;0;0;0
7;1.1;0;0;0;0;0;0;0;0;0
8;1.3;0;0;0;0;0;0;0;0;0
9;1.5;0;0;0;0;0;0;0;0;0
10;1.8;0;0;0;0;0;0;0;0;0
11;2.2;2.781972659;2.781972659;2.833077719;2.865849263;2.84948703;2.793575793;2.781972659;2.781972659;6
12;2.6;8.926365626;8.926365626;9.103272107;9.332762486;9.324191097;9.082578942;8.926365626;8.926365626;19
13;3.4;18.59888709;18.59888709;18.85303012;19.78826566;20.02677937;19.42885314;18.59888709;18.59888709;39
14;4;17.10428772;17.10428772;17.10428772;17.9882483;18.45220168;18.12656533;17.20209263;17.10428772;36
15;4.4;8.905543434;8.905543434;8.905543434;9.173462332;9.470684498;9.436854693;9.091789959;8.905543434;19
16;4.4;3.709946074;3.709946074;3.709946074;3.785193929;3.988699722;4.028915408;3.882283184;3.709946074;8
17;4.5;1.388388021;1.388388021;1.388388021;1.388388021;1.388388021;1.388388021;1.388388021;1.388388021;3
18;4.6;0;0;0;0;0;0;0;0;0
19;4.8;0;0;0;0;0;0;0;0;0
20;5;0;0;0;0;0;0;0;0;0
21;5.2;0;0;0;0;0;0;0;0;0
22;5.8;0;0;0;0;0;0;0;0;0
23;6.1;0;0;0;0;0;0;0;0;0
24;6.1;0;0;0;0;0;0;0;0;0
25;6.2;0;0;0;0;0;0;0;0;0
26;6.1;0;0;0;0;0;0;0;0;0
27;6.1;0;0;0;0;0;0;0;0;0
28;5.8;0;0;0;0;0;0;0;0;0
29;6.6;0;0;0;0;0;0;0;0;0
30;6.8;0;0;0;0;0;0;0;0;0
31;7.4;0;0;0;0;0;0;0;0;0
32;7.2;0;0;0;0;0;0;0;0;0
33;6.7;0;0;0;0;0;0;0;0;0
34;7.5;5.153707112;5.822886757;11.56777009;13.55538232;10.62140716;5.153707112;5.153707112;5.153707112;11
35;8.7;40.5534133;40.5534133;206.8707443;312.7932904;259.2414088;77.58506529;40.5534133;40.5534133;108
36;9.9;53.33585326;53.33585326;153.6956358;282.9473752;277.6957991;141.0172096;53.33585326;53.33585326;139
37;9.9;55.63101513;55.63101513;79.93911303;168.2564874;190.5993876;133.8796457;55.63101513;55.63101513;133
38;10.6;51.26987408;51.26987408;51.26987408;116.9569357;151.235631;126.9557417;58.34009759;51.26987408;117
39;10.6;45.94111425;45.94111425;45.94111425;117.7680685;197.0671162;187.8386016;95.48846339;45.94111425;108
40;10.3;7.968187936;7.968187936;7.968187936;8.29763148;9.183173703;9.356993743;8.717270176;7.968187936;17
41;10.2;0.555860065;0.555860065;0.555860065;0.639190547;5.604445362;7.612307381;5.486598265;0.555860065;3
42;9.8;0;0;0;0;0;0;0;0;0
43;9.8;0;0;0;0;0;0;0;0;0
44;9.5;0;0;0;0;0;0;0;0;0
45;9.6;0;0;0;0;0;0;0;0;0
46;9.8;0;0;0;0;0;0;0;0;0
47;10;0;0;0;0;0;0;0;0;0
48;10.2;0;0;0;0;0;0;0;0;0
49;9.8;0;0;0;0;0;0;0;0;0
50;9.4;0;0;0;0;0;0;0;0;0
51;8.8;0;0;0;0;0;0;0;0;0
52;7.9;0;0;0;0;0;0;0;0;0
53;7.8;0;0;0;0;0;0;0;0;0
54;7.7;0;0;0;0;0;0;0;0;0
55;7.6;0;0;0;0;0;0;0;0;0
56;7.4;0;0;0;0;0;0;0;0;0
57;7.1;0;0;0;0;0;0;0;0;0
58;6.9;8.420905765;15.1234242;70.94630409;90.14265364;61.46751162;8.420905765;8.420905765;8.420905765;22
59;7.1;34.16111448;34.16111448;135.8630176;200.1829069;167.2494818;56.35469616;34.16111448;34.16111448;83
60;7.6;55.17532155;55.17532155;248.746248;496.2327013;485.3537234;222.4820718;55.17532155;55.17532155;183
61;7.1;43.16270682;43.16270682;49.74634157;73.36572545;79.29259065;64.0550599;43.16270682;43.16270682;94
62;7.2;58.53124116;58.53124116;58.53124116;398.9441937;575.5804624;449.3363097;94.16384808;58.53124116;203
63;7.4;42.41227388;42.41227388;42.41227388;368.0457157;725.8731243;683.338436;265.3578944;42.41227388;186
64;7;29.03289614;29.03289614;29.03289614;137.0901393;425.8718703;482.1907124;273.0558516;29.03289614;92
65;6;2.495014676;2.495014676;2.495014676;2.690125397;13.50044365;17.86393086;13.22451542;2.495014676;14
66;5.4;0;0;0;0;0;0;0;0;0
67;4.8;0;0;0;0;0;0;0;0;0
68;4.6;0;0;0;0;0;0;0;0;0
69;4.6;0;0;0;0;0;0;0;0;0
70;5;0;0;0;0;0;0;0;0;0
71;5.4;0;0;0;0;0;0;0;0;0
72;5.2;0;0;0;0;0;0;0;0;0
73;5.8;0;0;0;0;0;0;0;0;0
74;6.5;0;0;0;0;0;0;0;0;0
75;7;0;0;0;0;0;0;0;0;0
76;6.8;0;0;0;0;0;0;0;0;0
77;7;0;0;0;0;0;0;0;0;0
78;7.1;0;0;0;0;0;0;0;0;0
79;6.9;0;0;0;0;0;0;0;0;0
80;7;0;0;0;0;0;0;0;0;0
81;7.2;0;0;0;0;0;0;0;0;0
82;7.6;1.401014626;1.410868374;1.490502549;1.517715912;1.476567245;1.401014626;1.401014626;1.401014626;3
83;8;6.585593085;6.585593085;6.857880646;7.028865833;6.940187855;6.64379307;6.585593085;6.585593085;14
84;8.5;20.20766006;20.20766006;21.05880652;22.13907343;22.08794458;20.93537056;20.20766006;20.20766006;42
85;8.8;11.7790431;11.7790431;11.88342359;12.25324117;12.34527995;12.10562487;11.7790431;11.7790431;25
86;9;7.951768622;7.951768622;7.951768622;8.141776572;8.239816557;8.169121969;7.971104739;7.951768622;17
87;8.8;3.711934049;3.711934049;3.711934049;3.75704344;3.806387922;3.800402606;3.742593609;3.711934049;8
88;8.8;2.775762317;2.775762317;2.775762317;2.814144366;2.916161784;2.935935098;2.86188137;2.775762317;6
89;8.8;0;0;0;0;0;0;0;0;0
90;8.6;0;0;0;0;0;0;0;0;0
91;8.1;0;0;0;0;0;0;0;0;0
92;7.9;0;0;0;0;0;0;0;0;0
93;8;0;0;0;0;0;0;0;0;0
94;8.2;0;0;0;0;0;0;0;0;0
95;8.1;0;0;0;0;0;0;0;0;0
96;7.8;0;0;0;0;0;0;0;0;0
97;7.4;0;0;0;0;0;0;0;0;0
98;7.5;0;0;0;0;0;0;0;0;0
99;7.3;0;0;0;0;0;0;0;0;0
100;6.4;0;0;0;0;0;0;0;0;0
101;6.7;0;0;0;0;0;0;0;0;0
102;6.8;0;0;0;0;0;0;0;0;0
103;6.9;0;0;0;0;0;0;0;0;0
104;7.2;0;0;0;0;0;0;0;0;0
105;7.2;0;0;0;0;0;0;0;0;0
106;7;0;0;0;0;0;0;0;0;0
107;7.1;0;0;0;0;0;0;0;0;0
108;7.4;2.77881936;2.77881936;2.796065634;2.817793673;2.816691088;2.793403759;2.77881936;2.77881936;6
109;8.4;3.714145561;3.714145561;3.724810037;3.762129314;3.771340359;3.747047467;3.714145561;3.714145561;8
110;9.4;3.714252937;3.714252937;3.714252937;3.755739938;3.777027771;3.761542957;3.718356291;3.714252937;8
111;10.6;7.952363216;7.952363216;7.952363216;8.152136358;8.369706956;8.342803251;8.087185069;7.952363216;17
112;9.3;2.775812499;2.775812499;2.775812499;2.812845308;2.910773294;2.929643077;2.858400993;2.775812499;6
113;8.2;0;0;0;0;0;0;0;0;0
114;8.1;0;0;0;0;0;0;0;0;0
115;7.7;0;0;0;0;0;0;0;0;0
116;7.4;0;0;0;0;0;0;0;0;0
117;7.3;0;0;0;0;0;0;0;0;0
118;7.4;0;0;0;0;0;0;0;0;0
119;7.3;0;0;0;0;0;0;0;0;0
120;7.1;0;0;0;0;0;0;0;0;0
121;7.1;0;0;0;0;0;0;0;0;0
122;7;0;0;0;0;0;0;0;0;0
123;6.8;0;0;0;0;0;0;0;0;0
124;6.9;0;0;0;0;0;0;0;0;0
125;6.1;0;0;0;0;0;0;0;0;0
126;6.1;0;0;0;0;0;0;0;0;0
127;5.6;0;0;0;0;0;0;0;0;0
128;4.7;0;0;0;0;0;0;0;0;0
129;4.9;0;0;0;0;0;0;0;0;0
130;5.7;3.870088206;3.940818702;4.479405529;4.661062532;4.379377502;3.870088206;3.870088206;3.870088206;8
131;6.1;25.53324699;25.53324699;67.06377672;92.76665554;79.08511547;34.03361714;25.53324699;25.53324699;58
132;6.6;17.20913687;17.20913687;17.82497353;18.59512195;18.55337911;17.72419739;17.20913687;17.20913687;36
133;7;24.04432479;24.04432479;24.45954522;25.894903;26.24621716;25.30769264;24.04432479;24.04432479;50
134;7.4;53.93423393;53.93423393;53.93423393;127.4761485;165.0057988;137.4712328;61.00182583;53.93423393;125
135;7;35.4411731;35.4411731;35.4411731;44.65451552;54.64617811;53.38780924;41.61654432;35.4411731;75
136;6.7;32.26485816;32.26485816;32.26485816;108.043423;307.4709552;345.6864881;200.303881;32.26485816;86
137;6;3.40841773;3.40841773;3.40841773;3.838768967;24.14745949;32.30750062;23.53885093;3.40841773;19
138;5.5;0;0;0;0;0;0;0;0;0
139;4.7;0;0;0;0;0;0;0;0;0
140;4.4;0;0;0;0;0;0;0;0;0
141;4.5;0;0;0;0;0;0;0;0;0
142;5.2;0;0;0;0;0;0;0;0;0
143;5.2;0;0;0;0;0;0;0;0;0
144;5.8;0;0;0;0;0;0;0;0;0
145;5.9;0;0;0;0;0;0;0;0;0
146;4.7;0;0;0;0;0;0;0;0;0
147;4.2;0;0;0;0;0;0;0;0;0
148;4;0;0;0;0;0;0;0;0;0
149;4.8;0;0;0;0;0;0;0;0;0
150;5;0;0;0;0;0;0;0;0;0
151;5;0;0;0;0;0;0;0;0;0
152;4.6;0;0;0;0;0;0;0;0;0
153;4.6;0;0;0;0;0;0;0;0;0
154;4.9;2.860088678;2.899878861;3.194096678;3.292657139;3.137824862;2.860088678;2.860088678;2.860088678;6
155;5.2;16.02277111;16.02277111;17.48598412;18.38484933;17.90004115;16.31555365;16.02277111;16.02277111;33
156;5.8;33.77666564;33.77666564;43.55498428;55.69289519;54.99257607;41.86426436;33.77666564;33.77666564;72
157;6.2;15.64908043;15.64908043;15.82918049;16.44428301;16.59356665;16.18958307;15.64908043;15.64908043;33
158;6.5;14.66188162;14.66188162;14.66188162;15.26583644;15.57238441;15.34557219;14.71826331;14.66188162;31
159;6.7;11.77528003;11.77528003;11.77528003;12.18952744;12.63693699;12.57959958;12.05110269;11.77528003;25
160;6.7;13.27431852;13.27431852;13.27431852;14.02197145;15.98082916;16.35424964;14.92348824;13.27431852;28
161;6.5;3.805253936;3.805253936;3.805253936;4.477663794;35.02253114;47.28074088;34.0716;3.805253936;8
162;5.6;0;0;0;0;0;0;0;0;0
163;5.3;0;0;0;0;0;0;0;0;0
164;5.8;0;0;0;0;0;0;0;0;0
165;5.8;0;0;0;0;0;0;0;0;0
166;5.2;0;0;0;0;0;0;0;0;0
167;4.8;0;0;0;0;0;0;0;0;0
168;4;0;0;0;0;0;0;0;0;0
169;3.7;0;0;0;0;0;0;0;0;0
170;2.8;0;0;0;0;0;0;0;0;0
171;2.1;0;0;0;0;0;0;0;0;0
172;2;0;0;0;0;0;0;0;0;0
173;1.7;0;0;0;0;0;0;0;0;0
174;1.7;0;0;0;0;0;0;0;0;0
175;1.6;0;0;0;0;0;0;0;0;0
176;1.4;0;0;0;0;0;0;0;0;0
177;2;0;0;0;0;0;0;0;0;0
178;2.9;12.61201236;24.73155806;111.7768435;140.7327158;94.63721762;12.61201236;12.61201236;12.61201236;33
179;4.5;42.37429932;42.37429932;256.095471;386.4012325;315.1806824;84.15385294;42.37429932;42.37429932;122
180;4.3;20.18984069;20.18984069;21.01223179;22.02548588;21.96344392;20.86244923;20.18984069;20.18984069;42
181;4.8;11.77598163;11.77598163;11.87880484;12.225816;12.3093203;12.08040204;11.77598163;11.77598163;25
182;5.4;21.01708694;21.01708694;21.01708694;22.21355651;22.81762507;22.36696281;21.12556158;21.01708694;44
183;5.4;21.05298749;21.05298749;21.05298749;22.30759811;23.65733233;23.48147666;21.88304497;21.05298749;44
184;5.4;10.36101071;10.36101071;10.36101071;10.80456969;11.96192011;12.18147951;11.33463298;10.36101071;22
185;5.2;3.241655788;3.241655788;3.241655788;3.516542834;15.61403799;20.46395945;15.225289;3.241655788;6
186;5.4;0;0;0;0;0;0;0;0;0
187;5.3;0;0;0;0;0;0;0;0;0
188;5;0;0;0;0;0;0;0;0;0
189;5.2;0;0;0;0;0;0;0;0;0
190;5.4;0;0;0;0;0;0;0;0;0
191;5.5;0;0;0;0;0;0;0;0;0
192;4.9;0;0;0;0;0;0;0;0;0
193;4.5;0;0;0;0;0;0;0;0;0
194;4.8;0;0;0;0;0;0;0;0;0
195;5;0;0;0;0;0;0;0;0;0
196;4.1;0;0;0;0;0;0;0;0;0
197;3.2;0;0;0;0;0;0;0;0;0
198;3.9;0;0;0;0;0;0;0;0;0
199;2.7;0;0;0;0;0;0;0;0;0
200;2.1;0;0;0;0;0;0;0;0;0
201;2.4;0;0;0;0;0;0;0;0;0
202;3.5;12.2867256;22.75448885;95.80219796;119.927676;80.99854521;12.2867256;12.2867256;12.2867256;31
203;4.8;39.81794949;39.81794949;218.7288425;326.9818676;267.0181641;73.96365622;39.81794949;39.81794949;108
204;4.7;48.92581677;48.92581677;100.2943596;163.1130382;159.0423911;90.46694822;48.92581677;48.92581677;114
205;5.1;50.02686236;50.02686236;62.78655563;105.3444041;115.4979869;87.29947287;50.02686236;50.02686236;114
206;5.1;55.98064177;55.98064177;55.98064177;134.5229855;173.9702771;144.3008405;62.89462936;55.98064177;131
207;5.5;46.26576642;46.26576642;46.26576642;93.41576544;143.9499475;137.2620611;77.26977945;46.26576642;106
208;5.1;30.38847904;30.38847904;30.38847904;57.59936411;128.3311122;141.6893941;89.84910951;30.38847904;67
209;4.5;5.524097876;5.524097876;5.524097876;7.782672623;104.6529435;143.4548811;101.4588365;5.524097876;11
210;4.2;0;0;0;0;0;0;0;0;0
211;4.3;0;0;0;0;0;0;0;0;0
212;4.2;0;0;0;0;0;0;0;0;0
213;4.2;0;0;0;0;0;0;0;0;0
214;4.2;0;0;0;0;0;0;0;0;0
215;4.2;0;0;0;0;0;0;0;0;0
216;2.7;0;0;0;0;0;0;0;0;0
217;1.2;0;0;0;0;0;0;0;0;0
218;0.8;0;0;0;0;0;0;0;0;0
219;1.3;0;0;0;0;0;0;0;0;0
220;1.1;0;0;0;0;0;0;0;0;0
221;0.6;0;0;0;0;0;0;0;0;0
222;1;0;0;0;0;0;0;0;0;0
223;0.8;0;0;0;0;0;0;0;0;0
224;1;0;0;0;0;0;0;0;0;0
225;1.1;0;0;0;0;0;0;0;0;0
226;1.4;9.509373939;18.91931969;82.74078479;103.6642826;69.4331119;9.509373939;9.509373939;9.509373939;25
227;2.6;36.99055432;36.99055432;152.4988838;221.8516319;182.9152679;58.49818577;36.99055432;36.99055432;92
228;3.3;40.90706053;40.90706053;65.70024356;95.79347538;93.73498977;60.73061968;40.90706053;40.90706053;92
229;3.7;49.28609601;49.28609601;60.62056993;97.98842604;106.8271177;81.95905931;49.28609601;49.28609601;111
230;4;47.03259243;47.03259243;47.03259243;73.74620532;87.09416433;76.97459785;49.31541068;47.03259243;103
231;3.8;33.42395125;33.42395125;33.42395125;37.20290467;41.23853348;40.69648601;35.8942863;33.42395125;69
232;3.2;22.61018899;22.61018899;22.61018899;24.80586021;30.49368143;31.56345969;27.3885334;22.61018899;47
233;2.8;5.735105258;5.735105258;5.735105258;7.182676541;68.02821742;92.38329804;65.98104248;5.735105258;11
234;3;0;0;0;0;0;0;0;0;0
235;3.1;0;0;0;0;0;0;0;0;0
236;3.2;0;0;0;0;0;0;0;0;0
237;3.1;0;0;0;0;0;0;0;0;0
238;3;0;0;0;0;0;0;0;0;0
239;3.1;0;0;0;0;0;0;0;0;0
240;2.9;0;0;0;0;0;0;0;0;0
241;2.7;0;0;0;0;0;0;0;0;0
242;2.9;0;0;0;0;0;0;0;0;0
243;3.2;0;0;0;0;0;0;0;0;0
244;3.1;0;0;0;0;0;0;0;0;0
245;2.5;0;0;0;0;0;0;0;0;0
246;1.8;0;0;0;0;0;0;0;0;0
247;1.4;0;0;0;0;0;0;0;0;0
248;0.6;0;0;0;0;0;0;0;0;0
249;0.7;0;0;0;0;0;0;0;0;0
250;0.3;12.50897226;22.88470824;91.30157071;113.5627976;76.62806417;12.50897226;12.50897226;12.50897226;31
251;1.7;42.67044777;42.67044777;298.7995906;451.386826;364.5535503;89.1655186;42.67044777;42.67044777;136
252;2.7;51.3030804;51.3030804;351.0609649;712.1776514;686.1629773;288.2559858;51.3030804;51.3030804;225
253;3.6;54.7962965;54.7962965;214.7415268;736.0533291;858.2940012;509.8566152;54.7962965;54.7962965;275
254;4;53.48608372;53.48608372;53.48608372;573.3893945;831.8627838;634.3736589;96.60847058;53.48608372;258
255;3.7;46.71713029;46.71713029;46.71713029;372.4340468;719.0826242;671.8686141;258.4493433;46.71713029;203
256;2.9;35.48023863;35.48023863;35.48023863;122.952428;348.8467618;391.1752363;225.1424052;35.48023863;100
257;1.4;6.919191728;6.919191728;6.919191728;9.077493704;98.45662361;134.2143674;95.40432369;6.919191728;14
258;0.3;0;0;0;0;0;0;0;0;0
259;-0.7;0;0;0;0;0;0;0;0;0
260;-0.6;0;0;0;0;0;0;0;0;0
261;-1;0;0;0;0;0;0;0;0;0
262;-1;0;0;0;0;0;0;0;0;0
263;-1.2;0;0;0;0;0;0;0;0;0
264;-1.5;0;0;0;0;0;0;0;0;0
265;-1.5;0;0;0;0;0;0;0;0;0
266;-1.6;0;0;0;0;0;0;0;0;0
267;-2.7;0;0;0;0;0;0;0;0;0
268;-3.6;0;0;0;0;0;0;0;0;0
269;-2.1;0;0;0;0;0;0;0;0;0
270;-1.1;0;0;0;0;0;0;0;0;0
271;-1.3;0;0;0;0;0;0;0;0;0
272;-1.1;0;0;0;0;0;0;0;0;0
273;0;0;0;0;0;0;0;0;0;0
274;0.4;6.471865852;7.890232172;16.98598681;19.92271199;14.98011392;6.471865852;6.471865852;6.471865852;14
275;1.7;29.33810342;29.33810342;89.40390498;124.9063971;104.4262789;39.96052589;29.33810342;29.33810342;69
276;2.7;37.40886532;37.40886532;51.55299082;68.46482886;67.18450464;48.46201474;37.40886532;37.40886532;81
277;3.3;37.68009879;37.68009879;39.4709181;45.24231905;46.58387393;42.70971809;37.68009879;37.68009879;78
278;3.5;36.59809452;36.59809452;36.59809452;39.82324556;41.41875147;40.19038191;36.85769913;36.59809452;75
279;4.1;49.63534408;49.63534408;49.63534408;106.679557;167.1920253;158.8413841;86.51932573;49.63534408;117
280;4.9;36.18466248;36.18466248;36.18466248;125.6873198;356.1915912;399.2401438;229.6157194;36.18466248;103
281;3.9;8.313055517;8.313055517;8.313055517;12.51396902;184.7911312;253.6898301;178.8501423;8.313055517;19
282;2.6;0;0;0;0;0;0;0;0;0
283;1.9;0;0;0;0;0;0;0;0;0
284;1.3;0;0;0;0;0;0;0;0;0
285;0.4;0;0;0;0;0;0;0;0;0
286;0.2;0;0;0;0;0;0;0;0;0
287;0;0;0;0;0;0;0;0;0;0
288;0.2;0;0;0;0;0;0;0;0;0
289;0;0;0;0;0;0;0;0;0;0
290;-1.2;0;0;0;0;0;0;0;0;0
291;-1.8;0;0;0;0;0;0;0;0;0
292;-2.2;0;0;0;0;0;0;0;0;0
293;-2.4;0;0;0;0;0;0;0;0;0
294;-2.5;0;0;0;0;0;0;0;0;0
295;-3;0;0;0;0;0;0;0;0;0
296;-3.2;0;0;0;0;0;0;0;0;0
297;-2.8;0;0;0;0;0;0;0;0;0
298;-1.8;15.41251159;68.37859524;398.8234612;504.6713928;323.9181073;15.41251159;15.41251159;15.41251159;78
299;-0.3;34.34664327;34.34664327;597.6160881;927.8984758;734.7503187;131.3151877;34.34664327;34.34664327;194
300;0.2;50.03263648;50.03263648;400.7883249;817.0404903;783.9898574;320.9970386;50.03263648;50.03263648;247
301;1.6;56.40613433;56.40613433;209.5227302;697.5345536;809.9820442;480.9949871;56.40613433;56.40613433;269
302;2.2;58.87042423;58.87042423;58.87042423;487.1342016;697.9780093;534.4412615;92.32156709;58.87042423;242
303;2.8;47.00527148;47.00527148;47.00527148;403.7081951;780.9330184;728.2329213;276.478906;47.00527148;219
304;1.7;37.14284097;37.14284097;37.14284097;121.1500172;336.983774;377.1747788;218.179686;37.14284097;103
305;1;7.2798952;7.2798952;7.2798952;11.03105376;164.1366303;225.3576588;158.831691;7.2798952;36
306;-0.1;0;0;0;0;0;0;0;0;0
307;-0.7;0;0;0;0;0;0;0;0;0
308;-1.3;0;0;0;0;0;0;0;0;0
309;-1.7;0;0;0;0;0;0;0;0;0
310;-2.2;0;0;0;0;0;0;0;0;0
311;-2.6;0;0;0;0;0;0;0;0;0
312;-2.6;0;0;0;0;0;0;0;0;0
313;-3.2;0;0;0;0;0;0;0;0;0
314;-3.5;0;0;0;0;0;0;0;0;0
315;-3.6;0;0;0;0;0;0;0;0;0
316;-3.8;0;0;0;0;0;0;0;0;0
317;-4.7;0;0;0;0;0;0;0;0;0
318;-4.7;0;0;0;0;0;0;0;0;0
319;-4.7;0;0;0;0;0;0;0;0;0
320;-5;0;0;0;0;0;0;0;0;0
321;-4.2;0;0;0;0;0;0;0;0;0
322;-2.7;8.281541255;12.19713812;35.97087065;43.52456954;30.43338045;8.281541255;8.281541255;8.281541255;19
323;-1.1;18.95869004;18.95869004;21.44693754;22.89426748;22.03618954;19.37535413;18.95869004;18.95869004;39
324;-0.2;22.66007419;22.66007419;23.61296703;24.73533206;24.64203918;23.38773809;22.66007419;22.66007419;47
325;0.5;20.03866151;20.03866151;20.31458812;21.18446384;21.3831441;20.79424468;20.03866151;20.03866151;42
326;0.6;23.95984955;23.95984955;23.95984955;25.33455793;26.00816904;25.48190237;24.0640378;23.95984955;50
327;0.3;11.76723686;11.76723686;11.76723686;12.11470613;12.4810997;12.42932211;11.98970396;11.76723686;25
328;0.3;8.911772914;8.911772914;8.911772914;9.166866665;9.820924647;9.942413873;9.460167604;8.911772914;19
329;0.2;3.174100265;3.174100265;3.174100265;3.205799981;4.499973826;5.017468921;4.455143657;3.174100265;6
330;0.1;0;0;0;0;0;0;0;0;0
331;-0.1;0;0;0;0;0;0;0;0;0
332;-0.4;0;0;0;0;0;0;0;0;0
333;-0.9;0;0;0;0;0;0;0;0;0
334;-1.5;0;0;0;0;0;0;0;0;0
335;-1.8;0;0;0;0;0;0;0;0;0
336;-2.4;0;0;0;0;0;0;0;0;0
337;-2.7;0;0;0;0;0;0;0;0;0
338;-2.7;0;0;0;0;0;0;0;0;0
339;-2.8;0;0;0;0;0;0;0;0;0
340;-2.8;0;0;0;0;0;0;0;0;0
341;-3.4;0;0;0;0;0;0;0;0;0
342;-3.5;0;0;0;0;0;0;0;0;0
343;-3.9;0;0;0;0;0;0;0;0;0
344;-4;0;0;0;0;0;0;0;0;0
345;-4;0;0;0;0;0;0;0;0;0
346;-3.3;16.53246184;40.38098452;181.345165;225.7642992;147.6182607;16.53246184;16.53246184;16.53246184;47
347;-2.2;44.41999508;44.41999508;316.084444;472.824645;378.6112123;88.63309697;44.41999508;44.41999508;144
348;-1;53.28899621;53.28899621;356.6321644;711.2541396;680.4490574;282.2621171;53.28899621;53.28899621;233
349;0.2;56.18118841;56.18118841;219.9850884;730.8685173;846.5292593;499.2148203;56.18118841;56.18118841;281
350;0.8;55.53773872;55.53773872;55.53773872;600.7809652;866.7236439;657.484621;95.63327825;55.53773872;278
351;1.3;46.7629039;46.7629039;46.7629039;429.5007841;831.9857884;774.4978764;290.7126874;46.7629039;233
352;0.8;32.77355922;32.77355922;32.77355922;212.5156959;672.5970415;757.8784687;418.4032741;32.77355922;144
353;-0.1;9.39489607;9.39489607;9.39489607;14.50722479;224.3323413;308.2500174;217.1024167;9.39489607;47
354;-0.8;0;0;0;0;0;0;0;0;0
355;-1.4;0;0;0;0;0;0;0;0;0
356;-1.9;0;0;0;0;0;0;0;0;0
357;-2.1;0;0;0;0;0;0;0;0;0
358;-2.6;0;0;0;0;0;0;0;0;0
359;-3;0;0;0;0;0;0;0;0;0
360;-4.2;0;0;0;0;0;0;0;0;0
361;-4.1;0;0;0;0;0;0;0;0;0
362;-4.3;0;0;0;0;0;0;0;0;0
363;-4.3;0;0;0;0;0;0;0;0;0
364;-4.7;0;0;0;0;0;0;0;0;0
365;-4.9;0;0;0;0;0;0;0;0;0
366;-4.9;0;0;0;0;0;0;0;0;0
367;-4.9;0;0;0;0;0;0;0;0;0
368;-5.3;0;0;0;0;0;0;0;0;0
369;-6.2;0;0;0;0;0;0;0;0;0
370;-4.4;19.69899954;40.6426596;161.2015253;198.8701305;131.5827172;19.69899954;19.69899954;19.69899954;56
371;-2.4;40.53777001;40.53777001;423.5033745;642.6584922;509.099457;101.0633404;40.53777001;40.53777001;164
372;-0.5;52.57440253;52.57440253;378.1627026;755.9492538;721.7083565;295.497864;52.57440253;52.57440253;242
373;0.7;57.83622856;57.83622856;216.121379;704.6067277;814.2226897;480.7577212;57.83622856;57.83622856;278
374;1.4;55.80402089;55.80402089;55.80402089;588.1875496;846.6951711;641.9094831;93.79116438;55.80402089;275
375;1.8;49.0816983;49.0816983;49.0816983;404.5029588;777.3139858;723.5364153;274.6724188;49.0816983;228
376;1.4;34.36636533;34.36636533;34.36636533;204.6090766;639.7979525;720.3332158;399.0384014;34.36636533;144
377;-0.2;9.597169671;9.597169671;9.597169671;16.53556259;304.3024799;419.4350234;294.4901106;9.597169671;44
378;-1.3;0;0;0;0;0;0;0;0;0
379;-2.7;0;0;0;0;0;0;0;0;0
380;-4.2;0;0;0;0;0;0;0;0;0
381;-4.1;0;0;0;0;0;0;0;0;0
382;-4.9;0;0;0;0;0;0;0;0;0
383;-4.2;0;0;0;0;0;0;0;0;0
384;-5.3;0;0;0;0;0;0;0;0;0
385;-6.3;0;0;0;0;0;0;0;0;0
386;-6.7;0;0;0;0;0;0;0;0;0
387;-6.4;0;0;0;0;0;0;0;0;0
388;-6.8;0;0;0;0;0;0;0;0;0
389;-7.4;0;0;0;0;0;0;0;0;0
390;-7.7;0;0;0;0;0;0;0;0;0
391;-8.5;0;0;0;0;0;0;0;0;0
392;-8.7;0;0;0;0;0;0;0;0;0
393;-8.8;0;0;0;0;0;0;0;0;0
394;-6.8;19.79314019;35.66733928;124.6879207;152.2625624;102.2384131;19.79314019;19.79314019;19.79314019;53
395;-5;40.93037669;40.93037669;431.7562347;653.5716831;516.5101631;100.8604542;40.93037669;40.93037669;167
396;-2.8;53.20973279;53.20973279;378.5121098;753.1553781;717.7799803;293.1083447;53.20973279;53.20973279;244
397;-0.4;62.92256796;62.92256796;285.668416;965.9926712;1117.310708;650.9824721;62.92256796;62.92256796;364
398;0;62.42216945;62.42216945;62.42216945;788.5433575;1139.588229;859.6438322;112.6977973;62.42216945;358
399;0.8;49.85404743;49.85404743;49.85404743;404.0962121;774.7977003;720.8370287;273.8236267;49.85404743;231
400;0.5;38.13368974;38.13368974;38.13368974;158.2581683;465.0353075;521.7392689;295.1536408;38.13368974;128
401;-0.8;13.04398869;13.04398869;13.04398869;17.44063681;202.6980856;276.8587366;196.4802862;13.04398869;31
402;-1.8;0;0;0;0;0;0;0;0;0
403;-2.6;0;0;0;0;0;0;0;0;0
404;-3.9;0;0;0;0;0;0;0;0;0
405;-4.6;0;0;0;0;0;0;0;0;0
406;-5.3;0;0;0;0;0;0;0;0;0
407;-6.3;0;0;0;0;0;0;0;0;0
408;-7.3;0;0;0;0;0;0;0;0;0
409;-7.5;0;0;0;0;0;0;0;0;0
410;-7.9;0;0;0;0;0;0;0;0;0
411;-8.2;0;0;0;0;0;0;0;0;0
412;-8.6;0;0;0;0;0;0;0;0;0
413;-7.4;0;0;0;0;0;0;0;0;0
414;-7.5;0;0;0;0;0;0;0;0;0
415;-6.8;0;0;0;0;0;0;0;0;0
416;-6.2;0;0;0;0;0;0;0;0;0
417;-5.9;0;0;0;0;0;0;0;0;0
418;-5.2;8.571664581;11.65883929;28.53080086;33.71097109;24.16487652;8.571664581;8.571664581;8.571664581;19
419;-4;8.978400452;8.978400452;9.373386275;9.595707439;9.456418541;9.03711313;8.978400452;8.978400452;19
420;-3.4;13.24758976;13.24758976;13.56402796;13.92575508;13.89022216;13.47824389;13.24758976;13.24758976;28
421;-2.8;17.08593734;17.08593734;17.27880454;17.86190333;17.99045176;17.58914792;17.08593734;17.08593734;36
422;-2.2;15.6127528;15.6127528;15.6127528;16.15948519;16.42268697;16.2114403;15.6494906;15.6127528;33
423;-2;8.898498655;8.898498655;8.898498655;9.077122049;9.263641493;9.236265214;9.011029866;8.898498655;19
424;-1.7;5.116889109;5.116889109;5.116889109;5.18772681;5.368526359;5.40192022;5.268346722;5.116889109;11
425;-1.4;0;0;0;0;0;0;0;0;0
426;-1.2;0;0;0;0;0;0;0;0;0
427;-1.1;0;0;0;0;0;0;0;0;0
428;-1;0;0;0;0;0;0;0;0;0
429;-0.9;0;0;0;0;0;0;0;0;0
430;-0.8;0;0;0;0;0;0;0;0;0
431;-0.7;0;0;0;0;0;0;0;0;0
432;-0.6;0;0;0;0;0;0;0;0;0
433;-0.6;0;0;0;0;0;0;0;0;0
434;-0.5;0;0;0;0;0;0;0;0;0
435;-0.5;0;0;0;0;0;0;0;0;0
436;-0.6;0;0;0;0;0;0;0;0;0
437;-0.5;0;0;0;0;0;0;0;0;0
438;-0.7;0;0;0;0;0;0;0;0;0
439;-0.8;0;0;0;0;0;0;0;0;0
440;-0.9;0;0;0;0;0;0;0;0;0
441;-1.2;0;0;0;0;0;0;0;0;0
442;-1.2;5.310247186;5.421687835;6.015444035;6.196105486;5.857843159;5.310247186;5.310247186;5.310247186;11
443;-1.1;22.45930066;22.45930066;30.22885815;34.56558694;31.81061742;23.57777336;22.45930066;22.45930066;47
444;-1;45.55588584;45.55588584;73.13109926;104.4194549;101.2263301;65.42221407;45.55588584;45.55588584;103
445;-0.5;63.79753904;63.79753904;92.75221741;179.4211852;198.3593892;138.4730864;63.79753904;63.79753904;153
446;-0.9;30.92261151;30.92261151;30.92261151;32.93001404;33.89243827;33.11517827;31.0535424;30.92261151;64
447;-0.9;13.20347459;13.20347459;13.20347459;13.57972218;13.97182999;13.91384562;13.43973553;13.20347459;28
448;-0.9;14.69423838;14.69423838;14.69423838;15.23030691;16.59821011;16.85079249;15.84009472;14.69423838;31
449;-0.6;3.70700806;3.70700806;3.70700806;3.729197599;4.711136438;5.104870491;4.679755691;3.70700806;8
450;-0.2;0;0;0;0;0;0;0;0;0
451;0.1;0;0;0;0;0;0;0;0;0
452;0.2;0;0;0;0;0;0;0;0;0
453;0.3;0;0;0;0;0;0;0;0;0
454;0.3;0;0;0;0;0;0;0;0;0
455;0;0;0;0;0;0;0;0;0;0
456;-0.2;0;0;0;0;0;0;0;0;0
457;0;0;0;0;0;0;0;0;0;0
458;0;0;0;0;0;0;0;0;0;0
459;0;0;0;0;0;0;0;0;0;0
460;-0.3;0;0;0;0;0;0;0;0;0
461;-0.9;0;0;0;0;0;0;0;0;0
462;-0.7;0;0;0;0;0;0;0;0;0
463;-0.9;0;0;0;0;0;0;0;0;0
464;-0.2;0;0;0;0;0;0;0;0;0
465;-0.1;0;0;0;0;0;0;0;0;0
466;0.2;3.800551926;3.857974329;4.156348207;4.246301449;4.075140666;3.800551926;3.800551926;3.800551926;8
467;0.5;10.43310546;10.43310546;10.93774865;11.21706391;11.03714695;10.50339068;10.43310546;10.43310546;22
468;0.6;17.14911677;17.14911677;17.65324667;18.22103948;18.16091451;17.50809215;17.14911677;17.14911677;36
469;0.7;27.9565055;27.9565055;28.44276132;29.88406552;30.19623119;29.19639594;27.9565055;27.9565055;58
470;0.6;22.44575523;22.44575523;22.44575523;23.50205476;24.00647986;23.59665365;22.51264675;22.44575523;47
471;1.1;30.96776798;30.96776798;30.96776798;32.87334759;34.85574348;34.56061605;32.16084695;30.96776798;64
472;0.3;22.58826593;22.58826593;22.58826593;23.76190319;26.757156;27.31032956;25.09738228;22.58826593;47
473;0.1;0;0;0;0;0;0;0;0;0
474;0.2;0;0;0;0;0;0;0;0;0
475;0.1;0;0;0;0;0;0;0;0;0
476;0.2;0;0;0;0;0;0;0;0;0
477;0.1;0;0;0;0;0;0;0;0;0
478;0;0;0;0;0;0;0;0;0;0
479;-0.2;0;0;0;0;0;0;0;0;0
480;0;0;0;0;0;0;0;0;0;0
481;0;0;0;0;0;0;0;0;0;0
482;0.1;0;0;0;0;0;0;0;0;0
483;0.1;0;0;0;0;0;0;0;0;0
484;0.1;0;0;0;0;0;0;0;0;0
485;-0.1;0;0;0;0;0;0;0;0;0
486;-0.3;0;0;0;0;0;0;0;0;0
487;-0.4;0;0;0;0;0;0;0;0;0
488;-0.4;0;0;0;0;0;0;0;0;0
489;-0.9;0;0;0;0;0;0;0;0;0
490;-1.7;16.13558945;31.17755358;107.4299922;130.2034079;86.15744254;16.13558945;16.13558945;16.13558945;39
491;-1.6;45.88267179;45.88267179;244.2821745;353.168772;282.0513396;72.58950457;45.88267179;45.88267179;128
492;-0.9;62.81242311;62.81242311;292.6918373;549.6986591;521.4941272;224.6000738;62.81242311;62.81242311;219
493;-0.3;68.18086361;68.18086361;194.3821403;564.8806648;644.4191822;386.4051077;68.18086361;68.18086361;261
494;0.3;70.57943255;70.57943255;70.57943255;234.9089354;313.0832287;249.2020872;80.68621715;70.57943255;186
495;0.7;57.63987437;57.63987437;57.63987437;122.9150152;190.714982;180.5613555;98.40199248;57.63987437;139
496;0.6;33.89869626;33.89869626;33.89869626;46.26990538;77.859232;83.69707299;60.36370027;33.89869626;72
497;0.7;9.757379683;9.757379683;9.757379683;9.900214094;16.71660672;19.45637854;16.51460836;9.757379683;19
498;0.7;0;0;0;0;0;0;0;0;0
499;0;0;0;0;0;0;0;0;0;0
500;-0.2;0;0;0;0;0;0;0;0;0
501;-0.2;0;0;0;0;0;0;0;0;0
502;-0.1;0;0;0;0;0;0;0;0;0
503;0.1;0;0;0;0;0;0;0;0;0
504;0.4;0;0;0;0;0;0;0;0;0
505;0.6;0;0;0;0;0;0;0;0;0
506;0.7;0;0;0;0;0;0;0;0;0
507;0.7;0;0;0;0;0;0;0;0;0
508;0.7;0;0;0;0;0;0;0;0;0
509;0.8;0;0;0;0;0;0;0;0;0
510;0.8;0;0;0;0;0;0;0;0;0
511;0.8;0;0;0;0;0;0;0;0;0
512;0.8;0;0;0;0;0;0;0;0;0
513;0.9;0;0;0;0;0;0;0;0;0
514;1.1;6.80310695;6.982596665;7.870597129;8.133276324;7.61676034;6.80310695;6.80310695;6.80310695;14
515;1.6;23.85464582;23.85464582;32.31896961;36.92504133;33.87465263;24.95467983;23.85464582;23.85464582;50
516;1.8;34.75038853;34.75038853;38.78797911;43.26902233;42.7599654;37.55900698;34.75038853;34.75038853;72
517;2.5;35.01384681;35.01384681;35.74209385;37.86006652;38.31076228;36.83016968;35.01384681;35.01384681;72
518;2.8;27.88901522;27.88901522;27.88901522;29.41036111;30.13143256;29.53892634;27.97992457;27.88901522;58
519;3;14.64631894;14.64631894;14.64631894;15.05945715;15.48798936;15.42348246;14.9037237;14.64631894;31
520;3.7;10.33828592;10.33828592;10.33828592;10.56343562;11.13886769;11.24532981;10.82045792;10.33828592;22
521;4.5;5.121364218;5.121364218;5.121364218;5.14318156;6.237269587;6.677675383;6.206415206;5.121364218;11
522;5.1;0;0;0;0;0;0;0;0;0
523;5.3;0;0;0;0;0;0;0;0;0
524;5.3;0;0;0;0;0;0;0;0;0
525;5.2;0;0;0;0;0;0;0;0;0
526;5;0;0;0;0;0;0;0;0;0
527;5.1;0;0;0;0;0;0;0;0;0
528;4.8;0;0;0;0;0;0;0;0;0
529;4.9;0;0;0;0;0;0;0;0;0
530;5.2;0;0;0;0;0;0;0;0;0
531;5.1;0;0;0;0;0;0;0;0;0
532;5.2;0;0;0;0;0;0;0;0;0
533;4.9;0;0;0;0;0;0;0;0;0
534;5.1;0;0;0;0;0;0;0;0;0
535;6.3;0;0;0;0;0;0;0;0;0
536;5.5;0;0;0;0;0;0;0;0;0
537;5.2;0;0;0;0;0;0;0;0;0
538;5.9;11.05938564;16.59374201;43.32500605;51.15550724;35.4982442;11.05938564;11.05938564;11.05938564;25
539;6;28.12325879;28.12325879;49.72890441;61.3860686;53.55832993;30.83107154;28.12325879;28.12325879;61
540;6.4;31.18253681;31.18253681;32.69849838;34.3687198;34.17251845;32.2248264;31.18253681;31.18253681;64
541;8;72.70846756;72.70846756;127.9858998;287.2787746;320.8792735;209.1046801;72.70846756;72.70846756;194
542;7.6;69.03058157;69.03058157;69.03058157;180.1363073;232.611443;189.2631286;75.48421875;69.03058157;172
543;7.8;47.53207905;47.53207905;47.53207905;63.42117002;79.88318158;77.39435604;57.41261364;47.53207905;103
544;7.8;25.56970053;25.56970053;25.56970053;26.82362704;30.03253214;30.627171;28.25921226;25.56970053;53
545;7.4;5.120755535;5.120755535;5.120755535;5.13945849;6.134335237;6.53547074;6.107885263;5.120755535;11
546;7;0;0;0;0;0;0;0;0;0
547;7.2;0;0;0;0;0;0;0;0;0
548;7.8;0;0;0;0;0;0;0;0;0
549;8.1;0;0;0;0;0;0;0;0;0
550;8.8;0;0;0;0;0;0;0;0;0
551;9.5;0;0;0;0;0;0;0;0;0
552;10.2;0;0;0;0;0;0;0;0;0
553;10.5;0;0;0;0;0;0;0;0;0
554;10.4;0;0;0;0;0;0;0;0;0
555;10.7;0;0;0;0;0;0;0;0;0
556;11.1;0;0;0;0;0;0;0;0;0
557;11.8;0;0;0;0;0;0;0;0;0
558;10;0;0;0;0;0;0;0;0;0
559;10.5;0;0;0;0;0;0;0;0;0
560;8.8;0;0;0;0;0;0;0;0;0
561;8.7;0;0;0;0;0;0;0;0;0
562;9.2;6.77260212;6.935695052;7.705038038;7.92817271;7.474389803;6.77260212;6.77260212;6.77260212;14
563;9.2;26.35834082;26.35834082;39.71369894;46.85788473;41.99371572;27.97055615;26.35834082;26.35834082;56
564;10.2;60.18722172;60.18722172;130.9411037;208.3308432;198.9400584;108.2697437;60.18722172;60.18722172;147
565;9.7;76.46885536;76.46885536;153.9290029;375.1480823;421.4049215;265.6028912;76.46885536;76.46885536;222
566;10.3;69.99674994;69.99674994;69.99674994;182.8221426;235.9298317;191.836172;76.3706312;69.99674994;175
567;9.7;55.20444034;55.20444034;55.20444034;98.5794623;143.4756835;136.6638076;82.13413918;55.20444034;125
568;9.4;35.38251128;35.38251128;35.38251128;47.33490273;77.97366903;83.66311276;61.07043495;35.38251128;75
569;8.8;20.12153416;20.12153416;20.12153416;22.15172321;137.9725418;184.7578384;135.1014209;20.12153416;44
570;7.6;1.405975313;1.405975313;1.405975313;1.405975313;1.405975313;1.405975313;1.405975313;1.405975313;3
571;6.5;0;0;0;0;0;0;0;0;0
572;6.4;0;0;0;0;0;0;0;0;0
573;6.1;0;0;0;0;0;0;0;0;0
574;5;0;0;0;0;0;0;0;0;0
575;4.6;0;0;0;0;0;0;0;0;0
576;4;0;0;0;0;0;0;0;0;0
577;3;0;0;0;0;0;0;0;0;0
578;3.3;0;0;0;0;0;0;0;0;0
579;3.2;0;0;0;0;0;0;0;0;0
580;3.5;0;0;0;0;0;0;0;0;0
581;4.1;0;0;0;0;0;0;0;0;0
582;5.4;0;0;0;0;0;0;0;0;0
583;5.8;0;0;0;0;0;0;0;0;0
584;6.1;0;0;0;0;0;0;0;0;0
585;6.4;0;0;0;0;0;0;0;0;0
586;7.1;6.758037204;6.913569134;7.630355758;7.836150004;7.410400393;6.758037204;6.758037204;6.758037204;14
587;7.8;36.37677668;36.37677668;100.4818958;134.4794261;111.0097549;43.82109721;36.37677668;36.37677668;86
588;7.8;39.38266679;39.38266679;47.42345922;56.15516179;55.06176427;44.78376409;39.38266679;39.38266679;83
589;8;43.1033744;43.1033744;44.9774385;50.28279117;51.38253886;47.6324643;43.1033744;43.1033744;89
590;7.4;23.90060655;23.90060655;23.90060655;24.94945179;25.44156353;25.03100356;23.95827236;23.90060655;50
591;7.2;20.9678664;20.9678664;20.9678664;21.73059845;22.51949483;22.39946832;21.44082882;20.9678664;44
592;7.1;13.21940923;13.21940923;13.21940923;13.54112681;14.36753475;14.52138633;13.91255738;13.21940923;28
593;6.8;11.83537324;11.83537324;11.83537324;11.90431742;16.17880336;17.90896684;16.08130157;11.83537324;25
594;5.7;2.875807382;2.875807382;2.875807382;2.875807382;2.875807382;2.875807382;2.875807382;2.875807382;6
595;5.5;0;0;0;0;0;0;0;0;0
596;4.9;0;0;0;0;0;0;0;0;0
597;4.3;0;0;0;0;0;0;0;0;0
598;4;0;0;0;0;0;0;0;0;0
599;4.1;0;0;0;0;0;0;0;0;0
600;4.1;0;0;0;0;0;0;0;0;0
601;3.2;0;0;0;0;0;0;0;0;0
602;3.4;0;0;0;0;0;0;0;0;0
603;3.4;0;0;0;0;0;0;0;0;0
604;3.2;0;0;0;0;0;0;0;0;0
605;2.8;0;0;0;0;0;0;0;0;0
606;3;0;0;0;0;0;0;0;0;0
607;4.2;0;0;0;0;0;0;0;0;0
608;4.5;0;0;0;0;0;0;0;0;0
609;4.6;0;0;0;0;0;0;0;0;0
610;5;8.276592415;8.495366677;9.480747473;9.760750568;9.171353946;8.276592415;8.276592415;8.276592415;17
611;5.4;21.3896594;21.3896594;23.11747395;24.025915;23.39007327;21.58241623;21.3896594;21.3896594;44
612;5.8;44.7153505;44.7153505;60.54724614;77.61675894;75.4130729;55.22707741;44.7153505;44.7153505;97
613;5.7;19.99115433;19.99115433;20.22157271;20.86830284;21.00121127;20.54244204;19.99115433;19.99115433;42
614;5;13.19365155;13.19365155;13.19365155;13.51419845;13.66413782;13.53847271;13.21081604;13.19365155;28
615;5.7;18.5182007;18.5182007;18.5182007;19.09974043;19.70091147;19.60926658;18.8784901;18.5182007;39
616;6.1;21.04280967;21.04280967;21.04280967;21.80391353;23.76384295;24.12982798;22.68747954;21.04280967;44
617;6;16.25947092;16.25947092;16.25947092;16.54687015;36.23075467;44.21573203;35.82431079;16.25947092;33
618;5.8;0;0;0;0;0;0;0;0;0
619;5.7;0;0;0;0;0;0;0;0;0
620;4.4;0;0;0;0;0;0;0;0;0
621;4.1;0;0;0;0;0;0;0;0;0
622;3.2;0;0;0;0;0;0;0;0;0
623;3.6;0;0;0;0;0;0;0;0;0
624;3.2;0;0;0;0;0;0;0;0;0
625;3.5;0;0;0;0;0;0;0;0;0
626;3.7;0;0;0;0;0;0;0;0;0
627;3.8;0;0;0;0;0;0;0;0;0
628;3.8;0;0;0;0;0;0;0;0;0
629;3.6;0;0;0;0;0;0;0;0;0
630;3.7;0;0;0;0;0;0;0;0;0
631;3.8;0;0;0;0;0;0;0;0;0
632;3.8;0;0;0;0;0;0;0;0;0
633;3.6;0;0;0;0;0;0;0;0;0
634;3.3;2.804452698;2.830460434;2.94498508;2.977187762;2.908204587;2.804452698;2.804452698;2.804452698;6
635;3.2;10.40121514;10.40121514;10.8188233;11.03649534;10.88202885;10.44590822;10.40121514;10.40121514;22
636;3.3;20.06617704;20.06617704;20.65902579;21.29368821;21.20929123;20.45527346;20.06617704;20.06617704;42
637;4.3;32.41189714;32.41189714;32.98698132;34.58766283;34.91381031;33.77437098;32.41189714;32.41189714;67
638;4.3;20.9447081;20.9447081;20.9447081;21.71585848;22.07553043;21.772782;20.98495911;20.9447081;44
639;5.6;54.02113752;54.02113752;54.02113752;88.3185195;123.7626421;118.3531372;75.2588194;54.02113752;119
640;5.1;36.58059847;36.58059847;36.58059847;42.44441766;57.58803522;60.42578125;49.2953426;36.58059847;78
641;5;15.49738594;15.49738594;15.49738594;15.68278822;30.00709093;35.83180525;29.74489251;15.49738594;31
642;4.5;2.857744009;2.857744009;2.857744009;2.857744009;2.857744009;2.857744009;2.857744009;2.857744009;6
643;4.3;0;0;0;0;0;0;0;0;0
644;4.1;0;0;0;0;0;0;0;0;0
645;3.9;0;0;0;0;0;0;0;0;0
646;4.8;0;0;0;0;0;0;0;0;0
647;4.5;0;0;0;0;0;0;0;0;0
648;4.6;0;0;0;0;0;0;0;0;0
649;5;0;0;0;0;0;0;0;0;0
650;4.2;0;0;0;0;0;0;0;0;0
651;3;0;0;0;0;0;0;0;0;0
652;2.4;0;0;0;0;0;0;0;0;0
653;2.4;0;0;0;0;0;0;0;0;0
654;2.3;0;0;0;0;0;0;0;0;0
655;1.9;0;0;0;0;0;0;0;0;0
656;1.5;0;0;0;0;0;0;0;0;0
657;1.5;0;0;0;0;0;0;0;0;0
658;2.7;21.60612364;45.48221545;148.307044;176.9121917;114.5411511;21.60612364;21.60612364;21.60612364;53
659;4.9;51.97717324;51.97717324;260.8185941;368.7318891;291.0945675;73.38551933;51.97717324;51.97717324;147
660;5.8;69.30508847;69.30508847;293.5883048;532.0014378;499.3733246;214.8170715;69.30508847;69.30508847;236
661;6.1;69.95946712;69.95946712;99.76371585;182.0469389;198.6708411;139.8973661;69.95946712;69.95946712;167
662;6.7;62.60143897;62.60143897;62.60143897;105.547442;125.5233661;108.6404786;64.78854608;62.60143897;142
663;6.2;63.1424177;63.1424177;63.1424177;348.2822339;642.9283519;597.9437329;239.6797566;63.1424177;247
664;5.4;17.09517829;17.09517829;17.09517829;17.56216586;18.77216457;18.99980746;18.11174442;17.09517829;36
665;5.5;15.55241056;15.55241056;15.55241056;15.69771857;28.72202578;34.03175101;28.51652923;15.55241056;31
666;5;0;0;0;0;0;0;0;0;0
667;3.8;0;0;0;0;0;0;0;0;0
668;3.6;0;0;0;0;0;0;0;0;0
669;3.4;0;0;0;0;0;0;0;0;0
670;4.2;0;0;0;0;0;0;0;0;0
671;4;0;0;0;0;0;0;0;0;0
672;4.2;0;0;0;0;0;0;0;0;0
673;4.1;0;0;0;0;0;0;0;0;0
674;3.8;0;0;0;0;0;0;0;0;0
675;3.4;0;0;0;0;0;0;0;0;0
676;3.7;0;0;0;0;0;0;0;0;0
677;3.6;0;0;0;0;0;0;0;0;0
678;3;0;0;0;0;0;0;0;0;0
679;1.2;0;0;0;0;0;0;0;0;0
680;0;0;0;0;0;0;0;0;0;0
681;-1;1.459148893;1.459148893;1.459148893;1.459148893;1.459148893;1.459148893;1.459148893;1.459148893;3
682;0.3;24.7597523;59.07610856;203.6609465;243.4478913;155.1302901;24.7597523;24.7597523;24.7597523;64
683;2.5;53.07015504;53.07015504;273.0291748;385.7013933;303.5227437;74.63236441;53.07015504;53.07015504;153
684;5.2;63.00568599;63.00568599;374.6032087;703.5207871;657.2333062;262.8553445;63.00568599;63.00568599;272
685;5.5;74.43062055;74.43062055;209.0326695;577.7021058;651.5619316;387.3460627;74.43062055;74.43062055;289
686;5.7;72.81386038;72.81386038;72.81386038;487.9348978;680.5322277;517.1363801;93.46242657;72.81386038;289
687;5.8;67.20970148;67.20970148;67.20970148;162.9618357;261.9189376;246.8180097;126.5049707;67.20970148;169
688;5.5;41.08993398;41.08993398;41.08993398;55.98399806;94.71900395;102.038828;73.65561653;41.08993398;89
689;4.1;18.97921536;18.97921536;18.97921536;19.201451;43.24945984;53.08028862;42.93517118;18.97921536;39
690;2;1.39574715;1.39574715;1.39574715;1.39574715;1.39574715;1.39574715;1.39574715;1.39574715;3
691;0;0;0;0;0;0;0;0;0;0
692;-0.6;0;0;0;0;0;0;0;0;0
693;0.1;0;0;0;0;0;0;0;0;0
694;-0.2;0;0;0;0;0;0;0;0;0
695;-0.1;0;0;0;0;0;0;0;0;0
696;0.8;0;0;0;0;0;0;0;0;0
697;2;0;0;0;0;0;0;0;0;0
698;1.4;0;0;0;0;0;0;0;0;0
699;0.2;0;0;0;0;0;0;0;0;0
700;-1.3;0;0;0;0;0;0;0;0;0
701;-1.8;0;0;0;0;0;0;0;0;0
702;-2.4;0;0;0;0;0;0;0;0;0
703;-2.5;0;0;0;0;0;0;0;0;0
704;-2.3;0;0;0;0;0;0;0;0;0
705;-2.5;1.459149204;1.459149204;1.459149204;1.459149204;1.459149204;1.459149204;1.459149204;1.459149204;3
706;-1.1;17.38114353;34.2467144;103.7902103;122.7164468;79.93869126;17.38114353;17.38114353;17.38114353;42
707;-0.5;39.88411017;39.88411017;103.066924;135.1506177;111.4284833;45.79662548;39.88411017;39.88411017;94
708;0.8;48.5140795;48.5140795;66.80376652;85.97656203;83.20434335;60.11103859;48.5140795;48.5140795;106
709;1.9;52.29661334;52.29661334;57.4546845;71.47373122;74.25908237;64.17911703;52.29661334;52.29661334;111
710;2.4;33.32290811;33.32290811;33.32290811;35.07330359;35.88347952;35.19370744;33.40804649;33.32290811;69
711;3.6;62.78807543;62.78807543;62.78807543;116.8382026;172.7171145;164.2010863;96.2786917;62.78807543;147
712;4.1;52.97595473;52.97595473;52.97595473;143.3551389;379.3770647;424.1976471;251.5615968;52.97595473;156
713;2.6;11.81310901;11.81310901;11.81310901;11.83317681;14.6213763;15.7645309;14.59299615;11.81310901;25
714;2.5;0;0;0;0;0;0;0;0;0
715;2.3;0;0;0;0;0;0;0;0;0
716;2.4;0;0;0;0;0;0;0;0;0
717;2.5;0;0;0;0;0;0;0;0;0
718;1.9;0;0;0;0;0;0;0;0;0
719;1.6;0;0;0;0;0;0;0;0;0
720;0.5;0;0;0;0;0;0;0;0;0
721;1.1;0;0;0;0;0;0;0;0;0
722;0.9;0;0;0;0;0;0;0;0;0
723;0.7;0;0;0;0;0;0;0;0;0
724;0.7;0;0;0;0;0;0;0;0;0
725;1;0;0;0;0;0;0;0;0;0
726;0.8;0;0;0;0;0;0;0;0;0
727;0.5;0;0;0;0;0;0;0;0;0
728;0.3;0;0;0;0;0;0;0;0;0
729;0.4;0;0;0;0;0;0;0;0;0
730;0.6;9.200541707;9.417828276;10.29496596;10.53100476;9.987676348;9.200541707;9.200541707;9.200541707;19
731;1.1;31.29909748;31.29909748;48.11487673;56.57950175;50.23520882;32.79839868;31.29909748;31.29909748;67
732;1.4;44.31467356;44.31467356;54.37846659;64.85589041;63.30054799;50.62353782;44.31467356;44.31467356;94
733;1.5;53.56304112;53.56304112;59.11153315;74.0789102;77.02836938;66.23215751;53.56304112;53.56304112;114
734;2.2;55.82634992;55.82634992;55.82634992;73.01081173;80.94722698;74.16817314;56.64472803;55.82634992;119
735;2.5;64.56807707;64.56807707;64.56807707;122.6248714;182.680684;173.5477333;100.575978;64.56807707;153
736;3.4;47.21786773;47.21786773;47.21786773;70.70414528;132.3177863;144.0810492;99.10317409;47.21786773;108
737;2.6;19.20426398;19.20426398;19.20426398;19.30099639;38.55037015;46.4670573;38.41356987;19.20426398;39
738;1.5;1.392930362;1.392930362;1.392930362;1.392930362;1.392930362;1.392930362;1.392930362;1.392930362;3
739;2.2;0;0;0;0;0;0;0;0;0
740;3.5;0;0;0;0;0;0;0;0;0
741;4;0;0;0;0;0;0;0;0;0
742;4.1;0;0;0;0;0;0;0;0;0
743;4.5;0;0;0;0;0;0;0;0;0
744;4.7;0;0;0;0;0;0;0;0;0
745;5.9;0;0;0;0;0;0;0;0;0
746;5.5;0;0;0;0;0;0;0;0;0
747;5.9;0;0;0;0;0;0;0;0;0
748;6.3;0;0;0;0;0;0;0;0;0
749;6.9;0;0;0;0;0;0;0;0;0
750;7.1;0;0;0;0;0;0;0;0;0
751;7.6;0;0;0;0;0;0;0;0;0
752;7.9;0;0;0;0;0;0;0;0;0
753;8.7;0;0;0;0;0;0;0;0;0
754;10.1;10.71733396;10.995997;12.09763165;12.39070663;11.7035426;10.71733396;10.71733396;10.71733396;22
755;10.6;33.28799392;33.28799392;54.51664908;65.10955035;57.06181543;35.0876983;33.28799392;33.28799392;72
756;11.5;74.9635509;74.9635509;273.9500931;479.7091053;448.3736611;198.2996386;74.9635509;74.9635509;236
757;11.8;77.71581835;77.71581835;210.8968583;567.5508544;637.2661298;379.2044215;77.71581835;77.71581835;297
758;12.1;82.74302165;82.74302165;82.74302165;342.2480316;461.8555621;359.384108;94.86005753;82.74302165;250
759;11.1;67.85247915;67.85247915;67.85247915;139.1127688;212.8860945;201.7006953;112.1088264;67.85247915;167
760;10.6;52.46370614;52.46370614;52.46370614;95.58215556;209.2643445;231.094846;148.2856485;52.46370614;128
761;9.5;14.72872997;14.72872997;14.72872997;14.73870115;18.39756312;19.90727238;18.38346173;14.72872997;31
762;9.2;0;0;0;0;0;0;0;0;0
763;9.5;0;0;0;0;0;0;0;0;0
764;10.1;0;0;0;0;0;0;0;0;0
765;9.7;0;0;0;0;0;0;0;0;0
766;10;0;0;0;0;0;0;0;0;0
767;9.9;0;0;0;0;0;0;0;0;0
768;10.7;0;0;0;0;0;0;0;0;0
769;11.2;0;0;0;0;0;0;0;0;0
770;10.8;0;0;0;0;0;0;0;0;0
771;10.8;0;0;0;0;0;0;0;0;0
772;10.8;0;0;0;0;0;0;0;0;0
773;10.8;0;0;0;0;0;0;0;0;0
774;10.6;0;0;0;0;0;0;0;0;0
775;10.5;0;0;0;0;0;0;0;0;0
776;10.1;0;0;0;0;0;0;0;0;0
777;10;0;0;0;0;0;0;0;0;0
778;9.8;2.793030634;2.812867328;2.889690641;2.909891833;2.861637319;2.793030634;2.793030634;2.793030634;6
779;9.6;5.124512525;5.124512525;5.209585199;5.251665803;5.219261742;5.131354874;5.124512525;5.124512525;11
780;9.7;13.21290148;13.21290148;13.43907831;13.67138161;13.63511347;13.35151928;13.21290148;13.21290148;28
781;9.9;10.32799585;10.32799585;10.38270839;10.52819409;10.55640638;10.45081888;10.32799585;10.32799585;22
782;10.5;13.19084859;13.19084859;13.19084859;13.4563148;13.57844603;13.47352793;13.2030201;13.19084859;28
783;11.6;14.63019847;14.63019847;14.63019847;14.92529814;15.23112118;15.18493185;14.81378723;14.63019847;31
784;11.7;17.07277556;17.07277556;17.07277556;17.44589264;18.43497313;18.62609675;17.90730589;17.07277556;36
785;11.3;11.80098957;11.80098957;11.80098957;11.80164608;14.00548327;14.91795795;14.00455483;11.80098957;25
786;10.7;1.390703639;1.390703639;1.390703639;1.390703639;1.390703639;1.390703639;1.390703639;1.390703639;3
787;10.4;0;0;0;0;0;0;0;0;0
788;10.7;0;0;0;0;0;0;0;0;0
789;11;0;0;0;0;0;0;0;0;0
790;11;0;0;0;0;0;0;0;0;0
791;11;0;0;0;0;0;0;0;0;0
792;11.3;0;0;0;0;0;0;0;0;0
793;11.4;0;0;0;0;0;0;0;0;0
794;11.4;0;0;0;0;0;0;0;0;0
795;11.4;0;0;0;0;0;0;0;0;0
796;11.1;0;0;0;0;0;0;0;0;0
797;11.2;0;0;0;0;0;0;0;0;0
798;11.4;0;0;0;0;0;0;0;0;0
799;11.7;0;0;0;0;0;0;0;0;0
800;11.9;0;0;0;0;0;0;0;0;0
801;12.3;0;0;0;0;0;0;0;0;0
802;12.8;6.65236222;6.755777517;7.14825475;7.250244864;7.002003434;6.65236222;6.65236222;6.65236222;14
803;13.4;24.29313354;24.29313354;25.99172907;26.82460507;26.17457938;24.42242823;24.29313354;24.29313354;50
804;14.3;55.57514123;55.57514123;83.31213006;111.6110253;107.0848596;72.38499952;55.57514123;55.57514123;125
805;15.4;84.10223763;84.10223763;160.4160256;361.9556586;400.732526;254.0316647;84.10223763;84.10223763;247
806;15.5;76.68174551;76.68174551;76.68174551;172.4079702;216.3757584;178.5126884;80.99843312;76.68174551;186
807;15.7;69.23585678;69.23585678;69.23585678;137.1277092;207.5758715;196.9863294;111.562293;69.23585678;169
808;15.5;34.99212935;34.99212935;34.99212935;36.45030424;40.33848796;41.09484732;38.27631725;34.99212935;72
809;15.2;10.35001264;10.35001264;10.35001264;10.35001264;11.92959516;12.5874515;11.9346465;10.35358448;22
810;14.8;0;0;0;0;0;0;0;0;0
811;14.5;0;0;0;0;0;0;0;0;0
812;14.4;0;0;0;0;0;0;0;0;0
813;14.3;0;0;0;0;0;0;0;0;0
814;13.9;0;0;0;0;0;0;0;0;0
815;13.8;0;0;0;0;0;0;0;0;0
816;13.9;0;0;0;0;0;0;0;0;0
817;14.2;0;0;0;0;0;0;0;0;0
818;14;0;0;0;0;0;0;0;0;0
819;13.6;0;0;0;0;0;0;0;0;0
820;13.7;0;0;0;0;0;0;0;0;0
821;13.4;0;0;0;0;0;0;0;0;0
822;11.8;0;0;0;0;0;0;0;0;0
823;12;0;0;0;0;0;0;0;0;0
824;12.7;0;0;0;0;0;0;0;0;0
825;11.6;1.099744145;2.764984933;5.202551419;5.236749048;2.847545312;1.099744145;1.099744145;1.099744145;3
826;13.1;16.45771519;23.23054687;48.42729453;54.89669619;38.84906411;16.45771519;16.45771519;16.45771519;36
827;14.2;44.63778956;44.63778956;112.5393417;145.543514;119.4384815;49.51621807;44.63778956;44.63778956;106
828;15;44.81848957;44.81848957;52.25506995;59.79240948;58.55822981;49.27549664;44.81848957;44.81848957;94
829;14;27.83320167;27.83320167;28.1969429;29.15120899;29.33340427;28.63680121;27.83320167;27.83320167;58
830;15.5;44.92134537;44.92134537;44.92134537;47.63173849;48.87483534;47.80203138;45.04176063;44.92134537;92
831;16;43.44825627;43.44825627;43.44825627;45.72769431;48.09651384;47.74244712;44.87290164;43.44825627;89
832;16.4;34.9780577;34.9780577;34.9780577;36.35828198;40.06196608;40.7875656;38.11003419;34.9780577;72
833;16.1;7.955304112;7.955304112;7.955304112;7.955304112;8.829259586;9.19559923;8.835390815;7.959639546;17
834;15.6;1.388965043;1.388965043;1.388965043;1.388965043;1.388965043;1.388965043;1.388965043;1.388965043;3
835;15.4;0;0;0;0;0;0;0;0;0
836;15.4;0;0;0;0;0;0;0;0;0
837;15.6;0;0;0;0;0;0;0;0;0
838;16;0;0;0;0;0;0;0;0;0
839;15.5;0;0;0;0;0;0;0;0;0
840;14.9;0;0;0;0;0;0;0;0;0
841;14.5;0;0;0;0;0;0;0;0;0
842;14.1;0;0;0;0;0;0;0;0;0
843;13.9;0;0;0;0;0;0;0;0;0
844;13.5;0;0;0;0;0;0;0;0;0
845;12.2;0;0;0;0;0;0;0;0;0
846;11.6;0;0;0;0;0;0;0;0;0
847;11.5;0;0;0;0;0;0;0;0;0
848;11.4;0;0;0;0;0;0;0;0;0
849;11.3;0;0;0;0;0;0;0;0;0
850;11.3;8.11452378;8.254563645;8.765429724;8.89500393;8.567383449;8.11452378;8.11452378;8.11452378;17
851;11.8;24.25056366;24.25056366;25.83708895;26.60151664;25.98878796;24.35783106;24.25056366;24.25056366;50
852;12;30.96993765;30.96993765;32.06228281;33.16223031;32.9779625;31.61742097;30.96993765;30.96993765;64
853;12.2;27.82633841;27.82633841;28.18193327;29.10886497;29.28451;28.60597789;27.82633841;27.82633841;58
854;12.6;29.27833912;29.27833912;29.27833912;30.43685172;30.96752385;30.50869447;29.32913961;29.27833912;61
855;12.2;19.94971684;19.94971684;19.94971684;20.44099567;20.95242645;20.87648354;20.25765327;19.94971684;42
856;12.1;8.895587364;8.895587364;8.895587364;8.986103367;9.230646988;9.278917226;9.102638029;8.895587364;19
857;12;2.775804267;2.775804267;2.775804267;2.775804267;2.876822016;2.91945307;2.877936604;2.7765924;6
858;11.9;0;0;0;0;0;0;0;0;0
859;12.1;0;0;0;0;0;0;0;0;0
860;11.9;0;0;0;0;0;0;0;0;0
861;12.1;0;0;0;0;0;0;0;0;0
862;11.6;0;0;0;0;0;0;0;0;0
863;11;0;0;0;0;0;0;0;0;0
864;10.9;0;0;0;0;0;0;0;0;0
865;10.6;0;0;0;0;0;0;0;0;0
866;10.5;0;0;0;0;0;0;0;0;0
867;10.1;0;0;0;0;0;0;0;0;0
868;10.3;0;0;0;0;0;0;0;0;0
869;10.4;0;0;0;0;0;0;0;0;0
870;10.4;0;0;0;0;0;0;0;0;0
871;10.6;0;0;0;0;0;0;0;0;0
872;10.8;0;0;0;0;0;0;0;0;0
873;10.9;2.190855433;5.415999808;10.02627158;10.04666284;5.465228663;2.190855433;2.190855433;2.190855433;6
874;11;12.13041048;12.42088089;13.46025802;13.72062849;13.04947082;12.13041048;12.13041048;12.13041048;25
875;11.2;7.967782201;7.967782201;8.145051985;8.229721494;8.160950517;7.97902416;7.967782201;7.967782201;17
876;11.5;17.07723383;17.07723383;17.41385509;17.75064133;17.69295459;17.27458698;17.07723383;17.07723383;36
877;11.8;17.04541428;17.04541428;17.17930635;17.52616969;17.59141304;17.33681771;17.04541428;17.04541428;36
878;12.4;7.958085078;7.958085078;7.958085078;8.045557017;8.085582075;8.050921122;7.961878073;7.958085078;17
879;12.8;11.75373328;11.75373328;11.75373328;11.92216434;12.09785103;12.0719582;11.85965353;11.75373328;25
880;12.8;5.120202308;5.120202308;5.120202308;5.149161404;5.227968537;5.243647674;5.18701419;5.120202308;11
881;11.8;2.77601141;2.77601141;2.77601141;2.77601141;2.869874264;2.909765966;2.871306063;2.777023844;6
882;11.2;0;0;0;0;0;0;0;0;0
883;10.9;0;0;0;0;0;0;0;0;0
884;11;0;0;0;0;0;0;0;0;0
885;11.2;0;0;0;0;0;0;0;0;0
886;11;0;0;0;0;0;0;0;0;0
887;10.8;0;0;0;0;0;0;0;0;0
888;9.8;0;0;0;0;0;0;0;0;0
889;9.8;0;0;0;0;0;0;0;0;0
890;9.2;0;0;0;0;0;0;0;0;0
891;8.7;0;0;0;0;0;0;0;0;0
892;8.6;0;0;0;0;0;0;0;0;0
893;8.4;0;0;0;0;0;0;0;0;0
894;6.9;0;0;0;0;0;0;0;0;0
895;7;0;0;0;0;0;0;0;0;0
896;7.3;0;0;0;0;0;0;0;0;0
897;7;1.404476109;1.912039607;2.629093759;2.6287835;1.911290577;1.404476109;1.404476109;1.404476109;3
898;6.5;6.619931787;6.707346596;7.014252186;7.090170233;6.890628977;6.619931787;6.619931787;6.619931787;14
899;6;8.921884842;8.921884842;9.135936835;9.237285553;9.153876812;8.934570321;8.921884842;8.921884842;19
900;7.5;20.00318993;20.00318993;20.44940224;20.89299998;20.81535906;20.26196048;20.00318993;20.00318993;42
901;8.4;74.53269482;74.53269482;99.54757238;163.9658931;175.9954592;128.589514;74.53269482;74.53269482;172
902;8.7;84.29592131;84.29592131;84.29592131;209.9271114;267.363116;217.5608408;89.69378317;84.29592131;217
903;8.7;77.50718014;77.50718014;77.50718014;190.4334887;308.4855541;291.2336207;148.783637;77.50718014;206
904;8.3;59.32938358;59.32938358;59.32938358;106.6708549;236.5017646;262.5474963;169.5508138;59.32938358;150
905;7.8;27.45341959;27.45341959;27.45341959;27.45341959;61.45559226;76.01290377;62.12472802;27.92657002;58
906;7.4;2.803405762;2.803405762;2.803405762;2.803405762;2.803405762;2.803405762;2.803405762;2.803405762;6
907;7.3;0;0;0;0;0;0;0;0;0
908;5;0;0;0;0;0;0;0;0;0
909;5.8;0;0;0;0;0;0;0;0;0
910;6.3;0;0;0;0;0;0;0;0;0
911;6.1;0;0;0;0;0;0;0;0;0
912;6.1;0;0;0;0;0;0;0;0;0
913;5.9;0;0;0;0;0;0;0;0;0
914;5.4;0;0;0;0;0;0;0;0;0
915;1.9;0;0;0;0;0;0;0;0;0
916;2.8;0;0;0;0;0;0;0;0;0
917;4.2;0;0;0;0;0;0;0;0;0
918;2.7;0;0;0;0;0;0;0;0;0
919;4.4;0;0;0;0;0;0;0;0;0
920;3.4;0;0;0;0;0;0;0;0;0
921;2.7;4.856169816;16.59211898;32.97873107;32.89152818;16.38159259;4.856169816;4.856169816;4.856169816;14
922;4.7;31.18320437;62.75617712;171.5525392;198.1224487;126.9016129;31.18320437;31.18320437;31.18320437;75
923;5.2;59.53646084;59.53646084;196.7802184;261.1975952;207.4846145;67.10561195;59.53646084;59.53646084;153
924;6.8;66.06412284;66.06412284;466.1819685;861.4626856;790.8097121;295.6106017;66.06412284;66.06412284;347
925;4.4;61.15798297;61.15798297;67.89937794;85.16031997;88.36101852;75.62654778;61.15798297;61.15798297;131
926;2.8;30.74823608;30.74823608;30.74823608;31.91950089;32.45462196;31.99016533;30.79820338;30.74823608;64
927;5.6;79.50935274;79.50935274;79.50935274;220.1480635;367.5318673;346.1959883;168.6386951;79.50935274;228
928;5.4;51.37312396;51.37312396;51.37312396;68.72222424;116.6932509;126.4006331;92.15791799;51.37312396;114
929;4.9;21.08059706;21.08059706;21.08059706;21.08059706;25.56116231;27.49409555;25.67008836;21.1576194;44
930;4.4;1.108206314;1.108206314;1.108206314;1.108206314;11.47590449;20.32669015;17.91954864;5.664550789;6
931;3.7;0;0;0;0;0;0;0;0;0
932;2.9;0;0;0;0;0;0;0;0;0
933;4.5;0;0;0;0;0;0;0;0;0
934;4.6;0;0;0;0;0;0;0;0;0
935;4.2;0;0;0;0;0;0;0;0;0
936;3.3;0;0;0;0;0;0;0;0;0
937;3.8;0;0;0;0;0;0;0;0;0
938;3;0;0;0;0;0;0;0;0;0
939;3.4;0;0;0;0;0;0;0;0;0
940;2.2;0;0;0;0;0;0;0;0;0
941;2.9;0;0;0;0;0;0;0;0;0
942;2.8;0;0;0;0;0;0;0;0;0
943;2.3;0;0;0;0;0;0;0;0;0
944;2.5;0;0;0;0;0;0;0;0;0
945;3.1;9.790391826;71.85024204;157.4982685;156.621024;69.73238663;9.790391826;9.790391826;9.790391826;25
946;3.8;34.74728111;77.35780233;221.5106816;256.2600939;161.2503046;34.74728111;34.74728111;34.74728111;89
947;4.8;53.83930882;53.83930882;135.5278775;173.5370971;141.4289756;58.0120153;53.83930882;53.83930882;125
948;5;59.0235072;59.0235072;83.08163026;106.7019066;102.3928232;72.67858268;59.0235072;59.0235072;131
949;3.5;69.72864757;69.72864757;82.87406885;116.3466507;122.5110386;97.75621765;69.72864757;69.72864757;156
950;5.7;85.85342447;85.85342447;85.85342447;206.0427648;260.9286393;213.2578274;90.95524415;85.85342447;219
951;5.6;70.64918858;70.64918858;70.64918858;120.0141725;171.8864814;164.4553572;102.0738517;70.64918858;164
952;4.9;46.78993713;46.78993713;46.78993713;52.66292791;69.04393997;72.38885899;60.73827677;46.78993713;100
953;3.4;20.08623363;20.08623363;20.08623363;20.08623363;23.804744;25.42165051;23.91314217;20.1628827;42
954;3;2.025577204;2.025577204;2.025577204;2.025577204;18.46386425;32.61583739;28.84845098;9.368588897;11
955;2.8;0;0;0;0;0;0;0;0;0
956;2.7;0;0;0;0;0;0;0;0;0
957;2.7;0;0;0;0;0;0;0;0;0
958;2.8;0;0;0;0;0;0;0;0;0
959;2.3;0;0;0;0;0;0;0;0;0
960;1.8;0;0;0;0;0;0;0;0;0
961;1.7;0;0;0;0;0;0;0;0;0
962;2.5;0;0;0;0;0;0;0;0;0
963;1.1;0;0;0;0;0;0;0;0;0
964;1.6;0;0;0;0;0;0;0;0;0
965;0.9;0;0;0;0;0;0;0;0;0
966;0.3;0;0;0;0;0;0;0;0;0
967;0.7;0;0;0;0;0;0;0;0;0
968;0.8;0;0;0;0;0;0;0;0;0
969;1.8;1.406631804;1.800579521;2.33799261;2.329827171;1.780866406;1.406631804;1.406631804;1.406631804;3
970;2.8;21.33481066;29.75961257;57.74942859;64.4080553;45.83495947;21.33481066;21.33481066;21.33481066;47
971;3.4;37.97382642;37.97382642;54.25105431;61.75918874;55.33418051;38.7397123;37.97382642;37.97382642;81
972;4.5;66.63870088;66.63870088;108.7867791;149.915264;142.2614677;90.30888021;66.63870088;66.63870088;156
973;4.7;68.12297614;68.12297614;78.89225475;106.1693139;111.1593444;90.93925404;68.12297614;68.12297614;150
974;4.8;36.22285781;36.22285781;36.22285781;37.74202527;38.43558862;37.83296427;36.28716139;36.22285781;75
975;5;29.26357859;29.26357859;29.26357859;30.14160148;31.0669386;30.93589188;29.82522671;29.26357859;61
976;5.2;30.85238069;30.85238069;30.85238069;31.6643829;33.950169;34.42131272;32.80182447;30.85238069;64
977;5.1;15.6534481;15.6534481;15.6534481;15.6534481;17.79733833;18.73721538;17.87066338;15.70529674;33
978;4.9;1.659666604;1.659666604;1.659666604;1.659666604;4.983022818;7.869167365;7.117870582;3.169231935;3
979;4.8;0;0;0;0;0;0;0;0;0
980;5.4;0;0;0;0;0;0;0;0;0
981;6;0;0;0;0;0;0;0;0;0
982;6.7;0;0;0;0;0;0;0;0;0
983;7.3;0;0;0;0;0;0;0;0;0
984;7.7;0;0;0;0;0;0;0;0;0
985;7.9;0;0;0;0;0;0;0;0;0
986;7.9;0;0;0;0;0;0;0;0;0
987;7.9;0;0;0;0;0;0;0;0;0
988;7.9;0;0;0;0;0;0;0;0;0
989;7.9;0;0;0;0;0;0;0;0;0
990;7.7;0;0;0;0;0;0;0;0;0
991;7.6;0;0;0;0;0;0;0;0;0
992;7.4;0;0;0;0;0;0;0;0;0
993;7.1;1.40709208;1.783084953;2.290122985;2.279893489;1.758388765;1.40709208;1.40709208;1.40709208;3
994;7.6;29.00656609;58.30698737;153.9321463;176.3775947;112.4950932;29.00656609;29.00656609;29.00656609;72
995;7.7;33.3902404;33.3902404;38.5160878;40.86004005;38.82828498;33.61099715;33.3902404;33.3902404;69
996;7.9;52.39044388;52.39044388;62.88065676;73.05549769;71.12503037;58.22009637;52.39044388;52.39044388;111
997;8;63.54888529;63.54888529;70.28773912;87.26975933;90.35641324;77.73958085;63.54888529;63.54888529;136
998;7.1;34.7123503;34.7123503;34.7123503;36.07287494;36.69397493;36.15426608;34.76990253;34.7123503;72
999;6.1;22.37223437;22.37223437;22.37223437;22.87633047;23.40928661;23.33475161;22.69638706;22.37223437;47
1000;5.1;22.4100618;22.4100618;22.4100618;22.82762753;24.01454897;24.26158359;23.42402185;22.4100618;47
1001;4.6;5.11528963;5.11528963;5.11528963;5.11528963;5.338019265;5.436492486;5.346809431;5.121505216;11
1002;4.1;0;0;0;0;0;0;0;0;0
1003;4;0;0;0;0;0;0;0;0;0
1004;4.1;0;0;0;0;0;0;0;0;0
1005;3.6;0;0;0;0;0;0;0;0;0
1006;3.7;0;0;0;0;0;0;0;0;0
1007;3.7;0;0;0;0;0;0;0;0;0
1008;3.6;0;0;0;0;0;0;0;0;0
1009;3.2;0;0;0;0;0;0;0;0;0
1010;2.4;0;0;0;0;0;0;0;0;0
1011;1.9;0;0;0;0;0;0;0;0;0
1012;2.3;0;0;0;0;0;0;0;0;0
1013;2.5;0;0;0;0;0;0;0;0;0
1014;2.5;0;0;0;0;0;0;0;0;0
1015;2.5;0;0;0;0;0;0;0;0;0
1016;2.6;0;0;0;0;0;0;0;0;0
1017;3.5;4.823298852;7.878206387;11.95087758;11.84830982;7.630585909;4.823298852;4.823298852;4.823298852;11
1018;4.3;27.27399327;46.39958201;107.7324006;121.9337754;80.68473361;27.27399327;27.27399327;27.27399327;64
1019;5.1;58.63505025;58.63505025;151.5334768;193.6479429;156.6736876;62.26972816;58.63505025;58.63505025;139
1020;6;52.54515053;52.54515053;62.30887675;71.72288226;69.90283261;57.91488821;52.54515053;52.54515053;111
1021;6.1;60.75202816;60.75202816;65.47449241;77.3174556;79.45661606;70.63888261;60.75202816;60.75202816;128
1022;6.7;56.79768301;56.79768301;56.79768301;62.9005758;65.68704835;63.26625124;57.05625459;56.79768301;117
1023;7.3;43.30322965;43.30322965;43.30322965;45.05121891;46.90563764;46.64981462;44.43360752;43.30322965;89
1024;7.7;30.82931031;30.82931031;30.82931031;31.56744732;33.68716981;34.13279697;32.64328644;30.82931031;64
1025;7.7;24.02474625;24.02474625;24.02474625;24.02474625;28.43698063;30.40481107;28.63528607;24.16496937;50
1026;7.5;3.156604608;3.156604608;3.156604608;3.156604608;5.617811137;7.794556905;7.254453119;4.313885252;6
1027;6.9;0;0;0;0;0;0;0;0;0
1028;6.7;0;0;0;0;0;0;0;0;0
1029;6.7;0;0;0;0;0;0;0;0;0
1030;6.6;0;0;0;0;0;0;0;0;0
1031;6.6;0;0;0;0;0;0;0;0;0
1032;6.7;0;0;0;0;0;0;0;0;0
1033;6.7;0;0;0;0;0;0;0;0;0
1034;6.7;0;0;0;0;0;0;0;0;0
1035;6.6;0;0;0;0;0;0;0;0;0
1036;6.7;0;0;0;0;0;0;0;0;0
1037;6.8;0;0;0;0;0;0;0;0;0
1038;6.9;0;0;0;0;0;0;0;0;0
1039;6.8;0;0;0;0;0;0;0;0;0
1040;6.6;0;0;0;0;0;0;0;0;0
1041;6.8;2.805244234;3.64870407;4.760425184;4.726827815;3.567592845;2.805244234;2.805244234;2.805244234;6
1042;7.4;16.03520009;16.41893212;17.62843117;17.90463706;17.08575213;16.03520009;16.03520009;16.03520009;33
1043;8.4;37.24087421;37.24087421;46.91837371;51.26783067;47.40048678;37.58177962;37.24087421;37.24087421;78
1044;9.2;48.33553245;48.33553245;53.05980847;57.58823325;56.69655138;50.90709803;48.33553245;48.33553245;100
1045;9.5;47.40707552;47.40707552;48.230237;50.28499605;50.65390828;49.12086992;47.40707552;47.40707552;97
1046;9.6;52.95983016;52.95983016;52.95983016;55.85025886;57.1704443;56.02410908;53.08276084;52.95983016;108
1047;9.6;47.36768544;47.36768544;47.36768544;49.37547457;51.51336507;51.22277267;48.67392245;47.36768544;97
1048;9.7;48.67283769;48.67283769;48.67283769;53.25033914;66.53792877;69.36039034;60.06436414;48.67283769;103
1049;9;14.66654182;14.66654182;14.66654182;14.66654182;16.21834093;16.91668439;16.29692486;14.72210906;31
1050;8.5;3.165599588;3.165599588;3.165599588;3.165599588;4.821333815;6.299716055;5.942175375;3.958154256;6
1051;8;0;0;0;0;0;0;0;0;0
1052;7.9;0;0;0;0;0;0;0;0;0
1053;8;0;0;0;0;0;0;0;0;0
1054;8;0;0;0;0;0;0;0;0;0
1055;7.7;0;0;0;0;0;0;0;0;0
1056;7.4;0;0;0;0;0;0;0;0;0
1057;7;0;0;0;0;0;0;0;0;0
1058;6.9;0;0;0;0;0;0;0;0;0
1059;6.7;0;0;0;0;0;0;0;0;0
1060;6.6;0;0;0;0;0;0;0;0;0
1061;6.2;0;0;0;0;0;0;0;0;0
1062;6.3;0;0;0;0;0;0;0;0;0
1063;5.9;0;0;0;0;0;0;0;0;0
1064;6;0;0;0;0;0;0;0;0;0
1065;6.4;3.733119231;4.91815137;6.462488772;6.407998513;4.786600248;3.733119231;3.733119231;3.733119231;8
1066;7.3;25.92650087;37.23792865;72.28982639;80.18271684;56.29305181;25.92650087;25.92650087;25.92650087;58
1067;8.1;53.29646091;53.29646091;115.6196756;143.3899653;118.384702;55.25162988;53.29646091;53.29646091;125
1068;8.8;73.97985227;73.97985227;129.3704808;182.1589472;171.577567;103.8247691;73.97985227;73.97985227;172
1069;8.8;76.98431769;76.98431769;92.91925834;132.5202415;139.5890337;109.9848323;76.98431769;76.98431769;175
1070;8.5;60.29804413;60.29804413;60.29804413;68.42401785;72.13758949;68.91571603;60.64572725;60.29804413;125
1071;8.5;37.71598006;37.71598006;37.71598006;38.97131387;40.31325268;40.13374442;38.53794258;37.71598006;78
1072;8.6;25.34650664;25.34650664;25.34650664;25.80631042;27.15621043;27.44601051;26.50594969;25.34650664;53
1073;8.4;20.04293957;20.04293957;20.04293957;20.04293957;22.7152347;23.92900394;22.86636938;20.14980792;42
1074;8.2;4.217449416;4.217449416;4.217449416;4.217449416;6.32121181;8.218121002;7.771491037;5.242951693;8
1075;7.7;0;0;0;0;0;0;0;0;0
1076;7.7;0;0;0;0;0;0;0;0;0
1077;7.3;0;0;0;0;0;0;0;0;0
1078;6.9;0;0;0;0;0;0;0;0;0
1079;5;0;0;0;0;0;0;0;0;0
1080;3.5;0;0;0;0;0;0;0;0;0
1081;2.6;0;0;0;0;0;0;0;0;0
1082;3.1;0;0;0;0;0;0;0;0;0
1083;4;0;0;0;0;0;0;0;0;0
1084;5;0;0;0;0;0;0;0;0;0
1085;4.9;0;0;0;0;0;0;0;0;0
1086;4.8;0;0;0;0;0;0;0;0;0
1087;4.8;0;0;0;0;0;0;0;0;0
1088;4.7;0;0;0;0;0;0;0;0;0
1089;5;5.118395241;6.869886032;9.126885812;9.03576618;6.649903781;5.118395241;5.118395241;5.118395241;11
1090;6;22.14180109;26.18178494;38.49312364;41.22607935;32.77972368;22.14180109;22.14180109;22.14180109;47
1091;7;51.95721229;51.95721229;101.9677183;124.0610305;103.9169039;53.33549468;51.95721229;51.95721229;119
1092;7.7;63.19519273;63.19519273;84.90735665;105.4821165;101.2857699;74.7764798;63.19519273;63.19519273;139
1093;8.1;82.57206067;82.57206067;109.0997648;174.7490465;186.4023001;137.2332076;82.57206067;82.57206067;192
1094;7.9;57.98714984;57.98714984;57.98714984;63.1160519;65.4617646;63.42894934;58.20840175;57.98714984;119
1095;7.9;43.25823135;43.25823135;43.25823135;44.83849424;46.53485083;46.31180817;44.30002162;43.25823135;89
1096;7.9;34.80845843;34.80845843;34.80845843;35.61695795;38.01889148;38.54019687;36.87550049;34.80845843;72
1097;7.7;18.56044045;18.56044045;18.56044045;18.56044045;20.72438909;21.71665602;20.86005468;18.65637051;39
1098;7.2;1.378938086;1.378938086;1.378938086;1.378938086;1.599862914;1.801079943;1.755011998;1.488645056;3
1099;6.7;0;0;0;0;0;0;0;0;0
1100;6.3;0;0;0;0;0;0;0;0;0
1101;6.2;0;0;0;0;0;0;0;0;0
1102;5.9;0;0;0;0;0;0;0;0;0
1103;5.5;0;0;0;0;0;0;0;0;0
1104;5.1;0;0;0;0;0;0;0;0;0
1105;3.6;0;0;0;0;0;0;0;0;0
1106;1.4;0;0;0;0;0;0;0;0;0
1107;0.2;0;0;0;0;0;0;0;0;0
1108;-0.5;0;0;0;0;0;0;0;0;0
1109;-0.5;0;0;0;0;0;0;0;0;0
1110;0;0;0;0;0;0;0;0;0;0
1111;0.4;0;0;0;0;0;0;0;0;0
1112;0.9;0;0;0;0;0;0;0;0;0
1113;1.7;7.864701024;10.96654784;14.91918578;14.73940222;10.53251194;7.864701024;7.864701024;7.864701024;17
1114;2.5;27.39168411;38.27651761;70.90459803;78.04340362;55.51111887;27.39168411;27.39168411;27.39168411;61
1115;3;48.11498814;48.11498814;79.14027234;92.72951372;80.18417108;48.85313601;48.11498814;48.11498814;106
1116;3.5;56.26060922;56.26060922;66.62172352;76.38521752;74.3599889;61.73238914;56.26060922;56.26060922;119
1117;4.2;55.70828399;55.70828399;57.20400299;60.89080519;61.54175676;58.7755391;55.70828399;55.70828399;114
1118;4.6;60.56647111;60.56647111;60.56647111;67.40044734;70.52903514;67.82168804;60.86433326;60.56647111;125
1119;5;70.54831511;70.54831511;70.54831511;91.77108245;114.6540668;111.7004999;84.64054134;70.54831511;156
1120;5.1;61.06674289;61.06674289;61.06674289;80.43069125;138.6776889;151.461247;111.2929306;61.06674289;139
1121;4.9;36.27785675;36.27785675;36.27785675;36.27785675;75.73477575;94.00502067;78.45947588;38.20451069;78
1122;3;7.234684549;7.234684549;7.234684549;7.234684549;12.35879174;17.0742586;16.02583642;9.827676715;14
1123;2.6;0;0;0;0;0;0;0;0;0
1124;3.4;0;0;0;0;0;0;0;0;0
1125;3.2;0;0;0;0;0;0;0;0;0
1126;2.8;0;0;0;0;0;0;0;0;0
1127;2.6;0;0;0;0;0;0;0;0;0
1128;2.8;0;0;0;0;0;0;0;0;0
1129;2.9;0;0;0;0;0;0;0;0;0
1130;2.1;0;0;0;0;0;0;0;0;0
1131;1.6;0;0;0;0;0;0;0;0;0
1132;1.8;0;0;0;0;0;0;0;0;0
1133;2.2;0;0;0;0;0;0;0;0;0
1134;2.4;0;0;0;0;0;0;0;0;0
1135;2.6;0;0;0;0;0;0;0;0;0
1136;2.9;0;0;0;0;0;0;0;0;0
1137;3.3;2.886232724;3.043992429;3.242802136;3.232738318;3.019696223;2.886232724;2.886232724;2.886232724;6
1138;3.8;10.44850758;10.59585687;11.03043916;11.12413381;10.82205579;10.44850758;10.44850758;10.44850758;22
1139;4.5;27.05745289;27.05745289;28.3942143;28.97474406;28.43215066;27.08427795;27.05745289;27.05745289;56
1140;5.5;69.75895776;69.75895776;101.1524966;130.572622;124.3689276;86.17545356;69.75895776;69.75895776;158
1141;6.6;98.9609127;98.9609127;171.6012475;349.979297;381.3141813;247.2503503;98.9609127;98.9609127;283
1142;7;74.14537806;74.14537806;74.14537806;98.78556776;110.0792066;100.3232961;75.23271617;74.14537806;161
1143;6.6;41.71350023;41.71350023;41.71350023;43.09284439;44.58706572;44.39799136;42.6363785;41.71350023;86
1144;6.4;14.62455712;14.62455712;14.62455712;14.76053241;15.17490411;15.26688999;14.982606;14.62455712;31
1145;6.5;17.08236294;17.08236294;17.08236294;17.08236294;18.71357312;19.47649223;18.83696287;17.16961267;36
1146;5.7;1.379984528;1.379984528;1.379984528;1.379984528;1.515152048;1.640865095;1.613757843;1.449709354;3
1147;5.6;0;0;0;0;0;0;0;0;0
1148;5.7;0;0;0;0;0;0;0;0;0
1149;5.9;0;0;0;0;0;0;0;0;0
1150;4.6;0;0;0;0;0;0;0;0;0
1151;2.9;0;0;0;0;0;0;0;0;0
1152;3;0;0;0;0;0;0;0;0;0
1153;3.8;0;0;0;0;0;0;0;0;0
1154;4.6;0;0;0;0;0;0;0;0;0
1155;4.6;0;0;0;0;0;0;0;0;0
1156;4.6;0;0;0;0;0;0;0;0;0
1157;5.1;0;0;0;0;0;0;0;0;0
1158;3.1;0;0;0;0;0;0;0;0;0
1159;2.8;0;0;0;0;0;0;0;0;0
1160;3.7;0;0;0;0;0;0;0;0;0
1161;5.6;11.35275951;97.06759821;203.9003426;197.9413243;82.68125524;11.35275951;11.35275951;11.35275951;56
1162;6.3;48.08349522;110.7318362;292.5743784;331.1974771;203.9762449;48.08349522;48.08349522;48.08349522;131
1163;6.9;54.72503091;54.72503091;103.6256156;124.682176;104.7587896;55.52630591;54.72503091;54.72503091;125
1164;7.5;78.34106524;78.34106524;135.4316666;188.6440413;177.2424286;107.9057386;78.34106524;78.34106524;183
1165;8;87.85933072;87.85933072;117.5187676;190.0932406;202.7804757;148.1484627;87.85933072;87.85933072;208
1166;7.6;71.6126669;71.6126669;71.6126669;90.12866664;98.62716954;91.30094317;72.44159158;71.6126669;153
1167;7;78.82022383;78.82022383;78.82022383;125.7959374;176.9354232;170.6003559;110.5017319;78.82022383;183
1168;5.9;30.77112252;30.77112252;30.77112252;31.32296885;33.02770347;33.41056358;32.24727491;30.77112252;64
1169;6.3;20.99898624;20.99898624;20.99898624;20.99898624;23.29429439;24.37887697;23.4835654;21.13282106;44
1170;5.7;3.701847761;3.701847761;3.701847761;3.701847761;4.47977747;5.211193369;5.058455082;4.111034624;8
1171;5.9;0;0;0;0;0;0;0;0;0
1172;4;0;0;0;0;0;0;0;0;0
1173;4.7;0;0;0;0;0;0;0;0;0
1174;4.4;0;0;0;0;0;0;0;0;0
1175;3.5;0;0;0;0;0;0;0;0;0
1176;3.1;0;0;0;0;0;0;0;0;0
1177;2.5;0;0;0;0;0;0;0;0;0
1178;2.1;0;0;0;0;0;0;0;0;0
1179;1.6;0;0;0;0;0;0;0;0;0
1180;1.2;0;0;0;0;0;0;0;0;0
1181;0.8;0;0;0;0;0;0;0;0;0
1182;0.4;0;0;0;0;0;0;0;0;0
1183;0.4;0;0;0;0;0;0;0;0;0
1184;0.5;0;0;0;0;0;0;0;0;0
1185;0.4;15.09945319;109.2568;225.3326013;218.2566757;92.17400449;15.09945319;15.09945319;15.09945319;47
1186;1.4;51.58073823;151.4997552;436.9965956;496.722054;295.6897667;51.58073823;51.58073823;51.58073823;175
1187;2.6;70.28283244;70.28283244;530.2308069;726.6106012;538.5224899;76.1459377;70.28283244;70.28283244;294
1188;3.2;84.79781226;84.79781226;409.0781413;709.7208579;644.2921298;251.1192186;84.79781226;84.79781226;361
1189;3.2;101.6372646;101.6372646;184.18067;385.4853294;420.515642;268.7513259;101.6372646;101.6372646;306
1190;4.5;86.15082821;86.15082821;86.15082821;558.5041749;775.6532401;588.9011437;107.6447309;86.15082821;408
1191;4.4;76.98711603;76.98711603;76.98711603;403.4038195;760.598722;717.3432171;298.9757929;76.98711603;372
1192;3.6;74.94108449;74.94108449;74.94108449;146.0083253;368.6883526;419.2952142;268.1840969;74.94108449;219
1193;3.1;49.33201982;49.33201982;49.33201982;49.33201982;257.3587193;356.6925852;275.9788004;62.49840545;133
1194;2.3;15.45484252;15.45484252;15.45484252;15.45484252;128.3236622;235.6306166;213.9615887;76.01000104;36
1195;1.4;0;0;0;0;0;0;0;0;0
1196;0.8;0;0;0;0;0;0;0;0;0
1197;0.5;0;0;0;0;0;0;0;0;0
1198;0.2;0;0;0;0;0;0;0;0;0
1199;-0.4;0;0;0;0;0;0;0;0;0
1200;-0.5;0;0;0;0;0;0;0;0;0
1201;-1;0;0;0;0;0;0;0;0;0
1202;-1.1;0;0;0;0;0;0;0;0;0
1203;-1.3;0;0;0;0;0;0;0;0;0
1204;-1.6;0;0;0;0;0;0;0;0;0
1205;-2;0;0;0;0;0;0;0;0;0
1206;-2;0;0;0;0;0;0;0;0;0
1207;-2.3;0;0;0;0;0;0;0;0;0
1208;-2.4;0;0;0;0;0;0;0;0;0
1209;-1.6;14.62332988;108.5175632;223.0155461;215.440195;90.22904792;14.62332988;14.62332988;14.62332988;64
1210;-0.2;50.06534649;185.5425988;566.6870308;645.2014868;375.0932632;50.06534649;50.06534649;50.06534649;197
1211;1;65.12743325;65.12743325;618.4716684;852.7382361;625.6330772;70.19131398;65.12743325;65.12743325;325
1212;2.1;77.52867152;77.52867152;489.5887318;869.6125491;785.6443734;286.8716233;77.52867152;77.52867152;417
1213;3.2;82.90141254;82.90141254;290.8354845;796.3572929;883.9463227;502.2941082;82.90141254;82.90141254;464
1214;3.8;81.99556584;81.99556584;81.99556584;645.8553205;905.5408896;682.8047772;108.1227773;81.99556584;461
1215;4.7;75.38216842;75.38216842;75.38216842;435.6130287;831.9577437;785.1107477;322.5143756;75.38216842;403
1216;4.3;64.36725418;64.36725418;64.36725418;203.0878353;644.2491546;745.7235212;448.0686274;64.36725418;292
1217;3.8;48.88529627;48.88529627;48.88529627;48.88529627;352.7057172;499.3460015;382.112514;69.67904174;156
1218;2.6;16.31344836;16.31344836;16.31344836;16.31344836;99.97626222;180.4268623;164.7420503;62.1097763;36
1219;1.6;0;0;0;0;0;0;0;0;0
1220;0.8;0;0;0;0;0;0;0;0;0
1221;0.2;0;0;0;0;0;0;0;0;0
1222;-0.3;0;0;0;0;0;0;0;0;0
1223;-0.4;0;0;0;0;0;0;0;0;0
1224;-0.5;0;0;0;0;0;0;0;0;0
1225;-1.1;0;0;0;0;0;0;0;0;0
1226;-1.6;0;0;0;0;0;0;0;0;0
1227;-1.2;0;0;0;0;0;0;0;0;0
1228;-1.2;0;0;0;0;0;0;0;0;0
1229;-1.5;0;0;0;0;0;0;0;0;0
1230;-1.9;0;0;0;0;0;0;0;0;0
1231;-2.4;0;0;0;0;0;0;0;0;0
1232;-2.4;0;0;0;0;0;0;0;0;0
1233;-1.7;20.07687296;68.9868591;127.9879769;123.7762336;58.81881117;20.07687296;20.07687296;20.07687296;58
1234;-0.9;47.6364355;89.80804422;206.6540145;230.3496436;147.0143535;47.6364355;47.6364355;47.6364355;119
1235;0.2;69.80260344;69.80260344;173.8664949;217.5536799;174.6902881;70.38511319;69.80260344;69.80260344;169
1236;0.6;83.88111458;83.88111458;148.4232017;207.640892;194.3617832;116.3645971;83.88111458;83.88111458;200
1237;0.7;67.64734295;67.64734295;72.14932227;83.06252152;84.94571824;76.69576132;67.64734295;67.64734295;142
1238;1.2;58.46366865;58.46366865;58.46366865;61.25375603;62.54132342;61.44025594;58.595544;58.46366865;119
1239;1.5;82.25849257;82.25849257;82.25849257;129.8908943;182.597298;176.5265903;115.2349094;82.25849257;192
1240;1.6;54.230603;54.230603;54.230603;57.80675675;69.35713743;72.04659939;64.29969229;54.230603;114
1241;1.4;18.52841147;18.52841147;18.52841147;18.52841147;20.04394683;20.78348357;20.20202965;18.6401929;39
1242;1.3;2.772223706;2.772223706;2.772223706;2.772223706;3.026913888;3.274692791;3.228132118;2.914506481;6
1243;1.2;0;0;0;0;0;0;0;0;0
1244;1.1;0;0;0;0;0;0;0;0;0
1245;1;0;0;0;0;0;0;0;0;0
1246;1.1;0;0;0;0;0;0;0;0;0
1247;1;0;0;0;0;0;0;0;0;0
1248;1;0;0;0;0;0;0;0;0;0
1249;1.1;0;0;0;0;0;0;0;0;0
1250;1.1;0;0;0;0;0;0;0;0;0
1251;1.2;0;0;0;0;0;0;0;0;0
1252;1.2;0;0;0;0;0;0;0;0;0
1253;1;0;0;0;0;0;0;0;0;0
1254;1.7;0;0;0;0;0;0;0;0;0
1255;2.2;0;0;0;0;0;0;0;0;0
1256;2.7;0;0;0;0;0;0;0;0;0
1257;3;8.530851873;19.90956232;33.48931346;32.44873629;17.39738682;8.530851873;8.530851873;8.530851873;19
1258;3.8;24.23254125;25.53514934;29.09044343;29.80004431;27.2482774;24.23254125;24.23254125;24.23254125;50
1259;5.1;81.23410982;81.23410982;386.0450581;512.9375445;386.9440139;81.86976758;81.23410982;81.23410982;261
1260;6.6;97.16363469;97.16363469;316.1923477;516.1349556;470.649846;206.3815792;97.16363469;97.16363469;319
1261;5.4;91.63931264;91.63931264;121.171605;192.5671003;204.8404663;150.8021318;91.63931264;91.63931264;217
1262;6.1;80.15668304;80.15668304;80.15668304;106.8276231;119.1630782;108.649116;81.44467305;80.15668304;175
1263;5.8;83.13934865;83.13934865;83.13934865;130.3257263;182.8494866;176.9644004;116.1178714;83.13934865;194
1264;5.1;67.34500983;67.34500983;67.34500983;196.9320084;622.2873004;722.5649249;439.0236095;67.34500983;297
1265;3.9;44.82276868;44.82276868;44.82276868;44.82276868;98.83075694;125.4813018;104.8831719;49.10247233;100
1266;2.7;13.93546928;13.93546928;13.93546928;13.93546928;25.55321618;36.99097599;34.92313267;20.56100077;28
1267;0.7;0;0;0;0;0;0;0;0;0
1268;0.3;0;0;0;0;0;0;0;0;0
1269;-0.5;0;0;0;0;0;0;0;0;0
1270;-1.5;0;0;0;0;0;0;0;0;0
1271;-0.4;0;0;0;0;0;0;0;0;0
1272;-1.6;0;0;0;0;0;0;0;0;0
1273;-0.2;0;0;0;0;0;0;0;0;0
1274;-0.6;0;0;0;0;0;0;0;0;0
1275;-0.7;0;0;0;0;0;0;0;0;0
1276;-0.9;0;0;0;0;0;0;0;0;0
1277;-1.7;0;0;0;0;0;0;0;0;0
1278;-1.2;0;0;0;0;0;0;0;0;0
1279;-2.3;0;0;0;0;0;0;0;0;0
1280;0.2;1.459159387;1.459159387;1.459159387;1.459159387;1.459159387;1.459159387;1.459159387;1.459159387;3
1281;0.6;16.81740655;75.3681888;144.5034597;138.8419724;61.70014938;16.81740655;16.81740655;16.81740655;42
1282;2.5;56.13232365;166.8217875;464.4893624;522.9469223;307.9508214;56.13232365;56.13232365;56.13232365;194
1283;3.9;69.36401878;70.09728187;598.4962229;816.936695;597.4592323;69.36401878;69.36401878;69.36401878;333
1284;5;92.99921584;92.99921584;375.4894491;632.0801473;572.8845471;232.5786282;92.99921584;92.99921584;358
1285;5.8;104.2903388;104.2903388;221.9203523;505.5859306;554.1779938;339.2319703;104.2903388;104.2903388;364
1286;6.4;86.2044163;86.2044163;86.2044163;600.1001841;838.3569704;636.0129914;111.5986058;86.2044163;450
1287;5.5;81.41454276;81.41454276;81.41454276;394.0422416;744.1924751;706.0963846;302.0701434;81.41454276;389
1288;3.6;72.73848217;72.73848217;72.73848217;97.47271184;180.0373652;199.7477882;145.0578822;72.73848217;175
1289;4.4;50.68486525;50.68486525;50.68486525;50.68486525;400.3045017;574.8035939;442.2810431;80.36676236;178
1290;2.4;16.05372094;16.05372094;16.05372094;16.05372094;33.37801586;50.64245538;47.64528337;26.14220255;33
1291;0.3;0;0;0;0;0;0;0;0;0
1292;-1.5;0;0;0;0;0;0;0;0;0
1293;-2;0;0;0;0;0;0;0;0;0
1294;-2.5;0;0;0;0;0;0;0;0;0
1295;-2.4;0;0;0;0;0;0;0;0;0
1296;-2.4;0;0;0;0;0;0;0;0;0
1297;-2.4;0;0;0;0;0;0;0;0;0
1298;0.6;0;0;0;0;0;0;0;0;0
1299;-0.1;0;0;0;0;0;0;0;0;0
1300;0.3;0;0;0;0;0;0;0;0;0
1301;-1.6;0;0;0;0;0;0;0;0;0
1302;0;0;0;0;0;0;0;0;0;0
1303;0.4;0;0;0;0;0;0;0;0;0
1304;1.2;1.459159913;1.459159913;1.459159913;1.459159913;1.459159913;1.459159913;1.459159913;1.459159913;3
1305;2.2;21.78013638;139.5351196;277.112293;265.119352;110.5815987;21.78013638;21.78013638;21.78013638;64
1306;3.6;59.44775301;146.1215671;375.82601;420.2003608;253.2507266;59.44775301;59.44775301;59.44775301;178
1307;4.3;75.60476294;76.18994014;197.0951757;246.8329752;196.2676102;75.60476294;75.60476294;75.60476294;189
1308;5.2;99.55929268;99.55929268;315.7281652;511.1174316;465.4215219;205.4084803;99.55929268;99.55929268;325
1309;5.8;107.049119;107.049119;181.9831733;362.27305;393.0562094;256.3002941;107.049119;107.049119;311
1310;4.9;88.47025254;88.47025254;88.47025254;129.1986447;148.131187;132.115163;90.53254241;88.47025254;200
1311;4.8;55.88338636;55.88338636;55.88338636;57.79776801;59.95577461;59.72823141;57.24843012;55.88338636;114
1312;3.8;26.77440521;26.77440521;26.77440521;27.08765898;28.15180556;28.4090897;27.70879784;26.77440521;56
1313;3.3;11.75312578;11.75312578;11.75312578;11.75312578;12.28060401;12.54694853;12.34828245;11.80098166;25
1314;2.8;2.773458404;2.773458404;2.773458404;2.773458404;2.936904633;3.101819519;3.074384918;2.870671647;6
1315;2.8;0;0;0;0;0;0;0;0;0
1316;2.5;0;0;0;0;0;0;0;0;0
1317;1.6;0;0;0;0;0;0;0;0;0
1318;0.9;0;0;0;0;0;0;0;0;0
1319;0.9;0;0;0;0;0;0;0;0;0
1320;1;0;0;0;0;0;0;0;0;0
1321;1.3;0;0;0;0;0;0;0;0;0
1322;1;0;0;0;0;0;0;0;0;0
1323;0.5;0;0;0;0;0;0;0;0;0
1324;0.1;0;0;0;0;0;0;0;0;0
1325;0.6;0;0;0;0;0;0;0;0;0
1326;-0.8;0;0;0;0;0;0;0;0;0
1327;0.1;0;0;0;0;0;0;0;0;0
1328;-0.3;2.920641782;2.920641782;2.920641782;2.920641782;2.920641782;2.920641782;2.920641782;2.920641782;6
1329;0.4;20.45471917;101.6267801;195.4705415;186.7924077;80.67591196;20.45471917;20.45471917;20.45471917;53
1330;1.2;56.93259334;125.2008945;303.5401827;337.4200897;206.9942253;56.93259334;56.93259334;56.93259334;156
1331;0.5;50.72597872;50.86474202;67.63198689;74.49592147;67.43574596;50.72597872;50.72597872;50.72597872;108
1332;2.6;100.2680736;100.2680736;268.1011101;419.0713952;383.2910182;181.7196388;100.2680736;100.2680736;300
1333;3.5;108.1625127;108.1625127;182.7624363;361.8732499;392.3637545;256.3730261;108.1625127;108.1625127;314
1334;3.3;107.6280669;107.6280669;107.6280669;302.5328813;393.3908382;316.8528393;117.7538064;107.6280669;311
1335;0.9;84.95847016;84.95847016;84.95847016;129.1323233;179.2621512;174.1501618;116.7908891;84.95847016;197
1336;2.3;71.01595747;71.01595747;71.01595747;89.48584013;153.3845753;169.0328913;127.2642168;71.01595747;164
1337;1.5;45.73882655;45.73882655;45.73882655;45.73882655;89.81669744;112.3379241;95.84630272;50.00240133;100
1338;0.6;11.79137722;11.79137722;11.79137722;11.79137722;14.27760142;16.81812222;16.41404398;13.30207024;25
1339;0;0;0;0;0;0;0;0;0;0
1340;-0.4;0;0;0;0;0;0;0;0;0
1341;-0.9;0;0;0;0;0;0;0;0;0
1342;-0.9;0;0;0;0;0;0;0;0;0
1343;-1.7;0;0;0;0;0;0;0;0;0
1344;-1.5;0;0;0;0;0;0;0;0;0
1345;-0.9;0;0;0;0;0;0;0;0;0
1346;-0.6;0;0;0;0;0;0;0;0;0
1347;-1.2;0;0;0;0;0;0;0;0;0
1348;-1.5;0;0;0;0;0;0;0;0;0
1349;-1;0;0;0;0;0;0;0;0;0
1350;-1.3;0;0;0;0;0;0;0;0;0
1351;-1.4;0;0;0;0;0;0;0;0;0
1352;-0.4;1.459160985;1.459160985;1.459160985;1.459160985;1.459160985;1.459160985;1.459160985;1.459160985;3
1353;0.7;13.32971556;40.93859623;72.5257606;69.43668462;33.48090711;13.32971556;13.32971556;13.32971556;31
1354;2.8;54.58792436;102.1889165;224.7854025;247.6825142;157.4674339;54.58792436;54.58792436;54.58792436;139
1355;4.3;70.71404199;77.20237712;631.9686566;857.9595948;622.7927651;70.71404199;70.71404199;70.71404199;358
1356;5.3;87.9945309;87.9945309;435.5669937;746.7398413;672.0286202;255.1981505;87.9945309;87.9945309;408
1357;2.1;98.6001137;98.6001137;131.9962493;212.0271094;225.6139737;164.7978415;98.6001137;98.6001137;239
1358;2.6;43.11551729;43.11551729;43.11551729;44.46996898;45.10328301;44.57219083;43.18779906;43.11551729;89
1359;3.8;83.96847242;83.96847242;83.96847242;392.648747;745.3896051;710.6789341;308.8497744;83.96847242;406
1360;2.7;70.5394056;70.5394056;70.5394056;87.18892855;145.8941551;160.4575914;122.348174;70.5394056;161
1361;3.2;53.53411111;53.53411111;53.53411111;53.53411111;412.0995905;597.5211331;464.2824559;90.43296906;194
1362;2;24.22081862;24.22081862;24.22081862;24.22081862;204.8438476;391.8095087;363.4467004;136.3699713;69
1363;1.1;0;0;0;0;0;0;0;0;0
1364;0.5;0;0;0;0;0;0;0;0;0
1365;0.4;0;0;0;0;0;0;0;0;0
1366;-0.3;0;0;0;0;0;0;0;0;0
1367;-0.4;0;0;0;0;0;0;0;0;0
1368;-0.6;0;0;0;0;0;0;0;0;0
1369;-0.4;0;0;0;0;0;0;0;0;0
1370;-0.2;0;0;0;0;0;0;0;0;0
1371;-1.1;0;0;0;0;0;0;0;0;0
1372;-1.8;0;0;0;0;0;0;0;0;0
1373;-2.2;0;0;0;0;0;0;0;0;0
1374;-2.1;0;0;0;0;0;0;0;0;0
1375;-1.6;0;0;0;0;0;0;0;0;0
1376;-1.8;1.459161532;1.459161532;1.459161532;1.459161532;1.459161532;1.459161532;1.459161532;1.459161532;3
1377;-1.6;17.79303853;95.12390055;182.6844601;173.6538613;73.32210629;17.79303853;17.79303853;17.79303853;47
1378;-1.1;41.99927024;61.25174201;110.1471035;119.1223885;82.91999678;41.99927024;41.99927024;41.99927024;97
1379;-1.1;49.13793618;49.30275877;60.21846249;64.64334418;59.98536815;49.13793618;49.13793618;49.13793618;103
1380;-0.7;51.98653953;51.98653953;53.67000355;55.17016384;54.80540019;52.78938619;51.98653953;51.98653953;106
1381;-0.2;57.40763656;57.40763656;58.25186669;60.2715592;60.61360467;59.0776375;57.40763656;57.40763656;117
1382;0.1;58.35217825;58.35217825;58.35217825;60.70655089;61.81096382;60.88926707;58.4813781;58.35217825;119
1383;0.4;58.40174226;58.40174226;58.40174226;60.28776991;62.45857086;62.25293663;59.79132497;58.40174226;119
1384;0.5;44.76136286;44.76136286;44.76136286;45.48635892;48.09366725;48.74895686;47.06836798;44.76136286;92
1385;0.8;46.22074374;46.22074374;46.22074374;46.22074374;85.30359807;105.7625815;91.34276392;50.49107886;100
1386;0.4;3.70720913;3.70720913;3.70720913;3.70720913;3.906302076;4.115115735;4.084983237;3.833555791;8
1387;0;0;0;0;0;0;0;0;0;0
1388;-0.9;0;0;0;0;0;0;0;0;0
1389;-1.9;0;0;0;0;0;0;0;0;0
1390;-2.6;0;0;0;0;0;0;0;0;0
1391;-4.1;0;0;0;0;0;0;0;0;0
1392;-3.6;0;0;0;0;0;0;0;0;0
1393;-3.9;0;0;0;0;0;0;0;0;0
1394;-4.5;0;0;0;0;0;0;0;0;0
1395;-4.9;0;0;0;0;0;0;0;0;0
1396;-5.4;0;0;0;0;0;0;0;0;0
1397;-6.5;0;0;0;0;0;0;0;0;0
1398;-6.9;0;0;0;0;0;0;0;0;0
1399;-7.4;0;0;0;0;0;0;0;0;0
1400;-7.1;5.361623585;5.361623585;5.361623585;5.361623585;5.361623585;5.361623585;5.361623585;5.361623585;11
1401;-3.7;23.97375679;445.9783777;918.9085812;867.5981019;322.1039229;23.97375679;23.97375679;23.97375679;150
1402;-0.3;52.51090577;254.9764268;762.123433;853.5890449;475.7939473;52.51090577;52.51090577;52.51090577;269
1403;1.4;75.72339591;88.53292808;781.3833171;1060.867695;763.267903;75.72339591;75.72339591;75.72339591;442
1404;1.9;103.9174421;103.9174421;322.1849712;515.7981504;468.1371968;207.1212505;103.9174421;103.9174421;342
1405;2.6;107.6405325;107.6405325;154.3808159;266.0318751;284.8994339;199.9311324;107.6405325;107.6405325;281
1406;3.8;108.0723242;108.0723242;108.0723242;424.7312234;573.7816259;450.0258356;125.958316;108.0723242;386
1407;3.4;96.85899032;96.85899032;96.85899032;165.0636698;244.1533937;236.9600538;147.697411;96.85899032;244
1408;4.2;77.12041589;77.12041589;77.12041589;181.3112808;563.796778;661.1938629;416.4486439;77.12041589;311
1409;3.4;59.89971946;59.89971946;59.89971946;59.89971946;296.1358196;421.344257;334.8233863;87.25596016;175
1410;0.9;15.66723664;15.66723664;15.66723664;15.66723664;18.81446186;22.1598961;21.70201849;17.70904752;33
1411;-1.4;0;0;0;0;0;0;0;0;0
1412;-3;0;0;0;0;0;0;0;0;0
1413;-4.1;0;0;0;0;0;0;0;0;0
1414;-4.6;0;0;0;0;0;0;0;0;0
1415;-4.7;0;0;0;0;0;0;0;0;0
1416;-5.3;0;0;0;0;0;0;0;0;0
1417;-5.1;0;0;0;0;0;0;0;0;0
1418;-3.5;0;0;0;0;0;0;0;0;0
1419;-2.6;0;0;0;0;0;0;0;0;0
1420;-2.9;0;0;0;0;0;0;0;0;0
1421;-4.9;0;0;0;0;0;0;0;0;0
1422;-5.5;0;0;0;0;0;0;0;0;0
1423;-4.6;0;0;0;0;0;0;0;0;0
1424;-4.9;8.299333802;8.299333802;8.299333802;8.299333802;8.299333802;8.299333802;8.299333802;8.299333802;17
1425;-1.2;26.98991194;370.6505699;751.8599669;708.4503165;265.8504034;26.98991194;26.98991194;26.98991194;136
1426;1.1;52.30446303;272.8195582;817.701763;914.2246101;505.8463247;52.30446303;52.30446303;52.30446303;286
1427;2.7;74.79818803;86.36988461;615.6797143;828.1484815;599.314864;74.79818803;74.79818803;74.79818803;367
1428;4;102.7985342;102.7985342;354.1758326;576.1576817;520.8521621;220.656497;102.7985342;102.7985342;367
1429;4.2;112.9490141;112.9490141;191.2770279;378.1378622;409.6546658;267.3653227;112.9490141;112.9490141;336
1430;4.8;103.3395555;103.3395555;103.3395555;485.6849153;666.3048988;517.1474192;125.5869053;103.3395555;422
1431;5.1;92.13848753;92.13848753;92.13848753;359.4834379;671.8902081;644.6862833;293.8073535;92.13848753;397
1432;5.4;86.32499809;86.32499809;86.32499809;147.4576207;376.7272794;435.8832202;290.2726954;86.32499809;258
1433;4.5;49.34651071;49.34651071;49.34651071;49.34651071;92.56465991;115.761255;100.0529937;54.64156227;108
1434;4;14.69800552;14.69800552;14.69800552;14.69800552;17.0848446;19.65687509;19.32406703;16.28137489;31
1435;3;0;0;0;0;0;0;0;0;0
1436;3.1;0;0;0;0;0;0;0;0;0
1437;3;0;0;0;0;0;0;0;0;0
1438;3;0;0;0;0;0;0;0;0;0
1439;2.5;0;0;0;0;0;0;0;0;0
1440;1.9;0;0;0;0;0;0;0;0;0
1441;1.6;0;0;0;0;0;0;0;0;0
1442;1.4;0;0;0;0;0;0;0;0;0
1443;1.3;0;0;0;0;0;0;0;0;0
1444;1.3;0;0;0;0;0;0;0;0;0
1445;0.2;0;0;0;0;0;0;0;0;0
1446;1.1;0;0;0;0;0;0;0;0;0
1447;1.6;0;0;0;0;0;0;0;0;0
1448;1.8;2.920652841;2.920652841;2.920652841;2.920652841;2.920652841;2.920652841;2.920652841;2.920652841;6
1449;3.5;19.31535449;75.21175429;136.5880535;129.2675961;57.53860678;19.31535449;19.31535449;19.31535449;47
1450;5.4;58.05094525;101.6793703;208.0428733;226.5431391;146.3429629;58.05094525;58.05094525;58.05094525;144
1451;6.7;89.39914147;95.49765607;337.2983194;433.8830064;328.6737173;89.39914147;89.39914147;89.39914147;269
1452;7.6;105.6028877;105.6028877;333.005964;532.9305351;482.532366;211.3340205;105.6028877;105.6028877;356
1453;7.5;104.900311;104.900311;251.8142909;601.9005205;660.8507678;394.1327775;104.900311;104.900311;433
1454;7.6;104.6157731;104.6157731;104.6157731;481.9507558;660.8826196;513.960909;127.2503695;104.6157731;425
1455;6.7;94.65254604;94.65254604;94.65254604;148.0201014;210.8804299;205.6560403;135.4073093;94.65254604;228
1456;6.1;52.88981947;52.88981947;52.88981947;53.74347139;57.01699978;57.87288191;55.80975365;52.88981947;108
1457;5.5;22.40487155;22.40487155;22.40487155;22.40487155;23.77072064;24.51324454;24.02071214;22.58164223;47
1458;5;6.528601153;6.528601153;6.528601153;6.528601153;6.966460023;7.444893312;7.386575081;6.82566736;14
1459;3.9;0;0;0;0;0;0;0;0;0
1460;3.4;0;0;0;0;0;0;0;0;0
1461;3.1;0;0;0;0;0;0;0;0;0
1462;2.8;0;0;0;0;0;0;0;0;0
1463;1.1;0;0;0;0;0;0;0;0;0
1464;-1.4;0;0;0;0;0;0;0;0;0
1465;-1.9;0;0;0;0;0;0;0;0;0
1466;-2.4;0;0;0;0;0;0;0;0;0
1467;-2.5;0;0;0;0;0;0;0;0;0
1468;-1.5;0;0;0;0;0;0;0;0;0
1469;-0.7;0;0;0;0;0;0;0;0;0
1470;-0.8;0;0;0;0;0;0;0;0;0
1471;-0.4;0;0;0;0;0;0;0;0;0
1472;-0.3;3.896275785;3.896275785;3.896275785;3.896275785;3.896275785;3.896275785;3.896275785;3.896275785;8
1473;0.4;27.2430259;115.2988912;211.0153661;199.0804965;86.48556712;27.2430259;27.2430259;27.2430259;67
1474;1.1;51.14908854;82.65779372;158.4609226;171.4022345;113.9008844;51.14908854;51.14908854;51.14908854;125
1475;1.4;72.12564495;73.87160363;134.9896271;159.2827824;132.5204686;72.12564495;72.12564495;72.12564495;169
1476;3.6;86.2697388;86.2697388;121.1499153;151.6821646;143.8967021;102.354146;86.2697388;86.2697388;197
1477;6.4;113.9334798;113.9334798;222.5004261;480.9642471;524.4264225;327.4273992;113.9334798;113.9334798;386
1478;8.1;102.394449;102.394449;102.394449;512.3799668;707.5713229;548.2582739;127.7642433;102.394449;447
1479;8.4;90.94297645;90.94297645;90.94297645;369.1511276;699.5420052;673.4238259;306.0962648;90.94297645;419
1480;7.9;85.19583937;85.19583937;85.19583937;163.4590851;470.6040408;551.9820991;359.9230971;85.19583937;297
1481;6.3;63.86169385;63.86169385;63.86169385;63.86169385;269.5724783;382.8623317;309.2859378;91.94335031;178
1482;4.9;23.96362051;23.96362051;23.96362051;23.96362051;42.58564906;63.22299284;60.86272876;36.88746751;50
1483;2;1.392911609;1.392911609;1.392911609;1.392911609;1.392911609;1.392911609;1.392911609;1.392911609;3
1484;1;0;0;0;0;0;0;0;0;0
1485;-0.1;0;0;0;0;0;0;0;0;0
1486;-1.2;0;0;0;0;0;0;0;0;0
1487;0;0;0;0;0;0;0;0;0;0
1488;0.9;0;0;0;0;0;0;0;0;0
1489;0.4;0;0;0;0;0;0;0;0;0
1490;1.3;0;0;0;0;0;0;0;0;0
1491;1.4;0;0;0;0;0;0;0;0;0
1492;1;0;0;0;0;0;0;0;0;0
1493;1;0;0;0;0;0;0;0;0;0
1494;1;0;0;0;0;0;0;0;0;0
1495;1.2;0;0;0;0;0;0;0;0;0
1496;1.9;0.998040494;13.80463889;21.15886207;16.7031494;3.047596927;0.998040494;0.998040494;0.998040494;6
1497;3.1;20.09085281;64.47555517;112.2395881;106.0241417;49.4701401;20.09085281;20.09085281;20.09085281;47
1498;4.4;59.1670886;99.45201071;195.106347;211.1293094;138.1348638;59.1670886;59.1670886;59.1670886;144
1499;5.8;91.27844312;98.01470588;309.1836914;392.7067378;299.6571772;91.27844312;91.27844312;91.27844312;261
1500;7;108.1433485;108.1433485;266.0654472;403.7116312;368.2179238;180.3760575;108.1433485;108.1433485;317
1501;8.3;114.5357556;114.5357556;178.3107745;330.0230798;355.505833;239.8315831;114.5357556;114.5357556;317
1502;9.6;114.9631993;114.9631993;114.9631993;373.4301353;496.9986758;396.7760155;131.4712296;114.9631993;372
1503;9.4;105.9619424;105.9619424;105.9619424;216.7944843;349.5314674;339.5887262;192.7905836;105.9619424;297
1504;9.4;78.04715595;78.04715595;78.04715595;94.26223728;159.4490435;176.951728;136.5174555;78.04715595;181
1505;8.9;41.88533159;41.88533159;41.88533159;41.88533159;46.28622467;48.74192466;47.18112542;42.51812197;86
1506;8.7;13.23042652;13.23042652;13.23042652;13.23042652;14.66354717;16.27476325;16.10264817;14.2480246;28
1507;7;1.391663778;1.391663778;1.391663778;1.391663778;1.391663778;1.391663778;1.391663778;1.391663778;3
1508;6.6;0;0;0;0;0;0;0;0;0
1509;6;0;0;0;0;0;0;0;0;0
1510;5.5;0;0;0;0;0;0;0;0;0
1511;5.2;0;0;0;0;0;0;0;0;0
1512;4.2;0;0;0;0;0;0;0;0;0
1513;3.6;0;0;0;0;0;0;0;0;0
1514;3.9;0;0;0;0;0;0;0;0;0
1515;4.2;0;0;0;0;0;0;0;0;0
1516;3.8;0;0;0;0;0;0;0;0;0
1517;3.2;0;0;0;0;0;0;0;0;0
1518;3;0;0;0;0;0;0;0;0;0
1519;2.7;0;0;0;0;0;0;0;0;0
1520;2.4;2.432895161;22.32002962;33.62142299;26.65299975;5.496767719;2.432895161;2.432895161;2.432895161;8
1521;3;23.00403176;85.63450459;152.3642664;143.3165572;63.79140231;23.00403176;23.00403176;23.00403176;56
1522;3.1;51.37879367;77.35144031;138.2284589;148.2301214;101.4975897;51.37879367;51.37879367;51.37879367;122
1523;3.8;63.69610685;64.65346142;91.83506546;102.5332492;90.48116165;63.69610685;63.69610685;63.69610685;139
1524;5.1;81.13931113;81.13931113;103.0437709;122.0556363;117.0992733;91.07805216;81.13931113;81.13931113;178
1525;6.8;109.5629346;109.5629346;148.2804598;240.3300733;255.7780705;185.5752241;109.5629346;109.5629346;275
1526;7.5;99.0777774;99.0777774;99.0777774;165.5420833;197.4560049;171.741295;103.4612821;99.0777774;231
1527;7.6;92.15204677;92.15204677;92.15204677;133.5228977;183.5024912;179.9702333;124.9952727;92.15204677;214
1528;7.7;63.53243862;63.53243862;63.53243862;66.16644248;77.02405957;79.97846809;73.29901559;63.53243862;133
1529;7.1;26.82490672;26.82490672;26.82490672;26.82490672;28.50028397;29.44765402;28.85865427;27.07831279;56
1530;6.3;2.776199753;2.776199753;2.776199753;2.776199753;2.836029329;2.904284444;2.897509284;2.819672647;6
1531;5.8;0;0;0;0;0;0;0;0;0
1532;3.9;0;0;0;0;0;0;0;0;0
1533;2.8;0;0;0;0;0;0;0;0;0
1534;1.6;0;0;0;0;0;0;0;0;0
1535;1.8;0;0;0;0;0;0;0;0;0
1536;1.4;0;0;0;0;0;0;0;0;0
1537;1;0;0;0;0;0;0;0;0;0
1538;1.3;0;0;0;0;0;0;0;0;0
1539;1.4;0;0;0;0;0;0;0;0;0
1540;1.3;0;0;0;0;0;0;0;0;0
1541;1.2;0;0;0;0;0;0;0;0;0
1542;0.9;0;0;0;0;0;0;0;0;0
1543;0.7;0;0;0;0;0;0;0;0;0
1544;0.9;2.820651167;35.00075812;53.09816206;41.743682;7.588618365;2.820651167;2.820651167;2.820651167;17
1545;1;16.85386257;27.46748404;38.66417728;37.08468397;23.65424986;16.85386257;16.85386257;16.85386257;36
1546;1.6;32.66791563;33.77950563;36.35181802;36.76615034;34.77979235;32.66791563;32.66791563;32.66791563;67
1547;2.2;70.18019899;71.76773447;112.9699429;129.1064996;110.7248287;70.18019899;70.18019899;70.18019899;158
1548;2.7;65.8082393;65.8082393;71.33141397;76.10539288;74.84743888;68.29444436;65.8082393;65.8082393;136
1549;3.5;90.34705998;90.34705998;100.1407896;123.4153197;127.3189118;109.5648945;90.34705998;90.34705998;197
1550;4.8;99.34934562;99.34934562;99.34934562;164.1534469;195.4113123;170.3973804;103.7644733;99.34934562;231
1551;4.8;72.4472316;72.4472316;72.4472316;77.61833391;83.92154294;83.50325601;76.60849993;72.4472316;150
1552;4.8;82.82450596;82.82450596;82.82450596;100.8581487;177.157513;198.1978811;151.6540908;82.82450596;197
1553;4.2;40.36855982;40.36855982;40.36855982;40.36855982;43.87842213;45.89001175;44.66720972;40.92631688;83
1554;3.7;18.59935076;18.59935076;18.59935076;18.59935076;20.90454091;23.57371978;23.32898075;20.31368861;39
1555;2.3;0;0;0;0;0;0;0;0;0
1556;1.5;0;0;0;0;0;0;0;0;0
1557;0.3;0;0;0;0;0;0;0;0;0
1558;1.2;0;0;0;0;0;0;0;0;0
1559;0.6;0;0;0;0;0;0;0;0;0
1560;1.5;0;0;0;0;0;0;0;0;0
1561;2.8;0;0;0;0;0;0;0;0;0
1562;3.2;0;0;0;0;0;0;0;0;0
1563;2.7;0;0;0;0;0;0;0;0;0
1564;3.3;0;0;0;0;0;0;0;0;0
1565;3.3;0;0;0;0;0;0;0;0;0
1566;1.9;0;0;0;0;0;0;0;0;0
1567;3.3;0;0;0;0;0;0;0;0;0
1568;3.1;3.023576674;16.89925252;24.62185465;19.69247847;4.998685685;3.023576674;3.023576674;3.023576674;8
1569;4.4;24.40633695;75.50032119;128.8723194;121.0495619;56.61451396;24.40633695;24.40633695;24.40633695;58
1570;5.8;70.37521387;155.7207696;350.7349375;381.5181816;230.0380951;70.37521387;70.37521387;70.37521387;203
1571;6.2;82.78751954;86.51184982;175.5470375;210.2449576;170.2800391;82.78751954;82.78751954;82.78751954;197
1572;6.9;111.872363;111.872363;285.3760488;434.7336616;394.9635045;189.3623961;111.872363;111.872363;342
1573;7.6;116.9862016;116.9862016;167.4715726;287.4185042;307.5285044;216.0214078;116.9862016;116.9862016;314
1574;7.5;70.8474062;70.8474062;70.8474062;74.21644319;75.84912826;74.55187238;71.08459045;70.8474062;144
1575;8.6;103.9483946;103.9483946;103.9483946;314.2265061;572.9043034;556.8740895;275.5261462;103.9483946;392
1576;5.7;84.63878266;84.63878266;84.63878266;103.0374547;183.0220144;205.3750112;157.0023629;84.63878266;203
1577;5.4;47.88070896;47.88070896;47.88070896;47.88070896;57.22647731;62.65615495;59.43057672;49.4392426;100
1578;4.5;15.65226791;15.65226791;15.65226791;15.65226791;17.16161486;18.93586334;18.78662616;16.80132442;33
1579;4.1;1.388829681;1.388829681;1.388829681;1.388829681;1.388829681;1.388829681;1.388829681;1.388829681;3
1580;3.2;0;0;0;0;0;0;0;0;0
1581;3;0;0;0;0;0;0;0;0;0
1582;1.8;0;0;0;0;0;0;0;0;0
1583;1;0;0;0;0;0;0;0;0;0
1584;-0.1;0;0;0;0;0;0;0;0;0
1585;-1.5;0;0;0;0;0;0;0;0;0
1586;-2.2;0;0;0;0;0;0;0;0;0
1587;-1.9;0;0;0;0;0;0;0;0;0
1588;-2.3;0;0;0;0;0;0;0;0;0
1589;-2.5;0;0;0;0;0;0;0;0;0
1590;-3.3;0;0;0;0;0;0;0;0;0
1591;-3.7;0;0;0;0;0;0;0;0;0
1592;-2.6;5.945009032;115.0349677;175.1227405;136.1084926;20.84624138;5.945009032;5.945009032;5.945009032;22
1593;0.8;41.14589035;238.4638067;442.5680318;411.5246107;163.5183584;41.14589035;41.14589035;41.14589035;139
1594;3.2;63.26302848;251.9204302;677.6432835;743.4705158;410.8414273;63.26302848;63.26302848;63.26302848;289
1595;4.8;93.1574855;109.7796138;478.1753114;621.0327884;454.6680722;93.1574855;93.1574855;93.1574855;347
1596;5.7;112.8411987;112.8411987;275.5287858;415.0133461;377.4895607;184.9383541;112.8411987;112.8411987;336
1597;5.9;120.7387283;120.7387283;197.5864131;380.1505607;410.7547751;271.4715226;120.7387283;120.7387283;361
1598;6.7;119.5366907;119.5366907;119.5366907;299.4370406;387.0445684;317.9496095;132.6270538;119.5366907;344
1599;6.7;110.7373044;110.7373044;110.7373044;223.3287323;363.1465653;355.1064765;203.9182409;110.7373044;317
1600;6.8;93.70238016;93.70238016;93.70238016;149.6954676;400.0885259;471.0047353;320.9023422;93.70238016;294
1601;6.3;56.56823345;56.56823345;56.56823345;56.56823345;101.218083;127.5179741;112.2564694;64.37355135;125
1602;5.7;30.98614101;30.98614101;30.98614101;30.98614101;57.58465137;89.33432992;86.90443074;51.71835583;67
1603;5.4;1.388127037;1.388127037;1.388127037;1.388127037;1.388127037;1.388127037;1.388127037;1.388127037;3
1604;5.1;0;0;0;0;0;0;0;0;0
1605;4.7;0;0;0;0;0;0;0;0;0
1606;4.3;0;0;0;0;0;0;0;0;0
1607;4.1;0;0;0;0;0;0;0;0;0
1608;3.7;0;0;0;0;0;0;0;0;0
1609;3;0;0;0;0;0;0;0;0;0
1610;1.4;0;0;0;0;0;0;0;0;0
1611;0;0;0;0;0;0;0;0;0;0
1612;0.9;0;0;0;0;0;0;0;0;0
1613;1;0;0;0;0;0;0;0;0;0
1614;1.2;0;0;0;0;0;0;0;0;0
1615;0.4;0;0;0;0;0;0;0;0;0
1616;0.3;6.763365134;84.54337661;126.9439349;98.94434538;16.9463878;6.763365134;6.763365134;6.763365134;28
1617;1.2;41.28270642;292.4748302;549.7847752;509.2211048;194.545467;41.28270642;41.28270642;41.28270642;153
1618;2.3;60.24303091;297.0187083;824.7552464;904.6508972;489.9038722;60.24303091;60.24303091;60.24303091;331
1619;2.6;91.66862978;111.4629954;520.4136724;678.2113182;492.420212;91.66862978;91.66862978;91.66862978;367
1620;3.5;98.85850135;98.85850135;440.5272382;732.3067515;653.0208709;249.11419;98.85850135;98.85850135;461
1621;3.8;121.8894661;121.8894661;199.6211628;384.2979069;415.2593453;274.3686872;121.8894661;121.8894661;367
1622;3.6;85.88764462;85.88764462;85.88764462;99.63284504;106.3602012;101.0950114;86.92155235;85.88764462;181
1623;3.6;83.54336666;83.54336666;83.54336666;94.24453561;107.6624704;106.9517614;92.52873217;83.54336666;178
1624;3.5;63.39035466;63.39035466;63.39035466;64.9599002;72.1882856;74.26296237;69.96861301;63.39035466;131
1625;3.4;23.84954584;23.84954584;23.84954584;23.84954584;24.95829021;25.62051164;25.24532533;24.05251033;50
1626;3.3;17.1101819;17.1101819;17.1101819;17.1101819;18.62391832;20.45914867;20.33259971;18.3184021;36
1627;3;1.387520454;1.387520454;1.387520454;1.387520454;1.387520454;1.387520454;1.387520454;1.387520454;3
1628;2.5;0;0;0;0;0;0;0;0;0
1629;2.3;0;0;0;0;0;0;0;0;0
1630;2;0;0;0;0;0;0;0;0;0
1631;1.5;0;0;0;0;0;0;0;0;0
1632;1.2;0;0;0;0;0;0;0;0;0
1633;0.9;0;0;0;0;0;0;0;0;0
1634;0.8;0;0;0;0;0;0;0;0;0
1635;0.6;0;0;0;0;0;0;0;0;0
1636;0.3;0;0;0;0;0;0;0;0;0
1637;0.2;0;0;0;0;0;0;0;0;0
1638;-0.1;0;0;0;0;0;0;0;0;0
1639;-0.2;0;0;0;0;0;0;0;0;0
1640;0.1;2.641701808;5.489725908;7.026320073;5.994464325;2.998605766;2.641701808;2.641701808;2.641701808;6
1641;0.8;23.81848798;47.95374916;72.43817488;68.4418474;38.30576118;23.81848798;23.81848798;23.81848798;53
1642;0.8;35.22865484;36.10656891;38.03949645;38.3258711;36.79793846;35.22865484;35.22865484;35.22865484;72
1643;1.4;34.78747578;34.84635488;35.98568681;36.42312298;35.90241919;34.78747578;34.78747578;34.78747578;72
1644;1.6;54.33338694;54.33338694;55.74536101;56.94645631;56.61685101;54.94962343;54.33338694;54.33338694;111
1645;1.9;43.08143859;43.08143859;43.45167991;44.33150097;44.47905245;43.80790068;43.08143859;43.08143859;89
1646;2.2;33.13152377;33.13152377;33.13152377;33.7167291;34.00463781;33.78108816;33.1770325;33.13152377;69
1647;2.3;29.19184011;29.19184011;29.19184011;29.53547757;29.97064524;29.94959943;29.48466848;29.19184011;61
1648;2.2;19.92927349;19.92927349;19.92927349;20.01201449;20.404937;20.51922227;20.28792355;19.92927349;42
1649;2.4;8.899584716;8.899584716;8.899584716;8.899584716;9.052629341;9.145331201;9.094078103;8.928893417;19
1650;2.2;5.115598771;5.115598771;5.115598771;5.115598771;5.245789757;5.406144075;5.396300895;5.222026217;11
1651;2.2;0;0;0;0;0;0;0;0;0
1652;2.1;0;0;0;0;0;0;0;0;0
1653;2;0;0;0;0;0;0;0;0;0
1654;1.8;0;0;0;0;0;0;0;0;0
1655;1.7;0;0;0;0;0;0;0;0;0
1656;1.5;0;0;0;0;0;0;0;0;0
1657;1.4;0;0;0;0;0;0;0;0;0
1658;1.1;0;0;0;0;0;0;0;0;0
1659;0.9;0;0;0;0;0;0;0;0;0
1660;1;0;0;0;0;0;0;0;0;0
1661;0.9;0;0;0;0;0;0;0;0;0
1662;0.9;0;0;0;0;0;0;0;0;0
1663;0.7;0;0;0;0;0;0;0;0;0
1664;0.8;5.063903601;17.67199955;24.40464738;19.80774982;6.574107097;5.063903601;5.063903601;5.063903601;14
1665;1;28.56387459;73.83902871;119.3280358;111.6486282;55.29929881;28.56387459;28.56387459;28.56387459;67
1666;1.4;55.56074043;76.46800552;121.9456794;128.5359564;92.3783416;55.56074043;55.56074043;55.56074043;128
1667;2.6;89.80192464;95.28010373;194.9758146;233.0620872;187.2284995;89.80192464;89.80192464;89.80192464;219
1668;3.5;112.756473;112.756473;216.1743635;303.8077308;279.5258624;157.5527476;112.756473;112.756473;300
1669;4.5;117.6120533;117.6120533;242.1544242;538.2185571;587.8971044;362.0890469;117.6120533;117.6120533;447
1670;5.1;120.7974901;120.7974901;120.7974901;273.7476903;349.3991111;291.1388027;133.0948636;120.7974901;331
1671;5.3;107.0982529;107.0982529;107.0982529;165.0574139;239.2027184;235.9630187;157.2360869;107.0982529;267
1672;5.1;89.97329004;89.97329004;89.97329004;107.5737525;193.8714143;219.3069639;168.9806015;89.97329004;219
1673;4.7;49.66282862;49.66282862;49.66282862;49.66282862;56.89880712;61.34434872;58.94701427;51.11112979;103
1674;3.9;33.45029651;33.45029651;33.45029651;33.45029651;57.71165473;88.07676508;86.442431;53.76602324;72
1675;1.7;1.61047182;1.61047182;1.61047182;1.61047182;8.732668293;29.7700238;34.31189567;19.69771695;8
1676;0.6;0;0;0;0;0;0;0;0;0
1677;0.8;0;0;0;0;0;0;0;0;0
1678;1;0;0;0;0;0;0;0;0;0
1679;1;0;0;0;0;0;0;0;0;0
1680;1.6;0;0;0;0;0;0;0;0;0
1681;0.9;0;0;0;0;0;0;0;0;0
1682;1;0;0;0;0;0;0;0;0;0
1683;0.1;0;0;0;0;0;0;0;0;0
1684;0.3;0;0;0;0;0;0;0;0;0
1685;0.9;0;0;0;0;0;0;0;0;0
1686;0.4;0;0;0;0;0;0;0;0;0
1687;0.2;0;0;0;0;0;0;0;0;0
1688;0.8;6.117419136;21.98276845;30.36799882;24.54756851;7.931006651;6.117419136;6.117419136;6.117419136;17
1689;1.8;30.38404055;80.00295885;129.3797164;120.7661497;59.20796922;30.38404055;30.38404055;30.38404055;72
1690;3.1;79.36998966;179.6772419;395.2640736;425.8044352;253.408197;79.36998966;79.36998966;79.36998966;236
1691;3.9;101.6065874;119.0122473;417.9998758;531.648607;393.3845555;101.6065874;101.6065874;101.6065874;336
1692;4.7;113.4411761;113.4411761;214.2508344;299.3488433;275.5446621;156.7824573;113.4411761;113.4411761;300
1693;5.9;121.0505021;121.0505021;166.9146663;275.9990948;294.3167392;211.1373718;121.0505021;121.0505021;319
1694;6.2;120.6101348;120.6101348;120.6101348;236.6796204;294.4055437;250.3244735;130.2585029;120.6101348;317
1695;6.1;99.46983836;99.46983836;99.46983836;139.9238571;192.2154377;190.1779041;135.0048158;99.46983836;233
1696;6.1;65.80317716;65.80317716;65.80317716;67.26226037;74.65913198;76.86830536;72.59567671;65.80317716;136
1697;6.3;26.78968177;26.78968177;26.78968177;26.78968177;28.00653941;28.76490828;28.36621625;27.0440117;56
1698;6.1;8.897758612;8.897758612;8.897758612;8.897758612;9.229420956;9.651327268;9.631803282;9.182285883;19
1699;4.1;1.659985067;1.659985067;1.659985067;1.659985067;2.945734657;6.848492237;7.711892686;5.03016773;3
1700;3.9;0;0;0;0;0;0;0;0;0
1701;3.9;0;0;0;0;0;0;0;0;0
1702;3.9;0;0;0;0;0;0;0;0;0
1703;4;0;0;0;0;0;0;0;0;0
1704;4.5;0;0;0;0;0;0;0;0;0
1705;4.9;0;0;0;0;0;0;0;0;0
1706;5.4;0;0;0;0;0;0;0;0;0
1707;5.8;0;0;0;0;0;0;0;0;0
1708;6.4;0;0;0;0;0;0;0;0;0
1709;6.7;0;0;0;0;0;0;0;0;0
1710;7.5;0;0;0;0;0;0;0;0;0
1711;7.7;0;0;0;0;0;0;0;0;0
1712;8.3;1.407391711;2.005754612;2.318770369;2.097912868;1.472557438;1.407391711;1.407391711;1.407391711;3
1713;8.1;28.33104482;58.48788427;88.21199686;82.85865988;45.56378552;28.33104482;28.33104482;28.33104482;64
1714;8.5;45.65320619;51.83515619;64.96480662;66.78198343;56.22220908;45.65320619;45.65320619;45.65320619;97
1715;8.7;41.81224857;41.9039109;43.39486397;43.9587424;43.26523386;41.81224857;41.81224857;41.81224857;86
1716;8.7;32.17092009;32.17092009;32.65086295;33.05447951;32.94051895;32.37573781;32.17092009;32.17092009;67
1717;9.4;47.08407969;47.08407969;47.49224484;48.46365974;48.62693537;47.88642706;47.08407969;47.08407969;97
1718;9.6;86.64622101;86.64622101;86.64622101;97.63829681;103.136003;98.97421855;87.59086033;86.64622101;181
1719;9.5;44.5568684;44.5568684;44.5568684;45.26498706;46.19008355;46.15846475;45.18865253;44.5568684;92
1720;9.3;63.92719031;63.92719031;63.92719031;64.89842121;69.9967264;71.53957966;68.62319849;63.92719031;131
1721;9.8;44.84792962;44.84792962;44.84792962;44.84792962;47.99249992;49.98074278;48.9622533;45.53364882;92
1722;9.9;22.50920361;22.50920361;22.50920361;22.50920361;24.38988616;26.82206258;26.7278247;24.16237581;47
1723;8.3;4.185343566;4.185343566;4.185343566;4.185343566;13.83314935;43.94966211;50.77277636;30.30560432;17
1724;6.9;0;0;0;0;0;0;0;0;0
1725;6.6;0;0;0;0;0;0;0;0;0
1726;6.3;0;0;0;0;0;0;0;0;0
1727;5.7;0;0;0;0;0;0;0;0;0
1728;4.9;0;0;0;0;0;0;0;0;0
1729;6.6;0;0;0;0;0;0;0;0;0
1730;5.4;0;0;0;0;0;0;0;0;0
1731;5.5;0;0;0;0;0;0;0;0;0
1732;5.2;0;0;0;0;0;0;0;0;0
1733;5.3;0;0;0;0;0;0;0;0;0
1734;5.2;0;0;0;0;0;0;0;0;0
1735;5.5;0;0;0;0;0;0;0;0;0
1736;6.1;10.7039748;73.5656177;106.1140242;82.77251774;17.21423626;10.7039748;10.7039748;10.7039748;31
1737;7.6;48.67758946;273.1981799;492.4004024;451.6758191;174.8803384;48.67758946;48.67758946;48.67758946;167
1738;8.4;68.0263427;104.6684968;181.5802738;191.973698;129.7604425;68.0263427;68.0263427;68.0263427;161
1739;9.8;85.24577473;89.11256337;148.8390675;171.3134832;143.3706026;85.24577473;85.24577473;85.24577473;200
1740;11;117.362986;117.362986;249.1269686;359.523509;328.0656993;173.1810977;117.362986;117.362986;325
1741;12.9;124.0136447;124.0136447;171.558874;284.8019815;303.8574619;217.5628733;124.0136447;124.0136447;331
1742;13.2;126.1054198;126.1054198;126.1054198;305.718248;396.072624;328.2838731;142.0617264;126.1054198;369
1743;12.9;112.1447693;112.1447693;112.1447693;174.2013598;256.1574786;253.7529055;168.3962067;112.1447693;286
1744;12.9;100.4526232;100.4526232;100.4526232;133.5718727;313.8752234;369.1585095;267.0375316;100.4526232;286
1745;11.9;44.83329231;44.83329231;44.83329231;44.83329231;47.84564825;49.77821151;48.81410817;45.51809688;92
1746;11.7;25.48951627;25.48951627;25.48951627;25.48951627;27.70954283;30.62896322;30.53776529;27.48937155;53
1747;11.6;4.319256212;4.319256212;4.319256212;4.319256212;7.502832432;17.73076841;20.10242243;13.22851174;8
1748;11.5;0;0;0;0;0;0;0;0;0
1749;11.1;0;0;0;0;0;0;0;0;0
1750;10.7;0;0;0;0;0;0;0;0;0
1751;11.1;0;0;0;0;0;0;0;0;0
1752;11;0;0;0;0;0;0;0;0;0
1753;11.1;0;0;0;0;0;0;0;0;0
1754;11;0;0;0;0;0;0;0;0;0
1755;11;0;0;0;0;0;0;0;0;0
1756;11;0;0;0;0;0;0;0;0;0
1757;10.9;0;0;0;0;0;0;0;0;0
1758;10.7;0;0;0;0;0;0;0;0;0
1759;10.4;0;0;0;0;0;0;0;0;0
1760;10.3;2.806332766;4.117198816;4.789014435;4.299402022;2.935169888;2.806332766;2.806332766;2.806332766;6
1761;10.8;31.51744919;66.26108809;99.86164908;93.42710469;50.72672375;31.51744919;31.51744919;31.51744919;72
1762;11.3;56.03576684;71.12238647;102.4214887;106.5484642;81.08578662;56.03576684;56.03576684;56.03576684;125
1763;12.2;90.23773871;95.91857768;179.454694;210.7287279;171.4207745;90.23773871;90.23773871;90.23773871;214
1764;11.8;97.27736503;97.27736503;127.527265;152.7781969;145.5174941;109.998378;97.27736503;97.27736503;219
1765;12.3;75.32392569;75.32392569;76.60843314;79.67061669;80.18656761;77.85404884;75.32392569;75.32392569;153
1766;13.2;75.5876618;75.5876618;75.5876618;78.26670299;79.62239203;78.61459083;75.83365565;75.5876618;153
1767;13;72.40022308;72.40022308;72.40022308;74.34840513;76.94997968;76.88636852;74.1948342;72.40022308;147
1768;13.3;96.47753886;96.47753886;96.47753886;114.1156614;213.8690846;244.8561324;188.9250125;96.47753886;242
1769;13;58.47908981;58.47908981;58.47908981;58.47908981;74.43722449;84.82634095;79.78159503;62.25813045;125
1770;12.9;25.48009896;25.48009896;25.48009896;25.48009896;27.54431744;30.30522428;30.23963816;27.38597853;53
1771;12.6;5.835562774;5.835562774;5.835562774;5.835562774;10.47055336;25.80851576;29.44659318;19.25364921;11
1772;12.2;0;0;0;0;0;0;0;0;0
1773;12.4;0;0;0;0;0;0;0;0;0
1774;12.6;0;0;0;0;0;0;0;0;0
1775;12.8;0;0;0;0;0;0;0;0;0
1776;12.9;0;0;0;0;0;0;0;0;0
1777;13;0;0;0;0;0;0;0;0;0
1778;12.4;0;0;0;0;0;0;0;0;0
1779;12.6;0;0;0;0;0;0;0;0;0
1780;12.4;0;0;0;0;0;0;0;0;0
1781;12.1;0;0;0;0;0;0;0;0;0
1782;11.8;0;0;0;0;0;0;0;0;0
1783;11.8;0;0;0;0;0;0;0;0;0
1784;11.7;2.8882555;3.206935117;3.368593468;3.248876351;2.91791243;2.8882555;2.8882555;2.8882555;6
1785;11.6;11.89992342;12.29791772;12.67919953;12.60399196;12.11635059;11.89992342;11.89992342;11.89992342;25
1786;11.8;25.46912861;25.8596886;26.66062355;26.76359693;26.10828832;25.46912861;25.46912861;25.46912861;53
1787;12.3;36.22715901;36.30148815;37.34441675;37.73287092;37.23929947;36.22715901;36.22715901;36.22715901;75
1788;12.6;44.62191946;44.62191946;45.46765241;46.17104063;45.96697468;44.97499362;44.62191946;44.62191946;92
1789;13.5;70.02164281;70.02164281;70.83404024;72.77271051;73.09984263;71.62380704;70.02164281;70.02164281;142
1790;14.7;102.9183654;102.9183654;102.9183654;128.5746059;141.6362886;132.017537;105.3528853;102.9183654;225
1791;14.7;70.00509686;70.00509686;70.00509686;71.53405465;73.59903272;73.5587319;71.43675988;70.00509686;142
1792;15.6;78.08499335;78.08499335;78.08499335;81.20500226;99.56907773;105.3480679;95.15671882;78.08499335;167
1793;15.7;70.13775891;70.13775891;70.13775891;70.13775891;133.9810311;176.1631406;156.2370195;85.87511923;164
1794;15;36.64943774;36.64943774;36.64943774;36.64943774;56.46159974;83.4193673;82.97994443;55.4007391;78
1795;14.5;7.301078393;7.301078393;7.301078393;7.301078393;13.36978515;34.07241105;39.09275336;25.48996365;14
1796;13.2;0;0;0;0;0;0;0;0;0
1797;11.8;0;0;0;0;0;0;0;0;0
1798;11.1;0;0;0;0;0;0;0;0;0
1799;10.5;0;0;0;0;0;0;0;0;0
1800;9.6;0;0;0;0;0;0;0;0;0
1801;9;0;0;0;0;0;0;0;0;0
1802;7.7;0;0;0;0;0;0;0;0;0
1803;8.9;0;0;0;0;0;0;0;0;0
1804;7.5;0;0;0;0;0;0;0;0;0
1805;6.7;0;0;0;0;0;0;0;0;0
1806;6.2;0;0;0;0;0;0;0;0;0
1807;6.2;0;0;0;0;0;0;0;0;0
1808;7.9;15.44984419;117.801084;169.1927014;130.5238381;24.44618991;15.44984419;15.44984419;15.44984419;47
1809;10.8;54.19822138;240.6518849;417.6026869;381.6760817;153.9173872;54.19822138;54.19822138;54.19822138;164
1810;14.2;80.80557417;234.864258;547.1874765;586.3105019;329.3155965;80.80557417;80.80557417;80.80557417;297
1811;16;95.62551767;129.0381681;577.2990939;743.4021713;530.0464705;95.62551767;95.62551767;95.62551767;425
1812;17.4;107.9622806;107.9622806;445.2492797;724.7491928;642.9436979;247.7533444;107.9622806;107.9622806;497
1813;18.1;112.8047326;112.8047326;264.8135842;627.9696817;689.3491389;412.9967022;112.8047326;112.8047326;528
1814;18.1;115.0389901;115.0389901;115.0389901;494.4481384;688.8021719;547.0535152;152.2366088;115.0389901;514
1815;18.2;110.3416382;110.3416382;110.3416382;321.1934015;609.2709815;605.0825188;311.0815581;110.3416382;456
1816;17.6;101.4256689;101.4256689;101.4256689;149.1482932;442.0496766;535.4181359;374.559694;101.4256689;350
1817;16.6;79.1717654;79.1717654;79.1717654;79.1717654;230.6359074;332.2105121;285.5584509;118.0078683;217
1818;14.9;34.54898466;34.54898466;34.54898466;34.54898466;39.74963143;46.9501425;46.8862235;39.59531731;72
1819;11.3;4.22987979;4.22987979;4.22987979;4.22987979;4.695476156;6.334291455;6.740370941;5.675838759;8
1820;9.7;0;0;0;0;0;0;0;0;0
1821;8.6;0;0;0;0;0;0;0;0;0
1822;7.7;0;0;0;0;0;0;0;0;0
1823;7.2;0;0;0;0;0;0;0;0;0
1824;6.2;0;0;0;0;0;0;0;0;0
1825;6.4;0;0;0;0;0;0;0;0;0
1826;6.3;0;0;0;0;0;0;0;0;0
1827;5.4;0;0;0;0;0;0;0;0;0
1828;4.2;0;0;0;0;0;0;0;0;0
1829;3.8;0;0;0;0;0;0;0;0;0
1830;4;0;0;0;0;0;0;0;0;0
1831;4.8;0;0;0;0;0;0;0;0;0
1832;6.8;12.27270133;83.45793846;118.8370235;91.79217384;18.16589568;12.27270133;12.27270133;12.27270133;31
1833;8;28.47739966;40.88611513;52.55243748;50.11592919;35.00386377;28.47739966;28.47739966;28.47739966;61
1834;9.6;63.77153859;85.95686959;130.4229904;135.8455947;99.04819442;63.77153859;63.77153859;63.77153859;147
1835;11.2;77.44371355;79.53015662;106.3438456;116.2282292;103.3931695;77.44371355;77.44371355;77.44371355;169
1836;12.8;97.7247995;97.7247995;123.6021493;144.968587;138.6602547;108.3724879;97.7247995;97.7247995;217
1837;14.3;126.7629844;126.7629844;170.3181442;274.5015278;292.1416764;212.9052302;126.7629844;126.7629844;333
1838;14.2;117.4662662;117.4662662;117.4662662;195.3832766;235.5484407;206.5426684;125.3571478;117.4662662;286
1839;13.1;26.75764431;26.75764431;26.75764431;26.98039979;27.2883433;27.28541053;26.97331948;26.75764431;56
1840;13.5;43.08340433;43.08340433;43.08340433;43.30704258;44.74134859;45.20445335;44.42507636;43.08340433;89
1841;13.3;56.88226607;56.88226607;56.88226607;56.88226607;66.26740161;72.65623254;69.80488785;59.38364658;119
1842;13.1;29.46209847;29.46209847;29.46209847;29.46209847;31.67990044;34.80511785;34.80046697;31.66867223;61
1843;13.3;3.703479293;3.703479293;3.703479293;3.703479293;4.0544459;5.330225861;5.653079744;4.833884124;8
1844;11.6;0;0;0;0;0;0;0;0;0
1845;9.8;0;0;0;0;0;0;0;0;0
1846;9.3;0;0;0;0;0;0;0;0;0
1847;9.5;0;0;0;0;0;0;0;0;0
1848;8.7;0;0;0;0;0;0;0;0;0
1849;8.9;0;0;0;0;0;0;0;0;0
1850;8.7;0;0;0;0;0;0;0;0;0
1851;8.1;0;0;0;0;0;0;0;0;0
1852;7.8;0;0;0;0;0;0;0;0;0
1853;7.5;0;0;0;0;0;0;0;0;0
1854;7.9;0;0;0;0;0;0;0;0;0
1855;8.3;0;0;0;0;0;0;0;0;0
1856;8.4;8.204563188;33.62312332;46.12761755;36.41730086;10.18034508;8.204563188;8.204563188;8.204563188;19
1857;9.2;39.41475404;91.92722977;140.838293;130.3368227;66.57443764;39.41475404;39.41475404;39.41475404;94
1858;9.8;64.1635795;85.21908861;126.9452672;131.8947847;97.1682807;64.1635795;64.1635795;64.1635795;147
1859;10.5;89.06787606;93.28946043;145.3473455;164.4374807;139.3771237;89.06787606;89.06787606;89.06787606;206
1860;11.8;122.831685;122.831685;256.5355697;366.536085;333.777868;177.4502378;122.831685;122.831685;344
1861;11.4;81.65492094;81.65492094;83.63291;88.3705216;89.17422542;85.57322265;81.65492094;81.65492094;167
1862;9.6;23.85521371;23.85521371;23.85521371;24.09798714;24.22393747;24.13389443;23.88060401;23.85521371;50
1863;9.9;23.83921584;23.83921584;23.83921584;24.01110193;24.25158861;24.25051291;24.00850497;23.83921584;50
1864;10.1;22.36015951;22.36015951;22.36015951;22.41827859;22.80867548;22.9363378;22.72648269;22.36015951;47
1865;10.2;13.18974992;13.18974992;13.18974992;13.18974992;13.41649654;13.57319636;13.50527845;13.25252821;28
1866;10.4;5.118557441;5.118557441;5.118557441;5.118557441;5.185995609;5.282736928;5.283304129;5.187364956;11
1867;10.4;0;0;0;0;0;0;0;0;0
1868;10;0;0;0;0;0;0;0;0;0
1869;9.4;0;0;0;0;0;0;0;0;0
1870;9;0;0;0;0;0;0;0;0;0
1871;8.6;0;0;0;0;0;0;0;0;0
1872;8.7;0;0;0;0;0;0;0;0;0
1873;8.3;0;0;0;0;0;0;0;0;0
1874;7.5;0;0;0;0;0;0;0;0;0
1875;7.5;0;0;0;0;0;0;0;0;0
1876;7.4;0;0;0;0;0;0;0;0;0
1877;6.9;0;0;0;0;0;0;0;0;0
1878;7.4;0;0;0;0;0;0;0;0;0
1879;7.5;0;0;0;0;0;0;0;0;0
1880;7.6;2.835541335;3.023442027;3.114938;3.042767196;2.849206294;2.835541335;2.835541335;2.835541335;6
1881;8.9;5.127918683;5.193023393;5.253099972;5.239847049;5.161028008;5.127918683;5.127918683;5.127918683;11
1882;10.6;10.33466822;10.39620867;10.51679972;10.5307006;10.42976838;10.33466822;10.33466822;10.33466822;22
1883;11.7;39.19937702;39.29157464;40.38416392;40.7827211;40.25377679;39.19937702;39.19937702;39.19937702;81
1884;11.8;51.66441069;51.66441069;52.69319805;53.53657334;53.28326115;52.08164831;51.66441069;51.66441069;106
1885;11.9;19.97985043;19.97985043;20.04434094;20.19902565;20.22532049;20.10782229;19.97985043;19.97985043;42
1886;11.4;18.5363135;18.5363135;18.5363135;18.68030188;18.75549074;18.70228855;18.55186043;18.5363135;39
1887;12.1;18.52032435;18.52032435;18.52032435;18.62155198;18.7649203;18.76500763;18.62176281;18.52032435;39
1888;12;17.04893264;17.04893264;17.04893264;17.08063923;17.30426016;17.37831369;17.25942027;17.04893264;36
1889;11.9;3.728621761;3.728621761;3.728621761;3.728621761;3.746403928;3.758880589;3.75363204;3.733732808;8
1890;12.1;3.714234252;3.714234252;3.714234252;3.714234252;3.747629948;3.796410022;3.797052644;3.749181375;8
1891;12.4;1.380900419;1.380900419;1.380900419;1.380900419;1.411194237;1.528986713;1.560032246;1.486144785;3
1892;12.1;0;0;0;0;0;0;0;0;0
1893;11.7;0;0;0;0;0;0;0;0;0
1894;11.1;0;0;0;0;0;0;0;0;0
1895;10.5;0;0;0;0;0;0;0;0;0
1896;10.3;0;0;0;0;0;0;0;0;0
1897;9.5;0;0;0;0;0;0;0;0;0
1898;8.7;0;0;0;0;0;0;0;0;0
1899;8.3;0;0;0;0;0;0;0;0;0
1900;8.1;0;0;0;0;0;0;0;0;0
1901;7.7;0;0;0;0;0;0;0;0;0
1902;7.7;0;0;0;0;0;0;0;0;0
1903;7.3;1.459174951;1.459174951;1.459174951;1.459174951;1.459174951;1.459174951;1.459174951;1.459174951;3
1904;7.9;21.31905984;119.4745898;166.7837801;128.88171;27.97089833;21.31905984;21.31905984;21.31905984;58
1905;9.1;50.88308399;393.2273848;706.2051762;635.3041738;222.057223;50.88308399;50.88308399;50.88308399;225
1906;8.9;87.36405335;181.5507666;364.0601619;384.4847295;230.8600347;87.36405335;87.36405335;87.36405335;253
1907;9.9;111.3219045;131.1584901;357.3816673;439.4663726;329.3284988;111.3219045;111.3219045;111.3219045;339
1908;10.7;126.1673358;126.1673358;321.3414433;480.7700487;432.4771942;204.752179;126.1673358;126.1673358;406
1909;9.9;106.5602017;106.5602017;116.3980329;140.0301694;144.0560527;126.1173751;106.5602017;106.5602017;233
1910;10.4;113.1477764;113.1477764;113.1477764;146.0226454;163.3033899;151.2036563;116.8113044;113.1477764;253
1911;11.3;118.2324199;118.2324199;118.2324199;173.46593;252.671513;253.1244986;174.5595339;118.2324199;300
1912;11.1;105.2682516;105.2682516;105.2682516;124.3087933;265.694433;313.1045914;238.7670407;105.2682516;278
1913;10.2;84.44649526;84.44649526;84.44649526;84.44649526;287.6671143;432.4458132;373.3712313;145.0484575;253
1914;9.7;34.92777629;34.92777629;34.92777629;34.92777629;37.71236727;41.85480257;41.93947982;37.91679623;72
1915;8.4;2.773363486;2.773363486;2.773363486;2.773363486;2.87104788;3.264504775;3.370257764;3.12635818;6
1916;7.2;0;0;0;0;0;0;0;0;0
1917;7.9;0;0;0;0;0;0;0;0;0
1918;6.8;0;0;0;0;0;0;0;0;0
1919;6.5;0;0;0;0;0;0;0;0;0
1920;5.8;0;0;0;0;0;0;0;0;0
1921;5.6;0;0;0;0;0;0;0;0;0
1922;5;0;0;0;0;0;0;0;0;0
1923;6.9;0;0;0;0;0;0;0;0;0
1924;6.5;0;0;0;0;0;0;0;0;0
1925;7.2;0;0;0;0;0;0;0;0;0
1926;6.5;0;0;0;0;0;0;0;0;0
1927;3.5;0;0;0;0;0;0;0;0;0
1928;3.5;2.819371753;2.970631279;3.04279321;2.984077881;2.828879936;2.819371753;2.819371753;2.819371753;6
1929;5.1;6.547112336;6.64466266;6.733020486;6.712475838;6.595063494;6.547112336;6.547112336;6.547112336;14
1930;7.1;54.95961973;62.21094137;76.10667332;77.61474807;65.8517559;54.95961973;54.95961973;54.95961973;117
1931;7.8;90.85998153;95.12971668;142.0498238;158.9836156;136.0115065;90.85998153;90.85998153;90.85998153;208
1932;7.9;111.9564533;111.9564533;174.4561631;225.3274891;209.7875999;136.9395519;111.9564533;111.9564533;269
1933;9.3;132.0044876;132.0044876;177.2643492;286.1577971;304.750327;222.1506869;132.0044876;132.0044876;353
1934;9.1;120.126401;120.126401;120.126401;478.7371371;668.5107921;537.0483082;161.3586255;120.126401;531
1935;8.2;108.3702861;108.3702861;108.3702861;128.802703;158.4760165;158.7980726;129.5802154;108.3702861;244
1936;8.4;108.6192697;108.6192697;108.6192697;130.6000516;302.9620759;361.48072;271.876556;108.6192697;306
1937;8.5;85.71170021;85.71170021;85.71170021;85.71170021;274.6196139;411.2808515;357.2280957;144.1247178;250
1938;7.5;50.92486118;50.92486118;50.92486118;50.92486118;104.1030281;184.6902984;186.9195897;109.4850135;119
1939;6.4;6.538386838;6.538386838;6.538386838;6.538386838;6.973361048;8.790263463;9.288047093;8.175117037;14
1940;5.6;0;0;0;0;0;0;0;0;0
1941;5.5;0;0;0;0;0;0;0;0;0
1942;4.3;0;0;0;0;0;0;0;0;0
1943;2.3;0;0;0;0;0;0;0;0;0
1944;1.4;0;0;0;0;0;0;0;0;0
1945;0.3;0;0;0;0;0;0;0;0;0
1946;-0.5;0;0;0;0;0;0;0;0;0
1947;-0.6;0;0;0;0;0;0;0;0;0
1948;-0.5;0;0;0;0;0;0;0;0;0
1949;-1;0;0;0;0;0;0;0;0;0
1950;-1.2;0;0;0;0;0;0;0;0;0
1951;-1;1.45917627;1.45917627;1.45917627;1.45917627;1.45917627;1.45917627;1.45917627;1.45917627;3
1952;0.2;13.54047931;73.85644288;102.3383229;78.80363049;17.03866922;13.54047931;13.54047931;13.54047931;33
1953;3.5;44.39029237;97.69593581;145.5327647;134.121705;70.14720075;44.39029237;44.39029237;44.39029237;106
1954;5.9;83.57599006;136.7724066;237.5909903;248.1896757;162.3598966;83.57599006;83.57599006;83.57599006;211
1955;7.3;112.626426;140.5545128;436.6253528;542.9020157;397.1290738;112.626426;112.626426;112.626426;383
1956;8.5;127.0686975;127.0686975;343.1861728;518.467699;464.4729984;212.8314344;127.0686975;127.0686975;433
1957;6.8;136.4223334;136.4223334;214.0391588;401.0896318;433.1015909;291.3228646;136.4223334;136.4223334;428
1958;7.7;135.6891124;135.6891124;135.6891124;331.3750376;435.6369598;364.193501;158.8952705;135.6891124;425
1959;8.4;124.1103594;124.1103594;124.1103594;267.3885261;478.1603184;481.5344465;275.5343919;124.1103594;422
1960;9.7;96.26456857;96.26456857;96.26456857;145.2044526;551.8219597;691.5801255;482.6105119;96.26456857;431
1961;8.4;76.77035138;76.77035138;76.77035138;76.77035138;415.8793634;665.0092906;569.5568251;185.4367266;322
1962;6.1;44.65634069;44.65634069;44.65634069;44.65634069;66.87250478;101.1758964;102.3708988;69.75749581;97
1963;5.7;6.53914175;6.53914175;6.53914175;6.53914175;6.89918461;8.460656789;8.896531519;7.951479294;14
1964;5.1;0;0;0;0;0;0;0;0;0
1965;3.6;0;0;0;0;0;0;0;0;0
1966;2.3;0;0;0;0;0;0;0;0;0
1967;1.6;0;0;0;0;0;0;0;0;0
1968;1.5;0;0;0;0;0;0;0;0;0
1969;1.3;0;0;0;0;0;0;0;0;0
1970;1.2;0;0;0;0;0;0;0;0;0
1971;0.5;0;0;0;0;0;0;0;0;0
1972;0.4;0;0;0;0;0;0;0;0;0
1973;-0.7;0;0;0;0;0;0;0;0;0
1974;-1;0;0;0;0;0;0;0;0;0
1975;-0.8;1.459176934;1.459176934;1.459176934;1.459176934;1.459176934;1.459176934;1.459176934;1.459176934;3
1976;1.8;25.94589921;169.4054959;236.4575437;180.1947252;33.57503642;25.94589921;25.94589921;25.94589921;72
1977;4.7;63.18854106;237.5704404;392.6195497;354.6924421;146.0063027;63.18854106;63.18854106;63.18854106;183
1978;6;72.32763464;98.43271969;147.3655605;152.342202;110.4473952;72.32763464;72.32763464;72.32763464;169
1979;6.1;78.92785669;80.8104058;100.084059;106.9646958;97.42173252;78.92785669;78.92785669;78.92785669;169
1980;7;68.52633798;68.52633798;70.15289823;71.46741385;71.05908711;69.16711028;68.52633798;68.52633798;139
1981;7.1;69.93000857;69.93000857;70.6002487;72.21823133;72.4958041;71.27036864;69.93000857;69.93000857;142
1982;6.3;48.55234509;48.55234509;48.55234509;49.40859291;49.86795566;49.55665158;48.65703838;48.55234509;100
1983;8;106.6965617;106.6965617;106.6965617;123.0864186;147.5142927;148.0316937;124.3355349;106.6965617;236
1984;8.7;110.743286;110.743286;110.743286;130.5212777;305.2851383;366.0890203;277.3148342;110.743286;314
1985;7.3;70.87626197;70.87626197;70.87626197;70.87626197;94.91345601;112.8481001;106.1962107;78.85437429;156
1986;7.2;49.19216392;49.19216392;49.19216392;49.19216392;79.85641731;128.110182;130.134842;84.74437899;111
1987;6.6;19.63231238;19.63231238;19.63231238;19.63231238;40.55072381;134.8628713;161.6745201;105.2797701;42
1988;5;0;0;0;0;0;0;0;0;0
1989;2;0;0;0;0;0;0;0;0;0
1990;2.6;0;0;0;0;0;0;0;0;0
1991;1.9;0;0;0;0;0;0;0;0;0
1992;0.5;0;0;0;0;0;0;0;0;0
1993;0.1;0;0;0;0;0;0;0;0;0
1994;-1.2;0;0;0;0;0;0;0;0;0
1995;-1.2;0;0;0;0;0;0;0;0;0
1996;-0.5;0;0;0;0;0;0;0;0;0
1997;-0.5;0;0;0;0;0;0;0;0;0
1998;-0.4;0;0;0;0;0;0;0;0;0
1999;0.2;1.4591776;1.4591776;1.4591776;1.4591776;1.4591776;1.4591776;1.4591776;1.4591776;3
2000;1.6;20.69812223;117.3110917;162.005971;123.924629;25.37459928;20.69812223;20.69812223;20.69812223;50
2001;3.4;37.29654237;54.86819057;70.34792935;66.4666139;45.49786617;37.29654237;37.29654237;37.29654237;81
2002;4.4;72.20666518;96.22613865;140.7586276;145.1343067;106.7899625;72.20666518;72.20666518;72.20666518;167
2003;6.1;115.3565356;136.6124389;346.9854232;421.6733466;316.9250365;115.3565356;115.3565356;115.3565356;344
2004;6;120.9093717;120.9093717;197.6022401;259.3606286;240.0161486;150.9005341;120.9093717;120.9093717;303
2005;7.5;125.4486956;125.4486956;257.6724799;577.4265521;632.4181259;390.4338831;125.4486956;125.4486956;536
2006;6.5;131.2048812;131.2048812;131.2048812;412.3113344;564.1740855;462.4093488;166.6295269;131.2048812;494
2007;6.5;119.3776479;119.3776479;119.3776479;166.8208489;238.4769576;240.366306;171.3821393;119.3776479;297
2008;7.4;110.6048797;110.6048797;110.6048797;138.966477;406.6187139;500.8700614;366.5093583;110.6048797;367
2009;7.7;84.18239698;84.18239698;84.18239698;84.18239698;362.2510407;572.9743009;497.3698929;179.7258536;306
2010;6.5;57.06416632;57.06416632;57.06416632;57.06416632;133.3419112;255.6973219;261.696124;147.8243006;147
2011;5.3;18.7596266;18.7596266;18.7596266;18.7596266;29.26909647;78.5932949;92.86774193;63.73066008;39
2012;3.8;0;0;0;0;0;0;0;0;0
2013;4.2;0;0;0;0;0;0;0;0;0
2014;3.3;0;0;0;0;0;0;0;0;0
2015;2.4;0;0;0;0;0;0;0;0;0
2016;1.4;0;0;0;0;0;0;0;0;0
2017;0.8;0;0;0;0;0;0;0;0;0
2018;-1.1;0;0;0;0;0;0;0;0;0
2019;-2.4;0;0;0;0;0;0;0;0;0
2020;-2.2;0;0;0;0;0;0;0;0;0
2021;-2.5;0;0;0;0;0;0;0;0;0
2022;-3;0;0;0;0;0;0;0;0;0
2023;-2.7;3.896378794;3.896378794;3.896378794;3.896378794;3.896378794;3.896378794;3.896378794;3.896378794;8
2024;1.1;24.60527782;452.7375694;648.7722059;479.1783211;43.3017126;24.60527782;24.60527782;24.60527782;111
2025;4.4;54.61721014;437.7571912;772.1794946;686.2635436;230.3377371;54.61721014;54.61721014;54.61721014;258
2026;6.2;76.12375813;330.2124097;796.1802727;840.3487952;436.8446557;76.12375813;76.12375813;76.12375813;408
2027;5.7;98.70969639;104.5594817;160.5788974;180.3561743;152.3060517;98.70969639;98.70969639;98.70969639;231
2028;3.3;47.08877556;47.08877556;47.84930976;48.45954748;48.2668056;47.3839897;47.08877556;47.08877556;97
2029;5.8;107.9300309;107.9300309;115.9566933;135.4023935;138.7551562;124.0509786;107.9300309;107.9300309;233
2030;7.6;121.5743188;121.5743188;121.5743188;482.2388515;678.4570708;548.4609266;168.4003972;121.5743188;558
2031;6.9;127.2493129;127.2493129;127.2493129;207.847866;331.2335168;335.1279874;217.2499498;127.2493129;353
2032;7.2;104.4640882;104.4640882;104.4640882;113.077195;200.302183;231.3865149;188.1214106;104.4640882;256
2033;7;81.98272162;81.98272162;81.98272162;81.98272162;149.9259071;202.2238812;184.0862148;106.1377068;197
2034;6.5;57.55509368;57.55509368;57.55509368;57.55509368;124.764478;234.684623;240.844692;139.6362002;144
2035;5.6;11.82881431;11.82881431;11.82881431;11.82881431;12.51617691;15.87916382;16.86951091;14.90708631;25
2036;3.6;0;0;0;0;0;0;0;0;0
2037;2.2;0;0;0;0;0;0;0;0;0
2038;2.2;0;0;0;0;0;0;0;0;0
2039;1.1;0;0;0;0;0;0;0;0;0
2040;1.3;0;0;0;0;0;0;0;0;0
2041;1.2;0;0;0;0;0;0;0;0;0
2042;-0.5;0;0;0;0;0;0;0;0;0
2043;-1.8;0;0;0;0;0;0;0;0;0
2044;-2.5;0;0;0;0;0;0;0;0;0
2045;-3.2;0;0;0;0;0;0;0;0;0
2046;-3.4;0;0;0;0;0;0;0;0;0
2047;-2.7;5.361850165;5.361850165;5.361850165;5.361850165;5.361850165;5.361850165;5.361850165;5.361850165;11
2048;0.5;26.57581473;373.7636479;531.1050973;392.9001356;40.10735497;26.57581473;26.57581473;26.57581473;108
2049;3;54.54079575;459.363327;809.4626425;717.3389786;236.9571284;54.54079575;54.54079575;54.54079575;269
2050;6.4;76.23105929;338.1916866;813.3966927;856.7800684;442.9284207;76.23105929;76.23105929;76.23105929;419
2051;6.5;103.7170179;150.9497725;588.9709332;742.7369315;522.1737311;103.7170179;103.7170179;103.7170179;475
2052;7.2;131.7439674;131.7439674;275.0009567;389.5330655;353.0558169;186.9370884;131.7439674;131.7439674;383
2053;7.6;120.0224598;120.0224598;145.3135583;206.6973526;217.3081702;170.9303382;120.0224598;120.0224598;286
2054;8.2;129.3615606;129.3615606;129.3615606;213.521682;259.6349885;229.4358877;140.6146034;129.3615606;325
2055;8.2;95.20164981;95.20164981;95.20164981;102.0283799;112.6232708;113.0128123;102.9688165;95.20164981;200
2056;8.4;70.02261941;70.02261941;70.02261941;70.29935166;73.32315411;74.4135481;72.93179561;70.02261941;142
2057;8.2;88.50180279;88.50180279;88.50180279;88.50180279;204.5459431;295.2790373;264.8848319;131.1678403;231
2058;7.9;43.6318476;43.6318476;43.6318476;43.6318476;50.05140641;60.75845902;61.43297494;51.67983189;92
2059;5.8;19.87761069;19.87761069;19.87761069;19.87761069;26.32071972;59.23295491;69.09136321;50.12102273;42
2060;4;0;0;0;0;0;0;0;0;0
2061;1.9;0;0;0;0;0;0;0;0;0
2062;0.9;0;0;0;0;0;0;0;0;0
2063;1.3;0;0;0;0;0;0;0;0;0
2064;2.3;0;0;0;0;0;0;0;0;0
2065;2.9;0;0;0;0;0;0;0;0;0
2066;3.3;0;0;0;0;0;0;0;0;0
2067;3.7;0;0;0;0;0;0;0;0;0
2068;4.2;0;0;0;0;0;0;0;0;0
2069;4.4;0;0;0;0;0;0;0;0;0
2070;4.4;0;0;0;0;0;0;0;0;0
2071;4.7;1.45917961;1.45917961;1.45917961;1.45917961;1.45917961;1.45917961;1.45917961;1.45917961;3
2072;5.6;15.04760264;40.73803208;52.26098838;41.98484802;15.92923464;15.04760264;15.04760264;15.04760264;33
2073;6.5;44.55661236;74.05273501;99.32716508;92.51774819;57.6133484;44.55661236;44.55661236;44.55661236;100
2074;7.7;73.94308086;95.83334237;135.1146014;138.5624134;104.1570967;73.94308086;73.94308086;73.94308086;169
2075;9.1;109.6530682;121.166319;224.6424279;260.7593294;208.3602324;109.6530682;109.6530682;109.6530682;275
2076;10.3;132.0397554;132.0397554;330.9227017;489.3499243;438.469696;208.0869644;132.0397554;132.0397554;436
2077;11.6;127.8990662;127.8990662;256.9137475;570.6280102;624.997662;388.1736981;127.8990662;127.8990662;547
2078;11.4;111.6039124;111.6039124;111.6039124;568.0866368;820.0016748;656.9469112;174.437615;111.6039124;669
2079;11.6;109.5346382;109.5346382;109.5346382;332.1722275;682.5329671;697.2390569;367.6758689;109.5346382;558
2080;11.4;103.6262494;103.6262494;103.6262494;136.3470185;524.5661829;666.2044432;478.2920275;103.6262494;442
2081;10.9;87.77152847;87.77152847;87.77152847;87.77152847;349.3397009;557.0959051;489.9282546;187.1826482;314
2082;9.9;60.80549627;60.80549627;60.80549627;60.80549627;140.3524678;275.6846105;285.1434823;163.1882045;161
2083;8.4;18.9997063;18.9997063;18.9997063;18.9997063;23.03367829;44.58271857;51.14557723;38.87782067;39
2084;5.6;0;0;0;0;0;0;0;0;0
2085;3.4;0;0;0;0;0;0;0;0;0
2086;2.3;0;0;0;0;0;0;0;0;0
2087;2;0;0;0;0;0;0;0;0;0
2088;0.7;0;0;0;0;0;0;0;0;0
2089;0.1;0;0;0;0;0;0;0;0;0
2090;-0.1;0;0;0;0;0;0;0;0;0
2091;1.2;0;0;0;0;0;0;0;0;0
2092;3;0;0;0;0;0;0;0;0;0
2093;3.5;0;0;0;0;0;0;0;0;0
2094;3.9;0;0;0;0;0;0;0;0;0
2095;3.5;2.920721133;2.920721133;2.920721133;2.920721133;2.920721133;2.920721133;2.920721133;2.920721133;6
2096;5.1;24.18408075;115.7868285;156.450237;119.633925;26.90438872;24.18408075;24.18408075;24.18408075;56
2097;6.9;49.95029128;96.03020723;135.1519204;124.3636748;69.98507834;49.95029128;49.95029128;49.95029128;117
2098;8.8;87.28647644;134.8052028;219.1584966;226.2629495;151.9568693;87.28647644;87.28647644;87.28647644;214
2099;11;119.6240357;146.0306651;376.2051914;456.0779566;338.860578;119.6240357;119.6240357;119.6240357;375
2100;12;126.6446391;126.6446391;386.1995219;592.2007619;525.4855391;225.1347264;126.6446391;126.6446391;494
2101;12.4;108.6632321;108.6632321;115.7811634;133.121833;136.1349859;123.0555581;108.6632321;108.6632321;233
2102;12.8;133.4878385;133.4878385;133.4878385;223.736315;273.9015103;241.814281;146.2708908;133.4878385;342
2103;13.4;130.629855;130.629855;130.629855;211.5417271;340.6778815;346.7707507;226.2512145;130.629855;369
2104;13.3;88.56413281;88.56413281;88.56413281;89.9629765;108.1183762;114.8191653;106.1401124;88.56413281;189
2105;13.1;80.35267713;80.35267713;80.35267713;80.35267713;132.445727;174.4793236;161.3748073;100.808626;186
2106;12.6;34.88862256;34.88862256;34.88862256;34.88862256;36.4537979;39.17053666;39.37898822;36.95704447;72
2107;11;14.75549903;14.75549903;14.75549903;14.75549903;15.42433839;19.16729303;20.32587857;18.22141133;31
2108;9.6;0;0;0;0;0;0;0;0;0
2109;8.3;0;0;0;0;0;0;0;0;0
2110;7.2;0;0;0;0;0;0;0;0;0
2111;7.3;0;0;0;0;0;0;0;0;0
2112;6.8;0;0;0;0;0;0;0;0;0
2113;5.9;0;0;0;0;0;0;0;0;0
2114;5.2;0;0;0;0;0;0;0;0;0
2115;4.9;0;0;0;0;0;0;0;0;0
2116;4.7;0;0;0;0;0;0;0;0;0
2117;4.1;0;0;0;0;0;0;0;0;0
2118;3.8;0;0;0;0;0;0;0;0;0
2119;4.7;5.361877328;5.361877328;5.361877328;5.361877328;5.361877328;5.361877328;5.361877328;5.361877328;11
2120;6.2;33.75821904;287.3858601;398.8107372;296.3928;40.12708731;33.75821904;33.75821904;33.75821904;108
2121;9.4;62.94449991;402.7005355;688.5003156;607.8579829;208.0127222;62.94449991;62.94449991;62.94449991;261
2122;11.5;81.6290513;325.9900768;755.1148336;789.7207533;409.5361573;81.6290513;81.6290513;81.6290513;414
2123;12.8;96.3373831;158.8990596;688.1281025;870.6941681;599.6525311;96.3373831;96.3373831;96.3373831;547
2124;14.1;109.038653;109.038653;504.3693997;816.9737254;714.8792869;257.8916217;109.038653;109.038653;631
2125;15.2;114.1040069;114.1040069;287.7433333;711.5630125;785.3993092;465.9999221;114.1040069;114.1040069;672
2126;15.5;113.3903368;113.3903368;113.3903368;547.4568579;790.4936617;636.8925209;176.6309006;113.3903368;664
2127;16;106.482204;106.482204;106.482204;345.1999606;731.6763917;751.9225468;394.0785028;106.482204;600
2128;16.2;98.16492462;98.16492462;98.16492462;129.5531078;579.1519113;746.9950613;534.7623169;98.16492462;486
2129;15.8;85.33321084;85.33321084;85.33321084;85.33321084;392.317525;643.969126;568.3793844;209.8277455;347
2130;15.3;64.31963437;64.31963437;64.31963437;64.31963437;176.0459987;373.9447263;390.4692742;215.9397865;186
2131;13.8;23.32973149;23.32973149;23.32973149;23.32973149;29.86211118;68.23172231;80.2983562;58.99354237;50
2132;12.4;0;0;0;0;0;0;0;0;0
2133;11.6;0;0;0;0;0;0;0;0;0
2134;10.5;0;0;0;0;0;0;0;0;0
2135;9.8;0;0;0;0;0;0;0;0;0
2136;9.3;0;0;0;0;0;0;0;0;0
2137;8.3;0;0;0;0;0;0;0;0;0
2138;7.4;0;0;0;0;0;0;0;0;0
2139;6.5;0;0;0;0;0;0;0;0;0
2140;6.2;0;0;0;0;0;0;0;0;0
2141;5.5;0;0;0;0;0;0;0;0;0
2142;4.9;0;0;0;0;0;0;0;0;0
2143;6.3;9.28139667;9.28139667;9.28139667;9.28139667;9.28139667;9.28139667;9.28139667;9.28139667;19
2144;9.2;29.3619045;439.7463606;618.1703005;451.6782676;37.79903688;29.3619045;29.3619045;29.3619045;142
2145;10.9;59.32611369;453.071643;781.2398943;686.5208437;224.3996266;59.32611369;59.32611369;59.32611369;283
2146;12.5;80.59627276;340.0215509;790.7221935;825.4407027;423.8394467;80.59627276;80.59627276;80.59627276;431
2147;14.7;102.6220705;158.4275271;616.8551788;774.0520499;537.9343452;102.6220705;102.6220705;102.6220705;511
2148;15.2;109.5672932;109.5672932;506.5331224;819.2595016;716.2578104;257.8650423;109.5672932;109.5672932;639
2149;16.2;114.7173251;114.7173251;287.4605339;709.8908227;783.6765486;465.595034;114.7173251;114.7173251;678
2150;16.8;115.1933667;115.1933667;115.1933667;528.9520362;762.3157975;616.6040154;177.1726755;115.1933667;653
2151;17.4;109.5920834;109.5920834;109.5920834;332.270715;698.0356535;719.0983293;383.1205126;109.5920834;586
2152;17.3;115.3589692;115.3589692;115.3589692;132.9476226;413.9884215;520.0961373;389.1143092;115.3589692;397
2153;17.4;94.15161306;94.15161306;94.15161306;94.15161306;228.3986533;340.2064457;307.8786542;150.3524606;261
2154;16.5;64.66428913;64.66428913;64.66428913;64.66428913;191.471611;420.7319121;441.4126288;241.3992777;200
2155;13.2;22.53613072;22.53613072;22.53613072;22.53613072;26.9372129;54.12623558;62.81020327;47.90216547;47
2156;13.3;0;0;0;0;0;0;0;0;0
2157;11.8;0;0;0;0;0;0;0;0;0
2158;9.8;0;0;0;0;0;0;0;0;0
2159;9.5;0;0;0;0;0;0;0;0;0
2160;9.1;0;0;0;0;0;0;0;0;0
2161;8.9;0;0;0;0;0;0;0;0;0
2162;9.3;0;0;0;0;0;0;0;0;0
2163;9.6;0;0;0;0;0;0;0;0;0
2164;8.6;0;0;0;0;0;0;0;0;0
2165;6;0;0;0;0;0;0;0;0;0
2166;6;0;0;0;0;0;0;0;0;0
2167;5.5;3.896407549;3.896407549;3.896407549;3.896407549;3.896407549;3.896407549;3.896407549;3.896407549;8
2168;9.2;37.00089377;240.8857134;328.6077826;245.5104913;40.27110555;37.00089377;37.00089377;37.00089377;103
2169;10.3;55.4252437;111.6437059;158.0677265;144.3651728;78.56281479;55.4252437;55.4252437;55.4252437;133
2170;11.2;93.71651197;151.4413134;250.6548305;257.9360091;169.0196334;93.71651197;93.71651197;93.71651197;239
2171;13.1;112.7826312;160.1760694;538.4617329;667.3903518;471.4372898;112.7826312;112.7826312;112.7826312;469
2172;14.9;109.5553349;109.5553349;503.0413539;811.8566449;709.2733534;255.3833803;109.5553349;109.5553349;631
2173;15.9;115.4386799;115.4386799;286.1617135;704.4381063;777.6866234;462.9992768;115.4386799;115.4386799;681
2174;17;114.30291;114.30291;114.30291;552.2589639;801.0885346;647.6084008;181.7251434;114.30291;686
2175;17;124.8557738;124.8557738;124.8557738;285.689928;553.7721711;570.6010058;326.3183289;124.8557738;503
2176;16.8;109.7724206;109.7724206;109.7724206;129.5223472;486.2607175;622.4573497;458.3301036;109.7724206;442
2177;16.9;95.6879799;95.6879799;95.6879799;95.6879799;246.7428895;374.5635757;339.0227201;160.9396739;278
2178;16.4;65.46554994;65.46554994;65.46554994;65.46554994;145.8904582;294.335912;308.7122117;180.597916;178
2179;14.5;24.85331723;24.85331723;24.85331723;24.85331723;30.39279937;66.46690254;78.1643318;58.63289176;53
2180;11.1;0;0;0;0;0;0;0;0;0
2181;9.4;0;0;0;0;0;0;0;0;0
2182;9.7;0;0;0;0;0;0;0;0;0
2183;9.1;0;0;0;0;0;0;0;0;0
2184;8.4;0;0;0;0;0;0;0;0;0
2185;8.4;0;0;0;0;0;0;0;0;0
2186;8;0;0;0;0;0;0;0;0;0
2187;9.1;0;0;0;0;0;0;0;0;0
2188;9.3;0;0;0;0;0;0;0;0;0
2189;8.8;0;0;0;0;0;0;0;0;0
2190;8;0;0;0;0;0;0;0;0;0
2191;8.6;1.995185366;4.611058275;5.219162688;3.463279286;1.183583059;1.183583059;1.183583059;1.183583059;8
2192;10.7;38.33445218;270.4770096;369.3151121;274.2692329;41.01595896;38.33445218;38.33445218;38.33445218;111
2193;12.4;68.00982719;380.4345046;636.0502547;558.9156264;194.2150387;68.00982719;68.00982719;68.00982719;264
2194;14.7;85.95344857;321.4899949;721.9931345;749.9128524;388.8941564;85.95344857;85.95344857;85.95344857;417
2195;17.1;100.85569;164.1385071;655.1890059;821.5185664;565.6935878;100.85569;100.85569;100.85569;542
2196;18.6;111.486487;111.486487;496.5222729;797.5507912;696.6921449;253.0279609;111.486487;111.486487;639
2197;19.3;118.9103948;118.9103948;275.3730053;659.4259369;726.8521946;438.1543911;118.9103948;118.9103948;642
2198;20.2;115.5722943;115.5722943;115.5722943;529.5749751;766.5330405;622.1671294;181.0448345;115.5722943;658
2199;20.3;110.7031928;110.7031928;110.7031928;327.6183704;694.5839596;719.5201145;387.8195736;110.7031928;597
2200;20.4;102.6368203;102.6368203;102.6368203;123.0329989;546.6057816;710.107568;517.7612291;102.6368203;486
2201;20;93.2220464;93.2220464;93.2220464;93.2220464;332.2016533;537.6672914;482.7829327;199.6990902;328
2202;19;63.90886768;63.90886768;63.90886768;63.90886768;117.362362;218.110888;228.5299618;142.5162313;156
2203;17.2;20.14374174;20.14374174;20.14374174;20.14374174;20.9242873;26.29561994;28.06326576;25.19176182;42
2204;14.4;0;0;0;0;0;0;0;0;0
2205;13.2;0;0;0;0;0;0;0;0;0
2206;13.3;0;0;0;0;0;0;0;0;0
2207;12.5;0;0;0;0;0;0;0;0;0
2208;12.7;0;0;0;0;0;0;0;0;0
2209;12.5;0;0;0;0;0;0;0;0;0
2210;11.9;0;0;0;0;0;0;0;0;0
2211;12.1;0;0;0;0;0;0;0;0;0
2212;11.7;0;0;0;0;0;0;0;0;0
2213;11.7;0;0;0;0;0;0;0;0;0
2214;11.2;0;0;0;0;0;0;0;0;0
2215;10.2;3.098337369;6.580487795;7.379239082;5.026693559;1.999638928;1.999638928;1.999638928;1.999638928;14
2216;11.5;38.45615125;341.6783361;469.4277694;344.7198737;40.60684312;38.45615125;38.45615125;38.45615125;128
2217;13.5;63.5415439;437.1001382;739.9128904;646.5164811;211.62126;63.5415439;63.5415439;63.5415439;289
2218;15.5;82.79514067;348.1171727;794.4567652;823.9146298;419.234749;82.79514067;82.79514067;82.79514067;447
2219;16.6;99.80060854;167.4450178;677.9806944;849.8263182;582.3170534;99.80060854;99.80060854;99.80060854;561
2220;17.8;111.4683309;111.4683309;506.6444835;814.4037656;710.3930035;255.540291;111.4683309;111.4683309;656
2221;18.2;116.640408;116.640408;285.2804523;699.9847605;772.9738586;461.4917227;116.640408;116.640408;692
2222;18.7;116.2457953;116.2457953;116.2457953;530.071531;768.6831548;625.1058219;183.4451868;116.2457953;678
2223;19.2;109.4695031;109.4695031;109.4695031;335.5589563;723.8336197;752.2221158;404.0948487;109.4695031;633
2224;19.3;96.7815085;96.7815085;96.7815085;117.0994783;613.1676367;806.7438047;584.4336883;96.7815085;533
2225;19.2;83.32564782;83.32564782;83.32564782;83.32564782;422.5013013;718.797582;642.8430221;239.1307728;389
2226;18.8;64.49999111;64.49999111;64.49999111;64.49999111;222.4002468;526.3669685;559.7782788;303.0622854;233
2227;17;33.48139126;33.48139126;33.48139126;33.48139126;56.32614457;222.8966722;278.5102972;190.5893122;83
2228;15.4;0;0;0;0;0;0;0;0;0
2229;14.5;0;0;0;0;0;0;0;0;0
2230;13.9;0;0;0;0;0;0;0;0;0
2231;12.8;0;0;0;0;0;0;0;0;0
2232;11.6;0;0;0;0;0;0;0;0;0
2233;11.1;0;0;0;0;0;0;0;0;0
2234;10.1;0;0;0;0;0;0;0;0;0
2235;9.5;0;0;0;0;0;0;0;0;0
2236;9.3;0;0;0;0;0;0;0;0;0
2237;8.4;0;0;0;0;0;0;0;0;0
2238;7.8;0;0;0;0;0;0;0;0;0
2239;7.6;4.983632358;12.68263061;14.42488197;9.18979922;2.513827595;2.513827595;2.513827595;2.513827595;17
2240;8.4;40.88156;269.8061646;365.2395676;270.6684488;41.49128702;40.88156;40.88156;40.88156;117
2241;10.3;64.7320272;435.1017188;732.5542994;638.8056502;208.7724584;64.7320272;64.7320272;64.7320272;292
2242;12.1;83.81405996;348.7330196;789.6466084;817.0930632;414.9946228;83.81405996;83.81405996;83.81405996;450
2243;13.7;101.3108337;170.5655916;679.191106;849.3021944;581.2500882;101.3108337;101.3108337;101.3108337;575
2244;15.1;112.8781837;112.8781837;493.9742896;789.6009173;688.8125455;250.6496356;112.8781837;112.8781837;647
2245;16.2;117.6155761;117.6155761;282.1274555;687.4085839;758.912696;454.7536528;117.6155761;117.6155761;689
2246;17.3;116.2031188;116.2031188;116.2031188;541.9784153;789.3024428;642.3340152;187.165244;116.2031188;700
2247;18.3;111.3622854;111.3622854;111.3622854;324.3279586;695.6644846;724.7247069;394.4855414;111.3622854;611
2248;18.1;117.6492175;117.6492175;117.6492175;127.7079838;425.4653056;542.9081376;411.2400618;117.6492175;422
2249;17.2;98.1821872;98.1821872;98.1821872;98.1821872;290.8119134;461.7965566;419.7808338;189.3769854;311
2250;15.3;64.73019551;64.73019551;64.73019551;64.73019551;106.3458925;188.1876931;197.7097659;129.3342099;158
2251;14.3;34.79585356;34.79585356;34.79585356;34.79585356;58.44642518;241.7092814;303.7650578;208.2623222;89
2252;12.6;1.396923826;1.396923826;1.396923826;1.396923826;1.396923826;1.396923826;1.396923826;1.396923826;3
2253;11.8;0;0;0;0;0;0;0;0;0
2254;10.5;0;0;0;0;0;0;0;0;0
2255;9.7;0;0;0;0;0;0;0;0;0
2256;8.6;0;0;0;0;0;0;0;0;0
2257;7.8;0;0;0;0;0;0;0;0;0
2258;7.3;0;0;0;0;0;0;0;0;0
2259;6.7;0;0;0;0;0;0;0;0;0
2260;6.1;0;0;0;0;0;0;0;0;0
2261;5.2;0;0;0;0;0;0;0;0;0
2262;4.7;0;0;0;0;0;0;0;0;0
2263;4.7;9.127884437;25.92658629;29.67606649;18.17993037;3.650171505;3.650171505;3.650171505;3.650171505;22
2264;5.8;37.74201434;446.3119669;615.1305082;445.3060265;37.03070709;37.03070709;37.03070709;37.03070709;150
2265;7.7;62.08742065;492.4370268;834.8604177;724.6038676;226.2541681;62.08742065;62.08742065;62.08742065;317
2266;10.2;83.95826577;369.3332722;839.2352776;866.7062528;435.6540731;83.95826577;83.95826577;83.95826577;481
2267;11.9;101.348041;175.2679306;703.7755947;879.3893681;599.2370842;101.348041;101.348041;101.348041;597
2268;12.7;112.6894615;112.6894615;517.9019829;830.9804026;723.2937308;257.9233592;112.6894615;112.6894615;681
2269;13.2;118.018034;118.018034;291.7036109;720.3349996;796.1372786;474.7065011;118.018034;118.018034;725
2270;14;116.9981608;116.9981608;116.9981608;548.6756301;801.2911814;653.0571619;190.8070497;116.9981608;717
2271;14.8;110.1308435;110.1308435;110.1308435;336.7263293;737.946515;771.400795;417.4921058;110.1308435;658
2272;14.5;98.39897217;98.39897217;98.39897217;111.7926821;614.8006796;815.3075605;595.8591134;98.39897217;556
2273;13.6;82.53260391;82.53260391;82.53260391;82.53260391;437.394358;757.4550491;682.1553254;255.6047437;411
2274;12.8;62.82057765;62.82057765;62.82057765;62.82057765;238.8690418;592.6374687;636.0463464;343.6673431;256
2275;11.6;35.99326776;35.99326776;35.99326776;35.99326776;61.96292683;276.5272953;350.1900927;239.8006513;97
2276;9.9;2.840567417;2.840567417;2.840567417;2.840567417;2.840567417;2.840567417;2.840567417;2.840567417;6
2277;8.9;0;0;0;0;0;0;0;0;0
2278;7.9;0;0;0;0;0;0;0;0;0
2279;7;0;0;0;0;0;0;0;0;0
2280;6;0;0;0;0;0;0;0;0;0
2281;5.3;0;0;0;0;0;0;0;0;0
2282;4.4;0;0;0;0;0;0;0;0;0
2283;3.5;0;0;0;0;0;0;0;0;0
2284;2.3;0;0;0;0;0;0;0;0;0
2285;1.3;0;0;0;0;0;0;0;0;0
2286;0.3;0;0;0;0;0;0;0;0;0
2287;0.1;22.07303978;72.92451932;84.11683459;49.09367909;5.222091046;5.222091046;5.222091046;5.222091046;19
2288;0.9;43.31201171;405.4191637;554.1043595;402.2698279;41.085095;41.085095;41.085095;41.085095;147
2289;2.5;62.90294286;495.3573605;836.2629075;724.1446757;224.6800049;62.90294286;62.90294286;62.90294286;322
2290;4.8;84.80331253;369.0789434;832.1880127;857.489261;430.1615601;84.80331253;84.80331253;84.80331253;483
2291;6.6;102.4475064;179.8855185;719.0987007;897.0859766;609.5848139;102.4475064;102.4475064;102.4475064;614
2292;8.2;114.9547146;114.9547146;532.5390471;853.8653512;742.3478258;263.3119248;114.9547146;114.9547146;706
2293;8.8;119.9085824;119.9085824;296.038687;731.4408393;808.6156892;482.3552565;119.9085824;119.9085824;744
2294;10.2;117.9550471;117.9550471;117.9550471;550.1449426;804.9396254;657.3080594;193.7308137;117.9550471;728
2295;10.8;111.7767616;111.7767616;111.7767616;344.3548998;762.614683;799.6224386;433.6995256;111.7767616;686
2296;10.7;98.33699874;98.33699874;98.33699874;108.7799287;644.3782293;860.1129826;629.6096961;98.33699874;586
2297;10.5;80.81161705;80.81161705;80.81161705;80.81161705;467.9267552;822.705569;742.8929676;275.2420904;444
2298;10.3;59.4889155;59.4889155;59.4889155;59.4889155;265.653715;689.0665633;743.681364;397.5055077;281
2299;9.4;36.2416926;36.2416926;36.2416926;36.2416926;68.68075025;355.5120315;455.3190783;309.6362762;111
2300;8;3.820583743;3.820583743;3.820583743;3.820583743;3.820583743;3.820583743;3.820583743;3.820583743;8
2301;6.9;0;0;0;0;0;0;0;0;0
2302;5.8;0;0;0;0;0;0;0;0;0
2303;4.6;0;0;0;0;0;0;0;0;0
2304;3;0;0;0;0;0;0;0;0;0
2305;2.9;0;0;0;0;0;0;0;0;0
2306;2.2;0;0;0;0;0;0;0;0;0
2307;1.8;0;0;0;0;0;0;0;0;0
2308;-0.1;0;0;0;0;0;0;0;0;0
2309;0;0;0;0;0;0;0;0;0;0
2310;-0.8;0;0;0;0;0;0;0;0;0
2311;1.5;29.77442194;102.8047445;118.6514403;68.03172974;5.186187397;5.186187397;5.186187397;5.186187397;28
2312;4.2;43.57924391;448.3937674;613.5666675;442.3418995;39.29992707;39.29992707;39.29992707;39.29992707;158
2313;6.2;64.03056309;493.466485;828.8448434;716.2053691;221.5307385;64.03056309;64.03056309;64.03056309;325
2314;7.7;85.62895284;369.6838019;827.5076426;850.7490085;425.7934226;85.62895284;85.62895284;85.62895284;486
2315;9;103.0444109;177.7630727;684.655042;850.8473916;578.9868971;103.0444109;103.0444109;103.0444109;594
2316;10.4;114.7091332;114.7091332;525.8866503;840.9745941;730.6260808;259.4817729;114.7091332;114.7091332;703
2317;11.3;119.7869806;119.7869806;292.8241905;721.2787172;797.3875422;476.5671481;119.7869806;119.7869806;742
2318;12.7;118.5813073;118.5813073;118.5813073;546.9059014;801.2965289;655.7618389;195.5540789;118.5813073;733
2319;12.4;115.0291231;115.0291231;115.0291231;309.9547168;666.0465641;699.3598676;390.3801458;115.0291231;611
2320;12.9;99.86306407;99.86306407;99.86306407;106.053075;605.3942848;808.6021617;596.6402874;99.86306407;564
2321;12.6;82.19188388;82.19188388;82.19188388;82.19188388;446.6720801;786.0931619;713.1784215;270.6403251;431
2322;11.4;63.77386571;63.77386571;63.77386571;63.77386571;240.5918213;611.8125598;661.9996641;361.754209;269
2323;10;38.13362884;38.13362884;38.13362884;38.13362884;63.57729677;305.3560119;390.5994792;269.3732317;108
2324;8.5;2.828868193;2.828868193;2.828868193;2.828868193;2.828868193;2.828868193;2.828868193;2.828868193;6
2325;7.2;0;0;0;0;0;0;0;0;0
2326;7.2;0;0;0;0;0;0;0;0;0
2327;6.4;0;0;0;0;0;0;0;0;0
2328;5.3;0;0;0;0;0;0;0;0;0
2329;4.8;0;0;0;0;0;0;0;0;0
2330;4;0;0;0;0;0;0;0;0;0
2331;3.5;0;0;0;0;0;0;0;0;0
2332;3;0;0;0;0;0;0;0;0;0
2333;1.9;0;0;0;0;0;0;0;0;0
2334;1;0;0;0;0;0;0;0;0;0
2335;1.7;29.9314276;99.50258446;114.3817239;65.85284788;6.137470684;6.137470684;6.137470684;6.137470684;33
2336;4.3;46.46622957;442.182524;602.6153168;433.7852539;40.52846294;40.52846294;40.52846294;40.52846294;161
2337;8.3;64.32376468;503.6992543;843.6421075;727.0708449;222.2713312;64.32376468;64.32376468;64.32376468;333
2338;10.3;86.45602126;370.3166961;822.9569774;844.1649873;421.5173612;86.45602126;86.45602126;86.45602126;489
2339;11.7;103.3788613;181.9151231;701.1813321;870.2629612;590.1142855;103.3788613;103.3788613;103.3788613;611
2340;12.6;114.9555995;114.9555995;521.4971154;831.7202712;722.0724034;256.7837458;114.9555995;114.9555995;703
2341;13.1;120.0051327;120.0051327;290.4484179;713.1371684;788.3772166;472.0939628;120.0051327;120.0051327;742
2342;13.6;118.576246;118.576246;118.576246;529.1222973;774.7609432;636.0154929;194.1611495;118.576246;719
2343;13.4;112.0937258;112.0937258;112.0937258;330.9911804;737.2642082;777.3208463;427.6964592;112.0937258;681
2344;13.9;100.2536114;100.2536114;100.2536114;102.9344812;606.2522126;813.162826;602.4608902;100.2536114;572
2345;13.3;97.46731637;97.46731637;97.46731637;97.46731637;334.5248619;558.8443011;512.8953601;223.5943052;358
2346;12.6;67.82042001;67.82042001;67.82042001;67.82042001;223.9812148;559.1994736;606.5745471;338.3547597;261
2347;11.4;39.48671821;39.48671821;39.48671821;39.48671821;60.86658156;280.2402665;358.583788;250.0045738;108
2348;9.6;3.801688023;3.801688023;3.801688023;3.801688023;3.801688023;3.801688023;3.801688023;3.801688023;8
2349;9.1;0;0;0;0;0;0;0;0;0
2350;8.4;0;0;0;0;0;0;0;0;0
2351;7.7;0;0;0;0;0;0;0;0;0
2352;6.2;0;0;0;0;0;0;0;0;0
2353;3.4;0;0;0;0;0;0;0;0;0
2354;2.9;0;0;0;0;0;0;0;0;0
2355;2;0;0;0;0;0;0;0;0;0
2356;1.1;0;0;0;0;0;0;0;0;0
2357;0.4;0;0;0;0;0;0;0;0;0
2358;-0.8;0;0;0;0;0;0;0;0;0
2359;1.2;44.349191;150.3768687;172.7213606;98.29356621;7.520734605;7.520734605;7.520734605;7.520734605;36
2360;5.3;49.29763525;517.1645793;705.6300317;504.2934864;40.19639819;40.19639819;40.19639819;40.19639819;175
2361;5.9;74.89630781;182.5044846;264.9825764;236.11071;112.8016333;74.89630781;74.89630781;74.89630781;194
2362;7.5;104.3068995;175.1544997;286.9239684;291.7188347;186.7303312;104.3068995;104.3068995;104.3068995;278
2363;8.3;115.8669722;128.8655631;212.655877;239.7485631;194.2730934;115.8669722;115.8669722;115.8669722;283
2364;9.3;141.013237;141.013237;267.2057858;363.0872125;328.8807162;184.6239985;141.013237;141.013237;400
2365;9.4;136.5214636;136.5214636;164.7456477;234.8428802;247.3447604;194.9278564;136.5214636;136.5214636;339
2366;8.9;103.7600445;103.7600445;103.7600445;110.9641761;115.3064241;112.8849596;105.1182436;103.7600445;214
2367;9.7;121.3511311;121.3511311;121.3511311;134.7894982;160.1334236;162.7592081;141.1287026;121.3511311;269
2368;10.1;126.2042272;126.2042272;126.2042272;126.2042272;325.8496812;408.8873251;326.333044;126.5460163;383
2369;9.5;59.88760834;59.88760834;59.88760834;59.88760834;61.90014674;63.83525091;63.45787959;60.98909179;122
2370;7.8;36.29711512;36.29711512;36.29711512;36.29711512;37.23994133;39.30975037;39.61479853;37.97639275;75
2371;7.5;17.1583387;17.1583387;17.1583387;17.1583387;17.35369252;19.52994087;20.31693684;19.25366886;36
2372;6.5;0;0;0;0;0;0;0;0;0
2373;6.1;0;0;0;0;0;0;0;0;0
2374;5.9;0;0;0;0;0;0;0;0;0
2375;5.1;0;0;0;0;0;0;0;0;0
2376;5.1;0;0;0;0;0;0;0;0;0
2377;4.5;0;0;0;0;0;0;0;0;0
2378;4.1;0;0;0;0;0;0;0;0;0
2379;3.5;0;0;0;0;0;0;0;0;0
2380;2.9;0;0;0;0;0;0;0;0;0
2381;2.4;0;0;0;0;0;0;0;0;0
2382;1.9;0;0;0;0;0;0;0;0;0
2383;2;42.69934584;133.9635009;152.9104437;88.44131231;10.51029761;10.51029761;10.51029761;10.51029761;31
2384;3.3;54.08121405;306.9585651;408.1613482;298.4063456;48.03388158;48.03388158;48.03388158;48.03388158;142
2385;5.7;76.19375166;391.8535184;631.5297739;545.8977193;185.1194507;76.19375166;76.19375166;76.19375166;294
2386;7.6;97.79763564;319.0743946;664.4418293;677.8767804;351.5092358;97.79763564;97.79763564;97.79763564;428
2387;9.1;111.8755689;177.3916073;589.2601408;721.4832666;496.6064708;111.8755689;111.8755689;111.8755689;539
2388;11;115.6598045;115.6598045;493.4371627;779.2165091;676.2933373;244.9586455;115.6598045;115.6598045;667
2389;11.3;124.7914091;124.7914091;268.7582266;626.8047926;690.778727;423.2049667;124.7914091;124.7914091;667
2390;11.8;143.5568834;143.5568834;143.5568834;380.233329;523.9392785;444.8223799;189.2282394;143.5568834;539
2391;10.8;130.0154442;130.0154442;130.0154442;165.1514254;232.4945522;239.8068074;182.8047711;130.0154442;322
2392;10.6;126.4479649;126.4479649;126.4479649;126.4479649;305.6997152;381.5226586;307.9263059;128.0224023;369
2393;10.6;100.0525013;100.0525013;100.0525013;100.0525013;321.1450198;537.1570407;497.1191505;224.4850024;358
2394;10.1;72.4210909;72.4210909;72.4210909;72.4210909;122.4687418;234.8562878;252.0914984;164.0782211;181
2395;9.6;40.17067646;40.17067646;40.17067646;40.17067646;51.36431483;187.605971;237.4820313;171.7757759;100
2396;8.3;7.406452027;2.220440559;2.220440559;2.220440559;2.220440559;22.92476504;36.6867885;30.25889279;8
2397;7.8;0;0;0;0;0;0;0;0;0
2398;7;0;0;0;0;0;0;0;0;0
2399;6.2;0;0;0;0;0;0;0;0;0
2400;5.3;0;0;0;0;0;0;0;0;0
2401;4.8;0;0;0;0;0;0;0;0;0
2402;4.1;0;0;0;0;0;0;0;0;0
2403;4.1;0;0;0;0;0;0;0;0;0
2404;3.4;0;0;0;0;0;0;0;0;0
2405;3;0;0;0;0;0;0;0;0;0
2406;3.4;0;0;0;0;0;0;0;0;0
2407;4.6;16.96150753;43.33314734;48.72507526;29.97877304;7.518538908;7.518538908;7.518538908;7.518538908;17
2408;5.9;36.86431736;107.5135226;135.6024521;104.6769921;34.8585874;34.8585874;34.8585874;34.8585874;83
2409;7.9;81.45339722;334.011259;523.9737169;454.7137732;166.8029635;81.45339722;81.45339722;81.45339722;272
2410;9.8;94.87673469;328.2965261;688.732008;701.2951249;358.6265733;94.87673469;94.87673469;94.87673469;444
2411;10.3;116.550162;180.5806443;573.2610797;698.4064536;482.7083032;116.550162;116.550162;116.550162;528
2412;11.1;141.9504915;141.9504915;264.6066723;356.9784495;323.3897653;183.5164152;141.9504915;141.9504915;400
2413;12;148.7134349;148.7134349;187.7605608;284.9946607;302.3970667;229.7736855;148.7134349;148.7134349;400
2414;11.4;117.6388656;117.6388656;117.6388656;132.0356253;140.8411815;136.0551357;120.4810887;117.6388656;250
2415;12;125.4291263;125.4291263;125.4291263;140.0164757;168.4344224;171.66045;147.8047951;125.4291263;281
2416;12;111.9582065;111.9582065;111.9582065;111.9582065;182.8654379;213.3645495;184.4612007;113.0865812;267
2417;11.9;93.53029506;93.53029506;93.53029506;93.53029506;145.7438567;197.5791302;188.4640072;123.7380032;222
2418;11.7;70.22752617;70.22752617;70.22752617;70.22752617;103.6659834;180.4921439;192.7267868;133.2030242;169
2419;10.6;36.8433761;36.8433761;36.8433761;36.8433761;41.3492002;101.7150451;124.079946;95.3428475;83
2420;8.8;9.554601448;3.24406979;3.24406979;3.24406979;3.24406979;27.47764172;43.82604753;36.40208117;6
2421;6.7;0;0;0;0;0;0;0;0;0
2422;7.6;0;0;0;0;0;0;0;0;0
2423;6.2;0;0;0;0;0;0;0;0;0
2424;4.8;0;0;0;0;0;0;0;0;0
2425;1.9;0;0;0;0;0;0;0;0;0
2426;2.2;0;0;0;0;0;0;0;0;0
2427;0.8;0;0;0;0;0;0;0;0;0
2428;0.8;0;0;0;0;0;0;0;0;0
2429;1;0;0;0;0;0;0;0;0;0
2430;1.3;0;0;0;0;0;0;0;0;0
2431;3.4;44.67223781;135.4359476;153.7069653;88.78237676;11.68318154;11.68318154;11.68318154;11.68318154;33
2432;5.6;58.02984685;288.8408485;380.0002313;278.1080651;50.44062296;50.44062296;50.44062296;50.44062296;144
2433;8.6;79.62694313;372.0544406;589.9329435;508.8811123;176.3780105;79.62694313;79.62694313;79.62694313;292
2434;9.8;98.07216266;328.6499213;680.8972065;691.7334856;354.8110131;98.07216266;98.07216266;98.07216266;442
2435;10.7;119.4060548;181.4781346;552.9375809;670.4401389;465.1544038;119.4060548;119.4060548;119.4060548;519
2436;10.8;136.5150518;136.5150518;383.1566573;568.0537809;500.1613696;219.2498773;136.5150518;136.5150518;539
2437;11.4;148.4448408;148.4448408;198.3784777;322.8659907;345.1799597;252.2491642;148.4448408;148.4448408;419
2438;12.6;136.2190366;136.2190366;136.2190366;424.4790121;602.074286;506.7778728;194.413119;136.2190366;600
2439;12.1;143.9851341;143.9851341;143.9851341;223.7864957;381.8241343;400.5389123;268.9679665;143.9851341;447
2440;11.8;128.6926582;128.6926582;128.6926582;128.6926582;330.0070291;418.044377;336.5834123;133.3428634;397
2441;11.1;100.3364689;100.3364689;100.3364689;100.3364689;331.0897992;563.8563455;525.0992346;237.5218563;375
2442;10.1;74.7871056;74.7871056;74.7871056;74.7871056;195.9135068;480.701886;527.710892;309.4032866;258
2443;9;34.73361882;34.73361882;34.73361882;34.73361882;37.49750223;78.6185688;94.03242685;74.70984739;75
2444;8.6;15.68438247;4.026630661;4.026630661;4.026630661;4.026630661;47.14331561;76.66058309;63.62986633;22
2445;8.5;0;0;0;0;0;0;0;0;0
2446;8;0;0;0;0;0;0;0;0;0
2447;7.7;0;0;0;0;0;0;0;0;0
2448;7.6;0;0;0;0;0;0;0;0;0
2449;7.5;0;0;0;0;0;0;0;0;0
2450;7.5;0;0;0;0;0;0;0;0;0
2451;7.5;0;0;0;0;0;0;0;0;0
2452;7.4;0;0;0;0;0;0;0;0;0
2453;7.3;0;0;0;0;0;0;0;0;0
2454;7.3;0;0;0;0;0;0;0;0;0
2455;7.7;59.9553314;186.6608906;211.7658928;120.5641682;13.2178908;13.2178908;13.2178908;13.2178908;39
2456;8.1;50.93314265;184.9035143;237.4618398;177.8201648;45.92445817;45.92445817;45.92445817;45.92445817;117
2457;8.5;79.82474425;196.7475091;283.0398605;250.2915529;117.6861007;79.82474425;79.82474425;79.82474425;211
2458;8.3;89.3341083;112.1465902;146.6243256;147.5422287;114.3626043;89.3341083;89.3341083;89.3341083;203
2459;9;108.9427551;114.8655979;149.4613501;160.3218589;141.0851855;108.9427551;108.9427551;108.9427551;244
2460;10;138.5291355;138.5291355;217.3226325;276.1156033;254.3122873;164.6847713;138.5291355;138.5291355;356
2461;9.2;138.6073737;138.6073737;165.7723927;233.5665438;245.7349009;195.1494055;138.6073737;138.6073737;344
2462;9.9;149.1890676;149.1890676;149.1890676;242.2603286;300.0163734;269.419828;168.3937338;149.1890676;400
2463;10.1;140.5512323;140.5512323;140.5512323;185.0561898;274.6645859;285.7111983;211.7250713;140.5512323;372
2464;9.4;106.4934008;106.4934008;106.4934008;106.4934008;132.8077634;144.5058529;133.9367636;107.2917245;233
2465;9.4;94.07478223;94.07478223;94.07478223;94.07478223;143.1715906;193.4922624;185.5755227;124.0588902;222
2466;8;62.90609662;62.90609662;62.90609662;62.90609662;74.15770137;101.2353005;105.8601719;85.32312848;139
2467;6.8;21.09132513;21.09132513;21.09132513;21.09132513;21.24711998;23.84908137;24.83558655;23.62875417;44
2468;6.3;3.798907379;3.156116083;3.156116083;3.156116083;3.156116083;5.448587782;7.040951948;6.357631951;6
2469;5.7;0;0;0;0;0;0;0;0;0
2470;4.1;0;0;0;0;0;0;0;0;0
2471;3.2;0;0;0;0;0;0;0;0;0
2472;2.2;0;0;0;0;0;0;0;0;0
2473;1.3;0;0;0;0;0;0;0;0;0
2474;1.7;0;0;0;0;0;0;0;0;0
2475;2.7;0;0;0;0;0;0;0;0;0
2476;0.8;0;0;0;0;0;0;0;0;0
2477;2.1;0;0;0;0;0;0;0;0;0
2478;2.9;0;0;0;0;0;0;0;0;0
2479;4.3;1.429814917;1.519552093;1.537047194;1.472051827;1.396227157;1.396227157;1.396227157;1.396227157;3
2480;5.2;25.73740176;32.67842677;35.38309849;32.2670569;25.44651933;25.44651933;25.44651933;25.44651933;53
2481;5.4;34.96392146;36.28390467;37.24885756;36.87532587;35.3821194;34.96392146;34.96392146;34.96392146;72
2482;6.6;58.54223366;59.71996418;61.48089877;61.5204032;59.8153363;58.54223366;58.54223366;58.54223366;119
2483;8.6;124.8606113;141.9645899;239.5031616;269.8856822;215.3144832;124.8606113;124.8606113;124.8606113;317
2484;9.6;145.2375254;145.2375254;274.324463;370.1859415;334.2756886;187.6294436;145.2375254;145.2375254;419
2485;10.5;148.5858495;148.5858495;231.8817019;439.9460724;477.3355757;322.1479481;148.5858495;148.5858495;525
2486;10;149.5650098;149.5650098;149.5650098;240.7916856;297.8101259;267.9885878;168.7961238;149.5650098;400
2487;10.4;144.3822004;144.3822004;144.3822004;212.9943904;353.4648708;371.4575585;256.4325812;144.3822004;428
2488;10.5;102.0841911;102.0841911;102.0841911;102.0841911;121.6221273;130.4501497;122.6617782;102.8193353;219
2489;10.3;107.0047222;107.0047222;107.0047222;107.0047222;223.080933;343.9582423;326.0313931;179.8016906;300
2490;9.4;63.14795418;63.14795418;63.14795418;63.14795418;73.62631575;99.44252391;103.9978654;84.62388287;139
2491;7.9;37.1353618;37.1353618;37.1353618;37.1353618;39.53334238;85.09517758;102.5628031;81.70392092;81
2492;7.4;5.053782516;4.192600662;4.192600662;4.192600662;4.192600662;7.157629161;9.246966032;8.375524219;8
2493;7.2;0;0;0;0;0;0;0;0;0
2494;6.7;0;0;0;0;0;0;0;0;0
2495;6.4;0;0;0;0;0;0;0;0;0
2496;6.5;0;0;0;0;0;0;0;0;0
2497;6.7;0;0;0;0;0;0;0;0;0
2498;6.8;0;0;0;0;0;0;0;0;0
2499;6.7;0;0;0;0;0;0;0;0;0
2500;6.6;0;0;0;0;0;0;0;0;0
2501;6.6;0;0;0;0;0;0;0;0;0
2502;6.3;0;0;0;0;0;0;0;0;0
2503;6.4;1.423373909;1.500560932;1.515363185;1.45910971;1.394063469;1.394063469;1.394063469;1.394063469;3
2504;6.5;6.559328046;6.732416238;6.799402587;6.721047397;6.551289061;6.551289061;6.551289061;6.551289061;14
2505;6.5;15.61844621;15.88981461;16.08630831;16.00873473;15.70253543;15.61844621;15.61844621;15.61844621;33
2506;6.7;32.20168421;32.57038936;33.1157734;33.12569639;32.59434558;32.20168421;32.20168421;32.20168421;67
2507;7.4;65.400604;65.69328043;67.32316874;67.82684469;66.90926176;65.400604;65.400604;65.400604;133
2508;7.3;82.8196194;82.8196194;84.40127608;85.5701154;85.12775146;83.33331507;82.8196194;82.8196194;167
2509;7.1;61.2070516;61.2070516;61.53223832;62.34513956;62.4913643;61.88525608;61.2070516;61.2070516;125
2510;7.4;55.64173105;55.64173105;55.64173105;56.31376747;56.73679815;56.51835338;55.78639513;55.64173105;114
2511;7.2;54.104119;54.104119;54.104119;54.46182494;55.20656357;55.30550513;54.70069099;54.104119;111
2512;7.6;26.79100357;26.79100357;26.79100357;26.79100357;27.1000103;27.24189854;27.11965862;26.80489703;56
2513;7.5;19.94964624;19.94964624;19.94964624;19.94964624;20.14702514;20.35585671;20.3267357;20.0767208;42
2514;7.3;10.33129427;10.33129427;10.33129427;10.33129427;10.39162294;10.54382367;10.57152757;10.45850605;22
2515;7.2;2.779440991;2.779440991;2.779440991;2.779440991;2.78143213;2.825211623;2.842179301;2.822395728;6
2516;7.2;0;0;0;0;0;0;0;0;0
2517;7;0;0;0;0;0;0;0;0;0
2518;7;0;0;0;0;0;0;0;0;0
2519;7.2;0;0;0;0;0;0;0;0;0
2520;7.3;0;0;0;0;0;0;0;0;0
2521;7.5;0;0;0;0;0;0;0;0;0
2522;7.5;0;0;0;0;0;0;0;0;0
2523;7.4;0;0;0;0;0;0;0;0;0
2524;7.3;0;0;0;0;0;0;0;0;0
2525;6.9;0;0;0;0;0;0;0;0;0
2526;6.6;0;0;0;0;0;0;0;0;0
2527;7.6;46.17914577;128.0750638;143.5183535;83.46254516;14.63333128;14.63333128;14.63333128;14.63333128;36
2528;7.7;38.814135;82.613051;99.44674026;79.45425591;36.58052957;36.58052957;36.58052957;36.58052957;83
2529;7.7;30.89464977;31.89406522;32.61082561;32.32227347;31.19743872;30.89464977;30.89464977;30.89464977;64
2530;8.5;41.68140552;42.28153451;43.15972425;43.17193493;42.3110137;41.68140552;41.68140552;41.68140552;86
2531;8.8;75.73977896;76.12871104;78.24431509;78.89279584;77.69428206;75.73977896;75.73977896;75.73977896;153
2532;9.3;108.3811373;108.3811373;119.3519532;127.4190028;124.3339289;111.9039261;108.3811373;108.3811373;228
2533;9.4;70.89358183;70.89358183;71.31734001;72.37729714;72.56811396;71.77801257;70.89358183;70.89358183;144
2534;9.5;61.20484157;61.20484157;61.20484157;61.99623029;62.49790883;62.2421261;61.37871617;61.20484157;125
2535;9.4;52.59780696;52.59780696;52.59780696;52.92605506;53.62111351;53.71673286;53.1569006;52.59780696;108
2536;9.8;79.72975409;79.72975409;79.72975409;79.72975409;82.22519209;83.38944782;82.4099046;79.86036556;161
2537;9.8;40.08961983;40.08961983;40.08961983;40.08961983;40.83733446;41.64106106;41.53597443;40.5836329;83
2538;9.1;20.91727741;20.91727741;20.91727741;20.91727741;21.14727069;21.74155173;21.85298406;21.41629212;44
2539;8.7;5.119312357;5.119312357;5.119312357;5.119312357;5.124704443;5.265026021;5.319990511;5.25740046;11
2540;8.4;0;0;0;0;0;0;0;0;0
2541;8.2;0;0;0;0;0;0;0;0;0
2542;8;0;0;0;0;0;0;0;0;0
2543;7.9;0;0;0;0;0;0;0;0;0
2544;7.7;0;0;0;0;0;0;0;0;0
2545;7.7;0;0;0;0;0;0;0;0;0
2546;7.8;0;0;0;0;0;0;0;0;0
2547;7.7;0;0;0;0;0;0;0;0;0
2548;7.6;0;0;0;0;0;0;0;0;0
2549;7.5;0;0;0;0;0;0;0;0;0
2550;7.4;0;0;0;0;0;0;0;0;0
2551;7.7;2.913158202;3.149134413;3.192875403;3.018758293;2.820968364;2.820968364;2.820968364;2.820968364;6
2552;8.1;18.83839285;20.07134908;20.54192462;19.97446269;18.76988382;18.76988382;18.76988382;18.76988382;39
2553;8.5;37.96211291;39.41640812;40.44942154;40.0254033;38.39273754;37.96211291;37.96211291;37.96211291;78
2554;9.2;67.54948498;70.89663305;75.74207864;75.78841398;71.00849645;67.54948498;67.54948498;67.54948498;139
2555;9;70.02325002;70.3596707;72.14751447;72.69099293;71.67174377;70.02325002;70.02325002;70.02325002;142
2556;9.2;47.09549518;47.09549518;47.61342031;47.99232238;47.84587523;47.25986563;47.09549518;47.09549518;97
2557;9.8;47.12276495;47.12276495;47.31163402;47.78427025;47.86940565;47.51716906;47.12276495;47.12276495;97
2558;10.6;132.8798363;132.8798363;132.8798363;155.345655;169.6867612;162.46687;137.9152957;132.8798363;292
2559;9.6;58.14626066;58.14626066;58.14626066;58.53259189;59.36467074;59.48302149;58.81831588;58.14626066;119
2560;10;69.89712767;69.89712767;69.89712767;69.89712767;71.79420447;72.69336541;71.9545282;70.01049367;142
2561;11.3;109.9699852;109.9699852;109.9699852;109.9699852;230.3703856;361.84992;345.7816048;191.5780409;317
2562;10.5;80.04875152;80.04875152;80.04875152;80.04875152;129.4888638;260.3554985;285.6008862;190.4366212;208
2563;9.8;41.24714712;41.24714712;41.24714712;41.24714712;43.0019571;98.76438197;120.8339907;96.2827059;92
2564;7.7;9.149621411;7.180328368;7.180328368;7.180328368;7.180328368;13.31913573;17.83120604;16.10413666;14
2565;6.8;0;0;0;0;0;0;0;0;0
2566;6;0;0;0;0;0;0;0;0;0
2567;4.2;0;0;0;0;0;0;0;0;0
2568;5.2;0;0;0;0;0;0;0;0;0
2569;3.2;0;0;0;0;0;0;0;0;0
2570;2.9;0;0;0;0;0;0;0;0;0
2571;3;0;0;0;0;0;0;0;0;0
2572;3.5;0;0;0;0;0;0;0;0;0
2573;3.4;0;0;0;0;0;0;0;0;0
2574;4.1;0;0;0;0;0;0;0;0;0
2575;5.1;54.13380541;147.9363163;165.0215364;95.3811754;16.97170887;16.97170887;16.97170887;16.97170887;42
2576;7;42.99495165;95.00922181;114.7215594;90.5847444;39.86637367;39.86637367;39.86637367;39.86637367;92
2577;9.3;78.2736797;156.7355508;211.9336764;188.8355887;100.9718341;78.2736797;78.2736797;78.2736797;189
2578;11;85.35025191;99.49725909;119.7569544;119.86167;99.75006499;85.35025191;85.35025191;85.35025191;186
2579;11.1;100.2529816;103.6031778;121.0010291;126.2449556;116.2631361;100.2529816;100.2529816;100.2529816;214
2580;12.1;112.7576908;112.7576908;125.556807;134.8716122;131.2323822;116.7709285;112.7576908;112.7576908;239
2581;11.7;86.89683902;86.89683902;87.50087825;89.01288704;89.2853436;88.15864656;86.89683902;86.89683902;175
2582;11.9;111.6155852;111.6155852;111.6155852;119.338447;124.3024112;121.8346049;113.3806354;111.6155852;231
2583;12.8;138.1641083;138.1641083;138.1641083;171.5935854;244.8356562;255.5909809;197.5592363;138.1641083;350
2584;12.6;115.4905964;115.4905964;115.4905964;115.4905964;180.8959651;212.3838113;187.1129263;119.8866518;275
2585;12.4;108.0378672;108.0378672;108.0378672;108.0378672;299.3628639;511.6081108;487.4473823;241.0337056;378
2586;11.9;82.00558638;82.00558638;82.00558638;82.00558638;137.3035139;287.2786161;317.0075615;209.0755371;222
2587;10.4;42.48294339;42.48294339;42.48294339;42.48294339;54.30562572;534.6923053;726.7494162;517.9725076;186
2588;8.1;22.36876837;10.86506268;10.86506268;10.86506268;10.86506268;45.62417501;71.52557645;61.89287161;22
2589;5.6;0;0;0;0;0;0;0;0;0
2590;4.1;0;0;0;0;0;0;0;0;0
2591;3.5;0;0;0;0;0;0;0;0;0
2592;2.5;0;0;0;0;0;0;0;0;0
2593;2.8;0;0;0;0;0;0;0;0;0
2594;1.5;0;0;0;0;0;0;0;0;0
2595;1.9;0;0;0;0;0;0;0;0;0
2596;0.9;0;0;0;0;0;0;0;0;0
2597;0.6;0;0;0;0;0;0;0;0;0
2598;0.7;0;0;0;0;0;0;0;0;0
2599;3.4;66.66010392;181.1028093;201.5774722;116.0903127;20.68932666;20.68932666;20.68932666;20.68932666;53
2600;7.9;77.24669261;412.5268278;538.6878357;381.8263089;55.53814752;55.53814752;55.53814752;55.53814752;192
2601;10.5;78.07044505;456.1480598;719.5662629;607.2049162;184.8837726;78.07044505;78.07044505;78.07044505;350
2602;11.2;100.7726805;340.929137;681.1545514;681.4001371;341.5220334;100.7726805;100.7726805;100.7726805;472
2603;12.6;128.2323966;190.1589092;504.4772452;598.3964516;416.8999312;128.2323966;128.2323966;128.2323966;511
2604;11.7;103.4177442;103.4177442;110.6801486;115.9373714;113.8607664;105.6667806;103.4177442;103.4177442;214
2605;12.3;122.797905;122.797905;128.4263434;142.5167467;145.05612;134.5569329;122.797905;122.797905;261
2606;12;140.0924587;140.0924587;140.0924587;407.9355006;581.2692398;496.167604;202.4819774;140.0924587;619
2607;10.8;120.0864507;120.0864507;120.0864507;127.614889;144.3951814;146.935749;133.7483618;120.0864507;258
2608;12;132.6147492;132.6147492;132.6147492;132.6147492;291.6546622;369.4112507;308.4556602;144.4948489;383
2609;12.9;92.18163047;92.18163047;92.18163047;92.18163047;462.302703;879.3851069;835.3343907;355.9548665;550
2610;12.2;76.73788866;76.73788866;76.73788866;76.73788866;204.5045295;559.624933;631.876655;378.9356167;306
2611;11.7;45.37531234;45.37531234;45.37531234;45.37531234;53.00305407;480.2784163;652.7934386;469.4911605;181
2612;8.5;13.04217933;9.558968071;9.558968071;9.558968071;9.558968071;19.76977313;27.48243832;24.69577772;19
2613;8.4;0;0;0;0;0;0;0;0;0
2614;6.3;0;0;0;0;0;0;0;0;0
2615;3.9;0;0;0;0;0;0;0;0;0
2616;2.9;0;0;0;0;0;0;0;0;0
2617;2.6;0;0;0;0;0;0;0;0;0
2618;1;0;0;0;0;0;0;0;0;0
2619;1.2;0;0;0;0;0;0;0;0;0
2620;2.3;0;0;0;0;0;0;0;0;0
2621;3.5;0;0;0;0;0;0;0;0;0
2622;4.4;0;0;0;0;0;0;0;0;0
2623;6.2;31.29282774;71.44372017;78.4967684;48.32039244;14.94216591;14.94216591;14.94216591;14.94216591;33
2624;8.9;77.03261718;341.6340305;440.4844686;315.6786857;58.67941686;58.67941686;58.67941686;58.67941686;178
2625;10.7;78.11006084;468.011661;737.0449334;620.0830942;185.6408024;78.11006084;78.11006084;78.11006084;358
2626;11.8;100.2684154;349.7720585;699.4339896;698.1128534;346.5825536;100.2684154;100.2684154;100.2684154;483
2627;10.7;118.4486978;132.2221962;200.5648332;220.8049518;181.086165;118.4486978;118.4486978;118.4486978;283
2628;11.1;126.3374403;126.3374403;148.8012327;164.9741494;158.5142059;133.2055495;126.3374403;126.3374403;278
2629;11;99.05694156;99.05694156;100.2172618;103.1218166;103.6452227;101.4808759;99.05694156;99.05694156;200
2630;11.2;102.5288519;102.5288519;102.5288519;106.2507845;108.6756246;107.4997686;103.4120171;102.5288519;208
2631;11.8;114.6357696;114.6357696;114.6357696;120.0886825;132.4544264;134.3822428;124.7428431;114.6357696;242
2632;12.2;125.2386749;125.2386749;125.2386749;125.2386749;209.8154589;251.8016585;219.6489788;132.1920235;314
2633;12.8;111.1995269;111.1995269;111.1995269;111.1995269;276.2055789;465.0755545;446.6497525;231.7217579;364
2634;11.9;85.13232016;85.13232016;85.13232016;85.13232016;160.083346;373.6184943;418.1623543;267.6217371;253
2635;11.1;48.39399748;48.39399748;48.39399748;48.39399748;49.59068465;156.4897623;200.067807;154.7973911;114
2636;9.4;15.64459102;10.92386657;10.92386657;10.92386657;10.92386657;24.36124051;34.6479075;31.03735306;22
2637;6.4;0;0;0;0;0;0;0;0;0
2638;4.7;0;0;0;0;0;0;0;0;0
2639;3.8;0;0;0;0;0;0;0;0;0
2640;2.9;0;0;0;0;0;0;0;0;0
2641;2.3;0;0;0;0;0;0;0;0;0
2642;1.8;0;0;0;0;0;0;0;0;0
2643;1.3;0;0;0;0;0;0;0;0;0
2644;0.7;0;0;0;0;0;0;0;0;0
2645;0.9;0;0;0;0;0;0;0;0;0
2646;1;1.459195759;1.459195759;1.459195759;1.459195759;1.459195759;1.459195759;1.459195759;1.459195759;3
2647;3.2;119.3177335;357.5553836;398.6295715;218.479595;20.9763003;20.9763003;20.9763003;20.9763003;75
2648;6.2;76.24901709;295.7350438;377.136002;272.7683145;60.00908705;60.00908705;60.00908705;60.00908705;169
2649;8.9;90.09542263;261.2085692;378.1336674;326.3298683;136.1431348;90.09542263;90.09542263;90.09542263;258
2650;12.2;98.31989899;366.4079488;738.0655723;734.9688569;358.9318163;98.31989899;98.31989899;98.31989899;503
2651;13.4;111.0362557;209.4316854;686.8084144;826.9056216;547.6562631;111.0362557;111.0362557;111.0362557;664
2652;14.3;139.0007391;139.0007391;398.5721526;584.4114459;509.335188;217.3220325;139.0007391;139.0007391;586
2653;14.9;125.9669764;125.9669764;276.9616938;654.8348783;722.9044186;441.296101;125.9669764;125.9669764;781
2654;16;125.2260174;125.2260174;125.2260174;479.505167;711.8476957;600.5552012;210.8213174;125.2260174;761
2655;16.5;119.1137901;119.1137901;119.1137901;283.942071;664.2628019;725.2426353;431.1604116;119.1137901;717
2656;16.7;108.0727686;108.0727686;108.0727686;108.0727686;547.1678279;768.4566292;602.9015215;147.4824413;608
2657;16.5;97.21419288;97.21419288;97.21419288;97.21419288;364.4041723;675.030872;647.1803976;297.1671794;456
2658;16.4;79.97421834;79.97421834;79.97421834;79.97421834;110.1426837;198.2603699;217.0876327;155.5957169;197
2659;15.2;52.54908715;52.54908715;52.54908715;52.54908715;53.85527622;335.3917117;451.2427737;333.5444814;161
2660;10.9;12.21628815;9.662928724;9.662928724;9.662928724;9.662928724;16.72619013;22.20524823;20.33718566;19
2661;9.9;0;0;0;0;0;0;0;0;0
2662;7.8;0;0;0;0;0;0;0;0;0
2663;7.4;0;0;0;0;0;0;0;0;0
2664;5.4;0;0;0;0;0;0;0;0;0
2665;4.6;0;0;0;0;0;0;0;0;0
2666;4.8;0;0;0;0;0;0;0;0;0
2667;5.5;0;0;0;0;0;0;0;0;0
2668;6.8;0;0;0;0;0;0;0;0;0
2669;7.2;0;0;0;0;0;0;0;0;0
2670;7.6;0;0;0;0;0;0;0;0;0
2671;9.7;29.42212118;65.27838285;71.34319957;44.06388395;14.42120515;14.42120515;14.42120515;14.42120515;33
2672;12.3;84.83124855;422.3813308;546.6506423;384.8439057;58.2882807;58.2882807;58.2882807;58.2882807;203
2673;14.1;92.20119679;332.0705925;494.3861465;421.1072115;155.1595938;92.20119679;92.20119679;92.20119679;297
2674;15.4;112.3955596;176.7806099;265.0764716;263.9339258;174.0222603;112.3955596;112.3955596;112.3955596;289
2675;16.8;136.8693781;162.2880293;282.8916489;317.9574026;246.9442475;136.8693781;136.8693781;136.8693781;372
2676;18.1;130.9195535;130.9195535;426.1925038;636.3887115;550.4879418;218.8097006;130.9195535;130.9195535;636
2677;18.6;138.7342037;138.7342037;256.0067959;549.3504304;602.1606482;383.50194;138.7342037;138.7342037;658
2678;20.4;126.9502248;126.9502248;126.9502248;464.583467;687.4529852;581.9875881;209.9674749;126.9502248;731
2679;19.8;125.3915622;125.3915622;125.3915622;265.5034497;594.4650302;648.6497349;396.3168987;125.3915622;650
2680;19.7;134.0741021;134.0741021;134.0741021;134.0741021;283.6664757;360.1865376;304.2530014;148.630974;383
2681;18.4;111.7834845;111.7834845;111.7834845;111.7834845;205.8122981;316.8327567;307.7381327;183.8559333;303
2682;17.6;59.66256804;59.66256804;59.66256804;59.66256804;63.10519005;73.4161754;75.6704841;68.54757267;125
2683;17;22.52128803;22.51769008;22.51769008;22.51769008;22.51769008;24.4998319;25.32445987;24.50492016;47
2684;15.9;1.407906021;1.381989744;1.381989744;1.381989744;1.381989744;1.45171697;1.506515211;1.488368122;3
2685;14.8;0;0;0;0;0;0;0;0;0
2686;14.1;0;0;0;0;0;0;0;0;0
2687;14;0;0;0;0;0;0;0;0;0
2688;13.7;0;0;0;0;0;0;0;0;0
2689;12.6;0;0;0;0;0;0;0;0;0
2690;12.1;0;0;0;0;0;0;0;0;0
2691;12.1;0;0;0;0;0;0;0;0;0
2692;11.3;0;0;0;0;0;0;0;0;0
2693;10.9;0;0;0;0;0;0;0;0;0
2694;10.5;0;0;0;0;0;0;0;0;0
2695;10.9;42.0133742;97.15092824;106.2963632;64.09240722;18.63746982;18.63746982;18.63746982;18.63746982;42
2696;12.6;66.37228487;191.8563189;237.7110144;177.0753128;55.92053527;55.92053527;55.92053527;55.92053527;142
2697;14.2;90.61580073;377.1908905;569.22245;480.8927254;163.9440714;90.61580073;90.61580073;90.61580073;322
2698;15.4;117.6152217;284.1411705;510.0447347;506.0684125;274.5414794;117.6152217;117.6152217;117.6152217;408
2699;16.2;117.8287478;203.5335617;601.2887134;715.8395741;480.0838032;117.8287478;117.8287478;117.8287478;597
2700;16.5;135.8330471;135.8330471;421.2350087;623.2217935;539.7028608;219.6024687;135.8330471;135.8330471;622
2701;17.4;151.4103218;151.4103218;238.4343195;455.9672949;495.094926;332.8967771;151.4103218;151.4103218;575
2702;17.5;132.9014782;132.9014782;132.9014782;429.8379433;627.0994725;534.866519;207.1678962;132.9014782;686
2703;17.5;129.6504601;129.6504601;129.6504601;254.3659421;552.3297055;602.6936995;375.9553795;129.6504601;622
2704;17.2;131.8287938;131.8287938;131.8287938;131.8287938;380.5296883;509.6296117;417.4189399;157.9134338;469
2705;16.1;113.0874717;113.0874717;113.0874717;113.0874717;210.0642951;326.3425712;317.6989022;189.1966323;311
2706;15.9;87.69098671;87.69098671;87.69098671;87.69098671;155.5883545;364.1554901;410.7734692;268.1341118;258
2707;14.8;52.22712978;51.3175164;51.3175164;51.3175164;51.3175164;161.9009888;208.6157762;163.1873764;122
2708;12.9;16.85385359;12.46464284;12.46464284;12.46464284;12.46464284;23.9591268;33.1095087;30.16640817;25
2709;11.2;0;0;0;0;0;0;0;0;0
2710;10.7;0;0;0;0;0;0;0;0;0
2711;10.2;0;0;0;0;0;0;0;0;0
2712;9.1;0;0;0;0;0;0;0;0;0
2713;11.3;0;0;0;0;0;0;0;0;0
2714;10.7;0;0;0;0;0;0;0;0;0
2715;9.8;0;0;0;0;0;0;0;0;0
2716;11.7;0;0;0;0;0;0;0;0;0
2717;11.5;0;0;0;0;0;0;0;0;0
2718;11.5;0;0;0;0;0;0;0;0;0
2719;12.1;44.03921555;101.0796378;110.3532005;66.42757625;19.53650782;19.53650782;19.53650782;19.53650782;44
2720;12.8;60.54509207;148.1591841;179.9356418;137.2602471;52.83837976;52.83837976;52.83837976;52.83837976;125
2721;14.7;92.55764596;262.5564513;375.3585948;322.4997779;134.9439787;92.55764596;92.55764596;92.55764596;264
2722;16.6;120.1958601;253.5098519;432.4054056;428.4128419;243.8709504;120.1958601;120.1958601;120.1958601;381
2723;18.4;119.1844216;204.4850015;591.7831947;702.2394363;471.1499579;119.1844216;119.1844216;119.1844216;594
2724;19.3;131.5655801;131.5655801;427.0346044;634.9019487;547.9216747;217.0456472;131.5655801;131.5655801;644
2725;19.6;152.4606816;152.4606816;235.9569515;444.4858499;481.9503653;326.4042926;152.4606816;152.4606816;567
2726;19.7;155.8528031;155.8528031;155.8528031;272.7267243;350.8567754;314.7561443;185.572091;155.8528031;453
2727;20.1;143.8542238;143.8542238;143.8542238;237.6363471;465.6455471;505.1537541;333.0175964;143.8542238;547
2728;19.9;121.5771757;121.5771757;121.5771757;121.5771757;461.2968451;640.2206892;515.3301971;159.7845254;544
2729;19.5;103.434767;103.434767;103.434767;103.434767;341.3084658;630.9280515;611.5492252;294.5238406;447
2730;18;85.57925337;85.57925337;85.57925337;85.57925337;127.0395607;257.6827444;287.5100372;199.0490155;222
2731;16.7;53.9756624;52.33642618;52.33642618;52.33642618;52.33642618;164.5400098;212.655492;166.8582398;125
2732;14.6;11.57779998;10.45188413;10.45188413;10.45188413;10.45188413;13.32404022;15.63964208;14.91632569;22
2733;13.7;0;0;0;0;0;0;0;0;0
2734;12.9;0;0;0;0;0;0;0;0;0
2735;10.7;0;0;0;0;0;0;0;0;0
2736;9.6;0;0;0;0;0;0;0;0;0
2737;9.4;0;0;0;0;0;0;0;0;0
2738;8.3;0;0;0;0;0;0;0;0;0
2739;8.2;0;0;0;0;0;0;0;0;0
2740;8.6;0;0;0;0;0;0;0;0;0
2741;6.9;0;0;0;0;0;0;0;0;0
2742;7.1;1.459198345;1.459198345;1.459198345;1.459198345;1.459198345;1.459198345;1.459198345;1.459198345;3
2743;8.8;24.98595554;47.8466569;51.48795035;33.77681559;15.03707534;15.03707534;15.03707534;15.03707534;33
2744;9.8;41.73825914;64.70605059;72.97315401;61.69681232;39.61040635;39.61040635;39.61040635;39.61040635;86
2745;9.9;60.35163252;73.41980179;82.00623048;77.90768937;63.52504826;60.35163252;60.35163252;60.35163252;128
2746;10.2;58.38372755;59.428268;60.81479803;60.77723994;59.33759476;58.38372755;58.38372755;58.38372755;119
2747;11.4;65.3423615;65.64795552;67.00564538;67.3890061;66.57347017;65.3423615;65.3423615;65.3423615;133
2748;13.4;134.1915664;134.1915664;160.8335883;179.4627234;171.5726287;141.7852147;134.1915664;134.1915664;300
2749;15.5;143.9497098;143.9497098;249.3995493;512.4642864;559.6581825;363.3356932;143.9497098;143.9497098;636
2750;16.9;145.0027194;145.0027194;145.0027194;381.8908317;541.2257209;468.4585495;206.2153396;145.0027194;614
2751;15.5;146.2692929;146.2692929;146.2692929;227.5366109;428.6073846;464.2883333;313.6780412;146.2692929;517
2752;14.3;118.0298665;118.0298665;118.0298665;118.0298665;470.1978136;658.3505967;529.990824;160.3099096;564
2753;13.6;113.3459949;113.3459949;113.3459949;113.3459949;284.80853;496.7720022;484.1297195;254.2873597;394
2754;12.5;63.02632378;63.02632378;63.02632378;63.02632378;66.92804944;79.54194601;82.48121506;74.02407266;133
2755;11.7;55.73023023;53.34425769;53.34425769;53.34425769;53.34425769;167.1615972;216.6922554;170.5358719;128
2756;10.2;88.96532798;21.16276279;21.16276279;21.16276279;21.16276279;189.7648429;327.4046763;285.6521502;56
2757;8.3;0;0;0;0;0;0;0;0;0
2758;7.9;0;0;0;0;0;0;0;0;0
2759;7.2;0;0;0;0;0;0;0;0;0
2760;6.5;0;0;0;0;0;0;0;0;0
2761;5.2;0;0;0;0;0;0;0;0;0
2762;4.6;0;0;0;0;0;0;0;0;0
2763;6.1;0;0;0;0;0;0;0;0;0
2764;6.1;0;0;0;0;0;0;0;0;0
2765;5.6;0;0;0;0;0;0;0;0;0
2766;6.3;0;0;0;0;0;0;0;0;0
2767;6.5;11.23624757;12.56623817;12.77368381;11.73706567;10.64993408;10.64993408;10.64993408;10.64993408;22
2768;8.2;31.48872653;34.35218746;35.37499629;33.95800548;31.20999778;31.20999778;31.20999778;31.20999778;64
2769;10;62.36448442;77.26263129;86.95536104;82.24308878;65.88619969;62.36448442;62.36448442;62.36448442;133
2770;11.7;113.2753832;173.531636;252.6513612;250.1265287;167.4361513;113.2753832;113.2753832;113.2753832;286
2771;12.4;108.3525334;112.7746242;132.0021974;137.3761181;125.7484166;108.3525334;108.3525334;108.3525334;233
2772;11.2;45.62701713;45.62701713;46.05809239;46.35764439;46.22920485;45.7480119;45.62701713;45.62701713;94
2773;8.3;36.24576759;36.24576759;36.34344461;36.58679301;36.63037335;36.44865685;36.24576759;36.24576759;75
2774;8.6;61.24884133;61.24884133;61.24884133;61.89991296;62.34047418;62.14157168;61.41971985;61.24884133;125
2775;9.6;111.2877475;111.2877475;111.2877475;114.6628816;123.1611636;124.7041595;118.3880032;111.2877475;231
2776;9.3;62.71970337;62.71970337;62.71970337;62.71970337;63.98767698;64.6747407;64.21657006;62.88155521;128
2777;8.1;27.74423421;27.74423421;27.74423421;27.74423421;28.01827097;28.36219881;28.34413137;27.97465231;58
2778;7.8;17.04146023;17.04146023;17.04146023;17.04146023;17.13831738;17.45963685;17.53599414;17.32266016;36
2779;8.1;3.717303162;3.715981673;3.715981673;3.715981673;3.715981673;3.764418262;3.785802844;3.76628713;8
2780;9.4;0;0;0;0;0;0;0;0;0
2781;7.9;0;0;0;0;0;0;0;0;0
2782;7.1;0;0;0;0;0;0;0;0;0
2783;7.4;0;0;0;0;0;0;0;0;0
2784;7.8;0;0;0;0;0;0;0;0;0
2785;8.3;0;0;0;0;0;0;0;0;0
2786;8.4;0;0;0;0;0;0;0;0;0
2787;8.3;0;0;0;0;0;0;0;0;0
2788;7.7;0;0;0;0;0;0;0;0;0
2789;7.6;0;0;0;0;0;0;0;0;0
2790;7.2;0;0;0;0;0;0;0;0;0
2791;8.3;145.6584317;411.2096248;451.7486071;243.5281926;27.089754;27.089754;27.089754;27.089754;97
2792;8.9;91.42581318;346.4996835;436.9072538;309.6889955;65.39672608;65.39672608;65.39672608;65.39672608;197
2793;9;89.0813049;433.1811522;654.8500945;545.099353;168.2194236;89.0813049;89.0813049;89.0813049;358
2794;9.8;122.2606821;245.2639609;405.0273919;399.1499193;231.0744868;122.2606821;122.2606821;122.2606821;372
2795;10.4;142.6403109;187.6120676;379.0184467;431.9577196;315.4187784;142.6403109;142.6403109;142.6403109;450
2796;11.1;155.428647;155.428647;304.2117688;406.9444026;362.342518;196.533294;155.428647;155.428647;486
2797;11;149.0204963;149.0204963;176.0695854;243.3529558;255.3776507;205.0997671;149.0204963;149.0204963;378
2798;9.6;131.2596181;131.2596181;131.2596181;145.8948379;155.8563827;151.4094764;135.1590563;131.2596181;281
2799;10.8;144.133077;144.133077;144.133077;173.1597447;247.5378953;261.3429058;206.4879883;144.133077;369
2800;10.9;134.9261778;134.9261778;134.9261778;134.9261778;233.1768455;287.1601194;251.9668149;148.2126926;356
2801;10.1;99.37155599;99.37155599;99.37155599;99.37155599;136.1849802;183.0862789;180.9486283;131.0242351;231
2802;10.6;76.44021319;76.44021319;76.44021319;76.44021319;93.15831197;150.0798899;163.8643439;126.4369279;175
2803;9.1;27.04531687;26.96875756;26.96875756;26.96875756;26.96875756;29.24970034;30.27105709;29.35797156;56
2804;8.3;3.830038875;3.71583893;3.71583893;3.71583893;3.71583893;3.986248728;4.212456079;4.147751839;8
2805;8.3;0;0;0;0;0;0;0;0;0
2806;8.7;0;0;0;0;0;0;0;0;0
2807;9.1;0;0;0;0;0;0;0;0;0
2808;9.1;0;0;0;0;0;0;0;0;0
2809;8.9;0;0;0;0;0;0;0;0;0
2810;9;0;0;0;0;0;0;0;0;0
2811;8.3;0;0;0;0;0;0;0;0;0
2812;7.7;0;0;0;0;0;0;0;0;0
2813;7.7;0;0;0;0;0;0;0;0;0
2814;7.8;0;0;0;0;0;0;0;0;0
2815;7.9;5.301466368;5.589313322;5.632299194;5.405243443;5.171309308;5.171309308;5.171309308;5.171309308;11
2816;7.8;14.76286065;15.28674583;15.47098301;15.20764854;14.70693042;14.70693042;14.70693042;14.70693042;31
2817;8;15.60770407;15.8219802;15.95865613;15.8897491;15.65562392;15.60770407;15.60770407;15.60770407;33
2818;8.2;34.65598654;35.02840992;35.50690355;35.48694154;34.98021736;34.65598654;34.65598654;34.65598654;72
2819;9.2;45.59476711;45.74955992;46.39456893;46.57106488;46.17565883;45.59476711;45.59476711;45.59476711;94
2820;12.1;116.0958246;116.0958246;126.9527478;134.4007358;131.1259551;119.0467278;116.0958246;116.0958246;244
2821;12.3;134.9997538;134.9997538;142.1671891;159.9637155;163.1366916;149.8274312;134.9997538;134.9997538;292
2822;12.3;111.5001122;111.5001122;111.5001122;116.60081;120.09257;118.5509847;112.879094;111.5001122;228
2823;12.1;115.7037752;115.7037752;115.7037752;119.627607;129.8596421;131.7993624;124.310506;115.7037752;242
2824;13.4;78.12355013;78.12355013;78.12355013;78.12355013;79.9789323;81.01241494;80.35363975;78.38850831;158
2825;13.3;93.73323909;93.73323909;93.73323909;93.73323909;107.2022422;124.619691;123.9442752;105.5716442;203
2826;13.7;79.68421259;79.68421259;79.68421259;79.68421259;98.30172406;163.3693738;179.4153911;137.0402366;186
2827;13.1;54.46475308;51.78011101;51.78011101;51.78011101;51.78011101;119.2250571;149.8463106;123.0217144;119
2828;11.8;22.25703236;16.24607326;16.24607326;16.24607326;16.24607326;30.14908331;41.91885774;38.6498632;33
2829;11.3;0;0;0;0;0;0;0;0;0
2830;11.4;0;0;0;0;0;0;0;0;0
2831;10.7;0;0;0;0;0;0;0;0;0
2832;7.4;0;0;0;0;0;0;0;0;0
2833;7.3;0;0;0;0;0;0;0;0;0
2834;7.7;0;0;0;0;0;0;0;0;0
2835;7.5;0;0;0;0;0;0;0;0;0
2836;5.8;0;0;0;0;0;0;0;0;0
2837;6.7;0;0;0;0;0;0;0;0;0
2838;6.5;3.896539485;3.896539485;3.896539485;3.896539485;3.896539485;3.896539485;3.896539485;3.896539485;8
2839;7.8;155.2285537;426.9703654;466.6458207;251.013576;30.80831467;30.80831467;30.80831467;30.80831467;103
2840;8.7;104.7569101;482.4916099;614.2861292;422.9370259;62.64545996;62.64545996;62.64545996;62.64545996;236
2841;10.2;78.12695639;559.0440227;862.7676802;706.8594433;182.6482426;78.12695639;78.12695639;78.12695639;428
2842;8.1;91.21062141;104.44851;121.2728551;120.4871514;102.5516536;91.21062141;91.21062141;91.21062141;197
2843;7.6;33.19334756;33.27715094;33.61909413;33.71164074;33.50057824;33.19334756;33.19334756;33.19334756;69
2844;8;88.49886348;88.49886348;89.99112554;91.00806821;90.55515277;88.89769095;88.49886348;88.49886348;178
2845;11.4;155.2652881;155.2652881;225.7569337;400.4280022;431.4860778;300.737761;155.2652881;155.2652881;536
2846;12.3;161.7202614;161.7202614;161.7202614;301.3737892;397.5104035;355.5243503;200.0104904;161.7202614;517
2847;11.8;138.6088751;138.6088751;138.6088751;149.2906219;177.6362972;183.1202379;162.5300259;138.6088751;311
2848;12;48.58042263;48.58042263;48.58042263;48.58042263;49.30906534;49.72044037;49.46400848;48.68998397;100
2849;12.1;100.2498224;100.2498224;100.2498224;100.2498224;136.0151349;182.953576;181.4452799;132.373786;233
2850;12;76.80889378;76.80889378;76.80889378;76.80889378;92.1270102;147.089667;160.8828;125.426579;175
2851;11.3;17.121684;17.08150869;17.08150869;17.08150869;17.08150869;17.95489558;18.35683959;18.01171205;36
2852;10.5;66.74758703;24.658779;24.658779;24.658779;24.658779;119.8118376;201.3143329;179.3344007;56
2853;10.9;0;0;0;0;0;0;0;0;0
2854;9.5;0;0;0;0;0;0;0;0;0
2855;9.7;0;0;0;0;0;0;0;0;0
2856;9.9;0;0;0;0;0;0;0;0;0
2857;8.3;0;0;0;0;0;0;0;0;0
2858;8.6;0;0;0;0;0;0;0;0;0
2859;8.8;0;0;0;0;0;0;0;0;0
2860;8;0;0;0;0;0;0;0;0;0
2861;8.1;0;0;0;0;0;0;0;0;0
2862;7.9;0;0;0;0;0;0;0;0;0
2863;8.2;17.13667142;21.94049345;22.62583382;18.79122944;14.90980548;14.90980548;14.90980548;14.90980548;31
2864;9.1;65.24796646;142.4980418;169.2370939;129.8017488;56.27033155;56.27033155;56.27033155;56.27033155;131
2865;9.4;65.15452014;80.49120041;90.08130587;85.06963831;68.39196463;65.15452014;65.15452014;65.15452014;139
2866;10.3;93.43015264;108.0507855;126.4317724;125.4808581;105.7550752;93.43015264;93.43015264;93.43015264;203
2867;9.9;89.71411575;90.88990845;95.58863397;96.84614639;93.92581199;89.71411575;89.71411575;89.71411575;183
2868;10.8;62.76025518;62.76025518;63.52334161;64.0398603;63.80680366;62.96069312;62.76025518;62.76025518;128
2869;11.4;41.71052096;41.71052096;41.83217303;42.13292504;42.18623847;41.96088304;41.71052096;41.71052096;86
2870;11.9;45.69331184;45.69331184;45.69331184;46.036204;46.2735319;46.17097475;45.78860915;45.69331184;94
2871;12.5;66.81559718;66.81559718;66.81559718;67.15631692;68.07638068;68.25789457;67.59453021;66.81559718;136
2872;13.1;101.3987508;101.3987508;101.3987508;101.3987508;110.7954343;116.1714067;112.8937575;102.8824893;211
2873;12.5;80.83057473;80.83057473;80.83057473;80.83057473;85.44490619;91.59011749;91.43253456;85.06446735;167
2874;12.7;26.77270805;26.77270805;26.77270805;26.77270805;26.96894098;27.69190184;27.87641145;27.41438657;56
2875;12.7;29.57895984;29.45290458;29.45290458;29.45290458;29.45290458;31.87033689;32.99772539;32.04860594;61
2876;13.4;8.412242661;7.997227126;7.997227126;7.997227126;7.997227126;8.914898869;9.710026485;9.501819466;17
2877;13;0;0;0;0;0;0;0;0;0
2878;13.1;0;0;0;0;0;0;0;0;0
2879;13.2;0;0;0;0;0;0;0;0;0
2880;11.5;0;0;0;0;0;0;0;0;0
2881;10.2;0;0;0;0;0;0;0;0;0
2882;11.4;0;0;0;0;0;0;0;0;0
2883;11.5;0;0;0;0;0;0;0;0;0
2884;11.5;0;0;0;0;0;0;0;0;0
2885;11.5;0;0;0;0;0;0;0;0;0
2886;11.6;0;0;0;0;0;0;0;0;0
2887;11.5;9.388156973;10.09566632;10.19423717;9.626128063;9.05614329;9.05614329;9.05614329;9.05614329;19
2888;11.7;27.29421152;28.85702285;29.39363196;28.5897005;27.10518608;27.10518608;27.10518608;27.10518608;56
2889;11.9;43.36135976;44.8530302;45.77654329;45.28527462;43.66700272;43.36135976;43.36135976;43.36135976;89
2890;12.6;94.61215558;109.7873817;128.6597073;127.5874388;107.1986966;94.61215558;94.61215558;94.61215558;206
2891;13.2;118.5143146;125.2299267;151.5188066;158.4741026;142.0214968;118.5143146;118.5143146;118.5143146;261
2892;14.7;152.6236182;152.6236182;267.0817859;344.0235263;308.8457964;182.1552333;152.6236182;152.6236182;433
2893;15.4;161.4157018;161.4157018;212.7867501;339.4660352;361.8458498;266.816402;161.4157018;161.4157018;486
2894;16.3;161.9234799;161.9234799;161.9234799;290.1734936;379.4079562;341.2429622;198.0350474;161.9234799;503
2895;16.6;142.0708045;142.0708045;142.0708045;166.1718694;232.3949947;245.7074345;198.310942;142.0708045;356
2896;16.2;136.467959;136.467959;136.467959;136.467959;228.7065826;282.1701769;250.283388;151.7250644;358
2897;14.7;117.3022917;117.3022917;117.3022917;117.3022917;273.6768665;484.9751992;480.8957292;263.8281548;406
2898;13.8;70.95631809;70.95631809;70.95631809;70.95631809;76.2156853;96.11391831;101.2751703;88.67604987;153
2899;12.8;28.06184635;27.9390301;27.9390301;27.9390301;27.9390301;30.04799273;31.04436989;30.22168113;58
2900;12.3;5.292467471;5.129492508;5.129492508;5.129492508;5.129492508;5.48217216;5.791231818;5.712653563;11
2901;12;0;0;0;0;0;0;0;0;0
2902;11.3;0;0;0;0;0;0;0;0;0
2903;10.6;0;0;0;0;0;0;0;0;0
2904;10.1;0;0;0;0;0;0;0;0;0
2905;9.6;0;0;0;0;0;0;0;0;0
2906;9.5;0;0;0;0;0;0;0;0;0
2907;9.4;0;0;0;0;0;0;0;0;0
2908;9.4;0;0;0;0;0;0;0;0;0
2909;9.5;0;0;0;0;0;0;0;0;0
2910;9.7;0;0;0;0;0;0;0;0;0
2911;9.4;2.815613698;2.882104397;2.891145201;2.837440131;2.784031293;2.784031293;2.784031293;2.784031293;6
2912;9.1;10.37602559;10.61047307;10.69032212;10.56879825;10.34655704;10.34655704;10.34655704;10.34655704;22
2913;9.4;17.05449371;17.29520629;17.44275755;17.36286912;17.10233856;17.05449371;17.05449371;17.05449371;36
2914;9.9;27.76087836;27.99512203;28.2832939;28.26544183;27.95202333;27.76087836;27.76087836;27.76087836;58
2915;10.1;39.12851404;39.24570305;39.6951637;39.81268867;39.52943342;39.12851404;39.12851404;39.12851404;81
2916;10.1;48.64797857;48.64797857;49.10382846;49.40811471;49.26712351;48.7634456;48.64797857;48.64797857;100
2917;10.8;85.36314911;85.36314911;85.83793973;87.00549838;87.21099111;86.33404305;85.36314911;85.36314911;172
2918;11.6;72.48055147;72.48055147;72.48055147;73.29112283;73.85798514;73.61796548;72.71166412;72.48055147;147
2919;11.8;70.90709812;70.90709812;70.90709812;71.26763742;72.27561008;72.481927;71.76573052;70.90709812;144
2920;11.8;59.67485023;59.67485023;59.67485023;59.67485023;60.69852257;61.29951802;60.94880512;59.85182672;122
2921;11.9;50.10263053;50.10263053;50.10263053;50.10263053;50.84180586;51.85505529;51.84175806;50.80970352;103
2922;11.8;36.17638001;36.17638001;36.17638001;36.17638001;36.49897091;37.75247076;38.08271803;37.29625833;75
2923;11.4;18.59633461;18.5371411;18.5371411;18.5371411;18.5371411;19.45817344;19.89887103;19.5418857;39
2924;11;2.82335253;2.777712745;2.777712745;2.777712745;2.777712745;2.874429903;2.960131246;2.938974305;6
2925;10.7;0;0;0;0;0;0;0;0;0
2926;10.3;0;0;0;0;0;0;0;0;0
2927;10.2;0;0;0;0;0;0;0;0;0
2928;10.1;0;0;0;0;0;0;0;0;0
2929;10;0;0;0;0;0;0;0;0;0
2930;10;0;0;0;0;0;0;0;0;0
2931;10.2;0;0;0;0;0;0;0;0;0
2932;10.1;0;0;0;0;0;0;0;0;0
2933;10;0;0;0;0;0;0;0;0;0
2934;10.1;0;0;0;0;0;0;0;0;0
2935;10.4;2.813559097;2.876368404;2.884697971;2.833668451;2.783365671;2.783365671;2.783365671;2.783365671;6
2936;10.7;8.934192655;9.104289505;9.161749038;9.072912239;8.912005577;8.912005577;8.912005577;8.912005577;19
2937;10.9;26.81214354;27.38684514;27.73563009;27.54344915;26.9228793;26.81214354;26.81214354;26.81214354;56
2938;11.3;39.12321562;39.57683207;40.12887581;40.09181745;39.48736527;39.12321562;39.12321562;39.12321562;81
2939;11.9;58.1917272;58.44592769;59.40132021;59.64814955;59.04182642;58.1917272;58.1917272;58.1917272;119
2940;12.6;128.8497283;128.8497283;145.9887713;157.3476408;152.0128196;133.1093738;128.8497283;128.8497283;278
2941;13.2;135.819699;135.819699;142.3149624;158.2389974;161.0301114;149.0533078;135.819699;135.819699;292
2942;13.4;113.9686276;113.9686276;113.9686276;118.9529559;122.4558645;120.9870648;115.4069599;113.9686276;233
2943;13.1;88.45072146;88.45072146;88.45072146;88.98612642;90.50900052;90.82616267;89.75182357;88.45072146;178
2944;13.5;113.7421949;113.7421949;113.7421949;113.7421949;130.8211561;140.9751446;135.1764405;116.821846;244
2945;13.6;62.8121622;62.8121622;62.8121622;62.8121622;63.92572646;65.47403232;65.46305077;63.89921464;128
2946;13.4;39.17541463;39.17541463;39.17541463;39.17541463;39.53578263;40.97410944;41.35878522;40.46447212;81
2947;13.5;28.06280803;27.92447586;27.92447586;27.92447586;27.92447586;29.89389848;30.84799222;30.08952972;58
2948;13.4;8.335769656;7.989789457;7.989789457;7.989789457;7.989789457;8.708195987;9.351749915;9.197485877;17
2949;13;0;0;0;0;0;0;0;0;0
2950;12.8;0;0;0;0;0;0;0;0;0
2951;12.3;0;0;0;0;0;0;0;0;0
2952;11.9;0;0;0;0;0;0;0;0;0
2953;11.6;0;0;0;0;0;0;0;0;0
2954;11.2;0;0;0;0;0;0;0;0;0
2955;11.1;0;0;0;0;0;0;0;0;0
2956;10.9;0;0;0;0;0;0;0;0;0
2957;10.7;0;0;0;0;0;0;0;0;0
2958;10.6;0;0;0;0;0;0;0;0;0
2959;10.5;10.896982;11.69645191;11.79979091;11.14646441;10.50808211;10.50808211;10.50808211;10.50808211;22
2960;10.6;32.93503637;34.99395765;35.68374766;34.60033677;32.65670438;32.65670438;32.65670438;32.65670438;67
2961;11.1;66.7903222;81.31669769;90.0452547;85.15138764;69.50185746;66.7903222;66.7903222;66.7903222;142
2962;12.1;111.4547614;160.7765809;220.155723;215.8593161;150.404137;111.4547614;111.4547614;111.4547614;269
2963;12.8;143.4951737;182.5070293;326.2167885;362.890704;271.0456933;143.4951737;143.4951737;143.4951737;411
2964;15;151.6771912;151.6771912;229.8484597;281.2797352;256.7915981;170.7288671;151.6771912;151.6771912;397
2965;17.4;138.1137377;138.1137377;253.6198709;535.8679049;585.1169423;372.5175648;138.1137377;138.1137377;714
2966;18.2;130.7176001;130.7176001;130.7176001;430.9676917;642.9811914;554.9176267;218.3634397;130.7176001;781
2967;18.8;132.4575723;132.4575723;132.4575723;274.0167735;683.6172966;770.3559282;483.4223543;132.4575723;842
2968;18.1;114.597782;114.597782;114.597782;114.597782;499.6827375;731.4729035;601.9059896;186.8805367;658
2969;18.3;118.8609126;118.8609126;118.8609126;118.8609126;270.4942823;484.3096106;484.050048;269.8676428;414
2970;17.7;95.37570561;95.37570561;95.37570561;95.37570561;142.7672433;337.0766758;389.8009581;270.0549205;283
2971;15.6;73.39802481;62.61018667;62.61018667;62.61018667;62.61018667;204.2848995;273.7563252;219.5412066;161
2972;14.1;57.8238767;27.17617267;27.17617267;27.17617267;27.17617267;89.56830901;146.0596821;132.9107077;61
2973;12.8;0;0;0;0;0;0;0;0;0
2974;11.9;0;0;0;0;0;0;0;0;0
2975;11.2;0;0;0;0;0;0;0;0;0
2976;10.6;0;0;0;0;0;0;0;0;0
2977;10.4;0;0;0;0;0;0;0;0;0
2978;10.3;0;0;0;0;0;0;0;0;0
2979;10.1;0;0;0;0;0;0;0;0;0
2980;9.7;0;0;0;0;0;0;0;0;0
2981;9.2;0;0;0;0;0;0;0;0;0
2982;9.3;5.292524867;8.52902841;7.982234531;3.972447669;2.070535727;2.070535727;2.070535727;2.070535727;14
2983;11.1;135.660588;334.7277213;359.7902717;196.1669369;37.68331779;37.68331779;37.68331779;37.68331779;108
2984;13.7;116.7530957;462.371412;577.2015311;393.9775267;68.39131563;68.39131563;68.39131563;68.39131563;247
2985;17.5;86.75373808;504.834648;753.5574582;611.6756926;162.3017652;86.75373808;86.75373808;86.75373808;414
2986;20;105.4091678;392.072343;733.491478;706.9885139;328.0885277;105.4091678;105.4091678;105.4091678;550
2987;22.3;118.0921505;232.2034678;644.2892461;748.1359022;482.9114735;118.0921505;118.0921505;118.0921505;672
2988;23.4;127.5923126;127.5923126;469.1134461;692.1487726;584.4745816;209.1649539;127.5923126;127.5923126;756
2989;24;131.3191887;131.3191887;264.4466485;588.601455;644.8865118;400.3307959;131.3191887;131.3191887;797
2990;24.6;131.0315789;131.0315789;131.0315789;428.2041473;639.0025418;552.2384355;218.7370651;131.0315789;783
2991;25.1;126.0464471;126.0464471;126.0464471;244.2151163;592.0019085;666.8383108;424.8861738;126.0464471;725
2992;24.8;117.9254391;117.9254391;117.9254391;117.9254391;475.3327534;693.0844208;573.9157571;187.6341495;625
2993;24.7;106.4323375;106.4323375;106.4323375;106.4323375;320.0810789;625.5544276;626.9330965;323.4094799;489
2994;24.1;91.45054303;91.45054303;91.45054303;91.45054303;166.3762876;481.9802412;568.8171941;376.0192371;336
2995;23.1;78.98662228;64.42225608;64.42225608;64.42225608;64.42225608;242.0799789;330.2325834;262.6771032;178
2996;21.3;35.86318259;23.61579516;23.61579516;23.61579516;23.61579516;48.07473175;70.45334245;65.39515317;50
2997;19.4;0;0;0;0;0;0;0;0;0
2998;18.5;0;0;0;0;0;0;0;0;0
2999;17.2;0;0;0;0;0;0;0;0;0
3000;15.7;0;0;0;0;0;0;0;0;0
3001;14.4;0;0;0;0;0;0;0;0;0
3002;13.7;0;0;0;0;0;0;0;0;0
3003;13.5;0;0;0;0;0;0;0;0;0
3004;12.6;0;0;0;0;0;0;0;0;0
3005;12.4;0;0;0;0;0;0;0;0;0
3006;13.6;4.870250348;7.731377311;7.234919481;3.671695123;1.999621543;1.999621543;1.999621543;1.999621543;14
3007;15.3;131.1747872;317.0531416;339.8306342;186.1645187;38.62255428;38.62255428;38.62255428;38.62255428;108
3008;17.7;120.1964418;477.0808019;594.6625824;404.063971;68.56574553;68.56574553;68.56574553;68.56574553;253
3009;20.8;90.39940191;489.8832057;725.1856596;588.6389329;160.2302463;90.39940191;90.39940191;90.39940191;406
3010;22;107.4439522;384.6228235;711.2182183;684.1308367;319.2280993;107.4439522;107.4439522;107.4439522;542
3011;24;121.4087768;229.9423912;614.2500754;709.8580109;460.760366;121.4087768;121.4087768;121.4087768;650
3012;24.8;128.7318004;128.7318004;466.4173094;685.2890943;578.1371647;207.7296676;128.7318004;128.7318004;739
3013;25.9;132.5008744;132.5008744;260.7347196;571.7887152;625.5138514;390.4386721;132.5008744;132.5008744;783
3014;26.3;131.8568765;131.8568765;131.8568765;428.4318111;639.7267062;553.5183429;220.3064114;131.8568765;772
3015;26.3;150.629044;150.629044;150.629044;208.980902;383.640816;421.8055941;301.118827;150.629044;508
3016;25.7;139.0268607;139.0268607;139.0268607;139.0268607;345.22792;472.3564422;404.2250163;180.7441076;481
3017;25.5;118.4071882;118.4071882;118.4071882;118.4071882;175.6749466;258.6857743;259.5233087;177.6969337;306
3018;24.3;70.59213717;70.59213717;70.59213717;70.59213717;74.12537451;89.4162532;93.68022001;84.41950103;150
3019;24.2;61.49300651;56.21949224;56.21949224;56.21949224;56.21949224;116.3232817;146.4926007;123.7811571;128
3020;22.2;18.63234453;17.30353325;17.30353325;17.30353325;17.30353325;19.90827583;22.31600681;21.78749877;36
3021;20.4;0;0;0;0;0;0;0;0;0
3022;19.7;0;0;0;0;0;0;0;0;0
3023;18.7;0;0;0;0;0;0;0;0;0
3024;17.4;0;0;0;0;0;0;0;0;0
3025;16.5;0;0;0;0;0;0;0;0;0
3026;16.9;0;0;0;0;0;0;0;0;0
3027;16.4;0;0;0;0;0;0;0;0;0
3028;15.1;0;0;0;0;0;0;0;0;0
3029;14.5;0;0;0;0;0;0;0;0;0
3030;14.2;6.244525211;9.932191856;9.27542152;4.658941359;2.515774026;2.515774026;2.515774026;2.515774026;17
3031;15.4;143.1017509;349.7564577;374.3855792;202.5617102;39.01934678;39.01934678;39.01934678;39.01934678;117
3032;17.6;127.2522577;532.3449596;664.6855402;446.7506824;66.72796387;66.72796387;66.72796387;66.72796387;269
3033;19.4;86.94078356;517.9931738;769.3745031;620.9954149;159.7743667;86.94078356;86.94078356;86.94078356;425
3034;20.8;104.6697443;404.6305508;754.3044947;723.4312123;330.0958539;104.6697443;104.6697443;104.6697443;567
3035;22.6;118.7497253;236.1432885;643.8082279;743.9010174;477.7886586;118.7497253;118.7497253;118.7497253;678
3036;24.3;128.5074404;128.5074404;464.7115987;680.9576722;573.5858924;205.4931918;128.5074404;128.5074404;756
3037;25.7;132.0871063;132.0871063;262.9671707;579.1545362;633.4558645;394.062174;132.0871063;132.0871063;797
3038;25.8;137.9199213;137.9199213;137.9199213;396.7883553;581.9901617;507.0616439;215.8949114;137.9199213;719
3039;26;132.9651857;132.9651857;132.9651857;231.7740849;532.5156775;599.2060109;392.7787923;132.9651857;675
3040;26.9;116.498061;116.498061;116.498061;116.498061;484.1852076;713.5238015;593.1328137;193.5356521;647
3041;21.5;123.37993;123.37993;123.37993;123.37993;218.6671465;358.6676548;360.839805;223.911181;361
3042;24;89.32884235;89.32884235;89.32884235;89.32884235;107.8559989;190.2393546;213.5107008;164.0379985;217
3043;21;31.10118255;30.90371052;30.90371052;30.90371052;30.90371052;33.01748571;34.09051208;33.29675332;64
3044;18.9;12.46517329;11.85357676;11.85357676;11.85357676;11.85357676;13.03095301;14.13023475;13.89588112;25
3045;17;0;0;0;0;0;0;0;0;0
3046;15.7;0;0;0;0;0;0;0;0;0
3047;14.7;0;0;0;0;0;0;0;0;0
3048;13.6;0;0;0;0;0;0;0;0;0
3049;13.5;0;0;0;0;0;0;0;0;0
3050;12.6;0;0;0;0;0;0;0;0;0
3051;13;0;0;0;0;0;0;0;0;0
3052;11.2;0;0;0;0;0;0;0;0;0
3053;11.1;0;0;0;0;0;0;0;0;0
3054;12.1;10.86586672;18.15098403;16.82008904;7.652801984;3.442531008;3.442531008;3.442531008;3.442531008;19
3055;15.7;199.6860941;521.1090339;558.336957;289.5622509;35.95779365;35.95779365;35.95779365;35.95779365;139
3056;18.9;129.8731567;552.4040141;689.2704718;460.2980153;64.74438038;64.74438038;64.74438038;64.74438038;278
3057;21.6;86.92046056;525.4949789;778.732227;626.715525;158.4941951;86.92046056;86.92046056;86.92046056;431
3058;22.6;105.1815877;405.6978566;752.3009845;719.8303462;327.3068012;105.1815877;105.1815877;105.1815877;569
3059;24.4;118.3211955;242.6954408;666.3618748;768.9935117;490.4701303;118.3211955;118.3211955;118.3211955;714
3060;25;128.4471784;128.4471784;467.9247836;684.5813852;575.4621109;204.4875518;128.4471784;128.4471784;764
3061;23.7;148.2374897;148.2374897;171.4911643;227.427063;236.9747836;194.541401;148.2374897;148.2374897;369
3062;24;145.2805405;145.2805405;145.2805405;194.4600898;229.7845633;215.6077262;160.2341776;145.2805405;358
3063;25.5;142.5330485;142.5330485;142.5330485;225.4339007;481.963606;539.6594941;364.7240964;142.5330485;617
3064;24.4;137.2856679;137.2856679;137.2856679;137.2856679;216.4872699;266.4527263;240.7538718;154.4447466;353
3065;24.7;111.4228812;111.4228812;111.4228812;111.4228812;308.5239731;601.9978086;608.099505;323.2547713;483
3066;23.4;89.5837931;89.5837931;89.5837931;89.5837931;107.3341032;188.4344542;211.6294286;163.3317249;217
3067;22.9;66.53986052;59.56651528;59.56651528;59.56651528;59.56651528;129.9903126;166.1341498;139.852112;139
3068;20.6;34.24125847;23.98726407;23.98726407;23.98726407;23.98726407;43.38405685;61.6724659;57.88539481;50
3069;18.6;2.867709943;2.867709943;2.867709943;2.867709943;2.867709943;2.867709943;2.867709943;2.867709943;6
3070;17.6;0;0;0;0;0;0;0;0;0
3071;17.5;0;0;0;0;0;0;0;0;0
3072;16.3;0;0;0;0;0;0;0;0;0
3073;15.7;0;0;0;0;0;0;0;0;0
3074;16.3;0;0;0;0;0;0;0;0;0
3075;15.9;0;0;0;0;0;0;0;0;0
3076;15.3;0;0;0;0;0;0;0;0;0
3077;14.3;0;0;0;0;0;0;0;0;0
3078;15.1;11.40645062;18.65660772;17.29880197;8.12841756;3.961895958;3.961895958;3.961895958;3.961895958;22
3079;16.7;55.06106889;103.219911;108.6362275;68.13721377;30.25385579;30.25385579;30.25385579;30.25385579;67
3080;18.8;106.8156732;319.1876542;387.3918408;271.4751454;73.07783465;73.07783465;73.07783465;73.07783465;214
3081;18.8;90.13489997;163.0795594;204.7824769;179.3263987;101.6231502;90.13489997;90.13489997;90.13489997;214
3082;20.7;125.8035073;204.9797478;295.3330756;286.3782815;183.3609625;125.8035073;125.8035073;125.8035073;336
3083;22.6;127.3212175;227.8764237;563.9426824;644.2420086;421.7361461;127.3212175;127.3212175;127.3212175;619
3084;23.7;131.9088004;131.9088004;451.8011862;654.3500042;550.8598505;201.9538537;131.9088004;131.9088004;725
3085;24.5;136.4779494;136.4779494;258.1842393;549.612068;599.0315331;377.4933822;136.4779494;136.4779494;753
3086;25.3;133.6142277;133.6142277;133.6142277;416.7817638;620.9419646;539.6321864;220.4825946;133.6142277;769
3087;23.8;134.9803904;134.9803904;134.9803904;151.3512314;202.8437593;214.582846;179.6918938;134.9803904;325
3088;24.1;142.1487352;142.1487352;142.1487352;142.1487352;234.9016385;294.0699623;264.2448916;162.8975484;381
3089;24.2;116.1244993;116.1244993;116.1244993;116.1244993;287.8539546;546.9266111;553.6412332;304.0644863;458
3090;24.2;98.72462692;98.72462692;98.72462692;98.72462692;145.005087;362.278737;425.1659636;296.8282826;297
3091;23.5;78.47691617;65.37700107;65.37700107;65.37700107;65.37700107;190.6983802;255.7081103;209.2244579;164
3092;21.8;28.14291914;23.72884792;23.72884792;23.72884792;23.72884792;31.93798247;39.75238856;38.18042186;50
3093;19.7;0;0;0;0;0;0;0;0;0
3094;16.6;0;0;0;0;0;0;0;0;0
3095;15.7;0;0;0;0;0;0;0;0;0
3096;14.6;0;0;0;0;0;0;0;0;0
3097;14.5;0;0;0;0;0;0;0;0;0
3098;13.6;0;0;0;0;0;0;0;0;0
3099;13.8;0;0;0;0;0;0;0;0;0
3100;14.2;0;0;0;0;0;0;0;0;0
3101;13.9;0;0;0;0;0;0;0;0;0
3102;13.6;36.78563586;67.46461367;61.57807766;22.5742808;5.043377082;5.043377082;5.043377082;5.043377082;14
3103;15.9;103.0439389;227.0327053;240.5621302;135.7068601;38.46681453;38.46681453;38.46681453;38.46681453;97
3104;18.3;114.3580615;350.4268247;425.5898572;295.8176739;75.74356068;75.74356068;75.74356068;75.74356068;225
3105;21.3;97.72917837;443.1175651;638.6320771;517.2930069;150.1791362;97.72917837;97.72917837;97.72917837;389
3106;23.3;114.7975934;372.7550343;664.0301699;633.5723111;299.2232585;114.7975934;114.7975934;114.7975934;525
3107;24.6;126.2093373;232.0033984;578.9820146;660.732537;429.3666185;126.2093373;126.2093373;126.2093373;633
3108;25.8;141.6606069;141.6606069;417.5944781;590.9137652;501.0666452;200.6843423;141.6606069;141.6606069;664
3109;25.4;158.1931451;158.1931451;227.362284;392.1942393;419.9515272;294.3743049;158.1931451;158.1931451;558
3110;26.8;136.9056154;136.9056154;136.9056154;400.0165057;590.3925991;515.1221678;218.2976095;136.9056154;742
3111;26.5;159.152055;159.152055;159.152055;207.04768;360.1450079;395.5033899;292.4103654;159.152055;511
3112;25.9;128.1996044;128.1996044;128.1996044;128.1996044;186.4883715;224.0772348;205.5022825;141.6444698;311
3113;23.5;50.09607739;50.09607739;50.09607739;50.09607739;50.7086264;51.64472394;51.67364534;50.77844882;103
3114;21.2;8.926734063;8.926734063;8.926734063;8.926734063;8.941515044;9.012817188;9.033693005;8.991913724;19
3115;20;7.970493127;7.955442723;7.955442723;7.955442723;7.955442723;8.09232713;8.164076912;8.113611616;17
3116;19.5;6.714051326;6.545200785;6.545200785;6.545200785;6.545200785;6.854097488;7.150897234;7.092888214;14
3117;18.7;0;0;0;0;0;0;0;0;0
3118;18.3;0;0;0;0;0;0;0;0;0
3119;17.2;0;0;0;0;0;0;0;0;0
3120;17.5;0;0;0;0;0;0;0;0;0
3121;16.4;0;0;0;0;0;0;0;0;0
3122;15.6;0;0;0;0;0;0;0;0;0
3123;15;0;0;0;0;0;0;0;0;0
3124;14.5;0;0;0;0;0;0;0;0;0
3125;13.3;0;0;0;0;0;0;0;0;0
3126;13.1;21.93240663;37.295193;34.27683547;14.64544696;5.916617619;5.916617619;5.916617619;5.916617619;33
3127;14.2;159.0370843;380.3931466;403.807098;215.5633632;42.48482665;42.48482665;42.48482665;42.48482665;128
3128;16.1;137.129835;541.8270591;669.5668838;445.5210523;69.03120453;69.03120453;69.03120453;69.03120453;281
3129;17.8;100.7241622;413.3238087;588.538221;477.9977735;146.4555613;100.7241622;100.7241622;100.7241622;375
3130;19.8;114.5250686;377.2621603;670.8286105;638.5199907;299.2622521;114.5250686;114.5250686;114.5250686;531
3131;21.8;120.2010648;243.50376;640.4498882;732.6413115;466.0735444;120.2010648;120.2010648;120.2010648;700
3132;23;128.7778591;128.7778591;473.0516008;687.5454164;574.7207752;200.6688218;128.7778591;128.7778591;781
3133;23.9;132.964391;132.964391;262.8354154;570.7610544;622.2313455;387.0956903;132.964391;132.964391;808
3134;24.6;132.3708719;132.3708719;132.3708719;416.1238283;622.1240013;541.2334333;220.836722;132.3708719;800
3135;24.8;142.7464901;142.7464901;142.7464901;222.3305854;480.7891719;541.2269401;368.240265;142.7464901;628
3136;23.1;140.4203095;140.4203095;140.4203095;140.4203095;346.9180067;481.4999701;416.2820941;189.468126;500
3137;23;108.7109826;108.7109826;108.7109826;108.7109826;309.153317;619.3778853;630.4607079;335.9096176;506
3138;22;91.2185279;91.2185279;91.2185279;91.2185279;164.789412;529.4447417;637.3930989;425.3997997;372
3139;20.1;92.5008675;70.07743965;70.07743965;70.07743965;70.07743965;264.6020785;367.6002499;296.3135943;194
3140;19.3;53.76626112;30.74884262;30.74884262;30.74884262;30.74884262;72.19163609;112.3752217;104.7431815;69
3141;17.8;1.345468154;1.026463417;1.026463417;1.026463417;1.026463417;1.238776055;1.645723566;1.689916881;6
3142;16.4;0;0;0;0;0;0;0;0;0
3143;15.2;0;0;0;0;0;0;0;0;0
3144;13.9;0;0;0;0;0;0;0;0;0
3145;13.3;0;0;0;0;0;0;0;0;0
3146;13.1;0;0;0;0;0;0;0;0;0
3147;12.3;0;0;0;0;0;0;0;0;0
3148;11.8;0;0;0;0;0;0;0;0;0
3149;11.6;0;0;0;0;0;0;0;0;0
3150;11.5;39.44406947;69.15042152;63.17743461;25.02400348;8.24198005;8.24198005;8.24198005;8.24198005;22
3151;12.9;130.536172;294.0332999;310.7819752;170.971051;43.5180213;43.5180213;43.5180213;43.5180213;117
3152;15.2;125.1561047;409.972091;499.0912171;340.3087078;75.89665405;75.89665405;75.89665405;75.89665405;247
3153;18;88.78477442;531.5101867;777.2298298;619.6676964;151.1215473;88.78477442;88.78477442;88.78477442;442
3154;19.7;117.7740768;365.422655;639.2498287;607.6035794;289.0218508;117.7740768;117.7740768;117.7740768;517
3155;22.2;119.999365;247.2692358;649.5237872;741.5901137;469.5370098;119.999365;119.999365;119.999365;711
3156;23.8;129.1181253;129.1181253;471.2629741;682.6823803;569.8313535;198.8164947;129.1181253;129.1181253;781
3157;24.5;133.8890566;133.8890566;260.0986064;557.7620948;607.1265061;379.2748378;133.8890566;133.8890566;797
3158;25.1;133.043409;133.043409;133.043409;409.8602749;611.4550266;532.802741;219.9768605;133.043409;794
3159;25.2;128.060958;128.060958;128.060958;231.0684873;570.8588394;651.2641979;425.1841943;128.060958;742
3160;25.4;120.7369162;120.7369162;120.7369162;120.7369162;454.1207532;673.6519791;569.2930599;202.1760353;639
3161;25.2;115.8765059;115.8765059;115.8765059;115.8765059;290.1975036;563.3730435;574.4111808;316.8459243;475
3162;24.7;97.97311192;97.97311192;97.97311192;97.97311192;153.9512786;439.0197168;524.3076793;359.8546343;339
3163;23.5;97.13751103;70.62506415;70.62506415;70.62506415;70.62506415;290.6527796;408.3036903;328.1470415;206
3164;21.7;52.7559859;30.99188755;30.99188755;30.99188755;30.99188755;69.57888036;107.3262345;100.3579634;69
3165;19.8;2.037899096;1.265688556;1.265688556;1.265688556;1.265688556;1.772791392;2.755050804;2.864862011;3
3166;18.7;0;0;0;0;0;0;0;0;0
3167;17.2;0;0;0;0;0;0;0;0;0
3168;15.8;0;0;0;0;0;0;0;0;0
3169;15.5;0;0;0;0;0;0;0;0;0
3170;14.5;0;0;0;0;0;0;0;0;0
3171;13.8;0;0;0;0;0;0;0;0;0
3172;13.1;0;0;0;0;0;0;0;0;0
3173;12.6;0;0;0;0;0;0;0;0;0
3174;12.7;44.9362213;79.11365078;72.08472334;27.96688935;8.769999463;8.769999463;8.769999463;8.769999463;22
3175;13.5;115.5039689;253.2696728;266.9243589;148.4692973;41.3989127;41.3989127;41.3989127;41.3989127;108
3176;14.9;94.10190994;218.1442561;256.6184091;186.9867319;72.07021323;72.07021323;72.07021323;72.07021323;186
3177;18.6;91.44951;507.2294347;735.7416284;586.8362373;147.7400199;91.44951;91.44951;91.44951;431
3178;19.8;105.2733269;425.5382349;775.9947883;733.5518062;323.0718119;105.2733269;105.2733269;105.2733269;597
3179;21.9;121.3815472;246.1315171;633.3297053;720.6356056;456.9066059;121.3815472;121.3815472;121.3815472;686
3180;23.3;131.8115861;131.8115861;457.3103608;656.7747484;548.7228353;196.4499667;131.8115861;131.8115861;744
3181;23.8;134.6560614;134.6560614;262.6754864;562.9415314;612.3237566;381.8947244;134.6560614;134.6560614;789
3182;24.1;132.6234671;132.6234671;132.6234671;413.9006157;619.3405332;539.6681945;221.554575;132.6234671;808
3183;24.3;134.7355301;134.7355301;134.7355301;222.3595038;515.8653351;586.1104957;391.9463232;134.7355301;686
3184;25;120.9331821;120.9331821;120.9331821;120.9331821;452.3296666;672.7545415;569.9299481;204.0891386;642
3185;24.7;106.1027912;106.1027912;106.1027912;106.1027912;320.0420193;659.4192089;674.6711453;356.863451;533
3186;24.2;92.52844629;92.52844629;92.52844629;92.52844629;161.5623069;522.7321698;631.894526;425.1035479;375
3187;23.1;105.2663265;68.91157527;68.91157527;68.91157527;68.91157527;358.3268526;514.5613368;409.7402348;231
3188;19.5;88.7109888;36.04183246;36.04183246;36.04183246;36.04183246;128.041943;218.8187928;202.5273782;89
3189;16.1;10.91862003;1.676340981;1.676340981;1.676340981;1.676340981;7.667125884;19.39086929;20.73768226;3
3190;13.3;0;0;0;0;0;0;0;0;0
3191;12;0;0;0;0;0;0;0;0;0
3192;11.7;0;0;0;0;0;0;0;0;0
3193;12.8;0;0;0;0;0;0;0;0;0
3194;12.5;0;0;0;0;0;0;0;0;0
3195;11;0;0;0;0;0;0;0;0;0
3196;9.8;0;0;0;0;0;0;0;0;0
3197;9.5;0;0;0;0;0;0;0;0;0
3198;11.2;49.46795705;86.97728361;79.09108385;30.42898663;9.482272787;9.482272787;9.482272787;9.482272787;36
3199;15.4;219.7255003;550.5262361;582.2176764;296.2354052;39.91472938;39.91472938;39.91472938;39.91472938;158
3200;18.2;154.0949411;647.4119929;799.0827683;520.2605839;64.18531751;64.18531751;64.18531751;64.18531751;317
3201;20.7;85.58316052;582.4535097;852.8793483;673.8334864;150.1985617;85.58316052;85.58316052;85.58316052;475
3202;22.3;106.0015362;431.4265643;783.8711903;739.2289664;323.650702;106.0015362;106.0015362;106.0015362;614
3203;24;120.1790559;255.1748537;666.73583;758.1312607;475.8229419;120.1790559;120.1790559;120.1790559;733
3204;25.3;129.3365657;129.3365657;486.3074327;703.2224201;583.9628572;198.3893786;129.3365657;129.3365657;811
3205;24.9;133.2375962;133.2375962;269.8798636;588.5284237;640.4737919;395.287076;133.2375962;133.2375962;847
3206;26.4;132.3153273;132.3153273;132.3153273;422.1559556;634.4197991;552.5576528;224.5232517;132.3153273;831
3207;26.7;127.6468787;127.6468787;127.6468787;227.9005542;568.7870171;651.2595699;427.0069096;127.6468787;767
3208;26.6;118.3319908;118.3319908;118.3319908;118.3319908;466.0790003;699.6483892;592.6905159;207.859852;678
3209;26.3;104.6839562;104.6839562;104.6839562;104.6839562;325.0989026;678.9527669;696.4077504;367.2389604;547
3210;25.5;90.72525972;90.72525972;90.72525972;90.72525972;162.7342821;549.7313484;667.8488732;447.8952124;389
3211;24.6;104.8901784;70.84540507;70.84540507;70.84540507;70.84540507;331.4765199;473.4782358;379.6231;225
3212;22.5;81.69123481;36.08041321;36.08041321;36.08041321;36.08041321;114.6136162;192.7539556;179.1170587;86
3213;18.3;4.781896427;1.654412448;1.654412448;1.654412448;1.654412448;3.656157716;7.612791733;8.079087975;3
3214;17.9;0;0;0;0;0;0;0;0;0
3215;15.3;0;0;0;0;0;0;0;0;0
3216;13.2;0;0;0;0;0;0;0;0;0
3217;13;0;0;0;0;0;0;0;0;0
3218;13.2;0;0;0;0;0;0;0;0;0
3219;12.3;0;0;0;0;0;0;0;0;0
3220;11.2;0;0;0;0;0;0;0;0;0
3221;11.5;0;0;0;0;0;0;0;0;0
3222;12.3;51.6319178;89.22407595;81.14835958;32.13541382;11.26413768;11.26413768;11.26413768;11.26413768;31
3223;17.5;173.0881475;406.6723621;428.2795759;225.252576;44.80498646;44.80498646;44.80498646;44.80498646;142
3224;20.2;147.92985;574.5858483;704.6078047;461.8306206;68.19986379;68.19986379;68.19986379;68.19986379;300
3225;22.8;87.789118;561.3395969;816.5814934;644.9067006;146.8799837;87.789118;87.789118;87.789118;464
3226;24.9;106.4778827;425.1192104;766.6978767;721.5286246;316.0709895;106.4778827;106.4778827;106.4778827;597
3227;26.6;122.4318848;248.8920908;627.6789971;710.4989975;448.8372588;122.4318848;122.4318848;122.4318848;686
3228;27.3;136.0344553;136.0344553;435.2225552;615.48451;514.8911251;192.3686413;136.0344553;136.0344553;714
3229;27.3;133.6825206;133.6825206;263.330642;563.8634035;612.4020381;380.5132719;133.6825206;133.6825206;819
3230;27.9;133.3098273;133.3098273;133.3098273;407.0320992;607.9851077;530.8797747;220.8833585;133.3098273;806
3231;28.5;128.3393611;128.3393611;128.3393611;225.1088764;559.0093498;640.6291847;422.1565888;128.3393611;761
3232;28.3;120.0022402;120.0022402;120.0022402;120.0022402;456.6937748;684.9914295;582.3260797;208.8376949;658
3233;28.3;113.4490062;113.4490062;113.4490062;113.4490062;298.7334244;599.6865231;615.8082789;337.6547859;503
3234;27.5;97.64137506;97.64137506;97.64137506;97.64137506;152.8686168;457.71756;551.6387576;379.6144457;353
3235;26.2;108.2709268;70.42747177;70.42747177;70.42747177;70.42747177;349.6708656;503.1807216;403.1895929;233
3236;23.2;26.14191362;24.24094022;24.24094022;24.24094022;24.24094022;27.46894783;30.70700575;30.15733018;50
3237;20;2.738778294;1.578559348;1.578559348;1.578559348;1.578559348;2.312108876;3.776173986;3.952906246;3
3238;17.4;0;0;0;0;0;0;0;0;0
3239;16;0;0;0;0;0;0;0;0;0
3240;14.7;0;0;0;0;0;0;0;0;0
3241;14.4;0;0;0;0;0;0;0;0;0
3242;13.7;0;0;0;0;0;0;0;0;0
3243;13;0;0;0;0;0;0;0;0;0
3244;12.7;0;0;0;0;0;0;0;0;0
3245;13;0;0;0;0;0;0;0;0;0
3246;14.4;54.77051945;96.51434896;87.35610121;32.66055351;9.619067684;9.619067684;9.619067684;9.619067684;25
3247;18.3;125.3095091;262.7425623;275.0042445;154.9118285;49.06166593;49.06166593;49.06166593;49.06166593;131
3248;21.1;132.0586404;375.4458699;448.9629848;309.5446562;85.45944526;85.45944526;85.45944526;85.45944526;267
3249;23.5;111.9656875;425.7579767;593.2647952;478.8331239;149.495484;111.9656875;111.9656875;111.9656875;414
3250;25.3;122.8070625;389.0269662;671.5241305;632.5902782;295.0323321;122.8070625;122.8070625;122.8070625;567
3251;26.4;132.1522312;245.2774433;578.2713037;649.9346619;418.2880946;132.1522312;132.1522312;132.1522312;664
3252;27.4;138.7805821;138.7805821;435.4355346;612.6418959;512.2667262;193.1084387;138.7805821;138.7805821;725
3253;28.4;142.4894481;142.4894481;251.3961541;502.2864906;542.4125993;348.2691499;142.4894481;142.4894481;728
3254;28.8;133.2870117;133.2870117;133.2870117;404.499803;604.0545562;527.8400665;220.5017484;133.2870117;781
3255;29.4;125.5853083;125.5853083;125.5853083;220.5463861;552.9270232;634.9766795;418.6317791;125.5853083;744
3256;27.8;137.2493796;137.2493796;137.2493796;137.2493796;324.0111176;451.816419;395.352615;187.6954362;475
3257;28.4;118.9838944;118.9838944;118.9838944;118.9838944;223.7795915;395.9515783;405.8796522;247.7480821;372
3258;18.9;17.04685141;17.04685141;17.04685141;17.04685141;17.09764592;17.38557373;17.47508259;17.31373943;36
3259;17.5;1.391992718;1.391293091;1.391293091;1.391293091;1.391293091;1.39627969;1.399044834;1.397269112;3
3260;16.8;0;0;0;0;0;0;0;0;0
3261;16.6;2.823866117;2.823866117;2.823866117;2.823866117;2.823866117;2.823866117;2.823866117;2.823866117;6
3262;16;0;0;0;0;0;0;0;0;0
3263;16.4;0;0;0;0;0;0;0;0;0
3264;15.7;0;0;0;0;0;0;0;0;0
3265;15.5;0;0;0;0;0;0;0;0;0
3266;15;0;0;0;0;0;0;0;0;0
3267;14.7;0;0;0;0;0;0;0;0;0
3268;14.6;0;0;0;0;0;0;0;0;0
3269;14;0;0;0;0;0;0;0;0;0
3270;13;0;0;0;0;0;0;0;0;0
3271;13;9.098228987;9.327872444;9.347611113;9.14588235;8.969542557;8.969542557;8.969542557;8.969542557;19
3272;13.8;38.47862906;40.12640573;40.61972963;39.66961832;38.15563159;38.15563159;38.15563159;38.15563159;78
3273;13.3;95.33555268;152.3072759;182.4290667;161.5326582;101.8588831;95.33555268;95.33555268;95.33555268;225
3274;13.7;129.4060737;198.8627623;271.8272503;261.3633446;173.6006592;129.4060737;129.4060737;129.4060737;331
3275;13.9;101.2052787;103.3784986;109.6667148;110.9983364;106.5933176;101.2052787;101.2052787;101.2052787;208
3276;14.6;117.9842471;117.9842471;125.5658069;130.0555566;127.474097;119.3336119;117.9842471;117.9842471;244
3277;14.4;158.0810443;158.0810443;185.0826971;246.8888283;256.6725641;208.7027247;158.0810443;158.0810443;408
3278;16.1;156.8960007;156.8960007;156.8960007;314.3242416;430.3891154;386.2454318;207.751962;156.8960007;583
3279;16.2;124.7207127;124.7207127;124.7207127;223.5978705;574.5350346;661.9770694;434.7016169;124.7207127;775
3280;16;122.9259855;122.9259855;122.9259855;122.9259855;401.7923868;594.3328068;510.7295042;199.9561599;581
3281;15;109.5590215;109.5590215;109.5590215;109.5590215;280.3746651;564.1558807;581.6404216;322.5860809;464
3282;13.6;82.84545432;82.84545432;82.84545432;82.84545432;93.23099031;153.6732584;172.6255594;138.9858925;192
3283;13.8;105.7492793;60.87295704;60.87295704;60.87295704;60.87295704;370.4492258;543.5562372;433.9139293;214
3284;13.2;12.56355648;11.78161321;11.78161321;11.78161321;11.78161321;13.07500936;14.39269485;14.18084414;25
3285;12.8;1.390829586;1.390829586;1.390829586;1.390829586;1.390829586;1.390829586;1.390829586;1.390829586;3
3286;11.5;0;0;0;0;0;0;0;0;0
3287;11.7;0;0;0;0;0;0;0;0;0
3288;11;0;0;0;0;0;0;0;0;0
3289;10.8;0;0;0;0;0;0;0;0;0
3290;10;0;0;0;0;0;0;0;0;0
3291;9.9;0;0;0;0;0;0;0;0;0
3292;10;0;0;0;0;0;0;0;0;0
3293;10.2;0;0;0;0;0;0;0;0;0
3294;10;2.9665875;3.081018896;3.05487339;2.903466663;2.841039111;2.841039111;2.841039111;2.841039111;6
3295;9.4;10.59486546;10.89475165;10.91955455;10.65474497;10.42515511;10.42515511;10.42515511;10.42515511;22
3296;10.5;36.90228308;38.4014956;38.84636669;37.9762969;36.6016222;36.6016222;36.6016222;36.6016222;75
3297;11.6;56.07087704;57.81330467;58.72581303;58.08309589;56.26164824;56.07087704;56.07087704;56.07087704;114
3298;9.1;67.02305929;68.08943594;69.19854364;69.0332821;67.69045931;67.02305929;67.02305929;67.02305929;136
3299;12.6;139.6773064;164.2814261;234.28052;248.8623345;199.4850403;139.6773064;139.6773064;139.6773064;347
3300;13.2;151.0544903;151.0544903;390.3195914;530.7786803;448.8004887;192.4067294;151.0544903;151.0544903;642
3301;14.3;160.0695806;160.0695806;229.4197831;387.1127955;411.8069717;289.0367984;160.0695806;160.0695806;572
3302;13.2;165.8136468;165.8136468;165.8136468;239.2291821;293.4504964;272.9038752;189.6252506;165.8136468;458
3303;13.4;155.1069002;155.1069002;155.1069002;178.0966276;260.8015225;281.5919411;228.2891382;155.1069002;417
3304;15;119.9779438;119.9779438;119.9779438;119.9779438;421.3001489;631.142317;541.551328;205.008368;608
3305;15;102.4222376;102.4222376;102.4222376;102.4222376;300.4906897;633.1363471;654.8968769;353.0252559;506
3306;13.1;93.57071121;93.57071121;93.57071121;93.57071121;116.3480613;252.4152632;295.4334809;220.2032258;247
3307;12.9;107.8391283;61.28679393;61.28679393;61.28679393;61.28679393;372.6852647;548.2230689;438.5202073;217
3308;11.4;61.08064489;28.85671283;28.85671283;28.85671283;28.85671283;81.50159933;135.5317574;127.0731211;64
3309;10.6;2.817618608;2.817618608;2.817618608;2.817618608;2.817618608;2.817618608;2.817618608;2.817618608;6
3310;9.4;0;0;0;0;0;0;0;0;0
3311;10.2;0;0;0;0;0;0;0;0;0
3312;9.8;0;0;0;0;0;0;0;0;0
3313;8.2;0;0;0;0;0;0;0;0;0
3314;9.8;0;0;0;0;0;0;0;0;0
3315;10.2;0;0;0;0;0;0;0;0;0
3316;10.2;0;0;0;0;0;0;0;0;0
3317;10.1;0;0;0;0;0;0;0;0;0
3318;9.9;5.742585803;6.103346339;6.019289424;5.539654459;5.343995452;5.343995452;5.343995452;5.343995452;11
3319;11.6;66.31635139;118.2609718;122.3897399;76.28407916;36.63420592;36.63420592;36.63420592;36.63420592;86
3320;11.3;45.65318614;51.36701132;53.04748615;49.71021128;44.4816516;44.4816516;44.4816516;44.4816516;92
3321;12.6;96.47589072;154.2909657;184.2837099;162.8398245;102.5208468;96.47589072;96.47589072;96.47589072;228
3322;12.1;91.72643853;99.68185767;107.8747327;106.608156;96.62407106;91.72643853;91.72643853;91.72643853;192
3323;10.4;55.69497276;55.93259488;56.59748335;56.73369335;56.26143492;55.69497276;55.69497276;55.69497276;114
3324;10.1;61.31306961;61.31306961;61.91268372;62.26160191;62.05488274;61.4136195;61.31306961;61.31306961;125
3325;12.1;133.7628234;133.7628234;138.1840708;148.1690769;149.715095;141.9164888;133.7628234;133.7628234;281
3326;12.9;161.7309103;161.7309103;161.7309103;225.632315;272.8987789;255.044613;182.5285456;161.7309103;431
3327;11.2;43.22601521;43.22601521;43.22601521;43.31989649;43.66207291;43.74881264;43.52930472;43.22601521;89
3328;10.2;33.24106937;33.24106937;33.24106937;33.24106937;33.51208493;33.70239467;33.62246631;33.3191208;69
3329;10.9;103.0377299;103.0377299;103.0377299;103.0377299;129.8327675;175.3107093;178.4521199;137.4168036;239
3330;10.9;73.66221877;73.66221877;73.66221877;73.66221877;76.06790863;90.81493523;95.51413316;87.41277601;156
3331;10.3;25.55057405;25.32842403;25.32842403;25.32842403;25.32842403;26.77189988;27.59195718;27.08606745;53
3332;10.2;8.283947281;7.951046245;7.951046245;7.951046245;7.951046245;8.488482617;9.043997087;8.959275777;17
3333;9.7;11.47527526;9.194895726;9.194895726;9.194895726;9.194895726;10.57307285;13.42431205;13.79801652;19
3334;7.8;0;0;0;0;0;0;0;0;0
3335;6.5;0;0;0;0;0;0;0;0;0
3336;7.9;0;0;0;0;0;0;0;0;0
3337;9.2;0;0;0;0;0;0;0;0;0
3338;9.5;0;0;0;0;0;0;0;0;0
3339;8.8;0;0;0;0;0;0;0;0;0
3340;8.7;0;0;0;0;0;0;0;0;0
3341;8.4;0;0;0;0;0;0;0;0;0
3342;9.7;143.9241064;256.327401;229.6323171;79.47647285;18.87161587;18.87161587;18.87161587;18.87161587;56
3343;10.3;122.8982029;247.7731356;257.2991885;145.896129;50.86028067;50.86028067;50.86028067;50.86028067;133
3344;10.4;53.83439717;68.18316008;72.36582973;63.93225495;50.82855332;50.82855332;50.82855332;50.82855332;108
3345;10.9;43.26570548;44.31358832;44.85212604;44.46136011;43.37019591;43.26570548;43.26570548;43.26570548;89
3346;13.5;136.3253719;223.7177037;312.8436566;298.5675923;189.2522356;136.3253719;136.3253719;136.3253719;369
3347;13.5;132.6286167;252.4289742;582.2031351;648.6226404;412.7798448;132.6286167;132.6286167;132.6286167;675
3348;13.8;141.5616757;141.5616757;421.523834;583.0006701;485.8885302;187.0743888;141.5616757;141.5616757;711
3349;14.6;159.0096122;159.0096122;240.930792;424.6513418;452.7625691;308.7972982;159.0096122;159.0096122;628
3350;14.4;163.8838717;163.8838717;163.8838717;261.5850499;333.9451378;306.6856423;195.7748064;163.8838717;489
3351;14.1;143.010299;143.010299;143.010299;207.5501925;445.766525;506.6323664;354.4933323;143.010299;611
3352;13.4;142.3005677;142.3005677;142.3005677;142.3005677;261.3967076;345.6985503;310.8526134;177.2711741;414
3353;13.3;109.9787628;109.9787628;109.9787628;109.9787628;143.0000533;199.6220844;203.7322736;152.9229277;264
3354;13.4;95.85319325;95.85319325;95.85319325;95.85319325;130.9695924;351.7941204;422.6919245;302.1320325;292
3355;13.3;118.5964502;57.7438101;57.7438101;57.7438101;57.7438101;442.4696484;662.6809485;528.5282773;242
3356;11.4;170.9532609;28.47386775;28.47386775;28.47386775;28.47386775;255.8839435;492.5596743;457.3802337;114
3357;9.5;6.776202966;6.776202966;6.776202966;6.776202966;6.776202966;6.776202966;6.776202966;6.776202966;14
3358;7.2;0;0;0;0;0;0;0;0;0
3359;6.4;0;0;0;0;0;0;0;0;0
3360;5.5;0;0;0;0;0;0;0;0;0
3361;6.2;0;0;0;0;0;0;0;0;0
3362;5.9;0;0;0;0;0;0;0;0;0
3363;6;0;0;0;0;0;0;0;0;0
3364;7.4;0;0;0;0;0;0;0;0;0
3365;7.9;0;0;0;0;0;0;0;0;0
3366;8.5;20.31670505;30.74323698;28.22040729;14.22605539;8.637293938;8.637293938;8.637293938;8.637293938;19
3367;9.1;10.5768973;10.85549113;10.87585974;10.62607146;10.41467309;10.41467309;10.41467309;10.41467309;22
3368;9.9;32.74058537;33.88410445;34.214489;33.53820424;32.49599699;32.49599699;32.49599699;32.49599699;67
3369;10.5;65.91126247;72.24844295;75.47519854;73.09953008;66.51307195;65.91126247;65.91126247;65.91126247;136
3370;11.1;72.70923647;73.94539607;75.1939673;74.98701691;73.44577363;72.70923647;72.70923647;72.70923647;147
3371;11.2;70.98557297;71.36911271;72.40804544;72.61371309;71.86563834;70.98557297;70.98557297;70.98557297;144
3372;11.6;119.4086303;119.4086303;127.0967951;131.4919502;128.8088605;120.6192434;119.4086303;119.4086303;247
3373;12.2;146.9546707;146.9546707;168.0236749;214.9360022;222.0257875;185.1399307;146.9546707;146.9546707;361
3374;11.7;71.03773772;71.03773772;71.03773772;71.65049743;72.10479599;71.93402629;71.2382229;71.03773772;144
3375;11.9;44.72628398;44.72628398;44.72628398;44.82249979;45.18195898;45.27448993;45.04588927;44.72628398;92
3376;10.4;33.2461154;33.2461154;33.2461154;33.2461154;33.51005831;33.6983311;33.62170207;33.32505946;69
3377;11.1;72.4614926;72.4614926;72.4614926;72.4614926;73.6045938;75.58421433;75.73458682;73.96762511;147
3378;11.1;45.60446282;45.60446282;45.60446282;45.60446282;45.89086132;47.73765908;48.3348594;47.33263043;94
3379;10.7;20.08461107;19.9440926;19.9440926;19.9440926;19.9440926;20.80985054;21.30897769;21.00857366;42
3380;10.7;6.73883844;6.529335072;6.529335072;6.529335072;6.529335072;6.860088654;7.206594642;7.156371159;14
3381;10.4;1.388634894;1.388634894;1.388634894;1.388634894;1.388634894;1.388634894;1.388634894;1.388634894;3
3382;10.2;0;0;0;0;0;0;0;0;0
3383;10.1;0;0;0;0;0;0;0;0;0
3384;10.3;0;0;0;0;0;0;0;0;0
3385;10.3;0;0;0;0;0;0;0;0;0
3386;10.3;0;0;0;0;0;0;0;0;0
3387;9.8;0;0;0;0;0;0;0;0;0
3388;9.6;0;0;0;0;0;0;0;0;0
3389;8.8;0;0;0;0;0;0;0;0;0
3390;9.1;27.62353594;43.46985155;39.56528736;18.19708412;9.752990714;9.752990714;9.752990714;9.752990714;22
3391;10.7;38.79330177;54.21517794;55.29422681;41.3983562;29.73044021;29.73044021;29.73044021;29.73044021;64
3392;11;28.13966814;28.98458729;29.22654265;28.72380005;27.95526371;27.95526371;27.95526371;27.95526371;58
3393;11.7;36.21892723;36.95398908;37.32484215;37.04786525;36.2853077;36.21892723;36.21892723;36.21892723;75
3394;13.1;123.8616233;180.9174639;237.9995814;228.221231;157.3104378;123.8616233;123.8616233;123.8616233;303
3395;14.3;154.0381969;191.4954955;291.3704937;310.798095;238.3978741;154.0381969;154.0381969;154.0381969;419
3396;14.6;160.3789577;160.3789577;239.7339853;284.6966401;256.8356826;172.4716838;160.3789577;160.3789577;425
3397;14.8;148.5924184;148.5924184;170.2927913;218.2572345;225.4129731;187.5682727;148.5924184;148.5924184;367
3398;14.5;103.1615619;103.1615619;103.1615619;104.4028113;105.3238054;104.9781867;103.5684138;103.1615619;206
3399;13.3;44.72994996;44.72994996;44.72994996;44.82427631;45.18078709;45.2732036;45.04738949;44.72994996;92
3400;13.3;39.16750248;39.16750248;39.16750248;39.16750248;39.52666727;39.78475855;39.68126959;39.27682283;81
3401;12.9;20.00172763;20.00172763;20.00172763;20.00172763;20.09345061;20.25382611;20.26652573;20.12411023;42
3402;15.2;92.96070149;92.96070149;92.96070149;92.96070149;137.7559867;433.8371413;530.2375006;370.4870415;331
3403;14.7;108.6440459;65.53559495;65.53559495;65.53559495;65.53559495;324.7534641;475.2334721;385.7180201;211
3404;12.8;186.7762099;31.504837;31.504837;31.504837;31.504837;274.0930826;529.8477969;493.6799641;111
3405;10.3;5.246080798;5.246080798;5.246080798;5.246080798;5.246080798;5.246080798;5.246080798;5.246080798;11
3406;8.4;0;0;0;0;0;0;0;0;0
3407;7.4;0;0;0;0;0;0;0;0;0
3408;7.2;0;0;0;0;0;0;0;0;0
3409;6.8;0;0;0;0;0;0;0;0;0
3410;7.8;0;0;0;0;0;0;0;0;0
3411;7.4;0;0;0;0;0;0;0;0;0
3412;8.5;0;0;0;0;0;0;0;0;0
3413;9.2;0;0;0;0;0;0;0;0;0
3414;9.7;99.00100468;173.6813584;154.9508574;53.78157507;14.21905483;14.21905483;14.21905483;14.21905483;39
3415;10.8;81.45401695;149.4949024;154.0438968;92.43626105;41.10746473;41.10746473;41.10746473;41.10746473;100
3416;12.3;57.01469298;73.67455857;78.40329905;68.43088238;53.306854;53.306854;53.306854;53.306854;114
3417;13.8;110.7031613;225.7481163;283.2653654;239.6980157;120.5672298;110.7031613;110.7031613;110.7031613;286
3418;15.7;137.854962;251.5449709;364.2231197;344.2978718;203.4411672;137.854962;137.854962;137.854962;392
3419;17.4;157.4079975;218.3591821;378.3788017;408.9567212;292.1808099;157.4079975;157.4079975;157.4079975;494
3420;16.5;148.508793;148.508793;173.9759758;188.2772159;179.2826533;152.2611807;148.508793;148.508793;331
3421;17.3;160.8104231;160.8104231;188.8635668;250.406107;259.4647107;210.7329707;160.8104231;160.8104231;419
3422;16.6;95.83626205;95.83626205;95.83626205;96.90397417;97.69664555;97.39952952;96.1866726;95.83626205;192
3423;18.3;126.1160378;126.1160378;126.1160378;128.7997223;139.055619;141.7316844;135.2603158;126.1160378;264
3424;16.8;32.26835021;32.26835021;32.26835021;32.26835021;32.51109916;32.68677055;32.61733698;32.34347169;67
3425;17.9;87.93736795;87.93736795;87.93736795;87.93736795;91.37196556;97.43305827;97.93170437;92.57580374;181
3426;18.2;71.8293661;71.8293661;71.8293661;71.8293661;73.39377975;83.98771853;87.45945935;81.77530353;150
3427;15.8;6.556378937;6.540694792;6.540694792;6.540694792;6.540694792;6.632871371;6.686736305;6.655052102;14
3428;14.5;3.774291283;3.71036684;3.71036684;3.71036684;3.71036684;3.80924898;3.914131747;3.899651794;8
3429;13.9;0;0;0;0;0;0;0;0;0
3430;13.4;0;0;0;0;0;0;0;0;0
3431;13.4;0;0;0;0;0;0;0;0;0
3432;13.4;0;0;0;0;0;0;0;0;0
3433;13.5;0;0;0;0;0;0;0;0;0
3434;13.5;0;0;0;0;0;0;0;0;0
3435;13.5;0;0;0;0;0;0;0;0;0
3436;13.6;0;0;0;0;0;0;0;0;0
3437;13.4;0;0;0;0;0;0;0;0;0
3438;13.2;2.912425325;2.994044335;2.973216815;2.862143243;2.819157169;2.819157169;2.819157169;2.819157169;6
3439;11.8;9.069737508;9.264262654;9.276669245;9.099689669;8.953366834;8.953366834;8.953366834;8.953366834;19
3440;11.8;31.18820983;32.18973767;32.47151416;31.86847845;30.96104526;30.96104526;30.96104526;30.96104526;64
3441;13.3;100.0505724;163.2635651;194.5846786;170.5289948;105.188007;100.0505724;100.0505724;100.0505724;239
3442;14.5;137.4964996;335.8714179;530.6677831;495.1497427;250.1232831;137.4964996;137.4964996;137.4964996;500
3443;16;138.79268;257.6261308;564.9036534;622.5711469;396.8477756;138.79268;138.79268;138.79268;656
3444;16;147.3414892;147.3414892;417.8547163;568.4079481;472.306159;185.8444735;147.3414892;147.3414892;694
3445;16.5;160.7604769;160.7604769;234.7770119;395.9163466;419.304562;291.2411589;160.7604769;160.7604769;597
3446;16.4;165.8639058;165.8639058;165.8639058;266.4742933;341.1909295;313.203373;198.906355;165.8639058;506
3447;17.5;144.9944382;144.9944382;144.9944382;202.8553302;426.3078553;484.9707959;344.4801971;144.9944382;600
3448;17.1;123.6192618;123.6192618;123.6192618;123.6192618;168.9845087;202.0360338;189.1520775;137.8798865;294
3449;16.1;59.6626486;59.6626486;59.6626486;59.6626486;60.41162908;61.74517921;61.85881116;60.68596086;122
3450;15.1;30.67318284;30.67318284;30.67318284;30.67318284;30.79271691;31.6216139;31.89493284;31.4525672;64
3451;13;15.6764164;15.589151;15.589151;15.589151;15.589151;16.09108824;16.38626285;16.21450015;33
3452;12.2;12.37876914;11.77386576;11.77386576;11.77386576;11.77386576;12.70072988;13.68955296;13.55619245;25
3453;11.8;1.943222535;0.832475417;0.832475417;0.832475417;0.832475417;1.472789606;2.848763544;3.043623244;3
3454;12;0;0;0;0;0;0;0;0;0
3455;12.3;0;0;0;0;0;0;0;0;0
3456;12.3;0;0;0;0;0;0;0;0;0
3457;12.2;0;0;0;0;0;0;0;0;0
3458;13.1;0;0;0;0;0;0;0;0;0
3459;13.7;0;0;0;0;0;0;0;0;0
3460;14;0;0;0;0;0;0;0;0;0
3461;13.9;0;0;0;0;0;0;0;0;0
3462;13.9;1.412223976;1.431697583;1.42664397;1.400023475;1.389827;1.389827;1.389827;1.389827;3
3463;14.1;6.617009556;6.720495488;6.726780963;6.632184034;6.554563928;6.554563928;6.554563928;6.554563928;14
3464;14.1;13.2609371;13.45021297;13.50299942;13.38837487;13.21721095;13.21721095;13.21721095;13.21721095;28
3465;14;71.69233965;82.24225078;87.42345846;83.38959009;72.50363105;71.69233965;71.69233965;71.69233965;150
3466;12.6;119.0453212;149.1025104;178.3495164;172.8569291;135.8422317;119.0453212;119.0453212;119.0453212;272
3467;12.9;102.8171441;105.1214942;110.991987;112.0737678;107.7331439;102.8171441;102.8171441;102.8171441;211
3468;13.2;134.166265;134.166265;148.5652742;156.5074733;151.3624955;136.1441991;134.166265;134.166265;286
3469;13.8;147.8750496;147.8750496;169.1924805;215.2424014;221.8294414;185.0950017;147.8750496;147.8750496;364
3470;13.3;149.2458059;149.2458059;149.2458059;164.8557407;176.448995;172.1069901;154.3732135;149.2458059;325
3471;13.8;133.049567;133.049567;133.049567;136.5593719;150.2488341;153.8631989;145.2852204;133.049567;283
3472;14.3;139.3966205;139.3966205;139.3966205;139.3966205;209.4546208;260.8245915;241.0637036;161.7476173;361
3473;14.7;117.2557401;117.2557401;117.2557401;117.2557401;248.9297057;485.3839837;506.1937293;299.1688757;439
3474;14.8;97.96265327;97.96265327;97.96265327;97.96265327;127.8371458;339.8514836;410.1706253;297.6025712;294
3475;14.2;105.2331305;68.58131495;68.58131495;68.58131495;68.58131495;275.1745968;397.4001516;327.0080915;200
3476;12.6;145.3601383;35.67932027;35.67932027;35.67932027;35.67932027;202.2296222;380.8978341;357.3417225;103
3477;11.5;5.004111534;3.771194008;3.771194008;3.771194008;3.771194008;4.476135247;6.001048994;6.219743932;22
3478;11.5;0;0;0;0;0;0;0;0;0
3479;10.8;0;0;0;0;0;0;0;0;0
3480;10.8;0;0;0;0;0;0;0;0;0
3481;10.4;0;0;0;0;0;0;0;0;0
3482;9.8;0;0;0;0;0;0;0;0;0
3483;9.1;0;0;0;0;0;0;0;0;0
3484;8.5;0;0;0;0;0;0;0;0;0
3485;8.5;0;0;0;0;0;0;0;0;0
3486;9.2;73.34642894;124.3823356;110.9191339;40.84338473;14.27547026;14.27547026;14.27547026;14.27547026;36
3487;10.5;75.01266307;131.1749309;134.4174718;82.84084933;40.83530624;40.83530624;40.83530624;40.83530624;97
3488;11.4;87.44964995;154.2314415;172.6940288;132.0222785;71.7454002;71.7454002;71.7454002;71.7454002;172
3489;11.9;98.86127412;156.3174376;184.2895039;162.2188718;103.0342182;98.86127412;98.86127412;98.86127412;233
3490;13.2;141.1089601;274.0780833;402.3076372;377.5305485;214.2608999;141.1089601;141.1089601;141.1089601;425
3491;15.2;127.6069012;272.4221143;636.0105756;701.7830596;431.2109372;127.6069012;127.6069012;127.6069012;750
3492;15.6;157.8970144;157.8970144;373.943326;492.0471235;414.410319;186.5114996;157.8970144;157.8970144;625
3493;15.5;168.0039855;168.0039855;216.9738814;321.9261653;336.7129238;252.6722744;168.0039855;168.0039855;508
3494;16.6;164.4829228;164.4829228;164.4829228;257.5513133;326.6596984;300.7671278;195.0411183;164.4829228;489
3495;16.7;155.1040508;155.1040508;155.1040508;174.3173751;249.9561816;270.0318962;222.7844376;155.1040508;411
3496;17;124.5708335;124.5708335;124.5708335;124.5708335;170.0029821;203.5192368;190.7885876;139.2684761;297
3497;17.1;99.33675238;99.33675238;99.33675238;99.33675238;106.7275358;120.1084847;121.3216346;109.6563386;211
3498;16.6;74.28051451;74.28051451;74.28051451;74.28051451;75.97792116;88.2986329;92.407721;85.89813739;156
3499;16.4;53.39312052;51.37616426;51.37616426;51.37616426;51.37616426;62.53128017;69.16883673;65.38368707;108
3500;15.4;5.226757281;5.116310082;5.116310082;5.116310082;5.116310082;5.282597211;5.461922793;5.438793137;11
3501;13;0;0;0;0;0;0;0;0;0
3502;13.4;0;0;0;0;0;0;0;0;0
3503;13.8;0;0;0;0;0;0;0;0;0
3504;15;0;0;0;0;0;0;0;0;0
3505;16;0;0;0;0;0;0;0;0;0
3506;16.7;0;0;0;0;0;0;0;0;0
3507;13.3;0;0;0;0;0;0;0;0;0
3508;11.6;0;0;0;0;0;0;0;0;0
3509;11.3;0;0;0;0;0;0;0;0;0
3510;10.6;14.13815336;18.53496721;17.35644885;11.29295835;9.017279782;9.017279782;9.017279782;9.017279782;19
3511;10.7;48.29225621;71.44204802;72.71007083;51.35353407;34.08753177;34.08753177;34.08753177;34.08753177;75
3512;10.9;53.99191578;65.42346904;68.55656038;61.55586739;51.25710843;51.25710843;51.25710843;51.25710843;108
3513;10.7;29.26272812;29.73649084;29.96516246;29.78235757;29.2951608;29.26272812;29.26272812;29.26272812;61
3514;12.6;125.0795769;163.3869968;200.0048501;192.7324945;145.8299773;125.0795769;125.0795769;125.0795769;294
3515;12;142.538844;170.1193121;238.3855361;250.5060678;199.380864;142.538844;142.538844;142.538844;356
3516;13.7;168.0120141;168.0120141;315.2274672;394.9876478;341.7885805;186.7935575;168.0120141;168.0120141;539
3517;13.5;159.9788268;159.9788268;242.2313991;417.108812;441.3629668;300.7861086;159.9788268;159.9788268;633
3518;12.8;167.0178612;167.0178612;167.0178612;269.4571223;345.4922131;316.9794491;200.6212207;167.0178612;517
3519;12.8;127.2278338;127.2278338;127.2278338;208.4431903;530.9546434;616.9684069;416.0987848;127.2278338;767
3520;15.4;117.379024;117.379024;117.379024;117.379024;430.9621015;663.6325593;576.3151046;220.1591181;658
3521;14.9;115.0455215;115.0455215;115.0455215;115.0455215;259.4961028;523.0697228;547.6282995;318.7857517;464
3522;13.3;97.32975536;97.32975536;97.32975536;97.32975536;115.7386524;252.3126861;298.0998209;226.2785742;258
3523;11.5;57.7245266;54.5968522;54.5968522;54.5968522;54.5968522;71.5902231;81.75678221;76.01342267;117
3524;11.5;146.6464212;36.79403955;36.79403955;36.79403955;36.79403955;200.8553194;378.6641082;356.2100473;106
3525;11.6;5.637695181;2.46575142;2.46575142;2.46575142;2.46575142;4.252163246;8.164063012;8.737969131;14
3526;11;0;0;0;0;0;0;0;0;0
3527;11.4;0;0;0;0;0;0;0;0;0
3528;11.5;0;0;0;0;0;0;0;0;0
3529;11.2;0;0;0;0;0;0;0;0;0
3530;10.8;0;0;0;0;0;0;0;0;0
3531;9.9;0;0;0;0;0;0;0;0;0
3532;9.6;0;0;0;0;0;0;0;0;0
3533;9.7;0;0;0;0;0;0;0;0;0
3534;9.8;0;0;0;0;0;0;0;0;0
3535;9.9;5.166872803;5.227258291;5.230389795;5.174432922;5.129519626;5.129519626;5.129519626;5.129519626;11
3536;10.3;8.93332319;9.017446946;9.040305576;8.988508805;8.912860834;8.912860834;8.912860834;8.912860834;19
3537;11;19.96963924;20.19324158;20.30025848;20.21360311;19.98403701;19.96963924;19.96963924;19.96963924;42
3538;12.2;66.99739725;68.04281089;69.03351104;68.83148335;67.55507289;66.99739725;66.99739725;66.99739725;136
3539;12.4;143.772089;172.3297656;242.0368224;254.181731;201.6501688;143.772089;143.772089;143.772089;361
3540;10.4;58.30426388;58.30426388;58.82679433;59.107384;58.91751679;58.36841436;58.30426388;58.30426388;119
3541;9.6;62.9297215;62.9297215;63.15178534;63.62010452;63.68400668;63.30605882;62.9297215;62.9297215;128
3542;9.1;72.60429119;72.60429119;72.60429119;73.20365578;73.64823909;73.48129188;72.80060956;72.60429119;147
3543;8.4;72.5181771;72.5181771;72.5181771;72.73546037;73.60525225;73.83825025;73.2979673;72.5181771;147
3544;8.4;69.86900754;69.86900754;69.86900754;69.86900754;70.90095555;71.67078986;71.38516453;70.211395;142
3545;8.8;48.56237267;48.56237267;48.56237267;48.56237267;49.03688496;49.90915257;49.99249477;49.23809084;100
3546;8.8;19.94919539;19.94919539;19.94919539;19.94919539;19.99454374;20.3381594;20.45392523;20.27402716;42
3547;9.4;28.0450981;27.77528524;27.77528524;27.77528524;27.77528524;29.21708975;30.0841176;29.59866276;58
3548;9.5;22.71541925;21.03961743;21.03961743;21.03961743;21.03961743;23.52340525;26.22802567;25.89334692;44
3549;7.8;4.54294132;1.659675481;1.659675481;1.659675481;1.659675481;3.272321804;6.823567621;7.349875458;3
3550;7.4;0;0;0;0;0;0;0;0;0
3551;7;0;0;0;0;0;0;0;0;0
3552;8.4;0;0;0;0;0;0;0;0;0
3553;7.4;0;0;0;0;0;0;0;0;0
3554;7;0;0;0;0;0;0;0;0;0
3555;6.8;0;0;0;0;0;0;0;0;0
3556;7.6;0;0;0;0;0;0;0;0;0
3557;7.4;0;0;0;0;0;0;0;0;0
3558;8.2;46.38232769;74.42805791;66.67724743;27.67021592;13.31954055;13.31954055;13.31954055;13.31954055;31
3559;9.6;102.4667393;185.525598;189.5946082;112.2901988;50.6814919;50.6814919;50.6814919;50.6814919;122
3560;9.8;62.97717715;84.19294129;89.90889782;76.77671694;57.73311462;57.73311462;57.73311462;57.73311462;125
3561;9.9;56.00427408;57.64476239;58.42340536;57.78495403;56.10340454;56.00427408;56.00427408;56.00427408;114
3562;12.3;142.048297;278.5909063;406.8950992;380.0556272;213.7946892;142.048297;142.048297;142.048297;431
3563;12.2;151.831484;245.7570309;471.925076;510.5866361;339.0942936;151.831484;151.831484;151.831484;578
3564;13.6;166.9252932;166.9252932;300.9765745;372.32344;323.3508568;182.7462999;166.9252932;166.9252932;514
3565;13.4;161.2393496;161.2393496;231.6291294;378.8663223;398.6205861;279.320141;161.2393496;161.2393496;581
3566;12.9;167.929405;167.929405;167.929405;273.113418;351.0645283;321.7375671;202.3118706;167.929405;528
3567;14.3;128.7565136;128.7565136;128.7565136;207.1423283;523.2372776;608.2507455;412.3829953;128.7565136;747
3568;14.1;129.5306969;129.5306969;129.5306969;129.5306969;377.7733102;563.9047352;495.5857397;212.8366648;581
3569;13.1;125.1924146;125.1924146;125.1924146;125.1924146;196.3849444;328.1760992;341.0621644;227.4946579;361
3570;10.2;77.38590008;77.38590008;77.38590008;77.38590008;79.34338045;94.48024062;99.60346795;91.71194534;164
3571;11.7;103.9529809;70.45045515;70.45045515;70.45045515;70.45045515;246.7275694;353.2464666;294.1072957;194
3572;10.1;41.71593998;29.08763753;29.08763753;29.08763753;29.08763753;47.67139781;67.9973458;65.5305144;61
3573;9.6;20.10886828;3.654728142;3.654728142;3.654728142;3.654728142;12.79829493;33.03982444;36.06796307;14
3574;8.6;0;0;0;0;0;0;0;0;0
3575;7.9;0;0;0;0;0;0;0;0;0
3576;6.9;0;0;0;0;0;0;0;0;0
3577;5.9;0;0;0;0;0;0;0;0;0
3578;4.9;0;0;0;0;0;0;0;0;0
3579;4.3;0;0;0;0;0;0;0;0;0
3580;4.1;0;0;0;0;0;0;0;0;0
3581;5.1;1.459216824;1.459216824;1.459216824;1.459216824;1.459216824;1.459216824;1.459216824;1.459216824;3
3582;7.1;128.010223;217.1656063;192.1629652;67.64850768;22.28566866;22.28566866;22.28566866;22.28566866;58
3583;8.9;160.9885375;323.6935704;331.2056903;179.1243992;58.76269615;58.76269615;58.76269615;58.76269615;164
3584;10.5;127.0004095;278.167385;318.5528887;224.4996405;89.05158348;89.05158348;89.05158348;89.05158348;244
3585;11;94.10576438;136.4597354;156.3993448;139.8482197;96.50178455;94.10576438;94.10576438;94.10576438;214
3586;11.9;91.07961465;97.68578589;103.8420696;102.5222803;94.49953261;91.07961465;91.07961465;91.07961465;189
3587;13.5;156.3860024;212.3040869;345.1781291;367.4603041;266.0980158;156.3860024;156.3860024;156.3860024;461
3588;14.6;141.4796994;141.4796994;432.6627924;586.2784347;479.3370104;174.4833555;141.4796994;141.4796994;739
3589;10;108.6158902;108.6158902;109.3926701;111.0041299;111.2165912;109.9055972;108.6158902;108.6158902;217
3590;9.9;79.7976504;79.7976504;79.7976504;80.5062695;81.03082672;80.83300598;80.02868798;79.7976504;161
3591;11.9;154.9078042;154.9078042;154.9078042;172.8048419;245.4578485;265.0678672;220.1476151;154.9078042;408
3592;13.4;129.9730412;129.9730412;129.9730412;129.9730412;505.4566295;788.3287366;685.5450062;257.3147536;817
3593;13.1;107.9196;107.9196;107.9196;107.9196;275.589587;588.0416345;619.2447057;350.9204648;511
3594;12.9;78.51336379;78.51336379;78.51336379;78.51336379;80.58089673;96.88317457;102.4246664;93.95924145;167
3595;12.5;24.03943354;23.83929482;23.83929482;23.83929482;23.83929482;24.87729672;25.5073899;25.16033561;50
3596;11.5;8.187139814;7.948709989;7.948709989;7.948709989;7.948709989;8.297245165;8.680042987;8.634435858;17
3597;10.8;27.03269306;3.845115683;3.845115683;3.845115683;3.845115683;16.65278832;45.1454774;49.44497472;17
3598;10;0;0;0;0;0;0;0;0;0
3599;8.8;0;0;0;0;0;0;0;0;0
3600;7.3;0;0;0;0;0;0;0;0;0
3601;6.4;0;0;0;0;0;0;0;0;0
3602;5.2;0;0;0;0;0;0;0;0;0
3603;4.8;0;0;0;0;0;0;0;0;0
3604;4.3;0;0;0;0;0;0;0;0;0
3605;4.4;1.459217199;1.459217199;1.459217199;1.459217199;1.459217199;1.459217199;1.459217199;1.459217199;3
3606;6.3;125.9535417;212.6938363;188.0204223;66.38665098;22.49873879;22.49873879;22.49873879;22.49873879;58
3607;10.2;186.9867693;387.2494074;395.9414817;207.9712931;60.21799895;60.21799895;60.21799895;60.21799895;183
3608;12.5;175.9732281;517.0580517;607.4258711;394.1404431;89.05735346;89.05735346;89.05735346;89.05735346;339
3609;13.9;105.9357015;539.775705;742.395076;572.1851774;128.8526592;105.9357015;105.9357015;105.9357015;497
3610;14.8;115.3613949;457.2335751;773.2497532;703.8838536;289.7694795;115.3613949;115.3613949;115.3613949;661
3611;15.9;131.7722329;303.0663341;704.8756586;770.968769;462.6292175;131.7722329;131.7722329;131.7722329;833
3612;16.5;149.0707763;149.0707763;414.725586;553.6501198;455.5775612;177.957485;149.0707763;149.0707763;694
3613;16.5;150.8006566;150.8006566;254.3611991;467.4226966;495.0112972;320.9659728;150.8006566;150.8006566;708
3614;17.8;140.404317;140.404317;140.404317;363.3067216;528.0851099;465.7653477;212.8535063;140.404317;750
3615;17.8;134.5699209;134.5699209;134.5699209;202.3904767;479.3527273;554.3458859;383.4399774;134.5699209;697
3616;17.8;116.2944467;116.2944467;116.2944467;116.2944467;456.6736003;714.2278277;621.5207899;232.8590123;725
3617;17.2;123.3410361;123.3410361;123.3410361;123.3410361;220.5852574;402.9292928;421.4943193;265.4051962;400
3618;16.6;98.18267419;98.18267419;98.18267419;98.18267419;114.5989624;246.4652417;291.4696039;223.2491042;258
3619;15.4;81.69097011;66.43266341;66.43266341;66.43266341;66.43266341;144.5203372;192.1236175;166.0988415;161
3620;13.9;73.25105834;35.89062147;35.89062147;35.89062147;35.89062147;90.16502797;150.0066601;143.0006645;81
3621;11.4;65.63082109;5.591995912;5.591995912;5.591995912;5.591995912;38.56893854;112.2672606;123.4766594;11
3622;10.7;0;0;0;0;0;0;0;0;0
3623;10.3;0;0;0;0;0;0;0;0;0
3624;10.1;0;0;0;0;0;0;0;0;0
3625;9.5;0;0;0;0;0;0;0;0;0
3626;9;0;0;0;0;0;0;0;0;0
3627;6.8;0;0;0;0;0;0;0;0;0
3628;7.5;0;0;0;0;0;0;0;0;0
3629;6;3.89665824;3.89665824;3.89665824;3.89665824;3.89665824;3.89665824;3.89665824;3.89665824;8
3630;9.3;162.5213106;275.2105526;242.7113005;84.06117561;27.35828994;27.35828994;27.35828994;27.35828994;92
3631;12.3;235.6269667;510.179168;521.3511982;262.5986336;60.56109192;60.56109192;60.56109192;60.56109192;219
3632;13.5;200.8112913;674.8159688;799.3724442;501.5172237;78.27057349;78.27057349;78.27057349;78.27057349;394
3633;14.4;99.40931702;589.7550391;816.9808685;623.863015;123.5272981;99.40931702;99.40931702;99.40931702;533
3634;16.3;114.6990002;465.4814472;787.1760809;714.9427611;291.0947869;114.6990002;114.6990002;114.6990002;672
3635;17;127.9895339;283.851948;644.8964872;703.1439436;424.4737473;127.9895339;127.9895339;127.9895339;767
3636;17.5;136.1497877;136.1497877;501.0703208;690.2538761;554.8507714;174.1783091;136.1497877;136.1497877;878
3637;18.3;139.6082977;139.6082977;284.6308847;580.5118415;618.1174821;375.4189321;139.6082977;139.6082977;914
3638;18.7;137.5208194;137.5208194;137.5208194;416.55011;622.4898088;544.341251;227.8828018;137.5208194;900
3639;19.4;127.8529324;127.8529324;127.8529324;211.5524712;555.1558443;648.4509669;436.7868213;127.8529324;819
3640;19.4;116.056946;116.056946;116.056946;116.056946;445.5085145;695.8043511;606.4920206;229.8894748;711
3641;19.3;101.4896547;101.4896547;101.4896547;101.4896547;298.4041136;669.7902163;708.2735575;391.3111178;572
3642;18.8;84.73116183;84.73116183;84.73116183;84.73116183;136.990987;564.229301;710.5841081;490.3227474;408
3643;17.9;132.9083394;63.6957249;63.6957249;63.6957249;63.6957249;413.5753854;627.7129005;511.4568035;258
3644;16.3;153.3292642;39.06528502;39.06528502;39.06528502;39.06528502;204.1049496;386.7305962;365.6986187;114
3645;14.7;13.53117073;4.29058199;4.29058199;4.29058199;4.29058199;9.339875426;20.67194998;22.40804134;8
3646;13.1;0;0;0;0;0;0;0;0;0
3647;10.7;0;0;0;0;0;0;0;0;0
3648;7.9;0;0;0;0;0;0;0;0;0
3649;6.8;0;0;0;0;0;0;0;0;0
3650;6.4;0;0;0;0;0;0;0;0;0
3651;5.9;0;0;0;0;0;0;0;0;0
3652;5.6;0;0;0;0;0;0;0;0;0
3653;5.6;5.092633055;6.801951162;5.220096146;1.273697222;1.183567205;1.183567205;1.183567205;1.183567205;8
3654;9.2;165.2559418;277.584448;244.7540413;85.9963286;29.78268335;29.78268335;29.78268335;29.78268335;89
3655;13.7;247.5364097;539.2356196;550.3313579;274.3238917;60.21553049;60.21553049;60.21553049;60.21553049;225
3656;16.2;196.2754461;638.0648651;753.2206652;474.2861405;80.46639931;80.46639931;80.46639931;80.46639931;383
3657;17;100.8956138;576.4025359;795.0752985;607.1070166;122.6069603;100.8956138;100.8956138;100.8956138;525
3658;18.1;116.227416;455.8170174;764.8518424;693.9312753;284.5996224;116.227416;116.227416;116.227416;658
3659;18.9;128.3070121;284.1598664;640.8002934;697.2291068;420.3910731;128.3070121;128.3070121;128.3070121;764
3660;20;134.4282982;134.4282982;481.6652209;660.1379846;530.6571439;169.0708192;134.4282982;134.4282982;844
3661;21.1;136.1830398;136.1830398;273.167563;550.3151721;584.8697947;356.5898015;136.1830398;136.1830398;869
3662;21.3;133.7066763;133.7066763;133.7066763;393.5603842;584.996882;512.0736978;217.508244;133.7066763;850
3663;21.5;127.7117414;127.7117414;127.7117414;204.9544537;523.4842361;610.1758587;414.2465447;127.7117414;778
3664;22.1;118.4626847;118.4626847;118.4626847;118.4626847;417.4778271;645.4912448;564.7784797;222.619975;672
3665;21;103.101655;103.101655;103.101655;103.101655;290.3072517;645.288153;682.663557;380.5394591;550
3666;21.1;87.19155051;87.19155051;87.19155051;87.19155051;135.3353816;535.5033851;673.0563961;467.4177263;397
3667;20;129.2210696;66.93778136;66.93778136;66.93778136;66.93778136;378.2522329;569.4861892;466.3341039;247
3668;19;121.8025265;39.97268995;39.97268995;39.97268995;39.97268995;157.539389;288.0669467;273.2642536;103
3669;18;36.56396577;6.223209426;6.223209426;6.223209426;6.223209426;22.72381284;59.8993429;65.63212195;19
3670;17;0;0;0;0;0;0;0;0;0
3671;16.2;0;0;0;0;0;0;0;0;0
3672;14.8;0;0;0;0;0;0;0;0;0
3673;14.1;0;0;0;0;0;0;0;0;0
3674;13;0;0;0;0;0;0;0;0;0
3675;12.6;0;0;0;0;0;0;0;0;0
3676;12.3;0;0;0;0;0;0;0;0;0
3677;12.3;2.286621162;2.908262707;2.328430266;0.886781818;0.857218317;0.857218317;0.857218317;0.857218317;6
3678;13.2;191.6236654;327.576057;287.3246105;94.44807728;26.77729004;26.77729004;26.77729004;26.77729004;78
3679;14.8;223.3949495;471.413824;480.204984;244.6186871;63.02657021;63.02657021;63.02657021;63.02657021;211
3680;16.6;196.1768544;618.4390692;727.6332032;459.7948136;83.99842549;83.99842549;83.99842549;83.99842549;375
3681;17.9;101.6851612;570.7289279;784.8285422;598.752029;121.5004861;101.6851612;101.6851612;101.6851612;522
3682;19.5;116.7084502;454.7416011;760.0572552;688.5079046;282.0061886;116.7084502;116.7084502;116.7084502;656
3683;21.5;128.6420272;284.4396474;636.7539572;691.4231897;416.4228498;128.6420272;128.6420272;128.6420272;761
3684;22.2;135.9743635;135.9743635;469.186412;638.9991475;514.1467867;167.7661494;135.9743635;135.9743635;803
3685;22;141.7682272;141.7682272;262.2640241;504.0123261;533.5629478;333.6055359;141.7682272;141.7682272;781
3686;22.8;135.1007966;135.1007966;135.1007966;375.6811236;552.5550807;484.8899798;212.3231195;135.1007966;811
3687;24.1;127.9916021;127.9916021;127.9916021;204.0803643;519.0363866;604.9236776;411.4306271;127.9916021;775
3688;24.6;119.0799096;119.0799096;119.0799096;119.0799096;417.6021566;646.0027252;565.7390547;223.8285148;661
3689;24.6;103.8766473;103.8766473;103.8766473;103.8766473;287.4673279;637.3240569;674.6945281;377.6876264;547
3690;23.9;97.28265044;97.28265044;97.28265044;97.28265044;131.0465035;416.0730815;514.3565485;368.3237826;342
3691;22.6;129.4924745;67.47044936;67.47044936;67.47044936;67.47044936;374.2983577;563.4126637;462.0107467;247
3692;21.3;113.6697044;40.19549837;40.19549837;40.19549837;40.19549837;145.2459775;262.2335167;249.1541962;100
3693;19.9;19.50142239;6.665695978;6.665695978;6.665695978;6.665695978;13.61635771;29.33114248;31.76881608;14
3694;18.7;0;0;0;0;0;0;0;0;0
3695;17.6;0;0;0;0;0;0;0;0;0
3696;16.9;0;0;0;0;0;0;0;0;0
3697;16.4;0;0;0;0;0;0;0;0;0
3698;15.9;0;0;0;0;0;0;0;0;0
3699;15.8;0;0;0;0;0;0;0;0;0
3700;15.4;0;0;0;0;0;0;0;0;0
3701;15.1;2.600161825;3.224827998;2.637673951;1.182646561;1.156121483;1.156121483;1.156121483;1.156121483;8
3702;16.4;178.4646509;303.013464;265.6750695;88.32179244;26.65471405;26.65471405;26.65471405;26.65471405;75
3703;18.3;207.0898993;426.74796;433.9782946;224.545471;64.11114817;64.11114817;64.11114817;64.11114817;203
3704;20.6;187.7818697;558.200587;653.2439208;417.236775;88.10540234;88.10540234;88.10540234;88.10540234;356
3705;22.1;107.035027;541.1647034;737.8954781;565.0767566;123.943402;107.035027;107.035027;107.035027;500
3706;24.3;119.7790014;437.4482797;722.2839393;654.1803777;273.0317377;119.7790014;119.7790014;119.7790014;633
3707;25.3;129.6127801;285.1954865;633.0071929;685.9372796;412.9800196;129.6127801;129.6127801;129.6127801;742
3708;26.3;135.5628996;135.5628996;463.5545975;629.3085642;505.833017;165.4582568;135.5628996;135.5628996;814
3709;27.2;136.9824616;136.9824616;267.4484982;527.0102221;558.0989735;342.5033837;136.9824616;136.9824616;839
3710;27.2;137.2962598;137.2962598;137.2962598;375.5846137;550.3755131;483.1901883;213.3848913;137.2962598;789
3711;26.6;150.5374366;150.5374366;150.5374366;199.3095659;401.8040771;457.1099981;332.8298704;150.5374366;597
3712;27;134.1091839;134.1091839;134.1091839;134.1091839;351.1707651;517.7435801;459.5885689;210.7721482;556
3713;26.4;123.2191922;123.2191922;123.2191922;123.2191922;229.7467695;433.6706729;455.7363093;283.0179283;425
3714;24.8;94.63768474;94.63768474;94.63768474;94.63768474;132.9170073;460.7392878;574.1042144;406.6041507;364
3715;23.5;126.1452547;69.33287093;69.33287093;69.33287093;69.33287093;347.7723026;519.9180753;428.1171463;239
3716;21.7;153.7898233;40.29140295;40.29140295;40.29140295;40.29140295;201.8534374;382.2730436;362.3644428;117
3717;20;14.2566547;7.227379676;7.227379676;7.227379676;7.227379676;11.01911761;19.61898191;20.96001368;19
3718;18.2;0;0;0;0;0;0;0;0;0
3719;16.7;0;0;0;0;0;0;0;0;0
3720;15.2;0;0;0;0;0;0;0;0;0
3721;13.8;0;0;0;0;0;0;0;0;0
3722;13.3;0;0;0;0;0;0;0;0;0
3723;13.4;0;0;0;0;0;0;0;0;0
3724;13.5;0;0;0;0;0;0;0;0;0
3725;13.6;2.807364841;3.60953795;2.849851867;0.973320397;0.943277533;0.943277533;0.943277533;0.943277533;6
3726;14;9.913565641;10.44944943;10.28684924;9.521014041;9.257062679;9.257062679;9.257062679;9.257062679;19
3727;14.4;25.08038812;26.18989582;26.22368413;25.16196031;24.35352795;24.35352795;24.35352795;24.35352795;50
3728;14.3;18.63124763;18.96028561;19.0440688;18.83351814;18.54160949;18.54160949;18.54160949;18.54160949;39
3729;14.7;32.22729812;32.7813657;33.03068449;32.80939045;32.24711461;32.22729812;32.22729812;32.22729812;67
3730;15.1;47.14382339;47.67329149;48.14468529;48.02978776;47.39590432;47.14382339;47.14382339;47.14382339;97
3731;16.8;126.1659988;133.9430844;151.1370245;153.7032764;140.1385645;126.1659988;126.1659988;126.1659988;272
3732;18.1;167.7611066;167.7611066;302.0895166;369.4141504;318.6131659;179.445091;167.7611066;167.7611066;517
3733;19.4;169.4978343;169.4978343;220.6142144;321.4607079;333.289411;249.1712298;169.4978343;169.4978343;517
3734;20.6;141.1239168;141.1239168;141.1239168;358.6172005;517.7575706;456.2710543;210.175619;141.1239168;750
3735;20.2;145.8212172;145.8212172;145.8212172;159.1879589;214.8106612;230.0202828;195.9072337;145.8212172;364
3736;20.9;139.8156676;139.8156676;139.8156676;139.8156676;202.5149696;250.7576534;234.0120265;162.0874501;358
3737;20.6;95.9679463;95.9679463;95.9679463;95.9679463;100.6205368;109.5634377;110.5422842;102.9836811;200
3738;20.1;83.66175516;83.66175516;83.66175516;83.66175516;86.18602615;108.0907866;115.6853518;104.5209284;181
3739;19.1;100.308648;71.86371636;71.86371636;71.86371636;71.86371636;210.1059362;295.8126702;250.3331443;192
3740;18.2;90.16138542;39.2692091;39.2692091;39.2692091;39.2692091;111.4267536;192.2075635;183.3991596;94
3741;16.9;21.26282031;7.62577545;7.62577545;7.62577545;7.62577545;14.95671661;31.63033672;34.24241041;22
3742;16;0;0;0;0;0;0;0;0;0
3743;15.5;0;0;0;0;0;0;0;0;0
3744;15.4;0;0;0;0;0;0;0;0;0
3745;15;0;0;0;0;0;0;0;0;0
3746;14.3;0;0;0;0;0;0;0;0;0
3747;14.6;0;0;0;0;0;0;0;0;0
3748;14.6;0;0;0;0;0;0;0;0;0
3749;14.9;4.914946217;6.41088506;4.983767251;1.469579047;1.420915228;1.420915228;1.420915228;1.420915228;6
3750;14.8;8.740309076;9.159310156;9.030688879;8.429789844;8.224460316;8.224460316;8.224460316;8.224460316;17
3751;15.1;35.59568697;43.38073911;43.5991846;36.12306104;30.46373359;30.46373359;30.46373359;30.46373359;64
3752;15.6;54.14526544;63.34564628;65.6709236;59.75898147;51.60911043;51.60911043;51.60911043;51.60911043;108
3753;16;57.53092319;59.21669669;59.9700932;59.29465699;57.58604945;57.53092319;57.53092319;57.53092319;117
3754;15.6;22.43953764;22.5638525;22.67377599;22.64648582;22.49796822;22.43953764;22.43953764;22.43953764;47
3755;16.4;85.48322589;86.08082331;87.38791959;87.57927213;86.54278922;85.48322589;85.48322589;85.48322589;172
3756;17.8;148.6477341;148.6477341;171.7798482;183.2795237;174.4923666;150.5657743;148.6477341;148.6477341;328
3757;19.1;154.565304;154.565304;179.1192868;227.1580946;232.6730301;192.433519;154.565304;154.565304;389
3758;20.6;166.256249;166.256249;166.256249;228.2653468;273.5151775;255.9341826;185.8210704;166.256249;450
3759;21;151.6989331;151.6989331;151.6989331;197.3964602;387.8441253;439.9611394;323.2180626;151.6989331;581
3760;19.8;97.78967197;97.78967197;97.78967197;97.78967197;100.1717784;102.0088413;101.374372;98.64003407;197
3761;18.3;29.25884403;29.25884403;29.25884403;29.25884403;29.41913699;29.72836925;29.76256001;29.50168077;61
3762;17.2;64.3967864;64.3967864;64.3967864;64.3967864;64.75314743;67.88274232;68.97031151;67.37877171;131
3763;16;5.144010203;5.134471733;5.134471733;5.134471733;5.134471733;5.180483006;5.209079969;5.193972439;11
3764;15.8;15.3499409;14.65578753;14.65578753;14.65578753;14.65578753;15.63654409;16.73694013;16.61822519;31
3765;15.5;4.353075552;3.171288887;3.171288887;3.171288887;3.171288887;3.804690986;5.248841391;5.475989716;6
3766;14.4;0;0;0;0;0;0;0;0;0
3767;13.4;0;0;0;0;0;0;0;0;0
3768;12;0;0;0;0;0;0;0;0;0
3769;11.6;0;0;0;0;0;0;0;0;0
3770;11.5;0;0;0;0;0;0;0;0;0
3771;11.7;0;0;0;0;0;0;0;0;0
3772;11.8;0;0;0;0;0;0;0;0;0
3773;11.9;0;0;0;0;0;0;0;0;0
3774;12.2;9.876564581;10.388551;10.22961732;9.49286475;9.243218763;9.243218763;9.243218763;9.243218763;19
3775;12.7;32.90300394;38.34038929;38.48033458;33.24086175;29.29709344;29.29709344;29.29709344;29.29709344;61
3776;13.4;131.2895094;276.4308351;312.8474543;219.2070054;90.82615146;90.82615146;90.82615146;90.82615146;247
3777;13.8;95.5034165;138.1600799;157.0983122;139.9550899;96.77268023;95.5034165;95.5034165;95.5034165;217
3778;14.5;117.6975921;143.9454222;167.0015023;161.1760205;129.881465;117.6975921;117.6975921;117.6975921;264
3779;15.3;138.5946595;151.437041;179.2374927;183.2299239;161.0756225;138.5946595;138.5946595;138.5946595;311
3780;15.8;148.8490888;148.8490888;207.2433399;236.0417944;213.7639445;153.4598525;148.8490888;148.8490888;369
3781;16.8;169.0224177;169.0224177;219.3453576;316.9845124;327.9494789;245.8171283;169.0224177;169.0224177;511
3782;17.5;158.8462199;158.8462199;158.8462199;291.2851301;387.6491943;349.9835792;200.3522914;158.8462199;572
3783;18.6;132.7713461;132.7713461;132.7713461;201.5573652;488.4442081;566.9827122;391.166087;132.7713461;725
3784;19.1;134.3971564;134.3971564;134.3971564;134.3971564;349.2471486;515.2588094;458.1668793;211.4150366;558
3785;19.2;119.9814198;119.9814198;119.9814198;119.9814198;240.2145392;472.9105678;498.865488;302.8752597;450
3786;18.8;94.27948296;94.27948296;94.27948296;94.27948296;102.9282207;179.6987265;206.4317979;167.4675642;228
3787;19;101.3794549;72.42588303;72.42588303;72.42588303;72.42588303;211.1756484;297.6012548;252.1221824;194
3788;17.7;32.9225441;29.24040598;29.24040598;29.24040598;29.24040598;34.42689805;40.25735153;39.63422772;61
3789;16.3;4.251165275;3.173138497;3.173138497;3.173138497;3.173138497;3.749453142;5.066197263;5.274013233;6
3790;16.8;0;0;0;0;0;0;0;0;0
3791;16.3;0;0;0;0;0;0;0;0;0
3792;14.3;0;0;0;0;0;0;0;0;0
3793;13.2;0;0;0;0;0;0;0;0;0
3794;11.9;0;0;0;0;0;0;0;0;0
3795;11.6;0;0;0;0;0;0;0;0;0
3796;11.2;0;0;0;0;0;0;0;0;0
3797;11.3;0;0;0;0;0;0;0;0;0
3798;12;7.040885858;7.313222904;7.227768146;6.834579822;6.702434089;6.702434089;6.702434089;6.702434089;14
3799;12.7;21.83723643;22.66922379;22.6887673;21.88441864;21.28229539;21.28229539;21.28229539;21.28229539;44
3800;13.3;84.66966708;133.6649223;145.8713687;114.1386355;70.86249733;70.86249733;70.86249733;70.86249733;164
3801;14;111.6689383;216.762967;263.1245525;220.7654932;114.4991517;111.6689383;111.6689383;111.6689383;281
3802;14.3;127.7037065;189.2519733;242.9720486;229.1694923;155.9296549;127.7037065;127.7037065;127.7037065;314
3803;15.5;154.943207;195.4329245;282.2145644;294.4423692;224.9534567;154.943207;154.943207;154.943207;414
3804;15.4;155.6404922;155.6404922;222.9009568;255.813245;230.0456932;160.6925837;155.6404922;155.6404922;397
3805;16.9;172.5677272;172.5677272;233.0295503;349.3755014;362.1498564;263.8695712;172.5677272;172.5677272;564
3806;17;151.8530814;151.8530814;151.8530814;328.0969702;455.9364722;405.648048;206.6899744;151.8530814;661
3807;17.2;140.7131962;140.7131962;140.7131962;201.2687492;453.8282469;522.9691945;368.1897626;140.7131962;669
3808;17.3;132.2392611;132.2392611;132.2392611;132.2392611;361.5980778;539.1008995;478.2696913;214.7385501;578
3809;17.9;118.6819168;118.6819168;118.6819168;118.6819168;246.3704462;494.1798606;522.0276722;313.6010106;464
3810;17.8;93.59045174;93.59045174;93.59045174;93.59045174;132.512132;481.2576204;602.9129391;426.2140523;378
3811;17.2;111.0370528;73.54562714;73.54562714;73.54562714;73.54562714;252.1924084;363.6817536;305.2132909;206
3812;16.2;123.6819855;42.00077796;42.00077796;42.00077796;42.00077796;156.7514771;285.9639805;272.2661486;108
3813;14.7;29.46065209;8.773813192;8.773813192;8.773813192;8.773813192;19.80956684;45.06756457;49.06517497;25
3814;13.8;0;0;0;0;0;0;0;0;0
3815;13.2;0;0;0;0;0;0;0;0;0
3816;12.7;0;0;0;0;0;0;0;0;0
3817;12.3;0;0;0;0;0;0;0;0;0
3818;11.8;0;0;0;0;0;0;0;0;0
3819;11.3;0;0;0;0;0;0;0;0;0
3820;10.6;0;0;0;0;0;0;0;0;0
3821;10.8;44.78320295;62.53946094;45.24449648;3.029465176;2.703281397;2.703281397;2.703281397;2.703281397;6
3822;11.7;172.9613768;289.4381048;252.5103818;83.80996715;27.56032622;27.56032622;27.56032622;27.56032622;75
3823;13.1;195.8157309;393.9981888;398.2234289;206.0163628;62.89250703;62.89250703;62.89250703;62.89250703;192
3824;14.1;167.7377356;418.9244592;481.075915;317.7846231;96.22107168;96.22107168;96.22107168;96.22107168;308
3825;15.1;121.9854088;337.5461779;432.0567791;344.9317768;127.2078159;121.9854088;121.9854088;121.9854088;372
3826;17.1;129.6107029;408.2643359;649.9890298;586.8831573;255.9132828;129.6107029;129.6107029;129.6107029;586
3827;13.6;58.25286714;58.54325843;59.15973306;59.24497793;58.74905775;58.25286714;58.25286714;58.25286714;119
3828;14.4;125.5592547;125.5592547;134.5709291;138.9469435;135.4806314;126.2025114;125.5592547;125.5592547;261
3829;17.3;140.4255518;140.4255518;268.4334003;512.74779;538.9608621;331.7173545;140.4255518;140.4255518;803
3830;17;163.9235926;163.9235926;163.9235926;221.5590199;263.2275636;246.7251878;181.7187606;163.9235926;436
3831;18;135.6360835;135.6360835;135.6360835;199.6725409;466.5487381;539.5807902;375.9875116;135.6360835;700
3832;17.9;127.3012189;127.3012189;127.3012189;127.3012189;369.668508;557.4689598;493.2829831;214.7098525;603
3833;17.9;109.9833255;109.9833255;109.9833255;109.9833255;266.8655633;572.0387569;606.5461453;350.1737684;517
3834;18.1;102.8720737;102.8720737;102.8720737;102.8720737;123.1497381;306.3083056;370.2966875;277.6313576;303
3835;17.1;136.9092622;66.23014352;66.23014352;66.23014352;66.23014352;401.4042645;610.9170498;501.3596326;264
3836;16.1;164.6713612;41.46253864;41.46253864;41.46253864;41.46253864;214.175572;408.9244753;388.4191599;125
3837;14;73.09133705;9.228285179;9.228285179;9.228285179;9.228285179;43.23952814;121.1904981;133.5555222;19
3838;11;0;0;0;0;0;0;0;0;0
3839;9;0;0;0;0;0;0;0;0;0
3840;8.1;0;0;0;0;0;0;0;0;0
3841;7.3;0;0;0;0;0;0;0;0;0
3842;6.6;0;0;0;0;0;0;0;0;0
3843;6.1;0;0;0;0;0;0;0;0;0
3844;6.1;0;0;0;0;0;0;0;0;0
3845;7.2;14.72720506;19.90925925;14.82887268;2.462066895;2.390177031;2.390177031;2.390177031;2.390177031;11
3846;9.6;114.2429676;186.3917875;163.2904184;58.47132898;23.78954388;23.78954388;23.78954388;23.78954388;58
3847;10.7;17.6280046;18.17502585;18.18554489;17.65339979;17.25915927;17.25915927;17.25915927;17.25915927;36
3848;13.5;83.1877331;128.7748783;139.9799532;110.239177;70.08101299;70.08101299;70.08101299;70.08101299;161
3849;15.7;121.7811986;327.7347742;417.5018132;334.0397269;126.2394735;121.7811986;121.7811986;121.7811986;364
3850;16.2;141.8785966;333.0462689;497.9064477;454.21034;227.554533;141.8785966;141.8785966;141.8785966;492
3851;17.6;155.0518891;240.9306444;421.5813984;446.1027806;300.1304979;155.0518891;155.0518891;155.0518891;533
3852;17.8;140.1790932;140.1790932;449.4144386;598.4599608;479.0507661;161.1351414;140.1790932;140.1790932;769
3853;18.4;150.5139344;150.5139344;260.02698;467.3545898;489.0812408;312.4797555;150.5139344;150.5139344;722
3854;18.9;155.1600327;155.1600327;155.1600327;202.1730695;236.0437698;222.5338739;169.5572956;155.1600327;394
3855;18.9;146.3265115;146.3265115;146.3265115;197.6099738;411.0171657;469.3721623;338.4913978;146.3265115;614
3856;16.8;106.9579177;106.9579177;106.9579177;106.9579177;111.9643664;115.8470468;114.522596;108.7668592;219
3857;17.8;111.2160544;111.2160544;111.2160544;111.2160544;122.4266427;144.2746944;146.7574432;128.4205285;244
3858;13.2;51.62252512;51.62252512;51.62252512;51.62252512;51.8432718;53.85051693;54.55263467;53.53833398;106
3859;12.8;13.25346268;13.1924874;13.1924874;13.1924874;13.1924874;13.48051042;13.66078873;13.56674248;28
3860;12.6;8.145252431;7.947518318;7.947518318;7.947518318;7.947518318;8.224215295;8.536561048;8.503853559;17
3861;12.3;1.595125106;1.379262139;1.379262139;1.379262139;1.379262139;1.494078067;1.757499349;1.799354403;3
3862;12.4;0;0;0;0;0;0;0;0;0
3863;10.8;0;0;0;0;0;0;0;0;0
3864;10.5;0;0;0;0;0;0;0;0;0
3865;9.5;0;0;0;0;0;0;0;0;0
3866;9.1;0;0;0;0;0;0;0;0;0
3867;9;0;0;0;0;0;0;0;0;0
3868;8.8;0;0;0;0;0;0;0;0;0
3869;8.7;17.83375062;24.16454819;17.91878884;2.755153686;2.695022587;2.695022587;2.695022587;2.695022587;8
3870;9.3;193.2014933;323.9074375;281.6590992;91.20498192;28.65600891;28.65600891;28.65600891;28.65600891;81
3871;10.8;228.6534979;469.9200636;474.0751396;238.6847386;65.14543152;65.14543152;65.14543152;65.14543152;217
3872;12.1;192.5668775;544.6274253;630.6101963;400.1476494;90.40424819;90.40424819;90.40424819;90.40424819;356
3873;13.8;116.2355647;465.9486558;617.5160137;475.4400831;122.9470173;116.2355647;116.2355647;116.2355647;456
3874;11.8;115.984983;140.2161707;160.9955757;155.408386;126.7275015;115.984983;115.984983;115.984983;258
3875;12.7;140.1117393;168.3941682;227.3693422;235.2301958;187.3719476;140.1117393;140.1117393;140.1117393;344
3876;14.2;158.8664301;158.8664301;381.8070925;488.4821113;402.0727345;173.196403;158.8664301;158.8664301;642
3877;10.4;113.5304175;113.5304175;114.7272186;116.9748986;117.2048483;115.2823663;113.5304175;113.5304175;228
3878;14.3;158.8579351;158.8579351;158.8579351;304.5179773;409.0756149;367.0591292;203.0812077;158.8579351;606
3879;15.6;151.3361852;151.3361852;151.3361852;198.2303732;392.9367302;446.1167646;326.6183336;151.3361852;594
3880;15.3;125.0313144;125.0313144;125.0313144;125.0313144;166.115467;197.9942905;187.1323922;139.8925247;297
3881;15.7;124.1755952;124.1755952;124.1755952;124.1755952;227.3816529;428.8031939;451.7780191;282.8477874;428
3882;15.6;93.47127822;93.47127822;93.47127822;93.47127822;132.1992532;486.2152112;610.1670998;431.4455838;383
3883;14.9;131.6575659;70.07264344;70.07264344;70.07264344;70.07264344;360.0842223;541.795874;447.1784549;250
3884;13.9;95.66725771;41.14901695;41.14901695;41.14901695;41.14901695;117.3380289;203.4147917;194.4384644;100
3885;10.9;59.4788615;9.395480017;9.395480017;9.395480017;9.395480017;36.01215571;97.12052526;106.8407531;19
3886;8.6;0;0;0;0;0;0;0;0;0
3887;7.3;0;0;0;0;0;0;0;0;0
3888;6.5;0;0;0;0;0;0;0;0;0
3889;5.9;0;0;0;0;0;0;0;0;0
3890;5.5;0;0;0;0;0;0;0;0;0
3891;5.2;0;0;0;0;0;0;0;0;0
3892;4.8;0;0;0;0;0;0;0;0;0
3893;5;18.27494484;24.94454568;18.32449028;2.292717302;2.257683383;2.257683383;2.257683383;2.257683383;6
3894;8.3;192.6370864;322.2930433;280.004513;90.54354285;28.76544302;28.76544302;28.76544302;28.76544302;81
3895;11.7;211.1849846;424.2942642;427.5546965;219.0563645;66.05987398;66.05987398;66.05987398;66.05987398;208
3896;13.6;201.8914072;591.6401295;686.2442467;430.28595;87.79677274;87.79677274;87.79677274;87.79677274;372
3897;14.9;101.9936764;588.485725;798.200205;600.0863427;110.1965518;101.9936764;101.9936764;101.9936764;536
3898;15.7;116.772879;470.9167177;772.9882609;690.6577331;272.1532411;116.772879;116.772879;116.772879;672
3899;15.9;128.6245402;301.5691951;659.2011568;706.0285323;414.6204802;128.6245402;128.6245402;128.6245402;789
3900;17.1;136.3184507;136.3184507;463.4580978;618.8909678;491.639402;156.245642;136.3184507;136.3184507;814
3901;17.9;143.9392081;143.9392081;263.3838751;485.9447533;508.1634216;317.0244853;143.9392081;143.9392081;767
3902;17.6;152.6857286;152.6857286;152.6857286;322.3291071;443.6365349;394.5089264;203.7245683;152.6857286;650
3903;17.4;147.1149373;147.1149373;147.1149373;196.5678989;401.2915108;457.1219332;331.3544619;147.1149373;603
3904;17.8;146.3907829;146.3907829;146.3907829;146.3907829;253.2457917;336.1728498;307.928147;185.0570471;428
3905;17.6;119.5943743;119.5943743;119.5943743;119.5943743;153.4445903;219.5722718;227.1342569;171.7008372;297
3906;17.2;85.69328956;85.69328956;85.69328956;85.69328956;88.19889109;111.191574;119.2477077;107.6481183;186
3907;17.1;45.41590426;44.76269986;44.76269986;44.76269986;44.76269986;47.83191282;49.75642685;48.75568334;92
3908;16.7;55.70887613;35.79003956;35.79003956;35.79003956;35.79003956;63.60183942;95.04070068;91.77132824;78
3909;15.5;14.00500304;7.171685369;7.171685369;7.171685369;7.171685369;10.80172699;19.13865713;20.46549752;14
3910;15;0;0;0;0;0;0;0;0;0
3911;14.9;0;0;0;0;0;0;0;0;0
3912;14.9;0;0;0;0;0;0;0;0;0
3913;15;0;0;0;0;0;0;0;0;0
3914;15.2;0;0;0;0;0;0;0;0;0
3915;15.3;0;0;0;0;0;0;0;0;0
3916;14.8;0;0;0;0;0;0;0;0;0
3917;14.2;0;0;0;0;0;0;0;0;0
3918;14.6;34.38914016;50.40317285;45.13504957;21.67076548;14.07226006;14.07226006;14.07226006;14.07226006;31
3919;14.5;35.20563404;41.97582321;42.06698011;35.42570625;30.57400192;30.57400192;30.57400192;30.57400192;64
3920;14.6;40.98626781;42.40991423;42.75345147;41.81564008;40.56605254;40.56605254;40.56605254;40.56605254;83
3921;15.9;92.31952888;127.6968581;142.8691912;128.4302177;92.83809236;92.31952888;92.31952888;92.31952888;206
3922;17;125.8114204;184.6367417;234.5577366;220.7766143;151.3661694;125.8114204;125.8114204;125.8114204;306
3923;17.1;127.3647852;135.771536;153.0185618;155.2379531;141.1296207;127.3647852;127.3647852;127.3647852;275
3924;17.1;115.674803;115.674803;120.9476135;123.4358185;121.3777259;115.9789384;115.674803;115.674803;236
3925;17.3;147.6870598;147.6870598;154.6071584;167.4015019;168.6473926;157.6150047;147.6870598;147.6870598;317
3926;17.4;103.2400256;103.2400256;103.2400256;104.3376816;105.1194553;104.8002845;103.5671352;103.2400256;206
3927;17.4;119.2849024;119.2849024;119.2849024;120.6321504;126.1890006;127.7015237;124.2837042;119.2849024;244
3928;17.5;59.72556975;59.72556975;59.72556975;59.72556975;60.41268024;60.94583025;60.76416821;59.97410928;122
3929;19.4;110.7162001;110.7162001;110.7162001;110.7162001;135.8075241;184.8499103;190.4657745;149.3654196;261
3930;18.4;43.06654042;43.06654042;43.06654042;43.06654042;43.2185317;44.61669975;45.1068055;44.40175163;89
3931;18.6;31.03096296;30.71615057;30.71615057;30.71615057;30.71615057;32.19332809;33.12000745;32.63854005;64
3932;18.1;15.28619744;14.64892837;14.64892837;14.64892837;14.64892837;15.53831011;16.54397316;16.43954468;31
3933;17.5;13.4428476;7.187916317;7.187916317;7.187916317;7.187916317;10.51071856;18.14199959;19.35652721;14
3934;16.2;0;0;0;0;0;0;0;0;0
3935;15.1;0;0;0;0;0;0;0;0;0
3936;14.6;0;0;0;0;0;0;0;0;0
3937;14.3;0;0;0;0;0;0;0;0;0
3938;14.9;0;0;0;0;0;0;0;0;0
3939;14.9;0;0;0;0;0;0;0;0;0
3940;15.1;0;0;0;0;0;0;0;0;0
3941;13.9;13.66822515;18.44368195;13.64915671;2.106700711;2.106700711;2.106700711;2.106700711;2.120184135;6
3942;14.8;145.3158676;238.9439746;207.8915846;70.34876646;26.10105267;26.10105267;26.10105267;26.10105267;67
3943;15.8;186.8168647;366.5096105;368.6155648;191.901088;63.34999437;63.34999437;63.34999437;63.34999437;186
3944;16.4;192.5177722;532.2058638;613.7173688;389.3039532;91.47086226;91.47086226;91.47086226;91.47086226;353
3945;17.5;104.7268202;560.7868075;755.4315831;568.9023336;110.4653637;104.7268202;104.7268202;104.7268202;519
3946;17.7;145.0740143;300.826957;432.3686575;395.6170524;212.1007336;145.0740143;145.0740143;145.0740143;458
3947;18.4;145.2630534;273.5927093;534.900336;567.9637268;353.414796;145.2630534;145.2630534;145.2630534;642
3948;19.7;154.0826088;154.0826088;392.982128;504.9767186;411.4222986;167.1217785;154.0826088;154.0826088;658
3949;20.2;161.8229344;161.8229344;235.6107369;370.9967543;383.8515849;266.6450432;161.8229344;161.8229344;583
3950;20.1;149.1699219;149.1699219;149.1699219;341.4765523;477.8739547;421.7209926;205.9113097;149.1699219;697
3951;20.4;135.406592;135.406592;135.406592;200.2655426;466.6166008;538.9493279;374.8921933;135.406592;706
3952;20.1;123.9813533;123.9813533;123.9813533;123.9813533;388.9400743;594.42097;524.3247185;219.7127533;636
3953;19.9;102.111921;102.111921;102.111921;102.111921;295.1043538;672.3464401;715.5528789;399.4139242;594
3954;19.7;90.24378325;90.24378325;90.24378325;90.24378325;131.6500925;512.937407;646.6165294;454.3800428;400
3955;19;128.7338626;71.69676598;71.69676598;71.69676598;71.69676598;339.1846391;507.0188405;419.8472747;244
3956;18.3;172.949425;42.10125004;42.10125004;42.10125004;42.10125004;224.7082957;431.1947855;409.7555593;131
3957;14.9;28.54630155;8.703405131;8.703405131;8.703405131;8.703405131;19.24895983;43.45996803;47.31105307;17
3958;12.5;0;0;0;0;0;0;0;0;0
3959;11.6;0;0;0;0;0;0;0;0;0
3960;10.8;0;0;0;0;0;0;0;0;0
3961;10.3;0;0;0;0;0;0;0;0;0
3962;10.1;0;0;0;0;0;0;0;0;0
3963;11.4;0;0;0;0;0;0;0;0;0
3964;11;0;0;0;0;0;0;0;0;0
3965;10.3;12.55091406;16.84618586;12.51057399;2.112345815;2.112345815;2.112345815;2.112345815;2.140870554;6
3966;13;134.105103;219.121969;190.7077942;65.50721697;25.4830702;25.4830702;25.4830702;25.4830702;64
3967;15.9;171.7935197;330.0708602;331.6643451;175.6405325;62.59478778;62.59478778;62.59478778;62.59478778;175
3968;18.2;171.8712622;421.7882371;481.4405334;315.8846448;96.98611393;96.98611393;96.98611393;96.98611393;311
3969;19.8;120.1183793;270.5152967;334.4114797;272.7776708;121.7181194;120.1183793;120.1183793;120.1183793;331
3970;20.2;120.2334082;149.4905354;174.0879183;167.1380596;132.7120922;120.2334082;120.2334082;120.2334082;272
3971;20.1;82.88938894;83.47756148;84.66675598;84.81479297;83.83495439;82.88938894;82.88938894;82.88938894;167
3972;21;159.4187832;159.4187832;232.817781;267.0093017;238.1757559;163.2074435;159.4187832;159.4187832;414
3973;21.7;161.5575411;161.5575411;190.8324896;244.1456386;249.0798002;202.7446094;161.5575411;161.5575411;419
3974;22.6;160.7072512;160.7072512;160.7072512;213.5672333;250.8984748;235.3969207;176.1431712;160.7072512;419
3975;22;149.6101708;149.6101708;149.6101708;154.9618699;176.8286646;182.7512347;169.2602191;149.6101708;331
3976;21.4;121.741135;121.741135;121.741135;121.741135;133.1729374;142.0307865;139.0032329;125.8637764;258
3977;21.3;69.86070747;69.86070747;69.86070747;69.86070747;70.69158029;72.31508255;72.50084517;71.14005093;142
3978;20.3;99.908757;99.908757;99.908757;99.908757;113.1079912;234.6043266;277.1978242;215.9377906;258
3979;19.6;151.8448332;62.12807759;62.12807759;62.12807759;62.12807759;482.9964839;747.0426414;609.8751365;300
3980;18.6;149.3470001;43.25407828;43.25407828;43.25407828;43.25407828;191.3706393;358.8154495;341.4086882;122
3981;17.3;75.73541488;10.62939703;10.62939703;10.62939703;10.62939703;45.25892081;124.7089571;137.3327342;22
3982;16.5;0;0;0;0;0;0;0;0;0
3983;15.6;0;0;0;0;0;0;0;0;0
3984;15.4;0;0;0;0;0;0;0;0;0
3985;15.1;0;0;0;0;0;0;0;0;0
3986;14.2;0;0;0;0;0;0;0;0;0
3987;14.6;0;0;0;0;0;0;0;0;0
3988;15;0;0;0;0;0;0;0;0;0
3989;15.7;4.151616099;5.402835363;4.13338595;1.099784769;1.099784769;1.099784769;1.099784769;1.112675431;3
3990;16.3;7.002905386;7.246430576;7.164447979;6.804981889;6.690754026;6.690754026;6.690754026;6.690754026;14
3991;15.8;12.01575703;12.26983199;12.27199432;12.02097736;11.83979024;11.83979024;11.83979024;11.83979024;25
3992;16.1;28.11870249;28.8070773;28.97056322;28.51339242;27.91103592;27.91103592;27.91103592;27.91103592;58
3993;15.4;33.22066299;33.80078733;34.04619993;33.80802418;33.22578022;33.22066299;33.22066299;33.22066299;69
3994;15.3;43.13938198;43.58840599;43.96431332;43.85698705;43.32929747;43.13938198;43.13938198;43.13938198;89
3995;15.4;25.44005348;25.49955448;25.61905818;25.63370336;25.53491107;25.44005348;25.44005348;25.44005348;53
3996;16.1;95.90153237;95.90153237;97.23553588;97.85319051;97.32759027;95.96662465;95.90153237;95.90153237;192
3997;15.6;87.08808477;87.08808477;87.51810407;88.29550678;88.36561804;87.68736765;87.08808477;87.08808477;175
3998;17.3;163.0891564;163.0891564;163.0891564;219.0463715;258.3900996;241.9078277;179.254647;163.0891564;431
3999;14.7;64.41135729;64.41135729;64.41135729;64.56617904;65.19517588;65.36502242;64.97622487;64.41135729;131
4000;15;32.3083837;32.3083837;32.3083837;32.3083837;32.51430736;32.67367177;32.61905537;32.38245172;67
4001;16;101.5044038;101.5044038;101.5044038;101.5044038;107.4565002;119.077265;120.404086;110.6597295;214
4002;17.1;102.582965;102.582965;102.582965;102.582965;125.4613754;335.6729972;409.3436393;303.3180388;311
4003;14.4;15.67230703;15.58970348;15.58970348;15.58970348;15.58970348;15.97763549;16.22092574;16.09445456;33
4004;14.6;34.39423626;30.694697;30.694697;30.694697;30.694697;35.86378103;41.704425;41.09571963;64
4005;13.6;8.377412494;5.755714345;5.755714345;5.755714345;5.755714345;7.151908161;10.35192872;10.85954924;11
4006;13.6;0;0;0;0;0;0;0;0;0
4007;13.6;0;0;0;0;0;0;0;0;0
4008;12.9;0;0;0;0;0;0;0;0;0
4009;12.6;0;0;0;0;0;0;0;0;0
4010;12;0;0;0;0;0;0;0;0;0
4011;11.6;0;0;0;0;0;0;0;0;0
4012;11.3;0;0;0;0;0;0;0;0;0
4013;11.4;15.56149836;20.55161748;15.46410018;3.348016027;3.348016027;3.348016027;3.348016027;3.416886943;11
4014;12;175.4635256;290.3896465;251.4358301;81.42069363;27.70016197;27.70016197;27.70016197;27.70016197;75
4015;13;195.860467;381.3289392;382.6366467;199.017552;66.9468488;66.9468488;66.9468488;66.9468488;200
4016;14.3;178.5971105;449.2679036;513.2497895;333.0630472;96.42786852;96.42786852;96.42786852;96.42786852;322
4017;15.3;111.0557374;528.3001313;704.1060025;532.5110716;114.0333219;111.0557374;111.0557374;111.0557374;494
4018;16.3;140.5530674;358.7607339;540.7146184;488.2592934;232.1223769;140.5530674;140.5530674;140.5530674;522
4019;16.6;134.2654975;289.80454;600.2556493;637.7360475;380.2902258;134.2654975;134.2654975;134.2654975;714
4020;17;167.3129238;167.3129238;297.1971211;356.9865572;305.6677512;173.3025638;167.3129238;167.3129238;506
4021;16.9;161.1356769;161.1356769;190.3981329;242.9230136;247.5379816;201.5396514;161.1356769;161.1356769;417
4022;17.3;144.0447682;144.0447682;144.0447682;154.7561877;162.2531424;159.0838784;147.1049077;144.0447682;306
4023;17.3;142.5779294;142.5779294;142.5779294;146.6415461;163.0465307;167.4612862;157.2997088;142.5779294;308
4024;17.3;95.74343232;95.74343232;95.74343232;95.74343232;97.43248538;98.73761116;98.28878758;96.34892941;192
4025;16.6;55.61216912;55.61216912;55.61216912;55.61216912;56.1462744;57.18774633;57.30626649;56.43240739;114
4026;13.3;19.95955559;19.95955559;19.95955559;19.95955559;19.99316815;20.30102145;20.40884868;20.25348612;42
4027;13.5;28.00377317;27.7497939;27.7497939;27.7497939;27.7497939;28.94486979;29.6938657;29.30405072;58
4028;13.4;22.23142943;20.98531179;20.98531179;20.98531179;20.98531179;22.72853747;24.69672283;24.49081394;44
4029;13.1;26.1026887;8.776243265;8.776243265;8.776243265;8.776243265;18.01863979;39.17341122;42.52193391;17
4030;13.1;0;0;0;0;0;0;0;0;0
4031;13;0;0;0;0;0;0;0;0;0
4032;13.3;0;0;0;0;0;0;0;0;0
4033;13.1;0;0;0;0;0;0;0;0;0
4034;13;0;0;0;0;0;0;0;0;0
4035;13.5;0;0;0;0;0;0;0;0;0
4036;13.8;0;0;0;0;0;0;0;0;0
4037;14;4.043461986;5.242065941;4.014422884;1.100203213;1.100203213;1.100203213;1.100203213;1.12073696;3
4038;13.6;5.40088638;5.549118678;5.498555753;5.278816681;5.209754005;5.209754005;5.209754005;5.209754005;11
4039;13.7;25.03327597;26.04237624;26.04811863;25.04713933;24.3295372;24.3295372;24.3295372;24.3295372;50
4040;14;50.00669;54.96629139;56.13354132;52.82468063;48.49234252;48.49234252;48.49234252;48.49234252;100
4041;13.4;52.90079216;54.32262141;54.91950184;54.33384953;52.90873164;52.90079216;52.90079216;52.90079216;108
4042;14.6;111.5343067;131.5731251;148.2214925;143.3790041;119.8823238;111.5343067;111.5343067;111.5343067;244
4043;15.8;148.9188599;184.817548;256.0566437;264.5358787;205.2882322;148.9188599;148.9188599;148.9188599;381
4044;14.3;138.7749404;138.7749404;154.6191288;161.8725256;155.5956702;139.4654595;138.7749404;138.7749404;297
4045;12.9;153.9107826;153.9107826;162.7387359;178.4746527;179.8213876;165.9900414;153.9107826;153.9107826;336
4046;13.9;145.7722811;145.7722811;145.7722811;157.2318954;165.2150564;161.8089034;149.0087145;145.7722811;311
4047;16.3;145.7447107;145.7447107;145.7447107;199.5317727;415.1676857;472.979274;339.1012932;145.7447107;625
4048;15.1;135.4219536;135.4219536;135.4219536;135.4219536;187.7403931;228.0902451;214.1562688;154.1007985;336
4049;16.7;118.0511026;118.0511026;118.0511026;118.0511026;249.9225986;506.6303616;535.7136648;320.1359035;478
4050;16.1;94.84129958;94.84129958;94.84129958;94.84129958;102.8745921;176.1152351;201.746709;164.7544439;228
4051;15.6;114.2004999;74.90234157;74.90234157;74.90234157;74.90234157;260.3257457;376.4287928;315.9017342;214
4052;14.3;57.98926077;36.92724609;36.92724609;36.92724609;36.92724609;66.43943404;99.72579721;96.22562084;81
4053;13.2;5.365303357;4.23537558;4.23537558;4.23537558;4.23537558;4.839338214;6.219435505;6.4372974;8
4054;13.6;0;0;0;0;0;0;0;0;0
4055;11.2;0;0;0;0;0;0;0;0;0
4056;12.5;0;0;0;0;0;0;0;0;0
4057;12.6;0;0;0;0;0;0;0;0;0
4058;12.7;0;0;0;0;0;0;0;0;0
4059;12.4;0;0;0;0;0;0;0;0;0
4060;11.8;0;0;0;0;0;0;0;0;0
4061;12.1;4.011164901;5.192897585;3.97726274;1.10033522;1.10033522;1.10033522;1.10033522;1.124307668;3
4062;12.8;94.66069112;153.2556216;133.1503028;46.12215785;18.9058924;18.9058924;18.9058924;18.9058924;47
4063;13.5;81.074626;132.8918274;133.1214854;81.62906941;44.82638217;44.82638217;44.82638217;44.82638217;106
4064;13.8;54.33201946;62.92000245;64.93305748;59.19196422;51.69589835;51.69589835;51.69589835;51.69589835;108
4065;13.2;47.28715935;48.43468867;48.91479028;48.44144777;47.29193875;47.28715935;47.28715935;47.28715935;97
4066;13.3;70.0950566;71.24299949;72.19351255;71.91477858;70.57007615;70.0950566;70.0950566;70.0950566;142
4067;14.3;137.8826548;151.0281195;176.9754561;180.0227599;158.3849617;137.8826548;137.8826548;137.8826548;308
4068;14.8;164.9389355;164.9389355;284.8164946;339.4100344;291.8007706;169.8775644;164.9389355;164.9389355;483
4069;16.1;168.9135636;168.9135636;221.1316376;313.5838237;321.2901335;239.7363152;168.9135636;168.9135636;508
4070;15.6;152.5234894;152.5234894;152.5234894;197.0101993;227.8530892;214.5689211;164.9393807;152.5234894;383
4071;15.1;124.0931499;124.0931499;124.0931499;125.8629291;132.9047804;134.7848981;130.4019346;124.0931499;256
4072;13.5;55.69329046;55.69329046;55.69329046;55.69329046;56.28815482;56.74591604;56.58706347;55.90465079;114
4073;14.2;68.32142661;68.32142661;68.32142661;68.32142661;69.115461;70.65790149;70.83166669;69.53496729;139
4074;14;48.58258977;48.58258977;48.58258977;48.58258977;48.77443494;50.51320857;51.12105189;50.24189853;100
4075;13.8;26.99939651;26.76492921;26.76492921;26.76492921;26.76492921;27.87518622;28.56953703;28.20677305;56
4076;14;22.21598222;20.98218627;20.98218627;20.98218627;20.98218627;22.7145076;24.66585455;24.45935857;44
4077;13.7;8.235610823;5.759756345;5.759756345;5.759756345;5.759756345;7.086351743;10.11170003;10.58773872;11
4078;13.1;0;0;0;0;0;0;0;0;0
4079;12.6;0;0;0;0;0;0;0;0;0
4080;12.8;0;0;0;0;0;0;0;0;0
4081;12.8;0;0;0;0;0;0;0;0;0
4082;12.3;0;0;0;0;0;0;0;0;0
4083;11.9;0;0;0;0;0;0;0;0;0
4084;11.7;0;0;0;0;0;0;0;0;0
4085;11.1;22.44766365;30.32323209;22.18861628;2.992137975;2.992137975;2.992137975;2.992137975;3.175312127;8
4086;11.3;188.0182856;311.3535802;268.8033246;85.29288152;28.16923256;28.16923256;28.16923256;28.16923256;78
4087;12.7;227.1618462;456.5167491;457.2684189;228.9765375;66.26661956;66.26661956;66.26661956;66.26661956;217
4088;13.6;164.9080572;390.4975837;443.181889;292.0992215;95.32990798;95.32990798;95.32990798;95.32990798;297
4089;14.9;121.7824385;319.2113265;401.5576761;320.015486;122.3510651;121.7824385;121.7824385;121.7824385;356
4090;16.9;129.483181;419.6240055;659.1302206;588.3763832;248.8091317;129.483181;129.483181;129.483181;594
4091;17.4;130.7546798;321.1562175;695.1435387;738.5195207;425.8751016;130.7546798;130.7546798;130.7546798;828
4092;17.6;147.3691013;147.3691013;435.0362396;565.4005581;450.8877187;158.5777897;147.3691013;147.3691013;725
4093;18.3;143.7199958;143.7199958;268.7387126;488.6397064;506.4914116;311.8365415;143.7199958;143.7199958;772
4094;17.6;142.7957073;142.7957073;142.7957073;351.0264643;494.6900646;432.2187228;200.2073038;142.7957073;739
4095;17.6;135.1930231;135.1930231;135.1930231;138.2111474;150.123156;153.2892953;145.8548837;135.1930231;286
4096;17.4;121.8313998;121.8313998;121.8313998;121.8313998;133.1303946;141.8030562;138.7765924;125.8238646;258
4097;17.2;126.3507337;126.3507337;126.3507337;126.3507337;184.9736897;298.5621043;311.2714336;215.6567249;350
4098;17.6;101.2722044;101.2722044;101.2722044;101.2722044;115.7277704;245.8025647;291.2134342;225.3593073;267
4099;16.9;60.38300365;57.69252472;57.69252472;57.69252472;57.69252472;70.48848314;78.47922159;74.29339493;122
4100;16.7;48.2577558;34.0140977;34.0140977;34.0140977;34.0140977;54.06183119;76.6095324;74.20540566;72
4101;16;11.88558992;7.235596948;7.235596948;7.235596948;7.235596948;9.734139769;15.41906306;16.31022289;14
4102;16;0;0;0;0;0;0;0;0;0
4103;15.7;0;0;0;0;0;0;0;0;0
4104;15.4;0;0;0;0;0;0;0;0;0
4105;15.3;0;0;0;0;0;0;0;0;0
4106;14.9;0;0;0;0;0;0;0;0;0
4107;14.6;0;0;0;0;0;0;0;0;0
4108;14.8;0;0;0;0;0;0;0;0;0
4109;14.9;10.68946277;14.14826266;10.56207268;2.121712672;2.121712672;2.121712672;2.121712672;2.21179107;6
4110;15.3;19.11408555;24.70447593;22.76617196;14.43460582;11.85219076;11.85219076;11.85219076;11.85219076;25
4111;15.6;25.04150218;26.04495723;26.04719325;25.04690041;24.33576944;24.33576944;24.33576944;24.33576944;50
4112;16.4;38.3969081;39.63248591;39.92008337;39.09122978;38.01418222;38.01418222;38.01418222;38.01418222;78
4113;16.8;45.76684199;46.84622843;47.29519286;46.84887008;45.76870991;45.76684199;45.76684199;45.76684199;94
4114;17;125.6888141;163.2153524;194.1076484;184.9211192;141.037109;125.6888141;125.6888141;125.6888141;292
4115;17.3;110.0553949;113.8930303;121.3973924;122.2577662;115.9701563;110.0553949;110.0553949;110.0553949;228
4116;18.6;165.055822;165.055822;250.3794396;288.8687784;254.8301665;168.2029611;165.055822;165.055822;444
4117;18.6;125.9465525;125.9465525;128.7545573;133.6625293;134.0505867;129.6914108;125.9465525;125.9465525;258
4118;19.8;164.5251982;164.5251982;164.5251982;250.0519828;308.7661305;282.9858963;187.8129918;164.5251982;483
4119;20.6;150.428094;150.428094;150.428094;165.4359316;224.1596493;239.6924219;202.9353619;150.428094;383
4120;20.4;145.9979141;145.9979141;145.9979141;145.9979141;248.8619022;327.5895398;299.9432658;182.1178927;422
4121;19.6;127.6516432;127.6516432;127.6516432;127.6516432;191.5951339;315.1269647;328.8382947;224.6972129;364
4122;19.8;99.29822852;99.29822852;99.29822852;99.29822852;109.7019107;202.5259301;234.8805618;187.8129016;250
4123;19;91.95381439;71.44767713;71.44767713;71.44767713;71.44767713;169.4828404;230.5964719;198.4828978;175
4124;18.8;86.74362109;41.41714683;41.41714683;41.41714683;41.41714683;105.3946944;177.2215365;169.496009;97
4125;18;35.58811685;11.11407623;11.11407623;11.11407623;11.11407623;24.3065348;54.24507068;58.91805497;25
4126;17.1;0;0;0;0;0;0;0;0;0
4127;16.6;0;0;0;0;0;0;0;0;0
4128;16;0;0;0;0;0;0;0;0;0
4129;15.5;0;0;0;0;0;0;0;0;0
4130;15.3;0;0;0;0;0;0;0;0;0
4131;15.7;0;0;0;0;0;0;0;0;0
4132;15.7;0;0;0;0;0;0;0;0;0
4133;15.6;3.336884137;4.147877602;3.304043324;1.322909941;1.322909941;1.322909941;1.322909941;1.346131903;3
4134;15.2;5.402827453;5.549270245;5.498265276;5.279690565;5.212205832;5.212205832;5.212205832;5.212205832;11
4135;15.4;26.67547479;27.80236849;27.80381876;26.67897607;25.88111639;25.88111639;25.88111639;25.88111639;53
4136;15.3;36.84157754;37.98372492;38.24878753;37.48149531;36.48644758;36.48644758;36.48644758;36.48644758;75
4137;16;55.99197294;57.5812885;58.24074413;57.58290009;55.9931125;55.99197294;55.99197294;55.99197294;114
4138;16.2;70.0995664;71.2533955;72.20092366;71.91750523;70.56916289;70.0995664;70.0995664;70.0995664;142
4139;16;58.26022635;58.56754386;59.16608845;59.23399131;58.73147585;58.26022635;58.26022635;58.26022635;119
4140;16.2;85.48436615;85.48436615;86.56477767;87.0500716;86.61819651;85.52213897;85.48436615;85.48436615;172
4141;16.5;105.9045308;105.9045308;106.5473465;107.6640647;107.7500719;106.7549861;105.9045308;105.9045308;211
4142;16.5;113.7198123;113.7198123;113.7198123;115.807872;117.2340983;116.6017036;114.281136;113.7198123;228
4143;15.6;146.1033776;146.1033776;146.1033776;150.9077053;169.5352331;174.4366978;162.7408878;146.1033776;319
4144;15.6;100.5657478;100.5657478;100.5657478;100.5657478;103.3084427;105.4008901;104.6609767;101.5221338;203
4145;17.2;125.956134;125.956134;125.956134;125.956134;169.6088942;253.6578936;262.9009342;191.9235681;331
4146;16.9;102.8843827;102.8843827;102.8843827;102.8843827;119.7506082;268.7810368;320.6314553;244.9285919;283
4147;16.4;119.5988774;74.38455222;74.38455222;74.38455222;74.38455222;291.8457448;427.1354452;355.7884567;228
4148;16.1;75.02219355;39.76428063;39.76428063;39.76428063;39.76428063;89.69130251;145.629665;139.5535211;89
4149;16;63.14119944;10.77464009;10.77464009;10.77464009;10.77464009;39.10298884;103.2035344;113.1604873;22
4150;15.6;0;0;0;0;0;0;0;0;0
4151;14.9;0;0;0;0;0;0;0;0;0
4152;15.1;0;0;0;0;0;0;0;0;0
4153;14.6;0;0;0;0;0;0;0;0;0
4154;14.3;0;0;0;0;0;0;0;0;0
4155;14;0;0;0;0;0;0;0;0;0
4156;14;0;0;0;0;0;0;0;0;0
4157;14.1;10.74405131;14.20815044;10.59206157;2.121513473;2.121513473;2.121513473;2.121513473;2.22898645;6
4158;14.3;26.87985192;37.55086608;33.81910912;17.87059365;12.96379783;12.96379783;12.96379783;12.96379783;28
4159;15;103.9330107;182.1747181;182.2103236;104.01897;48.66855133;48.66855133;48.66855133;48.66855133;122
4160;14.9;76.20504148;109.708985;117.4642421;94.9278885;65.75322794;65.75322794;65.75322794;65.75322794;147
4161;16.3;97.88968097;146.6022199;166.7750609;146.5912275;97.88190819;97.88190819;97.88190819;97.88190819;225
4162;16.7;142.7333974;244.9787293;328.7644119;303.5756493;184.1676768;142.7333974;142.7333974;142.7333974;394
4163;17.6;160.1172811;232.2890512;372.3549896;388.0949569;270.2886935;160.1172811;160.1172811;160.1172811;494
4164;13.5;146.9666545;146.9666545;168.8536362;178.6460938;169.8811654;147.6932274;146.9666545;146.9666545;322
4165;16.8;171.5927898;171.5927898;210.7207173;278.2982219;283.3691315;222.9629761;171.5927898;171.5927898;475
4166;17.9;138.2497798;138.2497798;138.2497798;373.4802873;533.3311179;461.7486588;200.6649439;138.2497798;789
4167;17.2;138.5356003;138.5356003;138.5356003;150.322371;195.5846929;207.4284301;178.915682;138.5356003;336
4168;17.1;128.2112775;128.2112775;128.2112775;128.2112775;171.9590091;205.2180781;193.3676077;143.3494428;308
4169;18.1;109.4447976;109.4447976;109.4447976;109.4447976;270.3778586;579.07305;612.6663804;351.4793326;528
4170;17.3;94.50660578;94.50660578;94.50660578;94.50660578;133.9379482;478.5827925;598.2410155;422.8184532;383
4171;16.9;119.3243343;74.35515236;74.35515236;74.35515236;74.35515236;292.1169891;427.2860772;355.713016;228
4172;15.6;152.5772669;43.53035816;43.53035816;43.53035816;43.53035816;198.5067328;371.7469579;352.7223502;125
4173;14.5;50.62244057;11.31508826;11.31508826;11.31508826;11.31508826;32.66257782;80.81234982;88.25156855;31
4174;13.9;0;0;0;0;0;0;0;0;0
4175;13.4;0;0;0;0;0;0;0;0;0
4176;13;0;0;0;0;0;0;0;0;0
4177;12.5;0;0;0;0;0;0;0;0;0
4178;12.8;0;0;0;0;0;0;0;0;0
4179;12.8;0;0;0;0;0;0;0;0;0
4180;12.7;0;0;0;0;0;0;0;0;0
4181;12.5;10.85811306;14.36081423;10.6936049;2.121011392;2.121011392;2.121011392;2.121011392;2.237336231;6
4182;12.6;155.639447;258.7425404;222.5566262;68.27892213;20.96133097;20.96133097;20.96133097;20.96133097;58
4183;14.4;232.2269154;467.2165249;467.1540936;232.0761929;65.95759211;65.95759211;65.95759211;65.95759211;219
4184;14.9;194.7372165;518.1012912;592.7860486;375.0421707;93.57914232;93.57914232;93.57914232;93.57914232;347
4185;13;121.0891993;281.4657627;347.8114458;281.2618474;120.9450094;120.9450094;120.9450094;120.9450094;339
4186;13.8;124.8029592;161.5126646;191.5402938;182.4740975;139.6249305;124.8029592;124.8029592;124.8029592;289
4187;14.6;156.588224;218.2300381;337.4900183;350.7801809;250.3153287;156.588224;156.588224;156.588224;453
4188;15.1;155.2702368;155.2702368;184.7978939;197.9614862;186.1171236;156.2030731;155.2702368;155.2702368;350
4189;16.5;159.022222;159.022222;169.9408962;188.6931227;190.0645379;173.2517855;159.022222;159.022222;353
4190;16.8;152.9332296;152.9332296;152.9332296;321.773521;435.9163076;384.291445;197.1400776;152.9332296;644
4191;17.5;146.7756569;146.7756569;146.7756569;200.1570442;403.0917353;455.8799439;327.5990534;146.7756569;608
4192;17.3;120.9255417;120.9255417;120.9255417;120.9255417;405.1891681;620.4773345;543.1348358;218.4678588;661
4193;16.7;125.2381874;125.2381874;125.2381874;125.2381874;217.0652914;392.4728542;411.3379734;262.6097182;406
4194;16.2;102.4910395;102.4910395;102.4910395;102.4910395;128.0622102;348.8961639;425.3893376;312.7330675;319
4195;14.7;32.51835858;32.19161439;32.19161439;32.19161439;32.19161439;33.78598753;34.7731427;34.2480736;67
4196;14.2;23.8460508;22.45301967;22.45301967;22.45301967;22.45301967;24.44073333;26.65710242;26.41077686;47
4197;12.1;33.19789455;9.585289454;9.585289454;9.585289454;9.585289454;22.46417532;51.41138962;55.8574417;19
4198;10.7;0;0;0;0;0;0;0;0;0
4199;10.7;0;0;0;0;0;0;0;0;0
4200;12.2;0;0;0;0;0;0;0;0;0
4201;13.2;0;0;0;0;0;0;0;0;0
4202;12.5;0;0;0;0;0;0;0;0;0
4203;12.5;0;0;0;0;0;0;0;0;0
4204;12.5;0;0;0;0;0;0;0;0;0
4205;12.9;4.049569927;5.229704238;3.990848867;1.100230547;1.100230547;1.100230547;1.100230547;1.141752607;3
4206;12.6;5.408549897;5.555716458;5.503904172;5.283463973;5.216038318;5.216038318;5.216038318;5.216038318;11
4207;12.6;19.20182418;19.8135276;19.81299317;19.20053395;18.76837221;18.76837221;18.76837221;18.76837221;39
4208;12.1;27.12329856;27.76139497;27.90850272;27.47844809;26.92322491;26.92322491;26.92322491;26.92322491;56
4209;11.9;39.2164345;40.02119027;40.35382364;40.01948249;39.21522691;39.21522691;39.21522691;39.21522691;81
4210;11.9;50.17465065;50.78531457;51.28407921;51.13295564;50.42047001;50.17465065;50.17465065;50.17465065;103
4211;12.2;50.1898286;50.42253525;50.87157178;50.9212524;50.54247487;50.1898286;50.1898286;50.1898286;103
4212;12.6;65.44134572;65.44134572;66.09184653;66.38090507;66.11958249;65.46095801;65.44134572;65.44134572;133
4213;13;71.13024439;71.13024439;71.43443245;71.95407681;71.99113132;71.52388993;71.13024439;71.13024439;144
4214;13.6;64.50809437;64.50809437;64.50809437;64.95873689;65.26180189;65.12335525;64.62449713;64.50809437;131
4215;14.3;68.48641765;68.48641765;68.48641765;68.67202656;69.37027152;69.55076686;69.10778087;68.48641765;139
4216;14.8;44.67814132;44.67814132;44.67814132;44.67814132;45.06864092;45.36317345;45.25642346;44.81092363;92
4217;16;39.11283695;39.11283695;39.11283695;39.11283695;39.38661433;39.90721025;39.96247307;39.52003057;81
4218;16.5;26.75891547;26.75891547;26.75891547;26.75891547;26.82269268;27.36631994;27.55413791;27.27612536;56
4219;16.5;18.59016142;18.48009158;18.48009158;18.48009158;18.48009158;19.0217447;19.3561746;19.17740695;39
4220;16.3;6.652764057;6.529119241;6.529119241;6.529119241;6.529119241;6.706324097;6.903369566;6.881184271;14
4221;16.5;3.396237791;2.768046316;2.768046316;2.768046316;2.768046316;3.112269568;3.883042984;4.000666473;6
4222;16.6;0;0;0;0;0;0;0;0;0
4223;16.7;0;0;0;0;0;0;0;0;0
4224;16.5;0;0;0;0;0;0;0;0;0
4225;16.3;0;0;0;0;0;0;0;0;0
4226;16.4;0;0;0;0;0;0;0;0;0
4227;16.3;0;0;0;0;0;0;0;0;0
4228;16.3;0;0;0;0;0;0;0;0;0
4229;16.5;4.0967902;5.293855089;4.034251001;1.10005882;1.10005882;1.10005882;1.10005882;1.144280712;3
4230;16.7;20.48797967;27.13944067;24.79148198;14.81950594;11.77647028;11.77647028;11.77647028;11.77647028;25
4231;17.1;43.40010927;57.30581093;57.28679581;43.35420271;33.53483249;33.53483249;33.53483249;33.53483249;72
4232;17.9;59.42313028;73.29254993;76.48547342;67.13152946;55.06663092;55.06663092;55.06663092;55.06663092;117
4233;18.8;117.9895207;253.994811;310.1736767;253.6173003;117.7225803;117.7225803;117.7225803;117.7225803;314
4234;19.4;107.6533313;125.0289229;139.2040469;134.8971896;114.6312496;107.6533313;107.6533313;107.6533313;233
4235;20.4;160.3416928;234.9614079;378.6362056;394.4370382;273.1079924;160.3416928;160.3416928;160.3416928;500
4236;20.5;150.4220322;150.4220322;212.2765137;239.683283;214.8020222;152.2078364;150.4220322;150.4220322;375
4237;22;142.751121;142.751121;274.3663684;498.0677906;513.6295267;311.9357227;142.751121;142.751121;781
4238;22;149.020672;149.020672;149.020672;345.2520953;476.5289715;415.9559277;199.0158314;149.020672;697
4239;22.5;128.397857;128.397857;128.397857;208.9961654;508.9184047;585.9368679;394.9351839;128.397857;783
4240;23.4;124.8964987;124.8964987;124.8964987;124.8964987;384.8518779;580.0598911;508.6393622;212.4274683;628
4241;23.6;103.8378924;103.8378924;103.8378924;103.8378924;289.3923787;640.4977638;677.2350746;378.0840927;575
4242;23.5;86.58477869;86.58477869;86.58477869;86.58477869;136.7279718;558.1609239;703.3509658;487.2477401;422
4243;23.2;137.4111163;65.93422305;65.93422305;65.93422305;65.93422305;420.9491216;639.4780007;522.0327135;275
4244;22.5;160.0202912;42.99694552;42.99694552;42.99694552;42.99694552;211.5135859;398.3388095;377.0095885;128
4245;19.8;31.39500754;11.07016418;11.07016418;11.07016418;11.07016418;22.26295224;47.22400021;51.00662136;28
4246;17.3;0;0;0;0;0;0;0;0;0
4247;16.5;0;0;0;0;0;0;0;0;0
4248;16.3;0;0;0;0;0;0;0;0;0
4249;16.5;0;0;0;0;0;0;0;0;0
4250;16;0;0;0;0;0;0;0;0;0
4251;15.9;0;0;0;0;0;0;0;0;0
4252;16.3;0;0;0;0;0;0;0;0;0
4253;17;9.309733644;11.41749071;9.195037009;4.025358544;4.025358544;4.025358544;4.025358544;4.106461313;11
4254;18.7;215.5112882;357.7308653;307.4184671;94.04641408;29.05822463;29.05822463;29.05822463;29.05822463;86
4255;19.9;224.0155377;446.51473;446.1263423;223.0778868;66.02183065;66.02183065;66.02183065;66.02183065;214
4256;22;207.0334537;582.6475061;669.0303264;415.5800299;88.8989083;88.8989083;88.8989083;88.8989083;369
4257;23.4;108.707038;560.5202532;747.0628257;559.0606464;107.6749402;107.6749402;107.6749402;107.6749402;511
4258;25;119.4398602;462.8500728;742.7714293;657.5536065;257.1160492;119.4398602;119.4398602;119.4398602;650
4259;26.7;129.2011817;308.7447437;653.8509014;691.6243688;399.937961;129.2011817;129.2011817;129.2011817;761
4260;27.8;135.2116636;135.2116636;491.5704821;649.0710065;505.5596971;145.1035324;135.2116636;135.2116636;847
4261;28.3;136.8098828;136.8098828;285.6989866;537.550721;554.6539074;326.9897311;136.8098828;136.8098828;861
4262;28.8;135.1101584;135.1101584;135.1101584;406.0160524;586.294482;502.275254;203.1756926;135.1101584;883
4263;29.3;127.7936052;127.7936052;127.7936052;213.1393911;527.1780201;607.2626754;406.4808521;127.7936052;808
4264;29.7;117.5620946;117.5620946;117.5620946;117.5620946;424.8816393;654.576063;569.6949872;219.9605949;703
4265;30.1;103.3558907;103.3558907;103.3558907;103.3558907;290.6777898;643.2586791;679.5718374;378.3455089;567
4266;30;86.99164721;86.99164721;86.99164721;86.99164721;137.2087214;552.9606499;695.7542563;481.9429825;419
4267;29.1;130.0112232;69.93847833;69.93847833;69.93847833;69.93847833;371.3401492;556.2575539;456.2958397;256
4268;27.9;126.8236082;43.59380712;43.59380712;43.59380712;43.59380712;164.0645403;297.194953;281.7692538;114
4269;24.5;46.77492538;9.73050142;9.73050142;9.73050142;9.73050142;30.23941249;75.77890557;82.62813927;19
4270;22.9;0;0;0;0;0;0;0;0;0
4271;21.1;0;0;0;0;0;0;0;0;0
4272;20.4;0;0;0;0;0;0;0;0;0
4273;21.1;0;0;0;0;0;0;0;0;0
4274;22.3;0;0;0;0;0;0;0;0;0
4275;21.5;0;0;0;0;0;0;0;0;0
4276;21.6;0;0;0;0;0;0;0;0;0
4277;21.9;12.4698463;16.59556565;12.23769578;2.113172975;2.113172975;2.113172975;2.113172975;2.27732818;6
4278;22.1;130.5317106;211.4964484;182.8055223;61.26568764;24.30252092;24.30252092;24.30252092;24.30252092;61
4279;23.1;129.584158;231.8739837;231.6687072;129.0885768;56.90389976;56.90389976;56.90389976;56.90389976;144
4280;24.9;202.4872462;559.4412371;641.4819736;400.5511051;90.13495644;90.13495644;90.13495644;90.13495644;361
4281;25.9;121.1963156;311.3010057;389.7705116;310.6384611;120.7278259;120.7278259;120.7278259;120.7278259;347
4282;27;127.4170336;169.4338194;203.6651573;193.2313784;144.2444489;127.4170336;127.4170336;127.4170336;300
4283;26.3;157.9328729;206.5455109;299.8689489;310.0481586;231.120297;157.9328729;157.9328729;157.9328729;433
4284;26.2;103.0381909;103.0381909;104.8288967;105.6186444;104.8967975;103.086204;103.0381909;103.0381909;206
4285;27.1;110.9675222;110.9675222;111.9910446;113.7145925;113.8289439;112.2671132;110.9675222;110.9675222;222
4286;29.9;150.3408916;150.3408916;150.3408916;340.0553052;465.6367804;406.5222;197.3400836;150.3408916;681
4287;31.8;129.3795191;129.3795191;129.3795191;208.5677792;496.5977803;569.5163043;384.6086689;129.3795191;764
4288;32;118.9264173;118.9264173;118.9264173;118.9264173;416.9147177;638.5298002;555.7682681;217.1107043;675
4289;32;106.1114344;106.1114344;106.1114344;106.1114344;282.6695224;613.1211482;646.5733598;363.4303055;547
4290;31.3;100.9393215;100.9393215;100.9393215;100.9393215;132.3155091;387.9744404;475.4920919;343.6018103;339
4291;29.7;55.02284988;53.66908778;53.66908778;53.66908778;53.66908778;60.53597029;64.73408826;62.45047902;111
4292;20.5;0;0;0;0;0;0;0;0;0
4293;20.3;0;0;0;0;0;0;0;0;0
4294;20.2;0;0;0;0;0;0;0;0;0
4295;19.7;0;0;0;0;0;0;0;0;0
4296;20.2;0;0;0;0;0;0;0;0;0
4297;19.6;0;0;0;0;0;0;0;0;0
4298;19;0;0;0;0;0;0;0;0;0
4299;18.4;0;0;0;0;0;0;0;0;0
4300;18.7;0;0;0;0;0;0;0;0;0
4301;18.7;4.348725914;5.641882266;4.273987517;1.099183885;1.099183885;1.099183885;1.099183885;1.152031912;3
4302;17.7;1.401490237;1.412719654;1.408735575;1.391871819;1.386748592;1.386748592;1.386748592;1.386748592;3
4303;17.2;5.164053369;5.213344592;5.213238615;5.163797519;5.129018298;5.129018298;5.129018298;5.129018298;11
4304;16.8;31.20199892;32.04297614;32.23622256;31.66853703;30.93723048;30.93723048;30.93723048;30.93723048;64
4305;16.5;36.21854344;36.91378929;37.20075062;36.91132937;36.21680402;36.21680402;36.21680402;36.21680402;75
4306;16.2;37.66309045;38.01645726;38.30429554;38.21652456;37.80455939;37.66309045;37.66309045;37.66309045;78
4307;16.2;36.23849277;36.36344124;36.603123;36.62920932;36.42641918;36.23849277;36.23849277;36.23849277;75
4308;16.9;116.7863651;116.7863651;122.7775197;125.4151174;122.998109;116.9423452;116.7863651;116.7863651;239
4309;18;157.9978239;157.9978239;168.9348762;187.2748186;188.4646946;171.8074909;157.9978239;157.9978239;350
4310;18.4;140.2256244;140.2256244;140.2256244;367.8887909;517.7940971;446.5249127;195.8297594;140.2256244;764
4311;19.2;133.6675731;133.6675731;133.6675731;208.7979932;478.8450916;546.6918812;372.5946327;133.6675731;719
4312;18.8;122.5842179;122.5842179;122.5842179;122.5842179;398.1914831;602.0891301;525.0993026;212.3215976;644
4313;18.8;103.9072695;103.9072695;103.9072695;103.9072695;289.9717801;636.1378116;670.5304099;373.0028573;561
4314;17.9;99.98100291;99.98100291;99.98100291;99.98100291;133.7561078;404.3844069;496.6973204;356.6191955;347
4315;17.6;108.876634;74.46062759;74.46062759;74.46062759;74.46062759;251.1016831;358.6848104;299.7732661;208
4316;16.8;168.7832184;42.07758088;42.07758088;42.07758088;42.07758088;227.5761902;431.1178675;406.7650212;131
4317;15.2;49.1082708;10.78486319;10.78486319;10.78486319;10.78486319;32.24955859;79.46393414;86.44704138;28
4318;14.3;0;0;0;0;0;0;0;0;0
4319;13.5;0;0;0;0;0;0;0;0;0
4320;12.7;0;0;0;0;0;0;0;0;0
4321;11.4;0;0;0;0;0;0;0;0;0
4322;11.3;0;0;0;0;0;0;0;0;0
4323;9.9;0;0;0;0;0;0;0;0;0
4324;8.9;0;0;0;0;0;0;0;0;0
4325;9;4.487234773;5.834597317;4.407755098;1.098733554;1.098733554;1.098733554;1.098733554;1.154934171;3
4326;12.4;208.4090414;345.652845;296.9254918;90.7708046;28.18022226;28.18022226;28.18022226;28.18022226;83
4327;14.7;214.4826084;423.5723527;423.1177671;213.3851417;65.85780614;65.85780614;65.85780614;65.85780614;208
4328;15.9;206.513622;580.8611799;666.8994305;414.2283334;88.68640633;88.68640633;88.68640633;88.68640633;367
4329;16.9;108.819511;558.4431282;744.0522455;556.9195593;107.7421851;107.7421851;107.7421851;107.7421851;508
4330;17.4;137.76224;381.7317549;580.4896201;519.9037904;235.4646233;137.76224;137.76224;137.76224;544
4331;18.6;147.5083206;274.0729968;516.7808912;543.1739219;337.7914095;147.5083206;147.5083206;147.5083206;619
4332;18.1;160.3459556;160.3459556;374.3026915;468.3668634;381.996565;165.7863457;160.3459556;160.3459556;617
4333;19.3;161.0311361;161.0311361;254.3608358;410.251475;420.1522196;278.2633478;161.0311361;161.0311361;636
4334;18.8;170.0731253;170.0731253;170.0731253;286.2178752;362.2901765;325.7643361;198.0366959;170.0731253;561
4335;18.6;136.0932473;136.0932473;136.0932473;207.3790688;460.5171591;523.6121218;359.7037836;136.0932473;694
4336;18.3;117.0706205;117.0706205;117.0706205;117.0706205;431.336789;662.5569007;574.2385476;218.117423;708
4337;18.6;101.8426206;101.8426206;101.8426206;101.8426206;301.3585155;670.2124881;706.1231008;388.0544036;592
4338;17.1;85.36412137;85.36412137;85.36412137;85.36412137;139.9668463;569.8699453;715.9561036;492.650031;425
4339;16.3;140.2568137;62.19102086;62.19102086;62.19102086;62.19102086;467.9556605;714.0946702;578.3573635;289
4340;14.9;147.4681856;42.87262355;42.87262355;42.87262355;42.87262355;196.9586738;365.3787677;344.8791363;122
4341;13.4;28.69389969;8.685440404;8.685440404;8.685440404;8.685440404;19.96258989;44.64219743;48.25882437;17
4342;12.6;0;0;0;0;0;0;0;0;0
4343;12.2;0;0;0;0;0;0;0;0;0
4344;11.8;0;0;0;0;0;0;0;0;0
4345;11.9;0;0;0;0;0;0;0;0;0
4346;11.7;0;0;0;0;0;0;0;0;0
4347;11.2;0;0;0;0;0;0;0;0;0
4348;10.4;0;0;0;0;0;0;0;0;0
4349;10.5;12.74409348;16.77799039;12.50268606;2.59329659;2.59329659;2.59329659;2.59329659;2.763997416;8
4350;13.2;190.7794586;315.8418307;271.4297135;83.5591229;26.53078077;26.53078077;26.53078077;26.53078077;75
4351;17.3;200.2524193;389.267956;388.87514;199.3040777;65.9276728;65.9276728;65.9276728;65.9276728;200
4352;20.1;204.8793026;573.3821732;658.1297286;409.4780001;88.98155036;88.98155036;88.98155036;88.98155036;364
4353;21.2;105.8115416;561.5755856;749.7862282;560.1922276;104.8333598;104.8333598;104.8333598;104.8333598;514
4354;22.2;118.2214192;470.1389809;756.9795518;669.6442718;259.2929632;118.2214192;118.2214192;118.2214192;656
4355;22.9;128.6038146;311.0602489;661.008391;699.0811529;402.976027;128.6038146;128.6038146;128.6038146;764
4356;24.1;135.3419304;135.3419304;485.8233773;639.7563936;498.2102583;144.1007779;135.3419304;135.3419304;831
4357;24.6;136.6694883;136.6694883;288.1199278;540.1816297;555.8713918;325.9983643;136.6694883;136.6694883;858
4358;25.9;133.9652383;133.9652383;133.9652383;397.7366323;569.5930836;486.2646512;196.5640008;133.9652383;853
4359;26.4;127.5763859;127.5763859;127.5763859;217.2223093;531.643824;609.3681136;404.8653434;127.5763859;808
4360;27;116.9683236;116.9683236;116.9683236;116.9683236;432.6713892;663.612706;574.3371574;217.141149;708
4361;27.2;102.5765681;102.5765681;102.5765681;102.5765681;297.4600927;655.3657745;689.4550364;379.758851;581
4362;27;83.73943835;83.73943835;83.73943835;83.73943835;141.5029766;588.0631541;739.1973387;506.3731748;433
4363;26.7;136.5372052;63.62201969;63.62201969;63.62201969;63.62201969;447.7589085;679.7888032;550.8765528;281
4364;24.4;175.4622333;41.21961562;41.21961562;41.21961562;41.21961562;240.2865551;456.9853989;430.1342856;133
4365;20.7;49.30670584;10.44320153;10.44320153;10.44320153;10.44320153;32.49196951;80.48837254;87.45326438;25
4366;18.7;0;0;0;0;0;0;0;0;0
4367;19;0;0;0;0;0;0;0;0;0
4368;18.3;0;0;0;0;0;0;0;0;0
4369;17.5;0;0;0;0;0;0;0;0;0
4370;17;0;0;0;0;0;0;0;0;0
4371;16.5;0;0;0;0;0;0;0;0;0
4372;14.1;0;0;0;0;0;0;0;0;0
4373;15.3;7.495106079;9.248800265;7.389258271;3.080620281;3.080620281;3.080620281;3.080620281;3.155465984;8
4374;18.8;211.7015657;351.7930562;302.0577542;91.62992512;27.73845147;27.73845147;27.73845147;27.73845147;83
4375;20.7;228.0009447;457.5175864;457.090337;226.9694733;64.97881049;64.97881049;64.97881049;64.97881049;214
4376;23.2;203.197563;565.9978485;649.5205569;404.8392183;89.24120275;89.24120275;89.24120275;89.24120275;361
4377;26;110.111084;542.6611401;721.3853397;541.5894707;109.3532993;109.3532993;109.3532993;109.3532993;497
4378;27.6;127.9477139;428.3421138;673.3881995;598.9226462;248.5663651;127.9477139;127.9477139;127.9477139;597
4379;29.5;132.6188818;299.41392;619.5299704;654.4201087;383.6461652;132.6188818;132.6188818;132.6188818;722
4380;30.7;136.9917673;136.9917673;480.4819157;631.2534231;492.4931559;145.4849967;136.9917673;136.9917673;800
4381;25.4;162.0121048;162.0121048;194.415225;248.1673519;251.4509036;202.3424199;162.0121048;162.0121048;422
4382;26.2;147.6181148;147.6181148;147.6181148;160.6948432;169.1702683;165.0207343;150.6769818;147.6181148;317
4383;27.1;157.7869931;157.7869931;157.7869931;178.5055267;250.2647058;267.851695;220.9642746;157.7869931;422
4384;24.6;85.3267966;85.3267966;85.3267966;85.3267966;86.73215815;87.75403317;87.35406593;85.76655181;172
4385;24;81.19683868;81.19683868;81.19683868;81.19683868;82.37103878;84.51253676;84.71174377;82.85196705;164
4386;21.8;61.26717746;61.26717746;61.26717746;61.26717746;61.62852082;64.3696673;65.2934173;63.85865062;125
4387;20.5;11.80418135;11.76095639;11.76095639;11.76095639;11.76095639;11.99196821;12.1308814;12.05309753;25
4388;20.5;6.655429533;6.528505717;6.528505717;6.528505717;6.528505717;6.718028579;6.923455334;6.89752596;14
4389;20;5.625907366;4.230422746;4.230422746;4.230422746;4.230422746;5.027594709;6.753278767;7.001107984;8
4390;19.4;0;0;0;0;0;0;0;0;0
4391;18.9;0;0;0;0;0;0;0;0;0
4392;18.4;0;0;0;0;0;0;0;0;0
4393;18.1;0;0;0;0;0;0;0;0;0
4394;18.1;0;0;0;0;0;0;0;0;0
4395;18.6;0;0;0;0;0;0;0;0;0
4396;18.3;0;0;0;0;0;0;0;0;0
4397;18.4;0;0;0;0;0;0;0;0;0
4398;19.3;74.68927289;119.430566;103.5589503;36.37180312;15.95785843;15.95785843;15.95785843;15.95785843;39
4399;19.6;34.0809619;41.11213146;41.10142064;34.0551037;29.09088972;29.09088972;29.09088972;29.09088972;61
4400;19.2;50.21701006;56.62196036;58.09863355;53.78201453;48.20886511;48.20886511;48.20886511;48.20886511;100
4401;18.6;82.4308739;105.0311532;114.3764415;104.9923959;82.40346836;82.40346836;82.40346836;82.40346836;178
4402;18.7;86.61870908;91.63021523;95.72307015;94.48271383;88.63573018;86.61870908;86.61870908;86.61870908;178
4403;18.5;82.9084408;83.53451536;84.73743821;84.86895918;83.85203508;82.9084408;82.9084408;82.9084408;167
4404;19;109.7057752;109.7057752;113.5459701;115.2312326;113.679757;109.8003768;109.7057752;109.7057752;222
4405;19.1;130.1018633;130.1018633;133.8968961;140.1736582;140.5504995;134.8066713;130.1018633;130.1018633;269
4406;18;75.73214794;75.73214794;75.73214794;76.37112338;76.78311508;76.57946447;75.87946734;75.73214794;153
4407;17.8;74.10122468;74.10122468;74.10122468;74.34040091;75.158291;75.35696598;74.82004473;74.10122468;150
4408;18;68.36142791;68.36142791;68.36142791;68.36142791;69.28464325;69.95174992;69.68726753;68.64612627;139
4409;18.6;96.35662555;96.35662555;96.35662555;96.35662555;100.7378024;108.6704702;109.3898548;102.4745504;200
4410;18.9;76.07812885;76.07812885;76.07812885;76.07812885;77.32166335;86.57284778;89.6763682;84.81422443;158
4411;18.5;30.9827745;30.70154219;30.70154219;30.70154219;30.70154219;32.22762638;33.14098346;32.62534893;64
4412;18.1;17.90618997;17.06083442;17.06083442;17.06083442;17.06083442;18.33233483;19.70436309;19.52784811;36
4413;17.2;5.70304267;4.228845216;4.228845216;4.228845216;4.228845216;5.077031788;6.902559624;7.161861822;8
4414;16.5;0;0;0;0;0;0;0;0;0
4415;16.1;0;0;0;0;0;0;0;0;0
4416;16.1;0;0;0;0;0;0;0;0;0
4417;15.6;0;0;0;0;0;0;0;0;0
4418;15;0;0;0;0;0;0;0;0;0
4419;14;0;0;0;0;0;0;0;0;0
4420;12.8;0;0;0;0;0;0;0;0;0
4421;12.3;6.008517597;7.97213298;5.890046219;1.065687414;1.065687414;1.065687414;1.065687414;1.149459329;3
4422;13.7;134.1981286;222.5978695;191.2792582;58.58831236;18.22585858;18.22585858;18.22585858;18.22585858;50
4423;16.6;202.680214;396.6187093;396.4125313;202.1824564;65.19302105;65.19302105;65.19302105;65.19302105;200
4424;18;132.2005113;269.1923677;300.8352347;208.59315;89.35039357;89.35039357;89.35039357;89.35039357;239
4425;19.6;109.0627228;544.9517874;725.3680984;544.6262276;108.8325172;108.8325172;108.8325172;108.8325172;497
4426;20.1;138.3940353;374.4955136;567.6056622;509.2894609;233.7077495;138.3940353;138.3940353;138.3940353;533
4427;21;147.7876582;272.1796125;511.5662182;537.8562772;335.6494294;147.7876582;147.7876582;147.7876582;611
4428;20.6;147.4268192;147.4268192;440.1197538;568.5915458;450.350753;154.6612281;147.4268192;147.4268192;717
4429;21.2;137.475834;137.475834;284.0166251;525.7469099;540.0332643;318.5069356;137.475834;137.475834;831
4430;21.3;133.9435839;133.9435839;133.9435839;406.7146555;581.685892;494.3757568;195.9293431;133.9435839;864
4431;21.3;127.9374094;127.9374094;127.9374094;216.3713176;514.9013732;586.7531869;389.8369408;127.9374094;778
4432;21.5;121.7651297;121.7651297;121.7651297;121.7651297;404.595688;607.6445773;526.0718759;207.6617659;644
4433;20.5;107.068901;107.068901;107.068901;107.068901;282.9315654;598.9636993;626.8505315;350.2563341;533
4434;20.4;86.83884648;86.83884648;86.83884648;86.83884648;142.5420746;548.7172149;684.3302712;469.9409542;411
4435;19.4;134.0536445;62.60375645;62.60375645;62.60375645;62.60375645;456.622151;691.2798019;557.6675517;281
4436;18.2;173.6094678;40.51151715;40.51151715;40.51151715;40.51151715;242.2336888;458.8876988;430.4626157;131
4437;16.2;41.7816149;8.93061585;8.93061585;8.93061585;8.93061585;27.9726574;68.71112831;74.43098579;28
4438;13;0;0;0;0;0;0;0;0;0
4439;11.2;0;0;0;0;0;0;0;0;0
4440;10.3;0;0;0;0;0;0;0;0;0
4441;9.8;0;0;0;0;0;0;0;0;0
4442;9.8;0;0;0;0;0;0;0;0;0
4443;9.2;0;0;0;0;0;0;0;0;0
4444;9.1;0;0;0;0;0;0;0;0;0
4445;9.5;9.701518576;12.80300277;9.516083508;1.8973159;1.8973159;1.8973159;1.8973159;2.028438294;6
4446;12.3;188.2581626;312.653088;268.6614483;82.0529493;25.19924073;25.19924073;25.19924073;25.19924073;72
4447;15.1;198.0205519;385.9606939;385.8704042;197.8025735;64.97266905;64.97266905;64.97266905;64.97266905;197
4448;17.6;188.5153081;493.706775;564.3622806;359.0927878;93.32884488;93.32884488;93.32884488;93.32884488;333
4449;19.8;110.0003076;532.8840972;708.1759279;533.0645929;110.1279373;110.0003076;110.0003076;110.0003076;489
4450;21.9;120.9545228;449.3592499;718.4572597;637.5462697;254.0228406;120.9545228;120.9545228;120.9545228;628
4451;22.6;129.4881681;307.0708864;649.5336677;687.3608483;398.393779;129.4881681;129.4881681;129.4881681;747
4452;23.5;136.6053511;136.6053511;483.5802994;635.9671904;495.8346885;145.2705127;136.6053511;136.6053511;800
4453;23.7;150.4486581;150.4486581;272.734737;473.9890189;485.7177454;301.0503877;150.4486581;150.4486581;717
4454;23.9;147.4357491;147.4357491;147.4357491;190.3427754;217.7261785;203.9344014;157.0464801;147.4357491;364
4455;23.7;158.1199145;158.1199145;158.1199145;180.0874129;253.2834785;270.734019;222.2167445;158.1199145;425
4456;22.6;58.21112723;58.21112723;58.21112723;58.21112723;58.89658072;59.38538791;59.18632912;58.41601029;119
4457;19.9;39.10963124;39.10963124;39.10963124;39.10963124;39.40411088;39.92918863;39.97418077;39.51273152;81
4458;18.6;30.67278501;30.67278501;30.67278501;30.67278501;30.77442102;31.5004672;31.74166838;31.35673217;64
4459;18.6;30.97827378;30.70128409;30.70128409;30.70128409;30.70128409;32.25501106;33.17557553;32.64673363;64
4460;18.6;140.2188112;41.85714849;41.85714849;41.85714849;41.85714849;192.1220551;352.7254801;331.2264526;117
4461;16.6;22.93302333;7.274178695;7.274178695;7.274178695;7.274178695;16.42100553;35.8685899;38.56595599;14
4462;16.2;0;0;0;0;0;0;0;0;0
4463;16.4;0;0;0;0;0;0;0;0;0
4464;15;0;0;0;0;0;0;0;0;0
4465;15.1;0;0;0;0;0;0;0;0;0
4466;15.3;0;0;0;0;0;0;0;0;0
4467;15.2;0;0;0;0;0;0;0;0;0
4468;14.6;0;0;0;0;0;0;0;0;0
4469;14.6;4.136400672;5.017704594;4.084504572;1.920152607;1.920152607;1.920152607;1.920152607;1.956848691;8
4470;16.3;170.0590612;281.4804603;242.1683063;75.15112591;24.16218969;24.16218969;24.16218969;24.16218969;67
4471;17.3;49.21248884;70.49742139;70.50221164;49.22405352;34.16994616;34.16994616;34.16994616;34.16994616;75
4472;17.6;75.22907371;111.1566076;119.4967337;95.3639193;64.06195674;64.06195674;64.06195674;64.06195674;144
4473;19.3;119.9811536;319.0931388;401.8226016;319.4531666;120.2357317;119.9811536;119.9811536;119.9811536;350
4474;19.9;137.6472342;377.8193942;575.0457491;516.0499862;235.3910232;137.6472342;137.6472342;137.6472342;536
4475;21;144.5212215;281.012335;544.9080247;574.2625553;351.8804409;144.5212215;144.5212215;144.5212215;639
4476;20.1;169.085969;169.085969;325.0294758;393.58521;330.6323335;173.0477876;169.085969;169.085969;544
4477;21.8;161.3549548;161.3549548;242.6637716;376.2145434;383.9034823;261.2265119;161.3549548;161.3549548;578
4478;21.5;150.9548872;150.9548872;150.9548872;340.112941;460.230203;399.1781794;192.7203178;150.9548872;664
4479;22.4;141.3079628;141.3079628;141.3079628;213.1215534;449.2828068;505.0365734;347.7230529;141.3079628;656
4480;23.1;128.3123283;128.3123283;128.3123283;128.3123283;145.0324327;156.8735073;151.9838306;133.2277089;278
4481;19.9;81.1958683;81.1958683;81.1958683;81.1958683;82.41551474;84.57276299;84.75187214;82.84792246;164
4482;17.9;66.89878315;66.89878315;66.89878315;66.89878315;67.37700101;70.72233498;71.82788415;70.0460328;136
4483;17;26.96907417;26.7586894;26.7586894;26.7586894;26.7586894;27.96018826;28.66825015;28.25771725;56
4484;17.9;48.92494503;33.67965359;33.67965359;33.67965359;33.67965359;57.16293676;82.13532258;78.72303468;72
4485;17.9;60.4379927;8.4633762;8.4633762;8.4633762;8.4633762;39.06614096;103.7168377;112.5693485;17
4486;15.8;0;0;0;0;0;0;0;0;0
4487;14.4;0;0;0;0;0;0;0;0;0
4488;14.6;0;0;0;0;0;0;0;0;0
4489;14.8;0;0;0;0;0;0;0;0;0
4490;14;0;0;0;0;0;0;0;0;0
4491;13.9;0;0;0;0;0;0;0;0;0
4492;13.9;0;0;0;0;0;0;0;0;0
4493;13.9;3.925074298;4.785438589;3.87550022;1.763342913;1.763342913;1.763342913;1.763342913;1.798397079;6
4494;14.9;163.8151029;275.3075789;236.0822238;69.1167187;18.01614746;18.01614746;18.01614746;18.01614746;53
4495;15.2;56.64731195;85.69382132;85.72442139;56.72118705;36.16056579;36.16056579;36.16056579;36.16056579;81
4496;15.5;54.7211864;66.08251856;68.72811538;61.10822212;51.20382765;51.20382765;51.20382765;51.20382765;108
4497;16.8;92.91622904;136.4878882;154.6405708;136.6359711;93.02093946;92.91622904;92.91622904;92.91622904;211
4498;18.3;143.3123749;296.0124531;421.7222926;384.3433781;205.7717709;143.3123749;143.3123749;143.3123749;442
4499;18.2;156.9777925;223.4756554;352.4376645;366.9019315;258.3954849;156.9777925;156.9777925;156.9777925;464
4500;18.5;162.2436831;162.2436831;246.5444857;283.6559722;249.6457864;164.4366339;162.2436831;162.2436831;431
4501;15.9;136.3923242;136.3923242;141.6196731;150.1915846;150.6800765;142.7989969;136.3923242;136.3923242;286
4502;17.3;157.6095389;157.6095389;157.6095389;211.2105095;245.0801035;227.7106271;169.2768838;157.6095389;406
4503;16.8;124.6755645;124.6755645;124.6755645;126.9827921;134.4706101;136.2206233;131.2076977;124.6755645;258
4504;17.9;140.5896959;140.5896959;140.5896959;140.5896959;291.147029;397.0133427;352.6701618;184.0931203;464
4505;15.8;82.75328867;82.75328867;82.75328867;82.75328867;84.03166296;86.27407127;86.45405289;84.46617702;167
4506;16.5;102.0037969;102.0037969;102.0037969;102.0037969;126.6502065;295.4221187;350.8922013;260.566832;294
4507;15.1;32.48587447;32.18719676;32.18719676;32.18719676;32.18719676;33.92547681;34.94417369;34.34787088;67
4508;15.2;27.41842145;25.38164501;25.38164501;25.38164501;25.38164501;28.5460891;31.89362119;31.42652596;53
4509;15.6;37.54838853;7.293477947;7.293477947;7.293477947;7.293477947;25.25457512;62.94921575;68.04147999;14
4510;15.6;0;0;0;0;0;0;0;0;0
4511;15.8;0;0;0;0;0;0;0;0;0
4512;15.5;0;0;0;0;0;0;0;0;0
4513;14.1;0;0;0;0;0;0;0;0;0
4514;14.2;0;0;0;0;0;0;0;0;0
4515;14.2;0;0;0;0;0;0;0;0;0
4516;14;0;0;0;0;0;0;0;0;0
4517;13.9;0;0;0;0;0;0;0;0;0
4518;14.2;29.41012613;43.29957694;38.42946106;17.65262631;11.27499342;11.27499342;11.27499342;11.27499342;25
4519;14.7;74.1153272;122.4286928;122.5255581;74.34918078;40.11797821;40.11797821;40.11797821;40.11797821;94
4520;15.6;53.63601939;64.19861883;66.66687479;59.5949164;50.38071018;50.38071018;50.38071018;50.38071018;106
4521;16.6;95.97364075;147.8625424;169.5463932;148.1323234;96.16440475;95.97364075;95.97364075;95.97364075;222
4522;16.8;93.97623145;103.2645758;110.9329361;108.6682887;97.79723352;93.97623145;93.97623145;93.97623145;197
4523;14.8;92.45589936;93.46314009;95.42345268;95.64541279;93.99899918;92.45589936;92.45589936;92.45589936;186
4524;16.6;157.7104047;157.7104047;233.5080765;266.9357095;236.3806403;159.741614;157.7104047;157.7104047;408
4525;15.9;153.2969791;153.2969791;163.3928836;179.9268544;180.8614054;165.6490893;153.2969791;153.2969791;336
4526;17.6;156.6340859;156.6340859;156.6340859;329.2724087;437.8325958;381.6705096;193.6851383;156.6340859;636
4527;17.2;154.0778185;154.0778185;154.0778185;174.6179925;240.400501;255.6163528;211.3523083;154.0778185;403
4528;13;79.63666121;79.63666121;79.63666121;79.63666121;80.91967765;81.81526325;81.43465332;80.000804;161
4529;14.5;61.17499919;61.17499919;61.17499919;61.17499919;61.8993304;63.1590752;63.25657518;62.13471617;125
4530;16.4;100.0036208;100.0036208;100.0036208;100.0036208;120.0042464;254.027473;297.8256159;225.742317;267
4531;15.9;69.76352086;61.87592657;61.87592657;61.87592657;61.87592657;108.7020574;135.9856701;119.8568002;139
4532;15;21.19789214;19.98777912;19.98777912;19.98777912;19.98777912;21.88469567;23.88053725;23.59605391;42
4533;12.3;6.401920407;4.216323411;4.216323411;4.216323411;4.216323411;5.524841874;8.252444965;8.615742788;8
4534;12.3;0;0;0;0;0;0;0;0;0
4535;13.6;0;0;0;0;0;0;0;0;0
4536;11.7;0;0;0;0;0;0;0;0;0
4537;11.8;0;0;0;0;0;0;0;0;0
4538;10.7;0;0;0;0;0;0;0;0;0
4539;12.2;0;0;0;0;0;0;0;0;0
4540;12.6;0;0;0;0;0;0;0;0;0
4541;12.8;3.023028906;3.87495314;2.977030567;0.88777779;0.88777779;0.88777779;0.88777779;0.920303527;6
4542;14.3;228.6324323;384.4519132;330.0297229;97.24564243;25.54693064;25.54693064;25.54693064;25.54693064;83
4543;15.5;185.7995289;365.2554092;365.8080167;187.1336414;59.84841897;59.84841897;59.84841897;59.84841897;175
4544;16.5;198.4936176;558.5251549;642.9866028;402.4015905;88.09758649;88.09758649;88.09758649;88.09758649;353
4545;16.8;120.1567777;414.5844546;538.0416722;416.7075861;121.6580584;120.1567777;120.1567777;120.1567777;414
4546;17.5;139.7343973;239.3429024;321.8404646;297.6627623;180.9727657;139.7343973;139.7343973;139.7343973;381
4547;18.1;156.7724636;223.4136765;353.6360169;368.5383577;259.3911098;156.7724636;156.7724636;156.7724636;464
4548;18.2;166.661676;166.661676;305.5613668;366.9512296;311.0141883;170.5174031;166.661676;166.661676;508
4549;18.6;166.8000906;166.8000906;222.109829;312.6036495;317.6877226;234.3838672;166.8000906;166.8000906;494
4550;18.6;152.2272078;152.2272078;152.2272078;200.68634;231.0146589;215.1903575;162.4830968;152.2272078;383
4551;17.7;147.397026;147.397026;147.397026;153.9311551;174.5813556;179.3073444;165.3407015;147.397026;325
4552;16.2;62.76067475;62.76067475;62.76067475;62.76067475;63.57831888;64.14478973;63.90046479;62.98846631;128
4553;15.6;78.08818534;78.08818534;78.08818534;78.08818534;79.25911861;81.27781037;81.42806305;79.62186066;158
4554;15.1;41.55802253;41.55802253;41.55802253;41.55802253;41.76180134;43.09766784;43.531631;42.80948109;86
4555;14.8;29.46282008;29.21951589;29.21951589;29.21951589;29.21951589;30.69436973;31.54857839;31.03845381;61
4556;14.7;13.73724279;13.19233958;13.19233958;13.19233958;13.19233958;14.05441402;14.95640015;14.82502352;28
4557;14.7;4.541567742;3.170143424;3.170143424;3.170143424;3.170143424;3.998382535;5.712874726;5.937869406;6
4558;14.8;0;0;0;0;0;0;0;0;0
4559;15.4;0;0;0;0;0;0;0;0;0
4560;16;0;0;0;0;0;0;0;0;0
4561;16;0;0;0;0;0;0;0;0;0
4562;16.2;0;0;0;0;0;0;0;0;0
4563;16.3;0;0;0;0;0;0;0;0;0
4564;16.2;0;0;0;0;0;0;0;0;0
4565;16.1;0;0;0;0;0;0;0;0;0
4566;16.5;32.03044987;48.10197525;42.51372617;18.53922315;11.12642739;11.12642739;11.12642739;11.12642739;25
4567;17.2;58.34533872;90.42113652;90.55830979;58.67650428;35.89849399;35.89849399;35.89849399;35.89849399;81
4568;17;29.71841829;30.53104066;30.72249995;30.18064189;29.47064894;29.47064894;29.47064894;29.47064894;61
4569;17.1;41.76188698;42.71482951;43.115909;42.72382074;41.76824474;41.76188698;41.76188698;41.76188698;86
4570;17;41.64659175;42.08949232;42.4576022;42.35063316;41.83124622;41.64659175;41.64659175;41.64659175;86
4571;17.3;47.17177331;47.38574212;47.80574967;47.85438246;47.50315207;47.17177331;47.17177331;47.17177331;97
4572;17.7;58.31925411;58.31925411;58.86947146;59.11327897;58.89195748;58.33515412;58.31925411;58.31925411;119
4573;18.1;72.63962044;72.63962044;72.98686642;73.55466036;73.58643632;73.06358039;72.63962044;72.63962044;147
4574;17.9;57.39440426;57.39440426;57.39440426;57.7871982;58.03189258;57.90315494;57.47639805;57.39440426;117
4575;18.2;47.27549386;47.27549386;47.27549386;47.38739304;47.73636641;47.81536689;47.57811707;47.27549386;97
4576;19.5;86.87591346;86.87591346;86.87591346;86.87591346;88.41742281;89.47721633;89.0132019;87.2971929;175
4577;18.7;91.92370198;91.92370198;91.92370198;91.92370198;95.36242019;101.2378049;101.6571145;96.374723;189
4578;18.3;68.38836778;68.38836778;68.38836778;68.38836778;68.96712336;72.67789096;73.87591405;71.85940697;139
4579;17.8;50.96480443;50.16130595;50.16130595;50.16130595;50.16130595;55.1395956;58.00516918;56.27591406;103
4580;17.1;17.97345831;17.05988609;17.05988609;17.05988609;17.05988609;18.51904941;20.03702686;19.81103563;36
4581;16.1;28.86014254;5.859423584;5.859423584;5.859423584;5.859423584;19.8745475;48.68052087;52.4024762;11
4582;15.7;0;0;0;0;0;0;0;0;0
4583;15.1;0;0;0;0;0;0;0;0;0
4584;14.8;0;0;0;0;0;0;0;0;0
4585;14.3;0;0;0;0;0;0;0;0;0
4586;13.9;0;0;0;0;0;0;0;0;0
4587;13.9;0;0;0;0;0;0;0;0;0
4588;13.6;0;0;0;0;0;0;0;0;0
4589;13.9;1.231701991;1.553218317;1.215980361;0.428654416;0.428654416;0.428654416;0.428654416;0.439771287;3
4590;14.6;125.4685531;210.0941695;180.8158391;54.78441073;15.64796951;15.64796951;15.64796951;15.64796951;44
4591;15.2;58.99067278;92.2350528;92.42109452;59.43981722;35.80093931;35.80093931;35.80093931;35.80093931;81
4592;16.9;120.4737245;238.8303997;266.8471867;188.1122318;84.61056407;84.61056407;84.61056407;84.61056407;217
4593;17.4;106.1745383;203.6100135;244.787117;204.7668518;106.9925464;106.1745383;106.1745383;106.1745383;261
4594;17.8;121.3337626;158.285292;189.1154644;180.2400351;136.8581103;121.3337626;121.3337626;121.3337626;281
4595;19.2;133.4585554;146.3643856;171.8251174;174.8112376;153.5735173;133.4585554;133.4585554;133.4585554;297
4596;20.4;158.3525926;158.3525926;390.4781808;493.6411893;400.3966851;165.3660343;158.3525926;158.3525926;631
4597;19.2;170.7366416;170.7366416;214.0901004;284.9605687;288.9202097;223.6495193;170.7366416;170.7366416;475
4598;17.6;75.71232728;75.71232728;75.71232728;76.38957678;76.80957288;76.5868174;75.85179746;75.71232728;153
4599;18.1;111.3428988;111.3428988;111.3428988;112.4449403;115.8365041;116.5957749;114.2779821;111.3428988;225
4600;16.6;129.3844126;129.3844126;129.3844126;129.3844126;179.0148911;212.8691313;197.8191556;142.6810356;314
4601;17.7;116.4934937;116.4934937;116.4934937;116.4934937;151.9120907;211.8757122;215.9657237;161.786252;286
4602;20;95.71268696;95.71268696;95.71268696;95.71268696;142.0777574;432.7739524;526.0242294;367.2038409;347
4603;19.3;129.1252957;59.13544274;59.13544274;59.13544274;59.13544274;502.8239358;756.5955801;601.8045351;289
4604;17.8;155.4632441;32.73129281;32.73129281;32.73129281;32.73129281;230.6944706;435.425455;404.2636606;147
4605;16.6;14.99371807;6.295434677;6.295434677;6.295434677;6.295434677;11.64421115;22.5580303;23.94544149;19
4606;14.7;0;0;0;0;0;0;0;0;0
4607;14.4;0;0;0;0;0;0;0;0;0
4608;14.8;0;0;0;0;0;0;0;0;0
4609;14.5;0;0;0;0;0;0;0;0;0
4610;13.2;0;0;0;0;0;0;0;0;0
4611;12.7;0;0;0;0;0;0;0;0;0
4612;13.7;0;0;0;0;0;0;0;0;0
4613;14;1.459222529;1.459222529;1.459222529;1.459222529;1.459222529;1.459222529;1.459222529;1.459222529;3
4614;14.6;149.7539486;253.2554842;217.6452046;63.78312864;15.7767612;15.7767612;15.7767612;15.7767612;47
4615;13.9;19.3503611;20.04826787;20.05317965;19.36221919;18.86525142;18.86525142;18.86525142;18.86525142;39
4616;13.9;80.85460986;129.592418;141.1880531;108.8489492;66.1867624;66.1867624;66.1867624;66.1867624;153
4617;14.8;96.31577759;152.7087036;176.6466187;153.5278165;96.89497783;96.31577759;96.31577759;96.31577759;225
4618;15.7;128.0528598;197.1434529;255.0303241;238.5355188;157.3214703;128.0528598;128.0528598;128.0528598;319
4619;16.6;159.2284024;243.7946399;411.5496528;431.4982992;291.9549327;159.2284024;159.2284024;159.2284024;525
4620;17.9;167.1535361;167.1535361;313.3749269;378.5782366;319.9318241;171.7899625;167.1535361;167.1535361;519
4621;16.9;159.0928672;159.0928672;263.0807166;433.0869419;442.5911542;286.0259149;159.0928672;159.0928672;650
4622;18.6;141.9055873;141.9055873;141.9055873;366.8651697;505.7621867;431.5169425;187.6212942;141.9055873;725
4623;17.6;145.1431137;145.1431137;145.1431137;212.6954154;417.8568168;463.2662296;322.3234357;145.1431137;603
4624;17.6;139.9244441;139.9244441;139.9244441;139.9244441;309.3424271;423.9848825;372.2285857;184.3916734;483
4625;17.4;117.3010329;117.3010329;117.3010329;117.3010329;256.4408547;489.8109318;504.9697622;293.0375087;453
4626;16.2;84.40859008;84.40859008;84.40859008;84.40859008;88.03135416;110.2389223;117.3154322;105.1155602;183
4627;15.9;47.8460204;47.20165561;47.20165561;47.20165561;47.20165561;51.38562761;53.76305034;52.29689703;97
4628;15.3;39.41422873;29.39230847;29.39230847;29.39230847;29.39230847;45.72174663;62.50754164;59.89488218;61
4629;14.5;12.15630736;4.302600726;4.302600726;4.302600726;4.302600726;9.17733428;19.05022166;20.28415271;8
4630;12.6;0;0;0;0;0;0;0;0;0
4631;12;0;0;0;0;0;0;0;0;0
4632;12.7;0;0;0;0;0;0;0;0;0
4633;12.8;0;0;0;0;0;0;0;0;0
4634;12.1;0;0;0;0;0;0;0;0;0
4635;11.4;0;0;0;0;0;0;0;0;0
4636;12;0;0;0;0;0;0;0;0;0
4637;11.6;1.459222393;1.459222393;1.459222393;1.459222393;1.459222393;1.459222393;1.459222393;1.459222393;3
4638;12;155.450877;263.9145667;226.8249661;65.90866035;15.43955794;15.43955794;15.43955794;15.43955794;47
4639;13.9;135.5272515;253.973535;254.9922986;137.9867642;53.51221928;53.51221928;53.51221928;53.51221928;139
4640;16;160.9950719;394.9446745;450.9095335;296.1061935;91.10571176;91.10571176;91.10571176;91.10571176;286
4641;16.2;108.3599678;531.1384595;711.4587021;538.4918856;113.5596252;108.3599678;108.3599678;108.3599678;481
4642;16.2;114.610564;142.9305993;166.7657236;160.0490628;126.7151457;114.610564;114.610564;114.610564;258
4643;18.2;133.1553986;291.8459187;608.5394717;646.7594821;384.117186;133.1553986;133.1553986;133.1553986;697
4644;18.8;151.4684519;151.4684519;416.9159676;535.7287646;429.4470819;160.3292878;151.4684519;151.4684519;667
4645;19.6;141.1558209;141.1558209;284.4543651;518.8329931;531.9734558;316.1782484;141.1558209;141.1558209;775
4646;18.4;156.1148102;156.1148102;156.1148102;333.7639124;442.9836633;384.1595306;191.7498935;156.1148102;633
4647;18;156.5430938;156.5430938;156.5430938;180.7936764;253.4806085;269.3828591;219.1851055;156.5430938;419
4648;17;125.0140326;125.0140326;125.0140326;125.0140326;140.7013842;151.2305271;146.4024031;129.0452617;269
4649;17.6;104.6538708;104.6538708;104.6538708;104.6538708;129.5204127;170.8320375;173.3773898;135.6654367;242
4650;17.9;99.91369489;99.91369489;99.91369489;99.91369489;125.3591446;277.8460598;326.1026088;241.8607597;278
4651;17.7;90.96484994;70.20537506;70.20537506;70.20537506;70.20537506;208.4245209;286.4362406;237.7828519;186
4652;16.6;138.6620885;38.80818821;38.80818821;38.80818821;38.80818821;203.209111;371.1601031;344.4238509;111
4653;15.1;15.17278748;4.424675863;4.424675863;4.424675863;4.424675863;11.15986642;24.69778532;26.35999165;25
4654;13.6;0;0;0;0;0;0;0;0;0
4655;11.5;0;0;0;0;0;0;0;0;0
4656;10.9;0;0;0;0;0;0;0;0;0
4657;10.5;0;0;0;0;0;0;0;0;0
4658;9.2;0;0;0;0;0;0;0;0;0
4659;8.8;0;0;0;0;0;0;0;0;0
4660;8.3;0;0;0;0;0;0;0;0;0
4661;9.1;1.459222244;1.459222244;1.459222244;1.459222244;1.459222244;1.459222244;1.459222244;1.459222244;3
4662;11.6;50.93234755;81.49050425;71.11078152;25.87348017;11.60517267;11.60517267;11.60517267;11.60517267;28
4663;13.8;106.7197072;198.5959054;199.5408589;109.0010269;43.36656106;43.36656106;43.36656106;43.36656106;111
4664;17.2;186.3887811;512.2363244;590.6388315;375.6691769;89.82122496;89.82122496;89.82122496;89.82122496;331
4665;18.5;99.50030279;595.4717532;808.0916024;605.6282785;106.6820507;99.50030279;99.50030279;99.50030279;522
4666;19.9;116.5585433;466.5697361;762.5838053;680.1650376;267.5932294;116.5585433;116.5585433;116.5585433;642
4667;21.2;128.5165893;303.0079355;653.5087647;696.4762977;406.7407364;128.5165893;128.5165893;128.5165893;736
4668;21.6;168.3581809;168.3581809;336.2573991;411.7188972;344.6229883;174.2735458;168.3581809;168.3581809;556
4669;20.4;157.0071456;157.0071456;169.3351185;189.5148668;190.6520329;172.0804803;157.0071456;157.0071456;350
4670;22.4;164.7702434;164.7702434;164.7702434;265.1165613;326.5564619;293.2241899;184.6453382;164.7702434;494
4671;22.9;138.9210375;138.9210375;138.9210375;222.0242516;467.8706331;521.0228029;350.3449407;138.9210375;661
4672;23;115.2090103;115.2090103;115.2090103;115.2090103;452.9205077;677.715648;573.0020288;200.1194682;697
4673;21.9;104.4190071;104.4190071;104.4190071;104.4190071;298.3781972;617.5038813;636.0714047;343.2041641;528
4674;21.4;88.44217503;88.44217503;88.44217503;88.44217503;149.5155975;507.2827432;619.6987645;420.9118808;378
4675;20.6;118.9225873;60.28195498;60.28195498;60.28195498;60.28195498;461.0961354;685.7594371;544.0265128;267
4676;19.3;170.5342799;36.44585837;36.44585837;36.44585837;36.44585837;259.5833018;486.0982786;449.212966;122
4677;17.7;14.81897709;3.555599907;3.555599907;3.555599907;3.555599907;10.68265875;24.89816037;26.61147952;19
4678;16.2;0;0;0;0;0;0;0;0;0
4679;14.5;0;0;0;0;0;0;0;0;0
4680;16.1;0;0;0;0;0;0;0;0;0
4681;16.6;0;0;0;0;0;0;0;0;0
4682;16.7;0;0;0;0;0;0;0;0;0
4683;16.5;0;0;0;0;0;0;0;0;0
4684;15.9;0;0;0;0;0;0;0;0;0
4685;14.7;1.459222084;1.459222084;1.459222084;1.459222084;1.459222084;1.459222084;1.459222084;1.459222084;3
4686;15;125.2657218;208.4630128;180.4082505;57.53553409;18.54387818;18.54387818;18.54387818;18.54387818;50
4687;15.7;77.88814178;135.1525875;135.8448658;79.55944928;38.57785673;38.57785673;38.57785673;38.57785673;92
4688;16.1;53.82863557;66.90446678;70.0701032;61.47115796;49.98670606;49.98670606;49.98670606;49.98670606;106
4689;17;54.55657738;56.18429407;56.88588781;56.22300309;54.58394879;54.55657738;54.55657738;54.55657738;111
4690;18.8;98.83494809;112.4210076;123.9708064;120.7963603;104.7572168;98.83494809;98.83494809;98.83494809;211
4691;17.7;106.9302096;110.9019495;118.9361212;119.9373927;113.3192327;106.9302096;106.9302096;106.9302096;222
4692;18.3;66.94280974;66.94280974;67.6795479;68.01216652;67.71837044;66.97026142;66.94280974;66.94280974;136
4693;18.1;74.1613262;74.1613262;74.53483689;75.14694646;75.18169305;74.61872258;74.1613262;74.1613262;150
4694;18.5;65.48324909;65.48324909;65.48324909;66.01344763;66.3367901;66.16013981;65.58697612;65.48324909;133
4695;18.9;59.82607095;59.82607095;59.82607095;60.0195573;60.58455787;60.7052471;60.31092686;59.82607095;122
4696;20.3;88.42926483;88.42926483;88.42926483;88.42926483;90.10296262;91.20770309;90.68487211;88.84073698;178
4697;19.6;89.36601046;89.36601046;89.36601046;89.36601046;92.43916938;97.44605467;97.71975965;93.09995165;183
4698;19.4;32.14309032;32.14309032;32.14309032;32.14309032;32.29035369;33.13358597;33.39659933;32.92532412;67
4699;19.6;36.52106333;36.17514243;36.17514243;36.17514243;36.17514243;38.6052759;39.95779104;39.09448193;75
4700;19.1;21.34657599;19.98922494;19.98922494;19.98922494;19.98922494;22.27290893;24.57619286;24.1924932;42
4701;17.9;5.428900636;3.77733916;3.77733916;3.77733916;3.77733916;4.832793066;6.921537865;7.168453705;14
4702;17.1;0;0;0;0;0;0;0;0;0
4703;17.5;0;0;0;0;0;0;0;0;0
4704;17.7;0;0;0;0;0;0;0;0;0
4705;17.5;0;0;0;0;0;0;0;0;0
4706;17.6;0;0;0;0;0;0;0;0;0
4707;16.6;0;0;0;0;0;0;0;0;0
4708;16.1;0;0;0;0;0;0;0;0;0
4709;15.6;0;0;0;0;0;0;0;0;0
4710;15.3;3.964676927;4.081243607;4.042244488;3.870524726;3.815676178;3.815676178;3.815676178;3.815676178;8
4711;15.2;9.087994494;9.264162707;9.266631243;9.093954068;8.967638811;8.967638811;8.967638811;8.967638811;19
4712;15.4;28.22027813;28.99790686;29.18739842;28.6777512;27.99389388;27.99389388;27.99389388;27.99389388;58
4713;16.6;74.28132685;90.74841145;97.88722572;91.19802459;74.59925135;74.28132685;74.28132685;74.28132685;158
4714;19;132.3318144;385.0433428;601.0660847;542.5106483;243.6780139;132.3318144;132.3318144;132.3318144;539
4715;19.4;152.9403683;252.1529891;454.3579189;479.9965356;314.0500851;152.9403683;152.9403683;152.9403683;547
4716;17.9;163.6366235;163.6366235;294.0008227;353.1448224;301.2774893;168.7820037;163.6366235;163.6366235;483
4717;18.8;142.5589002;142.5589002;281.1104027;508.5121901;521.5435034;312.5707761;142.5589002;142.5589002;753
4718;19.4;145.1661529;145.1661529;145.1661529;373.1274648;511.6204172;435.4494315;189.2344381;145.1661529;706
4719;19.4;130.3121525;130.3121525;130.3121525;228.3927111;511.1292065;570.7882365;372.4223504;130.3121525;719
4720;18.7;124.8466483;124.8466483;124.8466483;124.8466483;390.3245023;564.065511;480.5180668;188.6231294;592
4721;18.4;115.8104514;115.8104514;115.8104514;115.8104514;263.018879;500.4778135;512.6038243;292.2936587;453
4722;17.6;99.23389766;99.23389766;99.23389766;99.23389766;127.9036128;288.3655434;338.0367211;247.8204435;281
4723;17.2;83.23772889;67.66558235;67.66558235;67.66558235;67.66558235;180.2420501;242.4448964;202.2643909;169
4724;16.4;146.0621978;36.91376328;36.91376328;36.91376328;36.91376328;222.6267804;408.7000653;376.9859769;111
4725;15.1;4.184297964;2.916428662;2.916428662;2.916428662;2.916428662;3.734887816;5.341773999;5.527925778;17
4726;15.1;0;0;0;0;0;0;0;0;0
4727;15.2;0;0;0;0;0;0;0;0;0
4728;14.7;0;0;0;0;0;0;0;0;0
4729;14.9;0;0;0;0;0;0;0;0;0
4730;14.9;0;0;0;0;0;0;0;0;0
4731;14.4;0;0;0;0;0;0;0;0;0
4732;14.2;0;0;0;0;0;0;0;0;0
4733;14.8;0;0;0;0;0;0;0;0;0
4734;14.8;5.632830014;5.861826932;5.78585852;5.449426042;5.341218548;5.341218548;5.341218548;5.341218548;11
4735;15.8;55.65360794;88.71446988;89.24522195;56.9349568;33.18209874;33.18209874;33.18209874;33.18209874;75
4736;16.4;68.18185076;100.8109663;108.8165649;87.50907535;58.77599347;58.77599347;58.77599347;58.77599347;131
4737;16.6;50.4505869;51.86801089;52.48624467;51.91201774;50.48170444;50.4505869;50.4505869;50.4505869;103
4738;16.9;84.84012296;90.37352177;95.13127819;93.86061545;87.30587055;84.84012296;84.84012296;84.84012296;175
4739;16.6;124.9748295;134.6080377;154.3996349;156.9545802;140.7762212;124.9748295;124.9748295;124.9748295;272
4740;16.8;90.15094686;90.15094686;91.4699794;92.07155029;91.54805773;90.20615658;90.15094686;90.15094686;181
4741;16.2;108.369084;108.369084;109.4483311;111.2229885;111.3258674;109.6967027;108.369084;108.369084;217
4742;14.5;48.82709761;48.82709761;48.82709761;49.13261183;49.31754302;49.21517795;48.88548067;48.82709761;100
4743;15.6;71.00031812;71.00031812;71.00031812;71.28004843;72.07619554;72.24210825;71.68059714;71.00031812;144
4744;14.8;30.81976349;30.81976349;30.81976349;30.81976349;31.04088359;31.18434858;31.11424456;30.87163753;64
4745;15;100.8680865;100.8680865;100.8680865;100.8680865;108.7445739;121.3224936;121.918499;110.1834583;214
4746;14.5;66.88432692;66.88432692;66.88432692;66.88432692;67.55613584;71.23145268;72.3602822;70.28137139;136
4747;13.8;10.35845207;10.32940429;10.32940429;10.32940429;10.32940429;10.54578466;10.66446013;10.58686443;22
4748;13.8;5.21260538;5.115337463;5.115337463;5.115337463;5.115337463;5.282751363;5.449364387;5.42030897;11
4749;13.6;4.671265505;1.655196153;1.655196153;1.655196153;1.655196153;3.622237336;7.453081824;7.887603519;3
4750;13.7;0;0;0;0;0;0;0;0;0
4751;13.7;0;0;0;0;0;0;0;0;0
4752;13.9;0;0;0;0;0;0;0;0;0
4753;13.8;0;0;0;0;0;0;0;0;0
4754;13.9;0;0;0;0;0;0;0;0;0
4755;14;0;0;0;0;0;0;0;0;0
4756;14.1;0;0;0;0;0;0;0;0;0
4757;14.3;0;0;0;0;0;0;0;0;0
4758;14.5;3.989588794;4.115719719;4.074254516;3.889482937;3.829615231;3.829615231;3.829615231;3.829615231;8
4759;14.7;12.11944391;12.43546307;12.4412185;12.13333873;11.90580974;11.90580974;11.90580974;11.90580974;25
4760;15.1;38.607827;40.04644277;40.401947;39.46609013;38.19745571;38.19745571;38.19745571;38.19745571;78
4761;16.9;101.9484927;192.4411653;232.1648342;195.6095363;104.1888693;101.9484927;101.9484927;101.9484927;247
4762;17.1;108.1915559;130.8428987;150.4395342;145.287877;118.405698;108.1915559;108.1915559;108.1915559;239
4763;16.9;90.84137021;91.86565257;93.98809799;94.26723295;92.53954397;90.84137021;90.84137021;90.84137021;183
4764;16.9;113.6968166;113.6968166;119.9394625;122.802562;120.3316394;113.9741276;113.6968166;113.6968166;233
4765;17.5;87.0447648;87.0447648;87.56320489;88.41759806;88.46780413;87.68441306;87.0447648;87.0447648;175
4766;19.3;153.3066532;153.3066532;153.3066532;206.8279152;239.1120961;221.1326124;163.4216016;153.3066532;389
4767;19.6;159.2186601;159.2186601;159.2186601;205.9177608;337.1612736;364.1684168;271.1187721;159.2186601;508
4768;19.1;123.5570398;123.5570398;123.5570398;123.5570398;169.6482382;199.2922065;184.5715413;134.1094086;294
4769;18.5;86.00501246;86.00501246;86.00501246;86.00501246;88.3837434;92.14379864;92.30783619;88.77976509;175
4770;18.1;52.61935477;52.61935477;52.61935477;52.61935477;53.0393267;55.28520056;55.96945811;54.69127056;108
4771;17.3;27.94370236;27.74444142;27.74444142;27.74444142;27.74444142;29.2759458;30.10957662;29.55774332;58
4772;16.3;2.808556346;2.77891673;2.77891673;2.77891673;2.77891673;2.830535221;2.881555916;2.872451968;6
4773;16.2;2.704496746;1.886575263;1.886575263;1.886575263;1.886575263;2.425590992;3.4667801;3.582306646;11
4774;15.8;0;0;0;0;0;0;0;0;0
4775;15.3;0;0;0;0;0;0;0;0;0
4776;15.5;0;0;0;0;0;0;0;0;0
4777;15.2;0;0;0;0;0;0;0;0;0
4778;15.8;0;0;0;0;0;0;0;0;0
4779;16.1;0;0;0;0;0;0;0;0;0
4780;16;0;0;0;0;0;0;0;0;0
4781;15.9;0;0;0;0;0;0;0;0;0
4782;16.2;5.684816699;5.93370988;5.852676265;5.489184248;5.370489611;5.370489611;5.370489611;5.370489611;11
4783;16;9.10045972;9.286484868;9.290295886;9.109660332;8.975425891;8.975425891;8.975425891;8.975425891;19
4784;16.3;18.67849958;19.04250694;19.13313387;18.89729233;18.57581734;18.57581734;18.57581734;18.57581734;39
4785;16.6;37.76103262;38.58369283;38.94725359;38.6159422;37.78383636;37.76103262;37.76103262;37.76103262;78
4786;16.1;26.81383211;27.00740579;27.17596476;27.13239134;26.90221025;26.81383211;26.81383211;26.81383211;56
4787;16.8;64.35971004;64.75166345;65.57122485;65.6810973;65.01691901;64.35971004;64.35971004;64.35971004;131
4788;18.6;153.3076425;153.3076425;187.7454178;203.6343282;190.0425487;154.9319593;153.3076425;153.3076425;350
4789;16.9;160.5683476;160.5683476;195.6845786;253.7058117;257.1683815;204.0439616;160.5683476;160.5683476;419
4790;16;66.99396503;66.99396503;66.99396503;67.57044896;67.91703427;67.72289813;67.10176287;66.99396503;136
4791;17.4;147.5869184;147.5869184;147.5869184;168.8632108;227.9169371;239.9144279;197.8277159;147.5869184;375
4792;16.3;128.3057666;128.3057666;128.3057666;128.3057666;148.7952053;161.8572192;155.2652472;132.8807771;281
4793;17.9;120.6193795;120.6193795;120.6193795;120.6193795;237.3490198;419.9739097;427.2409758;254.8932693;403
4794;18.1;95.72683971;95.72683971;95.72683971;95.72683971;144.5808484;399.9730765;477.1419854;330.8830748;322
4795;18.4;105.8665753;61.80405512;61.80405512;61.80405512;61.80405512;411.7256431;600.7304308;474.0394567;242
4796;14.5;36.35022866;27.05714537;27.05714537;27.05714537;27.05714537;43.4371839;59.5151013;56.57958833;56
4797;13.4;2.564123649;1.410602259;1.410602259;1.410602259;1.410602259;2.178843819;3.650581282;3.810169412;8
4798;13.6;0;0;0;0;0;0;0;0;0
4799;13.8;0;0;0;0;0;0;0;0;0
4800;13.4;0;0;0;0;0;0;0;0;0
4801;14;0;0;0;0;0;0;0;0;0
4802;13.6;0;0;0;0;0;0;0;0;0
4803;13.9;0;0;0;0;0;0;0;0;0
4804;13;0;0;0;0;0;0;0;0;0
4805;13;1.4592211;1.4592211;1.4592211;1.4592211;1.4592211;1.4592211;1.4592211;1.4592211;3
4806;13.2;70.47222658;118.1955982;102.8176062;33.3464696;10.47483234;10.47483234;10.47483234;10.47483234;28
4807;14.1;79.74334702;143.9256232;145.3938207;83.28788947;36.86599431;36.86599431;36.86599431;36.86599431;89
4808;15.1;92.4267087;173.7326982;194.1335093;141.6786236;69.76105513;69.76105513;69.76105513;69.76105513;172
4809;16.3;116.9877448;371.5102753;484.7865665;382.6112961;124.8373518;116.9877448;116.9877448;116.9877448;381
4810;13.7;134.5903175;225.1929651;304.6265791;284.4552572;176.4950861;134.5903175;134.5903175;134.5903175;358
4811;14.9;122.0152855;130.7323123;149.1345398;151.650676;136.8068023;122.0152855;122.0152855;122.0152855;264
4812;16;162.3090329;162.3090329;291.0165833;350.775998;300.1340206;168.7560346;162.3090329;162.3090329;475
4813;14.2;126.2524502;126.2524502;130.1487151;136.6052789;136.997296;131.0951282;126.2524502;126.2524502;261
4814;11.8;132.9558997;132.9558997;132.9558997;142.0079455;147.4330262;144.3776025;134.6315002;132.9558997;278
4815;14.4;146.8462477;146.8462477;146.8462477;168.1435382;226.5323458;238.2421178;196.4134287;146.8462477;372
4816;14.1;107.6976478;107.6976478;107.6976478;107.6976478;114.529505;118.8461443;116.6321456;109.1844392;222
4817;16.5;111.6720089;111.6720089;111.6720089;111.6720089;280.5830536;542.117502;551.5028184;303.2412118;469
4818;15.6;80.81709676;80.81709676;80.81709676;80.81709676;164.1733516;590.1875754;717.819481;472.3040293;400
4819;15.2;103.8236344;61.59359256;61.59359256;61.59359256;61.59359256;408.6294652;594.6064721;468.3517631;239
4820;14.2;160.181447;33.63356235;33.63356235;33.63356235;33.63356235;259.4427594;479.523876;438.4084941;111
4821;13.4;2.598171411;1.410791115;1.410791115;1.410791115;1.410791115;2.210083248;3.728541185;3.889292566;8
4822;12.7;0;0;0;0;0;0;0;0;0
4823;11.9;0;0;0;0;0;0;0;0;0
4824;11.7;0;0;0;0;0;0;0;0;0
4825;12.1;0;0;0;0;0;0;0;0;0
4826;12.2;0;0;0;0;0;0;0;0;0
4827;13.2;0;0;0;0;0;0;0;0;0
4828;13.5;0;0;0;0;0;0;0;0;0
4829;12.7;0;0;0;0;0;0;0;0;0
4830;12.9;57.99529545;96.65087297;84.33066328;28.25167814;9.629760958;9.629760958;9.629760958;9.629760958;25
4831;12.9;19.51596508;20.33203986;20.35274974;19.56596316;18.97426705;18.97426705;18.97426705;18.97426705;39
4832;12.7;27.23130007;28.00118187;28.19592063;27.70144102;27.01935129;27.01935129;27.01935129;27.01935129;56
4833;13.1;33.26231186;33.91431574;34.20663201;33.94577833;33.28455927;33.26231186;33.26231186;33.26231186;69
4834;12.1;50.20115641;50.86079819;51.4432612;51.29811607;50.51038685;50.20115641;50.20115641;50.20115641;103
4835;12.8;99.00492;101.548985;106.9741333;107.7310245;103.3762821;99.00492;99.00492;99.00492;203
4836;12.8;72.55687489;72.55687489;73.44692646;73.86294224;73.51388148;72.60421924;72.55687489;72.55687489;147
4837;12.9;94.32014827;94.32014827;94.93676775;95.96194223;96.02537608;95.0899106;94.32014827;94.32014827;189
4838;13;75.67445545;75.67445545;75.67445545;76.41941685;76.86456927;76.61256916;75.81103476;75.67445545;153
4839;13.8;74.05650559;74.05650559;74.05650559;74.383962;75.27089228;75.44645131;74.80779898;74.05650559;150
4840;14.6;70.88922273;70.88922273;70.88922273;70.88922273;72.06287116;72.7977929;72.41470013;71.13800338;144
4841;15.4;106.1135298;106.1135298;106.1135298;106.1135298;118.3474584;137.0929005;137.6910474;119.7915127;231
4842;15.7;97.15997389;97.15997389;97.15997389;97.15997389;128.2617741;283.6774756;329.8337542;239.6928879;272
4843;15.5;68.52981134;61.0768414;61.0768414;61.0768414;61.0768414;124.5537476;158.2997129;135.0938387;142
4844;14.7;55.4660766;31.02415179;31.02415179;31.02415179;31.02415179;75.18738876;117.9223253;109.7534903;67
4845;13.6;1.146124543;0.529916164;0.529916164;0.529916164;0.529916164;0.949235376;1.739131459;1.820685622;3
4846;13.4;0;0;0;0;0;0;0;0;0
4847;13.3;0;0;0;0;0;0;0;0;0
4848;13.3;0;0;0;0;0;0;0;0;0
4849;13.3;0;0;0;0;0;0;0;0;0
4850;13.2;0;0;0;0;0;0;0;0;0
4851;13;0;0;0;0;0;0;0;0;0
4852;12.6;0;0;0;0;0;0;0;0;0
4853;12.6;0;0;0;0;0;0;0;0;0
4854;12.9;46.1999088;76.28458296;66.80685466;23.3186486;8.747337443;8.747337443;8.747337443;8.747337443;22
4855;13.2;35.56941988;50.02555457;50.430197;36.54631312;26.03815685;26.03815685;26.03815685;26.03815685;56
4856;14.1;113.6056681;236.5810821;267.9479041;189.3318751;80.19543345;80.19543345;80.19543345;80.19543345;206
4857;16;109.1767515;488.3477207;659.6485921;508.490525;123.419865;109.1767515;109.1767515;109.1767515;447
4858;16.6;129.7641385;387.7426918;617.2405003;561.1812674;252.4037314;129.7641385;129.7641385;129.7641385;539
4859;17.3;145.0893948;262.9892508;517.0901979;553.2781197;350.3546225;145.0893948;145.0893948;145.0893948;594
4860;18.5;157.5504863;157.5504863;385.0008847;492.0590072;403.1665749;170.395569;157.5504863;157.5504863;608
4861;19.2;158.120122;158.120122;263.6979864;439.8688812;450.9951741;290.5592335;158.120122;158.120122;636
4862;19.6;156.5964819;156.5964819;156.5964819;305.0896381;393.5762775;343.2433667;183.5752422;156.5964819;550
4863;20.2;140.0493123;140.0493123;140.0493123;228.0660035;463.6323089;509.6480834;339.1579104;140.0493123;631
4864;19.7;127.7772346;127.7772346;127.7772346;127.7772346;391.5952468;555.3058297;468.5759599;182.2108188;564
4865;18.9;120.0058052;120.0058052;120.0058052;120.0058052;187.7247306;290.4010213;293.2621054;194.6319986;325
4866;18.1;80.28835808;80.28835808;80.28835808;80.28835808;89.77452231;136.1273998;149.770524;122.7119377;181
4867;18;69.02302177;61.32799795;61.32799795;61.32799795;61.32799795;129.3661339;165.2434764;140.248541;144
4868;17;92.43742114;34.16926676;34.16926676;34.16926676;34.16926676;140.8044405;243.24233;223.2080547;83
4869;16.5;5.205065102;5.205065102;5.205065102;5.205065102;5.205065102;5.205065102;5.205065102;5.205065102;11
4870;16.1;0;0;0;0;0;0;0;0;0
4871;16.2;0;0;0;0;0;0;0;0;0
4872;15.2;0;0;0;0;0;0;0;0;0
4873;14.4;0;0;0;0;0;0;0;0;0
4874;14.9;0;0;0;0;0;0;0;0;0
4875;15.2;0;0;0;0;0;0;0;0;0
4876;15.3;0;0;0;0;0;0;0;0;0
4877;15.3;0;0;0;0;0;0;0;0;0
4878;15.7;27.00401313;42.95150921;37.98885358;15.0231026;7.255647428;7.255647428;7.255647428;7.255647428;17
4879;16.7;23.38617555;26.58444153;26.68267534;23.62333296;21.2923556;21.2923556;21.2923556;21.2923556;44
4880;17.9;79.5031362;138.6907587;153.9180328;116.2650278;63.64574982;63.64574982;63.64574982;63.64574982;150
4881;19.5;113.6581274;276.6264478;350.8392731;286.1146;120.3672641;113.6581274;113.6581274;113.6581274;319
4882;20.2;134.8964671;229.8658591;315.0091336;294.6448508;180.7021315;134.8964671;134.8964671;134.8964671;364
4883;21.1;150.8372271;251.3020908;470.2530925;502.0946122;328.1743196;150.8372271;150.8372271;150.8372271;553
4884;21.1;143.3426704;143.3426704;168.7013597;180.7251326;170.8507661;144.8625303;143.3426704;143.3426704;317
4885;21.1;161.4080048;161.4080048;198.3094051;260.130607;264.1214475;207.9441463;161.4080048;161.4080048;425
4886;21.2;157.7176599;157.7176599;157.7176599;220.2598613;257.4324758;236.1935035;168.9844463;157.7176599;411
4887;22.4;147.7412476;147.7412476;147.7412476;221.6223808;417.0470704;454.7160614;312.5633699;147.7412476;578
4888;23;114.8766972;114.8766972;114.8766972;114.8766972;453.4626139;661.6658481;549.5674135;182.8330527;658
4889;22.9;115.6614062;115.6614062;115.6614062;115.6614062;159.1042781;224.279867;225.8282346;162.8423683;289
4890;21.4;93.34067156;93.34067156;93.34067156;93.34067156;117.541638;233.1944488;266.9228136;198.9691138;239
4891;20.5;81.69369129;65.83587116;65.83587116;65.83587116;65.83587116;211.6535627;287.9110483;234.079907;175
4892;19.1;110.4894558;33.81717231;33.81717231;33.81717231;33.81717231;175.9695768;311.5233141;284.4005599;89
4893;16.6;3.754017663;3.754017663;3.754017663;3.754017663;3.754017663;3.754017663;3.754017663;3.754017663;8
4894;15.3;0;0;0;0;0;0;0;0;0
4895;14.5;0;0;0;0;0;0;0;0;0
4896;13.6;0;0;0;0;0;0;0;0;0
4897;14;0;0;0;0;0;0;0;0;0
4898;14.6;0;0;0;0;0;0;0;0;0
4899;13.9;0;0;0;0;0;0;0;0;0
4900;14.1;0;0;0;0;0;0;0;0;0
4901;13.4;0;0;0;0;0;0;0;0;0
4902;14.3;173.1035836;301.8979736;262.3353897;77.5910569;14.49464175;14.49464175;14.49464175;14.49464175;50
4903;16.7;184.028663;380.6042023;387.1986672;199.9491097;56.28622202;56.28622202;56.28622202;56.28622202;175
4904;18.4;180.4444257;551.5168966;647.8329947;412.9720562;82.47842963;82.47842963;82.47842963;82.47842963;331
4905;20.7;99.18375202;555.0717802;764.3927149;584.043261;119.6696826;99.18375202;99.18375202;99.18375202;486
4906;22.1;113.8507342;459.9746306;772.8029375;699.6259807;283.309829;113.8507342;113.8507342;113.8507342;628
4907;23.3;125.4835261;295.984682;671.9363606;727.7833799;430.8113134;125.4835261;125.4835261;125.4835261;747
4908;24;132.2152794;132.2152794;507.8011065;687.2511835;541.5687555;156.0926129;132.2152794;132.2152794;817
4909;24.5;134.0114625;134.0114625;301.5007904;583.3176244;601.9370025;346.4519454;134.0114625;134.0114625;842
4910;25.4;131.33653;131.33653;131.33653;435.6057786;616.019877;512.5130441;185.7181789;131.33653;833
4911;25.1;124.5292707;124.5292707;124.5292707;246.0148847;563.671501;624.0845545;391.864898;124.5292707;767
4912;25.8;114.4650089;114.4650089;114.4650089;114.4650089;457.2050256;666.0435071;551.774785;181.335927;658
4913;24.8;105.2094733;105.2094733;105.2094733;105.2094733;299.7889236;588.624061;594.2814892;313.4471634;489
4914;25.2;83.64299683;83.64299683;83.64299683;83.64299683;163.7870467;538.4146132;646.6431345;425.0738108;369
4915;24.4;96.34990756;60.60494715;60.60494715;60.60494715;60.60494715;403.0775924;580.6793672;453.6286002;228
4916;23;135.6384152;32.28315949;32.28315949;32.28315949;32.28315949;226.4592681;410.2449014;372.6256724;97
4917;20.1;5.213183561;5.213183561;5.213183561;5.213183561;5.213183561;5.213183561;5.213183561;5.213183561;11
4918;20.1;0;0;0;0;0;0;0;0;0
4919;20.1;0;0;0;0;0;0;0;0;0
4920;19.4;0;0;0;0;0;0;0;0;0
4921;18.7;0;0;0;0;0;0;0;0;0
4922;17.5;0;0;0;0;0;0;0;0;0
4923;16.6;0;0;0;0;0;0;0;0;0
4924;15.8;0;0;0;0;0;0;0;0;0
4925;16;0;0;0;0;0;0;0;0;0
4926;16.8;117.0809959;202.193668;176.4040676;54.81939285;12.87164655;12.87164655;12.87164655;12.87164655;39
4927;18.6;177.6181729;373.043921;380.1740921;194.8319286;51.60326463;51.60326463;51.60326463;51.60326463;153
4928;20.2;161.1888757;445.0099112;519.3525648;340.6679184;87.40794511;87.40794511;87.40794511;87.40794511;294
4929;19.4;112.5002634;272.4779184;346.5607732;283.5341558;120.3182039;112.5002634;112.5002634;112.5002634;314
4930;21.9;130.4211719;212.5723449;287.4463396;270.3371206;171.2670365;130.4211719;130.4211719;130.4211719;339
4931;23.9;155.6505788;230.6494934;398.0536224;423.4613359;291.9891401;155.6505788;155.6505788;155.6505788;497
4932;26;137.1744464;137.1744464;471.8744096;633.0675936;503.7732974;159.7303663;137.1744464;137.1744464;742
4933;25.5;158.6658573;158.6658573;259.0835488;428.8400158;440.3321249;286.8279545;158.6658573;158.6658573;614
4934;28;155.8729867;155.8729867;155.8729867;330.7228756;434.1716221;374.5968024;186.8965379;155.8729867;592
4935;27.7;125.1350909;125.1350909;125.1350909;243.8929778;550.9192592;608.5269495;382.9702449;125.1350909;747
4936;27.4;113.0724355;113.0724355;113.0724355;113.0724355;472.1424781;688.9311695;568.3896246;181.1294454;672
4937;27.5;112.1120726;112.1120726;112.1120726;112.1120726;278.1693493;522.0526546;525.7983267;287.2122018;447
4938;27.5;82.86227429;82.86227429;82.86227429;82.86227429;165.7978028;545.0671468;653.5831451;427.7785975;369
4939;26.7;90.68881551;63.56000937;63.56000937;63.56000937;63.56000937;334.9320502;474.466836;373.2979757;206
4940;25.2;99.93289294;32.43155682;32.43155682;32.43155682;32.43155682;160.9666864;281.7090164;256.4279914;83
4941;24.1;5.217859191;5.217859191;5.217859191;5.217859191;5.217859191;5.217859191;5.217859191;5.217859191;11
4942;20.7;0;0;0;0;0;0;0;0;0
4943;19.8;0;0;0;0;0;0;0;0;0
4944;19.7;0;0;0;0;0;0;0;0;0
4945;18.5;0;0;0;0;0;0;0;0;0
4946;18.1;0;0;0;0;0;0;0;0;0
4947;18.5;0;0;0;0;0;0;0;0;0
4948;19.9;0;0;0;0;0;0;0;0;0
4949;18.1;0;0;0;0;0;0;0;0;0
4950;18.4;34.03720296;56.38363707;49.70926086;17.92383341;6.842014985;6.842014985;6.842014985;6.842014985;17
4951;20;96.31786212;190.3915642;194.1101717;105.2953748;36.14576957;36.14576957;36.14576957;36.14576957;92
4952;22.3;90.58559536;180.2979953;204.0171034;147.8485878;67.64039928;67.64039928;67.64039928;67.64039928;169
4953;24.3;110.9726263;458.7452173;621.2179859;484.795943;129.3932711;110.9726263;110.9726263;110.9726263;425
4954;25.6;132.3199574;369.5642216;587.6813191;539.0539067;252.1672631;132.3199574;132.3199574;132.3199574;517
4955;26;153.2468662;216.5897486;359.792877;382.0041536;270.2125137;153.2468662;153.2468662;153.2468662;456
4956;27.7;148.4325953;148.4325953;426.5233157;561.5646307;454.5988023;168.2849623;148.4325953;148.4325953;661
4957;28.4;145.7542632;145.7542632;282.289196;514.2669998;530.3750404;321.1774461;145.7542632;145.7542632;714
4958;27.5;155.817903;155.817903;155.817903;217.6871219;254.2186618;233.1083717;166.7223733;155.817903;403
4959;28.1;155.4515351;155.4515351;155.4515351;201.1342921;317.9339057;339.5535503;253.3287312;155.4515351;467
4960;21.6;23.96430903;23.96430903;23.96430903;23.96430903;24.1154553;24.2058733;24.15478622;23.99212019;50
4961;18.3;5.184493053;5.184493053;5.184493053;5.184493053;5.191880667;5.20261532;5.202734195;5.192167656;11
4962;19.6;44.56431869;44.56431869;44.56431869;44.56431869;44.96022796;46.7318079;47.23370206;46.17190764;92
4963;19.6;32.43926554;32.20747969;32.20747969;32.20747969;32.20747969;34.63348156;35.8701503;34.96127626;67
4964;19.4;9.270138316;8.888729577;8.888729577;8.888729577;8.888729577;9.625009985;10.31139605;10.1644034;19
4965;19.5;2.802097698;2.802097698;2.802097698;2.802097698;2.802097698;2.802097698;2.802097698;2.802097698;6
4966;18.8;0;0;0;0;0;0;0;0;0
4967;18.6;0;0;0;0;0;0;0;0;0
4968;17.8;0;0;0;0;0;0;0;0;0
4969;17.8;0;0;0;0;0;0;0;0;0
4970;17.4;0;0;0;0;0;0;0;0;0
4971;17.2;0;0;0;0;0;0;0;0;0
4972;17.6;0;0;0;0;0;0;0;0;0
4973;17.4;0;0;0;0;0;0;0;0;0
4974;17.9;47.35058658;80.63125529;70.8402301;23.71296079;7.10327457;7.10327457;7.10327457;7.10327457;19
4975;18.8;72.82908002;136.4842067;139.200678;79.38722174;32.45541474;32.45541474;32.45541474;32.45541474;78
4976;21.2;181.2079631;587.8026341;696.3335909;443.224871;78.97604644;78.97604644;78.97604644;78.97604644;336
4977;22;111.5120718;270.8159724;345.919291;283.7100397;120.6295542;111.5120718;111.5120718;111.5120718;311
4978;23.3;134.0519432;352.8322461;555.7929229;511.7034536;246.3908513;134.0519432;134.0519432;134.0519432;497
4979;24.2;131.0947951;275.4285164;606.1068244;658.5295279;401.9881182;131.0947951;131.0947951;131.0947951;669
4980;26.2;132.7222719;132.7222719;498.7126713;677.9663474;537.8234389;160.3777609;132.7222719;132.7222719;778
4981;26.2;136.0166346;136.0166346;294.5998737;565.491647;584.8027828;341.2210795;136.0166346;136.0166346;786
4982;27.9;133.9716957;133.9716957;133.9716957;418.6297504;586.4085687;489.1560029;183.8412871;133.9716957;764
4983;27.4;133.0360248;133.0360248;133.0360248;235.0530181;493.0629115;540.1739376;348.7890961;133.0360248;658
4984;27.8;114.4297042;114.4297042;114.4297042;114.4297042;457.4450064;660.7569055;544.0377395;175.660013;644
4985;26.8;112.9955956;112.9955956;112.9955956;112.9955956;272.0397755;500.6805458;502.2207302;275.7581095;431
4986;26.5;94.24044532;94.24044532;94.24044532;94.24044532;128.7113093;279.6704769;322.0072468;230.9213135;261
4987;25.7;88.44399225;61.55524387;61.55524387;61.55524387;61.55524387;356.7227183;505.8738378;394.7491509;208
4988;24.7;87.10664192;30.8913248;30.8913248;30.8913248;30.8913248;140.930018;242.7248542;220.4304819;75
4989;23.2;8.245237502;8.245237502;8.245237502;8.245237502;8.245237502;8.245237502;8.245237502;8.245237502;17
4990;22.3;0;0;0;0;0;0;0;0;0
4991;21.3;0;0;0;0;0;0;0;0;0
4992;20.8;0;0;0;0;0;0;0;0;0
4993;21;0;0;0;0;0;0;0;0;0
4994;20.9;0;0;0;0;0;0;0;0;0
4995;20.8;0;0;0;0;0;0;0;0;0
4996;20.8;0;0;0;0;0;0;0;0;0
4997;20.2;0;0;0;0;0;0;0;0;0
4998;20.3;4.141896139;4.360968522;4.297533267;3.988749888;3.878697819;3.878697819;3.878697819;3.878697819;8
4999;20.5;32.32984936;46.75721308;47.41974374;33.92933988;23.25917323;23.25917323;23.25917323;23.25917323;50
5000;21;60.37885975;91.18558614;99.4892901;80.42577446;52.77052395;52.77052395;52.77052395;52.77052395;117
5001;21.1;56.0434583;58.45893337;59.60841245;58.66958973;56.19241484;56.0434583;56.0434583;56.0434583;114
5002;22.3;107.8873838;134.0962235;158.6372694;153.4497206;121.5723729;107.8873838;107.8873838;107.8873838;242
5003;23.4;154.7079443;229.0140694;401.6329848;429.6065604;296.548255;154.7079443;154.7079443;154.7079443;497
5004;24.5;157.7543124;157.7543124;355.4881296;453.1945326;377.8360614;173.5566865;157.7543124;157.7543124;556
5005;26;166.6907047;166.6907047;211.4972041;288.4746951;294.1127762;225.1087359;166.6907047;166.6907047;461
5006;27.1;155.0928525;155.0928525;155.0928525;336.5289282;443.2979037;381.240269;186.7085448;155.0928525;594
5007;26.8;147.1044404;147.1044404;147.1044404;224.3665107;417.6995532;452.5216485;308.4344855;147.1044404;564
5008;27.2;130.0384781;130.0384781;130.0384781;130.0384781;373.6703536;516.7476002;433.2958877;172.2000976;522
5009;27.3;117.39471;117.39471;117.39471;117.39471;245.8951726;428.658413;429.0875977;246.931316;392
5010;26.3;75.58786994;75.58786994;75.58786994;75.58786994;79.37032747;95.58515634;100.085846;90.2359536;161
5011;25.5;46.0951068;45.53282046;45.53282046;45.53282046;45.53282046;52.023088;55.27373118;52.81828097;94
5012;24.3;30.90687314;22.85484155;22.85484155;22.85484155;22.85484155;38.84039203;53.51385543;50.22768431;47
5013;23.2;8.260824981;8.260824981;8.260824981;8.260824981;8.260824981;8.260824981;8.260824981;8.260824981;17
5014;22.6;0;0;0;0;0;0;0;0;0
5015;22;0;0;0;0;0;0;0;0;0
5016;21.9;0;0;0;0;0;0;0;0;0
5017;21.6;0;0;0;0;0;0;0;0;0
5018;21.4;0;0;0;0;0;0;0;0;0
5019;20.3;0;0;0;0;0;0;0;0;0
5020;18.9;0;0;0;0;0;0;0;0;0
5021;18.2;0;0;0;0;0;0;0;0;0
5022;20.1;15.07537391;19.20879682;18.03166771;12.23353284;10.14311745;10.14311745;10.14311745;10.14311745;22
5023;21.4;98.10204612;200.0556535;205.0786592;110.2286548;34.58476625;34.58476625;34.58476625;34.58476625;89
5024;22.3;95.80619016;194.4513709;221.3060191;160.6390462;71.89726611;71.89726611;71.89726611;71.89726611;175
5025;22.6;97.55000316;186.8597127;229.7717297;195.2300525;103.4687272;97.55000316;97.55000316;97.55000316;236
5026;22.4;113.2305724;147.2710809;179.4531343;172.8429091;131.3125855;113.2305724;113.2305724;113.2305724;261
5027;21.5;118.3725765;126.4022828;145.327251;148.4625364;133.9715314;118.3725765;118.3725765;118.3725765;256
5028;21.2;88.57641303;88.57641303;89.94876624;90.63310877;90.11266682;88.69230824;88.57641303;88.57641303;178
5029;21.7;118.9766683;118.9766683;122.0506321;127.3637928;127.7638897;123.0165515;118.9766683;118.9766683;244
5030;22.4;164.6713889;164.6713889;164.6713889;294.0281774;370.0444116;325.7559144;187.1062868;164.6713889;525
5031;23.5;146.4128254;146.4128254;146.4128254;226.5039103;424.8406216;460.0781061;311.5747231;146.4128254;569
5032;24;127.615461;127.615461;127.615461;127.615461;391.4792114;545.0123235;454.0400144;171.852629;539
5033;24.3;101.4158372;101.4158372;101.4158372;101.4158372;317.742951;622.1418996;621.5065831;316.2091613;492
5034;23.3;92.38062353;92.38062353;92.38062353;92.38062353;146.8022749;375.2220613;437.9571694;298.2582238;292
5035;21.8;79.13120418;63.07678136;63.07678136;63.07678136;63.07678136;258.4767426;355.4684795;281.1811251;175
5036;21;20.60248952;18.46719595;18.46719595;18.46719595;18.46719595;22.76753369;26.68408546;25.78729481;39
5037;19.4;1.388011333;1.388011333;1.388011333;1.388011333;1.388011333;1.388011333;1.388011333;1.388011333;3
5038;17.9;0;0;0;0;0;0;0;0;0
5039;16.2;0;0;0;0;0;0;0;0;0
5040;15.4;0;0;0;0;0;0;0;0;0
5041;15.4;0;0;0;0;0;0;0;0;0
5042;14.8;0;0;0;0;0;0;0;0;0
5043;15.8;0;0;0;0;0;0;0;0;0
5044;16.1;0;0;0;0;0;0;0;0;0
5045;16.6;0;0;0;0;0;0;0;0;0
5046;16.7;12.89141629;16.35992651;15.38923099;10.54795;8.781728285;8.781728285;8.781728285;8.781728285;19
5047;19.1;149.532244;317.6411137;326.5021244;170.9246164;45.78801383;45.78801383;45.78801383;45.78801383;128
5048;20;82.83908876;163.6694142;185.8980513;136.5037661;63.63007475;63.63007475;63.63007475;63.63007475;156
5049;21.6;85.69958521;133.4765211;156.6608136;138.2769809;89.09402285;85.69958521;85.69958521;85.69958521;197
5050;22.2;107.586713;134.3672712;159.9377924;154.8417612;122.0643637;107.586713;107.586713;107.586713;242
5051;23.1;122.5735383;132.2845467;155.5183812;159.4535735;141.7849414;122.5735383;122.5735383;122.5735383;269
5052;25.4;146.4521866;146.4521866;433.272647;577.6508059;469.4386617;172.0254208;146.4521866;146.4521866;664
5053;25.6;166.5837318;166.5837318;234.6686557;353.1043888;362.2788507;256.817766;166.5837318;166.5837318;522
5054;26.5;137.6108845;137.6108845;137.6108845;400.7710198;555.2328228;465.0573582;183.0681903;137.6108845;717
5055;26.3;142.4131556;142.4131556;142.4131556;227.7176754;436.8278952;473.4739536;316.1890865;142.4131556;575
5056;26.6;134.1039473;134.1039473;134.1039473;134.1039473;350.6794708;475.5383743;400.3896211;169.2543316;492
5057;26.4;119.8217413;119.8217413;119.8217413;119.8217413;216.1572003;350.2698042;349.3890584;214.0308917;356
5058;26.4;86.15402006;86.15402006;86.15402006;86.15402006;163.9618585;483.7815901;570.6764839;373.7446897;331
5059;25.8;80.99136519;61.38294442;61.38294442;61.38294442;61.38294442;313.8103852;437.9776755;341.5408798;189
5060;23.7;52.2223776;26.43556656;26.43556656;26.43556656;26.43556656;79.12885217;126.7419368;115.5969101;58
5061;22.5;1.388445115;1.388445115;1.388445115;1.388445115;1.388445115;1.388445115;1.388445115;1.388445115;3
5062;21.7;0;0;0;0;0;0;0;0;0
5063;21.2;0;0;0;0;0;0;0;0;0
5064;20.5;0;0;0;0;0;0;0;0;0
5065;20;0;0;0;0;0;0;0;0;0
5066;19.2;0;0;0;0;0;0;0;0;0
5067;18.4;0;0;0;0;0;0;0;0;0
5068;17.6;0;0;0;0;0;0;0;0;0
5069;17.2;0;0;0;0;0;0;0;0;0
5070;17.7;15.37544809;19.83281905;18.6079526;12.4183589;10.13263304;10.13263304;10.13263304;10.13263304;22
5071;20;159.6942229;344.9489836;355.3689704;184.8502964;46.48735562;46.48735562;46.48735562;46.48735562;133
5072;21.9;156.0111698;469.5155509;556.6218195;366.3043049;83.02979792;83.02979792;83.02979792;83.02979792;292
5073;24;101.9390061;516.2063899;719.2843352;560.7297594;133.4217826;101.9390061;101.9390061;101.9390061;450
5074;25.5;116.2006079;419.0723761;711.2249704;654.8203631;282.8996082;116.2006079;116.2006079;116.2006079;578
5075;27;127.5693205;274.6489481;632.0725733;693.9650352;424.0705691;127.5693205;127.5693205;127.5693205;681
5076;28.1;132.5844761;132.5844761;493.5779717;677.0580874;541.592946;166.53619;132.5844761;132.5844761;761
5077;27.3;167.3000335;167.3000335;242.1024453;373.1020393;383.5456094;267.3154539;167.3000335;167.3000335;547
5078;28;163.0677476;163.0677476;163.0677476;284.7547338;356.1085603;314.3816968;184.0171741;163.0677476;503
5079;28.7;130.088977;130.088977;130.088977;243.8047762;519.8084929;567.5198027;358.9900674;130.088977;669
5080;29.6;119.0910389;119.0910389;119.0910389;119.0910389;430.8896799;608.9951712;500.121466;168.0453043;583
5081;29.3;103.5466588;103.5466588;103.5466588;103.5466588;307.0373187;587.3131234;584.2050942;299.5338723;469
5082;28.7;81.16051131;81.16051131;81.16051131;81.16051131;172.1069932;538.2805379;636.6793706;409.6627897;350
5083;27.3;80.09918987;60.16238861;60.16238861;60.16238861;60.16238861;332.5559982;465.3219268;360.7508929;192
5084;23.9;73.74395069;27.58554291;27.58554291;27.58554291;27.58554291;123.307016;209.1145562;188.5848623;64
5085;22.2;1.388940139;1.388940139;1.388940139;1.388940139;1.388940139;1.388940139;1.388940139;1.388940139;3
5086;21.3;0;0;0;0;0;0;0;0;0
5087;19.9;0;0;0;0;0;0;0;0;0
5088;19.9;0;0;0;0;0;0;0;0;0
5089;18.6;0;0;0;0;0;0;0;0;0
5090;18.6;0;0;0;0;0;0;0;0;0
5091;17.8;0;0;0;0;0;0;0;0;0
5092;17.6;0;0;0;0;0;0;0;0;0
5093;16.5;0;0;0;0;0;0;0;0;0
5094;15.4;3.107759362;3.277947532;3.232065561;2.996990486;2.90909273;2.90909273;2.90909273;2.90909273;6
5095;16.4;35.68852655;56.94625707;58.21908171;38.76139705;22.82988871;22.82988871;22.82988871;22.82988871;50
5096;17.6;60.37642702;96.17513477;106.2260966;84.64159544;52.22098315;52.22098315;52.22098315;52.22098315;117
5097;18.3;109.7316006;297.2097883;390.0739166;318.7173182;124.9397208;109.7316006;109.7316006;109.7316006;314
5098;18.3;122.9023383;191.6977852;258.7586852;246.2367797;161.4672311;122.9023383;122.9023383;122.9023383;308
5099;18.8;151.2343275;211.4466253;360.1590728;386.486238;275.0060247;151.2343275;151.2343275;151.2343275;450
5100;20;143.0168429;143.0168429;448.87755;605.8857704;491.7516507;173.3334102;143.0168429;143.0168429;683
5101;19.9;165.1180172;165.1180172;229.9123911;344.1891521;353.5684709;252.5560698;165.1180172;165.1180172;506
5102;19.7;145.3002542;145.3002542;145.3002542;380.8256837;518.8231901;438.0160265;185.7399334;145.3002542;658
5103;20.6;137.9044437;137.9044437;137.9044437;238.5921879;480.6223569;521.8930205;338.2283835;137.9044437;614
5104;21.8;110.7018042;110.7018042;110.7018042;110.7018042;496.2878802;714.5234593;579.0485021;169.2224012;664
5105;21.1;94.00891787;94.00891787;94.00891787;94.00891787;361.1312627;725.1457211;719.4488;347.3776783;544
5106;20.7;82.74778414;82.74778414;82.74778414;82.74778414;171.1523672;519.8884587;612.5534717;394.8654983;339
5107;20;74.60073671;47.83664557;47.83664557;47.83664557;47.83664557;437.4160713;625.5492442;475.266212;256
5108;18.6;79.3113535;20.63430523;20.63430523;20.63430523;20.63430523;144.1478194;253.9858404;227.1296969;103
5109;17.4;3.78401853;3.78401853;3.78401853;3.78401853;3.78401853;3.78401853;3.78401853;3.78401853;8
5110;15.3;0;0;0;0;0;0;0;0;0
5111;14.8;0;0;0;0;0;0;0;0;0
5112;14.3;0;0;0;0;0;0;0;0;0
5113;14.2;0;0;0;0;0;0;0;0;0
5114;12.8;0;0;0;0;0;0;0;0;0
5115;12.3;0;0;0;0;0;0;0;0;0
5116;12.8;0;0;0;0;0;0;0;0;0
5117;12.3;0;0;0;0;0;0;0;0;0
5118;12.8;13.3097079;17.23098592;16.1947381;10.80798436;8.767959943;8.767959943;8.767959943;8.767959943;19
5119;14.3;102.0130859;208.6494823;215.431004;118.3851276;38.18654853;38.18654853;38.18654853;38.18654853;94
5120;15.7;112.8925786;272.7107609;318.0592722;222.3735695;77.29880915;77.29880915;77.29880915;77.29880915;211
5121;17.8;107.7794994;259.9501393;336.131665;278.547589;120.9298821;107.7794994;107.7794994;107.7794994;297
5122;18.6;129.9179525;219.0242827;306.8261335;290.9975711;180.8107527;129.9179525;129.9179525;129.9179525;347
5123;20.4;152.379504;218.8782556;385.8983284;416.126241;291.8548921;152.379504;152.379504;152.379504;475
5124;22.9;163.2503237;163.2503237;333.9270359;422.4363879;359.1180587;181.0630668;163.2503237;163.2503237;533
5125;25.2;147.9006089;147.9006089;274.5442247;499.5598371;518.5782429;320.458718;147.9006089;147.9006089;672
5126;25.9;130.1274801;130.1274801;130.1274801;436.9540443;616.6236407;511.3103842;182.7053523;130.1274801;786
5127;26.3;135.2869583;135.2869583;135.2869583;142.8449689;160.8422955;163.8696522;150.1536545;135.2869583;294
5128;27.2;120.3004604;120.3004604;120.3004604;120.3004604;420.5858038;588.9890936;482.8409387;164.3214884;564
5129;26.3;115.4538732;115.4538732;115.4538732;115.4538732;190.4711202;291.6172718;289.5692937;185.5268637;311
5130;26.8;89.39994473;89.39994473;89.39994473;89.39994473;121.5634681;245.9034913;278.5658595;200.4174003;233
5131;25.2;58.340368;54.29141161;54.29141161;54.29141161;54.29141161;117.3507234;147.519702;123.0768125;125
5132;24.3;90.5343514;26.49016006;26.49016006;26.49016006;26.49016006;163.3572344;284.0936241;253.9293983;67
5133;22.6;1.390152498;1.390152498;1.390152498;1.390152498;1.390152498;1.390152498;1.390152498;1.390152498;3
5134;20.3;0;0;0;0;0;0;0;0;0
5135;20;0;0;0;0;0;0;0;0;0
5136;19.2;0;0;0;0;0;0;0;0;0
5137;19.5;0;0;0;0;0;0;0;0;0
5138;18.8;0;0;0;0;0;0;0;0;0
5139;18.2;0;0;0;0;0;0;0;0;0
5140;18.7;0;0;0;0;0;0;0;0;0
5141;18.7;0;0;0;0;0;0;0;0;0
5142;19.2;1.515330671;1.566978486;1.55361196;1.483061024;1.455992065;1.455992065;1.455992065;1.455992065;3
5143;18.5;3.756829945;3.805606807;3.808894434;3.764766977;3.727951824;3.727951824;3.727951824;3.727951824;8
5144;18.3;20.22734997;20.76340672;20.91715182;20.59852347;20.1107599;20.1107599;20.1107599;20.1107599;42
5145;18.3;23.88743308;24.26608204;24.45771978;24.31529131;23.92222929;23.88743308;23.88743308;23.88743308;50
5146;17.5;39.16080115;39.59029477;40.01821514;39.94387402;39.41081944;39.16080115;39.16080115;39.16080115;81
5147;17.7;44.63900312;44.82574825;45.30301812;45.391317;45.03892062;44.63900312;44.63900312;44.63900312;92
5148;19.3;140.6828645;140.6828645;201.7752536;233.7879023;211.2608826;147.3902171;140.6828645;140.6828645;344
5149;20.9;156.8421941;156.8421941;192.6308241;256.7110861;262.2895056;206.0983201;156.8421941;156.8421941;408
5150;21.8;162.9341093;162.9341093;162.9341093;294.0705325;370.8315344;325.8090443;185.3766263;162.9341093;514
5151;22.9;127.4751143;127.4751143;127.4751143;250.8921604;542.0931305;590.4164899;367.55507;127.4751143;678
5152;21.5;135.5483839;135.5483839;135.5483839;135.5483839;221.6766354;269.5383441;238.9105513;147.7346027;356
5153;21.5;116.2725922;116.2725922;116.2725922;116.2725922;199.081365;309.5552806;306.8068187;192.445991;322
5154;21.6;76.09223002;76.09223002;76.09223002;76.09223002;184.5458604;595.5277495;702.2313561;442.1511545;361
5155;20.7;75.67462806;54.77758446;54.77758446;54.77758446;54.77758446;404.6942204;570.5314803;434.2471028;203
5156;19.7;86.73760171;25.64648652;25.64648652;25.64648652;25.64648652;158.2192638;274.2238214;244.6151475;64
5157;16.9;2.820820151;2.820820151;2.820820151;2.820820151;2.820820151;2.820820151;2.820820151;2.820820151;6
5158;14.8;0;0;0;0;0;0;0;0;0
5159;13.7;0;0;0;0;0;0;0;0;0
5160;15.2;0;0;0;0;0;0;0;0;0
5161;16;0;0;0;0;0;0;0;0;0
5162;16.4;0;0;0;0;0;0;0;0;0
5163;17.1;0;0;0;0;0;0;0;0;0
5164;16.5;0;0;0;0;0;0;0;0;0
5165;16.2;0;0;0;0;0;0;0;0;0
5166;15.9;0;0;0;0;0;0;0;0;0
5167;15.7;9.221461202;9.506145291;9.526441293;9.270460085;9.054806595;9.054806595;9.054806595;9.054806595;19
5168;16.3;43.17608606;54.66344989;57.99400575;51.2167592;40.7389077;40.7389077;40.7389077;40.7389077;86
5169;16.7;53.13596383;55.13745217;56.16174548;55.41357693;53.33121352;53.13596383;53.13596383;53.13596383;108
5170;17.5;95.16899787;111.0101973;126.9737717;124.3065409;104.5709326;95.16899787;95.16899787;95.16899787;206
5171;18.2;131.1543031;156.379569;222.0215695;234.4347577;186.3476563;131.1543031;131.1543031;131.1543031;319
5172;20;144.921392;144.921392;212.4095459;248.1517543;223.4230165;152.7090918;144.921392;144.921392;361
5173;19.9;157.464948;157.464948;242.254669;395.2971643;409.0207728;275.3863908;157.464948;157.464948;547
5174;21.2;136.5490096;136.5490096;136.5490096;407.6182109;566.2608806;473.1841642;182.9111398;136.5490096;706
5175;21;125.5988272;125.5988272;125.5988272;255.0085347;557.6383548;607.185279;374.6253913;125.5988272;689
5176;20.7;138.9086549;138.9086549;138.9086549;138.9086549;294.4561476;380.1102772;324.4717678;160.1329034;428
5177;20.6;93.95151353;93.95151353;93.95151353;93.95151353;358.1771188;706.9730612;696.669295;333.3016267;522
5178;20.2;79.27825981;79.27825981;79.27825981;79.27825981;177.2022421;541.0389679;634.3825334;402.553544;339
5179;19.5;70.60591989;47.76521186;47.76521186;47.76521186;47.76521186;461.271872;655.3926468;493.5735111;236
5180;17.9;81.03040257;21.36723663;21.36723663;21.36723663;21.36723663;152.8662523;266.998094;237.2427107;83
5181;16.2;2.8246629;2.8246629;2.8246629;2.8246629;2.8246629;2.8246629;2.8246629;2.8246629;6
5182;12.9;0;0;0;0;0;0;0;0;0
5183;11.5;0;0;0;0;0;0;0;0;0
5184;13.9;0;0;0;0;0;0;0;0;0
5185;13.8;0;0;0;0;0;0;0;0;0
5186;14.2;0;0;0;0;0;0;0;0;0
5187;14.7;0;0;0;0;0;0;0;0;0
5188;14.8;0;0;0;0;0;0;0;0;0
5189;14.8;0;0;0;0;0;0;0;0;0
5190;14.3;0;0;0;0;0;0;0;0;0
5191;14.7;9.233834581;9.528742918;9.550939944;9.287422941;9.063195589;9.063195589;9.063195589;9.063195589;19
5192;14.5;21.24402159;21.85667248;22.03625442;21.67757073;21.11737752;21.11737752;21.11737752;21.11737752;44
5193;15.8;69.52831816;89.99146078;100.5832588;92.98349376;71.64400497;69.52831816;69.52831816;69.52831816;150
5194;17.2;128.6095134;217.135322;307.3903827;292.9180349;182.1959836;128.6095134;128.6095134;128.6095134;344
5195;19.1;126.2842539;264.127834;629.589113;700.2212315;434.6488525;126.2842539;126.2842539;126.2842539;667
5196;18.2;146.2415525;146.2415525;216.3575163;253.8968129;228.373118;154.7378659;146.2415525;146.2415525;367
5197;19.3;155.0632845;155.0632845;261.9048353;456.367852;474.3307394;305.2710818;155.0632845;155.0632845;617
5198;19.2;162.4764465;162.4764465;162.4764465;298.186245;377.611695;331.0138341;185.6890573;162.4764465;517
5199;17.6;153.0583956;153.0583956;153.0583956;208.4720037;336.9411239;357.6942358;258.5744478;153.0583956;469
5200;19;136.5870378;136.5870378;136.5870378;136.5870378;267.2892934;338.6123982;291.5917868;153.7714956;392
5201;18.5;116.6683589;116.6683589;116.6683589;116.6683589;216.0922556;345.9658532;341.5200885;205.3592301;342
5202;19.2;70.86327866;70.86327866;70.86327866;70.86327866;203.4960565;686.7952545;809.2898546;499.2241812;392
5203;18.1;71.63971702;51.73124998;51.73124998;51.73124998;51.73124998;443.9329913;626.2967388;472.0878154;206
5204;16.5;71.717106;23.6372846;23.6372846;23.6372846;23.6372846;131.2839796;223.952522;199.2791151;56
5205;13.9;1.392718648;1.392718648;1.392718648;1.392718648;1.392718648;1.392718648;1.392718648;1.392718648;3
5206;12.2;0;0;0;0;0;0;0;0;0
5207;11.4;0;0;0;0;0;0;0;0;0
5208;11;0;0;0;0;0;0;0;0;0
5209;11.9;0;0;0;0;0;0;0;0;0
5210;12.6;0;0;0;0;0;0;0;0;0
5211;12.4;0;0;0;0;0;0;0;0;0
5212;11.5;0;0;0;0;0;0;0;0;0
5213;11;0;0;0;0;0;0;0;0;0
5214;11.2;11.12500386;15.59575827;14.5152405;8.516403218;6.1191439;6.1191439;6.1191439;6.1191439;14
5215;14.1;122.8521695;271.2941847;283.0689474;151.2789614;37.9885913;37.9885913;37.9885913;37.9885913;100
5216;17.3;122.4968451;345.3266069;411.3683758;281.9357793;77.67276107;77.67276107;77.67276107;77.67276107;231
5217;17.9;103.3766078;237.3197365;307.4556717;258.044859;118.0314825;103.3766078;103.3766078;103.3766078;275
5218;18.7;119.5053973;184.3807978;251.3174661;241.0404122;159.5697949;119.5053973;119.5053973;119.5053973;297
5219;20.1;142.6992789;176.8311556;269.0898701;287.3106905;220.8201073;142.6992789;142.6992789;142.6992789;372
5220;21.3;161.1342787;161.1342787;319.0932533;404.6041217;347.4936581;181.2163976;161.1342787;161.1342787;506
5221;20.1;143.1816312;143.1816312;153.6084288;172.7515493;174.5730129;158.0058308;143.1816312;143.1816312;314
5222;20.6;157.879328;157.879328;157.879328;234.6901205;279.6540825;253.2840448;171.027218;157.879328;422
5223;20.4;143.2258763;143.2258763;143.2258763;170.9265323;234.6090326;244.7605193;195.4343892;143.2258763;364
5224;19.3;122.0871716;122.0871716;122.0871716;122.0871716;146.7146595;160.033018;151.1232144;125.2044907;269
5225;18.7;64.2413646;64.2413646;64.2413646;64.2413646;65.55113274;67.24422585;67.17828357;65.39193399;131
5226;18.6;30.66244484;30.66244484;30.66244484;30.66244484;30.94378176;31.9494379;32.20119095;31.5515674;64
5227;18.9;30.89333444;30.75230488;30.75230488;30.75230488;30.75230488;33.79863805;35.20150012;33.99808397;64
5228;18.9;9.573514053;8.882946142;8.882946142;8.882946142;8.882946142;10.45383931;11.79509247;11.43044981;19
5229;18.9;0;0;0;0;0;0;0;0;0
5230;18.8;0;0;0;0;0;0;0;0;0
5231;18.7;0;0;0;0;0;0;0;0;0
5232;18.3;0;0;0;0;0;0;0;0;0
5233;17.3;0;0;0;0;0;0;0;0;0
5234;17.6;0;0;0;0;0;0;0;0;0
5235;17.6;0;0;0;0;0;0;0;0;0
5236;17.5;0;0;0;0;0;0;0;0;0
5237;17.2;0;0;0;0;0;0;0;0;0
5238;16.7;0;0;0;0;0;0;0;0;0
5239;16.8;18.7976856;24.05172753;24.49020287;19.85625871;15.83104114;15.83104114;15.83104114;15.83104114;33
5240;17.1;31.540855;32.89357134;33.29897374;32.51958297;31.27640529;31.27640529;31.27640529;31.27640529;64
5241;17.5;50.65882333;52.327201;53.21115901;52.5999934;50.85171669;50.65882333;50.65882333;50.65882333;103
5242;18.4;104.44319;131.3793795;159.5129246;155.3873661;121.4194001;104.44319;104.44319;104.44319;236
5243;18.8;132.0227249;147.2344095;189.1820269;197.6465004;167.6694562;132.0227249;132.0227249;132.0227249;306
5244;18.9;135.0368508;135.0368508;158.7949534;171.8021987;163.2728018;138.2031678;135.0368508;135.0368508;297
5245;21.9;146.1148864;146.1148864;273.9216578;510.6858974;533.8893832;329.9398279;146.1148864;146.1148864;667
5246;21.4;142.7269355;142.7269355;142.7269355;393.8582258;540.9272292;454.7359012;185.7739527;142.7269355;656
5247;20.4;135.8632314;135.8632314;135.8632314;159.245259;212.5627886;220.9507578;179.4956081;135.8632314;333
5248;19.2;72.40129203;72.40129203;72.40129203;72.40129203;73.9748051;74.81815584;74.24574054;72.59287231;147
5249;18.3;27.75520196;27.75520196;27.75520196;27.75520196;28.01766812;28.35343743;28.33876852;27.98225423;58
5250;18.3;22.35509262;22.35509262;22.35509262;22.35509262;22.51241912;23.06423311;23.20064222;22.84173984;47
5251;18.1;14.65056323;14.61960951;14.61960951;14.61960951;14.61960951;15.35940337;15.69678974;15.40317854;31
5252;17.8;2.84779587;2.773445051;2.773445051;2.773445051;2.773445051;2.945318303;3.090861353;3.050466239;6
5253;17.8;0;0;0;0;0;0;0;0;0
5254;18;0;0;0;0;0;0;0;0;0
5255;18.1;0;0;0;0;0;0;0;0;0
5256;18;0;0;0;0;0;0;0;0;0
5257;15.1;0;0;0;0;0;0;0;0;0
5258;15.2;0;0;0;0;0;0;0;0;0
5259;14.4;0;0;0;0;0;0;0;0;0
5260;14.2;0;0;0;0;0;0;0;0;0
5261;14.6;0;0;0;0;0;0;0;0;0
5262;14.6;1.872163148;2.295135843;2.197975836;1.637598141;1.40721378;1.40721378;1.40721378;1.40721378;3
5263;15.1;51.34793133;102.7163066;107.2193963;62.21935146;22.71225971;22.71225971;22.71225971;22.71225971;53
5264;15.9;62.83172189;117.127148;133.5826303;102.5587702;52.53032315;52.53032315;52.53032315;52.53032315;122
5265;16.6;92.86990191;181.4853686;229.0031189;196.775877;103.6819241;92.86990191;92.86990191;92.86990191;225
5266;17.4;102.7589445;128.1075913;154.9158336;151.1712776;119.0674336;102.7589445;102.7589445;102.7589445;231
5267;18.1;132.3155756;147.8247029;191.4861106;200.4862213;169.5528924;132.3155756;132.3155756;132.3155756;308
5268;19.1;157.343994;157.343994;291.2217825;365.3637068;317.6505046;176.0319226;157.343994;157.343994;461
5269;13.7;54.24325458;54.24325458;54.48098129;54.92548428;54.97034636;54.58928794;54.24325458;54.24325458;111
5270;14.9;41.74918581;41.74918581;41.74918581;42.04231147;42.21407665;42.11351507;41.79953436;41.74918581;86
5271;16.6;110.9888887;110.9888887;110.9888887;113.6834394;119.7793933;120.7259887;115.9687231;110.9888887;228
5272;16.9;91.90304954;91.90304954;91.90304954;91.90304954;95.37687744;97.22223048;95.95167946;92.30949595;186
5273;18.1;108.8000824;108.8000824;108.8000824;108.8000824;278.627426;493.6497208;483.2323169;253.4775882;397
5274;19;78.11861495;78.11861495;78.11861495;78.11861495;179.268513;527.4737293;612.452814;384.4261716;322
5275;18.1;59.11623496;44.57860373;44.57860373;44.57860373;44.57860373;433.2724403;608.8123303;453.8317556;219
5276;16.9;62.94470414;20.74446912;20.74446912;20.74446912;20.74446912;119.8958635;203.1659508;179.5760082;58
5277;15.9;0;0;0;0;0;0;0;0;0
5278;15.5;0;0;0;0;0;0;0;0;0
5279;15.2;0;0;0;0;0;0;0;0;0
5280;14.8;0;0;0;0;0;0;0;0;0
5281;14.6;0;0;0;0;0;0;0;0;0
5282;14.4;0;0;0;0;0;0;0;0;0
5283;14.3;0;0;0;0;0;0;0;0;0
5284;14;0;0;0;0;0;0;0;0;0
5285;13.8;0;0;0;0;0;0;0;0;0
5286;14;0;0;0;0;0;0;0;0;0
5287;14.2;8.259610329;8.534853917;8.5601607;8.320706307;8.108185102;8.108185102;8.108185102;8.108185102;17
5288;14;14.78391483;15.11586827;15.2176153;15.02955389;14.72288135;14.72288135;14.72288135;14.72288135;31
5289;13.8;37.86822392;38.84435356;39.37420306;39.0218704;37.99374728;37.86822392;37.86822392;37.86822392;78
5290;17.1;130.6901456;308.8316942;499.6518225;474.3392045;247.7216285;130.6901456;130.6901456;130.6901456;442
5291;15.5;96.52985247;99.31457524;107.3235747;109.0097581;103.385382;96.52985247;96.52985247;96.52985247;200
5292;17.7;153.7220242;153.7220242;371.1026698;492.9005049;416.0121861;185.4778478;153.7220242;153.7220242;564
5293;18.3;156.2101121;156.2101121;245.8782757;415.1568332;432.7479134;288.3469001;156.2101121;156.2101121;558
5294;18.3;138.4351174;138.4351174;138.4351174;188.3312745;217.5923942;200.4842547;147.0285721;138.4351174;336
5295;19.6;137.2219622;137.2219622;137.2219622;243.0982442;480.7989621;517.2369331;331.0672881;137.2219622;583
5296;17.9;95.11909355;95.11909355;95.11909355;95.11909355;100.1765068;102.8394439;100.9799045;95.68718155;194
5297;15;26.77563188;26.77563188;26.77563188;26.77563188;27.03154088;27.35224049;27.33517059;26.99033051;56
5298;15.7;44.59987541;44.59987541;44.59987541;44.59987541;45.24846403;47.44040707;47.96840518;46.52316425;92
5299;15.7;49.8979865;48.11258763;48.11258763;48.11258763;48.11258763;102.2525613;126.4634715;104.7774966;108
5300;14.8;3.860048166;3.703364087;3.703364087;3.703364087;3.703364087;4.07760284;4.389301686;4.29918759;8
5301;14.1;0;0;0;0;0;0;0;0;0
5302;13.3;0;0;0;0;0;0;0;0;0
5303;12;0;0;0;0;0;0;0;0;0
5304;11.6;0;0;0;0;0;0;0;0;0
5305;11.8;0;0;0;0;0;0;0;0;0
5306;12.3;0;0;0;0;0;0;0;0;0
5307;12.7;0;0;0;0;0;0;0;0;0
5308;12.8;0;0;0;0;0;0;0;0;0
5309;13;0;0;0;0;0;0;0;0;0
5310;12.6;0;0;0;0;0;0;0;0;0
5311;13;38.47128056;73.41289799;76.77756271;46.59429975;19.50766788;19.50766788;19.50766788;19.50766788;44
5312;13.4;62.59570095;121.6445185;139.9498767;106.788745;52.09108272;52.09108272;52.09108272;52.09108272;122
5313;13.4;60.763422;72.40232626;78.79883651;74.63044553;62.33894024;60.763422;60.763422;60.763422;128
5314;14.5;95.06696173;112.954316;132.3662938;129.9288287;107.0697548;95.06696173;95.06696173;95.06696173;208
5315;17.3;149.1997647;214.2406204;405.4823222;446.5971776;313.5006619;149.1997647;149.1997647;149.1997647;483
5316;16.9;143.5149413;143.5149413;178.4789952;198.3025691;186.0322936;148.8559298;143.5149413;143.5149413;328
5317;17.2;159.7256953;159.7256953;201.0710602;279.9004997;288.3331686;221.4293239;159.7256953;159.7256953;431
5318;16.9;142.6084887;142.6084887;142.6084887;164.2550021;176.9617535;169.5448283;146.3489606;142.6084887;314
5319;16.7;146.6719279;146.6719279;146.6719279;180.6484603;256.3658491;267.8260266;208.3157761;146.6719279;386
5320;17.2;135.6190767;135.6190767;135.6190767;135.6190767;288.397124;368.1386677;311.6733885;152.0778812;406
5321;16.6;111.749919;111.749919;111.749919;111.749919;195.5676991;299.5397253;293.5070298;181.0034839;303
5322;17.8;79.99036322;79.99036322;79.99036322;79.99036322;175.55282;492.6909499;568.0746733;357.5452274;303
5323;16.1;60.6603827;51.08344521;51.08344521;51.08344521;51.08344521;386.2762686;534.6946196;399.8201035;178
5324;15.3;15.88865372;12.68267873;12.68267873;12.68267873;12.68267873;20.46845591;26.8994054;25.00238922;25
5325;14.8;1.400304501;1.400304501;1.400304501;1.400304501;1.400304501;1.400304501;1.400304501;1.400304501;3
5326;13.9;0;0;0;0;0;0;0;0;0
5327;12.6;0;0;0;0;0;0;0;0;0
5328;11.6;0;0;0;0;0;0;0;0;0
5329;10.4;0;0;0;0;0;0;0;0;0
5330;9.9;0;0;0;0;0;0;0;0;0
5331;10.6;0;0;0;0;0;0;0;0;0
5332;10;0;0;0;0;0;0;0;0;0
5333;9.5;0;0;0;0;0;0;0;0;0
5334;8.9;1.93243308;2.425690142;2.32162577;1.681199461;1.405998671;1.405998671;1.405998671;1.405998671;3
5335;12.3;104.7771607;240.8681012;254.5741103;137.8663936;31.94395474;31.94395474;31.94395474;31.94395474;81
5336;16.2;120.9302515;374.222748;453.6433222;312.6684789;77.40481039;77.40481039;77.40481039;77.40481039;242
5337;18.2;102.6326226;435.0994674;620.1329464;502.0217542;149.9538254;102.6326226;102.6326226;102.6326226;389
5338;19.3;116.6912792;387.0053427;684.2921052;649.0860018;302.0102904;116.6912792;116.6912792;116.6912792;531
5339;19.3;145.0752897;221.5566306;451.6347742;502.1345294;343.4738245;145.0752897;145.0752897;145.0752897;508
5340;19;140.2697235;140.2697235;171.8162653;189.9183265;178.9369095;145.3047794;140.2697235;140.2697235;317
5341;20.7;141.396053;141.396053;152.0345874;172.5259465;174.7818361;157.4807867;141.396053;141.396053;311
5342;19.3;157.6168104;157.6168104;157.6168104;277.1265448;347.3611543;306.4461005;178.3488671;157.6168104;467
5343;21.1;119.5951168;119.5951168;119.5951168;280.9476405;637.9609339;691.3225619;409.7740066;119.5951168;747
5344;19.3;106.8893163;106.8893163;106.8893163;106.8893163;530.0585552;749.0164514;591.8249807;150.5647747;642
5345;20.2;107.3217075;107.3217075;107.3217075;107.3217075;281.1450343;494.5910032;481.179871;248.767697;389
5346;19.6;69.01469455;69.01469455;69.01469455;69.01469455;220.1491032;712.7969425;828.3258722;499.060612;378
5347;18.2;58.53013845;53.55880817;53.55880817;53.55880817;53.55880817;259.1150542;349.2305694;266.1455769;147
5348;17;63.26615085;18.09796728;18.09796728;18.09796728;18.09796728;129.6481028;221.0218653;193.5255605;42
5349;16.8;0;0;0;0;0;0;0;0;0
5350;16.9;0;0;0;0;0;0;0;0;0
5351;16.4;0;0;0;0;0;0;0;0;0
5352;16.3;0;0;0;0;0;0;0;0;0
5353;15.7;0;0;0;0;0;0;0;0;0
5354;15.3;0;0;0;0;0;0;0;0;0
5355;15.6;0;0;0;0;0;0;0;0;0
5356;15.1;0;0;0;0;0;0;0;0;0
5357;14.7;0;0;0;0;0;0;0;0;0
5358;15;0;0;0;0;0;0;0;0;0
5359;15.4;12.57629057;13.27087944;13.34394693;12.7526911;12.20987608;12.20987608;12.20987608;12.20987608;25
5360;16;27.44513604;28.60890293;28.97799753;28.33620924;27.25231248;27.25231248;27.25231248;27.25231248;56
5361;15.6;40.43378371;41.57460841;42.21770259;41.81580128;40.60433283;40.43378371;40.43378371;40.43378371;83
5362;15.8;71.81319056;74.98006594;78.51058809;78.11786561;74.03194999;71.81319056;71.81319056;71.81319056;147
5363;15.3;62.84153395;63.18261288;64.23319958;64.46856742;63.75084112;62.84153395;62.84153395;62.84153395;128
5364;14.6;62.79901028;62.79901028;63.58507332;64.04165759;63.77031592;62.92999657;62.79901028;62.79901028;128
5365;15.6;66.88735943;66.88735943;67.25242257;67.96300118;68.04348343;67.44672393;66.88735943;66.88735943;136
5366;16.4;37.76495012;37.76495012;37.76495012;38.01984943;38.16985063;38.08266661;37.80936858;37.76495012;78
5367;17.1;40.19105929;40.19105929;40.19105929;40.3464715;40.68797247;40.73838844;40.46818642;40.19105929;83
5368;17.5;104.4949376;104.4949376;104.4949376;104.4949376;116.0264698;121.9419444;117.6371991;105.6338953;219
5369;18.3;103.2268362;103.2268362;103.2268362;103.2268362;149.0704828;204.8008714;201.0305678;139.9681647;250
5370;18.4;57.24743524;57.24743524;57.24743524;57.24743524;58.5045384;62.53047252;63.46167505;60.75266018;117
5371;18.2;18.51228988;18.48428194;18.48428194;18.48428194;18.48428194;19.89746948;20.51083887;19.93707869;39
5372;18.4;3.914141801;3.700997753;3.700997753;3.700997753;3.700997753;4.236404456;4.671321222;4.537835659;8
5373;17.1;0;0;0;0;0;0;0;0;0
5374;16.1;0;0;0;0;0;0;0;0;0
5375;16.5;0;0;0;0;0;0;0;0;0
5376;17.2;0;0;0;0;0;0;0;0;0
5377;17.2;0;0;0;0;0;0;0;0;0
5378;17;0;0;0;0;0;0;0;0;0
5379;17.1;0;0;0;0;0;0;0;0;0
5380;17.3;0;0;0;0;0;0;0;0;0
5381;17.5;0;0;0;0;0;0;0;0;0
5382;17.7;0;0;0;0;0;0;0;0;0
5383;17.6;0;0;0;0;0;0;0;0;0
5384;17.7;11.85389246;12.09172126;12.16801883;12.03809109;11.81597021;11.81597021;11.81597021;11.81597021;25
5385;18;15.61945601;15.80178814;15.90591266;15.84223477;15.64805609;15.61945601;15.61945601;15.61945601;33
5386;17.9;20.94595072;21.07834858;21.22800904;21.21244356;21.04077018;20.94595072;20.94595072;20.94595072;44
5387;18.2;36.16972481;36.2857879;36.65211824;36.73586905;36.48798025;36.16972481;36.16972481;36.16972481;75
5388;18.6;41.67197432;41.67197432;42.02966092;42.24000066;42.11759828;41.73415542;41.67197432;41.67197432;86
5389;19.5;92.6886249;92.6886249;93.3752527;94.72622655;94.88360099;93.7551882;92.6886249;92.6886249;186
5390;19.1;39.24459348;39.24459348;39.24459348;39.52341878;39.68774676;39.59248156;39.29342825;39.24459348;81
5391;19.7;65.29064806;65.29064806;65.29064806;65.69791364;66.5868846;66.71653778;66.01092409;65.29064806;133
5392;19.7;41.59764313;41.59764313;41.59764313;41.59764313;42.19659562;42.50123475;42.27656217;41.65418802;86
5393;20.7;86.1894555;86.1894555;86.1894555;86.1894555;94.09374522;103.6073153;102.9177393;92.42896156;181
5394;20.5;61.69723792;61.69723792;61.69723792;61.69723792;64.29419806;72.46742172;74.33161778;68.79476546;128
5395;20.4;39.78258084;39.32684645;39.32684645;39.32684645;39.32684645;68.7757028;81.42955289;69.42020855;83
5396;19.9;14.58914116;11.15205496;11.15205496;11.15205496;11.15205496;19.93523075;27.01042748;24.79600467;22
5397;19.7;0;0;0;0;0;0;0;0;0
5398;18.8;0;0;0;0;0;0;0;0;0
5399;19.2;0;0;0;0;0;0;0;0;0
5400;19;0;0;0;0;0;0;0;0;0
5401;18.8;0;0;0;0;0;0;0;0;0
5402;17.1;0;0;0;0;0;0;0;0;0
5403;16.1;0;0;0;0;0;0;0;0;0
5404;15.7;0;0;0;0;0;0;0;0;0
5405;14.5;0;0;0;0;0;0;0;0;0
5406;14.7;2.341579811;3.323816942;3.135791467;1.887646158;1.32605371;1.32605371;1.32605371;1.32605371;3
5407;16;91.72089105;226.0844977;241.4484407;128.8127307;22.93936497;22.93936497;22.93936497;22.93936497;61
5408;18.2;93.89685345;260.6217882;314.7260368;224.5160642;68.36625118;68.36625118;68.36625118;68.36625118;186
5409;20;103.5557688;386.9666635;550.9572149;452.866067;150.1536839;103.5557688;103.5557688;103.5557688;358
5410;21.6;116.6873224;372.4176292;665.6033474;637.2415028;303.9460793;116.6873224;116.6873224;116.6873224;514
5411;23.3;122.6724944;242.4001533;629.9536969;720.348792;460.6332178;122.6724944;122.6724944;122.6724944;644
5412;25.5;127.3980599;127.3980599;496.0426476;715.5484996;590.5238008;194.206324;127.3980599;127.3980599;733
5413;25.9;129.6218955;129.6218955;288.8888888;605.7415616;643.6897914;380.5040197;129.6218955;129.6218955;767
5414;26.9;126.3572333;126.3572333;126.3572333;462.7617238;661.3563815;546.555794;185.6085885;126.3572333;761
5415;27.8;118.2715985;118.2715985;118.2715985;280.6841117;632.9217736;683.6843429;403.2357948;118.2715985;722
5416;27.9;106.2787409;106.2787409;106.2787409;106.2787409;523.9299659;734.5665477;577.1606534;143.918521;617
5417;28.1;88.67563965;88.67563965;88.67563965;88.67563965;387.4355226;743.4819007;715.9516518;320.9716224;497
5418;27.4;69.0670677;69.0670677;69.0670677;69.0670677;204.9931123;625.4991148;720.0547706;433.270659;331
5419;26.9;50.65007737;46.47837223;46.47837223;46.47837223;46.47837223;420.440536;579.5124412;426.340218;172
5420;23.4;32.22812412;13.14515347;13.14515347;13.14515347;13.14515347;62.76269564;102.3979252;89.75009154;47
5421;20.7;0;0;0;0;0;0;0;0;0
5422;21;0;0;0;0;0;0;0;0;0
5423;20.1;0;0;0;0;0;0;0;0;0
5424;19.9;0;0;0;0;0;0;0;0;0
5425;19;0;0;0;0;0;0;0;0;0
5426;19.1;0;0;0;0;0;0;0;0;0
5427;18.6;0;0;0;0;0;0;0;0;0
5428;18.7;0;0;0;0;0;0;0;0;0
5429;17.7;0;0;0;0;0;0;0;0;0
5430;17.8;0;0;0;0;0;0;0;0;0
5431;20.3;97.13146812;233.7852779;250.048214;136.3936691;28.26520111;28.26520111;28.26520111;28.26520111;72
5432;22.6;104.8172555;336.9605151;413.1645421;288.7900509;70.75559363;70.75559363;70.75559363;70.75559363;211
5433;24.8;101.5738449;406.4199056;585.1803437;480.6506537;154.0629102;101.5738449;101.5738449;101.5738449;367
5434;26.3;115.6621206;372.5347847;671.2991637;644.5788985;308.0263583;115.6621206;115.6621206;115.6621206;514
5435;28.1;122.8899791;238.5361896;622.7711234;714.1824625;459.2226841;122.8899791;122.8899791;122.8899791;636
5436;29.2;130.0034255;130.0034255;475.8130946;684.3371291;568.1399981;195.2884051;130.0034255;130.0034255;703
5437;30.2;133.1752551;133.1752551;281.755758;580.7221922;617.5217005;370.5976299;133.1752551;133.1752551;719
5438;30.5;140.8089445;140.8089445;140.8089445;400.363105;553.871221;465.4130576;186.8062071;140.8089445;633
5439;31.2;120.3402761;120.3402761;120.3402761;272.6087564;600.8057133;647.5525332;385.4655632;120.3402761;672
5440;30.1;123.8115116;123.8115116;123.8115116;123.8115116;393.735292;528.7325841;426.5326036;147.0027131;478
5441;31.4;94.34949448;94.34949448;94.34949448;94.34949448;345.6320611;642.1746868;617.8087447;286.8074732;442
5442;29.9;76.53572908;76.53572908;76.53572908;76.53572908;181.0195158;498.8298332;569.2659917;351.067445;289
5443;27.2;29.32901205;29.30169544;29.30169544;29.30169544;29.30169544;33.28369874;34.96041511;33.32233025;61
5444;24.9;24.39986514;13.44312575;13.44312575;13.44312575;13.44312575;42.43501756;65.40059174;57.93018701;31
5445;25.1;0;0;0;0;0;0;0;0;0
5446;21.5;0;0;0;0;0;0;0;0;0
5447;20.1;0;0;0;0;0;0;0;0;0
5448;20.4;0;0;0;0;0;0;0;0;0
5449;20.5;0;0;0;0;0;0;0;0;0
5450;20.1;0;0;0;0;0;0;0;0;0
5451;21.7;0;0;0;0;0;0;0;0;0
5452;22.3;0;0;0;0;0;0;0;0;0
5453;21.5;0;0;0;0;0;0;0;0;0
5454;20.8;0;0;0;0;0;0;0;0;0
5455;19;3.795515655;3.879740298;3.890160992;3.820673436;3.753749076;3.753749076;3.753749076;3.753749076;8
5456;20.6;79.50123022;202.1802659;242.9170164;177.8484458;62.29603523;62.29603523;62.29603523;62.29603523;156
5457;21.2;90.17126285;184.3570408;240.3377808;208.3530112;107.1389763;90.17126285;90.17126285;90.17126285;222
5458;20.4;47.23763005;47.88997266;48.65990435;48.59668704;47.73735259;47.23763005;47.23763005;47.23763005;97
5459;21.7;125.4365219;137.7361296;179.7186966;189.9035019;162.3244246;125.4365219;125.4365219;125.4365219;289
5460;20.7;99.53963773;99.53963773;104.1587929;106.9799042;105.4426083;100.4474323;99.53963773;99.53963773;203
5461;20.9;142.0205995;142.0205995;169.5171393;225.4914797;232.5697106;186.6055002;142.0205995;142.0205995;350
5462;22.3;149.4079093;149.4079093;149.4079093;356.7844754;479.6781805;409.1040399;186.4034281;149.4079093;567
5463;22.5;136.6358476;136.6358476;136.6358476;243.0779398;471.1364237;503.2490067;320.6045733;136.6358476;547
5464;21.5;116.453096;116.453096;116.453096;116.453096;451.1693701;617.1902774;489.8861351;143.8299831;525
5465;20.9;88.99889477;88.99889477;88.99889477;88.99889477;380.8906242;722.0244215;692.3404505;309.2271789;478
5466;21;66.1231835;66.1231835;66.1231835;66.1231835;219.102408;676.7257766;776.6664274;460.3804826;342
5467;20.4;47.32256498;46.45719504;46.45719504;46.45719504;46.45719504;380.5450252;519.7941054;381.7688431;158
5468;18.4;25.04390327;10.2478288;10.2478288;10.2478288;10.2478288;50.09761531;81.40001181;71.0224245;58
5469;16.7;0;0;0;0;0;0;0;0;0
5470;14.5;0;0;0;0;0;0;0;0;0
5471;12.6;0;0;0;0;0;0;0;0;0
5472;12.4;0;0;0;0;0;0;0;0;0
5473;13.5;0;0;0;0;0;0;0;0;0
5474;13.4;0;0;0;0;0;0;0;0;0
5475;11.7;0;0;0;0;0;0;0;0;0
5476;11.5;0;0;0;0;0;0;0;0;0
5477;11.3;0;0;0;0;0;0;0;0;0
5478;11.8;0;0;0;0;0;0;0;0;0
5479;14.6;93.74935163;231.1684567;248.8259209;136.3782412;26.72254751;26.72254751;26.72254751;26.72254751;69
5480;16;105.1537431;348.2821368;429.9489964;302.3149831;72.65005689;72.65005689;72.65005689;72.65005689;222
5481;18.1;96.16300978;441.6580982;649.8335417;533.6762967;161.2297019;96.16300978;96.16300978;96.16300978;383
5482;19.6;107.2048744;392.0650318;733.3273642;707.8156338;330.4742662;107.2048744;107.2048744;107.2048744;542
5483;20.4;140.4159335;216.3099136;482.6871059;548.5664875;375.35681;140.4159335;140.4159335;140.4159335;522
5484;21.4;126.7103551;126.7103551;490.8388217;716.1100492;596.1189296;201.1546333;126.7103551;126.7103551;719
5485;21.8;141.3235861;141.3235861;270.3959216;536.2933138;570.8227962;353.7574664;141.3235861;141.3235861;656
5486;22.7;140.8084489;140.8084489;140.8084489;398.4769841;551.5028378;463.9494885;187.1045007;140.8084489;622
5487;22.9;118.6812757;118.6812757;118.6812757;275.9218011;610.8901768;657.5292538;388.5184933;118.6812757;683
5488;22.3;123.8893517;123.8893517;123.8893517;123.8893517;203.4442282;242.5817987;212.1909435;130.0742133;311
5489;23.7;87.42667905;87.42667905;87.42667905;87.42667905;391.5831303;743.6430743;711.3003538;313.5008958;483
5490;22.3;67.4443577;67.4443577;67.4443577;67.4443577;208.9183229;625.2263648;714.7932718;425.1519645;319
5491;21.4;44.21692315;44.21692315;44.21692315;44.21692315;44.83204829;416.3445293;569.8697055;415.474611;161
5492;19.5;25.37618453;10.26818056;10.26818056;10.26818056;10.26818056;51.69196816;83.95826677;73.05791229;36
5493;18.2;0;0;0;0;0;0;0;0;0
5494;17.2;0;0;0;0;0;0;0;0;0
5495;16.4;0;0;0;0;0;0;0;0;0
5496;15.8;0;0;0;0;0;0;0;0;0
5497;15.3;0;0;0;0;0;0;0;0;0
5498;15.9;0;0;0;0;0;0;0;0;0
5499;16;0;0;0;0;0;0;0;0;0
5500;15.7;0;0;0;0;0;0;0;0;0
5501;15.7;0;0;0;0;0;0;0;0;0
5502;16.5;0;0;0;0;0;0;0;0;0
5503;16.5;2.827311596;2.880076575;2.887110738;2.844293568;2.80200919;2.80200919;2.80200919;2.80200919;6
5504;16.4;17.30653829;17.87087163;18.06262232;17.7694654;17.23483325;17.23483325;17.23483325;17.23483325;36
5505;16.6;53.36327823;60.63526695;65.07794543;62.65833074;54.79380036;53.36327823;53.36327823;53.36327823;111
5506;17.7;64.72055548;65.92145842;67.38215138;67.28371755;65.68381815;64.72055548;64.72055548;64.72055548;131
5507;20.7;140.3928527;171.8304913;285.4017348;314.0287418;240.9422;140.3928527;140.3928527;140.3928527;378
5508;22;155.8729153;155.8729153;318.5472097;420.5037413;367.443124;190.4475478;155.8729153;155.8729153;494
5509;22.2;135.6964305;135.6964305;270.4516132;551.4567704;588.9151592;360.8841634;135.6964305;135.6964305;678
5510;23.5;130.9996805;130.9996805;130.9996805;434.618819;615.3489705;512.3538769;185.9666671;130.9996805;681
5511;24.2;119.3163793;119.3163793;119.3163793;275.8909479;607.604523;653.2855259;386.1746445;119.3163793;661
5512;24.2;105.3452958;105.3452958;105.3452958;105.3452958;521.0143995;723.8553806;564.3815425;136.0104966;581
5513;24.4;99.06183306;99.06183306;99.06183306;99.06183306;319.5595909;572.3609559;547.9101138;260.5300363;400
5514;24.6;76.22355863;76.22355863;76.22355863;76.22355863;175.780238;464.0345258;525.1144087;323.2401196;269
5515;23.4;43.80681106;43.80681106;43.80681106;43.80681106;44.32494771;132.0914452;168.1420013;131.3586893;100
5516;22.4;26.88734898;9.522665381;9.522665381;9.522665381;9.522665381;58.00154988;95.44684493;82.55892093;19
5517;22.1;0;0;0;0;0;0;0;0;0
5518;21.4;0;0;0;0;0;0;0;0;0
5519;20.4;0;0;0;0;0;0;0;0;0
5520;19.2;0;0;0;0;0;0;0;0;0
5521;17.2;0;0;0;0;0;0;0;0;0
5522;17.9;0;0;0;0;0;0;0;0;0
5523;19.5;0;0;0;0;0;0;0;0;0
5524;18.9;0;0;0;0;0;0;0;0;0
5525;19.1;0;0;0;0;0;0;0;0;0
5526;18.2;0;0;0;0;0;0;0;0;0
5527;18.6;13.29970891;19.29197056;20.11995408;15.29863794;10.47599634;10.47599634;10.47599634;10.47599634;22
5528;19.6;60.29355435;148.7929086;179.2106057;133.7283712;49.6413178;49.6413178;49.6413178;49.6413178;122
5529;20.1;82.19743307;158.8722744;206.3747613;181.1358534;97.94016075;82.19743307;82.19743307;82.19743307;203
5530;20.8;124.7878679;251.0157436;406.9402676;397.5837424;228.4270937;124.7878679;124.7878679;124.7878679;375
5531;21.7;143.4551461;191.2169595;368.9890316;414.6464123;301.4436273;143.4551461;143.4551461;143.4551461;436
5532;21.1;128.5136255;128.5136255;152.1349173;167.1349879;159.5111882;133.7294366;128.5136255;128.5136255;283
5533;21.8;158.4386406;158.4386406;222.5775824;358.0012951;376.5239113;267.2951337;158.4386406;158.4386406;486
5534;21.9;132.8491652;132.8491652;132.8491652;183.3183428;213.4336975;196.3437261;142.059502;132.8491652;319
5535;23.3;133.7287045;133.7287045;133.7287045;250.3561909;496.1323441;529.6173603;331.1961711;133.7287045;556
5536;23.4;122.1910281;122.1910281;122.1910281;122.1910281;395.0261245;527.1038236;421.9890987;141.25673;464
5537;20.9;107.8906781;107.8906781;107.8906781;107.8906781;226.3347252;360.8537246;347.1904021;193.3485468;319
5538;22;65.63239226;65.63239226;65.63239226;65.63239226;213.8815945;636.3244475;724.4636344;426.6684151;314
5539;21.7;45.9833439;45.9833439;45.9833439;45.9833439;48.50212313;296.4361159;397.6582716;292.8740242;133
5540;20.4;25.67154064;8.518838765;8.518838765;8.518838765;8.518838765;57.28764898;94.64105347;81.54523261;17
5541;17.9;0;0;0;0;0;0;0;0;0
5542;17.8;0;0;0;0;0;0;0;0;0
5543;17.7;0;0;0;0;0;0;0;0;0
5544;17;0;0;0;0;0;0;0;0;0
5545;16.8;0;0;0;0;0;0;0;0;0
5546;16.2;0;0;0;0;0;0;0;0;0
5547;16.9;0;0;0;0;0;0;0;0;0
5548;16;0;0;0;0;0;0;0;0;0
5549;15.4;0;0;0;0;0;0;0;0;0
5550;15.4;0;0;0;0;0;0;0;0;0
5551;15.8;8.49661647;8.97221937;9.040270369;8.660906115;8.276484757;8.276484757;8.276484757;8.276484757;17
5552;16.3;17.31958798;17.91793802;18.12596408;17.82180731;17.2516133;17.2516133;17.2516133;17.2516133;36
5553;17.6;56.30556129;68.14872372;75.590363;71.73522698;58.84160206;56.30556129;56.30556129;56.30556129;119
5554;20.1;124.5322097;273.8866767;461.2993039;451.4383348;250.0801912;124.5322097;124.5322097;124.5322097;406
5555;20.2;126.4450264;139.5090868;189.6602754;202.7808285;171.184904;126.4450264;126.4450264;126.4450264;297
5556;21.8;142.6305779;142.6305779;402.561432;569.8192764;486.8357748;202.2215372;142.6305779;142.6305779;589
5557;20.9;158.0352066;158.0352066;222.3747071;359.9591025;379.2592183;268.9693083;158.0352066;158.0352066;486
5558;22.9;149.3184568;149.3184568;149.3184568;327.5500907;434.1769599;373.9375813;182.119366;149.3184568;511
5559;22.2;132.8041386;132.8041386;132.8041386;161.4694606;221.5708276;229.6738721;181.0319405;132.8041386;328
5560;21.7;123.0552671;123.0552671;123.0552671;123.0552671;207.3504119;247.8353972;215.2258746;128.6240601;311
5561;21.3;96.16317251;96.16317251;96.16317251;96.16317251;332.3681428;598.1310834;569.8480296;264.0868108;403
5562;21.1;65.26519784;65.26519784;65.26519784;65.26519784;219.11654;650.6840156;739.3210875;433.105361;317
5563;20;44.36884477;44.36884477;44.36884477;44.36884477;48.41703678;329.1250021;443.0266724;323.399994;136
5564;16.4;20.9142621;7.188357565;7.188357565;7.188357565;7.188357565;46.94013775;77.13176876;66.35149809;14
5565;14.9;0;0;0;0;0;0;0;0;0
5566;15.2;0;0;0;0;0;0;0;0;0
5567;13.4;0;0;0;0;0;0;0;0;0
5568;11.9;0;0;0;0;0;0;0;0;0
5569;12.2;0;0;0;0;0;0;0;0;0
5570;12.2;0;0;0;0;0;0;0;0;0
5571;10.5;0;0;0;0;0;0;0;0;0
5572;11.1;0;0;0;0;0;0;0;0;0
5573;9.6;0;0;0;0;0;0;0;0;0
5574;10.2;0;0;0;0;0;0;0;0;0
5575;13.4;98.44512672;274.2036767;300.2217739;161.2583698;18.58073429;18.58073429;18.58073429;18.58073429;56
5576;16.3;91.41032421;332.9138975;417.8418523;296.4445444;65.62259732;65.62259732;65.62259732;65.62259732;197
5577;19.4;98.47539975;372.8508136;547.7336975;459.4471637;159.7082661;98.47539975;98.47539975;98.47539975;339
5578;21.1;113.4210724;350.7800448;653.4161756;639.7304986;317.7398977;113.4210724;113.4210724;113.4210724;489
5579;22;120.0997971;220.702499;619.462598;725.7027408;477.1888926;120.0997971;120.0997971;120.0997971;617
5580;22.5;138.4727576;138.4727576;426.1511906;613.7445404;522.9301257;206.9057989;138.4727576;138.4727576;617
5581;23.3;144.2047905;144.2047905;257.2467537;502.1318957;537.3481938;342.2664183;144.2047905;144.2047905;608
5582;23.8;139.2998689;139.2998689;139.2998689;402.1332112;559.7998448;471.1432955;188.0973674;139.2998689;611
5583;24.5;140.0007231;140.0007231;140.0007231;232.3024976;424.8845697;450.5855481;294.3501483;140.0007231;492
5584;24.5;124.4646948;124.4646948;124.4646948;124.4646948;374.6006862;493.7992347;396.6466188;140.0535232;442
5585;24.5;104.1118549;104.1118549;104.1118549;104.1118549;269.4324975;453.7249486;433.218791;219.9262537;344
5586;23.9;74.73405338;74.73405338;74.73405338;74.73405338;113.4840421;220.5104043;242.1429572;165.7096447;186
5587;21.7;37.22318601;37.22318601;37.22318601;37.22318601;38.03353522;81.39158472;98.87638528;80.24557787;81
5588;20.3;15.97446012;5.800424171;5.800424171;5.800424171;5.800424171;35.81957872;58.42795562;50.20783835;11
5589;19.6;0;0;0;0;0;0;0;0;0
5590;18.1;0;0;0;0;0;0;0;0;0
5591;18;0;0;0;0;0;0;0;0;0
5592;17.5;0;0;0;0;0;0;0;0;0
5593;16.1;0;0;0;0;0;0;0;0;0
5594;15.5;0;0;0;0;0;0;0;0;0
5595;15.3;0;0;0;0;0;0;0;0;0
5596;15;0;0;0;0;0;0;0;0;0
5597;15.1;0;0;0;0;0;0;0;0;0
5598;15.2;0;0;0;0;0;0;0;0;0
5599;15.9;15.56274472;27.63316114;29.48019389;20.02187625;10.18075356;10.18075356;10.18075356;10.18075356;22
5600;19.3;69.33871192;192.5659088;236.3972064;175.156825;57.02863072;57.02863072;57.02863072;57.02863072;142
5601;21.7;97.06092351;381.8502359;566.0074603;475.4621635;163.2545523;97.06092351;97.06092351;97.06092351;342
5602;22.6;123.2029793;264.6360062;447.9152001;440.9823789;247.8986953;123.2029793;123.2029793;123.2029793;394
5603;24;128.205795;213.8844779;564.9413095;660.1644;443.7733543;128.205795;128.205795;128.205795;569
5604;25.2;129.1957004;129.1957004;456.7891523;673.293359;571.0725367;210.0062565;129.1957004;129.1957004;664
5605;26.3;149.4367008;149.4367008;249.0039269;467.5692592;499.7768534;326.7599377;149.4367008;149.4367008;575
5606;27.4;124.7413821;124.7413821;124.7413821;468.0017956;674.499558;558.956437;189.0560258;124.7413821;708
5607;27.7;123.7876846;123.7876846;123.7876846;264.9310148;558.0416725;596.7722336;358.4348607;123.7876846;600
5608;27;125.5075406;125.5075406;125.5075406;125.5075406;334.3203566;433.0611632;351.6412288;137.7552468;403
5609;25.2;91.08703059;91.08703059;91.08703059;91.08703059;129.7777961;172.5146989;167.5523779;117.7976936;211
5610;23.3;74.99313754;74.99313754;74.99313754;74.99313754;119.0033738;238.716802;262.523128;176.476929;192
5611;22.5;36.04311812;36.04311812;36.04311812;36.04311812;36.98669034;78.07691031;94.5443049;76.74249769;78
5612;21.5;6.18545417;5.160852185;5.160852185;5.160852185;5.160852185;8.241451915;10.54208009;9.690457938;11
5613;21.4;0;0;0;0;0;0;0;0;0
5614;20.9;0;0;0;0;0;0;0;0;0
5615;20.5;0;0;0;0;0;0;0;0;0
5616;19.8;0;0;0;0;0;0;0;0;0
5617;19.9;0;0;0;0;0;0;0;0;0
5618;18.7;0;0;0;0;0;0;0;0;0
5619;18.1;0;0;0;0;0;0;0;0;0
5620;18.2;0;0;0;0;0;0;0;0;0
5621;18.4;0;0;0;0;0;0;0;0;0
5622;18.2;0;0;0;0;0;0;0;0;0
5623;19.1;6.971891825;7.362348647;7.424058755;7.120873203;6.801142901;6.801142901;6.801142901;6.801142901;14
5624;20.3;56.06354111;152.2895517;186.907748;139.6392602;47.11843425;47.11843425;47.11843425;47.11843425;117
5625;22.2;94.41000321;259.7127497;368.1723418;316.2656688;134.3989557;94.41000321;94.41000321;94.41000321;264
5626;23.4;122.2328397;283.4982421;495.9514123;489.4853112;267.8876931;122.2328397;122.2328397;122.2328397;411
5627;24.9;131.8954855;206.1270573;520.921485;607.8297583;415.9421894;131.8954855;131.8954855;131.8954855;536
5628;26.1;147.1660726;147.1660726;369.8001004;518.9353409;450.2931861;204.0832793;147.1660726;147.1660726;544
5629;27.1;151.2176314;151.2176314;232.789265;414.2803064;441.6728005;298.9205958;151.2176314;151.2176314;519
5630;28;148.0220324;148.0220324;148.0220324;323.6615991;429.6354018;370.643912;181.2435444;148.0220324;497
5631;28.7;124.2722599;124.2722599;124.2722599;262.9373374;549.6114382;587.127617;353.509405;124.2722599;589
5632;27.6;128.1073035;128.1073035;128.1073035;128.1073035;305.292799;388.4411936;319.0895262;137.8630628;389
5633;27.3;101.0664125;101.0664125;101.0664125;101.0664125;182.7946238;272.2534444;261.4332234;156.6722995;261
5634;25.8;45.71023604;45.71023604;45.71023604;45.71023604;46.8779256;50.00676273;50.6187528;48.35540032;94
5635;23.8;11.74889325;11.74889325;11.74889325;11.74889325;11.77498525;12.73277327;13.11421772;12.69587361;25
5636;22.7;0;0;0;0;0;0;0;0;0
5637;22;0;0;0;0;0;0;0;0;0
5638;21.1;0;0;0;0;0;0;0;0;0
5639;20.7;0;0;0;0;0;0;0;0;0
5640;19.8;0;0;0;0;0;0;0;0;0
5641;19.3;0;0;0;0;0;0;0;0;0
5642;19.7;0;0;0;0;0;0;0;0;0
5643;19.6;0;0;0;0;0;0;0;0;0
5644;18.7;0;0;0;0;0;0;0;0;0
5645;18.2;0;0;0;0;0;0;0;0;0
5646;18.2;0;0;0;0;0;0;0;0;0
5647;19.2;7.003863059;7.422164625;7.490391284;7.168576783;6.824549376;6.824549376;6.824549376;6.824549376;14
5648;20.8;36.49938312;61.065146;70.00350211;58.07848367;34.38749393;34.38749393;34.38749393;34.38749393;75
5649;22.9;75.90588227;139.8250448;182.3848648;162.570741;91.98951829;75.90588227;75.90588227;75.90588227;183
5650;24.9;119.0446017;205.8395373;322.1150762;319.4346852;199.3685011;119.0446017;119.0446017;119.0446017;328
5651;26.9;128.1712007;207.004654;553.4576344;650.7835898;441.9702955;128.1712007;128.1712007;128.1712007;556
5652;28.2;127.0794024;127.0794024;462.7006401;690.5928779;588.3865643;215.9527717;127.0794024;127.0794024;667
5653;28.6;128.9072882;128.9072882;274.1495827;601.7673642;652.3901263;396.3637415;128.9072882;128.9072882;697
5654;29.6;123.3450603;123.3450603;123.3450603;474.2988837;686.7017069;569.097847;190.3780501;123.3450603;706
5655;29.6;118.2880217;118.2880217;118.2880217;278.6220947;608.6718193;651.461366;381.9251988;118.2880217;628
5656;29.2;102.501404;102.501404;102.501404;102.501404;534.6111939;735.8665085;566.1051348;124.7709833;558
5657;29.2;87.09775597;87.09775597;87.09775597;87.09775597;374.5326777;686.3399506;647.119273;279.845586;422
5658;28.6;66.27035888;66.27035888;66.27035888;66.27035888;202.9496054;563.7932369;633.194714;370.4995928;275
5659;26.1;39.64705285;39.64705285;39.64705285;39.64705285;49.46612059;360.9378732;484.2018207;347.0516144;128
5660;21.8;2.587693635;2.401693891;2.401693891;2.401693891;2.401693891;2.982734184;3.409408697;3.245777544;14
5661;19.8;0;0;0;0;0;0;0;0;0
5662;18.7;0;0;0;0;0;0;0;0;0
5663;18.2;0;0;0;0;0;0;0;0;0
5664;17.7;0;0;0;0;0;0;0;0;0
5665;17.8;0;0;0;0;0;0;0;0;0
5666;18;0;0;0;0;0;0;0;0;0
5667;17.5;0;0;0;0;0;0;0;0;0
5668;17.9;0;0;0;0;0;0;0;0;0
5669;17.1;0;0;0;0;0;0;0;0;0
5670;16.2;0;0;0;0;0;0;0;0;0
5671;18.3;49.34573388;134.7344417;149.0962389;84.01817961;13.48392106;13.48392106;13.48392106;13.48392106;36
5672;22.1;69.44865878;223.8861635;280.7157736;206.647474;57.25906453;57.25906453;57.25906453;57.25906453;150
5673;24.6;94.62371209;311.1141208;457.414118;391.1964157;151.2504459;94.62371209;94.62371209;94.62371209;297
5674;26.8;117.6973393;307.0393416;565.0425142;560.9969504;297.2724867;117.6973393;117.6973393;117.6973393;439
5675;28.7;126.3338268;205.1054731;564.3536434;667.0157457;452.9537129;126.3338268;126.3338268;126.3338268;561
5676;30;129.0304792;129.0304792;445.2935576;662.9897786;567.8998838;215.7262438;129.0304792;129.0304792;644
5677;30.3;129.9888036;129.9888036;269.7100039;589.3052162;639.8391034;391.7095997;129.9888036;129.9888036;681
5678;30.9;123.4836975;123.4836975;123.4836975;471.8634693;683.3800057;566.9168784;190.6966077;123.4836975;697
5679;30.8;118.143835;118.143835;118.143835;278.7800636;608.0928942;650.4002108;380.9189612;118.143835;622
5680;30.8;103.4428681;103.4428681;103.4428681;103.4428681;524.3376972;718.9165166;552.9592199;123.6813409;544
5681;30.6;86.32238937;86.32238937;86.32238937;86.32238937;377.3098966;690.174523;649.3107591;278.6560437;419
5682;29.4;68.55131574;68.55131574;68.55131574;68.55131574;191.9164135;512.8847886;573.5686415;338.4201942;258
5683;27;38.68521462;38.68521462;38.68521462;38.68521462;42.63074149;152.8058028;196.1305712;147.2259851;92
5684;24.1;2.843795432;2.714246599;2.714246599;2.714246599;2.714246599;3.126886345;3.427356158;3.310096062;17
5685;23.6;0;0;0;0;0;0;0;0;0
5686;22.2;0;0;0;0;0;0;0;0;0
5687;20.4;0;0;0;0;0;0;0;0;0
5688;18.8;0;0;0;0;0;0;0;0;0
5689;19.6;0;0;0;0;0;0;0;0;0
5690;18.7;0;0;0;0;0;0;0;0;0
5691;19.7;0;0;0;0;0;0;0;0;0
5692;20.2;0;0;0;0;0;0;0;0;0
5693;18.7;0;0;0;0;0;0;0;0;0
5694;18.9;0;0;0;0;0;0;0;0;0
5695;19.4;43.64808624;119.3841514;132.5100377;75.33677897;12.50189054;12.50189054;12.50189054;12.50189054;33
5696;21.2;33.40936775;53.83892825;61.44135797;51.76325669;31.94164632;31.94164632;31.94164632;31.94164632;69
5697;23.1;52.58799815;63.46015855;70.91799379;67.63836619;55.54243711;52.58799815;52.58799815;52.58799815;111
5698;26.4;120.2840475;274.2358004;487.6674776;485.890924;269.9468207;120.2840475;120.2840475;120.2840475;400
5699;26.4;124.2764049;141.6288433;223.8738096;247.7759671;199.3337559;124.2764049;124.2764049;124.2764049;306
5700;28.1;147.1761286;147.1761286;336.7437969;469.0307819;412.7796762;200.9416145;147.1761286;147.1761286;497
5701;29.8;128.5080241;128.5080241;270.5934445;600.2444317;653.5586292;399.3053032;128.5080241;128.5080241;686
5702;29.4;128.6993889;128.6993889;128.6993889;437.6608042;625.8613894;522.8312173;188.9239655;128.6993889;647
5703;29;122.6217961;122.6217961;122.6217961;265.9726327;558.6934867;595.9694584;355.9647893;122.6217961;581
5704;27.1;115.0445349;115.0445349;115.0445349;115.0445349;189.8055013;224.1143741;194.5316143;118.3864014;281
5705;23.7;18.50239554;18.50239554;18.50239554;18.50239554;18.69254914;18.89520615;18.86776004;18.62628835;39
5706;21.5;2.793233005;2.793233005;2.793233005;2.793233005;2.798631294;2.812475563;2.815047803;2.80484123;6
5707;21.5;22.43917926;22.43917926;22.43917926;22.43917926;22.60210694;26.66497179;28.25242468;26.43455725;47
5708;21;0.549640627;0.514326769;0.514326769;0.514326769;0.514326769;0.62904201;0.711872476;0.678983346;3
5709;20.6;0;0;0;0;0;0;0;0;0
5710;19.7;0;0;0;0;0;0;0;0;0
5711;18.9;0;0;0;0;0;0;0;0;0
5712;18.6;0;0;0;0;0;0;0;0;0
5713;18.5;0;0;0;0;0;0;0;0;0
5714;18.5;0;0;0;0;0;0;0;0;0
5715;18.5;0;0;0;0;0;0;0;0;0
5716;18.4;0;0;0;0;0;0;0;0;0
5717;17.8;0;0;0;0;0;0;0;0;0
5718;17;0;0;0;0;0;0;0;0;0
5719;16.6;40.63155886;112.4446382;125.2600221;71.57063249;11.72927227;11.72927227;11.72927227;11.72927227;31
5720;17.2;67.00025637;233.8654685;296.6576704;218.5940417;56.20172686;56.20172686;56.20172686;56.20172686;150
5721;17.9;92.1990588;382.5122283;584.6779353;498.3561956;174.1131136;92.1990588;92.1990588;92.1990588;333
5722;18.2;97.00368238;388.3937264;799.5028552;799.0974961;387.415103;97.00368238;97.00368238;97.00368238;539
5723;19.3;125.8941407;198.3506732;555.8095047;661.4297466;453.3404937;125.8941407;125.8941407;125.8941407;550
5724;19.5;123.6720577;123.6720577;471.8547567;718.1953068;616.2722007;225.7906116;123.6720577;123.6720577;672
5725;20.1;123.7005891;123.7005891;289.463382;679.6390218;744.1534676;445.215032;123.7005891;123.7005891;772
5726;19.1;137.2066385;137.2066385;137.2066385;403.6871871;566.560176;477.9236856;189.69977;137.2066385;589
5727;19.8;112.732652;112.732652;112.732652;295.7632014;668.1027462;715.1140219;409.2584608;112.732652;669
5728;19.2;100.3675574;100.3675574;100.3675574;100.3675574;546.4764283;749.7225979;572.5853916;118.8293824;550
5729;19.4;94.75751689;94.75751689;94.75751689;94.75751689;318.4244842;554.7295705;521.589266;238.4167118;361
5730;18.3;71.18686652;71.18686652;71.18686652;71.18686652;165.6153483;404.3686573;447.9485921;270.8266177;225
5731;17.3;31.13500508;31.13500508;31.13500508;31.13500508;44.4872878;345.2466954;462.0037349;326.3637161;172
5732;14.7;6.682262369;6.682262369;6.682262369;6.682262369;6.682262369;6.682262369;6.682262369;6.682262369;14
5733;14.7;0;0;0;0;0;0;0;0;0
5734;12.1;0;0;0;0;0;0;0;0;0
5735;11.6;0;0;0;0;0;0;0;0;0
5736;11.1;0;0;0;0;0;0;0;0;0
5737;10.3;0;0;0;0;0;0;0;0;0
5738;9.9;0;0;0;0;0;0;0;0;0
5739;8.5;0;0;0;0;0;0;0;0;0
5740;9;0;0;0;0;0;0;0;0;0
5741;8.4;0;0;0;0;0;0;0;0;0
5742;7.8;0;0;0;0;0;0;0;0;0
5743;11.3;65.49770546;189.4651866;212.2283649;120.4528794;16.69863506;16.69863506;16.69863506;16.69863506;47
5744;15.1;75.83737402;307.9150976;396.2216742;289.0283089;62.48239767;62.48239767;62.48239767;62.48239767;186
5745;16.7;88.81183277;401.7243814;622.9616735;531.3012332;180.4365034;88.81183277;88.81183277;88.81183277;342
5746;17.3;99.15269869;367.5314963;752.9662004;755.4058224;373.421265;99.15269869;99.15269869;99.15269869;514
5747;17.2;136.2442936;162.5046484;297.5786018;338.1451055;260.4408519;136.2442936;136.2442936;136.2442936;378
5748;18.3;146.2821735;146.2821735;271.3900957;361.1354774;325.0227076;184.206157;146.2821735;146.2821735;417
5749;19;135.982597;135.982597;259.3953998;554.1773107;603.98643;379.6452512;135.982597;135.982597;628
5750;19.1;145.6759546;145.6759546;145.6759546;335.9443898;452.6403618;389.5207473;183.5601603;145.6759546;500
5751;18.9;129.2801632;129.2801632;129.2801632;256.0741406;513.0825629;545.2647447;333.7688004;129.2801632;531
5752;19.7;98.8321885;98.8321885;98.8321885;98.8321885;600.0762018;826.8122184;627.1074066;117.9461367;597
5753;19.1;91.52160286;91.52160286;91.52160286;91.52160286;338.3926885;596.9722721;559.4657088;247.8438347;372
5754;18.7;57.17356174;57.17356174;57.17356174;57.17356174;245.1038136;713.6601983;797.6556148;447.8866873;297
5755;17.2;32.41625086;32.41625086;32.41625086;32.41625086;49.11080897;391.9716277;524.209783;368.3619572;128
5756;14.9;8.205792811;8.205792811;8.205792811;8.205792811;8.205792811;8.205792811;8.205792811;8.205792811;17
5757;12.6;0;0;0;0;0;0;0;0;0
5758;10.9;0;0;0;0;0;0;0;0;0
5759;11;0;0;0;0;0;0;0;0;0
5760;9.6;0;0;0;0;0;0;0;0;0
5761;9.5;0;0;0;0;0;0;0;0;0
5762;8.4;0;0;0;0;0;0;0;0;0
5763;8.7;0;0;0;0;0;0;0;0;0
5764;8.7;0;0;0;0;0;0;0;0;0
5765;8.4;0;0;0;0;0;0;0;0;0
5766;8.1;0;0;0;0;0;0;0;0;0
5767;10.5;82.15748918;264.8705474;299.3687445;165.4435045;11.85195297;11.85195297;11.85195297;11.85195297;42
5768;13.6;70.50695288;283.4012151;365.3070136;268.2450425;59.7899205;59.7899205;59.7899205;59.7899205;169
5769;15.5;89.18184442;207.3482713;292.1828908;258.1022505;125.0703273;89.18184442;89.18184442;89.18184442;233
5770;17;110.2957997;341.8548187;680.4623467;685.0740442;352.9884415;110.2957997;110.2957997;110.2957997;494
5771;18;115.6306629;198.9140738;646.3473833;782.8940357;528.5668541;115.6306629;115.6306629;115.6306629;625
5772;18.8;120.6899912;120.6899912;494.1241797;765.7430819;659.498632;237.6273879;120.6899912;120.6899912;703
5773;19.6;123.3029966;123.3029966;273.4917373;637.6102041;700.454484;425.2112502;123.3029966;123.3029966;719
5774;20.6;119.1262576;119.1262576;119.1262576;517.4611013;762.6376553;630.8539601;199.307117;119.1262576;744
5775;20.5;125.2280653;125.2280653;125.2280653;254.8473654;516.6774996;549.2018642;333.3681275;125.2280653;519
5776;20.5;116.5104327;116.5104327;116.5104327;116.5104327;343.5937511;445.5903062;354.8163345;124.4459976;378
5777;20;90.53409391;90.53409391;90.53409391;90.53409391;284.1770757;485.2791815;455.1449686;211.4266503;311
5778;19.3;63.59189859;63.59189859;63.59189859;63.59189859;131.6144939;298.8857311;328.3250323;202.6872542;172
5779;17.9;28.30617277;28.30617277;28.30617277;28.30617277;38.16411137;224.1919623;295.4725744;210.2507318;72
5780;16.2;5.222177759;5.222177759;5.222177759;5.222177759;5.222177759;5.222177759;5.222177759;5.222177759;11
5781;14.6;0;0;0;0;0;0;0;0;0
5782;14.5;0;0;0;0;0;0;0;0;0
5783;14.4;0;0;0;0;0;0;0;0;0
5784;12.7;0;0;0;0;0;0;0;0;0
5785;12.3;0;0;0;0;0;0;0;0;0
5786;12.1;0;0;0;0;0;0;0;0;0
5787;11.9;0;0;0;0;0;0;0;0;0
5788;10.6;0;0;0;0;0;0;0;0;0
5789;10.9;0;0;0;0;0;0;0;0;0
5790;10.7;0;0;0;0;0;0;0;0;0
5791;12.3;64.107591;205.6303697;233.0883608;130.3970455;10.90959729;10.90959729;10.90959729;10.90959729;36
5792;14.4;60.85767094;214.6683239;274.4954255;205.2930708;54.22836587;54.22836587;54.22836587;54.22836587;139
5793;17.1;94.58404435;286.1610782;425.8344021;371.4657589;154.9035626;94.58404435;94.58404435;94.58404435;283
5794;18.2;121.0079811;259.9468814;466.8672638;471.1879691;270.3779867;121.0079811;121.0079811;121.0079811;397
5795;19.5;138.9560594;173.2841788;366.2832714;426.1171663;317.7359794;138.9560594;138.9560594;138.9560594;422
5796;19.9;137.5997468;137.5997468;210.1221237;263.6098279;243.2825356;161.0476989;137.5997468;137.5997468;347
5797;20.1;115.4908307;115.4908307;120.6337707;133.292105;135.5226941;126.0188894;115.4908307;115.4908307;244
5798;19.9;114.7877192;114.7877192;114.7877192;126.8794295;134.3489555;130.3597745;117.2486948;114.7877192;242
5799;19.3;62.68666327;62.68666327;62.68666327;63.25297672;64.39315604;64.53369503;63.59226787;62.68666327;128
5800;20.5;88.20290315;88.20290315;88.20290315;88.20290315;97.70310467;101.9405139;98.13061709;88.50520009;183
5801;19.4;92.73685723;92.73685723;92.73685723;92.73685723;197.9614084;306.3192095;289.5633653;157.5092221;253
5802;18.4;36.13834392;36.13834392;36.13834392;36.13834392;37.40719894;40.48517254;41.01683289;38.69074056;75
5803;17.7;18.08858294;18.08858294;18.08858294;18.08858294;18.76539618;30.57825256;35.07482987;29.6210941;36
5804;17;1.387466973;1.387466973;1.387466973;1.387466973;1.387466973;1.387466973;1.387466973;1.387466973;3
5805;16.6;0;0;0;0;0;0;0;0;0
5806;16.1;0;0;0;0;0;0;0;0;0
5807;16.3;0;0;0;0;0;0;0;0;0
5808;16.2;0;0;0;0;0;0;0;0;0
5809;15.6;0;0;0;0;0;0;0;0;0
5810;14.3;0;0;0;0;0;0;0;0;0
5811;14;0;0;0;0;0;0;0;0;0
5812;14;0;0;0;0;0;0;0;0;0
5813;14.2;0;0;0;0;0;0;0;0;0
5814;14.3;0;0;0;0;0;0;0;0;0
5815;14.6;15.57467592;38.24790315;42.76536089;26.48078366;7.254065935;7.254065935;7.254065935;7.254065935;17
5816;15.4;32.35211519;63.12646413;75.22769279;61.56706554;31.24945386;31.24945386;31.24945386;31.24945386;69
5817;15.9;43.37217181;46.39296193;48.62976247;47.78673771;44.35772012;43.37217181;43.37217181;43.37217181;89
5818;17.1;82.69401593;97.32638859;119.5262905;120.1503456;98.83299068;82.69401593;82.69401593;82.69401593;181
5819;18.4;122.3694445;136.6302059;220.7094459;247.1824469;200.5416838;122.3694445;122.3694445;122.3694445;300
5820;19.1;148.8484024;148.8484024;299.007625;411.3089136;369.8643943;198.9517044;148.8484024;148.8484024;456
5821;18.5;138.7705367;138.7705367;166.7366098;236.6321067;249.2016231;197.0821068;138.7705367;138.7705367;347
5822;17.6;117.4593592;117.4593592;117.4593592;131.9028688;140.8582287;136.1068482;120.4320215;117.4593592;250
5823;17.4;88.20491619;88.20491619;88.20491619;89.46735263;92.00104686;92.31101923;90.21569213;88.20491619;178
5824;17.8;110.0608786;110.0608786;110.0608786;110.0608786;192.2118534;228.602108;195.5525182;112.4230854;272
5825;17.3;88.60859894;88.60859894;88.60859894;88.60859894;167.0891015;247.2328696;234.4566913;136.2446785;222
5826;16.3;27.72005122;27.72005122;27.72005122;27.72005122;28.51744013;30.42591983;30.7493384;29.29824162;58
5827;15.5;7.924508408;7.924508408;7.924508408;7.924508408;8.003910811;9.29289574;9.780297929;9.180603786;17
5828;15;0;0;0;0;0;0;0;0;0
5829;13.8;0;0;0;0;0;0;0;0;0
5830;13.2;0;0;0;0;0;0;0;0;0
5831;13;0;0;0;0;0;0;0;0;0
5832;12.3;0;0;0;0;0;0;0;0;0
5833;10.8;0;0;0;0;0;0;0;0;0
5834;10.3;0;0;0;0;0;0;0;0;0
5835;9.8;0;0;0;0;0;0;0;0;0
5836;8.9;0;0;0;0;0;0;0;0;0
5837;8;0;0;0;0;0;0;0;0;0
5838;8.2;0;0;0;0;0;0;0;0;0
5839;9.9;53.5422756;176.8996374;202.1237175;114.4385919;9.375646733;9.375646733;9.375646733;9.375646733;31
5840;12.2;59.30241742;238.2650508;309.4025708;231.0435828;54.19606842;54.19606842;54.19606842;54.19606842;144
5841;16.2;90.48931699;398.9886832;631.0173713;546.412056;194.7333836;90.48931699;90.48931699;90.48931699;353
5842;15.2;116.4862185;198.5258344;325.3580006;329.8359096;209.3364631;116.4862185;116.4862185;116.4862185;322
5843;15.9;137.0000927;167.1534233;354.009007;413.7437118;311.3657579;137.0000927;137.0000927;137.0000927;408
5844;17.5;129.6939332;129.6939332;439.2710625;674.0529555;589.956716;236.2447806;129.6939332;129.6939332;619
5845;16.8;122.8489888;122.8489888;267.3588484;634.1833799;701.47516;429.8155766;122.8489888;122.8489888;686
5846;17.1;144.0974649;144.0974649;144.0974649;268.5088102;345.9376596;305.1312604;169.9934478;144.0974649;411
5847;17.7;110.5645471;110.5645471;110.5645471;285.2426346;634.7614179;677.2127837;387.7292976;110.5645471;589
5848;17.7;102.0305948;102.0305948;102.0305948;102.0305948;657.4165456;901.7643852;677.6390166;116.3300412;608
5849;17.6;76.09438999;76.09438999;76.09438999;76.09438999;386.2750638;700.4151827;648.8366485;261.753467;367
5850;17;49.95545088;49.95545088;49.95545088;49.95545088;234.4316983;670.1438032;742.5579825;409.2549921;239
5851;15.7;19.60059527;19.60059527;19.60059527;19.60059527;32.82131749;233.4082393;308.7495429;214.7113146;89
5852;13.6;2.811999127;2.811999127;2.811999127;2.811999127;2.811999127;2.811999127;2.811999127;2.811999127;6
5853;11.5;0;0;0;0;0;0;0;0;0
5854;11.1;0;0;0;0;0;0;0;0;0
5855;10.1;0;0;0;0;0;0;0;0;0
5856;9.4;0;0;0;0;0;0;0;0;0
5857;8.6;0;0;0;0;0;0;0;0;0
5858;8.6;0;0;0;0;0;0;0;0;0
5859;7.9;0;0;0;0;0;0;0;0;0
5860;7.7;0;0;0;0;0;0;0;0;0
5861;7.7;0;0;0;0;0;0;0;0;0
5862;7.7;0;0;0;0;0;0;0;0;0
5863;9.9;111.1372867;407.710284;469.9103099;261.301433;7.610595318;7.610595318;7.610595318;7.610595318;44
5864;13.4;60.42724526;281.045208;369.6869588;274.4273624;55.74772179;55.74772179;55.74772179;55.74772179;158
5865;16.1;94.60721418;333.0128502;515.1619407;450.9557761;178.0054569;94.60721418;94.60721418;94.60721418;314
5866;18.6;112.8171002;301.162046;597.9471656;610.5496724;331.5871888;112.8171002;112.8171002;112.8171002;447
5867;20.6;121.1070106;183.108981;587.9413846;719.3085432;500.2573571;121.1070106;121.1070106;121.1070106;567
5868;21.6;124.1810792;124.1810792;450.7206714;701.8539247;614.5942598;240.0572049;124.1810792;124.1810792;639
5869;22.3;128.4464909;128.4464909;253.3624885;575.4770557;635.7271808;398.8191576;128.4464909;128.4464909;633
5870;23.3;131.8179405;131.8179405;131.8179405;410.8852937;585.2301084;493.9722245;190.5692727;131.8179405;569
5871;23.5;124.6332058;124.6332058;124.6332058;250.6205792;501.984203;532.3007304;323.8111509;124.6332058;492
5872;24.8;113.5739412;113.5739412;113.5739412;113.5739412;349.5742484;452.7084651;357.1822771;118.9536298;369
5873;24.6;90.07543885;90.07543885;90.07543885;90.07543885;239.7220984;390.0401994;364.6430118;178.4078638;267
5874;23.8;57.85608818;57.85608818;57.85608818;57.85608818;166.371934;419.3420241;460.5585555;265.8774432;186
5875;22;22.68349144;22.68349144;22.68349144;22.68349144;30.00368296;134.245323;173.1355551;123.8930089;50
5876;19.9;2.816582576;2.816582576;2.816582576;2.816582576;2.816582576;2.816582576;2.816582576;2.816582576;6
5877;20.2;0;0;0;0;0;0;0;0;0
5878;17.2;0;0;0;0;0;0;0;0;0
5879;16;0;0;0;0;0;0;0;0;0
5880;14.2;0;0;0;0;0;0;0;0;0
5881;13.5;0;0;0;0;0;0;0;0;0
5882;13.1;0;0;0;0;0;0;0;0;0
5883;12.2;0;0;0;0;0;0;0;0;0
5884;12;0;0;0;0;0;0;0;0;0
5885;12.3;0;0;0;0;0;0;0;0;0
5886;12.2;0;0;0;0;0;0;0;0;0
5887;14.1;59.94809886;212.5056868;245.3037592;139.1296501;8.063405697;8.063405697;8.063405697;8.063405697;31
5888;16.2;42.64718542;181.091121;237.311856;178.3760463;40.72733769;40.72733769;40.72733769;40.72733769;106
5889;19.1;91.22472016;286.5134692;438.0968384;386.4872251;161.9168409;91.22472016;91.22472016;91.22472016;278
5890;22.4;116.9707027;275.7712023;530.8859527;543.5347633;306.3081324;116.9707027;116.9707027;116.9707027;414
5891;24.2;126.659974;177.5830901;528.870487;644.5484203;456.8543255;126.659974;126.659974;126.659974;525
5892;25.4;125.932354;125.932354;433.3995357;673.198275;592.4160599;238.3740166;125.932354;125.932354;617
5893;26.4;143.8487474;143.8487474;232.6488384;465.3094871;509.6627943;339.7271941;143.8487474;143.8487474;533
5894;26.9;119.5469963;119.5469963;119.5469963;468.5971899;687.5078484;573.7147426;193.8763306;119.5469963;639
5895;27.3;117.9160047;117.9160047;117.9160047;268.8979984;569.2957297;605.2813399;355.7749465;117.9160047;531
5896;27.7;94.66402523;94.66402523;94.66402523;94.66402523;534.3360681;725.2026082;546.7081979;103.4124421;483
5897;27.4;74.72882997;74.72882997;74.72882997;74.72882997;388.7194529;701.5653328;647.2188908;257.5155354;358
5898;26.2;53.55993727;53.55993727;53.55993727;53.55993727;192.8076837;513.2528446;564.416135;316.3267932;200
5899;23.9;22.05097937;22.05097937;22.05097937;22.05097937;33.24426032;183.4082527;239.0513428;167.578563;61
5900;20.6;1.391112426;1.391112426;1.391112426;1.391112426;1.391112426;1.391112426;1.391112426;1.391112426;3
5901;21.2;0;0;0;0;0;0;0;0;0
5902;22.1;0;0;0;0;0;0;0;0;0
5903;22;0;0;0;0;0;0;0;0;0
5904;22.3;0;0;0;0;0;0;0;0;0
5905;22;0;0;0;0;0;0;0;0;0
5906;18.9;0;0;0;0;0;0;0;0;0
5907;18.5;0;0;0;0;0;0;0;0;0
5908;18.5;0;0;0;0;0;0;0;0;0
5909;18.2;0;0;0;0;0;0;0;0;0
5910;17.7;0;0;0;0;0;0;0;0;0
5911;18;5.455952605;5.819397751;5.899448076;5.649211184;5.33561253;5.33561253;5.33561253;5.33561253;11
5912;18.3;14.93741354;15.52890729;15.7716581;15.52346582;14.93356584;14.93356584;14.93356584;14.93356584;31
5913;18.2;8.913097182;8.984253878;9.040370706;9.021932429;8.939739941;8.913097182;8.913097182;8.913097182;19
5914;18.6;34.74959922;35.11007641;35.70064536;35.73410438;35.19085363;34.74959922;34.74959922;34.74959922;72
5915;19.6;97.55462684;100.6180636;123.0122411;130.4936934;118.6798872;97.55462684;97.55462684;97.55462684;211
5916;20.3;132.0753145;132.0753145;199.0383764;252.0007904;234.7124871;157.3007201;132.0753145;132.0753145;328
5917;20.7;142.7096326;142.7096326;175.5503175;262.992754;279.9749693;216.5490121;142.7096326;142.7096326;372
5918;20.5;141.9671181;141.9671181;141.9671181;267.0301773;345.7721156;305.1278505;168.9062411;141.9671181;403
5919;20.6;95.49214141;95.49214141;95.49214141;98.94480505;105.7960809;106.6114488;100.9132772;95.49214141;197
5920;20.9;105.2810361;105.2810361;105.2810361;105.2810361;183.1398499;216.7176574;185.0174035;106.608667;256
5921;20.8;78.86358069;78.86358069;78.86358069;78.86358069;123.0457848;166.7138076;158.920359;104.2307354;183
5922;20.3;56.07936665;56.07936665;56.07936665;56.07936665;103.4904268;211.212586;228.0598093;144.1632218;139
5923;17.9;12.79767979;12.79767979;12.79767979;12.79767979;13.38309324;20.80637049;23.53826534;19.97847084;25
5924;17;2.82826517;2.82826517;2.82826517;2.82826517;2.82826517;2.82826517;2.82826517;2.82826517;6
5925;16.3;0;0;0;0;0;0;0;0;0
5926;16.2;0;0;0;0;0;0;0;0;0
5927;16.3;0;0;0;0;0;0;0;0;0
5928;16.4;0;0;0;0;0;0;0;0;0
5929;14.7;0;0;0;0;0;0;0;0;0
5930;14.1;0;0;0;0;0;0;0;0;0
5931;13.4;0;0;0;0;0;0;0;0;0
5932;12.8;0;0;0;0;0;0;0;0;0
5933;12.4;0;0;0;0;0;0;0;0;0
5934;12.2;0;0;0;0;0;0;0;0;0
5935;12.8;22.25366437;39.49234928;43.38010742;31.6395428;16.70089166;16.70089166;16.70089166;16.70089166;39
5936;13.8;53.05278024;289.3417791;387.4223226;289.6337231;53.25921581;53.05278024;53.05278024;53.05278024;153
5937;14.4;39.65577632;41.44441753;42.87773089;42.42366696;40.34821024;39.65577632;39.65577632;39.65577632;81
5938;15.7;95.26955535;129.0870367;185.601185;189.2002897;137.7760442;95.26955535;95.26955535;95.26955535;228
5939;16.7;134.6711363;161.3099094;368.3541201;438.5100081;330.6812059;134.6711363;134.6711363;134.6711363;414
5940;16;145.8422245;145.8422245;311.7386992;444.8013142;402.737749;210.1882696;145.8422245;145.8422245;469
5941;17.9;124.6140753;124.6140753;253.2365106;601.3397019;670.1834867;419.4401095;124.6140753;124.6140753;639
5942;13.2;116.4268638;116.4268638;116.4268638;133.2621502;143.9038688;138.4499305;120.0951785;116.4268638;250
5943;17.5;123.8487694;123.8487694;123.8487694;246.8018658;490.1616262;518.9402831;316.2796897;123.8487694;472
5944;18.1;92.27234458;92.27234458;92.27234458;92.27234458;548.9086655;744.5632765;558.1147061;98.78199827;481
5945;18.2;75.897169;75.897169;75.897169;75.897169;368.7887159;655.9706793;603.3534475;241.7594813;336
5946;17.4;47.15488843;47.15488843;47.15488843;47.15488843;63.64134711;100.6310237;106.2951056;77.31565029;103
5947;16.8;14.46578539;14.46578539;14.46578539;14.46578539;23.21619671;128.4042846;166.8487449;116.0293342;81
5948;16.2;0;0;0;0;0;0;0;0;0
5949;15.8;0;0;0;0;0;0;0;0;0
5950;15.8;0;0;0;0;0;0;0;0;0
5951;15.3;0;0;0;0;0;0;0;0;0
5952;15.2;0;0;0;0;0;0;0;0;0
5953;14.7;0;0;0;0;0;0;0;0;0
5954;14.4;0;0;0;0;0;0;0;0;0
5955;14.8;0;0;0;0;0;0;0;0;0
5956;14.4;0;0;0;0;0;0;0;0;0
5957;14.2;0;0;0;0;0;0;0;0;0
5958;14;0;0;0;0;0;0;0;0;0
5959;13.9;10.11991564;14.3224889;15.29243844;12.46158098;8.804055033;8.804055033;8.804055033;8.804055033;19
5960;14.4;38.74857251;194.3574199;260.1093206;196.1910973;40.04517824;38.74857251;38.74857251;38.74857251;103
5961;15.1;69.98311777;146.5198609;208.8451751;189.8269794;100.6058749;69.98311777;69.98311777;69.98311777;175
5962;15.6;102.4691832;152.0701329;236.6454199;242.6220871;166.499084;102.4691832;102.4691832;102.4691832;253
5963;16.6;118.1919423;128.6249711;215.1608099;244.8936012;200.4062791;118.1919423;118.1919423;118.1919423;289
5964;16.3;83.57253868;83.57253868;85.81378931;87.63682576;87.07905797;84.46721873;83.57253868;83.57253868;169
5965;15.1;47.09929605;47.09929605;47.3095952;47.88820802;48.0046869;47.59080011;47.09929605;47.09929605;97
5966;15.6;61.1875254;61.1875254;61.1875254;62.18874939;62.82415359;62.50084319;61.40820904;61.1875254;125
5967;15.3;30.71905144;30.71905144;30.71905144;30.88456012;31.21134762;31.24975468;30.97728298;30.71905144;64
5968;15.8;25.29957779;25.29957779;25.29957779;25.29957779;25.71455792;25.89122354;25.72131111;25.30435301;53
5969;15.6;25.26334423;25.26334423;25.26334423;25.26334423;25.82705272;26.37541768;26.27234509;25.57821348;53
5970;15.4;11.74217351;11.74217351;11.74217351;11.74217351;11.94528068;12.39534202;12.46278611;12.10810511;25
5971;15.6;2.770997136;2.770997136;2.770997136;2.770997136;2.799483556;3.124967982;3.243101086;3.0846821;6
5972;15.9;0;0;0;0;0;0;0;0;0
5973;15.8;0;0;0;0;0;0;0;0;0
5974;15.7;0;0;0;0;0;0;0;0;0
5975;15.7;0;0;0;0;0;0;0;0;0
5976;15.2;0;0;0;0;0;0;0;0;0
5977;14.8;0;0;0;0;0;0;0;0;0
5978;14.5;0;0;0;0;0;0;0;0;0
5979;14.5;0;0;0;0;0;0;0;0;0
5980;14.4;0;0;0;0;0;0;0;0;0
5981;13.9;0;0;0;0;0;0;0;0;0
5982;14.2;0;0;0;0;0;0;0;0;0
5983;14.2;3.958104533;4.213346209;4.273601952;4.103574765;3.880484401;3.880484401;3.880484401;3.880484401;8
5984;14.8;26.28378168;56.7700122;69.88296426;57.45610647;26.7689236;26.28378168;26.28378168;26.28378168;58
5985;15.3;56.93603824;87.94884828;113.6141655;106.0782045;69.75542895;56.93603824;56.93603824;56.93603824;128
5986;16.6;107.1056631;168.1459823;274.3700231;282.6128703;188.0459758;107.1056631;107.1056631;107.1056631;278
5987;16.7;125.4884885;138.2625212;251.8075189;291.3565417;233.7423085;125.4884885;125.4884885;125.4884885;325
5988;16.7;140.9337835;140.9337835;263.3859137;364.3936038;334.5015618;191.2201406;140.9337835;140.9337835;400
5989;15.2;79.70067856;79.70067856;80.28268781;81.91091457;82.24441506;81.08782921;79.70067856;79.70067856;161
5990;15.9;73.96629958;73.96629958;73.96629958;75.43447971;76.36996355;75.89741364;74.2936433;73.96629958;150
5991;15.1;72.40986787;72.40986787;72.40986787;73.30323591;75.06298346;75.26857188;73.79957026;72.40986787;147
5992;15.2;64.25280125;64.25280125;64.25280125;64.25280125;66.85264308;67.9524216;66.8850127;64.27569003;131
5993;15.4;67.98952021;67.98952021;67.98952021;67.98952021;79.04044302;89.70659724;87.65118227;74.07823233;144
5994;15.9;54.40695115;54.40695115;54.40695115;54.40695115;132.3875516;303.0702462;328.089355;192.7890234;147
5995;15.6;14.10356645;14.10356645;14.10356645;14.10356645;16.98098196;48.30558044;59.59510298;44.2363004;28
5996;15.1;0;0;0;0;0;0;0;0;0
5997;14.6;0;0;0;0;0;0;0;0;0
5998;13.8;0;0;0;0;0;0;0;0;0
5999;13.7;0;0;0;0;0;0;0;0;0
6000;12.9;0;0;0;0;0;0;0;0;0
6001;12.9;0;0;0;0;0;0;0;0;0
6002;13;0;0;0;0;0;0;0;0;0
6003;12.9;0;0;0;0;0;0;0;0;0
6004;12.6;0;0;0;0;0;0;0;0;0
6005;12.9;0;0;0;0;0;0;0;0;0
6006;13.1;0;0;0;0;0;0;0;0;0
6007;13.4;3.963284972;4.246690446;4.315089249;4.128414289;3.879651099;3.879651099;3.879651099;3.879651099;8
6008;13.8;16.02198667;16.78955643;17.12562169;16.81519252;16.04011413;16.02198667;16.02198667;16.02198667;33
6009;13.4;14.68485915;14.88691141;15.05685826;15.00889308;14.77111321;14.68485915;14.68485915;14.68485915;31
6010;14.5;56.04074908;57.19439998;59.24390271;59.41704149;57.61239397;56.04074908;56.04074908;56.04074908;114
6011;15;70.21228377;70.43228115;72.53788291;73.28118023;72.22675963;70.21228377;70.21228377;70.21228377;142
6012;14.6;43.10053043;43.10053043;43.57749882;43.97648287;43.86234586;43.3019477;43.10053043;43.10053043;89
6013;14.6;52.61383468;52.61383468;52.87692868;53.62544755;53.78137732;53.25337645;52.61383468;52.61383468;108
6014;14.6;48.57927151;48.57927151;48.57927151;49.24387046;49.66904033;49.4558384;48.72915548;48.57927151;100
6015;15.1;39.08524028;39.08524028;39.08524028;39.36280899;39.90831878;39.97168036;39.51577736;39.08524028;81
6016;15.9;73.83892646;73.83892646;73.83892646;73.83892646;77.77456262;79.42893657;77.80875842;73.86310655;150
6017;16.5;69.08349888;69.08349888;69.08349888;69.08349888;100.849611;131.2721687;125.265447;86.3481021;153
6018;16.1;40.73404182;40.73404182;40.73404182;40.73404182;52.44928278;77.78139024;81.41166344;61.21353758;86
6019;15;5.093521696;5.093521696;5.093521696;5.093521696;5.237426053;6.733270071;7.268571729;6.529758577;11
6020;15;0;0;0;0;0;0;0;0;0
6021;14.9;0;0;0;0;0;0;0;0;0
6022;14.5;0;0;0;0;0;0;0;0;0
6023;15.1;0;0;0;0;0;0;0;0;0
6024;15.5;0;0;0;0;0;0;0;0;0
6025;15.6;0;0;0;0;0;0;0;0;0
6026;15.6;0;0;0;0;0;0;0;0;0
6027;15.7;0;0;0;0;0;0;0;0;0
6028;15.8;0;0;0;0;0;0;0;0;0
6029;16.1;0;0;0;0;0;0;0;0;0
6030;16.2;0;0;0;0;0;0;0;0;0
6031;16.4;9.036154029;13.07607568;14.07238202;11.44145031;7.880299345;7.880299345;7.880299345;7.880299345;17
6032;16.6;20.85868013;31.60677282;36.39672078;32.08469525;21.19662232;20.85868013;20.85868013;20.85868013;44
6033;17.3;58.96091652;99.55169159;134.2534909;124.8499213;76.84946633;58.96091652;58.96091652;58.96091652;136
6034;17.3;67.16833196;73.69522053;85.53556983;86.6166403;76.30515551;67.16833196;67.16833196;67.16833196;142
6035;17.2;40.13948481;40.2073818;40.91093222;41.16257921;40.81491137;40.13948481;40.13948481;40.13948481;83
6036;18.1;52.63939644;52.63939644;53.34950306;53.95186783;53.78540465;52.94762541;52.63939644;52.63939644;108
6037;18.7;79.70954928;79.70954928;80.29690904;81.99660845;82.35657962;81.16595631;79.70954928;79.70954928;161
6038;18.7;68.32304224;68.32304224;68.32304224;69.63111098;70.47131404;70.05308861;68.62142548;68.32304224;139
6039;19.5;108.5711365;108.5711365;108.5711365;133.1950811;181.4826486;187.0596412;146.6591322;108.5711365;253
6040;19.1;40.04376426;40.04376426;40.04376426;40.04376426;41.14224457;41.60112193;41.14772029;40.04763618;83
6041;18.9;20.88978219;20.88978219;20.88978219;20.88978219;21.32011792;21.72908491;21.64639975;21.12049828;44
6042;18.6;7.945251086;7.945251086;7.945251086;7.945251086;8.056740081;8.29493232;8.328286034;8.137263071;17
6043;18.2;2.767851257;2.767851257;2.767851257;2.767851257;2.821345844;3.353338348;3.542360455;3.277685578;6
6044;17.7;0;0;0;0;0;0;0;0;0
6045;17.7;0;0;0;0;0;0;0;0;0
6046;17.7;0;0;0;0;0;0;0;0;0
6047;17.9;0;0;0;0;0;0;0;0;0
6048;17.7;0;0;0;0;0;0;0;0;0
6049;16.7;0;0;0;0;0;0;0;0;0
6050;16.1;0;0;0;0;0;0;0;0;0
6051;16;0;0;0;0;0;0;0;0;0
6052;16.1;0;0;0;0;0;0;0;0;0
6053;16.7;0;0;0;0;0;0;0;0;0
6054;17.1;0;0;0;0;0;0;0;0;0
6055;17.6;4.176318535;5.755044564;6.152692127;5.136324675;3.738817506;3.738817506;3.738817506;3.738817506;8
6056;18.6;29.15489866;99.83625146;131.8975281;103.7735659;31.93900042;29.15489866;29.15489866;29.15489866;69
6057;19.8;60.95923757;110.9610606;154.4136343;143.1218899;83.70037801;60.95923757;60.95923757;60.95923757;144
6058;21.5;109.3033841;185.6397598;327.0858292;340.9578959;219.1298914;109.3033841;109.3033841;109.3033841;306
6059;22.5;130.6699218;152.0494059;393.4134018;480.8658306;363.1782455;130.6699218;130.6699218;130.6699218;425
6060;23.3;141.8782717;141.8782717;307.5403146;450.0416229;412.0250195;215.760115;141.8782717;141.8782717;458
6061;24;141.2269049;141.2269049;186.5403598;319.9346982;348.644435;255.8517958;141.2269049;141.2269049;397
6062;24.7;140.2352327;140.2352327;140.2352327;296.6878344;397.5874621;347.7336441;176.3300708;140.2352327;428
6063;24.9;128.3320323;128.3320323;128.3320323;206.7601856;360.2309453;377.8584669;249.3167873;128.3320323;386
6064;24.7;91.95987881;91.95987881;91.95987881;91.95987881;148.4522946;171.9055719;148.5277464;92.0132313;211
6065;24.5;71.09922568;71.09922568;71.09922568;71.09922568;110.1778211;147.032655;139.4067159;91.76717543;161
6066;24;43.90217329;43.90217329;43.90217329;43.90217329;63.68278525;105.4433887;111.1539829;77.46937903;97
6067;23.4;11.11658536;11.11658536;11.11658536;11.11658536;14.43044409;46.01628162;57.1583504;41.32977766;22
6068;23.1;0;0;0;0;0;0;0;0;0
6069;22.3;0;0;0;0;0;0;0;0;0
6070;19;0;0;0;0;0;0;0;0;0
6071;19;0;0;0;0;0;0;0;0;0
6072;18.8;0;0;0;0;0;0;0;0;0
6073;18.3;0;0;0;0;0;0;0;0;0
6074;18;0;0;0;0;0;0;0;0;0
6075;17.7;0;0;0;0;0;0;0;0;0
6076;17.3;0;0;0;0;0;0;0;0;0
6077;16.8;0;0;0;0;0;0;0;0;0
6078;16.2;0;0;0;0;0;0;0;0;0
6079;16.7;11.86624467;18.32311214;19.98339606;15.87452461;10.13483182;10.13483182;10.13483182;10.13483182;22
6080;17.7;43.20782177;224.1184589;307.6398953;236.2606093;51.79361862;43.20782177;43.20782177;43.20782177;114
6081;18.1;54.1523068;84.90845367;112.0787794;105.3165631;68.58301935;54.1523068;54.1523068;54.1523068;122
6082;19.4;109.9610502;205.7334769;387.0420647;406.0403521;251.5994;109.9610502;109.9610502;109.9610502;325
6083;19.3;129.6531768;146.898878;360.6015064;439.0177356;336.2124019;129.6531768;129.6531768;129.6531768;397
6084;19;121.4734964;121.4734964;177.0711026;225.5663428;213.0854054;146.9394541;121.4734964;121.4734964;292
6085;18.9;101.2166718;101.2166718;104.4940263;114.3101229;116.4562534;109.6752437;101.2166718;101.2166718;211
6086;18.7;90.02224635;90.02224635;90.02224635;93.84633544;96.32254476;95.10812472;90.9144661;90.02224635;183
6087;18.9;96.60368681;96.60368681;96.60368681;102.2979225;113.4175982;114.6879127;105.3647329;96.60368681;203
6088;19.2;104.6962534;104.6962534;104.6962534;104.8681909;212.1922126;256.5465593;211.9490563;104.6962534;269
6089;17.1;48.65110831;48.65110831;48.65110831;48.65110831;51.03642393;53.26896851;52.79643321;49.8956228;100
6090;17.4;35.91160257;35.91160257;35.91160257;35.91160257;39.44280479;46.81055011;47.79383978;41.81667605;75
6091;15.1;8.899519107;8.899519107;8.899519107;8.899519107;10.89651051;29.16956243;35.56869789;26.34539011;17
6092;15.2;0;0;0;0;0;0;0;0;0
6093;15.3;0;0;0;0;0;0;0;0;0
6094;15;0;0;0;0;0;0;0;0;0
6095;15;0;0;0;0;0;0;0;0;0
6096;14.9;0;0;0;0;0;0;0;0;0
6097;14.9;0;0;0;0;0;0;0;0;0
6098;14.4;0;0;0;0;0;0;0;0;0
6099;14.4;0;0;0;0;0;0;0;0;0
6100;14.3;0;0;0;0;0;0;0;0;0
6101;14.6;0;0;0;0;0;0;0;0;0
6102;14.8;0;0;0;0;0;0;0;0;0
6103;15.1;1.473000006;1.537800833;1.554803321;1.514047644;1.456203965;1.456203965;1.456203965;1.456203965;3
6104;15.6;24.69492979;68.80760541;89.53453088;72.27929741;27.14978675;24.69492979;24.69492979;24.69492979;56
6105;16.3;49.23287963;70.08315626;88.80871047;84.35127972;59.32196648;49.23287963;49.23287963;49.23287963;108
6106;16.5;52.13269322;52.94131185;54.50575006;54.68008376;53.36219063;52.13269322;52.13269322;52.13269322;106
6107;17.3;61.48625569;61.61033355;63.31296059;63.94552867;63.137488;61.48625569;61.48625569;61.48625569;125
6108;17.8;51.63210541;51.63210541;52.33973249;52.9655959;52.81031866;51.96486008;51.63210541;51.63210541;106
6109;18.3;55.63591449;55.63591449;55.93450689;56.84454339;57.04658148;56.42226998;55.63591449;55.63591449;114
6110;18.7;58.13975788;58.13975788;58.13975788;59.15437634;59.81402316;59.49290809;58.37913598;58.13975788;119
6111;17.8;52.56349532;52.56349532;52.56349532;53.10552486;54.1618717;54.28191133;53.39532617;52.56349532;108
6112;20.3;100.3571655;100.3571655;100.3571655;100.7201193;188.6857125;224.9096409;188.1724183;100.3571655;247
6113;20.8;75.72297979;75.72297979;75.72297979;75.72297979;136.8768162;193.6835015;181.3905131;107.1989167;183
6114;20.1;43.85937389;43.85937389;43.85937389;43.85937389;188.3265098;486.2585496;525.0391522;281.9511666;167
6115;19.1;10.3078249;10.3078249;10.3078249;10.3078249;13.19810356;38.62577859;47.4651804;34.53830731;28
6116;17.1;0;0;0;0;0;0;0;0;0
6117;16.7;0;0;0;0;0;0;0;0;0
6118;16.3;0;0;0;0;0;0;0;0;0
6119;15.6;0;0;0;0;0;0;0;0;0
6120;15.8;0;0;0;0;0;0;0;0;0
6121;15.7;0;0;0;0;0;0;0;0;0
6122;15.3;0;0;0;0;0;0;0;0;0
6123;15.1;0;0;0;0;0;0;0;0;0
6124;14.4;0;0;0;0;0;0;0;0;0
6125;14.4;0;0;0;0;0;0;0;0;0
6126;13.9;0;0;0;0;0;0;0;0;0
6127;14.1;10.41524388;18.97194439;21.26184811;15.9435605;8.273853092;8.273853092;8.273853092;8.273853092;19
6128;15.3;45.53896773;303.7263222;427.1851873;327.080873;62.05312892;45.53896773;45.53896773;45.53896773;136
6129;16.2;77.68651547;201.5882631;314.7202372;289.0010719;139.4967054;77.68651547;77.68651547;77.68651547;211
6130;16.7;94.32880827;294.7858036;691.2388048;738.0300255;407.7498033;94.32880827;94.32880827;94.32880827;450
6131;17.1;128.0973945;143.4550414;379.3452507;468.0578734;357.6262581;128.0973945;128.0973945;128.0973945;408
6132;17.2;130.9134595;130.9134595;207.483203;276.1500126;259.7392191;167.8640428;130.9134595;130.9134595;336
6133;17.2;136.467042;136.467042;167.143848;262.2942884;283.7368344;218.9107334;136.467042;136.467042;356
6134;17.5;137.972937;137.972937;137.972937;303.153016;410.9756301;358.8769691;177.375722;137.972937;428
6135;18.4;100.1546291;100.1546291;100.1546291;308.3569633;713.3212531;759.1008504;418.8786882;100.1546291;575
6136;18.5;84.16108154;84.16108154;84.16108154;87.64905511;613.7026492;829.5579748;608.7699096;84.16108154;478
6137;18.2;66.71234309;66.71234309;66.71234309;66.71234309;414.8515168;735.8266016;664.8436286;243.4834605;322
6138;17.2;47.33579516;47.33579516;47.33579516;47.33579516;148.440487;354.5530089;380.7018536;211.5693824;136
6139;16.3;6.749008146;6.749008146;6.749008146;6.749008146;9.905922532;36.6461744;45.87307175;32.18162326;33
6140;14;0;0;0;0;0;0;0;0;0
6141;13.6;0;0;0;0;0;0;0;0;0
6142;14;0;0;0;0;0;0;0;0;0
6143;12.2;0;0;0;0;0;0;0;0;0
6144;12.2;0;0;0;0;0;0;0;0;0
6145;12.7;0;0;0;0;0;0;0;0;0
6146;13.1;0;0;0;0;0;0;0;0;0
6147;12.8;0;0;0;0;0;0;0;0;0
6148;12;0;0;0;0;0;0;0;0;0
6149;11.6;0;0;0;0;0;0;0;0;0
6150;11.7;0;0;0;0;0;0;0;0;0
6151;12.2;12.3318331;23.9956566;27.17797097;20.01461963;9.516814863;9.516814863;9.516814863;9.516814863;22
6152;13.8;45.20138126;331.9840453;471.5349665;361.3454556;65.96303363;45.20138126;45.20138126;45.20138126;142
6153;15.3;82.20882662;315.1920395;531.4844157;484.5972451;201.9963963;82.20882662;82.20882662;82.20882662;281
6154;16.3;96.53200552;289.9736447;681.1712059;729.8950527;407.6034163;96.53200552;96.53200552;96.53200552;439
6155;15.6;121.3525747;128.5870872;254.6363157;302.6097364;244.4051701;121.3525747;121.3525747;121.3525747;319
6156;16.7;135.5331939;135.5331939;332.9590209;512.468857;471.1748938;233.2665748;135.5331939;135.5331939;472
6157;16.3;137.7010174;137.7010174;211.9343479;446.2883692;499.876105;341.3065864;137.7010174;137.7010174;481
6158;16.1;103.6471059;103.6471059;103.6471059;116.3692808;124.7070232;120.7081517;106.715151;103.6471059;219
6159;16.2;105.9580336;105.9580336;105.9580336;118.1042129;141.6837808;144.3356905;124.5064894;105.9580336;233
6160;15.8;86.12476426;86.12476426;86.12476426;86.32979126;108.8181949;118.0130947;108.528243;86.12476426;186
6161;15.8;45.64846223;45.64846223;45.64846223;45.64846223;48.0005243;50.15295732;49.66671822;46.82663925;94
6162;16;44.08696069;44.08696069;44.08696069;44.08696069;85.80625984;169.8879502;180.2771271;110.8879515;103
6163;14.8;6.341589587;6.341589587;6.341589587;6.341589587;8.922827677;30.00055743;37.2191847;26.35013552;36
6164;13.3;0;0;0;0;0;0;0;0;0
6165;12.9;0;0;0;0;0;0;0;0;0
6166;13.1;0;0;0;0;0;0;0;0;0
6167;13.2;0;0;0;0;0;0;0;0;0
6168;13.9;0;0;0;0;0;0;0;0;0
6169;13.5;0;0;0;0;0;0;0;0;0
6170;12.9;0;0;0;0;0;0;0;0;0
6171;12.4;0;0;0;0;0;0;0;0;0
6172;12.4;0;0;0;0;0;0;0;0;0
6173;11.5;0;0;0;0;0;0;0;0;0
6174;10.9;0;0;0;0;0;0;0;0;0
6175;10.6;15.06232557;41.92470412;49.39357166;33.0937669;8.81790998;8.81790998;8.81790998;8.81790998;25
6176;14.2;43.02890664;298.8787653;425.5659471;328.1681186;63.73960697;43.02890664;43.02890664;43.02890664;128
6177;15.6;81.09721551;313.5611654;532.9946226;487.7127076;204.240952;81.09721551;81.09721551;81.09721551;278
6178;16.7;101.889909;258.8228295;583.4288981;625.9559577;361.4922336;101.889909;101.889909;101.889909;400
6179;17.2;118.1778961;136.5572325;506.0294425;648.3034767;480.0371356;118.1778961;118.1778961;118.1778961;478
6180;17.4;125.8616809;125.8616809;388.6722245;630.9420275;577.3426135;259.2717923;125.8616809;125.8616809;533
6181;17.5;121.7800093;121.7800093;141.7697411;206.0091541;220.9082764;177.7394042;121.7800093;121.7800093;292
6182;18.4;123.1116722;123.1116722;123.1116722;419.911298;615.1987014;522.228197;195.4606453;123.1116722;525
6183;17.3;99.58334436;99.58334436;99.58334436;108.3817035;125.4298501;127.3374641;112.9870912;99.58334436;214
6184;17.7;94.35626711;94.35626711;94.35626711;95.22419924;170.1255669;200.6423063;168.8981255;94.35626711;225
6185;17.2;77.83416496;77.83416496;77.83416496;77.83416496;228.1593585;364.709873;333.2124885;152.1179455;219
6186;16.4;44.62994567;44.62994567;44.62994567;44.62994567;157.1587564;381.3938793;408.3572572;222.254109;133
6187;14.3;5.819410752;5.819410752;5.819410752;5.819410752;8.470777853;29.36731655;36.4698114;25.61771724;33
6188;12.8;0;0;0;0;0;0;0;0;0
6189;11.7;0;0;0;0;0;0;0;0;0
6190;11.1;0;0;0;0;0;0;0;0;0
6191;10.3;0;0;0;0;0;0;0;0;0
6192;9.9;0;0;0;0;0;0;0;0;0
6193;9;0;0;0;0;0;0;0;0;0
6194;9.1;0;0;0;0;0;0;0;0;0
6195;7.9;0;0;0;0;0;0;0;0;0
6196;7.8;0;0;0;0;0;0;0;0;0
6197;7.9;0;0;0;0;0;0;0;0;0
6198;8.4;0;0;0;0;0;0;0;0;0
6199;9.1;10.75703741;22.11021205;25.32577555;18.52009443;8.218440892;8.218440892;8.218440892;8.218440892;19
6200;11.3;41.53065814;290.3228116;415.6731651;321.8559122;63.82792744;41.53065814;41.53065814;41.53065814;122
6201;12.4;78.39640313;265.3768048;444.8478497;409.6566072;180.4176298;78.39640313;78.39640313;78.39640313;244
6202;14.3;107.2591052;220.1028384;458.9048857;491.717604;299.3197477;107.2591052;107.2591052;107.2591052;347
6203;15.6;123.6969893;136.3776247;437.1578826;554.3170004;419.2247559;123.6969893;123.6969893;123.6969893;433
6204;16.8;125.2758103;125.2758103;385.9005941;629.468244;577.6868043;260.8891401;125.2758103;125.2758103;528
6205;17.5;139.8783674;139.8783674;194.3818705;372.6954524;414.6279434;295.6158591;139.8783674;139.8783674;431
6206;18.5;120.4898542;120.4898542;120.4898542;432.6026858;638.7760387;541.3443739;197.3818392;120.4898542;533
6207;18.9;103.5070498;103.5070498;103.5070498;286.3313021;639.9211468;679.2868885;381.3686096;103.5070498;508
6208;18.2;96.39787516;96.39787516;96.39787516;97.62301567;184.8566449;220.2723265;183.1240345;96.39787516;236
6209;18.6;74.30354231;74.30354231;74.30354231;74.30354231;165.4997371;247.7307667;228.3704803;118.7598712;186
6210;16.9;40.76233866;40.76233866;40.76233866;40.76233866;76.28337567;146.2744795;154.4580022;96.04014721;92
6211;16.3;4.930390614;4.930390614;4.930390614;4.930390614;6.829815304;21.29464619;26.1735181;18.60845403;11
6212;15.5;0;0;0;0;0;0;0;0;0
6213;15.7;0;0;0;0;0;0;0;0;0
6214;16.1;0;0;0;0;0;0;0;0;0
6215;15.1;0;0;0;0;0;0;0;0;0
6216;15.3;0;0;0;0;0;0;0;0;0
6217;15.7;0;0;0;0;0;0;0;0;0
6218;15.6;0;0;0;0;0;0;0;0;0
6219;15.4;0;0;0;0;0;0;0;0;0
6220;15.2;0;0;0;0;0;0;0;0;0
6221;14.5;0;0;0;0;0;0;0;0;0
6222;14.6;0;0;0;0;0;0;0;0;0
6223;14.7;3.132528833;4.66966119;5.112969737;4.20277034;2.802387147;2.802387147;2.802387147;2.802387147;6
6224;14.5;22.61656476;85.55057037;117.8123194;94.30968641;28.81019511;22.61656476;22.61656476;22.61656476;53
6225;14.5;31.27185085;32.2889833;33.28174657;33.09714019;31.84330407;31.27185085;31.27185085;31.27185085;64
6226;15.7;66.04885915;74.22681691;91.93793738;94.48358694;80.3725586;66.04885915;66.04885915;66.04885915;142
6227;16.4;98.14115518;99.5884903;141.3710132;157.8300716;139.3241723;98.14115518;98.14115518;98.14115518;222
6228;16.8;114.5659318;114.5659318;144.9187978;173.6744834;167.8051812;130.7490487;114.5659318;114.5659318;261
6229;16.3;74.05901582;74.05901582;74.58847663;76.35207338;76.77242811;75.60330273;74.05901582;74.05901582;150
6230;16.4;70.91519984;70.91519984;70.91519984;72.55443165;73.64149542;73.13153223;71.32327158;70.91519984;144
6231;16.9;90.26756473;90.26756473;90.26756473;95.55523143;105.7629479;106.8936791;98.28505796;90.26756473;189
6232;15.9;32.1322278;32.1322278;32.1322278;32.14665141;33.02139041;33.37527001;33.00099234;32.1322278;67
6233;15.8;20.88836977;20.88836977;20.88836977;20.88836977;21.46635678;21.98371308;21.85943212;21.16631601;44
6234;15;8.886746752;8.886746752;8.886746752;8.886746752;9.12049133;9.575956943;9.627692573;9.24539219;19
6235;15;3.196297393;3.196297393;3.196297393;3.196297393;8.297681979;45.87365092;58.44980497;38.65920365;6
6236;14.9;0;0;0;0;0;0;0;0;0
6237;14.7;0;0;0;0;0;0;0;0;0
6238;14.2;0;0;0;0;0;0;0;0;0
6239;13.8;0;0;0;0;0;0;0;0;0
6240;13.6;0;0;0;0;0;0;0;0;0
6241;12;0;0;0;0;0;0;0;0;0
6242;11.5;0;0;0;0;0;0;0;0;0
6243;11.4;0;0;0;0;0;0;0;0;0
6244;11.3;0;0;0;0;0;0;0;0;0
6245;11.7;0;0;0;0;0;0;0;0;0
6246;11.9;0;0;0;0;0;0;0;0;0
6247;11.9;1.541696631;2.197623727;2.390170022;2.006544508;1.40658322;1.40658322;1.40658322;1.40658322;3
6248;12.3;20.53692639;69.07210435;94.38510534;76.43884466;25.74599842;20.53692639;20.53692639;20.53692639;47
6249;12.6;66.5831922;147.5356989;227.8856445;213.7468012;113.4015117;66.5831922;66.5831922;66.5831922;164
6250;13.8;105.3786784;213.4542318;453.0574962;488.9952245;300.2155828;105.3786784;105.3786784;105.3786784;339
6251;13.8;120.410944;124.4061405;271.3475355;329.8723223;265.6974744;120.410944;120.410944;120.410944;328
6252;14.8;133.1476299;133.1476299;312.3855516;484.5107082;450.8121388;231.0300084;133.1476299;133.1476299;442
6253;16;112.6030334;112.6030334;235.5946391;652.7348304;753.4731406;478.7984337;112.6030334;112.6030334;611
6254;14.2;106.1396092;106.1396092;106.1396092;527.8482276;808.5867998;677.8413346;212.2007523;106.1396092;631
6255;13.3;92.98228823;92.98228823;92.98228823;99.85939591;113.1111658;114.5717122;103.3854668;92.98228823;197
6256;14.1;89.0872786;89.0872786;89.0872786;90.34693812;156.9121136;183.7464206;155.130686;89.0872786;208
6257;14.9;71.79837807;71.79837807;71.79837807;71.79837807;302.5491695;507.5903936;457.3505654;181.2594949;244
6258;14;39.5904845;39.5904845;39.5904845;39.5904845;82.47425119;165.1163081;174.22704;104.4695037;92
6259;12.8;3.862053131;3.862053131;3.862053131;3.862053131;4.664672819;10.38836077;12.28902622;9.253285121;22
6260;12;0;0;0;0;0;0;0;0;0
6261;10.4;0;0;0;0;0;0;0;0;0
6262;8.7;0;0;0;0;0;0;0;0;0
6263;8.9;0;0;0;0;0;0;0;0;0
6264;9.2;0;0;0;0;0;0;0;0;0
6265;7.6;0;0;0;0;0;0;0;0;0
6266;7.7;0;0;0;0;0;0;0;0;0
6267;7.7;0;0;0;0;0;0;0;0;0
6268;8;0;0;0;0;0;0;0;0;0
6269;7.1;0;0;0;0;0;0;0;0;0
6270;8;0;0;0;0;0;0;0;0;0
6271;8.2;6.091112386;12.61539224;14.56402753;10.79553414;4.804278386;4.804278386;4.804278386;4.804278386;11
6272;10.1;38.92731657;325.5624789;477.6418679;372.7282227;72.27853382;38.92731657;38.92731657;38.92731657;122
6273;13.5;74.75784822;239.145228;405.0758025;377.5105993;172.5969405;74.75784822;74.75784822;74.75784822;222
6274;15.1;102.2969154;228.9768982;516.5590005;561.4719917;337.4064507;102.2969154;102.2969154;102.2969154;361
6275;15.4;116.744333;119.2901966;247.8077088;299.550073;244.207314;116.744333;116.744333;116.744333;306
6276;16.5;116.0005577;116.0005577;151.1474818;185.358031;178.939913;135.6527742;116.0005577;116.0005577;269
6277;16.9;127.8777169;127.8777169;214.3143577;512.8365066;585.8550175;390.5966369;127.8777169;127.8777169;508
6278;17;127.0688271;127.0688271;127.0688271;374.6960188;540.1745464;463.6613463;189.9768134;127.0688271;469
6279;16.5;119.363479;119.363479;119.363479;191.9893121;331.6791046;346.9972832;228.9706665;119.363479;339
6280;16.4;96.80226907;96.80226907;96.80226907;99.10942406;207.1712914;250.5804824;203.9084816;96.80226907;247
6281;16.1;70.16844183;70.16844183;70.16844183;70.16844183;312.0464249;525.4161371;472.1079237;183.3490131;244
6282;15.7;37.18832437;37.18832437;37.18832437;37.18832437;71.81539554;137.8168032;144.8714127;88.84672949;83
6283;13.8;3.862880725;3.862880725;3.862880725;3.862880725;4.498576557;8.891408481;10.33859704;7.992398814;22
6284;13;0;0;0;0;0;0;0;0;0
6285;12.1;0;0;0;0;0;0;0;0;0
6286;11.1;0;0;0;0;0;0;0;0;0
6287;12.2;0;0;0;0;0;0;0;0;0
6288;12;0;0;0;0;0;0;0;0;0
6289;11.8;0;0;0;0;0;0;0;0;0
6290;11.5;0;0;0;0;0;0;0;0;0
6291;11.5;0;0;0;0;0;0;0;0;0
6292;11.8;0;0;0;0;0;0;0;0;0
6293;12.6;0;0;0;0;0;0;0;0;0
6294;13.3;0;0;0;0;0;0;0;0;0
6295;13.9;3.221355281;6.305973072;7.243006669;5.483554499;2.639817531;2.639817531;2.639817531;2.639817531;6
6296;14.6;20.06544424;82.53781266;116.2549541;93.6255852;27.90568339;20.06544424;20.06544424;20.06544424;47
6297;16.2;74.10213914;259.0869229;448.9806023;419.2755623;187.3726123;74.10213914;74.10213914;74.10213914;233
6298;16.6;82.87285001;111.1182366;176.7955689;187.4542463;136.8505601;82.87285001;82.87285001;82.87285001;200
6299;17.6;106.0505161;107.1572531;195.6729093;231.6889831;194.1077469;106.0505161;106.0505161;106.0505161;256
6300;17.5;115.0963707;115.0963707;150.1749823;184.7799773;178.5652606;135.171329;115.0963707;115.0963707;267
6301;17.7;86.8456577;86.8456577;88.45078933;94.0960974;95.49419623;91.82609848;86.8456577;86.8456577;178
6302;18.1;108.9465538;108.9465538;108.9465538;132.1924921;147.7851601;140.6266993;114.9104389;108.9465538;239
6303;18.3;100.5456421;100.5456421;100.5456421;126.5774484;176.5558419;182.0084913;139.7413084;100.5456421;233
6304;18.3;86.33221777;86.33221777;86.33221777;87.84765618;151.5995239;177.1186889;149.4563704;86.33221777;200
6305;18;57.26457976;57.26457976;57.26457976;57.26457976;70.36549383;81.83875947;78.91680393;63.31126913;122
6306;17.6;28.24815002;28.24815002;28.24815002;28.24815002;37.50941358;54.97044357;56.77791642;41.87303904;58
6307;17.1;2.792035811;2.792035811;2.792035811;2.792035811;2.792035811;2.792035811;2.792035811;2.792035811;6
6308;16.8;0;0;0;0;0;0;0;0;0
6309;16.4;0;0;0;0;0;0;0;0;0
6310;16.1;0;0;0;0;0;0;0;0;0
6311;15.7;0;0;0;0;0;0;0;0;0
6312;15.5;0;0;0;0;0;0;0;0;0
6313;15.5;0;0;0;0;0;0;0;0;0
6314;15.3;0;0;0;0;0;0;0;0;0
6315;14.9;0;0;0;0;0;0;0;0;0
6316;14.5;0;0;0;0;0;0;0;0;0
6317;14.5;0;0;0;0;0;0;0;0;0
6318;14.2;0;0;0;0;0;0;0;0;0
6319;14.4;3.283043925;6.882601003;7.994332169;5.967000385;2.635616519;2.635616519;2.635616519;2.635616519;6
6320;14.8;18.91541264;75.41985931;106.4392945;86.18842677;26.52993971;18.91541264;18.91541264;18.91541264;44
6321;15.3;42.75981411;62.40596908;82.91668602;79.90405202;55.13282722;42.75981411;42.75981411;42.75981411;94
6322;15.7;50.31075003;51.6623814;54.88246344;55.42449776;52.97096801;50.31075003;50.31075003;50.31075003;103
6323;16.7;77.62840281;77.706467;92.51168053;98.59847182;92.40128109;77.62840281;77.62840281;77.62840281;164
6324;17.1;91.70203731;91.70203731;102.2831601;112.8614328;111.0448186;97.89746548;91.70203731;91.70203731;194
6325;17.8;104.4112666;104.4112666;109.9341218;129.7156636;134.6742329;121.9051669;104.4112666;104.4112666;225
6326;17.8;68.36881122;68.36881122;68.36881122;70.02737527;71.14400604;70.63496532;68.79844226;68.36881122;139
6327;18.3;99.74086107;99.74086107;99.74086107;125.8765316;175.9620411;181.398217;139.0006213;99.74086107;231
6328;18.4;77.93611705;77.93611705;77.93611705;78.4527959;98.18283861;106.0526264;97.45214438;77.93611705;167
6329;17.5;34.67131113;34.67131113;34.67131113;34.67131113;36.49027227;38.07176395;37.66131649;35.49936444;72
6330;17.1;11.74343731;11.74343731;11.74343731;11.74343731;12.29135291;13.31324789;13.41556912;12.53837821;25
6331;17;2.793763272;2.793763272;2.793763272;2.793763272;2.793763272;2.793763272;2.793763272;2.793763272;6
6332;16.8;0;0;0;0;0;0;0;0;0
6333;16.5;0;0;0;0;0;0;0;0;0
6334;16.1;0;0;0;0;0;0;0;0;0
6335;14.7;0;0;0;0;0;0;0;0;0
6336;14.8;0;0;0;0;0;0;0;0;0
6337;14.1;0;0;0;0;0;0;0;0;0
6338;13.8;0;0;0;0;0;0;0;0;0
6339;13.3;0;0;0;0;0;0;0;0;0
6340;13.1;0;0;0;0;0;0;0;0;0
6341;13.2;0;0;0;0;0;0;0;0;0
6342;13.4;0;0;0;0;0;0;0;0;0
6343;13.4;3.232836151;9.333769264;11.24885628;7.856265194;2.188083004;2.188083004;2.188083004;2.188083004;6
6344;14.1;18.66278733;80.2513176;114.6391491;92.80532955;27.53981431;18.66278733;18.66278733;18.66278733;44
6345;15.1;54.64593152;120.2721471;189.9540342;180.3742698;97.14455001;54.64593152;54.64593152;54.64593152;136
6346;16.3;99.65758739;190.5632793;412.5198806;451.2059938;283.9598183;99.65758739;99.65758739;99.65758739;311
6347;17;112.2467722;112.2467722;493.3919987;651.9854156;494.4072553;112.964667;112.2467722;112.2467722;450
6348;17.3;123.0901615;123.0901615;357.7864543;595.5451029;556.5460544;263.6344226;123.0901615;123.0901615;486
6349;16.7;134.6067219;134.6067219;187.1915736;379.0109806;427.6616876;304.6447702;134.6067219;134.6067219;419
6350;16.5;128.6723825;128.6723825;128.6723825;270.9399843;367.0699915;323.5499126;165.8732196;128.6723825;369
6351;16.6;117.2939311;117.2939311;117.2939311;200.1852318;358.7406146;375.8598047;241.5146129;117.2939311;347
6352;16.6;83.96318967;83.96318967;83.96318967;96.25177988;525.8941042;696.6592924;508.5154133;83.96318967;378
6353;16.6;70.29615276;70.29615276;70.29615276;70.29615276;241.3051977;388.9193807;349.888398;147.07607;203
6354;14.9;34.99377233;34.99377233;34.99377233;34.99377233;79.36257683;161.2264004;169.1448624;98.47943528;81
6355;13.9;2.79577118;2.79577118;2.79577118;2.79577118;2.79577118;2.79577118;2.79577118;2.79577118;6
6356;13.7;0;0;0;0;0;0;0;0;0
6357;13.6;0;0;0;0;0;0;0;0;0
6358;13.4;0;0;0;0;0;0;0;0;0
6359;13.6;0;0;0;0;0;0;0;0;0
6360;11.9;0;0;0;0;0;0;0;0;0
6361;9.3;0;0;0;0;0;0;0;0;0
6362;8.6;0;0;0;0;0;0;0;0;0
6363;10.9;0;0;0;0;0;0;0;0;0
6364;12;0;0;0;0;0;0;0;0;0
6365;11.8;0;0;0;0;0;0;0;0;0
6366;11.3;0;0;0;0;0;0;0;0;0
6367;11.6;3.538968204;12.26669974;15.05014815;10.25880709;2.119173691;2.119173691;2.119173691;2.119173691;6
6368;13.1;23.21597653;222.3729198;335.4612803;265.6405767;53.81083015;23.21597653;23.21597653;23.21597653;67
6369;15.2;70.31772597;227.8496767;397.9711763;376.1577284;175.187355;70.31772597;70.31772597;70.31772597;208
6370;16.4;99.02555879;211.0606251;491.4928975;542.0231256;333.0513872;99.02555879;99.02555879;99.02555879;339
6371;16.8;116.8362051;116.8362051;304.9444216;384.5607026;307.347604;118.5355116;116.8362051;116.8362051;331
6372;17.3;128.2347826;128.2347826;316.1925539;509.120649;478.9309693;243.3082197;128.2347826;128.2347826;439
6373;17.1;130.674451;130.674451;169.8472549;315.3805663;352.7155404;259.9818556;130.674451;130.674451;364
6374;17.6;126.017529;126.017529;126.017529;253.1920632;339.4299475;300.6537314;159.5779965;126.017529;347
6375;17.9;87.93535711;87.93535711;87.93535711;94.64751666;107.4625041;108.8387537;97.97007705;87.93535711;186
6376;18.4;92.6555003;92.6555003;92.6555003;96.63984333;225.0992482;275.9749018;219.4645362;92.6555003;236
6377;18;68.84683738;68.84683738;68.84683738;68.84683738;255.8105226;416.0382654;372.8859785;151.6316862;206
6378;16.8;35.64579126;35.64579126;35.64579126;35.64579126;121.1864999;277.334178;291.904077;156.3613477;92
6379;12.6;3.753703767;3.753703767;3.753703767;3.753703767;3.753703767;3.753703767;3.753703767;3.753703767;8
6380;11.1;0;0;0;0;0;0;0;0;0
6381;10.2;0;0;0;0;0;0;0;0;0
6382;9.4;0;0;0;0;0;0;0;0;0
6383;8.7;0;0;0;0;0;0;0;0;0
6384;8.5;0;0;0;0;0;0;0;0;0
6385;7.8;0;0;0;0;0;0;0;0;0
6386;7.2;0;0;0;0;0;0;0;0;0
6387;7.2;0;0;0;0;0;0;0;0;0
6388;7;0;0;0;0;0;0;0;0;0
6389;6.8;0;0;0;0;0;0;0;0;0
6390;6.4;0;0;0;0;0;0;0;0;0
6391;7.3;4.342773391;16.15659308;19.98319227;13.58100105;2.5215548;2.5215548;2.5215548;2.5215548;11
6392;10.3;30.03774711;246.7641625;371.9093744;296.7908236;65.41193839;30.03774711;30.03774711;30.03774711;86
6393;12.7;68.43259728;208.8840387;363.1505706;344.7753108;164.5222373;68.43259728;68.43259728;68.43259728;194
6394;14.4;99.36947054;195.1355739;440.9529926;486.6754167;305.5192704;99.36947054;99.36947054;99.36947054;317
6395;16.5;108.1112731;108.1112731;515.7833836;691.2517827;525.12438;114.716355;108.1112731;108.1112731;456
6396;17.7;114.3388707;114.3388707;395.7103829;688.311475;644.6872;290.3920664;114.3388707;114.3388707;522
6397;19;117.8981735;117.8981735;214.0631371;577.9322804;672.319683;441.9344846;117.8981735;117.8981735;528
6398;19.9;107.734655;107.734655;107.734655;468.950652;714.7478985;604.9650195;203.9113366;107.734655;533
6399;20.1;96.21114254;96.21114254;96.21114254;293.6810696;669.9759201;710.1671454;390.711271;96.21114254;478
6400;20.3;80.46569694;80.46569694;80.46569694;95.69809391;551.3110083;731.1091251;529.7691459;80.46569694;378
6401;20.3;63.21344809;63.21344809;63.21344809;63.21344809;338.920731;573.5080597;509.1717258;183.599081;233
6402;17.6;34.47952424;34.47952424;34.47952424;34.47952424;124.2179848;286.2923726;300.8582091;159.3830247;89
6403;13.2;1.386671036;1.386671036;1.386671036;1.386671036;1.386671036;1.386671036;1.386671036;1.386671036;3
6404;14.4;0;0;0;0;0;0;0;0;0
6405;11.5;0;0;0;0;0;0;0;0;0
6406;10;0;0;0;0;0;0;0;0;0
6407;9.3;0;0;0;0;0;0;0;0;0
6408;8.7;0;0;0;0;0;0;0;0;0
6409;8.1;0;0;0;0;0;0;0;0;0
6410;8;0;0;0;0;0;0;0;0;0
6411;7.5;0;0;0;0;0;0;0;0;0
6412;7.5;0;0;0;0;0;0;0;0;0
6413;7.4;0;0;0;0;0;0;0;0;0
6414;7.7;0;0;0;0;0;0;0;0;0
6415;9.1;2.538329059;8.997746616;11.12202431;7.666789077;1.597199958;1.597199958;1.597199958;1.597199958;6
6416;11.5;28.05459169;217.8979241;329.3629725;264.3256579;60.88395706;28.05459169;28.05459169;28.05459169;78
6417;14.5;68.4497235;238.4261321;428.3127062;407.3964256;187.9297638;68.4497235;68.4497235;68.4497235;211
6418;17;95.03650667;215.4934373;532.6621524;593.4756995;362.3103275;95.03650667;95.03650667;95.03650667;347
6419;19;106.9828164;106.9828164;516.263206;695.3636638;529.798601;116.553786;106.9828164;106.9828164;453
6420;20.6;110.6433235;110.6433235;395.0495687;694.6542731;652.1532838;292.443104;110.6433235;110.6433235;525
6421;21.6;110.2878302;110.2878302;216.8553385;627.5344128;735.2174541;476.8251972;110.2878302;110.2878302;558
6422;21.9;105.7600041;105.7600041;105.7600041;478.6499439;733.2554299;620.2826058;205.9094198;105.7600041;536
6423;22.2;99.27715426;99.27715426;99.27715426;278.0174463;617.9603458;654.0656663;365.1834007;99.27715426;450
6424;22.3;85.81011392;85.81011392;85.81011392;99.55706207;482.9814691;633.7482828;463.5403486;85.81011392;344
6425;21.5;65.51314655;65.51314655;65.51314655;65.51314655;282.2626989;465.3647756;414.2391909;158.8346191;208
6426;20;30.78772309;30.78772309;30.78772309;30.78772309;69.39226162;138.379696;144.3412119;83.78463408;69
6427;17.6;2.80398552;2.80398552;2.80398552;2.80398552;2.80398552;2.80398552;2.80398552;2.80398552;6
6428;18;0;0;0;0;0;0;0;0;0
6429;17;0;0;0;0;0;0;0;0;0
6430;16.8;0;0;0;0;0;0;0;0;0
6431;14.1;0;0;0;0;0;0;0;0;0
6432;13.6;0;0;0;0;0;0;0;0;0
6433;13.5;0;0;0;0;0;0;0;0;0
6434;12.8;0;0;0;0;0;0;0;0;0
6435;11.9;0;0;0;0;0;0;0;0;0
6436;12;0;0;0;0;0;0;0;0;0
6437;12.9;0;0;0;0;0;0;0;0;0
6438;14.3;0;0;0;0;0;0;0;0;0
6439;14.2;1.060246443;2.538983727;3.032568486;2.251865463;0.857223172;0.857223172;0.857223172;0.857223172;6
6440;14.7;25.39728704;174.4678041;263.456682;212.9935949;52.63913498;25.39728704;25.39728704;25.39728704;67
6441;17.1;64.50099231;182.4322136;316.4300433;302.8512516;149.6501107;64.50099231;64.50099231;64.50099231;178
6442;19.2;95.31890187;174.4311644;388.1742423;430.3666336;276.2926077;95.31890187;95.31890187;95.31890187;289
6443;21.3;107.2347265;107.2347265;501.8821971;677.418395;518.9487328;119.3025896;107.2347265;107.2347265;442
6444;22.3;108.2818453;108.2818453;403.7535648;719.0286627;676.5365581;301.1685497;108.2818453;108.2818453;531
6445;22.3;110.8957784;110.8957784;212.7240354;612.3816506;718.2756433;468.3747486;110.8957784;110.8957784;544
6446;22;121.6387888;121.6387888;121.6387888;215.706096;280.147603;251.7367964;147.1163414;121.6387888;317
6447;21.5;101.3307561;101.3307561;101.3307561;134.4231299;197.2361679;203.8691164;150.436484;101.3307561;242
6448;20.8;79.26173221;79.26173221;79.26173221;81.52488263;140.6469284;163.8103588;137.4463504;79.26173221;181
6449;19.1;34.72017696;34.72017696;34.72017696;34.72017696;36.98091827;38.8770394;38.33812688;35.67986837;72
6450;18.1;13.1890456;13.1890456;13.1890456;13.1890456;14.25456619;16.13869335;16.29495688;14.6318197;28
6451;17.1;1.388022789;1.388022789;1.388022789;1.388022789;1.388022789;1.388022789;1.388022789;1.388022789;3
6452;16.8;0;0;0;0;0;0;0;0;0
6453;15.7;0;0;0;0;0;0;0;0;0
6454;14.2;0;0;0;0;0;0;0;0;0
6455;12.9;0;0;0;0;0;0;0;0;0
6456;12.4;0;0;0;0;0;0;0;0;0
6457;13.6;0;0;0;0;0;0;0;0;0
6458;14.6;0;0;0;0;0;0;0;0;0
6459;14.8;0;0;0;0;0;0;0;0;0
6460;14.7;0;0;0;0;0;0;0;0;0
6461;14.9;0;0;0;0;0;0;0;0;0
6462;15.1;0;0;0;0;0;0;0;0;0
6463;15.2;1.459185029;1.459185029;1.459185029;1.459185029;1.459185029;1.459185029;1.459185029;1.459185029;3
6464;15.7;14.14627959;56.02814193;81.44540661;67.43975543;22.21550888;14.14627959;14.14627959;14.14627959;33
6465;16.2;40.89479894;66.63559228;96.38344389;93.62679984;59.98046484;40.89479894;40.89479894;40.89479894;92
6466;17.6;83.27058773;116.5217139;208.7315824;227.4481017;161.7073887;83.27058773;83.27058773;83.27058773;203
6467;18.3;107.3579886;107.3579886;225.4320079;278.8007236;231.7406104;111.8188442;107.3579886;107.3579886;275
6468;18.7;107.1208442;107.1208442;139.2527931;173.9762655;169.5367388;128.5348275;107.1208442;107.1208442;247
6469;19;108.1130752;108.1130752;116.4413617;149.7305833;158.6408331;137.9526076;108.1130752;108.1130752;242
6470;19.4;121.3660995;121.3660995;121.3660995;219.1577363;286.3670323;256.9210197;148.0687732;121.3660995;319
6471;20.2;103.3815747;103.3815747;103.3815747;262.697641;564.4838648;596.1626206;339.1769231;103.3815747;414
6472;20;89.66356728;89.66356728;89.66356728;101.7542782;398.7260316;514.6531851;381.6271843;89.66356728;303
6473;20.5;64.64844858;64.64844858;64.64844858;64.64844858;241.7827584;389.284776;346.6192357;138.7790326;186
6474;18;30.19924975;30.19924975;30.19924975;30.19924975;149.499765;358.2497696;374.8322287;189.5333628;86
6475;14.9;1.388921429;1.388921429;1.388921429;1.388921429;1.388921429;1.388921429;1.388921429;1.388921429;3
6476;13.4;0;0;0;0;0;0;0;0;0
6477;12.3;0;0;0;0;0;0;0;0;0
6478;11.7;0;0;0;0;0;0;0;0;0
6479;11.2;0;0;0;0;0;0;0;0;0
6480;10.4;0;0;0;0;0;0;0;0;0
6481;10.3;0;0;0;0;0;0;0;0;0
6482;9.8;0;0;0;0;0;0;0;0;0
6483;9.5;0;0;0;0;0;0;0;0;0
6484;9.2;0;0;0;0;0;0;0;0;0
6485;9.1;0;0;0;0;0;0;0;0;0
6486;9.2;0;0;0;0;0;0;0;0;0
6487;9;2.920737401;2.920737401;2.920737401;2.920737401;2.920737401;2.920737401;2.920737401;2.920737401;6
6488;13.5;26.97867265;251.5338093;390.0630673;315.9024113;72.49414763;26.97867265;26.97867265;26.97867265;86
6489;16.4;67.58075955;252.0411653;468.8619658;450.617678;207.9955582;67.58075955;67.58075955;67.58075955;219
6490;19.1;88.31852988;216.6517824;582.0506559;658.2279462;400.5600297;88.31852988;88.31852988;88.31852988;353
6491;20.4;97.39407885;97.39407885;558.4817169;770.2125116;587.8153934;118.1361204;97.39407885;97.39407885;469
6492;21.7;103.2661036;103.2661036;421.4648927;769.6759202;727.5131152;319.6748771;103.2661036;103.2661036;544
6493;22.7;103.4844945;103.4844945;217.3334675;680.7641674;806.0322642;519.7574057;103.4844945;103.4844945;575
6494;22.9;99.61185883;99.61185883;99.61185883;510.5065361;793.7876135;670.4299485;212.6947882;99.61185883;547
6495;23.4;91.51007679;91.51007679;91.51007679;300.875646;696.6431709;737.9319363;400.5555434;91.51007679;467
6496;23.7;77.07725099;77.07725099;77.07725099;96.83475038;554.6387365;732.6936813;526.6974129;77.07725099;358
6497;22.9;56.1126128;56.1126128;56.1126128;56.1126128;378.3753645;644.8058492;566.3878201;189.0574951;228
6498;20.4;29.04935494;29.04935494;29.04935494;29.04935494;144.2767445;343.7997622;358.9462602;180.8436252;81
6499;16.8;1.390005835;1.390005835;1.390005835;1.390005835;1.390005835;1.390005835;1.390005835;1.390005835;3
6500;15.3;0;0;0;0;0;0;0;0;0
6501;15;0;0;0;0;0;0;0;0;0
6502;14.4;0;0;0;0;0;0;0;0;0
6503;14;0;0;0;0;0;0;0;0;0
6504;13.7;0;0;0;0;0;0;0;0;0
6505;13.7;0;0;0;0;0;0;0;0;0
6506;13.8;0;0;0;0;0;0;0;0;0
6507;15.1;0;0;0;0;0;0;0;0;0
6508;15.3;0;0;0;0;0;0;0;0;0
6509;13.5;0;0;0;0;0;0;0;0;0
6510;13.2;0;0;0;0;0;0;0;0;0
6511;13.3;1.459183671;1.459183671;1.459183671;1.459183671;1.459183671;1.459183671;1.459183671;1.459183671;3
6512;15.7;24.54883827;234.8926047;366.7848507;298.1998821;69.31384345;24.54883827;24.54883827;24.54883827;75
6513;17.7;66.68443294;239.6301517;446.3913743;430.7254204;201.8091933;66.68443294;66.68443294;66.68443294;211
6514;19.8;88.10266306;209.5321836;564.6271227;640.5804961;392.8998478;88.10266306;88.10266306;88.10266306;344
6515;21.9;97.47610389;97.47610389;544.0845284;752.3840884;577.0474332;120.7843974;97.47610389;97.47610389;458
6516;23.4;103.6448182;103.6448182;411.732164;753.0970713;714.0216569;317.3957685;103.6448182;103.6448182;531
6517;24.8;104.2630285;104.2630285;212.7471662;662.4257287;785.1401513;509.0059898;104.2630285;104.2630285;558
6518;24.9;100.0565351;100.0565351;100.0565351;500.5913256;777.5682132;657.6679484;211.1264803;100.0565351;533
6519;25.1;90.84936638;90.84936638;90.84936638;300.5449331;696.0880937;737.0906163;399.5337792;90.84936638;461
6520;24.8;76.20314974;76.20314974;76.20314974;97.11006594;555.469203;733.0807861;525.9023586;76.20314974;353
6521;24;56.96958182;56.96958182;56.96958182;56.96958182;347.8253222;586.5663276;515.0767419;175.2341948;214
6522;21.5;27.67381898;27.67381898;27.67381898;27.67381898;125.7139579;293.7142014;305.871597;155.0645073;78
6523;16.8;1.391310749;1.391310749;1.391310749;1.391310749;1.391310749;1.391310749;1.391310749;1.391310749;3
6524;15.6;0;0;0;0;0;0;0;0;0
6525;14.5;0;0;0;0;0;0;0;0;0
6526;13.7;0;0;0;0;0;0;0;0;0
6527;12.8;0;0;0;0;0;0;0;0;0
6528;12.7;0;0;0;0;0;0;0;0;0
6529;12.9;0;0;0;0;0;0;0;0;0
6530;12.9;0;0;0;0;0;0;0;0;0
6531;12;0;0;0;0;0;0;0;0;0
6532;12.1;0;0;0;0;0;0;0;0;0
6533;12.6;0;0;0;0;0;0;0;0;0
6534;11.8;0;0;0;0;0;0;0;0;0
6535;13.2;1.459182992;1.459182992;1.459182992;1.459182992;1.459182992;1.459182992;1.459182992;1.459182992;3
6536;15.2;23.90844662;218.1945744;342.0047958;279.4784899;67.24271882;23.90844662;23.90844662;23.90844662;75
6537;17.2;65.46311117;238.2965185;448.453483;434.2598819;204.0301343;65.46311117;65.46311117;65.46311117;208
6538;18.8;85.24459312;213.1951569;597.601806;681.8765486;416.6523834;85.24459312;85.24459312;85.24459312;350
6539;21.1;95.86248816;95.86248816;551.6166374;767.4633038;589.8953208;122.9296048;95.86248816;95.86248816;458
6540;22.2;101.7742277;101.7742277;416.3087825;769.1302432;731.0236009;324.3112099;101.7742277;101.7742277;533
6541;23.9;101.9852247;101.9852247;212.9213387;681.1462566;810.1064968;524.2588996;101.9852247;101.9852247;564
6542;23.8;97.72155755;97.72155755;97.72155755;514.3577389;803.3135509;678.9431428;214.1010128;97.72155755;539
6543;23.8;88.68050956;88.68050956;88.68050956;306.6125934;716.786366;759.0242465;408.5838573;88.68050956;464
6544;23.6;75.5166619;75.5166619;75.5166619;97.4446718;553.5046981;729.5658155;522.4938091;75.5166619;347
6545;23.1;57.0169798;57.0169798;57.0169798;57.0169798;337.8259321;566.6657273;496.9601982;169.5418985;206
6546;20;26.7602629;26.7602629;26.7602629;26.7602629;123.8751135;288.567802;299.8971848;151.2266632;69
6547;15.4;0;0;0;0;0;0;0;0;0
6548;13.2;0;0;0;0;0;0;0;0;0
6549;12.6;0;0;0;0;0;0;0;0;0
6550;11.3;0;0;0;0;0;0;0;0;0
6551;10.3;0;0;0;0;0;0;0;0;0
6552;8.9;0;0;0;0;0;0;0;0;0
6553;8.7;0;0;0;0;0;0;0;0;0
6554;8.4;0;0;0;0;0;0;0;0;0
6555;8.6;0;0;0;0;0;0;0;0;0
6556;8.8;0;0;0;0;0;0;0;0;0
6557;8.4;0;0;0;0;0;0;0;0;0
6558;7.7;0;0;0;0;0;0;0;0;0
6559;6.9;1.459182314;1.459182314;1.459182314;1.459182314;1.459182314;1.459182314;1.459182314;1.459182314;3
6560;9.3;25.944918;119.2345686;179.6469293;150.0227363;47.71544011;25.944918;25.944918;25.944918;83
6561;10.9;64.02000883;243.9213838;466.4063179;453.1788095;211.9873536;64.02000883;64.02000883;64.02000883;208
6562;13;82.77500021;214.4709759;621.0893267;712.3704459;434.8430918;82.77500021;82.77500021;82.77500021;353
6563;14.6;95.47004171;95.47004171;543.0881338;758.3006941;585.2360478;125.2731175;95.47004171;95.47004171;450
6564;15.8;101.3888193;101.3888193;411.340043;763.2728173;727.4829223;324.9355931;101.3888193;101.3888193;525
6565;16.6;101.5404907;101.5404907;210.2225074;677.2504027;807.0352396;523.5508207;101.5404907;101.5404907;556
6566;16.8;114.3208385;114.3208385;114.3208385;385.7522804;574.5335397;493.7284402;190.6715133;114.3208385;431
6567;16.8;104.9560414;104.9560414;104.9560414;238.6030662;489.5709767;515.2366745;300.5655417;104.9560414;367
6568;15.9;86.61087232;86.61087232;86.61087232;94.75352014;255.7848751;317.7163936;244.2694321;86.61087232;233
6569;15.2;48.64299247;48.64299247;48.64299247;48.64299247;81.99589674;108.9807316;100.6205373;61.81260207;106
6570;14.4;16.59311558;16.59311558;16.59311558;16.59311558;22.3988802;32.14301262;32.77822625;23.93242156;33
6571;13.9;0;0;0;0;0;0;0;0;0
6572;13.5;0;0;0;0;0;0;0;0;0
6573;13.3;0;0;0;0;0;0;0;0;0
6574;12.6;0;0;0;0;0;0;0;0;0
6575;12.1;0;0;0;0;0;0;0;0;0
6576;12.1;0;0;0;0;0;0;0;0;0
6577;12.2;0;0;0;0;0;0;0;0;0
6578;12.3;0;0;0;0;0;0;0;0;0
6579;12.3;0;0;0;0;0;0;0;0;0
6580;12.4;0;0;0;0;0;0;0;0;0
6581;12.5;0;0;0;0;0;0;0;0;0
6582;12.9;0;0;0;0;0;0;0;0;0
6583;13.5;0;0;0;0;0;0;0;0;0
6584;14;5.319721754;5.608524146;5.798554004;5.708090424;5.390125744;5.319721754;5.319721754;5.319721754;11
6585;14.6;17.3055917;17.76889315;18.35162781;18.32160871;17.69642062;17.3055917;17.3055917;17.3055917;36
6586;15.6;63.55368337;76.24154119;116.5138778;125.7628508;98.57053719;63.55368337;63.55368337;63.55368337;144
6587;16.7;105.3885639;105.3885639;242.4370581;309.3131853;256.7330349;115.497346;105.3885639;105.3885639;281
6588;17;95.0022187;95.0022187;116.2974424;140.7691297;138.4311813;110.6531356;95.0022187;95.0022187;211
6589;17.9;124.5449269;124.5449269;167.4771307;355.2886003;407.9335554;294.5732953;124.5449269;124.5449269;372
6590;17.7;91.79454925;91.79454925;91.79454925;108.6854727;120.4649966;115.4497613;96.57762355;91.79454925;197
6591;16.9;45.58024623;45.58024623;45.58024623;46.2740383;47.57381383;47.7057845;46.59264367;45.58024623;94
6592;16.2;22.35169041;22.35169041;22.35169041;22.38684552;23.04931355;23.3031234;22.99959671;22.35169041;47
6593;15.9;8.894428818;8.894428818;8.894428818;8.894428818;9.104329618;9.272930043;9.219809584;8.976085485;19
6594;16;3.705231486;3.705231486;3.705231486;3.705231486;3.873071127;4.151865674;4.169027971;3.914504578;8
6595;16;0;0;0;0;0;0;0;0;0
6596;16.1;0;0;0;0;0;0;0;0;0
6597;16.2;0;0;0;0;0;0;0;0;0
6598;16.1;0;0;0;0;0;0;0;0;0
6599;16.2;0;0;0;0;0;0;0;0;0
6600;16.1;0;0;0;0;0;0;0;0;0
6601;16.3;0;0;0;0;0;0;0;0;0
6602;16.2;0;0;0;0;0;0;0;0;0
6603;16.1;0;0;0;0;0;0;0;0;0
6604;15.7;0;0;0;0;0;0;0;0;0
6605;15.5;0;0;0;0;0;0;0;0;0
6606;15.2;0;0;0;0;0;0;0;0;0
6607;14.8;0;0;0;0;0;0;0;0;0
6608;15.5;13.10047507;133.5680344;214.100222;176.8894839;43.73336581;13.10047507;13.10047507;13.10047507;39
6609;16.6;59.13555812;214.7621191;413.8389793;405.135386;193.7497861;59.13555812;59.13555812;59.13555812;181
6610;18.1;83.20828928;197.875652;572.1599388;660.0229807;409.9957993;83.20828928;83.20828928;83.20828928;331
6611;19.5;100.7011185;100.7011185;486.955196;678.2036668;531.158977;131.9579118;100.7011185;100.7011185;411
6612;20.5;111.0852581;111.0852581;352.1371521;632.4485447;607.3523949;291.5496869;111.0852581;111.0852581;456
6613;21.2;102.4627245;102.4627245;202.4588123;647.7232684;773.5814928;506.3074447;102.4627245;102.4627245;528
6614;21.8;98.29236843;98.29236843;98.29236843;490.0138629;763.9043902;647.8884225;209.9265401;98.29236843;503
6615;21.6;105.4595384;105.4595384;105.4595384;212.2178342;411.7379342;431.8443037;260.7589043;105.4595384;325
6616;22;84.1947437;84.1947437;84.1947437;99.81352613;380.7926565;488.0287521;358.7043626;84.1947437;272
6617;21.4;45.14969662;45.14969662;45.14969662;45.14969662;74.32545303;97.59119098;90.13741277;56.33044057;97
6618;20.2;16.39107082;16.39107082;16.39107082;16.39107082;24.55623182;37.97986084;38.75706945;26.4325794;33
6619;19.3;0;0;0;0;0;0;0;0;0
6620;18.8;0;0;0;0;0;0;0;0;0
6621;18.1;0;0;0;0;0;0;0;0;0
6622;17.6;0;0;0;0;0;0;0;0;0
6623;17.5;0;0;0;0;0;0;0;0;0
6624;17;0;0;0;0;0;0;0;0;0
6625;15.9;0;0;0;0;0;0;0;0;0
6626;13.8;0;0;0;0;0;0;0;0;0
6627;13.8;0;0;0;0;0;0;0;0;0
6628;13.9;0;0;0;0;0;0;0;0;0
6629;13.3;0;0;0;0;0;0;0;0;0
6630;13.2;0;0;0;0;0;0;0;0;0
6631;14.9;0;0;0;0;0;0;0;0;0
6632;15.9;12.1348616;121.9642767;196.5480759;163.1051153;41.22582757;12.1348616;12.1348616;12.1348616;36
6633;16.8;40.39489509;86.33117315;146.0909877;143.9354648;81.12728031;40.39489509;40.39489509;40.39489509;97
6634;18.5;85.72899888;142.9069843;334.8949104;380.9248248;254.0330279;85.72899888;85.72899888;85.72899888;244
6635;18.7;107.0373479;107.0373479;332.0588827;445.0821302;360.083329;126.8536239;107.0373479;107.0373479;328
6636;20.2;119.1294367;119.1294367;259.4111546;424.4592181;410.6492367;226.0709101;119.1294367;119.1294367;367
6637;21.2;111.4484249;111.4484249;192.3808103;559.1455396;663.6553709;444.6898625;111.4484249;111.4484249;472
6638;21;115.0433806;115.0433806;115.0433806;241.7898829;330.62995;293.1823286;151.3833275;115.0433806;311
6639;20.4;61.36923055;61.36923055;61.36923055;62.67021984;65.09553756;65.33803517;63.25566087;61.36923055;125
6640;20.5;77.51124619;77.51124619;77.51124619;82.41039744;166.6930938;198.7342733;159.7646476;77.51124619;186
6641;19.7;37.75228986;37.75228986;37.75228986;37.75228986;42.2819926;45.8679487;44.69986191;39.46198164;78
6642;18.8;6.518743505;6.518743505;6.518743505;6.518743505;7.189923554;8.282037107;8.341237182;7.332845178;14
6643;18.4;0;0;0;0;0;0;0;0;0
6644;18.1;0;0;0;0;0;0;0;0;0
6645;17.7;0;0;0;0;0;0;0;0;0
6646;16.4;0;0;0;0;0;0;0;0;0
6647;16.7;0;0;0;0;0;0;0;0;0
6648;15.2;0;0;0;0;0;0;0;0;0
6649;14.8;0;0;0;0;0;0;0;0;0
6650;14.3;0;0;0;0;0;0;0;0;0
6651;14.9;0;0;0;0;0;0;0;0;0
6652;14.2;0;0;0;0;0;0;0;0;0
6653;15.1;0;0;0;0;0;0;0;0;0
6654;15.1;0;0;0;0;0;0;0;0;0
6655;15.2;0;0;0;0;0;0;0;0;0
6656;15.8;11.19179345;110.0061773;178.1645247;148.5125107;38.41988289;11.19179345;11.19179345;11.19179345;33
6657;16;22.96868289;23.83296293;24.97638991;24.94372935;23.75411336;22.96868289;22.96868289;22.96868289;47
6658;16.6;53.89008334;60.36943479;82.75668414;88.23427025;73.59349745;53.89008334;53.89008334;53.89008334;117
6659;17.3;76.00432721;76.00432721;104.3169029;118.7391259;108.1278834;78.69909737;76.00432721;76.00432721;167
6660;17.7;107.2186278;107.2186278;166.5108909;237.0800173;231.5781029;153.2280947;107.2186278;107.2186278;264
6661;17.6;52.66585664;52.66585664;52.97319703;54.39042841;54.79742904;53.95578346;52.66585664;52.66585664;108
6662;17.6;65.4278733;65.4278733;65.4278733;67.51342517;68.97868157;68.36392265;66.02926584;65.4278733;133
6663;19.4;89.76869436;89.76869436;89.76869436;283.576555;643.9379257;679.6744765;369.8522207;89.76869436;408
6664;18.9;80.70064857;80.70064857;80.70064857;88.98111679;225.4189967;277.082831;213.7086462;80.70064857;206
6665;18.5;49.49189885;49.49189885;49.49189885;49.49189885;104.1062397;147.0274279;132.813626;69.7910864;114
6666;17.8;12.71766909;12.71766909;12.71766909;12.71766909;17.3936007;24.92416136;25.3043244;18.31139547;25
6667;17.5;0;0;0;0;0;0;0;0;0
6668;17.7;0;0;0;0;0;0;0;0;0
6669;17.3;0;0;0;0;0;0;0;0;0
6670;17;0;0;0;0;0;0;0;0;0
6671;16.8;0;0;0;0;0;0;0;0;0
6672;16.5;0;0;0;0;0;0;0;0;0
6673;16.2;0;0;0;0;0;0;0;0;0
6674;16.1;0;0;0;0;0;0;0;0;0
6675;16.1;0;0;0;0;0;0;0;0;0
6676;16.1;0;0;0;0;0;0;0;0;0
6677;15.9;0;0;0;0;0;0;0;0;0
6678;15.8;0;0;0;0;0;0;0;0;0
6679;16.2;0;0;0;0;0;0;0;0;0
6680;16.5;6.384555987;15.75065264;22.31173739;19.54289529;9.066076485;6.384555987;6.384555987;6.384555987;14
6681;16.6;35.21270923;65.61045773;106.5061534;105.6391164;63.51724519;35.21270923;35.21270923;35.21270923;81
6682;17.5;79.62745556;116.7680978;248.8624564;281.8212468;196.3376565;79.62745556;79.62745556;79.62745556;208
6683;17.7;89.36008138;89.36008138;166.5874297;206.4736562;177.7563389;97.25769281;89.36008138;89.36008138;211
6684;18.1;71.13412986;71.13412986;75.79326001;81.40186251;80.99576648;74.81285746;71.13412986;71.13412986;147
6685;19.1;101.6803799;101.6803799;110.2490224;150.4471765;162.0784026;138.3292861;101.6803799;101.6803799;231
6686;18.5;55.69931458;55.69931458;55.69931458;57.26955261;58.37521573;57.91337225;56.15456381;55.69931458;114
6687;18.1;30.66808256;30.66808256;30.66808256;31.03020358;31.70171399;31.76773713;31.18959754;30.66808256;64
6688;17.3;13.19034914;13.19034914;13.19034914;13.2072913;13.47503766;13.57601734;13.45107782;13.19034914;28
6689;15.4;3.716039874;3.716039874;3.716039874;3.716039874;3.76199141;3.797840894;3.78577245;3.732855608;8
6690;15.3;1.381707968;1.381707968;1.381707968;1.381707968;1.423367352;1.489773459;1.492876268;1.430858195;3
6691;15.3;0;0;0;0;0;0;0;0;0
6692;14.9;0;0;0;0;0;0;0;0;0
6693;14.5;0;0;0;0;0;0;0;0;0
6694;14.2;0;0;0;0;0;0;0;0;0
6695;13.8;0;0;0;0;0;0;0;0;0
6696;12.6;0;0;0;0;0;0;0;0;0
6697;12.3;0;0;0;0;0;0;0;0;0
6698;12.5;0;0;0;0;0;0;0;0;0
6699;11.1;0;0;0;0;0;0;0;0;0
6700;11.4;0;0;0;0;0;0;0;0;0
6701;10.8;0;0;0;0;0;0;0;0;0
6702;10.4;0;0;0;0;0;0;0;0;0
6703;10;0;0;0;0;0;0;0;0;0
6704;9.7;7.761298742;38.15629158;59.77753712;50.92837568;16.79252602;7.761298742;7.761298742;7.761298742;19
6705;10.2;33.07082373;58.58562995;93.49081093;93.00278285;57.40742594;33.07082373;33.07082373;33.07082373;75
6706;12;56.21946555;65.10730242;97.65638284;105.9322791;85.08708339;56.21946555;56.21946555;56.21946555;125
6707;13.9;84.31927716;84.31927716;138.6793455;167.1383854;147.0831149;90.26163946;84.31927716;84.31927716;197
6708;15.6;109.6091996;109.6091996;180.5928275;267.0029117;261.2138939;166.6169023;109.6091996;109.6091996;281
6709;16.1;102.6346428;102.6346428;117.0806846;186.0131999;206.1036873;165.5834117;102.6346428;102.6346428;242
6710;16.7;93.90849636;93.90849636;93.90849636;120.5298909;139.3142493;131.5005334;101.6659121;93.90849636;208
6711;16.5;84.35464493;84.35464493;84.35464493;110.396019;158.5523808;163.2447152;121.7243164;84.35464493;192
6712;16.6;43.21628125;43.21628125;43.21628125;43.40060069;46.19803334;47.24879605;45.93736628;43.21628125;89
6713;16.4;37.64855425;37.64855425;37.64855425;37.64855425;43.89721056;48.7364187;47.08050623;39.8994842;78
6714;16.2;9.800418684;9.800418684;9.800418684;9.800418684;12.88017487;17.73923262;17.94784083;13.38379965;19
6715;16;0;0;0;0;0;0;0;0;0
6716;15.9;0;0;0;0;0;0;0;0;0
6717;16.1;0;0;0;0;0;0;0;0;0
6718;15.9;0;0;0;0;0;0;0;0;0
6719;15.8;0;0;0;0;0;0;0;0;0
6720;15.6;0;0;0;0;0;0;0;0;0
6721;15.2;0;0;0;0;0;0;0;0;0
6722;14.6;0;0;0;0;0;0;0;0;0
6723;14.2;0;0;0;0;0;0;0;0;0
6724;14;0;0;0;0;0;0;0;0;0
6725;13.4;0;0;0;0;0;0;0;0;0
6726;13.4;0;0;0;0;0;0;0;0;0
6727;13.4;0;0;0;0;0;0;0;0;0
6728;13.9;9.273900523;143.6963366;240.7817585;202.253017;50.67972633;9.273900523;9.273900523;9.273900523;33
6729;14.5;48.95632702;138.0546544;261.9928713;261.1371698;135.9888083;48.95632702;48.95632702;48.95632702;128
6730;15;61.67307704;76.34810966;131.7050538;146.0382158;110.9514236;61.67307704;61.67307704;61.67307704;144
6731;15.3;75.87129192;75.87129192;109.3377206;127.0929792;114.843268;79.76430181;75.87129192;75.87129192;169
6732;15.5;75.17606755;75.17606755;83.00328319;92.63693276;92.0422443;81.56757825;75.17606755;75.17606755;158
6733;16.2;77.47422528;77.47422528;79.34681253;88.43333395;91.10015813;85.78509566;77.47422528;77.47422528;161
6734;16.1;62.89510839;62.89510839;62.89510839;64.97566474;66.44660643;65.83712873;63.50425542;62.89510839;128
6735;16.1;55.78662851;55.78662851;55.78662851;57.00818861;59.26062417;59.4780402;57.53307732;55.78662851;114
6736;15.7;32.1961389;32.1961389;32.1961389;32.30853602;33.94871335;34.56225634;33.78975981;32.1961389;67
6737;15.3;11.75039889;11.75039889;11.75039889;11.75039889;12.25238454;12.63827998;12.50406672;11.92836506;25
6738;15.1;3.700914693;3.700914693;3.700914693;3.700914693;4.120062492;4.774618622;4.800213551;4.181854119;8
6739;15.1;0;0;0;0;0;0;0;0;0
6740;13.9;0;0;0;0;0;0;0;0;0
6741;13;0;0;0;0;0;0;0;0;0
6742;12.8;0;0;0;0;0;0;0;0;0
6743;12.3;0;0;0;0;0;0;0;0;0
6744;11.8;0;0;0;0;0;0;0;0;0
6745;11.1;0;0;0;0;0;0;0;0;0
6746;10.9;0;0;0;0;0;0;0;0;0
6747;10.5;0;0;0;0;0;0;0;0;0
6748;10.3;0;0;0;0;0;0;0;0;0
6749;9.7;0;0;0;0;0;0;0;0;0
6750;9.6;0;0;0;0;0;0;0;0;0
6751;9.6;0;0;0;0;0;0;0;0;0
6752;10;12.26316321;132.1869345;220.1158028;186.2874138;50.51797903;12.26316321;12.26316321;12.26316321;39
6753;12.8;51.92679923;197.1772805;402.6079741;402.6143915;197.1927735;51.92679923;51.92679923;51.92679923;158
6754;14.9;77.10873402;174.9190662;555.0831499;655.2563033;416.7584516;77.10873402;77.10873402;77.10873402;303
6755;16.3;88.64477529;88.64477529;519.1431661;750.5387334;594.205797;141.7220706;88.64477529;88.64477529;408
6756;17.9;96.97467607;96.97467607;378.216665;728.1292116;708.3199913;330.3929766;96.97467607;96.97467607;469
6757;18.7;98.73624567;98.73624567;188.8120338;633.1709809;764.4653083;505.7845797;98.73624567;98.73624567;489
6758;19;95.61404219;95.61404219;95.61404219;470.3473356;735.7648367;626.1906844;205.8119309;95.61404219;458
6759;19.1;86.58873347;86.58873347;86.58873347;281.6181719;640.1609917;674.4286903;364.3477147;86.58873347;386
6760;18.9;72.64872969;72.64872969;72.64872969;99.73592151;480.2046165;621.9326004;441.8975425;72.64872969;278
6761;17.8;50.29105759;50.29105759;50.29105759;50.29105759;243.5885307;391.0844789;338.9482628;117.7205708;144
6762;15.6;14.3571429;14.3571429;14.3571429;14.3571429;73.2947623;164.3948407;167.6048706;81.04446001;31
6763;14.8;0;0;0;0;0;0;0;0;0
6764;14.1;0;0;0;0;0;0;0;0;0
6765;12.7;0;0;0;0;0;0;0;0;0
6766;11.2;0;0;0;0;0;0;0;0;0
6767;11.2;0;0;0;0;0;0;0;0;0
6768;10.4;0;0;0;0;0;0;0;0;0
6769;10.1;0;0;0;0;0;0;0;0;0
6770;9.6;0;0;0;0;0;0;0;0;0
6771;9.3;0;0;0;0;0;0;0;0;0
6772;8.6;0;0;0;0;0;0;0;0;0
6773;8.2;0;0;0;0;0;0;0;0;0
6774;7.5;0;0;0;0;0;0;0;0;0
6775;7.8;0;0;0;0;0;0;0;0;0
6776;8.5;20.00896027;153.293728;252.4886404;215.5001091;63.99551417;20.00896027;20.00896027;20.00896027;58
6777;10.3;52.18233871;216.428601;452.5996019;454.2116007;220.3203102;52.18233871;52.18233871;52.18233871;178
6778;12;69.41119559;185.267853;649.4022695;773.7857809;485.5562133;69.41119559;69.41119559;69.41119559;325
6779;13.6;83.16958961;83.16958961;577.2490847;846.2379029;668.2316522;147.5039801;83.16958961;83.16958961;431
6780;15.1;91.01992956;91.01992956;410.4115675;812.0311055;791.2920753;360.3431194;91.01992956;91.01992956;497
6781;16.3;93.33213218;93.33213218;192.8988957;692.1178463;840.5762465;551.3091789;93.33213218;93.33213218;514
6782;17.5;89.82981632;89.82981632;89.82981632;515.0978369;816.8156722;692.6750527;215.3958698;89.82981632;483
6783;17.6;80.76074565;80.76074565;80.76074565;307.0093822;721.6619384;760.883268;401.6980481;80.76074565;408
6784;17;67.29910016;67.29910016;67.29910016;100.0036064;542.6101419;706.7859154;496.3589855;67.29910016;292
6785;15.6;47.5855225;47.5855225;47.5855225;47.5855225;298.2380364;488.077056;419.8821094;133.6008714;153
6786;13.3;13.32629194;13.32629194;13.32629194;13.32629194;66.28751012;147.3149603;149.8536658;72.41648731;31
6787;12.2;0;0;0;0;0;0;0;0;0
6788;11;0;0;0;0;0;0;0;0;0
6789;9.9;0;0;0;0;0;0;0;0;0
6790;8.7;0;0;0;0;0;0;0;0;0
6791;7.9;0;0;0;0;0;0;0;0;0
6792;7.7;0;0;0;0;0;0;0;0;0
6793;7.1;0;0;0;0;0;0;0;0;0
6794;6.2;0;0;0;0;0;0;0;0;0
6795;5.8;0;0;0;0;0;0;0;0;0
6796;5.5;0;0;0;0;0;0;0;0;0
6797;5.5;0;0;0;0;0;0;0;0;0
6798;5;0;0;0;0;0;0;0;0;0
6799;4.9;0;0;0;0;0;0;0;0;0
6800;5.4;14.73318621;83.83715111;136.032475;117.1723207;38.30471065;14.73318621;14.73318621;14.73318621;44
6801;7.5;51.15203135;206.9599679;434.7173356;437.7873501;214.3716386;51.15203135;51.15203135;51.15203135;172
6802;10;68.10662698;182.5032527;655.0181785;783.7282773;493.2369188;68.10662698;68.10662698;68.10662698;322
6803;11.6;81.47096929;81.47096929;585.6287795;863.5651218;683.3613167;150.5783091;81.47096929;81.47096929;431
6804;13.7;89.85094158;89.85094158;410.6143885;818.184084;799.1061026;364.556067;89.85094158;89.85094158;494
6805;14.8;93.5514463;93.5514463;191.4157609;689.9820033;839.1673143;551.5809622;93.5514463;93.5514463;514
6806;15.7;89.58985821;89.58985821;89.58985821;518.8864608;823.932387;698.8104192;216.8153093;89.58985821;486
6807;15.9;78.46348273;78.46348273;78.46348273;314.761894;746.4495701;786.8400556;412.273152;78.46348273;411
6808;15.7;64.27062037;64.27062037;64.27062037;100.8754058;578.6323818;755.083214;526.8653978;64.27062037;297
6809;14.6;44.77194657;44.77194657;44.77194657;44.77194657;329.8797567;544.2009304;465.9633789;140.9975986;156
6810;12.7;11.82761712;11.82761712;11.82761712;11.82761712;65.27582957;146.2145284;148.4311972;70.62734145;31
6811;11;0;0;0;0;0;0;0;0;0
6812;9.2;0;0;0;0;0;0;0;0;0
6813;9.6;0;0;0;0;0;0;0;0;0
6814;8.7;0;0;0;0;0;0;0;0;0
6815;7.8;0;0;0;0;0;0;0;0;0
6816;7;0;0;0;0;0;0;0;0;0
6817;6.5;0;0;0;0;0;0;0;0;0
6818;6.1;0;0;0;0;0;0;0;0;0
6819;6.1;0;0;0;0;0;0;0;0;0
6820;5.5;0;0;0;0;0;0;0;0;0
6821;6.2;0;0;0;0;0;0;0;0;0
6822;6.6;0;0;0;0;0;0;0;0;0
6823;6.6;0;0;0;0;0;0;0;0;0
6824;6.5;8.770996229;13.64941402;17.38847703;16.07953666;10.48935243;8.770996229;8.770996229;8.770996229;19
6825;6.6;43.43814704;122.6574108;240.3721989;242.7256902;128.3392416;43.43814704;43.43814704;43.43814704;111
6826;8;75.891477;118.2489634;298.6981536;348.6302144;238.7956218;75.891477;75.891477;75.891477;208
6827;10.5;93.40302155;93.40302155;446.6254586;643.7567827;518.4983376;144.2248217;93.40302155;93.40302155;361
6828;11.3;102.333903;102.333903;335.4296309;634.6481897;622.0442587;305.0010499;102.333903;102.333903;417
6829;12.4;112.1887365;112.1887365;167.2922545;452.4341704;538.2649256;374.5060279;112.1887365;112.1887365;386
6830;12.6;94.65002032;94.65002032;94.65002032;454.3052745;710.223479;605.5471001;201.5941408;94.65002032;433
6831;12.5;95.97501841;95.97501841;95.97501841;211.688756;422.3846466;441.8742039;258.7407095;95.97501841;297
6832;12.5;75.52627281;75.52627281;75.52627281;93.53310619;320.3839387;403.8004714;294.9184308;75.52627281;217
6833;12.1;43.41862084;43.41862084;43.41862084;43.41862084;120.507603;178.0215312;156.6869;69.00124707;100
6834;11.6;7.194541868;7.194541868;7.194541868;7.194541868;12.16471388;19.61449194;19.78883169;12.58560727;14
6835;10.9;0;0;0;0;0;0;0;0;0
6836;8.8;0;0;0;0;0;0;0;0;0
6837;6.7;0;0;0;0;0;0;0;0;0
6838;5.8;0;0;0;0;0;0;0;0;0
6839;5.4;0;0;0;0;0;0;0;0;0
6840;6;0;0;0;0;0;0;0;0;0
6841;6.6;0;0;0;0;0;0;0;0;0
6842;7.4;0;0;0;0;0;0;0;0;0
6843;7.7;0;0;0;0;0;0;0;0;0
6844;8;0;0;0;0;0;0;0;0;0
6845;8.4;0;0;0;0;0;0;0;0;0
6846;8.4;0;0;0;0;0;0;0;0;0
6847;8.4;0;0;0;0;0;0;0;0;0
6848;8.9;3.734675089;5.260658658;6.44730834;6.044934253;4.28924168;3.734675089;3.734675089;3.734675089;8
6849;9.5;14.97844204;15.47536012;16.22588485;16.2456745;15.52313656;14.97844204;14.97844204;14.97844204;31
6850;10.2;39.80215995;41.58938207;49.44478005;51.65166195;46.91726628;39.80215995;39.80215995;39.80215995;83
6851;10.7;56.16966792;56.16966792;64.49123703;69.19156003;66.26383524;57.42308414;56.16966792;56.16966792;117
6852;11;70.12833386;70.12833386;77.09417069;86.12596242;85.7865603;76.2747815;70.12833386;70.12833386;147
6853;11.7;90.10400894;90.10400894;96.17807551;128.0931734;137.754734;119.5031461;90.10400894;90.10400894;200
6854;12.8;103.3149567;103.3149567;103.3149567;196.4633367;262.8274888;235.7513629;131.0957864;103.3149567;264
6855;12.6;89.9502647;89.9502647;89.9502647;137.6832957;224.3003185;232.216902;156.7956188;89.9502647;225
6856;12.2;72.85911682;72.85911682;72.85911682;85.76226595;242.7919848;300.2773343;224.5441763;72.85911682;192
6857;10.8;27.91252484;27.91252484;27.91252484;27.91252484;31.7622265;34.61268013;33.53827366;29.16837983;58
6858;7.9;4.222043544;4.222043544;4.222043544;4.222043544;5.637484661;7.73744947;7.778137165;5.735713446;8
6859;5.8;0;0;0;0;0;0;0;0;0
6860;5;0;0;0;0;0;0;0;0;0
6861;4.5;0;0;0;0;0;0;0;0;0
6862;6.2;0;0;0;0;0;0;0;0;0
6863;4.1;0;0;0;0;0;0;0;0;0
6864;3;0;0;0;0;0;0;0;0;0
6865;2.8;0;0;0;0;0;0;0;0;0
6866;2.5;0;0;0;0;0;0;0;0;0
6867;3.1;0;0;0;0;0;0;0;0;0
6868;3.4;0;0;0;0;0;0;0;0;0
6869;4.3;0;0;0;0;0;0;0;0;0
6870;6.4;0;0;0;0;0;0;0;0;0
6871;7.6;0;0;0;0;0;0;0;0;0
6872;8.8;3.732869892;5.328232222;6.586731216;6.173476951;4.330548172;3.732869892;3.732869892;3.732869892;8
6873;9.5;16.02081973;16.6065395;17.50564291;17.53495705;16.67731007;16.02081973;16.02081973;16.02081973;33
6874;10.7;29.62113292;29.9306836;31.33488077;31.73518769;30.89711;29.62113292;29.62113292;29.62113292;61
6875;11.2;49.1091025;49.1091025;51.26561198;52.49807845;51.74532877;49.44831349;49.1091025;49.1091025;100
6876;11.6;76.25293766;76.25293766;88.54734916;104.6449716;104.1109257;87.25804814;76.25293766;76.25293766;164
6877;12.3;77.58685741;77.58685741;80.27391455;94.60471123;98.96667995;90.80463859;77.58685741;77.58685741;164
6878;12.2;45.630047;45.630047;45.630047;46.94056512;47.87528248;47.49477134;46.02192998;45.630047;94
6879;12.1;58.32279768;58.32279768;58.32279768;60.12335743;63.37913533;63.6729792;60.8327593;58.32279768;119
6880;12.3;45.86849175;45.86849175;45.86849175;46.21553163;50.29848961;51.78641493;49.80770111;45.86849175;94
6881;11.9;20.99374597;20.99374597;20.99374597;20.99374597;23.23923855;24.88924422;24.25731985;21.71363816;44
6882;10.9;3.168525933;3.168525933;3.168525933;3.168525933;4.301591335;5.965472623;5.990940473;4.363076164;6
6883;10.7;0;0;0;0;0;0;0;0;0
6884;10.8;0;0;0;0;0;0;0;0;0
6885;10.5;0;0;0;0;0;0;0;0;0
6886;10.8;0;0;0;0;0;0;0;0;0
6887;11.1;0;0;0;0;0;0;0;0;0
6888;10.8;0;0;0;0;0;0;0;0;0
6889;10.5;0;0;0;0;0;0;0;0;0
6890;10.4;0;0;0;0;0;0;0;0;0
6891;9.3;0;0;0;0;0;0;0;0;0
6892;10;0;0;0;0;0;0;0;0;0
6893;9.9;0;0;0;0;0;0;0;0;0
6894;9.6;0;0;0;0;0;0;0;0;0
6895;10;0;0;0;0;0;0;0;0;0
6896;10.3;5.110714405;7.768653488;9.895272443;9.21916219;6.136378944;5.110714405;5.110714405;5.110714405;11
6897;11.6;39.55216069;113.9959183;230.1258209;234.6202579;124.8464492;39.55216069;39.55216069;39.55216069;100
6898;11.4;36.34593477;37.33868057;41.98791913;43.33215977;40.58396455;36.34593477;36.34593477;36.34593477;75
6899;11.5;50.25111494;50.25111494;53.96928746;56.11880114;54.83110382;50.86051114;50.25111494;50.25111494;103
6900;12.3;80.74798955;80.74798955;98.63869773;122.2891627;121.6053719;96.98788058;80.74798955;80.74798955;178
6901;12.8;90.32693073;90.32693073;97.16009538;134.1364618;145.4497991;124.4729077;90.32693073;90.32693073;203
6902;11.8;41.61393766;41.61393766;41.61393766;42.74061414;43.54497375;43.21815861;41.9516126;41.61393766;86
6903;11;26.75212027;26.75212027;26.75212027;27.12128276;27.78636736;27.84560404;27.26429275;26.75212027;56
6904;10.9;20.9122658;20.9122658;20.9122658;20.99211284;21.90091525;22.23058022;21.78799449;20.9122658;44
6905;10.2;8.894547446;8.894547446;8.894547446;8.894547446;9.342002431;9.668282195;9.541318637;9.035485286;19
6906;10.2;1.58963854;1.58963854;1.58963854;1.58963854;2.02200426;2.650444728;2.657479318;2.038987262;3
6907;9.9;0;0;0;0;0;0;0;0;0
6908;9.8;0;0;0;0;0;0;0;0;0
6909;9.6;0;0;0;0;0;0;0;0;0
6910;9.6;0;0;0;0;0;0;0;0;0
6911;8.9;0;0;0;0;0;0;0;0;0
6912;8.8;0;0;0;0;0;0;0;0;0
6913;7.6;0;0;0;0;0;0;0;0;0
6914;6.1;0;0;0;0;0;0;0;0;0
6915;6.1;0;0;0;0;0;0;0;0;0
6916;6.7;0;0;0;0;0;0;0;0;0
6917;7.2;0;0;0;0;0;0;0;0;0
6918;6.8;0;0;0;0;0;0;0;0;0
6919;8.6;0;0;0;0;0;0;0;0;0
6920;9.7;6.112291918;11.90538911;16.60579182;15.15924461;8.413115205;6.112291918;6.112291918;6.112291918;14
6921;9.5;46.26690776;153.6038252;323.7468502;331.3458882;171.9495258;46.26690776;46.26690776;46.26690776;133
6922;9.1;65.93944442;89.33610135;202.493894;235.659942;169.4060244;65.93944442;65.93944442;65.93944442;164
6923;8.3;71.01846555;71.01846555;110.660497;133.8365106;120.2145654;77.77421209;71.01846555;71.01846555;161
6924;8.5;74.75170975;74.75170975;87.19220694;103.7923065;103.3808183;86.19878664;74.75170975;74.75170975;161
6925;8.8;76.08247098;76.08247098;78.76002498;93.4551013;97.9735264;89.66846812;76.08247098;76.08247098;161
6926;9.7;95.37818976;95.37818976;95.37818976;168.065515;220.0001898;198.9329871;117.2047886;95.37818976;231
6927;9.4;91.25620815;91.25620815;91.25620815;176.964082;330.7939069;344.3057966;209.5846693;91.25620815;256
6928;9.8;70.85758111;70.85758111;70.85758111;92.34010155;329.0401304;414.5003234;298.6592586;70.85758111;206
6929;8.9;40.54557709;40.54557709;40.54557709;40.54557709;294.1602816;477.6711043;405.1197216;119.0057496;128
6930;7.7;3.561099535;3.561099535;3.561099535;3.561099535;19.36882399;42.11067272;42.2707043;19.7551744;17
6931;6.7;0;0;0;0;0;0;0;0;0
6932;6.2;0;0;0;0;0;0;0;0;0
6933;5.6;0;0;0;0;0;0;0;0;0
6934;5.2;0;0;0;0;0;0;0;0;0
6935;4.7;0;0;0;0;0;0;0;0;0
6936;4.6;0;0;0;0;0;0;0;0;0
6937;4.2;0;0;0;0;0;0;0;0;0
6938;3.8;0;0;0;0;0;0;0;0;0
6939;3.7;0;0;0;0;0;0;0;0;0
6940;3.6;0;0;0;0;0;0;0;0;0
6941;3.2;0;0;0;0;0;0;0;0;0
6942;3;0;0;0;0;0;0;0;0;0
6943;2.9;0;0;0;0;0;0;0;0;0
6944;3.5;11.74892771;107.532038;186.3308135;162.861888;50.8730398;11.74892771;11.74892771;11.74892771;31
6945;5.4;45.03945902;167.3813324;364.4145133;374.3621189;191.3969767;45.03945902;45.03945902;45.03945902;136
6946;7.5;63.71463571;153.0836028;599.604764;732.208756;473.2179586;63.71463571;63.71463571;63.71463571;283
6947;8.9;77.15752029;77.15752029;556.707416;840.1555298;676.6497578;161.9695635;77.15752029;77.15752029;392
6948;9.6;90.87506196;90.87506196;353.802072;707.8560811;700.4909769;336.0211376;90.87506196;90.87506196;422
6949;10.1;88.30028506;88.30028506;178.4511932;680.0397413;834.9953413;552.5471043;88.30028506;88.30028506;469
6950;9.6;103.8704402;103.8704402;103.8704402;307.6254233;453.3013951;394.2854527;165.1483346;103.8704402;319
6951;9.4;82.6957879;82.6957879;82.6957879;268.772806;601.4483785;630.2457189;338.2957358;82.6957879;333
6952;9.6;69.52746318;69.52746318;69.52746318;92.75940434;340.7137638;429.8108663;307.8588376;69.52746318;206
6953;9.1;40.2623798;40.2623798;40.2623798;40.2623798;166.0626182;256.3847436;220.1053194;78.47634031;97
6954;5.9;3.263886714;3.263886714;3.263886714;3.263886714;27.39555583;61.75807356;61.85548996;27.63073982;17
6955;3.2;0;0;0;0;0;0;0;0;0
6956;1.6;0;0;0;0;0;0;0;0;0
6957;1;0;0;0;0;0;0;0;0;0
6958;0.4;0;0;0;0;0;0;0;0;0
6959;-0.1;0;0;0;0;0;0;0;0;0
6960;-0.5;0;0;0;0;0;0;0;0;0
6961;-1;0;0;0;0;0;0;0;0;0
6962;-1.1;0;0;0;0;0;0;0;0;0
6963;-1.2;0;0;0;0;0;0;0;0;0
6964;-1.3;0;0;0;0;0;0;0;0;0
6965;-1.6;0;0;0;0;0;0;0;0;0
6966;-1.1;0;0;0;0;0;0;0;0;0
6967;0.1;0;0;0;0;0;0;0;0;0
6968;1.9;10.2526587;125.6691779;221.9255856;194.1868635;58.70197881;10.2526587;10.2526587;10.2526587;33
6969;5.2;37.20374297;120.2557281;256.1371412;263.770339;138.6838975;37.20374297;37.20374297;37.20374297;97
6970;6.9;47.31102368;54.48256995;91.51041273;102.6468529;81.36831474;47.31102368;47.31102368;47.31102368;106
6971;8.9;91.32314586;91.32314586;297.4617465;420.6134354;350.8713386;129.0894306;91.32314586;91.32314586;272
6972;10.3;97.11330677;97.11330677;319.3235721;621.2202369;616.1021702;306.967466;97.11330677;97.11330677;386
6973;11.4;89.12182438;89.12182438;174.6308279;656.7298828;806.3318352;535.8018903;89.12182438;89.12182438;453
6974;11.8;102.6401857;102.6401857;102.6401857;275.4246796;399.0188666;348.9984419;154.664692;102.6401857;303
6975;12.1;84.4083182;84.4083182;84.4083182;252.3424921;551.3781644;576.8692341;313.8833781;84.4083182;314
6976;11.1;39.34034309;39.34034309;39.34034309;39.67416797;43.12746554;44.36231814;42.65536587;39.34034309;81
6977;10.9;13.2107307;13.2107307;13.2107307;13.2107307;14.4088994;15.26246048;14.91414608;13.56799406;28
6978;9.8;1.733161532;1.733161532;1.733161532;1.733161532;16.18985186;36.56520591;36.53642078;16.12035839;3
6979;9.9;0;0;0;0;0;0;0;0;0
6980;9.6;0;0;0;0;0;0;0;0;0
6981;9.5;0;0;0;0;0;0;0;0;0
6982;9.8;0;0;0;0;0;0;0;0;0
6983;9.8;0;0;0;0;0;0;0;0;0
6984;9.8;0;0;0;0;0;0;0;0;0
6985;9.8;0;0;0;0;0;0;0;0;0
6986;10;0;0;0;0;0;0;0;0;0
6987;9.9;0;0;0;0;0;0;0;0;0
6988;9.6;0;0;0;0;0;0;0;0;0
6989;8.4;0;0;0;0;0;0;0;0;0
6990;8.1;0;0;0;0;0;0;0;0;0
6991;8.2;0;0;0;0;0;0;0;0;0
6992;7.9;3.510674412;6.919524558;9.801058599;8.997770896;4.980216491;3.510674412;3.510674412;3.510674412;8
6993;8.9;31.73085683;83.75876254;170.2227597;175.5600784;96.64418979;31.73085683;31.73085683;31.73085683;75
6994;10.9;68.45860396;105.7495103;304.7764819;365.3716456;252.0391764;68.45860396;68.45860396;68.45860396;192
6995;12;82.99700194;82.99700194;473.3811412;709.0479456;577.982598;156.9614013;82.99700194;82.99700194;347
6996;12.1;101.5524638;101.5524638;206.0269896;349.1999628;347.3043897;201.4506714;101.5524638;101.5524638;283
6997;10.7;90.56222793;90.56222793;102.5620237;171.0854047;192.4394008;154.1151307;90.56222793;90.56222793;211
6998;10.8;92.04964564;92.04964564;92.04964564;163.9686904;215.4302426;194.6171144;113.7213541;92.04964564;222
6999;9.9;61.16953659;61.16953659;61.16953659;66.42161547;75.73522326;76.51644934;68.30766207;61.16953659;128
7000;8.7;19.94968426;19.94968426;19.94968426;20.04592643;21.0114265;21.35497236;20.87531951;19.94968426;42
7001;8.7;17.10318652;17.10318652;17.10318652;17.10318652;19.23493597;20.74166405;20.11702134;17.72691508;36
7002;8.7;0.540309646;0.540309646;0.540309646;0.540309646;2.853909209;6.081366312;6.06294757;2.809442432;3
7003;7.9;0;0;0;0;0;0;0;0;0
7004;7.5;0;0;0;0;0;0;0;0;0
7005;7.5;0;0;0;0;0;0;0;0;0
7006;7.4;0;0;0;0;0;0;0;0;0
7007;7.3;0;0;0;0;0;0;0;0;0
7008;6.8;0;0;0;0;0;0;0;0;0
7009;7.1;0;0;0;0;0;0;0;0;0
7010;6.5;0;0;0;0;0;0;0;0;0
7011;7;0;0;0;0;0;0;0;0;0
7012;7.1;0;0;0;0;0;0;0;0;0
7013;6.7;0;0;0;0;0;0;0;0;0
7014;6.6;0;0;0;0;0;0;0;0;0
7015;6.3;0;0;0;0;0;0;0;0;0
7016;6.3;3.504947389;7.38178569;10.70278556;9.807389446;5.220108254;3.504947389;3.504947389;3.504947389;8
7017;7.5;35.3888773;123.689597;272.725784;282.7332298;147.8497086;35.3888773;35.3888773;35.3888773;94
7018;7.9;61.59931606;82.37999927;197.0611975;232.3906627;167.6728734;61.59931606;61.59931606;61.59931606;153
7019;8.4;80.40036085;80.40036085;490.0423787;739.8579253;603.3721744;160.5366279;80.40036085;80.40036085;350
7020;9;95.83274217;95.83274217;162.3153761;254.1930389;253.3053876;160.1723963;95.83274217;95.83274217;244
7021;8.1;104.8914342;104.8914342;137.274725;324.4768146;383.0487665;278.6799255;104.8914342;104.8914342;300
7022;7.3;86.13403079;86.13403079;86.13403079;143.4634294;184.4926888;167.9047803;103.4166758;86.13403079;200
7023;6.5;80.8357882;80.8357882;80.8357882;124.8377714;202.5355419;208.9432473;140.3073405;80.8357882;197
7024;7.2;62.78973256;62.78973256;62.78973256;75.00813541;193.9414172;236.0478208;176.6619861;62.78973256;153
7025;5.9;32.89759917;32.89759917;32.89759917;32.89759917;93.61069787;136.1843629;118.2540426;50.32307534;72
7026;4.5;2.801481216;2.801481216;2.801481216;2.801481216;2.801481216;2.801481216;2.801481216;2.801481216;6
7027;4;0;0;0;0;0;0;0;0;0
7028;4.7;0;0;0;0;0;0;0;0;0
7029;3.9;0;0;0;0;0;0;0;0;0
7030;4.6;0;0;0;0;0;0;0;0;0
7031;4.9;0;0;0;0;0;0;0;0;0
7032;4;0;0;0;0;0;0;0;0;0
7033;3.6;0;0;0;0;0;0;0;0;0
7034;4.3;0;0;0;0;0;0;0;0;0
7035;3;0;0;0;0;0;0;0;0;0
7036;4.5;0;0;0;0;0;0;0;0;0
7037;4.6;0;0;0;0;0;0;0;0;0
7038;4.4;0;0;0;0;0;0;0;0;0
7039;4.9;0;0;0;0;0;0;0;0;0
7040;6;1.326129598;2.418494028;3.366592224;3.119415087;1.821755632;1.326129598;1.326129598;1.326129598;3
7041;6.9;16.85480481;24.41671903;37.37727827;38.31605089;26.68311662;16.85480481;16.85480481;16.85480481;36
7042;9.5;66.75702826;106.8437002;335.6574812;406.9530239;278.9663661;66.75702826;66.75702826;66.75702826;197
7043;10.3;74.20367011;74.20367011;537.7414024;823.232061;669.9520469;167.6907134;74.20367011;74.20367011;367
7044;11;92.57703589;92.57703589;324.0665336;646.6015804;644.5965629;319.2259932;92.57703589;92.57703589;381
7045;11.2;86.7096741;86.7096741;169.4754623;653.581617;805.6218757;536.5331168;86.7096741;86.7096741;436
7046;11;92.22108463;92.22108463;92.22108463;411.3074605;639.6743371;547.3505233;188.4180569;92.22108463;364
7047;10.6;86.49475882;86.49475882;86.49475882;201.1960623;402.8473283;419.1835497;240.6351894;86.49475882;258
7048;11.1;62.51844751;62.51844751;62.51844751;96.9368263;422.1747171;536.730843;373.499779;62.51844751;211
7049;9.9;33.31328932;33.31328932;33.31328932;33.31328932;333.9101999;543.0230173;453.5547889;117.9147895;114
7050;8.7;3.765577339;3.765577339;3.765577339;3.765577339;3.765577339;3.765577339;3.765577339;3.765577339;8
7051;8.3;0;0;0;0;0;0;0;0;0
7052;8.3;0;0;0;0;0;0;0;0;0
7053;8.1;0;0;0;0;0;0;0;0;0
7054;7.7;0;0;0;0;0;0;0;0;0
7055;7.8;0;0;0;0;0;0;0;0;0
7056;8;0;0;0;0;0;0;0;0;0
7057;8;0;0;0;0;0;0;0;0;0
7058;8.2;0;0;0;0;0;0;0;0;0
7059;8.2;0;0;0;0;0;0;0;0;0
7060;8.1;0;0;0;0;0;0;0;0;0
7061;8.2;0;0;0;0;0;0;0;0;0
7062;8;0;0;0;0;0;0;0;0;0
7063;7.7;0;0;0;0;0;0;0;0;0
7064;7.7;2.813026413;11.77455244;19.65370859;17.66782151;6.980196933;2.813026413;2.813026413;2.813026413;8
7065;8.1;18.84783322;36.11562265;66.16431233;68.49565026;41.74397032;18.84783322;18.84783322;18.84783322;42
7066;9.2;49.79918299;61.71747801;132.1005443;154.2725893;115.2455298;49.79918299;49.79918299;49.79918299;119
7067;10.1;84.86811147;84.86811147;239.6493864;335.8991863;285.0983872;117.0054081;84.86811147;84.86811147;228
7068;10.5;100.4087164;100.4087164;245.2261584;448.6029718;448.0123128;243.8001813;100.4087164;100.4087164;311
7069;11.9;103.1262016;103.1262016;138.2489627;346.0008289;411.4800324;296.3297438;103.1262016;103.1262016;306
7070;12.3;96.03709279;96.03709279;96.03709279;359.2076692;547.5299318;471.3738127;175.3505335;96.03709279;333
7071;11.3;69.56251295;69.56251295;69.56251295;95.45553264;140.7722323;144.3752441;104.1539727;69.56251295;156
7072;11.1;20.93687215;20.93687215;20.93687215;21.06709285;22.26224293;22.68100879;22.07808306;20.93687215;44
7073;10.8;14.68067633;14.68067633;14.68067633;14.68067633;16.67634315;18.05354975;17.45497284;15.23125066;31
7074;10;3.771637039;3.771637039;3.771637039;3.771637039;3.771637039;3.771637039;3.771637039;3.771637039;8
7075;8.8;0;0;0;0;0;0;0;0;0
7076;8.1;0;0;0;0;0;0;0;0;0
7077;8.2;0;0;0;0;0;0;0;0;0
7078;8.3;0;0;0;0;0;0;0;0;0
7079;7.9;0;0;0;0;0;0;0;0;0
7080;7.7;0;0;0;0;0;0;0;0;0
7081;6.7;0;0;0;0;0;0;0;0;0
7082;6.9;0;0;0;0;0;0;0;0;0
7083;7;0;0;0;0;0;0;0;0;0
7084;7.5;0;0;0;0;0;0;0;0;0
7085;6.6;0;0;0;0;0;0;0;0;0
7086;5.4;0;0;0;0;0;0;0;0;0
7087;5;0;0;0;0;0;0;0;0;0
7088;4.9;3.553235143;17.03744777;29.04489635;26.11967553;9.975339982;3.553235143;3.553235143;3.553235143;17
7089;5.6;22.73684949;70.99492497;156.2429093;163.2848544;87.99568444;22.73684949;22.73684949;22.73684949;56
7090;6.7;30.99491864;31.73937778;36.28909;37.73754844;35.23626578;30.99491864;30.99491864;30.99491864;64
7091;6.4;51.22843718;51.22843718;62.50509776;69.58323437;65.90937972;53.63562804;51.22843718;51.22843718;108
7092;6.6;34.74274954;34.74274954;35.3811132;36.28449851;36.28474819;35.38171598;34.74274954;34.74274954;72
7093;7;29.22657154;29.22657154;29.34917962;30.08217286;30.31396646;29.90877886;29.22657154;29.22657154;61
7094;7;14.6347928;14.6347928;14.6347928;14.81764838;14.94845891;14.89552809;14.68986207;14.6347928;31
7095;6.7;13.19026962;13.19026962;13.19026962;13.31204485;13.52418569;13.54072302;13.35196951;13.19026962;28
7096;7.2;14.63064342;14.63064342;14.63064342;14.69995769;15.31811358;15.53355877;15.22008839;14.63064342;31
7097;8.2;7.950043322;7.950043322;7.950043322;7.950043322;8.601665872;9.047732155;8.850787207;8.126198707;17
7098;8.2;1.388733784;1.388733784;1.388733784;1.388733784;1.388733784;1.388733784;1.388733784;1.388733784;3
7099;8.5;0;0;0;0;0;0;0;0;0
7100;8.3;0;0;0;0;0;0;0;0;0
7101;8.2;0;0;0;0;0;0;0;0;0
7102;8.2;0;0;0;0;0;0;0;0;0
7103;8.5;0;0;0;0;0;0;0;0;0
7104;8.5;0;0;0;0;0;0;0;0;0
7105;8.6;0;0;0;0;0;0;0;0;0
7106;8.8;0;0;0;0;0;0;0;0;0
7107;8.8;0;0;0;0;0;0;0;0;0
7108;8.5;0;0;0;0;0;0;0;0;0
7109;7.5;0;0;0;0;0;0;0;0;0
7110;7.5;0;0;0;0;0;0;0;0;0
7111;6.5;0;0;0;0;0;0;0;0;0
7112;6.9;2.628540587;17.5303308;30.96739816;27.8039471;9.893084341;2.628540587;2.628540587;2.628540587;8
7113;8.5;36.20302316;123.6588712;280.4613736;294.180647;156.7801272;36.20302316;36.20302316;36.20302316;103
7114;10.3;65.28314882;110.7354736;398.2763305;490.7542977;333.9970363;65.28314882;65.28314882;65.28314882;208
7115;11.7;72.27366207;72.27366207;518.9666276;801.9016094;657.4304351;170.1823593;72.27366207;72.27366207;347
7116;11;97.12819893;97.12819893;220.0119068;395.2026875;395.7854754;221.4188812;97.12819893;97.12819893;289
7117;8.8;86.0000905;86.0000905;97.48517617;166.8420946;188.8428634;150.5997307;86.0000905;86.0000905;200
7118;7.1;96.56748118;96.56748118;96.56748118;300.4317298;446.2044428;387.1645655;157.8968575;96.56748118;292
7119;10.9;71.82911873;71.82911873;71.82911873;287.7440393;662.0999464;690.6832081;356.7501374;71.82911873;317
7120;9.8;59.88413569;59.88413569;59.88413569;76.6053177;221.572108;271.824277;197.9247856;59.88413569;153
7121;8.5;26.82923355;26.82923355;26.82923355;26.82923355;63.87567938;89.03039257;77.74851041;36.63880646;58
7122;5.9;0;0;0;0;0;0;0;0;0
7123;6.6;0;0;0;0;0;0;0;0;0
7124;4.9;0;0;0;0;0;0;0;0;0
7125;5.1;0;0;0;0;0;0;0;0;0
7126;3.5;0;0;0;0;0;0;0;0;0
7127;4.7;0;0;0;0;0;0;0;0;0
7128;4.9;0;0;0;0;0;0;0;0;0
7129;3;0;0;0;0;0;0;0;0;0
7130;4.2;0;0;0;0;0;0;0;0;0
7131;3.2;0;0;0;0;0;0;0;0;0
7132;2.1;0;0;0;0;0;0;0;0;0
7133;2.1;0;0;0;0;0;0;0;0;0
7134;2.3;0;0;0;0;0;0;0;0;0
7135;2.2;0;0;0;0;0;0;0;0;0
7136;2.8;2.325859048;18.63590913;33.52519226;30.13832913;10.45929823;2.325859048;2.325859048;2.325859048;14
7137;6.8;34.00589956;166.2515135;406.8629148;429.0597334;219.839374;34.00589956;34.00589956;34.00589956;119
7138;8.3;64.85223257;100.5447288;334.3345488;410.2652828;283.8577366;64.85223257;64.85223257;64.85223257;189
7139;9.5;73.26165428;73.26165428;486.7943439;751.0402483;618.2526446;166.2167101;73.26165428;73.26165428;331
7140;10.3;92.70308535;92.70308535;286.1650632;563.9513903;565.6868515;290.3548374;92.70308535;92.70308535;339
7141;10.8;97.55724753;97.55724753;149.9029216;469.0224865;570.5427524;394.9945243;97.55724753;97.55724753;344
7142;10.9;81.80045156;81.80045156;81.80045156;464.909384;738.6810722;627.6610018;196.8832242;81.80045156;375
7143;11.3;79.81629025;79.81629025;79.81629025;152.4625592;277.805346;287.1688292;175.0680073;79.81629025;208
7144;10.8;55.0163425;55.0163425;55.0163425;100.5056455;484.0567549;616.2818096;419.7251657;55.0163425;208
7145;9.2;29.10183421;29.10183421;29.10183421;29.10183421;114.3782439;171.8095378;145.6445944;51.21048269;67
7146;6.2;1.390645289;1.390645289;1.390645289;1.390645289;1.390645289;1.390645289;1.390645289;1.390645289;3
7147;4.5;0;0;0;0;0;0;0;0;0
7148;3.4;0;0;0;0;0;0;0;0;0
7149;2.5;0;0;0;0;0;0;0;0;0
7150;1.6;0;0;0;0;0;0;0;0;0
7151;1.2;0;0;0;0;0;0;0;0;0
7152;0.6;0;0;0;0;0;0;0;0;0
7153;0.1;0;0;0;0;0;0;0;0;0
7154;0.1;0;0;0;0;0;0;0;0;0
7155;0.5;0;0;0;0;0;0;0;0;0
7156;0;0;0;0;0;0;0;0;0;0
7157;0.7;0;0;0;0;0;0;0;0;0
7158;1.2;0;0;0;0;0;0;0;0;0
7159;2.9;0;0;0;0;0;0;0;0;0
7160;5.8;1.828316075;13.38678582;24.0670217;21.72012543;7.720877025;1.828316075;1.828316075;1.828316075;11
7161;7.1;20.79065317;74.1369492;172.6121308;182.1523499;97.16907549;20.79065317;20.79065317;20.79065317;53
7162;8.3;46.17991382;57.17991571;131.7979737;156.2621334;116.2416218;46.17991382;46.17991382;46.17991382;111
7163;9.2;80.62319377;80.62319377;235.6222933;335.5141278;286.09431;116.312299;80.62319377;80.62319377;217
7164;9.7;73.99403032;73.99403032;96.48268715;128.996048;129.2899729;97.19228452;73.99403032;73.99403032;167
7165;9.7;77.35088097;77.35088097;82.7756212;116.1416073;126.784512;108.4698661;77.35088097;77.35088097;172
7166;9.6;78.10273985;78.10273985;78.10273985;129.6644767;166.4820603;151.5282366;93.5627527;78.10273985;178
7167;9.2;51.46415031;51.46415031;51.46415031;54.35746943;59.3246969;59.6873228;55.23292578;51.46415031;106
7168;8.7;40.0498471;40.0498471;40.0498471;40.95163383;48.34956076;50.88562798;47.07424172;40.0498471;83
7169;8.5;11.78790083;11.78790083;11.78790083;11.78790083;13.62031591;14.84427777;14.27785548;12.25285152;25
7170;8.2;0;0;0;0;0;0;0;0;0
7171;8.3;0;0;0;0;0;0;0;0;0
7172;8.5;0;0;0;0;0;0;0;0;0
7173;7.8;0;0;0;0;0;0;0;0;0
7174;7.9;0;0;0;0;0;0;0;0;0
7175;7.6;0;0;0;0;0;0;0;0;0
7176;6.7;0;0;0;0;0;0;0;0;0
7177;6.7;0;0;0;0;0;0;0;0;0
7178;6.7;0;0;0;0;0;0;0;0;0
7179;6.8;0;0;0;0;0;0;0;0;0
7180;6.9;0;0;0;0;0;0;0;0;0
7181;7.1;0;0;0;0;0;0;0;0;0
7182;7.6;0;0;0;0;0;0;0;0;0
7183;8;0;0;0;0;0;0;0;0;0
7184;8.3;0;0;0;0;0;0;0;0;0
7185;8.5;5.206179688;5.328938374;5.558804571;5.582107894;5.385197573;5.206179688;5.206179688;5.206179688;11
7186;8.8;15.75293649;15.85018822;16.53353284;16.75961471;16.39599813;15.75293649;15.75293649;15.75293649;33
7187;9.2;20.99326077;20.99326077;21.56919408;21.94343966;21.76108332;21.12894695;20.99326077;20.99326077;44
7188;10;40.33035385;40.33035385;41.25980068;42.61246322;42.62829705;41.29802691;40.33035385;40.33035385;83
7189;10.5;62.73901269;62.73901269;64.36838889;74.47318278;77.70425898;72.16889686;62.73901269;62.73901269;131
7190;10.5;43.23689331;43.23689331;43.23689331;44.92992337;46.13769367;45.64621446;43.74338759;43.23689331;89
7191;10.3;25.31578422;25.31578422;25.31578422;25.82073038;26.68319772;26.74465278;25.96909601;25.31578422;53
7192;9.9;13.19303652;13.19303652;13.19303652;13.26786388;13.86535708;14.06901402;13.75953521;13.19303652;28
7193;9.8;5.114777692;5.114777692;5.114777692;5.114777692;5.5042523;5.762255552;5.640975055;5.211455279;11
7194;9.7;0;0;0;0;0;0;0;0;0
7195;9.8;0;0;0;0;0;0;0;0;0
7196;9.7;0;0;0;0;0;0;0;0;0
7197;9.4;0;0;0;0;0;0;0;0;0
7198;9.1;0;0;0;0;0;0;0;0;0
7199;9.3;0;0;0;0;0;0;0;0;0
7200;9.2;0;0;0;0;0;0;0;0;0
7201;9.1;0;0;0;0;0;0;0;0;0
7202;8.9;0;0;0;0;0;0;0;0;0
7203;8.9;0;0;0;0;0;0;0;0;0
7204;9.2;0;0;0;0;0;0;0;0;0
7205;9.6;0;0;0;0;0;0;0;0;0
7206;10.2;0;0;0;0;0;0;0;0;0
7207;10.3;0;0;0;0;0;0;0;0;0
7208;9.8;1.459164947;1.459164947;1.459164947;1.459164947;1.459164947;1.459164947;1.459164947;1.459164947;3
7209;10.1;10.58857441;12.51579482;16.17564497;16.56266496;13.45014372;10.58857441;10.58857441;10.58857441;22
7210;10.8;24.32608571;24.55077039;26.18640497;26.73228975;25.86865284;24.32608571;24.32608571;24.32608571;50
7211;11.7;43.03705599;43.03705599;48.30064592;51.74835982;50.09311008;44.30451956;43.03705599;43.03705599;89
7212;12.2;41.87094754;41.87094754;42.89258581;44.38885887;44.41017362;42.94404417;41.87094754;41.87094754;86
7213;12.6;40.22919061;40.22919061;40.47888394;42.03921495;42.53925826;41.68609527;40.22919061;40.22919061;83
7214;13;36.19790638;36.19790638;36.19790638;37.43621271;38.31862241;37.95874542;36.5673928;36.19790638;75
7215;13.5;33.25431996;33.25431996;33.25431996;34.14261912;35.65195364;35.75678686;34.39570891;33.25431996;69
7216;13.5;17.06030131;17.06030131;17.06030131;17.19300439;18.22478824;18.57443145;18.03711775;17.06030131;36
7217;13.2;5.114863318;5.114863318;5.114863318;5.114863318;5.543850395;5.825669332;5.691107747;5.21898999;11
7218;13.2;0;0;0;0;0;0;0;0;0
7219;13.1;0;0;0;0;0;0;0;0;0
7220;12.7;0;0;0;0;0;0;0;0;0
7221;12.3;0;0;0;0;0;0;0;0;0
7222;11.7;0;0;0;0;0;0;0;0;0
7223;10.7;0;0;0;0;0;0;0;0;0
7224;9.7;0;0;0;0;0;0;0;0;0
7225;9.1;0;0;0;0;0;0;0;0;0
7226;8.6;0;0;0;0;0;0;0;0;0
7227;8.3;0;0;0;0;0;0;0;0;0
7228;7.8;0;0;0;0;0;0;0;0;0
7229;7.6;0;0;0;0;0;0;0;0;0
7230;7.3;0;0;0;0;0;0;0;0;0
7231;6.1;0;0;0;0;0;0;0;0;0
7232;6.5;1.459164363;1.459164363;1.459164363;1.459164363;1.459164363;1.459164363;1.459164363;1.459164363;3
7233;7.2;14.41065653;32.2907699;66.71908325;70.50582965;41.43278442;14.41065653;14.41065653;14.41065653;33
7234;7.2;50.46331088;64.35352175;169.1291423;204.3919282;149.4854177;50.46331088;50.46331088;50.46331088;122
7235;8.2;74.93102352;74.93102352;192.6462556;270.3473966;233.5762766;103.872919;74.93102352;74.93102352;194
7236;9.9;85.9776006;85.9776006;148.9249136;241.6763739;243.2216045;152.6554302;85.9776006;85.9776006;217
7237;11;88.54993326;88.54993326;104.509435;204.9363362;237.1856611;182.3661924;88.54993326;88.54993326;219
7238;11.5;78.62533848;78.62533848;78.62533848;139.1250672;182.1825725;164.5776546;96.6230357;78.62533848;183
7239;12;62.53143498;62.53143498;62.53143498;87.84457083;130.6255138;133.5178689;94.82733376;62.53143498;139
7240;12;36.43837559;36.43837559;36.43837559;37.11552442;42.2440363;43.97167088;41.28640325;36.43837559;75
7241;11.9;11.79698905;11.79698905;11.79698905;11.79698905;14.24618325;15.84172214;15.06791125;12.3780385;25
7242;12.2;0;0;0;0;0;0;0;0;0
7243;12.7;0;0;0;0;0;0;0;0;0
7244;12.9;0;0;0;0;0;0;0;0;0
7245;12.1;0;0;0;0;0;0;0;0;0
7246;11.7;0;0;0;0;0;0;0;0;0
7247;11.4;0;0;0;0;0;0;0;0;0
7248;11.5;0;0;0;0;0;0;0;0;0
7249;12.7;0;0;0;0;0;0;0;0;0
7250;12.7;0;0;0;0;0;0;0;0;0
7251;12.4;0;0;0;0;0;0;0;0;0
7252;12.6;0;0;0;0;0;0;0;0;0
7253;12.2;0;0;0;0;0;0;0;0;0
7254;12.2;0;0;0;0;0;0;0;0;0
7255;12;0;0;0;0;0;0;0;0;0
7256;11.6;1.459163785;1.459163785;1.459163785;1.459163785;1.459163785;1.459163785;1.459163785;1.459163785;3
7257;11.7;11.50944478;18.9584183;33.49813042;35.15716871;22.96369104;11.50944478;11.50944478;11.50944478;25
7258;12.1;35.2252424;39.34072215;71.5118643;82.42679547;65.69169702;35.2252424;35.2252424;35.2252424;78
7259;12.4;48.23803974;48.23803974;63.19269579;73.13752726;68.49657664;51.98844986;48.23803974;48.23803974;103
7260;12.3;44.976344;44.976344;46.20293261;48.02075887;48.05520819;46.28610062;44.976344;44.976344;92
7261;12.6;51.99281777;51.99281777;52.41789581;55.10963354;55.97558286;54.50848241;51.99281777;51.99281777;106
7262;12.9;54.13161256;54.13161256;54.13161256;58.12663547;60.96585512;59.80166817;55.31603953;54.13161256;111
7263;13.1;55.01730723;55.01730723;55.01730723;63.03373352;76.50826392;77.39368336;65.17132514;55.01730723;117
7264;13.1;44.35665125;44.35665125;44.35665125;50.52329061;96.0341895;111.2730873;87.31324448;44.35665125;97
7265;12.1;19.996188;19.996188;19.996188;19.996188;48.22360399;66.45803456;57.47574554;26.53844002;42
7266;11.1;0;0;0;0;0;0;0;0;0
7267;9.9;0;0;0;0;0;0;0;0;0
7268;9.2;0;0;0;0;0;0;0;0;0
7269;8.8;0;0;0;0;0;0;0;0;0
7270;8.5;0;0;0;0;0;0;0;0;0
7271;8;0;0;0;0;0;0;0;0;0
7272;7.6;0;0;0;0;0;0;0;0;0
7273;7.5;0;0;0;0;0;0;0;0;0
7274;5.8;0;0;0;0;0;0;0;0;0
7275;6.9;0;0;0;0;0;0;0;0;0
7276;5.9;0;0;0;0;0;0;0;0;0
7277;6;0;0;0;0;0;0;0;0;0
7278;6.4;0;0;0;0;0;0;0;0;0
7279;7.2;0;0;0;0;0;0;0;0;0
7280;7.8;0;0;0;0;0;0;0;0;0
7281;8.4;10.2680187;15.37334285;25.47267612;26.66532728;18.25265746;10.2680187;10.2680187;10.2680187;22
7282;9.6;27.6763929;28.78399436;37.75759021;40.82575739;36.1912052;27.6763929;27.6763929;27.6763929;58
7283;10.3;41.47256578;41.47256578;47.296894;51.19787371;49.40189992;42.96102974;41.47256578;41.47256578;86
7284;11.4;56.4622453;56.4622453;63.45501299;73.87558386;74.09565718;63.98631697;56.4622453;56.4622453;119
7285;12;68.89954467;68.89954467;72.82476657;97.82073185;105.8750579;92.26962981;68.89954467;68.89954467;150
7286;12.5;62.54216893;62.54216893;62.54216893;76.41912984;86.26580728;82.21549912;66.64082095;62.54216893;133
7287;12.6;64.37675951;64.37675951;64.37675951;96.18144349;149.3437121;152.7334922;104.3650966;64.37675951;147
7288;13.1;47.17284746;47.17284746;47.17284746;56.43992898;123.1092223;145.2960171;110.0035899;47.17284746;108
7289;11.6;23.61098072;23.61098072;23.61098072;23.61098072;157.7210942;243.6221913;200.6437051;53.96184995;56
7290;10.8;0;0;0;0;0;0;0;0;0
7291;11.3;0;0;0;0;0;0;0;0;0
7292;11.8;0;0;0;0;0;0;0;0;0
7293;11.3;0;0;0;0;0;0;0;0;0
7294;10.1;0;0;0;0;0;0;0;0;0
7295;9.5;0;0;0;0;0;0;0;0;0
7296;7.8;0;0;0;0;0;0;0;0;0
7297;7;0;0;0;0;0;0;0;0;0
7298;6.9;0;0;0;0;0;0;0;0;0
7299;6.9;0;0;0;0;0;0;0;0;0
7300;6.9;0;0;0;0;0;0;0;0;0
7301;7.3;0;0;0;0;0;0;0;0;0
7302;7.8;0;0;0;0;0;0;0;0;0
7303;8.2;0;0;0;0;0;0;0;0;0
7304;8.5;0;0;0;0;0;0;0;0;0
7305;9.1;13.07526878;34.05560333;76.10731094;81.23570311;46.43663727;13.07526878;13.07526878;13.07526878;31
7306;9.7;29.84815053;31.94612913;49.56378703;55.63229247;46.59679725;29.84815053;29.84815053;29.84815053;64
7307;10.2;58.44472508;58.44472508;107.1206632;139.9475373;125.0311694;71.1093655;58.44472508;58.44472508;136
7308;10.6;63.47753307;63.47753307;78.42203796;100.8087937;101.3274032;79.67407216;63.47753307;63.47753307;139
7309;11;82.44515378;82.44515378;95.66600986;180.2740786;207.5752899;161.5769646;82.44515378;82.44515378;197
7310;10.4;45.85345135;45.85345135;45.85345135;48.04573367;49.59861832;48.95763496;46.49826294;45.85345135;94
7311;10.3;20.92509626;20.92509626;20.92509626;21.34535575;22.04384811;22.0869908;21.44951143;20.92509626;44
7312;9.5;8.896293752;8.896293752;8.896293752;8.9453313;9.289348896;9.403120119;9.21999933;8.896293752;19
7313;9;1.382078054;1.382078054;1.382078054;1.382078054;1.430853586;1.461830279;1.4460892;1.39285126;3
7314;9.1;0;0;0;0;0;0;0;0;0
7315;9.2;0;0;0;0;0;0;0;0;0
7316;9.4;0;0;0;0;0;0;0;0;0
7317;9.6;0;0;0;0;0;0;0;0;0
7318;9.6;0;0;0;0;0;0;0;0;0
7319;9.9;0;0;0;0;0;0;0;0;0
7320;9.7;0;0;0;0;0;0;0;0;0
7321;7.5;0;0;0;0;0;0;0;0;0
7322;6.2;0;0;0;0;0;0;0;0;0
7323;6.3;0;0;0;0;0;0;0;0;0
7324;6.2;0;0;0;0;0;0;0;0;0
7325;6.3;0;0;0;0;0;0;0;0;0
7326;6.7;0;0;0;0;0;0;0;0;0
7327;6.6;0;0;0;0;0;0;0;0;0
7328;6.9;0;0;0;0;0;0;0;0;0
7329;7.4;11.01122365;23.20404549;47.95915512;51.0706676;30.71590111;11.01122365;11.01122365;11.01122365;25
7330;8.5;34.5427882;39.39148081;81.5947578;96.23562913;74.73767095;34.5427882;34.5427882;34.5427882;78
7331;9.7;63.0936721;63.0936721;132.1598216;179.0463683;158.0093982;81.37208302;63.0936721;63.0936721;147
7332;10.7;80.69761207;80.69761207;138.331491;225.0940228;227.2710955;143.5874095;80.69761207;80.69761207;200
7333;10.9;74.16258013;74.16258013;81.01807584;125.0775957;139.31179;115.3824607;74.16258013;74.16258013;169
7334;11.5;65.88325677;65.88325677;65.88325677;88.53297609;104.5464338;97.91152684;72.51489361;65.88325677;144
7335;10.8;19.95278551;19.95278551;19.95278551;20.35070006;21.00823496;21.04750189;20.4454988;19.95278551;42
7336;10;7.947598205;7.947598205;7.947598205;7.989745853;8.27817845;8.372961623;8.218572674;7.947598205;17
7337;10.3;2.773753272;2.773753272;2.773753272;2.773753272;2.993113365;3.131236656;3.05995103;2.821014638;6
7338;10.5;0;0;0;0;0;0;0;0;0
7339;10.8;0;0;0;0;0;0;0;0;0
7340;10.9;0;0;0;0;0;0;0;0;0
7341;11.4;0;0;0;0;0;0;0;0;0
7342;11.1;0;0;0;0;0;0;0;0;0
7343;11.6;0;0;0;0;0;0;0;0;0
7344;10.7;0;0;0;0;0;0;0;0;0
7345;11;0;0;0;0;0;0;0;0;0
7346;10.7;0;0;0;0;0;0;0;0;0
7347;10.6;0;0;0;0;0;0;0;0;0
7348;10.5;0;0;0;0;0;0;0;0;0
7349;10.4;0;0;0;0;0;0;0;0;0
7350;11;0;0;0;0;0;0;0;0;0
7351;11;0;0;0;0;0;0;0;0;0
7352;10.2;1.459161534;1.459161534;1.459161534;1.459161534;1.459161534;1.459161534;1.459161534;1.459161534;3
7353;10.2;11.69337995;31.49386951;72.20462871;77.46871907;44.20250784;11.69337995;11.69337995;11.69337995;28
7354;10.6;35.80141128;42.06069379;98.52994797;118.2536761;89.67798575;35.80141128;35.80141128;35.80141128;83
7355;11;42.28486872;42.28486872;52.2373325;59.03659572;56.02292445;44.96168646;42.28486872;42.28486872;89
7356;11.1;54.08633746;54.08633746;60.95768877;71.35014402;71.62969551;61.63258579;54.08633746;54.08633746;114
7357;11.5;37.77429897;37.77429897;38.02709762;39.65761178;40.18490684;39.30010051;37.77429897;37.77429897;78
7358;12.8;73.24423679;73.24423679;73.24423679;131.4953294;172.5950314;155.4963854;90.21554624;73.24423679;169
7359;12.8;25.34995621;25.34995621;25.34995621;26.0085315;27.09039772;27.1527369;26.15903161;25.34995621;53
7360;13.1;22.48919645;22.48919645;22.48919645;22.83513143;25.14523744;25.89947067;24.65601151;22.48919645;47
7361;12.9;10.3574101;10.3574101;10.3574101;10.3574101;13.69076209;15.771646;14.68094394;11.05757439;22
7362;12.2;0;0;0;0;0;0;0;0;0
7363;11.8;0;0;0;0;0;0;0;0;0
7364;11.5;0;0;0;0;0;0;0;0;0
7365;11.3;0;0;0;0;0;0;0;0;0
7366;11.2;0;0;0;0;0;0;0;0;0
7367;10.9;0;0;0;0;0;0;0;0;0
7368;10;0;0;0;0;0;0;0;0;0
7369;9;0;0;0;0;0;0;0;0;0
7370;6.9;0;0;0;0;0;0;0;0;0
7371;6.8;0;0;0;0;0;0;0;0;0
7372;7.4;0;0;0;0;0;0;0;0;0
7373;7.9;0;0;0;0;0;0;0;0;0
7374;6;0;0;0;0;0;0;0;0;0
7375;4.8;0;0;0;0;0;0;0;0;0
7376;5;1.459160988;1.459160988;1.459160988;1.459160988;1.459160988;1.459160988;1.459160988;1.459160988;3
7377;7.4;19.64664179;92.6809982;244.7049657;264.8928194;141.4187884;19.64664179;19.64664179;19.64664179;58
7378;10;53.32972167;81.22384291;342.0415731;433.7358164;302.5933286;53.32972167;53.32972167;53.32972167;161
7379;11.7;70.82826467;70.82826467;380.7516729;593.7687116;500.4543289;155.4708245;70.82826467;70.82826467;256
7380;12.6;80.05585692;80.05585692;293.6755573;618.1760437;627.4530229;316.0721663;80.05585692;80.05585692;314
7381;12.6;78.94089348;78.94089348;145.436591;575.558327;714.7683058;481.5192098;78.94089348;78.94089348;342
7382;11.1;80.72290137;80.72290137;80.72290137;379.3401321;589.5703202;501.7245916;167.2617826;80.72290137;292
7383;10.2;40.41784884;40.41784884;40.41784884;42.09683955;44.83848343;44.99057952;42.46403199;40.41784884;83
7384;10.1;30.98636712;30.98636712;30.98636712;31.7186408;36.49197983;38.0402056;35.45638845;30.98636712;64
7385;10;7.959509144;7.959509144;7.959509144;7.959509144;10.22220656;11.62254315;10.8771241;8.422605776;17
7386;9.8;0;0;0;0;0;0;0;0;0
7387;10;0;0;0;0;0;0;0;0;0
7388;10.2;0;0;0;0;0;0;0;0;0
7389;10.2;0;0;0;0;0;0;0;0;0
7390;10.1;0;0;0;0;0;0;0;0;0
7391;10.1;0;0;0;0;0;0;0;0;0
7392;10.1;0;0;0;0;0;0;0;0;0
7393;9.8;0;0;0;0;0;0;0;0;0
7394;9.7;0;0;0;0;0;0;0;0;0
7395;9.4;0;0;0;0;0;0;0;0;0
7396;8.7;0;0;0;0;0;0;0;0;0
7397;8.1;0;0;0;0;0;0;0;0;0
7398;7.6;0;0;0;0;0;0;0;0;0
7399;7.7;0;0;0;0;0;0;0;0;0
7400;8.1;0;0;0;0;0;0;0;0;0
7401;7.8;16.53946193;64.4242437;165.305057;179.0410023;97.58574916;16.53946193;16.53946193;16.53946193;44
7402;8;52.38022785;77.13082982;316.956359;401.7967789;281.9537221;52.38022785;52.38022785;52.38022785;153
7403;8.7;70.77648353;70.77648353;240.6858851;358.1449739;307.2674985;117.8567939;70.77648353;70.77648353;197
7404;10.9;76.65556988;76.65556988;310.3724607;666.8549473;677.6066431;336.3293505;76.65556988;76.65556988;322
7405;12.8;76.95299982;76.95299982;146.3709276;596.3746926;742.1082746;498.2029177;76.95299982;76.95299982;344
7406;14.1;70.21663897;70.21663897;70.21663897;488.466575;782.2286167;658.9036984;190.7338847;70.21663897;333
7407;13.9;61.08115337;61.08115337;61.08115337;288.4951545;657.5843366;677.2500439;335.9723719;61.08115337;261
7408;13.4;47.63621187;47.63621187;47.63621187;90.6029232;364.089002;452.2013283;303.3248961;47.63621187;144
7409;12.4;17.553808;17.553808;17.553808;17.553808;125.456149;191.6562837;155.8695494;39.05932964;39
7410;10.4;0;0;0;0;0;0;0;0;0
7411;10.1;0;0;0;0;0;0;0;0;0
7412;11.4;0;0;0;0;0;0;0;0;0
7413;10.6;0;0;0;0;0;0;0;0;0
7414;10.3;0;0;0;0;0;0;0;0;0
7415;9.4;0;0;0;0;0;0;0;0;0
7416;8.5;0;0;0;0;0;0;0;0;0
7417;7.9;0;0;0;0;0;0;0;0;0
7418;7.4;0;0;0;0;0;0;0;0;0
7419;7.1;0;0;0;0;0;0;0;0;0
7420;6.3;0;0;0;0;0;0;0;0;0
7421;5.9;0;0;0;0;0;0;0;0;0
7422;5.5;0;0;0;0;0;0;0;0;0
7423;5.2;0;0;0;0;0;0;0;0;0
7424;4.5;0;0;0;0;0;0;0;0;0
7425;6.2;19.94124221;54.58894105;128.4442956;138.740033;79.44505;19.94124221;19.94124221;19.94124221;56
7426;8.1;50.71496016;79.98992854;373.9002008;478.4929423;332.4991435;50.71496016;50.71496016;50.71496016;161
7427;9.7;65.97710185;65.97710185;428.237623;680.0517697;572.1493043;167.7380276;65.97710185;65.97710185;264
7428;11.6;72.57858147;72.57858147;321.702307;703.130652;715.1901459;350.8165007;72.57858147;72.57858147;328
7429;13.5;73.61899665;73.61899665;149.224143;640.0659248;799.0907784;533.1441014;73.61899665;73.61899665;353
7430;13.6;70.6435816;70.6435816;70.6435816;472.1406906;753.4320973;634.7552518;185.6294405;70.6435816;322
7431;13.8;61.53279712;61.53279712;61.53279712;275.80917;621.428367;639.0683326;318.3958143;61.53279712;250
7432;12.9;46.43088213;46.43088213;46.43088213;91.58012555;372.284243;462.107881;308.4335706;46.43088213;142
7433;8;13.89712927;13.89712927;13.89712927;13.89712927;49.77566716;71.59635795;59.61762312;20.85644307;28
7434;5.4;0;0;0;0;0;0;0;0;0
7435;3.6;0;0;0;0;0;0;0;0;0
7436;3.7;0;0;0;0;0;0;0;0;0
7437;4.1;0;0;0;0;0;0;0;0;0
7438;4.8;0;0;0;0;0;0;0;0;0
7439;4.4;0;0;0;0;0;0;0;0;0
7440;3.5;0;0;0;0;0;0;0;0;0
7441;5.4;0;0;0;0;0;0;0;0;0
7442;4.5;0;0;0;0;0;0;0;0;0
7443;3.3;0;0;0;0;0;0;0;0;0
7444;4.1;0;0;0;0;0;0;0;0;0
7445;3.9;0;0;0;0;0;0;0;0;0
7446;3.3;0;0;0;0;0;0;0;0;0
7447;2.8;0;0;0;0;0;0;0;0;0
7448;2.5;0;0;0;0;0;0;0;0;0
7449;3.7;18.5870141;51.8238136;123.4858858;133.6996217;76.48195319;18.5870141;18.5870141;18.5870141;53
7450;5.8;48.94012378;77.32683372;372.5418591;478.1953767;332.3969889;48.94012378;48.94012378;48.94012378;161
7451;7.8;64.19358594;64.19358594;439.8523766;702.3487873;591.0225359;171.0870307;64.19358594;64.19358594;264
7452;9.5;70.93413687;70.93413687;327.3687157;721.3719609;734.3575503;358.7187017;70.93413687;70.93413687;328
7453;10.3;74.00601533;74.00601533;146.6405616;618.5722937;771.5044855;515.8515332;74.00601533;74.00601533;342
7454;10.9;71.07413493;71.07413493;71.07413493;454.621272;722.6260076;608.9604928;180.2084446;71.07413493;311
7455;9.5;62.77768496;62.77768496;62.77768496;264.5098621;587.8560049;603.6183892;302.563624;62.77768496;239
7456;7.9;46.14676306;46.14676306;46.14676306;85.10283147;321.7535761;396.9575876;266.6613759;46.14676306;131
7457;7.1;15.21027126;15.21027126;15.21027126;15.21027126;113.5364634;172.8144495;139.7700455;33.76021509;33
7458;6.6;0;0;0;0;0;0;0;0;0
7459;5.9;0;0;0;0;0;0;0;0;0
7460;5.5;0;0;0;0;0;0;0;0;0
7461;5.5;0;0;0;0;0;0;0;0;0
7462;6.1;0;0;0;0;0;0;0;0;0
7463;6.6;0;0;0;0;0;0;0;0;0
7464;6.8;0;0;0;0;0;0;0;0;0
7465;6.6;0;0;0;0;0;0;0;0;0
7466;6.1;0;0;0;0;0;0;0;0;0
7467;5.6;0;0;0;0;0;0;0;0;0
7468;6.3;0;0;0;0;0;0;0;0;0
7469;6.4;0;0;0;0;0;0;0;0;0
7470;6.5;0;0;0;0;0;0;0;0;0
7471;6;0;0;0;0;0;0;0;0;0
7472;5.9;0;0;0;0;0;0;0;0;0
7473;6.2;14.96633639;69.42643844;188.1598611;205.4388659;111.1416462;14.96633639;14.96633639;14.96633639;44
7474;7.1;49.15893177;70.75561561;303.3410329;387.0300226;272.7987097;49.15893177;49.15893177;49.15893177;142
7475;8.1;67.62040417;67.62040417;357.9229158;561.7830424;476.1693976;151.2332933;67.62040417;67.62040417;236
7476;8.9;73.64104503;73.64104503;308.9283774;671.6075438;684.0060451;338.8610073;73.64104503;73.64104503;311
7477;9.5;74.03399063;74.03399063;144.5183862;602.5302336;750.9561495;502.8502455;74.03399063;74.03399063;333
7478;9.9;68.23538611;68.23538611;68.23538611;482.2784665;770.7846903;647.74706;185.2393506;68.23538611;317
7479;9.7;61.66538324;61.66538324;61.66538324;266.3599805;592.3683689;607.4981459;302.8864933;61.66538324;236
7480;8.3;41.23305721;41.23305721;41.23305721;56.29879802;145.7519103;173.979296;124.4457354;41.23305721;94
7481;7.5;3.704392816;3.704392816;3.704392816;3.704392816;4.603620613;5.140986622;4.836815463;3.869286475;8
7482;6.7;0;0;0;0;0;0;0;0;0
7483;6.5;0;0;0;0;0;0;0;0;0
7484;5.5;0;0;0;0;0;0;0;0;0
7485;5.4;0;0;0;0;0;0;0;0;0
7486;4.9;0;0;0;0;0;0;0;0;0
7487;4.2;0;0;0;0;0;0;0;0;0
7488;3.9;0;0;0;0;0;0;0;0;0
7489;3.6;0;0;0;0;0;0;0;0;0
7490;3.7;0;0;0;0;0;0;0;0;0
7491;3.5;0;0;0;0;0;0;0;0;0
7492;2.8;0;0;0;0;0;0;0;0;0
7493;2.6;0;0;0;0;0;0;0;0;0
7494;2;0;0;0;0;0;0;0;0;0
7495;2.9;0;0;0;0;0;0;0;0;0
7496;1.7;0;0;0;0;0;0;0;0;0
7497;4.2;16.00136142;45.91661897;111.84452;121.6287986;69.53795702;16.00136142;16.00136142;16.00136142;47
7498;6.4;48.08925922;67.71268374;286.4774186;365.5976028;258.7257055;48.08925922;48.08925922;48.08925922;136
7499;8.7;64.21268956;64.21268956;405.9907717;647.1248597;546.7969041;163.7776607;64.21268956;64.21268956;247
7500;9.7;70.75883723;70.75883723;311.196183;682.9046184;696.0263574;342.8748631;70.75883723;70.75883723;311
7501;10.9;72.41265795;72.41265795;145.0952836;617.1221567;770.065593;514.3334017;72.41265795;72.41265795;333
7502;10.3;78.98119525;78.98119525;78.98119525;251.576818;371.4887753;320.0537594;127.4017049;78.98119525;225
7503;10.7;59.80359154;59.80359154;59.80359154;103.6267515;172.9722759;176.0251198;110.9969687;59.80359154;142
7504;9.7;17.11128271;17.11128271;17.11128271;17.42339918;19.23528277;19.80295593;18.79388343;17.11128271;36
7505;9.7;2.770861089;2.770861089;2.770861089;2.770861089;3.369756777;3.724500594;3.520615323;2.877534191;6
7506;10;0;0;0;0;0;0;0;0;0
7507;9.7;0;0;0;0;0;0;0;0;0
7508;9.5;0;0;0;0;0;0;0;0;0
7509;10.7;0;0;0;0;0;0;0;0;0
7510;8.2;0;0;0;0;0;0;0;0;0
7511;8.5;0;0;0;0;0;0;0;0;0
7512;9;0;0;0;0;0;0;0;0;0
7513;9.5;0;0;0;0;0;0;0;0;0
7514;9;0;0;0;0;0;0;0;0;0
7515;9.3;0;0;0;0;0;0;0;0;0
7516;8.8;0;0;0;0;0;0;0;0;0
7517;7.5;0;0;0;0;0;0;0;0;0
7518;7.5;0;0;0;0;0;0;0;0;0
7519;6.6;0;0;0;0;0;0;0;0;0
7520;6.7;0;0;0;0;0;0;0;0;0
7521;6.4;8.181606491;32.39216867;86.3080603;94.45853488;52.06915492;8.181606491;8.181606491;8.181606491;22
7522;8.9;35.29245047;42.37730743;124.0997756;153.8001171;114.0802748;35.29245047;35.29245047;35.29245047;81
7523;12;64.73173257;64.73173257;212.5369273;317.2783576;274.0814001;108.2502466;64.73173257;64.73173257;172
7524;13;78.4845611;78.4845611;253.0007551;523.5139227;533.3349259;276.7107542;78.4845611;78.4845611;269
7525;14.6;82.63565875;82.63565875;129.9293661;436.6901147;536.0505649;369.8067124;82.63565875;82.63565875;275
7526;14.3;74.54221439;74.54221439;74.54221439;175.1044636;244.7556961;214.6981795;102.5391995;74.54221439;189
7527;13.4;59.36887923;59.36887923;59.36887923;105.4146577;177.8017207;180.8124315;112.6831564;59.36887923;142
7528;12;30.59071459;30.59071459;30.59071459;32.36028556;42.4070335;45.53194208;39.90448223;30.59071459;64
7529;11.2;5.766766823;5.766766823;5.766766823;5.766766823;8.640060473;10.32698245;9.342591953;6.263531596;11
7530;10.2;0;0;0;0;0;0;0;0;0
7531;9.2;0;0;0;0;0;0;0;0;0
7532;8.2;0;0;0;0;0;0;0;0;0
7533;6.4;0;0;0;0;0;0;0;0;0
7534;4.7;0;0;0;0;0;0;0;0;0
7535;3.9;0;0;0;0;0;0;0;0;0
7536;4;0;0;0;0;0;0;0;0;0
7537;3.8;0;0;0;0;0;0;0;0;0
7538;3.6;0;0;0;0;0;0;0;0;0
7539;3.5;0;0;0;0;0;0;0;0;0
7540;3.3;0;0;0;0;0;0;0;0;0
7541;3.2;0;0;0;0;0;0;0;0;0
7542;3.3;0;0;0;0;0;0;0;0;0
7543;2.8;0;0;0;0;0;0;0;0;0
7544;2.6;0;0;0;0;0;0;0;0;0
7545;2.8;1.406445182;1.436288295;1.503422033;1.513748047;1.461217498;1.406445182;1.406445182;1.406445182;3
7546;3.4;10.47491848;10.52420146;11.11206856;11.32670179;11.04237191;10.47491848;10.47491848;10.47491848;22
7547;4.1;20.12557386;20.12557386;20.93907396;21.51794608;21.28118543;20.3674832;20.12557386;20.12557386;42
7548;4.4;32.44602881;32.44602881;33.32974804;34.70282606;34.75390285;33.45305834;32.44602881;32.44602881;67
7549;4.7;36.35764599;36.35764599;36.6481638;38.52895875;39.13782813;38.11810452;36.35764599;36.35764599;75
7550;4.9;39.38650342;39.38650342;39.38650342;41.59390925;43.11787833;42.4560586;39.99613507;39.38650342;81
7551;5.3;36.45943826;36.45943826;36.45943826;38.26359673;41.08112231;41.19132806;38.52965694;36.45943826;75
7552;5.1;18.59570716;18.59570716;18.59570716;19.01893629;21.36971217;22.09551354;20.77117579;18.59570716;39
7553;4.2;4.231202466;4.231202466;4.231202466;4.231202466;5.780365659;6.681839069;6.147762793;4.490991472;8
7554;3.3;0;0;0;0;0;0;0;0;0
7555;2.9;0;0;0;0;0;0;0;0;0
7556;1.8;0;0;0;0;0;0;0;0;0
7557;1.9;0;0;0;0;0;0;0;0;0
7558;2.6;0;0;0;0;0;0;0;0;0
7559;2.5;0;0;0;0;0;0;0;0;0
7560;2.3;0;0;0;0;0;0;0;0;0
7561;1.9;0;0;0;0;0;0;0;0;0
7562;1.8;0;0;0;0;0;0;0;0;0
7563;1.6;0;0;0;0;0;0;0;0;0
7564;0.4;0;0;0;0;0;0;0;0;0
7565;0.5;0;0;0;0;0;0;0;0;0
7566;1;0;0;0;0;0;0;0;0;0
7567;1.1;0;0;0;0;0;0;0;0;0
7568;0.9;0;0;0;0;0;0;0;0;0
7569;1.8;10.93317879;30.83688812;76.04963327;83.11804252;47.9015376;10.93317879;10.93317879;10.93317879;33
7570;2.9;29.90725992;36.49678431;117.729853;147.5176377;108.4108582;29.90725992;29.90725992;29.90725992;72
7571;4.2;49.53910329;49.53910329;103.9738524;142.8586323;127.0780977;65.87627181;49.53910329;49.53910329;117
7572;5.3;69.76625036;69.76625036;121.1993436;201.2801134;204.3218459;128.5427354;69.76625036;69.76625036;169
7573;6.4;80.92719073;80.92719073;127.9494078;431.5905887;529.8179068;365.0911315;80.92719073;80.92719073;267
7574;6.7;62.1406764;62.1406764;62.1406764;109.9728227;142.884805;128.4979718;75.23993492;62.1406764;139
7575;7.3;52.97215993;52.97215993;52.97215993;83.55782929;131.0039332;132.7400826;87.74926478;52.97215993;119
7576;7.3;13.22724346;13.22724346;13.22724346;13.46176399;14.7365228;15.12716624;14.40486069;13.22724346;28
7577;7.4;1.379164044;1.379164044;1.379164044;1.379164044;1.648047538;1.80312599;1.709853283;1.422867305;3
7578;7.3;0;0;0;0;0;0;0;0;0
7579;7.3;0;0;0;0;0;0;0;0;0
7580;8;0;0;0;0;0;0;0;0;0
7581;7.9;0;0;0;0;0;0;0;0;0
7582;7.8;0;0;0;0;0;0;0;0;0
7583;7.4;0;0;0;0;0;0;0;0;0
7584;6.8;0;0;0;0;0;0;0;0;0
7585;7.3;0;0;0;0;0;0;0;0;0
7586;8;0;0;0;0;0;0;0;0;0
7587;9.7;0;0;0;0;0;0;0;0;0
7588;10.1;0;0;0;0;0;0;0;0;0
7589;9.9;0;0;0;0;0;0;0;0;0
7590;8.8;0;0;0;0;0;0;0;0;0
7591;7.5;0;0;0;0;0;0;0;0;0
7592;5.1;0;0;0;0;0;0;0;0;0
7593;6.8;12.10620617;43.71225952;116.1840087;127.6883926;71.48629934;12.10620617;12.10620617;12.10620617;36
7594;9;43.91165405;63.70866854;315.7420925;408.5409322;287.7448861;43.91165405;43.91165405;43.91165405;131
7595;10.9;64.58108343;64.58108343;320.4252798;503.8424435;429.9462599;142.0241111;64.58108343;64.58108343;208
7596;11.8;72.1178786;72.1178786;281.2649426;607.4912815;620.1031419;311.712667;72.1178786;72.1178786;278
7597;12.8;77.59970571;77.59970571;131.7483658;480.2911433;592.9427381;403.7133738;77.59970571;77.59970571;278
7598;12.7;74.23903407;74.23903407;74.23903407;216.3392953;313.7732603;270.8913242;112.8131436;74.23903407;197
7599;12.5;45.31247004;45.31247004;45.31247004;54.96302615;69.83242205;70.33836261;56.18447471;45.31247004;97
7600;12;30.37108458;30.37108458;30.37108458;36.14486076;66.86697899;76.21029724;58.70162641;30.37108458;64
7601;10.4;4.218854742;4.218854742;4.218854742;4.218854742;6.624838688;8.000158853;7.160442352;4.597583724;8
7602;10.3;0;0;0;0;0;0;0;0;0
7603;9.2;0;0;0;0;0;0;0;0;0
7604;9.1;0;0;0;0;0;0;0;0;0
7605;8.8;0;0;0;0;0;0;0;0;0
7606;8.2;0;0;0;0;0;0;0;0;0
7607;7.7;0;0;0;0;0;0;0;0;0
7608;7.1;0;0;0;0;0;0;0;0;0
7609;7.4;0;0;0;0;0;0;0;0;0
7610;6.9;0;0;0;0;0;0;0;0;0
7611;6.2;0;0;0;0;0;0;0;0;0
7612;6;0;0;0;0;0;0;0;0;0
7613;5.8;0;0;0;0;0;0;0;0;0
7614;5.6;0;0;0;0;0;0;0;0;0
7615;6.3;0;0;0;0;0;0;0;0;0
7616;6.3;0;0;0;0;0;0;0;0;0
7617;6;3.731897099;4.525447174;6.361486983;6.657148701;5.239237705;3.731897099;3.731897099;3.731897099;8
7618;6.9;25.34379929;29.23970609;80.41800627;99.33458294;74.90836204;25.34379929;25.34379929;25.34379929;58
7619;7.2;48.08647613;48.08647613;104.1801517;144.5281805;128.3819669;65.19974379;48.08647613;48.08647613;114
7620;7.5;47.16398439;47.16398439;54.79670554;66.72026421;67.18801939;55.92596645;47.16398439;47.16398439;100
7621;8;33.36520715;33.36520715;33.63428701;35.35968062;35.91673872;34.97914423;33.36520715;33.36520715;69
7622;8.3;10.32537723;10.32537723;10.32537723;10.5037181;10.62555812;10.57155624;10.37334604;10.32537723;22
7623;8.6;20.97511419;20.97511419;20.97511419;21.67388861;22.74320737;22.77680113;21.75499112;20.97511419;44
7624;8.5;15.6666357;15.6666357;15.6666357;16.04315038;18.00492469;18.59696102;17.47245251;15.6666357;33
7625;8.4;5.836856208;5.836856208;5.836856208;5.836856208;21.29781307;30.0570228;24.62838742;8.191927914;11
7626;8.2;0;0;0;0;0;0;0;0;0
7627;8;0;0;0;0;0;0;0;0;0
7628;7.8;0;0;0;0;0;0;0;0;0
7629;7.9;0;0;0;0;0;0;0;0;0
7630;7.6;0;0;0;0;0;0;0;0;0
7631;7.6;0;0;0;0;0;0;0;0;0
7632;7.8;0;0;0;0;0;0;0;0;0
7633;8.2;0;0;0;0;0;0;0;0;0
7634;8.1;0;0;0;0;0;0;0;0;0
7635;8;0;0;0;0;0;0;0;0;0
7636;8.6;0;0;0;0;0;0;0;0;0
7637;8.9;0;0;0;0;0;0;0;0;0
7638;8.3;0;0;0;0;0;0;0;0;0
7639;8.2;0;0;0;0;0;0;0;0;0
7640;8.1;0;0;0;0;0;0;0;0;0
7641;8.9;2.804712074;3.362987909;4.665854211;4.87848869;3.876332953;2.804712074;2.804712074;2.804712074;6
7642;9;20.37689772;21.89960629;42.52044025;50.16988731;40.36700513;20.37689772;20.37689772;20.37689772;44
7643;9.6;39.33203225;39.33203225;61.6920165;77.82473172;71.40894565;46.20293875;39.33203225;39.33203225;86
7644;10.5;57.89125438;57.89125438;83.70986964;124.0927242;125.6956556;87.57968835;57.89125438;57.89125438;133
7645;10.5;54.4340147;54.4340147;57.536302;77.34070952;83.72668589;72.95341275;54.4340147;54.4340147;117
7646;10.6;43.42065682;43.42065682;43.42065682;46.87069643;49.2188697;48.1705285;44.3397769;43.42065682;89
7647;10.7;32.45548513;32.45548513;32.45548513;34.14051001;36.70132552;36.77498531;34.31834048;32.45548513;67
7648;11.1;37.07563825;37.07563825;37.07563825;96.33602123;398.7756988;489.3363864;314.9688614;37.07563825;117
7649;9.6;5.84628537;5.84628537;5.84628537;5.84628537;42.59514474;63.22922624;50.24915922;11.25849091;11
7650;7.7;0;0;0;0;0;0;0;0;0
7651;7.3;0;0;0;0;0;0;0;0;0
7652;5.2;0;0;0;0;0;0;0;0;0
7653;6.1;0;0;0;0;0;0;0;0;0
7654;7.3;0;0;0;0;0;0;0;0;0
7655;5.7;0;0;0;0;0;0;0;0;0
7656;5.3;0;0;0;0;0;0;0;0;0
7657;4.7;0;0;0;0;0;0;0;0;0
7658;4;0;0;0;0;0;0;0;0;0
7659;3.7;0;0;0;0;0;0;0;0;0
7660;4.1;0;0;0;0;0;0;0;0;0
7661;4.6;0;0;0;0;0;0;0;0;0
7662;5;0;0;0;0;0;0;0;0;0
7663;4.9;0;0;0;0;0;0;0;0;0
7664;4.9;0;0;0;0;0;0;0;0;0
7665;5.3;1.407399653;1.644262675;2.201604951;2.293712534;1.866630052;1.407399653;1.407399653;1.407399653;3
7666;5.8;9.045679169;9.085304229;9.637912065;9.843597902;9.581873768;9.045679169;9.045679169;9.045679169;19
7667;6.5;14.73590492;14.73590492;15.25189932;15.62522906;15.47760478;14.89550277;14.73590492;14.73590492;31
7668;6.7;14.65973754;14.65973754;14.87579482;15.21405409;15.22760224;14.90850295;14.65973754;14.65973754;31
7669;7.1;22.42889732;22.42889732;22.56172743;23.40543202;23.67709582;23.21758187;22.42889732;22.42889732;47
7670;7.1;23.89805769;23.89805769;23.89805769;24.87615245;25.5392823;25.24100504;24.15604743;23.89805769;50
7671;7.1;14.64640611;14.64640611;14.64640611;15.02150633;15.58760935;15.60236828;15.05713753;14.64640611;31
7672;6.9;5.116201727;5.116201727;5.116201727;5.164553777;5.406337554;5.478163698;5.337957429;5.116201727;11
7673;6.7;0;0;0;0;0;0;0;0;0
7674;6.5;0;0;0;0;0;0;0;0;0
7675;6.3;0;0;0;0;0;0;0;0;0
7676;6.7;0;0;0;0;0;0;0;0;0
7677;4.9;0;0;0;0;0;0;0;0;0
7678;6.1;0;0;0;0;0;0;0;0;0
7679;6.6;0;0;0;0;0;0;0;0;0
7680;6.9;0;0;0;0;0;0;0;0;0
7681;6.8;0;0;0;0;0;0;0;0;0
7682;7.1;0;0;0;0;0;0;0;0;0
7683;7.2;0;0;0;0;0;0;0;0;0
7684;8;0;0;0;0;0;0;0;0;0
7685;6.7;0;0;0;0;0;0;0;0;0
7686;6;0;0;0;0;0;0;0;0;0
7687;6.4;0;0;0;0;0;0;0;0;0
7688;7.2;0;0;0;0;0;0;0;0;0
7689;7.5;2.802439471;3.413477362;4.862561453;5.104854027;3.99842338;2.802439471;2.802439471;2.802439471;6
7690;8.2;31.42393499;39.10125836;149.232607;190.3532334;138.3752322;31.42393499;31.42393499;31.42393499;75
7691;8.7;58.56432589;58.56432589;213.9856051;326.7194534;282.3716648;106.9205724;58.56432589;58.56432589;158
7692;8.6;55.91574713;55.91574713;80.83222312;119.8681291;121.441597;84.63091078;55.91574713;55.91574713;128
7693;8.5;46.61620746;46.61620746;47.92332086;56.17932141;58.83337951;54.33078392;46.61620746;46.61620746;97
7694;8.8;53.65714426;53.65714426;53.65714426;75.81836497;90.78309121;83.99994124;59.44239233;53.65714426;117
7695;9.1;41.85387011;41.85387011;41.85387011;50.34154769;63.06161568;63.35847394;51.05822693;41.85387011;89
7696;8.9;15.67910472;15.67910472;15.67910472;16.14689653;18.43952228;19.11513285;17.77796475;15.67910472;33
7697;8.2;1.58507891;1.58507891;1.58507891;1.58507891;2.741342176;3.379041152;2.965861378;1.74383796;3
7698;8.3;0;0;0;0;0;0;0;0;0
7699;8.7;0;0;0;0;0;0;0;0;0
7700;8.7;0;0;0;0;0;0;0;0;0
7701;8.9;0;0;0;0;0;0;0;0;0
7702;9;0;0;0;0;0;0;0;0;0
7703;9;0;0;0;0;0;0;0;0;0
7704;9.1;0;0;0;0;0;0;0;0;0
7705;8.8;0;0;0;0;0;0;0;0;0
7706;9;0;0;0;0;0;0;0;0;0
7707;9.2;0;0;0;0;0;0;0;0;0
7708;9.7;0;0;0;0;0;0;0;0;0
7709;10.6;0;0;0;0;0;0;0;0;0
7710;11.2;0;0;0;0;0;0;0;0;0
7711;11.8;0;0;0;0;0;0;0;0;0
7712;12.1;0;0;0;0;0;0;0;0;0
7713;12.1;2.801074823;3.448278613;4.994568825;5.255939999;4.079284447;2.801074823;2.801074823;2.801074823;6
7714;12.3;6.611747467;6.634085876;6.963281054;7.086552625;6.931689774;6.611747467;6.611747467;6.611747467;14
7715;12.8;17.21671932;17.21671932;17.95599043;18.49342936;18.28298886;17.44794213;17.21671932;17.21671932;36
7716;12.8;10.33456979;10.33456979;10.44931058;10.62914527;10.63642164;10.46687729;10.33456979;10.33456979;22
7717;12.7;11.76032585;11.76032585;11.80035751;12.05164969;12.13228832;11.99503638;11.76032585;11.76032585;25
7718;12.5;11.75735504;11.75735504;11.75735504;12.01678081;12.19123956;12.11153465;11.82435613;11.75735504;25
7719;12.6;7.948786302;7.948786302;7.948786302;8.070691129;8.252097269;8.255827959;8.07969781;7.948786302;17
7720;12.7;2.776367696;2.776367696;2.776367696;2.792989213;2.872852919;2.896196889;2.849346543;2.776367696;6
7721;12.5;0;0;0;0;0;0;0;0;0
7722;12.4;0;0;0;0;0;0;0;0;0
7723;12.2;0;0;0;0;0;0;0;0;0
7724;12.1;0;0;0;0;0;0;0;0;0
7725;12.1;0;0;0;0;0;0;0;0;0
7726;11.7;0;0;0;0;0;0;0;0;0
7727;11.9;0;0;0;0;0;0;0;0;0
7728;12;0;0;0;0;0;0;0;0;0
7729;12.1;0;0;0;0;0;0;0;0;0
7730;12.1;0;0;0;0;0;0;0;0;0
7731;11.9;0;0;0;0;0;0;0;0;0
7732;11.8;0;0;0;0;0;0;0;0;0
7733;11.9;0;0;0;0;0;0;0;0;0
7734;11.7;0;0;0;0;0;0;0;0;0
7735;11.8;0;0;0;0;0;0;0;0;0
7736;11.9;0;0;0;0;0;0;0;0;0
7737;12;1.406365283;1.669158769;2.301439233;2.409397517;1.929793122;1.406365283;1.406365283;1.406365283;3
7738;12.3;6.617970942;6.640777012;6.98556102;7.115015746;6.953308366;6.617970942;6.617970942;6.617970942;14
7739;12.5;15.74125465;15.74125465;16.38140221;16.8477103;16.66587167;15.94240493;15.74125465;15.74125465;33
7740;12.7;27.00598321;27.00598321;27.7693008;28.9658241;29.01429919;27.88633002;27.00598321;27.00598321;56
7741;13;43.19148579;43.19148579;44.02213897;49.20152816;50.86031604;48.02680717;43.19148579;43.19148579;89
7742;13.3;40.53851395;40.53851395;40.53851395;43.48276954;45.4543214;44.54625992;41.29051521;40.53851395;83
7743;13.1;13.20377878;13.20377878;13.20377878;13.54744627;14.05523148;14.06424726;13.56921226;13.20377878;28
7744;13.1;2.776206026;2.776206026;2.776206026;2.79406853;2.878236922;2.902636998;2.852975526;2.776206026;6
7745;12.8;0;0;0;0;0;0;0;0;0
7746;12.7;0;0;0;0;0;0;0;0;0
7747;12.6;0;0;0;0;0;0;0;0;0
7748;12.4;0;0;0;0;0;0;0;0;0
7749;12.2;0;0;0;0;0;0;0;0;0
7750;12;0;0;0;0;0;0;0;0;0
7751;12;0;0;0;0;0;0;0;0;0
7752;12;0;0;0;0;0;0;0;0;0
7753;11.9;0;0;0;0;0;0;0;0;0
7754;11.7;0;0;0;0;0;0;0;0;0
7755;11.4;0;0;0;0;0;0;0;0;0
7756;11.2;0;0;0;0;0;0;0;0;0
7757;11.1;0;0;0;0;0;0;0;0;0
7758;10.9;0;0;0;0;0;0;0;0;0
7759;11;0;0;0;0;0;0;0;0;0
7760;11.1;0;0;0;0;0;0;0;0;0
7761;11;0;0;0;0;0;0;0;0;0
7762;10.7;2.787271008;2.791553429;2.857870595;2.88283148;2.851814337;2.787271008;2.787271008;2.787271008;6
7763;10.3;5.124061808;5.124061808;5.197346749;5.250823092;5.230044394;5.147182534;5.124061808;5.124061808;11
7764;9.8;10.33621576;10.33621576;10.45715756;10.64671294;10.65438328;10.4756754;10.33621576;10.33621576;22
7765;9.5;14.64501387;14.64501387;14.71063224;15.11683297;15.24664846;15.02403457;14.64501387;14.64501387;31
7766;9.8;11.75817321;11.75817321;11.75817321;12.03312822;12.21644286;12.13130936;11.82759775;11.75817321;25
7767;10.1;25.46798506;25.46798506;25.46798506;26.74722045;28.6238758;28.65185315;26.81476376;25.46798506;53
7768;9.8;10.34839804;10.34839804;10.34839804;10.60642384;11.79911251;12.14199232;11.43420893;10.34839804;22
7769;9.9;0;0;0;0;0;0;0;0;0
7770;9.9;0;0;0;0;0;0;0;0;0
7771;9.6;0;0;0;0;0;0;0;0;0
7772;9.2;0;0;0;0;0;0;0;0;0
7773;9;0;0;0;0;0;0;0;0;0
7774;8.9;0;0;0;0;0;0;0;0;0
7775;8.7;0;0;0;0;0;0;0;0;0
7776;8.6;0;0;0;0;0;0;0;0;0
7777;8.5;0;0;0;0;0;0;0;0;0
7778;8.3;0;0;0;0;0;0;0;0;0
7779;8.5;0;0;0;0;0;0;0;0;0
7780;8.5;0;0;0;0;0;0;0;0;0
7781;8.7;0;0;0;0;0;0;0;0;0
7782;8.3;0;0;0;0;0;0;0;0;0
7783;7.9;0;0;0;0;0;0;0;0;0
7784;7.7;0;0;0;0;0;0;0;0;0
7785;7.9;1.4053946;1.699706222;2.416911952;2.541584536;2.000692464;1.4053946;1.4053946;1.4053946;3
7786;8.3;15.52288712;16.40877559;30.4385272;35.73089914;29.18569171;15.52288712;15.52288712;15.52288712;33
7787;8.7;27.97652841;27.97652841;32.71408902;36.17621785;34.83507981;29.47629537;27.97652841;27.97652841;58
7788;9.5;46.15569116;46.15569116;58.13654803;76.90706262;77.66384087;59.96357235;46.15569116;46.15569116;100
7789;9.8;40.55442538;40.55442538;41.073649;44.26303981;45.27997459;43.52874673;40.55442538;40.55442538;83
7790;10.6;47.11124389;47.11124389;47.11124389;60.37253429;69.17441128;65.05198405;50.42011455;47.11124389;100
7791;10.8;37.30278395;37.30278395;37.30278395;42.72608229;50.6251138;50.72010518;42.95541175;37.30278395;78
7792;10.5;14.71482537;14.71482537;14.71482537;15.26512744;17.7611677;18.47270194;16.98292305;14.71482537;31
7793;10.2;1.070783701;1.070783701;1.070783701;1.070783701;5.873928574;8.42979565;6.674853332;1.637123029;6
7794;10.3;0;0;0;0;0;0;0;0;0
7795;10.6;0;0;0;0;0;0;0;0;0
7796;10.2;0;0;0;0;0;0;0;0;0
7797;10;0;0;0;0;0;0;0;0;0
7798;9.8;0;0;0;0;0;0;0;0;0
7799;9.8;0;0;0;0;0;0;0;0;0
7800;9.1;0;0;0;0;0;0;0;0;0
7801;9.1;0;0;0;0;0;0;0;0;0
7802;9.4;0;0;0;0;0;0;0;0;0
7803;9.6;0;0;0;0;0;0;0;0;0
7804;9.3;0;0;0;0;0;0;0;0;0
7805;9.5;0;0;0;0;0;0;0;0;0
7806;9.5;0;0;0;0;0;0;0;0;0
7807;9.4;0;0;0;0;0;0;0;0;0
7808;9.2;0;0;0;0;0;0;0;0;0
7809;9.4;0;0;0;0;0;0;0;0;0
7810;9.7;8.120645983;8.156733665;8.740192126;8.96072886;8.689156438;8.120645983;8.120645983;8.120645983;17
7811;10.8;29.08353164;29.08353164;37.00080189;42.79366923;40.55532392;31.59695827;29.08353164;29.08353164;61
7812;11.2;28.05115616;28.05115616;28.93662349;30.32298251;30.37853647;29.0707426;28.05115616;28.05115616;58
7813;12.3;47.2317195;47.2317195;49.52699949;63.51055708;67.95819239;60.26454098;47.2317195;47.2317195;100
7814;13.5;66.29652709;66.29652709;66.29652709;202.849789;293.0688231;250.4477217;99.95334812;66.29652709;172
7815;13.8;49.43087304;49.43087304;49.43087304;96.43080612;164.3933587;165.0124463;97.9254159;49.43087304;117
7816;13.7;21.05659455;21.05659455;21.05659455;22.5160364;29.01363292;30.85010427;26.94967045;21.05659455;44
7817;13.6;0.536018581;0.536018581;0.536018581;0.536018581;2.896021892;4.140689184;3.273789324;0.803140493;3
7818;13.7;0;0;0;0;0;0;0;0;0
7819;13.4;0;0;0;0;0;0;0;0;0
7820;13.5;0;0;0;0;0;0;0;0;0
7821;13.4;0;0;0;0;0;0;0;0;0
7822;13.3;0;0;0;0;0;0;0;0;0
7823;13.4;0;0;0;0;0;0;0;0;0
7824;13.6;0;0;0;0;0;0;0;0;0
7825;13.5;0;0;0;0;0;0;0;0;0
7826;13.5;0;0;0;0;0;0;0;0;0
7827;13.1;0;0;0;0;0;0;0;0;0
7828;12.9;0;0;0;0;0;0;0;0;0
7829;12.4;0;0;0;0;0;0;0;0;0
7830;11.9;0;0;0;0;0;0;0;0;0
7831;11.5;0;0;0;0;0;0;0;0;0
7832;11.1;0;0;0;0;0;0;0;0;0
7833;11.6;0;0;0;0;0;0;0;0;0
7834;12;10.65517681;10.71723991;11.73974041;12.12691827;11.65196994;10.65517681;10.65517681;10.65517681;22
7835;12.2;13.30959409;13.30959409;13.82822884;14.20806684;14.06159168;13.47460654;13.30959409;13.30959409;28
7836;12.9;22.54496106;22.54496106;23.1415403;24.07473856;24.11181392;23.23104812;22.54496106;22.54496106;47
7837;14.3;50.00869309;50.00869309;53.55458679;74.9704782;81.76409443;69.95582723;50.00869309;50.00869309;108
7838;14.1;36.5042602;36.5042602;36.5042602;39.1977203;40.96891889;40.12478096;37.15979108;36.5042602;75
7839;14.2;29.51285785;29.51285785;29.51285785;31.40898277;34.13098973;34.14775767;31.44946415;29.51285785;61
7840;13.3;6.53282583;6.53282583;6.53282583;6.662183411;7.227643858;7.386089327;7.044704612;6.53282583;14
7841;12.4;0;0;0;0;0;0;0;0;0
7842;12.3;0;0;0;0;0;0;0;0;0
7843;11.4;0;0;0;0;0;0;0;0;0
7844;11.3;0;0;0;0;0;0;0;0;0
7845;10.9;0;0;0;0;0;0;0;0;0
7846;9.6;0;0;0;0;0;0;0;0;0
7847;9.8;0;0;0;0;0;0;0;0;0
7848;9.7;0;0;0;0;0;0;0;0;0
7849;9.5;0;0;0;0;0;0;0;0;0
7850;9.8;0;0;0;0;0;0;0;0;0
7851;9.8;0;0;0;0;0;0;0;0;0
7852;9.8;0;0;0;0;0;0;0;0;0
7853;9.8;0;0;0;0;0;0;0;0;0
7854;10;0;0;0;0;0;0;0;0;0
7855;9.3;0;0;0;0;0;0;0;0;0
7856;8.4;0;0;0;0;0;0;0;0;0
7857;8;0;0;0;0;0;0;0;0;0
7858;7.9;5.18820867;5.20416685;5.471558592;5.572967793;5.448990318;5.18820867;5.18820867;5.18820867;11
7859;7.8;8.940138338;8.940138338;9.185928499;9.366068365;9.296704198;9.018468586;8.940138338;8.940138338;19
7860;7.4;13.22714666;13.22714666;13.44433374;13.78367112;13.79700403;13.47652222;13.22714666;13.22714666;28
7861;7.5;14.65095676;14.65095676;14.7256027;15.17234189;15.31366073;15.06677658;14.65095676;14.65095676;31
7862;7.3;8.898898009;8.898898009;8.898898009;9.076571746;9.192849347;9.136934241;8.941580738;8.898898009;19
7863;7.2;5.118147761;5.118147761;5.118147761;5.182105242;5.273254511;5.27354435;5.182804974;5.118147761;11
7864;7;3.708872363;3.708872363;3.708872363;3.754188588;3.948741296;4.002782036;3.884654476;3.708872363;8
7865;6.9;0;0;0;0;0;0;0;0;0
7866;6.8;0;0;0;0;0;0;0;0;0
7867;6.8;0;0;0;0;0;0;0;0;0
7868;6.7;0;0;0;0;0;0;0;0;0
7869;6.8;0;0;0;0;0;0;0;0;0
7870;6.8;0;0;0;0;0;0;0;0;0
7871;6.8;0;0;0;0;0;0;0;0;0
7872;6.7;0;0;0;0;0;0;0;0;0
7873;5.7;0;0;0;0;0;0;0;0;0
7874;3.8;0;0;0;0;0;0;0;0;0
7875;4.7;0;0;0;0;0;0;0;0;0
7876;5.2;0;0;0;0;0;0;0;0;0
7877;4.4;0;0;0;0;0;0;0;0;0
7878;5;0;0;0;0;0;0;0;0;0
7879;3;0;0;0;0;0;0;0;0;0
7880;2.5;0;0;0;0;0;0;0;0;0
7881;2.5;2.187435987;4.536378364;10.37789891;11.42155735;7.055992741;2.187435987;2.187435987;2.187435987;6
7882;4.3;26.63859925;35.00324233;177.2564525;231.2797669;165.4270608;26.63859925;26.63859925;26.63859925;67
7883;6.6;55.33377344;55.33377344;248.3629479;389.8991797;335.4515341;116.9147033;55.33377344;55.33377344;158
7884;8.5;67.78416591;67.78416591;209.3970426;430.3416401;438.9049863;230.0707892;67.78416591;67.78416591;206
7885;9.7;61.26673505;61.26673505;140.0958215;607.389629;754.7720519;495.9084658;61.26673505;61.26673505;272
7886;9.4;66.72280533;66.72280533;66.72280533;253.6451374;375.3778011;316.3045544;111.029704;66.72280533;183
7887;8.7;46.51519856;46.51519856;46.51519856;88.96769914;149.0292252;149.0394247;88.99232307;46.51519856;108
7888;7.9;22.60833739;22.60833739;22.60833739;28.77573536;54.78855947;61.95064592;46.06654162;22.60833739;47
7889;6.9;2.807352946;2.807352946;2.807352946;2.807352946;2.807352946;2.807352946;2.807352946;2.807352946;6
7890;6.9;0;0;0;0;0;0;0;0;0
7891;6.7;0;0;0;0;0;0;0;0;0
7892;6.6;0;0;0;0;0;0;0;0;0
7893;6.5;0;0;0;0;0;0;0;0;0
7894;6.4;0;0;0;0;0;0;0;0;0
7895;6.5;0;0;0;0;0;0;0;0;0
7896;6.3;0;0;0;0;0;0;0;0;0
7897;6.8;0;0;0;0;0;0;0;0;0
7898;6.8;0;0;0;0;0;0;0;0;0
7899;6.8;0;0;0;0;0;0;0;0;0
7900;7;0;0;0;0;0;0;0;0;0
7901;6.9;0;0;0;0;0;0;0;0;0
7902;7.3;0;0;0;0;0;0;0;0;0
7903;7.8;0;0;0;0;0;0;0;0;0
7904;8.1;0;0;0;0;0;0;0;0;0
7905;8;3.797274309;12.101676;32.83565888;36.5593499;21.09146138;3.797274309;3.797274309;3.797274309;11
7906;8.3;11.95053832;12.3477837;19.19010674;21.79158879;18.62831695;11.95053832;11.95053832;11.95053832;25
7907;8.3;17.30377849;17.30377849;18.23744221;18.92218303;18.65888442;17.60178314;17.30377849;17.30377849;36
7908;10.2;45.3800456;45.3800456;61.20445397;85.85257032;86.79243058;63.47347737;45.3800456;45.3800456;100
7909;10.5;49.57316405;49.57316405;53.80179061;78.62089963;86.42423911;72.6407186;49.57316405;49.57316405;108
7910;10.7;40.08467185;40.08467185;40.08467185;45.98523686;49.80882545;47.93613674;41.46416639;40.08467185;83
7911;10.7;24.01245503;24.01245503;24.01245503;25.43205457;27.42586489;27.42014601;25.41824797;24.01245503;50
7912;10.7;7.959446602;7.959446602;7.959446602;8.194569905;9.169137356;9.43508437;8.836622793;7.959446602;17
7913;10.6;1.388185841;1.388185841;1.388185841;1.388185841;1.388185841;1.388185841;1.388185841;1.388185841;3
7914;10.1;0;0;0;0;0;0;0;0;0
7915;9.4;0;0;0;0;0;0;0;0;0
7916;8.9;0;0;0;0;0;0;0;0;0
7917;8.7;0;0;0;0;0;0;0;0;0
7918;8.2;0;0;0;0;0;0;0;0;0
7919;8;0;0;0;0;0;0;0;0;0
7920;7.5;0;0;0;0;0;0;0;0;0
7921;5.8;0;0;0;0;0;0;0;0;0
7922;5.1;0;0;0;0;0;0;0;0;0
7923;4.5;0;0;0;0;0;0;0;0;0
7924;4.6;0;0;0;0;0;0;0;0;0
7925;4.4;0;0;0;0;0;0;0;0;0
7926;4.8;0;0;0;0;0;0;0;0;0
7927;5.6;0;0;0;0;0;0;0;0;0
7928;5.6;0;0;0;0;0;0;0;0;0
7929;5.3;1.099615436;2.20547931;4.976249597;5.476140169;3.412321908;1.099615436;1.099615436;1.099615436;3
7930;5.2;10.66750899;10.81256645;13.3375855;14.29850995;13.13244328;10.66750899;10.66750899;10.66750899;22
7931;5.6;30.80388796;30.80388796;50.83089618;65.51798046;59.87002016;37.19551382;30.80388796;30.80388796;67
7932;5.8;37.2189775;37.2189775;42.42462168;50.51745948;50.8202269;43.15556689;37.2189775;37.2189775;78
7933;5.9;44.43110521;44.43110521;46.76331741;60.31131892;64.55690662;57.0130728;44.43110521;44.43110521;94
7934;6.2;43.48462671;43.48462671;43.48462671;55.76077634;63.67542076;59.76257186;46.31432346;43.48462671;92
7935;6.3;39.81946319;39.81946319;39.81946319;63.42417307;96.33487931;96.13962127;62.95277846;39.81946319;86
7936;6.1;15.71272787;15.71272787;15.71272787;16.66144334;20.52699638;21.57241622;19.18531009;15.71272787;33
7937;5.9;1.388502995;1.388502995;1.388502995;1.388502995;1.388502995;1.388502995;1.388502995;1.388502995;3
7938;5;0;0;0;0;0;0;0;0;0
7939;4.9;0;0;0;0;0;0;0;0;0
7940;4.7;0;0;0;0;0;0;0;0;0
7941;3.7;0;0;0;0;0;0;0;0;0
7942;3.3;0;0;0;0;0;0;0;0;0
7943;2.9;0;0;0;0;0;0;0;0;0
7944;1.5;0;0;0;0;0;0;0;0;0
7945;0.5;0;0;0;0;0;0;0;0;0
7946;0.2;0;0;0;0;0;0;0;0;0
7947;-0.7;0;0;0;0;0;0;0;0;0
7948;-0.9;0;0;0;0;0;0;0;0;0
7949;-1.3;0;0;0;0;0;0;0;0;0
7950;-1.6;0;0;0;0;0;0;0;0;0
7951;-1.7;0;0;0;0;0;0;0;0;0
7952;-1.9;0;0;0;0;0;0;0;0;0
7953;-1.3;3.50198383;24.00557938;75.53507768;84.86856655;46.53861478;3.50198383;3.50198383;3.50198383;8
7954;1.1;30.3533637;38.94597956;189.7647243;247.202456;177.6129304;30.3533637;30.3533637;30.3533637;83
7955;4.5;52.64653401;52.64653401;291.2827168;466.2405159;398.9205696;128.7579896;52.64653401;52.64653401;164
7956;7.8;61.74163026;61.74163026;263.6547206;576.8803487;588.344702;291.3321179;61.74163026;61.74163026;228
7957;9;63.21593545;63.21593545;135.1794617;548.7849188;677.950651;447.0131241;63.21593545;63.21593545;250
7958;8.8;60.40271184;60.40271184;60.40271184;392.235843;605.0704648;498.8461039;135.7875502;60.40271184;219
7959;8.6;48.8978293;48.8978293;48.8978293;229.8974124;480.4127205;478.1524576;224.4406552;48.8978293;158
7960;6.3;27.87511774;27.87511774;27.87511774;69.58494818;236.6948753;281.4810206;177.7082674;27.87511774;69
7961;3.6;2.811892668;2.811892668;2.811892668;2.811892668;2.811892668;2.811892668;2.811892668;2.811892668;6
7962;3.7;0;0;0;0;0;0;0;0;0
7963;3.9;0;0;0;0;0;0;0;0;0
7964;3.6;0;0;0;0;0;0;0;0;0
7965;3.4;0;0;0;0;0;0;0;0;0
7966;3.1;0;0;0;0;0;0;0;0;0
7967;3;0;0;0;0;0;0;0;0;0
7968;3.2;0;0;0;0;0;0;0;0;0
7969;2.8;0;0;0;0;0;0;0;0;0
7970;2.2;0;0;0;0;0;0;0;0;0
7971;2.3;0;0;0;0;0;0;0;0;0
7972;2.6;0;0;0;0;0;0;0;0;0
7973;2.2;0;0;0;0;0;0;0;0;0
7974;2.2;0;0;0;0;0;0;0;0;0
7975;2.3;0;0;0;0;0;0;0;0;0
7976;2.4;0;0;0;0;0;0;0;0;0
7977;2.6;0;0;0;0;0;0;0;0;0
7978;2.3;10.53677867;10.85387464;16.4531712;18.58672526;16.00472978;10.53677867;10.53677867;10.53677867;22
7979;2.9;21.40634581;21.40634581;22.9190982;24.0276019;23.60060933;21.88824696;21.40634581;21.40634581;44
7980;3.3;32.62883658;32.62883658;34.41475439;37.17863326;37.27730295;34.65296408;32.62883658;32.62883658;67
7981;4.3;66.66277575;66.66277575;96.73878095;267.70733;320.9067058;225.1734355;66.66277575;66.66277575;178
7982;4.9;60.38973234;60.38973234;60.38973234;179.7224711;255.8599756;217.4936626;87.09799795;60.38973234;150
7983;5.3;47.83224114;47.83224114;47.83224114;126.5225104;234.6398813;233.3278701;123.3550352;47.83224114;119
7984;4.9;22.11070796;22.11070796;22.11070796;31.04071817;66.23181027;75.57735903;53.60286872;22.11070796;47
7985;4.6;1.38914149;1.38914149;1.38914149;1.38914149;1.38914149;1.38914149;1.38914149;1.38914149;3
7986;4.6;0;0;0;0;0;0;0;0;0
7987;5;0;0;0;0;0;0;0;0;0
7988;4.9;0;0;0;0;0;0;0;0;0
7989;5.2;0;0;0;0;0;0;0;0;0
7990;5.4;0;0;0;0;0;0;0;0;0
7991;5.9;0;0;0;0;0;0;0;0;0
7992;4.1;0;0;0;0;0;0;0;0;0
7993;3.6;0;0;0;0;0;0;0;0;0
7994;3.8;0;0;0;0;0;0;0;0;0
7995;4;0;0;0;0;0;0;0;0;0
7996;4.1;0;0;0;0;0;0;0;0;0
7997;4.3;0;0;0;0;0;0;0;0;0
7998;4.6;0;0;0;0;0;0;0;0;0
7999;4.9;0;0;0;0;0;0;0;0;0
8000;5.1;0;0;0;0;0;0;0;0;0
8001;5.3;0;0;0;0;0;0;0;0;0
8002;5.8;1.386595818;1.388048532;1.413795856;1.423609767;1.411741408;1.386595818;1.386595818;1.386595818;3
8003;6.2;6.55602465;6.55602465;6.713204596;6.828293802;6.783891431;6.60600779;6.55602465;6.55602465;14
8004;6.7;11.7908881;11.7908881;11.99110958;12.30016274;12.31088973;12.01700681;11.7908881;11.7908881;25
8005;7.4;13.21159526;13.21159526;13.28522569;13.6990733;13.82736289;13.59494415;13.21159526;13.21159526;28
8006;8.3;23.97016317;23.97016317;23.97016317;25.40565715;26.31666414;25.85312269;24.28656909;23.97016317;50
8007;8.7;22.53932458;22.53932458;22.53932458;23.9759705;25.93546253;25.90554301;23.90373838;22.53932458;47
8008;8.5;7.960677517;7.960677517;7.960677517;8.268156845;9.460338772;9.774039474;9.025497335;7.960677517;17
8009;8;0;0;0;0;0;0;0;0;0
8010;7.2;0;0;0;0;0;0;0;0;0
8011;7.8;0;0;0;0;0;0;0;0;0
8012;7.9;0;0;0;0;0;0;0;0;0
8013;6.9;0;0;0;0;0;0;0;0;0
8014;7.1;0;0;0;0;0;0;0;0;0
8015;7;0;0;0;0;0;0;0;0;0
8016;7.1;0;0;0;0;0;0;0;0;0
8017;7.2;0;0;0;0;0;0;0;0;0
8018;7.3;0;0;0;0;0;0;0;0;0
8019;7.4;0;0;0;0;0;0;0;0;0
8020;7.7;0;0;0;0;0;0;0;0;0
8021;8.1;0;0;0;0;0;0;0;0;0
8022;8.3;0;0;0;0;0;0;0;0;0
8023;8.6;0;0;0;0;0;0;0;0;0
8024;9.1;0;0;0;0;0;0;0;0;0
8025;9.7;1.43970672;6.87983665;20.64005272;23.1529665;12.94654719;1.43970672;1.43970672;1.43970672;3
8026;10.1;8.257351154;8.305851046;9.16663511;9.494772965;9.098045906;8.257351154;8.257351154;8.257351154;17
8027;10.7;22.75018922;22.75018922;26.26890085;28.84276895;27.84768647;23.86655924;22.75018922;22.75018922;47
8028;11;36.88179372;36.88179372;43.80156449;54.45234594;54.81053621;44.66631228;36.88179372;36.88179372;78
8029;11.8;49.80626702;49.80626702;55.96708684;90.19516128;100.7639692;81.48244633;49.80626702;49.80626702;111
8030;12.6;45.84384968;45.84384968;45.84384968;68.63514593;83.02104773;75.62905112;50.78928746;45.84384968;100
8031;12.3;32.23775821;32.23775821;32.23775821;36.75522801;42.87185301;42.7591695;36.48318595;32.23775821;67
8032;11.6;19.03770352;19.03770352;19.03770352;24.5246484;45.46249267;50.92105384;37.70278081;19.03770352;39
8033;11;1.389768814;1.389768814;1.389768814;1.389768814;1.389768814;1.389768814;1.389768814;1.389768814;3
8034;11;0;0;0;0;0;0;0;0;0
8035;11.3;0;0;0;0;0;0;0;0;0
8036;10.6;0;0;0;0;0;0;0;0;0
8037;10.9;0;0;0;0;0;0;0;0;0
8038;10.5;0;0;0;0;0;0;0;0;0
8039;9.8;0;0;0;0;0;0;0;0;0
8040;8.9;0;0;0;0;0;0;0;0;0
8041;8.4;0;0;0;0;0;0;0;0;0
8042;7.8;0;0;0;0;0;0;0;0;0
8043;7.9;0;0;0;0;0;0;0;0;0
8044;6.9;0;0;0;0;0;0;0;0;0
8045;6.9;0;0;0;0;0;0;0;0;0
8046;7;0;0;0;0;0;0;0;0;0
8047;6.6;0;0;0;0;0;0;0;0;0
8048;6.3;0;0;0;0;0;0;0;0;0
8049;6.3;0;0;0;0;0;0;0;0;0
8050;6.7;11.41747802;12.51900371;32.05092773;39.49605675;30.49313516;11.41747802;11.41747802;11.41747802;25
8051;7.2;29.1132652;29.1132652;53.22494963;70.84038843;64.01264437;36.7413173;29.1132652;29.1132652;64
8052;7.6;34.45026026;34.45026026;39.13585248;46.32580238;46.55922076;39.69937431;34.45026026;34.45026026;72
8053;7.9;32.56964143;32.56964143;33.01676525;35.47156108;36.22645173;34.83923251;32.56964143;32.56964143;67
8054;8.8;51.01261643;51.01261643;51.01261643;102.344102;134.5672298;117.8451983;61.97354674;51.01261643;114
8055;8;35.21648921;35.21648921;35.21648921;44.55359026;57.10397343;56.83296518;43.89931849;35.21648921;75
8056;7.7;11.82661225;11.82661225;11.82661225;12.43765559;14.73315499;15.32604107;13.86900921;11.82661225;25
8057;7.5;1.390071633;1.390071633;1.390071633;1.390071633;1.390071633;1.390071633;1.390071633;1.390071633;3
8058;6.8;0;0;0;0;0;0;0;0;0
8059;6;0;0;0;0;0;0;0;0;0
8060;5.1;0;0;0;0;0;0;0;0;0
8061;3.7;0;0;0;0;0;0;0;0;0
8062;4;0;0;0;0;0;0;0;0;0
8063;3.5;0;0;0;0;0;0;0;0;0
8064;3.3;0;0;0;0;0;0;0;0;0
8065;3;0;0;0;0;0;0;0;0;0
8066;3.3;0;0;0;0;0;0;0;0;0
8067;2.7;0;0;0;0;0;0;0;0;0
8068;1.5;0;0;0;0;0;0;0;0;0
8069;1.4;0;0;0;0;0;0;0;0;0
8070;2.2;0;0;0;0;0;0;0;0;0
8071;1.9;0;0;0;0;0;0;0;0;0
8072;1.9;0;0;0;0;0;0;0;0;0
8073;2.6;1.459148592;1.459148592;1.459148592;1.459148592;1.459148592;1.459148592;1.459148592;1.459148592;3
8074;3;18.46851429;23.21854781;107.1741508;139.167195;100.456589;18.46851429;18.46851429;18.46851429;44
8075;3;32.4882342;32.4882342;77.44682226;110.2443584;97.4934116;46.66331347;32.4882342;32.4882342;75
8076;3.5;38.56750105;38.56750105;49.14778944;65.32996727;65.83505535;50.36717993;38.56750105;38.56750105;83
8077;3.6;37.6935975;37.6935975;38.79677587;44.78045658;46.61275136;43.22032677;37.6935975;37.6935975;78
8078;3.6;22.49917377;22.49917377;22.49917377;23.81099592;24.6299213;24.20068368;22.77472463;22.49917377;47
8079;4.5;17.12434157;17.12434157;17.12434157;17.97380785;19.10732171;19.07923271;17.90599499;17.12434157;36
8080;5;2.775436311;2.775436311;2.775436311;2.812136797;2.947908712;2.982648634;2.896006387;2.775436311;6
8081;5.3;0;0;0;0;0;0;0;0;0
8082;5.6;0;0;0;0;0;0;0;0;0
8083;5.7;0;0;0;0;0;0;0;0;0
8084;5.8;0;0;0;0;0;0;0;0;0
8085;5.9;0;0;0;0;0;0;0;0;0
8086;5.9;0;0;0;0;0;0;0;0;0
8087;5.9;0;0;0;0;0;0;0;0;0
8088;6;0;0;0;0;0;0;0;0;0
8089;6.1;0;0;0;0;0;0;0;0;0
8090;6.1;0;0;0;0;0;0;0;0;0
8091;6.1;0;0;0;0;0;0;0;0;0
8092;6;0;0;0;0;0;0;0;0;0
8093;6.1;0;0;0;0;0;0;0;0;0
8094;6;0;0;0;0;0;0;0;0;0
8095;5.8;0;0;0;0;0;0;0;0;0
8096;5.4;0;0;0;0;0;0;0;0;0
8097;5.3;0;0;0;0;0;0;0;0;0
8098;5.1;1.388358754;1.390480545;1.427778155;1.441984415;1.42477749;1.388358754;1.388358754;1.388358754;3
8099;5.2;6.561353509;6.561353509;6.74963185;6.886749106;6.833254035;6.620483323;6.561353509;6.561353509;14
8100;5.2;10.35221758;10.35221758;10.52704541;10.79350832;10.8014691;10.54626443;10.35221758;10.35221758;22
8101;5.1;11.77224713;11.77224713;11.83826453;12.19194925;12.29977816;12.09858655;11.77224713;11.77224713;25
8102;5.4;11.7678963;11.7678963;11.7678963;12.14608683;12.38085377;12.25655853;11.84601158;11.7678963;25
8103;5.5;7.952898303;7.952898303;7.952898303;8.146646164;8.403308866;8.396127169;8.129308014;7.952898303;17
8104;5.4;2.775426253;2.775426253;2.775426253;2.813619763;2.952803964;2.988082708;2.898790185;2.775426253;6
8105;5.1;0;0;0;0;0;0;0;0;0
8106;5.1;0;0;0;0;0;0;0;0;0
8107;5;0;0;0;0;0;0;0;0;0
8108;4.8;0;0;0;0;0;0;0;0;0
8109;4.8;0;0;0;0;0;0;0;0;0
8110;4.9;0;0;0;0;0;0;0;0;0
8111;4.7;0;0;0;0;0;0;0;0;0
8112;4.3;0;0;0;0;0;0;0;0;0
8113;4;0;0;0;0;0;0;0;0;0
8114;3.7;0;0;0;0;0;0;0;0;0
8115;3.6;0;0;0;0;0;0;0;0;0
8116;3.6;0;0;0;0;0;0;0;0;0
8117;3.5;0;0;0;0;0;0;0;0;0
8118;3.5;0;0;0;0;0;0;0;0;0
8119;3.5;0;0;0;0;0;0;0;0;0
8120;3.6;0;0;0;0;0;0;0;0;0
8121;3.7;0;0;0;0;0;0;0;0;0
8122;4;8.16632899;8.390003895;12.29182576;13.77698757;11.97550168;8.16632899;8.16632899;8.16632899;17
8123;4.6;13.3931484;13.3931484;14.16843997;14.73197616;14.51124521;13.63554831;13.3931484;13.3931484;28
8124;4.9;25.67647646;25.67647646;26.71461414;28.29105883;28.33591664;26.82291045;25.67647646;25.67647646;53
8125;5;29.54955592;29.54955592;29.95397342;32.09356762;32.74291426;31.5216349;29.54955592;29.54955592;61
8126;5.2;27.00004845;27.00004845;27.00004845;28.9320439;30.12455477;29.48677221;27.3923006;27.00004845;56
8127;5.5;24.07725452;24.07725452;24.07725452;25.78967747;28.04180692;27.97155534;25.62007516;24.07725452;50
8128;5.4;14.77281989;14.77281989;14.77281989;15.83165301;19.63371838;20.58833533;18.13630222;14.77281989;31
8129;5;1.390903919;1.390903919;1.390903919;1.390903919;1.390903919;1.390903919;1.390903919;1.390903919;3
8130;4.7;0;0;0;0;0;0;0;0;0
8131;4.7;0;0;0;0;0;0;0;0;0
8132;4.5;0;0;0;0;0;0;0;0;0
8133;4.5;0;0;0;0;0;0;0;0;0
8134;4.5;0;0;0;0;0;0;0;0;0
8135;4.6;0;0;0;0;0;0;0;0;0
8136;4.7;0;0;0;0;0;0;0;0;0
8137;4.9;0;0;0;0;0;0;0;0;0
8138;5.1;0;0;0;0;0;0;0;0;0
8139;5.9;0;0;0;0;0;0;0;0;0
8140;6.7;0;0;0;0;0;0;0;0;0
8141;7.2;0;0;0;0;0;0;0;0;0
8142;9.2;0;0;0;0;0;0;0;0;0
8143;8.3;0;0;0;0;0;0;0;0;0
8144;7.4;0;0;0;0;0;0;0;0;0
8145;6.5;1.459147748;1.459147748;1.459147748;1.459147748;1.459147748;1.459147748;1.459147748;1.459147748;3
8146;7;12.77441812;16.07613657;73.11067533;94.80105293;68.44134033;12.77441812;12.77441812;12.77441812;31
8147;6.8;23.59637819;23.59637819;34.35043592;42.15048254;39.08178647;26.94194824;23.59637819;23.59637819;50
8148;7.5;54.99527267;54.99527267;122.1499346;223.7305004;226.4682582;128.7594667;54.99527267;54.99527267;139
8149;7.5;64.52000057;64.52000057;119.4008572;406.071071;492.6653;328.4578193;64.52000057;64.52000057;203
8150;7.1;60.68399745;60.68399745;60.68399745;313.9949528;469.4536262;385.460595;111.2178377;60.68399745;186
8151;6;46.09798639;46.09798639;46.09798639;126.3181056;231.0635918;227.4587349;117.6152112;46.09798639;114
8152;5.2;26.80746926;26.80746926;26.80746926;81.0978014;273.2457943;321.0335587;196.4676703;26.80746926;69
8153;4.1;2.822567421;2.822567421;2.822567421;2.822567421;2.822567421;2.822567421;2.822567421;2.822567421;6
8154;2.7;0;0;0;0;0;0;0;0;0
8155;1;0;0;0;0;0;0;0;0;0
8156;-0.1;0;0;0;0;0;0;0;0;0
8157;-0.3;0;0;0;0;0;0;0;0;0
8158;-2.4;0;0;0;0;0;0;0;0;0
8159;-1.7;0;0;0;0;0;0;0;0;0
8160;-0.1;0;0;0;0;0;0;0;0;0
8161;-0.7;0;0;0;0;0;0;0;0;0
8162;-0.8;0;0;0;0;0;0;0;0;0
8163;-1.3;0;0;0;0;0;0;0;0;0
8164;-1.6;0;0;0;0;0;0;0;0;0
8165;-2;0;0;0;0;0;0;0;0;0
8166;-2.2;0;0;0;0;0;0;0;0;0
8167;-2.6;0;0;0;0;0;0;0;0;0
8168;-3.1;0;0;0;0;0;0;0;0;0
8169;-2.7;2.920589946;2.920589946;2.920589946;2.920589946;2.920589946;2.920589946;2.920589946;2.920589946;6
8170;-1.3;21.5994307;34.4237277;253.3460515;336.5143479;235.2097568;21.5994307;21.5994307;21.5994307;72
8171;-0.2;43.28900549;43.28900549;354.6156921;579.8910312;490.8321812;139.6086086;43.28900549;43.28900549;156
8172;1;50.61353376;50.61353376;316.4631479;716.9576194;727.1167627;340.9894895;50.61353376;50.61353376;228
8173;1.7;53.5969962;53.5969962;151.7466567;657.8453893;809.9836082;519.0408083;53.5969962;53.5969962;253
8174;2;51.69178233;51.69178233;51.69178233;488.7670586;755.4519668;609.8837035;137.3341832;51.69178233;228
8175;1.8;44.31457941;44.31457941;44.31457941;262.9155928;546.3085366;535.6402285;237.1600187;44.31457941;158
8176;1;25.45417363;25.45417363;25.45417363;106.9883299;391.5025713;461.5906259;276.1958618;25.45417363;78
8177;-0.7;2.823563918;2.823563918;2.823563918;2.823563918;2.823563918;2.823563918;2.823563918;2.823563918;6
8178;-1.3;0;0;0;0;0;0;0;0;0
8179;-2.1;0;0;0;0;0;0;0;0;0
8180;-2.1;0;0;0;0;0;0;0;0;0
8181;-2.4;0;0;0;0;0;0;0;0;0
8182;-2.6;0;0;0;0;0;0;0;0;0
8183;-3.8;0;0;0;0;0;0;0;0;0
8184;-3.7;0;0;0;0;0;0;0;0;0
8185;-3.5;0;0;0;0;0;0;0;0;0
8186;-4;0;0;0;0;0;0;0;0;0
8187;-3.8;0;0;0;0;0;0;0;0;0
8188;-4.4;0;0;0;0;0;0;0;0;0
8189;-5.5;0;0;0;0;0;0;0;0;0
8190;-5.4;0;0;0;0;0;0;0;0;0
8191;-3.9;0;0;0;0;0;0;0;0;0
8192;-3.9;0;0;0;0;0;0;0;0;0
8193;-4.1;2.920588941;2.920588941;2.920588941;2.920588941;2.920588941;2.920588941;2.920588941;2.920588941;6
8194;-2.3;20.75727478;32.97006476;238.5971696;316.6166185;221.3256764;20.75727478;20.75727478;20.75727478;69
8195;-0.4;43.41331063;43.41331063;330.9688958;538.5067376;456.0255645;131.8417291;43.41331063;43.41331063;150
8196;0.6;51.87865984;51.87865984;292.8525006;654.3240113;662.8912057;313.5355375;51.87865984;51.87865984;217
8197;1.2;55.12038361;55.12038361;146.3764835;610.8119319;749.7308078;481.7563178;55.12038361;55.12038361;242
8198;1.8;52.96247904;52.96247904;52.96247904;456.6425749;701.5144721;566.4734076;130.6246056;52.96247904;219
8199;1.8;46.04966536;46.04966536;46.04966536;240.8720383;491.6431933;481.3917029;216.1227512;46.04966536;150
8200;0.9;26.32886628;26.32886628;26.32886628;80.34072862;266.2215711;311.5765207;189.8372629;26.32886628;67
8201;-0.4;2.824451938;2.824451938;2.824451938;2.824451938;2.824451938;2.824451938;2.824451938;2.824451938;6
8202;-1.2;0;0;0;0;0;0;0;0;0
8203;-0.9;0;0;0;0;0;0;0;0;0
8204;-1.3;0;0;0;0;0;0;0;0;0
8205;-2.2;0;0;0;0;0;0;0;0;0
8206;-2.4;0;0;0;0;0;0;0;0;0
8207;-3.5;0;0;0;0;0;0;0;0;0
8208;-2.9;0;0;0;0;0;0;0;0;0
8209;-2.7;0;0;0;0;0;0;0;0;0
8210;-3.6;0;0;0;0;0;0;0;0;0
8211;-3.4;0;0;0;0;0;0;0;0;0
8212;-3.8;0;0;0;0;0;0;0;0;0
8213;-4;0;0;0;0;0;0;0;0;0
8214;-4.5;0;0;0;0;0;0;0;0;0
8215;-3.7;0;0;0;0;0;0;0;0;0
8216;-4;0;0;0;0;0;0;0;0;0
8217;-5.3;1.459146994;1.459146994;1.459146994;1.459146994;1.459146994;1.459146994;1.459146994;1.459146994;3
8218;-1.9;19.69003212;29.88637237;198.8964469;262.9298341;184.4766442;19.69003212;19.69003212;19.69003212;64
8219;0.3;43.46548324;43.46548324;306.6013166;495.9842101;420.2877705;123.8539457;43.46548324;43.46548324;144
8220;1.9;54.55303257;54.55303257;272.1665196;597.1442777;604.2794431;289.3923329;54.55303257;54.55303257;206
8221;3.5;60.0909701;60.0909701;133.5754525;502.6514693;612.4815479;398.7287177;60.0909701;60.0909701;219
8222;4.6;55.90944858;55.90944858;55.90944858;409.1111318;622.1033396;503.426845;122.6007289;55.90944858;206
8223;5.2;46.13342537;46.13342537;46.13342537;234.1883374;474.538405;463.9346457;208.588598;46.13342537;147
8224;3.6;26.12401633;26.12401633;26.12401633;82.09274952;272.1140092;318.0376673;192.9622677;26.12401633;67
8225;1.8;1.391739489;1.391739489;1.391739489;1.391739489;1.391739489;1.391739489;1.391739489;1.391739489;3
8226;0.9;0;0;0;0;0;0;0;0;0
8227;-1.8;0;0;0;0;0;0;0;0;0
8228;-1.9;0;0;0;0;0;0;0;0;0
8229;-2.7;0;0;0;0;0;0;0;0;0
8230;-3.6;0;0;0;0;0;0;0;0;0
8231;-2.3;0;0;0;0;0;0;0;0;0
8232;-3.5;0;0;0;0;0;0;0;0;0
8233;-4.2;0;0;0;0;0;0;0;0;0
8234;-4.2;0;0;0;0;0;0;0;0;0
8235;-5.8;0;0;0;0;0;0;0;0;0
8236;-5.4;0;0;0;0;0;0;0;0;0
8237;-6.7;0;0;0;0;0;0;0;0;0
8238;-6.7;0;0;0;0;0;0;0;0;0
8239;-7.2;0;0;0;0;0;0;0;0;0
8240;-5.9;0;0;0;0;0;0;0;0;0
8241;-5.7;1.459146764;1.459146764;1.459146764;1.459146764;1.459146764;1.459146764;1.459146764;1.459146764;3
8242;-2;17.26388248;37.79150817;372.1790427;498.6620899;343.1485961;17.26388248;17.26388248;17.26388248;75
8243;0.4;42.77209631;42.77209631;315.7221898;511.5785726;432.8144797;125.5688485;42.77209631;42.77209631;144
8244;1.6;56.7445456;56.7445456;232.4077245;493.5243572;498.7812999;245.0991071;56.7445456;56.7445456;189
8245;2.9;60.92435954;60.92435954;129.3589214;468.5148057;568.9097345;371.7337202;60.92435954;60.92435954;211
8246;3.2;58.70428632;58.70428632;58.70428632;331.1492413;494.4697544;402.5247664;109.1744041;58.70428632;186
8247;2.9;47.41296678;47.41296678;47.41296678;169.0981063;323.5306134;316.217148;151.4418388;47.41296678;125
8248;1.2;23.01842607;23.01842607;23.01842607;43.27883778;111.1595867;127.4084391;82.50703764;23.01842607;50
8249;-1.5;1.391884484;1.391884484;1.391884484;1.391884484;1.391884484;1.391884484;1.391884484;1.391884484;3
8250;-2.9;0;0;0;0;0;0;0;0;0
8251;-1.5;0;0;0;0;0;0;0;0;0
8252;-1.4;0;0;0;0;0;0;0;0;0
8253;-0.3;0;0;0;0;0;0;0;0;0
8254;0.3;0;0;0;0;0;0;0;0;0
8255;-1.2;0;0;0;0;0;0;0;0;0
8256;-1.3;0;0;0;0;0;0;0;0;0
8257;-0.5;0;0;0;0;0;0;0;0;0
8258;1;0;0;0;0;0;0;0;0;0
8259;2;0;0;0;0;0;0;0;0;0
8260;2.3;0;0;0;0;0;0;0;0;0
8261;2.2;0;0;0;0;0;0;0;0;0
8262;1.5;0;0;0;0;0;0;0;0;0
8263;1.5;0;0;0;0;0;0;0;0;0
8264;1.6;0;0;0;0;0;0;0;0;0
8265;1.8;0;0;0;0;0;0;0;0;0
8266;1.7;3.812470309;3.836406806;4.218970779;4.36341229;4.185119461;3.812470309;3.812470309;3.812470309;8
8267;2;11.94239122;11.94239122;12.66546754;13.18264814;12.97330305;12.16006379;11.94239122;11.94239122;25
8268;2.2;22.69204454;22.69204454;23.61497755;24.98029807;25.00519071;23.67507369;22.69204454;22.69204454;47
8269;2.4;21.05945697;21.05945697;21.30559661;22.50914358;22.8634838;22.16104957;21.05945697;21.05945697;44
8270;2.6;18.57533532;18.57533532;18.57533532;19.59966591;20.2100547;19.86284705;18.76143249;18.57533532;39
8271;2.4;11.7859723;11.7859723;11.7859723;12.26107912;12.85984452;12.82955014;12.18794202;11.7859723;25
8272;2.6;2.775421091;2.775421091;2.775421091;2.822832002;2.979633045;3.016809495;2.912583891;2.775421091;6
8273;2.6;0;0;0;0;0;0;0;0;0
8274;3.1;0;0;0;0;0;0;0;0;0
8275;3.5;0;0;0;0;0;0;0;0;0
8276;4.5;0;0;0;0;0;0;0;0;0
8277;4.5;0;0;0;0;0;0;0;0;0
8278;5.1;0;0;0;0;0;0;0;0;0
8279;5.9;0;0;0;0;0;0;0;0;0
8280;6;0;0;0;0;0;0;0;0;0
8281;3.4;0;0;0;0;0;0;0;0;0
8282;1.5;0;0;0;0;0;0;0;0;0
8283;1.5;0;0;0;0;0;0;0;0;0
8284;0.9;0;0;0;0;0;0;0;0;0
8285;0;0;0;0;0;0;0;0;0;0
8286;-1.1;0;0;0;0;0;0;0;0;0
8287;-1.7;0;0;0;0;0;0;0;0;0
8288;-1.7;0;0;0;0;0;0;0;0;0
8289;-1.4;2.920585333;2.920585333;2.920585333;2.920585333;2.920585333;2.920585333;2.920585333;2.920585333;6
8290;-0.1;14.53510994;19.72506782;100.9854243;131.6043591;93.64571545;14.53510994;14.53510994;14.53510994;36
8291;1;32.07733323;32.07733323;89.10407684;129.7532357;113.1851756;49.10524148;32.07733323;32.07733323;72
8292;2.6;45.58662877;45.58662877;81.85082373;135.2310198;136.0987473;83.94570341;45.58662877;45.58662877;103
8293;4;51.53895733;51.53895733;64.91345548;129.430917;148.320325;110.5165204;51.53895733;51.53895733;117
8294;4.1;37.25607106;37.25607106;37.25607106;46.39006977;51.80031551;48.6907401;38.88289066;37.25607106;78
8295;4.1;20.10877569;20.10877569;20.10877569;21.46713407;23.16721093;23.07569791;21.24620209;20.10877569;42
8296;4;6.542864104;6.542864104;6.542864104;6.806456432;7.667265036;7.869414825;7.294489192;6.542864104;14
8297;3.8;0;0;0;0;0;0;0;0;0
8298;3.5;0;0;0;0;0;0;0;0;0
8299;3.7;0;0;0;0;0;0;0;0;0
8300;4.4;0;0;0;0;0;0;0;0;0
8301;5.2;0;0;0;0;0;0;0;0;0
8302;6;0;0;0;0;0;0;0;0;0
8303;7.2;0;0;0;0;0;0;0;0;0
8304;8.3;0;0;0;0;0;0;0;0;0
8305;9.3;0;0;0;0;0;0;0;0;0
8306;10.3;0;0;0;0;0;0;0;0;0
8307;10.7;0;0;0;0;0;0;0;0;0
8308;11;0;0;0;0;0;0;0;0;0
8309;11.4;0;0;0;0;0;0;0;0;0
8310;11.4;0;0;0;0;0;0;0;0;0
8311;11.5;0;0;0;0;0;0;0;0;0
8312;11.9;0;0;0;0;0;0;0;0;0
8313;11.8;0;0;0;0;0;0;0;0;0
8314;12.1;1.394071394;1.397925347;1.456956735;1.479150744;1.451506423;1.394071394;1.394071394;1.394071394;3
8315;12;3.71995656;3.71995656;3.797371875;3.852354764;3.82978058;3.742872975;3.71995656;3.71995656;8
8316;12;6.539776977;6.539776977;6.624539613;6.748668738;6.750431902;6.628796269;6.539776977;6.539776977;14
8317;12;6.533892076;6.533892076;6.559979392;6.684120224;6.720259443;6.647227187;6.533892076;6.533892076;14
8318;11.9;5.119383807;5.119383807;5.119383807;5.202678999;5.251719239;5.223239177;5.133922048;5.119383807;11
8319;11.8;1.38492477;1.38492477;1.38492477;1.391935688;1.400650222;1.400153;1.390735286;1.38492477;3
8320;11.5;1.382214081;1.382214081;1.382214081;1.394541199;1.434303337;1.443552296;1.41687016;1.382214081;3
8321;11.6;0;0;0;0;0;0;0;0;0
8322;11.7;0;0;0;0;0;0;0;0;0
8323;11.5;0;0;0;0;0;0;0;0;0
8324;11.8;0;0;0;0;0;0;0;0;0
8325;11.8;0;0;0;0;0;0;0;0;0
8326;11.8;0;0;0;0;0;0;0;0;0
8327;11.4;0;0;0;0;0;0;0;0;0
8328;10.4;0;0;0;0;0;0;0;0;0
8329;9.9;0;0;0;0;0;0;0;0;0
8330;9.8;0;0;0;0;0;0;0;0;0
8331;9.1;0;0;0;0;0;0;0;0;0
8332;6.8;0;0;0;0;0;0;0;0;0
8333;7.6;0;0;0;0;0;0;0;0;0
8334;7.9;0;0;0;0;0;0;0;0;0
8335;7.7;0;0;0;0;0;0;0;0;0
8336;6.5;0;0;0;0;0;0;0;0;0
8337;6.5;0;0;0;0;0;0;0;0;0
8338;7;14.17731723;20.09052539;108.582338;141.7729698;100.2197988;14.17731723;14.17731723;14.17731723;36
8339;7.8;36.27809172;36.27809172;135.875586;206.3434305;177.189306;65.49130328;36.27809172;36.27809172;89
8340;8.7;57.25339483;57.25339483;172.796505;341.1074011;343.1404701;177.7047677;57.25339483;57.25339483;156
8341;7.7;31.1451674;31.1451674;31.7022055;34.31694861;35.07370531;33.52917779;31.1451674;31.1451674;64
8342;9.5;46.28750606;46.28750606;46.28750606;547.0841262;840.1460519;668.1764081;131.9126797;46.28750606;250
8343;7.6;29.46746229;29.46746229;29.46746229;33.33153776;38.10197366;37.81442991;32.63734573;29.46746229;61
8344;7.6;14.77732166;14.77732166;14.77732166;16.17655667;20.63583586;21.6632769;18.65701874;14.77732166;31
8345;7.5;2.827117536;2.827117536;2.827117536;2.827117536;2.827117536;2.827117536;2.827117536;2.827117536;6
8346;7.6;0;0;0;0;0;0;0;0;0
8347;6.8;0;0;0;0;0;0;0;0;0
8348;7.2;0;0;0;0;0;0;0;0;0
8349;6.1;0;0;0;0;0;0;0;0;0
8350;5.7;0;0;0;0;0;0;0;0;0
8351;5.5;0;0;0;0;0;0;0;0;0
8352;5.2;0;0;0;0;0;0;0;0;0
8353;3.5;0;0;0;0;0;0;0;0;0
8354;2.1;0;0;0;0;0;0;0;0;0
8355;1.5;0;0;0;0;0;0;0;0;0
8356;2.7;0;0;0;0;0;0;0;0;0
8357;2.3;0;0;0;0;0;0;0;0;0
8358;1.9;0;0;0;0;0;0;0;0;0
8359;1.2;0;0;0;0;0;0;0;0;0
8360;3;0;0;0;0;0;0;0;0;0
8361;2.6;1.459145767;1.459145767;1.459145767;1.459145767;1.459145767;1.459145767;1.459145767;1.459145767;3
8362;3.9;15.64977213;25.20189841;164.7023146;216.8897729;151.193568;15.64977213;15.64977213;15.64977213;44
8363;4.5;39.05627599;39.05627599;191.8844623;299.5814832;254.6663711;83.44978945;39.05627599;39.05627599;103
8364;4.8;54.56041114;54.56041114;163.4208425;321.1352602;322.6937467;167.1833617;54.56041114;54.56041114;150
8365;5.7;62.56656081;62.56656081;107.6939065;316.63422;376.7451445;252.8145156;62.56656081;62.56656081;172
8366;5.7;55.72174484;55.72174484;55.72174484;183.9241247;258.4916969;214.2793812;77.18615251;55.72174484;139
8367;4.2;37.74189644;37.74189644;37.74189644;69.0829984;107.5156062;105.0757212;63.19259479;37.74189644;83
8368;4.2;19.96703197;19.96703197;19.96703197;29.62239238;60.03404785;66.97498883;46.37930622;19.96703197;42
8369;2.9;1.392154914;1.392154914;1.392154914;1.392154914;1.392154914;1.392154914;1.392154914;1.392154914;3
8370;2.5;0;0;0;0;0;0;0;0;0
8371;2.1;0;0;0;0;0;0;0;0;0
8372;3.4;0;0;0;0;0;0;0;0;0
8373;2.5;0;0;0;0;0;0;0;0;0
8374;2.5;0;0;0;0;0;0;0;0;0
8375;4.1;0;0;0;0;0;0;0;0;0
8376;3.7;0;0;0;0;0;0;0;0;0
8377;3.9;0;0;0;0;0;0;0;0;0
8378;4.3;0;0;0;0;0;0;0;0;0
8379;3.7;0;0;0;0;0;0;0;0;0
8380;4;0;0;0;0;0;0;0;0;0
8381;4.3;0;0;0;0;0;0;0;0;0
8382;3.1;0;0;0;0;0;0;0;0;0
8383;1.7;0;0;0;0;0;0;0;0;0
8384;1.3;0;0;0;0;0;0;0;0;0
8385;2.7;0;0;0;0;0;0;0;0;0
8386;4;13.18384227;18.65928715;96.61220688;125.6939221;88.86875846;13.18384227;13.18384227;13.18384227;33
8387;6.1;38.03359922;38.03359922;175.2009892;271.4565941;230.9761743;77.47261079;38.03359922;38.03359922;97
8388;7.1;54.49202508;54.49202508;170.5530645;337.7612762;339.0342023;173.6261802;54.49202508;54.49202508;153
8389;7.4;54.75674429;54.75674429;74.53410729;164.852117;190.6777505;136.882702;54.75674429;54.75674429;131
8390;7.7;39.03784884;39.03784884;39.03784884;53.30644947;61.55511237;56.61346768;41.37626384;39.03784884;83
8391;7.3;25.62947741;25.62947741;25.62947741;27.87599121;30.61251681;30.43004552;27.43546654;25.62947741;53
8392;7;3.710327116;3.710327116;3.710327116;3.801426489;4.085098579;4.149234629;3.95626461;3.710327116;8
8393;7;0;0;0;0;0;0;0;0;0
8394;6.1;0;0;0;0;0;0;0;0;0
8395;5.8;0;0;0;0;0;0;0;0;0
8396;5.8;0;0;0;0;0;0;0;0;0
8397;5.4;0;0;0;0;0;0;0;0;0
8398;5.4;0;0;0;0;0;0;0;0;0
8399;5.3;0;0;0;0;0;0;0;0;0
8400;5.1;0;0;0;0;0;0;0;0;0
8401;5;0;0;0;0;0;0;0;0;0
8402;4.8;0;0;0;0;0;0;0;0;0
8403;4.8;0;0;0;0;0;0;0;0;0
8404;4.6;0;0;0;0;0;0;0;0;0
8405;4.4;0;0;0;0;0;0;0;0;0
8406;4;0;0;0;0;0;0;0;0;0
8407;4.3;0;0;0;0;0;0;0;0;0
8408;4.2;0;0;0;0;0;0;0;0;0
8409;4.6;0;0;0;0;0;0;0;0;0
8410;4;6.466635166;7.155004259;16.69970301;20.2500094;15.7262021;6.466635166;6.466635166;6.466635166;14
8411;5.3;37.38026484;37.38026484;168.2636179;259.7072131;220.9146972;74.61020005;37.38026484;37.38026484;94
8412;6.3;53.95013305;53.95013305;247.3155661;524.3022104;525.7629868;250.8421925;53.95013305;53.95013305;186
8413;6.6;57.62889689;57.62889689;141.6754059;520.2399313;627.8131868;401.3802184;57.62889689;57.62889689;214
8414;7;55.68581786;55.68581786;55.68581786;387.0994131;577.5204451;462.2578299;108.8308441;55.68581786;194
8415;6.4;45.71412342;45.71412342;45.71412342;223.9436642;439.6229432;424.5557779;187.5683094;45.71412342;139
8416;4.9;25.34579856;25.34579856;25.34579856;74.1533525;224.4503599;258.1146156;155.4260552;25.34579856;61
8417;2.7;1.392042566;1.392042566;1.392042566;1.392042566;1.392042566;1.392042566;1.392042566;1.392042566;3
8418;1.3;0;0;0;0;0;0;0;0;0
8419;0.3;0;0;0;0;0;0;0;0;0
8420;0.9;0;0;0;0;0;0;0;0;0
8421;0.9;0;0;0;0;0;0;0;0;0
8422;-0.4;0;0;0;0;0;0;0;0;0
8423;-1.1;0;0;0;0;0;0;0;0;0
8424;-1.2;0;0;0;0;0;0;0;0;0
8425;-0.6;0;0;0;0;0;0;0;0;0
8426;-0.9;0;0;0;0;0;0;0;0;0
8427;-1.3;0;0;0;0;0;0;0;0;0
8428;-2;0;0;0;0;0;0;0;0;0
8429;-2.4;0;0;0;0;0;0;0;0;0
8430;-1.4;0;0;0;0;0;0;0;0;0
8431;-0.2;0;0;0;0;0;0;0;0;0
8432;-0.1;0;0;0;0;0;0;0;0;0
8433;-1.2;0;0;0;0;0;0;0;0;0
8434;1;14.65265603;24.76341154;161.1869583;211.7726981;146.8881907;14.65265603;14.65265603;14.65265603;50
8435;2.5;40.22540233;40.22540233;295.4976287;473.0336736;397.036503;112.0242289;40.22540233;40.22540233;131
8436;4;52.22681101;52.22681101;272.762725;586.8205408;587.7206;274.9356602;52.22681101;52.22681101;194
8437;4.8;54.66834032;54.66834032;148.0804614;563.0667787;680.2401859;430.9620902;54.66834032;54.66834032;222
8438;5.6;52.82288528;52.82288528;52.82288528;425.8504631;638.8722107;508.5942117;111.331551;52.82288528;203
8439;5.8;45.3385168;45.3385168;45.3385168;235.5097735;464.1471065;447.4520477;195.2043361;45.3385168;142
8440;4.5;25.60595422;25.60595422;25.60595422;82.8972998;257.4180855;296.1464687;176.3958876;25.60595422;64
8441;2.4;2.826131544;2.826131544;2.826131544;2.826131544;2.826131544;2.826131544;2.826131544;2.826131544;6
8442;1.5;0;0;0;0;0;0;0;0;0
8443;1.1;0;0;0;0;0;0;0;0;0
8444;2.7;0;0;0;0;0;0;0;0;0
8445;2.8;0;0;0;0;0;0;0;0;0
8446;2.2;0;0;0;0;0;0;0;0;0
8447;1.4;0;0;0;0;0;0;0;0;0
8448;0.7;0;0;0;0;0;0;0;0;0
8449;0.3;0;0;0;0;0;0;0;0;0
8450;0.4;0;0;0;0;0;0;0;0;0
8451;-0.2;0;0;0;0;0;0;0;0;0
8452;-0.4;0;0;0;0;0;0;0;0;0
8453;-0.1;0;0;0;0;0;0;0;0;0
8454;-0.5;0;0;0;0;0;0;0;0;0
8455;0.6;0;0;0;0;0;0;0;0;0
8456;1.6;0;0;0;0;0;0;0;0;0
8457;1.9;0;0;0;0;0;0;0;0;0
8458;2.4;2.852707451;2.875331954;3.172177955;3.281882468;3.140182076;2.852707451;2.852707451;2.852707451;6
8459;2.7;8.036036904;8.036036904;8.424364387;8.693156886;8.577017411;8.143978893;8.036036904;8.036036904;17
8460;2.7;11.82054612;11.82054612;12.11359943;12.5284303;12.52859222;12.11399034;11.82054612;11.82054612;25
8461;3.8;25.58041978;25.58041978;25.99956413;27.83612615;28.35132598;27.24336653;25.58041978;25.58041978;53
8462;4.8;29.58354764;29.58354764;29.58354764;32.25012839;33.76359892;32.8284521;29.99248426;29.58354764;61
8463;5.6;28.15684993;28.15684993;28.15684993;30.95895415;34.30627275;34.05134286;30.34349896;28.15684993;58
8464;5.5;10.38493885;10.38493885;10.38493885;11.08329715;13.18835695;13.65121246;12.20072918;10.38493885;22
8465;5.7;0;0;0;0;0;0;0;0;0
8466;5.6;0;0;0;0;0;0;0;0;0
8467;5.4;0;0;0;0;0;0;0;0;0
8468;5.4;0;0;0;0;0;0;0;0;0
8469;5.3;0;0;0;0;0;0;0;0;0
8470;5.4;0;0;0;0;0;0;0;0;0
8471;5.5;0;0;0;0;0;0;0;0;0
8472;5.5;0;0;0;0;0;0;0;0;0
8473;5.6;0;0;0;0;0;0;0;0;0
8474;4.7;0;0;0;0;0;0;0;0;0
8475;5;0;0;0;0;0;0;0;0;0
8476;5;0;0;0;0;0;0;0;0;0
8477;5.3;0;0;0;0;0;0;0;0;0
8478;5.3;0;0;0;0;0;0;0;0;0
8479;5.5;0;0;0;0;0;0;0;0;0
8480;5.8;0;0;0;0;0;0;0;0;0
8481;5.9;0;0;0;0;0;0;0;0;0
8482;6.3;0;0;0;0;0;0;0;0;0
8483;7.2;6.584310024;6.584310024;6.851109904;7.03487551;6.954705965;6.657563502;6.584310024;6.584310024;14
8484;7.9;18.71509993;18.71509993;19.43539886;20.4487912;20.4466107;19.43013468;18.71509993;18.71509993;39
8485;8.3;10.34146138;10.34146138;10.41480275;10.73176568;10.82009364;10.62804532;10.34146138;10.34146138;22
8486;8.8;10.33601856;10.33601856;10.33601856;10.68385134;10.88006337;10.75758132;10.38815353;10.33601856;22
8487;8.8;3.711257786;3.711257786;3.711257786;3.763217562;3.824895411;3.820005881;3.751413191;3.711257786;8
8488;9.2;2.775472829;2.775472829;2.775472829;2.827365372;2.982194496;3.015928872;2.908807358;2.775472829;6
8489;9.3;0;0;0;0;0;0;0;0;0
8490;9.2;0;0;0;0;0;0;0;0;0
8491;10;0;0;0;0;0;0;0;0;0
8492;10.4;0;0;0;0;0;0;0;0;0
8493;9.1;0;0;0;0;0;0;0;0;0
8494;9.7;0;0;0;0;0;0;0;0;0
8495;9;0;0;0;0;0;0;0;0;0
8496;7.9;0;0;0;0;0;0;0;0;0
8497;7.5;0;0;0;0;0;0;0;0;0
8498;7.2;0;0;0;0;0;0;0;0;0
8499;6.6;0;0;0;0;0;0;0;0;0
8500;4.5;0;0;0;0;0;0;0;0;0
8501;4.9;0;0;0;0;0;0;0;0;0
8502;5;0;0;0;0;0;0;0;0;0
8503;4.8;0;0;0;0;0;0;0;0;0
8504;4.6;0;0;0;0;0;0;0;0;0
8505;4.3;0;0;0;0;0;0;0;0;0
8506;5.8;2.85745353;2.882795978;3.196633907;3.311784571;3.160794273;2.85745353;2.85745353;2.85745353;6
8507;7;21.68139014;21.68139014;40.85405968;53.99256418;48.20362114;26.87831489;21.68139014;21.68139014;47
8508;8.1;48.46251215;48.46251215;106.1234827;186.7421962;186.3585461;105.1972696;48.46251215;48.46251215;117
8509;7.7;37.05664254;37.05664254;39.66764834;50.79765345;53.87836073;47.10513364;37.05664254;37.05664254;78
8510;7.9;18.58498973;18.58498973;18.58498973;19.6799435;20.2938303;19.90670147;18.74533183;18.58498973;39
8511;8.2;20.11515498;20.11515498;20.11515498;21.54748415;23.23712485;23.09795794;21.21150551;20.11515498;42
8512;7.9;14.78115172;14.78115172;14.78115172;16.2035198;20.40551197;21.31283019;18.39397975;14.78115172;31
8513;7.6;1.391465458;1.391465458;1.391465458;1.391465458;1.391465458;1.391465458;1.391465458;1.391465458;3
8514;7;0;0;0;0;0;0;0;0;0
8515;6.6;0;0;0;0;0;0;0;0;0
8516;5.7;0;0;0;0;0;0;0;0;0
8517;3.5;0;0;0;0;0;0;0;0;0
8518;3.3;0;0;0;0;0;0;0;0;0
8519;3.5;0;0;0;0;0;0;0;0;0
8520;1.5;0;0;0;0;0;0;0;0;0
8521;0.9;0;0;0;0;0;0;0;0;0
8522;1.7;0;0;0;0;0;0;0;0;0
8523;2.2;0;0;0;0;0;0;0;0;0
8524;1.7;0;0;0;0;0;0;0;0;0
8525;2.4;0;0;0;0;0;0;0;0;0
8526;1.5;0;0;0;0;0;0;0;0;0
8527;1;0;0;0;0;0;0;0;0;0
8528;0.3;0;0;0;0;0;0;0;0;0
8529;0.5;0;0;0;0;0;0;0;0;0
8530;2.4;12.05500457;18.74835374;99.21876025;128.6298208;89.75293507;12.05500457;12.05500457;12.05500457;31
8531;3.1;40.47070928;40.47070928;218.6250174;340.0676608;286.0104732;88.11942206;40.47070928;40.47070928;111
8532;2.7;55.78702669;55.78702669;184.3272906;362.9074561;361.5806394;181.1240717;55.78702669;55.78702669;156
8533;1.4;60.23429998;60.23429998;129.9234181;422.9423693;503.4918527;324.3870733;60.23429998;60.23429998;194
8534;1.4;49.71834306;49.71834306;49.71834306;116.1247502;153.1282886;129.5556834;59.21544702;49.71834306;114
8535;1.1;42.87729225;42.87729225;42.87729225;109.6930388;188.0291513;181.3372734;93.53741635;42.87729225;100
8536;1.3;23.79736051;23.79736051;23.79736051;50.5818255;128.9529696;145.725384;91.07401592;23.79736051;53
8537;0.4;1.391256671;1.391256671;1.391256671;1.391256671;1.391256671;1.391256671;1.391256671;1.391256671;3
8538;0.6;0;0;0;0;0;0;0;0;0
8539;-0.1;0;0;0;0;0;0;0;0;0
8540;0.3;0;0;0;0;0;0;0;0;0
8541;0.8;0;0;0;0;0;0;0;0;0
8542;0.7;0;0;0;0;0;0;0;0;0
8543;0;0;0;0;0;0;0;0;0;0
8544;0.7;0;0;0;0;0;0;0;0;0
8545;-0.5;0;0;0;0;0;0;0;0;0
8546;0.5;0;0;0;0;0;0;0;0;0
8547;0.8;0;0;0;0;0;0;0;0;0
8548;0.5;0;0;0;0;0;0;0;0;0
8549;0.2;0;0;0;0;0;0;0;0;0
8550;0.8;0;0;0;0;0;0;0;0;0
8551;1.2;0;0;0;0;0;0;0;0;0
8552;1.3;0;0;0;0;0;0;0;0;0
8553;1.3;0;0;0;0;0;0;0;0;0
8554;1.2;0;0;0;0;0;0;0;0;0
8555;0.6;5.147235838;5.147235838;5.317042777;5.432167948;5.380383753;5.192024672;5.147235838;5.147235838;11
8556;0.6;10.37067618;10.37067618;10.60531558;10.92919887;10.92590714;10.59736864;10.37067618;10.37067618;22
8557;0.7;11.78318874;11.78318874;11.88172454;12.29040829;12.4019697;12.15105762;11.78318874;11.78318874;25
8558;1;10.3359913;10.3359913;10.3359913;10.68442979;10.87740671;10.75322983;10.38464028;10.3359913;22
8559;1.4;7.955434785;7.955434785;7.955434785;8.189140719;8.461491335;8.437400888;8.130981234;7.955434785;17
8560;1.6;2.775496596;2.775496596;2.775496596;2.826406572;2.973991148;3.005300306;2.901993568;2.775496596;6
8561;1.8;0;0;0;0;0;0;0;0;0
8562;2;0;0;0;0;0;0;0;0;0
8563;2.2;0;0;0;0;0;0;0;0;0
8564;2.2;0;0;0;0;0;0;0;0;0
8565;2.3;0;0;0;0;0;0;0;0;0
8566;2.3;0;0;0;0;0;0;0;0;0
8567;2.3;0;0;0;0;0;0;0;0;0
8568;2.5;0;0;0;0;0;0;0;0;0
8569;2.2;0;0;0;0;0;0;0;0;0
8570;2.2;0;0;0;0;0;0;0;0;0
8571;2.1;0;0;0;0;0;0;0;0;0
8572;2.2;0;0;0;0;0;0;0;0;0
8573;2.3;0;0;0;0;0;0;0;0;0
8574;2.5;0;0;0;0;0;0;0;0;0
8575;2.4;0;0;0;0;0;0;0;0;0
8576;2.4;0;0;0;0;0;0;0;0;0
8577;2.6;0;0;0;0;0;0;0;0;0
8578;2.9;3.872210744;3.924576245;4.517299677;4.732138761;4.443243675;3.872210744;3.872210744;3.872210744;8
8579;3.2;8.042320827;8.042320827;8.450863836;8.72630111;8.601072011;8.148534046;8.042320827;8.042320827;17
8580;3.7;11.82355064;11.82355064;12.12825974;12.54611161;12.54069707;12.11518788;11.82355064;11.82355064;25
8581;3.9;8.907760288;8.907760288;8.965302639;9.200735428;9.264547353;9.119358255;8.907760288;8.907760288;19
8582;4.3;5.119301036;5.119301036;5.119301036;5.206265159;5.254136159;5.223022573;5.131150317;5.119301036;11
8583;4.6;7.955310869;7.955310869;7.955310869;8.188038393;8.457642958;8.432988198;8.128516537;7.955310869;17
8584;4.9;3.710257786;3.710257786;3.710257786;3.799721308;4.056751601;4.110810517;3.930231075;3.710257786;8
8585;5.1;0;0;0;0;0;0;0;0;0
8586;5.3;0;0;0;0;0;0;0;0;0
8587;5.3;0;0;0;0;0;0;0;0;0
8588;5.6;0;0;0;0;0;0;0;0;0
8589;5.8;0;0;0;0;0;0;0;0;0
8590;5.9;0;0;0;0;0;0;0;0;0
8591;6;0;0;0;0;0;0;0;0;0
8592;6.1;0;0;0;0;0;0;0;0;0
8593;6.1;0;0;0;0;0;0;0;0;0
8594;6.5;0;0;0;0;0;0;0;0;0
8595;6.7;0;0;0;0;0;0;0;0;0
8596;6.9;0;0;0;0;0;0;0;0;0
8597;7.1;0;0;0;0;0;0;0;0;0
8598;7.2;0;0;0;0;0;0;0;0;0
8599;7.5;0;0;0;0;0;0;0;0;0
8600;7.6;0;0;0;0;0;0;0;0;0
8601;7.9;0;0;0;0;0;0;0;0;0
8602;8.1;1.400913085;1.408609412;1.493104482;1.523595083;1.482220233;1.400913085;1.400913085;1.400913085;3
8603;8.4;6.587852959;6.587852959;6.866551382;7.053370488;6.967495739;6.659231398;6.587852959;6.587852959;14
8604;8.5;7.97021134;7.97021134;8.111750986;8.304557878;8.301509102;8.104390591;7.97021134;7.97021134;17
8605;8.8;14.68793264;14.68793264;14.842629;15.46704323;15.63506504;15.24826954;14.68793264;14.68793264;31
8606;9.1;28.06042222;28.06042222;28.06042222;30.47142952;31.79057597;30.92464894;28.38089674;28.06042222;58
8607;9.1;20.11024072;20.11024072;20.11024072;21.52281064;23.14969769;22.99611207;21.15202215;20.11024072;42
8608;9.1;7.973671428;7.973671428;7.973671428;8.371998709;9.506524908;9.743126328;8.943205065;7.973671428;17
8609;9;0;0;0;0;0;0;0;0;0
8610;8.8;0;0;0;0;0;0;0;0;0
8611;8.9;0;0;0;0;0;0;0;0;0
8612;9;0;0;0;0;0;0;0;0;0
8613;9;0;0;0;0;0;0;0;0;0
8614;8.9;0;0;0;0;0;0;0;0;0
8615;8.9;0;0;0;0;0;0;0;0;0
8616;8.9;0;0;0;0;0;0;0;0;0
8617;8.8;0;0;0;0;0;0;0;0;0
8618;8.9;0;0;0;0;0;0;0;0;0
8619;8.8;0;0;0;0;0;0;0;0;0
8620;8.6;0;0;0;0;0;0;0;0;0
8621;8.4;0;0;0;0;0;0;0;0;0
8622;8;0;0;0;0;0;0;0;0;0
8623;7.9;0;0;0;0;0;0;0;0;0
8624;7.6;0;0;0;0;0;0;0;0;0
8625;7.3;0;0;0;0;0;0;0;0;0
8626;7;1.401210259;1.409228124;1.494592146;1.525254326;1.483253173;1.401210259;1.401210259;1.401210259;3
8627;7;5.148060922;5.148060922;5.320870533;5.436027439;5.382497465;5.191637743;5.148060922;5.148060922;11
8628;7.1;11.82383142;11.82383142;12.13098752;12.54658376;12.53880149;12.11219944;11.82383142;11.82383142;25
8629;7.1;17.13045456;17.13045456;17.34090349;18.17898023;18.40284486;17.88136051;17.13045456;17.13045456;36
8630;7.1;14.67407248;14.67407248;14.67407248;15.36014602;15.73325712;15.48591221;14.76300261;14.67407248;31
8631;7;11.78647538;11.78647538;11.78647538;12.28346072;12.85258578;12.79719783;12.14974238;11.78647538;25
8632;6.9;5.120918853;5.120918853;5.120918853;5.284957298;5.748289763;5.844116858;5.51630437;5.120918853;11
8633;6.5;0;0;0;0;0;0;0;0;0
8634;6.1;0;0;0;0;0;0;0;0;0
8635;6.2;0;0;0;0;0;0;0;0;0
8636;6.4;0;0;0;0;0;0;0;0;0
8637;7;0;0;0;0;0;0;0;0;0
8638;7.5;0;0;0;0;0;0;0;0;0
8639;7.8;0;0;0;0;0;0;0;0;0
8640;8.7;0;0;0;0;0;0;0;0;0
8641;9;0;0;0;0;0;0;0;0;0
8642;8.7;0;0;0;0;0;0;0;0;0
8643;8.9;0;0;0;0;0;0;0;0;0
8644;8.5;0;0;0;0;0;0;0;0;0
8645;8.4;0;0;0;0;0;0;0;0;0
8646;8.2;0;0;0;0;0;0;0;0;0
8647;8;0;0;0;0;0;0;0;0;0
8648;7.4;0;0;0;0;0;0;0;0;0
8649;6.8;0;0;0;0;0;0;0;0;0
8650;6.5;6.222484248;7.711638165;23.08527795;28.58092189;20.97929629;6.222484248;6.222484248;6.222484248;14
8651;7;40.04614058;40.04614058;210.7733702;323.8558629;270.6864694;82.41109936;40.04614058;40.04614058;108
8652;7.5;52.3632058;52.3632058;271.736813;566.5369689;560.1411078;256.2958383;52.3632058;52.3632058;189
8653;7;61.92691079;61.92691079;124.818404;371.9384348;437.4579192;282.996432;61.92691079;61.92691079;183
8654;7.7;56.18255241;56.18255241;56.18255241;399.0540966;584.4007419;460.3243358;99.50715401;56.18255241;197
8655;7.1;44.49948739;44.49948739;44.49948739;119.6841903;205.3013203;196.7229175;98.97409379;44.49948739;106
8656;7.1;20.28326844;20.28326844;20.28326844;28.78101991;52.59109468;57.47568301;40.5734593;20.28326844;42
8657;6.5;1.389935714;1.389935714;1.389935714;1.389935714;1.389935714;1.389935714;1.389935714;1.389935714;3
8658;5.7;0;0;0;0;0;0;0;0;0
8659;5.7;0;0;0;0;0;0;0;0;0
8660;5.4;0;0;0;0;0;0;0;0;0
8661;5.4;0;0;0;0;0;0;0;0;0
8662;5.4;0;0;0;0;0;0;0;0;0
8663;5.3;0;0;0;0;0;0;0;0;0
8664;5.7;0;0;0;0;0;0;0;0;0
8665;5.6;0;0;0;0;0;0;0;0;0
8666;5.3;0;0;0;0;0;0;0;0;0
8667;5.3;0;0;0;0;0;0;0;0;0
8668;5.4;0;0;0;0;0;0;0;0;0
8669;5.6;0;0;0;0;0;0;0;0;0
8670;6.3;0;0;0;0;0;0;0;0;0
8671;7.6;0;0;0;0;0;0;0;0;0
8672;8.3;0;0;0;0;0;0;0;0;0
8673;8.4;0;0;0;0;0;0;0;0;0
8674;8.7;0;0;0;0;0;0;0;0;0
8675;7.7;1.383165843;1.383165843;1.396075865;1.404574064;1.400531618;1.386316537;1.383165843;1.383165843;3
8676;3.4;3.71322895;3.71322895;3.74479573;3.786923613;3.785882162;3.742281445;3.71322895;3.71322895;8
8677;3.4;15.66143547;15.66143547;15.84077092;16.53611396;16.7190822;16.28249534;15.66143547;15.66143547;33
8678;4;10.3351791;10.3351791;10.3351791;10.67689919;10.86052101;10.73640467;10.37725583;10.3351791;22
8679;4.6;10.34227236;10.34227236;10.34227236;10.72021083;11.14823796;11.10414137;10.61375225;10.34227236;22
8680;4.3;10.37842158;10.37842158;10.37842158;11.00880661;12.76151598;13.11824096;11.87001691;10.37842158;22
8681;3.6;1.389633986;1.389633986;1.389633986;1.389633986;1.389633986;1.389633986;1.389633986;1.389633986;3
8682;5.1;0;0;0;0;0;0;0;0;0
8683;4.6;0;0;0;0;0;0;0;0;0
8684;4.3;0;0;0;0;0;0;0;0;0
8685;5;0;0;0;0;0;0;0;0;0
8686;4.8;0;0;0;0;0;0;0;0;0
8687;4.7;0;0;0;0;0;0;0;0;0
8688;4.3;0;0;0;0;0;0;0;0;0
8689;4.5;0;0;0;0;0;0;0;0;0
8690;4.7;0;0;0;0;0;0;0;0;0
8691;4.4;0;0;0;0;0;0;0;0;0
8692;5;0;0;0;0;0;0;0;0;0
8693;4.8;0;0;0;0;0;0;0;0;0
8694;4.8;0;0;0;0;0;0;0;0;0
8695;4.9;0;0;0;0;0;0;0;0;0
8696;5;0;0;0;0;0;0;0;0;0
8697;4.8;0;0;0;0;0;0;0;0;0
8698;3.9;5.145094138;5.762703336;11.75705534;13.87821014;10.88362403;5.145094138;5.145094138;5.145094138;11
8699;4;31.97797032;31.97797032;114.3942526;168.3029647;142.354344;51.74874055;31.97797032;31.97797032;75
8700;5.6;52.82191539;52.82191539;154.5024336;289.2560966;285.5098229;145.4581288;52.82191539;52.82191539;139
8701;4.6;49.50070963;49.50070963;64.62577891;122.5004412;137.6128508;101.1103631;49.50070963;49.50070963;111
8702;4.6;38.3980829;38.3980829;38.3980829;50.40513156;56.81881027;52.44187671;39.83827921;38.3980829;81
8703;4.1;22.59176792;22.59176792;22.59176792;24.29766335;26.21931732;26.01600205;23.80681687;22.59176792;47
8704;3.7;8.930436973;8.930436973;8.930436973;9.389766888;10.65746047;10.91348711;10.00786988;8.930436973;19
8705;3.2;0;0;0;0;0;0;0;0;0
8706;3.2;0;0;0;0;0;0;0;0;0
8707;3.3;0;0;0;0;0;0;0;0;0
8708;3;0;0;0;0;0;0;0;0;0
8709;3.1;0;0;0;0;0;0;0;0;0
8710;3.1;0;0;0;0;0;0;0;0;0
8711;3.4;0;0;0;0;0;0;0;0;0
8712;2.9;0;0;0;0;0;0;0;0;0
8713;1.4;0;0;0;0;0;0;0;0;0
8714;1.3;0;0;0;0;0;0;0;0;0
8715;1.3;0;0;0;0;0;0;0;0;0
8716;1.3;0;0;0;0;0;0;0;0;0
8717;1.1;0;0;0;0;0;0;0;0;0
8718;0.8;0;0;0;0;0;0;0;0;0
8719;0.8;0;0;0;0;0;0;0;0;0
8720;0.9;0;0;0;0;0;0;0;0;0
8721;1.3;0;0;0;0;0;0;0;0;0
8722;1.9;9.468035812;13.63262196;52.82587531;66.62069432;46.93626109;9.468035812;9.468035812;9.468035812;22
8723;2.7;32.76349651;32.76349651;122.9731585;181.5984921;153.0383039;54.02276469;32.76349651;32.76349651;78
8724;3.3;43.24081381;43.24081381;80.68549137;129.9604357;128.4362016;77.00566481;43.24081381;43.24081381;97
8725;4.1;56.48970797;56.48970797;83.83704355;187.1152105;213.8747297;148.4402376;56.48970797;56.48970797;139
8726;4.5;27.03677922;27.03677922;27.03677922;29.21704133;30.37479277;29.57718115;27.29143652;27.03677922;56
8727;5;29.64573854;29.64573854;29.64573854;32.57703477;35.86184472;35.50534397;31.71636584;29.64573854;61
8728;5.1;7.970627464;7.970627464;7.970627464;8.329105929;9.31148051;9.508401562;8.804515403;7.970627464;17
8729;4.6;0;0;0;0;0;0;0;0;0
8730;4.2;0;0;0;0;0;0;0;0;0
8731;4;0;0;0;0;0;0;0;0;0
8732;3.7;0;0;0;0;0;0;0;0;0
8733;3.3;0;0;0;0;0;0;0;0;0
8734;3.2;0;0;0;0;0;0;0;0;0
8735;2.9;0;0;0;0;0;0;0;0;0
8736;2.4;0;0;0;0;0;0;0;0;0
8737;1.9;0;0;0;0;0;0;0;0;0
8738;1.6;0;0;0;0;0;0;0;0;0
8739;1.4;0;0;0;0;0;0;0;0;0
8740;1.5;0;0;0;0;0;0;0;0;0
8741;1.2;0;0;0;0;0;0;0;0;0
8742;1.1;0;0;0;0;0;0;0;0;0
8743;0.8;0;0;0;0;0;0;0;0;0
8744;0.9;0;0;0;0;0;0;0;0;0
8745;0.6;0;0;0;0;0;0;0;0;0
8746;0.9;2.868166865;2.905555396;3.246766344;3.366198851;3.193890975;2.868166865;2.868166865;2.868166865;6
8747;1.3;15.03207324;15.03207324;16.40463441;17.29075415;16.85376925;15.34965954;15.03207324;15.03207324;31
8748;1.2;22.74276965;22.74276965;23.82937135;25.2491206;25.20068346;23.71243374;22.74276965;22.74276965;47
8749;1.1;24.06647667;24.06647667;24.48341177;26.03762849;26.43717121;25.44799323;24.06647667;24.06647667;50
8750;1.4;17.10581002;17.10581002;17.10581002;17.99851452;18.46978533;18.1420579;17.20731051;17.10581002;36
8751;1.1;14.68942092;14.68942092;14.68942092;15.41244451;16.21854189;16.12890094;15.19603211;14.68942092;31
8752;1.3;5.120015585;5.120015585;5.120015585;5.266041594;5.663515279;5.742614215;5.457003317;5.120015585;11
8753;1.3;1.388700478;1.388700478;1.388700478;1.388700478;1.388700478;1.388700478;1.388700478;1.388700478;3
8754;0.9;0;0;0;0;0;0;0;0;0
8755;0.8;0;0;0;0;0;0;0;0;0
8756;0.5;0;0;0;0;0;0;0;0;0
8757;0.8;0;0;0;0;0;0;0;0;0
8758;1.1;0;0;0;0;0;0;0;0;0
8759;1.1;0;0;0;0;0;0;0;0;0
8760;0.1;0;0;0;0;0;0;0;0;0
