Y,M,D,H,GG,GD
2003,1,1,1,0,0
2003,1,1,2,0,0
2003,1,1,3,0,0
2003,1,1,4,0,0
2003,1,1,5,0,0
2003,1,1,6,0,0
2003,1,1,7,0,0
2003,1,1,8,0,0
2003,1,1,9,0,0
2003,1,1,10,2,2
2003,1,1,11,19,19
2003,1,1,12,41,40
2003,1,1,13,61,58
2003,1,1,14,52,50
2003,1,1,15,38,37
2003,1,1,16,8,8
2003,1,1,17,2,2
2003,1,1,18,0,0
2003,1,1,19,0,0
2003,1,1,20,0,0
2003,1,1,21,0,0
2003,1,1,22,0,0
2003,1,1,23,0,0
2003,1,1,24,0,0
2003,1,2,1,0,0
2003,1,2,2,0,0
2003,1,2,3,0,0
2003,1,2,4,0,0
2003,1,2,5,0,0
2003,1,2,6,0,0
2003,1,2,7,0,0
2003,1,2,8,0,0
2003,1,2,9,0,0
2003,1,2,10,16,15
2003,1,2,11,27,26
2003,1,2,12,36,35
2003,1,2,13,66,63
2003,1,2,14,33,32
2003,1,2,15,22,22
2003,1,2,16,11,11
2003,1,2,17,2,2
2003,1,2,18,0,0
2003,1,2,19,0,0
2003,1,2,20,0,0
2003,1,2,21,0,0
2003,1,2,22,0,0
2003,1,2,23,0,0
2003,1,2,24,0,0
2003,1,3,1,0,0
2003,1,3,2,0,0
2003,1,3,3,0,0
2003,1,3,4,0,0
2003,1,3,5,0,0
2003,1,3,6,0,0
2003,1,3,7,0,0
2003,1,3,8,0,0
2003,1,3,9,0,0
2003,1,3,10,16,15
2003,1,3,11,102,77
2003,1,3,12,204,83
2003,1,3,13,246,78
2003,1,3,14,191,105
2003,1,3,15,157,83
2003,1,3,16,47,44
2003,1,3,17,11,11
2003,1,3,18,0,0
2003,1,3,19,0,0
2003,1,3,20,0,0
2003,1,3,21,0,0
2003,1,3,22,0,0
2003,1,3,23,0,0
2003,1,3,24,0,0
2003,1,4,1,0,0
2003,1,4,2,0,0
2003,1,4,3,0,0
2003,1,4,4,0,0
2003,1,4,5,0,0
2003,1,4,6,0,0
2003,1,4,7,0,0
2003,1,4,8,0,0
2003,1,4,9,0,0
2003,1,4,10,11,11
2003,1,4,11,19,19
2003,1,4,12,30,29
2003,1,4,13,47,46
2003,1,4,14,27,26
2003,1,4,15,11,11
2003,1,4,16,5,5
2003,1,4,17,2,2
2003,1,4,18,0,0
2003,1,4,19,0,0
2003,1,4,20,0,0
2003,1,4,21,0,0
2003,1,4,22,0,0
2003,1,4,23,0,0
2003,1,4,24,0,0
2003,1,5,1,0,0
2003,1,5,2,0,0
2003,1,5,3,0,0
2003,1,5,4,0,0
2003,1,5,5,0,0
2003,1,5,6,0,0
2003,1,5,7,0,0
2003,1,5,8,0,0
2003,1,5,9,0,0
2003,1,5,10,13,13
2003,1,5,11,69,64
2003,1,5,12,108,99
2003,1,5,13,80,76
2003,1,5,14,80,76
2003,1,5,15,44,42
2003,1,5,16,44,41
2003,1,5,17,8,8
2003,1,5,18,0,0
2003,1,5,19,0,0
2003,1,5,20,0,0
2003,1,5,21,0,0
2003,1,5,22,0,0
2003,1,5,23,0,0
2003,1,5,24,0,0
2003,1,6,1,0,0
2003,1,6,2,0,0
2003,1,6,3,0,0
2003,1,6,4,0,0
2003,1,6,5,0,0
2003,1,6,6,0,0
2003,1,6,7,0,0
2003,1,6,8,0,0
2003,1,6,9,0,0
2003,1,6,10,5,5
2003,1,6,11,47,45
2003,1,6,12,72,68
2003,1,6,13,75,71
2003,1,6,14,149,118
2003,1,6,15,104,93
2003,1,6,16,25,24
2003,1,6,17,5,5
2003,1,6,18,0,0
2003,1,6,19,0,0
2003,1,6,20,0,0
2003,1,6,21,0,0
2003,1,6,22,0,0
2003,1,6,23,0,0
2003,1,6,24,0,0
2003,1,7,1,0,0
2003,1,7,2,0,0
2003,1,7,3,0,0
2003,1,7,4,0,0
2003,1,7,5,0,0
2003,1,7,6,0,0
2003,1,7,7,0,0
2003,1,7,8,0,0
2003,1,7,9,0,0
2003,1,7,10,8,8
2003,1,7,11,82,75
2003,1,7,12,133,110
2003,1,7,13,50,48
2003,1,7,14,97,91
2003,1,7,15,80,75
2003,1,7,16,33,31
2003,1,7,17,8,6
2003,1,7,18,0,0
2003,1,7,19,0,0
2003,1,7,20,0,0
2003,1,7,21,0,0
2003,1,7,22,0,0
2003,1,7,23,0,0
2003,1,7,24,0,0
2003,1,8,1,0,0
2003,1,8,2,0,0
2003,1,8,3,0,0
2003,1,8,4,0,0
2003,1,8,5,0,0
2003,1,8,6,0,0
2003,1,8,7,0,0
2003,1,8,8,0,0
2003,1,8,9,0,0
2003,1,8,10,13,13
2003,1,8,11,63,59
2003,1,8,12,91,85
2003,1,8,13,91,86
2003,1,8,14,75,71
2003,1,8,15,41,40
2003,1,8,16,16,16
2003,1,8,17,5,5
2003,1,8,18,0,0
2003,1,8,19,0,0
2003,1,8,20,0,0
2003,1,8,21,0,0
2003,1,8,22,0,0
2003,1,8,23,0,0
2003,1,8,24,0,0
2003,1,9,1,0,0
2003,1,9,2,0,0
2003,1,9,3,0,0
2003,1,9,4,0,0
2003,1,9,5,0,0
2003,1,9,6,0,0
2003,1,9,7,0,0
2003,1,9,8,0,0
2003,1,9,9,0,0
2003,1,9,10,11,11
2003,1,9,11,41,39
2003,1,9,12,61,58
2003,1,9,13,122,112
2003,1,9,14,99,92
2003,1,9,15,69,65
2003,1,9,16,55,51
2003,1,9,17,11,9
2003,1,9,18,0,0
2003,1,9,19,0,0
2003,1,9,20,0,0
2003,1,9,21,0,0
2003,1,9,22,0,0
2003,1,9,23,0,0
2003,1,9,24,0,0
2003,1,10,1,0,0
2003,1,10,2,0,0
2003,1,10,3,0,0
2003,1,10,4,0,0
2003,1,10,5,0,0
2003,1,10,6,0,0
2003,1,10,7,0,0
2003,1,10,8,0,0
2003,1,10,9,0,0
2003,1,10,10,19,18
2003,1,10,11,91,80
2003,1,10,12,119,109
2003,1,10,13,135,123
2003,1,10,14,249,80
2003,1,10,15,110,98
2003,1,10,16,97,59
2003,1,10,17,21,14
2003,1,10,18,0,0
2003,1,10,19,0,0
2003,1,10,20,0,0
2003,1,10,21,0,0
2003,1,10,22,0,0
2003,1,10,23,0,0
2003,1,10,24,0,0
2003,1,11,1,0,0
2003,1,11,2,0,0
2003,1,11,3,0,0
2003,1,11,4,0,0
2003,1,11,5,0,0
2003,1,11,6,0,0
2003,1,11,7,0,0
2003,1,11,8,0,0
2003,1,11,9,0,0
2003,1,11,10,38,35
2003,1,11,11,140,74
2003,1,11,12,227,78
2003,1,11,13,274,70
2003,1,11,14,268,65
2003,1,11,15,213,61
2003,1,11,16,118,51
2003,1,11,17,26,14
2003,1,11,18,0,0
2003,1,11,19,0,0
2003,1,11,20,0,0
2003,1,11,21,0,0
2003,1,11,22,0,0
2003,1,11,23,0,0
2003,1,11,24,0,0
2003,1,12,1,0,0
2003,1,12,2,0,0
2003,1,12,3,0,0
2003,1,12,4,0,0
2003,1,12,5,0,0
2003,1,12,6,0,0
2003,1,12,7,0,0
2003,1,12,8,0,0
2003,1,12,9,0,0
2003,1,12,10,72,27
2003,1,12,11,169,55
2003,1,12,12,232,76
2003,1,12,13,279,68
2003,1,12,14,274,62
2003,1,12,15,190,84
2003,1,12,16,107,60
2003,1,12,17,24,11
2003,1,12,18,0,0
2003,1,12,19,0,0
2003,1,12,20,0,0
2003,1,12,21,0,0
2003,1,12,22,0,0
2003,1,12,23,0,0
2003,1,12,24,0,0
2003,1,13,1,0,0
2003,1,13,2,0,0
2003,1,13,3,0,0
2003,1,13,4,0,0
2003,1,13,5,0,0
2003,1,13,6,0,0
2003,1,13,7,0,0
2003,1,13,8,0,0
2003,1,13,9,0,0
2003,1,13,10,44,37
2003,1,13,11,113,84
2003,1,13,12,160,115
2003,1,13,13,213,120
2003,1,13,14,166,126
2003,1,13,15,169,98
2003,1,13,16,93,66
2003,1,13,17,16,15
2003,1,13,18,0,0
2003,1,13,19,0,0
2003,1,13,20,0,0
2003,1,13,21,0,0
2003,1,13,22,0,0
2003,1,13,23,0,0
2003,1,13,24,0,0
2003,1,14,1,0,0
2003,1,14,2,0,0
2003,1,14,3,0,0
2003,1,14,4,0,0
2003,1,14,5,0,0
2003,1,14,6,0,0
2003,1,14,7,0,0
2003,1,14,8,0,0
2003,1,14,9,0,0
2003,1,14,10,30,28
2003,1,14,11,110,85
2003,1,14,12,171,114
2003,1,14,13,251,100
2003,1,14,14,224,110
2003,1,14,15,186,92
2003,1,14,16,99,67
2003,1,14,17,19,16
2003,1,14,18,0,0
2003,1,14,19,0,0
2003,1,14,20,0,0
2003,1,14,21,0,0
2003,1,14,22,0,0
2003,1,14,23,0,0
2003,1,14,24,0,0
2003,1,15,1,0,0
2003,1,15,2,0,0
2003,1,15,3,0,0
2003,1,15,4,0,0
2003,1,15,5,0,0
2003,1,15,6,0,0
2003,1,15,7,0,0
2003,1,15,8,0,0
2003,1,15,9,0,0
2003,1,15,10,36,33
2003,1,15,11,124,85
2003,1,15,12,199,106
2003,1,15,13,235,113
2003,1,15,14,182,128
2003,1,15,15,80,75
2003,1,15,16,47,44
2003,1,15,17,19,17
2003,1,15,18,0,0
2003,1,15,19,0,0
2003,1,15,20,0,0
2003,1,15,21,0,0
2003,1,15,22,0,0
2003,1,15,23,0,0
2003,1,15,24,0,0
2003,1,16,1,0,0
2003,1,16,2,0,0
2003,1,16,3,0,0
2003,1,16,4,0,0
2003,1,16,5,0,0
2003,1,16,6,0,0
2003,1,16,7,0,0
2003,1,16,8,0,0
2003,1,16,9,0,0
2003,1,16,10,5,5
2003,1,16,11,33,32
2003,1,16,12,80,76
2003,1,16,13,61,59
2003,1,16,14,61,59
2003,1,16,15,47,45
2003,1,16,16,36,35
2003,1,16,17,11,11
2003,1,16,18,0,0
2003,1,16,19,0,0
2003,1,16,20,0,0
2003,1,16,21,0,0
2003,1,16,22,0,0
2003,1,16,23,0,0
2003,1,16,24,0,0
2003,1,17,1,0,0
2003,1,17,2,0,0
2003,1,17,3,0,0
2003,1,17,4,0,0
2003,1,17,5,0,0
2003,1,17,6,0,0
2003,1,17,7,0,0
2003,1,17,8,0,0
2003,1,17,9,0,0
2003,1,17,10,19,18
2003,1,17,11,44,42
2003,1,17,12,72,68
2003,1,17,13,105,98
2003,1,17,14,94,89
2003,1,17,15,61,58
2003,1,17,16,30,29
2003,1,17,17,11,11
2003,1,17,18,0,0
2003,1,17,19,0,0
2003,1,17,20,0,0
2003,1,17,21,0,0
2003,1,17,22,0,0
2003,1,17,23,0,0
2003,1,17,24,0,0
2003,1,18,1,0,0
2003,1,18,2,0,0
2003,1,18,3,0,0
2003,1,18,4,0,0
2003,1,18,5,0,0
2003,1,18,6,0,0
2003,1,18,7,0,0
2003,1,18,8,0,0
2003,1,18,9,0,0
2003,1,18,10,8,8
2003,1,18,11,30,29
2003,1,18,12,66,63
2003,1,18,13,149,134
2003,1,18,14,213,126
2003,1,18,15,146,113
2003,1,18,16,44,42
2003,1,18,17,11,11
2003,1,18,18,0,0
2003,1,18,19,0,0
2003,1,18,20,0,0
2003,1,18,21,0,0
2003,1,18,22,0,0
2003,1,18,23,0,0
2003,1,18,24,0,0
2003,1,19,1,0,0
2003,1,19,2,0,0
2003,1,19,3,0,0
2003,1,19,4,0,0
2003,1,19,5,0,0
2003,1,19,6,0,0
2003,1,19,7,0,0
2003,1,19,8,0,0
2003,1,19,9,0,0
2003,1,19,10,8,8
2003,1,19,11,36,35
2003,1,19,12,61,59
2003,1,19,13,63,61
2003,1,19,14,55,53
2003,1,19,15,47,45
2003,1,19,16,33,32
2003,1,19,17,13,12
2003,1,19,18,0,0
2003,1,19,19,0,0
2003,1,19,20,0,0
2003,1,19,21,0,0
2003,1,19,22,0,0
2003,1,19,23,0,0
2003,1,19,24,0,0
2003,1,20,1,0,0
2003,1,20,2,0,0
2003,1,20,3,0,0
2003,1,20,4,0,0
2003,1,20,5,0,0
2003,1,20,6,0,0
2003,1,20,7,0,0
2003,1,20,8,0,0
2003,1,20,9,0,0
2003,1,20,10,11,11
2003,1,20,11,38,37
2003,1,20,12,47,46
2003,1,20,13,72,69
2003,1,20,14,66,63
2003,1,20,15,52,50
2003,1,20,16,36,35
2003,1,20,17,11,11
2003,1,20,18,0,0
2003,1,20,19,0,0
2003,1,20,20,0,0
2003,1,20,21,0,0
2003,1,20,22,0,0
2003,1,20,23,0,0
2003,1,20,24,0,0
2003,1,21,1,0,0
2003,1,21,2,0,0
2003,1,21,3,0,0
2003,1,21,4,0,0
2003,1,21,5,0,0
2003,1,21,6,0,0
2003,1,21,7,0,0
2003,1,21,8,0,0
2003,1,21,9,0,0
2003,1,21,10,11,11
2003,1,21,11,36,35
2003,1,21,12,38,37
2003,1,21,13,58,56
2003,1,21,14,55,53
2003,1,21,15,52,50
2003,1,21,16,33,32
2003,1,21,17,11,11
2003,1,21,18,0,0
2003,1,21,19,0,0
2003,1,21,20,0,0
2003,1,21,21,0,0
2003,1,21,22,0,0
2003,1,21,23,0,0
2003,1,21,24,0,0
2003,1,22,1,0,0
2003,1,22,2,0,0
2003,1,22,3,0,0
2003,1,22,4,0,0
2003,1,22,5,0,0
2003,1,22,6,0,0
2003,1,22,7,0,0
2003,1,22,8,0,0
2003,1,22,9,0,0
2003,1,22,10,8,8
2003,1,22,11,16,16
2003,1,22,12,50,48
2003,1,22,13,44,43
2003,1,22,14,55,53
2003,1,22,15,38,37
2003,1,22,16,30,29
2003,1,22,17,11,11
2003,1,22,18,0,0
2003,1,22,19,0,0
2003,1,22,20,0,0
2003,1,22,21,0,0
2003,1,22,22,0,0
2003,1,22,23,0,0
2003,1,22,24,0,0
2003,1,23,1,0,0
2003,1,23,2,0,0
2003,1,23,3,0,0
2003,1,23,4,0,0
2003,1,23,5,0,0
2003,1,23,6,0,0
2003,1,23,7,0,0
2003,1,23,8,0,0
2003,1,23,9,0,0
2003,1,23,10,36,34
2003,1,23,11,66,62
2003,1,23,12,111,103
2003,1,23,13,86,82
2003,1,23,14,66,63
2003,1,23,15,50,48
2003,1,23,16,13,13
2003,1,23,17,8,8
2003,1,23,18,0,0
2003,1,23,19,0,0
2003,1,23,20,0,0
2003,1,23,21,0,0
2003,1,23,22,0,0
2003,1,23,23,0,0
2003,1,23,24,0,0
2003,1,24,1,0,0
2003,1,24,2,0,0
2003,1,24,3,0,0
2003,1,24,4,0,0
2003,1,24,5,0,0
2003,1,24,6,0,0
2003,1,24,7,0,0
2003,1,24,8,0,0
2003,1,24,9,0,0
2003,1,24,10,11,11
2003,1,24,11,25,24
2003,1,24,12,33,32
2003,1,24,13,38,37
2003,1,24,14,50,49
2003,1,24,15,38,37
2003,1,24,16,25,24
2003,1,24,17,11,11
2003,1,24,18,0,0
2003,1,24,19,0,0
2003,1,24,20,0,0
2003,1,24,21,0,0
2003,1,24,22,0,0
2003,1,24,23,0,0
2003,1,24,24,0,0
2003,1,25,1,0,0
2003,1,25,2,0,0
2003,1,25,3,0,0
2003,1,25,4,0,0
2003,1,25,5,0,0
2003,1,25,6,0,0
2003,1,25,7,0,0
2003,1,25,8,0,0
2003,1,25,9,0,0
2003,1,25,10,8,8
2003,1,25,11,13,13
2003,1,25,12,22,22
2003,1,25,13,30,30
2003,1,25,14,27,27
2003,1,25,15,25,25
2003,1,25,16,16,16
2003,1,25,17,8,8
2003,1,25,18,2,2
2003,1,25,19,0,0
2003,1,25,20,0,0
2003,1,25,21,0,0
2003,1,25,22,0,0
2003,1,25,23,0,0
2003,1,25,24,0,0
2003,1,26,1,0,0
2003,1,26,2,0,0
2003,1,26,3,0,0
2003,1,26,4,0,0
2003,1,26,5,0,0
2003,1,26,6,0,0
2003,1,26,7,0,0
2003,1,26,8,0,0
2003,1,26,9,2,2
2003,1,26,10,22,21
2003,1,26,11,69,65
2003,1,26,12,160,134
2003,1,26,13,172,148
2003,1,26,14,232,140
2003,1,26,15,41,40
2003,1,26,16,55,52
2003,1,26,17,27,25
2003,1,26,18,0,0
2003,1,26,19,0,0
2003,1,26,20,0,0
2003,1,26,21,0,0
2003,1,26,22,0,0
2003,1,26,23,0,0
2003,1,26,24,0,0
2003,1,27,1,0,0
2003,1,27,2,0,0
2003,1,27,3,0,0
2003,1,27,4,0,0
2003,1,27,5,0,0
2003,1,27,6,0,0
2003,1,27,7,0,0
2003,1,27,8,0,0
2003,1,27,9,0,0
2003,1,27,10,71,55
2003,1,27,11,171,94
2003,1,27,12,247,113
2003,1,27,13,221,149
2003,1,27,14,202,149
2003,1,27,15,146,127
2003,1,27,16,83,77
2003,1,27,17,33,31
2003,1,27,18,2,2
2003,1,27,19,0,0
2003,1,27,20,0,0
2003,1,27,21,0,0
2003,1,27,22,0,0
2003,1,27,23,0,0
2003,1,27,24,0,0
2003,1,28,1,0,0
2003,1,28,2,0,0
2003,1,28,3,0,0
2003,1,28,4,0,0
2003,1,28,5,0,0
2003,1,28,6,0,0
2003,1,28,7,0,0
2003,1,28,8,0,0
2003,1,28,9,0,0
2003,1,28,10,44,41
2003,1,28,11,149,103
2003,1,28,12,113,105
2003,1,28,13,152,140
2003,1,28,14,215,150
2003,1,28,15,215,121
2003,1,28,16,118,93
2003,1,28,17,33,31
2003,1,28,18,5,5
2003,1,28,19,0,0
2003,1,28,20,0,0
2003,1,28,21,0,0
2003,1,28,22,0,0
2003,1,28,23,0,0
2003,1,28,24,0,0
2003,1,29,1,0,0
2003,1,29,2,0,0
2003,1,29,3,0,0
2003,1,29,4,0,0
2003,1,29,5,0,0
2003,1,29,6,0,0
2003,1,29,7,0,0
2003,1,29,8,0,0
2003,1,29,9,2,2
2003,1,29,10,107,47
2003,1,29,11,230,57
2003,1,29,12,291,86
2003,1,29,13,335,85
2003,1,29,14,327,87
2003,1,29,15,277,81
2003,1,29,16,188,68
2003,1,29,17,71,41
2003,1,29,18,5,5
2003,1,29,19,0,0
2003,1,29,20,0,0
2003,1,29,21,0,0
2003,1,29,22,0,0
2003,1,29,23,0,0
2003,1,29,24,0,0
2003,1,30,1,0,0
2003,1,30,2,0,0
2003,1,30,3,0,0
2003,1,30,4,0,0
2003,1,30,5,0,0
2003,1,30,6,0,0
2003,1,30,7,0,0
2003,1,30,8,0,0
2003,1,30,9,2,2
2003,1,30,10,88,58
2003,1,30,11,207,82
2003,1,30,12,294,88
2003,1,30,13,338,87
2003,1,30,14,327,92
2003,1,30,15,277,86
2003,1,30,16,191,70
2003,1,30,17,79,40
2003,1,30,18,2,2
2003,1,30,19,0,0
2003,1,30,20,0,0
2003,1,30,21,0,0
2003,1,30,22,0,0
2003,1,30,23,0,0
2003,1,30,24,0,0
2003,1,31,1,0,0
2003,1,31,2,0,0
2003,1,31,3,0,0
2003,1,31,4,0,0
2003,1,31,5,0,0
2003,1,31,6,0,0
2003,1,31,7,0,0
2003,1,31,8,0,0
2003,1,31,9,5,4
2003,1,31,10,96,59
2003,1,31,11,210,84
2003,1,31,12,296,91
2003,1,31,13,338,93
2003,1,31,14,329,96
2003,1,31,15,282,87
2003,1,31,16,190,76
2003,1,31,17,80,43
2003,1,31,18,8,8
2003,1,31,19,0,0
2003,1,31,20,0,0
2003,1,31,21,0,0
2003,1,31,22,0,0
2003,1,31,23,0,0
2003,1,31,24,0,0
1994,2,1,1,0,0
1994,2,1,2,0,0
1994,2,1,3,0,0
1994,2,1,4,0,0
1994,2,1,5,0,0
1994,2,1,6,0,0
1994,2,1,7,0,0
1994,2,1,8,0,0
1994,2,1,9,0,0
1994,2,1,10,3,3
1994,2,1,11,17,16
1994,2,1,12,19,19
1994,2,1,13,22,22
1994,2,1,14,28,27
1994,2,1,15,28,27
1994,2,1,16,19,19
1994,2,1,17,11,11
1994,2,1,18,0,0
1994,2,1,19,0,0
1994,2,1,20,0,0
1994,2,1,21,0,0
1994,2,1,22,0,0
1994,2,1,23,0,0
1994,2,1,24,0,0
1994,2,2,1,0,0
1994,2,2,2,0,0
1994,2,2,3,0,0
1994,2,2,4,0,0
1994,2,2,5,0,0
1994,2,2,6,0,0
1994,2,2,7,0,0
1994,2,2,8,0,0
1994,2,2,9,0,0
1994,2,2,10,3,3
1994,2,2,11,19,19
1994,2,2,12,25,25
1994,2,2,13,33,33
1994,2,2,14,28,27
1994,2,2,15,28,27
1994,2,2,16,22,22
1994,2,2,17,11,11
1994,2,2,18,0,0
1994,2,2,19,0,0
1994,2,2,20,0,0
1994,2,2,21,0,0
1994,2,2,22,0,0
1994,2,2,23,0,0
1994,2,2,24,0,0
1994,2,3,1,0,0
1994,2,3,2,0,0
1994,2,3,3,0,0
1994,2,3,4,0,0
1994,2,3,5,0,0
1994,2,3,6,0,0
1994,2,3,7,0,0
1994,2,3,8,0,0
1994,2,3,9,0,0
1994,2,3,10,14,14
1994,2,3,11,31,30
1994,2,3,12,36,35
1994,2,3,13,42,41
1994,2,3,14,42,41
1994,2,3,15,36,35
1994,2,3,16,28,27
1994,2,3,17,11,11
1994,2,3,18,3,3
1994,2,3,19,0,0
1994,2,3,20,0,0
1994,2,3,21,0,0
1994,2,3,22,0,0
1994,2,3,23,0,0
1994,2,3,24,0,0
1994,2,4,1,0,0
1994,2,4,2,0,0
1994,2,4,3,0,0
1994,2,4,4,0,0
1994,2,4,5,0,0
1994,2,4,6,0,0
1994,2,4,7,0,0
1994,2,4,8,0,0
1994,2,4,9,8,8
1994,2,4,10,81,69
1994,2,4,11,172,116
1994,2,4,12,250,140
1994,2,4,13,303,141
1994,2,4,14,297,140
1994,2,4,15,250,129
1994,2,4,16,183,97
1994,2,4,17,78,56
1994,2,4,18,14,14
1994,2,4,19,0,0
1994,2,4,20,0,0
1994,2,4,21,0,0
1994,2,4,22,0,0
1994,2,4,23,0,0
1994,2,4,24,0,0
1994,2,5,1,0,0
1994,2,5,2,0,0
1994,2,5,3,0,0
1994,2,5,4,0,0
1994,2,5,5,0,0
1994,2,5,6,0,0
1994,2,5,7,0,0
1994,2,5,8,0,0
1994,2,5,9,11,10
1994,2,5,10,136,54
1994,2,5,11,261,62
1994,2,5,12,325,90
1994,2,5,13,369,89
1994,2,5,14,369,83
1994,2,5,15,297,100
1994,2,5,16,153,109
1994,2,5,17,50,46
1994,2,5,18,11,11
1994,2,5,19,0,0
1994,2,5,20,0,0
1994,2,5,21,0,0
1994,2,5,22,0,0
1994,2,5,23,0,0
1994,2,5,24,0,0
1994,2,6,1,0,0
1994,2,6,2,0,0
1994,2,6,3,0,0
1994,2,6,4,0,0
1994,2,6,5,0,0
1994,2,6,6,0,0
1994,2,6,7,0,0
1994,2,6,8,0,0
1994,2,6,9,6,5
1994,2,6,10,69,64
1994,2,6,11,97,91
1994,2,6,12,172,153
1994,2,6,13,206,172
1994,2,6,14,264,163
1994,2,6,15,186,150
1994,2,6,16,131,111
1994,2,6,17,44,42
1994,2,6,18,6,6
1994,2,6,19,0,0
1994,2,6,20,0,0
1994,2,6,21,0,0
1994,2,6,22,0,0
1994,2,6,23,0,0
1994,2,6,24,0,0
1994,2,7,1,0,0
1994,2,7,2,0,0
1994,2,7,3,0,0
1994,2,7,4,0,0
1994,2,7,5,0,0
1994,2,7,6,0,0
1994,2,7,7,0,0
1994,2,7,8,0,0
1994,2,7,9,11,10
1994,2,7,10,56,52
1994,2,7,11,147,124
1994,2,7,12,228,156
1994,2,7,13,264,169
1994,2,7,14,336,127
1994,2,7,15,317,94
1994,2,7,16,222,85
1994,2,7,17,106,56
1994,2,7,18,14,14
1994,2,7,19,0,0
1994,2,7,20,0,0
1994,2,7,21,0,0
1994,2,7,22,0,0
1994,2,7,23,0,0
1994,2,7,24,0,0
1994,2,8,1,0,0
1994,2,8,2,0,0
1994,2,8,3,0,0
1994,2,8,4,0,0
1994,2,8,5,0,0
1994,2,8,6,0,0
1994,2,8,7,0,0
1994,2,8,8,0,0
1994,2,8,9,11,10
1994,2,8,10,100,77
1994,2,8,11,133,122
1994,2,8,12,219,160
1994,2,8,13,286,165
1994,2,8,14,314,147
1994,2,8,15,303,112
1994,2,8,16,203,102
1994,2,8,17,94,64
1994,2,8,18,11,11
1994,2,8,19,0,0
1994,2,8,20,0,0
1994,2,8,21,0,0
1994,2,8,22,0,0
1994,2,8,23,0,0
1994,2,8,24,0,0
1994,2,9,1,0,0
1994,2,9,2,0,0
1994,2,9,3,0,0
1994,2,9,4,0,0
1994,2,9,5,0,0
1994,2,9,6,0,0
1994,2,9,7,0,0
1994,2,9,8,0,0
1994,2,9,9,8,8
1994,2,9,10,81,74
1994,2,9,11,181,128
1994,2,9,12,269,149
1994,2,9,13,311,157
1994,2,9,14,303,158
1994,2,9,15,256,145
1994,2,9,16,169,118
1994,2,9,17,78,66
1994,2,9,18,14,11
1994,2,9,19,0,0
1994,2,9,20,0,0
1994,2,9,21,0,0
1994,2,9,22,0,0
1994,2,9,23,0,0
1994,2,9,24,0,0
1994,2,10,1,0,0
1994,2,10,2,0,0
1994,2,10,3,0,0
1994,2,10,4,0,0
1994,2,10,5,0,0
1994,2,10,6,0,0
1994,2,10,7,0,0
1994,2,10,8,0,0
1994,2,10,9,6,5
1994,2,10,10,97,81
1994,2,10,11,131,120
1994,2,10,12,81,77
1994,2,10,13,181,166
1994,2,10,14,136,128
1994,2,10,15,83,80
1994,2,10,16,72,69
1994,2,10,17,33,32
1994,2,10,18,8,6
1994,2,10,19,0,0
1994,2,10,20,0,0
1994,2,10,21,0,0
1994,2,10,22,0,0
1994,2,10,23,0,0
1994,2,10,24,0,0
1994,2,11,1,0,0
1994,2,11,2,0,0
1994,2,11,3,0,0
1994,2,11,4,0,0
1994,2,11,5,0,0
1994,2,11,6,0,0
1994,2,11,7,0,0
1994,2,11,8,0,0
1994,2,11,9,3,3
1994,2,11,10,33,32
1994,2,11,11,61,59
1994,2,11,12,111,105
1994,2,11,13,158,147
1994,2,11,14,203,179
1994,2,11,15,281,141
1994,2,11,16,208,112
1994,2,11,17,97,71
1994,2,11,18,19,18
1994,2,11,19,0,0
1994,2,11,20,0,0
1994,2,11,21,0,0
1994,2,11,22,0,0
1994,2,11,23,0,0
1994,2,11,24,0,0
1994,2,12,1,0,0
1994,2,12,2,0,0
1994,2,12,3,0,0
1994,2,12,4,0,0
1994,2,12,5,0,0
1994,2,12,6,0,0
1994,2,12,7,0,0
1994,2,12,8,0,0
1994,2,12,9,31,25
1994,2,12,10,139,80
1994,2,12,11,258,104
1994,2,12,12,350,107
1994,2,12,13,389,113
1994,2,12,14,400,96
1994,2,12,15,353,88
1994,2,12,16,247,91
1994,2,12,17,122,67
1994,2,12,18,22,18
1994,2,12,19,0,0
1994,2,12,20,0,0
1994,2,12,21,0,0
1994,2,12,22,0,0
1994,2,12,23,0,0
1994,2,12,24,0,0
1994,2,13,1,0,0
1994,2,13,2,0,0
1994,2,13,3,0,0
1994,2,13,4,0,0
1994,2,13,5,0,0
1994,2,13,6,0,0
1994,2,13,7,0,0
1994,2,13,8,0,0
1994,2,13,9,28,25
1994,2,13,10,156,76
1994,2,13,11,283,88
1994,2,13,12,372,91
1994,2,13,13,394,114
1994,2,13,14,403,100
1994,2,13,15,361,86
1994,2,13,16,256,89
1994,2,13,17,131,67
1994,2,13,18,25,16
1994,2,13,19,0,0
1994,2,13,20,0,0
1994,2,13,21,0,0
1994,2,13,22,0,0
1994,2,13,23,0,0
1994,2,13,24,0,0
1994,2,14,1,0,0
1994,2,14,2,0,0
1994,2,14,3,0,0
1994,2,14,4,0,0
1994,2,14,5,0,0
1994,2,14,6,0,0
1994,2,14,7,0,0
1994,2,14,8,0,0
1994,2,14,9,3,3
1994,2,14,10,50,48
1994,2,14,11,78,74
1994,2,14,12,111,105
1994,2,14,13,167,155
1994,2,14,14,219,187
1994,2,14,15,269,158
1994,2,14,16,192,128
1994,2,14,17,92,78
1994,2,14,18,22,14
1994,2,14,19,0,0
1994,2,14,20,0,0
1994,2,14,21,0,0
1994,2,14,22,0,0
1994,2,14,23,0,0
1994,2,14,24,0,0
1994,2,15,1,0,0
1994,2,15,2,0,0
1994,2,15,3,0,0
1994,2,15,4,0,0
1994,2,15,5,0,0
1994,2,15,6,0,0
1994,2,15,7,0,0
1994,2,15,8,0,0
1994,2,15,9,22,21
1994,2,15,10,108,92
1994,2,15,11,219,137
1994,2,15,12,314,151
1994,2,15,13,339,168
1994,2,15,14,369,143
1994,2,15,15,306,144
1994,2,15,16,211,125
1994,2,15,17,142,69
1994,2,15,18,39,27
1994,2,15,19,0,0
1994,2,15,20,0,0
1994,2,15,21,0,0
1994,2,15,22,0,0
1994,2,15,23,0,0
1994,2,15,24,0,0
1994,2,16,1,0,0
1994,2,16,2,0,0
1994,2,16,3,0,0
1994,2,16,4,0,0
1994,2,16,5,0,0
1994,2,16,6,0,0
1994,2,16,7,0,0
1994,2,16,8,0,0
1994,2,16,9,19,19
1994,2,16,10,72,68
1994,2,16,11,94,89
1994,2,16,12,114,108
1994,2,16,13,222,193
1994,2,16,14,247,194
1994,2,16,15,189,169
1994,2,16,16,194,133
1994,2,16,17,100,82
1994,2,16,18,25,19
1994,2,16,19,0,0
1994,2,16,20,0,0
1994,2,16,21,0,0
1994,2,16,22,0,0
1994,2,16,23,0,0
1994,2,16,24,0,0
1994,2,17,1,0,0
1994,2,17,2,0,0
1994,2,17,3,0,0
1994,2,17,4,0,0
1994,2,17,5,0,0
1994,2,17,6,0,0
1994,2,17,7,0,0
1994,2,17,8,0,0
1994,2,17,9,25,24
1994,2,17,10,131,98
1994,2,17,11,139,128
1994,2,17,12,336,146
1994,2,17,13,444,88
1994,2,17,14,414,115
1994,2,17,15,358,114
1994,2,17,16,272,97
1994,2,17,17,131,82
1994,2,17,18,36,23
1994,2,17,19,0,0
1994,2,17,20,0,0
1994,2,17,21,0,0
1994,2,17,22,0,0
1994,2,17,23,0,0
1994,2,17,24,0,0
1994,2,18,1,0,0
1994,2,18,2,0,0
1994,2,18,3,0,0
1994,2,18,4,0,0
1994,2,18,5,0,0
1994,2,18,6,0,0
1994,2,18,7,0,0
1994,2,18,8,0,0
1994,2,18,9,28,26
1994,2,18,10,94,87
1994,2,18,11,94,90
1994,2,18,12,97,93
1994,2,18,13,94,91
1994,2,18,14,89,86
1994,2,18,15,117,110
1994,2,18,16,89,84
1994,2,18,17,42,40
1994,2,18,18,11,11
1994,2,18,19,0,0
1994,2,18,20,0,0
1994,2,18,21,0,0
1994,2,18,22,0,0
1994,2,18,23,0,0
1994,2,18,24,0,0
1994,2,19,1,0,0
1994,2,19,2,0,0
1994,2,19,3,0,0
1994,2,19,4,0,0
1994,2,19,5,0,0
1994,2,19,6,0,0
1994,2,19,7,0,0
1994,2,19,8,0,0
1994,2,19,9,8,8
1994,2,19,10,28,27
1994,2,19,11,53,51
1994,2,19,12,122,116
1994,2,19,13,128,121
1994,2,19,14,103,98
1994,2,19,15,89,85
1994,2,19,16,81,77
1994,2,19,17,58,55
1994,2,19,18,33,26
1994,2,19,19,0,0
1994,2,19,20,0,0
1994,2,19,21,0,0
1994,2,19,22,0,0
1994,2,19,23,0,0
1994,2,19,24,0,0
1994,2,20,1,0,0
1994,2,20,2,0,0
1994,2,20,3,0,0
1994,2,20,4,0,0
1994,2,20,5,0,0
1994,2,20,6,0,0
1994,2,20,7,0,0
1994,2,20,8,0,0
1994,2,20,9,103,18
1994,2,20,10,272,48
1994,2,20,11,372,66
1994,2,20,12,464,82
1994,2,20,13,219,200
1994,2,20,14,308,197
1994,2,20,15,253,182
1994,2,20,16,239,133
1994,2,20,17,119,92
1994,2,20,18,44,26
1994,2,20,19,0,0
1994,2,20,20,0,0
1994,2,20,21,0,0
1994,2,20,22,0,0
1994,2,20,23,0,0
1994,2,20,24,0,0
1994,2,21,1,0,0
1994,2,21,2,0,0
1994,2,21,3,0,0
1994,2,21,4,0,0
1994,2,21,5,0,0
1994,2,21,6,0,0
1994,2,21,7,0,0
1994,2,21,8,0,0
1994,2,21,9,94,29
1994,2,21,10,231,59
1994,2,21,11,325,99
1994,2,21,12,394,122
1994,2,21,13,589,104
1994,2,21,14,436,120
1994,2,21,15,417,80
1994,2,21,16,322,74
1994,2,21,17,189,64
1994,2,21,18,44,30
1994,2,21,19,0,0
1994,2,21,20,0,0
1994,2,21,21,0,0
1994,2,21,22,0,0
1994,2,21,23,0,0
1994,2,21,24,0,0
1994,2,22,1,0,0
1994,2,22,2,0,0
1994,2,22,3,0,0
1994,2,22,4,0,0
1994,2,22,5,0,0
1994,2,22,6,0,0
1994,2,22,7,0,0
1994,2,22,8,0,0
1994,2,22,9,69,48
1994,2,22,10,169,106
1994,2,22,11,225,158
1994,2,22,12,178,164
1994,2,22,13,139,131
1994,2,22,14,153,144
1994,2,22,15,103,98
1994,2,22,16,61,59
1994,2,22,17,50,48
1994,2,22,18,22,21
1994,2,22,19,0,0
1994,2,22,20,0,0
1994,2,22,21,0,0
1994,2,22,22,0,0
1994,2,22,23,0,0
1994,2,22,24,0,0
1994,2,23,1,0,0
1994,2,23,2,0,0
1994,2,23,3,0,0
1994,2,23,4,0,0
1994,2,23,5,0,0
1994,2,23,6,0,0
1994,2,23,7,0,0
1994,2,23,8,0,0
1994,2,23,9,44,41
1994,2,23,10,186,103
1994,2,23,11,356,82
1994,2,23,12,458,81
1994,2,23,13,494,88
1994,2,23,14,467,101
1994,2,23,15,431,79
1994,2,23,16,333,75
1994,2,23,17,203,63
1994,2,23,18,56,33
1994,2,23,19,0,0
1994,2,23,20,0,0
1994,2,23,21,0,0
1994,2,23,22,0,0
1994,2,23,23,0,0
1994,2,23,24,0,0
1994,2,24,1,0,0
1994,2,24,2,0,0
1994,2,24,3,0,0
1994,2,24,4,0,0
1994,2,24,5,0,0
1994,2,24,6,0,0
1994,2,24,7,0,0
1994,2,24,8,0,0
1994,2,24,9,42,39
1994,2,24,10,128,113
1994,2,24,11,108,102
1994,2,24,12,347,174
1994,2,24,13,489,90
1994,2,24,14,514,91
1994,2,24,15,450,80
1994,2,24,16,333,82
1994,2,24,17,208,64
1994,2,24,18,67,31
1994,2,24,19,0,0
1994,2,24,20,0,0
1994,2,24,21,0,0
1994,2,24,22,0,0
1994,2,24,23,0,0
1994,2,24,24,0,0
1994,2,25,1,0,0
1994,2,25,2,0,0
1994,2,25,3,0,0
1994,2,25,4,0,0
1994,2,25,5,0,0
1994,2,25,6,0,0
1994,2,25,7,0,0
1994,2,25,8,0,0
1994,2,25,9,28,27
1994,2,25,10,122,112
1994,2,25,11,261,160
1994,2,25,12,303,196
1994,2,25,13,258,217
1994,2,25,14,303,214
1994,2,25,15,314,182
1994,2,25,16,297,121
1994,2,25,17,194,81
1994,2,25,18,69,34
1994,2,25,19,3,3
1994,2,25,20,0,0
1994,2,25,21,0,0
1994,2,25,22,0,0
1994,2,25,23,0,0
1994,2,25,24,0,0
1994,2,26,1,0,0
1994,2,26,2,0,0
1994,2,26,3,0,0
1994,2,26,4,0,0
1994,2,26,5,0,0
1994,2,26,6,0,0
1994,2,26,7,0,0
1994,2,26,8,0,0
1994,2,26,9,83,58
1994,2,26,10,233,89
1994,2,26,11,375,83
1994,2,26,12,475,84
1994,2,26,13,525,93
1994,2,26,14,522,92
1994,2,26,15,447,82
1994,2,26,16,350,77
1994,2,26,17,214,71
1994,2,26,18,72,36
1994,2,26,19,3,3
1994,2,26,20,0,0
1994,2,26,21,0,0
1994,2,26,22,0,0
1994,2,26,23,0,0
1994,2,26,24,0,0
1994,2,27,1,0,0
1994,2,27,2,0,0
1994,2,27,3,0,0
1994,2,27,4,0,0
1994,2,27,5,0,0
1994,2,27,6,0,0
1994,2,27,7,0,0
1994,2,27,8,0,0
1994,2,27,9,92,59
1994,2,27,10,244,86
1994,2,27,11,386,78
1994,2,27,12,481,85
1994,2,27,13,531,94
1994,2,27,14,531,94
1994,2,27,15,461,82
1994,2,27,16,356,78
1994,2,27,17,217,74
1994,2,27,18,69,41
1994,2,27,19,3,3
1994,2,27,20,0,0
1994,2,27,21,0,0
1994,2,27,22,0,0
1994,2,27,23,0,0
1994,2,27,24,0,0
1994,2,28,1,0,0
1994,2,28,2,0,0
1994,2,28,3,0,0
1994,2,28,4,0,0
1994,2,28,5,0,0
1994,2,28,6,0,0
1994,2,28,7,0,0
1994,2,28,8,3,3
1994,2,28,9,100,61
1994,2,28,10,253,85
1994,2,28,11,394,76
1994,2,28,12,367,182
1994,2,28,13,331,222
1994,2,28,14,281,223
1994,2,28,15,242,201
1994,2,28,16,172,157
1994,2,28,17,94,88
1994,2,28,18,39,36
1994,2,28,19,3,3
1994,2,28,20,0,0
1994,2,28,21,0,0
1994,2,28,22,0,0
1994,2,28,23,0,0
1994,2,28,24,0,0
1989,3,1,1,0,0
1989,3,1,2,0,0
1989,3,1,3,0,0
1989,3,1,4,0,0
1989,3,1,5,0,0
1989,3,1,6,0,0
1989,3,1,7,0,0
1989,3,1,8,3,3
1989,3,1,9,31,29
1989,3,1,10,106,98
1989,3,1,11,206,176
1989,3,1,12,331,202
1989,3,1,13,442,170
1989,3,1,14,339,220
1989,3,1,15,92,88
1989,3,1,16,72,70
1989,3,1,17,94,88
1989,3,1,18,22,21
1989,3,1,19,0,0
1989,3,1,20,0,0
1989,3,1,21,0,0
1989,3,1,22,0,0
1989,3,1,23,0,0
1989,3,1,24,0,0
1989,3,2,1,0,0
1989,3,2,2,0,0
1989,3,2,3,0,0
1989,3,2,4,0,0
1989,3,2,5,0,0
1989,3,2,6,0,0
1989,3,2,7,0,0
1989,3,2,8,0,0
1989,3,2,9,8,8
1989,3,2,10,64,61
1989,3,2,11,119,113
1989,3,2,12,153,144
1989,3,2,13,186,174
1989,3,2,14,125,119
1989,3,2,15,64,62
1989,3,2,16,56,54
1989,3,2,17,33,33
1989,3,2,18,11,11
1989,3,2,19,0,0
1989,3,2,20,0,0
1989,3,2,21,0,0
1989,3,2,22,0,0
1989,3,2,23,0,0
1989,3,2,24,0,0
1989,3,3,1,0,0
1989,3,3,2,0,0
1989,3,3,3,0,0
1989,3,3,4,0,0
1989,3,3,5,0,0
1989,3,3,6,0,0
1989,3,3,7,0,0
1989,3,3,8,8,8
1989,3,3,9,92,72
1989,3,3,10,242,111
1989,3,3,11,342,146
1989,3,3,12,367,196
1989,3,3,13,378,218
1989,3,3,14,206,191
1989,3,3,15,189,175
1989,3,3,16,169,156
1989,3,3,17,108,100
1989,3,3,18,50,46
1989,3,3,19,3,3
1989,3,3,20,0,0
1989,3,3,21,0,0
1989,3,3,22,0,0
1989,3,3,23,0,0
1989,3,3,24,0,0
1989,3,4,1,0,0
1989,3,4,2,0,0
1989,3,4,3,0,0
1989,3,4,4,0,0
1989,3,4,5,0,0
1989,3,4,6,0,0
1989,3,4,7,0,0
1989,3,4,8,11,11
1989,3,4,9,103,74
1989,3,4,10,222,126
1989,3,4,11,375,125
1989,3,4,12,403,180
1989,3,4,13,500,137
1989,3,4,14,411,201
1989,3,4,15,289,211
1989,3,4,16,189,169
1989,3,4,17,94,88
1989,3,4,18,44,41
1989,3,4,19,3,3
1989,3,4,20,0,0
1989,3,4,21,0,0
1989,3,4,22,0,0
1989,3,4,23,0,0
1989,3,4,24,0,0
1989,3,5,1,0,0
1989,3,5,2,0,0
1989,3,5,3,0,0
1989,3,5,4,0,0
1989,3,5,5,0,0
1989,3,5,6,0,0
1989,3,5,7,0,0
1989,3,5,8,0,0
1989,3,5,9,11,11
1989,3,5,10,75,72
1989,3,5,11,97,93
1989,3,5,12,78,76
1989,3,5,13,94,91
1989,3,5,14,94,91
1989,3,5,15,72,70
1989,3,5,16,203,174
1989,3,5,17,119,110
1989,3,5,18,28,27
1989,3,5,19,0,0
1989,3,5,20,0,0
1989,3,5,21,0,0
1989,3,5,22,0,0
1989,3,5,23,0,0
1989,3,5,24,0,0
1989,3,6,1,0,0
1989,3,6,2,0,0
1989,3,6,3,0,0
1989,3,6,4,0,0
1989,3,6,5,0,0
1989,3,6,6,0,0
1989,3,6,7,0,0
1989,3,6,8,8,8
1989,3,6,9,39,37
1989,3,6,10,89,84
1989,3,6,11,164,152
1989,3,6,12,258,223
1989,3,6,13,311,241
1989,3,6,14,386,222
1989,3,6,15,350,202
1989,3,6,16,250,176
1989,3,6,17,197,117
1989,3,6,18,44,42
1989,3,6,19,3,3
1989,3,6,20,0,0
1989,3,6,21,0,0
1989,3,6,22,0,0
1989,3,6,23,0,0
1989,3,6,24,0,0
1989,3,7,1,0,0
1989,3,7,2,0,0
1989,3,7,3,0,0
1989,3,7,4,0,0
1989,3,7,5,0,0
1989,3,7,6,0,0
1989,3,7,7,0,0
1989,3,7,8,3,3
1989,3,7,9,17,16
1989,3,7,10,58,56
1989,3,7,11,122,116
1989,3,7,12,147,139
1989,3,7,13,175,165
1989,3,7,14,353,236
1989,3,7,15,350,206
1989,3,7,16,192,175
1989,3,7,17,103,96
1989,3,7,18,83,61
1989,3,7,19,6,6
1989,3,7,20,0,0
1989,3,7,21,0,0
1989,3,7,22,0,0
1989,3,7,23,0,0
1989,3,7,24,0,0
1989,3,8,1,0,0
1989,3,8,2,0,0
1989,3,8,3,0,0
1989,3,8,4,0,0
1989,3,8,5,0,0
1989,3,8,6,0,0
1989,3,8,7,0,0
1989,3,8,8,0,0
1989,3,8,9,17,16
1989,3,8,10,58,56
1989,3,8,11,100,96
1989,3,8,12,147,140
1989,3,8,13,203,189
1989,3,8,14,269,239
1989,3,8,15,222,204
1989,3,8,16,167,154
1989,3,8,17,94,89
1989,3,8,18,33,32
1989,3,8,19,3,3
1989,3,8,20,0,0
1989,3,8,21,0,0
1989,3,8,22,0,0
1989,3,8,23,0,0
1989,3,8,24,0,0
1989,3,9,1,0,0
1989,3,9,2,0,0
1989,3,9,3,0,0
1989,3,9,4,0,0
1989,3,9,5,0,0
1989,3,9,6,0,0
1989,3,9,7,0,0
1989,3,9,8,3,3
1989,3,9,9,22,22
1989,3,9,10,75,72
1989,3,9,11,61,60
1989,3,9,12,150,142
1989,3,9,13,103,99
1989,3,9,14,153,145
1989,3,9,15,92,89
1989,3,9,16,97,93
1989,3,9,17,86,81
1989,3,9,18,53,49
1989,3,9,19,8,8
1989,3,9,20,0,0
1989,3,9,21,0,0
1989,3,9,22,0,0
1989,3,9,23,0,0
1989,3,9,24,0,0
1989,3,10,1,0,0
1989,3,10,2,0,0
1989,3,10,3,0,0
1989,3,10,4,0,0
1989,3,10,5,0,0
1989,3,10,6,0,0
1989,3,10,7,0,0
1989,3,10,8,3,3
1989,3,10,9,36,35
1989,3,10,10,194,152
1989,3,10,11,406,137
1989,3,10,12,497,138
1989,3,10,13,322,251
1989,3,10,14,417,225
1989,3,10,15,433,171
1989,3,10,16,275,183
1989,3,10,17,175,133
1989,3,10,18,42,40
1989,3,10,19,0,0
1989,3,10,20,0,0
1989,3,10,21,0,0
1989,3,10,22,0,0
1989,3,10,23,0,0
1989,3,10,24,0,0
1989,3,11,1,0,0
1989,3,11,2,0,0
1989,3,11,3,0,0
1989,3,11,4,0,0
1989,3,11,5,0,0
1989,3,11,6,0,0
1989,3,11,7,0,0
1989,3,11,8,8,8
1989,3,11,9,58,55
1989,3,11,10,203,155
1989,3,11,11,147,139
1989,3,11,12,136,130
1989,3,11,13,219,204
1989,3,11,14,347,249
1989,3,11,15,353,219
1989,3,11,16,119,113
1989,3,11,17,50,48
1989,3,11,18,31,29
1989,3,11,19,3,3
1989,3,11,20,0,0
1989,3,11,21,0,0
1989,3,11,22,0,0
1989,3,11,23,0,0
1989,3,11,24,0,0
1989,3,12,1,0,0
1989,3,12,2,0,0
1989,3,12,3,0,0
1989,3,12,4,0,0
1989,3,12,5,0,0
1989,3,12,6,0,0
1989,3,12,7,0,0
1989,3,12,8,8,8
1989,3,12,9,42,40
1989,3,12,10,61,59
1989,3,12,11,208,191
1989,3,12,12,511,138
1989,3,12,13,453,220
1989,3,12,14,444,219
1989,3,12,15,372,216
1989,3,12,16,353,155
1989,3,12,17,250,113
1989,3,12,18,81,71
1989,3,12,19,11,11
1989,3,12,20,0,0
1989,3,12,21,0,0
1989,3,12,22,0,0
1989,3,12,23,0,0
1989,3,12,24,0,0
1989,3,13,1,0,0
1989,3,13,2,0,0
1989,3,13,3,0,0
1989,3,13,4,0,0
1989,3,13,5,0,0
1989,3,13,6,0,0
1989,3,13,7,0,0
1989,3,13,8,14,13
1989,3,13,9,100,92
1989,3,13,10,267,147
1989,3,13,11,389,169
1989,3,13,12,503,153
1989,3,13,13,556,142
1989,3,13,14,547,141
1989,3,13,15,486,142
1989,3,13,16,378,141
1989,3,13,17,239,124
1989,3,13,18,97,75
1989,3,13,19,11,11
1989,3,13,20,0,0
1989,3,13,21,0,0
1989,3,13,22,0,0
1989,3,13,23,0,0
1989,3,13,24,0,0
1989,3,14,1,0,0
1989,3,14,2,0,0
1989,3,14,3,0,0
1989,3,14,4,0,0
1989,3,14,5,0,0
1989,3,14,6,0,0
1989,3,14,7,0,0
1989,3,14,8,25,23
1989,3,14,9,136,102
1989,3,14,10,272,149
1989,3,14,11,389,174
1989,3,14,12,478,181
1989,3,14,13,522,180
1989,3,14,14,442,229
1989,3,14,15,300,235
1989,3,14,16,286,192
1989,3,14,17,150,137
1989,3,14,18,78,71
1989,3,14,19,11,11
1989,3,14,20,0,0
1989,3,14,21,0,0
1989,3,14,22,0,0
1989,3,14,23,0,0
1989,3,14,24,0,0
1989,3,15,1,0,0
1989,3,15,2,0,0
1989,3,15,3,0,0
1989,3,15,4,0,0
1989,3,15,5,0,0
1989,3,15,6,0,0
1989,3,15,7,0,0
1989,3,15,8,3,3
1989,3,15,9,31,30
1989,3,15,10,67,64
1989,3,15,11,89,86
1989,3,15,12,114,110
1989,3,15,13,100,97
1989,3,15,14,108,105
1989,3,15,15,139,132
1989,3,15,16,47,46
1989,3,15,17,36,35
1989,3,15,18,14,14
1989,3,15,19,0,0
1989,3,15,20,0,0
1989,3,15,21,0,0
1989,3,15,22,0,0
1989,3,15,23,0,0
1989,3,15,24,0,0
1989,3,16,1,0,0
1989,3,16,2,0,0
1989,3,16,3,0,0
1989,3,16,4,0,0
1989,3,16,5,0,0
1989,3,16,6,0,0
1989,3,16,7,0,0
1989,3,16,8,22,21
1989,3,16,9,78,73
1989,3,16,10,142,132
1989,3,16,11,219,201
1989,3,16,12,364,247
1989,3,16,13,378,263
1989,3,16,14,422,246
1989,3,16,15,206,191
1989,3,16,16,156,146
1989,3,16,17,106,99
1989,3,16,18,0,0
1989,3,16,19,0,0
1989,3,16,20,0,0
1989,3,16,21,0,0
1989,3,16,22,0,0
1989,3,16,23,0,0
1989,3,16,24,0,0
1989,3,17,1,0,0
1989,3,17,2,0,0
1989,3,17,3,0,0
1989,3,17,4,0,0
1989,3,17,5,0,0
1989,3,17,6,0,0
1989,3,17,7,0,0
1989,3,17,8,14,14
1989,3,17,9,33,33
1989,3,17,10,119,113
1989,3,17,11,161,151
1989,3,17,12,189,177
1989,3,17,13,222,207
1989,3,17,14,203,190
1989,3,17,15,111,107
1989,3,17,16,117,111
1989,3,17,17,114,107
1989,3,17,18,61,57
1989,3,17,19,31,30
1989,3,17,20,0,0
1989,3,17,21,0,0
1989,3,17,22,0,0
1989,3,17,23,0,0
1989,3,17,24,0,0
1989,3,18,1,0,0
1989,3,18,2,0,0
1989,3,18,3,0,0
1989,3,18,4,0,0
1989,3,18,5,0,0
1989,3,18,6,0,0
1989,3,18,7,0,0
1989,3,18,8,47,43
1989,3,18,9,111,102
1989,3,18,10,172,158
1989,3,18,11,242,217
1989,3,18,12,278,250
1989,3,18,13,225,210
1989,3,18,14,119,115
1989,3,18,15,86,84
1989,3,18,16,61,60
1989,3,18,17,92,87
1989,3,18,18,53,50
1989,3,18,19,11,10
1989,3,18,20,0,0
1989,3,18,21,0,0
1989,3,18,22,0,0
1989,3,18,23,0,0
1989,3,18,24,0,0
1989,3,19,1,0,0
1989,3,19,2,0,0
1989,3,19,3,0,0
1989,3,19,4,0,0
1989,3,19,5,0,0
1989,3,19,6,0,0
1989,3,19,7,0,0
1989,3,19,8,0,0
1989,3,19,9,8,8
1989,3,19,10,17,17
1989,3,19,11,44,44
1989,3,19,12,56,55
1989,3,19,13,58,57
1989,3,19,14,67,65
1989,3,19,15,83,81
1989,3,19,16,103,99
1989,3,19,17,67,64
1989,3,19,18,36,35
1989,3,19,19,3,3
1989,3,19,20,0,0
1989,3,19,21,0,0
1989,3,19,22,0,0
1989,3,19,23,0,0
1989,3,19,24,0,0
1989,3,20,1,0,0
1989,3,20,2,0,0
1989,3,20,3,0,0
1989,3,20,4,0,0
1989,3,20,5,0,0
1989,3,20,6,0,0
1989,3,20,7,0,0
1989,3,20,8,22,21
1989,3,20,9,122,112
1989,3,20,10,208,178
1989,3,20,11,356,218
1989,3,20,12,189,178
1989,3,20,13,256,236
1989,3,20,14,342,271
1989,3,20,15,272,243
1989,3,20,16,122,116
1989,3,20,17,78,75
1989,3,20,18,33,32
1989,3,20,19,3,3
1989,3,20,20,0,0
1989,3,20,21,0,0
1989,3,20,22,0,0
1989,3,20,23,0,0
1989,3,20,24,0,0
1989,3,21,1,0,0
1989,3,21,2,0,0
1989,3,21,3,0,0
1989,3,21,4,0,0
1989,3,21,5,0,0
1989,3,21,6,0,0
1989,3,21,7,0,0
1989,3,21,8,61,52
1989,3,21,9,131,118
1989,3,21,10,256,181
1989,3,21,11,278,230
1989,3,21,12,211,197
1989,3,21,13,272,250
1989,3,21,14,258,238
1989,3,21,15,192,180
1989,3,21,16,144,136
1989,3,21,17,92,87
1989,3,21,18,36,35
1989,3,21,19,3,3
1989,3,21,20,0,0
1989,3,21,21,0,0
1989,3,21,22,0,0
1989,3,21,23,0,0
1989,3,21,24,0,0
1989,3,22,1,0,0
1989,3,22,2,0,0
1989,3,22,3,0,0
1989,3,22,4,0,0
1989,3,22,5,0,0
1989,3,22,6,0,0
1989,3,22,7,0,0
1989,3,22,8,33,32
1989,3,22,9,217,108
1989,3,22,10,356,139
1989,3,22,11,442,181
1989,3,22,12,589,126
1989,3,22,13,522,224
1989,3,22,14,381,275
1989,3,22,15,147,140
1989,3,22,16,464,110
1989,3,22,17,289,131
1989,3,22,18,183,68
1989,3,22,19,25,22
1989,3,22,20,0,0
1989,3,22,21,0,0
1989,3,22,22,0,0
1989,3,22,23,0,0
1989,3,22,24,0,0
1989,3,23,1,0,0
1989,3,23,2,0,0
1989,3,23,3,0,0
1989,3,23,4,0,0
1989,3,23,5,0,0
1989,3,23,6,0,0
1989,3,23,7,3,3
1989,3,23,8,72,58
1989,3,23,9,214,114
1989,3,23,10,339,156
1989,3,23,11,514,121
1989,3,23,12,650,115
1989,3,23,13,617,145
1989,3,23,14,572,178
1989,3,23,15,314,255
1989,3,23,16,308,212
1989,3,23,17,242,156
1989,3,23,18,125,96
1989,3,23,19,14,13
1989,3,23,20,0,0
1989,3,23,21,0,0
1989,3,23,22,0,0
1989,3,23,23,0,0
1989,3,23,24,0,0
1989,3,24,1,0,0
1989,3,24,2,0,0
1989,3,24,3,0,0
1989,3,24,4,0,0
1989,3,24,5,0,0
1989,3,24,6,0,0
1989,3,24,7,0,0
1989,3,24,8,0,0
1989,3,24,9,56,54
1989,3,24,10,383,129
1989,3,24,11,514,128
1989,3,24,12,606,122
1989,3,24,13,603,166
1989,3,24,14,647,115
1989,3,24,15,511,181
1989,3,24,16,419,162
1989,3,24,17,306,128
1989,3,24,18,161,90
1989,3,24,19,39,26
1989,3,24,20,0,0
1989,3,24,21,0,0
1989,3,24,22,0,0
1989,3,24,23,0,0
1989,3,24,24,0,0
1989,3,25,1,0,0
1989,3,25,2,0,0
1989,3,25,3,0,0
1989,3,25,4,0,0
1989,3,25,5,0,0
1989,3,25,6,0,0
1989,3,25,7,3,3
1989,3,25,8,83,63
1989,3,25,9,247,105
1989,3,25,10,406,114
1989,3,25,11,536,111
1989,3,25,12,625,111
1989,3,25,13,664,118
1989,3,25,14,653,116
1989,3,25,15,583,114
1989,3,25,16,472,119
1989,3,25,17,272,151
1989,3,25,18,89,82
1989,3,25,19,8,8
1989,3,25,20,0,0
1989,3,25,21,0,0
1989,3,25,22,0,0
1989,3,25,23,0,0
1989,3,25,24,0,0
1989,3,26,1,0,0
1989,3,26,2,0,0
1989,3,26,3,0,0
1989,3,26,4,0,0
1989,3,26,5,0,0
1989,3,26,6,0,0
1989,3,26,7,0,0
1989,3,26,8,36,34
1989,3,26,9,114,106
1989,3,26,10,150,141
1989,3,26,11,183,172
1989,3,26,12,206,193
1989,3,26,13,292,268
1989,3,26,14,361,285
1989,3,26,15,317,261
1989,3,26,16,267,220
1989,3,26,17,286,148
1989,3,26,18,203,71
1989,3,26,19,42,30
1989,3,26,20,0,0
1989,3,26,21,0,0
1989,3,26,22,0,0
1989,3,26,23,0,0
1989,3,26,24,0,0
1989,3,27,1,0,0
1989,3,27,2,0,0
1989,3,27,3,0,0
1989,3,27,4,0,0
1989,3,27,5,0,0
1989,3,27,6,0,0
1989,3,27,7,3,3
1989,3,27,8,50,47
1989,3,27,9,247,116
1989,3,27,10,400,133
1989,3,27,11,528,135
1989,3,27,12,611,137
1989,3,27,13,650,135
1989,3,27,14,681,120
1989,3,27,15,583,126
1989,3,27,16,481,122
1989,3,27,17,344,110
1989,3,27,18,192,84
1989,3,27,19,50,31
1989,3,27,20,0,0
1989,3,27,21,0,0
1989,3,27,22,0,0
1989,3,27,23,0,0
1989,3,27,24,0,0
1989,3,28,1,0,0
1989,3,28,2,0,0
1989,3,28,3,0,0
1989,3,28,4,0,0
1989,3,28,5,0,0
1989,3,28,6,0,0
1989,3,28,7,3,3
1989,3,28,8,31,29
1989,3,28,9,97,92
1989,3,28,10,239,199
1989,3,28,11,517,153
1989,3,28,12,297,271
1989,3,28,13,214,201
1989,3,28,14,247,230
1989,3,28,15,333,266
1989,3,28,16,272,225
1989,3,28,17,242,169
1989,3,28,18,103,95
1989,3,28,19,44,35
1989,3,28,20,0,0
1989,3,28,21,0,0
1989,3,28,22,0,0
1989,3,28,23,0,0
1989,3,28,24,0,0
1989,3,29,1,0,0
1989,3,29,2,0,0
1989,3,29,3,0,0
1989,3,29,4,0,0
1989,3,29,5,0,0
1989,3,29,6,0,0
1989,3,29,7,6,5
1989,3,29,8,86,74
1989,3,29,9,239,130
1989,3,29,10,403,143
1989,3,29,11,528,148
1989,3,29,12,631,128
1989,3,29,13,675,119
1989,3,29,14,656,126
1989,3,29,15,600,119
1989,3,29,16,497,115
1989,3,29,17,353,113
1989,3,29,18,192,92
1989,3,29,19,56,35
1989,3,29,20,0,0
1989,3,29,21,0,0
1989,3,29,22,0,0
1989,3,29,23,0,0
1989,3,29,24,0,0
1989,3,30,1,0,0
1989,3,30,2,0,0
1989,3,30,3,0,0
1989,3,30,4,0,0
1989,3,30,5,0,0
1989,3,30,6,0,0
1989,3,30,7,8,8
1989,3,30,8,100,77
1989,3,30,9,258,125
1989,3,30,10,408,144
1989,3,30,11,436,223
1989,3,30,12,617,151
1989,3,30,13,650,154
1989,3,30,14,647,142
1989,3,30,15,583,144
1989,3,30,16,453,163
1989,3,30,17,339,129
1989,3,30,18,183,100
1989,3,30,19,19,19
1989,3,30,20,0,0
1989,3,30,21,0,0
1989,3,30,22,0,0
1989,3,30,23,0,0
1989,3,30,24,0,0
1989,3,31,1,0,0
1989,3,31,2,0,0
1989,3,31,3,0,0
1989,3,31,4,0,0
1989,3,31,5,0,0
1989,3,31,6,0,0
1989,3,31,7,6,5
1989,3,31,8,78,72
1989,3,31,9,264,126
1989,3,31,10,322,199
1989,3,31,11,458,215
1989,3,31,12,392,286
1989,3,31,13,528,260
1989,3,31,14,269,249
1989,3,31,15,144,138
1989,3,31,16,233,214
1989,3,31,17,106,100
1989,3,31,18,36,35
1989,3,31,19,0,0
1989,3,31,20,0,0
1989,3,31,21,0,0
1989,3,31,22,0,0
1989,3,31,23,0,0
1989,3,31,24,0,0
1991,4,1,1,0,0
1991,4,1,2,0,0
1991,4,1,3,0,0
1991,4,1,4,0,0
1991,4,1,5,0,0
1991,4,1,6,0,0
1991,4,1,7,19,17
1991,4,1,8,83,76
1991,4,1,9,125,117
1991,4,1,10,325,202
1991,4,1,11,481,205
1991,4,1,12,283,261
1991,4,1,13,308,283
1991,4,1,14,308,282
1991,4,1,15,142,136
1991,4,1,16,36,36
1991,4,1,17,25,25
1991,4,1,18,11,11
1991,4,1,19,3,3
1991,4,1,20,0,0
1991,4,1,21,0,0
1991,4,1,22,0,0
1991,4,1,23,0,0
1991,4,1,24,0,0
1991,4,2,1,0,0
1991,4,2,2,0,0
1991,4,2,3,0,0
1991,4,2,4,0,0
1991,4,2,5,0,0
1991,4,2,6,0,0
1991,4,2,7,11,10
1991,4,2,8,86,79
1991,4,2,9,256,140
1991,4,2,10,286,213
1991,4,2,11,217,202
1991,4,2,12,447,280
1991,4,2,13,350,301
1991,4,2,14,328,293
1991,4,2,15,228,212
1991,4,2,16,250,228
1991,4,2,17,250,179
1991,4,2,18,139,115
1991,4,2,19,36,34
1991,4,2,20,0,0
1991,4,2,21,0,0
1991,4,2,22,0,0
1991,4,2,23,0,0
1991,4,2,24,0,0
1991,4,3,1,0,0
1991,4,3,2,0,0
1991,4,3,3,0,0
1991,4,3,4,0,0
1991,4,3,5,0,0
1991,4,3,6,0,0
1991,4,3,7,17,15
1991,4,3,8,61,58
1991,4,3,9,214,155
1991,4,3,10,414,163
1991,4,3,11,322,262
1991,4,3,12,364,293
1991,4,3,13,339,301
1991,4,3,14,283,261
1991,4,3,15,408,272
1991,4,3,16,358,229
1991,4,3,17,300,168
1991,4,3,18,150,117
1991,4,3,19,61,47
1991,4,3,20,0,0
1991,4,3,21,0,0
1991,4,3,22,0,0
1991,4,3,23,0,0
1991,4,3,24,0,0
1991,4,4,1,0,0
1991,4,4,2,0,0
1991,4,4,3,0,0
1991,4,4,4,0,0
1991,4,4,5,0,0
1991,4,4,6,0,0
1991,4,4,7,22,19
1991,4,4,8,97,88
1991,4,4,9,136,127
1991,4,4,10,222,204
1991,4,4,11,158,151
1991,4,4,12,117,113
1991,4,4,13,169,162
1991,4,4,14,450,296
1991,4,4,15,261,241
1991,4,4,16,161,152
1991,4,4,17,78,75
1991,4,4,18,44,43
1991,4,4,19,25,24
1991,4,4,20,0,0
1991,4,4,21,0,0
1991,4,4,22,0,0
1991,4,4,23,0,0
1991,4,4,24,0,0
1991,4,5,1,0,0
1991,4,5,2,0,0
1991,4,5,3,0,0
1991,4,5,4,0,0
1991,4,5,5,0,0
1991,4,5,6,0,0
1991,4,5,7,17,16
1991,4,5,8,78,72
1991,4,5,9,239,157
1991,4,5,10,464,130
1991,4,5,11,500,211
1991,4,5,12,606,197
1991,4,5,13,611,224
1991,4,5,14,561,249
1991,4,5,15,353,281
1991,4,5,16,178,167
1991,4,5,17,108,103
1991,4,5,18,33,33
1991,4,5,19,8,8
1991,4,5,20,0,0
1991,4,5,21,0,0
1991,4,5,22,0,0
1991,4,5,23,0,0
1991,4,5,24,0,0
1991,4,6,1,0,0
1991,4,6,2,0,0
1991,4,6,3,0,0
1991,4,6,4,0,0
1991,4,6,5,0,0
1991,4,6,6,0,0
1991,4,6,7,6,5
1991,4,6,8,28,27
1991,4,6,9,64,62
1991,4,6,10,225,206
1991,4,6,11,275,252
1991,4,6,12,400,300
1991,4,6,13,433,311
1991,4,6,14,514,279
1991,4,6,15,378,283
1991,4,6,16,353,238
1991,4,6,17,408,98
1991,4,6,18,244,86
1991,4,6,19,83,49
1991,4,6,20,3,3
1991,4,6,21,0,0
1991,4,6,22,0,0
1991,4,6,23,0,0
1991,4,6,24,0,0
1991,4,7,1,0,0
1991,4,7,2,0,0
1991,4,7,3,0,0
1991,4,7,4,0,0
1991,4,7,5,0,0
1991,4,7,6,0,0
1991,4,7,7,39,27
1991,4,7,8,175,84
1991,4,7,9,350,98
1991,4,7,10,481,126
1991,4,7,11,625,111
1991,4,7,12,722,128
1991,4,7,13,753,133
1991,4,7,14,736,130
1991,4,7,15,619,148
1991,4,7,16,464,188
1991,4,7,17,294,181
1991,4,7,18,189,121
1991,4,7,19,86,51
1991,4,7,20,3,3
1991,4,7,21,0,0
1991,4,7,22,0,0
1991,4,7,23,0,0
1991,4,7,24,0,0
1991,4,8,1,0,0
1991,4,8,2,0,0
1991,4,8,3,0,0
1991,4,8,4,0,0
1991,4,8,5,0,0
1991,4,8,6,0,0
1991,4,8,7,42,30
1991,4,8,8,181,86
1991,4,8,9,350,104
1991,4,8,10,503,109
1991,4,8,11,614,121
1991,4,8,12,608,210
1991,4,8,13,364,313
1991,4,8,14,297,274
1991,4,8,15,300,274
1991,4,8,16,325,246
1991,4,8,17,358,151
1991,4,8,18,197,121
1991,4,8,19,44,42
1991,4,8,20,0,0
1991,4,8,21,0,0
1991,4,8,22,0,0
1991,4,8,23,0,0
1991,4,8,24,0,0
1991,4,9,1,0,0
1991,4,9,2,0,0
1991,4,9,3,0,0
1991,4,9,4,0,0
1991,4,9,5,0,0
1991,4,9,6,0,0
1991,4,9,7,33,31
1991,4,9,8,167,97
1991,4,9,9,289,154
1991,4,9,10,392,205
1991,4,9,11,617,124
1991,4,9,12,692,130
1991,4,9,13,619,235
1991,4,9,14,356,309
1991,4,9,15,361,288
1991,4,9,16,183,172
1991,4,9,17,136,128
1991,4,9,18,133,122
1991,4,9,19,94,54
1991,4,9,20,6,6
1991,4,9,21,0,0
1991,4,9,22,0,0
1991,4,9,23,0,0
1991,4,9,24,0,0
1991,4,10,1,0,0
1991,4,10,2,0,0
1991,4,10,3,0,0
1991,4,10,4,0,0
1991,4,10,5,0,0
1991,4,10,6,0,0
1991,4,10,7,47,35
1991,4,10,8,186,92
1991,4,10,9,347,119
1991,4,10,10,436,182
1991,4,10,11,394,275
1991,4,10,12,383,308
1991,4,10,13,458,317
1991,4,10,14,392,314
1991,4,10,15,297,272
1991,4,10,16,333,249
1991,4,10,17,125,118
1991,4,10,18,108,101
1991,4,10,19,44,42
1991,4,10,20,3,3
1991,4,10,21,0,0
1991,4,10,22,0,0
1991,4,10,23,0,0
1991,4,10,24,0,0
1991,4,11,1,0,0
1991,4,11,2,0,0
1991,4,11,3,0,0
1991,4,11,4,0,0
1991,4,11,5,0,0
1991,4,11,6,0,0
1991,4,11,7,6,5
1991,4,11,8,56,53
1991,4,11,9,194,172
1991,4,11,10,267,231
1991,4,11,11,383,279
1991,4,11,12,617,217
1991,4,11,13,697,172
1991,4,11,14,572,264
1991,4,11,15,153,146
1991,4,11,16,394,239
1991,4,11,17,347,169
1991,4,11,18,239,110
1991,4,11,19,89,61
1991,4,11,20,6,6
1991,4,11,21,0,0
1991,4,11,22,0,0
1991,4,11,23,0,0
1991,4,11,24,0,0
1991,4,12,1,0,0
1991,4,12,2,0,0
1991,4,12,3,0,0
1991,4,12,4,0,0
1991,4,12,5,0,0
1991,4,12,6,0,0
1991,4,12,7,42,38
1991,4,12,8,169,107
1991,4,12,9,328,145
1991,4,12,10,483,153
1991,4,12,11,608,152
1991,4,12,12,697,141
1991,4,12,13,731,140
1991,4,12,14,711,144
1991,4,12,15,636,156
1991,4,12,16,514,167
1991,4,12,17,367,160
1991,4,12,18,211,127
1991,4,12,19,69,62
1991,4,12,20,3,3
1991,4,12,21,0,0
1991,4,12,22,0,0
1991,4,12,23,0,0
1991,4,12,24,0,0
1991,4,13,1,0,0
1991,4,13,2,0,0
1991,4,13,3,0,0
1991,4,13,4,0,0
1991,4,13,5,0,0
1991,4,13,6,0,0
1991,4,13,7,47,42
1991,4,13,8,156,113
1991,4,13,9,319,154
1991,4,13,10,472,169
1991,4,13,11,597,169
1991,4,13,12,683,163
1991,4,13,13,733,143
1991,4,13,14,714,146
1991,4,13,15,647,148
1991,4,13,16,531,156
1991,4,13,17,400,138
1991,4,13,18,192,134
1991,4,13,19,81,66
1991,4,13,20,6,6
1991,4,13,21,0,0
1991,4,13,22,0,0
1991,4,13,23,0,0
1991,4,13,24,0,0
1991,4,14,1,0,0
1991,4,14,2,0,0
1991,4,14,3,0,0
1991,4,14,4,0,0
1991,4,14,5,0,0
1991,4,14,6,0,0
1991,4,14,7,44,41
1991,4,14,8,128,114
1991,4,14,9,281,176
1991,4,14,10,483,164
1991,4,14,11,631,139
1991,4,14,12,706,143
1991,4,14,13,722,160
1991,4,14,14,731,132
1991,4,14,15,664,135
1991,4,14,16,586,104
1991,4,14,17,342,181
1991,4,14,18,186,137
1991,4,14,19,86,68
1991,4,14,20,6,6
1991,4,14,21,0,0
1991,4,14,22,0,0
1991,4,14,23,0,0
1991,4,14,24,0,0
1991,4,15,1,0,0
1991,4,15,2,0,0
1991,4,15,3,0,0
1991,4,15,4,0,0
1991,4,15,5,0,0
1991,4,15,6,3,3
1991,4,15,7,67,48
1991,4,15,8,211,101
1991,4,15,9,372,125
1991,4,15,10,519,135
1991,4,15,11,644,129
1991,4,15,12,733,130
1991,4,15,13,764,135
1991,4,15,14,739,131
1991,4,15,15,664,140
1991,4,15,16,542,154
1991,4,15,17,394,151
1991,4,15,18,242,122
1991,4,15,19,100,68
1991,4,15,20,11,11
1991,4,15,21,0,0
1991,4,15,22,0,0
1991,4,15,23,0,0
1991,4,15,24,0,0
1991,4,16,1,0,0
1991,4,16,2,0,0
1991,4,16,3,0,0
1991,4,16,4,0,0
1991,4,16,5,0,0
1991,4,16,6,0,0
1991,4,16,7,56,49
1991,4,16,8,192,114
1991,4,16,9,375,128
1991,4,16,10,511,149
1991,4,16,11,636,145
1991,4,16,12,714,145
1991,4,16,13,758,134
1991,4,16,14,725,148
1991,4,16,15,664,144
1991,4,16,16,553,147
1991,4,16,17,417,136
1991,4,16,18,239,126
1991,4,16,19,78,70
1991,4,16,20,6,6
1991,4,16,21,0,0
1991,4,16,22,0,0
1991,4,16,23,0,0
1991,4,16,24,0,0
1991,4,17,1,0,0
1991,4,17,2,0,0
1991,4,17,3,0,0
1991,4,17,4,0,0
1991,4,17,5,0,0
1991,4,17,6,3,3
1991,4,17,7,67,53
1991,4,17,8,211,109
1991,4,17,9,375,133
1991,4,17,10,522,143
1991,4,17,11,644,141
1991,4,17,12,731,131
1991,4,17,13,758,134
1991,4,17,14,744,132
1991,4,17,15,678,133
1991,4,17,16,553,151
1991,4,17,17,419,137
1991,4,17,18,250,124
1991,4,17,19,100,73
1991,4,17,20,8,8
1991,4,17,21,0,0
1991,4,17,22,0,0
1991,4,17,23,0,0
1991,4,17,24,0,0
1991,4,18,1,0,0
1991,4,18,2,0,0
1991,4,18,3,0,0
1991,4,18,4,0,0
1991,4,18,5,0,0
1991,4,18,6,3,3
1991,4,18,7,64,55
1991,4,18,8,208,114
1991,4,18,9,381,134
1991,4,18,10,458,202
1991,4,18,11,625,167
1991,4,18,12,742,131
1991,4,18,13,769,136
1991,4,18,14,753,133
1991,4,18,15,681,135
1991,4,18,16,575,132
1991,4,18,17,439,123
1991,4,18,18,281,106
1991,4,18,19,103,74
1991,4,18,20,11,11
1991,4,18,21,0,0
1991,4,18,22,0,0
1991,4,18,23,0,0
1991,4,18,24,0,0
1991,4,19,1,0,0
1991,4,19,2,0,0
1991,4,19,3,0,0
1991,4,19,4,0,0
1991,4,19,5,0,0
1991,4,19,6,0,0
1991,4,19,7,58,53
1991,4,19,8,186,125
1991,4,19,9,272,192
1991,4,19,10,247,227
1991,4,19,11,400,295
1991,4,19,12,344,314
1991,4,19,13,231,218
1991,4,19,14,253,237
1991,4,19,15,489,286
1991,4,19,16,408,253
1991,4,19,17,244,208
1991,4,19,18,81,77
1991,4,19,19,47,45
1991,4,19,20,0,0
1991,4,19,21,0,0
1991,4,19,22,0,0
1991,4,19,23,0,0
1991,4,19,24,0,0
1991,4,20,1,0,0
1991,4,20,2,0,0
1991,4,20,3,0,0
1991,4,20,4,0,0
1991,4,20,5,0,0
1991,4,20,6,3,3
1991,4,20,7,64,58
1991,4,20,8,206,123
1991,4,20,9,328,177
1991,4,20,10,531,151
1991,4,20,11,625,177
1991,4,20,12,714,165
1991,4,20,13,781,138
1991,4,20,14,761,135
1991,4,20,15,686,138
1991,4,20,16,556,161
1991,4,20,17,297,210
1991,4,20,18,117,109
1991,4,20,19,44,42
1991,4,20,20,6,5
1991,4,20,21,0,0
1991,4,20,22,0,0
1991,4,20,23,0,0
1991,4,20,24,0,0
1991,4,21,1,0,0
1991,4,21,2,0,0
1991,4,21,3,0,0
1991,4,21,4,0,0
1991,4,21,5,0,0
1991,4,21,6,6,6
1991,4,21,7,78,62
1991,4,21,8,194,129
1991,4,21,9,314,186
1991,4,21,10,475,202
1991,4,21,11,575,225
1991,4,21,12,681,204
1991,4,21,13,722,193
1991,4,21,14,706,192
1991,4,21,15,614,214
1991,4,21,16,525,192
1991,4,21,17,364,190
1991,4,21,18,206,149
1991,4,21,19,89,79
1991,4,21,20,14,13
1991,4,21,21,0,0
1991,4,21,22,0,0
1991,4,21,23,0,0
1991,4,21,24,0,0
1991,4,22,1,0,0
1991,4,22,2,0,0
1991,4,22,3,0,0
1991,4,22,4,0,0
1991,4,22,5,0,0
1991,4,22,6,0,0
1991,4,22,7,22,22
1991,4,22,8,150,132
1991,4,22,9,225,197
1991,4,22,10,378,251
1991,4,22,11,644,167
1991,4,22,12,714,175
1991,4,22,13,758,159
1991,4,22,14,733,167
1991,4,22,15,678,156
1991,4,22,16,578,147
1991,4,22,17,442,137
1991,4,22,18,283,119
1991,4,22,19,122,80
1991,4,22,20,17,16
1991,4,22,21,0,0
1991,4,22,22,0,0
1991,4,22,23,0,0
1991,4,22,24,0,0
1991,4,23,1,0,0
1991,4,23,2,0,0
1991,4,23,3,0,0
1991,4,23,4,0,0
1991,4,23,5,0,0
1991,4,23,6,3,3
1991,4,23,7,36,35
1991,4,23,8,119,111
1991,4,23,9,386,153
1991,4,23,10,533,163
1991,4,23,11,647,168
1991,4,23,12,719,173
1991,4,23,13,744,179
1991,4,23,14,714,191
1991,4,23,15,644,194
1991,4,23,16,536,190
1991,4,23,17,397,176
1991,4,23,18,250,141
1991,4,23,19,108,84
1991,4,23,20,14,13
1991,4,23,21,0,0
1991,4,23,22,0,0
1991,4,23,23,0,0
1991,4,23,24,0,0
1991,4,24,1,0,0
1991,4,24,2,0,0
1991,4,24,3,0,0
1991,4,24,4,0,0
1991,4,24,5,0,0
1991,4,24,6,8,8
1991,4,24,7,78,68
1991,4,24,8,247,117
1991,4,24,9,356,177
1991,4,24,10,533,167
1991,4,24,11,647,173
1991,4,24,12,731,166
1991,4,24,13,758,168
1991,4,24,14,675,232
1991,4,24,15,514,288
1991,4,24,16,550,182
1991,4,24,17,400,177
1991,4,24,18,200,154
1991,4,24,19,86,79
1991,4,24,20,6,5
1991,4,24,21,0,0
1991,4,24,22,0,0
1991,4,24,23,0,0
1991,4,24,24,0,0
1991,4,25,1,0,0
1991,4,25,2,0,0
1991,4,25,3,0,0
1991,4,25,4,0,0
1991,4,25,5,0,0
1991,4,25,6,6,6
1991,4,25,7,39,37
1991,4,25,8,139,128
1991,4,25,9,297,202
1991,4,25,10,342,262
1991,4,25,11,400,306
1991,4,25,12,625,265
1991,4,25,13,514,337
1991,4,25,14,375,332
1991,4,25,15,222,209
1991,4,25,16,103,100
1991,4,25,17,56,54
1991,4,25,18,42,41
1991,4,25,19,22,22
1991,4,25,20,0,0
1991,4,25,21,0,0
1991,4,25,22,0,0
1991,4,25,23,0,0
1991,4,25,24,0,0
1991,4,26,1,0,0
1991,4,26,2,0,0
1991,4,26,3,0,0
1991,4,26,4,0,0
1991,4,26,5,0,0
1991,4,26,6,0,0
1991,4,26,7,39,37
1991,4,26,8,67,64
1991,4,26,9,67,65
1991,4,26,10,78,76
1991,4,26,11,161,154
1991,4,26,12,106,103
1991,4,26,13,131,127
1991,4,26,14,111,108
1991,4,26,15,117,113
1991,4,26,16,39,38
1991,4,26,17,25,25
1991,4,26,18,22,22
1991,4,26,19,31,30
1991,4,26,20,39,37
1991,4,26,21,0,0
1991,4,26,22,0,0
1991,4,26,23,0,0
1991,4,26,24,0,0
1991,4,27,1,0,0
1991,4,27,2,0,0
1991,4,27,3,0,0
1991,4,27,4,0,0
1991,4,27,5,0,0
1991,4,27,6,0,0
1991,4,27,7,33,32
1991,4,27,8,183,144
1991,4,27,9,181,168
1991,4,27,10,233,216
1991,4,27,11,275,255
1991,4,27,12,306,283
1991,4,27,13,431,348
1991,4,27,14,528,327
1991,4,27,15,617,232
1991,4,27,16,572,172
1991,4,27,17,300,222
1991,4,27,18,192,158
1991,4,27,19,100,89
1991,4,27,20,19,18
1991,4,27,21,0,0
1991,4,27,22,0,0
1991,4,27,23,0,0
1991,4,27,24,0,0
1991,4,28,1,0,0
1991,4,28,2,0,0
1991,4,28,3,0,0
1991,4,28,4,0,0
1991,4,28,5,0,0
1991,4,28,6,3,3
1991,4,28,7,28,27
1991,4,28,8,75,72
1991,4,28,9,56,54
1991,4,28,10,206,193
1991,4,28,11,333,302
1991,4,28,12,331,304
1991,4,28,13,419,348
1991,4,28,14,719,204
1991,4,28,15,528,291
1991,4,28,16,447,259
1991,4,28,17,158,149
1991,4,28,18,39,38
1991,4,28,19,31,30
1991,4,28,20,8,8
1991,4,28,21,0,0
1991,4,28,22,0,0
1991,4,28,23,0,0
1991,4,28,24,0,0
1991,4,29,1,0,0
1991,4,29,2,0,0
1991,4,29,3,0,0
1991,4,29,4,0,0
1991,4,29,5,0,0
1991,4,29,6,6,5
1991,4,29,7,36,35
1991,4,29,8,67,64
1991,4,29,9,208,192
1991,4,29,10,431,252
1991,4,29,11,653,188
1991,4,29,12,839,148
1991,4,29,13,575,324
1991,4,29,14,764,161
1991,4,29,15,686,174
1991,4,29,16,586,166
1991,4,29,17,469,138
1991,4,29,18,306,127
1991,4,29,19,142,91
1991,4,29,20,25,23
1991,4,29,21,0,0
1991,4,29,22,0,0
1991,4,29,23,0,0
1991,4,29,24,0,0
1991,4,30,1,0,0
1991,4,30,2,0,0
1991,4,30,3,0,0
1991,4,30,4,0,0
1991,4,30,5,0,0
1991,4,30,6,8,8
1991,4,30,7,42,40
1991,4,30,8,97,92
1991,4,30,9,139,132
1991,4,30,10,181,171
1991,4,30,11,186,177
1991,4,30,12,128,124
1991,4,30,13,69,68
1991,4,30,14,250,235
1991,4,30,15,158,152
1991,4,30,16,133,128
1991,4,30,17,186,174
1991,4,30,18,189,162
1991,4,30,19,39,38
1991,4,30,20,11,11
1991,4,30,21,0,0
1991,4,30,22,0,0
1991,4,30,23,0,0
1991,4,30,24,0,0
1988,5,1,1,0,0
1988,5,1,2,0,0
1988,5,1,3,0,0
1988,5,1,4,0,0
1988,5,1,5,0,0
1988,5,1,6,3,3
1988,5,1,7,3,3
1988,5,1,8,25,25
1988,5,1,9,33,33
1988,5,1,10,50,49
1988,5,1,11,72,71
1988,5,1,12,142,137
1988,5,1,13,236,223
1988,5,1,14,261,245
1988,5,1,15,433,322
1988,5,1,16,392,281
1988,5,1,17,439,174
1988,5,1,18,122,115
1988,5,1,19,36,35
1988,5,1,20,17,16
1988,5,1,21,0,0
1988,5,1,22,0,0
1988,5,1,23,0,0
1988,5,1,24,0,0
1988,5,2,1,0,0
1988,5,2,2,0,0
1988,5,2,3,0,0
1988,5,2,4,0,0
1988,5,2,5,0,0
1988,5,2,6,17,15
1988,5,2,7,114,87
1988,5,2,8,225,152
1988,5,2,9,314,216
1988,5,2,10,322,272
1988,5,2,11,364,314
1988,5,2,12,244,230
1988,5,2,13,250,236
1988,5,2,14,586,316
1988,5,2,15,483,316
1988,5,2,16,372,284
1988,5,2,17,311,230
1988,5,2,18,347,106
1988,5,2,19,175,87
1988,5,2,20,44,32
1988,5,2,21,0,0
1988,5,2,22,0,0
1988,5,2,23,0,0
1988,5,2,24,0,0
1988,5,3,1,0,0
1988,5,3,2,0,0
1988,5,3,3,0,0
1988,5,3,4,0,0
1988,5,3,5,0,0
1988,5,3,6,8,8
1988,5,3,7,100,87
1988,5,3,8,200,157
1988,5,3,9,311,218
1988,5,3,10,400,271
1988,5,3,11,733,130
1988,5,3,12,700,233
1988,5,3,13,842,149
1988,5,3,14,764,179
1988,5,3,15,603,262
1988,5,3,16,644,121
1988,5,3,17,517,107
1988,5,3,18,347,109
1988,5,3,19,167,94
1988,5,3,20,47,34
1988,5,3,21,0,0
1988,5,3,22,0,0
1988,5,3,23,0,0
1988,5,3,24,0,0
1988,5,4,1,0,0
1988,5,4,2,0,0
1988,5,4,3,0,0
1988,5,4,4,0,0
1988,5,4,5,0,0
1988,5,4,6,22,20
1988,5,4,7,125,90
1988,5,4,8,281,136
1988,5,4,9,444,153
1988,5,4,10,583,164
1988,5,4,11,739,131
1988,5,4,12,800,142
1988,5,4,13,828,147
1988,5,4,14,681,260
1988,5,4,15,753,133
1988,5,4,16,453,271
1988,5,4,17,436,185
1988,5,4,18,256,166
1988,5,4,19,125,103
1988,5,4,20,44,36
1988,5,4,21,0,0
1988,5,4,22,0,0
1988,5,4,23,0,0
1988,5,4,24,0,0
1988,5,5,1,0,0
1988,5,5,2,0,0
1988,5,5,3,0,0
1988,5,5,4,0,0
1988,5,5,5,0,0
1988,5,5,6,22,21
1988,5,5,7,117,92
1988,5,5,8,261,148
1988,5,5,9,411,182
1988,5,5,10,550,198
1988,5,5,11,669,197
1988,5,5,12,767,173
1988,5,5,13,783,185
1988,5,5,14,714,235
1988,5,5,15,578,282
1988,5,5,16,508,247
1988,5,5,17,442,184
1988,5,5,18,286,158
1988,5,5,19,131,105
1988,5,5,20,56,36
1988,5,5,21,0,0
1988,5,5,22,0,0
1988,5,5,23,0,0
1988,5,5,24,0,0
1988,5,6,1,0,0
1988,5,6,2,0,0
1988,5,6,3,0,0
1988,5,6,4,0,0
1988,5,6,5,0,0
1988,5,6,6,11,11
1988,5,6,7,97,89
1988,5,6,8,278,143
1988,5,6,9,392,196
1988,5,6,10,575,179
1988,5,6,11,664,205
1988,5,6,12,544,335
1988,5,6,13,758,214
1988,5,6,14,794,154
1988,5,6,15,725,160
1988,5,6,16,619,159
1988,5,6,17,400,212
1988,5,6,18,172,158
1988,5,6,19,97,90
1988,5,6,20,14,13
1988,5,6,21,0,0
1988,5,6,22,0,0
1988,5,6,23,0,0
1988,5,6,24,0,0
1988,5,7,1,0,0
1988,5,7,2,0,0
1988,5,7,3,0,0
1988,5,7,4,0,0
1988,5,7,5,0,0
1988,5,7,6,6,5
1988,5,7,7,25,24
1988,5,7,8,89,85
1988,5,7,9,125,119
1988,5,7,10,189,178
1988,5,7,11,378,321
1988,5,7,12,381,343
1988,5,7,13,292,272
1988,5,7,14,228,216
1988,5,7,15,211,200
1988,5,7,16,156,149
1988,5,7,17,236,217
1988,5,7,18,247,173
1988,5,7,19,169,103
1988,5,7,20,50,40
1988,5,7,21,3,3
1988,5,7,22,0,0
1988,5,7,23,0,0
1988,5,7,24,0,0
1988,5,8,1,0,0
1988,5,8,2,0,0
1988,5,8,3,0,0
1988,5,8,4,0,0
1988,5,8,5,0,0
1988,5,8,6,0,0
1988,5,8,7,11,11
1988,5,8,8,42,41
1988,5,8,9,192,178
1988,5,8,10,228,213
1988,5,8,11,142,137
1988,5,8,12,161,155
1988,5,8,13,228,216
1988,5,8,14,489,354
1988,5,8,15,492,323
1988,5,8,16,444,281
1988,5,8,17,408,212
1988,5,8,18,306,155
1988,5,8,19,144,109
1988,5,8,20,53,42
1988,5,8,21,3,3
1988,5,8,22,0,0
1988,5,8,23,0,0
1988,5,8,24,0,0
1988,5,9,1,0,0
1988,5,9,2,0,0
1988,5,9,3,0,0
1988,5,9,4,0,0
1988,5,9,5,0,0
1988,5,9,6,11,11
1988,5,9,7,53,50
1988,5,9,8,94,90
1988,5,9,9,231,212
1988,5,9,10,158,151
1988,5,9,11,244,229
1988,5,9,12,133,129
1988,5,9,13,58,58
1988,5,9,14,97,95
1988,5,9,15,128,124
1988,5,9,16,58,57
1988,5,9,17,28,28
1988,5,9,18,42,41
1988,5,9,19,14,14
1988,5,9,20,3,3
1988,5,9,21,0,0
1988,5,9,22,0,0
1988,5,9,23,0,0
1988,5,9,24,0,0
1988,5,10,1,0,0
1988,5,10,2,0,0
1988,5,10,3,0,0
1988,5,10,4,0,0
1988,5,10,5,0,0
1988,5,10,6,17,16
1988,5,10,7,67,63
1988,5,10,8,247,163
1988,5,10,9,217,200
1988,5,10,10,539,221
1988,5,10,11,458,324
1988,5,10,12,606,316
1988,5,10,13,631,321
1988,5,10,14,469,357
1988,5,10,15,444,333
1988,5,10,16,431,287
1988,5,10,17,219,203
1988,5,10,18,64,62
1988,5,10,19,97,90
1988,5,10,20,0,0
1988,5,10,21,0,0
1988,5,10,22,0,0
1988,5,10,23,0,0
1988,5,10,24,0,0
1988,5,11,1,0,0
1988,5,11,2,0,0
1988,5,11,3,0,0
1988,5,11,4,0,0
1988,5,11,5,0,0
1988,5,11,6,19,19
1988,5,11,7,81,75
1988,5,11,8,267,159
1988,5,11,9,233,214
1988,5,11,10,400,283
1988,5,11,11,519,310
1988,5,11,12,669,278
1988,5,11,13,614,331
1988,5,11,14,356,327
1988,5,11,15,553,306
1988,5,11,16,506,261
1988,5,11,17,322,242
1988,5,11,18,233,180
1988,5,11,19,128,112
1988,5,11,20,50,46
1988,5,11,21,3,3
1988,5,11,22,0,0
1988,5,11,23,0,0
1988,5,11,24,0,0
1988,5,12,1,0,0
1988,5,12,2,0,0
1988,5,12,3,0,0
1988,5,12,4,0,0
1988,5,12,5,0,0
1988,5,12,6,14,13
1988,5,12,7,53,51
1988,5,12,8,156,144
1988,5,12,9,308,232
1988,5,12,10,203,191
1988,5,12,11,114,111
1988,5,12,12,106,103
1988,5,12,13,89,87
1988,5,12,14,142,137
1988,5,12,15,94,92
1988,5,12,16,67,65
1988,5,12,17,44,44
1988,5,12,18,44,44
1988,5,12,19,67,64
1988,5,12,20,25,24
1988,5,12,21,3,3
1988,5,12,22,0,0
1988,5,12,23,0,0
1988,5,12,24,0,0
1988,5,13,1,0,0
1988,5,13,2,0,0
1988,5,13,3,0,0
1988,5,13,4,0,0
1988,5,13,5,0,0
1988,5,13,6,6,5
1988,5,13,7,56,53
1988,5,13,8,144,134
1988,5,13,9,258,229
1988,5,13,10,358,288
1988,5,13,11,414,330
1988,5,13,12,650,295
1988,5,13,13,758,232
1988,5,13,14,758,213
1988,5,13,15,756,147
1988,5,13,16,644,155
1988,5,13,17,503,156
1988,5,13,18,339,147
1988,5,13,19,181,112
1988,5,13,20,61,50
1988,5,13,21,3,3
1988,5,13,22,0,0
1988,5,13,23,0,0
1988,5,13,24,0,0
1988,5,14,1,0,0
1988,5,14,2,0,0
1988,5,14,3,0,0
1988,5,14,4,0,0
1988,5,14,5,0,0
1988,5,14,6,44,39
1988,5,14,7,158,103
1988,5,14,8,308,145
1988,5,14,9,461,169
1988,5,14,10,606,173
1988,5,14,11,719,172
1988,5,14,12,792,172
1988,5,14,13,825,165
1988,5,14,14,811,159
1988,5,14,15,756,150
1988,5,14,16,642,161
1988,5,14,17,500,161
1988,5,14,18,347,144
1988,5,14,19,186,112
1988,5,14,20,69,51
1988,5,14,21,6,6
1988,5,14,22,0,0
1988,5,14,23,0,0
1988,5,14,24,0,0
1988,5,15,1,0,0
1988,5,15,2,0,0
1988,5,15,3,0,0
1988,5,15,4,0,0
1988,5,15,5,0,0
1988,5,15,6,36,33
1988,5,15,7,142,107
1988,5,15,8,289,158
1988,5,15,9,442,186
1988,5,15,10,581,199
1988,5,15,11,689,205
1988,5,15,12,761,207
1988,5,15,13,783,212
1988,5,15,14,756,221
1988,5,15,15,692,219
1988,5,15,16,600,204
1988,5,15,17,472,187
1988,5,15,18,331,158
1988,5,15,19,178,117
1988,5,15,20,64,53
1988,5,15,21,6,6
1988,5,15,22,0,0
1988,5,15,23,0,0
1988,5,15,24,0,0
1988,5,16,1,0,0
1988,5,16,2,0,0
1988,5,16,3,0,0
1988,5,16,4,0,0
1988,5,16,5,0,0
1988,5,16,6,42,38
1988,5,16,7,158,106
1988,5,16,8,294,157
1988,5,16,9,467,169
1988,5,16,10,617,167
1988,5,16,11,742,152
1988,5,16,12,828,147
1988,5,16,13,858,152
1988,5,16,14,850,150
1988,5,16,15,794,141
1988,5,16,16,692,122
1988,5,16,17,553,113
1988,5,16,18,392,112
1988,5,16,19,211,105
1988,5,16,20,81,53
1988,5,16,21,6,6
1988,5,16,22,0,0
1988,5,16,23,0,0
1988,5,16,24,0,0
1988,5,17,1,0,0
1988,5,17,2,0,0
1988,5,17,3,0,0
1988,5,17,4,0,0
1988,5,17,5,0,0
1988,5,17,6,22,21
1988,5,17,7,164,106
1988,5,17,8,322,143
1988,5,17,9,494,147
1988,5,17,10,642,143
1988,5,17,11,756,139
1988,5,17,12,828,147
1988,5,17,13,858,152
1988,5,17,14,839,148
1988,5,17,15,775,137
1988,5,17,16,672,135
1988,5,17,17,536,134
1988,5,17,18,381,125
1988,5,17,19,194,115
1988,5,17,20,81,55
1988,5,17,21,8,8
1988,5,17,22,0,0
1988,5,17,23,0,0
1988,5,17,24,0,0
1988,5,18,1,0,0
1988,5,18,2,0,0
1988,5,18,3,0,0
1988,5,18,4,0,0
1988,5,18,5,0,0
1988,5,18,6,50,44
1988,5,18,7,167,107
1988,5,18,8,322,145
1988,5,18,9,478,164
1988,5,18,10,617,172
1988,5,18,11,736,164
1988,5,18,12,797,175
1988,5,18,13,797,205
1988,5,18,14,828,150
1988,5,18,15,761,154
1988,5,18,16,658,154
1988,5,18,17,525,149
1988,5,18,18,375,133
1988,5,18,19,197,116
1988,5,18,20,78,57
1988,5,18,21,6,6
1988,5,18,22,0,0
1988,5,18,23,0,0
1988,5,18,24,0,0
1988,5,19,1,0,0
1988,5,19,2,0,0
1988,5,19,3,0,0
1988,5,19,4,0,0
1988,5,19,5,14,14
1988,5,19,6,56,46
1988,5,19,7,175,106
1988,5,19,8,333,140
1988,5,19,9,489,157
1988,5,19,10,633,157
1988,5,19,11,744,156
1988,5,19,12,814,158
1988,5,19,13,839,160
1988,5,19,14,822,159
1988,5,19,15,756,163
1988,5,19,16,656,159
1988,5,19,17,519,157
1988,5,19,18,369,140
1988,5,19,19,197,118
1988,5,19,20,78,58
1988,5,19,21,8,8
1988,5,19,22,0,0
1988,5,19,23,0,0
1988,5,19,24,0,0
1988,5,20,1,0,0
1988,5,20,2,0,0
1988,5,20,3,0,0
1988,5,20,4,0,0
1988,5,20,5,14,14
1988,5,20,6,50,46
1988,5,20,7,164,111
1988,5,20,8,311,156
1988,5,20,9,467,178
1988,5,20,10,611,182
1988,5,20,11,731,174
1988,5,20,12,806,170
1988,5,20,13,817,188
1988,5,20,14,800,186
1988,5,20,15,753,169
1988,5,20,16,653,165
1988,5,20,17,522,156
1988,5,20,18,361,149
1988,5,20,19,186,123
1988,5,20,20,72,60
1988,5,20,21,6,6
1988,5,20,22,0,0
1988,5,20,23,0,0
1988,5,20,24,0,0
1988,5,21,1,0,0
1988,5,21,2,0,0
1988,5,21,3,0,0
1988,5,21,4,0,0
1988,5,21,5,14,14
1988,5,21,6,47,43
1988,5,21,7,161,113
1988,5,21,8,161,149
1988,5,21,9,464,182
1988,5,21,10,608,186
1988,5,21,11,711,196
1988,5,21,12,783,196
1988,5,21,13,817,190
1988,5,21,14,817,169
1988,5,21,15,756,168
1988,5,21,16,642,178
1988,5,21,17,508,172
1988,5,21,18,356,155
1988,5,21,19,189,124
1988,5,21,20,69,60
1988,5,21,21,6,6
1988,5,21,22,0,0
1988,5,21,23,0,0
1988,5,21,24,0,0
1988,5,22,1,0,0
1988,5,22,2,0,0
1988,5,22,3,0,0
1988,5,22,4,0,0
1988,5,22,5,14,14
1988,5,22,6,47,44
1988,5,22,7,147,115
1988,5,22,8,286,171
1988,5,22,9,428,208
1988,5,22,10,517,257
1988,5,22,11,681,227
1988,5,22,12,778,204
1988,5,22,13,836,170
1988,5,22,14,808,181
1988,5,22,15,761,164
1988,5,22,16,650,172
1988,5,22,17,500,181
1988,5,22,18,356,157
1988,5,22,19,197,123
1988,5,22,20,72,62
1988,5,22,21,8,8
1988,5,22,22,0,0
1988,5,22,23,0,0
1988,5,22,24,0,0
1988,5,23,1,0,0
1988,5,23,2,0,0
1988,5,23,3,0,0
1988,5,23,4,0,0
1988,5,23,5,3,3
1988,5,23,6,39,36
1988,5,23,7,94,88
1988,5,23,8,269,177
1988,5,23,9,439,203
1988,5,23,10,578,217
1988,5,23,11,697,213
1988,5,23,12,781,203
1988,5,23,13,603,351
1988,5,23,14,642,321
1988,5,23,15,592,305
1988,5,23,16,433,302
1988,5,23,17,289,251
1988,5,23,18,231,193
1988,5,23,19,83,79
1988,5,23,20,22,22
1988,5,23,21,3,3
1988,5,23,22,0,0
1988,5,23,23,0,0
1988,5,23,24,0,0
1988,5,24,1,0,0
1988,5,24,2,0,0
1988,5,24,3,0,0
1988,5,24,4,0,0
1988,5,24,5,3,3
1988,5,24,6,47,44
1988,5,24,7,156,116
1988,5,24,8,303,166
1988,5,24,9,450,197
1988,5,24,10,592,207
1988,5,24,11,703,210
1988,5,24,12,767,218
1988,5,24,13,797,216
1988,5,24,14,814,178
1988,5,24,15,758,171
1988,5,24,16,464,297
1988,5,24,17,317,255
1988,5,24,18,200,183
1988,5,24,19,111,103
1988,5,24,20,42,39
1988,5,24,21,6,6
1988,5,24,22,0,0
1988,5,24,23,0,0
1988,5,24,24,0,0
1988,5,25,1,0,0
1988,5,25,2,0,0
1988,5,25,3,0,0
1988,5,25,4,0,0
1988,5,25,5,3,3
1988,5,25,6,50,46
1988,5,25,7,150,118
1988,5,25,8,289,173
1988,5,25,9,439,206
1988,5,25,10,536,249
1988,5,25,11,669,241
1988,5,25,12,711,269
1988,5,25,13,747,264
1988,5,25,14,669,307
1988,5,25,15,744,188
1988,5,25,16,444,302
1988,5,25,17,442,226
1988,5,25,18,161,150
1988,5,25,19,69,66
1988,5,25,20,42,40
1988,5,25,21,8,8
1988,5,25,22,0,0
1988,5,25,23,0,0
1988,5,25,24,0,0
1988,5,26,1,0,0
1988,5,26,2,0,0
1988,5,26,3,0,0
1988,5,26,4,0,0
1988,5,26,5,3,3
1988,5,26,6,61,53
1988,5,26,7,183,113
1988,5,26,8,336,150
1988,5,26,9,486,172
1988,5,26,10,628,176
1988,5,26,11,742,173
1988,5,26,12,814,171
1988,5,26,13,833,180
1988,5,26,14,825,169
1988,5,26,15,769,163
1988,5,26,16,683,145
1988,5,26,17,547,146
1988,5,26,18,389,141
1988,5,26,19,211,125
1988,5,26,20,78,66
1988,5,26,21,11,11
1988,5,26,22,0,0
1988,5,26,23,0,0
1988,5,26,24,0,0
1988,5,27,1,0,0
1988,5,27,2,0,0
1988,5,27,3,0,0
1988,5,27,4,0,0
1988,5,27,5,3,3
1988,5,27,6,39,37
1988,5,27,7,136,118
1988,5,27,8,292,174
1988,5,27,9,394,230
1988,5,27,10,586,216
1988,5,27,11,728,189
1988,5,27,12,650,314
1988,5,27,13,558,368
1988,5,27,14,742,255
1988,5,27,15,606,303
1988,5,27,16,569,250
1988,5,27,17,467,215
1988,5,27,18,364,161
1988,5,27,19,206,128
1988,5,27,20,78,67
1988,5,27,21,14,14
1988,5,27,22,0,0
1988,5,27,23,0,0
1988,5,27,24,0,0
1988,5,28,1,0,0
1988,5,28,2,0,0
1988,5,28,3,0,0
1988,5,28,4,0,0
1988,5,28,5,3,3
1988,5,28,6,58,53
1988,5,28,7,119,110
1988,5,28,8,286,177
1988,5,28,9,422,218
1988,5,28,10,642,165
1988,5,28,11,733,185
1988,5,28,12,811,177
1988,5,28,13,797,222
1988,5,28,14,819,179
1988,5,28,15,775,160
1988,5,28,16,681,153
1988,5,28,17,531,167
1988,5,28,18,375,156
1988,5,28,19,211,128
1988,5,28,20,75,68
1988,5,28,21,0,0
1988,5,28,22,0,0
1988,5,28,23,0,0
1988,5,28,24,0,0
1988,5,29,1,0,0
1988,5,29,2,0,0
1988,5,29,3,0,0
1988,5,29,4,0,0
1988,5,29,5,6,6
1988,5,29,6,67,56
1988,5,29,7,194,113
1988,5,29,8,358,139
1988,5,29,9,522,143
1988,5,29,10,664,142
1988,5,29,11,778,138
1988,5,29,12,839,148
1988,5,29,13,850,166
1988,5,29,14,797,205
1988,5,29,15,650,277
1988,5,29,16,567,255
1988,5,29,17,428,239
1988,5,29,18,258,200
1988,5,29,19,122,113
1988,5,29,20,50,47
1988,5,29,21,6,5
1988,5,29,22,0,0
1988,5,29,23,0,0
1988,5,29,24,0,0
1988,5,30,1,0,0
1988,5,30,2,0,0
1988,5,30,3,0,0
1988,5,30,4,0,0
1988,5,30,5,3,3
1988,5,30,6,58,53
1988,5,30,7,208,107
1988,5,30,8,314,168
1988,5,30,9,436,213
1988,5,30,10,608,200
1988,5,30,11,739,181
1988,5,30,12,725,264
1988,5,30,13,811,210
1988,5,30,14,369,339
1988,5,30,15,408,346
1988,5,30,16,364,308
1988,5,30,17,89,86
1988,5,30,18,103,98
1988,5,30,19,133,123
1988,5,30,20,86,71
1988,5,30,21,6,5
1988,5,30,22,0,0
1988,5,30,23,0,0
1988,5,30,24,0,0
1988,5,31,1,0,0
1988,5,31,2,0,0
1988,5,31,3,0,0
1988,5,31,4,0,0
1988,5,31,5,3,3
1988,5,31,6,39,37
1988,5,31,7,169,121
1988,5,31,8,314,169
1988,5,31,9,431,217
1988,5,31,10,575,229
1988,5,31,11,706,216
1988,5,31,12,758,235
1988,5,31,13,844,175
1988,5,31,14,600,349
1988,5,31,15,172,165
1988,5,31,16,100,97
1988,5,31,17,183,173
1988,5,31,18,142,133
1988,5,31,19,94,89
1988,5,31,20,50,47
1988,5,31,21,0,0
1988,5,31,22,0,0
1988,5,31,23,0,0
1988,5,31,24,0,0
1989,6,1,1,0,0
1989,6,1,2,0,0
1989,6,1,3,0,0
1989,6,1,4,0,0
1989,6,1,5,6,6
1989,6,1,6,94,53
1989,6,1,7,217,104
1989,6,1,8,383,120
1989,6,1,9,506,162
1989,6,1,10,642,169
1989,6,1,11,731,191
1989,6,1,12,775,219
1989,6,1,13,828,193
1989,6,1,14,706,289
1989,6,1,15,561,328
1989,6,1,16,556,264
1989,6,1,17,367,259
1989,6,1,18,317,192
1989,6,1,19,136,125
1989,6,1,20,39,37
1989,6,1,21,3,3
1989,6,1,22,0,0
1989,6,1,23,0,0
1989,6,1,24,0,0
1989,6,2,1,0,0
1989,6,2,2,0,0
1989,6,2,3,0,0
1989,6,2,4,0,0
1989,6,2,5,0,0
1989,6,2,6,3,3
1989,6,2,7,11,11
1989,6,2,8,44,44
1989,6,2,9,72,70
1989,6,2,10,117,113
1989,6,2,11,100,98
1989,6,2,12,128,124
1989,6,2,13,219,209
1989,6,2,14,214,204
1989,6,2,15,217,206
1989,6,2,16,253,236
1989,6,2,17,236,219
1989,6,2,18,186,172
1989,6,2,19,125,116
1989,6,2,20,69,64
1989,6,2,21,14,12
1989,6,2,22,0,0
1989,6,2,23,0,0
1989,6,2,24,0,0
1989,6,3,1,0,0
1989,6,3,2,0,0
1989,6,3,3,0,0
1989,6,3,4,0,0
1989,6,3,5,6,6
1989,6,3,6,67,58
1989,6,3,7,192,117
1989,6,3,8,244,188
1989,6,3,9,439,213
1989,6,3,10,431,297
1989,6,3,11,508,334
1989,6,3,12,686,296
1989,6,3,13,706,304
1989,6,3,14,544,367
1989,6,3,15,406,347
1989,6,3,16,119,116
1989,6,3,17,131,125
1989,6,3,18,33,33
1989,6,3,19,19,19
1989,6,3,20,22,22
1989,6,3,21,6,5
1989,6,3,22,0,0
1989,6,3,23,0,0
1989,6,3,24,0,0
1989,6,4,1,0,0
1989,6,4,2,0,0
1989,6,4,3,0,0
1989,6,4,4,0,0
1989,6,4,5,6,6
1989,6,4,6,28,27
1989,6,4,7,31,30
1989,6,4,8,28,27
1989,6,4,9,42,41
1989,6,4,10,467,289
1989,6,4,11,411,341
1989,6,4,12,178,171
1989,6,4,13,300,281
1989,6,4,14,458,373
1989,6,4,15,464,351
1989,6,4,16,528,283
1989,6,4,17,397,255
1989,6,4,18,231,201
1989,6,4,19,131,121
1989,6,4,20,64,59
1989,6,4,21,8,8
1989,6,4,22,0,0
1989,6,4,23,0,0
1989,6,4,24,0,0
1989,6,5,1,0,0
1989,6,5,2,0,0
1989,6,5,3,0,0
1989,6,5,4,0,0
1989,6,5,5,0,0
1989,6,5,6,17,16
1989,6,5,7,33,33
1989,6,5,8,89,85
1989,6,5,9,119,115
1989,6,5,10,256,238
1989,6,5,11,331,304
1989,6,5,12,381,348
1989,6,5,13,397,363
1989,6,5,14,442,372
1989,6,5,15,622,301
1989,6,5,16,383,313
1989,6,5,17,236,219
1989,6,5,18,172,160
1989,6,5,19,89,84
1989,6,5,20,19,19
1989,6,5,21,3,3
1989,6,5,22,0,0
1989,6,5,23,0,0
1989,6,5,24,0,0
1989,6,6,1,0,0
1989,6,6,2,0,0
1989,6,6,3,0,0
1989,6,6,4,0,0
1989,6,6,5,3,3
1989,6,6,6,36,34
1989,6,6,7,69,66
1989,6,6,8,89,85
1989,6,6,9,128,122
1989,6,6,10,161,154
1989,6,6,11,308,286
1989,6,6,12,511,368
1989,6,6,13,331,307
1989,6,6,14,231,219
1989,6,6,15,569,328
1989,6,6,16,597,242
1989,6,6,17,383,260
1989,6,6,18,228,201
1989,6,6,19,114,106
1989,6,6,20,33,32
1989,6,6,21,6,5
1989,6,6,22,0,0
1989,6,6,23,0,0
1989,6,6,24,0,0
1989,6,7,1,0,0
1989,6,7,2,0,0
1989,6,7,3,0,0
1989,6,7,4,0,0
1989,6,7,5,3,3
1989,6,7,6,42,39
1989,6,7,7,83,79
1989,6,7,8,225,188
1989,6,7,9,281,246
1989,6,7,10,325,294
1989,6,7,11,358,328
1989,6,7,12,381,348
1989,6,7,13,469,381
1989,6,7,14,447,373
1989,6,7,15,561,332
1989,6,7,16,422,314
1989,6,7,17,381,261
1989,6,7,18,219,200
1989,6,7,19,189,142
1989,6,7,20,58,55
1989,6,7,21,11,11
1989,6,7,22,0,0
1989,6,7,23,0,0
1989,6,7,24,0,0
1989,6,8,1,0,0
1989,6,8,2,0,0
1989,6,8,3,0,0
1989,6,8,4,0,0
1989,6,8,5,8,8
1989,6,8,6,86,60
1989,6,8,7,219,108
1989,6,8,8,336,161
1989,6,8,9,419,226
1989,6,8,10,561,243
1989,6,8,11,822,146
1989,6,8,12,639,327
1989,6,8,13,781,247
1989,6,8,14,706,295
1989,6,8,15,711,238
1989,6,8,16,703,145
1989,6,8,17,578,137
1989,6,8,18,419,137
1989,6,8,19,264,115
1989,6,8,20,114,77
1989,6,8,21,17,15
1989,6,8,22,0,0
1989,6,8,23,0,0
1989,6,8,24,0,0
1989,6,9,1,0,0
1989,6,9,2,0,0
1989,6,9,3,0,0
1989,6,9,4,0,0
1989,6,9,5,8,8
1989,6,9,6,81,61
1989,6,9,7,203,117
1989,6,9,8,350,153
1989,6,9,9,497,175
1989,6,9,10,639,178
1989,6,9,11,731,197
1989,6,9,12,792,208
1989,6,9,13,667,332
1989,6,9,14,592,356
1989,6,9,15,561,333
1989,6,9,16,458,310
1989,6,9,17,450,239
1989,6,9,18,483,86
1989,6,9,19,289,97
1989,6,9,20,114,78
1989,6,9,21,17,15
1989,6,9,22,0,0
1989,6,9,23,0,0
1989,6,9,24,0,0
1989,6,10,1,0,0
1989,6,10,2,0,0
1989,6,10,3,0,0
1989,6,10,4,0,0
1989,6,10,5,8,8
1989,6,10,6,83,61
1989,6,10,7,211,113
1989,6,10,8,322,170
1989,6,10,9,400,235
1989,6,10,10,536,260
1989,6,10,11,597,302
1989,6,10,12,736,261
1989,6,10,13,786,243
1989,6,10,14,331,307
1989,6,10,15,461,353
1989,6,10,16,214,202
1989,6,10,17,203,190
1989,6,10,18,117,111
1989,6,10,19,111,104
1989,6,10,20,72,67
1989,6,10,21,17,15
1989,6,10,22,0,0
1989,6,10,23,0,0
1989,6,10,24,0,0
1989,6,11,1,0,0
1989,6,11,2,0,0
1989,6,11,3,0,0
1989,6,11,4,0,0
1989,6,11,5,8,8
1989,6,11,6,44,42
1989,6,11,7,53,51
1989,6,11,8,333,164
1989,6,11,9,442,215
1989,6,11,10,350,300
1989,6,11,11,567,317
1989,6,11,12,606,344
1989,6,11,13,364,335
1989,6,11,14,444,374
1989,6,11,15,394,348
1989,6,11,16,322,295
1989,6,11,17,408,257
1989,6,11,18,264,208
1989,6,11,19,142,130
1989,6,11,20,44,42
1989,6,11,21,14,13
1989,6,11,22,0,0
1989,6,11,23,0,0
1989,6,11,24,0,0
1989,6,12,1,0,0
1989,6,12,2,0,0
1989,6,12,3,0,0
1989,6,12,4,0,0
1989,6,12,5,6,6
1989,6,12,6,42,39
1989,6,12,7,192,121
1989,6,12,8,239,190
1989,6,12,9,375,243
1989,6,12,10,303,278
1989,6,12,11,292,271
1989,6,12,12,419,366
1989,6,12,13,422,375
1989,6,12,14,428,371
1989,6,12,15,347,319
1989,6,12,16,194,185
1989,6,12,17,47,47
1989,6,12,18,22,22
1989,6,12,19,50,49
1989,6,12,20,14,14
1989,6,12,21,0,0
1989,6,12,22,0,0
1989,6,12,23,0,0
1989,6,12,24,0,0
1989,6,13,1,0,0
1989,6,13,2,0,0
1989,6,13,3,0,0
1989,6,13,4,0,0
1989,6,13,5,0,0
1989,6,13,6,83,62
1989,6,13,7,64,61
1989,6,13,8,156,145
1989,6,13,9,139,133
1989,6,13,10,331,296
1989,6,13,11,753,175
1989,6,13,12,603,346
1989,6,13,13,608,361
1989,6,13,14,536,372
1989,6,13,15,431,353
1989,6,13,16,608,240
1989,6,13,17,581,141
1989,6,13,18,425,139
1989,6,13,19,264,122
1989,6,13,20,125,79
1989,6,13,21,17,16
1989,6,13,22,0,0
1989,6,13,23,0,0
1989,6,13,24,0,0
1989,6,14,1,0,0
1989,6,14,2,0,0
1989,6,14,3,0,0
1989,6,14,4,0,0
1989,6,14,5,11,11
1989,6,14,6,78,62
1989,6,14,7,206,116
1989,6,14,8,378,133
1989,6,14,9,539,136
1989,6,14,10,681,133
1989,6,14,11,789,140
1989,6,14,12,733,264
1989,6,14,13,744,281
1989,6,14,14,664,325
1989,6,14,15,761,195
1989,6,14,16,717,136
1989,6,14,17,564,160
1989,6,14,18,417,147
1989,6,14,19,267,121
1989,6,14,20,119,81
1989,6,14,21,22,20
1989,6,14,22,0,0
1989,6,14,23,0,0
1989,6,14,24,0,0
1989,6,15,1,0,0
1989,6,15,2,0,0
1989,6,15,3,0,0
1989,6,15,4,0,0
1989,6,15,5,8,8
1989,6,15,6,89,62
1989,6,15,7,225,106
1989,6,15,8,386,125
1989,6,15,9,539,136
1989,6,15,10,672,143
1989,6,15,11,778,146
1989,6,15,12,775,227
1989,6,15,13,792,240
1989,6,15,14,517,375
1989,6,15,15,406,351
1989,6,15,16,311,286
1989,6,15,17,133,128
1989,6,15,18,72,70
1989,6,15,19,75,72
1989,6,15,20,47,45
1989,6,15,21,6,5
1989,6,15,22,0,0
1989,6,15,23,0,0
1989,6,15,24,0,0
1989,6,16,1,0,0
1989,6,16,2,0,0
1989,6,16,3,0,0
1989,6,16,4,0,0
1989,6,16,5,8,8
1989,6,16,6,92,61
1989,6,16,7,192,121
1989,6,16,8,217,188
1989,6,16,9,331,250
1989,6,16,10,519,269
1989,6,16,11,608,296
1989,6,16,12,481,372
1989,6,16,13,700,314
1989,6,16,14,631,343
1989,6,16,15,669,278
1989,6,16,16,447,315
1989,6,16,17,164,156
1989,6,16,18,61,60
1989,6,16,19,53,51
1989,6,16,20,8,8
1989,6,16,21,0,0
1989,6,16,22,0,0
1989,6,16,23,0,0
1989,6,16,24,0,0
1989,6,17,1,0,0
1989,6,17,2,0,0
1989,6,17,3,0,0
1989,6,17,4,0,0
1989,6,17,5,0,0
1989,6,17,6,11,11
1989,6,17,7,31,30
1989,6,17,8,64,62
1989,6,17,9,133,128
1989,6,17,10,228,214
1989,6,17,11,283,264
1989,6,17,12,394,360
1989,6,17,13,383,352
1989,6,17,14,261,246
1989,6,17,15,219,208
1989,6,17,16,133,129
1989,6,17,17,122,118
1989,6,17,18,106,101
1989,6,17,19,114,107
1989,6,17,20,28,27
1989,6,17,21,3,3
1989,6,17,22,0,0
1989,6,17,23,0,0
1989,6,17,24,0,0
1989,6,18,1,0,0
1989,6,18,2,0,0
1989,6,18,3,0,0
1989,6,18,4,0,0
1989,6,18,5,6,6
1989,6,18,6,33,32
1989,6,18,7,97,91
1989,6,18,8,311,175
1989,6,18,9,528,147
1989,6,18,10,661,155
1989,6,18,11,769,156
1989,6,18,12,839,158
1989,6,18,13,869,157
1989,6,18,14,856,157
1989,6,18,15,797,158
1989,6,18,16,703,155
1989,6,18,17,578,149
1989,6,18,18,431,139
1989,6,18,19,275,119
1989,6,18,20,131,80
1989,6,18,21,28,23
1989,6,18,22,0,0
1989,6,18,23,0,0
1989,6,18,24,0,0
1989,6,19,1,0,0
1989,6,19,2,0,0
1989,6,19,3,0,0
1989,6,19,4,0,0
1989,6,19,5,11,11
1989,6,19,6,92,61
1989,6,19,7,222,107
1989,6,19,8,383,127
1989,6,19,9,539,135
1989,6,19,10,669,145
1989,6,19,11,778,146
1989,6,19,12,847,150
1989,6,19,13,878,155
1989,6,19,14,861,152
1989,6,19,15,808,145
1989,6,19,16,717,140
1989,6,19,17,586,141
1989,6,19,18,439,132
1989,6,19,19,281,115
1989,6,19,20,131,81
1989,6,19,21,28,24
1989,6,19,22,0,0
1989,6,19,23,0,0
1989,6,19,24,0,0
1989,6,20,1,0,0
1989,6,20,2,0,0
1989,6,20,3,0,0
1989,6,20,4,0,0
1989,6,20,5,8,8
1989,6,20,6,78,62
1989,6,20,7,225,105
1989,6,20,8,378,131
1989,6,20,9,544,129
1989,6,20,10,572,235
1989,6,20,11,739,189
1989,6,20,12,819,180
1989,6,20,13,856,173
1989,6,20,14,828,189
1989,6,20,15,781,177
1989,6,20,16,708,150
1989,6,20,17,528,197
1989,6,20,18,308,208
1989,6,20,19,258,130
1989,6,20,20,108,85
1989,6,20,21,17,16
1989,6,20,22,0,0
1989,6,20,23,0,0
1989,6,20,24,0,0
1989,6,21,1,0,0
1989,6,21,2,0,0
1989,6,21,3,0,0
1989,6,21,4,0,0
1989,6,21,5,3,3
1989,6,21,6,31,29
1989,6,21,7,111,103
1989,6,21,8,258,188
1989,6,21,9,364,245
1989,6,21,10,439,297
1989,6,21,11,586,307
1989,6,21,12,733,264
1989,6,21,13,869,157
1989,6,21,14,822,195
1989,6,21,15,703,253
1989,6,21,16,647,213
1989,6,21,17,514,208
1989,6,21,18,356,193
1989,6,21,19,250,135
1989,6,21,20,69,65
1989,6,21,21,25,23
1989,6,21,22,0,0
1989,6,21,23,0,0
1989,6,21,24,0,0
1989,6,22,1,0,0
1989,6,22,2,0,0
1989,6,22,3,0,0
1989,6,22,4,0,0
1989,6,22,5,6,6
1989,6,22,6,47,44
1989,6,22,7,169,124
1989,6,22,8,325,167
1989,6,22,9,481,187
1989,6,22,10,611,202
1989,6,22,11,636,277
1989,6,22,12,794,207
1989,6,22,13,856,173
1989,6,22,14,697,305
1989,6,22,15,794,162
1989,6,22,16,675,186
1989,6,22,17,561,168
1989,6,22,18,419,151
1989,6,22,19,264,128
1989,6,22,20,122,84
1989,6,22,21,19,18
1989,6,22,22,0,0
1989,6,22,23,0,0
1989,6,22,24,0,0
1989,6,23,1,0,0
1989,6,23,2,0,0
1989,6,23,3,0,0
1989,6,23,4,0,0
1989,6,23,5,8,8
1989,6,23,6,78,61
1989,6,23,7,203,116
1989,6,23,8,361,143
1989,6,23,9,511,160
1989,6,23,10,647,167
1989,6,23,11,758,166
1989,6,23,12,831,167
1989,6,23,13,861,166
1989,6,23,14,844,170
1989,6,23,15,778,181
1989,6,23,16,689,172
1989,6,23,17,517,207
1989,6,23,18,306,210
1989,6,23,19,206,149
1989,6,23,20,114,85
1989,6,23,21,22,21
1989,6,23,22,0,0
1989,6,23,23,0,0
1989,6,23,24,0,0
1989,6,24,1,0,0
1989,6,24,2,0,0
1989,6,24,3,0,0
1989,6,24,4,0,0
1989,6,24,5,3,3
1989,6,24,6,58,54
1989,6,24,7,181,122
1989,6,24,8,328,165
1989,6,24,9,472,192
1989,6,24,10,600,211
1989,6,24,11,694,230
1989,6,24,12,700,289
1989,6,24,13,456,381
1989,6,24,14,467,377
1989,6,24,15,631,305
1989,6,24,16,675,187
1989,6,24,17,506,215
1989,6,24,18,367,188
1989,6,24,19,219,147
1989,6,24,20,97,84
1989,6,24,21,14,13
1989,6,24,22,0,0
1989,6,24,23,0,0
1989,6,24,24,0,0
1989,6,25,1,0,0
1989,6,25,2,0,0
1989,6,25,3,0,0
1989,6,25,4,0,0
1989,6,25,5,0,0
1989,6,25,6,22,22
1989,6,25,7,56,54
1989,6,25,8,61,59
1989,6,25,9,19,19
1989,6,25,10,117,113
1989,6,25,11,200,190
1989,6,25,12,236,224
1989,6,25,13,250,237
1989,6,25,14,242,229
1989,6,25,15,281,262
1989,6,25,16,333,305
1989,6,25,17,342,271
1989,6,25,18,297,211
1989,6,25,19,106,99
1989,6,25,20,89,81
1989,6,25,21,19,18
1989,6,25,22,0,0
1989,6,25,23,0,0
1989,6,25,24,0,0
1989,6,26,1,0,0
1989,6,26,2,0,0
1989,6,26,3,0,0
1989,6,26,4,0,0
1989,6,26,5,11,11
1989,6,26,6,53,49
1989,6,26,7,181,121
1989,6,26,8,283,182
1989,6,26,9,400,232
1989,6,26,10,686,121
1989,6,26,11,778,142
1989,6,26,12,850,150
1989,6,26,13,878,155
1989,6,26,14,867,153
1989,6,26,15,772,187
1989,6,26,16,617,239
1989,6,26,17,569,161
1989,6,26,18,389,175
1989,6,26,19,294,108
1989,6,26,20,136,81
1989,6,26,21,31,25
1989,6,26,22,0,0
1989,6,26,23,0,0
1989,6,26,24,0,0
1989,6,27,1,0,0
1989,6,27,2,0,0
1989,6,27,3,0,0
1989,6,27,4,0,0
1989,6,27,5,8,8
1989,6,27,6,89,58
1989,6,27,7,222,103
1989,6,27,8,356,144
1989,6,27,9,528,140
1989,6,27,10,678,130
1989,6,27,11,775,144
1989,6,27,12,844,149
1989,6,27,13,856,171
1989,6,27,14,850,163
1989,6,27,15,758,202
1989,6,27,16,631,228
1989,6,27,17,533,194
1989,6,27,18,411,159
1989,6,27,19,281,118
1989,6,27,20,131,83
1989,6,27,21,28,25
1989,6,27,22,0,0
1989,6,27,23,0,0
1989,6,27,24,0,0
1989,6,28,1,0,0
1989,6,28,2,0,0
1989,6,28,3,0,0
1989,6,28,4,0,0
1989,6,28,5,11,11
1989,6,28,6,92,57
1989,6,28,7,225,100
1989,6,28,8,372,130
1989,6,28,9,544,121
1989,6,28,10,689,122
1989,6,28,11,783,139
1989,6,28,12,856,151
1989,6,28,13,736,287
1989,6,28,14,828,188
1989,6,28,15,778,181
1989,6,28,16,686,176
1989,6,28,17,581,150
1989,6,28,18,394,171
1989,6,28,19,267,127
1989,6,28,20,147,76
1989,6,28,21,39,34
1989,6,28,22,0,0
1989,6,28,23,0,0
1989,6,28,24,0,0
1989,6,29,1,0,0
1989,6,29,2,0,0
1989,6,29,3,0,0
1989,6,29,4,0,0
1989,6,29,5,0,0
1989,6,29,6,8,8
1989,6,29,7,83,79
1989,6,29,8,233,186
1989,6,29,9,297,246
1989,6,29,10,164,157
1989,6,29,11,211,200
1989,6,29,12,800,197
1989,6,29,13,911,161
1989,6,29,14,825,190
1989,6,29,15,531,347
1989,6,29,16,231,217
1989,6,29,17,444,250
1989,6,29,18,183,170
1989,6,29,19,97,92
1989,6,29,20,36,35
1989,6,29,21,8,8
1989,6,29,22,0,0
1989,6,29,23,0,0
1989,6,29,24,0,0
1989,6,30,1,0,0
1989,6,30,2,0,0
1989,6,30,3,0,0
1989,6,30,4,0,0
1989,6,30,5,0,0
1989,6,30,6,3,3
1989,6,30,7,25,25
1989,6,30,8,119,113
1989,6,30,9,403,228
1989,6,30,10,583,220
1989,6,30,11,644,267
1989,6,30,12,603,343
1989,6,30,13,258,244
1989,6,30,14,406,367
1989,6,30,15,456,356
1989,6,30,16,189,180
1989,6,30,17,14,14
1989,6,30,18,17,17
1989,6,30,19,39,38
1989,6,30,20,28,27
1989,6,30,21,8,8
1989,6,30,22,0,0
1989,6,30,23,0,0
1989,6,30,24,0,0
2003,7,1,1,0,0
2003,7,1,2,0,0
2003,7,1,3,0,0
2003,7,1,4,0,0
2003,7,1,5,3,3
2003,7,1,6,19,18
2003,7,1,7,36,35
2003,7,1,8,87,83
2003,7,1,9,244,224
2003,7,1,10,500,272
2003,7,1,11,695,224
2003,7,1,12,788,208
2003,7,1,13,811,218
2003,7,1,14,801,215
2003,7,1,15,748,211
2003,7,1,16,650,211
2003,7,1,17,525,201
2003,7,1,18,373,185
2003,7,1,19,228,144
2003,7,1,20,102,85
2003,7,1,21,25,23
2003,7,1,22,0,0
2003,7,1,23,0,0
2003,7,1,24,0,0
2003,7,2,1,0,0
2003,7,2,2,0,0
2003,7,2,3,0,0
2003,7,2,4,0,0
2003,7,2,5,9,9
2003,7,2,6,59,54
2003,7,2,7,166,120
2003,7,2,8,298,173
2003,7,2,9,447,203
2003,7,2,10,564,233
2003,7,2,11,624,279
2003,7,2,12,712,276
2003,7,2,13,750,273
2003,7,2,14,725,283
2003,7,2,15,686,266
2003,7,2,16,471,312
2003,7,2,17,344,271
2003,7,2,18,134,127
2003,7,2,19,66,63
2003,7,2,20,43,41
2003,7,2,21,16,15
2003,7,2,22,0,0
2003,7,2,23,0,0
2003,7,2,24,0,0
2003,7,3,1,0,0
2003,7,3,2,0,0
2003,7,3,3,0,0
2003,7,3,4,0,0
2003,7,3,5,2,2
2003,7,3,6,11,11
2003,7,3,7,13,12
2003,7,3,8,33,32
2003,7,3,9,94,91
2003,7,3,10,60,59
2003,7,3,11,63,62
2003,7,3,12,111,108
2003,7,3,13,109,107
2003,7,3,14,107,105
2003,7,3,15,80,79
2003,7,3,16,99,97
2003,7,3,17,82,80
2003,7,3,18,158,149
2003,7,3,19,135,125
2003,7,3,20,79,73
2003,7,3,21,25,23
2003,7,3,22,0,0
2003,7,3,23,0,0
2003,7,3,24,0,0
2003,7,4,1,0,0
2003,7,4,2,0,0
2003,7,4,3,0,0
2003,7,4,4,0,0
2003,7,4,5,12,12
2003,7,4,6,72,56
2003,7,4,7,139,118
2003,7,4,8,73,71
2003,7,4,9,154,146
2003,7,4,10,221,208
2003,7,4,11,388,336
2003,7,4,12,336,311
2003,7,4,13,373,343
2003,7,4,14,650,331
2003,7,4,15,691,260
2003,7,4,16,606,246
2003,7,4,17,465,239
2003,7,4,18,410,158
2003,7,4,19,223,145
2003,7,4,20,64,60
2003,7,4,21,9,9
2003,7,4,22,0,0
2003,7,4,23,0,0
2003,7,4,24,0,0
2003,7,5,1,0,0
2003,7,5,2,0,0
2003,7,5,3,0,0
2003,7,5,4,0,0
2003,7,5,5,5,5
2003,7,5,6,45,42
2003,7,5,7,159,118
2003,7,5,8,328,154
2003,7,5,9,477,177
2003,7,5,10,617,185
2003,7,5,11,696,219
2003,7,5,12,610,337
2003,7,5,13,671,327
2003,7,5,14,562,366
2003,7,5,15,361,331
2003,7,5,16,283,262
2003,7,5,17,446,248
2003,7,5,18,348,195
2003,7,5,19,214,146
2003,7,5,20,130,81
2003,7,5,21,35,31
2003,7,5,22,0,0
2003,7,5,23,0,0
2003,7,5,24,0,0
2003,7,6,1,0,0
2003,7,6,2,0,0
2003,7,6,3,0,0
2003,7,6,4,0,0
2003,7,6,5,6,6
2003,7,6,6,56,51
2003,7,6,7,171,116
2003,7,6,8,293,171
2003,7,6,9,456,192
2003,7,6,10,572,223
2003,7,6,11,620,278
2003,7,6,12,517,364
2003,7,6,13,479,380
2003,7,6,14,531,372
2003,7,6,15,430,353
2003,7,6,16,441,316
2003,7,6,17,308,266
2003,7,6,18,277,212
2003,7,6,19,191,148
2003,7,6,20,107,84
2003,7,6,21,37,34
2003,7,6,22,0,0
2003,7,6,23,0,0
2003,7,6,24,0,0
2003,7,7,1,0,0
2003,7,7,2,0,0
2003,7,7,3,0,0
2003,7,7,4,0,0
2003,7,7,5,9,9
2003,7,7,6,70,54
2003,7,7,7,182,112
2003,7,7,8,343,142
2003,7,7,9,488,165
2003,7,7,10,592,205
2003,7,7,11,704,210
2003,7,7,12,672,301
2003,7,7,13,473,379
2003,7,7,14,404,365
2003,7,7,15,498,351
2003,7,7,16,615,237
2003,7,7,17,343,269
2003,7,7,18,264,211
2003,7,7,19,240,138
2003,7,7,20,104,83
2003,7,7,21,23,21
2003,7,7,22,0,0
2003,7,7,23,0,0
2003,7,7,24,0,0
2003,7,8,1,0,0
2003,7,8,2,0,0
2003,7,8,3,0,0
2003,7,8,4,0,0
2003,7,8,5,6,6
2003,7,8,6,54,49
2003,7,8,7,150,116
2003,7,8,8,284,172
2003,7,8,9,419,213
2003,7,8,10,546,239
2003,7,8,11,652,253
2003,7,8,12,722,263
2003,7,8,13,746,272
2003,7,8,14,731,274
2003,7,8,15,678,268
2003,7,8,16,591,254
2003,7,8,17,466,236
2003,7,8,18,330,201
2003,7,8,19,197,147
2003,7,8,20,85,78
2003,7,8,21,19,17
2003,7,8,22,0,0
2003,7,8,23,0,0
2003,7,8,24,0,0
2003,7,9,1,0,0
2003,7,9,2,0,0
2003,7,9,3,0,0
2003,7,9,4,0,0
2003,7,9,5,5,5
2003,7,9,6,32,31
2003,7,9,7,85,80
2003,7,9,8,264,177
2003,7,9,9,428,206
2003,7,9,10,509,260
2003,7,9,11,635,265
2003,7,9,12,691,285
2003,7,9,13,667,327
2003,7,9,14,695,300
2003,7,9,15,681,265
2003,7,9,16,586,257
2003,7,9,17,469,234
2003,7,9,18,289,210
2003,7,9,19,212,145
2003,7,9,20,91,81
2003,7,9,21,16,15
2003,7,9,22,0,0
2003,7,9,23,0,0
2003,7,9,24,0,0
2003,7,10,1,0,0
2003,7,10,2,0,0
2003,7,10,3,0,0
2003,7,10,4,0,0
2003,7,10,5,6,6
2003,7,10,6,49,45
2003,7,10,7,149,115
2003,7,10,8,278,172
2003,7,10,9,415,212
2003,7,10,10,554,231
2003,7,10,11,669,237
2003,7,10,12,739,245
2003,7,10,13,771,248
2003,7,10,14,770,238
2003,7,10,15,706,244
2003,7,10,16,614,235
2003,7,10,17,483,225
2003,7,10,18,349,192
2003,7,10,19,213,144
2003,7,10,20,94,81
2003,7,10,21,19,17
2003,7,10,22,0,0
2003,7,10,23,0,0
2003,7,10,24,0,0
2003,7,11,1,0,0
2003,7,11,2,0,0
2003,7,11,3,0,0
2003,7,11,4,0,0
2003,7,11,5,6,6
2003,7,11,6,52,48
2003,7,11,7,156,113
2003,7,11,8,294,165
2003,7,11,9,437,198
2003,7,11,10,570,217
2003,7,11,11,670,235
2003,7,11,12,733,250
2003,7,11,13,758,258
2003,7,11,14,752,253
2003,7,11,15,704,244
2003,7,11,16,561,271
2003,7,11,17,209,196
2003,7,11,18,110,105
2003,7,11,19,68,65
2003,7,11,20,26,26
2003,7,11,21,5,5
2003,7,11,22,0,0
2003,7,11,23,0,0
2003,7,11,24,0,0
2003,7,12,1,0,0
2003,7,12,2,0,0
2003,7,12,3,0,0
2003,7,12,4,0,0
2003,7,12,5,6,6
2003,7,12,6,54,48
2003,7,12,7,158,112
2003,7,12,8,226,178
2003,7,12,9,241,221
2003,7,12,10,307,281
2003,7,12,11,377,331
2003,7,12,12,337,311
2003,7,12,13,380,348
2003,7,12,14,446,371
2003,7,12,15,467,352
2003,7,12,16,494,301
2003,7,12,17,278,254
2003,7,12,18,311,204
2003,7,12,19,180,145
2003,7,12,20,68,63
2003,7,12,21,16,15
2003,7,12,22,0,0
2003,7,12,23,0,0
2003,7,12,24,0,0
2003,7,13,1,0,0
2003,7,13,2,0,0
2003,7,13,3,0,0
2003,7,13,4,0,0
2003,7,13,5,6,6
2003,7,13,6,54,48
2003,7,13,7,168,109
2003,7,13,8,310,153
2003,7,13,9,452,184
2003,7,13,10,581,206
2003,7,13,11,691,213
2003,7,13,12,760,222
2003,7,13,13,781,235
2003,7,13,14,760,244
2003,7,13,15,699,246
2003,7,13,16,608,237
2003,7,13,17,505,207
2003,7,13,18,387,167
2003,7,13,19,219,140
2003,7,13,20,100,80
2003,7,13,21,12,11
2003,7,13,22,0,0
2003,7,13,23,0,0
2003,7,13,24,0,0
2003,7,14,1,0,0
2003,7,14,2,0,0
2003,7,14,3,0,0
2003,7,14,4,0,0
2003,7,14,5,4,4
2003,7,14,6,22,21
2003,7,14,7,26,26
2003,7,14,8,154,143
2003,7,14,9,294,237
2003,7,14,10,406,290
2003,7,14,11,458,333
2003,7,14,12,573,345
2003,7,14,13,552,369
2003,7,14,14,637,331
2003,7,14,15,602,312
2003,7,14,16,673,177
2003,7,14,17,537,180
2003,7,14,18,375,174
2003,7,14,19,283,104
2003,7,14,20,146,85
2003,7,14,21,25,25
2003,7,14,22,0,0
2003,7,14,23,0,0
2003,7,14,24,0,0
2003,7,15,1,0,0
2003,7,15,2,0,0
2003,7,15,3,0,0
2003,7,15,4,0,0
2003,7,15,5,1,1
2003,7,15,6,20,20
2003,7,15,7,90,84
2003,7,15,8,164,151
2003,7,15,9,331,235
2003,7,15,10,542,232
2003,7,15,11,572,297
2003,7,15,12,669,294
2003,7,15,13,701,299
2003,7,15,14,411,364
2003,7,15,15,296,276
2003,7,15,16,560,268
2003,7,15,17,485,218
2003,7,15,18,304,203
2003,7,15,19,106,100
2003,7,15,20,50,47
2003,7,15,21,16,15
2003,7,15,22,0,0
2003,7,15,23,0,0
2003,7,15,24,0,0
2003,7,16,1,0,0
2003,7,16,2,0,0
2003,7,16,3,0,0
2003,7,16,4,0,0
2003,7,16,5,6,6
2003,7,16,6,51,45
2003,7,16,7,130,109
2003,7,16,8,135,126
2003,7,16,9,120,115
2003,7,16,10,219,205
2003,7,16,11,543,309
2003,7,16,12,527,356
2003,7,16,13,553,367
2003,7,16,14,569,357
2003,7,16,15,619,300
2003,7,16,16,533,282
2003,7,16,17,440,242
2003,7,16,18,370,174
2003,7,16,19,189,143
2003,7,16,20,80,73
2003,7,16,21,19,18
2003,7,16,22,0,0
2003,7,16,23,0,0
2003,7,16,24,0,0
2003,7,17,1,0,0
2003,7,17,2,0,0
2003,7,17,3,0,0
2003,7,17,4,0,0
2003,7,17,5,3,3
2003,7,17,6,26,25
2003,7,17,7,67,63
2003,7,17,8,120,113
2003,7,17,9,210,195
2003,7,17,10,362,289
2003,7,17,11,337,309
2003,7,17,12,485,361
2003,7,17,13,510,373
2003,7,17,14,448,369
2003,7,17,15,369,337
2003,7,17,16,311,286
2003,7,17,17,277,253
2003,7,17,18,164,153
2003,7,17,19,97,92
2003,7,17,20,36,34
2003,7,17,21,5,5
2003,7,17,22,0,0
2003,7,17,23,0,0
2003,7,17,24,0,0
2003,7,18,1,0,0
2003,7,18,2,0,0
2003,7,18,3,0,0
2003,7,18,4,0,0
2003,7,18,5,3,3
2003,7,18,6,27,25
2003,7,18,7,63,60
2003,7,18,8,57,56
2003,7,18,9,75,73
2003,7,18,10,125,121
2003,7,18,11,185,177
2003,7,18,12,197,188
2003,7,18,13,141,136
2003,7,18,14,125,121
2003,7,18,15,66,65
2003,7,18,16,60,59
2003,7,18,17,56,55
2003,7,18,18,56,55
2003,7,18,19,28,28
2003,7,18,20,16,16
2003,7,18,21,12,11
2003,7,18,22,0,0
2003,7,18,23,0,0
2003,7,18,24,0,0
2003,7,19,1,0,0
2003,7,19,2,0,0
2003,7,19,3,0,0
2003,7,19,4,0,0
2003,7,19,5,1,1
2003,7,19,6,14,14
2003,7,19,7,48,46
2003,7,19,8,88,84
2003,7,19,9,127,122
2003,7,19,10,140,135
2003,7,19,11,180,172
2003,7,19,12,321,298
2003,7,19,13,222,211
2003,7,19,14,233,221
2003,7,19,15,212,201
2003,7,19,16,168,160
2003,7,19,17,146,140
2003,7,19,18,144,136
2003,7,19,19,80,76
2003,7,19,20,29,28
2003,7,19,21,7,7
2003,7,19,22,0,0
2003,7,19,23,0,0
2003,7,19,24,0,0
2003,7,20,1,0,0
2003,7,20,2,0,0
2003,7,20,3,0,0
2003,7,20,4,0,0
2003,7,20,5,2,2
2003,7,20,6,19,18
2003,7,20,7,69,65
2003,7,20,8,144,134
2003,7,20,9,298,233
2003,7,20,10,531,232
2003,7,20,11,641,245
2003,7,20,12,714,252
2003,7,20,13,732,268
2003,7,20,14,625,331
2003,7,20,15,410,345
2003,7,20,16,497,293
2003,7,20,17,462,226
2003,7,20,18,345,182
2003,7,20,19,204,136
2003,7,20,20,84,73
2003,7,20,21,14,14
2003,7,20,22,0,0
2003,7,20,23,0,0
2003,7,20,24,0,0
2003,7,21,1,0,0
2003,7,21,2,0,0
2003,7,21,3,0,0
2003,7,21,4,0,0
2003,7,21,5,5,5
2003,7,21,6,42,38
2003,7,21,7,134,104
2003,7,21,8,266,161
2003,7,21,9,359,222
2003,7,21,10,460,268
2003,7,21,11,663,224
2003,7,21,12,677,280
2003,7,21,13,743,257
2003,7,21,14,661,309
2003,7,21,15,557,325
2003,7,21,16,500,291
2003,7,21,17,366,259
2003,7,21,18,304,197
2003,7,21,19,122,113
2003,7,21,20,24,23
2003,7,21,21,14,14
2003,7,21,22,0,0
2003,7,21,23,0,0
2003,7,21,24,0,0
2003,7,22,1,0,0
2003,7,22,2,0,0
2003,7,22,3,0,0
2003,7,22,4,0,0
2003,7,22,5,2,2
2003,7,22,6,23,22
2003,7,22,7,82,77
2003,7,22,8,167,153
2003,7,22,9,220,203
2003,7,22,10,402,283
2003,7,22,11,662,224
2003,7,22,12,638,305
2003,7,22,13,845,150
2003,7,22,14,792,198
2003,7,22,15,711,222
2003,7,22,16,708,125
2003,7,22,17,590,109
2003,7,22,18,388,151
2003,7,22,19,161,136
2003,7,22,20,65,60
2003,7,22,21,14,14
2003,7,22,22,0,0
2003,7,22,23,0,0
2003,7,22,24,0,0
2003,7,23,1,0,0
2003,7,23,2,0,0
2003,7,23,3,0,0
2003,7,23,4,0,0
2003,7,23,5,5,5
2003,7,23,6,46,37
2003,7,23,7,164,95
2003,7,23,8,316,131
2003,7,23,9,468,151
2003,7,23,10,585,182
2003,7,23,11,720,164
2003,7,23,12,643,300
2003,7,23,13,478,371
2003,7,23,14,255,240
2003,7,23,15,315,292
2003,7,23,16,379,308
2003,7,23,17,439,233
2003,7,23,18,350,175
2003,7,23,19,216,129
2003,7,23,20,74,68
2003,7,23,21,12,11
2003,7,23,22,0,0
2003,7,23,23,0,0
2003,7,23,24,0,0
2003,7,24,1,0,0
2003,7,24,2,0,0
2003,7,24,3,0,0
2003,7,24,4,0,0
2003,7,24,5,1,1
2003,7,24,6,27,25
2003,7,24,7,138,100
2003,7,24,8,261,158
2003,7,24,9,415,190
2003,7,24,10,529,226
2003,7,24,11,670,212
2003,7,24,12,727,234
2003,7,24,13,746,250
2003,7,24,14,588,342
2003,7,24,15,664,259
2003,7,24,16,619,210
2003,7,24,17,514,182
2003,7,24,18,374,158
2003,7,24,19,207,130
2003,7,24,20,79,68
2003,7,24,21,12,11
2003,7,24,22,0,0
2003,7,24,23,0,0
2003,7,24,24,0,0
2003,7,25,1,0,0
2003,7,25,2,0,0
2003,7,25,3,0,0
2003,7,25,4,0,0
2003,7,25,5,5,5
2003,7,25,6,45,35
2003,7,25,7,157,94
2003,7,25,8,301,136
2003,7,25,9,455,158
2003,7,25,10,598,165
2003,7,25,11,713,166
2003,7,25,12,788,170
2003,7,25,13,825,167
2003,7,25,14,816,164
2003,7,25,15,757,168
2003,7,25,16,663,165
2003,7,25,17,541,154
2003,7,25,18,399,136
2003,7,25,19,241,112
2003,7,25,20,98,67
2003,7,25,21,14,14
2003,7,25,22,0,0
2003,7,25,23,0,0
2003,7,25,24,0,0
2003,7,26,1,0,0
2003,7,26,2,0,0
2003,7,26,3,0,0
2003,7,26,4,0,0
2003,7,26,5,3,3
2003,7,26,6,33,30
2003,7,26,7,139,97
2003,7,26,8,289,141
2003,7,26,9,440,168
2003,7,26,10,578,182
2003,7,26,11,692,186
2003,7,26,12,771,186
2003,7,26,13,799,194
2003,7,26,14,751,230
2003,7,26,15,663,255
2003,7,26,16,518,276
2003,7,26,17,409,242
2003,7,26,18,300,191
2003,7,26,19,138,126
2003,7,26,20,30,29
2003,7,26,21,9,9
2003,7,26,22,0,0
2003,7,26,23,0,0
2003,7,26,24,0,0
2003,7,27,1,0,0
2003,7,27,2,0,0
2003,7,27,3,0,0
2003,7,27,4,0,0
2003,7,27,5,0,0
2003,7,27,6,7,7
2003,7,27,7,40,38
2003,7,27,8,112,106
2003,7,27,9,193,179
2003,7,27,10,295,270
2003,7,27,11,276,257
2003,7,27,12,153,148
2003,7,27,13,71,70
2003,7,27,14,68,67
2003,7,27,15,87,85
2003,7,27,16,217,204
2003,7,27,17,492,192
2003,7,27,18,361,160
2003,7,27,19,148,129
2003,7,27,20,0,0
2003,7,27,21,0,0
2003,7,27,22,0,0
2003,7,27,23,0,0
2003,7,27,24,0,0
2003,7,28,1,0,0
2003,7,28,2,0,0
2003,7,28,3,0,0
2003,7,28,4,0,0
2003,7,28,5,1,1
2003,7,28,6,12,11
2003,7,28,7,52,50
2003,7,28,8,129,121
2003,7,28,9,260,222
2003,7,28,10,342,279
2003,7,28,11,440,323
2003,7,28,12,498,350
2003,7,28,13,772,216
2003,7,28,14,427,360
2003,7,28,15,249,234
2003,7,28,16,389,304
2003,7,28,17,518,168
2003,7,28,18,294,190
2003,7,28,19,160,130
2003,7,28,20,62,57
2003,7,28,21,7,7
2003,7,28,22,0,0
2003,7,28,23,0,0
2003,7,28,24,0,0
2003,7,29,1,0,0
2003,7,29,2,0,0
2003,7,29,3,0,0
2003,7,29,4,0,0
2003,7,29,5,2,2
2003,7,29,6,26,24
2003,7,29,7,109,93
2003,7,29,8,231,158
2003,7,29,9,364,208
2003,7,29,10,444,263
2003,7,29,11,385,321
2003,7,29,12,474,352
2003,7,29,13,284,266
2003,7,29,14,380,347
2003,7,29,15,317,293
2003,7,29,16,493,282
2003,7,29,17,369,249
2003,7,29,18,248,194
2003,7,29,19,128,118
2003,7,29,20,63,58
2003,7,29,21,5,5
2003,7,29,22,0,0
2003,7,29,23,0,0
2003,7,29,24,0,0
2003,7,30,1,0,0
2003,7,30,2,0,0
2003,7,30,3,0,0
2003,7,30,4,0,0
2003,7,30,5,1,1
2003,7,30,6,16,15
2003,7,30,7,73,68
2003,7,30,8,199,159
2003,7,30,9,357,209
2003,7,30,10,499,234
2003,7,30,11,639,227
2003,7,30,12,744,204
2003,7,30,13,779,204
2003,7,30,14,754,219
2003,7,30,15,715,200
2003,7,30,16,617,198
2003,7,30,17,477,196
2003,7,30,18,311,180
2003,7,30,19,180,126
2003,7,30,20,69,60
2003,7,30,21,7,7
2003,7,30,22,0,0
2003,7,30,23,0,0
2003,7,30,24,0,0
2003,7,31,1,0,0
2003,7,31,2,0,0
2003,7,31,3,0,0
2003,7,31,4,0,0
2003,7,31,5,2,2
2003,7,31,6,27,25
2003,7,31,7,115,92
2003,7,31,8,245,152
2003,7,31,9,409,179
2003,7,31,10,543,200
2003,7,31,11,658,207
2003,7,31,12,714,231
2003,7,31,13,724,254
2003,7,31,14,766,204
2003,7,31,15,703,209
2003,7,31,16,547,250
2003,7,31,17,494,181
2003,7,31,18,339,164
2003,7,31,19,193,122
2003,7,31,20,73,59
2003,7,31,21,7,7
2003,7,31,22,0,0
2003,7,31,23,0,0
2003,7,31,24,0,0
1995,8,1,1,0,0
1995,8,1,2,0,0
1995,8,1,3,0,0
1995,8,1,4,0,0
1995,8,1,5,0,0
1995,8,1,6,14,13
1995,8,1,7,103,88
1995,8,1,8,286,127
1995,8,1,9,397,182
1995,8,1,10,369,274
1995,8,1,11,289,267
1995,8,1,12,392,343
1995,8,1,13,500,360
1995,8,1,14,628,310
1995,8,1,15,636,261
1995,8,1,16,531,256
1995,8,1,17,403,232
1995,8,1,18,303,177
1995,8,1,19,211,109
1995,8,1,20,53,49
1995,8,1,21,3,3
1995,8,1,22,0,0
1995,8,1,23,0,0
1995,8,1,24,0,0
1995,8,2,1,0,0
1995,8,2,2,0,0
1995,8,2,3,0,0
1995,8,2,4,0,0
1995,8,2,5,0,0
1995,8,2,6,19,18
1995,8,2,7,83,77
1995,8,2,8,253,143
1995,8,2,9,403,176
1995,8,2,10,536,199
1995,8,2,11,675,183
1995,8,2,12,581,317
1995,8,2,13,594,332
1995,8,2,14,719,240
1995,8,2,15,628,265
1995,8,2,16,583,216
1995,8,2,17,397,232
1995,8,2,18,339,156
1995,8,2,19,181,119
1995,8,2,20,47,44
1995,8,2,21,3,3
1995,8,2,22,0,0
1995,8,2,23,0,0
1995,8,2,24,0,0
1995,8,3,1,0,0
1995,8,3,2,0,0
1995,8,3,3,0,0
1995,8,3,4,0,0
1995,8,3,5,0,0
1995,8,3,6,19,18
1995,8,3,7,117,86
1995,8,3,8,258,138
1995,8,3,9,417,164
1995,8,3,10,569,166
1995,8,3,11,669,186
1995,8,3,12,850,150
1995,8,3,13,778,192
1995,8,3,14,775,183
1995,8,3,15,703,198
1995,8,3,16,592,206
1995,8,3,17,511,153
1995,8,3,18,244,186
1995,8,3,19,147,120
1995,8,3,20,53,48
1995,8,3,21,3,3
1995,8,3,22,0,0
1995,8,3,23,0,0
1995,8,3,24,0,0
1995,8,4,1,0,0
1995,8,4,2,0,0
1995,8,4,3,0,0
1995,8,4,4,0,0
1995,8,4,5,0,0
1995,8,4,6,8,8
1995,8,4,7,92,83
1995,8,4,8,233,146
1995,8,4,9,322,210
1995,8,4,10,500,221
1995,8,4,11,592,250
1995,8,4,12,708,223
1995,8,4,13,611,321
1995,8,4,14,644,293
1995,8,4,15,669,226
1995,8,4,16,514,258
1995,8,4,17,406,224
1995,8,4,18,308,168
1995,8,4,19,167,117
1995,8,4,20,53,48
1995,8,4,21,3,3
1995,8,4,22,0,0
1995,8,4,23,0,0
1995,8,4,24,0,0
1995,8,5,1,0,0
1995,8,5,2,0,0
1995,8,5,3,0,0
1995,8,5,4,0,0
1995,8,5,5,0,0
1995,8,5,6,11,11
1995,8,5,7,25,24
1995,8,5,8,39,38
1995,8,5,9,42,41
1995,8,5,10,178,168
1995,8,5,11,619,226
1995,8,5,12,722,207
1995,8,5,13,747,218
1995,8,5,14,731,222
1995,8,5,15,669,223
1995,8,5,16,508,259
1995,8,5,17,383,231
1995,8,5,18,314,162
1995,8,5,19,108,100
1995,8,5,20,25,24
1995,8,5,21,0,0
1995,8,5,22,0,0
1995,8,5,23,0,0
1995,8,5,24,0,0
1995,8,6,1,0,0
1995,8,6,2,0,0
1995,8,6,3,0,0
1995,8,6,4,0,0
1995,8,6,5,0,0
1995,8,6,6,17,15
1995,8,6,7,83,76
1995,8,6,8,194,149
1995,8,6,9,311,209
1995,8,6,10,508,210
1995,8,6,11,631,214
1995,8,6,12,692,233
1995,8,6,13,717,243
1995,8,6,14,628,299
1995,8,6,15,589,281
1995,8,6,16,550,230
1995,8,6,17,400,222
1995,8,6,18,261,179
1995,8,6,19,106,98
1995,8,6,20,17,16
1995,8,6,21,0,0
1995,8,6,22,0,0
1995,8,6,23,0,0
1995,8,6,24,0,0
1995,8,7,1,0,0
1995,8,7,2,0,0
1995,8,7,3,0,0
1995,8,7,4,0,0
1995,8,7,5,0,0
1995,8,7,6,6,5
1995,8,7,7,53,50
1995,8,7,8,175,147
1995,8,7,9,186,173
1995,8,7,10,269,247
1995,8,7,11,347,307
1995,8,7,12,311,288
1995,8,7,13,250,236
1995,8,7,14,497,347
1995,8,7,15,656,229
1995,8,7,16,564,217
1995,8,7,17,311,240
1995,8,7,18,300,164
1995,8,7,19,139,113
1995,8,7,20,25,24
1995,8,7,21,0,0
1995,8,7,22,0,0
1995,8,7,23,0,0
1995,8,7,24,0,0
1995,8,8,1,0,0
1995,8,8,2,0,0
1995,8,8,3,0,0
1995,8,8,4,0,0
1995,8,8,5,0,0
1995,8,8,6,14,12
1995,8,8,7,108,79
1995,8,8,8,211,144
1995,8,8,9,389,170
1995,8,8,10,533,185
1995,8,8,11,639,201
1995,8,8,12,708,212
1995,8,8,13,747,209
1995,8,8,14,753,190
1995,8,8,15,703,181
1995,8,8,16,614,168
1995,8,8,17,483,160
1995,8,8,18,325,147
1995,8,8,19,164,109
1995,8,8,20,44,41
1995,8,8,21,0,0
1995,8,8,22,0,0
1995,8,8,23,0,0
1995,8,8,24,0,0
1995,8,9,1,0,0
1995,8,9,2,0,0
1995,8,9,3,0,0
1995,8,9,4,0,0
1995,8,9,5,0,0
1995,8,9,6,14,14
1995,8,9,7,100,77
1995,8,9,8,244,131
1995,8,9,9,400,160
1995,8,9,10,544,172
1995,8,9,11,656,181
1995,8,9,12,731,187
1995,8,9,13,739,214
1995,8,9,14,714,225
1995,8,9,15,686,194
1995,8,9,16,617,162
1995,8,9,17,436,194
1995,8,9,18,317,149
1995,8,9,19,94,88
1995,8,9,20,53,42
1995,8,9,21,0,0
1995,8,9,22,0,0
1995,8,9,23,0,0
1995,8,9,24,0,0
1995,8,10,1,0,0
1995,8,10,2,0,0
1995,8,10,3,0,0
1995,8,10,4,0,0
1995,8,10,5,0,0
1995,8,10,6,17,17
1995,8,10,7,108,75
1995,8,10,8,250,126
1995,8,10,9,331,196
1995,8,10,10,514,195
1995,8,10,11,500,288
1995,8,10,12,328,302
1995,8,10,13,186,178
1995,8,10,14,411,345
1995,8,10,15,178,170
1995,8,10,16,67,65
1995,8,10,17,47,46
1995,8,10,18,8,8
1995,8,10,19,8,8
1995,8,10,20,11,11
1995,8,10,21,0,0
1995,8,10,22,0,0
1995,8,10,23,0,0
1995,8,10,24,0,0
1995,8,11,1,0,0
1995,8,11,2,0,0
1995,8,11,3,0,0
1995,8,11,4,0,0
1995,8,11,5,0,0
1995,8,11,6,0,0
1995,8,11,7,33,32
1995,8,11,8,56,54
1995,8,11,9,161,151
1995,8,11,10,286,257
1995,8,11,11,456,301
1995,8,11,12,719,191
1995,8,11,13,586,319
1995,8,11,14,600,304
1995,8,11,15,642,228
1995,8,11,16,514,240
1995,8,11,17,492,140
1995,8,11,18,347,118
1995,8,11,19,164,102
1995,8,11,20,33,31
1995,8,11,21,0,0
1995,8,11,22,0,0
1995,8,11,23,0,0
1995,8,11,24,0,0
1995,8,12,1,0,0
1995,8,12,2,0,0
1995,8,12,3,0,0
1995,8,12,4,0,0
1995,8,12,5,0,0
1995,8,12,6,11,11
1995,8,12,7,75,69
1995,8,12,8,231,130
1995,8,12,9,283,204
1995,8,12,10,311,260
1995,8,12,11,133,129
1995,8,12,12,183,175
1995,8,12,13,64,63
1995,8,12,14,142,137
1995,8,12,15,108,105
1995,8,12,16,306,277
1995,8,12,17,111,107
1995,8,12,18,72,70
1995,8,12,19,53,51
1995,8,12,20,11,11
1995,8,12,21,0,0
1995,8,12,22,0,0
1995,8,12,23,0,0
1995,8,12,24,0,0
1995,8,13,1,0,0
1995,8,13,2,0,0
1995,8,13,3,0,0
1995,8,13,4,0,0
1995,8,13,5,0,0
1995,8,13,6,3,3
1995,8,13,7,14,14
1995,8,13,8,25,25
1995,8,13,9,75,73
1995,8,13,10,92,89
1995,8,13,11,122,118
1995,8,13,12,425,335
1995,8,13,13,211,201
1995,8,13,14,256,240
1995,8,13,15,144,139
1995,8,13,16,111,108
1995,8,13,17,150,142
1995,8,13,18,64,62
1995,8,13,19,28,27
1995,8,13,20,3,3
1995,8,13,21,0,0
1995,8,13,22,0,0
1995,8,13,23,0,0
1995,8,13,24,0,0
1995,8,14,1,0,0
1995,8,14,2,0,0
1995,8,14,3,0,0
1995,8,14,4,0,0
1995,8,14,5,0,0
1995,8,14,6,11,11
1995,8,14,7,122,72
1995,8,14,8,192,137
1995,8,14,9,186,172
1995,8,14,10,425,240
1995,8,14,11,450,297
1995,8,14,12,664,234
1995,8,14,13,622,292
1995,8,14,14,556,318
1995,8,14,15,539,288
1995,8,14,16,614,143
1995,8,14,17,242,221
1995,8,14,18,111,105
1995,8,14,19,111,98
1995,8,14,20,39,32
1995,8,14,21,0,0
1995,8,14,22,0,0
1995,8,14,23,0,0
1995,8,14,24,0,0
1995,8,15,1,0,0
1995,8,15,2,0,0
1995,8,15,3,0,0
1995,8,15,4,0,0
1995,8,15,5,0,0
1995,8,15,6,0,0
1995,8,15,7,22,22
1995,8,15,8,136,125
1995,8,15,9,358,171
1995,8,15,10,489,200
1995,8,15,11,631,186
1995,8,15,12,567,297
1995,8,15,13,644,275
1995,8,15,14,747,170
1995,8,15,15,597,250
1995,8,15,16,483,246
1995,8,15,17,250,223
1995,8,15,18,39,38
1995,8,15,19,11,11
1995,8,15,20,8,8
1995,8,15,21,0,0
1995,8,15,22,0,0
1995,8,15,23,0,0
1995,8,15,24,0,0
1995,8,16,1,0,0
1995,8,16,2,0,0
1995,8,16,3,0,0
1995,8,16,4,0,0
1995,8,16,5,0,0
1995,8,16,6,0,0
1995,8,16,7,25,24
1995,8,16,8,36,35
1995,8,16,9,33,33
1995,8,16,10,94,92
1995,8,16,11,239,223
1995,8,16,12,294,273
1995,8,16,13,117,113
1995,8,16,14,331,304
1995,8,16,15,356,311
1995,8,16,16,244,227
1995,8,16,17,167,157
1995,8,16,18,186,162
1995,8,16,19,100,91
1995,8,16,20,39,36
1995,8,16,21,0,0
1995,8,16,22,0,0
1995,8,16,23,0,0
1995,8,16,24,0,0
1995,8,17,1,0,0
1995,8,17,2,0,0
1995,8,17,3,0,0
1995,8,17,4,0,0
1995,8,17,5,0,0
1995,8,17,6,6,6
1995,8,17,7,86,65
1995,8,17,8,208,127
1995,8,17,9,219,195
1995,8,17,10,408,240
1995,8,17,11,553,244
1995,8,17,12,656,231
1995,8,17,13,653,263
1995,8,17,14,528,322
1995,8,17,15,650,199
1995,8,17,16,464,250
1995,8,17,17,344,215
1995,8,17,18,244,157
1995,8,17,19,192,89
1995,8,17,20,36,33
1995,8,17,21,0,0
1995,8,17,22,0,0
1995,8,17,23,0,0
1995,8,17,24,0,0
1995,8,18,1,0,0
1995,8,18,2,0,0
1995,8,18,3,0,0
1995,8,18,4,0,0
1995,8,18,5,0,0
1995,8,18,6,3,3
1995,8,18,7,28,27
1995,8,18,8,81,77
1995,8,18,9,122,116
1995,8,18,10,300,252
1995,8,18,11,556,239
1995,8,18,12,619,257
1995,8,18,13,714,207
1995,8,18,14,617,275
1995,8,18,15,522,286
1995,8,18,16,394,271
1995,8,18,17,253,219
1995,8,18,18,53,51
1995,8,18,19,11,11
1995,8,18,20,0,0
1995,8,18,21,0,0
1995,8,18,22,0,0
1995,8,18,23,0,0
1995,8,18,24,0,0
1995,8,19,1,0,0
1995,8,19,2,0,0
1995,8,19,3,0,0
1995,8,19,4,0,0
1995,8,19,5,0,0
1995,8,19,6,6,6
1995,8,19,7,64,58
1995,8,19,8,144,128
1995,8,19,9,114,108
1995,8,19,10,83,81
1995,8,19,11,236,221
1995,8,19,12,264,246
1995,8,19,13,683,231
1995,8,19,14,461,333
1995,8,19,15,517,285
1995,8,19,16,544,189
1995,8,19,17,286,220
1995,8,19,18,158,145
1995,8,19,19,142,85
1995,8,19,20,25,24
1995,8,19,21,0,0
1995,8,19,22,0,0
1995,8,19,23,0,0
1995,8,19,24,0,0
1995,8,20,1,0,0
1995,8,20,2,0,0
1995,8,20,3,0,0
1995,8,20,4,0,0
1995,8,20,5,0,0
1995,8,20,6,0,0
1995,8,20,7,14,14
1995,8,20,8,56,54
1995,8,20,9,103,98
1995,8,20,10,231,213
1995,8,20,11,206,194
1995,8,20,12,336,308
1995,8,20,13,333,306
1995,8,20,14,281,261
1995,8,20,15,300,276
1995,8,20,16,308,267
1995,8,20,17,239,214
1995,8,20,18,108,102
1995,8,20,19,22,22
1995,8,20,20,8,8
1995,8,20,21,0,0
1995,8,20,22,0,0
1995,8,20,23,0,0
1995,8,20,24,0,0
1995,8,21,1,0,0
1995,8,21,2,0,0
1995,8,21,3,0,0
1995,8,21,4,0,0
1995,8,21,5,0,0
1995,8,21,6,3,3
1995,8,21,7,47,44
1995,8,21,8,33,33
1995,8,21,9,39,38
1995,8,21,10,58,57
1995,8,21,11,122,118
1995,8,21,12,161,155
1995,8,21,13,372,330
1995,8,21,14,508,319
1995,8,21,15,422,307
1995,8,21,16,436,251
1995,8,21,17,456,128
1995,8,21,18,278,128
1995,8,21,19,108,86
1995,8,21,20,19,16
1995,8,21,21,0,0
1995,8,21,22,0,0
1995,8,21,23,0,0
1995,8,21,24,0,0
1995,8,22,1,0,0
1995,8,22,2,0,0
1995,8,22,3,0,0
1995,8,22,4,0,0
1995,8,22,5,0,0
1995,8,22,6,0,0
1995,8,22,7,39,37
1995,8,22,8,44,43
1995,8,22,9,97,93
1995,8,22,10,203,189
1995,8,22,11,506,259
1995,8,22,12,639,229
1995,8,22,13,622,269
1995,8,22,14,639,245
1995,8,22,15,567,248
1995,8,22,16,514,201
1995,8,22,17,353,198
1995,8,22,18,208,151
1995,8,22,19,136,77
1995,8,22,20,17,14
1995,8,22,21,0,0
1995,8,22,22,0,0
1995,8,22,23,0,0
1995,8,22,24,0,0
1995,8,23,1,0,0
1995,8,23,2,0,0
1995,8,23,3,0,0
1995,8,23,4,0,0
1995,8,23,5,0,0
1995,8,23,6,0,0
1995,8,23,7,14,14
1995,8,23,8,36,35
1995,8,23,9,67,65
1995,8,23,10,114,110
1995,8,23,11,136,131
1995,8,23,12,256,239
1995,8,23,13,603,279
1995,8,23,14,742,139
1995,8,23,15,597,221
1995,8,23,16,544,171
1995,8,23,17,314,208
1995,8,23,18,228,144
1995,8,23,19,75,69
1995,8,23,20,6,5
1995,8,23,21,0,0
1995,8,23,22,0,0
1995,8,23,23,0,0
1995,8,23,24,0,0
1995,8,24,1,0,0
1995,8,24,2,0,0
1995,8,24,3,0,0
1995,8,24,4,0,0
1995,8,24,5,0,0
1995,8,24,6,0,0
1995,8,24,7,22,21
1995,8,24,8,125,114
1995,8,24,9,214,185
1995,8,24,10,308,245
1995,8,24,11,386,290
1995,8,24,12,578,267
1995,8,24,13,558,301
1995,8,24,14,222,210
1995,8,24,15,22,22
1995,8,24,16,372,261
1995,8,24,17,236,207
1995,8,24,18,92,87
1995,8,24,19,69,64
1995,8,24,20,6,5
1995,8,24,21,0,0
1995,8,24,22,0,0
1995,8,24,23,0,0
1995,8,24,24,0,0
1995,8,25,1,0,0
1995,8,25,2,0,0
1995,8,25,3,0,0
1995,8,25,4,0,0
1995,8,25,5,0,0
1995,8,25,6,0,0
1995,8,25,7,39,36
1995,8,25,8,64,61
1995,8,25,9,50,49
1995,8,25,10,64,63
1995,8,25,11,250,232
1995,8,25,12,539,286
1995,8,25,13,428,331
1995,8,25,14,481,318
1995,8,25,15,314,287
1995,8,25,16,533,172
1995,8,25,17,442,120
1995,8,25,18,278,111
1995,8,25,19,64,60
1995,8,25,20,14,14
1995,8,25,21,0,0
1995,8,25,22,0,0
1995,8,25,23,0,0
1995,8,25,24,0,0
1995,8,26,1,0,0
1995,8,26,2,0,0
1995,8,26,3,0,0
1995,8,26,4,0,0
1995,8,26,5,0,0
1995,8,26,6,0,0
1995,8,26,7,44,41
1995,8,26,8,114,105
1995,8,26,9,150,140
1995,8,26,10,200,186
1995,8,26,11,403,284
1995,8,26,12,294,272
1995,8,26,13,456,327
1995,8,26,14,539,295
1995,8,26,15,394,299
1995,8,26,16,575,124
1995,8,26,17,322,197
1995,8,26,18,136,125
1995,8,26,19,86,74
1995,8,26,20,6,6
1995,8,26,21,0,0
1995,8,26,22,0,0
1995,8,26,23,0,0
1995,8,26,24,0,0
1995,8,27,1,0,0
1995,8,27,2,0,0
1995,8,27,3,0,0
1995,8,27,4,0,0
1995,8,27,5,0,0
1995,8,27,6,0,0
1995,8,27,7,11,11
1995,8,27,8,25,25
1995,8,27,9,58,57
1995,8,27,10,75,73
1995,8,27,11,86,84
1995,8,27,12,83,82
1995,8,27,13,83,82
1995,8,27,14,69,68
1995,8,27,15,78,76
1995,8,27,16,64,63
1995,8,27,17,47,46
1995,8,27,18,42,41
1995,8,27,19,25,24
1995,8,27,20,0,0
1995,8,27,21,0,0
1995,8,27,22,0,0
1995,8,27,23,0,0
1995,8,27,24,0,0
1995,8,28,1,0,0
1995,8,28,2,0,0
1995,8,28,3,0,0
1995,8,28,4,0,0
1995,8,28,5,0,0
1995,8,28,6,0,0
1995,8,28,7,53,45
1995,8,28,8,178,111
1995,8,28,9,325,153
1995,8,28,10,386,223
1995,8,28,11,375,284
1995,8,28,12,369,311
1995,8,28,13,678,201
1995,8,28,14,625,232
1995,8,28,15,608,189
1995,8,28,16,456,217
1995,8,28,17,408,135
1995,8,28,18,239,122
1995,8,28,19,75,67
1995,8,28,20,6,6
1995,8,28,21,0,0
1995,8,28,22,0,0
1995,8,28,23,0,0
1995,8,28,24,0,0
1995,8,29,1,0,0
1995,8,29,2,0,0
1995,8,29,3,0,0
1995,8,29,4,0,0
1995,8,29,5,0,0
1995,8,29,6,0,0
1995,8,29,7,56,44
1995,8,29,8,167,112
1995,8,29,9,367,118
1995,8,29,10,481,158
1995,8,29,11,567,193
1995,8,29,12,414,312
1995,8,29,13,128,124
1995,8,29,14,247,231
1995,8,29,15,303,277
1995,8,29,16,192,180
1995,8,29,17,106,101
1995,8,29,18,39,38
1995,8,29,19,31,29
1995,8,29,20,6,6
1995,8,29,21,0,0
1995,8,29,22,0,0
1995,8,29,23,0,0
1995,8,29,24,0,0
1995,8,30,1,0,0
1995,8,30,2,0,0
1995,8,30,3,0,0
1995,8,30,4,0,0
1995,8,30,5,0,0
1995,8,30,6,0,0
1995,8,30,7,39,36
1995,8,30,8,58,56
1995,8,30,9,150,140
1995,8,30,10,431,194
1995,8,30,11,472,254
1995,8,30,12,517,283
1995,8,30,13,439,321
1995,8,30,14,197,187
1995,8,30,15,169,161
1995,8,30,16,175,165
1995,8,30,17,289,193
1995,8,30,18,164,133
1995,8,30,19,100,61
1995,8,30,20,19,19
1995,8,30,21,0,0
1995,8,30,22,0,0
1995,8,30,23,0,0
1995,8,30,24,0,0
1995,8,31,1,0,0
1995,8,31,2,0,0
1995,8,31,3,0,0
1995,8,31,4,0,0
1995,8,31,5,0,0
1995,8,31,6,0,0
1995,8,31,7,19,19
1995,8,31,8,106,97
1995,8,31,9,72,70
1995,8,31,10,286,233
1995,8,31,11,389,277
1995,8,31,12,461,300
1995,8,31,13,522,298
1995,8,31,14,453,310
1995,8,31,15,503,254
1995,8,31,16,281,245
1995,8,31,17,142,133
1995,8,31,18,108,101
1995,8,31,19,89,61
1995,8,31,20,6,6
1995,8,31,21,0,0
1995,8,31,22,0,0
1995,8,31,23,0,0
1995,8,31,24,0,0
2004,9,1,1,0,0
2004,9,1,2,0,0
2004,9,1,3,0,0
2004,9,1,4,0,0
2004,9,1,5,0,0
2004,9,1,6,0,0
2004,9,1,7,36,33
2004,9,1,8,156,109
2004,9,1,9,314,150
2004,9,1,10,461,167
2004,9,1,11,581,172
2004,9,1,12,664,168
2004,9,1,13,697,167
2004,9,1,14,692,154
2004,9,1,15,628,153
2004,9,1,16,522,150
2004,9,1,17,389,136
2004,9,1,18,231,113
2004,9,1,19,81,62
2004,9,1,20,6,6
2004,9,1,21,0,0
2004,9,1,22,0,0
2004,9,1,23,0,0
2004,9,1,24,0,0
2004,9,2,1,0,0
2004,9,2,2,0,0
2004,9,2,3,0,0
2004,9,2,4,0,0
2004,9,2,5,0,0
2004,9,2,6,0,0
2004,9,2,7,31,29
2004,9,2,8,136,109
2004,9,2,9,267,169
2004,9,2,10,392,210
2004,9,2,11,497,234
2004,9,2,12,575,242
2004,9,2,13,614,239
2004,9,2,14,600,236
2004,9,2,15,544,224
2004,9,2,16,464,194
2004,9,2,17,322,175
2004,9,2,18,181,128
2004,9,2,19,61,56
2004,9,2,20,3,3
2004,9,2,21,0,0
2004,9,2,22,0,0
2004,9,2,23,0,0
2004,9,2,24,0,0
2004,9,3,1,0,0
2004,9,3,2,0,0
2004,9,3,3,0,0
2004,9,3,4,0,0
2004,9,3,5,0,0
2004,9,3,6,0,0
2004,9,3,7,28,26
2004,9,3,8,144,107
2004,9,3,9,294,155
2004,9,3,10,433,181
2004,9,3,11,556,187
2004,9,3,12,633,189
2004,9,3,13,656,199
2004,9,3,14,639,198
2004,9,3,15,583,187
2004,9,3,16,461,192
2004,9,3,17,322,171
2004,9,3,18,186,124
2004,9,3,19,64,56
2004,9,3,20,3,3
2004,9,3,21,0,0
2004,9,3,22,0,0
2004,9,3,23,0,0
2004,9,3,24,0,0
2004,9,4,1,0,0
2004,9,4,2,0,0
2004,9,4,3,0,0
2004,9,4,4,0,0
2004,9,4,5,0,0
2004,9,4,6,0,0
2004,9,4,7,22,21
2004,9,4,8,128,105
2004,9,4,9,275,161
2004,9,4,10,408,194
2004,9,4,11,531,203
2004,9,4,12,606,210
2004,9,4,13,639,210
2004,9,4,14,622,208
2004,9,4,15,550,210
2004,9,4,16,450,195
2004,9,4,17,325,166
2004,9,4,18,183,121
2004,9,4,19,61,53
2004,9,4,20,3,3
2004,9,4,21,0,0
2004,9,4,22,0,0
2004,9,4,23,0,0
2004,9,4,24,0,0
2004,9,5,1,0,0
2004,9,5,2,0,0
2004,9,5,3,0,0
2004,9,5,4,0,0
2004,9,5,5,0,0
2004,9,5,6,0,0
2004,9,5,7,25,23
2004,9,5,8,83,78
2004,9,5,9,92,88
2004,9,5,10,194,181
2004,9,5,11,164,156
2004,9,5,12,217,204
2004,9,5,13,267,248
2004,9,5,14,394,306
2004,9,5,15,328,279
2004,9,5,16,222,205
2004,9,5,17,114,108
2004,9,5,18,58,56
2004,9,5,19,11,11
2004,9,5,20,0,0
2004,9,5,21,0,0
2004,9,5,22,0,0
2004,9,5,23,0,0
2004,9,5,24,0,0
2004,9,6,1,0,0
2004,9,6,2,0,0
2004,9,6,3,0,0
2004,9,6,4,0,0
2004,9,6,5,0,0
2004,9,6,6,0,0
2004,9,6,7,11,11
2004,9,6,8,28,27
2004,9,6,9,94,90
2004,9,6,10,158,149
2004,9,6,11,156,148
2004,9,6,12,114,110
2004,9,6,13,208,197
2004,9,6,14,258,240
2004,9,6,15,256,236
2004,9,6,16,231,212
2004,9,6,17,139,130
2004,9,6,18,100,93
2004,9,6,19,58,49
2004,9,6,20,0,0
2004,9,6,21,0,0
2004,9,6,22,0,0
2004,9,6,23,0,0
2004,9,6,24,0,0
2004,9,7,1,0,0
2004,9,7,2,0,0
2004,9,7,3,0,0
2004,9,7,4,0,0
2004,9,7,5,0,0
2004,9,7,6,0,0
2004,9,7,7,6,5
2004,9,7,8,33,32
2004,9,7,9,86,82
2004,9,7,10,156,147
2004,9,7,11,117,113
2004,9,7,12,244,228
2004,9,7,13,144,139
2004,9,7,14,328,295
2004,9,7,15,228,212
2004,9,7,16,53,52
2004,9,7,17,136,128
2004,9,7,18,106,98
2004,9,7,19,39,36
2004,9,7,20,0,0
2004,9,7,21,0,0
2004,9,7,22,0,0
2004,9,7,23,0,0
2004,9,7,24,0,0
2004,9,8,1,0,0
2004,9,8,2,0,0
2004,9,8,3,0,0
2004,9,8,4,0,0
2004,9,8,5,0,0
2004,9,8,6,0,0
2004,9,8,7,8,8
2004,9,8,8,42,40
2004,9,8,9,50,49
2004,9,8,10,136,129
2004,9,8,11,178,168
2004,9,8,12,317,288
2004,9,8,13,439,304
2004,9,8,14,400,300
2004,9,8,15,383,273
2004,9,8,16,583,103
2004,9,8,17,278,171
2004,9,8,18,222,83
2004,9,8,19,67,42
2004,9,8,20,0,0
2004,9,8,21,0,0
2004,9,8,22,0,0
2004,9,8,23,0,0
2004,9,8,24,0,0
2004,9,9,1,0,0
2004,9,9,2,0,0
2004,9,9,3,0,0
2004,9,9,4,0,0
2004,9,9,5,0,0
2004,9,9,6,0,0
2004,9,9,7,6,5
2004,9,9,8,50,48
2004,9,9,9,103,97
2004,9,9,10,156,147
2004,9,9,11,258,238
2004,9,9,12,261,242
2004,9,9,13,231,216
2004,9,9,14,264,245
2004,9,9,15,272,250
2004,9,9,16,222,205
2004,9,9,17,144,135
2004,9,9,18,103,95
2004,9,9,19,33,31
2004,9,9,20,0,0
2004,9,9,21,0,0
2004,9,9,22,0,0
2004,9,9,23,0,0
2004,9,9,24,0,0
2004,9,10,1,0,0
2004,9,10,2,0,0
2004,9,10,3,0,0
2004,9,10,4,0,0
2004,9,10,5,0,0
2004,9,10,6,0,0
2004,9,10,7,11,11
2004,9,10,8,111,94
2004,9,10,9,253,153
2004,9,10,10,394,182
2004,9,10,11,500,203
2004,9,10,12,525,246
2004,9,10,13,628,191
2004,9,10,14,556,234
2004,9,10,15,492,225
2004,9,10,16,253,224
2004,9,10,17,189,170
2004,9,10,18,81,76
2004,9,10,19,19,19
2004,9,10,20,0,0
2004,9,10,21,0,0
2004,9,10,22,0,0
2004,9,10,23,0,0
2004,9,10,24,0,0
2004,9,11,1,0,0
2004,9,11,2,0,0
2004,9,11,3,0,0
2004,9,11,4,0,0
2004,9,11,5,0,0
2004,9,11,6,0,0
2004,9,11,7,14,13
2004,9,11,8,64,60
2004,9,11,9,211,159
2004,9,11,10,211,194
2004,9,11,11,125,120
2004,9,11,12,92,89
2004,9,11,13,53,52
2004,9,11,14,86,84
2004,9,11,15,100,97
2004,9,11,16,192,178
2004,9,11,17,225,171
2004,9,11,18,153,104
2004,9,11,19,42,35
2004,9,11,20,0,0
2004,9,11,21,0,0
2004,9,11,22,0,0
2004,9,11,23,0,0
2004,9,11,24,0,0
2004,9,12,1,0,0
2004,9,12,2,0,0
2004,9,12,3,0,0
2004,9,12,4,0,0
2004,9,12,5,0,0
2004,9,12,6,0,0
2004,9,12,7,14,13
2004,9,12,8,125,90
2004,9,12,9,286,130
2004,9,12,10,419,157
2004,9,12,11,553,147
2004,9,12,12,458,272
2004,9,12,13,253,235
2004,9,12,14,367,292
2004,9,12,15,394,260
2004,9,12,16,125,119
2004,9,12,17,136,127
2004,9,12,18,131,103
2004,9,12,19,42,33
2004,9,12,20,0,0
2004,9,12,21,0,0
2004,9,12,22,0,0
2004,9,12,23,0,0
2004,9,12,24,0,0
2004,9,13,1,0,0
2004,9,13,2,0,0
2004,9,13,3,0,0
2004,9,13,4,0,0
2004,9,13,5,0,0
2004,9,13,6,0,0
2004,9,13,7,14,13
2004,9,13,8,128,87
2004,9,13,9,286,126
2004,9,13,10,422,150
2004,9,13,11,533,162
2004,9,13,12,611,162
2004,9,13,13,647,155
2004,9,13,14,639,141
2004,9,13,15,575,136
2004,9,13,16,461,137
2004,9,13,17,319,125
2004,9,13,18,164,94
2004,9,13,19,36,30
2004,9,13,20,0,0
2004,9,13,21,0,0
2004,9,13,22,0,0
2004,9,13,23,0,0
2004,9,13,24,0,0
2004,9,14,1,0,0
2004,9,14,2,0,0
2004,9,14,3,0,0
2004,9,14,4,0,0
2004,9,14,5,0,0
2004,9,14,6,0,0
2004,9,14,7,14,13
2004,9,14,8,122,86
2004,9,14,9,267,134
2004,9,14,10,397,165
2004,9,14,11,531,159
2004,9,14,12,581,186
2004,9,14,13,578,215
2004,9,14,14,533,231
2004,9,14,15,497,202
2004,9,14,16,383,191
2004,9,14,17,247,158
2004,9,14,18,106,95
2004,9,14,19,11,11
2004,9,14,20,0,0
2004,9,14,21,0,0
2004,9,14,22,0,0
2004,9,14,23,0,0
2004,9,14,24,0,0
2004,9,15,1,0,0
2004,9,15,2,0,0
2004,9,15,3,0,0
2004,9,15,4,0,0
2004,9,15,5,0,0
2004,9,15,6,0,0
2004,9,15,7,3,3
2004,9,15,8,28,27
2004,9,15,9,72,69
2004,9,15,10,114,109
2004,9,15,11,92,89
2004,9,15,12,203,191
2004,9,15,13,108,105
2004,9,15,14,61,60
2004,9,15,15,122,117
2004,9,15,16,58,57
2004,9,15,17,31,30
2004,9,15,18,14,14
2004,9,15,19,3,3
2004,9,15,20,0,0
2004,9,15,21,0,0
2004,9,15,22,0,0
2004,9,15,23,0,0
2004,9,15,24,0,0
2004,9,16,1,0,0
2004,9,16,2,0,0
2004,9,16,3,0,0
2004,9,16,4,0,0
2004,9,16,5,0,0
2004,9,16,6,0,0
2004,9,16,7,3,3
2004,9,16,8,92,81
2004,9,16,9,200,149
2004,9,16,10,244,206
2004,9,16,11,142,135
2004,9,16,12,142,136
2004,9,16,13,153,146
2004,9,16,14,172,164
2004,9,16,15,144,138
2004,9,16,16,25,25
2004,9,16,17,19,19
2004,9,16,18,22,22
2004,9,16,19,3,3
2004,9,16,20,0,0
2004,9,16,21,0,0
2004,9,16,22,0,0
2004,9,16,23,0,0
2004,9,16,24,0,0
2004,9,17,1,0,0
2004,9,17,2,0,0
2004,9,17,3,0,0
2004,9,17,4,0,0
2004,9,17,5,0,0
2004,9,17,6,0,0
2004,9,17,7,6,5
2004,9,17,8,72,67
2004,9,17,9,228,142
2004,9,17,10,281,205
2004,9,17,11,328,250
2004,9,17,12,378,278
2004,9,17,13,433,281
2004,9,17,14,364,281
2004,9,17,15,525,161
2004,9,17,16,286,211
2004,9,17,17,172,153
2004,9,17,18,128,89
2004,9,17,19,19,18
2004,9,17,20,0,0
2004,9,17,21,0,0
2004,9,17,22,0,0
2004,9,17,23,0,0
2004,9,17,24,0,0
2004,9,18,1,0,0
2004,9,18,2,0,0
2004,9,18,3,0,0
2004,9,18,4,0,0
2004,9,18,5,0,0
2004,9,18,6,0,0
2004,9,18,7,3,3
2004,9,18,8,28,27
2004,9,18,9,72,69
2004,9,18,10,147,138
2004,9,18,11,169,160
2004,9,18,12,158,151
2004,9,18,13,194,184
2004,9,18,14,297,271
2004,9,18,15,353,250
2004,9,18,16,386,170
2004,9,18,17,158,145
2004,9,18,18,42,40
2004,9,18,19,3,3
2004,9,18,20,0,0
2004,9,18,21,0,0
2004,9,18,22,0,0
2004,9,18,23,0,0
2004,9,18,24,0,0
2004,9,19,1,0,0
2004,9,19,2,0,0
2004,9,19,3,0,0
2004,9,19,4,0,0
2004,9,19,5,0,0
2004,9,19,6,0,0
2004,9,19,7,6,5
2004,9,19,8,58,55
2004,9,19,9,250,126
2004,9,19,10,389,151
2004,9,19,11,353,243
2004,9,19,12,400,270
2004,9,19,13,375,285
2004,9,19,14,239,222
2004,9,19,15,372,243
2004,9,19,16,333,193
2004,9,19,17,169,148
2004,9,19,18,86,79
2004,9,19,19,22,21
2004,9,19,20,0,0
2004,9,19,21,0,0
2004,9,19,22,0,0
2004,9,19,23,0,0
2004,9,19,24,0,0
2004,9,20,1,0,0
2004,9,20,2,0,0
2004,9,20,3,0,0
2004,9,20,4,0,0
2004,9,20,5,0,0
2004,9,20,6,0,0
2004,9,20,7,8,8
2004,9,20,8,83,74
2004,9,20,9,50,49
2004,9,20,10,94,91
2004,9,20,11,133,127
2004,9,20,12,192,181
2004,9,20,13,214,201
2004,9,20,14,536,199
2004,9,20,15,306,247
2004,9,20,16,211,193
2004,9,20,17,175,147
2004,9,20,18,114,81
2004,9,20,19,14,13
2004,9,20,20,0,0
2004,9,20,21,0,0
2004,9,20,22,0,0
2004,9,20,23,0,0
2004,9,20,24,0,0
2004,9,21,1,0,0
2004,9,21,2,0,0
2004,9,21,3,0,0
2004,9,21,4,0,0
2004,9,21,5,0,0
2004,9,21,6,0,0
2004,9,21,7,6,6
2004,9,21,8,86,73
2004,9,21,9,225,131
2004,9,21,10,364,161
2004,9,21,11,478,172
2004,9,21,12,550,178
2004,9,21,13,569,186
2004,9,21,14,522,205
2004,9,21,15,447,201
2004,9,21,16,358,172
2004,9,21,17,217,141
2004,9,21,18,97,79
2004,9,21,19,11,11
2004,9,21,20,0,0
2004,9,21,21,0,0
2004,9,21,22,0,0
2004,9,21,23,0,0
2004,9,21,24,0,0
2004,9,22,1,0,0
2004,9,22,2,0,0
2004,9,22,3,0,0
2004,9,22,4,0,0
2004,9,22,5,0,0
2004,9,22,6,0,0
2004,9,22,7,3,3
2004,9,22,8,50,47
2004,9,22,9,86,82
2004,9,22,10,61,60
2004,9,22,11,36,36
2004,9,22,12,150,143
2004,9,22,13,136,131
2004,9,22,14,222,207
2004,9,22,15,383,230
2004,9,22,16,317,188
2004,9,22,17,231,133
2004,9,22,18,86,75
2004,9,22,19,11,11
2004,9,22,20,0,0
2004,9,22,21,0,0
2004,9,22,22,0,0
2004,9,22,23,0,0
2004,9,22,24,0,0
2004,9,23,1,0,0
2004,9,23,2,0,0
2004,9,23,3,0,0
2004,9,23,4,0,0
2004,9,23,5,0,0
2004,9,23,6,0,0
2004,9,23,7,8,8
2004,9,23,8,50,47
2004,9,23,9,83,79
2004,9,23,10,97,93
2004,9,23,11,125,120
2004,9,23,12,636,113
2004,9,23,13,361,276
2004,9,23,14,333,267
2004,9,23,15,125,120
2004,9,23,16,67,65
2004,9,23,17,42,41
2004,9,23,18,14,14
2004,9,23,19,3,3
2004,9,23,20,0,0
2004,9,23,21,0,0
2004,9,23,22,0,0
2004,9,23,23,0,0
2004,9,23,24,0,0
2004,9,24,1,0,0
2004,9,24,2,0,0
2004,9,24,3,0,0
2004,9,24,4,0,0
2004,9,24,5,0,0
2004,9,24,6,0,0
2004,9,24,7,0,0
2004,9,24,8,31,29
2004,9,24,9,108,101
2004,9,24,10,308,179
2004,9,24,11,417,203
2004,9,24,12,211,197
2004,9,24,13,239,222
2004,9,24,14,214,200
2004,9,24,15,111,107
2004,9,24,16,111,106
2004,9,24,17,42,41
2004,9,24,18,8,8
2004,9,24,19,0,0
2004,9,24,20,0,0
2004,9,24,21,0,0
2004,9,24,22,0,0
2004,9,24,23,0,0
2004,9,24,24,0,0
2004,9,25,1,0,0
2004,9,25,2,0,0
2004,9,25,3,0,0
2004,9,25,4,0,0
2004,9,25,5,0,0
2004,9,25,6,0,0
2004,9,25,7,3,3
2004,9,25,8,3,3
2004,9,25,9,11,11
2004,9,25,10,86,83
2004,9,25,11,164,154
2004,9,25,12,117,112
2004,9,25,13,64,63
2004,9,25,14,144,138
2004,9,25,15,61,60
2004,9,25,16,33,33
2004,9,25,17,17,16
2004,9,25,18,8,8
2004,9,25,19,0,0
2004,9,25,20,0,0
2004,9,25,21,0,0
2004,9,25,22,0,0
2004,9,25,23,0,0
2004,9,25,24,0,0
2004,9,26,1,0,0
2004,9,26,2,0,0
2004,9,26,3,0,0
2004,9,26,4,0,0
2004,9,26,5,0,0
2004,9,26,6,0,0
2004,9,26,7,0,0
2004,9,26,8,14,14
2004,9,26,9,31,30
2004,9,26,10,75,73
2004,9,26,11,94,91
2004,9,26,12,103,99
2004,9,26,13,44,44
2004,9,26,14,72,71
2004,9,26,15,100,96
2004,9,26,16,75,73
2004,9,26,17,108,101
2004,9,26,18,56,52
2004,9,26,19,3,3
2004,9,26,20,0,0
2004,9,26,21,0,0
2004,9,26,22,0,0
2004,9,26,23,0,0
2004,9,26,24,0,0
2004,9,27,1,0,0
2004,9,27,2,0,0
2004,9,27,3,0,0
2004,9,27,4,0,0
2004,9,27,5,0,0
2004,9,27,6,0,0
2004,9,27,7,0,0
2004,9,27,8,33,32
2004,9,27,9,64,61
2004,9,27,10,131,123
2004,9,27,11,150,142
2004,9,27,12,31,30
2004,9,27,13,92,89
2004,9,27,14,119,115
2004,9,27,15,61,60
2004,9,27,16,50,49
2004,9,27,17,47,46
2004,9,27,18,22,22
2004,9,27,19,3,3
2004,9,27,20,0,0
2004,9,27,21,0,0
2004,9,27,22,0,0
2004,9,27,23,0,0
2004,9,27,24,0,0
2004,9,28,1,0,0
2004,9,28,2,0,0
2004,9,28,3,0,0
2004,9,28,4,0,0
2004,9,28,5,0,0
2004,9,28,6,0,0
2004,9,28,7,3,3
2004,9,28,8,64,58
2004,9,28,9,206,117
2004,9,28,10,342,146
2004,9,28,11,439,170
2004,9,28,12,369,251
2004,9,28,13,508,199
2004,9,28,14,472,205
2004,9,28,15,136,129
2004,9,28,16,78,75
2004,9,28,17,144,125
2004,9,28,18,33,32
2004,9,28,19,0,0
2004,9,28,20,0,0
2004,9,28,21,0,0
2004,9,28,22,0,0
2004,9,28,23,0,0
2004,9,28,24,0,0
2004,9,29,1,0,0
2004,9,29,2,0,0
2004,9,29,3,0,0
2004,9,29,4,0,0
2004,9,29,5,0,0
2004,9,29,6,0,0
2004,9,29,7,0,0
2004,9,29,8,39,37
2004,9,29,9,108,101
2004,9,29,10,81,78
2004,9,29,11,39,38
2004,9,29,12,67,65
2004,9,29,13,97,94
2004,9,29,14,272,246
2004,9,29,15,211,195
2004,9,29,16,189,173
2004,9,29,17,133,120
2004,9,29,18,44,42
2004,9,29,19,3,3
2004,9,29,20,0,0
2004,9,29,21,0,0
2004,9,29,22,0,0
2004,9,29,23,0,0
2004,9,29,24,0,0
2004,9,30,1,0,0
2004,9,30,2,0,0
2004,9,30,3,0,0
2004,9,30,4,0,0
2004,9,30,5,0,0
2004,9,30,6,0,0
2004,9,30,7,0,0
2004,9,30,8,14,14
2004,9,30,9,33,33
2004,9,30,10,100,95
2004,9,30,11,194,181
2004,9,30,12,272,245
2004,9,30,13,578,121
2004,9,30,14,233,215
2004,9,30,15,83,81
2004,9,30,16,53,51
2004,9,30,17,81,76
2004,9,30,18,64,53
2004,9,30,19,0,0
2004,9,30,20,0,0
2004,9,30,21,0,0
2004,9,30,22,0,0
2004,9,30,23,0,0
2004,9,30,24,0,0
2001,10,1,1,0,0
2001,10,1,2,0,0
2001,10,1,3,0,0
2001,10,1,4,0,0
2001,10,1,5,0,0
2001,10,1,6,0,0
2001,10,1,7,1,1
2001,10,1,8,13,12
2001,10,1,9,34,33
2001,10,1,10,44,43
2001,10,1,11,70,69
2001,10,1,12,74,72
2001,10,1,13,70,69
2001,10,1,14,74,72
2001,10,1,15,87,84
2001,10,1,16,185,169
2001,10,1,17,154,118
2001,10,1,18,75,50
2001,10,1,19,2,2
2001,10,1,20,0,0
2001,10,1,21,0,0
2001,10,1,22,0,0
2001,10,1,23,0,0
2001,10,1,24,0,0
2001,10,2,1,0,0
2001,10,2,2,0,0
2001,10,2,3,0,0
2001,10,2,4,0,0
2001,10,2,5,0,0
2001,10,2,6,0,0
2001,10,2,7,6,6
2001,10,2,8,57,51
2001,10,2,9,183,113
2001,10,2,10,300,156
2001,10,2,11,408,174
2001,10,2,12,453,200
2001,10,2,13,397,243
2001,10,2,14,344,243
2001,10,2,15,385,186
2001,10,2,16,157,145
2001,10,2,17,85,80
2001,10,2,18,30,29
2001,10,2,19,0,0
2001,10,2,20,0,0
2001,10,2,21,0,0
2001,10,2,22,0,0
2001,10,2,23,0,0
2001,10,2,24,0,0
2001,10,3,1,0,0
2001,10,3,2,0,0
2001,10,3,3,0,0
2001,10,3,4,0,0
2001,10,3,5,0,0
2001,10,3,6,0,0
2001,10,3,7,0,0
2001,10,3,8,6,6
2001,10,3,9,33,32
2001,10,3,10,115,109
2001,10,3,11,243,213
2001,10,3,12,144,137
2001,10,3,13,137,131
2001,10,3,14,240,220
2001,10,3,15,256,213
2001,10,3,16,225,170
2001,10,3,17,125,110
2001,10,3,18,46,42
2001,10,3,19,0,0
2001,10,3,20,0,0
2001,10,3,21,0,0
2001,10,3,22,0,0
2001,10,3,23,0,0
2001,10,3,24,0,0
2001,10,4,1,0,0
2001,10,4,2,0,0
2001,10,4,3,0,0
2001,10,4,4,0,0
2001,10,4,5,0,0
2001,10,4,6,0,0
2001,10,4,7,7,7
2001,10,4,8,55,47
2001,10,4,9,143,114
2001,10,4,10,262,165
2001,10,4,11,361,194
2001,10,4,12,431,204
2001,10,4,13,423,225
2001,10,4,14,340,238
2001,10,4,15,256,211
2001,10,4,16,209,167
2001,10,4,17,94,88
2001,10,4,18,44,40
2001,10,4,19,0,0
2001,10,4,20,0,0
2001,10,4,21,0,0
2001,10,4,22,0,0
2001,10,4,23,0,0
2001,10,4,24,0,0
2001,10,5,1,0,0
2001,10,5,2,0,0
2001,10,5,3,0,0
2001,10,5,4,0,0
2001,10,5,5,0,0
2001,10,5,6,0,0
2001,10,5,7,2,2
2001,10,5,8,14,14
2001,10,5,9,35,34
2001,10,5,10,69,66
2001,10,5,11,75,73
2001,10,5,12,159,151
2001,10,5,13,300,247
2001,10,5,14,344,234
2001,10,5,15,295,207
2001,10,5,16,301,135
2001,10,5,17,165,103
2001,10,5,18,60,47
2001,10,5,19,0,0
2001,10,5,20,0,0
2001,10,5,21,0,0
2001,10,5,22,0,0
2001,10,5,23,0,0
2001,10,5,24,0,0
2001,10,6,1,0,0
2001,10,6,2,0,0
2001,10,6,3,0,0
2001,10,6,4,0,0
2001,10,6,5,0,0
2001,10,6,6,0,0
2001,10,6,7,6,6
2001,10,6,8,58,43
2001,10,6,9,191,96
2001,10,6,10,265,157
2001,10,6,11,399,162
2001,10,6,12,473,164
2001,10,6,13,465,190
2001,10,6,14,464,168
2001,10,6,15,354,184
2001,10,6,16,259,152
2001,10,6,17,84,78
2001,10,6,18,25,24
2001,10,6,19,0,0
2001,10,6,20,0,0
2001,10,6,21,0,0
2001,10,6,22,0,0
2001,10,6,23,0,0
2001,10,6,24,0,0
2001,10,7,1,0,0
2001,10,7,2,0,0
2001,10,7,3,0,0
2001,10,7,4,0,0
2001,10,7,5,0,0
2001,10,7,6,0,0
2001,10,7,7,4,4
2001,10,7,8,44,40
2001,10,7,9,159,105
2001,10,7,10,232,163
2001,10,7,11,161,150
2001,10,7,12,117,112
2001,10,7,13,116,112
2001,10,7,14,116,111
2001,10,7,15,114,109
2001,10,7,16,59,57
2001,10,7,17,45,43
2001,10,7,18,16,16
2001,10,7,19,0,0
2001,10,7,20,0,0
2001,10,7,21,0,0
2001,10,7,22,0,0
2001,10,7,23,0,0
2001,10,7,24,0,0
2001,10,8,1,0,0
2001,10,8,2,0,0
2001,10,8,3,0,0
2001,10,8,4,0,0
2001,10,8,5,0,0
2001,10,8,6,0,0
2001,10,8,7,4,4
2001,10,8,8,42,38
2001,10,8,9,161,102
2001,10,8,10,289,138
2001,10,8,11,386,161
2001,10,8,12,450,172
2001,10,8,13,484,163
2001,10,8,14,440,175
2001,10,8,15,386,153
2001,10,8,16,275,135
2001,10,8,17,125,99
2001,10,8,18,44,36
2001,10,8,19,0,0
2001,10,8,20,0,0
2001,10,8,21,0,0
2001,10,8,22,0,0
2001,10,8,23,0,0
2001,10,8,24,0,0
2001,10,9,1,0,0
2001,10,9,2,0,0
2001,10,9,3,0,0
2001,10,9,4,0,0
2001,10,9,5,0,0
2001,10,9,6,0,0
2001,10,9,7,4,4
2001,10,9,8,33,30
2001,10,9,9,106,97
2001,10,9,10,225,159
2001,10,9,11,342,184
2001,10,9,12,380,211
2001,10,9,13,433,197
2001,10,9,14,438,171
2001,10,9,15,377,154
2001,10,9,16,268,135
2001,10,9,17,144,93
2001,10,9,18,37,29
2001,10,9,19,0,0
2001,10,9,20,0,0
2001,10,9,21,0,0
2001,10,9,22,0,0
2001,10,9,23,0,0
2001,10,9,24,0,0
2001,10,10,1,0,0
2001,10,10,2,0,0
2001,10,10,3,0,0
2001,10,10,4,0,0
2001,10,10,5,0,0
2001,10,10,6,0,0
2001,10,10,7,4,4
2001,10,10,8,32,30
2001,10,10,9,81,76
2001,10,10,10,168,153
2001,10,10,11,310,193
2001,10,10,12,369,212
2001,10,10,13,356,228
2001,10,10,14,350,215
2001,10,10,15,214,192
2001,10,10,16,144,133
2001,10,10,17,66,62
2001,10,10,18,19,17
2001,10,10,19,0,0
2001,10,10,20,0,0
2001,10,10,21,0,0
2001,10,10,22,0,0
2001,10,10,23,0,0
2001,10,10,24,0,0
2001,10,11,1,0,0
2001,10,11,2,0,0
2001,10,11,3,0,0
2001,10,11,4,0,0
2001,10,11,5,0,0
2001,10,11,6,0,0
2001,10,11,7,0,0
2001,10,11,8,7,7
2001,10,11,9,35,34
2001,10,11,10,73,70
2001,10,11,11,95,91
2001,10,11,12,131,124
2001,10,11,13,225,207
2001,10,11,14,221,203
2001,10,11,15,258,193
2001,10,11,16,168,147
2001,10,11,17,56,53
2001,10,11,18,12,11
2001,10,11,19,0,0
2001,10,11,20,0,0
2001,10,11,21,0,0
2001,10,11,22,0,0
2001,10,11,23,0,0
2001,10,11,24,0,0
2001,10,12,1,0,0
2001,10,12,2,0,0
2001,10,12,3,0,0
2001,10,12,4,0,0
2001,10,12,5,0,0
2001,10,12,6,0,0
2001,10,12,7,0,0
2001,10,12,8,6,6
2001,10,12,9,27,27
2001,10,12,10,56,54
2001,10,12,11,94,91
2001,10,12,12,225,206
2001,10,12,13,333,227
2001,10,12,14,379,194
2001,10,12,15,311,177
2001,10,12,16,208,144
2001,10,12,17,94,85
2001,10,12,18,19,17
2001,10,12,19,0,0
2001,10,12,20,0,0
2001,10,12,21,0,0
2001,10,12,22,0,0
2001,10,12,23,0,0
2001,10,12,24,0,0
2001,10,13,1,0,0
2001,10,13,2,0,0
2001,10,13,3,0,0
2001,10,13,4,0,0
2001,10,13,5,0,0
2001,10,13,6,0,0
2001,10,13,7,0,0
2001,10,13,8,6,6
2001,10,13,9,25,25
2001,10,13,10,45,44
2001,10,13,11,63,62
2001,10,13,12,75,73
2001,10,13,13,93,90
2001,10,13,14,181,169
2001,10,13,15,238,188
2001,10,13,16,155,140
2001,10,13,17,84,77
2001,10,13,18,16,15
2001,10,13,19,0,0
2001,10,13,20,0,0
2001,10,13,21,0,0
2001,10,13,22,0,0
2001,10,13,23,0,0
2001,10,13,24,0,0
2001,10,14,1,0,0
2001,10,14,2,0,0
2001,10,14,3,0,0
2001,10,14,4,0,0
2001,10,14,5,0,0
2001,10,14,6,0,0
2001,10,14,7,2,2
2001,10,14,8,29,26
2001,10,14,9,126,92
2001,10,14,10,249,136
2001,10,14,11,350,157
2001,10,14,12,411,170
2001,10,14,13,417,182
2001,10,14,14,380,185
2001,10,14,15,301,173
2001,10,14,16,193,140
2001,10,14,17,90,81
2001,10,14,18,23,22
2001,10,14,19,0,0
2001,10,14,20,0,0
2001,10,14,21,0,0
2001,10,14,22,0,0
2001,10,14,23,0,0
2001,10,14,24,0,0
2001,10,15,1,0,0
2001,10,15,2,0,0
2001,10,15,3,0,0
2001,10,15,4,0,0
2001,10,15,5,0,0
2001,10,15,6,0,0
2001,10,15,7,2,2
2001,10,15,8,26,24
2001,10,15,9,118,90
2001,10,15,10,217,143
2001,10,15,11,281,185
2001,10,15,12,316,211
2001,10,15,13,337,217
2001,10,15,14,314,207
2001,10,15,15,247,183
2001,10,15,16,165,138
2001,10,15,17,87,78
2001,10,15,18,7,7
2001,10,15,19,0,0
2001,10,15,20,0,0
2001,10,15,21,0,0
2001,10,15,22,0,0
2001,10,15,23,0,0
2001,10,15,24,0,0
2001,10,16,1,0,0
2001,10,16,2,0,0
2001,10,16,3,0,0
2001,10,16,4,0,0
2001,10,16,5,0,0
2001,10,16,6,0,0
2001,10,16,7,1,1
2001,10,16,8,11,10
2001,10,16,9,42,40
2001,10,16,10,73,70
2001,10,16,11,91,88
2001,10,16,12,101,97
2001,10,16,13,116,111
2001,10,16,14,232,206
2001,10,16,15,209,179
2001,10,16,16,167,135
2001,10,16,17,72,67
2001,10,16,18,14,14
2001,10,16,19,0,0
2001,10,16,20,0,0
2001,10,16,21,0,0
2001,10,16,22,0,0
2001,10,16,23,0,0
2001,10,16,24,0,0
2001,10,17,1,14,14
2001,10,17,2,0,0
2001,10,17,3,0,0
2001,10,17,4,0,0
2001,10,17,5,0,0
2001,10,17,6,0,0
2001,10,17,7,3,3
2001,10,17,8,29,27
2001,10,17,9,109,86
2001,10,17,10,201,141
2001,10,17,11,247,184
2001,10,17,12,294,209
2001,10,17,13,175,164
2001,10,17,14,146,137
2001,10,17,15,130,122
2001,10,17,16,137,125
2001,10,17,17,37,35
2001,10,17,18,9,9
2001,10,17,19,0,0
2001,10,17,20,0,0
2001,10,17,21,0,0
2001,10,17,22,0,0
2001,10,17,23,0,0
2001,10,17,24,0,0
2001,10,18,1,0,0
2001,10,18,2,0,0
2001,10,18,3,0,0
2001,10,18,4,0,0
2001,10,18,5,0,0
2001,10,18,6,0,0
2001,10,18,7,1,1
2001,10,18,8,14,13
2001,10,18,9,62,58
2001,10,18,10,97,91
2001,10,18,11,124,117
2001,10,18,12,210,193
2001,10,18,13,241,212
2001,10,18,14,223,200
2001,10,18,15,267,170
2001,10,18,16,173,130
2001,10,18,17,105,71
2001,10,18,18,16,16
2001,10,18,19,0,0
2001,10,18,20,0,0
2001,10,18,21,0,0
2001,10,18,22,0,0
2001,10,18,23,0,0
2001,10,18,24,0,0
2001,10,19,1,0,0
2001,10,19,2,0,0
2001,10,19,3,0,0
2001,10,19,4,0,0
2001,10,19,5,0,0
2001,10,19,6,0,0
2001,10,19,7,1,1
2001,10,19,8,14,13
2001,10,19,9,77,71
2001,10,19,10,175,138
2001,10,19,11,208,178
2001,10,19,12,230,202
2001,10,19,13,275,214
2001,10,19,14,241,201
2001,10,19,15,200,171
2001,10,19,16,132,121
2001,10,19,17,71,65
2001,10,19,18,9,9
2001,10,19,19,0,0
2001,10,19,20,0,0
2001,10,19,21,0,0
2001,10,19,22,0,0
2001,10,19,23,0,0
2001,10,19,24,0,0
2001,10,20,1,0,0
2001,10,20,2,0,0
2001,10,20,3,0,0
2001,10,20,4,0,0
2001,10,20,5,0,0
2001,10,20,6,0,0
2001,10,20,7,0,0
2001,10,20,8,11,10
2001,10,20,9,65,61
2001,10,20,10,59,57
2001,10,20,11,63,61
2001,10,20,12,76,74
2001,10,20,13,86,83
2001,10,20,14,47,46
2001,10,20,15,61,59
2001,10,20,16,59,57
2001,10,20,17,41,39
2001,10,20,18,7,7
2001,10,20,19,0,0
2001,10,20,20,0,0
2001,10,20,21,0,0
2001,10,20,22,0,0
2001,10,20,23,0,0
2001,10,20,24,0,0
2001,10,21,1,0,0
2001,10,21,2,0,0
2001,10,21,3,0,0
2001,10,21,4,0,0
2001,10,21,5,0,0
2001,10,21,6,0,0
2001,10,21,7,0,0
2001,10,21,8,9,9
2001,10,21,9,57,54
2001,10,21,10,143,130
2001,10,21,11,213,175
2001,10,21,12,377,159
2001,10,21,13,231,205
2001,10,21,14,152,143
2001,10,21,15,217,168
2001,10,21,16,184,120
2001,10,21,17,64,59
2001,10,21,18,7,7
2001,10,21,19,0,0
2001,10,21,20,0,0
2001,10,21,21,0,0
2001,10,21,22,0,0
2001,10,21,23,0,0
2001,10,21,24,0,0
2001,10,22,1,0,0
2001,10,22,2,0,0
2001,10,22,3,0,0
2001,10,22,4,0,0
2001,10,22,5,0,0
2001,10,22,6,0,0
2001,10,22,7,2,2
2001,10,22,8,29,28
2001,10,22,9,139,61
2001,10,22,10,251,99
2001,10,22,11,334,129
2001,10,22,12,378,153
2001,10,22,13,438,118
2001,10,22,14,434,90
2001,10,22,15,323,121
2001,10,22,16,143,120
2001,10,22,17,57,53
2001,10,22,18,7,7
2001,10,22,19,0,0
2001,10,22,20,0,0
2001,10,22,21,0,0
2001,10,22,22,0,0
2001,10,22,23,0,0
2001,10,22,24,0,0
2001,10,23,1,0,0
2001,10,23,2,0,0
2001,10,23,3,0,0
2001,10,23,4,0,0
2001,10,23,5,0,0
2001,10,23,6,0,0
2001,10,23,7,1,1
2001,10,23,8,19,18
2001,10,23,9,102,72
2001,10,23,10,213,118
2001,10,23,11,305,145
2001,10,23,12,364,158
2001,10,23,13,388,157
2001,10,23,14,356,156
2001,10,23,15,282,144
2001,10,23,16,175,115
2001,10,23,17,76,60
2001,10,23,18,9,9
2001,10,23,19,0,0
2001,10,23,20,0,0
2001,10,23,21,0,0
2001,10,23,22,0,0
2001,10,23,23,0,0
2001,10,23,24,0,0
2001,10,24,1,0,0
2001,10,24,2,0,0
2001,10,24,3,0,0
2001,10,24,4,0,0
2001,10,24,5,0,0
2001,10,24,6,0,0
2001,10,24,7,0,0
2001,10,24,8,14,14
2001,10,24,9,88,71
2001,10,24,10,195,121
2001,10,24,11,296,146
2001,10,24,12,366,152
2001,10,24,13,384,154
2001,10,24,14,351,154
2001,10,24,15,284,138
2001,10,24,16,184,109
2001,10,24,17,75,57
2001,10,24,18,7,7
2001,10,24,19,0,0
2001,10,24,20,0,0
2001,10,24,21,0,0
2001,10,24,22,0,0
2001,10,24,23,0,0
2001,10,24,24,0,0
2001,10,25,1,0,0
2001,10,25,2,0,0
2001,10,25,3,0,0
2001,10,25,4,0,0
2001,10,25,5,0,0
2001,10,25,6,0,0
2001,10,25,7,0,0
2001,10,25,8,6,6
2001,10,25,9,58,54
2001,10,25,10,169,124
2001,10,25,11,247,162
2001,10,25,12,289,186
2001,10,25,13,315,188
2001,10,25,14,344,154
2001,10,25,15,231,155
2001,10,25,16,151,113
2001,10,25,17,29,28
2001,10,25,18,7,7
2001,10,25,19,0,0
2001,10,25,20,0,0
2001,10,25,21,0,0
2001,10,25,22,0,0
2001,10,25,23,0,0
2001,10,25,24,0,0
2001,10,26,1,0,0
2001,10,26,2,0,0
2001,10,26,3,0,0
2001,10,26,4,0,0
2001,10,26,5,0,0
2001,10,26,6,0,0
2001,10,26,7,0,0
2001,10,26,8,7,7
2001,10,26,9,51,48
2001,10,26,10,111,102
2001,10,26,11,178,160
2001,10,26,12,250,189
2001,10,26,13,228,195
2001,10,26,14,109,104
2001,10,26,15,62,60
2001,10,26,16,25,24
2001,10,26,17,19,18
2001,10,26,18,2,2
2001,10,26,19,0,0
2001,10,26,20,0,0
2001,10,26,21,0,0
2001,10,26,22,0,0
2001,10,26,23,0,0
2001,10,26,24,0,0
2001,10,27,1,0,0
2001,10,27,2,0,0
2001,10,27,3,0,0
2001,10,27,4,0,0
2001,10,27,5,0,0
2001,10,27,6,0,0
2001,10,27,7,0,0
2001,10,27,8,1,1
2001,10,27,9,11,11
2001,10,27,10,24,23
2001,10,27,11,29,29
2001,10,27,12,27,27
2001,10,27,13,55,54
2001,10,27,14,86,82
2001,10,27,15,96,91
2001,10,27,16,17,16
2001,10,27,17,2,2
2001,10,27,18,0,0
2001,10,27,19,0,0
2001,10,27,20,0,0
2001,10,27,21,0,0
2001,10,27,22,0,0
2001,10,27,23,0,0
2001,10,27,24,0,0
2001,10,28,1,0,0
2001,10,28,2,0,0
2001,10,28,3,0,0
2001,10,28,4,0,0
2001,10,28,5,0,0
2001,10,28,6,0,0
2001,10,28,7,0,0
2001,10,28,8,9,9
2001,10,28,9,69,61
2001,10,28,10,171,115
2001,10,28,11,275,141
2001,10,28,12,340,150
2001,10,28,13,367,146
2001,10,28,14,249,179
2001,10,28,15,204,151
2001,10,28,16,124,105
2001,10,28,17,42,39
2001,10,28,18,0,0
2001,10,28,19,0,0
2001,10,28,20,0,0
2001,10,28,21,0,0
2001,10,28,22,0,0
2001,10,28,23,0,0
2001,10,28,24,0,0
2001,10,29,1,0,0
2001,10,29,2,0,0
2001,10,29,3,0,0
2001,10,29,4,0,0
2001,10,29,5,0,0
2001,10,29,6,0,0
2001,10,29,7,0,0
2001,10,29,8,12,12
2001,10,29,9,88,59
2001,10,29,10,190,106
2001,10,29,11,267,141
2001,10,29,12,341,144
2001,10,29,13,362,145
2001,10,29,14,328,145
2001,10,29,15,259,130
2001,10,29,16,175,94
2001,10,29,17,75,42
2001,10,29,18,2,2
2001,10,29,19,0,0
2001,10,29,20,0,0
2001,10,29,21,0,0
2001,10,29,22,0,0
2001,10,29,23,0,0
2001,10,29,24,0,0
2001,10,30,1,0,0
2001,10,30,2,0,0
2001,10,30,3,0,0
2001,10,30,4,0,0
2001,10,30,5,0,0
2001,10,30,6,0,0
2001,10,30,7,0,0
2001,10,30,8,6,6
2001,10,30,9,59,54
2001,10,30,10,176,108
2001,10,30,11,260,140
2001,10,30,12,317,156
2001,10,30,13,343,154
2001,10,30,14,324,143
2001,10,30,15,257,127
2001,10,30,16,149,99
2001,10,30,17,51,43
2001,10,30,18,2,2
2001,10,30,19,0,0
2001,10,30,20,0,0
2001,10,30,21,0,0
2001,10,30,22,0,0
2001,10,30,23,0,0
2001,10,30,24,0,0
2001,10,31,1,0,0
2001,10,31,2,0,0
2001,10,31,3,0,0
2001,10,31,4,0,0
2001,10,31,5,0,0
2001,10,31,6,0,0
2001,10,31,7,0,0
2001,10,31,8,6,6
2001,10,31,9,49,45
2001,10,31,10,122,109
2001,10,31,11,189,152
2001,10,31,12,272,171
2001,10,31,13,339,151
2001,10,31,14,317,142
2001,10,31,15,242,131
2001,10,31,16,121,99
2001,10,31,17,49,41
2001,10,31,18,2,2
2001,10,31,19,0,0
2001,10,31,20,0,0
2001,10,31,21,0,0
2001,10,31,22,0,0
2001,10,31,23,0,0
2001,10,31,24,0,0
2005,11,1,1,0,0
2005,11,1,2,0,0
2005,11,1,3,0,0
2005,11,1,4,0,0
2005,11,1,5,0,0
2005,11,1,6,0,0
2005,11,1,7,0,0
2005,11,1,8,1,1
2005,11,1,9,11,10
2005,11,1,10,44,42
2005,11,1,11,93,88
2005,11,1,12,141,132
2005,11,1,13,148,138
2005,11,1,14,128,120
2005,11,1,15,143,131
2005,11,1,16,136,93
2005,11,1,17,54,41
2005,11,1,18,2,2
2005,11,1,19,0,0
2005,11,1,20,0,0
2005,11,1,21,0,0
2005,11,1,22,0,0
2005,11,1,23,0,0
2005,11,1,24,0,0
2005,11,2,1,0,0
2005,11,2,2,0,0
2005,11,2,3,0,0
2005,11,2,4,0,0
2005,11,2,5,0,0
2005,11,2,6,0,0
2005,11,2,7,0,0
2005,11,2,8,1,1
2005,11,2,9,8,8
2005,11,2,10,19,19
2005,11,2,11,19,19
2005,11,2,12,32,31
2005,11,2,13,37,36
2005,11,2,14,31,31
2005,11,2,15,43,42
2005,11,2,16,19,19
2005,11,2,17,5,5
2005,11,2,18,0,0
2005,11,2,19,0,0
2005,11,2,20,0,0
2005,11,2,21,0,0
2005,11,2,22,0,0
2005,11,2,23,0,0
2005,11,2,24,0,0
2005,11,3,1,0,0
2005,11,3,2,0,0
2005,11,3,3,0,0
2005,11,3,4,0,0
2005,11,3,5,0,0
2005,11,3,6,0,0
2005,11,3,7,0,0
2005,11,3,8,0,0
2005,11,3,9,4,4
2005,11,3,10,12,12
2005,11,3,11,19,19
2005,11,3,12,32,32
2005,11,3,13,29,28
2005,11,3,14,31,31
2005,11,3,15,19,19
2005,11,3,16,17,16
2005,11,3,17,2,2
2005,11,3,18,0,0
2005,11,3,19,0,0
2005,11,3,20,0,0
2005,11,3,21,0,0
2005,11,3,22,0,0
2005,11,3,23,0,0
2005,11,3,24,0,0
2005,11,4,1,0,0
2005,11,4,2,0,0
2005,11,4,3,0,0
2005,11,4,4,0,0
2005,11,4,5,0,0
2005,11,4,6,0,0
2005,11,4,7,0,0
2005,11,4,8,0,0
2005,11,4,9,4,4
2005,11,4,10,10,10
2005,11,4,11,22,21
2005,11,4,12,34,33
2005,11,4,13,34,33
2005,11,4,14,23,23
2005,11,4,15,26,26
2005,11,4,16,17,16
2005,11,4,17,2,2
2005,11,4,18,0,0
2005,11,4,19,0,0
2005,11,4,20,0,0
2005,11,4,21,0,0
2005,11,4,22,0,0
2005,11,4,23,0,0
2005,11,4,24,0,0
2005,11,5,1,0,0
2005,11,5,2,0,0
2005,11,5,3,0,0
2005,11,5,4,0,0
2005,11,5,5,0,0
2005,11,5,6,0,0
2005,11,5,7,0,0
2005,11,5,8,2,2
2005,11,5,9,19,18
2005,11,5,10,70,66
2005,11,5,11,127,117
2005,11,5,12,113,106
2005,11,5,13,135,126
2005,11,5,14,130,121
2005,11,5,15,71,68
2005,11,5,16,66,62
2005,11,5,17,7,7
2005,11,5,18,0,0
2005,11,5,19,0,0
2005,11,5,20,0,0
2005,11,5,21,0,0
2005,11,5,22,0,0
2005,11,5,23,0,0
2005,11,5,24,0,0
2005,11,6,1,0,0
2005,11,6,2,0,0
2005,11,6,3,0,0
2005,11,6,4,0,0
2005,11,6,5,0,0
2005,11,6,6,0,0
2005,11,6,7,0,0
2005,11,6,8,0,0
2005,11,6,9,1,1
2005,11,6,10,9,9
2005,11,6,11,23,23
2005,11,6,12,112,106
2005,11,6,13,310,139
2005,11,6,14,235,154
2005,11,6,15,214,118
2005,11,6,16,131,81
2005,11,6,17,42,35
2005,11,6,18,0,0
2005,11,6,19,0,0
2005,11,6,20,0,0
2005,11,6,21,0,0
2005,11,6,22,0,0
2005,11,6,23,0,0
2005,11,6,24,0,0
2005,11,7,1,0,0
2005,11,7,2,0,0
2005,11,7,3,0,0
2005,11,7,4,0,0
2005,11,7,5,0,0
2005,11,7,6,0,0
2005,11,7,7,0,0
2005,11,7,8,3,3
2005,11,7,9,17,17
2005,11,7,10,27,26
2005,11,7,11,61,59
2005,11,7,12,51,50
2005,11,7,13,68,65
2005,11,7,14,38,37
2005,11,7,15,7,7
2005,11,7,16,27,27
2005,11,7,17,9,9
2005,11,7,18,0,0
2005,11,7,19,0,0
2005,11,7,20,0,0
2005,11,7,21,0,0
2005,11,7,22,0,0
2005,11,7,23,0,0
2005,11,7,24,0,0
2005,11,8,1,0,0
2005,11,8,2,0,0
2005,11,8,3,0,0
2005,11,8,4,0,0
2005,11,8,5,0,0
2005,11,8,6,0,0
2005,11,8,7,0,0
2005,11,8,8,6,6
2005,11,8,9,52,36
2005,11,8,10,163,78
2005,11,8,11,256,100
2005,11,8,12,319,107
2005,11,8,13,333,112
2005,11,8,14,285,124
2005,11,8,15,234,99
2005,11,8,16,138,71
2005,11,8,17,42,32
2005,11,8,18,0,0
2005,11,8,19,0,0
2005,11,8,20,0,0
2005,11,8,21,0,0
2005,11,8,22,0,0
2005,11,8,23,0,0
2005,11,8,24,0,0
2005,11,9,1,0,0
2005,11,9,2,0,0
2005,11,9,3,0,0
2005,11,9,4,0,0
2005,11,9,5,0,0
2005,11,9,6,0,0
2005,11,9,7,0,0
2005,11,9,8,3,3
2005,11,9,9,38,34
2005,11,9,10,150,81
2005,11,9,11,197,127
2005,11,9,12,192,156
2005,11,9,13,111,105
2005,11,9,14,134,125
2005,11,9,15,166,123
2005,11,9,16,82,75
2005,11,9,17,28,21
2005,11,9,18,0,0
2005,11,9,19,0,0
2005,11,9,20,0,0
2005,11,9,21,0,0
2005,11,9,22,0,0
2005,11,9,23,0,0
2005,11,9,24,0,0
2005,11,10,1,0,0
2005,11,10,2,0,0
2005,11,10,3,0,0
2005,11,10,4,0,0
2005,11,10,5,0,0
2005,11,10,6,0,0
2005,11,10,7,0,0
2005,11,10,8,0,0
2005,11,10,9,2,2
2005,11,10,10,15,15
2005,11,10,11,25,25
2005,11,10,12,38,37
2005,11,10,13,31,30
2005,11,10,14,33,33
2005,11,10,15,44,42
2005,11,10,16,22,21
2005,11,10,17,5,5
2005,11,10,18,0,0
2005,11,10,19,0,0
2005,11,10,20,0,0
2005,11,10,21,0,0
2005,11,10,22,0,0
2005,11,10,23,0,0
2005,11,10,24,0,0
2005,11,11,1,0,0
2005,11,11,2,0,0
2005,11,11,3,0,0
2005,11,11,4,0,0
2005,11,11,5,0,0
2005,11,11,6,0,0
2005,11,11,7,0,0
2005,11,11,8,3,3
2005,11,11,9,25,24
2005,11,11,10,74,69
2005,11,11,11,98,92
2005,11,11,12,100,95
2005,11,11,13,90,86
2005,11,11,14,38,37
2005,11,11,15,15,15
2005,11,11,16,5,5
2005,11,11,17,0,0
2005,11,11,18,0,0
2005,11,11,19,0,0
2005,11,11,20,0,0
2005,11,11,21,0,0
2005,11,11,22,0,0
2005,11,11,23,0,0
2005,11,11,24,0,0
2005,11,12,1,0,0
2005,11,12,2,0,0
2005,11,12,3,0,0
2005,11,12,4,0,0
2005,11,12,5,0,0
2005,11,12,6,0,0
2005,11,12,7,0,0
2005,11,12,8,0,0
2005,11,12,9,7,7
2005,11,12,10,41,40
2005,11,12,11,103,96
2005,11,12,12,145,134
2005,11,12,13,135,125
2005,11,12,14,123,115
2005,11,12,15,90,85
2005,11,12,16,35,34
2005,11,12,17,2,2
2005,11,12,18,0,0
2005,11,12,19,0,0
2005,11,12,20,0,0
2005,11,12,21,0,0
2005,11,12,22,0,0
2005,11,12,23,0,0
2005,11,12,24,0,0
2005,11,13,1,0,0
2005,11,13,2,0,0
2005,11,13,3,0,0
2005,11,13,4,0,0
2005,11,13,5,0,0
2005,11,13,6,0,0
2005,11,13,7,0,0
2005,11,13,8,1,1
2005,11,13,9,15,15
2005,11,13,10,64,60
2005,11,13,11,140,121
2005,11,13,12,169,146
2005,11,13,13,169,152
2005,11,13,14,228,137
2005,11,13,15,106,98
2005,11,13,16,45,43
2005,11,13,17,7,7
2005,11,13,18,0,0
2005,11,13,19,0,0
2005,11,13,20,0,0
2005,11,13,21,0,0
2005,11,13,22,0,0
2005,11,13,23,0,0
2005,11,13,24,0,0
2005,11,14,1,0,0
2005,11,14,2,0,0
2005,11,14,3,0,0
2005,11,14,4,0,0
2005,11,14,5,0,0
2005,11,14,6,0,0
2005,11,14,7,0,0
2005,11,14,8,3,3
2005,11,14,9,31,25
2005,11,14,10,114,78
2005,11,14,11,189,115
2005,11,14,12,199,146
2005,11,14,13,187,153
2005,11,14,14,285,98
2005,11,14,15,196,101
2005,11,14,16,119,62
2005,11,14,17,30,27
2005,11,14,18,0,0
2005,11,14,19,0,0
2005,11,14,20,0,0
2005,11,14,21,0,0
2005,11,14,22,0,0
2005,11,14,23,0,0
2005,11,14,24,0,0
2005,11,15,1,0,0
2005,11,15,2,0,0
2005,11,15,3,0,0
2005,11,15,4,0,0
2005,11,15,5,0,0
2005,11,15,6,0,0
2005,11,15,7,0,0
2005,11,15,8,3,3
2005,11,15,9,37,22
2005,11,15,10,142,64
2005,11,15,11,238,82
2005,11,15,12,288,100
2005,11,15,13,296,111
2005,11,15,14,278,100
2005,11,15,15,206,91
2005,11,15,16,109,64
2005,11,15,17,25,23
2005,11,15,18,0,0
2005,11,15,19,0,0
2005,11,15,20,0,0
2005,11,15,21,0,0
2005,11,15,22,0,0
2005,11,15,23,0,0
2005,11,15,24,0,0
2005,11,16,1,0,0
2005,11,16,2,0,0
2005,11,16,3,0,0
2005,11,16,4,0,0
2005,11,16,5,0,0
2005,11,16,6,0,0
2005,11,16,7,0,0
2005,11,16,8,1,1
2005,11,16,9,11,11
2005,11,16,10,58,54
2005,11,16,11,171,115
2005,11,16,12,254,121
2005,11,16,13,188,150
2005,11,16,14,87,83
2005,11,16,15,32,31
2005,11,16,16,10,10
2005,11,16,17,5,4
2005,11,16,18,0,0
2005,11,16,19,0,0
2005,11,16,20,0,0
2005,11,16,21,0,0
2005,11,16,22,0,0
2005,11,16,23,0,0
2005,11,16,24,0,0
2005,11,17,1,0,0
2005,11,17,2,0,0
2005,11,17,3,0,0
2005,11,17,4,0,0
2005,11,17,5,0,0
2005,11,17,6,0,0
2005,11,17,7,0,0
2005,11,17,8,0,0
2005,11,17,9,4,4
2005,11,17,10,11,11
2005,11,17,11,31,30
2005,11,17,12,90,85
2005,11,17,13,148,136
2005,11,17,14,64,61
2005,11,17,15,49,47
2005,11,17,16,38,36
2005,11,17,17,14,13
2005,11,17,18,0,0
2005,11,17,19,0,0
2005,11,17,20,0,0
2005,11,17,21,0,0
2005,11,17,22,0,0
2005,11,17,23,0,0
2005,11,17,24,0,0
2005,11,18,1,0,0
2005,11,18,2,0,0
2005,11,18,3,0,0
2005,11,18,4,0,0
2005,11,18,5,0,0
2005,11,18,6,0,0
2005,11,18,7,0,0
2005,11,18,8,0,0
2005,11,18,9,4,4
2005,11,18,10,24,23
2005,11,18,11,21,21
2005,11,18,12,28,28
2005,11,18,13,29,28
2005,11,18,14,21,21
2005,11,18,15,28,28
2005,11,18,16,14,14
2005,11,18,17,0,0
2005,11,18,18,0,0
2005,11,18,19,0,0
2005,11,18,20,0,0
2005,11,18,21,0,0
2005,11,18,22,0,0
2005,11,18,23,0,0
2005,11,18,24,0,0
2005,11,19,1,0,0
2005,11,19,2,0,0
2005,11,19,3,0,0
2005,11,19,4,0,0
2005,11,19,5,0,0
2005,11,19,6,0,0
2005,11,19,7,0,0
2005,11,19,8,1,1
2005,11,19,9,22,18
2005,11,19,10,115,65
2005,11,19,11,174,106
2005,11,19,12,166,136
2005,11,19,13,147,135
2005,11,19,14,119,111
2005,11,19,15,56,54
2005,11,19,16,14,14
2005,11,19,17,0,0
2005,11,19,18,0,0
2005,11,19,19,0,0
2005,11,19,20,0,0
2005,11,19,21,0,0
2005,11,19,22,0,0
2005,11,19,23,0,0
2005,11,19,24,0,0
2005,11,20,1,0,0
2005,11,20,2,0,0
2005,11,20,3,0,0
2005,11,20,4,0,0
2005,11,20,5,0,0
2005,11,20,6,0,0
2005,11,20,7,0,0
2005,11,20,8,0,0
2005,11,20,9,3,3
2005,11,20,10,23,23
2005,11,20,11,43,41
2005,11,20,12,44,43
2005,11,20,13,30,29
2005,11,20,14,25,25
2005,11,20,15,24,24
2005,11,20,16,16,16
2005,11,20,17,0,0
2005,11,20,18,0,0
2005,11,20,19,0,0
2005,11,20,20,0,0
2005,11,20,21,0,0
2005,11,20,22,0,0
2005,11,20,23,0,0
2005,11,20,24,0,0
2005,11,21,1,0,0
2005,11,21,2,0,0
2005,11,21,3,0,0
2005,11,21,4,0,0
2005,11,21,5,0,0
2005,11,21,6,0,0
2005,11,21,7,0,0
2005,11,21,8,1,1
2005,11,21,9,11,10
2005,11,21,10,52,49
2005,11,21,11,137,108
2005,11,21,12,184,133
2005,11,21,13,236,128
2005,11,21,14,128,118
2005,11,21,15,63,59
2005,11,21,16,12,12
2005,11,21,17,2,2
2005,11,21,18,0,0
2005,11,21,19,0,0
2005,11,21,20,0,0
2005,11,21,21,0,0
2005,11,21,22,0,0
2005,11,21,23,0,0
2005,11,21,24,0,0
2005,11,22,1,0,0
2005,11,22,2,0,0
2005,11,22,3,0,0
2005,11,22,4,0,0
2005,11,22,5,0,0
2005,11,22,6,0,0
2005,11,22,7,0,0
2005,11,22,8,2,2
2005,11,22,9,25,23
2005,11,22,10,105,61
2005,11,22,11,169,100
2005,11,22,12,222,119
2005,11,22,13,220,132
2005,11,22,14,207,121
2005,11,22,15,110,99
2005,11,22,16,53,49
2005,11,22,17,9,9
2005,11,22,18,0,0
2005,11,22,19,0,0
2005,11,22,20,0,0
2005,11,22,21,0,0
2005,11,22,22,0,0
2005,11,22,23,0,0
2005,11,22,24,0,0
2005,11,23,1,0,0
2005,11,23,2,0,0
2005,11,23,3,0,0
2005,11,23,4,0,0
2005,11,23,5,0,0
2005,11,23,6,0,0
2005,11,23,7,0,0
2005,11,23,8,0,0
2005,11,23,9,1,1
2005,11,23,10,14,14
2005,11,23,11,48,46
2005,11,23,12,84,79
2005,11,23,13,120,112
2005,11,23,14,149,127
2005,11,23,15,126,100
2005,11,23,16,90,54
2005,11,23,17,9,9
2005,11,23,18,0,0
2005,11,23,19,0,0
2005,11,23,20,0,0
2005,11,23,21,0,0
2005,11,23,22,0,0
2005,11,23,23,0,0
2005,11,23,24,0,0
2005,11,24,1,0,0
2005,11,24,2,0,0
2005,11,24,3,0,0
2005,11,24,4,0,0
2005,11,24,5,0,0
2005,11,24,6,0,0
2005,11,24,7,0,0
2005,11,24,8,0,0
2005,11,24,9,6,6
2005,11,24,10,27,26
2005,11,24,11,54,51
2005,11,24,12,79,75
2005,11,24,13,126,117
2005,11,24,14,187,124
2005,11,24,15,95,87
2005,11,24,16,35,33
2005,11,24,17,2,2
2005,11,24,18,0,0
2005,11,24,19,0,0
2005,11,24,20,0,0
2005,11,24,21,0,0
2005,11,24,22,0,0
2005,11,24,23,0,0
2005,11,24,24,0,0
2005,11,25,1,0,0
2005,11,25,2,0,0
2005,11,25,3,0,0
2005,11,25,4,0,0
2005,11,25,5,0,0
2005,11,25,6,0,0
2005,11,25,7,0,0
2005,11,25,8,0,0
2005,11,25,9,0,0
2005,11,25,10,1,1
2005,11,25,11,9,9
2005,11,25,12,11,11
2005,11,25,13,14,14
2005,11,25,14,31,30
2005,11,25,15,27,27
2005,11,25,16,10,10
2005,11,25,17,2,2
2005,11,25,18,0,0
2005,11,25,19,0,0
2005,11,25,20,0,0
2005,11,25,21,0,0
2005,11,25,22,0,0
2005,11,25,23,0,0
2005,11,25,24,0,0
2005,11,26,1,0,0
2005,11,26,2,0,0
2005,11,26,3,0,0
2005,11,26,4,0,0
2005,11,26,5,0,0
2005,11,26,6,0,0
2005,11,26,7,0,0
2005,11,26,8,0,0
2005,11,26,9,4,4
2005,11,26,10,31,29
2005,11,26,11,55,53
2005,11,26,12,39,38
2005,11,26,13,40,39
2005,11,26,14,44,43
2005,11,26,15,40,38
2005,11,26,16,26,25
2005,11,26,17,5,5
2005,11,26,18,0,0
2005,11,26,19,0,0
2005,11,26,20,0,0
2005,11,26,21,0,0
2005,11,26,22,0,0
2005,11,26,23,0,0
2005,11,26,24,0,0
2005,11,27,1,0,0
2005,11,27,2,0,0
2005,11,27,3,0,0
2005,11,27,4,0,0
2005,11,27,5,0,0
2005,11,27,6,0,0
2005,11,27,7,0,0
2005,11,27,8,0,0
2005,11,27,9,5,4
2005,11,27,10,36,34
2005,11,27,11,79,74
2005,11,27,12,104,97
2005,11,27,13,119,110
2005,11,27,14,99,92
2005,11,27,15,73,68
2005,11,27,16,40,38
2005,11,27,17,5,5
2005,11,27,18,0,0
2005,11,27,19,0,0
2005,11,27,20,0,0
2005,11,27,21,0,0
2005,11,27,22,0,0
2005,11,27,23,0,0
2005,11,27,24,0,0
2005,11,28,1,0,0
2005,11,28,2,0,0
2005,11,28,3,0,0
2005,11,28,4,0,0
2005,11,28,5,0,0
2005,11,28,6,0,0
2005,11,28,7,0,0
2005,11,28,8,0,0
2005,11,28,9,3,3
2005,11,28,10,23,22
2005,11,28,11,52,50
2005,11,28,12,107,100
2005,11,28,13,134,123
2005,11,28,14,210,107
2005,11,28,15,145,90
2005,11,28,16,55,50
2005,11,28,17,9,9
2005,11,28,18,0,0
2005,11,28,19,0,0
2005,11,28,20,0,0
2005,11,28,21,0,0
2005,11,28,22,0,0
2005,11,28,23,0,0
2005,11,28,24,0,0
2005,11,29,1,0,0
2005,11,29,2,0,0
2005,11,29,3,0,0
2005,11,29,4,0,0
2005,11,29,5,0,0
2005,11,29,6,0,0
2005,11,29,7,0,0
2005,11,29,8,0,0
2005,11,29,9,0,0
2005,11,29,10,0,0
2005,11,29,11,3,3
2005,11,29,12,7,7
2005,11,29,13,16,16
2005,11,29,14,28,28
2005,11,29,15,44,43
2005,11,29,16,38,36
2005,11,29,17,5,5
2005,11,29,18,0,0
2005,11,29,19,0,0
2005,11,29,20,0,0
2005,11,29,21,0,0
2005,11,29,22,0,0
2005,11,29,23,0,0
2005,11,29,24,0,0
2005,11,30,1,0,0
2005,11,30,2,0,0
2005,11,30,3,0,0
2005,11,30,4,0,0
2005,11,30,5,0,0
2005,11,30,6,0,0
2005,11,30,7,0,0
2005,11,30,8,0,0
2005,11,30,9,11,11
2005,11,30,10,57,52
2005,11,30,11,23,23
2005,11,30,12,19,19
2005,11,30,13,52,50
2005,11,30,14,72,69
2005,11,30,15,57,54
2005,11,30,16,46,43
2005,11,30,17,12,12
2005,11,30,18,0,0
2005,11,30,19,0,0
2005,11,30,20,0,0
2005,11,30,21,0,0
2005,11,30,22,0,0
2005,11,30,23,0,0
2005,11,30,24,0,0
1989,12,1,1,0,0
1989,12,1,2,0,0
1989,12,1,3,0,0
1989,12,1,4,0,0
1989,12,1,5,0,0
1989,12,1,6,0,0
1989,12,1,7,0,0
1989,12,1,8,0,0
1989,12,1,9,4,4
1989,12,1,10,27,26
1989,12,1,11,52,50
1989,12,1,12,71,68
1989,12,1,13,112,104
1989,12,1,14,122,112
1989,12,1,15,87,80
1989,12,1,16,43,40
1989,12,1,17,5,5
1989,12,1,18,0,0
1989,12,1,19,0,0
1989,12,1,20,0,0
1989,12,1,21,0,0
1989,12,1,22,0,0
1989,12,1,23,0,0
1989,12,1,24,0,0
1989,12,2,1,0,0
1989,12,2,2,0,0
1989,12,2,3,0,0
1989,12,2,4,0,0
1989,12,2,5,0,0
1989,12,2,6,0,0
1989,12,2,7,0,0
1989,12,2,8,0,0
1989,12,2,9,6,6
1989,12,2,10,33,31
1989,12,2,11,31,31
1989,12,2,12,35,34
1989,12,2,13,30,30
1989,12,2,14,25,25
1989,12,2,15,11,11
1989,12,2,16,7,7
1989,12,2,17,0,0
1989,12,2,18,0,0
1989,12,2,19,0,0
1989,12,2,20,0,0
1989,12,2,21,0,0
1989,12,2,22,0,0
1989,12,2,23,0,0
1989,12,2,24,0,0
1989,12,3,1,0,0
1989,12,3,2,0,0
1989,12,3,3,0,0
1989,12,3,4,0,0
1989,12,3,5,0,0
1989,12,3,6,0,0
1989,12,3,7,0,0
1989,12,3,8,0,0
1989,12,3,9,1,1
1989,12,3,10,11,11
1989,12,3,11,25,24
1989,12,3,12,24,23
1989,12,3,13,17,16
1989,12,3,14,16,16
1989,12,3,15,10,10
1989,12,3,16,5,5
1989,12,3,17,0,0
1989,12,3,18,0,0
1989,12,3,19,0,0
1989,12,3,20,0,0
1989,12,3,21,0,0
1989,12,3,22,0,0
1989,12,3,23,0,0
1989,12,3,24,0,0
1989,12,4,1,0,0
1989,12,4,2,0,0
1989,12,4,3,0,0
1989,12,4,4,0,0
1989,12,4,5,0,0
1989,12,4,6,0,0
1989,12,4,7,0,0
1989,12,4,8,0,0
1989,12,4,9,7,7
1989,12,4,10,58,47
1989,12,4,11,140,84
1989,12,4,12,146,115
1989,12,4,13,168,124
1989,12,4,14,207,97
1989,12,4,15,95,87
1989,12,4,16,38,35
1989,12,4,17,5,5
1989,12,4,18,0,0
1989,12,4,19,0,0
1989,12,4,20,0,0
1989,12,4,21,0,0
1989,12,4,22,0,0
1989,12,4,23,0,0
1989,12,4,24,0,0
1989,12,5,1,0,0
1989,12,5,2,0,0
1989,12,5,3,0,0
1989,12,5,4,0,0
1989,12,5,5,0,0
1989,12,5,6,0,0
1989,12,5,7,0,0
1989,12,5,8,0,0
1989,12,5,9,3,3
1989,12,5,10,23,22
1989,12,5,11,53,51
1989,12,5,12,62,59
1989,12,5,13,98,91
1989,12,5,14,110,101
1989,12,5,15,82,76
1989,12,5,16,43,39
1989,12,5,17,5,5
1989,12,5,18,0,0
1989,12,5,19,0,0
1989,12,5,20,0,0
1989,12,5,21,0,0
1989,12,5,22,0,0
1989,12,5,23,0,0
1989,12,5,24,0,0
1989,12,6,1,0,0
1989,12,6,2,0,0
1989,12,6,3,0,0
1989,12,6,4,0,0
1989,12,6,5,0,0
1989,12,6,6,0,0
1989,12,6,7,0,0
1989,12,6,8,0,0
1989,12,6,9,3,3
1989,12,6,10,25,24
1989,12,6,11,76,70
1989,12,6,12,118,108
1989,12,6,13,97,90
1989,12,6,14,104,96
1989,12,6,15,72,67
1989,12,6,16,14,14
1989,12,6,17,0,0
1989,12,6,18,0,0
1989,12,6,19,0,0
1989,12,6,20,0,0
1989,12,6,21,0,0
1989,12,6,22,0,0
1989,12,6,23,0,0
1989,12,6,24,0,0
1989,12,7,1,0,0
1989,12,7,2,0,0
1989,12,7,3,0,0
1989,12,7,4,0,0
1989,12,7,5,0,0
1989,12,7,6,0,0
1989,12,7,7,0,0
1989,12,7,8,0,0
1989,12,7,9,1,1
1989,12,7,10,10,10
1989,12,7,11,41,39
1989,12,7,12,79,75
1989,12,7,13,89,84
1989,12,7,14,99,92
1989,12,7,15,72,67
1989,12,7,16,24,23
1989,12,7,17,2,2
1989,12,7,18,0,0
1989,12,7,19,0,0
1989,12,7,20,0,0
1989,12,7,21,0,0
1989,12,7,22,0,0
1989,12,7,23,0,0
1989,12,7,24,0,0
1989,12,8,1,0,0
1989,12,8,2,0,0
1989,12,8,3,0,0
1989,12,8,4,0,0
1989,12,8,5,0,0
1989,12,8,6,0,0
1989,12,8,7,0,0
1989,12,8,8,0,0
1989,12,8,9,1,1
1989,12,8,10,12,12
1989,12,8,11,34,33
1989,12,8,12,53,51
1989,12,8,13,53,51
1989,12,8,14,51,49
1989,12,8,15,38,36
1989,12,8,16,14,14
1989,12,8,17,0,0
1989,12,8,18,0,0
1989,12,8,19,0,0
1989,12,8,20,0,0
1989,12,8,21,0,0
1989,12,8,22,0,0
1989,12,8,23,0,0
1989,12,8,24,0,0
1989,12,9,1,0,0
1989,12,9,2,0,0
1989,12,9,3,0,0
1989,12,9,4,0,0
1989,12,9,5,0,0
1989,12,9,6,0,0
1989,12,9,7,0,0
1989,12,9,8,0,0
1989,12,9,9,0,0
1989,12,9,10,1,1
1989,12,9,11,10,10
1989,12,9,12,17,17
1989,12,9,13,19,19
1989,12,9,14,16,16
1989,12,9,15,12,12
1989,12,9,16,2,2
1989,12,9,17,0,0
1989,12,9,18,0,0
1989,12,9,19,0,0
1989,12,9,20,0,0
1989,12,9,21,0,0
1989,12,9,22,0,0
1989,12,9,23,0,0
1989,12,9,24,0,0
1989,12,10,1,0,0
1989,12,10,2,0,0
1989,12,10,3,0,0
1989,12,10,4,0,0
1989,12,10,5,0,0
1989,12,10,6,0,0
1989,12,10,7,0,0
1989,12,10,8,0,0
1989,12,10,9,0,0
1989,12,10,10,1,1
1989,12,10,11,7,7
1989,12,10,12,14,14
1989,12,10,13,16,16
1989,12,10,14,11,11
1989,12,10,15,8,8
1989,12,10,16,5,5
1989,12,10,17,0,0
1989,12,10,18,0,0
1989,12,10,19,0,0
1989,12,10,20,0,0
1989,12,10,21,0,0
1989,12,10,22,0,0
1989,12,10,23,0,0
1989,12,10,24,0,0
1989,12,11,1,0,0
1989,12,11,2,0,0
1989,12,11,3,0,0
1989,12,11,4,0,0
1989,12,11,5,0,0
1989,12,11,6,0,0
1989,12,11,7,0,0
1989,12,11,8,0,0
1989,12,11,9,0,0
1989,12,11,10,4,4
1989,12,11,11,10,10
1989,12,11,12,18,17
1989,12,11,13,22,21
1989,12,11,14,18,18
1989,12,11,15,10,10
1989,12,11,16,2,2
1989,12,11,17,0,0
1989,12,11,18,0,0
1989,12,11,19,0,0
1989,12,11,20,0,0
1989,12,11,21,0,0
1989,12,11,22,0,0
1989,12,11,23,0,0
1989,12,11,24,0,0
1989,12,12,1,0,0
1989,12,12,2,0,0
1989,12,12,3,0,0
1989,12,12,4,0,0
1989,12,12,5,0,0
1989,12,12,6,0,0
1989,12,12,7,0,0
1989,12,12,8,0,0
1989,12,12,9,0,0
1989,12,12,10,1,1
1989,12,12,11,9,9
1989,12,12,12,12,11
1989,12,12,13,13,13
1989,12,12,14,10,10
1989,12,12,15,5,5
1989,12,12,16,0,0
1989,12,12,17,0,0
1989,12,12,18,0,0
1989,12,12,19,0,0
1989,12,12,20,0,0
1989,12,12,21,0,0
1989,12,12,22,0,0
1989,12,12,23,0,0
1989,12,12,24,0,0
1989,12,13,1,0,0
1989,12,13,2,0,0
1989,12,13,3,0,0
1989,12,13,4,0,0
1989,12,13,5,0,0
1989,12,13,6,0,0
1989,12,13,7,0,0
1989,12,13,8,0,0
1989,12,13,9,0,0
1989,12,13,10,3,3
1989,12,13,11,24,23
1989,12,13,12,47,46
1989,12,13,13,62,59
1989,12,13,14,64,61
1989,12,13,15,60,56
1989,12,13,16,21,20
1989,12,13,17,2,2
1989,12,13,18,0,0
1989,12,13,19,0,0
1989,12,13,20,0,0
1989,12,13,21,0,0
1989,12,13,22,0,0
1989,12,13,23,0,0
1989,12,13,24,0,0
1989,12,14,1,0,0
1989,12,14,2,0,0
1989,12,14,3,0,0
1989,12,14,4,0,0
1989,12,14,5,0,0
1989,12,14,6,0,0
1989,12,14,7,0,0
1989,12,14,8,0,0
1989,12,14,9,8,8
1989,12,14,10,41,36
1989,12,14,11,85,77
1989,12,14,12,109,100
1989,12,14,13,117,107
1989,12,14,14,76,72
1989,12,14,15,139,79
1989,12,14,16,73,41
1989,12,14,17,7,7
1989,12,14,18,0,0
1989,12,14,19,0,0
1989,12,14,20,0,0
1989,12,14,21,0,0
1989,12,14,22,0,0
1989,12,14,23,0,0
1989,12,14,24,0,0
1989,12,15,1,0,0
1989,12,15,2,0,0
1989,12,15,3,0,0
1989,12,15,4,0,0
1989,12,15,5,0,0
1989,12,15,6,0,0
1989,12,15,7,0,0
1989,12,15,8,0,0
1989,12,15,9,0,0
1989,12,15,10,8,8
1989,12,15,11,39,38
1989,12,15,12,75,71
1989,12,15,13,97,90
1989,12,15,14,62,59
1989,12,15,15,37,35
1989,12,15,16,32,30
1989,12,15,17,0,0
1989,12,15,18,0,0
1989,12,15,19,0,0
1989,12,15,20,0,0
1989,12,15,21,0,0
1989,12,15,22,0,0
1989,12,15,23,0,0
1989,12,15,24,0,0
1989,12,16,1,0,0
1989,12,16,2,0,0
1989,12,16,3,0,0
1989,12,16,4,0,0
1989,12,16,5,0,0
1989,12,16,6,0,0
1989,12,16,7,0,0
1989,12,16,8,0,0
1989,12,16,9,1,1
1989,12,16,10,8,8
1989,12,16,11,23,22
1989,12,16,12,44,42
1989,12,16,13,64,61
1989,12,16,14,50,48
1989,12,16,15,31,30
1989,12,16,16,14,14
1989,12,16,17,0,0
1989,12,16,18,0,0
1989,12,16,19,0,0
1989,12,16,20,0,0
1989,12,16,21,0,0
1989,12,16,22,0,0
1989,12,16,23,0,0
1989,12,16,24,0,0
1989,12,17,1,0,0
1989,12,17,2,0,0
1989,12,17,3,0,0
1989,12,17,4,0,0
1989,12,17,5,0,0
1989,12,17,6,0,0
1989,12,17,7,0,0
1989,12,17,8,0,0
1989,12,17,9,0,0
1989,12,17,10,3,3
1989,12,17,11,21,21
1989,12,17,12,31,30
1989,12,17,13,33,33
1989,12,17,14,33,32
1989,12,17,15,28,27
1989,12,17,16,12,11
1989,12,17,17,0,0
1989,12,17,18,0,0
1989,12,17,19,0,0
1989,12,17,20,0,0
1989,12,17,21,0,0
1989,12,17,22,0,0
1989,12,17,23,0,0
1989,12,17,24,0,0
1989,12,18,1,0,0
1989,12,18,2,0,0
1989,12,18,3,0,0
1989,12,18,4,0,0
1989,12,18,5,0,0
1989,12,18,6,0,0
1989,12,18,7,0,0
1989,12,18,8,0,0
1989,12,18,9,4,4
1989,12,18,10,26,24
1989,12,18,11,50,47
1989,12,18,12,79,74
1989,12,18,13,76,72
1989,12,18,14,37,36
1989,12,18,15,23,22
1989,12,18,16,9,9
1989,12,18,17,0,0
1989,12,18,18,0,0
1989,12,18,19,0,0
1989,12,18,20,0,0
1989,12,18,21,0,0
1989,12,18,22,0,0
1989,12,18,23,0,0
1989,12,18,24,0,0
1989,12,19,1,0,0
1989,12,19,2,0,0
1989,12,19,3,0,0
1989,12,19,4,0,0
1989,12,19,5,0,0
1989,12,19,6,0,0
1989,12,19,7,0,0
1989,12,19,8,0,0
1989,12,19,9,0,0
1989,12,19,10,1,1
1989,12,19,11,6,6
1989,12,19,12,9,9
1989,12,19,13,14,14
1989,12,19,14,26,25
1989,12,19,15,16,16
1989,12,19,16,9,9
1989,12,19,17,0,0
1989,12,19,18,0,0
1989,12,19,19,0,0
1989,12,19,20,0,0
1989,12,19,21,0,0
1989,12,19,22,0,0
1989,12,19,23,0,0
1989,12,19,24,0,0
1989,12,20,1,0,0
1989,12,20,2,0,0
1989,12,20,3,0,0
1989,12,20,4,0,0
1989,12,20,5,0,0
1989,12,20,6,0,0
1989,12,20,7,0,0
1989,12,20,8,0,0
1989,12,20,9,0,0
1989,12,20,10,6,5
1989,12,20,11,24,23
1989,12,20,12,45,44
1989,12,20,13,36,35
1989,12,20,14,40,39
1989,12,20,15,53,51
1989,12,20,16,23,22
1989,12,20,17,0,0
1989,12,20,18,0,0
1989,12,20,19,0,0
1989,12,20,20,0,0
1989,12,20,21,0,0
1989,12,20,22,0,0
1989,12,20,23,0,0
1989,12,20,24,0,0
1989,12,21,1,0,0
1989,12,21,2,0,0
1989,12,21,3,0,0
1989,12,21,4,0,0
1989,12,21,5,0,0
1989,12,21,6,0,0
1989,12,21,7,0,0
1989,12,21,8,0,0
1989,12,21,9,6,6
1989,12,21,10,51,31
1989,12,21,11,135,66
1989,12,21,12,190,87
1989,12,21,13,220,90
1989,12,21,14,201,89
1989,12,21,15,152,73
1989,12,21,16,78,40
1989,12,21,17,9,9
1989,12,21,18,0,0
1989,12,21,19,0,0
1989,12,21,20,0,0
1989,12,21,21,0,0
1989,12,21,22,0,0
1989,12,21,23,0,0
1989,12,21,24,0,0
1989,12,22,1,0,0
1989,12,22,2,0,0
1989,12,22,3,0,0
1989,12,22,4,0,0
1989,12,22,5,0,0
1989,12,22,6,0,0
1989,12,22,7,0,0
1989,12,22,8,0,0
1989,12,22,9,4,4
1989,12,22,10,33,30
1989,12,22,11,75,69
1989,12,22,12,106,98
1989,12,22,13,197,104
1989,12,22,14,132,109
1989,12,22,15,86,79
1989,12,22,16,73,43
1989,12,22,17,7,7
1989,12,22,18,0,0
1989,12,22,19,0,0
1989,12,22,20,0,0
1989,12,22,21,0,0
1989,12,22,22,0,0
1989,12,22,23,0,0
1989,12,22,24,0,0
1989,12,23,1,0,0
1989,12,23,2,0,0
1989,12,23,3,0,0
1989,12,23,4,0,0
1989,12,23,5,0,0
1989,12,23,6,0,0
1989,12,23,7,0,0
1989,12,23,8,0,0
1989,12,23,9,5,5
1989,12,23,10,31,28
1989,12,23,11,55,51
1989,12,23,12,181,92
1989,12,23,13,209,97
1989,12,23,14,194,95
1989,12,23,15,149,76
1989,12,23,16,74,44
1989,12,23,17,9,9
1989,12,23,18,0,0
1989,12,23,19,0,0
1989,12,23,20,0,0
1989,12,23,21,0,0
1989,12,23,22,0,0
1989,12,23,23,0,0
1989,12,23,24,0,0
1989,12,24,1,0,0
1989,12,24,2,0,0
1989,12,24,3,0,0
1989,12,24,4,0,0
1989,12,24,5,0,0
1989,12,24,6,0,0
1989,12,24,7,0,0
1989,12,24,8,0,0
1989,12,24,9,6,6
1989,12,24,10,51,30
1989,12,24,11,138,63
1989,12,24,12,193,85
1989,12,24,13,226,86
1989,12,24,14,209,85
1989,12,24,15,160,70
1989,12,24,16,83,40
1989,12,24,17,12,12
1989,12,24,18,0,0
1989,12,24,19,0,0
1989,12,24,20,0,0
1989,12,24,21,0,0
1989,12,24,22,0,0
1989,12,24,23,0,0
1989,12,24,24,0,0
1989,12,25,1,0,0
1989,12,25,2,0,0
1989,12,25,3,0,0
1989,12,25,4,0,0
1989,12,25,5,0,0
1989,12,25,6,0,0
1989,12,25,7,0,0
1989,12,25,8,0,0
1989,12,25,9,0,0
1989,12,25,10,5,5
1989,12,25,11,29,28
1989,12,25,12,103,95
1989,12,25,13,89,83
1989,12,25,14,71,67
1989,12,25,15,45,43
1989,12,25,16,19,18
1989,12,25,17,2,2
1989,12,25,18,0,0
1989,12,25,19,0,0
1989,12,25,20,0,0
1989,12,25,21,0,0
1989,12,25,22,0,0
1989,12,25,23,0,0
1989,12,25,24,0,0
1989,12,26,1,0,0
1989,12,26,2,0,0
1989,12,26,3,0,0
1989,12,26,4,0,0
1989,12,26,5,0,0
1989,12,26,6,0,0
1989,12,26,7,0,0
1989,12,26,8,0,0
1989,12,26,9,13,13
1989,12,26,10,104,58
1989,12,26,11,233,71
1989,12,26,12,290,51
1989,12,26,13,223,89
1989,12,26,14,203,91
1989,12,26,15,151,77
1989,12,26,16,76,45
1989,12,26,17,12,12
1989,12,26,18,0,0
1989,12,26,19,0,0
1989,12,26,20,0,0
1989,12,26,21,0,0
1989,12,26,22,0,0
1989,12,26,23,0,0
1989,12,26,24,0,0
1989,12,27,1,0,0
1989,12,27,2,0,0
1989,12,27,3,0,0
1989,12,27,4,0,0
1989,12,27,5,0,0
1989,12,27,6,0,0
1989,12,27,7,0,0
1989,12,27,8,0,0
1989,12,27,9,2,2
1989,12,27,10,19,18
1989,12,27,11,47,45
1989,12,27,12,75,71
1989,12,27,13,75,71
1989,12,27,14,71,67
1989,12,27,15,46,44
1989,12,27,16,21,21
1989,12,27,17,2,2
1989,12,27,18,0,0
1989,12,27,19,0,0
1989,12,27,20,0,0
1989,12,27,21,0,0
1989,12,27,22,0,0
1989,12,27,23,0,0
1989,12,27,24,0,0
1989,12,28,1,0,0
1989,12,28,2,0,0
1989,12,28,3,0,0
1989,12,28,4,0,0
1989,12,28,5,0,0
1989,12,28,6,0,0
1989,12,28,7,0,0
1989,12,28,8,0,0
1989,12,28,9,4,4
1989,12,28,10,41,32
1989,12,28,11,143,59
1989,12,28,12,184,91
1989,12,28,13,215,96
1989,12,28,14,199,95
1989,12,28,15,156,77
1989,12,28,16,86,43
1989,12,28,17,14,14
1989,12,28,18,0,0
1989,12,28,19,0,0
1989,12,28,20,0,0
1989,12,28,21,0,0
1989,12,28,22,0,0
1989,12,28,23,0,0
1989,12,28,24,0,0
1989,12,29,1,0,0
1989,12,29,2,0,0
1989,12,29,3,0,0
1989,12,29,4,0,0
1989,12,29,5,0,0
1989,12,29,6,0,0
1989,12,29,7,0,0
1989,12,29,8,0,0
1989,12,29,9,0,0
1989,12,29,10,5,5
1989,12,29,11,19,19
1989,12,29,12,31,30
1989,12,29,13,31,31
1989,12,29,14,35,34
1989,12,29,15,26,25
1989,12,29,16,15,14
1989,12,29,17,5,5
1989,12,29,18,0,0
1989,12,29,19,0,0
1989,12,29,20,0,0
1989,12,29,21,0,0
1989,12,29,22,0,0
1989,12,29,23,0,0
1989,12,29,24,0,0
1989,12,30,1,0,0
1989,12,30,2,0,0
1989,12,30,3,0,0
1989,12,30,4,0,0
1989,12,30,5,0,0
1989,12,30,6,0,0
1989,12,30,7,0,0
1989,12,30,8,0,0
1989,12,30,9,0,0
1989,12,30,10,5,5
1989,12,30,11,25,24
1989,12,30,12,84,78
1989,12,30,13,93,87
1989,12,30,14,54,52
1989,12,30,15,29,28
1989,12,30,16,16,16
1989,12,30,17,0,0
1989,12,30,18,0,0
1989,12,30,19,0,0
1989,12,30,20,0,0
1989,12,30,21,0,0
1989,12,30,22,0,0
1989,12,30,23,0,0
1989,12,30,24,0,0
1989,12,31,1,0,0
1989,12,31,2,0,0
1989,12,31,3,0,0
1989,12,31,4,0,0
1989,12,31,5,0,0
1989,12,31,6,0,0
1989,12,31,7,0,0
1989,12,31,8,0,0
1989,12,31,9,4,4
1989,12,31,10,36,31
1989,12,31,11,114,75
1989,12,31,12,176,97
1989,12,31,13,206,104
1989,12,31,14,186,105
1989,12,31,15,130,89
1989,12,31,16,60,51
1989,12,31,17,9,9
1989,12,31,18,0,0
1989,12,31,19,0,0
1989,12,31,20,0,0
1989,12,31,21,0,0
1989,12,31,22,0,0
1989,12,31,23,0,0
1989,12,31,24,0,0
