Hour;T;N;NE;E;SE;S;SW;W;NW;Horizontal
1;-0.9;0.0;0.0;0.0;0.0;0.0;0.0;0.0;0.0;0
2;-0.8;0.0;0.0;0.0;0.0;0.0;0.0;0.0;0.0;0
3;-0.7;0.0;0.0;0.0;0.0;0.0;0.0;0.0;0.0;0
4;-0.3;0.0;0.0;0.0;0.0;0.0;0.0;0.0;0.0;0
5;-0.1;0.0;0.0;0.0;0.0;0.0;0.0;0.0;0.0;0
6;0.0;0.0;0.0;0.0;0.0;0.0;0.0;0.0;0.0;0
7;0.2;0.0;0.0;0.0;0.0;0.0;0.0;0.0;0.0;0
8;0.5;0.0;0.0;0.0;0.0;0.0;0.0;0.0;0.0;0
9;1.0;0.0;0.0;0.0;0.0;0.0;0.0;0.0;0.0;0
10;1.3;1.8;1.8;1.8;1.8;1.8;1.8;1.8;1.8;3
11;1.5;8.4;8.4;8.4;8.4;8.4;8.4;8.4;8.4;14
12;1.5;10.2;10.2;10.2;10.2;10.2;10.2;10.2;10.2;17
13;2.1;11.4;11.4;11.4;11.4;11.4;11.4;11.4;11.4;19
14;3.6;8.4;8.4;8.4;8.4;8.4;8.4;8.4;8.4;14
15;4.7;4.8;4.8;4.8;4.8;4.8;4.8;4.8;4.8;8
16;6.9;1.8;1.8;1.8;1.8;1.8;1.8;1.8;1.8;3
17;8.7;0.0;0.0;0.0;0.0;0.0;0.0;0.0;0.0;0
18;9.5;0.0;0.0;0.0;0.0;0.0;0.0;0.0;0.0;0
19;9.9;0.0;0.0;0.0;0.0;0.0;0.0;0.0;0.0;0
20;10.2;0.0;0.0;0.0;0.0;0.0;0.0;0.0;0.0;0
21;10.6;0.0;0.0;0.0;0.0;0.0;0.0;0.0;0.0;0
22;10.8;0.0;0.0;0.0;0.0;0.0;0.0;0.0;0.0;0
23;10.3;0.0;0.0;0.0;0.0;0.0;0.0;0.0;0.0;0
24;10.5;0.0;0.0;0.0;0.0;0.0;0.0;0.0;0.0;0
25;10.2;0.0;0.0;0.0;0.0;0.0;0.0;0.0;0.0;0
26;10.0;0.0;0.0;0.0;0.0;0.0;0.0;0.0;0.0;0
27;10.3;0.0;0.0;0.0;0.0;0.0;0.0;0.0;0.0;0
28;9.9;0.0;0.0;0.0;0.0;0.0;0.0;0.0;0.0;0
29;9.8;0.0;0.0;0.0;0.0;0.0;0.0;0.0;0.0;0
30;9.4;0.0;0.0;0.0;0.0;0.0;0.0;0.0;0.0;0
31;9.5;0.0;0.0;0.0;0.0;0.0;0.0;0.0;0.0;0
32;9.4;0.0;0.0;0.0;0.0;0.0;0.0;0.0;0.0;0
33;9.0;0.0;0.0;0.0;0.0;0.0;0.0;0.0;0.0;0
34;9.3;4.8;4.8;4.8;4.8;4.8;4.8;4.8;4.8;8
35;8.8;8.4;8.4;8.4;8.4;8.4;8.4;8.4;8.4;14
36;8.6;10.2;10.2;10.2;10.2;10.2;10.2;10.2;10.2;17
37;8.6;19.3;19.3;19.3;21.36;23.21;22.76;20.29;19.3;33
38;8.7;6.6;6.6;6.6;6.6;6.6;6.6;6.6;6.6;11
39;9.7;8.4;8.4;8.4;8.4;8.4;8.4;8.4;8.4;14
40;9.5;3.6;3.6;3.6;3.6;3.6;3.6;3.6;3.6;6
41;9.8;0.0;0.0;0.0;0.0;0.0;0.0;0.0;0.0;0
42;9.9;0.0;0.0;0.0;0.0;0.0;0.0;0.0;0.0;0
43;9.9;0.0;0.0;0.0;0.0;0.0;0.0;0.0;0.0;0
44;9.9;0.0;0.0;0.0;0.0;0.0;0.0;0.0;0.0;0
45;9.0;0.0;0.0;0.0;0.0;0.0;0.0;0.0;0.0;0
46;7.8;0.0;0.0;0.0;0.0;0.0;0.0;0.0;0.0;0
47;7.3;0.0;0.0;0.0;0.0;0.0;0.0;0.0;0.0;0
48;7.7;0.0;0.0;0.0;0.0;0.0;0.0;0.0;0.0;0
49;7.9;0.0;0.0;0.0;0.0;0.0;0.0;0.0;0.0;0
50;8.3;0.0;0.0;0.0;0.0;0.0;0.0;0.0;0.0;0
51;8.1;0.0;0.0;0.0;0.0;0.0;0.0;0.0;0.0;0
52;7.7;0.0;0.0;0.0;0.0;0.0;0.0;0.0;0.0;0
53;5.7;0.0;0.0;0.0;0.0;0.0;0.0;0.0;0.0;0
54;4.8;0.0;0.0;0.0;0.0;0.0;0.0;0.0;0.0;0
55;5.4;0.0;0.0;0.0;0.0;0.0;0.0;0.0;0.0;0
56;4.9;0.0;0.0;0.0;0.0;0.0;0.0;0.0;0.0;0
57;4.6;0.0;0.0;0.0;0.0;0.0;0.0;0.0;0.0;0
58;4.3;4.8;4.8;4.8;4.8;4.8;4.8;4.8;4.8;8
59;4.4;19.3;19.3;20.29;22.74;23.18;21.35;19.3;19.3;33
60;4.3;13.2;13.2;13.2;13.2;13.2;13.2;13.2;13.2;22
61;4.3;24.7;24.7;24.7;26.75;28.58;28.14;25.69;24.7;42
62;4.2;16.3;16.3;16.3;17.85;20.98;21.37;18.78;16.3;28
63;4.2;21.1;21.1;21.1;21.85;29.0;31.52;27.94;21.1;36
64;3.9;6.6;6.6;6.6;6.6;6.6;6.6;6.6;6.6;11
65;3.6;0.0;0.0;0.0;0.0;0.0;0.0;0.0;0.0;0
66;3.1;0.0;0.0;0.0;0.0;0.0;0.0;0.0;0.0;0
67;3.0;0.0;0.0;0.0;0.0;0.0;0.0;0.0;0.0;0
68;3.0;0.0;0.0;0.0;0.0;0.0;0.0;0.0;0.0;0
69;2.4;0.0;0.0;0.0;0.0;0.0;0.0;0.0;0.0;0
70;2.3;0.0;0.0;0.0;0.0;0.0;0.0;0.0;0.0;0
71;1.8;0.0;0.0;0.0;0.0;0.0;0.0;0.0;0.0;0
72;1.4;0.0;0.0;0.0;0.0;0.0;0.0;0.0;0.0;0
73;1.0;0.0;0.0;0.0;0.0;0.0;0.0;0.0;0.0;0
74;0.9;0.0;0.0;0.0;0.0;0.0;0.0;0.0;0.0;0
75;0.4;0.0;0.0;0.0;0.0;0.0;0.0;0.0;0.0;0
76;-0.3;0.0;0.0;0.0;0.0;0.0;0.0;0.0;0.0;0
77;-0.5;0.0;0.0;0.0;0.0;0.0;0.0;0.0;0.0;0
78;-0.8;0.0;0.0;0.0;0.0;0.0;0.0;0.0;0.0;0
79;-1.4;0.0;0.0;0.0;0.0;0.0;0.0;0.0;0.0;0
80;-1.6;0.0;0.0;0.0;0.0;0.0;0.0;0.0;0.0;0
81;-1.9;0.0;0.0;0.0;0.0;0.0;0.0;0.0;0.0;0
82;-1.6;15.8;15.8;20.73;25.85;25.08;18.87;15.8;15.8;28
83;-1.2;30.3;30.3;33.24;40.56;41.87;36.4;30.3;30.3;53
84;-1.0;32.6;32.6;32.6;37.79;39.93;37.79;32.6;32.6;56
85;-0.9;60.8;60.8;60.8;77.08;91.66;88.16;68.63;60.8;108
86;-0.8;50.4;50.4;50.4;59.62;78.23;80.54;65.2;50.4;89
87;-0.8;45.6;45.6;45.6;49.98;92.22;107.16;86.03;45.6;81
88;-1.2;23.7;23.7;23.7;23.7;23.7;23.7;23.7;23.7;42
89;-1.4;1.8;1.8;1.8;1.8;1.8;1.8;1.8;1.8;3
90;-1.3;0.0;0.0;0.0;0.0;0.0;0.0;0.0;0.0;0
91;-1.4;0.0;0.0;0.0;0.0;0.0;0.0;0.0;0.0;0
92;-2.0;0.0;0.0;0.0;0.0;0.0;0.0;0.0;0.0;0
93;-2.8;0.0;0.0;0.0;0.0;0.0;0.0;0.0;0.0;0
94;-3.6;0.0;0.0;0.0;0.0;0.0;0.0;0.0;0.0;0
95;-0.4;0.0;0.0;0.0;0.0;0.0;0.0;0.0;0.0;0
96;-4.5;0.0;0.0;0.0;0.0;0.0;0.0;0.0;0.0;0
97;-5.7;0.0;0.0;0.0;0.0;0.0;0.0;0.0;0.0;0
98;-7.0;0.0;0.0;0.0;0.0;0.0;0.0;0.0;0.0;0
99;-7.2;0.0;0.0;0.0;0.0;0.0;0.0;0.0;0.0;0
100;-7.0;0.0;0.0;0.0;0.0;0.0;0.0;0.0;0.0;0
101;-6.8;0.0;0.0;0.0;0.0;0.0;0.0;0.0;0.0;0
102;-4.9;0.0;0.0;0.0;0.0;0.0;0.0;0.0;0.0;0
103;-3.7;0.0;0.0;0.0;0.0;0.0;0.0;0.0;0.0;0
104;-3.2;0.0;0.0;0.0;0.0;0.0;0.0;0.0;0.0;0
105;-2.8;0.0;0.0;0.0;0.0;0.0;0.0;0.0;0.0;0
106;-2.5;3.6;3.6;3.6;3.6;3.6;3.6;3.6;3.6;6
107;-2.4;4.8;4.8;4.8;4.8;4.8;4.8;4.8;4.8;8
108;-1.8;35.1;35.1;35.1;42.83;46.03;42.83;35.1;35.1;61
109;-1.1;65.7;65.7;65.7;83.87;100.16;96.26;74.46;65.7;117
110;-0.4;54.7;54.7;54.7;65.34;86.87;89.55;71.82;54.7;97
111;0.0;58.4;58.4;58.4;72.59;211.18;260.27;191.1;58.4;114
112;-0.2;18.8;18.8;18.8;18.8;18.8;18.8;18.8;18.8;33
113;-0.8;1.8;1.8;1.8;1.8;1.8;1.8;1.8;1.8;3
114;-1.1;0.0;0.0;0.0;0.0;0.0;0.0;0.0;0.0;0
115;-0.8;0.0;0.0;0.0;0.0;0.0;0.0;0.0;0.0;0
116;-1.2;0.0;0.0;0.0;0.0;0.0;0.0;0.0;0.0;0
117;-1.8;0.0;0.0;0.0;0.0;0.0;0.0;0.0;0.0;0
118;-1.3;0.0;0.0;0.0;0.0;0.0;0.0;0.0;0.0;0
119;-1.6;0.0;0.0;0.0;0.0;0.0;0.0;0.0;0.0;0
120;-1.1;0.0;0.0;0.0;0.0;0.0;0.0;0.0;0.0;0
121;-1.6;0.0;0.0;0.0;0.0;0.0;0.0;0.0;0.0;0
122;-0.2;0.0;0.0;0.0;0.0;0.0;0.0;0.0;0.0;0
123;0.6;0.0;0.0;0.0;0.0;0.0;0.0;0.0;0.0;0
124;-0.3;0.0;0.0;0.0;0.0;0.0;0.0;0.0;0.0;0
125;-1.7;0.0;0.0;0.0;0.0;0.0;0.0;0.0;0.0;0
126;-0.9;0.0;0.0;0.0;0.0;0.0;0.0;0.0;0.0;0
127;-0.8;0.0;0.0;0.0;0.0;0.0;0.0;0.0;0.0;0
128;-0.9;0.0;0.0;0.0;0.0;0.0;0.0;0.0;0.0;0
129;-0.7;0.0;0.0;0.0;0.0;0.0;0.0;0.0;0.0;0
130;-0.6;15.8;15.8;20.65;25.66;24.9;18.8;15.8;15.8;28
131;-0.2;49.9;49.9;91.48;194.79;213.23;135.99;49.9;49.9;119
132;0.3;69.2;69.2;69.2;243.04;315.04;243.04;69.2;69.2;172
133;0.2;78.2;78.2;78.2;178.3;268.12;246.68;126.55;78.2;172
134;-0.1;73.7;73.7;73.7;198.38;451.33;483.07;275.01;73.7;192
135;-0.3;60.8;60.8;60.8;87.0;345.93;437.83;308.88;60.8;133
136;-0.6;28.0;28.0;28.0;28.0;28.0;28.0;28.0;28.0;50
137;-0.7;4.3;4.3;4.3;4.3;4.3;4.3;4.3;4.3;8
138;-1.0;0.0;0.0;0.0;0.0;0.0;0.0;0.0;0.0;0
139;-1.2;0.0;0.0;0.0;0.0;0.0;0.0;0.0;0.0;0
140;-1.3;0.0;0.0;0.0;0.0;0.0;0.0;0.0;0.0;0
141;-1.5;0.0;0.0;0.0;0.0;0.0;0.0;0.0;0.0;0
142;-1.5;0.0;0.0;0.0;0.0;0.0;0.0;0.0;0.0;0
143;-1.8;0.0;0.0;0.0;0.0;0.0;0.0;0.0;0.0;0
144;-2.1;0.0;0.0;0.0;0.0;0.0;0.0;0.0;0.0;0
145;-2.4;0.0;0.0;0.0;0.0;0.0;0.0;0.0;0.0;0
146;-3.7;0.0;0.0;0.0;0.0;0.0;0.0;0.0;0.0;0
147;-4.6;0.0;0.0;0.0;0.0;0.0;0.0;0.0;0.0;0
148;-5.3;0.0;0.0;0.0;0.0;0.0;0.0;0.0;0.0;0
149;-5.8;0.0;0.0;0.0;0.0;0.0;0.0;0.0;0.0;0
150;-6.3;0.0;0.0;0.0;0.0;0.0;0.0;0.0;0.0;0
151;-6.8;0.0;0.0;0.0;0.0;0.0;0.0;0.0;0.0;0
152;-7.6;0.0;0.0;0.0;0.0;0.0;0.0;0.0;0.0;0
153;-8.2;0.0;0.0;0.0;0.0;0.0;0.0;0.0;0.0;0
154;-7.8;21.1;21.1;81.2;143.18;133.66;58.2;21.1;21.1;56
155;-7.5;28.5;28.5;31.38;38.53;39.8;34.45;28.5;28.5;50
156;-6.4;57.8;57.8;57.8;78.09;86.5;78.09;57.8;57.8;103
157;-5.5;74.9;74.9;74.9;299.16;500.56;452.62;183.42;74.9;219
158;-4.8;57.3;57.3;57.3;346.65;935.25;1009.56;526.04;57.3;258
159;-5.1;46.1;46.1;46.1;153.74;1231.74;1360.0;1079.52;46.1;211
160;-5.1;29.7;29.7;29.7;29.7;29.7;29.7;29.7;29.7;122
161;-4.8;11.7;11.7;11.7;11.7;11.7;11.7;11.7;11.7;22
162;-4.8;0.0;0.0;0.0;0.0;0.0;0.0;0.0;0.0;0
163;-4.7;0.0;0.0;0.0;0.0;0.0;0.0;0.0;0.0;0
164;-4.6;0.0;0.0;0.0;0.0;0.0;0.0;0.0;0.0;0
165;-4.4;0.0;0.0;0.0;0.0;0.0;0.0;0.0;0.0;0
166;-4.3;0.0;0.0;0.0;0.0;0.0;0.0;0.0;0.0;0
167;-4.2;0.0;0.0;0.0;0.0;0.0;0.0;0.0;0.0;0
168;-3.9;0.0;0.0;0.0;0.0;0.0;0.0;0.0;0.0;0
169;-4.5;0.0;0.0;0.0;0.0;0.0;0.0;0.0;0.0;0
170;-4.6;0.0;0.0;0.0;0.0;0.0;0.0;0.0;0.0;0
171;-4.6;0.0;0.0;0.0;0.0;0.0;0.0;0.0;0.0;0
172;-4.7;0.0;0.0;0.0;0.0;0.0;0.0;0.0;0.0;0
173;-4.6;0.0;0.0;0.0;0.0;0.0;0.0;0.0;0.0;0
174;-4.5;0.0;0.0;0.0;0.0;0.0;0.0;0.0;0.0;0
175;-4.5;0.0;0.0;0.0;0.0;0.0;0.0;0.0;0.0;0
176;-4.6;0.0;0.0;0.0;0.0;0.0;0.0;0.0;0.0;0
177;-4.8;0.0;0.0;0.0;0.0;0.0;0.0;0.0;0.0;0
178;-4.7;20.9;20.9;32.81;45.06;43.17;28.22;20.9;20.9;39
179;-5.0;32.1;32.1;34.96;42.04;43.3;38.0;32.1;32.1;56
180;-5.1;52.2;52.2;52.2;67.3;73.55;67.3;52.2;52.2;92
181;-4.5;77.0;77.0;77.0;128.12;174.09;163.18;101.79;77.0;150
182;-4.0;73.9;73.9;73.9;110.52;185.23;194.72;133.44;73.9;144
183;-4.3;59.9;59.9;59.9;70.9;182.68;222.53;167.12;59.9;114
184;-5.0;24.2;24.2;24.2;24.2;24.2;24.2;24.2;24.2;42
185;-5.8;4.3;4.3;4.3;4.3;4.3;4.3;4.3;4.3;8
186;-6.4;0.0;0.0;0.0;0.0;0.0;0.0;0.0;0.0;0
187;-6.8;0.0;0.0;0.0;0.0;0.0;0.0;0.0;0.0;0
188;-6.8;0.0;0.0;0.0;0.0;0.0;0.0;0.0;0.0;0
189;-7.3;0.0;0.0;0.0;0.0;0.0;0.0;0.0;0.0;0
190;-7.7;0.0;0.0;0.0;0.0;0.0;0.0;0.0;0.0;0
191;-8.2;0.0;0.0;0.0;0.0;0.0;0.0;0.0;0.0;0
192;-8.5;0.0;0.0;0.0;0.0;0.0;0.0;0.0;0.0;0
193;-8.7;0.0;0.0;0.0;0.0;0.0;0.0;0.0;0.0;0
194;-8.9;0.0;0.0;0.0;0.0;0.0;0.0;0.0;0.0;0
195;-9.1;0.0;0.0;0.0;0.0;0.0;0.0;0.0;0.0;0
196;-9.6;0.0;0.0;0.0;0.0;0.0;0.0;0.0;0.0;0
197;-9.6;0.0;0.0;0.0;0.0;0.0;0.0;0.0;0.0;0
198;-10.0;0.0;0.0;0.0;0.0;0.0;0.0;0.0;0.0;0
199;-10.0;0.0;0.0;0.0;0.0;0.0;0.0;0.0;0.0;0
200;-10.0;0.0;0.0;0.0;0.0;0.0;0.0;0.0;0.0;0
201;-10.0;0.0;0.0;0.0;0.0;0.0;0.0;0.0;0.0;0
202;-9.5;22.5;22.5;57.88;94.21;88.54;44.18;22.5;22.5;50
203;-7.8;48.9;48.9;119.87;295.32;326.42;194.95;48.9;48.9;144
204;-6.1;61.2;61.2;61.2;420.42;569.21;420.42;61.2;61.2;222
205;-4.3;64.6;64.6;64.6;422.92;745.45;669.15;238.71;64.6;261
206;-4.0;62.3;62.3;62.3;321.02;850.33;918.03;484.45;62.3;253
207;-4.4;56.9;56.9;56.9;127.6;856.75;1117.35;756.76;56.9;189
208;-4.7;34.7;34.7;34.7;34.7;34.7;34.7;34.7;34.7;117
209;-5.8;6.2;6.2;6.2;6.2;6.2;6.2;6.2;6.2;17
210;-6.8;0.0;0.0;0.0;0.0;0.0;0.0;0.0;0.0;0
211;-6.9;0.0;0.0;0.0;0.0;0.0;0.0;0.0;0.0;0
212;-7.9;0.0;0.0;0.0;0.0;0.0;0.0;0.0;0.0;0
213;-9.5;0.0;0.0;0.0;0.0;0.0;0.0;0.0;0.0;0
214;-8.6;0.0;0.0;0.0;0.0;0.0;0.0;0.0;0.0;0
215;-7.6;0.0;0.0;0.0;0.0;0.0;0.0;0.0;0.0;0
216;-7.2;0.0;0.0;0.0;0.0;0.0;0.0;0.0;0.0;0
217;-6.5;0.0;0.0;0.0;0.0;0.0;0.0;0.0;0.0;0
218;-6.6;0.0;0.0;0.0;0.0;0.0;0.0;0.0;0.0;0
219;-6.5;0.0;0.0;0.0;0.0;0.0;0.0;0.0;0.0;0
220;-5.9;0.0;0.0;0.0;0.0;0.0;0.0;0.0;0.0;0
221;-5.7;0.0;0.0;0.0;0.0;0.0;0.0;0.0;0.0;0
222;-5.4;0.0;0.0;0.0;0.0;0.0;0.0;0.0;0.0;0
223;-5.5;0.0;0.0;0.0;0.0;0.0;0.0;0.0;0.0;0
224;-5.2;0.0;0.0;0.0;0.0;0.0;0.0;0.0;0.0;0
225;-4.7;0.0;0.0;0.0;0.0;0.0;0.0;0.0;0.0;0
226;-4.5;8.4;8.4;8.4;8.4;8.4;8.4;8.4;8.4;14
227;-3.8;27.2;27.2;29.08;33.71;34.53;31.06;27.2;27.2;47
228;-3.2;52.2;52.2;52.2;67.03;73.18;67.03;52.2;52.2;92
229;-2.8;75.9;75.9;75.9;104.82;130.88;124.73;89.98;75.9;139
230;-1.5;74.2;74.2;74.2;233.83;561.43;603.61;335.68;74.2;217
231;-1.7;60.1;60.1;60.1;118.67;732.56;952.53;649.72;60.1;181
232;-1.8;38.8;38.8;38.8;38.8;38.8;38.8;38.8;38.8;103
233;-1.9;8.9;8.9;8.9;8.9;8.9;8.9;8.9;8.9;19
234;-3.1;0.0;0.0;0.0;0.0;0.0;0.0;0.0;0.0;0
235;-3.5;0.0;0.0;0.0;0.0;0.0;0.0;0.0;0.0;0
236;-4.0;0.0;0.0;0.0;0.0;0.0;0.0;0.0;0.0;0
237;-4.8;0.0;0.0;0.0;0.0;0.0;0.0;0.0;0.0;0
238;-5.2;0.0;0.0;0.0;0.0;0.0;0.0;0.0;0.0;0
239;-6.7;0.0;0.0;0.0;0.0;0.0;0.0;0.0;0.0;0
240;-6.9;0.0;0.0;0.0;0.0;0.0;0.0;0.0;0.0;0
241;-8.3;0.0;0.0;0.0;0.0;0.0;0.0;0.0;0.0;0
242;-8.8;0.0;0.0;0.0;0.0;0.0;0.0;0.0;0.0;0
243;-8.7;0.0;0.0;0.0;0.0;0.0;0.0;0.0;0.0;0
244;-7.0;0.0;0.0;0.0;0.0;0.0;0.0;0.0;0.0;0
245;-9.4;0.0;0.0;0.0;0.0;0.0;0.0;0.0;0.0;0
246;-9.1;0.0;0.0;0.0;0.0;0.0;0.0;0.0;0.0;0
247;-9.3;0.0;0.0;0.0;0.0;0.0;0.0;0.0;0.0;0
248;-8.7;0.0;0.0;0.0;0.0;0.0;0.0;0.0;0.0;0
249;-8.6;1.8;1.8;1.8;1.8;1.8;1.8;1.8;1.8;3
250;-5.8;34.8;34.8;173.42;315.11;292.6;119.08;34.8;34.8;108
251;-3.0;43.8;43.8;222.6;662.93;740.59;410.07;43.8;43.8;233
252;-1.3;51.2;51.2;51.2;599.91;827.19;599.91;51.2;51.2;272
253;0.3;66.4;66.4;66.4;417.41;734.16;659.74;237.75;66.4;264
254;1.0;77.7;77.7;77.7;191.47;425.73;456.12;264.83;77.7;197
255;0.4;63.4;63.4;63.4;107.62;579.12;748.51;516.58;63.4;169
256;-0.3;40.5;40.5;40.5;40.5;40.5;40.5;40.5;40.5;100
257;-2.1;7.7;7.7;7.7;7.7;7.7;7.7;7.7;7.7;17
258;-3.5;0.0;0.0;0.0;0.0;0.0;0.0;0.0;0.0;0
259;-3.4;0.0;0.0;0.0;0.0;0.0;0.0;0.0;0.0;0
260;-2.4;0.0;0.0;0.0;0.0;0.0;0.0;0.0;0.0;0
261;-1.9;0.0;0.0;0.0;0.0;0.0;0.0;0.0;0.0;0
262;-1.5;0.0;0.0;0.0;0.0;0.0;0.0;0.0;0.0;0
263;-2.7;0.0;0.0;0.0;0.0;0.0;0.0;0.0;0.0;0
264;-2.3;0.0;0.0;0.0;0.0;0.0;0.0;0.0;0.0;0
265;-3.9;0.0;0.0;0.0;0.0;0.0;0.0;0.0;0.0;0
266;-5.3;0.0;0.0;0.0;0.0;0.0;0.0;0.0;0.0;0
267;-6.0;0.0;0.0;0.0;0.0;0.0;0.0;0.0;0.0;0
268;-6.4;0.0;0.0;0.0;0.0;0.0;0.0;0.0;0.0;0
269;-6.8;0.0;0.0;0.0;0.0;0.0;0.0;0.0;0.0;0
270;-3.3;0.0;0.0;0.0;0.0;0.0;0.0;0.0;0.0;0
271;-1.5;0.0;0.0;0.0;0.0;0.0;0.0;0.0;0.0;0
272;-1.4;0.0;0.0;0.0;0.0;0.0;0.0;0.0;0.0;0
273;0.2;0.0;0.0;0.0;0.0;0.0;0.0;0.0;0.0;0
274;0.2;4.8;4.8;4.8;4.8;4.8;4.8;4.8;4.8;8
275;0.5;16.3;16.3;17.22;19.49;19.89;18.19;16.3;16.3;28
276;0.6;71.2;71.2;71.2;139.13;167.27;139.13;71.2;71.2;142
277;1.5;81.5;81.5;81.5;226.8;358.09;327.35;152.6;81.5;200
278;2.3;74.3;74.3;74.3;247.24;604.55;651.25;359.97;74.3;228
279;1.8;64.2;64.2;64.2;107.86;581.99;752.81;520.25;64.2;172
280;1.1;39.2;39.2;39.2;39.2;39.2;39.2;39.2;39.2;72
281;1.1;8.2;8.2;8.2;8.2;8.2;8.2;8.2;8.2;17
282;1.5;0.0;0.0;0.0;0.0;0.0;0.0;0.0;0.0;0
283;1.2;0.0;0.0;0.0;0.0;0.0;0.0;0.0;0.0;0
284;1.2;0.0;0.0;0.0;0.0;0.0;0.0;0.0;0.0;0
285;1.1;0.0;0.0;0.0;0.0;0.0;0.0;0.0;0.0;0
286;1.1;0.0;0.0;0.0;0.0;0.0;0.0;0.0;0.0;0
287;1.5;0.0;0.0;0.0;0.0;0.0;0.0;0.0;0.0;0
288;2.1;0.0;0.0;0.0;0.0;0.0;0.0;0.0;0.0;0
289;2.7;0.0;0.0;0.0;0.0;0.0;0.0;0.0;0.0;0
290;3.0;0.0;0.0;0.0;0.0;0.0;0.0;0.0;0.0;0
291;3.1;0.0;0.0;0.0;0.0;0.0;0.0;0.0;0.0;0
292;2.6;0.0;0.0;0.0;0.0;0.0;0.0;0.0;0.0;0
293;2.7;0.0;0.0;0.0;0.0;0.0;0.0;0.0;0.0;0
294;3.0;0.0;0.0;0.0;0.0;0.0;0.0;0.0;0.0;0
295;3.6;0.0;0.0;0.0;0.0;0.0;0.0;0.0;0.0;0
296;4.6;0.0;0.0;0.0;0.0;0.0;0.0;0.0;0.0;0
297;5.2;0.0;0.0;0.0;0.0;0.0;0.0;0.0;0.0;0
298;6.2;4.8;4.8;4.8;4.8;4.8;4.8;4.8;4.8;8
299;6.9;16.3;16.3;17.22;19.46;19.85;18.17;16.3;16.3;28
300;7.5;25.9;25.9;25.9;28.3;29.3;28.3;25.9;25.9;44
301;7.8;33.8;33.8;33.8;37.53;40.91;40.12;35.63;33.8;58
302;8.2;44.8;44.8;44.8;50.25;61.55;63.03;53.84;44.8;78
303;8.4;50.4;50.4;50.4;53.63;89.34;102.25;84.78;50.4;89
304;8.1;12.7;12.7;12.7;12.7;12.7;12.7;12.7;12.7;22
305;8.4;0.0;0.0;0.0;0.0;0.0;0.0;0.0;0.0;0
306;8.4;0.0;0.0;0.0;0.0;0.0;0.0;0.0;0.0;0
307;8.0;0.0;0.0;0.0;0.0;0.0;0.0;0.0;0.0;0
308;8.3;0.0;0.0;0.0;0.0;0.0;0.0;0.0;0.0;0
309;8.4;0.0;0.0;0.0;0.0;0.0;0.0;0.0;0.0;0
310;8.3;0.0;0.0;0.0;0.0;0.0;0.0;0.0;0.0;0
311;8.6;0.0;0.0;0.0;0.0;0.0;0.0;0.0;0.0;0
312;8.4;0.0;0.0;0.0;0.0;0.0;0.0;0.0;0.0;0
313;7.5;0.0;0.0;0.0;0.0;0.0;0.0;0.0;0.0;0
314;7.2;0.0;0.0;0.0;0.0;0.0;0.0;0.0;0.0;0
315;7.2;0.0;0.0;0.0;0.0;0.0;0.0;0.0;0.0;0
316;7.0;0.0;0.0;0.0;0.0;0.0;0.0;0.0;0.0;0
317;6.5;0.0;0.0;0.0;0.0;0.0;0.0;0.0;0.0;0
318;6.1;0.0;0.0;0.0;0.0;0.0;0.0;0.0;0.0;0
319;6.2;0.0;0.0;0.0;0.0;0.0;0.0;0.0;0.0;0
320;6.2;0.0;0.0;0.0;0.0;0.0;0.0;0.0;0.0;0
321;6.5;0.0;0.0;0.0;0.0;0.0;0.0;0.0;0.0;0
322;6.9;15.8;15.8;20.27;24.8;24.06;18.48;15.8;15.8;28
323;7.1;29.0;29.0;30.81;35.25;36.03;32.69;29.0;29.0;50
324;8.0;53.4;53.4;53.4;67.66;73.57;67.66;53.4;53.4;94
325;8.2;41.7;41.7;41.7;47.23;52.25;51.08;44.42;41.7;72
326;8.6;39.9;39.9;39.9;43.92;52.29;53.4;46.6;39.9;69
327;8.5;35.1;35.1;35.1;36.65;54.13;60.47;51.94;35.1;61
328;8.2;28.5;28.5;28.5;28.5;28.5;28.5;28.5;28.5;50
329;7.9;3.6;3.6;3.6;3.6;3.6;3.6;3.6;3.6;6
330;7.6;0.0;0.0;0.0;0.0;0.0;0.0;0.0;0.0;0
331;7.6;0.0;0.0;0.0;0.0;0.0;0.0;0.0;0.0;0
332;7.4;0.0;0.0;0.0;0.0;0.0;0.0;0.0;0.0;0
333;7.0;0.0;0.0;0.0;0.0;0.0;0.0;0.0;0.0;0
334;6.9;0.0;0.0;0.0;0.0;0.0;0.0;0.0;0.0;0
335;6.8;0.0;0.0;0.0;0.0;0.0;0.0;0.0;0.0;0
336;6.7;0.0;0.0;0.0;0.0;0.0;0.0;0.0;0.0;0
337;6.6;0.0;0.0;0.0;0.0;0.0;0.0;0.0;0.0;0
338;6.4;0.0;0.0;0.0;0.0;0.0;0.0;0.0;0.0;0
339;6.5;0.0;0.0;0.0;0.0;0.0;0.0;0.0;0.0;0
340;6.5;0.0;0.0;0.0;0.0;0.0;0.0;0.0;0.0;0
341;6.1;0.0;0.0;0.0;0.0;0.0;0.0;0.0;0.0;0
342;6.0;0.0;0.0;0.0;0.0;0.0;0.0;0.0;0.0;0
343;6.0;0.0;0.0;0.0;0.0;0.0;0.0;0.0;0.0;0
344;6.0;0.0;0.0;0.0;0.0;0.0;0.0;0.0;0.0;0
345;5.9;0.0;0.0;0.0;0.0;0.0;0.0;0.0;0.0;0
346;6.1;3.6;3.6;3.6;3.6;3.6;3.6;3.6;3.6;6
347;6.2;10.2;10.2;10.2;10.2;10.2;10.2;10.2;10.2;17
348;6.4;21.1;21.1;21.1;23.45;24.43;23.45;21.1;21.1;36
349;7.3;80.5;80.5;80.5;115.12;146.54;139.27;97.58;80.5;150
350;7.1;81.5;81.5;81.5;183.0;395.07;423.46;251.53;81.5;200
351;6.9;38.7;38.7;38.7;40.18;57.29;63.51;55.2;38.7;67
352;5.5;6.6;6.6;6.6;6.6;6.6;6.6;6.6;6.6;11
353;5.8;0.0;0.0;0.0;0.0;0.0;0.0;0.0;0.0;0
354;5.4;0.0;0.0;0.0;0.0;0.0;0.0;0.0;0.0;0
355;5.0;0.0;0.0;0.0;0.0;0.0;0.0;0.0;0.0;0
356;5.2;0.0;0.0;0.0;0.0;0.0;0.0;0.0;0.0;0
357;5.4;0.0;0.0;0.0;0.0;0.0;0.0;0.0;0.0;0
358;5.4;0.0;0.0;0.0;0.0;0.0;0.0;0.0;0.0;0
359;5.5;0.0;0.0;0.0;0.0;0.0;0.0;0.0;0.0;0
360;5.2;0.0;0.0;0.0;0.0;0.0;0.0;0.0;0.0;0
361;4.8;0.0;0.0;0.0;0.0;0.0;0.0;0.0;0.0;0
362;4.3;0.0;0.0;0.0;0.0;0.0;0.0;0.0;0.0;0
363;4.2;0.0;0.0;0.0;0.0;0.0;0.0;0.0;0.0;0
364;4.0;0.0;0.0;0.0;0.0;0.0;0.0;0.0;0.0;0
365;4.1;0.0;0.0;0.0;0.0;0.0;0.0;0.0;0.0;0
366;3.9;0.0;0.0;0.0;0.0;0.0;0.0;0.0;0.0;0
367;3.4;0.0;0.0;0.0;0.0;0.0;0.0;0.0;0.0;0
368;3.5;0.0;0.0;0.0;0.0;0.0;0.0;0.0;0.0;0
369;3.7;1.8;1.8;1.8;1.8;1.8;1.8;1.8;1.8;3
370;4.3;24.7;24.7;39.97;55.37;52.8;33.77;24.7;24.7;47
371;5.4;55.1;55.1;102.29;217.23;237.19;150.49;55.1;55.1;136
372;6.4;73.1;73.1;73.1;308.11;405.45;308.11;73.1;73.1;206
373;7.4;78.7;78.7;78.7;328.88;556.27;503.91;202.47;78.7;247
374;7.6;78.7;78.7;78.7;103.32;154.97;161.95;120.15;78.7;147
375;7.6;65.7;65.7;65.7;72.78;156.47;186.99;146.46;65.7;122
376;7.6;44.9;44.9;44.9;44.9;44.9;44.9;44.9;44.9;114
377;6.4;19.1;19.1;19.1;19.1;19.1;19.1;19.1;19.1;36
378;5.5;0.0;0.0;0.0;0.0;0.0;0.0;0.0;0.0;0
379;4.6;0.0;0.0;0.0;0.0;0.0;0.0;0.0;0.0;0
380;4.5;0.0;0.0;0.0;0.0;0.0;0.0;0.0;0.0;0
381;3.9;0.0;0.0;0.0;0.0;0.0;0.0;0.0;0.0;0
382;4.0;0.0;0.0;0.0;0.0;0.0;0.0;0.0;0.0;0
383;4.8;0.0;0.0;0.0;0.0;0.0;0.0;0.0;0.0;0
384;5.0;0.0;0.0;0.0;0.0;0.0;0.0;0.0;0.0;0
385;5.3;0.0;0.0;0.0;0.0;0.0;0.0;0.0;0.0;0
386;5.0;0.0;0.0;0.0;0.0;0.0;0.0;0.0;0.0;0
387;4.3;0.0;0.0;0.0;0.0;0.0;0.0;0.0;0.0;0
388;4.1;0.0;0.0;0.0;0.0;0.0;0.0;0.0;0.0;0
389;4.3;0.0;0.0;0.0;0.0;0.0;0.0;0.0;0.0;0
390;4.1;0.0;0.0;0.0;0.0;0.0;0.0;0.0;0.0;0
391;3.8;0.0;0.0;0.0;0.0;0.0;0.0;0.0;0.0;0
392;3.6;0.0;0.0;0.0;0.0;0.0;0.0;0.0;0.0;0
393;3.4;0.0;0.0;0.0;0.0;0.0;0.0;0.0;0.0;0
394;3.5;9.7;9.7;11.86;14.02;13.66;10.97;9.7;9.7;17
395;3.5;22.9;22.9;23.78;25.92;26.3;24.68;22.9;22.9;39
396;3.7;36.9;36.9;36.9;43.8;46.66;43.8;36.9;36.9;64
397;4.1;58.8;58.8;58.8;69.46;79.17;76.95;64.09;58.8;103
398;4.0;82.9;82.9;82.9;130.01;229.26;242.78;162.64;82.9;169
399;3.8;70.5;70.5;70.5;88.06;300.88;378.76;276.06;70.5;150
400;3.5;46.6;46.6;46.6;46.6;46.6;46.6;46.6;46.6;106
401;2.7;15.6;15.6;15.6;15.6;15.6;15.6;15.6;15.6;31
402;2.0;0.0;0.0;0.0;0.0;0.0;0.0;0.0;0.0;0
403;1.7;0.0;0.0;0.0;0.0;0.0;0.0;0.0;0.0;0
404;1.7;0.0;0.0;0.0;0.0;0.0;0.0;0.0;0.0;0
405;1.5;0.0;0.0;0.0;0.0;0.0;0.0;0.0;0.0;0
406;1.9;0.0;0.0;0.0;0.0;0.0;0.0;0.0;0.0;0
407;2.5;0.0;0.0;0.0;0.0;0.0;0.0;0.0;0.0;0
408;2.7;0.0;0.0;0.0;0.0;0.0;0.0;0.0;0.0;0
409;3.1;0.0;0.0;0.0;0.0;0.0;0.0;0.0;0.0;0
410;3.3;0.0;0.0;0.0;0.0;0.0;0.0;0.0;0.0;0
411;3.7;0.0;0.0;0.0;0.0;0.0;0.0;0.0;0.0;0
412;3.9;0.0;0.0;0.0;0.0;0.0;0.0;0.0;0.0;0
413;4.0;0.0;0.0;0.0;0.0;0.0;0.0;0.0;0.0;0
414;4.1;0.0;0.0;0.0;0.0;0.0;0.0;0.0;0.0;0
415;4.3;0.0;0.0;0.0;0.0;0.0;0.0;0.0;0.0;0
416;4.4;0.0;0.0;0.0;0.0;0.0;0.0;0.0;0.0;0
417;4.5;0.0;0.0;0.0;0.0;0.0;0.0;0.0;0.0;0
418;4.8;8.4;8.4;8.4;8.4;8.4;8.4;8.4;8.4;14
419;4.7;11.4;11.4;11.4;11.4;11.4;11.4;11.4;11.4;19
420;4.8;27.7;27.7;27.7;29.97;30.92;29.97;27.7;27.7;47
421;4.7;25.9;25.9;25.9;27.65;29.25;28.89;26.77;25.9;44
422;5.3;33.8;33.8;33.8;36.3;41.59;42.32;38.06;33.8;58
423;5.6;27.2;27.2;27.2;28.06;38.73;42.65;37.52;27.2;47
424;5.6;10.2;10.2;10.2;10.2;10.2;10.2;10.2;10.2;17
425;5.6;4.8;4.8;4.8;4.8;4.8;4.8;4.8;4.8;8
426;5.5;0.0;0.0;0.0;0.0;0.0;0.0;0.0;0.0;0
427;5.3;0.0;0.0;0.0;0.0;0.0;0.0;0.0;0.0;0
428;4.9;0.0;0.0;0.0;0.0;0.0;0.0;0.0;0.0;0
429;4.3;0.0;0.0;0.0;0.0;0.0;0.0;0.0;0.0;0
430;4.1;0.0;0.0;0.0;0.0;0.0;0.0;0.0;0.0;0
431;4.1;0.0;0.0;0.0;0.0;0.0;0.0;0.0;0.0;0
432;3.5;0.0;0.0;0.0;0.0;0.0;0.0;0.0;0.0;0
433;2.5;0.0;0.0;0.0;0.0;0.0;0.0;0.0;0.0;0
434;2.0;0.0;0.0;0.0;0.0;0.0;0.0;0.0;0.0;0
435;1.6;0.0;0.0;0.0;0.0;0.0;0.0;0.0;0.0;0
436;1.9;0.0;0.0;0.0;0.0;0.0;0.0;0.0;0.0;0
437;1.7;0.0;0.0;0.0;0.0;0.0;0.0;0.0;0.0;0
438;1.8;0.0;0.0;0.0;0.0;0.0;0.0;0.0;0.0;0
439;2.1;0.0;0.0;0.0;0.0;0.0;0.0;0.0;0.0;0
440;2.2;0.0;0.0;0.0;0.0;0.0;0.0;0.0;0.0;0
441;2.8;0.0;0.0;0.0;0.0;0.0;0.0;0.0;0.0;0
442;3.5;12.7;12.7;14.8;16.9;16.54;13.93;12.7;12.7;22
443;4.2;33.3;33.3;35.89;42.16;43.24;38.49;33.3;33.3;58
444;4.7;56.5;56.5;56.5;72.24;78.75;72.24;56.5;56.5;100
445;4.2;24.7;24.7;24.7;26.43;28.01;27.65;25.56;24.7;42
446;5.1;24.7;24.7;24.7;25.93;28.54;28.9;26.8;24.7;42
447;5.8;18.1;18.1;18.1;18.51;23.72;25.65;23.15;18.1;31
448;5.9;6.6;6.6;6.6;6.6;6.6;6.6;6.6;6.6;11
449;6.1;0.0;0.0;0.0;0.0;0.0;0.0;0.0;0.0;0
450;6.7;0.0;0.0;0.0;0.0;0.0;0.0;0.0;0.0;0
451;6.7;0.0;0.0;0.0;0.0;0.0;0.0;0.0;0.0;0
452;7.1;0.0;0.0;0.0;0.0;0.0;0.0;0.0;0.0;0
453;6.8;0.0;0.0;0.0;0.0;0.0;0.0;0.0;0.0;0
454;6.5;0.0;0.0;0.0;0.0;0.0;0.0;0.0;0.0;0
455;5.8;0.0;0.0;0.0;0.0;0.0;0.0;0.0;0.0;0
456;6.2;0.0;0.0;0.0;0.0;0.0;0.0;0.0;0.0;0
457;6.0;0.0;0.0;0.0;0.0;0.0;0.0;0.0;0.0;0
458;6.5;0.0;0.0;0.0;0.0;0.0;0.0;0.0;0.0;0
459;6.9;0.0;0.0;0.0;0.0;0.0;0.0;0.0;0.0;0
460;7.0;0.0;0.0;0.0;0.0;0.0;0.0;0.0;0.0;0
461;7.0;0.0;0.0;0.0;0.0;0.0;0.0;0.0;0.0;0
462;6.8;0.0;0.0;0.0;0.0;0.0;0.0;0.0;0.0;0
463;6.6;0.0;0.0;0.0;0.0;0.0;0.0;0.0;0.0;0
464;6.2;0.0;0.0;0.0;0.0;0.0;0.0;0.0;0.0;0
465;6.9;0.0;0.0;0.0;0.0;0.0;0.0;0.0;0.0;0
466;7.2;10.9;10.9;12.97;15.04;14.68;12.1;10.9;10.9;19
467;7.6;25.4;25.4;27.11;31.23;31.94;28.82;25.4;25.4;44
468;8.5;39.9;39.9;39.9;46.56;49.32;46.56;39.9;39.9;69
469;8.8;41.7;41.7;41.7;46.82;51.51;50.45;44.27;41.7;72
470;8.4;35.6;35.6;35.6;38.01;43.16;43.88;39.75;35.6;61
471;8.5;24.7;24.7;24.7;25.09;30.19;32.07;29.64;24.7;42
472;8.6;21.1;21.1;21.1;21.1;21.1;21.1;21.1;21.1;36
473;8.7;4.8;4.8;4.8;4.8;4.8;4.8;4.8;4.8;8
474;8.6;0.0;0.0;0.0;0.0;0.0;0.0;0.0;0.0;0
475;8.4;0.0;0.0;0.0;0.0;0.0;0.0;0.0;0.0;0
476;7.9;0.0;0.0;0.0;0.0;0.0;0.0;0.0;0.0;0
477;7.7;0.0;0.0;0.0;0.0;0.0;0.0;0.0;0.0;0
478;7.6;0.0;0.0;0.0;0.0;0.0;0.0;0.0;0.0;0
479;7.4;0.0;0.0;0.0;0.0;0.0;0.0;0.0;0.0;0
480;7.5;0.0;0.0;0.0;0.0;0.0;0.0;0.0;0.0;0
481;7.4;0.0;0.0;0.0;0.0;0.0;0.0;0.0;0.0;0
482;7.4;0.0;0.0;0.0;0.0;0.0;0.0;0.0;0.0;0
483;7.3;0.0;0.0;0.0;0.0;0.0;0.0;0.0;0.0;0
484;7.6;0.0;0.0;0.0;0.0;0.0;0.0;0.0;0.0;0
485;7.4;0.0;0.0;0.0;0.0;0.0;0.0;0.0;0.0;0
486;6.6;0.0;0.0;0.0;0.0;0.0;0.0;0.0;0.0;0
487;6.8;0.0;0.0;0.0;0.0;0.0;0.0;0.0;0.0;0
488;6.6;0.0;0.0;0.0;0.0;0.0;0.0;0.0;0.0;0
489;6.7;0.0;0.0;0.0;0.0;0.0;0.0;0.0;0.0;0
490;7.3;20.6;20.6;24.69;28.75;28.04;22.96;20.6;20.6;36
491;7.9;57.6;57.6;72.84;109.46;115.71;87.91;57.6;57.6;111
492;8.4;76.4;76.4;76.4;120.28;138.46;120.28;76.4;76.4;144
493;9.3;90.1;90.1;90.1;202.93;306.39;283.15;146.82;90.1;206
494;9.2;88.2;88.2;88.2;159.12;311.33;332.84;211.04;88.2;197
495;9.4;60.8;60.8;60.8;63.73;103.59;118.39;99.45;60.8;108
496;9.3;51.0;51.0;51.0;51.0;51.0;51.0;51.0;51.0;125
497;8.1;17.3;17.3;17.3;17.3;17.3;17.3;17.3;17.3;33
498;7.7;0.0;0.0;0.0;0.0;0.0;0.0;0.0;0.0;0
499;7.1;0.0;0.0;0.0;0.0;0.0;0.0;0.0;0.0;0
500;6.6;0.0;0.0;0.0;0.0;0.0;0.0;0.0;0.0;0
501;6.8;0.0;0.0;0.0;0.0;0.0;0.0;0.0;0.0;0
502;6.5;0.0;0.0;0.0;0.0;0.0;0.0;0.0;0.0;0
503;6.5;0.0;0.0;0.0;0.0;0.0;0.0;0.0;0.0;0
504;7.1;0.0;0.0;0.0;0.0;0.0;0.0;0.0;0.0;0
505;7.3;0.0;0.0;0.0;0.0;0.0;0.0;0.0;0.0;0
506;7.3;0.0;0.0;0.0;0.0;0.0;0.0;0.0;0.0;0
507;6.6;0.0;0.0;0.0;0.0;0.0;0.0;0.0;0.0;0
508;6.6;0.0;0.0;0.0;0.0;0.0;0.0;0.0;0.0;0
509;6.7;0.0;0.0;0.0;0.0;0.0;0.0;0.0;0.0;0
510;6.9;0.0;0.0;0.0;0.0;0.0;0.0;0.0;0.0;0
511;6.7;0.0;0.0;0.0;0.0;0.0;0.0;0.0;0.0;0
512;7.1;0.0;0.0;0.0;0.0;0.0;0.0;0.0;0.0;0
513;6.9;1.8;1.8;1.8;1.8;1.8;1.8;1.8;1.8;3
514;7.7;3.6;3.6;3.6;3.6;3.6;3.6;3.6;3.6;6
515;7.9;3.6;3.6;3.6;3.6;3.6;3.6;3.6;3.6;6
516;8.1;3.6;3.6;3.6;3.6;3.6;3.6;3.6;3.6;6
517;8.4;3.6;3.6;3.6;3.6;3.6;3.6;3.6;3.6;6
518;8.2;3.6;3.6;3.6;3.6;3.6;3.6;3.6;3.6;6
519;7.7;11.4;11.4;11.4;11.4;11.4;11.4;11.4;11.4;19
520;7.4;8.4;8.4;8.4;8.4;8.4;8.4;8.4;8.4;14
521;7.3;4.8;4.8;4.8;4.8;4.8;4.8;4.8;4.8;8
522;6.8;0.0;0.0;0.0;0.0;0.0;0.0;0.0;0.0;0
523;6.8;0.0;0.0;0.0;0.0;0.0;0.0;0.0;0.0;0
524;6.9;0.0;0.0;0.0;0.0;0.0;0.0;0.0;0.0;0
525;7.1;0.0;0.0;0.0;0.0;0.0;0.0;0.0;0.0;0
526;6.9;0.0;0.0;0.0;0.0;0.0;0.0;0.0;0.0;0
527;7.2;0.0;0.0;0.0;0.0;0.0;0.0;0.0;0.0;0
528;7.2;0.0;0.0;0.0;0.0;0.0;0.0;0.0;0.0;0
529;7.2;0.0;0.0;0.0;0.0;0.0;0.0;0.0;0.0;0
530;6.9;0.0;0.0;0.0;0.0;0.0;0.0;0.0;0.0;0
531;6.9;0.0;0.0;0.0;0.0;0.0;0.0;0.0;0.0;0
532;6.8;0.0;0.0;0.0;0.0;0.0;0.0;0.0;0.0;0
533;6.9;0.0;0.0;0.0;0.0;0.0;0.0;0.0;0.0;0
534;6.9;0.0;0.0;0.0;0.0;0.0;0.0;0.0;0.0;0
535;6.6;0.0;0.0;0.0;0.0;0.0;0.0;0.0;0.0;0
536;6.7;0.0;0.0;0.0;0.0;0.0;0.0;0.0;0.0;0
537;6.7;0.0;0.0;0.0;0.0;0.0;0.0;0.0;0.0;0
538;7.0;1.8;1.8;1.8;1.8;1.8;1.8;1.8;1.8;3
539;7.1;4.8;4.8;4.8;4.8;4.8;4.8;4.8;4.8;8
540;7.2;10.2;10.2;10.2;10.2;10.2;10.2;10.2;10.2;17
541;7.4;24.7;24.7;24.7;26.34;27.84;27.51;25.53;24.7;42
542;7.5;27.7;27.7;27.7;28.84;31.3;31.66;29.69;27.7;47
543;6.7;6.6;6.6;6.6;6.6;6.6;6.6;6.6;6.6;11
544;6.8;4.8;4.8;4.8;4.8;4.8;4.8;4.8;4.8;8
545;6.4;1.8;1.8;1.8;1.8;1.8;1.8;1.8;1.8;3
546;5.5;0.0;0.0;0.0;0.0;0.0;0.0;0.0;0.0;0
547;4.5;0.0;0.0;0.0;0.0;0.0;0.0;0.0;0.0;0
548;3.1;0.0;0.0;0.0;0.0;0.0;0.0;0.0;0.0;0
549;1.5;0.0;0.0;0.0;0.0;0.0;0.0;0.0;0.0;0
550;0.9;0.0;0.0;0.0;0.0;0.0;0.0;0.0;0.0;0
551;1.3;0.0;0.0;0.0;0.0;0.0;0.0;0.0;0.0;0
552;-0.1;0.0;0.0;0.0;0.0;0.0;0.0;0.0;0.0;0
553;0.1;0.0;0.0;0.0;0.0;0.0;0.0;0.0;0.0;0
554;-0.4;0.0;0.0;0.0;0.0;0.0;0.0;0.0;0.0;0
555;-0.6;0.0;0.0;0.0;0.0;0.0;0.0;0.0;0.0;0
556;-1.1;0.0;0.0;0.0;0.0;0.0;0.0;0.0;0.0;0
557;-2.1;0.0;0.0;0.0;0.0;0.0;0.0;0.0;0.0;0
558;-1.4;0.0;0.0;0.0;0.0;0.0;0.0;0.0;0.0;0
559;-2.1;0.0;0.0;0.0;0.0;0.0;0.0;0.0;0.0;0
560;-2.7;0.0;0.0;0.0;0.0;0.0;0.0;0.0;0.0;0
561;-2.2;3.6;3.6;3.6;3.6;3.6;3.6;3.6;3.6;6
562;0.3;32.0;32.0;83.13;133.25;124.06;60.95;32.0;32.0;75
563;3.7;61.1;61.1;119.29;257.91;281.24;175.61;61.1;61.1;161
564;5.8;77.4;77.4;77.4;356.21;471.7;356.21;77.4;77.4;239
565;6.7;82.1;82.1;82.1;370.8;637.1;578.28;228.81;82.1;286
566;7.0;83.9;83.9;83.9;256.47;632.74;687.51;388.69;83.9;269
567;7.1;75.4;75.4;75.4;107.99;600.64;785.61;554.55;75.4;214
568;6.5;54.6;54.6;54.6;54.6;54.6;54.6;54.6;54.6;131
569;4.7;18.3;18.3;18.3;18.3;18.3;18.3;18.3;18.3;33
570;3.5;0.0;0.0;0.0;0.0;0.0;0.0;0.0;0.0;0
571;3.6;0.0;0.0;0.0;0.0;0.0;0.0;0.0;0.0;0
572;2.7;0.0;0.0;0.0;0.0;0.0;0.0;0.0;0.0;0
573;3.1;0.0;0.0;0.0;0.0;0.0;0.0;0.0;0.0;0
574;3.6;0.0;0.0;0.0;0.0;0.0;0.0;0.0;0.0;0
575;3.2;0.0;0.0;0.0;0.0;0.0;0.0;0.0;0.0;0
576;2.7;0.0;0.0;0.0;0.0;0.0;0.0;0.0;0.0;0
577;3.3;0.0;0.0;0.0;0.0;0.0;0.0;0.0;0.0;0
578;3.7;0.0;0.0;0.0;0.0;0.0;0.0;0.0;0.0;0
579;3.3;0.0;0.0;0.0;0.0;0.0;0.0;0.0;0.0;0
580;3.3;0.0;0.0;0.0;0.0;0.0;0.0;0.0;0.0;0
581;2.8;0.0;0.0;0.0;0.0;0.0;0.0;0.0;0.0;0
582;2.8;0.0;0.0;0.0;0.0;0.0;0.0;0.0;0.0;0
583;2.3;0.0;0.0;0.0;0.0;0.0;0.0;0.0;0.0;0
584;1.8;0.0;0.0;0.0;0.0;0.0;0.0;0.0;0.0;0
585;3.1;0.0;0.0;0.0;0.0;0.0;0.0;0.0;0.0;0
586;3.4;16.3;16.3;18.24;20.13;19.78;17.39;16.3;16.3;28
587;3.9;35.1;35.1;37.53;43.31;44.27;39.87;35.1;35.1;61
588;5.2;83.5;83.5;83.5;173.14;210.27;173.14;83.5;83.5;175
589;5.8;92.4;92.4;92.4;264.01;422.64;387.82;179.95;92.4;244
590;5.0;32.6;32.6;32.6;34.78;39.56;40.27;36.48;32.6;56
591;4.6;15.0;15.0;15.0;15.0;15.0;15.0;15.0;15.0;25
592;5.1;3.6;3.6;3.6;3.6;3.6;3.6;3.6;3.6;6
593;5.3;0.0;0.0;0.0;0.0;0.0;0.0;0.0;0.0;0
594;5.6;0.0;0.0;0.0;0.0;0.0;0.0;0.0;0.0;0
595;6.1;0.0;0.0;0.0;0.0;0.0;0.0;0.0;0.0;0
596;5.5;0.0;0.0;0.0;0.0;0.0;0.0;0.0;0.0;0
597;4.6;0.0;0.0;0.0;0.0;0.0;0.0;0.0;0.0;0
598;4.0;0.0;0.0;0.0;0.0;0.0;0.0;0.0;0.0;0
599;4.1;0.0;0.0;0.0;0.0;0.0;0.0;0.0;0.0;0
600;3.3;0.0;0.0;0.0;0.0;0.0;0.0;0.0;0.0;0
601;3.0;0.0;0.0;0.0;0.0;0.0;0.0;0.0;0.0;0
602;3.8;0.0;0.0;0.0;0.0;0.0;0.0;0.0;0.0;0
603;2.9;0.0;0.0;0.0;0.0;0.0;0.0;0.0;0.0;0
604;2.5;0.0;0.0;0.0;0.0;0.0;0.0;0.0;0.0;0
605;2.5;0.0;0.0;0.0;0.0;0.0;0.0;0.0;0.0;0
606;1.5;0.0;0.0;0.0;0.0;0.0;0.0;0.0;0.0;0
607;0.9;0.0;0.0;0.0;0.0;0.0;0.0;0.0;0.0;0
608;2.6;0.0;0.0;0.0;0.0;0.0;0.0;0.0;0.0;0
609;2.9;3.6;3.6;3.6;3.6;3.6;3.6;3.6;3.6;6
610;3.9;33.4;33.4;64.01;93.77;88.17;50.49;33.4;33.4;69
611;4.7;41.2;41.2;44.41;52.0;53.26;47.46;41.2;41.2;72
612;5.8;46.6;46.6;46.6;54.83;58.24;54.83;46.6;46.6;81
613;6.4;47.8;47.8;47.8;54.06;59.86;58.6;51.01;47.8;83
614;6.5;41.7;41.7;41.7;44.9;51.97;53.02;47.44;41.7;72
615;6.2;21.1;21.1;21.1;21.37;25.81;27.49;25.42;21.1;36
616;6.0;10.2;10.2;10.2;10.2;10.2;10.2;10.2;10.2;17
617;5.9;1.8;1.8;1.8;1.8;1.8;1.8;1.8;1.8;3
618;6.1;0.0;0.0;0.0;0.0;0.0;0.0;0.0;0.0;0
619;6.8;0.0;0.0;0.0;0.0;0.0;0.0;0.0;0.0;0
620;7.1;0.0;0.0;0.0;0.0;0.0;0.0;0.0;0.0;0
621;7.6;0.0;0.0;0.0;0.0;0.0;0.0;0.0;0.0;0
622;8.6;0.0;0.0;0.0;0.0;0.0;0.0;0.0;0.0;0
623;9.4;0.0;0.0;0.0;0.0;0.0;0.0;0.0;0.0;0
624;9.6;0.0;0.0;0.0;0.0;0.0;0.0;0.0;0.0;0
625;9.5;0.0;0.0;0.0;0.0;0.0;0.0;0.0;0.0;0
626;9.4;0.0;0.0;0.0;0.0;0.0;0.0;0.0;0.0;0
627;9.2;0.0;0.0;0.0;0.0;0.0;0.0;0.0;0.0;0
628;8.9;0.0;0.0;0.0;0.0;0.0;0.0;0.0;0.0;0
629;8.7;0.0;0.0;0.0;0.0;0.0;0.0;0.0;0.0;0
630;8.8;0.0;0.0;0.0;0.0;0.0;0.0;0.0;0.0;0
631;8.6;0.0;0.0;0.0;0.0;0.0;0.0;0.0;0.0;0
632;8.3;0.0;0.0;0.0;0.0;0.0;0.0;0.0;0.0;0
633;8.6;1.8;1.8;1.8;1.8;1.8;1.8;1.8;1.8;3
634;9.4;29.8;29.8;37.35;44.65;43.26;33.98;29.8;29.8;53
635;9.4;35.1;35.1;37.48;43.09;44.02;39.72;35.1;35.1;61
636;10.1;41.7;41.7;41.7;47.79;50.31;47.79;41.7;41.7;72
637;10.6;57.5;57.5;57.5;65.21;72.36;70.81;61.46;57.5;100
638;11.1;63.1;63.1;63.1;70.42;86.66;89.09;76.31;63.1;111
639;10.8;43.0;43.0;43.0;44.01;61.34;67.93;59.92;43.0;75
640;9.9;44.3;44.3;44.3;44.3;44.3;44.3;44.3;44.3;78
641;9.7;15.8;15.8;15.8;15.8;15.8;15.8;15.8;15.8;28
642;8.6;0.0;0.0;0.0;0.0;0.0;0.0;0.0;0.0;0
643;8.2;0.0;0.0;0.0;0.0;0.0;0.0;0.0;0.0;0
644;8.6;0.0;0.0;0.0;0.0;0.0;0.0;0.0;0.0;0
645;9.0;0.0;0.0;0.0;0.0;0.0;0.0;0.0;0.0;0
646;9.1;0.0;0.0;0.0;0.0;0.0;0.0;0.0;0.0;0
647;9.7;0.0;0.0;0.0;0.0;0.0;0.0;0.0;0.0;0
648;9.2;0.0;0.0;0.0;0.0;0.0;0.0;0.0;0.0;0
649;8.5;0.0;0.0;0.0;0.0;0.0;0.0;0.0;0.0;0
650;8.2;0.0;0.0;0.0;0.0;0.0;0.0;0.0;0.0;0
651;7.9;0.0;0.0;0.0;0.0;0.0;0.0;0.0;0.0;0
652;7.1;0.0;0.0;0.0;0.0;0.0;0.0;0.0;0.0;0
653;6.3;0.0;0.0;0.0;0.0;0.0;0.0;0.0;0.0;0
654;5.9;0.0;0.0;0.0;0.0;0.0;0.0;0.0;0.0;0
655;6.1;0.0;0.0;0.0;0.0;0.0;0.0;0.0;0.0;0
656;6.2;0.0;0.0;0.0;0.0;0.0;0.0;0.0;0.0;0
657;6.1;1.8;1.8;1.8;1.8;1.8;1.8;1.8;1.8;3
658;6.3;18.8;18.8;22.52;26.11;25.41;20.85;18.8;18.8;33
659;6.7;33.3;33.3;35.65;41.18;42.09;37.85;33.3;33.3;58
660;7.1;60.1;60.1;60.1;74.11;79.92;74.11;60.1;60.1;106
661;7.3;71.0;71.0;71.0;83.14;94.44;92.01;77.27;71.0;125
662;7.5;74.1;74.1;74.1;83.31;103.87;106.99;90.84;74.1;131
663;7.0;30.8;30.8;30.8;31.27;39.74;42.97;39.07;30.8;53
664;6.0;18.1;18.1;18.1;18.1;18.1;18.1;18.1;18.1;31
665;5.6;8.4;8.4;8.4;8.4;8.4;8.4;8.4;8.4;14
666;5.1;0.0;0.0;0.0;0.0;0.0;0.0;0.0;0.0;0
667;4.9;0.0;0.0;0.0;0.0;0.0;0.0;0.0;0.0;0
668;4.6;0.0;0.0;0.0;0.0;0.0;0.0;0.0;0.0;0
669;4.9;0.0;0.0;0.0;0.0;0.0;0.0;0.0;0.0;0
670;4.5;0.0;0.0;0.0;0.0;0.0;0.0;0.0;0.0;0
671;5.0;0.0;0.0;0.0;0.0;0.0;0.0;0.0;0.0;0
672;4.9;0.0;0.0;0.0;0.0;0.0;0.0;0.0;0.0;0
673;4.6;0.0;0.0;0.0;0.0;0.0;0.0;0.0;0.0;0
674;4.2;0.0;0.0;0.0;0.0;0.0;0.0;0.0;0.0;0
675;4.1;0.0;0.0;0.0;0.0;0.0;0.0;0.0;0.0;0
676;3.7;0.0;0.0;0.0;0.0;0.0;0.0;0.0;0.0;0
677;4.0;0.0;0.0;0.0;0.0;0.0;0.0;0.0;0.0;0
678;3.9;0.0;0.0;0.0;0.0;0.0;0.0;0.0;0.0;0
679;4.4;0.0;0.0;0.0;0.0;0.0;0.0;0.0;0.0;0
680;4.4;0.0;0.0;0.0;0.0;0.0;0.0;0.0;0.0;0
681;4.0;0.0;0.0;0.0;0.0;0.0;0.0;0.0;0.0;0
682;4.3;8.4;8.4;8.4;8.4;8.4;8.4;8.4;8.4;14
683;4.2;39.4;39.4;42.5;49.76;50.95;45.38;39.4;39.4;69
684;4.3;61.3;61.3;61.3;75.12;80.85;75.12;61.3;61.3;108
685;5.5;88.3;88.3;88.3;107.72;125.84;121.96;98.37;88.3;158
686;6.2;94.4;94.4;94.4;222.57;510.43;554.59;329.18;94.4;264
687;5.4;84.7;84.7;84.7;99.25;376.37;482.64;355.79;84.7;197
688;5.3;58.9;58.9;58.9;58.9;299.19;475.04;407.12;135.22;114
689;4.2;6.6;6.6;6.6;6.6;6.6;6.6;6.6;6.6;11
690;3.3;0.0;0.0;0.0;0.0;0.0;0.0;0.0;0.0;0
691;2.6;0.0;0.0;0.0;0.0;0.0;0.0;0.0;0.0;0
692;3.9;0.0;0.0;0.0;0.0;0.0;0.0;0.0;0.0;0
693;3.5;0.0;0.0;0.0;0.0;0.0;0.0;0.0;0.0;0
694;2.5;0.0;0.0;0.0;0.0;0.0;0.0;0.0;0.0;0
695;2.2;0.0;0.0;0.0;0.0;0.0;0.0;0.0;0.0;0
696;1.6;0.0;0.0;0.0;0.0;0.0;0.0;0.0;0.0;0
697;1.0;0.0;0.0;0.0;0.0;0.0;0.0;0.0;0.0;0
698;1.0;0.0;0.0;0.0;0.0;0.0;0.0;0.0;0.0;0
699;0.8;0.0;0.0;0.0;0.0;0.0;0.0;0.0;0.0;0
700;1.2;0.0;0.0;0.0;0.0;0.0;0.0;0.0;0.0;0
701;1.1;0.0;0.0;0.0;0.0;0.0;0.0;0.0;0.0;0
702;0.8;0.0;0.0;0.0;0.0;0.0;0.0;0.0;0.0;0
703;1.5;0.0;0.0;0.0;0.0;0.0;0.0;0.0;0.0;0
704;-0.4;0.0;0.0;0.0;0.0;0.0;0.0;0.0;0.0;0
705;-0.2;0.0;0.0;0.0;0.0;0.0;0.0;0.0;0.0;0
706;0.4;19.3;19.3;21.11;22.84;22.49;20.28;19.3;19.3;33
707;0.9;50.4;50.4;54.99;65.72;67.47;59.22;50.4;50.4;89
708;1.6;90.1;90.1;90.1;220.57;274.61;220.57;90.1;90.1;206
709;2.2;82.7;82.7;82.7;98.88;114.0;110.79;91.12;82.7;147
710;0.4;29.5;29.5;29.5;30.48;32.69;33.04;31.31;29.5;50
711;1.0;84.7;84.7;84.7;102.94;470.69;612.33;444.89;84.7;217
712;1.2;61.3;61.3;61.3;61.3;421.71;687.35;586.27;177.66;128
713;0.3;9.7;9.7;9.7;9.7;9.7;9.7;9.7;9.7;17
714;0.7;0.0;0.0;0.0;0.0;0.0;0.0;0.0;0.0;0
715;0.3;0.0;0.0;0.0;0.0;0.0;0.0;0.0;0.0;0
716;-0.6;0.0;0.0;0.0;0.0;0.0;0.0;0.0;0.0;0
717;-0.8;0.0;0.0;0.0;0.0;0.0;0.0;0.0;0.0;0
718;-1.0;0.0;0.0;0.0;0.0;0.0;0.0;0.0;0.0;0
719;-1.4;0.0;0.0;0.0;0.0;0.0;0.0;0.0;0.0;0
720;-2.0;0.0;0.0;0.0;0.0;0.0;0.0;0.0;0.0;0
721;-3.4;0.0;0.0;0.0;0.0;0.0;0.0;0.0;0.0;0
722;-3.8;0.0;0.0;0.0;0.0;0.0;0.0;0.0;0.0;0
723;-3.7;0.0;0.0;0.0;0.0;0.0;0.0;0.0;0.0;0
724;-3.8;0.0;0.0;0.0;0.0;0.0;0.0;0.0;0.0;0
725;-5.5;0.0;0.0;0.0;0.0;0.0;0.0;0.0;0.0;0
726;-3.6;0.0;0.0;0.0;0.0;0.0;0.0;0.0;0.0;0
727;-4.1;0.0;0.0;0.0;0.0;0.0;0.0;0.0;0.0;0
728;-2.3;0.0;0.0;0.0;0.0;0.0;0.0;0.0;0.0;0
729;-1.9;3.6;3.6;3.6;3.6;3.6;3.6;3.6;3.6;6
730;-1.8;26.7;26.7;32.05;37.14;36.11;29.57;26.7;26.7;47
731;-1.5;68.9;68.9;90.85;141.91;150.2;110.87;68.9;68.9;139
732;-0.8;64.2;64.2;64.2;559.57;764.75;559.57;64.2;64.2;322
733;-1.5;98.9;98.9;98.9;149.55;197.02;187.01;125.39;98.9;194
734;-0.4;97.9;97.9;97.9;133.34;213.99;226.63;163.87;97.9;194
735;0.3;86.3;86.3;86.3;93.85;255.74;318.38;245.07;86.3;178
736;1.3;57.4;57.4;57.4;57.4;1259.71;1360.0;1360.0;452.05;189
737;1.3;30.2;30.2;30.2;30.2;30.2;30.2;30.2;30.2;67
738;1.3;1.8;1.8;1.8;1.8;1.8;1.8;1.8;1.8;3
739;0.2;0.0;0.0;0.0;0.0;0.0;0.0;0.0;0.0;0
740;-0.3;0.0;0.0;0.0;0.0;0.0;0.0;0.0;0.0;0
741;-1.2;0.0;0.0;0.0;0.0;0.0;0.0;0.0;0.0;0
742;-0.2;0.0;0.0;0.0;0.0;0.0;0.0;0.0;0.0;0
743;0.2;0.0;0.0;0.0;0.0;0.0;0.0;0.0;0.0;0
744;0.9;0.0;0.0;0.0;0.0;0.0;0.0;0.0;0.0;0
745;2.3;0.0;0.0;0.0;0.0;0.0;0.0;0.0;0.0;0
746;3.6;0.0;0.0;0.0;0.0;0.0;0.0;0.0;0.0;0
747;4.0;0.0;0.0;0.0;0.0;0.0;0.0;0.0;0.0;0
748;4.5;0.0;0.0;0.0;0.0;0.0;0.0;0.0;0.0;0
749;5.1;0.0;0.0;0.0;0.0;0.0;0.0;0.0;0.0;0
750;5.4;0.0;0.0;0.0;0.0;0.0;0.0;0.0;0.0;0
751;5.9;0.0;0.0;0.0;0.0;0.0;0.0;0.0;0.0;0
752;6.3;0.0;0.0;0.0;0.0;0.0;0.0;0.0;0.0;0
753;7.1;0.0;0.0;0.0;0.0;0.0;0.0;0.0;0.0;0
754;8.6;12.7;12.7;14.46;16.12;15.78;13.64;12.7;12.7;22
755;9.8;41.2;41.2;44.19;51.13;52.25;46.9;41.2;41.2;72
756;11.5;91.6;91.6;91.6;280.89;359.3;280.89;91.6;91.6;236
757;11.8;95.7;95.7;95.7;330.63;551.38;505.19;219.13;95.7;297
758;12.1;101.0;101.0;101.0;192.78;403.04;436.37;273.25;101.0;250
759;11.1;85.7;85.7;85.7;90.58;202.48;245.97;195.58;85.7;167
760;10.6;63.8;63.8;63.8;63.8;322.52;516.04;444.65;150.16;128
761;9.5;17.6;17.6;17.6;17.6;17.6;17.6;17.6;17.6;31
762;9.2;0.0;0.0;0.0;0.0;0.0;0.0;0.0;0.0;0
763;9.5;0.0;0.0;0.0;0.0;0.0;0.0;0.0;0.0;0
764;10.1;0.0;0.0;0.0;0.0;0.0;0.0;0.0;0.0;0
765;9.7;0.0;0.0;0.0;0.0;0.0;0.0;0.0;0.0;0
766;10.0;0.0;0.0;0.0;0.0;0.0;0.0;0.0;0.0;0
767;9.9;0.0;0.0;0.0;0.0;0.0;0.0;0.0;0.0;0
768;10.7;0.0;0.0;0.0;0.0;0.0;0.0;0.0;0.0;0
769;11.2;0.0;0.0;0.0;0.0;0.0;0.0;0.0;0.0;0
770;10.8;0.0;0.0;0.0;0.0;0.0;0.0;0.0;0.0;0
771;10.8;0.0;0.0;0.0;0.0;0.0;0.0;0.0;0.0;0
772;10.8;0.0;0.0;0.0;0.0;0.0;0.0;0.0;0.0;0
773;10.8;0.0;0.0;0.0;0.0;0.0;0.0;0.0;0.0;0
774;10.6;0.0;0.0;0.0;0.0;0.0;0.0;0.0;0.0;0
775;10.5;0.0;0.0;0.0;0.0;0.0;0.0;0.0;0.0;0
776;10.1;0.0;0.0;0.0;0.0;0.0;0.0;0.0;0.0;0
777;10.0;0.0;0.0;0.0;0.0;0.0;0.0;0.0;0.0;0
778;9.8;3.6;3.6;3.6;3.6;3.6;3.6;3.6;3.6;6
779;9.6;6.6;6.6;6.6;6.6;6.6;6.6;6.6;6.6;11
780;9.7;16.8;16.8;16.8;16.8;16.8;16.8;16.8;16.8;28
781;9.9;13.2;13.2;13.2;13.2;13.2;13.2;13.2;13.2;22
782;10.5;16.8;16.8;16.8;16.8;16.8;16.8;16.8;16.8;28
783;11.6;18.1;18.1;18.1;18.25;22.02;23.5;21.81;18.1;31
784;11.7;21.1;21.1;21.1;21.1;30.36;37.33;34.8;24.24;36
785;11.3;14.5;14.5;14.5;14.5;14.5;14.5;14.5;14.5;25
786;10.7;1.8;1.8;1.8;1.8;1.8;1.8;1.8;1.8;3
787;10.4;0.0;0.0;0.0;0.0;0.0;0.0;0.0;0.0;0
788;10.7;0.0;0.0;0.0;0.0;0.0;0.0;0.0;0.0;0
789;11.0;0.0;0.0;0.0;0.0;0.0;0.0;0.0;0.0;0
790;11.0;0.0;0.0;0.0;0.0;0.0;0.0;0.0;0.0;0
791;11.0;0.0;0.0;0.0;0.0;0.0;0.0;0.0;0.0;0
792;11.3;0.0;0.0;0.0;0.0;0.0;0.0;0.0;0.0;0
793;11.4;0.0;0.0;0.0;0.0;0.0;0.0;0.0;0.0;0
794;11.4;0.0;0.0;0.0;0.0;0.0;0.0;0.0;0.0;0
795;11.4;0.0;0.0;0.0;0.0;0.0;0.0;0.0;0.0;0
796;11.1;0.0;0.0;0.0;0.0;0.0;0.0;0.0;0.0;0
797;11.2;0.0;0.0;0.0;0.0;0.0;0.0;0.0;0.0;0
798;11.4;0.0;0.0;0.0;0.0;0.0;0.0;0.0;0.0;0
799;11.7;0.0;0.0;0.0;0.0;0.0;0.0;0.0;0.0;0
800;11.9;0.0;0.0;0.0;0.0;0.0;0.0;0.0;0.0;0
801;12.3;0.0;0.0;0.0;0.0;0.0;0.0;0.0;0.0;0
802;12.8;8.4;8.4;8.4;8.4;8.4;8.4;8.4;8.4;14
803;13.4;29.0;29.0;30.46;33.82;34.36;31.76;29.0;29.0;50
804;14.3;70.5;70.5;70.5;87.05;93.91;87.05;70.5;70.5;125
805;15.4;105.7;105.7;105.7;222.81;333.43;310.65;167.81;105.7;247
806;15.5;99.6;99.6;99.6;121.07;170.96;179.04;140.59;99.6;186
807;15.7;87.9;87.9;87.9;91.62;191.13;230.17;185.87;87.9;169
808;15.5;41.2;41.2;41.2;41.2;75.75;101.99;92.62;53.13;72
809;15.2;12.7;12.7;12.7;12.7;12.7;12.7;12.7;12.7;22
810;14.8;0.0;0.0;0.0;0.0;0.0;0.0;0.0;0.0;0
811;14.5;0.0;0.0;0.0;0.0;0.0;0.0;0.0;0.0;0
812;14.4;0.0;0.0;0.0;0.0;0.0;0.0;0.0;0.0;0
813;14.3;0.0;0.0;0.0;0.0;0.0;0.0;0.0;0.0;0
814;13.9;0.0;0.0;0.0;0.0;0.0;0.0;0.0;0.0;0
815;13.8;0.0;0.0;0.0;0.0;0.0;0.0;0.0;0.0;0
816;13.9;0.0;0.0;0.0;0.0;0.0;0.0;0.0;0.0;0
817;14.2;0.0;0.0;0.0;0.0;0.0;0.0;0.0;0.0;0
818;14.0;0.0;0.0;0.0;0.0;0.0;0.0;0.0;0.0;0
819;13.6;0.0;0.0;0.0;0.0;0.0;0.0;0.0;0.0;0
820;13.7;0.0;0.0;0.0;0.0;0.0;0.0;0.0;0.0;0
821;13.4;0.0;0.0;0.0;0.0;0.0;0.0;0.0;0.0;0
822;11.8;0.0;0.0;0.0;0.0;0.0;0.0;0.0;0.0;0
823;12.0;0.0;0.0;0.0;0.0;0.0;0.0;0.0;0.0;0
824;12.7;0.0;0.0;0.0;0.0;0.0;0.0;0.0;0.0;0
825;11.6;1.8;1.8;1.8;1.8;1.8;1.8;1.8;1.8;3
826;13.1;20.6;20.6;23.97;27.11;26.44;22.35;20.6;20.6;36
827;14.2;59.6;59.6;65.38;78.61;80.71;70.44;59.6;59.6;106
828;15.0;53.9;53.9;53.9;62.96;66.72;62.96;53.9;53.9;94
829;14.0;53.2;53.2;53.2;58.62;63.75;62.7;56.09;53.2;92
830;15.5;53.2;53.2;53.2;56.7;64.88;66.22;59.94;53.2;92
831;16.0;51.4;51.4;51.4;51.89;66.3;71.98;65.61;51.4;89
832;16.4;41.2;41.2;41.2;41.2;73.53;98.27;89.59;52.56;72
833;16.1;10.2;10.2;10.2;10.2;10.2;10.2;10.2;10.2;17
834;15.6;1.8;1.8;1.8;1.8;1.8;1.8;1.8;1.8;3
835;15.4;0.0;0.0;0.0;0.0;0.0;0.0;0.0;0.0;0
836;15.4;0.0;0.0;0.0;0.0;0.0;0.0;0.0;0.0;0
837;15.6;0.0;0.0;0.0;0.0;0.0;0.0;0.0;0.0;0
838;16.0;0.0;0.0;0.0;0.0;0.0;0.0;0.0;0.0;0
839;15.5;0.0;0.0;0.0;0.0;0.0;0.0;0.0;0.0;0
840;14.9;0.0;0.0;0.0;0.0;0.0;0.0;0.0;0.0;0
841;14.5;0.0;0.0;0.0;0.0;0.0;0.0;0.0;0.0;0
842;14.1;0.0;0.0;0.0;0.0;0.0;0.0;0.0;0.0;0
843;13.9;0.0;0.0;0.0;0.0;0.0;0.0;0.0;0.0;0
844;13.5;0.0;0.0;0.0;0.0;0.0;0.0;0.0;0.0;0
845;12.2;0.0;0.0;0.0;0.0;0.0;0.0;0.0;0.0;0
846;11.6;0.0;0.0;0.0;0.0;0.0;0.0;0.0;0.0;0
847;11.5;0.0;0.0;0.0;0.0;0.0;0.0;0.0;0.0;0
848;11.4;0.0;0.0;0.0;0.0;0.0;0.0;0.0;0.0;0
849;11.3;0.0;0.0;0.0;0.0;0.0;0.0;0.0;0.0;0
850;11.3;10.2;10.2;10.2;10.2;10.2;10.2;10.2;10.2;17
851;11.8;29.0;29.0;30.43;33.68;34.2;31.67;29.0;29.0;50
852;12.0;37.4;37.4;37.4;40.97;42.45;40.97;37.4;37.4;64
853;12.2;33.8;33.8;33.8;36.47;39.0;38.48;35.23;33.8;58
854;12.6;35.6;35.6;35.6;37.31;41.33;42.0;38.92;35.6;61
855;12.2;24.7;24.7;24.7;24.81;28.33;29.73;28.18;24.7;42
856;12.1;11.4;11.4;11.4;11.4;11.4;11.4;11.4;11.4;19
857;12.0;3.6;3.6;3.6;3.6;3.6;3.6;3.6;3.6;6
858;11.9;0.0;0.0;0.0;0.0;0.0;0.0;0.0;0.0;0
859;12.1;0.0;0.0;0.0;0.0;0.0;0.0;0.0;0.0;0
860;11.9;0.0;0.0;0.0;0.0;0.0;0.0;0.0;0.0;0
861;12.1;0.0;0.0;0.0;0.0;0.0;0.0;0.0;0.0;0
862;11.6;0.0;0.0;0.0;0.0;0.0;0.0;0.0;0.0;0
863;11.0;0.0;0.0;0.0;0.0;0.0;0.0;0.0;0.0;0
864;10.9;0.0;0.0;0.0;0.0;0.0;0.0;0.0;0.0;0
865;10.6;0.0;0.0;0.0;0.0;0.0;0.0;0.0;0.0;0
866;10.5;0.0;0.0;0.0;0.0;0.0;0.0;0.0;0.0;0
867;10.1;0.0;0.0;0.0;0.0;0.0;0.0;0.0;0.0;0
868;10.3;0.0;0.0;0.0;0.0;0.0;0.0;0.0;0.0;0
869;10.4;0.0;0.0;0.0;0.0;0.0;0.0;0.0;0.0;0
870;10.4;0.0;0.0;0.0;0.0;0.0;0.0;0.0;0.0;0
871;10.6;0.0;0.0;0.0;0.0;0.0;0.0;0.0;0.0;0
872;10.8;0.0;0.0;0.0;0.0;0.0;0.0;0.0;0.0;0
873;10.9;3.6;3.6;3.6;3.6;3.6;3.6;3.6;3.6;6
874;11.0;14.5;14.5;16.14;17.65;17.32;15.33;14.5;14.5;25
875;11.2;10.2;10.2;10.2;10.2;10.2;10.2;10.2;10.2;17
876;11.5;21.1;21.1;21.1;22.86;23.59;22.86;21.1;21.1;36
877;11.8;21.1;21.1;21.1;22.41;23.66;23.41;21.81;21.1;36
878;12.4;10.2;10.2;10.2;10.2;10.2;10.2;10.2;10.2;17
879;12.8;15.0;15.0;15.0;15.0;15.0;15.0;15.0;15.0;25
880;12.8;6.6;6.6;6.6;6.6;6.6;6.6;6.6;6.6;11
881;11.8;3.6;3.6;3.6;3.6;3.6;3.6;3.6;3.6;6
882;11.2;0.0;0.0;0.0;0.0;0.0;0.0;0.0;0.0;0
883;10.9;0.0;0.0;0.0;0.0;0.0;0.0;0.0;0.0;0
884;11.0;0.0;0.0;0.0;0.0;0.0;0.0;0.0;0.0;0
885;11.2;0.0;0.0;0.0;0.0;0.0;0.0;0.0;0.0;0
886;11.0;0.0;0.0;0.0;0.0;0.0;0.0;0.0;0.0;0
887;10.8;0.0;0.0;0.0;0.0;0.0;0.0;0.0;0.0;0
888;9.8;0.0;0.0;0.0;0.0;0.0;0.0;0.0;0.0;0
889;9.8;0.0;0.0;0.0;0.0;0.0;0.0;0.0;0.0;0
890;9.2;0.0;0.0;0.0;0.0;0.0;0.0;0.0;0.0;0
891;8.7;0.0;0.0;0.0;0.0;0.0;0.0;0.0;0.0;0
892;8.6;0.0;0.0;0.0;0.0;0.0;0.0;0.0;0.0;0
893;8.4;0.0;0.0;0.0;0.0;0.0;0.0;0.0;0.0;0
894;6.9;0.0;0.0;0.0;0.0;0.0;0.0;0.0;0.0;0
895;7.0;0.0;0.0;0.0;0.0;0.0;0.0;0.0;0.0;0
896;7.3;0.0;0.0;0.0;0.0;0.0;0.0;0.0;0.0;0
897;7.0;1.8;1.8;1.8;1.8;1.8;1.8;1.8;1.8;3
898;6.5;8.4;8.4;8.4;8.4;8.4;8.4;8.4;8.4;14
899;6.0;11.4;11.4;11.4;11.4;11.4;11.4;11.4;11.4;19
900;7.5;24.7;24.7;24.7;26.43;27.15;26.43;24.7;24.7;42
901;8.4;96.2;96.2;96.2;114.23;131.46;128.03;105.95;96.2;172
902;8.7;108.2;108.2;108.2;144.02;229.83;244.39;179.18;108.2;217
903;8.7;96.6;96.6;96.6;101.01;282.85;355.58;276.61;96.6;206
904;8.3;72.5;72.5;72.5;72.5;307.62;492.06;430.73;159.55;150
905;7.8;32.8;32.8;32.8;32.8;32.8;32.8;32.8;32.8;58
906;7.4;3.6;3.6;3.6;3.6;3.6;3.6;3.6;3.6;6
907;7.3;0.0;0.0;0.0;0.0;0.0;0.0;0.0;0.0;0
908;5.0;0.0;0.0;0.0;0.0;0.0;0.0;0.0;0.0;0
909;5.8;0.0;0.0;0.0;0.0;0.0;0.0;0.0;0.0;0
910;6.3;0.0;0.0;0.0;0.0;0.0;0.0;0.0;0.0;0
911;6.1;0.0;0.0;0.0;0.0;0.0;0.0;0.0;0.0;0
912;6.1;0.0;0.0;0.0;0.0;0.0;0.0;0.0;0.0;0
913;5.9;0.0;0.0;0.0;0.0;0.0;0.0;0.0;0.0;0
914;5.4;0.0;0.0;0.0;0.0;0.0;0.0;0.0;0.0;0
915;1.9;0.0;0.0;0.0;0.0;0.0;0.0;0.0;0.0;0
916;2.8;0.0;0.0;0.0;0.0;0.0;0.0;0.0;0.0;0
917;4.2;0.0;0.0;0.0;0.0;0.0;0.0;0.0;0.0;0
918;2.7;0.0;0.0;0.0;0.0;0.0;0.0;0.0;0.0;0
919;4.4;0.0;0.0;0.0;0.0;0.0;0.0;0.0;0.0;0
920;3.4;0.0;0.0;0.0;0.0;0.0;0.0;0.0;0.0;0
921;2.7;7.9;7.9;11.16;12.59;11.26;7.97;7.9;7.9;14
922;4.7;42.0;42.0;51.54;60.26;58.28;46.77;42.0;42.0;75
923;5.2;78.3;78.3;96.89;138.78;145.24;112.49;78.3;78.3;153
924;6.8;77.2;77.2;77.2;524.8;710.2;524.8;77.2;77.2;347
925;4.4;74.6;74.6;74.6;84.73;94.44;92.52;80.11;74.6;131
926;2.8;37.4;37.4;37.4;38.99;42.83;43.49;40.58;37.4;64
927;5.6;98.3;98.3;98.3;103.58;357.17;459.12;349.7;98.3;228
928;5.4;63.9;63.9;63.9;63.9;120.98;166.14;151.41;85.41;114
929;4.9;25.4;25.4;25.4;25.4;25.4;25.4;25.4;25.4;44
930;4.4;3.6;3.6;3.6;3.6;3.6;3.6;3.6;3.6;6
931;3.7;0.0;0.0;0.0;0.0;0.0;0.0;0.0;0.0;0
932;2.9;0.0;0.0;0.0;0.0;0.0;0.0;0.0;0.0;0
933;4.5;0.0;0.0;0.0;0.0;0.0;0.0;0.0;0.0;0
934;4.6;0.0;0.0;0.0;0.0;0.0;0.0;0.0;0.0;0
935;4.2;0.0;0.0;0.0;0.0;0.0;0.0;0.0;0.0;0
936;3.3;0.0;0.0;0.0;0.0;0.0;0.0;0.0;0.0;0
937;3.8;0.0;0.0;0.0;0.0;0.0;0.0;0.0;0.0;0
938;3.0;0.0;0.0;0.0;0.0;0.0;0.0;0.0;0.0;0
939;3.4;0.0;0.0;0.0;0.0;0.0;0.0;0.0;0.0;0
940;2.2;0.0;0.0;0.0;0.0;0.0;0.0;0.0;0.0;0
941;2.9;0.0;0.0;0.0;0.0;0.0;0.0;0.0;0.0;0
942;2.8;0.0;0.0;0.0;0.0;0.0;0.0;0.0;0.0;0
943;2.3;0.0;0.0;0.0;0.0;0.0;0.0;0.0;0.0;0
944;2.5;0.0;0.0;0.0;0.0;0.0;0.0;0.0;0.0;0
945;3.1;11.5;11.5;33.89;43.55;34.44;11.89;11.5;11.5;25
946;3.8;47.9;47.9;65.15;80.82;77.21;56.43;47.9;47.9;89
947;4.8;70.0;70.0;76.8;92.07;94.41;82.45;70.0;70.0;125
948;5.0;74.1;74.1;74.1;89.25;95.52;89.25;74.1;74.1;131
949;3.5;88.1;88.1;88.1;101.79;114.95;112.38;95.58;88.1;156
950;5.7;110.4;110.4;110.4;142.98;222.32;236.1;176.25;110.4;219
951;5.6;91.4;91.4;91.4;92.18;137.28;155.51;136.18;91.4;164
952;4.9;56.5;56.5;56.5;56.5;98.49;132.0;121.28;72.61;100
953;3.4;24.2;24.2;24.2;24.2;24.2;24.2;24.2;24.2;42
954;3.0;6.6;6.6;6.6;6.6;6.6;6.6;6.6;6.6;11
955;2.8;0.0;0.0;0.0;0.0;0.0;0.0;0.0;0.0;0
956;2.7;0.0;0.0;0.0;0.0;0.0;0.0;0.0;0.0;0
957;2.7;0.0;0.0;0.0;0.0;0.0;0.0;0.0;0.0;0
958;2.8;0.0;0.0;0.0;0.0;0.0;0.0;0.0;0.0;0
959;2.3;0.0;0.0;0.0;0.0;0.0;0.0;0.0;0.0;0
960;1.8;0.0;0.0;0.0;0.0;0.0;0.0;0.0;0.0;0
961;1.7;0.0;0.0;0.0;0.0;0.0;0.0;0.0;0.0;0
962;2.5;0.0;0.0;0.0;0.0;0.0;0.0;0.0;0.0;0
963;1.1;0.0;0.0;0.0;0.0;0.0;0.0;0.0;0.0;0
964;1.6;0.0;0.0;0.0;0.0;0.0;0.0;0.0;0.0;0
965;0.9;0.0;0.0;0.0;0.0;0.0;0.0;0.0;0.0;0
966;0.3;0.0;0.0;0.0;0.0;0.0;0.0;0.0;0.0;0
967;0.7;0.0;0.0;0.0;0.0;0.0;0.0;0.0;0.0;0
968;0.8;0.0;0.0;0.0;0.0;0.0;0.0;0.0;0.0;0
969;1.8;1.8;1.8;1.8;1.8;1.8;1.8;1.8;1.8;3
970;2.8;27.2;27.2;30.29;33.09;32.43;28.71;27.2;27.2;47
971;3.4;46.6;46.6;49.29;55.3;56.21;51.49;46.6;46.6;81
972;4.5;87.6;87.6;87.6;107.49;115.73;107.49;87.6;87.6;156
973;4.7;85.0;85.0;85.0;97.24;109.03;106.74;91.72;85.0;150
974;4.8;43.5;43.5;43.5;45.77;51.35;52.33;48.14;43.5;75
975;5.0;35.6;35.6;35.6;35.69;41.99;44.55;41.87;35.6;61
976;5.2;36.9;36.9;36.9;36.9;53.95;67.68;63.37;43.56;64
977;5.1;19.3;19.3;19.3;19.3;19.3;19.3;19.3;19.3;33
978;4.9;1.8;1.8;1.8;1.8;1.8;1.8;1.8;1.8;3
979;4.8;0.0;0.0;0.0;0.0;0.0;0.0;0.0;0.0;0
980;5.4;0.0;0.0;0.0;0.0;0.0;0.0;0.0;0.0;0
981;6.0;0.0;0.0;0.0;0.0;0.0;0.0;0.0;0.0;0
982;6.7;0.0;0.0;0.0;0.0;0.0;0.0;0.0;0.0;0
983;7.3;0.0;0.0;0.0;0.0;0.0;0.0;0.0;0.0;0
984;7.7;0.0;0.0;0.0;0.0;0.0;0.0;0.0;0.0;0
985;7.9;0.0;0.0;0.0;0.0;0.0;0.0;0.0;0.0;0
986;7.9;0.0;0.0;0.0;0.0;0.0;0.0;0.0;0.0;0
987;7.9;0.0;0.0;0.0;0.0;0.0;0.0;0.0;0.0;0
988;7.9;0.0;0.0;0.0;0.0;0.0;0.0;0.0;0.0;0
989;7.9;0.0;0.0;0.0;0.0;0.0;0.0;0.0;0.0;0
990;7.7;0.0;0.0;0.0;0.0;0.0;0.0;0.0;0.0;0
991;7.6;0.0;0.0;0.0;0.0;0.0;0.0;0.0;0.0;0
992;7.4;0.0;0.0;0.0;0.0;0.0;0.0;0.0;0.0;0
993;7.1;1.8;1.8;1.8;1.8;1.8;1.8;1.8;1.8;3
994;7.6;40.7;40.7;48.32;55.17;53.54;44.39;40.7;40.7;72
995;7.7;39.9;39.9;41.89;46.33;46.99;43.51;39.9;39.9;69
996;7.9;63.6;63.6;63.6;73.4;77.46;73.4;63.6;63.6;111
997;8.0;77.6;77.6;77.6;87.22;96.52;94.74;82.91;77.6;136
998;7.1;42.2;42.2;42.2;43.68;47.34;47.99;45.25;42.2;72
999;6.1;27.7;27.7;27.7;27.73;30.82;32.07;30.77;27.7;47
1000;5.1;27.7;27.7;27.7;27.7;33.09;37.47;36.13;29.85;47
1001;4.6;6.6;6.6;6.6;6.6;6.6;6.6;6.6;6.6;11
1002;4.1;0.0;0.0;0.0;0.0;0.0;0.0;0.0;0.0;0
1003;4.0;0.0;0.0;0.0;0.0;0.0;0.0;0.0;0.0;0
1004;4.1;0.0;0.0;0.0;0.0;0.0;0.0;0.0;0.0;0
1005;3.6;0.0;0.0;0.0;0.0;0.0;0.0;0.0;0.0;0
1006;3.7;0.0;0.0;0.0;0.0;0.0;0.0;0.0;0.0;0
1007;3.7;0.0;0.0;0.0;0.0;0.0;0.0;0.0;0.0;0
1008;3.6;0.0;0.0;0.0;0.0;0.0;0.0;0.0;0.0;0
1009;3.2;0.0;0.0;0.0;0.0;0.0;0.0;0.0;0.0;0
1010;2.4;0.0;0.0;0.0;0.0;0.0;0.0;0.0;0.0;0
1011;1.9;0.0;0.0;0.0;0.0;0.0;0.0;0.0;0.0;0
1012;2.3;0.0;0.0;0.0;0.0;0.0;0.0;0.0;0.0;0
1013;2.5;0.0;0.0;0.0;0.0;0.0;0.0;0.0;0.0;0
1014;2.5;0.0;0.0;0.0;0.0;0.0;0.0;0.0;0.0;0
1015;2.5;0.0;0.0;0.0;0.0;0.0;0.0;0.0;0.0;0
1016;2.6;0.0;0.0;0.0;0.0;0.0;0.0;0.0;0.0;0
1017;3.5;6.6;6.6;6.6;6.6;6.6;6.6;6.6;6.6;11
1018;4.3;36.4;36.4;42.41;47.78;46.49;39.28;36.4;36.4;64
1019;5.1;77.4;77.4;85.28;102.72;105.33;91.58;77.4;77.4;139
1020;6.0;63.6;63.6;63.6;73.25;77.25;73.25;63.6;63.6;111
1021;6.1;73.3;73.3;73.3;81.57;89.59;88.07;77.9;73.3;128
1022;6.7;67.2;67.2;67.2;71.52;82.33;84.27;76.22;67.2;117
1023;7.3;51.4;51.4;51.4;51.48;63.55;68.51;63.44;51.4;89
1024;7.7;36.9;36.9;36.9;36.9;52.28;64.87;61.08;43.13;64
1025;7.7;28.5;28.5;28.5;28.5;28.5;28.5;28.5;28.5;50
1026;7.5;3.6;3.6;3.6;3.6;3.6;3.6;3.6;3.6;6
1027;6.9;0.0;0.0;0.0;0.0;0.0;0.0;0.0;0.0;0
1028;6.7;0.0;0.0;0.0;0.0;0.0;0.0;0.0;0.0;0
1029;6.7;0.0;0.0;0.0;0.0;0.0;0.0;0.0;0.0;0
1030;6.6;0.0;0.0;0.0;0.0;0.0;0.0;0.0;0.0;0
1031;6.6;0.0;0.0;0.0;0.0;0.0;0.0;0.0;0.0;0
1032;6.7;0.0;0.0;0.0;0.0;0.0;0.0;0.0;0.0;0
1033;6.7;0.0;0.0;0.0;0.0;0.0;0.0;0.0;0.0;0
1034;6.7;0.0;0.0;0.0;0.0;0.0;0.0;0.0;0.0;0
1035;6.6;0.0;0.0;0.0;0.0;0.0;0.0;0.0;0.0;0
1036;6.7;0.0;0.0;0.0;0.0;0.0;0.0;0.0;0.0;0
1037;6.8;0.0;0.0;0.0;0.0;0.0;0.0;0.0;0.0;0
1038;6.9;0.0;0.0;0.0;0.0;0.0;0.0;0.0;0.0;0
1039;6.8;0.0;0.0;0.0;0.0;0.0;0.0;0.0;0.0;0
1040;6.6;0.0;0.0;0.0;0.0;0.0;0.0;0.0;0.0;0
1041;6.8;3.6;3.6;3.6;3.6;3.6;3.6;3.6;3.6;6
1042;7.4;19.3;19.3;20.78;22.1;21.78;20.0;19.3;19.3;33
1043;8.4;44.8;44.8;47.39;53.11;53.96;49.44;44.8;44.8;78
1044;9.2;57.5;57.5;57.5;65.42;68.7;65.42;57.5;57.5;100
1045;9.5;56.2;56.2;56.2;60.84;65.36;64.51;58.79;56.2;97
1046;9.6;62.3;62.3;62.3;65.81;74.68;76.29;69.71;62.3;108
1047;9.6;55.7;55.7;55.7;55.74;70.52;76.61;70.45;55.7;97
1048;9.7;58.3;58.3;58.3;58.3;92.44;120.66;112.36;72.39;103
1049;9.0;18.1;18.1;18.1;18.1;18.1;18.1;18.1;18.1;31
1050;8.5;3.6;3.6;3.6;3.6;3.6;3.6;3.6;3.6;6
1051;8.0;0.0;0.0;0.0;0.0;0.0;0.0;0.0;0.0;0
1052;7.9;0.0;0.0;0.0;0.0;0.0;0.0;0.0;0.0;0
1053;8.0;0.0;0.0;0.0;0.0;0.0;0.0;0.0;0.0;0
1054;8.0;0.0;0.0;0.0;0.0;0.0;0.0;0.0;0.0;0
1055;7.7;0.0;0.0;0.0;0.0;0.0;0.0;0.0;0.0;0
1056;7.4;0.0;0.0;0.0;0.0;0.0;0.0;0.0;0.0;0
1057;7.0;0.0;0.0;0.0;0.0;0.0;0.0;0.0;0.0;0
1058;6.9;0.0;0.0;0.0;0.0;0.0;0.0;0.0;0.0;0
1059;6.7;0.0;0.0;0.0;0.0;0.0;0.0;0.0;0.0;0
1060;6.6;0.0;0.0;0.0;0.0;0.0;0.0;0.0;0.0;0
1061;6.2;0.0;0.0;0.0;0.0;0.0;0.0;0.0;0.0;0
1062;6.3;0.0;0.0;0.0;0.0;0.0;0.0;0.0;0.0;0
1063;5.9;0.0;0.0;0.0;0.0;0.0;0.0;0.0;0.0;0
1064;6.0;0.0;0.0;0.0;0.0;0.0;0.0;0.0;0.0;0
1065;6.4;4.8;4.8;4.8;4.8;4.8;4.8;4.8;4.8;8
1066;7.3;33.3;33.3;37.68;41.55;40.59;35.36;33.3;33.3;58
1067;8.1;70.5;70.5;76.27;88.93;90.79;80.77;70.5;70.5;125
1068;8.8;96.2;96.2;96.2;118.04;127.09;118.04;96.2;96.2;172
1069;8.8;98.5;98.5;98.5;113.33;127.81;125.12;106.83;98.5;175
1070;8.5;71.5;71.5;71.5;76.3;88.51;90.76;81.73;71.5;125
1071;8.5;45.3;45.3;45.3;45.3;53.97;57.57;53.98;45.31;78
1072;8.6;30.8;30.8;30.8;30.8;40.09;47.85;45.62;34.71;53
1073;8.4;24.2;24.2;24.2;24.2;24.2;24.2;24.2;24.2;42
1074;8.2;4.8;4.8;4.8;4.8;4.8;4.8;4.8;4.8;8
1075;7.7;0.0;0.0;0.0;0.0;0.0;0.0;0.0;0.0;0
1076;7.7;0.0;0.0;0.0;0.0;0.0;0.0;0.0;0.0;0
1077;7.3;0.0;0.0;0.0;0.0;0.0;0.0;0.0;0.0;0
1078;6.9;0.0;0.0;0.0;0.0;0.0;0.0;0.0;0.0;0
1079;5.0;0.0;0.0;0.0;0.0;0.0;0.0;0.0;0.0;0
1080;3.5;0.0;0.0;0.0;0.0;0.0;0.0;0.0;0.0;0
1081;2.6;0.0;0.0;0.0;0.0;0.0;0.0;0.0;0.0;0
1082;3.1;0.0;0.0;0.0;0.0;0.0;0.0;0.0;0.0;0
1083;4.0;0.0;0.0;0.0;0.0;0.0;0.0;0.0;0.0;0
1084;5.0;0.0;0.0;0.0;0.0;0.0;0.0;0.0;0.0;0
1085;4.9;0.0;0.0;0.0;0.0;0.0;0.0;0.0;0.0;0
1086;4.8;0.0;0.0;0.0;0.0;0.0;0.0;0.0;0.0;0
1087;4.8;0.0;0.0;0.0;0.0;0.0;0.0;0.0;0.0;0
1088;4.7;0.0;0.0;0.0;0.0;0.0;0.0;0.0;0.0;0
1089;5.0;6.6;6.6;6.6;6.6;6.6;6.6;6.6;6.6;11
1090;6.0;27.2;27.2;30.08;32.61;31.97;28.54;27.2;27.2;47
1091;7.0;67.4;67.4;72.47;83.54;85.15;76.37;67.4;67.4;119
1092;7.7;78.9;78.9;78.9;92.73;98.46;92.73;78.9;78.9;139
1093;8.1;107.2;107.2;107.2;125.14;142.7;139.47;117.34;107.2;192
1094;7.9;68.4;68.4;68.4;72.41;82.71;84.63;77.04;68.4;119
1095;7.9;51.4;51.4;51.4;51.4;62.68;67.4;62.75;51.45;89
1096;7.9;41.7;41.7;41.7;41.7;55.0;66.2;63.05;47.39;72
1097;7.7;22.4;22.4;22.4;22.4;22.4;22.4;22.4;22.4;39
1098;7.2;1.8;1.8;1.8;1.8;1.8;1.8;1.8;1.8;3
1099;6.7;0.0;0.0;0.0;0.0;0.0;0.0;0.0;0.0;0
1100;6.3;0.0;0.0;0.0;0.0;0.0;0.0;0.0;0.0;0
1101;6.2;0.0;0.0;0.0;0.0;0.0;0.0;0.0;0.0;0
1102;5.9;0.0;0.0;0.0;0.0;0.0;0.0;0.0;0.0;0
1103;5.5;0.0;0.0;0.0;0.0;0.0;0.0;0.0;0.0;0
1104;5.1;0.0;0.0;0.0;0.0;0.0;0.0;0.0;0.0;0
1105;3.6;0.0;0.0;0.0;0.0;0.0;0.0;0.0;0.0;0
1106;2.9;0.0;0.0;0.0;0.0;0.0;0.0;0.0;0.0;0
1107;2.7;0.0;0.0;0.0;0.0;0.0;0.0;0.0;0.0;0
1108;2.6;0.0;0.0;0.0;0.0;0.0;0.0;0.0;0.0;0
1109;2.2;0.0;0.0;0.0;0.0;0.0;0.0;0.0;0.0;0
1110;2.3;0.0;0.0;0.0;0.0;0.0;0.0;0.0;0.0;0
1111;2.9;0.0;0.0;0.0;0.0;0.0;0.0;0.0;0.0;0
1112;3.0;0.0;0.0;0.0;0.0;0.0;0.0;0.0;0.0;0
1113;3.2;4.8;4.8;4.8;4.8;4.8;4.8;4.8;4.8;8
1114;3.4;33.3;33.3;37.56;41.28;40.33;35.25;33.3;33.3;58
1115;3.6;70.5;70.5;76.13;88.38;90.15;80.41;70.5;70.5;125
1116;3.7;61.1;61.1;61.1;68.67;71.8;68.67;61.1;61.1;106
1117;4.2;65.9;65.9;65.9;71.41;76.82;75.83;69.03;65.9;114
1118;4.6;71.5;71.5;71.5;76.06;87.89;90.12;81.45;71.5;125
1119;5.0;87.6;87.6;87.6;87.6;120.61;134.55;121.0;87.88;156
1120;5.1;77.4;77.4;77.4;77.4;128.19;171.37;159.51;99.55;139
1121;4.9;43.8;43.8;43.8;43.8;43.8;43.8;43.8;43.8;78
1122;3.0;7.9;7.9;7.9;7.9;7.9;7.9;7.9;7.9;14
1123;2.6;0.0;0.0;0.0;0.0;0.0;0.0;0.0;0.0;0
1124;3.4;0.0;0.0;0.0;0.0;0.0;0.0;0.0;0.0;0
1125;3.2;0.0;0.0;0.0;0.0;0.0;0.0;0.0;0.0;0
1126;2.8;0.0;0.0;0.0;0.0;0.0;0.0;0.0;0.0;0
1127;2.6;0.0;0.0;0.0;0.0;0.0;0.0;0.0;0.0;0
1128;2.8;0.0;0.0;0.0;0.0;0.0;0.0;0.0;0.0;0
1129;2.9;0.0;0.0;0.0;0.0;0.0;0.0;0.0;0.0;0
1130;2.1;0.0;0.0;0.0;0.0;0.0;0.0;0.0;0.0;0
1131;1.6;0.0;0.0;0.0;0.0;0.0;0.0;0.0;0.0;0
1132;1.8;0.0;0.0;0.0;0.0;0.0;0.0;0.0;0.0;0
1133;2.2;0.0;0.0;0.0;0.0;0.0;0.0;0.0;0.0;0
1134;2.4;0.0;0.0;0.0;0.0;0.0;0.0;0.0;0.0;0
1135;2.6;0.0;0.0;0.0;0.0;0.0;0.0;0.0;0.0;0
1136;2.9;0.0;0.0;0.0;0.0;0.0;0.0;0.0;0.0;0
1137;3.3;3.6;3.6;3.6;3.6;3.6;3.6;3.6;3.6;6
1138;3.8;13.2;13.2;13.2;13.2;13.2;13.2;13.2;13.2;22
1139;4.5;32.6;32.6;33.84;36.51;36.9;34.76;32.6;32.6;56
1140;5.5;89.3;89.3;89.3;105.69;112.48;105.69;89.3;89.3;158
1141;6.6;126.3;126.3;126.3;220.44;313.27;296.57;180.13;126.3;283
1142;7.0;91.1;91.1;91.1;98.08;116.39;119.88;106.51;91.1;161
1143;6.6;50.1;50.1;50.1;50.1;58.15;61.59;58.29;50.2;86
1144;6.4;18.1;18.1;18.1;18.1;22.15;25.62;24.69;19.9;31
1145;6.5;21.1;21.1;21.1;21.1;21.1;21.1;21.1;21.1;36
1146;5.7;1.8;1.8;1.8;1.8;1.8;1.8;1.8;1.8;3
1147;5.6;0.0;0.0;0.0;0.0;0.0;0.0;0.0;0.0;0
1148;5.7;0.0;0.0;0.0;0.0;0.0;0.0;0.0;0.0;0
1149;5.9;0.0;0.0;0.0;0.0;0.0;0.0;0.0;0.0;0
1150;4.6;0.0;0.0;0.0;0.0;0.0;0.0;0.0;0.0;0
1151;2.9;0.0;0.0;0.0;0.0;0.0;0.0;0.0;0.0;0
1152;3.0;0.0;0.0;0.0;0.0;0.0;0.0;0.0;0.0;0
1153;3.8;0.0;0.0;0.0;0.0;0.0;0.0;0.0;0.0;0
1154;4.6;0.0;0.0;0.0;0.0;0.0;0.0;0.0;0.0;0
1155;4.6;0.0;0.0;0.0;0.0;0.0;0.0;0.0;0.0;0
1156;4.6;0.0;0.0;0.0;0.0;0.0;0.0;0.0;0.0;0
1157;5.1;0.0;0.0;0.0;0.0;0.0;0.0;0.0;0.0;0
1158;3.1;0.0;0.0;0.0;0.0;0.0;0.0;0.0;0.0;0
1159;2.8;0.0;0.0;0.0;0.0;0.0;0.0;0.0;0.0;0
1160;3.7;0.0;0.0;0.0;0.0;0.0;0.0;0.0;0.0;0
1161;5.6;24.6;25.37;72.83;92.04;71.74;24.6;24.6;24.6;56
1162;6.3;63.1;63.1;105.95;142.87;133.06;82.27;63.1;63.1;131
1163;6.9;70.5;70.5;76.0;87.85;89.53;80.07;70.5;70.5;125
1164;7.5;102.3;102.3;102.3;124.31;133.43;124.31;102.3;102.3;183
1165;8.0;115.8;115.8;115.8;134.93;153.87;150.5;126.81;115.8;208
1166;7.6;86.8;86.8;86.8;92.98;109.37;112.53;100.62;86.8;153
1167;7.0;102.3;102.3;102.3;102.3;141.59;158.5;142.49;102.94;183
1168;5.9;37.4;37.4;37.4;37.4;45.14;51.85;50.1;40.91;64
1169;6.3;25.4;25.4;25.4;25.4;25.4;25.4;25.4;25.4;44
1170;5.7;4.8;4.8;4.8;4.8;4.8;4.8;4.8;4.8;8
1171;5.9;0.0;0.0;0.0;0.0;0.0;0.0;0.0;0.0;0
1172;4.0;0.0;0.0;0.0;0.0;0.0;0.0;0.0;0.0;0
1173;4.7;0.0;0.0;0.0;0.0;0.0;0.0;0.0;0.0;0
1174;4.4;0.0;0.0;0.0;0.0;0.0;0.0;0.0;0.0;0
1175;3.5;0.0;0.0;0.0;0.0;0.0;0.0;0.0;0.0;0
1176;3.1;0.0;0.0;0.0;0.0;0.0;0.0;0.0;0.0;0
1177;2.5;0.0;0.0;0.0;0.0;0.0;0.0;0.0;0.0;0
1178;2.1;0.0;0.0;0.0;0.0;0.0;0.0;0.0;0.0;0
1179;1.6;0.0;0.0;0.0;0.0;0.0;0.0;0.0;0.0;0
1180;1.2;0.0;0.0;0.0;0.0;0.0;0.0;0.0;0.0;0
1181;0.8;0.0;0.0;0.0;0.0;0.0;0.0;0.0;0.0;0
1182;0.4;0.0;0.0;0.0;0.0;0.0;0.0;0.0;0.0;0
1183;0.4;0.0;0.0;0.0;0.0;0.0;0.0;0.0;0.0;0
1184;0.5;0.0;0.0;0.0;0.0;0.0;0.0;0.0;0.0;0
1185;0.4;25.2;25.51;40.98;47.2;40.54;25.2;25.2;25.2;47
1186;1.4;63.5;63.5;176.67;273.56;247.4;113.51;63.5;63.5;175
1187;2.6;86.4;86.4;195.19;428.23;461.02;274.37;86.4;86.4;294
1188;3.2;105.6;105.6;105.6;426.43;559.33;426.43;105.6;105.6;361
1189;3.2;129.1;129.1;129.1;242.93;355.95;336.1;194.98;129.1;306
1190;4.5;107.8;107.8;107.8;272.9;714.88;801.24;481.39;107.8;408
1191;4.4;94.2;94.2;94.2;94.2;753.68;1040.3;772.72;107.66;372
1192;3.6;90.4;90.4;90.4;90.4;394.39;660.57;592.75;230.66;219
1193;3.1;56.8;56.8;56.8;56.8;56.8;56.8;56.8;56.8;133
1194;2.3;16.6;16.6;16.6;16.6;16.6;16.6;16.6;16.6;36
1195;1.4;0.0;0.0;0.0;0.0;0.0;0.0;0.0;0.0;0
1196;0.8;0.0;0.0;0.0;0.0;0.0;0.0;0.0;0.0;0
1197;0.5;0.0;0.0;0.0;0.0;0.0;0.0;0.0;0.0;0
1198;0.2;0.0;0.0;0.0;0.0;0.0;0.0;0.0;0.0;0
1199;-0.4;0.0;0.0;0.0;0.0;0.0;0.0;0.0;0.0;0
1200;-0.5;0.0;0.0;0.0;0.0;0.0;0.0;0.0;0.0;0
1201;-1.0;0.0;0.0;0.0;0.0;0.0;0.0;0.0;0.0;0
1202;-1.1;0.0;0.0;0.0;0.0;0.0;0.0;0.0;0.0;0
1203;-1.3;0.0;0.0;0.0;0.0;0.0;0.0;0.0;0.0;0
1204;-1.6;0.0;0.0;0.0;0.0;0.0;0.0;0.0;0.0;0
1205;-2.0;0.0;0.0;0.0;0.0;0.0;0.0;0.0;0.0;0
1206;-2.0;0.0;0.0;0.0;0.0;0.0;0.0;0.0;0.0;0
1207;-2.3;0.0;0.0;0.0;0.0;0.0;0.0;0.0;0.0;0
1208;-2.4;0.0;0.0;0.0;0.0;0.0;0.0;0.0;0.0;0
1209;-1.6;27.4;28.75;84.2;106.38;82.29;27.4;27.4;27.4;64
1210;-0.2;61.2;61.2;214.54;344.97;309.17;128.12;61.2;61.2;197
1211;1.0;78.5;78.5;217.7;514.37;555.71;317.51;78.5;78.5;325
1212;2.1;87.7;87.7;87.7;550.22;741.81;550.22;87.7;87.7;417
1213;3.2;90.4;90.4;90.4;476.1;860.49;793.77;315.03;90.4;464
1214;3.8;88.6;88.6;88.6;309.31;906.48;1024.55;594.35;88.6;461
1215;4.7;84.8;84.8;84.8;84.8;868.24;1212.01;895.48;104.06;403
1216;4.3;77.7;77.7;77.7;77.7;770.63;1360.0;1231.41;403.52;292
1217;3.8;56.6;56.6;56.6;56.6;56.6;56.6;56.6;56.6;156
1218;2.6;17.6;17.6;17.6;17.6;17.6;17.6;17.6;17.6;36
1219;1.6;0.0;0.0;0.0;0.0;0.0;0.0;0.0;0.0;0
1220;0.8;0.0;0.0;0.0;0.0;0.0;0.0;0.0;0.0;0
1221;0.2;0.0;0.0;0.0;0.0;0.0;0.0;0.0;0.0;0
1222;-0.3;0.0;0.0;0.0;0.0;0.0;0.0;0.0;0.0;0
1223;-0.4;0.0;0.0;0.0;0.0;0.0;0.0;0.0;0.0;0
1224;-0.5;0.0;0.0;0.0;0.0;0.0;0.0;0.0;0.0;0
1225;-1.1;0.0;0.0;0.0;0.0;0.0;0.0;0.0;0.0;0
1226;-1.6;0.0;0.0;0.0;0.0;0.0;0.0;0.0;0.0;0
1227;-1.2;0.0;0.0;0.0;0.0;0.0;0.0;0.0;0.0;0
1228;-1.2;0.0;0.0;0.0;0.0;0.0;0.0;0.0;0.0;0
1229;-1.5;0.0;0.0;0.0;0.0;0.0;0.0;0.0;0.0;0
1230;-1.9;0.0;0.0;0.0;0.0;0.0;0.0;0.0;0.0;0
1231;-2.4;0.0;0.0;0.0;0.0;0.0;0.0;0.0;0.0;0
1232;-2.4;0.0;0.0;0.0;0.0;0.0;0.0;0.0;0.0;0
1233;-1.7;28.8;29.64;59.22;70.98;58.03;28.8;28.8;28.8;58
1234;-0.9;64.4;64.4;82.98;98.68;94.3;72.4;64.4;64.4;119
1235;0.2;93.4;93.4;102.85;122.88;125.65;109.52;93.4;93.4;169
1236;0.6;111.5;111.5;111.5;135.32;145.19;135.32;111.5;111.5;200
1237;0.7;81.2;81.2;81.2;89.26;97.32;95.94;85.92;81.2;142
1238;1.2;68.4;68.4;68.4;71.83;81.21;83.09;76.36;68.4;119
1239;1.5;107.2;107.2;107.2;107.2;146.17;163.44;147.76;108.32;192
1240;1.6;64.9;64.9;64.9;64.9;88.76;110.08;104.93;76.33;114
1241;1.4;22.9;22.9;22.9;22.9;22.9;22.9;22.9;22.9;39
1242;1.3;3.6;3.6;3.6;3.6;3.6;3.6;3.6;3.6;6
1243;1.2;0.0;0.0;0.0;0.0;0.0;0.0;0.0;0.0;0
1244;1.1;0.0;0.0;0.0;0.0;0.0;0.0;0.0;0.0;0
1245;1.0;0.0;0.0;0.0;0.0;0.0;0.0;0.0;0.0;0
1246;1.1;0.0;0.0;0.0;0.0;0.0;0.0;0.0;0.0;0
1247;1.0;0.0;0.0;0.0;0.0;0.0;0.0;0.0;0.0;0
1248;1.0;0.0;0.0;0.0;0.0;0.0;0.0;0.0;0.0;0
1249;1.1;0.0;0.0;0.0;0.0;0.0;0.0;0.0;0.0;0
1250;1.1;0.0;0.0;0.0;0.0;0.0;0.0;0.0;0.0;0
1251;1.2;0.0;0.0;0.0;0.0;0.0;0.0;0.0;0.0;0
1252;1.2;0.0;0.0;0.0;0.0;0.0;0.0;0.0;0.0;0
1253;1.0;0.0;0.0;0.0;0.0;0.0;0.0;0.0;0.0;0
1254;1.7;0.0;0.0;0.0;0.0;0.0;0.0;0.0;0.0;0
1255;2.2;0.0;0.0;0.0;0.0;0.0;0.0;0.0;0.0;0
1256;2.7;0.0;0.0;0.0;0.0;0.0;0.0;0.0;0.0;0
1257;3.0;10.9;10.98;13.39;14.34;13.28;10.9;10.9;10.9;19
1258;3.8;29.0;29.0;31.62;33.82;33.19;30.11;29.0;29.0;50
1259;5.1;100.1;100.1;166.07;305.23;324.23;211.94;100.1;100.1;261
1260;6.6;121.4;121.4;121.4;314.61;394.63;314.61;121.4;121.4;319
1261;5.4;121.2;121.2;121.2;139.02;156.9;153.88;131.71;121.2;217
1262;6.1;99.0;99.0;99.0;105.68;124.16;127.9;114.71;99.0;175
1263;5.8;108.4;108.4;108.4;108.4;146.45;163.47;148.23;109.66;194
1264;5.1;81.7;81.7;81.7;81.7;713.37;1283.51;1149.65;390.2;297
1265;3.9;55.5;55.5;55.5;55.5;55.5;55.5;55.5;55.5;100
1266;2.7;15.8;15.8;15.8;15.8;15.8;15.8;15.8;15.8;28
1267;0.7;0.0;0.0;0.0;0.0;0.0;0.0;0.0;0.0;0
1268;0.3;0.0;0.0;0.0;0.0;0.0;0.0;0.0;0.0;0
1269;-0.5;0.0;0.0;0.0;0.0;0.0;0.0;0.0;0.0;0
1270;-1.5;0.0;0.0;0.0;0.0;0.0;0.0;0.0;0.0;0
1271;-0.4;0.0;0.0;0.0;0.0;0.0;0.0;0.0;0.0;0
1272;-1.6;0.0;0.0;0.0;0.0;0.0;0.0;0.0;0.0;0
1273;-0.2;0.0;0.0;0.0;0.0;0.0;0.0;0.0;0.0;0
1274;-0.6;0.0;0.0;0.0;0.0;0.0;0.0;0.0;0.0;0
1275;-0.7;0.0;0.0;0.0;0.0;0.0;0.0;0.0;0.0;0
1276;-0.9;0.0;0.0;0.0;0.0;0.0;0.0;0.0;0.0;0
1277;-1.7;0.0;0.0;0.0;0.0;0.0;0.0;0.0;0.0;0
1278;-1.2;0.0;0.0;0.0;0.0;0.0;0.0;0.0;0.0;0
1279;-2.3;0.0;0.0;0.0;0.0;0.0;0.0;0.0;0.0;0
1280;0.2;1.8;1.8;1.8;1.8;1.8;1.8;1.8;1.8;3
1281;0.6;23.7;23.96;31.04;33.81;30.67;23.7;23.7;23.7;42
1282;2.5;69.4;69.4;190.86;292.12;262.92;120.36;69.4;69.4;194
1283;3.9;85.8;85.8;217.38;493.53;530.84;307.45;85.8;85.8;333
1284;5.0;116.8;116.8;116.8;383.16;493.49;383.16;116.8;116.8;358
1285;5.8;131.4;131.4;131.4;300.55;471.03;442.56;231.82;131.4;364
1286;6.4;104.5;104.5;104.5;283.93;785.93;888.76;532.18;104.5;450
1287;5.5;100.4;100.4;100.4;100.4;718.12;997.19;750.93;123.61;389
1288;3.6;92.5;92.5;92.5;92.5;171.11;242.81;226.46;131.63;175
1289;4.4;59.3;59.3;59.3;59.3;59.3;59.3;59.3;59.3;178
1290;2.4;18.3;18.3;18.3;18.3;18.3;18.3;18.3;18.3;33
1291;0.3;0.0;0.0;0.0;0.0;0.0;0.0;0.0;0.0;0
1292;-1.5;0.0;0.0;0.0;0.0;0.0;0.0;0.0;0.0;0
1293;-2.0;0.0;0.0;0.0;0.0;0.0;0.0;0.0;0.0;0
1294;-2.5;0.0;0.0;0.0;0.0;0.0;0.0;0.0;0.0;0
1295;-2.4;0.0;0.0;0.0;0.0;0.0;0.0;0.0;0.0;0
1296;-2.4;0.0;0.0;0.0;0.0;0.0;0.0;0.0;0.0;0
1297;-2.4;0.0;0.0;0.0;0.0;0.0;0.0;0.0;0.0;0
1298;0.6;0.0;0.0;0.0;0.0;0.0;0.0;0.0;0.0;0
1299;-0.1;0.0;0.0;0.0;0.0;0.0;0.0;0.0;0.0;0
1300;0.3;0.0;0.0;0.0;0.0;0.0;0.0;0.0;0.0;0
1301;-1.6;0.0;0.0;0.0;0.0;0.0;0.0;0.0;0.0;0
1302;0.0;0.0;0.0;0.0;0.0;0.0;0.0;0.0;0.0;0
1303;0.4;0.0;0.0;0.0;0.0;0.0;0.0;0.0;0.0;0
1304;1.2;1.8;1.8;1.8;1.8;1.8;1.8;1.8;1.8;3
1305;2.2;32.9;33.95;59.33;69.23;57.85;32.9;32.9;32.9;64
1306;3.6;72.8;72.8;159.51;231.31;210.26;108.68;72.8;72.8;178
1307;4.3;100.4;100.4;115.23;146.2;150.34;125.23;100.4;100.4;189
1308;5.2;125.0;125.0;125.0;312.35;389.96;312.35;125.0;125.0;325
1309;5.8;137.6;137.6;137.6;231.17;325.85;310.25;193.51;137.6;311
1310;4.9;112.5;112.5;112.5;120.42;142.82;147.46;131.63;112.5;200
1311;4.8;65.4;65.4;65.4;65.4;79.01;85.22;79.82;65.97;114
1312;3.8;32.6;32.6;32.6;32.6;38.65;44.22;42.99;35.67;56
1313;3.3;14.5;14.5;14.5;14.5;14.5;14.5;14.5;14.5;25
1314;2.8;3.6;3.6;3.6;3.6;3.6;3.6;3.6;3.6;6
1315;2.8;0.0;0.0;0.0;0.0;0.0;0.0;0.0;0.0;0
1316;2.5;0.0;0.0;0.0;0.0;0.0;0.0;0.0;0.0;0
1317;1.6;0.0;0.0;0.0;0.0;0.0;0.0;0.0;0.0;0
1318;0.9;0.0;0.0;0.0;0.0;0.0;0.0;0.0;0.0;0
1319;0.9;0.0;0.0;0.0;0.0;0.0;0.0;0.0;0.0;0
1320;1.0;0.0;0.0;0.0;0.0;0.0;0.0;0.0;0.0;0
1321;1.3;0.0;0.0;0.0;0.0;0.0;0.0;0.0;0.0;0
1322;1.0;0.0;0.0;0.0;0.0;0.0;0.0;0.0;0.0;0
1323;0.5;0.0;0.0;0.0;0.0;0.0;0.0;0.0;0.0;0
1324;0.1;0.0;0.0;0.0;0.0;0.0;0.0;0.0;0.0;0
1325;0.6;0.0;0.0;0.0;0.0;0.0;0.0;0.0;0.0;0
1326;-0.8;0.0;0.0;0.0;0.0;0.0;0.0;0.0;0.0;0
1327;0.1;0.0;0.0;0.0;0.0;0.0;0.0;0.0;0.0;0
1328;-0.3;3.6;3.6;3.6;3.6;3.6;3.6;3.6;3.6;6
1329;0.4;29.8;30.21;39.24;42.74;38.66;29.8;29.8;29.8;53
1330;1.2;74.6;74.6;122.42;161.75;150.02;94.12;74.6;74.6;156
1331;0.5;61.8;61.8;65.18;72.21;73.14;67.43;61.8;61.8;108
1332;2.6;128.5;128.5;128.5;264.24;320.46;264.24;128.5;128.5;300
1333;3.5;138.9;138.9;138.9;231.74;326.05;310.72;194.75;138.9;314
1334;3.3;137.6;137.6;137.6;187.94;332.12;362.35;260.93;137.6;311
1335;0.9;110.2;110.2;110.2;110.2;145.64;161.98;147.98;111.85;197
1336;2.3;91.4;91.4;91.4;91.4;132.12;170.05;161.91;112.46;164
1337;1.5;56.0;56.0;56.0;56.0;56.0;56.0;56.0;56.0;100
1338;0.6;14.5;14.5;14.5;14.5;14.5;14.5;14.5;14.5;25
1339;0.0;0.0;0.0;0.0;0.0;0.0;0.0;0.0;0.0;0
1340;-0.4;0.0;0.0;0.0;0.0;0.0;0.0;0.0;0.0;0
1341;-0.9;0.0;0.0;0.0;0.0;0.0;0.0;0.0;0.0;0
1342;-0.9;0.0;0.0;0.0;0.0;0.0;0.0;0.0;0.0;0
1343;-1.7;0.0;0.0;0.0;0.0;0.0;0.0;0.0;0.0;0
1344;-1.5;0.0;0.0;0.0;0.0;0.0;0.0;0.0;0.0;0
1345;-0.9;0.0;0.0;0.0;0.0;0.0;0.0;0.0;0.0;0
1346;-0.6;0.0;0.0;0.0;0.0;0.0;0.0;0.0;0.0;0
1347;-1.2;0.0;0.0;0.0;0.0;0.0;0.0;0.0;0.0;0
1348;-1.5;0.0;0.0;0.0;0.0;0.0;0.0;0.0;0.0;0
1349;-1.0;0.0;0.0;0.0;0.0;0.0;0.0;0.0;0.0;0
1350;-1.3;0.0;0.0;0.0;0.0;0.0;0.0;0.0;0.0;0
1351;-1.4;0.0;0.0;0.0;0.0;0.0;0.0;0.0;0.0;0
1352;-0.4;1.8;1.8;1.8;1.8;1.8;1.8;1.8;1.8;3
1353;0.7;18.1;18.21;20.42;21.27;20.26;18.1;18.1;18.1;31
1354;2.8;73.4;73.4;98.24;118.53;112.38;83.4;73.4;73.4;139
1355;4.3;86.3;86.3;229.65;525.74;564.42;323.02;86.3;86.3;358
1356;5.3;111.8;111.8;111.8;457.0;599.98;457.0;111.8;111.8;408
1357;2.1;131.4;131.4;131.4;153.51;176.05;172.44;144.79;131.4;239
1358;2.6;51.9;51.9;51.9;53.4;57.75;58.67;55.63;51.9;89
1359;3.8;103.6;103.6;103.6;103.6;709.5;991.55;753.44;134.67;406
1360;2.7;90.1;90.1;90.1;90.1;126.5;160.77;153.65;109.29;161
1361;3.2;62.4;62.4;62.4;62.4;62.4;62.4;62.4;62.4;194
1362;2.0;25.9;25.9;25.9;25.9;25.9;25.9;25.9;25.9;69
1363;1.1;0.0;0.0;0.0;0.0;0.0;0.0;0.0;0.0;0
1364;0.5;0.0;0.0;0.0;0.0;0.0;0.0;0.0;0.0;0
1365;0.4;0.0;0.0;0.0;0.0;0.0;0.0;0.0;0.0;0
1366;-0.3;0.0;0.0;0.0;0.0;0.0;0.0;0.0;0.0;0
1367;-0.4;0.0;0.0;0.0;0.0;0.0;0.0;0.0;0.0;0
1368;-0.6;0.0;0.0;0.0;0.0;0.0;0.0;0.0;0.0;0
1369;-0.4;0.0;0.0;0.0;0.0;0.0;0.0;0.0;0.0;0
1370;-0.2;0.0;0.0;0.0;0.0;0.0;0.0;0.0;0.0;0
1371;-1.1;0.0;0.0;0.0;0.0;0.0;0.0;0.0;0.0;0
1372;-1.8;0.0;0.0;0.0;0.0;0.0;0.0;0.0;0.0;0
1373;-2.2;0.0;0.0;0.0;0.0;0.0;0.0;0.0;0.0;0
1374;-2.1;0.0;0.0;0.0;0.0;0.0;0.0;0.0;0.0;0
1375;-1.6;0.0;0.0;0.0;0.0;0.0;0.0;0.0;0.0;0
1376;-1.8;1.8;1.8;1.8;1.8;1.8;1.8;1.8;1.8;3
1377;-1.6;26.7;27.06;33.54;36.02;33.04;26.7;26.7;26.7;47
1378;-1.1;55.2;55.2;62.56;68.52;66.68;58.12;55.2;55.2;97
1379;-1.1;59.3;59.3;62.06;67.72;68.45;63.82;59.3;59.3;103
1380;-0.7;61.6;61.6;61.6;66.71;68.83;66.71;61.6;61.6;106
1381;-0.2;67.7;67.7;67.7;72.22;76.85;76.12;70.46;67.7;117
1382;0.1;68.9;68.9;68.9;71.33;78.47;80.0;75.03;68.9;119
1383;0.4;68.4;68.4;68.4;68.4;81.08;87.05;82.09;69.11;119
1384;0.5;53.2;53.2;53.2;53.2;63.99;74.26;72.19;59.0;92
1385;0.8;56.0;56.0;56.0;56.0;56.0;56.0;56.0;56.0;100
1386;0.4;4.8;4.8;4.8;4.8;4.8;4.8;4.8;4.8;8
1387;0.0;0.0;0.0;0.0;0.0;0.0;0.0;0.0;0.0;0
1388;-0.9;0.0;0.0;0.0;0.0;0.0;0.0;0.0;0.0;0
1389;-1.9;0.0;0.0;0.0;0.0;0.0;0.0;0.0;0.0;0
1390;-2.6;0.0;0.0;0.0;0.0;0.0;0.0;0.0;0.0;0
1391;-4.1;0.0;0.0;0.0;0.0;0.0;0.0;0.0;0.0;0
1392;-3.6;0.0;0.0;0.0;0.0;0.0;0.0;0.0;0.0;0
1393;-3.9;0.0;0.0;0.0;0.0;0.0;0.0;0.0;0.0;0
1394;-4.5;0.0;0.0;0.0;0.0;0.0;0.0;0.0;0.0;0
1395;-4.9;0.0;0.0;0.0;0.0;0.0;0.0;0.0;0.0;0
1396;-5.4;0.0;0.0;0.0;0.0;0.0;0.0;0.0;0.0;0
1397;-6.5;0.0;0.0;0.0;0.0;0.0;0.0;0.0;0.0;0
1398;-6.9;0.0;0.0;0.0;0.0;0.0;0.0;0.0;0.0;0
1399;-7.4;0.0;0.0;0.0;0.0;0.0;0.0;0.0;0.0;0
1400;-7.1;6.6;6.6;6.6;6.6;6.6;6.6;6.6;6.6;11
1401;-3.7;28.5;43.96;304.45;403.3;282.59;28.5;28.5;28.5;150
1402;-0.3;61.9;61.9;302.81;496.74;435.95;156.04;61.9;61.9;269
1403;1.4;90.3;90.3;304.65;742.61;798.45;439.46;90.3;90.3;478
1404;1.9;131.2;131.2;131.2;317.46;394.61;317.46;131.2;131.2;342
1405;2.6;141.1;141.1;141.1;189.97;240.2;232.39;171.1;141.1;281
1406;4.3;137.1;137.1;137.1;226.51;492.35;550.09;365.9;137.1;386
1407;4.4;124.9;124.9;124.9;124.9;213.73;255.93;221.37;130.3;244
1408;5.7;94.1;94.1;94.1;94.1;575.04;1037.84;947.81;357.68;311
1409;5.4;69.5;69.5;69.5;69.5;69.5;69.5;69.5;69.5;175
1410;3.3;18.8;18.8;18.8;18.8;18.8;18.8;18.8;18.8;33
1411;1.5;0.0;0.0;0.0;0.0;0.0;0.0;0.0;0.0;0
1412;0.4;0.0;0.0;0.0;0.0;0.0;0.0;0.0;0.0;0
1413;-0.2;0.0;0.0;0.0;0.0;0.0;0.0;0.0;0.0;0
1414;-0.2;0.0;0.0;0.0;0.0;0.0;0.0;0.0;0.0;0
1415;0.2;0.0;0.0;0.0;0.0;0.0;0.0;0.0;0.0;0
1416;0.1;0.0;0.0;0.0;0.0;0.0;0.0;0.0;0.0;0
1417;1.0;0.0;0.0;0.0;0.0;0.0;0.0;0.0;0.0;0
1418;0.7;0.0;0.0;0.0;0.0;0.0;0.0;0.0;0.0;0
1419;0.9;0.0;0.0;0.0;0.0;0.0;0.0;0.0;0.0;0
1420;1.1;0.0;0.0;0.0;0.0;0.0;0.0;0.0;0.0;0
1421;1.2;0.0;0.0;0.0;0.0;0.0;0.0;0.0;0.0;0
1422;1.5;0.0;0.0;0.0;0.0;0.0;0.0;0.0;0.0;0
1423;1.2;0.0;0.0;0.0;0.0;0.0;0.0;0.0;0.0;0
1424;2.4;3.6;3.6;3.6;3.6;3.6;3.6;3.6;3.6;6
1425;4.4;41.1;43.09;74.2;85.92;71.38;41.1;41.1;41.1;81
1426;6.9;80.8;80.8;178.81;257.14;232.17;118.53;80.8;80.8;203
1427;10.2;106.9;106.9;198.06;383.29;406.61;254.36;106.9;106.9;319
1428;12.5;120.8;120.8;120.8;428.16;555.48;428.16;120.8;120.8;408
1429;13.9;127.7;127.7;127.7;372.89;626.03;587.25;279.28;127.7;447
1430;15.1;125.4;125.4;125.4;255.15;645.96;731.84;462.47;125.4;444
1431;15.1;116.7;116.7;116.7;116.7;595.15;824.79;639.64;148.16;392
1432;15.5;99.0;99.0;99.0;99.0;505.13;900.3;826.07;325.94;300
1433;14.9;70.1;70.1;70.1;70.1;618.2;1360.0;1360.0;957.18;186
1434;13.8;30.7;30.7;30.7;30.7;30.7;30.7;30.7;30.7;67
1435;12.4;1.8;1.8;1.8;1.8;1.8;1.8;1.8;1.8;3
1436;11.8;0.0;0.0;0.0;0.0;0.0;0.0;0.0;0.0;0
1437;11.0;0.0;0.0;0.0;0.0;0.0;0.0;0.0;0.0;0
1438;10.7;0.0;0.0;0.0;0.0;0.0;0.0;0.0;0.0;0
1439;10.1;0.0;0.0;0.0;0.0;0.0;0.0;0.0;0.0;0
1440;9.4;0.0;0.0;0.0;0.0;0.0;0.0;0.0;0.0;0
1441;9.4;0.0;0.0;0.0;0.0;0.0;0.0;0.0;0.0;0
1442;9.5;0.0;0.0;0.0;0.0;0.0;0.0;0.0;0.0;0
1443;8.7;0.0;0.0;0.0;0.0;0.0;0.0;0.0;0.0;0
1444;8.8;0.0;0.0;0.0;0.0;0.0;0.0;0.0;0.0;0
1445;6.6;0.0;0.0;0.0;0.0;0.0;0.0;0.0;0.0;0
1446;6.7;0.0;0.0;0.0;0.0;0.0;0.0;0.0;0.0;0
1447;5.7;0.0;0.0;0.0;0.0;0.0;0.0;0.0;0.0;0
1448;5.6;3.6;3.6;3.6;3.6;3.6;3.6;3.6;3.6;6
1449;5.8;22.4;22.68;26.74;28.26;26.35;22.4;22.4;22.4;39
1450;6.1;41.7;41.7;45.24;48.05;47.14;43.04;41.7;41.7;72
1451;6.8;80.7;80.7;85.5;95.2;96.41;88.41;80.7;80.7;142
1452;6.7;93.4;93.4;93.4;105.61;110.66;105.61;93.4;93.4;164
1453;7.1;141.7;141.7;141.7;178.55;216.75;210.99;164.64;141.7;272
1454;7.4;139.1;139.1;139.1;154.76;202.56;213.18;180.41;139.1;261
1455;7.8;128.0;128.0;128.0;128.0;214.82;256.92;223.5;134.14;250
1456;7.7;106.2;106.2;106.2;106.2;236.82;365.34;342.06;180.62;222
1457;7.3;72.6;72.6;72.6;72.6;316.84;821.45;887.39;476.04;156
1458;6.5;29.3;29.3;29.3;29.3;29.3;29.3;29.3;29.3;53
1459;6.3;1.8;1.8;1.8;1.8;1.8;1.8;1.8;1.8;3
1460;5.8;0.0;0.0;0.0;0.0;0.0;0.0;0.0;0.0;0
1461;5.3;0.0;0.0;0.0;0.0;0.0;0.0;0.0;0.0;0
1462;5.8;0.0;0.0;0.0;0.0;0.0;0.0;0.0;0.0;0
1463;6.1;0.0;0.0;0.0;0.0;0.0;0.0;0.0;0.0;0
1464;6.2;0.0;0.0;0.0;0.0;0.0;0.0;0.0;0.0;0
1465;5.5;0.0;0.0;0.0;0.0;0.0;0.0;0.0;0.0;0
1466;5.6;0.0;0.0;0.0;0.0;0.0;0.0;0.0;0.0;0
1467;5.6;0.0;0.0;0.0;0.0;0.0;0.0;0.0;0.0;0
1468;5.9;0.0;0.0;0.0;0.0;0.0;0.0;0.0;0.0;0
1469;5.9;0.0;0.0;0.0;0.0;0.0;0.0;0.0;0.0;0
1470;5.9;0.0;0.0;0.0;0.0;0.0;0.0;0.0;0.0;0
1471;5.7;0.0;0.0;0.0;0.0;0.0;0.0;0.0;0.0;0
1472;6.5;3.6;3.6;3.6;3.6;3.6;3.6;3.6;3.6;6
1473;7.2;21.1;21.25;23.24;23.97;23.03;21.1;21.1;21.1;36
1474;7.5;22.9;22.9;24.07;24.98;24.68;23.33;22.9;22.9;39
1475;7.9;29.5;29.5;30.03;31.09;31.22;30.34;29.5;29.5;50
1476;8.5;34.3;34.3;34.3;35.5;36.0;35.5;34.3;34.3;58
1477;8.8;29.5;29.5;29.5;30.34;31.22;31.09;30.03;29.5;50
1478;8.1;37.9;37.9;37.9;38.33;39.68;39.98;39.07;37.9;64
1479;8.4;22.9;22.9;22.9;22.9;24.83;25.77;25.04;23.05;39
1480;8.3;27.7;27.7;27.7;27.7;30.03;32.36;31.95;29.06;47
1481;8.6;18.1;18.1;18.1;18.1;23.28;34.15;35.62;26.83;31
1482;8.4;6.6;6.6;6.6;6.6;6.6;6.6;6.6;6.6;11
1483;8.5;0.0;0.0;0.0;0.0;0.0;0.0;0.0;0.0;0
1484;8.1;0.0;0.0;0.0;0.0;0.0;0.0;0.0;0.0;0
1485;6.9;0.0;0.0;0.0;0.0;0.0;0.0;0.0;0.0;0
1486;6.6;0.0;0.0;0.0;0.0;0.0;0.0;0.0;0.0;0
1487;6.6;0.0;0.0;0.0;0.0;0.0;0.0;0.0;0.0;0
1488;6.5;0.0;0.0;0.0;0.0;0.0;0.0;0.0;0.0;0
1489;6.7;0.0;0.0;0.0;0.0;0.0;0.0;0.0;0.0;0
1490;7.1;0.0;0.0;0.0;0.0;0.0;0.0;0.0;0.0;0
1491;7.2;0.0;0.0;0.0;0.0;0.0;0.0;0.0;0.0;0
1492;7.5;0.0;0.0;0.0;0.0;0.0;0.0;0.0;0.0;0
1493;7.5;0.0;0.0;0.0;0.0;0.0;0.0;0.0;0.0;0
1494;7.7;0.0;0.0;0.0;0.0;0.0;0.0;0.0;0.0;0
1495;7.9;0.0;0.0;0.0;0.0;0.0;0.0;0.0;0.0;0
1496;8.0;1.8;1.8;1.8;1.8;1.8;1.8;1.8;1.8;3
1497;8.2;14.5;14.65;16.6;17.32;16.39;14.5;14.5;14.5;25
1498;8.5;30.8;30.8;33.1;34.9;34.3;31.65;30.8;30.8;53
1499;9.2;44.0;44.0;45.04;47.13;47.38;45.65;44.0;44.0;75
1500;9.5;47.6;47.6;47.6;49.97;50.95;49.97;47.6;47.6;81
1501;10.4;75.6;75.6;75.6;80.56;85.75;84.99;78.73;75.6;131
1502;11.3;124.7;124.7;124.7;131.89;154.43;159.56;144.27;124.7;222
1503;12.3;125.8;125.8;125.8;125.8;167.28;187.82;172.03;129.16;228
1504;12.6;102.6;102.6;102.6;102.6;143.19;184.05;177.19;126.64;186
1505;12.1;38.7;38.7;38.7;38.7;52.65;82.44;86.61;62.71;67
1506;11.9;24.9;24.9;24.9;24.9;24.9;24.9;24.9;24.9;44
1507;9.0;1.8;1.8;1.8;1.8;1.8;1.8;1.8;1.8;3
1508;7.7;0.0;0.0;0.0;0.0;0.0;0.0;0.0;0.0;0
1509;7.9;0.0;0.0;0.0;0.0;0.0;0.0;0.0;0.0;0
1510;7.5;0.0;0.0;0.0;0.0;0.0;0.0;0.0;0.0;0
1511;7.4;0.0;0.0;0.0;0.0;0.0;0.0;0.0;0.0;0
1512;6.5;0.0;0.0;0.0;0.0;0.0;0.0;0.0;0.0;0
1513;6.4;0.0;0.0;0.0;0.0;0.0;0.0;0.0;0.0;0
1514;4.8;0.0;0.0;0.0;0.0;0.0;0.0;0.0;0.0;0
1515;5.3;0.0;0.0;0.0;0.0;0.0;0.0;0.0;0.0;0
1516;5.8;0.0;0.0;0.0;0.0;0.0;0.0;0.0;0.0;0
1517;4.6;0.0;0.0;0.0;0.0;0.0;0.0;0.0;0.0;0
1518;5.9;0.0;0.0;0.0;0.0;0.0;0.0;0.0;0.0;0
1519;5.6;0.0;0.0;0.0;0.0;0.0;0.0;0.0;0.0;0
1520;5.7;6.6;6.6;6.6;6.6;6.6;6.6;6.6;6.6;11
1521;7.6;48.8;52.93;102.58;120.72;96.73;48.8;48.8;48.8;103
1522;8.5;86.3;86.3;207.97;302.33;270.14;130.26;86.3;86.3;233
1523;9.3;112.9;112.9;206.37;392.01;414.15;259.82;112.9;112.9;339
1524;11.1;127.5;127.5;127.5;424.82;547.97;424.82;127.5;127.5;425
1525;12.5;135.1;135.1;135.1;364.82;606.11;571.49;281.24;135.1;461
1526;13.8;121.2;121.2;121.2;264.17;719.11;823.8;516.92;121.2;492
1527;14.3;133.3;133.3;133.3;133.3;433.8;584.18;470.45;159.22;358
1528;14.4;110.1;110.1;110.1;110.1;365.02;624.6;582.8;264.09;281
1529;13.9;68.2;68.2;68.2;68.2;110.25;201.63;214.84;142.16;122
1530;13.4;26.7;26.7;26.7;26.7;26.7;26.7;26.7;26.7;47
1531;13.1;1.8;1.8;1.8;1.8;1.8;1.8;1.8;1.8;3
1532;12.7;0.0;0.0;0.0;0.0;0.0;0.0;0.0;0.0;0
1533;12.7;0.0;0.0;0.0;0.0;0.0;0.0;0.0;0.0;0
1534;12.6;0.0;0.0;0.0;0.0;0.0;0.0;0.0;0.0;0
1535;11.6;0.0;0.0;0.0;0.0;0.0;0.0;0.0;0.0;0
1536;9.2;0.0;0.0;0.0;0.0;0.0;0.0;0.0;0.0;0
1537;9.0;0.0;0.0;0.0;0.0;0.0;0.0;0.0;0.0;0
1538;8.9;0.0;0.0;0.0;0.0;0.0;0.0;0.0;0.0;0
1539;9.1;0.0;0.0;0.0;0.0;0.0;0.0;0.0;0.0;0
1540;9.1;0.0;0.0;0.0;0.0;0.0;0.0;0.0;0.0;0
1541;8.8;0.0;0.0;0.0;0.0;0.0;0.0;0.0;0.0;0
1542;8.7;0.0;0.0;0.0;0.0;0.0;0.0;0.0;0.0;0
1543;8.8;0.0;0.0;0.0;0.0;0.0;0.0;0.0;0.0;0
1544;8.3;3.6;3.6;3.6;3.6;3.6;3.6;3.6;3.6;6
1545;8.2;28.5;29.0;34.61;36.64;33.91;28.5;28.5;28.5;50
1546;9.1;90.1;90.1;165.36;223.28;203.18;116.84;90.1;90.1;206
1547;8.9;112.8;112.8;122.0;140.15;142.29;127.15;112.8;112.8;203
1548;9.3;134.3;134.3;134.3;388.09;493.21;388.09;134.3;134.3;408
1549;9.9;150.5;150.5;150.5;293.2;443.75;422.53;241.95;150.5;400
1550;9.7;149.3;149.3;149.3;175.24;259.01;278.51;222.32;149.3;303
1551;10.1;123.7;123.7;123.7;123.7;157.95;175.28;162.39;126.84;222
1552;10.3;100.7;100.7;100.7;100.7;540.87;994.34;924.34;371.86;342
1553;10.4;76.6;76.6;76.6;76.6;459.32;1305.57;1360.0;764.32;211
1554;9.2;37.9;37.9;37.9;37.9;37.9;37.9;37.9;37.9;89
1555;7.7;3.6;3.6;3.6;3.6;3.6;3.6;3.6;3.6;6
1556;5.1;0.0;0.0;0.0;0.0;0.0;0.0;0.0;0.0;0
1557;4.3;0.0;0.0;0.0;0.0;0.0;0.0;0.0;0.0;0
1558;4.6;0.0;0.0;0.0;0.0;0.0;0.0;0.0;0.0;0
1559;4.9;0.0;0.0;0.0;0.0;0.0;0.0;0.0;0.0;0
1560;4.3;0.0;0.0;0.0;0.0;0.0;0.0;0.0;0.0;0
1561;3.5;0.0;0.0;0.0;0.0;0.0;0.0;0.0;0.0;0
1562;3.4;0.0;0.0;0.0;0.0;0.0;0.0;0.0;0.0;0
1563;2.9;0.0;0.0;0.0;0.0;0.0;0.0;0.0;0.0;0
1564;2.2;0.0;0.0;0.0;0.0;0.0;0.0;0.0;0.0;0
1565;2.2;0.0;0.0;0.0;0.0;0.0;0.0;0.0;0.0;0
1566;2.7;0.0;0.0;0.0;0.0;0.0;0.0;0.0;0.0;0
1567;2.8;0.0;0.0;0.0;0.0;0.0;0.0;0.0;0.0;0
1568;2.6;9.2;11.76;16.89;17.52;13.27;9.2;9.2;9.2;17
1569;4.6;52.7;59.71;134.9;161.94;124.98;52.7;52.7;52.7;122
1570;7.0;87.8;87.8;229.86;338.33;300.04;137.43;87.8;87.8;253
1571;9.2;122.8;122.8;182.45;299.54;313.1;215.18;122.8;122.8;303
1572;11.0;120.2;120.2;120.2;482.15;632.07;482.15;120.2;120.2;467
1573;12.2;130.4;130.4;130.4;390.33;665.81;627.66;298.22;130.4;494
1574;13.0;129.6;129.6;129.6;255.21;666.83;763.74;489.18;129.6;486
1575;13.7;117.4;117.4;117.4;117.4;642.78;911.38;714.87;168.38;444
1576;13.8;114.2;114.2;114.2;114.2;313.78;521.84;491.11;239.59;272
1577;13.3;77.2;77.2;77.2;77.2;154.24;327.61;354.3;218.67;147
1578;12.0;28.5;28.5;28.5;28.5;28.5;28.5;28.5;28.5;50
1579;11.1;1.8;1.8;1.8;1.8;1.8;1.8;1.8;1.8;3
1580;10.0;0.0;0.0;0.0;0.0;0.0;0.0;0.0;0.0;0
1581;8.6;0.0;0.0;0.0;0.0;0.0;0.0;0.0;0.0;0
1582;6.4;0.0;0.0;0.0;0.0;0.0;0.0;0.0;0.0;0
1583;5.8;0.0;0.0;0.0;0.0;0.0;0.0;0.0;0.0;0
1584;6.0;0.0;0.0;0.0;0.0;0.0;0.0;0.0;0.0;0
1585;6.7;0.0;0.0;0.0;0.0;0.0;0.0;0.0;0.0;0
1586;7.1;0.0;0.0;0.0;0.0;0.0;0.0;0.0;0.0;0
1587;7.2;0.0;0.0;0.0;0.0;0.0;0.0;0.0;0.0;0
1588;5.6;0.0;0.0;0.0;0.0;0.0;0.0;0.0;0.0;0
1589;5.2;0.0;0.0;0.0;0.0;0.0;0.0;0.0;0.0;0
1590;5.0;0.0;0.0;0.0;0.0;0.0;0.0;0.0;0.0;0
1591;5.8;0.0;0.0;0.0;0.0;0.0;0.0;0.0;0.0;0
1592;4.8;0.0;0.0;0.0;0.0;0.0;0.0;0.0;0.0;0
1593;7.5;52.8;55.98;88.34;99.88;83.84;52.8;52.8;52.8;103
1594;9.0;93.3;93.3;155.81;203.16;186.16;114.76;93.3;93.3;203
1595;9.1;89.8;89.8;94.8;104.56;105.68;97.49;89.8;89.8;158
1596;10.2;109.9;109.9;109.9;124.38;130.38;124.38;109.9;109.9;194
1597;11.0;156.9;156.9;156.9;251.47;352.17;338.48;218.42;156.9;364
1598;11.0;147.5;147.5;147.5;160.68;204.52;214.96;185.88;147.5;275
1599;11.6;122.4;122.4;122.4;122.4;153.44;169.48;157.94;125.58;219
1600;11.8;114.1;114.1;114.1;114.1;210.64;312.48;298.11;175.95;231
1601;10.5;47.8;47.8;47.8;47.8;60.67;90.17;94.85;71.97;83
1602;9.6;4.8;4.8;4.8;4.8;4.8;4.8;4.8;4.8;8
1603;8.1;1.8;1.8;1.8;1.8;1.8;1.8;1.8;1.8;3
1604;7.4;0.0;0.0;0.0;0.0;0.0;0.0;0.0;0.0;0
1605;7.0;0.0;0.0;0.0;0.0;0.0;0.0;0.0;0.0;0
1606;7.0;0.0;0.0;0.0;0.0;0.0;0.0;0.0;0.0;0
1607;7.0;0.0;0.0;0.0;0.0;0.0;0.0;0.0;0.0;0
1608;7.1;0.0;0.0;0.0;0.0;0.0;0.0;0.0;0.0;0
1609;7.0;0.0;0.0;0.0;0.0;0.0;0.0;0.0;0.0;0
1610;6.7;0.0;0.0;0.0;0.0;0.0;0.0;0.0;0.0;0
1611;6.7;0.0;0.0;0.0;0.0;0.0;0.0;0.0;0.0;0
1612;6.7;0.0;0.0;0.0;0.0;0.0;0.0;0.0;0.0;0
1613;6.5;0.0;0.0;0.0;0.0;0.0;0.0;0.0;0.0;0
1614;6.3;0.0;0.0;0.0;0.0;0.0;0.0;0.0;0.0;0
1615;6.1;0.0;0.0;0.0;0.0;0.0;0.0;0.0;0.0;0
1616;6.1;3.6;3.6;3.6;3.6;3.6;3.6;3.6;3.6;6
1617;6.5;27.2;27.56;31.09;32.34;30.57;27.2;27.2;27.2;47
1618;7.2;76.6;76.6;87.44;95.58;92.61;80.26;76.6;76.6;136
1619;7.8;123.7;123.7;144.98;186.27;190.9;156.17;123.7;123.7;242
1620;9.3;134.2;134.2;134.2;421.72;540.81;421.72;134.2;134.2;442
1621;9.2;158.1;158.1;158.1;264.57;378.46;363.27;227.89;158.1;381
1622;9.8;143.8;143.8;143.8;151.84;179.01;185.56;167.64;143.8;258
1623;9.5;122.4;122.4;122.4;122.4;152.76;168.62;157.41;125.68;219
1624;10.0;74.6;74.6;74.6;74.6;89.85;106.14;103.95;84.57;131
1625;9.9;78.2;78.2;78.2;78.2;119.77;216.78;232.62;158.0;142
1626;9.4;24.2;24.2;24.2;24.2;24.2;24.2;24.2;24.2;42
1627;8.0;1.8;1.8;1.8;1.8;1.8;1.8;1.8;1.8;3
1628;5.4;0.0;0.0;0.0;0.0;0.0;0.0;0.0;0.0;0
1629;4.4;0.0;0.0;0.0;0.0;0.0;0.0;0.0;0.0;0
1630;4.3;0.0;0.0;0.0;0.0;0.0;0.0;0.0;0.0;0
1631;2.3;0.0;0.0;0.0;0.0;0.0;0.0;0.0;0.0;0
1632;4.2;0.0;0.0;0.0;0.0;0.0;0.0;0.0;0.0;0
1633;4.9;0.0;0.0;0.0;0.0;0.0;0.0;0.0;0.0;0
1634;4.8;0.0;0.0;0.0;0.0;0.0;0.0;0.0;0.0;0
1635;4.9;0.0;0.0;0.0;0.0;0.0;0.0;0.0;0.0;0
1636;4.1;0.0;0.0;0.0;0.0;0.0;0.0;0.0;0.0;0
1637;4.3;0.0;0.0;0.0;0.0;0.0;0.0;0.0;0.0;0
1638;5.0;0.0;0.0;0.0;0.0;0.0;0.0;0.0;0.0;0
1639;5.3;0.0;0.0;0.0;0.0;0.0;0.0;0.0;0.0;0
1640;5.4;6.6;6.6;6.6;6.6;6.6;6.6;6.6;6.6;11
1641;6.1;48.1;49.42;61.51;65.75;59.65;48.1;48.1;48.1;86
1642;7.4;94.6;94.6;220.97;315.18;280.18;136.46;94.6;94.6;256
1643;8.8;116.6;116.6;226.32;437.89;461.25;282.72;116.6;116.6;381
1644;9.8;128.9;128.9;128.9;458.6;595.16;458.6;128.9;128.9;469
1645;11.0;146.2;146.2;146.2;349.4;567.78;539.2;280.42;146.2;472
1646;11.6;146.3;146.3;146.3;237.48;550.48;626.72;421.54;146.3;458
1647;11.9;140.3;140.3;140.3;140.3;425.8;576.58;471.79;172.82;378
1648;11.6;117.7;117.7;117.7;117.7;219.22;328.93;314.91;185.36;242
1649;11.3;24.7;24.7;24.7;24.7;27.45;33.98;35.08;30.1;42
1650;9.5;4.8;4.8;4.8;4.8;4.8;4.8;4.8;4.8;8
1651;8.2;0.0;0.0;0.0;0.0;0.0;0.0;0.0;0.0;0
1652;8.1;0.0;0.0;0.0;0.0;0.0;0.0;0.0;0.0;0
1653;7.6;0.0;0.0;0.0;0.0;0.0;0.0;0.0;0.0;0
1654;4.9;0.0;0.0;0.0;0.0;0.0;0.0;0.0;0.0;0
1655;4.8;0.0;0.0;0.0;0.0;0.0;0.0;0.0;0.0;0
1656;5.1;0.0;0.0;0.0;0.0;0.0;0.0;0.0;0.0;0
1657;5.2;0.0;0.0;0.0;0.0;0.0;0.0;0.0;0.0;0
1658;4.5;0.0;0.0;0.0;0.0;0.0;0.0;0.0;0.0;0
1659;4.9;0.0;0.0;0.0;0.0;0.0;0.0;0.0;0.0;0
1660;4.7;0.0;0.0;0.0;0.0;0.0;0.0;0.0;0.0;0
1661;3.9;0.0;0.0;0.0;0.0;0.0;0.0;0.0;0.0;0
1662;4.2;0.0;0.0;0.0;0.0;0.0;0.0;0.0;0.0;0
1663;4.1;0.0;0.0;0.0;0.0;0.0;0.0;0.0;0.0;0
1664;4.5;9.7;10.92;13.21;13.44;11.49;9.7;9.7;9.7;17
1665;5.4;44.3;45.27;53.74;56.68;52.37;44.3;44.3;44.3;78
1666;6.0;37.4;37.4;39.52;41.08;40.49;38.09;37.4;37.4;64
1667;6.5;58.0;58.0;59.94;63.66;64.06;60.91;58.0;58.0;100
1668;7.1;133.4;133.4;133.4;154.7;163.52;154.7;133.4;133.4;239
1669;6.9;132.6;132.6;132.6;145.71;159.87;158.05;141.33;132.6;236
1670;7.4;115.3;115.3;115.3;119.78;135.39;139.24;129.06;115.3;203
1671;7.4;121.7;121.7;121.7;121.7;149.15;163.81;153.8;124.99;217
1672;7.5;116.5;116.5;116.5;116.5;182.64;255.0;246.23;161.46;225
1673;7.4;83.9;83.9;83.9;83.9;157.92;337.3;368.23;232.61;164
1674;6.7;44.5;44.5;44.5;44.5;44.5;44.5;44.5;44.5;100
1675;6.2;6.6;6.6;6.6;6.6;6.6;6.6;6.6;6.6;11
1676;5.5;0.0;0.0;0.0;0.0;0.0;0.0;0.0;0.0;0
1677;5.7;0.0;0.0;0.0;0.0;0.0;0.0;0.0;0.0;0
1678;6.0;0.0;0.0;0.0;0.0;0.0;0.0;0.0;0.0;0
1679;6.3;0.0;0.0;0.0;0.0;0.0;0.0;0.0;0.0;0
1680;5.8;0.0;0.0;0.0;0.0;0.0;0.0;0.0;0.0;0
1681;5.9;0.0;0.0;0.0;0.0;0.0;0.0;0.0;0.0;0
1682;6.3;0.0;0.0;0.0;0.0;0.0;0.0;0.0;0.0;0
1683;6.4;0.0;0.0;0.0;0.0;0.0;0.0;0.0;0.0;0
1684;6.5;0.0;0.0;0.0;0.0;0.0;0.0;0.0;0.0;0
1685;6.8;0.0;0.0;0.0;0.0;0.0;0.0;0.0;0.0;0
1686;7.2;0.0;0.0;0.0;0.0;0.0;0.0;0.0;0.0;0
1687;7.9;0.0;0.0;0.0;0.0;0.0;0.0;0.0;0.0;0
1688;8.8;0.0;0.0;0.0;0.0;0.0;0.0;0.0;0.0;0
1689;8.9;3.6;3.6;3.6;3.6;3.6;3.6;3.6;3.6;6
1690;9.3;4.8;4.8;4.8;4.8;4.8;4.8;4.8;4.8;8
1691;9.4;15.0;15.0;15.0;15.0;15.0;15.0;15.0;15.0;25
1692;9.2;22.9;22.9;22.9;23.95;24.38;23.95;22.9;22.9;39
1693;9.2;19.8;19.8;19.8;19.8;19.8;19.8;19.8;19.8;33
1694;9.1;21.6;21.6;21.6;21.6;21.6;21.6;21.6;21.6;36
1695;9.0;116.1;116.1;116.1;116.1;139.8;152.6;144.01;119.08;206
1696;9.0;13.2;13.2;13.2;13.2;13.2;13.2;13.2;13.2;22
1697;9.1;10.2;10.2;10.2;10.2;10.2;10.2;10.2;10.2;17
1698;9.2;3.6;3.6;3.6;3.6;3.6;3.6;3.6;3.6;6
1699;9.4;0.0;0.0;0.0;0.0;0.0;0.0;0.0;0.0;0
1700;9.3;0.0;0.0;0.0;0.0;0.0;0.0;0.0;0.0;0
1701;8.9;0.0;0.0;0.0;0.0;0.0;0.0;0.0;0.0;0
1702;9.1;0.0;0.0;0.0;0.0;0.0;0.0;0.0;0.0;0
1703;9.3;0.0;0.0;0.0;0.0;0.0;0.0;0.0;0.0;0
1704;9.1;0.0;0.0;0.0;0.0;0.0;0.0;0.0;0.0;0
1705;8.6;0.0;0.0;0.0;0.0;0.0;0.0;0.0;0.0;0
1706;8.4;0.0;0.0;0.0;0.0;0.0;0.0;0.0;0.0;0
1707;7.9;0.0;0.0;0.0;0.0;0.0;0.0;0.0;0.0;0
1708;5.1;0.0;0.0;0.0;0.0;0.0;0.0;0.0;0.0;0
1709;8.4;0.0;0.0;0.0;0.0;0.0;0.0;0.0;0.0;0
1710;8.5;0.0;0.0;0.0;0.0;0.0;0.0;0.0;0.0;0
1711;8.7;0.0;0.0;0.0;0.0;0.0;0.0;0.0;0.0;0
1712;8.8;6.6;6.6;6.6;6.6;6.6;6.6;6.6;6.6;11
1713;8.7;19.3;19.5;21.13;21.69;20.85;19.3;19.3;19.3;33
1714;8.0;43.5;43.5;46.6;48.86;47.98;44.47;43.5;43.5;75
1715;8.7;51.9;51.9;53.33;56.02;56.31;54.01;51.9;51.9;89
1716;5.7;21.6;21.6;21.6;21.6;21.6;21.6;21.6;21.6;36
1717;4.5;54.9;54.9;54.9;57.01;59.31;59.02;56.33;54.9;94
1718;4.6;56.7;56.7;56.7;57.67;61.18;62.06;59.8;56.7;97
1719;3.5;22.9;22.9;22.9;22.9;24.45;25.29;24.73;23.1;39
1720;3.8;27.7;27.7;27.7;27.7;29.38;31.26;31.06;28.89;47
1721;4.6;38.7;38.7;38.7;38.7;45.35;62.12;65.16;52.71;67
1722;5.4;28.5;28.5;28.5;28.5;28.5;28.5;28.5;28.5;50
1723;6.1;0.0;0.0;0.0;0.0;0.0;0.0;0.0;0.0;0
1724;5.6;0.0;0.0;0.0;0.0;0.0;0.0;0.0;0.0;0
1725;4.6;0.0;0.0;0.0;0.0;0.0;0.0;0.0;0.0;0
1726;4.8;0.0;0.0;0.0;0.0;0.0;0.0;0.0;0.0;0
1727;5.3;0.0;0.0;0.0;0.0;0.0;0.0;0.0;0.0;0
1728;5.2;0.0;0.0;0.0;0.0;0.0;0.0;0.0;0.0;0
1729;4.9;0.0;0.0;0.0;0.0;0.0;0.0;0.0;0.0;0
1730;1.7;0.0;0.0;0.0;0.0;0.0;0.0;0.0;0.0;0
1731;2.2;0.0;0.0;0.0;0.0;0.0;0.0;0.0;0.0;0
1732;1.6;0.0;0.0;0.0;0.0;0.0;0.0;0.0;0.0;0
1733;0.8;0.0;0.0;0.0;0.0;0.0;0.0;0.0;0.0;0
1734;0.5;0.0;0.0;0.0;0.0;0.0;0.0;0.0;0.0;0
1735;0.9;0.0;0.0;0.0;0.0;0.0;0.0;0.0;0.0;0
1736;1.3;15.8;18.15;22.37;22.75;19.05;15.8;15.8;15.8;28
1737;1.4;50.4;51.65;61.25;64.49;59.48;50.4;50.4;50.4;89
1738;2.6;101.8;101.8;142.71;172.22;160.47;114.36;101.8;101.8;203
1739;2.8;128.4;128.4;142.51;169.05;171.78;149.1;128.4;128.4;239
1740;2.3;151.2;151.2;151.2;200.07;220.31;200.07;151.2;151.2;292
1741;5.3;164.4;164.4;164.4;218.21;277.18;270.09;201.08;164.4;339
1742;5.3;138.9;138.9;138.9;247.22;644.95;746.25;491.76;138.9;519
1743;5.2;149.7;149.7;149.7;149.7;326.79;424.53;361.28;174.09;347
1744;5.2;92.9;92.9;92.9;92.9;110.79;131.12;129.05;105.81;164
1745;5.5;86.1;86.1;86.1;86.1;129.66;241.6;262.45;180.0;161
1746;4.3;21.1;21.1;21.1;21.1;21.1;21.1;21.1;21.1;36
1747;2.8;0.0;0.0;0.0;0.0;0.0;0.0;0.0;0.0;0
1748;5.1;0.0;0.0;0.0;0.0;0.0;0.0;0.0;0.0;0
1749;5.1;0.0;0.0;0.0;0.0;0.0;0.0;0.0;0.0;0
1750;5.1;0.0;0.0;0.0;0.0;0.0;0.0;0.0;0.0;0
1751;5.3;0.0;0.0;0.0;0.0;0.0;0.0;0.0;0.0;0
1752;4.3;0.0;0.0;0.0;0.0;0.0;0.0;0.0;0.0;0
1753;6.0;0.0;0.0;0.0;0.0;0.0;0.0;0.0;0.0;0
1754;5.0;0.0;0.0;0.0;0.0;0.0;0.0;0.0;0.0;0
1755;3.5;0.0;0.0;0.0;0.0;0.0;0.0;0.0;0.0;0
1756;3.8;0.0;0.0;0.0;0.0;0.0;0.0;0.0;0.0;0
1757;3.5;0.0;0.0;0.0;0.0;0.0;0.0;0.0;0.0;0
1758;3.5;0.0;0.0;0.0;0.0;0.0;0.0;0.0;0.0;0
1759;2.8;6.6;6.6;6.6;6.6;6.6;6.6;6.6;6.6;11
1760;3.0;14.5;15.66;17.72;17.89;16.08;14.5;14.5;14.5;25
1761;3.8;43.0;43.85;50.13;52.23;48.93;43.0;43.0;43.0;75
1762;4.5;82.7;82.7;93.83;101.78;98.56;86.05;82.7;82.7;147
1763;4.4;94.7;94.7;99.82;109.4;110.36;102.15;94.7;94.7;167
1764;5.1;153.2;153.2;153.2;203.35;224.13;203.35;153.2;153.2;297
1765;5.9;166.2;166.2;166.2;219.05;277.26;270.41;202.52;166.2;342
1766;4.7;103.6;103.6;103.6;106.64;118.02;120.95;113.71;103.6;181
1767;6.1;119.1;119.1;119.1;119.1;141.32;153.73;145.85;122.3;211
1768;6.1;125.9;125.9;125.9;125.9;275.74;448.09;431.71;236.19;289
1769;5.5;85.3;85.3;85.3;85.3;110.56;176.82;189.47;141.09;153
1770;5.3;38.9;38.9;38.9;38.9;38.9;38.9;38.9;38.9;69
1771;4.7;4.3;4.3;4.3;4.3;4.3;4.3;4.3;4.3;8
1772;4.3;0.0;0.0;0.0;0.0;0.0;0.0;0.0;0.0;0
1773;4.2;0.0;0.0;0.0;0.0;0.0;0.0;0.0;0.0;0
1774;4.1;0.0;0.0;0.0;0.0;0.0;0.0;0.0;0.0;0
1775;4.0;0.0;0.0;0.0;0.0;0.0;0.0;0.0;0.0;0
1776;3.9;0.0;0.0;0.0;0.0;0.0;0.0;0.0;0.0;0
1777;3.9;0.0;0.0;0.0;0.0;0.0;0.0;0.0;0.0;0
1778;3.8;0.0;0.0;0.0;0.0;0.0;0.0;0.0;0.0;0
1779;3.0;0.0;0.0;0.0;0.0;0.0;0.0;0.0;0.0;0
1780;1.7;0.0;0.0;0.0;0.0;0.0;0.0;0.0;0.0;0
1781;1.7;0.0;0.0;0.0;0.0;0.0;0.0;0.0;0.0;0
1782;1.9;0.0;0.0;0.0;0.0;0.0;0.0;0.0;0.0;0
1783;0.3;0.0;0.0;0.0;0.0;0.0;0.0;0.0;0.0;0
1784;1.8;22.7;28.44;38.47;39.26;30.35;22.7;22.7;22.7;42
1785;4.5;68.6;80.8;167.09;195.68;149.83;68.6;68.6;68.6;161
1786;5.5;102.0;102.0;258.03;368.65;323.07;147.99;102.0;102.0;300
1787;6.4;129.9;129.9;228.1;410.51;428.55;271.64;129.9;129.9;394
1788;7.0;145.7;145.7;145.7;417.49;530.07;417.49;145.7;145.7;472
1789;7.8;146.3;146.3;146.3;373.22;624.42;595.54;303.51;146.3;528
1790;8.2;137.9;137.9;137.9;247.28;663.65;772.05;508.97;137.9;539
1791;8.5;145.0;145.0;145.0;145.0;464.11;644.23;531.91;192.94;425
1792;8.7;113.3;113.3;113.3;113.3;139.31;169.61;166.92;132.83;203
1793;8.1;88.7;88.7;88.7;88.7;130.65;242.97;264.92;183.64;167
1794;7.9;50.8;50.8;50.8;50.8;50.8;50.8;50.8;50.8;103
1795;7.7;10.9;10.9;10.9;10.9;10.9;10.9;10.9;10.9;19
1796;7.5;0.0;0.0;0.0;0.0;0.0;0.0;0.0;0.0;0
1797;7.4;0.0;0.0;0.0;0.0;0.0;0.0;0.0;0.0;0
1798;7.4;0.0;0.0;0.0;0.0;0.0;0.0;0.0;0.0;0
1799;7.4;0.0;0.0;0.0;0.0;0.0;0.0;0.0;0.0;0
1800;7.6;0.0;0.0;0.0;0.0;0.0;0.0;0.0;0.0;0
1801;7.8;0.0;0.0;0.0;0.0;0.0;0.0;0.0;0.0;0
1802;7.8;0.0;0.0;0.0;0.0;0.0;0.0;0.0;0.0;0
1803;7.7;0.0;0.0;0.0;0.0;0.0;0.0;0.0;0.0;0
1804;7.9;0.0;0.0;0.0;0.0;0.0;0.0;0.0;0.0;0
1805;7.9;0.0;0.0;0.0;0.0;0.0;0.0;0.0;0.0;0
1806;8.1;0.0;0.0;0.0;0.0;0.0;0.0;0.0;0.0;0
1807;8.2;0.0;0.0;0.0;0.0;0.0;0.0;0.0;0.0;0
1808;8.0;4.8;4.8;4.8;4.8;4.8;4.8;4.8;4.8;8
1809;8.2;15.0;15.0;15.0;15.0;15.0;15.0;15.0;15.0;25
1810;8.5;22.9;22.9;23.89;24.58;24.29;23.19;22.9;22.9;39
1811;8.9;40.4;40.4;41.31;43.0;43.16;41.71;40.4;40.4;69
1812;9.4;68.2;68.2;68.2;72.1;73.71;72.1;68.2;68.2;117
1813;9.9;103.6;103.6;103.6;110.14;117.41;116.59;108.17;103.6;181
1814;10.0;95.7;95.7;95.7;98.27;108.24;110.86;104.6;95.7;167
1815;10.0;48.8;48.8;48.8;48.8;51.64;53.26;52.27;49.24;83
1816;10.2;72.0;72.0;72.0;72.0;80.9;91.41;90.55;78.82;125
1817;9.9;27.7;27.7;27.7;27.7;29.41;34.1;35.04;31.68;47
1818;9.8;16.3;16.3;16.3;16.3;16.3;16.3;16.3;16.3;28
1819;9.5;1.8;1.8;1.8;1.8;1.8;1.8;1.8;1.8;3
1820;9.3;0.0;0.0;0.0;0.0;0.0;0.0;0.0;0.0;0
1821;9.5;0.0;0.0;0.0;0.0;0.0;0.0;0.0;0.0;0
1822;9.5;0.0;0.0;0.0;0.0;0.0;0.0;0.0;0.0;0
1823;9.3;0.0;0.0;0.0;0.0;0.0;0.0;0.0;0.0;0
1824;8.6;0.0;0.0;0.0;0.0;0.0;0.0;0.0;0.0;0
1825;8.1;0.0;0.0;0.0;0.0;0.0;0.0;0.0;0.0;0
1826;8.2;0.0;0.0;0.0;0.0;0.0;0.0;0.0;0.0;0
1827;7.4;0.0;0.0;0.0;0.0;0.0;0.0;0.0;0.0;0
1828;7.2;0.0;0.0;0.0;0.0;0.0;0.0;0.0;0.0;0
1829;6.7;0.0;0.0;0.0;0.0;0.0;0.0;0.0;0.0;0
1830;4.1;0.0;0.0;0.0;0.0;0.0;0.0;0.0;0.0;0
1831;4.1;0.0;0.0;0.0;0.0;0.0;0.0;0.0;0.0;0
1832;5.3;6.6;6.6;6.6;6.6;6.6;6.6;6.6;6.6;11
1833;6.6;27.2;27.65;30.62;31.59;29.98;27.2;27.2;27.2;47
1834;7.8;40.4;40.4;42.36;43.72;43.14;40.95;40.4;40.4;69
1835;8.9;47.6;47.6;48.5;50.16;50.32;48.88;47.6;47.6;81
1836;9.8;68.2;68.2;68.2;72.04;73.63;72.04;68.2;68.2;117
1837;9.5;69.4;69.4;69.4;71.97;74.84;74.52;71.21;69.4;119
1838;9.7;66.4;66.4;66.4;67.51;71.88;73.04;70.31;66.4;114
1839;10.5;82.9;82.9;82.9;82.9;92.63;98.26;94.88;84.49;144
1840;11.0;83.7;83.7;83.7;83.7;96.66;112.16;110.99;93.83;147
1841;11.3;63.1;63.1;63.1;63.1;74.39;105.95;112.4;89.97;111
1842;10.7;38.9;38.9;38.9;38.9;38.9;38.9;38.9;38.9;69
1843;10.5;7.9;7.9;7.9;7.9;7.9;7.9;7.9;7.9;14
1844;10.3;0.0;0.0;0.0;0.0;0.0;0.0;0.0;0.0;0
1845;9.1;0.0;0.0;0.0;0.0;0.0;0.0;0.0;0.0;0
1846;9.9;0.0;0.0;0.0;0.0;0.0;0.0;0.0;0.0;0
1847;10.8;0.0;0.0;0.0;0.0;0.0;0.0;0.0;0.0;0
1848;9.7;0.0;0.0;0.0;0.0;0.0;0.0;0.0;0.0;0
1849;9.0;0.0;0.0;0.0;0.0;0.0;0.0;0.0;0.0;0
1850;9.0;0.0;0.0;0.0;0.0;0.0;0.0;0.0;0.0;0
1851;9.3;0.0;0.0;0.0;0.0;0.0;0.0;0.0;0.0;0
1852;8.0;0.0;0.0;0.0;0.0;0.0;0.0;0.0;0.0;0
1853;6.8;0.0;0.0;0.0;0.0;0.0;0.0;0.0;0.0;0
1854;6.1;0.0;0.0;0.0;0.0;0.0;0.0;0.0;0.0;0
1855;5.6;0.0;0.0;0.0;0.0;0.0;0.0;0.0;0.0;0
1856;6.0;17.6;19.83;23.55;23.78;20.4;17.6;17.6;17.6;31
1857;7.4;73.3;81.85;135.79;153.12;123.69;73.3;73.3;73.3;153
1858;8.2;110.9;110.9;231.9;315.47;279.2;144.34;110.9;110.9;289
1859;8.5;140.0;140.0;162.39;203.18;206.97;171.52;140.0;140.0;275
1860;9.2;164.7;164.7;164.7;275.33;321.16;275.33;164.7;164.7;372
1861;10.3;173.2;173.2;173.2;274.07;387.49;375.38;244.84;173.2;422
1862;10.5;166.2;166.2;166.2;180.65;238.9;254.57;218.47;166.2;322
1863;11.0;157.0;157.0;157.0;157.0;301.36;385.67;336.02;181.51;350
1864;10.4;131.6;131.6;131.6;131.6;276.97;453.11;440.92;247.53;306
1865;10.3;94.3;94.3;94.3;94.3;141.43;276.01;304.15;209.35;183
1866;9.8;40.7;40.7;40.7;40.7;40.7;40.7;40.7;40.7;72
1867;9.2;6.1;6.1;6.1;6.1;6.1;6.1;6.1;6.1;11
1868;8.7;0.0;0.0;0.0;0.0;0.0;0.0;0.0;0.0;0
1869;8.6;0.0;0.0;0.0;0.0;0.0;0.0;0.0;0.0;0
1870;8.2;0.0;0.0;0.0;0.0;0.0;0.0;0.0;0.0;0
1871;8.1;0.0;0.0;0.0;0.0;0.0;0.0;0.0;0.0;0
1872;8.8;0.0;0.0;0.0;0.0;0.0;0.0;0.0;0.0;0
1873;8.8;0.0;0.0;0.0;0.0;0.0;0.0;0.0;0.0;0
1874;8.8;0.0;0.0;0.0;0.0;0.0;0.0;0.0;0.0;0
1875;8.7;0.0;0.0;0.0;0.0;0.0;0.0;0.0;0.0;0
1876;8.5;0.0;0.0;0.0;0.0;0.0;0.0;0.0;0.0;0
1877;8.3;0.0;0.0;0.0;0.0;0.0;0.0;0.0;0.0;0
1878;8.3;0.0;0.0;0.0;0.0;0.0;0.0;0.0;0.0;0
1879;8.3;0.0;0.0;0.0;0.0;0.0;0.0;0.0;0.0;0
1880;8.5;8.4;8.4;8.4;8.4;8.4;8.4;8.4;8.4;14
1881;8.6;43.0;43.94;49.67;51.49;48.34;43.0;43.0;43.0;75
1882;9.2;75.8;75.8;83.46;88.71;86.39;77.87;75.8;75.8;133
1883;9.4;64.6;64.6;66.37;69.59;69.88;67.08;64.6;64.6;111
1884;9.2;33.1;33.1;33.1;34.03;34.42;34.03;33.1;33.1;56
1885;9.6;36.1;36.1;36.1;36.72;37.42;37.35;36.54;36.1;61
1886;9.6;48.8;48.8;48.8;49.32;51.45;52.03;50.72;48.8;83
1887;9.4;27.7;27.7;27.7;27.7;29.03;29.82;29.37;27.94;47
1888;9.5;15.0;15.0;15.0;15.0;15.0;15.0;15.0;15.0;25
1889;9.6;11.4;11.4;11.4;11.4;11.4;11.4;11.4;11.4;19
1890;9.8;3.6;3.6;3.6;3.6;3.6;3.6;3.6;3.6;6
1891;9.9;3.6;3.6;3.6;3.6;3.6;3.6;3.6;3.6;6
1892;9.9;0.0;0.0;0.0;0.0;0.0;0.0;0.0;0.0;0
1893;10.1;0.0;0.0;0.0;0.0;0.0;0.0;0.0;0.0;0
1894;10.0;0.0;0.0;0.0;0.0;0.0;0.0;0.0;0.0;0
1895;9.8;0.0;0.0;0.0;0.0;0.0;0.0;0.0;0.0;0
1896;9.6;0.0;0.0;0.0;0.0;0.0;0.0;0.0;0.0;0
1897;9.3;0.0;0.0;0.0;0.0;0.0;0.0;0.0;0.0;0
1898;9.4;0.0;0.0;0.0;0.0;0.0;0.0;0.0;0.0;0
1899;9.3;0.0;0.0;0.0;0.0;0.0;0.0;0.0;0.0;0
1900;9.3;0.0;0.0;0.0;0.0;0.0;0.0;0.0;0.0;0
1901;9.4;0.0;0.0;0.0;0.0;0.0;0.0;0.0;0.0;0
1902;9.6;0.0;0.0;0.0;0.0;0.0;0.0;0.0;0.0;0
1903;9.8;0.0;0.0;0.0;0.0;0.0;0.0;0.0;0.0;0
1904;9.6;4.8;4.8;4.8;4.8;4.8;4.8;4.8;4.8;8
1905;9.2;32.6;33.08;35.89;36.77;35.21;32.6;32.6;32.6;56
1906;9.5;16.8;16.8;16.8;16.8;16.8;16.8;16.8;16.8;28
1907;10.2;56.7;56.7;58.02;60.39;60.6;58.52;56.7;56.7;97
1908;5.9;40.9;40.9;40.9;41.82;42.2;41.82;40.9;40.9;69
1909;7.4;112.7;112.7;112.7;119.39;126.99;126.22;117.53;112.7;197
1910;7.8;152.2;152.2;152.2;157.71;180.84;187.19;173.05;152.2;272
1911;9.5;156.9;156.9;156.9;156.9;396.0;538.87;457.98;200.73;414
1912;8.8;134.0;134.0;134.0;134.0;294.77;494.84;483.53;267.47;325
1913;9.1;97.4;97.4;97.4;97.4;148.87;302.55;336.07;229.77;194
1914;8.9;56.3;56.3;56.3;56.3;56.3;56.3;56.3;56.3;158
1915;8.3;17.8;17.8;17.8;17.8;17.8;17.8;17.8;17.8;33
1916;8.4;0.0;0.0;0.0;0.0;0.0;0.0;0.0;0.0;0
1917;8.0;0.0;0.0;0.0;0.0;0.0;0.0;0.0;0.0;0
1918;7.8;0.0;0.0;0.0;0.0;0.0;0.0;0.0;0.0;0
1919;7.5;0.0;0.0;0.0;0.0;0.0;0.0;0.0;0.0;0
1920;6.8;0.0;0.0;0.0;0.0;0.0;0.0;0.0;0.0;0
1921;6.8;0.0;0.0;0.0;0.0;0.0;0.0;0.0;0.0;0
1922;6.8;0.0;0.0;0.0;0.0;0.0;0.0;0.0;0.0;0
1923;6.8;0.0;0.0;0.0;0.0;0.0;0.0;0.0;0.0;0
1924;6.5;0.0;0.0;0.0;0.0;0.0;0.0;0.0;0.0;0
1925;6.0;0.0;0.0;0.0;0.0;0.0;0.0;0.0;0.0;0
1926;5.1;0.0;0.0;0.0;0.0;0.0;0.0;0.0;0.0;0
1927;4.8;0.0;0.0;0.0;0.0;0.0;0.0;0.0;0.0;0
1928;5.6;3.6;3.6;3.6;3.6;3.6;3.6;3.6;3.6;6
1929;5.6;11.4;11.4;11.4;11.4;11.4;11.4;11.4;11.4;19
1930;5.6;18.6;18.6;18.6;18.6;18.6;18.6;18.6;18.6;31
1931;6.0;21.6;21.6;21.6;21.6;21.6;21.6;21.6;21.6;36
1932;6.2;50.6;50.6;50.6;52.41;53.16;52.41;50.6;50.6;86
1933;7.8;136.7;136.7;136.7;146.85;158.46;157.32;144.1;136.7;242
1934;7.3;103.6;103.6;103.6;106.02;116.4;119.28;112.98;103.6;181
1935;6.9;68.9;68.9;68.9;68.9;75.3;79.17;77.02;70.12;119
1936;6.8;27.7;27.7;27.7;27.7;28.98;30.59;30.51;28.78;47
1937;5.0;21.1;21.1;21.1;21.1;22.38;26.29;27.16;24.48;36
1938;6.4;45.6;45.6;45.6;45.6;45.6;45.6;45.6;45.6;81
1939;4.8;7.9;7.9;7.9;7.9;7.9;7.9;7.9;7.9;14
1940;5.8;0.0;0.0;0.0;0.0;0.0;0.0;0.0;0.0;0
1941;5.2;0.0;0.0;0.0;0.0;0.0;0.0;0.0;0.0;0
1942;4.4;0.0;0.0;0.0;0.0;0.0;0.0;0.0;0.0;0
1943;4.9;0.0;0.0;0.0;0.0;0.0;0.0;0.0;0.0;0
1944;4.0;0.0;0.0;0.0;0.0;0.0;0.0;0.0;0.0;0
1945;4.0;0.0;0.0;0.0;0.0;0.0;0.0;0.0;0.0;0
1946;4.3;0.0;0.0;0.0;0.0;0.0;0.0;0.0;0.0;0
1947;4.2;0.0;0.0;0.0;0.0;0.0;0.0;0.0;0.0;0
1948;5.0;0.0;0.0;0.0;0.0;0.0;0.0;0.0;0.0;0
1949;3.7;0.0;0.0;0.0;0.0;0.0;0.0;0.0;0.0;0
1950;3.5;0.0;0.0;0.0;0.0;0.0;0.0;0.0;0.0;0
1951;3.3;0.0;0.0;0.0;0.0;0.0;0.0;0.0;0.0;0
1952;3.9;18.1;19.17;20.86;20.93;19.34;18.1;18.1;18.1;31
1953;5.4;60.8;62.78;73.63;76.97;70.83;60.8;60.8;60.8;108
1954;6.2;98.5;98.5;110.57;118.6;114.86;101.54;98.5;98.5;175
1955;7.8;146.7;146.7;171.28;214.9;218.57;180.14;146.7;146.7;292
1956;7.2;163.1;163.1;163.1;199.67;214.82;199.67;163.1;163.1;306
1957;5.5;136.7;136.7;136.7;146.67;158.13;157.04;144.03;136.7;242
1958;6.7;172.7;172.7;172.7;222.96;443.32;505.16;372.24;172.7;467
1959;7.4;162.3;162.3;162.3;162.3;324.06;422.98;369.19;194.21;378
1960;7.5;131.7;131.7;131.7;131.7;359.25;650.2;637.42;328.4;372
1961;7.1;102.2;102.2;102.2;102.2;206.31;532.03;605.97;384.8;242
1962;6.4;60.5;60.5;60.5;60.5;60.5;60.5;60.5;60.5;125
1963;6.4;7.9;7.9;7.9;7.9;7.9;7.9;7.9;7.9;14
1964;4.5;0.0;0.0;0.0;0.0;0.0;0.0;0.0;0.0;0
1965;3.6;0.0;0.0;0.0;0.0;0.0;0.0;0.0;0.0;0
1966;2.4;0.0;0.0;0.0;0.0;0.0;0.0;0.0;0.0;0
1967;3.0;0.0;0.0;0.0;0.0;0.0;0.0;0.0;0.0;0
1968;2.9;0.0;0.0;0.0;0.0;0.0;0.0;0.0;0.0;0
1969;2.0;0.0;0.0;0.0;0.0;0.0;0.0;0.0;0.0;0
1970;2.4;0.0;0.0;0.0;0.0;0.0;0.0;0.0;0.0;0
1971;2.7;0.0;0.0;0.0;0.0;0.0;0.0;0.0;0.0;0
1972;2.3;0.0;0.0;0.0;0.0;0.0;0.0;0.0;0.0;0
1973;3.0;0.0;0.0;0.0;0.0;0.0;0.0;0.0;0.0;0
1974;2.9;0.0;0.0;0.0;0.0;0.0;0.0;0.0;0.0;0
1975;2.8;1.8;1.8;1.8;1.8;1.8;1.8;1.8;1.8;3
1976;3.1;36.9;46.49;61.34;61.87;47.77;36.9;36.9;36.9;69
1977;3.7;71.8;74.31;87.64;91.69;84.09;71.8;71.8;71.8;128
1978;5.2;91.1;91.1;101.21;107.87;104.72;93.58;91.1;91.1;161
1979;5.7;99.5;99.5;104.2;112.48;113.16;105.84;99.5;99.5;175
1980;6.0;94.4;94.4;94.4;101.43;104.35;101.43;94.4;94.4;164
1981;7.3;150.9;150.9;150.9;163.0;176.99;175.69;159.87;150.9;269
1982;7.5;177.8;177.8;177.8;199.92;299.11;327.24;267.83;177.8;378
1983;6.0;70.7;70.7;70.7;70.7;76.84;80.64;78.62;71.96;122
1984;7.4;138.0;138.0;138.0;138.0;239.49;371.05;366.09;227.52;300
1985;6.7;96.5;96.5;96.5;96.5;115.98;178.39;192.84;150.85;175
1986;6.5;46.8;46.8;46.8;46.8;46.8;46.8;46.8;46.8;83
1987;5.9;9.7;9.7;9.7;9.7;9.7;9.7;9.7;9.7;17
1988;5.9;0.0;0.0;0.0;0.0;0.0;0.0;0.0;0.0;0
1989;5.2;0.0;0.0;0.0;0.0;0.0;0.0;0.0;0.0;0
1990;5.0;0.0;0.0;0.0;0.0;0.0;0.0;0.0;0.0;0
1991;5.1;0.0;0.0;0.0;0.0;0.0;0.0;0.0;0.0;0
1992;5.2;0.0;0.0;0.0;0.0;0.0;0.0;0.0;0.0;0
1993;4.8;0.0;0.0;0.0;0.0;0.0;0.0;0.0;0.0;0
1994;4.6;0.0;0.0;0.0;0.0;0.0;0.0;0.0;0.0;0
1995;4.1;0.0;0.0;0.0;0.0;0.0;0.0;0.0;0.0;0
1996;4.4;0.0;0.0;0.0;0.0;0.0;0.0;0.0;0.0;0
1997;4.7;0.0;0.0;0.0;0.0;0.0;0.0;0.0;0.0;0
1998;4.6;0.0;0.0;0.0;0.0;0.0;0.0;0.0;0.0;0
1999;4.5;0.0;0.0;0.0;0.0;0.0;0.0;0.0;0.0;0
2000;4.8;11.4;11.4;11.4;11.4;11.4;11.4;11.4;11.4;19
2001;4.9;33.8;34.31;36.93;37.72;36.21;33.8;33.8;33.8;58
2002;4.9;51.9;51.9;54.63;56.41;55.55;52.55;51.9;51.9;89
2003;5.1;72.5;72.5;74.62;78.32;78.62;75.33;72.5;72.5;125
2004;5.6;114.0;114.0;114.0;124.4;128.71;124.4;114.0;114.0;200
2005;5.8;142.8;142.8;142.8;152.99;164.83;163.77;150.42;142.8;253
2006;6.1;124.4;124.4;124.4;127.45;141.45;145.46;137.13;124.4;219
2007;7.0;163.3;163.3;163.3;163.3;251.19;306.2;277.5;181.9;333
2008;6.8;131.2;131.2;131.2;131.2;382.47;712.74;702.36;357.39;397
2009;6.1;45.3;45.3;45.3;45.3;48.55;59.24;61.77;54.64;78
2010;5.8;22.9;22.9;22.9;22.9;22.9;22.9;22.9;22.9;39
2011;5.5;14.0;14.0;14.0;14.0;14.0;14.0;14.0;14.0;25
2012;4.9;0.0;0.0;0.0;0.0;0.0;0.0;0.0;0.0;0
2013;4.9;0.0;0.0;0.0;0.0;0.0;0.0;0.0;0.0;0
2014;4.8;0.0;0.0;0.0;0.0;0.0;0.0;0.0;0.0;0
2015;4.5;0.0;0.0;0.0;0.0;0.0;0.0;0.0;0.0;0
2016;4.2;0.0;0.0;0.0;0.0;0.0;0.0;0.0;0.0;0
2017;4.2;0.0;0.0;0.0;0.0;0.0;0.0;0.0;0.0;0
2018;4.2;0.0;0.0;0.0;0.0;0.0;0.0;0.0;0.0;0
2019;3.8;0.0;0.0;0.0;0.0;0.0;0.0;0.0;0.0;0
2020;3.7;0.0;0.0;0.0;0.0;0.0;0.0;0.0;0.0;0
2021;3.0;0.0;0.0;0.0;0.0;0.0;0.0;0.0;0.0;0
2022;2.7;0.0;0.0;0.0;0.0;0.0;0.0;0.0;0.0;0
2023;3.1;0.0;0.0;0.0;0.0;0.0;0.0;0.0;0.0;0
2024;3.0;6.6;6.6;6.6;6.6;6.6;6.6;6.6;6.6;11
2025;3.1;19.3;19.56;20.85;21.23;20.48;19.3;19.3;19.3;33
2026;3.5;42.2;42.2;44.0;45.17;44.6;42.62;42.2;42.2;72
2027;4.1;54.9;54.9;56.16;58.35;58.52;56.57;54.9;54.9;94
2028;4.2;60.3;60.3;60.3;62.86;63.92;62.86;60.3;60.3;103
2029;5.1;93.1;93.1;93.1;96.99;101.54;101.15;96.04;93.1;161
2030;5.3;48.8;48.8;48.8;49.22;51.2;51.77;50.6;48.8;83
2031;5.7;58.5;58.5;58.5;58.5;62.04;64.28;63.14;59.28;100
2032;5.4;51.9;51.9;51.9;51.9;55.32;59.89;59.77;55.05;89
2033;5.3;32.6;32.6;32.6;32.6;34.66;41.58;43.24;38.67;56
2034;5.3;11.4;11.4;11.4;11.4;11.4;11.4;11.4;11.4;19
2035;5.2;3.6;3.6;3.6;3.6;3.6;3.6;3.6;3.6;6
2036;5.0;0.0;0.0;0.0;0.0;0.0;0.0;0.0;0.0;0
2037;4.9;0.0;0.0;0.0;0.0;0.0;0.0;0.0;0.0;0
2038;5.1;0.0;0.0;0.0;0.0;0.0;0.0;0.0;0.0;0
2039;5.1;0.0;0.0;0.0;0.0;0.0;0.0;0.0;0.0;0
2040;4.9;0.0;0.0;0.0;0.0;0.0;0.0;0.0;0.0;0
2041;4.3;0.0;0.0;0.0;0.0;0.0;0.0;0.0;0.0;0
2042;4.2;0.0;0.0;0.0;0.0;0.0;0.0;0.0;0.0;0
2043;4.1;0.0;0.0;0.0;0.0;0.0;0.0;0.0;0.0;0
2044;3.3;0.0;0.0;0.0;0.0;0.0;0.0;0.0;0.0;0
2045;3.4;0.0;0.0;0.0;0.0;0.0;0.0;0.0;0.0;0
2046;4.0;0.0;0.0;0.0;0.0;0.0;0.0;0.0;0.0;0
2047;4.6;0.0;0.0;0.0;0.0;0.0;0.0;0.0;0.0;0
2048;4.4;4.8;4.8;4.8;4.8;4.8;4.8;4.8;4.8;8
2049;4.7;22.9;23.16;24.43;24.8;24.06;22.9;22.9;22.9;39
2050;5.4;48.3;48.3;50.97;52.69;51.83;48.91;48.3;48.3;83
2051;6.6;95.7;95.7;99.44;105.91;106.39;100.61;95.7;95.7;167
2052;7.6;159.6;159.6;159.6;179.81;188.19;179.81;159.6;159.6;286
2053;8.5;174.4;174.4;174.4;192.97;214.8;212.96;188.54;174.4;319
2054;8.4;182.6;182.6;182.6;207.33;326.32;361.12;291.35;182.6;406
2055;7.3;168.0;168.0;168.0;168.0;299.84;384.31;342.08;197.87;375
2056;5.9;70.7;70.7;70.7;70.7;76.25;83.75;83.6;75.9;122
2057;5.6;16.8;16.8;16.8;16.8;16.8;16.8;16.8;16.8;28
2058;6.1;44.3;44.3;44.3;44.3;44.3;44.3;44.3;44.3;78
2059;5.2;20.7;20.7;20.7;20.7;20.7;20.7;20.7;20.7;42
2060;4.5;0.0;0.0;0.0;0.0;0.0;0.0;0.0;0.0;0
2061;3.7;0.0;0.0;0.0;0.0;0.0;0.0;0.0;0.0;0
2062;2.9;0.0;0.0;0.0;0.0;0.0;0.0;0.0;0.0;0
2063;3.5;0.0;0.0;0.0;0.0;0.0;0.0;0.0;0.0;0
2064;2.3;0.0;0.0;0.0;0.0;0.0;0.0;0.0;0.0;0
2065;2.4;0.0;0.0;0.0;0.0;0.0;0.0;0.0;0.0;0
2066;1.0;0.0;0.0;0.0;0.0;0.0;0.0;0.0;0.0;0
2067;1.6;0.0;0.0;0.0;0.0;0.0;0.0;0.0;0.0;0
2068;1.8;0.0;0.0;0.0;0.0;0.0;0.0;0.0;0.0;0
2069;2.1;0.0;0.0;0.0;0.0;0.0;0.0;0.0;0.0;0
2070;3.0;0.0;0.0;0.0;0.0;0.0;0.0;0.0;0.0;0
2071;2.5;3.6;3.6;3.6;3.6;3.6;3.6;3.6;3.6;6
2072;3.0;25.4;27.46;30.48;30.52;27.56;25.4;25.4;25.4;44
2073;3.5;84.8;90.11;114.98;122.17;107.47;84.8;84.8;84.8;158
2074;3.7;126.2;126.2;244.48;319.64;281.49;152.37;126.2;126.2;322
2075;5.6;157.3;157.3;217.06;319.59;327.06;235.08;157.3;157.3;383
2076;4.9;178.4;178.4;178.4;274.72;314.61;274.72;178.4;178.4;394
2077;4.1;177.3;177.3;177.3;198.22;222.96;220.95;193.37;177.3;328
2078;6.0;183.8;183.8;183.8;206.45;318.23;351.26;286.19;183.8;403
2079;5.8;149.2;149.2;149.2;149.2;174.14;190.31;182.4;155.04;267
2080;5.8;140.3;140.3;140.3;140.3;197.48;275.88;274.86;195.02;278
2081;5.5;107.4;107.4;107.4;107.4;151.75;308.96;348.11;246.25;219
2082;4.3;57.8;57.8;57.8;57.8;57.8;57.8;57.8;57.8;103
2083;3.4;20.9;20.9;20.9;20.9;20.9;20.9;20.9;20.9;39
2084;2.7;0.0;0.0;0.0;0.0;0.0;0.0;0.0;0.0;0
2085;2.9;0.0;0.0;0.0;0.0;0.0;0.0;0.0;0.0;0
2086;2.3;0.0;0.0;0.0;0.0;0.0;0.0;0.0;0.0;0
2087;2.6;0.0;0.0;0.0;0.0;0.0;0.0;0.0;0.0;0
2088;2.1;0.0;0.0;0.0;0.0;0.0;0.0;0.0;0.0;0
2089;1.7;0.0;0.0;0.0;0.0;0.0;0.0;0.0;0.0;0
2090;2.5;0.0;0.0;0.0;0.0;0.0;0.0;0.0;0.0;0
2091;2.5;0.0;0.0;0.0;0.0;0.0;0.0;0.0;0.0;0
2092;1.4;0.0;0.0;0.0;0.0;0.0;0.0;0.0;0.0;0
2093;-0.3;0.0;0.0;0.0;0.0;0.0;0.0;0.0;0.0;0
2094;-1.4;0.0;0.0;0.0;0.0;0.0;0.0;0.0;0.0;0
2095;-1.3;4.8;4.8;4.8;4.8;4.8;4.8;4.8;4.8;8
2096;1.4;47.0;73.64;111.96;112.22;74.28;47.0;47.0;47.0;100
2097;4.8;86.8;121.74;280.68;326.04;231.26;86.8;86.8;86.8;253
2098;5.7;122.6;122.6;286.94;390.37;336.94;157.96;122.6;122.6;361
2099;5.4;135.7;135.7;143.46;156.69;157.62;145.71;135.7;135.7;242
2100;5.5;134.9;134.9;134.9;148.82;154.58;148.82;134.9;134.9;239
2101;5.5;112.7;112.7;112.7;118.5;125.39;124.85;117.19;112.7;197
2102;5.6;97.4;97.4;97.4;98.9;106.52;108.79;104.39;97.4;169
2103;5.8;74.3;74.3;74.3;74.3;79.86;83.5;81.76;75.64;128
2104;5.9;67.7;67.7;67.7;67.7;72.95;80.24;80.19;72.82;117
2105;6.3;66.7;66.7;66.7;66.7;72.83;95.17;100.82;86.49;117
2106;6.1;60.3;60.3;60.3;60.3;60.3;60.3;60.3;60.3;108
2107;5.8;14.5;14.5;14.5;14.5;14.5;14.5;14.5;14.5;25
2108;5.2;0.0;0.0;0.0;0.0;0.0;0.0;0.0;0.0;0
2109;4.9;0.0;0.0;0.0;0.0;0.0;0.0;0.0;0.0;0
2110;5.3;0.0;0.0;0.0;0.0;0.0;0.0;0.0;0.0;0
2111;4.7;0.0;0.0;0.0;0.0;0.0;0.0;0.0;0.0;0
2112;4.8;0.0;0.0;0.0;0.0;0.0;0.0;0.0;0.0;0
2113;4.8;0.0;0.0;0.0;0.0;0.0;0.0;0.0;0.0;0
2114;4.7;0.0;0.0;0.0;0.0;0.0;0.0;0.0;0.0;0
2115;4.8;0.0;0.0;0.0;0.0;0.0;0.0;0.0;0.0;0
2116;4.9;0.0;0.0;0.0;0.0;0.0;0.0;0.0;0.0;0
2117;5.1;0.0;0.0;0.0;0.0;0.0;0.0;0.0;0.0;0
2118;5.3;0.0;0.0;0.0;0.0;0.0;0.0;0.0;0.0;0
2119;5.2;3.6;3.6;3.6;3.6;3.6;3.6;3.6;3.6;6
2120;5.9;25.4;27.43;30.32;30.32;27.44;25.4;25.4;25.4;44
2121;6.9;80.4;83.66;98.09;102.15;93.47;80.4;80.4;80.4;144
2122;7.9;129.1;129.1;249.45;324.45;285.02;154.26;129.1;129.1;331
2123;8.6;143.4;143.4;264.91;470.51;484.49;298.67;143.4;143.4;489
2124;9.4;150.3;150.3;150.3;472.36;605.77;472.36;150.3;150.3;583
2125;10.1;183.4;183.4;183.4;312.79;467.64;455.99;284.66;183.4;514
2126;10.2;186.0;186.0;186.0;216.41;374.45;422.11;331.45;186.0;450
2127;10.1;110.9;110.9;110.9;110.9;122.88;130.84;127.12;113.89;194
2128;10.8;142.3;142.3;142.3;142.3;192.31;262.87;262.8;192.15;278
2129;11.0;93.7;93.7;93.7;93.7;104.51;144.94;155.35;129.65;167
2130;10.8;95.96;69.4;69.4;69.4;69.4;593.06;836.52;630.62;144
2131;10.6;17.6;17.6;17.6;17.6;17.6;17.6;17.6;17.6;31
2132;10.2;0.0;0.0;0.0;0.0;0.0;0.0;0.0;0.0;0
2133;9.6;0.0;0.0;0.0;0.0;0.0;0.0;0.0;0.0;0
2134;9.3;0.0;0.0;0.0;0.0;0.0;0.0;0.0;0.0;0
2135;9.3;0.0;0.0;0.0;0.0;0.0;0.0;0.0;0.0;0
2136;9.3;0.0;0.0;0.0;0.0;0.0;0.0;0.0;0.0;0
2137;9.4;0.0;0.0;0.0;0.0;0.0;0.0;0.0;0.0;0
2138;8.9;0.0;0.0;0.0;0.0;0.0;0.0;0.0;0.0;0
2139;9.3;0.0;0.0;0.0;0.0;0.0;0.0;0.0;0.0;0
2140;9.3;0.0;0.0;0.0;0.0;0.0;0.0;0.0;0.0;0
2141;9.3;0.0;0.0;0.0;0.0;0.0;0.0;0.0;0.0;0
2142;9.7;0.0;0.0;0.0;0.0;0.0;0.0;0.0;0.0;0
2143;9.1;0.0;0.0;0.0;0.0;0.0;0.0;0.0;0.0;0
2144;9.2;21.1;22.11;23.52;23.51;22.09;21.1;21.1;21.1;36
2145;9.2;61.8;63.45;70.54;72.52;68.21;61.8;61.8;61.8;108
2146;10.0;104.6;104.6;116.61;124.02;120.05;107.04;104.6;104.6;186
2147;10.5;128.3;128.3;135.13;146.6;147.35;136.94;128.3;128.3;228
2148;10.8;131.1;131.1;131.1;143.04;147.98;143.04;131.1;131.1;231
2149;11.3;145.8;145.8;145.8;154.95;165.97;165.17;153.03;145.8;258
2150;10.1;156.3;156.3;156.3;159.96;179.48;185.42;174.31;156.3;278
2151;9.9;117.1;117.1;117.1;117.1;130.99;140.32;136.05;120.68;206
2152;9.6;68.9;68.9;68.9;68.9;73.86;80.97;81.01;73.95;119
2153;9.6;62.3;62.3;62.3;62.3;66.24;81.42;85.39;75.84;108
2154;8.9;20.08;19.3;19.3;19.3;19.3;32.94;39.37;34.04;33
2155;7.9;0.0;0.0;0.0;0.0;0.0;0.0;0.0;0.0;0
2156;6.8;0.0;0.0;0.0;0.0;0.0;0.0;0.0;0.0;0
2157;6.4;0.0;0.0;0.0;0.0;0.0;0.0;0.0;0.0;0
2158;6.4;0.0;0.0;0.0;0.0;0.0;0.0;0.0;0.0;0
2159;6.5;0.0;0.0;0.0;0.0;0.0;0.0;0.0;0.0;0
2160;6.7;0.0;0.0;0.0;0.0;0.0;0.0;0.0;0.0;0
2161;7.0;0.0;0.0;0.0;0.0;0.0;0.0;0.0;0.0;0
2162;5.8;0.0;0.0;0.0;0.0;0.0;0.0;0.0;0.0;0
2163;6.5;0.0;0.0;0.0;0.0;0.0;0.0;0.0;0.0;0
2164;5.8;0.0;0.0;0.0;0.0;0.0;0.0;0.0;0.0;0
2165;3.6;0.0;0.0;0.0;0.0;0.0;0.0;0.0;0.0;0
2166;4.0;0.6;0.6;0.6;0.6;0.6;0.6;0.6;0.6;1
2167;3.9;13.9;16.55;18.4;17.61;14.65;13.9;13.9;13.9;24
2168;7.9;52.3;77.38;111.92;111.53;76.45;52.3;52.3;52.3;108
2169;9.4;84.6;87.94;101.89;105.72;97.17;84.6;84.6;84.6;151
2170;10.7;132.7;132.7;189.62;224.41;205.47;143.91;132.7;132.7;277
2171;13.0;146.6;146.6;266.85;467.48;480.15;297.43;146.6;146.6;496
2172;14.9;133.4;133.4;133.4;525.83;688.38;525.83;133.4;133.4;639
2173;15.9;134.1;134.1;134.1;408.29;740.45;717.43;352.7;134.1;681
2174;17.0;137.6;137.6;137.6;223.23;693.7;838.41;572.59;137.6;656
2175;17.0;163.8;163.8;163.8;163.8;440.34;628.36;544.25;237.28;493
2176;16.8;140.9;140.9;140.9;140.9;348.56;650.27;653.6;356.59;414
2177;16.9;113.6;113.6;113.6;113.6;177.98;432.74;500.55;341.69;261
2178;16.4;106.58;72.2;72.2;72.2;72.2;610.15;867.35;658.76;157
2179;14.5;24.4;24.4;24.4;24.4;24.4;24.4;24.4;24.4;44
2180;11.1;0.0;0.0;0.0;0.0;0.0;0.0;0.0;0.0;0
2181;9.4;0.0;0.0;0.0;0.0;0.0;0.0;0.0;0.0;0
2182;9.7;0.0;0.0;0.0;0.0;0.0;0.0;0.0;0.0;0
2183;9.1;0.0;0.0;0.0;0.0;0.0;0.0;0.0;0.0;0
2184;8.4;0.0;0.0;0.0;0.0;0.0;0.0;0.0;0.0;0
2185;8.4;0.0;0.0;0.0;0.0;0.0;0.0;0.0;0.0;0
2186;8.0;0.0;0.0;0.0;0.0;0.0;0.0;0.0;0.0;0
2187;9.1;0.0;0.0;0.0;0.0;0.0;0.0;0.0;0.0;0
2188;9.3;0.0;0.0;0.0;0.0;0.0;0.0;0.0;0.0;0
2189;8.8;0.0;0.0;0.0;0.0;0.0;0.0;0.0;0.0;0
2190;8.0;0.6;0.6;0.6;0.6;0.6;0.6;0.6;0.6;1
2191;8.6;14.5;17.1;18.89;18.1;15.21;14.5;14.5;14.5;25
2192;10.7;53.7;110.5;187.6;186.26;107.27;53.7;53.7;53.7;137
2193;12.4;88.9;136.45;329.75;381.96;262.5;88.9;88.9;88.9;289
2194;14.7;111.8;111.8;366.01;519.8;434.6;160.3;111.8;111.8;438
2195;17.1;127.3;127.3;291.16;562.64;579.1;330.91;127.3;127.3;558
2196;18.6;136.9;136.9;136.9;518.48;676.54;518.48;136.9;136.9;639
2197;19.3;153.4;153.4;153.4;382.03;660.72;642.23;337.39;153.4;644
2198;20.2;144.3;144.3;144.3;222.83;666.98;804.94;555.91;144.3;648
2199;20.3;139.9;139.9;139.9;139.9;566.21;859.55;731.33;256.66;579
2200;20.4;131.5;131.5;131.5;131.5;403.12;803.62;810.4;419.49;460
2201;20.0;112.4;112.4;112.4;112.4;207.61;595.41;700.28;460.77;299
2202;19.0;88.39;71.2;71.2;71.2;71.2;314.79;432.88;339.1;137
2203;17.2;20.0;20.0;20.0;20.0;20.0;20.0;20.0;20.0;35
2204;14.4;0.0;0.0;0.0;0.0;0.0;0.0;0.0;0.0;0
2205;13.2;0.0;0.0;0.0;0.0;0.0;0.0;0.0;0.0;0
2206;13.3;0.0;0.0;0.0;0.0;0.0;0.0;0.0;0.0;0
2207;12.5;0.0;0.0;0.0;0.0;0.0;0.0;0.0;0.0;0
2208;12.7;0.0;0.0;0.0;0.0;0.0;0.0;0.0;0.0;0
2209;12.5;0.0;0.0;0.0;0.0;0.0;0.0;0.0;0.0;0
2210;11.9;0.0;0.0;0.0;0.0;0.0;0.0;0.0;0.0;0
2211;12.1;0.0;0.0;0.0;0.0;0.0;0.0;0.0;0.0;0
2212;11.7;0.0;0.0;0.0;0.0;0.0;0.0;0.0;0.0;0
2213;11.7;0.0;0.0;0.0;0.0;0.0;0.0;0.0;0.0;0
2214;11.2;1.2;1.2;1.2;1.2;1.2;1.2;1.2;1.2;2
2215;10.2;19.3;21.85;23.58;22.8;19.97;19.3;19.3;19.3;33
2216;11.5;53.5;131.71;236.36;233.9;125.76;53.5;53.5;53.5;155
2217;13.5;80.1;145.78;405.71;474.91;312.83;80.1;80.1;80.1;326
2218;14.9;97.9;97.9;454.04;667.35;547.09;163.69;97.9;97.9;519
2219;16.6;122.2;122.2;297.62;586.21;602.98;338.12;122.2;122.2;577
2220;17.8;129.2;129.2;129.2;538.35;707.83;538.35;129.2;129.2;662
2221;18.2;136.4;136.4;136.4;403.41;730.94;710.19;353.33;136.4;689
2222;18.7;137.5;137.5;137.5;219.01;693.99;842.98;578.71;137.5;670
2223;19.2;126.2;126.2;126.2;126.2;617.86;960.26;814.07;264.95;617
2224;19.3;115.9;115.9;115.9;115.9;462.55;981.35;993.18;491.11;509
2225;19.2;99.8;99.8;99.8;99.8;258.93;926.66;1110.03;701.62;363
2226;18.8;155.18;70.8;70.8;70.8;70.8;1162.89;1360.0;1282.22;208
2227;17.0;29.4;29.4;29.4;29.4;29.4;29.4;29.4;29.4;69
2228;15.4;0.0;0.0;0.0;0.0;0.0;0.0;0.0;0.0;0
2229;14.5;0.0;0.0;0.0;0.0;0.0;0.0;0.0;0.0;0
2230;13.9;0.0;0.0;0.0;0.0;0.0;0.0;0.0;0.0;0
2231;12.8;0.0;0.0;0.0;0.0;0.0;0.0;0.0;0.0;0
2232;11.6;0.0;0.0;0.0;0.0;0.0;0.0;0.0;0.0;0
2233;11.1;0.0;0.0;0.0;0.0;0.0;0.0;0.0;0.0;0
2234;10.1;0.0;0.0;0.0;0.0;0.0;0.0;0.0;0.0;0
2235;9.5;0.0;0.0;0.0;0.0;0.0;0.0;0.0;0.0;0
2236;9.3;0.0;0.0;0.0;0.0;0.0;0.0;0.0;0.0;0
2237;8.4;0.0;0.0;0.0;0.0;0.0;0.0;0.0;0.0;0
2238;7.8;1.2;1.2;1.2;1.2;1.2;1.2;1.2;1.2;2
2239;7.6;14.7;22.21;27.24;24.92;16.62;14.7;14.7;14.7;27
2240;8.4;57.8;101.08;158.18;156.48;96.97;57.8;57.8;57.8;133
2241;10.3;91.5;142.34;338.31;389.7;266.41;91.5;91.5;91.5;300
2242;12.1;109.2;109.2;386.91;551.57;457.09;158.83;109.2;109.2;462
2243;13.7;121.2;121.2;300.62;593.69;609.98;339.95;121.2;121.2;587
2244;15.1;136.4;136.4;136.4;521.88;681.55;521.88;136.4;136.4;654
2245;16.2;138.6;138.6;138.6;399.97;722.6;703.13;352.97;138.6;691
2246;17.3;133.0;133.0;133.0;215.12;708.68;865.01;592.54;133.0;685
2247;18.3;144.5;144.5;144.5;144.5;546.7;830.2;712.02;261.39;580
2248;18.1;147.9;147.9;147.9;147.9;316.15;571.77;579.09;333.82;404
2249;17.2;116.6;116.6;116.6;116.6;186.98;491.45;576.33;391.91;286
2250;15.3;96.08;74.2;74.2;74.2;74.2;334.6;464.33;365.53;147
2251;14.3;31.0;31.0;31.0;31.0;31.0;31.0;31.0;31.0;75
2252;12.6;1.2;1.2;1.2;1.2;1.2;1.2;1.2;1.2;2
2253;11.8;0.0;0.0;0.0;0.0;0.0;0.0;0.0;0.0;0
2254;10.5;0.0;0.0;0.0;0.0;0.0;0.0;0.0;0.0;0
2255;9.7;0.0;0.0;0.0;0.0;0.0;0.0;0.0;0.0;0
2256;8.6;0.0;0.0;0.0;0.0;0.0;0.0;0.0;0.0;0
2257;7.8;0.0;0.0;0.0;0.0;0.0;0.0;0.0;0.0;0
2258;7.3;0.0;0.0;0.0;0.0;0.0;0.0;0.0;0.0;0
2259;6.7;0.0;0.0;0.0;0.0;0.0;0.0;0.0;0.0;0
2260;6.1;0.0;0.0;0.0;0.0;0.0;0.0;0.0;0.0;0
2261;5.2;0.0;0.0;0.0;0.0;0.0;0.0;0.0;0.0;0
2262;4.7;1.8;1.8;1.8;1.8;1.8;1.8;1.8;1.8;3
2263;4.7;19.2;33.95;43.7;39.1;22.84;19.2;19.2;19.2;37
2264;5.8;55.8;143.78;258.22;254.08;133.79;55.8;55.8;55.8;168
2265;7.7;82.3;152.2;414.77;482.59;315.93;82.3;82.3;82.3;338
2266;10.2;98.8;98.8;421.54;610.95;500.36;154.53;98.8;98.8;493
2267;11.9;115.1;115.1;308.86;623.09;639.75;349.08;115.1;115.1;611
2268;12.7;129.8;129.8;129.8;550.12;724.22;550.12;129.8;129.8;688
2269;13.2;136.4;136.4;136.4;413.64;758.06;738.31;365.98;136.4;724
2270;14.0;133.2;133.2;133.2;215.52;726.36;889.73;609.94;133.2;707
2271;14.8;120.6;120.6;120.6;120.6;632.44;997.59;849.01;273.73;641
2272;14.5;111.6;111.6;111.6;111.6;470.36;1023.69;1042.73;516.33;531
2273;13.6;96.5;96.5;96.5;96.5;259.81;988.63;1194.85;757.68;385
2274;12.8;175.37;69.9;69.9;69.9;69.9;1231.49;1360.0;1360.0;229
2275;11.6;31.7;31.7;31.7;31.7;31.7;31.7;31.7;31.7;82
2276;9.9;3.0;3.0;3.0;3.0;3.0;3.0;3.0;3.0;5
2277;8.9;0.0;0.0;0.0;0.0;0.0;0.0;0.0;0.0;0
2278;7.9;0.0;0.0;0.0;0.0;0.0;0.0;0.0;0.0;0
2279;7.0;0.0;0.0;0.0;0.0;0.0;0.0;0.0;0.0;0
2280;6.0;0.0;0.0;0.0;0.0;0.0;0.0;0.0;0.0;0
2281;5.3;0.0;0.0;0.0;0.0;0.0;0.0;0.0;0.0;0
2282;4.4;0.0;0.0;0.0;0.0;0.0;0.0;0.0;0.0;0
2283;3.5;0.0;0.0;0.0;0.0;0.0;0.0;0.0;0.0;0
2284;2.3;0.0;0.0;0.0;0.0;0.0;0.0;0.0;0.0;0
2285;1.3;0.0;0.0;0.0;0.0;0.0;0.0;0.0;0.0;0
2286;0.3;1.8;1.8;1.8;1.8;1.8;1.8;1.8;1.8;3
2287;0.1;18.6;47.58;66.5;57.35;25.51;18.6;18.6;18.6;41
2288;0.9;57.1;151.35;272.23;267.08;138.93;57.1;57.1;57.1;176
2289;2.5;80.9;156.14;431.73;501.8;325.31;80.9;80.9;80.9;349
2290;4.8;96.5;96.5;431.82;626.6;510.86;152.39;96.5;96.5;505
2291;6.6;118.4;118.4;316.33;635.05;651.11;355.13;118.4;118.4;629
2292;8.2;134.2;134.2;134.2;563.47;741.27;563.47;134.2;134.2;712
2293;8.8;139.7;139.7;139.7;418.93;768.06;749.1;373.17;139.7;742
2294;10.2;136.1;136.1;136.1;216.35;731.05;897.24;617.56;136.1;721
2295;10.8;125.9;125.9;125.9;125.9;649.92;1028.29;878.06;287.22;669
2296;10.7;106.3;106.3;106.3;106.3;496.9;1108.58;1133.14;556.19;563
2297;10.5;85.7;85.7;85.7;85.7;275.18;1148.23;1360.0;880.27;417
2298;10.3;199.86;64.7;64.7;64.7;64.7;1360.0;1360.0;1360.0;252
2299;9.4;31.4;31.4;31.4;31.4;31.4;31.4;31.4;31.4;94
2300;8.0;4.2;4.2;4.2;4.2;4.2;4.2;4.2;4.2;7
2301;6.9;0.0;0.0;0.0;0.0;0.0;0.0;0.0;0.0;0
2302;5.8;0.0;0.0;0.0;0.0;0.0;0.0;0.0;0.0;0
2303;4.6;0.0;0.0;0.0;0.0;0.0;0.0;0.0;0.0;0
2304;3.0;0.0;0.0;0.0;0.0;0.0;0.0;0.0;0.0;0
2305;2.9;0.0;0.0;0.0;0.0;0.0;0.0;0.0;0.0;0
2306;2.2;0.0;0.0;0.0;0.0;0.0;0.0;0.0;0.0;0
2307;1.8;0.0;0.0;0.0;0.0;0.0;0.0;0.0;0.0;0
2308;-0.1;0.0;0.0;0.0;0.0;0.0;0.0;0.0;0.0;0
2309;0.0;0.0;0.0;0.0;0.0;0.0;0.0;0.0;0.0;0
2310;-0.8;2.4;2.4;2.4;2.4;2.4;2.4;2.4;2.4;4
2311;1.5;16.9;62.01;91.08;76.69;27.28;16.9;16.9;16.9;44
2312;4.2;58.8;151.53;268.8;263.05;137.65;58.8;58.8;58.8;178
2313;6.2;86.4;157.31;410.63;474.02;310.34;86.4;86.4;86.4;344
2314;7.7;104.2;104.2;416.47;596.0;487.44;154.38;104.2;104.2;497
2315;9.0;118.8;118.8;307.58;609.37;623.79;342.4;118.8;118.8;613
2316;10.4;133.4;133.4;133.4;555.42;730.23;555.42;133.4;133.4;709
2317;11.3;139.5;139.5;139.5;412.93;757.05;739.42;370.36;139.5;740
2318;12.7;134.3;134.3;134.3;210.22;714.09;878.34;606.73;134.3;713
2319;12.4;143.3;143.3;143.3;143.3;551.06;849.08;733.67;272.42;603
2320;12.9;111.7;111.7;111.7;111.7;462.43;1020.17;1045.74;524.16;542
2321;12.6;93.9;93.9;93.9;93.9;256.12;1028.49;1253.39;799.07;404
2322;11.4;188.27;70.3;70.3;70.3;70.3;1199.18;1360.0;1360.0;243
2323;10.0;33.6;33.6;33.6;33.6;33.6;33.6;33.6;33.6;91
2324;8.5;3.0;3.0;3.0;3.0;3.0;3.0;3.0;3.0;5
2325;7.2;0.0;0.0;0.0;0.0;0.0;0.0;0.0;0.0;0
2326;7.2;0.0;0.0;0.0;0.0;0.0;0.0;0.0;0.0;0
2327;6.4;0.0;0.0;0.0;0.0;0.0;0.0;0.0;0.0;0
2328;5.3;0.0;0.0;0.0;0.0;0.0;0.0;0.0;0.0;0
2329;4.8;0.0;0.0;0.0;0.0;0.0;0.0;0.0;0.0;0
2330;4.0;0.0;0.0;0.0;0.0;0.0;0.0;0.0;0.0;0
2331;3.5;0.0;0.0;0.0;0.0;0.0;0.0;0.0;0.0;0
2332;3.0;0.0;0.0;0.0;0.0;0.0;0.0;0.0;0.0;0
2333;1.9;0.0;0.0;0.0;0.0;0.0;0.0;0.0;0.0;0
2334;1.0;2.4;2.4;2.4;2.4;2.4;2.4;2.4;2.4;4
2335;1.7;19.1;58.8;84.05;71.25;27.9;19.1;19.1;19.1;46
2336;4.3;61.1;152.34;266.11;259.79;137.08;61.1;61.1;61.1;181
2337;8.3;88.6;159.55;406.84;467.72;306.51;88.6;88.6;88.6;346
2338;10.3;106.0;106.0;415.58;591.71;483.32;153.9;106.0;106.0;500
2339;11.7;118.1;118.1;311.79;619.21;633.08;345.28;118.1;118.1;626
2340;12.6;133.4;133.4;133.4;549.75;722.21;549.75;133.4;133.4;709
2341;13.1;139.3;139.3;139.3;407.07;746.27;729.92;367.6;139.3;738
2342;13.6;134.3;134.3;134.3;206.77;705.14;869.13;602.66;134.3;713
2343;13.4;124.8;124.8;124.8;124.8;624.71;994.54;854.89;287.56;663
2344;13.9;116.7;116.7;116.7;116.7;445.43;976.31;1003.65;511.42;537
2345;13.3;115.2;115.2;115.2;115.2;208.41;667.39;802.91;535.57;342
2346;12.6;179.57;74.1;74.1;74.1;74.1;1020.75;1360.0;1169.91;236
2347;11.4;35.2;35.2;35.2;35.2;35.2;35.2;35.2;35.2;92
2348;9.6;4.2;4.2;4.2;4.2;4.2;4.2;4.2;4.2;7
2349;9.1;0.0;0.0;0.0;0.0;0.0;0.0;0.0;0.0;0
2350;8.4;0.0;0.0;0.0;0.0;0.0;0.0;0.0;0.0;0
2351;7.7;0.0;0.0;0.0;0.0;0.0;0.0;0.0;0.0;0
2352;6.2;0.0;0.0;0.0;0.0;0.0;0.0;0.0;0.0;0
2353;3.4;0.0;0.0;0.0;0.0;0.0;0.0;0.0;0.0;0
2354;2.9;0.0;0.0;0.0;0.0;0.0;0.0;0.0;0.0;0
2355;2.0;0.0;0.0;0.0;0.0;0.0;0.0;0.0;0.0;0
2356;1.1;0.0;0.0;0.0;0.0;0.0;0.0;0.0;0.0;0
2357;0.4;0.0;0.0;0.0;0.0;0.0;0.0;0.0;0.0;0
2358;-0.8;2.4;2.4;2.4;2.4;2.4;2.4;2.4;2.4;4
2359;1.2;20.5;64.17;91.58;77.35;29.82;20.5;20.5;20.5;50
2360;5.3;64.2;144.42;243.08;236.95;129.63;64.2;64.2;64.2;177
2361;5.9;103.9;111.42;136.99;143.18;126.36;103.9;103.9;103.9;194
2362;7.5;135.9;135.9;152.51;161.87;156.01;138.37;135.9;135.9;244
2363;8.3;165.3;165.3;177.62;197.02;197.84;179.6;165.3;165.3;303
2364;9.3;192.0;192.0;192.0;251.09;275.56;251.09;192.0;192.0;390
2365;9.4;177.8;177.8;177.8;189.07;203.44;202.79;187.5;177.8;318
2366;8.9;127.3;127.3;127.3;128.83;139.75;143.37;137.58;127.3;223
2367;9.7;160.8;160.8;160.8;160.8;182.36;198.51;192.57;168.02;288
2368;10.1;157.5;157.5;157.5;157.5;229.94;348.76;355.54;246.31;340
2369;9.5;65.4;65.4;65.4;65.4;68.34;83.35;87.85;79.19;114
2370;7.8;42.24;39.9;39.9;39.9;39.9;59.7;70.25;63.02;69
2371;7.5;17.5;17.5;17.5;17.5;17.5;17.5;17.5;17.5;30
2372;6.5;0.0;0.0;0.0;0.0;0.0;0.0;0.0;0.0;0
2373;6.1;0.0;0.0;0.0;0.0;0.0;0.0;0.0;0.0;0
2374;5.9;0.0;0.0;0.0;0.0;0.0;0.0;0.0;0.0;0
2375;5.1;0.0;0.0;0.0;0.0;0.0;0.0;0.0;0.0;0
2376;5.1;0.0;0.0;0.0;0.0;0.0;0.0;0.0;0.0;0
2377;4.5;0.0;0.0;0.0;0.0;0.0;0.0;0.0;0.0;0
2378;4.1;0.0;0.0;0.0;0.0;0.0;0.0;0.0;0.0;0
2379;3.5;0.0;0.0;0.0;0.0;0.0;0.0;0.0;0.0;0
2380;2.9;0.0;0.0;0.0;0.0;0.0;0.0;0.0;0.0;0
2381;2.4;0.0;0.0;0.0;0.0;0.0;0.0;0.0;0.0;0
2382;1.9;2.4;2.4;2.4;2.4;2.4;2.4;2.4;2.4;4
2383;2.0;21.6;35.18;43.59;39.12;24.39;21.6;21.6;21.6;41
2384;3.3;67.8;119.09;181.3;177.02;108.76;67.8;67.8;67.8;158
2385;5.7;104.7;152.9;313.08;351.19;244.91;104.7;104.7;104.7;307
2386;7.6;132.1;132.1;344.68;463.11;387.63;162.47;132.1;132.1;446
2387;9.1;150.0;150.0;287.76;503.24;511.8;308.42;150.0;150.0;560
2388;11.0;148.2;148.2;148.2;498.0;642.9;498.0;148.2;148.2;667
2389;11.3;173.5;173.5;173.5;355.34;588.79;578.97;331.63;173.5;645
2390;11.8;198.3;198.3;198.3;221.5;393.49;451.14;360.68;198.3;503
2391;10.8;176.0;176.0;176.0;176.0;214.8;244.21;233.66;189.34;330
2392;10.6;158.8;158.8;158.8;158.8;252.87;409.6;419.42;276.57;368
2393;10.6;120.9;120.9;120.9;120.9;192.03;567.69;681.63;467.1;329
2394;10.1;110.61;81.7;81.7;81.7;81.7;312.3;436.73;353.19;167
2395;9.6;38.0;38.0;38.0;38.0;38.0;38.0;38.0;38.0;85
2396;8.3;4.2;4.2;4.2;4.2;4.2;4.2;4.2;4.2;7
2397;7.8;0.0;0.0;0.0;0.0;0.0;0.0;0.0;0.0;0
2398;7.0;0.0;0.0;0.0;0.0;0.0;0.0;0.0;0.0;0
2399;6.2;0.0;0.0;0.0;0.0;0.0;0.0;0.0;0.0;0
2400;5.3;0.0;0.0;0.0;0.0;0.0;0.0;0.0;0.0;0
2401;4.8;0.0;0.0;0.0;0.0;0.0;0.0;0.0;0.0;0
2402;4.1;0.0;0.0;0.0;0.0;0.0;0.0;0.0;0.0;0
2403;4.1;0.0;0.0;0.0;0.0;0.0;0.0;0.0;0.0;0
2404;3.4;0.0;0.0;0.0;0.0;0.0;0.0;0.0;0.0;0
2405;3.0;0.0;0.0;0.0;0.0;0.0;0.0;0.0;0.0;0
2406;3.4;1.2;1.2;1.2;1.2;1.2;1.2;1.2;1.2;2
2407;4.6;12.1;14.33;15.69;14.95;12.54;12.1;12.1;12.1;21
2408;5.9;56.6;64.16;73.2;72.52;62.51;56.6;56.6;56.6;101
2409;7.9;109.7;149.73;279.7;310.08;223.08;109.7;109.7;109.7;292
2410;9.8;130.8;130.8;354.84;478.33;398.24;161.48;130.8;130.8;458
2411;10.3;167.6;167.6;267.56;422.79;428.53;281.42;167.6;167.6;506
2412;11.1;195.0;195.0;195.0;256.64;282.17;256.64;195.0;195.0;400
2413;12.0;204.3;204.3;204.3;250.75;310.78;308.44;245.09;204.3;433
2414;12.6;189.5;189.5;189.5;222.0;472.72;557.54;426.77;189.5;570
2415;12.1;185.6;185.6;185.6;185.6;291.19;372.21;343.92;222.88;411
2416;11.8;160.1;160.1;160.1;160.1;243.6;384.93;394.56;266.85;361
2417;11.1;124.4;124.4;124.4;124.4;178.1;472.25;562.64;396.31;309
2418;10.1;168.02;81.3;81.3;81.3;81.3;736.41;1094.49;859.06;228
2419;9.0;35.9;35.9;35.9;35.9;35.9;35.9;35.9;35.9;64
2420;9.0;4.2;4.2;4.2;4.2;4.2;4.2;4.2;4.2;7
2421;6.7;0.0;0.0;0.0;0.0;0.0;0.0;0.0;0.0;0
2422;7.7;0.0;0.0;0.0;0.0;0.0;0.0;0.0;0.0;0
2423;6.2;0.0;0.0;0.0;0.0;0.0;0.0;0.0;0.0;0
2424;4.8;0.0;0.0;0.0;0.0;0.0;0.0;0.0;0.0;0
2425;2.3;0.0;0.0;0.0;0.0;0.0;0.0;0.0;0.0;0
2426;2.2;0.0;0.0;0.0;0.0;0.0;0.0;0.0;0.0;0
2427;0.8;0.0;0.0;0.0;0.0;0.0;0.0;0.0;0.0;0
2428;0.8;0.0;0.0;0.0;0.0;0.0;0.0;0.0;0.0;0
2429;1.0;0.0;0.0;0.0;0.0;0.0;0.0;0.0;0.0;0
2430;1.3;2.4;2.4;2.4;2.4;2.4;2.4;2.4;2.4;4
2431;3.4;23.9;34.88;41.51;37.83;25.98;23.9;23.9;23.9;44
2432;5.6;71.0;117.99;173.44;168.88;106.99;71.0;71.0;71.0;160
2433;8.6;109.8;154.15;294.86;327.17;232.14;109.8;109.8;109.8;303
2434;9.8;137.0;137.0;337.6;446.99;374.79;163.3;137.0;137.0;445
2435;10.7;165.3;165.3;273.63;440.63;446.34;287.42;165.3;165.3;523
2436;10.8;194.4;194.4;194.4;352.55;418.06;352.55;194.4;194.4;519
2437;11.4;206.0;206.0;206.0;258.63;327.12;324.66;252.69;206.0;450
2438;12.6;190.0;190.0;190.0;221.35;473.52;559.6;429.18;190.0;575
2439;12.1;186.9;186.9;186.9;186.9;316.89;417.86;383.53;234.02;439
2440;11.8;159.9;159.9;159.9;159.9;270.03;459.43;473.37;303.68;394
2441;11.1;119.1;119.1;119.1;119.1;197.82;645.52;784.86;534.2;356
2442;10.1;167.18;82.8;82.8;82.8;82.8;687.95;1022.99;807.28;228
2443;9.0;36.6;36.6;36.6;36.6;36.6;36.6;36.6;36.6;66
2444;8.6;11.4;11.4;11.4;11.4;11.4;11.4;11.4;11.4;19
2445;8.5;0.0;0.0;0.0;0.0;0.0;0.0;0.0;0.0;0
2446;8.0;0.0;0.0;0.0;0.0;0.0;0.0;0.0;0.0;0
2447;7.7;0.0;0.0;0.0;0.0;0.0;0.0;0.0;0.0;0
2448;7.6;0.0;0.0;0.0;0.0;0.0;0.0;0.0;0.0;0
2449;7.5;0.0;0.0;0.0;0.0;0.0;0.0;0.0;0.0;0
2450;7.5;0.0;0.0;0.0;0.0;0.0;0.0;0.0;0.0;0
2451;7.5;0.0;0.0;0.0;0.0;0.0;0.0;0.0;0.0;0
2452;7.4;0.0;0.0;0.0;0.0;0.0;0.0;0.0;0.0;0
2453;7.3;0.0;0.0;0.0;0.0;0.0;0.0;0.0;0.0;0
2454;7.3;3.6;3.6;3.6;3.6;3.6;3.6;3.6;3.6;6
2455;7.7;26.7;46.19;57.8;51.2;30.24;26.7;26.7;26.7;52
2456;8.1;69.7;87.46;108.15;106.31;83.02;69.7;69.7;69.7;132
2457;8.5;110.5;120.12;149.96;156.69;136.36;110.5;110.5;110.5;210
2458;8.3;118.5;118.5;129.98;136.17;132.01;119.94;118.5;118.5;210
2459;9.0;147.8;147.8;155.04;166.12;166.47;155.88;147.8;147.8;263
2460;10.0;189.9;189.9;189.9;219.92;232.35;219.92;189.9;189.9;354
2461;9.2;194.4;194.4;194.4;208.95;228.0;227.38;207.43;194.4;354
2462;9.9;199.0;199.0;199.0;206.28;267.46;288.54;257.16;199.0;395
2463;10.1;181.9;181.9;181.9;181.9;227.77;263.84;251.91;198.97;349
2464;9.4;130.1;130.1;130.1;130.1;142.02;162.85;164.5;145.99;231
2465;9.4;115.8;115.8;115.8;115.8;122.89;164.8;178.01;154.77;208
2466;8.0;76.33;69.3;69.3;69.3;69.3;117.29;144.2;127.23;123
2467;6.8;21.8;21.8;21.8;21.8;21.8;21.8;21.8;21.8;38
2468;6.3;3.0;3.0;3.0;3.0;3.0;3.0;3.0;3.0;5
2469;5.7;0.0;0.0;0.0;0.0;0.0;0.0;0.0;0.0;0
2470;4.1;0.0;0.0;0.0;0.0;0.0;0.0;0.0;0.0;0
2471;3.2;0.0;0.0;0.0;0.0;0.0;0.0;0.0;0.0;0
2472;2.2;0.0;0.0;0.0;0.0;0.0;0.0;0.0;0.0;0
2473;1.3;0.0;0.0;0.0;0.0;0.0;0.0;0.0;0.0;0
2474;1.7;0.0;0.0;0.0;0.0;0.0;0.0;0.0;0.0;0
2475;2.7;0.0;0.0;0.0;0.0;0.0;0.0;0.0;0.0;0
2476;0.8;0.0;0.0;0.0;0.0;0.0;0.0;0.0;0.0;0
2477;2.1;0.0;0.0;0.0;0.0;0.0;0.0;0.0;0.0;0
2478;2.9;0.0;0.0;0.0;0.0;0.0;0.0;0.0;0.0;0
2479;4.3;6.6;6.6;6.6;6.6;6.6;6.6;6.6;6.6;11
2480;5.2;32.6;34.46;36.6;36.39;33.97;32.6;32.6;32.6;56
2481;5.4;46.5;47.44;50.28;50.91;48.96;46.5;46.5;46.5;80
2482;6.6;87.2;87.2;93.27;96.51;94.3;87.93;87.2;87.2;152
2483;8.6;175.4;175.4;193.37;220.67;221.45;195.25;175.4;175.4;334
2484;9.6;200.7;200.7;200.7;281.68;315.22;281.68;200.7;200.7;437
2485;10.5;207.9;207.9;207.9;282.94;381.95;379.01;275.83;207.9;504
2486;10.0;201.0;201.0;201.0;208.62;275.54;298.8;264.77;201.0;405
2487;10.4;187.8;187.8;187.8;187.8;266.42;328.99;308.85;217.81;393
2488;10.5;131.3;131.3;131.3;131.3;142.91;163.54;165.28;147.12;233
2489;10.3;127.8;127.8;127.8;127.8;154.59;319.43;372.02;281.55;273
2490;9.4;80.21;72.4;72.4;72.4;72.4;123.25;152.13;134.3;129
2491;7.9;38.4;38.4;38.4;38.4;38.4;38.4;38.4;38.4;69
2492;7.4;4.2;4.2;4.2;4.2;4.2;4.2;4.2;4.2;7
2493;7.9;0.0;0.0;0.0;0.0;0.0;0.0;0.0;0.0;0
2494;7.8;0.0;0.0;0.0;0.0;0.0;0.0;0.0;0.0;0
2495;7.7;0.0;0.0;0.0;0.0;0.0;0.0;0.0;0.0;0
2496;7.6;0.0;0.0;0.0;0.0;0.0;0.0;0.0;0.0;0
2497;7.5;0.0;0.0;0.0;0.0;0.0;0.0;0.0;0.0;0
2498;7.5;0.0;0.0;0.0;0.0;0.0;0.0;0.0;0.0;0
2499;7.5;0.0;0.0;0.0;0.0;0.0;0.0;0.0;0.0;0
2500;7.4;0.0;0.0;0.0;0.0;0.0;0.0;0.0;0.0;0
2501;7.3;0.0;0.0;0.0;0.0;0.0;0.0;0.0;0.0;0
2502;7.3;3.6;3.6;3.6;3.6;3.6;3.6;3.6;3.6;6
2503;7.7;28.7;39.23;45.35;41.72;30.46;28.7;28.7;28.7;52
2504;8.1;71.2;86.01;102.8;101.08;81.85;71.2;71.2;71.2;132
2505;8.5;112.0;120.81;146.98;152.66;134.51;112.0;112.0;112.0;210
2506;8.3;118.5;118.5;129.8;135.76;131.61;119.78;118.5;118.5;210
2507;9.0;147.8;147.8;154.94;165.7;165.97;155.6;147.8;147.8;263
2508;10.0;191.4;191.4;191.4;218.69;230.0;218.69;191.4;191.4;354
2509;9.2;195.9;195.9;195.9;208.78;225.88;225.43;207.68;195.9;354
2510;9.9;200.5;200.5;200.5;206.75;264.32;284.51;255.48;200.5;395
2511;10.1;182.9;182.9;182.9;182.9;225.52;259.85;249.11;199.58;349
2512;9.4;130.1;130.1;130.1;130.1;141.42;161.84;163.67;145.84;231
2513;9.4;116.3;116.3;116.3;116.3;122.27;160.56;172.92;152.12;208
2514;9.1;76.33;69.3;69.3;69.3;69.3;113.03;138.18;122.98;123
2515;8.8;21.8;21.8;21.8;21.8;21.8;21.8;21.8;21.8;38
2516;8.6;3.0;3.0;3.0;3.0;3.0;3.0;3.0;3.0;5
2517;8.3;0.0;0.0;0.0;0.0;0.0;0.0;0.0;0.0;0
2518;8.1;0.0;0.0;0.0;0.0;0.0;0.0;0.0;0.0;0
2519;7.9;0.0;0.0;0.0;0.0;0.0;0.0;0.0;0.0;0
2520;7.8;0.0;0.0;0.0;0.0;0.0;0.0;0.0;0.0;0
2521;7.5;0.0;0.0;0.0;0.0;0.0;0.0;0.0;0.0;0
2522;7.5;0.0;0.0;0.0;0.0;0.0;0.0;0.0;0.0;0
2523;7.4;0.0;0.0;0.0;0.0;0.0;0.0;0.0;0.0;0
2524;7.3;0.0;0.0;0.0;0.0;0.0;0.0;0.0;0.0;0
2525;6.9;0.0;0.0;0.0;0.0;0.0;0.0;0.0;0.0;0
2526;6.6;3.6;3.6;3.6;3.6;3.6;3.6;3.6;3.6;6
2527;7.6;24.9;31.14;34.72;32.54;25.89;24.9;24.9;24.9;44
2528;7.7;46.0;49.69;53.81;53.36;48.59;46.0;46.0;46.0;80
2529;7.7;39.8;40.43;42.28;42.67;41.38;39.8;39.8;39.8;68
2530;8.5;56.7;56.7;58.94;60.11;59.28;56.94;56.7;56.7;97
2531;8.8;95.0;95.0;97.83;102.08;102.17;98.07;95.0;95.0;165
2532;9.3;122.4;122.4;122.4;130.1;133.29;130.1;122.4;122.4;214
2533;9.4;82.1;82.1;82.1;84.02;86.58;86.52;83.87;82.1;141
2534;9.5;71.2;71.2;71.2;71.52;74.65;75.75;74.19;71.2;122
2535;9.4;68.2;68.2;68.2;68.2;71.36;73.93;73.15;69.47;117
2536;9.8;85.3;85.3;85.3;85.3;89.84;98.17;98.96;91.75;148
2537;9.8;45.2;45.2;45.2;45.2;45.86;50.3;51.74;49.36;77
2538;9.1;23.68;22.9;22.9;22.9;22.9;27.55;30.26;28.66;39
2539;8.7;5.4;5.4;5.4;5.4;5.4;5.4;5.4;5.4;9
2540;8.4;0.0;0.0;0.0;0.0;0.0;0.0;0.0;0.0;0
2541;8.2;0.0;0.0;0.0;0.0;0.0;0.0;0.0;0.0;0
2542;8.0;0.0;0.0;0.0;0.0;0.0;0.0;0.0;0.0;0
2543;7.9;0.0;0.0;0.0;0.0;0.0;0.0;0.0;0.0;0
2544;7.7;0.0;0.0;0.0;0.0;0.0;0.0;0.0;0.0;0
2545;7.7;0.0;0.0;0.0;0.0;0.0;0.0;0.0;0.0;0
2546;7.8;0.0;0.0;0.0;0.0;0.0;0.0;0.0;0.0;0
2547;7.7;0.0;0.0;0.0;0.0;0.0;0.0;0.0;0.0;0
2548;7.6;0.0;0.0;0.0;0.0;0.0;0.0;0.0;0.0;0
2549;7.5;0.0;0.0;0.0;0.0;0.0;0.0;0.0;0.0;0
2550;7.4;0.6;0.6;0.6;0.6;0.6;0.6;0.6;0.6;1
2551;7.7;6.6;6.6;6.6;6.6;6.6;6.6;6.6;6.6;11
2552;8.1;26.5;27.42;28.43;28.31;27.13;26.5;26.5;26.5;45
2553;8.5;51.3;52.26;54.98;55.55;53.63;51.3;51.3;51.3;88
2554;9.2;80.4;80.4;84.85;87.15;85.49;80.85;80.4;80.4;139
2555;9.0;77.9;77.9;79.66;82.27;82.32;79.78;77.9;77.9;134
2556;9.2;57.2;57.2;57.2;58.47;58.99;58.47;57.2;57.2;97
2557;9.8;76.0;76.0;76.0;77.51;79.54;79.5;77.41;76.0;130
2558;10.6;149.3;149.3;149.3;150.59;163.73;168.42;161.91;149.3;263
2559;9.6;71.8;71.8;71.8;71.8;74.9;77.46;76.71;73.08;123
2560;10.0;98.1;98.1;98.1;98.1;103.79;114.4;115.46;106.35;171
2561;11.3;131.4;131.4;131.4;131.4;161.36;370.86;440.08;328.49;299
2562;10.5;126.62;89.9;89.9;89.9;89.9;299.54;423.1;351.47;189
2563;9.8;43.4;43.4;43.4;43.4;43.4;43.4;43.4;43.4;79
2564;7.7;7.2;7.2;7.2;7.2;7.2;7.2;7.2;7.2;12
2565;6.8;0.0;0.0;0.0;0.0;0.0;0.0;0.0;0.0;0
2566;6.0;0.0;0.0;0.0;0.0;0.0;0.0;0.0;0.0;0
2567;4.2;0.0;0.0;0.0;0.0;0.0;0.0;0.0;0.0;0
2568;5.2;0.0;0.0;0.0;0.0;0.0;0.0;0.0;0.0;0
2569;3.2;0.0;0.0;0.0;0.0;0.0;0.0;0.0;0.0;0
2570;2.9;0.0;0.0;0.0;0.0;0.0;0.0;0.0;0.0;0
2571;3.0;0.0;0.0;0.0;0.0;0.0;0.0;0.0;0.0;0
2572;3.5;0.0;0.0;0.0;0.0;0.0;0.0;0.0;0.0;0
2573;3.4;0.0;0.0;0.0;0.0;0.0;0.0;0.0;0.0;0
2574;4.1;4.2;4.2;4.2;4.2;4.2;4.2;4.2;4.2;7
2575;5.1;28.0;36.11;40.65;37.77;29.17;28.0;28.0;28.0;50
2576;7.0;60.8;68.1;76.06;75.08;65.73;60.8;60.8;60.8;108
2577;9.3;105.3;110.12;123.54;126.28;116.73;105.3;105.3;105.3;188
2578;11.0;108.6;108.6;117.43;121.94;118.64;109.45;108.6;108.6;191
2579;11.1;124.3;124.3;128.84;135.54;135.65;129.12;124.3;124.3;218
2580;12.1;130.3;130.3;130.3;138.43;141.8;138.43;130.3;130.3;228
2581;11.7;106.4;106.4;106.4;109.36;113.39;113.32;109.19;106.4;184
2582;11.9;142.0;142.0;142.0;143.14;155.38;159.79;153.78;142.0;250
2583;12.8;182.8;182.8;182.8;182.8;213.27;238.74;231.44;195.65;338
2584;12.6;158.2;158.2;158.2;158.2;179.15;218.87;223.05;189.24;292
2585;12.4;129.2;129.2;129.2;129.2;177.36;529.85;647.65;461.74;352
2586;11.9;150.98;91.6;91.6;91.6;91.6;417.18;611.42;501.15;216
2587;10.4;44.9;44.9;44.9;44.9;44.9;44.9;44.9;44.9;159
2588;8.1;11.4;11.4;11.4;11.4;11.4;11.4;11.4;11.4;19
2589;5.6;0.0;0.0;0.0;0.0;0.0;0.0;0.0;0.0;0
2590;4.1;0.0;0.0;0.0;0.0;0.0;0.0;0.0;0.0;0
2591;3.5;0.0;0.0;0.0;0.0;0.0;0.0;0.0;0.0;0
2592;2.5;0.0;0.0;0.0;0.0;0.0;0.0;0.0;0.0;0
2593;2.8;0.0;0.0;0.0;0.0;0.0;0.0;0.0;0.0;0
2594;1.5;0.0;0.0;0.0;0.0;0.0;0.0;0.0;0.0;0
2595;1.9;0.0;0.0;0.0;0.0;0.0;0.0;0.0;0.0;0
2596;0.9;0.0;0.0;0.0;0.0;0.0;0.0;0.0;0.0;0
2597;0.6;0.0;0.0;0.0;0.0;0.0;0.0;0.0;0.0;0
2598;0.7;5.4;5.4;5.4;5.4;5.4;5.4;5.4;5.4;9
2599;3.4;36.6;72.66;92.57;79.69;41.57;36.6;36.6;36.6;76
2600;7.9;78.8;173.34;274.96;261.67;141.27;78.8;78.8;78.8;218
2601;10.5;110.5;182.57;379.28;418.55;277.36;110.5;110.5;110.5;370
2602;11.2;143.4;143.4;353.77;460.01;380.79;162.5;143.4;143.4;479
2603;12.6;187.2;187.2;249.65;341.05;342.33;252.74;187.2;187.2;462
2604;11.7;127.2;127.2;127.2;134.61;137.68;134.61;127.2;127.2;222
2605;12.3;180.1;180.1;180.1;189.2;201.65;201.47;188.77;180.1;321
2606;12.0;203.9;203.9;203.9;221.35;420.68;493.03;396.01;203.9;559
2607;10.8;156.9;156.9;156.9;156.9;172.61;185.91;182.21;163.69;279
2608;12.0;167.1;167.1;167.1;167.1;262.6;446.69;467.0;311.63;411
2609;12.9;95.9;95.9;95.9;95.9;211.52;1098.84;1360.0;935.33;509
2610;12.2;221.07;82.0;82.0;82.0;82.0;815.43;1258.29;1012.1;285
2611;11.7;41.4;41.4;41.4;41.4;41.4;41.4;41.4;41.4;154
2612;8.5;9.1;9.1;9.1;9.1;9.1;9.1;9.1;9.1;16
2613;8.4;0.0;0.0;0.0;0.0;0.0;0.0;0.0;0.0;0
2614;6.3;0.0;0.0;0.0;0.0;0.0;0.0;0.0;0.0;0
2615;3.9;0.0;0.0;0.0;0.0;0.0;0.0;0.0;0.0;0
2616;2.9;0.0;0.0;0.0;0.0;0.0;0.0;0.0;0.0;0
2617;2.6;0.0;0.0;0.0;0.0;0.0;0.0;0.0;0.0;0
2618;1.0;0.0;0.0;0.0;0.0;0.0;0.0;0.0;0.0;0
2619;1.2;0.0;0.0;0.0;0.0;0.0;0.0;0.0;0.0;0
2620;2.3;0.0;0.0;0.0;0.0;0.0;0.0;0.0;0.0;0
2621;3.5;0.0;0.0;0.0;0.0;0.0;0.0;0.0;0.0;0
2622;4.4;3.6;3.6;3.6;3.6;3.6;3.6;3.6;3.6;6
2623;6.2;32.2;40.12;44.44;41.58;33.24;32.2;32.2;32.2;57
2624;8.9;81.8;159.64;242.23;230.85;132.15;81.8;81.8;81.8;208
2625;10.7;110.4;186.48;390.02;429.76;282.42;110.4;110.4;110.4;379
2626;11.8;152.5;152.5;322.89;407.99;343.42;167.02;152.5;152.5;450
2627;10.7;158.2;158.2;165.78;176.79;176.92;166.07;158.2;158.2;282
2628;11.1;150.0;150.0;150.0;160.98;165.52;160.98;150.0;150.0;265
2629;11.0;115.6;115.6;115.6;119.18;124.11;124.05;119.05;115.6;201
2630;11.2;122.9;122.9;122.9;123.58;131.84;134.86;130.88;122.9;214
2631;11.8;143.9;143.9;143.9;143.9;156.4;167.1;164.21;149.43;254
2632;12.2;164.7;164.7;164.7;164.7;198.07;263.49;271.03;216.29;322
2633;12.8;132.5;132.5;132.5;132.5;171.08;482.09;588.31;427.53;345
2634;11.9;163.03;93.5;93.5;93.5;93.5;446.7;662.53;545.03;230
2635;11.1;48.9;48.9;48.9;48.9;48.9;48.9;48.9;48.9;99
2636;9.4;10.9;10.9;10.9;10.9;10.9;10.9;10.9;10.9;19
2637;6.4;0.0;0.0;0.0;0.0;0.0;0.0;0.0;0.0;0
2638;4.7;0.0;0.0;0.0;0.0;0.0;0.0;0.0;0.0;0
2639;3.8;0.0;0.0;0.0;0.0;0.0;0.0;0.0;0.0;0
2640;2.9;0.0;0.0;0.0;0.0;0.0;0.0;0.0;0.0;0
2641;2.3;0.0;0.0;0.0;0.0;0.0;0.0;0.0;0.0;0
2642;1.8;0.0;0.0;0.0;0.0;0.0;0.0;0.0;0.0;0
2643;1.3;0.0;0.0;0.0;0.0;0.0;0.0;0.0;0.0;0
2644;0.7;0.0;0.0;0.0;0.0;0.0;0.0;0.0;0.0;0
2645;0.9;0.0;0.0;0.0;0.0;0.0;0.0;0.0;0.0;0
2646;1.0;9.0;9.0;9.0;9.0;9.0;9.0;9.0;9.0;15
2647;3.2;39.6;98.33;129.93;108.62;46.88;39.6;39.6;39.6;91
2648;6.2;83.9;131.67;181.71;174.45;114.15;83.9;83.9;83.9;184
2649;8.9;125.4;160.72;253.36;271.04;203.41;125.4;125.4;125.4;299
2650;12.2;131.0;131.0;400.21;533.15;430.52;152.43;131.0;131.0;530
2651;13.4;142.6;142.6;312.38;557.19;559.15;317.09;142.6;142.6;651
2652;14.3;189.9;189.9;189.9;408.51;499.07;408.51;189.9;189.9;619
2653;14.9;146.7;146.7;146.7;371.5;683.34;680.82;365.42;146.7;777
2654;16.0;144.4;144.4;144.4;179.7;637.72;806.76;587.8;144.4;754
2655;16.5;133.4;133.4;133.4;133.4;546.56;904.77;811.13;320.48;699
2656;16.7;126.8;126.8;126.8;126.8;381.37;888.8;949.85;528.78;583
2657;16.5;120.3;120.3;120.3;120.3;182.15;706.95;888.1;619.48;413
2658;16.4;126.41;93.6;93.6;93.6;93.6;254.34;353.73;300.75;191
2659;15.2;49.3;49.3;49.3;49.3;49.3;49.3;49.3;49.3;138
2660;10.9;8.6;8.6;8.6;8.6;8.6;8.6;8.6;8.6;16
2661;9.9;0.0;0.0;0.0;0.0;0.0;0.0;0.0;0.0;0
2662;7.8;0.0;0.0;0.0;0.0;0.0;0.0;0.0;0.0;0
2663;7.4;0.0;0.0;0.0;0.0;0.0;0.0;0.0;0.0;0
2664;5.4;0.0;0.0;0.0;0.0;0.0;0.0;0.0;0.0;0
2665;4.6;0.0;0.0;0.0;0.0;0.0;0.0;0.0;0.0;0
2666;4.8;0.0;0.0;0.0;0.0;0.0;0.0;0.0;0.0;0
2667;5.5;0.0;0.0;0.0;0.0;0.0;0.0;0.0;0.0;0
2668;6.8;0.0;0.0;0.0;0.0;0.0;0.0;0.0;0.0;0
2669;7.2;0.0;0.0;0.0;0.0;0.0;0.0;0.0;0.0;0
2670;7.6;3.6;3.6;3.6;3.6;3.6;3.6;3.6;3.6;6
2671;9.7;34.7;44.38;49.52;45.98;35.83;34.7;34.7;34.7;62
2672;12.3;83.9;169.17;257.36;243.94;136.77;83.9;83.9;83.9;219
2673;14.1;127.1;160.32;245.77;261.71;198.79;127.1;127.1;127.1;296
2674;15.4;157.8;157.8;192.1;208.85;195.7;160.34;157.8;157.8;303
2675;16.8;191.1;191.1;230.88;287.83;288.11;231.56;191.1;191.1;416
2676;18.1;185.5;185.5;185.5;421.65;519.47;421.65;185.5;185.5;640
2677;18.6;190.0;190.0;190.0;336.64;541.56;540.54;334.18;190.0;670
2678;20.4;163.7;163.7;163.7;191.92;584.51;730.6;544.61;163.7;717
2679;19.8;173.1;173.1;173.1;173.1;443.53;680.87;620.77;298.43;606
2680;19.7;170.5;170.5;170.5;170.5;227.82;344.02;358.57;262.95;370
2681;18.4;134.8;134.8;134.8;134.8;147.95;265.69;306.75;247.09;273
2682;17.6;69.17;63.7;63.7;63.7;63.7;89.57;105.75;97.3;112
2683;17.0;23.0;23.0;23.0;23.0;23.0;23.0;23.0;23.0;40
2684;15.9;1.2;1.2;1.2;1.2;1.2;1.2;1.2;1.2;2
2685;14.8;0.0;0.0;0.0;0.0;0.0;0.0;0.0;0.0;0
2686;14.1;0.0;0.0;0.0;0.0;0.0;0.0;0.0;0.0;0
2687;14.0;0.0;0.0;0.0;0.0;0.0;0.0;0.0;0.0;0
2688;13.7;0.0;0.0;0.0;0.0;0.0;0.0;0.0;0.0;0
2689;12.6;0.0;0.0;0.0;0.0;0.0;0.0;0.0;0.0;0
2690;12.1;0.0;0.0;0.0;0.0;0.0;0.0;0.0;0.0;0
2691;12.1;0.0;0.0;0.0;0.0;0.0;0.0;0.0;0.0;0
2692;11.3;0.0;0.0;0.0;0.0;0.0;0.0;0.0;0.0;0
2693;10.9;0.0;0.0;0.0;0.0;0.0;0.0;0.0;0.0;0
2694;10.5;4.2;4.2;4.2;4.2;4.2;4.2;4.2;4.2;7
2695;10.9;32.8;40.46;44.48;41.66;33.65;32.8;32.8;32.8;58
2696;12.6;85.2;117.38;150.25;145.01;104.73;85.2;85.2;85.2;172
2697;14.2;125.2;176.14;304.66;328.06;232.62;125.2;125.2;125.2;337
2698;15.4;159.5;159.5;307.81;379.41;322.19;169.67;159.5;159.5;440
2699;16.2;166.1;166.1;297.52;484.22;484.57;298.37;166.1;166.1;601
2700;16.5;194.4;194.4;194.4;398.88;483.58;398.88;194.4;194.4;614
2701;17.4;209.9;209.9;209.9;309.53;449.78;449.51;308.88;209.9;594
2702;17.5;181.5;181.5;181.5;203.25;529.46;651.83;498.69;181.5;675
2703;17.5;177.2;177.2;177.2;177.2;429.72;654.05;599.05;296.94;597
2704;17.2;169.3;169.3;169.3;169.3;274.03;489.95;518.04;341.85;443
2705;16.1;137.7;137.7;137.7;137.7;156.11;330.36;391.75;304.32;302
2706;15.9;166.92;96.6;96.6;96.6;96.6;418.08;621.56;517.52;236
2707;14.8;52.6;52.6;52.6;52.6;52.6;52.6;52.6;52.6;106
2708;12.9;12.1;12.1;12.1;12.1;12.1;12.1;12.1;12.1;21
2709;11.2;0.0;0.0;0.0;0.0;0.0;0.0;0.0;0.0;0
2710;10.7;0.0;0.0;0.0;0.0;0.0;0.0;0.0;0.0;0
2711;10.2;0.0;0.0;0.0;0.0;0.0;0.0;0.0;0.0;0
2712;9.1;0.0;0.0;0.0;0.0;0.0;0.0;0.0;0.0;0
2713;11.3;0.0;0.0;0.0;0.0;0.0;0.0;0.0;0.0;0
2714;10.7;0.0;0.0;0.0;0.0;0.0;0.0;0.0;0.0;0
2715;9.8;0.0;0.0;0.0;0.0;0.0;0.0;0.0;0.0;0
2716;11.7;0.0;0.0;0.0;0.0;0.0;0.0;0.0;0.0;0
2717;11.5;0.0;0.0;0.0;0.0;0.0;0.0;0.0;0.0;0
2718;11.5;4.2;4.2;4.2;4.2;4.2;4.2;4.2;4.2;7
2719;12.1;32.8;40.38;44.31;41.5;33.59;32.8;32.8;32.8;58
2720;12.8;81.8;94.27;106.84;104.74;89.21;81.8;81.8;81.8;148
2721;14.7;129.3;156.24;222.93;234.78;184.84;129.3;129.3;129.3;283
2722;16.6;163.6;163.6;284.8;342.66;295.62;171.25;163.6;163.6;416
2723;18.4;167.3;167.3;297.87;482.01;481.79;297.35;167.3;167.3;603
2724;19.3;191.6;191.6;191.6;408.7;498.63;408.7;191.6;191.6;631
2725;19.6;216.8;216.8;216.8;291.68;397.89;398.02;291.99;216.8;548
2726;19.7;214.4;214.4;214.4;220.36;317.26;353.9;308.83;214.4;469
2727;20.1;190.2;190.2;190.2;190.2;379.43;549.6;509.24;281.99;547
2728;19.9;152.8;152.8;152.8;152.8;326.35;690.34;739.44;444.9;528
2729;19.5;126.0;126.0;126.0;126.0;173.29;647.71;816.52;580.83;410
2730;18.0;138.23;97.6;97.6;97.6;97.6;277.35;392.43;334.8;206
2731;16.7;53.3;53.3;53.3;53.3;53.3;53.3;53.3;53.3;108
2732;14.6;9.9;9.9;9.9;9.9;9.9;9.9;9.9;9.9;19
2733;13.7;0.0;0.0;0.0;0.0;0.0;0.0;0.0;0.0;0
2734;12.9;0.0;0.0;0.0;0.0;0.0;0.0;0.0;0.0;0
2735;10.7;0.0;0.0;0.0;0.0;0.0;0.0;0.0;0.0;0
2736;9.6;0.0;0.0;0.0;0.0;0.0;0.0;0.0;0.0;0
2737;9.4;0.0;0.0;0.0;0.0;0.0;0.0;0.0;0.0;0
2738;8.3;0.0;0.0;0.0;0.0;0.0;0.0;0.0;0.0;0
2739;8.2;0.0;0.0;0.0;0.0;0.0;0.0;0.0;0.0;0
2740;8.6;0.0;0.0;0.0;0.0;0.0;0.0;0.0;0.0;0
2741;6.9;0.0;0.0;0.0;0.0;0.0;0.0;0.0;0.0;0
2742;7.1;4.8;4.8;4.8;4.8;4.8;4.8;4.8;4.8;8
2743;8.8;24.2;27.95;29.87;28.47;24.57;24.2;24.2;24.2;42
2744;9.8;53.3;57.74;62.15;61.38;55.88;53.3;53.3;53.3;93
2745;9.9;72.6;74.61;79.48;80.32;76.64;72.6;72.6;72.6;126
2746;10.2;70.7;70.7;74.2;75.85;74.48;70.9;70.7;70.7;122
2747;11.4;93.1;93.1;95.43;98.7;98.69;95.4;93.1;93.1;161
2748;13.4;198.1;198.1;198.1;215.88;223.24;215.88;198.1;198.1;356
2749;15.5;204.7;204.7;204.7;319.42;483.35;484.05;321.11;204.7;632
2750;16.9;205.3;205.3;205.3;217.7;437.69;521.55;420.15;205.3;598
2751;15.5;195.0;195.0;195.0;195.0;356.76;503.99;470.22;275.23;525
2752;14.3;152.1;152.1;152.1;152.1;327.03;700.23;752.35;452.85;536
2753;13.6;138.1;138.1;138.1;138.1;164.63;447.62;549.3;410.1;351
2754;12.5;81.73;74.7;74.7;74.7;74.7;104.84;124.35;114.78;132
2755;11.7;55.1;55.1;55.1;55.1;55.1;55.1;55.1;55.1;116
2756;10.2;26.1;26.1;26.1;26.1;26.1;26.1;26.1;26.1;46
2757;8.3;0.0;0.0;0.0;0.0;0.0;0.0;0.0;0.0;0
2758;7.9;0.0;0.0;0.0;0.0;0.0;0.0;0.0;0.0;0
2759;7.2;0.0;0.0;0.0;0.0;0.0;0.0;0.0;0.0;0
2760;6.5;0.0;0.0;0.0;0.0;0.0;0.0;0.0;0.0;0
2761;5.2;0.0;0.0;0.0;0.0;0.0;0.0;0.0;0.0;0
2762;4.6;0.0;0.0;0.0;0.0;0.0;0.0;0.0;0.0;0
2763;6.1;0.0;0.0;0.0;0.0;0.0;0.0;0.0;0.0;0
2764;6.1;0.0;0.0;0.0;0.0;0.0;0.0;0.0;0.0;0
2765;5.6;0.0;0.0;0.0;0.0;0.0;0.0;0.0;0.0;0
2766;6.3;2.4;2.4;2.4;2.4;2.4;2.4;2.4;2.4;4
2767;6.5;16.9;18.76;19.7;19.0;17.07;16.9;16.9;16.9;29
2768;8.2;43.5;46.15;48.76;48.29;45.01;43.5;43.5;43.5;75
2769;10.0;90.4;93.76;101.78;103.13;97.03;90.4;90.4;90.4;159
2770;11.7;154.2;154.2;170.88;178.67;172.12;155.07;154.2;154.2;277
2771;12.4;120.0;120.0;123.98;129.5;129.46;123.88;120.0;120.0;210
2772;11.2;53.6;53.6;53.6;54.73;55.2;54.73;53.6;53.6;91
2773;8.3;48.8;48.8;48.8;49.45;50.38;50.38;49.46;48.8;83
2774;8.6;83.3;83.3;83.3;83.48;87.03;88.4;86.78;83.3;143
2775;9.6;121.8;121.8;121.8;121.8;129.75;137.08;135.45;125.83;213
2776;9.3;67.6;67.6;67.6;67.6;69.61;73.98;74.61;71.14;116
2777;8.1;32.5;32.5;32.5;32.5;32.67;34.6;35.3;34.36;55
2778;7.8;18.88;18.1;18.1;18.1;18.1;21.35;23.47;22.45;31
2779;8.1;4.2;4.2;4.2;4.2;4.2;4.2;4.2;4.2;7
2780;9.4;0.0;0.0;0.0;0.0;0.0;0.0;0.0;0.0;0
2781;7.9;0.0;0.0;0.0;0.0;0.0;0.0;0.0;0.0;0
2782;7.1;0.0;0.0;0.0;0.0;0.0;0.0;0.0;0.0;0
2783;7.4;0.0;0.0;0.0;0.0;0.0;0.0;0.0;0.0;0
2784;7.8;0.0;0.0;0.0;0.0;0.0;0.0;0.0;0.0;0
2785;8.3;0.0;0.0;0.0;0.0;0.0;0.0;0.0;0.0;0
2786;8.4;0.0;0.0;0.0;0.0;0.0;0.0;0.0;0.0;0
2787;8.3;0.0;0.0;0.0;0.0;0.0;0.0;0.0;0.0;0
2788;7.7;0.0;0.0;0.0;0.0;0.0;0.0;0.0;0.0;0
2789;7.6;0.0;0.0;0.0;0.0;0.0;0.0;0.0;0.0;0
2790;7.2;9.6;9.6;9.6;9.6;9.6;9.6;9.6;9.6;16
2791;8.3;47.9;123.31;160.96;132.38;54.31;47.9;47.9;47.9;114
2792;8.9;91.4;167.14;240.73;226.84;133.62;91.4;91.4;91.4;224
2793;9.0;128.1;187.87;327.95;350.96;243.42;128.1;128.1;128.1;361
2794;9.8;169.0;169.0;254.62;294.12;260.32;173.03;169.0;169.0;385
2795;10.4;196.6;196.6;247.34;317.3;316.57;245.55;196.6;196.6;456
2796;11.1;214.3;214.3;214.3;288.79;319.64;288.79;214.3;214.3;468
2797;11.0;201.7;201.7;201.7;211.55;225.85;226.0;211.91;201.7;362
2798;9.6;166.5;166.5;166.5;167.18;181.97;187.69;181.0;166.5;295
2799;10.8;193.7;193.7;193.7;193.7;228.23;260.43;253.54;211.6;367
2800;10.9;171.0;171.0;171.0;171.0;200.45;265.49;275.18;223.84;335
2801;10.1;123.6;123.6;123.6;123.6;126.42;160.69;173.24;156.71;221
2802;10.6;96.38;87.0;87.0;87.0;87.0;124.81;149.85;138.07;155
2803;9.1;27.8;27.8;27.8;27.8;27.8;27.8;27.8;27.8;48
2804;8.3;4.2;4.2;4.2;4.2;4.2;4.2;4.2;4.2;7
2805;8.3;0.0;0.0;0.0;0.0;0.0;0.0;0.0;0.0;0
2806;8.7;0.0;0.0;0.0;0.0;0.0;0.0;0.0;0.0;0
2807;9.1;0.0;0.0;0.0;0.0;0.0;0.0;0.0;0.0;0
2808;9.1;0.0;0.0;0.0;0.0;0.0;0.0;0.0;0.0;0
2809;8.9;0.0;0.0;0.0;0.0;0.0;0.0;0.0;0.0;0
2810;9.0;0.0;0.0;0.0;0.0;0.0;0.0;0.0;0.0;0
2811;8.3;0.0;0.0;0.0;0.0;0.0;0.0;0.0;0.0;0
2812;7.7;0.0;0.0;0.0;0.0;0.0;0.0;0.0;0.0;0
2813;7.7;0.0;0.0;0.0;0.0;0.0;0.0;0.0;0.0;0
2814;7.8;1.2;1.2;1.2;1.2;1.2;1.2;1.2;1.2;2
2815;7.9;8.4;8.4;8.4;8.4;8.4;8.4;8.4;8.4;14
2816;7.8;18.1;18.98;19.82;19.65;18.58;18.1;18.1;18.1;31
2817;8.0;23.5;23.84;24.62;24.75;24.14;23.5;23.5;23.5;40
2818;8.2;44.6;44.6;45.97;46.6;46.05;44.66;44.6;44.6;76
2819;9.2;69.4;69.4;70.71;72.5;72.48;70.65;69.4;69.4;119
2820;12.1;143.7;143.7;143.7;152.0;155.44;152.0;143.7;143.7;252
2821;12.3;159.1;159.1;159.1;165.04;173.72;173.84;165.32;159.1;281
2822;12.3;131.5;131.5;131.5;131.87;140.94;144.48;140.42;131.5;230
2823;12.1;130.3;130.3;130.3;130.3;138.63;146.49;144.87;134.71;228
2824;13.4;95.6;95.6;95.6;95.6;99.43;108.04;109.36;102.62;166
2825;13.3;112.5;112.5;112.5;112.5;114.66;142.88;153.31;139.83;200
2826;13.7;110.06;96.0;96.0;96.0;96.0;151.1;187.98;170.99;175
2827;13.1;56.0;56.0;56.0;56.0;56.0;56.0;56.0;56.0;105
2828;11.8;14.3;14.3;14.3;14.3;14.3;14.3;14.3;14.3;28
2829;11.3;0.0;0.0;0.0;0.0;0.0;0.0;0.0;0.0;0
2830;11.4;0.0;0.0;0.0;0.0;0.0;0.0;0.0;0.0;0
2831;10.7;0.0;0.0;0.0;0.0;0.0;0.0;0.0;0.0;0
2832;7.4;0.0;0.0;0.0;0.0;0.0;0.0;0.0;0.0;0
2833;7.3;0.0;0.0;0.0;0.0;0.0;0.0;0.0;0.0;0
2834;7.7;0.0;0.0;0.0;0.0;0.0;0.0;0.0;0.0;0
2835;7.5;0.0;0.0;0.0;0.0;0.0;0.0;0.0;0.0;0
2836;5.8;0.0;0.0;0.0;0.0;0.0;0.0;0.0;0.0;0
2837;6.7;0.6;0.6;0.6;0.6;0.6;0.6;0.6;0.6;1
2838;6.5;14.68;17.98;18.89;16.88;13.9;13.9;13.9;13.9;24
2839;7.8;50.0;140.27;184.25;149.59;56.59;50.0;50.0;50.0;125
2840;8.7;88.3;215.11;335.38;310.91;156.04;88.3;88.3;88.3;268
2841;10.2;125.9;199.19;365.03;390.8;261.39;125.9;125.9;125.9;389
2842;8.1;101.1;101.1;107.23;110.0;107.55;101.32;101.1;101.1;176
2843;7.6;51.8;51.8;52.45;53.34;53.32;52.42;51.8;51.8;88
2844;8.0;135.2;135.2;135.2;142.86;146.03;142.86;135.2;135.2;237
2845;11.4;222.8;222.8;222.8;282.46;370.32;371.77;285.95;222.8;533
2846;12.3;218.7;218.7;218.7;222.22;319.78;358.13;314.8;218.7;482
2847;11.8;155.6;155.6;155.6;155.6;168.2;180.24;177.85;162.42;276
2848;12.0;71.2;71.2;71.2;71.2;73.07;77.34;78.02;74.7;122
2849;12.1;125.4;125.4;125.4;125.4;127.77;161.25;173.73;157.9;224
2850;12.0;94.58;85.2;85.2;85.2;85.2;120.91;145.08;134.17;152
2851;11.3;22.9;22.9;22.9;22.9;22.9;22.9;22.9;22.9;39
2852;10.5;23.6;23.6;23.6;23.6;23.6;23.6;23.6;23.6;46
2853;10.9;0.0;0.0;0.0;0.0;0.0;0.0;0.0;0.0;0
2854;9.5;0.0;0.0;0.0;0.0;0.0;0.0;0.0;0.0;0
2855;9.7;0.0;0.0;0.0;0.0;0.0;0.0;0.0;0.0;0
2856;9.9;0.0;0.0;0.0;0.0;0.0;0.0;0.0;0.0;0
2857;8.3;0.0;0.0;0.0;0.0;0.0;0.0;0.0;0.0;0
2858;8.6;0.0;0.0;0.0;0.0;0.0;0.0;0.0;0.0;0
2859;8.8;0.0;0.0;0.0;0.0;0.0;0.0;0.0;0.0;0
2860;8.0;0.0;0.0;0.0;0.0;0.0;0.0;0.0;0.0;0
2861;8.1;0.0;0.0;0.0;0.0;0.0;0.0;0.0;0.0;0
2862;7.9;3.0;3.0;3.0;3.0;3.0;3.0;3.0;3.0;5
2863;8.2;27.2;30.78;32.5;31.12;27.44;27.2;27.2;27.2;47
2864;9.1;74.2;82.92;91.08;89.36;78.76;74.2;74.2;74.2;132
2865;9.4;85.5;88.58;95.44;96.47;91.08;85.5;85.5;85.5;150
2866;10.3;114.0;114.0;122.13;125.75;122.49;114.26;114.0;114.0;200
2867;9.9;100.4;100.4;102.99;106.48;106.41;102.82;100.4;100.4;174
2868;10.8;70.6;70.6;70.6;72.76;73.66;72.76;70.6;70.6;121
2869;11.4;51.8;51.8;51.8;52.4;53.3;53.32;52.45;51.8;88
2870;11.7;59.6;59.6;59.6;59.64;61.01;61.56;60.95;59.6;101
2871;12.1;86.4;86.4;86.4;86.4;90.12;93.71;93.02;88.45;149
2872;12.5;116.4;116.4;116.4;116.4;121.87;134.59;136.66;126.86;204
2873;11.6;84.8;84.8;84.8;84.8;85.76;100.47;106.0;99.12;148
2874;11.6;34.16;32.6;32.6;32.6;32.6;38.39;42.35;40.6;56
2875;11.4;54.79;30.9;30.9;30.9;30.9;58.82;94.27;92.61;54
2876;11.9;7.9;7.9;7.9;7.9;7.9;7.9;7.9;7.9;14
2877;11.3;0.0;0.0;0.0;0.0;0.0;0.0;0.0;0.0;0
2878;11.1;0.0;0.0;0.0;0.0;0.0;0.0;0.0;0.0;0
2879;10.8;0.0;0.0;0.0;0.0;0.0;0.0;0.0;0.0;0
2880;8.8;0.0;0.0;0.0;0.0;0.0;0.0;0.0;0.0;0
2881;8.3;0.0;0.0;0.0;0.0;0.0;0.0;0.0;0.0;0
2882;6.0;0.0;0.0;0.0;0.0;0.0;0.0;0.0;0.0;0
2883;6.3;0.0;0.0;0.0;0.0;0.0;0.0;0.0;0.0;0
2884;5.4;0.0;0.0;0.0;0.0;0.0;0.0;0.0;0.0;0
2885;5.1;0.0;0.0;0.0;0.0;0.0;0.0;0.0;0.0;0
2886;5.2;6.88;10.02;10.87;8.92;6.1;6.1;6.1;6.1;11
2887;9.6;51.8;87.28;104.15;90.35;53.97;51.8;51.8;51.8;103
2888;12.1;92.2;210.35;319.79;295.9;152.69;92.2;92.2;92.2;267
2889;13.9;118.8;213.72;421.36;451.77;287.12;118.8;118.8;118.8;428
2890;15.2;132.8;132.8;424.91;553.6;435.79;140.49;132.8;132.8;583
2891;16.3;144.7;144.7;320.71;556.39;550.91;307.48;144.7;144.7;697
2892;16.9;148.1;148.1;148.1;494.09;637.41;494.09;148.1;148.1;786
2893;18.1;156.3;156.3;156.3;358.95;662.02;668.84;375.42;156.3;828
2894;18.4;151.0;151.0;151.0;162.66;610.37;788.98;593.88;151.0;800
2895;19.2;146.9;146.9;146.9;146.9;490.26;826.11;764.09;340.53;714
2896;19.6;136.6;136.6;136.6;136.6;338.53;816.6;896.33;531.03;606
2897;19.5;117.5;117.5;117.5;117.5;153.93;763.28;994.35;711.77;475
2898;19.1;217.39;100.2;100.2;100.2;100.2;523.16;815.55;688.9;292
2899;17.6;405.06;61.7;61.7;61.7;61.7;456.58;963.51;942.17;142
2900;16.6;17.1;17.1;17.1;17.1;17.1;17.1;17.1;17.1;31
2901;14.9;1.8;1.8;1.8;1.8;1.8;1.8;1.8;1.8;3
2902;14.5;0.0;0.0;0.0;0.0;0.0;0.0;0.0;0.0;0
2903;14.3;0.0;0.0;0.0;0.0;0.0;0.0;0.0;0.0;0
2904;13.4;0.0;0.0;0.0;0.0;0.0;0.0;0.0;0.0;0
2905;12.7;0.0;0.0;0.0;0.0;0.0;0.0;0.0;0.0;0
2906;12.3;0.0;0.0;0.0;0.0;0.0;0.0;0.0;0.0;0
2907;11.8;0.0;0.0;0.0;0.0;0.0;0.0;0.0;0.0;0
2908;11.7;0.0;0.0;0.0;0.0;0.0;0.0;0.0;0.0;0
2909;11.8;0.0;0.0;0.0;0.0;0.0;0.0;0.0;0.0;0
2910;12.0;4.8;4.8;4.8;4.8;4.8;4.8;4.8;4.8;8
2911;13.2;49.4;63.47;70.08;64.58;50.18;49.4;49.4;49.4;89
2912;16.1;97.7;153.99;205.52;193.89;125.91;97.7;97.7;97.7;217
2913;17.4;134.2;195.68;327.96;346.74;241.02;134.2;134.2;134.2;372
2914;18.9;156.9;156.9;363.61;453.63;369.83;161.3;156.9;156.9;519
2915;20.4;171.1;171.1;305.8;484.86;480.12;294.36;171.1;171.1;636
2916;22.2;176.4;176.4;176.4;446.08;557.78;446.08;176.4;176.4;719
2917;23.3;177.3;177.3;177.3;338.04;580.27;586.45;352.95;177.3;753
2918;23.9;172.9;172.9;172.9;180.6;545.7;692.41;534.81;172.9;739
2919;24.3;171.8;171.8;171.8;171.8;439.44;704.35;657.29;325.84;658
2920;24.2;160.4;160.4;160.4;160.4;304.51;651.72;711.12;447.92;544
2921;24.0;138.6;138.6;138.6;138.6;159.15;537.06;681.55;507.99;406
2922;23.8;182.65;105.3;105.3;105.3;105.3;377.34;567.38;486.73;258
2923;23.1;217.26;61.7;61.7;61.7;61.7;237.82;466.32;457.81;122
2924;21.0;21.7;21.7;21.7;21.7;21.7;21.7;21.7;21.7;42
2925;19.5;1.8;1.8;1.8;1.8;1.8;1.8;1.8;1.8;3
2926;18.8;0.0;0.0;0.0;0.0;0.0;0.0;0.0;0.0;0
2927;17.4;0.0;0.0;0.0;0.0;0.0;0.0;0.0;0.0;0
2928;18.8;0.0;0.0;0.0;0.0;0.0;0.0;0.0;0.0;0
2929;18.3;0.0;0.0;0.0;0.0;0.0;0.0;0.0;0.0;0
2930;17.0;0.0;0.0;0.0;0.0;0.0;0.0;0.0;0.0;0
2931;15.2;0.0;0.0;0.0;0.0;0.0;0.0;0.0;0.0;0
2932;15.5;0.0;0.0;0.0;0.0;0.0;0.0;0.0;0.0;0
2933;15.1;0.0;0.0;0.0;0.0;0.0;0.0;0.0;0.0;0
2934;15.0;4.8;4.8;4.8;4.8;4.8;4.8;4.8;4.8;8
2935;15.8;52.2;73.14;82.86;74.62;53.25;52.2;52.2;52.2;97
2936;17.5;98.6;167.67;230.17;215.6;132.49;98.6;98.6;98.6;231
2937;19.5;133.3;200.23;341.94;361.43;247.28;133.3;133.3;133.3;383
2938;21.1;151.7;151.7;382.44;481.77;387.75;155.46;151.7;151.7;542
2939;22.7;168.0;168.0;309.27;495.7;490.17;295.92;168.0;168.0;650
2940;24.6;175.5;175.5;175.5;446.91;559.32;446.91;175.5;175.5;725
2941;24.1;186.8;186.8;186.8;332.58;553.96;560.26;347.8;186.8;733
2942;24.8;171.7;171.7;171.7;177.69;547.89;697.72;539.42;171.7;747
2943;24.2;200.7;200.7;200.7;200.7;351.3;502.11;476.36;289.14;547
2944;20.1;109.7;109.7;109.7;109.7;114.36;125.79;127.79;119.2;192
2945;15.3;19.8;19.8;19.8;19.8;19.8;19.8;19.8;19.8;33
2946;14.5;34.16;32.6;32.6;32.6;32.6;37.96;41.74;40.17;56
2947;14.2;11.4;11.4;11.4;11.4;11.4;11.4;11.4;11.4;19
2948;12.5;3.6;3.6;3.6;3.6;3.6;3.6;3.6;3.6;6
2949;10.7;0.0;0.0;0.0;0.0;0.0;0.0;0.0;0.0;0
2950;9.6;0.0;0.0;0.0;0.0;0.0;0.0;0.0;0.0;0
2951;9.6;0.0;0.0;0.0;0.0;0.0;0.0;0.0;0.0;0
2952;9.6;0.0;0.0;0.0;0.0;0.0;0.0;0.0;0.0;0
2953;9.6;0.0;0.0;0.0;0.0;0.0;0.0;0.0;0.0;0
2954;9.0;0.0;0.0;0.0;0.0;0.0;0.0;0.0;0.0;0
2955;8.6;0.0;0.0;0.0;0.0;0.0;0.0;0.0;0.0;0
2956;8.9;0.0;0.0;0.0;0.0;0.0;0.0;0.0;0.0;0
2957;9.1;0.0;0.0;0.0;0.0;0.0;0.0;0.0;0.0;0
2958;9.2;0.0;0.0;0.0;0.0;0.0;0.0;0.0;0.0;0
2959;9.3;11.4;11.4;11.4;11.4;11.4;11.4;11.4;11.4;19
2960;10.4;93.4;107.17;119.49;116.53;100.02;93.4;93.4;93.4;169
2961;11.5;140.2;177.11;254.01;264.25;201.82;140.2;140.2;140.2;322
2962;12.3;175.4;175.4;275.88;318.64;277.49;176.54;175.4;175.4;419
2963;13.6;188.6;188.6;291.76;426.92;422.47;281.03;188.6;188.6;586
2964;15.5;152.1;152.1;152.1;495.02;637.06;495.02;152.1;152.1;806
2965;15.5;154.6;154.6;154.6;342.86;630.95;640.01;364.72;154.6;811
2966;16.6;156.3;156.3;156.3;161.42;613.7;798.04;606.46;156.3;828
2967;16.5;192.0;192.0;192.0;192.0;387.31;585.21;552.77;309.0;600
2968;16.8;162.7;162.7;162.7;162.7;299.58;641.18;702.49;447.6;547
2969;16.5;139.9;139.9;139.9;139.9;156.66;539.18;687.8;515.47;414
2970;16.7;212.22;104.4;104.4;104.4;104.4;465.32;722.63;617.79;289
2971;15.5;126.26;61.1;61.1;61.1;61.1;132.65;227.45;224.8;111
2972;13.9;17.6;17.6;17.6;17.6;17.6;17.6;17.6;17.6;31
2973;12.9;0.0;0.0;0.0;0.0;0.0;0.0;0.0;0.0;0
2974;12.3;0.0;0.0;0.0;0.0;0.0;0.0;0.0;0.0;0
2975;11.6;0.0;0.0;0.0;0.0;0.0;0.0;0.0;0.0;0
2976;12.1;0.0;0.0;0.0;0.0;0.0;0.0;0.0;0.0;0
2977;12.2;0.0;0.0;0.0;0.0;0.0;0.0;0.0;0.0;0
2978;12.4;0.0;0.0;0.0;0.0;0.0;0.0;0.0;0.0;0
2979;12.3;0.0;0.0;0.0;0.0;0.0;0.0;0.0;0.0;0
2980;12.1;0.0;0.0;0.0;0.0;0.0;0.0;0.0;0.0;0
2981;12.5;0.0;0.0;0.0;0.0;0.0;0.0;0.0;0.0;0
2982;12.5;4.8;4.8;4.8;4.8;4.8;4.8;4.8;4.8;8
2983;12.9;43.8;54.1;58.78;54.68;44.2;43.8;43.8;43.8;78
2984;13.6;69.2;76.07;82.14;80.63;72.43;69.2;69.2;69.2;122
2985;14.3;118.6;124.19;135.67;137.14;127.76;118.6;118.6;118.6;211
2986;14.8;136.7;136.7;147.87;152.57;147.98;136.77;136.7;136.7;242
2987;15.9;203.6;203.6;247.66;304.98;302.91;242.67;203.6;203.6;456
2988;18.0;208.3;208.3;208.3;380.72;452.15;380.72;208.3;208.3;628
2989;18.6;177.4;177.4;177.4;334.22;576.07;584.38;354.29;177.4;764
2990;19.1;223.3;223.3;223.3;223.97;327.43;369.89;326.48;223.3;503
2991;20.2;205.7;205.7;205.7;205.7;260.06;315.79;307.03;238.91;422
2992;20.4;178.6;178.6;178.6;178.6;206.86;278.64;291.82;238.67;356
2993;17.6;99.5;99.5;99.5;99.5;100.24;119.44;126.96;118.39;175
2994;16.3;91.01;83.2;83.2;83.2;83.2;108.74;127.13;119.79;147
2995;14.5;82.15;48.6;48.6;48.6;48.6;84.9;133.49;132.35;86
2996;12.0;18.3;18.3;18.3;18.3;18.3;18.3;18.3;18.3;33
2997;10.7;0.0;0.0;0.0;0.0;0.0;0.0;0.0;0.0;0
2998;10.2;0.0;0.0;0.0;0.0;0.0;0.0;0.0;0.0;0
2999;9.5;0.0;0.0;0.0;0.0;0.0;0.0;0.0;0.0;0
3000;9.1;0.0;0.0;0.0;0.0;0.0;0.0;0.0;0.0;0
3001;8.0;0.0;0.0;0.0;0.0;0.0;0.0;0.0;0.0;0
3002;7.3;0.0;0.0;0.0;0.0;0.0;0.0;0.0;0.0;0
3003;7.6;0.0;0.0;0.0;0.0;0.0;0.0;0.0;0.0;0
3004;7.9;0.0;0.0;0.0;0.0;0.0;0.0;0.0;0.0;0
3005;8.9;0.0;0.0;0.0;0.0;0.0;0.0;0.0;0.0;0
3006;9.2;0.0;0.0;0.0;0.0;0.0;0.0;0.0;0.0;0
3007;10.1;11.4;11.4;11.4;11.4;11.4;11.4;11.4;11.4;19
3008;11.2;41.7;44.27;46.51;45.94;42.88;41.7;41.7;41.7;72
3009;13.3;119.9;125.86;137.91;139.41;129.48;119.9;119.9;119.9;214
3010;13.4;92.6;92.6;97.83;100.0;97.84;92.61;92.6;92.6;161
3011;14.4;45.8;45.8;46.43;47.23;47.2;46.35;45.8;45.8;78
3012;13.4;69.9;69.9;69.9;71.42;72.05;71.42;69.9;69.9;119
3013;13.2;68.7;68.7;68.7;69.52;70.8;70.85;69.64;68.7;117
3014;15.6;224.4;224.4;224.4;224.59;338.38;385.4;338.11;224.4;519
3015;16.5;162.0;162.0;162.0;162.0;452.74;754.22;708.78;343.05;700
3016;16.9;182.4;182.4;182.4;182.4;246.26;411.34;442.31;321.03;439
3017;17.0;101.3;101.3;101.3;101.3;101.94;120.95;128.45;120.05;178
3018;17.8;125.79;104.7;104.7;104.7;104.7;172.09;221.1;201.92;197
3019;16.4;230.54;66.1;66.1;66.1;66.1;241.41;478.47;473.97;136
3020;15.1;3.6;3.6;3.6;3.6;3.6;3.6;3.6;3.6;6
3021;13.9;0.0;0.0;0.0;0.0;0.0;0.0;0.0;0.0;0
3022;13.8;0.0;0.0;0.0;0.0;0.0;0.0;0.0;0.0;0
3023;13.0;0.0;0.0;0.0;0.0;0.0;0.0;0.0;0.0;0
3024;13.5;0.0;0.0;0.0;0.0;0.0;0.0;0.0;0.0;0
3025;13.6;0.0;0.0;0.0;0.0;0.0;0.0;0.0;0.0;0
3026;13.3;0.0;0.0;0.0;0.0;0.0;0.0;0.0;0.0;0
3027;12.7;0.0;0.0;0.0;0.0;0.0;0.0;0.0;0.0;0
3028;11.9;0.0;0.0;0.0;0.0;0.0;0.0;0.0;0.0;0
3029;12.1;0.0;0.0;0.0;0.0;0.0;0.0;0.0;0.0;0
3030;11.4;4.8;4.8;4.8;4.8;4.8;4.8;4.8;4.8;8
3031;11.6;57.3;82.68;93.93;83.72;58.03;57.3;57.3;57.3;108
3032;12.5;101.9;147.13;186.26;175.98;122.3;101.9;101.9;101.9;214
3033;12.3;143.2;178.42;248.49;256.89;198.69;143.2;143.2;143.2;322
3034;13.9;138.7;139.56;423.98;541.29;422.76;138.7;138.7;138.7;597
3035;14.9;163.8;163.8;315.18;509.31;501.04;295.22;163.8;163.8;678
3036;15.2;161.0;161.0;161.0;465.53;591.67;465.53;161.0;161.0;775
3037;15.7;169.9;169.9;169.9;334.04;591.11;601.43;358.97;169.9;789
3038;15.5;223.9;223.9;223.9;223.9;356.55;411.9;357.12;224.3;544
3039;15.9;207.0;207.0;207.0;207.0;260.27;316.14;308.08;240.81;425
3040;15.7;174.5;174.5;174.5;174.5;190.28;231.81;239.76;209.49;325
3041;16.6;136.2;136.2;136.2;136.2;149.13;601.17;780.83;582.87;447
3042;15.6;232.73;104.6;104.6;104.6;104.6;504.88;798.81;686.08;311
3043;10.3;39.11;29.0;29.0;29.0;29.0;39.62;54.12;53.91;50
3044;10.0;15.8;15.8;15.8;15.8;15.8;15.8;15.8;15.8;28
3045;9.2;1.8;1.8;1.8;1.8;1.8;1.8;1.8;1.8;3
3046;9.8;0.0;0.0;0.0;0.0;0.0;0.0;0.0;0.0;0
3047;9.4;0.0;0.0;0.0;0.0;0.0;0.0;0.0;0.0;0
3048;9.6;0.0;0.0;0.0;0.0;0.0;0.0;0.0;0.0;0
3049;8.9;0.0;0.0;0.0;0.0;0.0;0.0;0.0;0.0;0
3050;8.3;0.0;0.0;0.0;0.0;0.0;0.0;0.0;0.0;0
3051;7.7;0.0;0.0;0.0;0.0;0.0;0.0;0.0;0.0;0
3052;7.3;0.0;0.0;0.0;0.0;0.0;0.0;0.0;0.0;0
3053;6.9;0.0;0.0;0.0;0.0;0.0;0.0;0.0;0.0;0
3054;7.1;10.48;13.19;13.86;12.09;9.7;9.7;9.7;9.7;17
3055;8.8;60.6;121.08;147.58;123.13;62.05;60.6;60.6;60.6;131
3056;10.2;98.2;229.26;341.44;311.14;156.1;98.2;98.2;98.2;292
3057;11.4;137.7;208.74;348.01;364.09;247.55;137.7;137.7;137.7;397
3058;11.7;171.2;171.42;199.64;211.2;199.33;171.2;171.2;171.2;322
3059;11.3;145.1;145.1;150.37;157.08;156.77;149.63;145.1;145.1;256
3060;12.6;209.8;209.8;209.8;229.63;237.84;229.63;209.8;209.8;383
3061;13.0;226.9;226.9;226.9;294.26;400.57;405.15;305.31;226.9;589
3062;11.7;148.6;148.6;148.6;148.6;158.83;163.14;158.94;148.68;261
3063;12.9;200.8;200.8;200.8;200.8;229.22;259.37;255.21;219.18;378
3064;13.1;179.5;179.5;179.5;179.5;202.43;263.85;275.85;231.41;350
3065;10.1;146.3;146.3;146.3;146.3;148.19;227.93;259.85;225.26;283
3066;12.5;142.01;109.2;109.2;109.2;109.2;209.5;283.87;255.91;217
3067;12.5;127.7;64.9;64.9;64.9;64.9;129.96;219.71;218.77;119
3068;11.3;18.8;18.8;18.8;18.8;18.8;18.8;18.8;18.8;33
3069;10.1;1.8;1.8;1.8;1.8;1.8;1.8;1.8;1.8;3
3070;10.2;0.0;0.0;0.0;0.0;0.0;0.0;0.0;0.0;0
3071;11.2;0.0;0.0;0.0;0.0;0.0;0.0;0.0;0.0;0
3072;10.4;0.0;0.0;0.0;0.0;0.0;0.0;0.0;0.0;0
3073;10.2;0.0;0.0;0.0;0.0;0.0;0.0;0.0;0.0;0
3074;10.0;0.0;0.0;0.0;0.0;0.0;0.0;0.0;0.0;0
3075;9.2;0.0;0.0;0.0;0.0;0.0;0.0;0.0;0.0;0
3076;9.3;0.0;0.0;0.0;0.0;0.0;0.0;0.0;0.0;0
3077;8.9;0.0;0.0;0.0;0.0;0.0;0.0;0.0;0.0;0
3078;9.1;6.6;6.6;6.6;6.6;6.6;6.6;6.6;6.6;11
3079;9.5;45.6;55.61;59.95;55.88;45.79;45.6;45.6;45.6;81
3080;10.2;69.7;75.64;80.67;79.28;72.27;69.7;69.7;69.7;122
3081;10.7;124.2;130.58;142.92;144.29;133.89;124.2;124.2;124.2;222
3082;11.8;167.8;168.02;185.8;193.03;185.49;167.8;167.8;167.8;303
3083;12.6;158.6;158.6;164.77;172.57;172.18;163.84;158.6;158.6;281
3084;13.9;224.2;224.2;224.2;308.59;343.54;308.59;224.2;224.2;517
3085;14.2;225.8;225.8;225.8;297.12;410.54;415.74;309.68;225.8;603
3086;13.9;97.9;97.9;97.9;97.9;102.32;104.21;102.4;97.96;169
3087;13.1;52.4;52.4;52.4;52.4;53.48;54.63;54.48;53.11;89
3088;12.5;90.1;90.1;90.1;90.1;92.67;99.68;101.07;96.04;156
3089;12.5;68.9;68.9;68.9;68.9;69.06;77.47;80.86;77.24;119
3090;11.9;13.2;13.2;13.2;13.2;13.2;13.2;13.2;13.2;22
3091;12.1;10.2;10.2;10.2;10.2;10.2;10.2;10.2;10.2;17
3092;12.1;3.6;3.6;3.6;3.6;3.6;3.6;3.6;3.6;6
3093;11.9;1.8;1.8;1.8;1.8;1.8;1.8;1.8;1.8;3
3094;11.9;0.0;0.0;0.0;0.0;0.0;0.0;0.0;0.0;0
3095;11.9;0.0;0.0;0.0;0.0;0.0;0.0;0.0;0.0;0
3096;11.9;0.0;0.0;0.0;0.0;0.0;0.0;0.0;0.0;0
3097;11.7;0.0;0.0;0.0;0.0;0.0;0.0;0.0;0.0;0
3098;11.8;0.0;0.0;0.0;0.0;0.0;0.0;0.0;0.0;0
3099;11.9;0.0;0.0;0.0;0.0;0.0;0.0;0.0;0.0;0
3100;12.0;0.0;0.0;0.0;0.0;0.0;0.0;0.0;0.0;0
3101;12.3;0.0;0.0;0.0;0.0;0.0;0.0;0.0;0.0;0
3102;12.7;0.0;0.0;0.0;0.0;0.0;0.0;0.0;0.0;0
3103;13.0;3.6;3.6;3.6;3.6;3.6;3.6;3.6;3.6;6
3104;13.2;11.4;11.4;11.4;11.4;11.4;11.4;11.4;11.4;19
3105;13.3;24.7;25.06;25.73;25.81;25.23;24.7;24.7;24.7;42
3106;13.5;68.2;68.24;70.76;71.77;70.7;68.2;68.2;68.2;117
3107;14.3;73.0;73.0;74.23;75.77;75.69;74.03;73.0;73.0;125
3108;15.1;163.9;163.9;163.9;173.13;176.95;173.13;163.9;163.9;289
3109;15.3;112.4;112.4;112.4;114.47;117.78;117.94;114.86;112.4;194
3110;15.4;107.6;107.6;107.6;107.6;112.59;114.75;112.72;107.69;186
3111;15.7;68.7;68.7;68.7;68.7;70.29;72.02;71.8;69.77;117
3112;15.0;40.9;40.9;40.9;40.9;41.26;42.25;42.46;41.75;69
3113;14.9;33.1;33.1;33.1;33.1;33.12;34.79;35.47;34.76;56
3114;15.1;18.6;18.6;18.6;18.6;18.6;18.6;18.6;18.6;31
3115;15.2;52.07;38.7;38.7;38.7;38.7;52.18;71.13;71.08;67
3116;14.7;12.7;12.7;12.7;12.7;12.7;12.7;12.7;12.7;22
3117;13.9;0.0;0.0;0.0;0.0;0.0;0.0;0.0;0.0;0
3118;12.8;0.0;0.0;0.0;0.0;0.0;0.0;0.0;0.0;0
3119;11.9;0.0;0.0;0.0;0.0;0.0;0.0;0.0;0.0;0
3120;11.7;0.0;0.0;0.0;0.0;0.0;0.0;0.0;0.0;0
3121;10.6;0.0;0.0;0.0;0.0;0.0;0.0;0.0;0.0;0
3122;10.4;0.0;0.0;0.0;0.0;0.0;0.0;0.0;0.0;0
3123;10.1;0.0;0.0;0.0;0.0;0.0;0.0;0.0;0.0;0
3124;9.7;0.0;0.0;0.0;0.0;0.0;0.0;0.0;0.0;0
3125;10.1;0.0;0.0;0.0;0.0;0.0;0.0;0.0;0.0;0
3126;10.3;10.48;13.05;13.66;11.95;9.7;9.7;9.7;9.7;17
3127;11.0;42.5;50.73;54.22;50.84;42.58;42.5;42.5;42.5;75
3128;11.0;45.3;47.83;49.93;49.32;46.35;45.3;45.3;45.3;78
3129;11.5;99.5;103.43;110.8;111.56;105.25;99.5;99.5;99.5;175
3130;11.5;72.5;72.57;75.68;76.93;75.59;72.5;72.5;72.5;125
3131;12.9;207.8;207.8;248.73;299.77;296.94;241.89;207.8;207.8;458
3132;13.3;218.2;218.2;218.2;251.86;265.8;251.86;218.2;218.2;422
3133;13.9;205.2;205.2;205.2;212.83;225.16;225.79;214.36;205.2;367
3134;13.7;192.9;192.9;192.9;192.9;209.56;216.83;210.08;193.26;344
3135;14.7;211.9;211.9;211.9;211.9;284.57;364.3;354.75;261.52;469
3136;14.5;171.3;171.3;171.3;171.3;180.77;207.49;213.01;194.1;308
3137;13.8;145.7;145.7;145.7;145.7;146.25;204.1;227.74;203.32;272
3138;13.4;116.1;103.6;103.6;103.6;103.6;139.53;166.91;157.2;186
3139;13.1;93.99;59.6;59.6;59.6;59.6;93.79;142.34;142.42;106
3140;12.3;27.8;27.8;27.8;27.8;27.8;27.8;27.8;27.8;53
3141;11.8;1.8;1.8;1.8;1.8;1.8;1.8;1.8;1.8;3
3142;10.9;0.0;0.0;0.0;0.0;0.0;0.0;0.0;0.0;0
3143;10.4;0.0;0.0;0.0;0.0;0.0;0.0;0.0;0.0;0
3144;9.0;0.0;0.0;0.0;0.0;0.0;0.0;0.0;0.0;0
3145;9.0;0.0;0.0;0.0;0.0;0.0;0.0;0.0;0.0;0
3146;9.0;0.0;0.0;0.0;0.0;0.0;0.0;0.0;0.0;0
3147;9.0;0.0;0.0;0.0;0.0;0.0;0.0;0.0;0.0;0
3148;9.4;0.0;0.0;0.0;0.0;0.0;0.0;0.0;0.0;0
3149;10.1;0.0;0.0;0.0;0.0;0.0;0.0;0.0;0.0;0
3150;10.6;4.8;4.8;4.8;4.8;4.8;4.8;4.8;4.8;8
3151;11.4;44.3;52.48;55.91;52.54;44.34;44.3;44.3;44.3;78
3152;11.9;63.6;68.65;72.8;71.56;65.66;63.6;63.6;63.6;111
3153;13.0;75.6;77.75;81.73;82.12;78.69;75.6;75.6;75.6;131
3154;14.4;108.4;108.56;114.73;117.19;114.5;108.4;108.4;108.4;189
3155;17.1;186.6;186.6;303.34;447.94;439.46;282.85;186.6;186.6;631
3156;18.1;195.8;195.8;195.8;411.03;500.19;411.03;195.8;195.8;703
3157;19.8;203.7;203.7;203.7;317.25;501.99;512.0;341.41;203.7;717
3158;19.8;181.1;181.1;181.1;181.1;513.6;660.16;526.09;189.94;756
3159;21.4;162.9;162.9;162.9;162.9;439.66;746.59;711.6;355.19;719
3160;21.5;155.3;155.3;155.3;155.3;296.83;703.39;788.88;503.23;603
3161;21.5;129.2;129.2;129.2;129.2;131.92;676.17;900.02;672.33;492
3162;19.1;264.34;103.4;103.4;103.4;103.4;557.06;905.92;784.67;344
3163;15.3;135.28;68.8;68.8;68.8;68.8;134.05;227.56;228.07;128
3164;14.0;12.7;12.7;12.7;12.7;12.7;12.7;12.7;12.7;22
3165;13.0;0.0;0.0;0.0;0.0;0.0;0.0;0.0;0.0;0
3166;12.0;0.0;0.0;0.0;0.0;0.0;0.0;0.0;0.0;0
3167;11.1;0.0;0.0;0.0;0.0;0.0;0.0;0.0;0.0;0
3168;12.4;0.0;0.0;0.0;0.0;0.0;0.0;0.0;0.0;0
3169;12.5;0.0;0.0;0.0;0.0;0.0;0.0;0.0;0.0;0
3170;12.4;0.0;0.0;0.0;0.0;0.0;0.0;0.0;0.0;0
3171;11.7;0.0;0.0;0.0;0.0;0.0;0.0;0.0;0.0;0
3172;11.8;0.0;0.0;0.0;0.0;0.0;0.0;0.0;0.0;0
3173;12.0;0.0;0.0;0.0;0.0;0.0;0.0;0.0;0.0;0
3174;11.9;3.6;3.6;3.6;3.6;3.6;3.6;3.6;3.6;6
3175;12.0;16.3;17.93;18.6;17.93;16.3;16.3;16.3;16.3;28
3176;11.3;24.7;25.54;26.22;26.01;25.04;24.7;24.7;24.7;42
3177;11.2;34.3;34.66;35.32;35.38;34.81;34.3;34.3;34.3;58
3178;11.3;77.3;77.39;80.45;81.66;80.32;77.3;77.3;77.3;133
3179;12.3;167.2;167.2;173.86;182.05;181.54;172.63;167.2;167.2;297
3180;14.0;159.7;159.7;159.7;460.12;584.56;460.12;159.7;159.7;797
3181;15.5;160.8;160.8;160.8;326.79;598.9;614.38;364.16;160.8;828
3182;15.5;189.6;189.6;189.6;189.6;493.65;629.09;507.08;199.1;736
3183;15.4;169.6;169.6;169.6;169.6;427.73;717.11;685.77;352.06;706
3184;15.6;173.7;173.7;173.7;173.7;277.22;579.8;644.49;433.4;547
3185;15.8;149.9;149.9;149.9;149.9;150.07;470.45;603.05;470.2;414
3186;15.0;243.1;109.5;109.5;109.5;109.5;479.06;765.73;668.0;325
3187;14.0;421.94;71.7;71.7;71.7;71.7;411.03;901.82;906.34;192
3188;13.4;35.1;35.1;35.1;35.1;35.1;35.1;35.1;35.1;81
3189;12.5;6.6;6.6;6.6;6.6;6.6;6.6;6.6;6.6;11
3190;12.0;0.0;0.0;0.0;0.0;0.0;0.0;0.0;0.0;0
3191;9.7;0.0;0.0;0.0;0.0;0.0;0.0;0.0;0.0;0
3192;10.1;0.0;0.0;0.0;0.0;0.0;0.0;0.0;0.0;0
3193;10.7;0.0;0.0;0.0;0.0;0.0;0.0;0.0;0.0;0
3194;10.6;0.0;0.0;0.0;0.0;0.0;0.0;0.0;0.0;0
3195;10.5;0.0;0.0;0.0;0.0;0.0;0.0;0.0;0.0;0
3196;10.7;0.0;0.0;0.0;0.0;0.0;0.0;0.0;0.0;0
3197;10.4;0.0;0.0;0.0;0.0;0.0;0.0;0.0;0.0;0
3198;10.2;1.8;1.8;1.8;1.8;1.8;1.8;1.8;1.8;3
3199;10.3;18.11;19.72;20.38;19.71;18.1;18.1;18.1;18.1;31
3200;10.1;31.3;32.14;32.81;32.6;31.63;31.3;31.3;31.3;53
3201;10.9;117.3;122.7;132.46;133.33;124.82;117.3;117.3;117.3;208
3202;12.4;180.7;184.96;305.45;352.87;299.43;180.7;180.7;180.7;467
3203;12.8;202.7;202.7;285.55;386.82;380.23;269.65;202.7;202.7;567
3204;14.0;225.6;225.6;225.6;329.31;372.27;329.31;225.6;225.6;561
3205;14.6;221.3;221.3;221.3;232.74;251.64;252.77;235.46;221.3;408
3206;14.3;229.4;229.4;229.4;229.4;327.25;371.29;332.21;232.91;519
3207;14.3;174.6;174.6;174.6;174.6;186.63;200.25;198.85;183.25;311
3208;15.7;184.0;184.0;184.0;184.0;259.99;486.01;535.12;378.54;500
3209;13.3;151.21;150.9;150.9;150.9;150.9;232.88;267.16;233.33;294
3210;14.5;231.16;112.4;112.4;112.4;112.4;434.94;687.3;602.89;314
3211;14.9;285.43;74.4;74.4;74.4;74.4;276.28;570.93;574.72;169
3212;13.4;31.1;31.1;31.1;31.1;31.1;31.1;31.1;31.1;61
3213;12.4;3.6;3.6;3.6;3.6;3.6;3.6;3.6;3.6;6
3214;11.9;0.0;0.0;0.0;0.0;0.0;0.0;0.0;0.0;0
3215;11.9;0.0;0.0;0.0;0.0;0.0;0.0;0.0;0.0;0
3216;11.6;0.0;0.0;0.0;0.0;0.0;0.0;0.0;0.0;0
3217;11.6;0.0;0.0;0.0;0.0;0.0;0.0;0.0;0.0;0
3218;11.0;0.0;0.0;0.0;0.0;0.0;0.0;0.0;0.0;0
3219;10.5;0.0;0.0;0.0;0.0;0.0;0.0;0.0;0.0;0
3220;10.4;0.0;0.0;0.0;0.0;0.0;0.0;0.0;0.0;0
3221;10.9;0.0;0.0;0.0;0.0;0.0;0.0;0.0;0.0;0
3222;11.0;1.8;1.8;1.8;1.8;1.8;1.8;1.8;1.8;3
3223;10.1;10.2;10.2;10.2;10.2;10.2;10.2;10.2;10.2;17
3224;10.6;35.6;37.27;38.61;38.18;36.24;35.6;35.6;35.6;61
3225;10.7;68.9;70.71;73.93;74.2;71.37;68.9;68.9;68.9;119
3226;11.1;91.3;91.47;95.67;97.31;95.43;91.3;91.3;91.3;158
3227;8.7;45.8;45.8;46.4;47.13;47.08;46.28;45.8;45.8;78
3228;8.6;66.9;66.9;66.9;68.29;68.86;68.29;66.9;66.9;114
3229;8.9;103.3;103.3;103.3;104.98;107.78;107.95;105.4;103.3;178
3230;11.5;215.8;215.8;215.8;215.8;423.55;518.01;435.44;224.2;653
3231;11.3;204.4;204.4;204.4;204.4;354.66;526.72;509.97;314.22;594
3232;12.2;178.8;178.8;178.8;178.8;269.14;542.5;602.82;414.74;533
3233;12.3;156.71;155.6;155.6;155.6;155.6;292.22;349.92;293.8;331
3234;11.5;208.39;116.2;116.2;116.2;116.2;362.19;556.27;492.57;292
3235;11.5;58.2;43.0;43.0;43.0;43.0;57.36;78.51;78.86;75
3236;10.7;32.7;32.7;32.7;32.7;32.7;32.7;32.7;32.7;72
3237;9.5;3.6;3.6;3.6;3.6;3.6;3.6;3.6;3.6;6
3238;9.1;0.0;0.0;0.0;0.0;0.0;0.0;0.0;0.0;0
3239;8.8;0.0;0.0;0.0;0.0;0.0;0.0;0.0;0.0;0
3240;8.5;0.0;0.0;0.0;0.0;0.0;0.0;0.0;0.0;0
3241;7.8;0.0;0.0;0.0;0.0;0.0;0.0;0.0;0.0;0
3242;7.9;0.0;0.0;0.0;0.0;0.0;0.0;0.0;0.0;0
3243;7.0;0.0;0.0;0.0;0.0;0.0;0.0;0.0;0.0;0
3244;6.2;0.0;0.0;0.0;0.0;0.0;0.0;0.0;0.0;0
3245;5.9;0.0;0.0;0.0;0.0;0.0;0.0;0.0;0.0;0
3246;6.6;22.44;29.56;31.14;26.25;20.1;20.1;20.1;20.1;36
3247;8.4;69.09;149.6;182.36;148.19;68.1;68.1;68.1;68.1;156
3248;10.3;105.1;236.18;339.67;305.76;154.3;105.1;105.1;105.1;306
3249;11.3;118.0;249.85;481.98;500.89;295.51;118.0;118.0;118.0;500
3250;12.1;183.1;187.86;295.52;337.34;288.8;183.1;183.1;183.1;456
3251;13.5;208.8;208.8;275.11;355.11;349.41;261.34;208.8;208.8;533
3252;14.5;209.9;209.9;209.9;385.57;458.33;385.57;209.9;209.9;669
3253;14.5;234.8;234.8;234.8;280.71;357.67;362.66;292.75;234.8;553
3254;15.2;221.8;221.8;221.8;221.8;402.83;485.96;414.35;229.95;628
3255;14.8;204.5;204.5;204.5;204.5;356.16;531.64;515.48;317.16;600
3256;14.0;173.1;173.1;173.1;173.1;181.56;207.61;213.44;195.64;311
3257;15.2;158.71;156.7;156.7;156.7;156.7;318.45;387.46;321.29;347
3258;14.6;302.3;97.6;97.6;97.6;97.6;634.46;1061.53;923.94;381
3259;13.3;554.44;69.5;69.5;69.5;69.5;522.21;1194.67;1208.02;225
3260;12.0;33.7;33.7;33.7;33.7;33.7;33.7;33.7;33.7;72
3261;10.3;1.8;1.8;1.8;1.8;1.8;1.8;1.8;1.8;3
3262;9.4;0.0;0.0;0.0;0.0;0.0;0.0;0.0;0.0;0
3263;8.6;0.0;0.0;0.0;0.0;0.0;0.0;0.0;0.0;0
3264;6.8;0.0;0.0;0.0;0.0;0.0;0.0;0.0;0.0;0
3265;6.2;0.0;0.0;0.0;0.0;0.0;0.0;0.0;0.0;0
3266;5.1;0.0;0.0;0.0;0.0;0.0;0.0;0.0;0.0;0
3267;5.4;0.0;0.0;0.0;0.0;0.0;0.0;0.0;0.0;0
3268;5.1;0.0;0.0;0.0;0.0;0.0;0.0;0.0;0.0;0
3269;4.2;0.0;0.0;0.0;0.0;0.0;0.0;0.0;0.0;0
3270;6.6;24.24;31.26;32.79;27.95;21.9;21.9;21.9;21.9;39
3271;9.0;69.89;148.07;179.69;146.24;68.6;68.6;68.6;68.6;156
3272;11.3;104.4;244.37;353.86;317.22;155.92;104.4;104.4;104.4;314
3273;14.4;130.4;240.09;430.86;445.63;275.74;130.4;130.4;130.4;469
3274;16.7;154.7;166.18;402.67;493.9;386.44;154.7;154.7;154.7;592
3275;17.6;189.4;189.4;304.82;443.18;432.88;279.95;189.4;189.4;639
3276;18.1;216.4;216.4;216.4;370.96;434.98;370.96;216.4;216.4;644
3277;19.0;233.4;233.4;233.4;289.41;384.01;390.38;304.79;233.4;589
3278;19.4;229.4;229.4;229.4;229.4;358.85;418.88;367.92;235.81;569
3279;19.8;210.7;210.7;210.7;210.7;248.72;293.16;289.3;239.39;417
3280;20.0;173.6;173.6;173.6;173.6;181.57;206.54;212.21;195.26;311
3281;19.8;118.16;117.8;117.8;117.8;117.8;139.54;148.91;140.05;208
3282;19.4;83.85;77.6;77.6;77.6;77.6;93.72;106.65;102.56;136
3283;18.3;38.02;30.8;30.8;30.8;30.8;37.46;47.45;47.68;53
3284;17.5;12.7;12.7;12.7;12.7;12.7;12.7;12.7;12.7;22
3285;16.9;1.8;1.8;1.8;1.8;1.8;1.8;1.8;1.8;3
3286;16.2;0.0;0.0;0.0;0.0;0.0;0.0;0.0;0.0;0
3287;16.3;0.0;0.0;0.0;0.0;0.0;0.0;0.0;0.0;0
3288;15.0;0.0;0.0;0.0;0.0;0.0;0.0;0.0;0.0;0
3289;15.3;0.0;0.0;0.0;0.0;0.0;0.0;0.0;0.0;0
3290;15.1;0.0;0.0;0.0;0.0;0.0;0.0;0.0;0.0;0
3291;15.0;0.0;0.0;0.0;0.0;0.0;0.0;0.0;0.0;0
3292;14.8;0.0;0.0;0.0;0.0;0.0;0.0;0.0;0.0;0
3293;14.3;0.0;0.0;0.0;0.0;0.0;0.0;0.0;0.0;0
3294;15.0;15.28;17.59;18.09;16.48;14.5;14.5;14.5;14.5;25
3295;15.9;27.26;30.36;31.61;30.27;27.2;27.2;27.2;27.2;47
3296;16.2;31.3;32.13;32.78;32.56;31.6;31.3;31.3;31.3;53
3297;15.1;50.1;51.19;53.07;53.21;51.53;50.1;50.1;50.1;86
3298;14.9;142.8;143.36;153.88;157.92;153.1;142.8;142.8;142.8;253
3299;15.8;167.1;167.1;319.09;500.15;486.11;285.21;167.1;167.1;706
3300;16.8;160.0;160.0;160.0;475.44;606.1;475.44;160.0;160.0;850
3301;17.0;166.1;166.1;166.1;333.01;616.95;636.78;380.9;166.1;881
3302;17.2;162.1;162.1;162.1;162.1;567.66;757.55;598.63;184.0;861
3303;17.8;148.4;148.4;148.4;148.4;445.78;796.9;768.14;376.35;769
3304;18.2;138.9;138.9;138.9;138.9;294.67;790.72;904.94;570.43;664
3305;17.2;130.71;117.4;117.4;117.4;117.4;759.43;1038.69;778.26;544
3306;16.1;300.61;100.6;100.6;100.6;100.6;608.2;1018.46;891.05;381
3307;14.9;482.68;73.4;73.4;73.4;73.4;446.64;1010.53;1025.46;219
3308;13.8;35.5;35.5;35.5;35.5;35.5;35.5;35.5;35.5;75
3309;12.5;3.6;3.6;3.6;3.6;3.6;3.6;3.6;3.6;6
3310;11.2;0.0;0.0;0.0;0.0;0.0;0.0;0.0;0.0;0
3311;10.1;0.0;0.0;0.0;0.0;0.0;0.0;0.0;0.0;0
3312;9.2;0.0;0.0;0.0;0.0;0.0;0.0;0.0;0.0;0
3313;8.9;0.0;0.0;0.0;0.0;0.0;0.0;0.0;0.0;0
3314;8.2;0.0;0.0;0.0;0.0;0.0;0.0;0.0;0.0;0
3315;6.8;0.0;0.0;0.0;0.0;0.0;0.0;0.0;0.0;0
3316;7.3;0.0;0.0;0.0;0.0;0.0;0.0;0.0;0.0;0
3317;6.5;0.0;0.0;0.0;0.0;0.0;0.0;0.0;0.0;0
3318;7.8;22.16;26.71;27.68;24.5;20.6;20.6;20.6;20.6;36
3319;10.2;72.27;169.0;207.67;165.64;69.9;69.9;69.9;69.9;169
3320;12.2;103.8;258.15;376.74;335.44;158.45;103.8;103.8;103.8;328
3321;14.0;125.9;248.19;455.96;470.4;283.03;125.9;125.9;125.9;489
3322;16.0;136.7;153.14;441.41;551.19;418.16;136.7;136.7;136.7;642
3323;16.5;173.7;173.7;316.24;485.0;471.41;283.42;173.7;173.7;692
3324;17.8;155.5;155.5;155.5;458.88;584.54;458.88;155.5;155.5;825
3325;18.5;206.6;206.6;206.6;312.0;492.59;505.65;343.53;206.6;731
3326;18.9;173.4;173.4;173.4;173.4;516.59;678.79;544.94;193.45;794
3327;19.3;175.1;175.1;175.1;175.1;411.02;692.36;670.69;358.71;711
3328;19.8;147.7;147.7;147.7;147.7;289.04;746.73;853.52;546.85;647
3329;19.9;142.14;128.2;128.2;128.2;128.2;690.5;937.35;710.21;522
3330;20.1;274.43;108.8;108.8;108.8;108.8;522.62;859.66;756.86;358
3331;19.7;370.89;77.5;77.5;77.5;77.5;342.05;745.02;756.97;200
3332;17.7;35.7;35.7;35.7;35.7;35.7;35.7;35.7;35.7;72
3333;16.1;3.6;3.6;3.6;3.6;3.6;3.6;3.6;3.6;6
3334;14.6;0.0;0.0;0.0;0.0;0.0;0.0;0.0;0.0;0
3335;13.2;0.0;0.0;0.0;0.0;0.0;0.0;0.0;0.0;0
3336;12.2;0.0;0.0;0.0;0.0;0.0;0.0;0.0;0.0;0
3337;11.4;0.0;0.0;0.0;0.0;0.0;0.0;0.0;0.0;0
3338;11.4;0.0;0.0;0.0;0.0;0.0;0.0;0.0;0.0;0
3339;10.8;0.0;0.0;0.0;0.0;0.0;0.0;0.0;0.0;0
3340;10.5;0.0;0.0;0.0;0.0;0.0;0.0;0.0;0.0;0
3341;10.2;0.0;0.0;0.0;0.0;0.0;0.0;0.0;0.0;0
3342;12.1;36.41;58.87;63.6;47.83;28.6;28.6;28.6;28.6;56
3343;14.8;73.05;141.54;168.77;138.79;71.1;71.1;71.1;71.1;156
3344;16.5;107.9;241.25;342.82;306.77;154.23;107.9;107.9;107.9;314
3345;19.5;134.2;241.04;420.56;432.33;269.46;134.2;134.2;134.2;467
3346;20.7;162.8;175.76;387.5;467.62;369.18;162.8;162.8;162.8;578
3347;22.2;169.1;169.1;318.74;494.84;480.12;283.21;169.1;169.1;706
3348;22.2;182.4;182.4;182.4;426.98;528.29;426.98;182.4;182.4;764
3349;23.4;226.8;226.8;226.8;300.78;428.44;437.98;323.82;226.8;653
3350;23.6;179.3;179.3;179.3;179.3;505.13;660.55;534.06;199.76;783
3351;24.4;181.2;181.2;181.2;181.2;400.77;665.15;646.04;354.64;697
3352;24.1;168.7;168.7;168.7;168.7;276.04;629.44;712.95;477.65;592
3353;23.9;165.32;158.7;158.7;158.7;158.7;388.83;490.78;398.19;392
3354;23.5;176.85;120.6;120.6;120.6;120.6;259.03;372.62;338.58;261
3355;22.9;185.79;77.6;77.6;77.6;77.6;174.08;322.24;327.08;156
3356;22.2;34.9;34.9;34.9;34.9;34.9;34.9;34.9;34.9;64
3357;21.0;4.8;4.8;4.8;4.8;4.8;4.8;4.8;4.8;8
3358;21.0;0.0;0.0;0.0;0.0;0.0;0.0;0.0;0.0;0
3359;18.6;0.0;0.0;0.0;0.0;0.0;0.0;0.0;0.0;0
3360;17.5;0.0;0.0;0.0;0.0;0.0;0.0;0.0;0.0;0
3361;17.0;0.0;0.0;0.0;0.0;0.0;0.0;0.0;0.0;0
3362;16.9;0.0;0.0;0.0;0.0;0.0;0.0;0.0;0.0;0
3363;15.5;0.0;0.0;0.0;0.0;0.0;0.0;0.0;0.0;0
3364;13.7;0.0;0.0;0.0;0.0;0.0;0.0;0.0;0.0;0
3365;13.0;0.0;0.0;0.0;0.0;0.0;0.0;0.0;0.0;0
3366;12.8;11.68;13.9;14.36;12.79;10.9;10.9;10.9;10.9;19
3367;12.5;37.05;41.57;43.36;41.37;36.9;36.9;36.9;36.9;64
3368;12.6;72.8;79.41;84.41;82.6;75.06;72.8;72.8;72.8;128
3369;14.3;142.2;232.42;382.36;391.62;254.77;142.2;142.2;142.2;442
3370;14.8;137.2;155.91;442.5;550.25;416.04;137.2;137.2;137.2;647
3371;16.7;162.5;162.5;322.13;508.87;492.71;283.12;162.5;162.5;725
3372;18.1;198.7;198.7;198.7;404.82;490.2;404.82;198.7;198.7;722
3373;18.8;170.3;170.3;170.3;314.82;565.95;585.31;361.56;170.3;828
3374;19.5;185.9;185.9;185.9;185.9;491.96;639.27;521.0;206.43;769
3375;20.2;193.6;193.6;193.6;193.6;379.39;605.24;589.96;342.5;661
3376;20.1;153.4;153.4;153.4;153.4;283.08;717.1;820.92;533.71;639
3377;18.8;162.05;158.5;158.5;158.5;158.5;267.21;315.79;272.23;325
3378;16.7;41.96;40.4;40.4;40.4;40.4;44.19;47.32;46.4;69
3379;15.7;8.4;8.4;8.4;8.4;8.4;8.4;8.4;8.4;14
3380;15.3;10.2;10.2;10.2;10.2;10.2;10.2;10.2;10.2;17
3381;14.6;3.6;3.6;3.6;3.6;3.6;3.6;3.6;3.6;6
3382;13.3;0.0;0.0;0.0;0.0;0.0;0.0;0.0;0.0;0
3383;12.9;0.0;0.0;0.0;0.0;0.0;0.0;0.0;0.0;0
3384;12.7;0.0;0.0;0.0;0.0;0.0;0.0;0.0;0.0;0
3385;11.1;0.0;0.0;0.0;0.0;0.0;0.0;0.0;0.0;0
3386;10.0;0.0;0.0;0.0;0.0;0.0;0.0;0.0;0.0;0
3387;9.7;0.0;0.0;0.0;0.0;0.0;0.0;0.0;0.0;0
3388;8.9;0.0;0.0;0.0;0.0;0.0;0.0;0.0;0.0;0
3389;8.9;0.0;0.0;0.0;0.0;0.0;0.0;0.0;0.0;0
3390;9.8;11.68;13.87;14.32;12.77;10.9;10.9;10.9;10.9;19
3391;10.4;70.57;97.52;108.11;96.15;69.6;69.6;69.6;69.6;131
3392;11.8;110.3;233.27;325.37;291.48;151.46;110.3;110.3;110.3;308
3393;12.7;134.7;243.86;423.38;433.79;269.0;134.7;134.7;134.7;472
3394;13.4;158.2;173.9;400.53;485.2;378.32;158.2;158.2;158.2;597
3395;14.4;212.6;212.6;274.47;346.43;339.99;258.93;212.6;212.6;531
3396;14.1;228.6;228.6;228.6;335.86;380.28;335.86;228.6;228.6;586
3397;15.0;234.8;234.8;234.8;290.31;387.43;395.14;308.93;234.8;603
3398;15.2;205.2;205.2;205.2;205.2;452.84;573.08;477.82;222.86;717
3399;16.9;190.5;190.5;190.5;190.5;384.49;622.52;607.48;348.18;675
3400;16.4;184.6;184.6;184.6;184.6;260.3;517.79;580.1;410.73;536
3401;16.8;153.58;134.9;134.9;134.9;134.9;646.63;877.27;673.04;514
3402;16.5;257.31;115.9;115.9;115.9;115.9;453.99;735.45;653.98;344
3403;15.3;327.54;80.2;80.2;80.2;80.2;296.18;632.97;645.96;197
3404;14.1;38.0;38.0;38.0;38.0;38.0;38.0;38.0;38.0;75
3405;13.0;4.8;4.8;4.8;4.8;4.8;4.8;4.8;4.8;8
3406;12.5;0.0;0.0;0.0;0.0;0.0;0.0;0.0;0.0;0
3407;12.2;0.0;0.0;0.0;0.0;0.0;0.0;0.0;0.0;0
3408;11.6;0.0;0.0;0.0;0.0;0.0;0.0;0.0;0.0;0
3409;10.9;0.0;0.0;0.0;0.0;0.0;0.0;0.0;0.0;0
3410;10.9;0.0;0.0;0.0;0.0;0.0;0.0;0.0;0.0;0
3411;11.0;0.0;0.0;0.0;0.0;0.0;0.0;0.0;0.0;0
3412;11.2;0.0;0.0;0.0;0.0;0.0;0.0;0.0;0.0;0
3413;11.2;0.0;0.0;0.0;0.0;0.0;0.0;0.0;0.0;0
3414;11.4;0.0;0.0;0.0;0.0;0.0;0.0;0.0;0.0;0
3415;12.5;45.04;50.98;53.3;50.64;44.8;44.8;44.8;44.8;78
3416;14.3;106.7;120.71;131.11;127.22;111.3;106.7;106.7;106.7;192
3417;15.5;137.7;145.44;158.03;158.71;147.09;137.7;137.7;137.7;247
3418;15.8;91.3;91.59;95.52;96.99;95.12;91.3;91.3;91.3;158
3419;16.1;121.1;121.1;124.3;128.0;127.66;123.47;121.1;121.1;211
3420;14.3;113.7;113.7;113.7;117.59;119.21;117.59;113.7;113.7;197
3421;12.7;52.4;52.4;52.4;52.83;53.59;53.65;52.98;52.4;89
3422;13.3;109.4;109.4;109.4;109.4;113.76;115.9;114.23;109.73;189
3423;13.4;110.7;110.7;110.7;110.7;114.72;119.7;119.41;114.02;192
3424;13.7;114.5;114.5;114.5;114.5;117.48;127.78;130.3;123.56;200
3425;13.9;69.19;68.9;68.9;68.9;68.9;76.2;79.52;76.62;119
3426;14.8;110.46;100.3;100.3;100.3;100.3;124.25;144.33;138.62;178
3427;13.9;121.17;76.4;76.4;76.4;76.4;115.1;175.91;178.42;139
3428;13.6;18.1;18.1;18.1;18.1;18.1;18.1;18.1;18.1;31
3429;12.4;1.8;1.8;1.8;1.8;1.8;1.8;1.8;1.8;3
3430;11.5;0.0;0.0;0.0;0.0;0.0;0.0;0.0;0.0;0
3431;10.2;0.0;0.0;0.0;0.0;0.0;0.0;0.0;0.0;0
3432;11.0;0.0;0.0;0.0;0.0;0.0;0.0;0.0;0.0;0
3433;11.1;0.0;0.0;0.0;0.0;0.0;0.0;0.0;0.0;0
3434;11.7;0.0;0.0;0.0;0.0;0.0;0.0;0.0;0.0;0
3435;10.9;0.0;0.0;0.0;0.0;0.0;0.0;0.0;0.0;0
3436;10.9;0.0;0.0;0.0;0.0;0.0;0.0;0.0;0.0;0
3437;10.9;0.0;0.0;0.0;0.0;0.0;0.0;0.0;0.0;0
3438;10.9;4.8;4.8;4.8;4.8;4.8;4.8;4.8;4.8;8
3439;11.1;35.29;39.71;41.43;39.44;35.1;35.1;35.1;35.1;61
3440;11.3;56.2;59.49;61.92;60.99;57.26;56.2;56.2;56.2;97
3441;11.7;64.6;66.08;68.46;68.58;66.37;64.6;64.6;64.6;111
3442;13.5;150.2;151.06;162.23;166.35;161.01;150.2;150.2;150.2;267
3443;14.9;172.3;172.3;318.67;487.0;470.99;280.0;172.3;172.3;708
3444;14.6;205.3;205.3;205.3;393.81;471.89;393.81;205.3;205.3;708
3445;15.0;236.9;236.9;236.9;286.59;374.71;382.1;304.44;236.9;589
3446;15.4;233.2;233.2;233.2;233.2;303.47;338.17;311.38;238.79;497
3447;14.7;218.2;218.2;218.2;218.2;273.0;341.46;337.72;263.97;467
3448;15.0;155.7;155.7;155.7;155.7;277.61;705.66;811.55;533.25;642
3449;14.8;167.54;151.4;151.4;151.4;151.4;519.11;687.55;541.93;464
3450;15.2;346.98;91.5;91.5;91.5;91.5;686.1;1187.87;1047.4;425
3451;14.1;485.54;76.6;76.6;76.6;76.6;426.63;980.55;1004.95;236
3452;13.3;40.3;40.3;40.3;40.3;40.3;40.3;40.3;40.3;83
3453;12.0;6.6;6.6;6.6;6.6;6.6;6.6;6.6;6.6;11
3454;10.7;0.0;0.0;0.0;0.0;0.0;0.0;0.0;0.0;0
3455;10.9;0.0;0.0;0.0;0.0;0.0;0.0;0.0;0.0;0
3456;10.1;0.0;0.0;0.0;0.0;0.0;0.0;0.0;0.0;0
3457;9.9;0.0;0.0;0.0;0.0;0.0;0.0;0.0;0.0;0
3458;9.2;0.0;0.0;0.0;0.0;0.0;0.0;0.0;0.0;0
3459;9.6;0.0;0.0;0.0;0.0;0.0;0.0;0.0;0.0;0
3460;9.5;0.0;0.0;0.0;0.0;0.0;0.0;0.0;0.0;0
3461;8.3;0.0;0.0;0.0;0.0;0.0;0.0;0.0;0.0;0
3462;9.5;32.93;41.4;43.08;36.98;29.8;29.8;29.8;29.8;53
3463;11.4;78.73;173.83;210.63;167.57;74.3;74.3;74.3;74.3;178
3464;13.0;109.3;253.02;358.15;317.51;154.9;109.3;109.3;109.3;328
3465;14.6;126.1;257.39;466.92;476.81;281.26;126.1;126.1;126.1;506
3466;15.6;147.3;168.13;425.96;520.55;396.49;147.3;147.3;147.3;633
3467;17.4;150.1;150.1;327.2;529.76;509.92;279.3;150.1;150.1;761
3468;17.8;193.2;193.2;193.2;410.6;500.65;410.6;193.2;193.2;747
3469;19.1;184.1;184.1;184.1;310.35;535.7;555.09;357.15;184.1;806
3470;20.0;158.4;158.4;158.4;158.4;528.17;712.25;571.89;189.32;839
3471;21.1;160.1;160.1;160.1;160.1;419.28;745.93;729.42;379.41;761
3472;21.0;143.7;143.7;143.7;143.7;278.94;761.2;881.73;569.93;672
3473;21.5;158.65;134.0;134.0;134.0;134.0;653.46;893.28;688.32;525
3474;20.1;292.34;110.3;110.3;110.3;110.3;528.61;883.93;786.06;378
3475;18.2;384.7;81.2;81.2;81.2;81.2;338.51;748.6;767.74;217
3476;16.9;40.9;40.9;40.9;40.9;40.9;40.9;40.9;40.9;89
3477;15.4;6.6;6.6;6.6;6.6;6.6;6.6;6.6;6.6;11
3478;13.0;0.0;0.0;0.0;0.0;0.0;0.0;0.0;0.0;0
3479;11.2;0.0;0.0;0.0;0.0;0.0;0.0;0.0;0.0;0
3480;10.2;0.0;0.0;0.0;0.0;0.0;0.0;0.0;0.0;0
3481;10.3;0.0;0.0;0.0;0.0;0.0;0.0;0.0;0.0;0
3482;11.0;0.0;0.0;0.0;0.0;0.0;0.0;0.0;0.0;0
3483;11.0;0.0;0.0;0.0;0.0;0.0;0.0;0.0;0.0;0
3484;10.1;0.0;0.0;0.0;0.0;0.0;0.0;0.0;0.0;0
3485;8.7;0.0;0.0;0.0;0.0;0.0;0.0;0.0;0.0;0
3486;11.5;32.93;41.31;42.96;36.89;29.8;29.8;29.8;29.8;53
3487;14.0;78.74;155.74;185.39;150.31;74.9;74.9;74.9;74.9;169
3488;16.8;109.1;255.88;362.46;320.63;154.88;109.1;109.1;109.1;331
3489;18.2;131.4;253.67;447.01;455.47;274.09;131.4;131.4;131.4;494
3490;19.6;144.2;166.62;432.07;528.88;400.36;144.2;144.2;144.2;642
3491;21.4;154.8;154.8;325.87;520.5;500.91;278.57;154.8;154.8;753
3492;21.2;162.2;162.2;162.2;442.4;558.46;442.4;162.2;162.2;822
3493;21.8;166.2;166.2;166.2;308.72;564.75;587.31;363.19;166.2;847
3494;22.2;158.7;158.7;158.7;158.7;526.99;711.78;572.59;190.94;842
3495;22.0;156.2;156.2;156.2;156.2;421.69;759.16;743.42;383.7;772
3496;22.0;146.4;146.4;146.4;146.4;276.84;749.08;868.28;564.61;669
3497;20.5;160.74;134.3;134.3;134.3;134.3;653.63;895.19;691.03;528
3498;19.8;297.31;109.8;109.8;109.8;109.8;535.43;899.25;800.61;383
3499;18.2;384.02;81.9;81.9;81.9;81.9;335.68;742.92;762.94;219
3500;16.3;41.6;41.6;41.6;41.6;41.6;41.6;41.6;41.6;106
3501;14.1;6.6;6.6;6.6;6.6;6.6;6.6;6.6;6.6;11
3502;12.0;0.0;0.0;0.0;0.0;0.0;0.0;0.0;0.0;0
3503;11.6;0.0;0.0;0.0;0.0;0.0;0.0;0.0;0.0;0
3504;12.0;0.0;0.0;0.0;0.0;0.0;0.0;0.0;0.0;0
3505;11.4;0.0;0.0;0.0;0.0;0.0;0.0;0.0;0.0;0
3506;11.9;0.0;0.0;0.0;0.0;0.0;0.0;0.0;0.0;0
3507;12.7;0.0;0.0;0.0;0.0;0.0;0.0;0.0;0.0;0
3508;12.3;0.0;0.0;0.0;0.0;0.0;0.0;0.0;0.0;0
3509;12.1;0.0;0.0;0.0;0.0;0.0;0.0;0.0;0.0;0
3510;12.2;8.4;8.4;8.4;8.4;8.4;8.4;8.4;8.4;14
3511;12.5;27.35;30.24;31.34;30.02;27.2;27.2;27.2;27.2;47
3512;12.2;35.6;37.24;38.42;37.95;36.1;35.6;35.6;35.6;61
3513;13.0;56.7;57.81;59.56;59.63;57.98;56.7;56.7;56.7;97
3514;14.0;97.4;97.79;102.16;103.75;101.62;97.4;97.4;97.4;169
3515;15.9;188.1;188.1;195.85;204.63;203.72;193.66;188.1;188.1;336
3516;16.7;219.8;219.8;219.8;238.3;245.96;238.3;219.8;219.8;403
3517;17.1;149.1;149.1;149.1;152.19;157.78;158.28;153.41;149.1;261
3518;18.0;196.5;196.5;196.5;196.5;210.73;217.93;212.57;197.8;350
3519;17.0;211.8;211.8;211.8;211.8;237.47;270.38;268.97;234.07;403
3520;18.0;175.4;175.4;175.4;175.4;181.93;205.92;212.04;196.69;314
3521;17.7;171.95;151.5;151.5;151.5;151.5;528.3;704.83;557.22;475
3522;16.2;122.7;110.2;110.2;110.2;110.2;138.24;162.36;155.92;197
3523;15.6;113.51;77.4;77.4;77.4;77.4;107.47;156.03;158.54;139
3524;13.9;34.1;34.1;34.1;34.1;34.1;34.1;34.1;34.1;61
3525;13.3;6.6;6.6;6.6;6.6;6.6;6.6;6.6;6.6;11
3526;12.7;0.0;0.0;0.0;0.0;0.0;0.0;0.0;0.0;0
3527;11.6;0.0;0.0;0.0;0.0;0.0;0.0;0.0;0.0;0
3528;10.5;0.0;0.0;0.0;0.0;0.0;0.0;0.0;0.0;0
3529;9.5;0.0;0.0;0.0;0.0;0.0;0.0;0.0;0.0;0
3530;8.8;0.0;0.0;0.0;0.0;0.0;0.0;0.0;0.0;0
3531;8.3;0.0;0.0;0.0;0.0;0.0;0.0;0.0;0.0;0
3532;7.0;0.0;0.0;0.0;0.0;0.0;0.0;0.0;0.0;0
3533;5.3;0.0;0.0;0.0;0.0;0.0;0.0;0.0;0.0;0
3534;8.3;35.01;45.29;47.26;39.77;31.1;31.1;31.1;31.1;56
3535;10.7;81.52;190.47;232.01;181.81;75.4;75.4;75.4;75.4;189
3536;12.3;106.0;276.08;397.84;348.65;157.32;106.0;106.0;106.0;350
3537;13.3;152.8;221.22;327.5;331.45;230.75;152.8;152.8;152.8;408
3538;13.9;146.9;170.43;427.59;520.32;394.31;146.9;146.9;146.9;639
3539;14.6;202.7;202.7;298.6;406.61;395.17;270.98;202.7;202.7;617
3540;14.7;232.7;232.7;232.7;322.48;359.67;322.48;232.7;232.7;567
3541;15.1;236.6;236.6;236.6;257.8;296.35;299.9;266.37;236.6;481
3542;14.4;170.0;170.0;170.0;170.0;180.46;185.79;181.87;171.0;300
3543;13.0;148.6;148.6;148.6;148.6;155.38;164.13;163.79;154.55;261
3544;10.8;120.6;120.6;120.6;120.6;123.56;134.6;137.44;130.41;211
3545;13.5;138.43;136.9;136.9;136.9;136.9;163.5;176.05;165.67;244
3546;13.6;249.25;121.9;121.9;121.9;121.9;404.38;648.74;584.48;339
3547;12.8;108.77;76.1;76.1;76.1;76.1;103.07;146.91;149.27;136
3548;11.3;40.5;40.5;40.5;40.5;40.5;40.5;40.5;40.5;125
3549;9.3;10.2;10.2;10.2;10.2;10.2;10.2;10.2;10.2;17
3550;7.9;0.0;0.0;0.0;0.0;0.0;0.0;0.0;0.0;0
3551;7.1;0.0;0.0;0.0;0.0;0.0;0.0;0.0;0.0;0
3552;7.2;0.0;0.0;0.0;0.0;0.0;0.0;0.0;0.0;0
3553;7.0;0.0;0.0;0.0;0.0;0.0;0.0;0.0;0.0;0
3554;7.1;0.0;0.0;0.0;0.0;0.0;0.0;0.0;0.0;0
3555;7.5;0.0;0.0;0.0;0.0;0.0;0.0;0.0;0.0;0
3556;7.5;0.0;0.0;0.0;0.0;0.0;0.0;0.0;0.0;0
3557;7.7;0.0;0.0;0.0;0.0;0.0;0.0;0.0;0.0;0
3558;9.3;17.08;19.12;19.51;18.01;16.3;16.3;16.3;16.3;28
3559;10.4;52.71;61.25;64.5;60.54;52.2;52.2;52.2;52.2;92
3560;11.0;117.2;167.83;203.83;189.09;132.23;117.2;117.2;117.2;247
3561;12.6;146.0;238.37;380.67;385.5;250.04;146.0;146.0;146.0;450
3562;13.6;147.9;172.05;426.56;517.83;392.41;147.9;147.9;147.9;639
3563;10.3;172.1;172.1;178.67;186.02;185.23;176.74;172.1;172.1;306
3564;12.1;125.9;125.9;125.9;130.46;132.35;130.46;125.9;125.9;219
3565;12.1;121.6;121.6;121.6;123.62;127.31;127.65;124.45;121.6;211
3566;14.1;231.6;231.6;231.6;231.6;278.32;302.29;284.85;236.21;461
3567;13.1;218.2;218.2;218.2;218.2;257.63;308.98;307.15;253.21;442
3568;13.7;161.4;161.4;161.4;161.4;269.06;676.23;781.81;523.97;639
3569;13.6;162.92;129.0;129.0;129.0;129.0;687.61;952.91;735.58;550
3570;13.3;280.19;116.9;116.9;116.9;116.9;475.19;786.89;706.12;369
3571;12.1;459.14;80.7;80.7;80.7;80.7;390.49;897.25;925.68;242
3572;10.8;43.7;43.7;43.7;43.7;43.7;43.7;43.7;43.7;92
3573;9.8;10.2;10.2;10.2;10.2;10.2;10.2;10.2;10.2;17
3574;8.6;0.0;0.0;0.0;0.0;0.0;0.0;0.0;0.0;0
3575;7.7;0.0;0.0;0.0;0.0;0.0;0.0;0.0;0.0;0
3576;5.8;0.0;0.0;0.0;0.0;0.0;0.0;0.0;0.0;0
3577;6.2;0.0;0.0;0.0;0.0;0.0;0.0;0.0;0.0;0
3578;6.0;0.0;0.0;0.0;0.0;0.0;0.0;0.0;0.0;0
3579;6.0;0.0;0.0;0.0;0.0;0.0;0.0;0.0;0.0;0
3580;6.1;0.0;0.0;0.0;0.0;0.0;0.0;0.0;0.0;0
3581;5.2;0.0;0.0;0.0;0.0;0.0;0.0;0.0;0.0;0
3582;8.4;45.06;71.32;76.25;56.96;34.9;34.9;34.9;34.9;69
3583;9.3;82.77;227.2;281.77;214.51;73.8;73.8;73.8;73.8;208
3584;9.2;118.1;200.47;258.67;234.53;142.18;118.1;118.1;118.1;281
3585;11.4;150.8;229.89;350.75;354.48;238.9;150.8;150.8;150.8;428
3586;10.2;177.4;178.88;193.92;199.28;191.83;177.4;177.4;177.4;319
3587;11.1;201.9;201.9;211.3;221.78;220.61;208.49;201.9;201.9;364
3588;11.7;233.9;233.9;233.9;295.34;320.79;295.34;233.9;233.9;514
3589;12.9;240.2;240.2;240.2;269.35;322.99;328.14;281.77;240.2;522
3590;13.4;174.9;174.9;174.9;174.9;498.03;664.93;544.78;207.96;814
3591;13.1;220.7;220.7;220.7;220.7;307.56;421.5;417.82;298.67;542
3592;13.1;155.6;155.6;155.6;155.6;269.1;704.32;818.1;543.8;656
3593;13.7;159.36;115.1;115.1;115.1;115.1;809.0;1140.68;871.59;611
3594;13.6;271.17;119.6;119.6;119.6;119.6;448.75;736.65;663.1;361
3595;13.3;762.5;60.8;60.8;60.8;60.8;630.64;1360.0;1360.0;303
3596;11.8;44.9;44.9;44.9;44.9;44.9;44.9;44.9;44.9;144
3597;9.7;9.7;9.7;9.7;9.7;9.7;9.7;9.7;9.7;17
3598;7.9;0.0;0.0;0.0;0.0;0.0;0.0;0.0;0.0;0
3599;7.5;0.0;0.0;0.0;0.0;0.0;0.0;0.0;0.0;0
3600;5.0;0.0;0.0;0.0;0.0;0.0;0.0;0.0;0.0;0
3601;4.5;0.0;0.0;0.0;0.0;0.0;0.0;0.0;0.0;0
3602;3.7;0.0;0.0;0.0;0.0;0.0;0.0;0.0;0.0;0
3603;2.8;0.0;0.0;0.0;0.0;0.0;0.0;0.0;0.0;0
3604;2.0;0.0;0.0;0.0;0.0;0.0;0.0;0.0;0.0;0
3605;1.6;0.0;0.0;0.0;0.0;0.0;0.0;0.0;0.0;0
3606;4.2;40.65;56.68;59.66;47.84;34.4;34.4;34.4;34.4;64
3607;8.9;83.71;196.34;238.71;186.0;76.4;76.4;76.4;76.4;194
3608;10.1;110.2;264.97;373.65;328.0;154.77;110.2;110.2;110.2;342
3609;12.0;127.9;262.77;467.31;473.02;276.57;127.9;127.9;127.9;514
3610;13.2;146.9;172.82;428.69;519.49;392.03;146.9;146.9;146.9;644
3611;14.1;181.2;181.2;315.8;465.28;448.35;274.92;181.2;181.2;697
3612;14.7;232.1;232.1;232.1;330.07;370.65;330.07;232.1;232.1;586
3613;15.1;239.0;239.0;239.0;286.85;375.39;384.04;307.72;239.0;600
3614;15.7;220.6;220.6;220.6;220.6;413.02;513.07;441.79;240.94;681
3615;15.9;213.8;213.8;213.8;213.8;239.33;273.07;272.09;236.96;408
3616;15.4;104.1;104.1;104.1;104.1;106.21;114.42;116.58;111.43;181
3617;14.9;99.52;98.7;98.7;98.7;98.7;111.03;116.96;112.19;172
3618;14.7;81.77;76.3;76.3;76.3;76.3;88.06;98.4;95.79;133
3619;14.6;143.33;83.1;83.1;83.1;83.1;131.64;211.96;216.81;156
3620;13.3;25.4;25.4;25.4;25.4;25.4;25.4;25.4;25.4;44
3621;12.4;4.3;4.3;4.3;4.3;4.3;4.3;4.3;4.3;8
3622;12.1;0.0;0.0;0.0;0.0;0.0;0.0;0.0;0.0;0
3623;11.0;0.0;0.0;0.0;0.0;0.0;0.0;0.0;0.0;0
3624;10.2;0.0;0.0;0.0;0.0;0.0;0.0;0.0;0.0;0
3625;10.2;0.0;0.0;0.0;0.0;0.0;0.0;0.0;0.0;0
3626;11.1;0.0;0.0;0.0;0.0;0.0;0.0;0.0;0.0;0
3627;11.4;0.0;0.0;0.0;0.0;0.0;0.0;0.0;0.0;0
3628;11.6;0.0;0.0;0.0;0.0;0.0;0.0;0.0;0.0;0
3629;11.6;2.4;2.4;2.4;2.4;2.4;2.4;2.4;2.4;4
3630;12.4;20.36;24.34;25.07;22.13;18.8;18.8;18.8;18.8;33
3631;13.5;46.98;52.58;54.68;52.04;46.6;46.6;46.6;46.6;81
3632;13.9;78.8;85.31;89.85;87.92;80.65;78.8;78.8;78.8;138
3633;14.4;110.4;114.89;121.65;121.82;115.3;110.4;110.4;110.4;194
3634;14.4;107.1;107.6;112.38;114.07;111.68;107.1;107.1;107.1;186
3635;17.1;193.7;193.7;201.91;211.0;209.95;199.38;193.7;193.7;347
3636;17.8;152.8;152.8;152.8;159.32;162.02;159.32;152.8;152.8;268
3637;18.6;173.0;173.0;173.0;176.92;184.21;184.93;178.67;173.0;305
3638;19.0;216.3;216.3;216.3;216.3;233.08;241.85;235.66;218.13;388
3639;18.5;209.3;209.3;209.3;209.3;226.04;248.31;247.73;224.64;383
3640;17.8;158.1;158.1;158.1;158.1;162.95;182.04;187.11;175.19;281
3641;17.3;66.78;66.4;66.4;66.4;66.4;71.84;74.48;72.38;114
3642;17.4;61.13;58.0;58.0;58.0;58.0;64.66;70.54;69.08;100
3643;16.9;121.54;81.8;81.8;81.8;81.8;113.59;166.5;169.79;148
3644;16.7;44.4;44.4;44.4;44.4;44.4;44.4;44.4;44.4;84
3645;15.8;8.4;8.4;8.4;8.4;8.4;8.4;8.4;8.4;14
3646;14.9;0.0;0.0;0.0;0.0;0.0;0.0;0.0;0.0;0
3647;14.4;0.0;0.0;0.0;0.0;0.0;0.0;0.0;0.0;0
3648;13.5;0.0;0.0;0.0;0.0;0.0;0.0;0.0;0.0;0
3649;12.5;0.0;0.0;0.0;0.0;0.0;0.0;0.0;0.0;0
3650;12.1;0.0;0.0;0.0;0.0;0.0;0.0;0.0;0.0;0
3651;11.5;0.0;0.0;0.0;0.0;0.0;0.0;0.0;0.0;0
3652;13.0;0.0;0.0;0.0;0.0;0.0;0.0;0.0;0.0;0
3653;12.6;5.4;5.4;5.4;5.4;5.4;5.4;5.4;5.4;9
3654;13.5;40.37;54.18;56.7;46.44;34.9;34.9;34.9;34.9;64
3655;15.1;78.74;117.74;132.29;113.86;76.0;76.0;76.0;76.0;150
3656;16.8;116.3;232.52;313.19;278.52;148.83;116.3;116.3;116.3;313
3657;17.7;148.4;239.07;374.6;377.63;246.38;148.4;148.4;148.4;449
3658;19.3;182.9;198.15;340.33;390.29;318.77;182.9;182.9;182.9;529
3659;19.2;215.0;215.0;281.69;355.13;346.48;260.81;215.0;215.0;555
3660;19.8;229.8;229.8;229.8;341.69;388.03;341.69;229.8;229.8;613
3661;20.9;191.2;191.2;191.2;303.79;514.33;535.59;355.11;191.2;802
3662;20.4;160.7;160.7;160.7;160.7;514.76;701.15;570.96;200.44;852
3663;21.5;163.0;163.0;163.0;163.0;405.11;729.44;721.95;387.04;770
3664;20.9;143.6;143.6;143.6;143.6;266.89;758.45;889.84;584.09;691
3665;20.8;173.16;136.5;136.5;136.5;136.5;643.61;890.32;695.45;540
3666;18.8;302.11;114.6;114.6;114.6;114.6;510.41;861.87;775.59;391
3667;17.5;320.81;87.5;87.5;87.5;87.5;272.85;582.93;602.8;215
3668;16.3;21.2;21.2;21.2;21.2;21.2;21.2;21.2;21.2;37
3669;14.7;6.7;6.7;6.7;6.7;6.7;6.7;6.7;6.7;12
3670;14.0;0.0;0.0;0.0;0.0;0.0;0.0;0.0;0.0;0
3671;13.4;0.0;0.0;0.0;0.0;0.0;0.0;0.0;0.0;0
3672;12.7;0.0;0.0;0.0;0.0;0.0;0.0;0.0;0.0;0
3673;11.6;0.0;0.0;0.0;0.0;0.0;0.0;0.0;0.0;0
3674;11.5;0.0;0.0;0.0;0.0;0.0;0.0;0.0;0.0;0
3675;11.0;0.0;0.0;0.0;0.0;0.0;0.0;0.0;0.0;0
3676;10.8;0.0;0.0;0.0;0.0;0.0;0.0;0.0;0.0;0
3677;10.3;7.8;7.8;7.8;7.8;7.8;7.8;7.8;7.8;13
3678;12.0;55.07;100.12;108.26;74.71;37.1;37.1;37.1;37.1;81
3679;14.3;85.05;183.45;220.02;173.34;77.9;77.9;77.9;77.9;189
3680;16.3;118.7;171.47;207.9;192.08;133.27;118.7;118.7;118.7;252
3681;18.1;154.4;224.92;329.65;331.71;229.91;154.4;154.4;154.4;414
3682;19.6;191.7;200.9;284.53;313.78;271.52;191.7;191.7;191.7;452
3683;20.8;193.7;193.7;308.46;434.32;419.23;272.02;193.7;193.7;662
3684;22.8;196.7;196.7;196.7;401.97;487.0;401.97;196.7;196.7;752
3685;23.8;204.7;204.7;204.7;303.04;487.86;506.8;348.78;204.7;767
3686;24.7;198.6;198.6;198.6;198.6;457.63;594.78;499.86;228.46;761
3687;24.3;216.9;216.9;216.9;216.9;328.96;480.04;476.97;321.56;594
3688;23.6;131.6;131.6;131.6;131.6;134.74;147.4;150.81;142.97;231
3689;23.4;89.0;88.3;88.3;88.3;88.3;97.71;102.31;98.71;153
3690;20.0;26.68;25.9;25.9;25.9;25.9;27.54;28.99;28.64;44
3691;19.9;79.0;59.5;59.5;59.5;59.5;74.89;100.76;102.46;105
3692;19.0;8.4;8.4;8.4;8.4;8.4;8.4;8.4;8.4;14
3693;18.4;0.0;0.0;0.0;0.0;0.0;0.0;0.0;0.0;0
3694;17.8;0.0;0.0;0.0;0.0;0.0;0.0;0.0;0.0;0
3695;17.8;0.0;0.0;0.0;0.0;0.0;0.0;0.0;0.0;0
3696;17.6;0.0;0.0;0.0;0.0;0.0;0.0;0.0;0.0;0
3697;17.5;0.0;0.0;0.0;0.0;0.0;0.0;0.0;0.0;0
3698;17.4;0.0;0.0;0.0;0.0;0.0;0.0;0.0;0.0;0
3699;17.3;0.0;0.0;0.0;0.0;0.0;0.0;0.0;0.0;0
3700;17.1;0.0;0.0;0.0;0.0;0.0;0.0;0.0;0.0;0
3701;17.3;0.0;0.0;0.0;0.0;0.0;0.0;0.0;0.0;0
3702;17.5;0.6;0.6;0.6;0.6;0.6;0.6;0.6;0.6;1
3703;17.2;7.8;7.8;7.8;7.8;7.8;7.8;7.8;7.8;13
3704;16.4;31.9;32.71;33.27;33.02;32.12;31.9;31.9;31.9;54
3705;16.7;88.4;91.4;95.84;95.91;91.59;88.4;88.4;88.4;154
3706;17.9;183.4;186.11;210.2;218.58;206.36;183.4;183.4;183.4;344
3707;19.1;200.7;200.7;302.84;414.43;400.82;269.98;200.7;200.7;637
3708;18.9;226.5;226.5;226.5;352.91;405.27;352.91;226.5;226.5;640
3709;20.2;242.3;242.3;242.3;276.46;340.98;347.69;292.66;242.3;553
3710;20.0;199.1;199.1;199.1;199.1;456.12;592.97;499.09;229.48;761
3711;21.2;205.0;205.0;205.0;205.0;354.88;558.18;554.6;346.22;655
3712;20.1;193.1;193.1;193.1;193.1;249.92;481.9;544.71;401.54;536
3713;20.1;182.02;151.1;151.1;151.1;151.1;550.73;747.18;594.45;501
3714;18.2;278.54;121.5;121.5;121.5;121.5;447.54;739.63;669.62;370
3715;16.8;358.47;87.8;87.8;87.8;87.8;300.05;658.63;682.82;228
3716;15.8;47.7;47.7;47.7;47.7;47.7;47.7;47.7;47.7;102
3717;13.9;6.7;6.7;6.7;6.7;6.7;6.7;6.7;6.7;12
3718;12.0;0.0;0.0;0.0;0.0;0.0;0.0;0.0;0.0;0
3719;10.2;0.0;0.0;0.0;0.0;0.0;0.0;0.0;0.0;0
3720;9.6;0.0;0.0;0.0;0.0;0.0;0.0;0.0;0.0;0
3721;8.8;0.0;0.0;0.0;0.0;0.0;0.0;0.0;0.0;0
3722;8.6;0.0;0.0;0.0;0.0;0.0;0.0;0.0;0.0;0
3723;8.1;0.0;0.0;0.0;0.0;0.0;0.0;0.0;0.0;0
3724;7.3;0.6;0.6;0.6;0.6;0.6;0.6;0.6;0.6;1
3725;8.3;11.4;11.4;11.4;11.4;11.4;11.4;11.4;11.4;19
3726;10.1;73.82;164.69;180.82;112.76;37.1;37.1;37.1;37.1;101
3727;11.7;84.94;163.22;192.1;154.67;78.9;78.9;78.9;78.9;179
3728;14.8;119.9;192.02;241.31;219.48;139.32;119.9;119.9;119.9;274
3729;15.7;149.6;161.63;179.28;179.54;162.26;149.6;149.6;149.6;276
3730;15.7;93.1;93.52;97.17;98.43;96.57;93.1;93.1;93.1;161
3731;15.1;70.5;70.5;71.34;72.26;72.15;71.07;70.5;70.5;120
3732;14.6;71.7;71.7;71.7;72.9;73.39;72.9;71.7;71.7;122
3733;14.2;68.1;68.1;68.1;68.67;69.75;69.86;68.94;68.1;116
3734;13.4;52.4;52.4;52.4;52.4;53.39;53.92;53.56;52.52;89
3735;13.6;63.3;63.3;63.3;63.3;64.49;66.11;66.08;64.43;108
3736;13.6;66.3;66.3;66.3;66.3;66.95;69.66;70.39;68.73;113
3737;13.0;44.21;44.0;44.0;44.0;44.0;46.66;47.97;46.96;75
3738;13.1;33.88;33.1;33.1;33.1;33.1;34.71;36.16;35.81;56
3739;13.1;20.84;18.1;18.1;18.1;18.1;20.24;23.86;24.11;31
3740;12.9;8.4;8.4;8.4;8.4;8.4;8.4;8.4;8.4;14
3741;12.0;1.2;1.2;1.2;1.2;1.2;1.2;1.2;1.2;2
3742;12.0;0.0;0.0;0.0;0.0;0.0;0.0;0.0;0.0;0
3743;11.8;0.0;0.0;0.0;0.0;0.0;0.0;0.0;0.0;0
3744;11.8;0.0;0.0;0.0;0.0;0.0;0.0;0.0;0.0;0
3745;11.7;0.0;0.0;0.0;0.0;0.0;0.0;0.0;0.0;0
3746;11.7;0.0;0.0;0.0;0.0;0.0;0.0;0.0;0.0;0
3747;11.7;0.0;0.0;0.0;0.0;0.0;0.0;0.0;0.0;0
3748;11.5;0.0;0.0;0.0;0.0;0.0;0.0;0.0;0.0;0
3749;11.5;0.0;0.0;0.0;0.0;0.0;0.0;0.0;0.0;0
3750;11.2;1.2;1.2;1.2;1.2;1.2;1.2;1.2;1.2;2
3751;11.1;10.2;10.2;10.2;10.2;10.2;10.2;10.2;10.2;17
3752;11.5;26.5;27.31;27.86;27.61;26.72;26.5;26.5;26.5;45
3753;11.7;30.7;31.08;31.63;31.63;31.09;30.7;30.7;30.7;52
3754;11.8;50.0;50.12;51.16;51.52;50.99;50.0;50.0;50.0;85
3755;12.9;118.0;118.0;120.8;123.84;123.46;119.88;118.0;118.0;205
3756;13.5;122.8;122.8;122.8;126.78;128.42;126.78;122.8;122.8;213
3757;13.9;175.5;175.5;175.5;179.45;186.97;187.77;181.39;175.5;310
3758;15.2;237.2;237.2;237.2;237.2;300.4;334.39;311.45;245.02;502
3759;16.3;210.2;210.2;210.2;210.2;345.41;530.91;528.54;339.69;637
3760;16.2;199.5;199.5;199.5;199.5;236.34;390.04;432.13;337.94;475
3761;15.4;181.01;168.0;168.0;168.0;168.0;326.72;405.47;345.11;380
3762;14.5;91.93;84.9;84.9;84.9;84.9;99.28;112.27;109.23;149
3763;14.2;41.64;36.2;36.2;36.2;36.2;40.42;47.6;48.11;62
3764;13.9;37.1;37.1;37.1;37.1;37.1;37.1;37.1;37.1;66
3765;13.0;3.0;3.0;3.0;3.0;3.0;3.0;3.0;3.0;5
3766;12.7;0.0;0.0;0.0;0.0;0.0;0.0;0.0;0.0;0
3767;10.2;0.0;0.0;0.0;0.0;0.0;0.0;0.0;0.0;0
3768;10.5;0.0;0.0;0.0;0.0;0.0;0.0;0.0;0.0;0
3769;11.6;0.0;0.0;0.0;0.0;0.0;0.0;0.0;0.0;0
3770;11.5;0.0;0.0;0.0;0.0;0.0;0.0;0.0;0.0;0
3771;10.8;0.0;0.0;0.0;0.0;0.0;0.0;0.0;0.0;0
3772;11.0;0.0;0.0;0.0;0.0;0.0;0.0;0.0;0.0;0
3773;11.7;5.4;5.4;5.4;5.4;5.4;5.4;5.4;5.4;9
3774;12.2;32.33;39.97;41.31;35.55;29.2;29.2;29.2;29.2;52
3775;12.3;26.01;27.37;27.87;27.22;25.9;25.9;25.9;25.9;44
3776;12.5;54.4;57.64;59.83;58.84;55.25;54.4;54.4;54.4;94
3777;12.9;98.8;102.57;108.03;108.09;102.71;98.8;98.8;98.8;173
3778;13.1;128.0;128.87;136.11;138.6;134.88;128.0;128.0;128.0;225
3779;14.1;139.4;139.4;143.32;147.55;147.01;142.01;139.4;139.4;244
3780;13.8;152.2;152.2;152.2;158.54;161.16;158.54;152.2;152.2;267
3781;15.0;242.5;242.5;242.5;279.64;350.71;358.38;298.18;242.5;570
3782;15.2;199.8;199.8;199.8;199.8;453.32;590.32;498.55;231.79;763
3783;15.7;195.4;195.4;195.4;195.4;368.02;606.07;603.55;361.94;694
3784;14.8;199.9;199.9;199.9;199.9;225.66;334.21;364.08;297.78;434
3785;15.5;186.02;167.1;167.1;167.1;167.1;392.2;504.36;418.96;421
3786;15.6;380.39;92.1;92.1;92.1;92.1;677.94;1208.9;1085.65;461
3787;14.8;739.93;64.6;64.6;64.6;64.6;585.26;1360.0;1360.0;316
3788;13.2;46.8;46.8;46.8;46.8;46.8;46.8;46.8;46.8;138
3789;11.1;17.5;17.5;17.5;17.5;17.5;17.5;17.5;17.5;30
3790;8.9;0.0;0.0;0.0;0.0;0.0;0.0;0.0;0.0;0
3791;7.4;0.0;0.0;0.0;0.0;0.0;0.0;0.0;0.0;0
3792;6.7;0.0;0.0;0.0;0.0;0.0;0.0;0.0;0.0;0
3793;6.3;0.0;0.0;0.0;0.0;0.0;0.0;0.0;0.0;0
3794;6.4;0.0;0.0;0.0;0.0;0.0;0.0;0.0;0.0;0
3795;6.3;0.0;0.0;0.0;0.0;0.0;0.0;0.0;0.0;0
3796;5.7;0.0;0.0;0.0;0.0;0.0;0.0;0.0;0.0;0
3797;5.6;8.4;8.4;8.4;8.4;8.4;8.4;8.4;8.4;14
3798;8.2;66.24;132.79;144.34;94.12;38.9;38.9;38.9;38.9;94
3799;11.7;88.32;249.83;308.87;230.85;74.9;74.9;74.9;74.9;224
3800;13.5;111.5;270.74;378.17;329.38;152.97;111.5;111.5;111.5;350
3801;15.2;120.5;274.0;495.58;497.45;278.5;120.5;120.5;120.5;540
3802;16.8;136.5;170.25;446.86;541.66;399.13;136.5;136.5;136.5;675
3803;17.5;148.6;148.6;327.36;520.08;495.2;267.28;148.6;148.6;781
3804;18.5;159.6;159.6;159.6;434.17;547.9;434.17;159.6;159.6;846
3805;19.2;166.3;166.3;166.3;301.11;560.01;588.28;369.36;166.3;883
3806;20.4;164.2;164.2;164.2;164.2;515.35;705.93;579.17;209.33;872
3807;20.8;153.4;153.4;153.4;153.4;413.5;773.93;770.86;406.09;814
3808;21.7;139.9;139.9;139.9;139.9;260.09;771.43;912.83;601.46;709
3809;21.9;176.19;126.7;126.7;126.7;126.7;702.03;989.83;772.02;577
3810;21.6;337.42;108.5;108.5;108.5;108.5;570.79;991.19;894.52;425
3811;21.1;514.27;82.1;82.1;82.1;82.1;413.64;983.14;1024.82;271
3812;19.9;49.8;49.8;49.8;49.8;49.8;49.8;49.8;49.8;123
3813;18.4;13.5;13.5;13.5;13.5;13.5;13.5;13.5;13.5;25
3814;16.9;0.0;0.0;0.0;0.0;0.0;0.0;0.0;0.0;0
3815;16.1;0.0;0.0;0.0;0.0;0.0;0.0;0.0;0.0;0
3816;15.0;0.0;0.0;0.0;0.0;0.0;0.0;0.0;0.0;0
3817;14.6;0.0;0.0;0.0;0.0;0.0;0.0;0.0;0.0;0
3818;14.1;0.0;0.0;0.0;0.0;0.0;0.0;0.0;0.0;0
3819;14.2;0.0;0.0;0.0;0.0;0.0;0.0;0.0;0.0;0
3820;14.0;0.0;0.0;0.0;0.0;0.0;0.0;0.0;0.0;0
3821;13.8;7.8;7.8;7.8;7.8;7.8;7.8;7.8;7.8;13
3822;15.6;59.51;108.71;117.19;79.99;39.2;39.2;39.2;39.2;87
3823;17.0;88.88;225.5;275.3;209.12;77.3;77.3;77.3;77.3;213
3824;18.6;110.4;275.18;385.93;335.28;152.89;110.4;110.4;110.4;354
3825;20.7;138.3;257.2;428.06;429.18;259.9;138.3;138.3;138.3;493
3826;22.4;157.6;185.36;409.17;485.62;369.92;157.6;157.6;157.6;626
3827;23.8;174.4;174.4;319.42;475.33;454.95;270.24;174.4;174.4;724
3828;25.1;187.6;187.6;187.6;408.51;500.01;408.51;187.6;187.6;781
3829;26.3;184.5;184.5;184.5;298.95;519.55;543.88;357.69;184.5;825
3830;27.5;185.7;185.7;185.7;185.7;473.5;630.34;526.71;223.32;802
3831;28.0;197.5;197.5;197.5;197.5;364.66;597.34;595.8;360.94;690
3832;29.1;175.9;175.9;175.9;175.9;257.34;606.91;704.0;491.74;619
3833;28.9;182.59;138.9;138.9;138.9;138.9;636.16;885.83;697.95;549
3834;28.8;312.4;116.3;116.3;116.3;116.3;510.04;869.23;787.37;403
3835;28.1;362.21;90.0;90.0;90.0;90.0;297.86;656.17;682.82;235
3836;23.0;37.7;37.7;37.7;37.7;37.7;37.7;37.7;37.7;67
3837;20.7;6.7;6.7;6.7;6.7;6.7;6.7;6.7;6.7;12
3838;18.3;0.0;0.0;0.0;0.0;0.0;0.0;0.0;0.0;0
3839;17.6;0.0;0.0;0.0;0.0;0.0;0.0;0.0;0.0;0
3840;17.6;0.0;0.0;0.0;0.0;0.0;0.0;0.0;0.0;0
3841;16.5;0.0;0.0;0.0;0.0;0.0;0.0;0.0;0.0;0
3842;15.8;0.0;0.0;0.0;0.0;0.0;0.0;0.0;0.0;0
3843;16.2;0.0;0.0;0.0;0.0;0.0;0.0;0.0;0.0;0
3844;16.1;0.0;0.0;0.0;0.0;0.0;0.0;0.0;0.0;0
3845;15.3;4.8;4.8;4.8;4.8;4.8;4.8;4.8;4.8;8
3846;15.5;39.81;49.23;50.84;43.7;35.9;35.9;35.9;35.9;64
3847;15.9;77.7;101.97;110.79;99.0;75.6;75.6;75.6;75.6;141
3848;16.5;106.0;118.92;127.57;123.58;109.3;106.0;106.0;106.0;190
3849;17.0;145.7;154.39;166.82;166.88;154.53;145.7;145.7;145.7;262
3850;18.3;186.4;190.14;219.82;229.92;214.53;186.4;186.4;186.4;359
3851;19.4;216.7;216.7;280.47;348.86;339.82;258.67;216.7;216.7;552
3852;19.3;231.9;231.9;231.9;336.5;379.83;336.5;231.9;231.9;609
3853;19.4;237.0;237.0;237.0;290.88;395.07;406.67;318.88;237.0;640
3854;19.4;217.4;217.4;217.4;217.4;419.18;529.55;457.07;244.19;709
3855;19.9;200.3;200.3;200.3;200.3;361.22;586.16;585.07;358.59;683
3856;19.8;165.6;165.6;165.6;165.6;258.42;660.12;772.14;528.86;651
3857;19.8;189.66;160.9;160.9;160.9;160.9;482.05;643.84;522.73;474
3858;18.5;282.7;124.1;124.1;124.1;124.1;440.85;730.65;665.14;376
3859;17.5;340.53;91.0;91.0;91.0;91.0;280.73;608.85;633.62;230
3860;16.5;47.9;47.9;47.9;47.9;47.9;47.9;47.9;47.9;89
3861;15.0;17.5;17.5;17.5;17.5;17.5;17.5;17.5;17.5;30
3862;13.2;0.0;0.0;0.0;0.0;0.0;0.0;0.0;0.0;0
3863;12.2;0.0;0.0;0.0;0.0;0.0;0.0;0.0;0.0;0
3864;12.0;0.0;0.0;0.0;0.0;0.0;0.0;0.0;0.0;0
3865;10.9;0.0;0.0;0.0;0.0;0.0;0.0;0.0;0.0;0
3866;11.6;0.0;0.0;0.0;0.0;0.0;0.0;0.0;0.0;0
3867;10.4;0.0;0.0;0.0;0.0;0.0;0.0;0.0;0.0;0
3868;9.1;0.0;0.0;0.0;0.0;0.0;0.0;0.0;0.0;0
3869;8.3;7.8;7.8;7.8;7.8;7.8;7.8;7.8;7.8;13
3870;11.0;58.63;105.54;113.53;77.92;39.1;39.1;39.1;39.1;86
3871;13.5;89.66;242.94;298.55;223.91;76.2;76.2;76.2;76.2;222
3872;14.4;101.1;311.67;452.24;387.12;154.45;101.1;101.1;101.1;386
3873;15.8;119.0;276.27;500.41;501.14;278.01;119.0;119.0;119.0;545
3874;16.8;146.5;178.58;430.14;515.54;384.76;146.5;146.5;146.5;655
3875;17.0;210.0;210.0;293.44;382.69;370.78;264.69;210.0;210.0;600
3876;17.5;231.3;231.3;231.3;265.28;279.35;265.28;231.3;231.3;458
3877;19.0;241.9;241.9;241.9;284.74;367.85;377.18;307.26;241.9;599
3878;18.7;218.2;218.2;218.2;218.2;234.63;243.65;237.76;220.41;392
3879;18.0;162.7;162.7;162.7;162.7;169.96;180.15;180.12;169.88;287
3880;18.7;140.2;140.2;140.2;140.2;143.47;157.73;161.73;153.11;247
3881;17.9;142.74;140.5;140.5;140.5;140.5;165.12;177.56;168.29;250
3882;17.9;159.45;128.2;128.2;128.2;128.2;190.31;247.29;234.51;247
3883;17.1;74.05;58.2;58.2;58.2;58.2;70.21;91.03;92.62;102
3884;16.2;35.8;35.8;35.8;35.8;35.8;35.8;35.8;35.8;63
3885;15.0;15.3;15.3;15.3;15.3;15.3;15.3;15.3;15.3;28
3886;12.8;0.0;0.0;0.0;0.0;0.0;0.0;0.0;0.0;0
3887;11.4;0.0;0.0;0.0;0.0;0.0;0.0;0.0;0.0;0
3888;13.0;0.0;0.0;0.0;0.0;0.0;0.0;0.0;0.0;0
3889;13.1;0.0;0.0;0.0;0.0;0.0;0.0;0.0;0.0;0
3890;12.7;0.0;0.0;0.0;0.0;0.0;0.0;0.0;0.0;0
3891;12.0;0.0;0.0;0.0;0.0;0.0;0.0;0.0;0.0;0
3892;11.4;0.0;0.0;0.0;0.0;0.0;0.0;0.0;0.0;0
3893;11.1;4.2;4.2;4.2;4.2;4.2;4.2;4.2;4.2;7
3894;12.4;22.76;26.5;27.14;24.29;21.2;21.2;21.2;21.2;37
3895;13.6;45.88;51.24;53.18;50.57;45.4;45.4;45.4;45.4;79
3896;14.5;96.0;105.68;112.12;109.12;98.43;96.0;96.0;96.0;170
3897;16.8;156.0;178.7;210.93;210.99;178.83;156.0;156.0;156.0;310
3898;15.6;160.6;162.05;173.24;177.03;171.2;160.6;160.6;160.6;286
3899;16.8;156.6;156.6;161.6;166.94;166.22;159.87;156.6;156.6;276
3900;16.7;194.0;194.0;194.0;204.13;208.32;204.13;194.0;194.0;345
3901;16.9;157.6;157.6;157.6;160.5;166.15;166.79;162.04;157.6;276
3902;18.5;229.1;229.1;229.1;229.1;257.52;273.17;263.0;232.98;431
3903;19.7;224.1;224.1;224.1;224.1;307.45;424.82;424.61;306.95;556
3904;20.5;185.2;185.2;185.2;185.2;254.13;556.84;641.84;459.35;592
3905;19.8;190.94;159.5;159.5;159.5;159.5;499.19;671.34;543.65;485
3906;20.9;306.91;119.4;119.4;119.4;119.4;490.42;831.6;755.59;399
3907;20.4;440.25;87.8;87.8;87.8;87.8;353.8;816.44;852.25;258
3908;19.2;51.7;51.7;51.7;51.7;51.7;51.7;51.7;51.7;117
3909;17.6;17.0;17.0;17.0;17.0;17.0;17.0;17.0;17.0;30
3910;16.5;0.0;0.0;0.0;0.0;0.0;0.0;0.0;0.0;0
3911;15.6;0.0;0.0;0.0;0.0;0.0;0.0;0.0;0.0;0
3912;15.2;0.0;0.0;0.0;0.0;0.0;0.0;0.0;0.0;0
3913;15.2;0.0;0.0;0.0;0.0;0.0;0.0;0.0;0.0;0
3914;14.8;0.0;0.0;0.0;0.0;0.0;0.0;0.0;0.0;0
3915;14.2;0.0;0.0;0.0;0.0;0.0;0.0;0.0;0.0;0
3916;14.7;0.0;0.0;0.0;0.0;0.0;0.0;0.0;0.0;0
3917;14.8;1.2;1.2;1.2;1.2;1.2;1.2;1.2;1.2;2
3918;15.1;10.8;10.8;10.8;10.8;10.8;10.8;10.8;10.8;18
3919;15.6;35.84;38.52;39.48;38.18;35.6;35.6;35.6;35.6;61
3920;16.0;68.4;73.24;76.45;74.94;69.61;68.4;68.4;68.4;119
3921;15.8;78.6;80.87;84.09;84.09;80.87;78.6;78.6;78.6;136
3922;15.6;107.1;107.7;112.27;113.81;111.42;107.1;107.1;107.1;186
3923;17.1;174.5;174.5;180.88;187.68;186.76;178.66;174.5;174.5;310
3924;18.1;209.5;209.5;209.5;221.54;226.53;221.54;209.5;209.5;375
3925;18.2;174.8;174.8;174.8;178.41;185.46;186.26;180.35;174.8;308
3926;17.6;139.9;139.9;139.9;139.9;146.14;149.59;147.36;140.76;244
3927;17.5;166.4;166.4;166.4;166.4;173.98;184.69;184.69;173.97;294
3928;18.4;198.3;198.3;198.3;198.3;214.6;286.63;306.92;263.58;398
3929;19.0;183.01;170.2;170.2;170.2;170.2;306.72;376.08;324.84;372
3930;19.2;197.07;133.0;133.0;133.0;133.0;259.26;375.63;349.86;290
3931;19.6;242.04;92.7;92.7;92.7;92.7;205.05;400.93;416.26;202
3932;18.7;37.0;37.0;37.0;37.0;37.0;37.0;37.0;37.0;65
3933;17.8;6.7;6.7;6.7;6.7;6.7;6.7;6.7;6.7;12
3934;17.1;1.2;1.2;1.2;1.2;1.2;1.2;1.2;1.2;2
3935;17.1;0.0;0.0;0.0;0.0;0.0;0.0;0.0;0.0;0
3936;16.9;0.0;0.0;0.0;0.0;0.0;0.0;0.0;0.0;0
3937;16.4;0.0;0.0;0.0;0.0;0.0;0.0;0.0;0.0;0
3938;15.9;0.0;0.0;0.0;0.0;0.0;0.0;0.0;0.0;0
3939;15.6;0.0;0.0;0.0;0.0;0.0;0.0;0.0;0.0;0
3940;15.3;0.0;0.0;0.0;0.0;0.0;0.0;0.0;0.0;0
3941;15.3;0.0;0.0;0.0;0.0;0.0;0.0;0.0;0.0;0
3942;15.3;3.0;3.0;3.0;3.0;3.0;3.0;3.0;3.0;5
3943;15.6;28.04;30.71;31.68;30.37;27.8;27.8;27.8;27.8;48
3944;16.4;109.0;121.89;130.43;126.41;112.2;109.0;109.0;109.0;195
3945;18.4;154.0;232.77;343.98;343.9;232.58;154.0;154.0;154.0;430
3946;19.3;191.5;197.97;247.12;263.68;237.96;191.5;191.5;191.5;400
3947;19.0;212.6;212.6;231.45;251.5;248.76;224.84;212.6;212.6;411
3948;19.8;228.6;228.6;228.6;256.51;268.07;256.51;228.6;228.6;441
3949;18.7;137.4;137.4;137.4;139.56;143.78;144.26;140.73;137.4;239
3950;19.0;122.2;122.2;122.2;122.2;126.99;129.64;127.93;122.87;212
3951;18.0;132.6;132.6;132.6;132.6;137.13;143.56;143.56;137.14;231
3952;18.8;175.3;175.3;175.3;175.3;180.3;202.51;208.78;195.44;313
3953;19.1;154.28;151.6;151.6;151.6;151.6;179.86;194.26;183.66;271
3954;19.5;124.5;112.0;112.0;112.0;112.0;136.55;159.22;154.23;200
3955;19.1;58.24;47.8;47.8;47.8;47.8;55.64;69.33;70.41;83
3956;17.8;19.3;19.3;19.3;19.3;19.3;19.3;19.3;19.3;33
3957;16.3;3.0;3.0;3.0;3.0;3.0;3.0;3.0;3.0;5
3958;15.7;0.0;0.0;0.0;0.0;0.0;0.0;0.0;0.0;0
3959;15.3;0.0;0.0;0.0;0.0;0.0;0.0;0.0;0.0;0
3960;15.2;0.0;0.0;0.0;0.0;0.0;0.0;0.0;0.0;0
3961;15.2;0.0;0.0;0.0;0.0;0.0;0.0;0.0;0.0;0
3962;15.1;0.0;0.0;0.0;0.0;0.0;0.0;0.0;0.0;0
3963;15.2;0.0;0.0;0.0;0.0;0.0;0.0;0.0;0.0;0
3964;15.1;0.0;0.0;0.0;0.0;0.0;0.0;0.0;0.0;0
3965;14.1;2.4;2.4;2.4;2.4;2.4;2.4;2.4;2.4;4
3966;13.9;22.76;26.47;27.09;24.26;21.2;21.2;21.2;21.2;37
3967;14.5;61.56;70.89;74.25;69.67;60.7;60.7;60.7;60.7;107
3968;15.0;109.0;121.88;130.4;126.38;112.18;109.0;109.0;109.0;195
3969;15.7;158.4;190.23;235.05;234.97;190.04;158.4;158.4;158.4;334
3970;16.7;191.7;198.75;251.85;269.72;241.88;191.7;191.7;191.7;407
3971;17.5;219.3;219.3;260.02;303.26;297.31;245.67;219.3;219.3;488
3972;16.8;233.7;233.7;233.7;276.65;294.43;276.65;233.7;233.7;482
3973;17.8;236.4;236.4;236.4;250.39;277.79;280.95;258.01;236.4;459
3974;18.3;234.7;234.7;234.7;234.7;369.95;444.97;396.82;253.71;627
3975;17.9;221.3;221.3;221.3;221.3;320.36;461.03;461.28;320.95;588
3976;18.7;136.8;136.8;136.8;136.8;254.86;782.11;931.35;615.15;723
3977;19.0;187.79;140.8;140.8;140.8;140.8;630.49;880.32;696.95;553
3978;16.5;201.47;133.5;133.5;133.5;133.5;266.58;389.68;362.71;295
3979;16.1;347.73;92.6;92.6;92.6;92.6;283.52;617.73;644.33;236
3980;14.9;52.3;52.3;52.3;52.3;52.3;52.3;52.3;52.3;108
3981;13.3;11.6;11.6;11.6;11.6;11.6;11.6;11.6;11.6;21
3982;12.4;0.0;0.0;0.0;0.0;0.0;0.0;0.0;0.0;0
3983;10.0;0.0;0.0;0.0;0.0;0.0;0.0;0.0;0.0;0
3984;9.5;0.0;0.0;0.0;0.0;0.0;0.0;0.0;0.0;0
3985;8.9;0.0;0.0;0.0;0.0;0.0;0.0;0.0;0.0;0
3986;8.5;0.0;0.0;0.0;0.0;0.0;0.0;0.0;0.0;0
3987;8.2;0.0;0.0;0.0;0.0;0.0;0.0;0.0;0.0;0
3988;7.1;0.0;0.0;0.0;0.0;0.0;0.0;0.0;0.0;0
3989;7.6;7.8;7.8;7.8;7.8;7.8;7.8;7.8;7.8;13
3990;9.6;51.3;80.89;85.82;63.21;38.8;38.8;38.8;38.8;78
3991;11.7;88.72;184.54;219.0;171.93;79.8;79.8;79.8;79.8;193
3992;13.3;103.1;305.17;438.51;375.37;152.74;103.1;103.1;103.1;381
3993;14.6;126.7;270.35;472.23;471.71;269.08;126.7;126.7;126.7;527
3994;15.2;181.3;201.22;350.17;400.21;322.01;181.3;181.3;181.3;548
3995;15.1;217.2;217.2;278.66;343.82;334.81;256.91;217.2;217.2;547
3996;16.4;224.8;224.8;224.8;356.13;410.53;356.13;224.8;224.8;658
3997;17.9;228.7;228.7;228.7;295.42;426.31;441.45;331.96;228.7;692
3998;17.8;184.5;184.5;184.5;184.5;472.11;631.96;529.69;225.21;810
3999;18.0;152.8;152.8;152.8;152.8;402.25;757.24;758.17;404.47;808
4000;17.6;154.2;154.2;154.2;154.2;256.25;713.92;843.72;569.61;687
4001;17.6;181.67;118.0;118.0;118.0;118.0;775.68;1111.76;865.72;625
4002;16.6;375.29;99.5;99.5;99.5;99.5;638.07;1136.95;1028.1;460
4003;15.8;364.76;92.1;92.1;92.1;92.1;295.71;652.72;681.32;241
4004;14.7;52.4;52.4;52.4;52.4;52.4;52.4;52.4;52.4;134
4005;13.3;18.5;18.5;18.5;18.5;18.5;18.5;18.5;18.5;35
4006;10.9;0.0;0.0;0.0;0.0;0.0;0.0;0.0;0.0;0
4007;11.0;0.0;0.0;0.0;0.0;0.0;0.0;0.0;0.0;0
4008;10.6;0.0;0.0;0.0;0.0;0.0;0.0;0.0;0.0;0
4009;8.4;0.0;0.0;0.0;0.0;0.0;0.0;0.0;0.0;0
4010;7.6;0.0;0.0;0.0;0.0;0.0;0.0;0.0;0.0;0
4011;6.4;0.0;0.0;0.0;0.0;0.0;0.0;0.0;0.0;0
4012;7.0;0.6;0.6;0.6;0.6;0.6;0.6;0.6;0.6;1
4013;6.1;10.2;10.2;10.2;10.2;10.2;10.2;10.2;10.2;17
4014;9.2;67.73;134.18;145.24;94.41;39.6;39.6;39.6;39.6;96
4015;11.5;90.47;256.62;316.31;234.59;74.9;74.9;74.9;74.9;229
4016;13.1;100.7;312.37;451.85;385.63;152.5;100.7;100.7;100.7;387
4017;14.7;121.9;274.7;489.06;488.35;272.97;121.9;121.9;121.9;539
4018;15.7;139.1;174.84;440.6;529.74;390.05;139.1;139.1;139.1;671
4019;16.6;151.2;151.2;325.5;510.12;484.49;263.62;151.2;151.2;777
4020;17.7;159.7;159.7;159.7;428.55;539.92;428.55;159.7;159.7;847
4021;18.3;164.9;164.9;164.9;293.21;545.28;574.53;363.83;164.9;874
4022;19.6;161.9;161.9;161.9;161.9;498.57;685.97;566.37;209.85;859
4023;20.3;156.2;156.2;156.2;156.2;399.87;747.24;748.39;402.64;802
4024;20.4;151.8;151.8;151.8;151.8;255.79;723.82;856.77;576.76;693
4025;20.7;188.99;141.4;141.4;141.4;141.4;629.43;879.16;696.73;554
4026;20.8;334.32;114.0;114.0;114.0;114.0;543.32;941.48;854.91;425
4027;20.4;493.35;86.5;86.5;86.5;86.5;389.79;922.27;965.17;275
4028;19.4;52.7;52.7;52.7;52.7;52.7;52.7;52.7;52.7;132
4029;16.6;14.0;14.0;14.0;14.0;14.0;14.0;14.0;14.0;25
4030;14.5;0.0;0.0;0.0;0.0;0.0;0.0;0.0;0.0;0
4031;13.7;0.0;0.0;0.0;0.0;0.0;0.0;0.0;0.0;0
4032;13.8;0.0;0.0;0.0;0.0;0.0;0.0;0.0;0.0;0
4033;13.7;0.0;0.0;0.0;0.0;0.0;0.0;0.0;0.0;0
4034;12.7;0.0;0.0;0.0;0.0;0.0;0.0;0.0;0.0;0
4035;11.6;0.0;0.0;0.0;0.0;0.0;0.0;0.0;0.0;0
4036;9.6;0.0;0.0;0.0;0.0;0.0;0.0;0.0;0.0;0
4037;9.3;6.0;6.0;6.0;6.0;6.0;6.0;6.0;6.0;10
4038;13.1;56.59;97.14;103.87;72.84;39.4;39.4;39.4;39.4;84
4039;16.3;90.47;241.84;296.18;221.66;76.2;76.2;76.2;76.2;222
4040;20.0;105.3;296.01;421.53;361.81;151.83;105.3;105.3;105.3;373
4041;23.0;128.2;268.52;465.11;464.34;266.67;128.2;128.2;128.2;522
4042;24.1;151.3;183.22;419.48;498.65;374.35;151.3;151.3;151.3;643
4043;24.3;174.8;174.8;318.05;469.65;448.53;267.06;174.8;174.8;723
4044;25.5;174.9;174.9;174.9;416.49;516.56;416.49;174.9;174.9;814
4045;26.2;177.4;177.4;177.4;294.6;525.11;551.94;359.37;177.4;844
4046;27.0;173.9;173.9;173.9;173.9;484.45;657.53;547.3;218.34;834
4047;27.8;166.5;166.5;166.5;166.5;392.17;714.32;715.57;395.18;780
4048;27.7;155.1;155.1;155.1;155.1;255.81;710.32;839.59;567.9;686
4049;28.2;187.93;137.5;137.5;137.5;137.5;651.73;915.16;723.05;565
4050;28.0;326.18;116.8;116.8;116.8;116.8;524.12;902.22;820.23;418
4051;27.6;438.97;89.7;89.7;89.7;89.7;349.71;806.68;843.65;262
4052;25.1;53.6;53.6;53.6;53.6;53.6;53.6;53.6;53.6;121
4053;21.6;14.3;14.3;14.3;14.3;14.3;14.3;14.3;14.3;28
4054;20.3;0.0;0.0;0.0;0.0;0.0;0.0;0.0;0.0;0
4055;19.7;0.0;0.0;0.0;0.0;0.0;0.0;0.0;0.0;0
4056;18.0;0.0;0.0;0.0;0.0;0.0;0.0;0.0;0.0;0
4057;20.3;0.0;0.0;0.0;0.0;0.0;0.0;0.0;0.0;0
4058;20.4;0.0;0.0;0.0;0.0;0.0;0.0;0.0;0.0;0
4059;19.4;0.0;0.0;0.0;0.0;0.0;0.0;0.0;0.0;0
4060;18.4;0.0;0.0;0.0;0.0;0.0;0.0;0.0;0.0;0
4061;17.5;8.4;8.4;8.4;8.4;8.4;8.4;8.4;8.4;14
4062;18.9;63.04;118.29;127.44;85.14;39.6;39.6;39.6;39.6;91
4063;20.7;90.44;248.34;304.99;227.21;75.5;75.5;75.5;75.5;225
4064;23.1;103.8;301.72;431.88;369.85;151.98;103.8;103.8;103.8;378
4065;25.1;126.6;269.98;470.66;469.79;267.89;126.6;126.6;126.6;526
4066;27.3;143.1;177.69;432.91;518.36;383.99;143.1;143.1;143.1;661
4067;29.2;154.5;154.5;324.52;504.33;479.22;263.89;154.5;154.5;770
4068;30.1;165.0;165.0;165.0;423.73;530.89;423.73;165.0;165.0;835
4069;31.2;172.1;172.1;172.1;293.59;532.73;560.62;360.92;172.1;856
4070;32.4;175.6;175.6;175.6;175.6;482.54;653.75;544.86;219.67;831
4071;33.0;175.5;175.5;175.5;175.5;385.19;684.84;686.12;388.29;760
4072;33.1;163.2;163.2;163.2;163.2;256.03;675.84;795.35;544.56;667
4073;33.0;190.77;144.7;144.7;144.7;144.7;612.57;852.45;677.73;547
4074;31.9;304.06;122.8;122.8;122.8;122.8;474.96;802.09;731.3;398
4075;31.0;394.44;92.1;92.1;92.1;92.1;316.94;712.41;744.51;251
4076;28.7;53.7;53.7;53.7;53.7;53.7;53.7;53.7;53.7;117
4077;25.7;14.8;14.8;14.8;14.8;14.8;14.8;14.8;14.8;28
4078;22.7;0.0;0.0;0.0;0.0;0.0;0.0;0.0;0.0;0
4079;21.7;0.0;0.0;0.0;0.0;0.0;0.0;0.0;0.0;0
4080;21.6;0.0;0.0;0.0;0.0;0.0;0.0;0.0;0.0;0
4081;20.2;0.0;0.0;0.0;0.0;0.0;0.0;0.0;0.0;0
4082;19.3;0.0;0.0;0.0;0.0;0.0;0.0;0.0;0.0;0
4083;19.3;0.0;0.0;0.0;0.0;0.0;0.0;0.0;0.0;0
4084;18.3;0.0;0.0;0.0;0.0;0.0;0.0;0.0;0.0;0
4085;17.8;7.8;7.8;7.8;7.8;7.8;7.8;7.8;7.8;13
4086;21.1;59.23;105.24;112.86;77.62;39.7;39.7;39.7;39.7;87
4087;23.4;89.93;219.9;266.52;202.47;77.6;77.6;77.6;77.6;211
4088;24.8;108.9;280.25;392.88;339.16;150.55;108.9;108.9;108.9;359
4089;26.5;133.7;263.06;444.0;443.17;261.06;133.7;133.7;133.7;507
4090;28.2;154.8;185.55;411.97;487.74;368.48;154.8;154.8;154.8;633
4091;29.6;166.7;166.7;320.65;483.41;460.64;265.69;166.7;166.7;742
4092;31.4;178.9;178.9;178.9;412.48;509.23;412.48;178.9;178.9;804
4093;32.3;181.1;181.1;181.1;295.02;519.37;545.57;358.27;181.1;836
4094;32.7;181.7;181.7;181.7;181.7;474.68;638.2;534.31;223.86;817
4095;32.7;192.9;192.9;192.9;192.9;368.81;620.35;621.49;371.58;714
4096;32.7;182.1;182.1;182.1;182.1;254.25;580.99;674.07;478.95;611
4097;33.0;189.32;140.0;140.0;140.0;140.0;639.46;895.66;709.2;560
4098;31.9;333.76;115.0;115.0;115.0;115.0;539.69;934.36;849.06;425
4099;30.3;369.19;92.9;92.9;92.9;92.9;298.24;659.58;688.97;244
4100;27.7;52.2;52.2;52.2;52.2;52.2;52.2;52.2;52.2;102
4101;24.7;7.9;7.9;7.9;7.9;7.9;7.9;7.9;7.9;14
4102;22.6;0.0;0.0;0.0;0.0;0.0;0.0;0.0;0.0;0
4103;20.9;0.0;0.0;0.0;0.0;0.0;0.0;0.0;0.0;0
4104;19.9;0.0;0.0;0.0;0.0;0.0;0.0;0.0;0.0;0
4105;19.6;0.0;0.0;0.0;0.0;0.0;0.0;0.0;0.0;0
4106;18.8;0.0;0.0;0.0;0.0;0.0;0.0;0.0;0.0;0
4107;18.7;0.0;0.0;0.0;0.0;0.0;0.0;0.0;0.0;0
4108;20.4;0.0;0.0;0.0;0.0;0.0;0.0;0.0;0.0;0
4109;19.8;3.6;3.6;3.6;3.6;3.6;3.6;3.6;3.6;6
4110;20.3;34.13;41.48;42.7;37.06;31.0;31.0;31.0;31.0;55
4111;20.8;83.36;132.42;150.01;125.83;78.7;78.7;78.7;78.7;162
4112;21.4;115.8;246.12;331.76;290.89;147.46;115.8;115.8;115.8;328
4113;22.3;141.6;253.14;409.1;408.37;251.37;141.6;141.6;141.6;481
4114;23.8;165.3;192.17;389.87;456.02;351.87;165.3;165.3;165.3;603
4115;24.4;211.0;211.0;291.7;377.0;365.06;262.87;211.0;211.0;595
4116;25.2;230.9;230.9;230.9;339.01;383.79;339.01;230.9;230.9;619
4117;25.0;241.3;241.3;241.3;286.25;374.78;385.13;311.22;241.3;613
4118;25.4;200.8;200.8;200.8;200.8;214.09;221.51;216.8;202.71;358
4119;21.2;119.8;119.8;119.8;119.8;123.53;128.87;128.9;123.59;208
4120;20.1;55.4;55.4;55.4;55.4;55.79;57.56;58.07;57.01;94
4121;19.6;52.05;51.8;51.8;51.8;51.8;54.35;55.65;54.7;88
4122;19.8;84.77;79.3;79.3;79.3;79.3;89.91;99.78;97.65;138
4123;20.4;88.05;67.4;67.4;67.4;67.4;82.74;109.75;111.95;119
4124;19.2;29.0;29.0;29.0;29.0;29.0;29.0;29.0;29.0;50
4125;18.4;5.4;5.4;5.4;5.4;5.4;5.4;5.4;5.4;9
4126;18.0;0.0;0.0;0.0;0.0;0.0;0.0;0.0;0.0;0
4127;17.0;0.0;0.0;0.0;0.0;0.0;0.0;0.0;0.0;0
4128;16.4;0.0;0.0;0.0;0.0;0.0;0.0;0.0;0.0;0
4129;16.2;0.0;0.0;0.0;0.0;0.0;0.0;0.0;0.0;0
4130;15.7;0.0;0.0;0.0;0.0;0.0;0.0;0.0;0.0;0
4131;15.1;0.0;0.0;0.0;0.0;0.0;0.0;0.0;0.0;0
4132;14.9;0.0;0.0;0.0;0.0;0.0;0.0;0.0;0.0;0
4133;14.8;2.4;2.4;2.4;2.4;2.4;2.4;2.4;2.4;4
4134;15.8;16.48;18.32;18.63;17.22;15.7;15.7;15.7;15.7;27
4135;16.0;32.25;34.9;35.85;34.55;32.0;32.0;32.0;32.0;55
4136;16.0;55.0;58.22;60.33;59.32;55.78;55.0;55.0;55.0;95
4137;16.8;104.3;108.47;114.31;114.28;108.41;104.3;104.3;104.3;183
4138;16.8;117.5;118.25;123.79;125.64;122.72;117.5;117.5;117.5;205
4139;17.1;157.2;157.2;162.17;167.43;166.7;160.4;157.2;157.2;277
4140;17.5;180.5;180.5;180.5;189.35;193.01;189.35;180.5;180.5;320
4141;13.8;86.3;86.3;86.3;87.19;88.94;89.14;87.68;86.3;148
4142;18.5;240.0;240.0;240.0;240.0;311.21;350.97;325.72;250.26;525
4143;19.8;225.1;225.1;225.1;225.1;270.28;334.9;335.2;271.0;476
4144;18.7;166.6;166.6;166.6;166.6;170.9;190.38;195.93;184.3;296
4145;16.3;107.26;106.0;106.0;106.0;106.0;118.74;125.27;120.52;185
4146;17.2;102.69;94.1;94.1;94.1;94.1;110.78;126.28;122.93;166
4147;17.9;308.97;94.7;94.7;94.7;94.7;253.92;534.14;556.94;227
4148;17.4;53.4;53.4;53.4;53.4;53.4;53.4;53.4;53.4;109
4149;16.2;14.0;14.0;14.0;14.0;14.0;14.0;14.0;14.0;25
4150;15.0;0.0;0.0;0.0;0.0;0.0;0.0;0.0;0.0;0
4151;15.2;0.0;0.0;0.0;0.0;0.0;0.0;0.0;0.0;0
4152;14.7;0.0;0.0;0.0;0.0;0.0;0.0;0.0;0.0;0
4153;14.3;0.0;0.0;0.0;0.0;0.0;0.0;0.0;0.0;0
4154;14.1;0.0;0.0;0.0;0.0;0.0;0.0;0.0;0.0;0
4155;14.7;0.0;0.0;0.0;0.0;0.0;0.0;0.0;0.0;0
4156;14.4;0.0;0.0;0.0;0.0;0.0;0.0;0.0;0.0;0
4157;14.4;0.6;0.6;0.6;0.6;0.6;0.6;0.6;0.6;1
4158;13.5;11.4;11.4;11.4;11.4;11.4;11.4;11.4;11.4;19
4159;13.8;47.7;53.01;54.91;52.3;47.2;47.2;47.2;47.2;82
4160;15.1;83.1;90.34;95.1;92.83;84.86;83.1;83.1;83.1;146
4161;14.8;111.7;116.63;123.53;123.5;116.56;111.7;111.7;111.7;197
4162;15.9;187.2;191.71;224.92;236.04;218.55;187.2;187.2;187.2;367
4163;14.5;104.6;104.6;106.81;109.15;108.82;106.02;104.6;104.6;181
4164;15.4;136.3;136.3;136.3;141.3;143.38;141.3;136.3;136.3;238
4165;17.3;190.8;190.8;190.8;195.07;203.47;204.45;197.43;190.8;338
4166;17.4;170.0;170.0;170.0;170.0;179.5;184.8;181.43;171.37;300
4167;18.1;226.4;226.4;226.4;226.4;278.7;353.48;353.81;279.51;494
4168;18.0;109.5;109.5;109.5;109.5;111.26;119.23;121.5;116.74;190
4169;17.2;84.75;84.0;84.0;84.0;84.0;91.65;95.57;92.71;145
4170;17.5;98.81;91.0;91.0;91.0;91.0;106.17;120.27;117.22;160
4171;16.4;42.57;37.4;37.4;37.4;37.4;41.24;48.0;48.55;64
4172;15.9;12.6;12.6;12.6;12.6;12.6;12.6;12.6;12.6;21
4173;13.9;0.0;0.0;0.0;0.0;0.0;0.0;0.0;0.0;0
4174;12.6;0.0;0.0;0.0;0.0;0.0;0.0;0.0;0.0;0
4175;12.4;0.0;0.0;0.0;0.0;0.0;0.0;0.0;0.0;0
4176;12.1;0.0;0.0;0.0;0.0;0.0;0.0;0.0;0.0;0
4177;12.1;0.0;0.0;0.0;0.0;0.0;0.0;0.0;0.0;0
4178;12.1;0.0;0.0;0.0;0.0;0.0;0.0;0.0;0.0;0
4179;11.9;0.0;0.0;0.0;0.0;0.0;0.0;0.0;0.0;0
4180;12.1;0.0;0.0;0.0;0.0;0.0;0.0;0.0;0.0;0
4181;11.9;2.4;2.4;2.4;2.4;2.4;2.4;2.4;2.4;4
4182;11.7;34.73;42.09;43.32;37.68;31.6;31.6;31.6;31.6;56
4183;13.4;89.21;215.3;260.56;198.46;77.3;77.3;77.3;77.3;208
4184;13.8;113.7;135.42;149.72;142.91;118.99;113.7;113.7;113.7;212
4185;13.5;125.8;131.87;140.37;140.33;131.78;125.8;125.8;125.8;223
4186;12.5;104.1;104.71;109.25;110.76;108.38;104.1;104.1;104.1;181
4187;13.2;100.3;100.3;102.24;104.28;104.0;101.55;100.3;100.3;173
4188;12.9;125.3;125.3;125.3;129.54;131.29;129.54;125.3;125.3;218
4189;14.8;177.3;177.3;177.3;181.04;188.39;189.25;183.11;177.3;313
4190;15.7;238.5;238.5;238.5;238.5;296.97;329.57;308.82;246.88;500
4191;16.8;224.7;224.7;224.7;224.7;311.09;434.49;434.99;312.31;567
4192;17.1;163.6;163.6;163.6;163.6;167.91;187.4;192.95;181.3;291
4193;15.9;179.73;170.2;170.2;170.2;170.2;267.13;316.81;280.6;347
4194;15.2;174.51;133.1;133.1;133.1;133.1;213.6;288.35;272.16;266
4195;14.6;93.77;70.5;70.5;70.5;70.5;87.81;118.25;120.72;125
4196;14.0;38.8;38.8;38.8;38.8;38.8;38.8;38.8;38.8;68
4197;13.3;21.4;21.4;21.4;21.4;21.4;21.4;21.4;21.4;39
4198;12.3;0.0;0.0;0.0;0.0;0.0;0.0;0.0;0.0;0
4199;11.9;0.0;0.0;0.0;0.0;0.0;0.0;0.0;0.0;0
4200;11.7;0.0;0.0;0.0;0.0;0.0;0.0;0.0;0.0;0
4201;12.0;0.0;0.0;0.0;0.0;0.0;0.0;0.0;0.0;0
4202;11.6;0.0;0.0;0.0;0.0;0.0;0.0;0.0;0.0;0
4203;11.3;0.0;0.0;0.0;0.0;0.0;0.0;0.0;0.0;0
4204;10.7;0.0;0.0;0.0;0.0;0.0;0.0;0.0;0.0;0
4205;11.2;4.8;4.8;4.8;4.8;4.8;4.8;4.8;4.8;8
4206;11.6;34.73;42.1;43.33;37.68;31.6;31.6;31.6;31.6;56
4207;12.6;59.17;68.47;71.81;67.24;58.3;58.3;58.3;58.3;103
4208;12.5;106.6;119.48;127.96;123.92;109.75;106.6;106.6;106.6;191
4209;13.0;120.9;126.59;134.56;134.53;126.52;120.9;120.9;120.9;214
4210;13.1;130.4;131.35;138.41;140.77;137.06;130.4;130.4;130.4;229
4211;14.2;162.8;162.8;168.33;174.19;173.37;166.37;162.8;162.8;288
4212;13.8;173.1;173.1;173.1;181.2;184.55;181.2;173.1;173.1;306
4213;14.4;218.7;218.7;218.7;224.58;236.15;237.49;227.83;218.7;392
4214;13.8;170.0;170.0;170.0;170.0;179.52;184.82;181.44;171.36;300
4215;14.1;124.7;124.7;124.7;124.7;128.82;134.7;134.72;128.87;217
4216;14.5;177.2;177.2;177.2;177.2;182.31;205.35;211.9;198.12;317
4217;14.1;112.27;110.9;110.9;110.9;110.9;124.94;132.13;126.89;194
4218;13.7;115.26;105.1;105.1;105.1;105.1;124.87;143.22;139.24;186
4219;13.3;57.56;47.2;47.2;47.2;47.2;54.91;68.47;69.56;82
4220;12.8;24.8;24.8;24.8;24.8;24.8;24.8;24.8;24.8;43
4221;12.2;3.0;3.0;3.0;3.0;3.0;3.0;3.0;3.0;5
4222;12.1;0.0;0.0;0.0;0.0;0.0;0.0;0.0;0.0;0
4223;12.0;0.0;0.0;0.0;0.0;0.0;0.0;0.0;0.0;0
4224;11.6;0.0;0.0;0.0;0.0;0.0;0.0;0.0;0.0;0
4225;11.6;0.0;0.0;0.0;0.0;0.0;0.0;0.0;0.0;0
4226;11.4;0.0;0.0;0.0;0.0;0.0;0.0;0.0;0.0;0
4227;11.1;0.0;0.0;0.0;0.0;0.0;0.0;0.0;0.0;0
4228;11.2;0.0;0.0;0.0;0.0;0.0;0.0;0.0;0.0;0
4229;11.6;1.8;1.8;1.8;1.8;1.8;1.8;1.8;1.8;3
4230;11.8;15.28;17.13;17.44;16.02;14.5;14.5;14.5;14.5;25
4231;12.1;40.27;44.26;45.7;43.74;39.9;39.9;39.9;39.9;69
4232;13.3;88.1;96.95;102.79;100.02;90.27;88.1;88.1;88.1;156
4233;12.8;127.1;133.54;142.59;142.57;133.48;127.1;127.1;127.1;226
4234;14.2;186.2;190.4;221.68;232.18;215.75;186.2;186.2;186.2;362
4235;14.1;207.0;207.0;220.28;234.36;232.41;215.58;207.0;207.0;385
4236;14.7;200.9;200.9;200.9;212.09;216.73;212.09;200.9;200.9;359
4237;15.0;237.0;237.0;237.0;252.01;281.47;284.88;260.25;237.0;465
4238;14.9;229.6;229.6;229.6;229.6;257.24;272.61;262.79;233.53;431
4239;15.5;226.4;226.4;226.4;226.4;283.44;364.69;364.93;284.02;504
4240;14.6;203.5;203.5;203.5;203.5;236.85;386.7;429.23;339.54;480
4241;14.8;178.75;169.8;169.8;169.8;169.8;261.85;308.93;274.5;343
4242;13.8;237.53;134.4;134.4;134.4;134.4;335.56;522.02;481.41;334
4243;13.3;184.29;93.5;93.5;93.5;93.5;161.24;280.08;289.63;185
4244;12.6;51.7;51.7;51.7;51.7;51.7;51.7;51.7;51.7;97
4245;11.8;15.7;15.7;15.7;15.7;15.7;15.7;15.7;15.7;32
4246;9.4;0.0;0.0;0.0;0.0;0.0;0.0;0.0;0.0;0
4247;8.0;0.0;0.0;0.0;0.0;0.0;0.0;0.0;0.0;0
4248;7.8;0.0;0.0;0.0;0.0;0.0;0.0;0.0;0.0;0
4249;7.1;0.0;0.0;0.0;0.0;0.0;0.0;0.0;0.0;0
4250;5.8;0.0;0.0;0.0;0.0;0.0;0.0;0.0;0.0;0
4251;5.1;0.0;0.0;0.0;0.0;0.0;0.0;0.0;0.0;0
4252;6.3;0.0;0.0;0.0;0.0;0.0;0.0;0.0;0.0;0
4253;7.3;3.6;3.6;3.6;3.6;3.6;3.6;3.6;3.6;6
4254;8.4;29.04;34.6;35.52;31.28;26.7;26.7;26.7;26.7;47
4255;11.4;71.23;84.55;89.35;82.81;70.0;70.0;70.0;70.0;125
4256;13.6;114.1;245.34;332.02;291.04;146.41;114.1;114.1;114.1;326
4257;14.1;147.6;240.82;371.97;371.68;240.13;147.6;147.6;147.6;451
4258;14.6;185.9;202.0;322.76;363.36;300.0;185.9;185.9;185.9;509
4259;15.5;214.7;214.7;280.88;351.11;341.42;257.51;214.7;214.7;557
4260;15.6;235.7;235.7;235.7;309.53;340.12;309.53;235.7;235.7;552
4261;15.6;242.6;242.6;242.6;267.68;316.83;322.5;281.37;242.6;521
4262;16.0;227.0;227.0;227.0;227.0;396.96;491.33;430.87;250.98;675
4263;16.7;205.4;205.4;205.4;205.4;355.1;567.94;568.4;356.22;674
4264;16.1;201.5;201.5;201.5;201.5;242.93;428.37;480.92;369.78;510
4265;16.6;187.98;172.3;172.3;172.3;172.3;334.94;417.99;357.12;393
4266;15.7;227.59;135.4;135.4;135.4;135.4;315.66;482.51;446.04;324
4267;15.7;488.99;88.6;88.6;88.6;88.6;387.9;912.26;954.13;276
4268;14.1;54.3;54.3;54.3;54.3;54.3;54.3;54.3;54.3;113
4269;12.7;15.7;15.7;15.7;15.7;15.7;15.7;15.7;15.7;32
4270;10.9;0.0;0.0;0.0;0.0;0.0;0.0;0.0;0.0;0
4271;11.6;0.0;0.0;0.0;0.0;0.0;0.0;0.0;0.0;0
4272;8.8;0.0;0.0;0.0;0.0;0.0;0.0;0.0;0.0;0
4273;7.7;0.0;0.0;0.0;0.0;0.0;0.0;0.0;0.0;0
4274;7.4;0.0;0.0;0.0;0.0;0.0;0.0;0.0;0.0;0
4275;7.0;0.0;0.0;0.0;0.0;0.0;0.0;0.0;0.0;0
4276;7.9;0.0;0.0;0.0;0.0;0.0;0.0;0.0;0.0;0
4277;9.4;3.6;3.6;3.6;3.6;3.6;3.6;3.6;3.6;6
4278;10.8;27.24;32.81;33.74;29.5;24.9;24.9;24.9;24.9;44
4279;12.2;78.32;109.0;120.06;105.02;75.5;75.5;75.5;75.5;145
4280;13.8;103.3;292.58;417.82;358.82;150.14;103.3;103.3;103.3;368
4281;14.0;154.3;177.41;209.99;209.95;177.31;154.3;154.3;154.3;308
4282;13.4;82.8;83.2;86.24;87.26;85.67;82.8;82.8;82.8;143
4283;14.2;140.7;140.7;144.86;149.27;148.67;143.4;140.7;140.7;247
4284;14.8;226.4;226.4;226.4;250.41;260.36;250.41;226.4;226.4;429
4285;15.6;242.6;242.6;242.6;280.69;355.22;363.78;301.35;242.6;581
4286;16.4;238.9;238.9;238.9;238.9;345.59;404.71;366.71;253.83;584
4287;16.0;225.5;225.5;225.5;225.5;272.65;339.53;339.61;272.85;480
4288;15.9;192.3;192.3;192.3;192.3;252.69;521.75;597.83;436.35;573
4289;16.1;192.79;153.7;153.7;153.7;153.7;563.06;771.71;618.34;522
4290;14.9;210.6;135.6;135.6;135.6;135.6;282.67;418.59;388.74;306
4291;13.9;447.67;90.5;90.5;90.5;90.5;358.1;826.11;863.21;265
4292;13.0;52.7;52.7;52.7;52.7;52.7;52.7;52.7;52.7;147
4293;12.3;10.9;10.9;10.9;10.9;10.9;10.9;10.9;10.9;19
4294;11.4;0.0;0.0;0.0;0.0;0.0;0.0;0.0;0.0;0
4295;10.2;0.0;0.0;0.0;0.0;0.0;0.0;0.0;0.0;0
4296;9.2;0.0;0.0;0.0;0.0;0.0;0.0;0.0;0.0;0
4297;8.6;0.0;0.0;0.0;0.0;0.0;0.0;0.0;0.0;0
4298;9.1;0.0;0.0;0.0;0.0;0.0;0.0;0.0;0.0;0
4299;10.9;0.0;0.0;0.0;0.0;0.0;0.0;0.0;0.0;0
4300;11.3;0.0;0.0;0.0;0.0;0.0;0.0;0.0;0.0;0
4301;11.1;3.6;3.6;3.6;3.6;3.6;3.6;3.6;3.6;6
4302;11.7;29.04;34.63;35.56;31.31;26.7;26.7;26.7;26.7;47
4303;12.3;63.57;74.26;78.12;72.89;62.6;62.6;62.6;62.6;111
4304;12.4;74.5;80.14;83.88;82.13;75.9;74.5;74.5;74.5;130
4305;13.6;155.2;181.7;219.17;219.16;181.69;155.2;155.2;155.2;317
4306;14.3;188.8;202.23;304.68;339.25;285.68;188.8;188.8;188.8;483
4307;15.8;182.9;182.9;312.43;450.29;431.52;267.1;182.9;182.9;694
4308;15.8;189.0;189.0;189.0;403.21;491.94;403.21;189.0;189.0;775
4309;17.2;223.6;223.6;223.6;296.81;439.74;456.07;336.21;223.6;711
4310;16.1;188.5;188.5;188.5;188.5;468.12;622.71;522.94;227.27;800
4311;16.4;153.3;153.3;153.3;153.3;406.46;764.62;764.67;406.59;813
4312;16.0;150.9;150.9;150.9;150.9;258.59;735.9;870.52;583.6;699
4313;15.7;188.36;141.0;141.0;141.0;141.0;642.65;897.81;709.63;560
4314;15.3;398.58;93.1;93.1;93.1;93.1;694.06;1248.47;1126.08;481
4315;14.3;552.66;84.5;84.5;84.5;84.5;436.19;1050.02;1098.27;290
4316;13.4;35.8;35.8;35.8;35.8;35.8;35.8;35.8;35.8;63
4317;12.9;7.2;7.2;7.2;7.2;7.2;7.2;7.2;7.2;12
4318;12.4;0.0;0.0;0.0;0.0;0.0;0.0;0.0;0.0;0
4319;11.9;0.0;0.0;0.0;0.0;0.0;0.0;0.0;0.0;0
4320;9.6;0.0;0.0;0.0;0.0;0.0;0.0;0.0;0.0;0
4321;8.4;0.0;0.0;0.0;0.0;0.0;0.0;0.0;0.0;0
4322;6.7;0.0;0.0;0.0;0.0;0.0;0.0;0.0;0.0;0
4323;6.1;0.0;0.0;0.0;0.0;0.0;0.0;0.0;0.0;0
4324;6.2;0.0;0.0;0.0;0.0;0.0;0.0;0.0;0.0;0
4325;7.6;2.4;2.4;2.4;2.4;2.4;2.4;2.4;2.4;4
4326;9.6;21.56;25.3;25.93;23.09;20.0;20.0;20.0;20.0;35
4327;12.2;76.62;104.75;114.93;101.18;74.1;74.1;74.1;74.1;141
4328;14.2;109.3;264.88;368.31;320.01;148.28;109.3;109.3;109.3;343
4329;14.2;156.5;206.07;276.36;276.44;206.26;156.5;156.5;156.5;370
4330;15.1;171.7;194.33;368.68;427.63;336.67;171.7;171.7;171.7;572
4331;15.9;191.3;191.3;307.64;431.68;414.91;267.16;191.3;191.3;668
4332;17.2;193.6;193.6;193.6;398.21;482.96;398.21;193.6;193.6;761
4333;18.0;169.3;169.3;169.3;294.4;538.07;565.73;361.16;169.3;858
4334;19.6;163.9;163.9;163.9;163.9;499.13;683.98;564.17;209.89;854
4335;19.1;179.1;179.1;179.1;179.1;385.34;676.24;675.92;384.57;751
4336;18.9;184.4;184.4;184.4;184.4;256.3;573.06;662.16;471.38;604
4337;19.2;193.22;159.8;159.8;159.8;159.8;518.34;700.28;565.6;498
4338;19.1;250.39;133.2;133.2;133.2;133.2;364.61;577.66;530.35;347
4339;18.5;394.97;93.1;93.1;93.1;93.1;320.56;716.65;747.47;251
4340;17.3;53.9;53.9;53.9;53.9;53.9;53.9;53.9;53.9;114
4341;16.3;14.0;14.0;14.0;14.0;14.0;14.0;14.0;14.0;25
4342;15.3;0.0;0.0;0.0;0.0;0.0;0.0;0.0;0.0;0
4343;13.1;0.0;0.0;0.0;0.0;0.0;0.0;0.0;0.0;0
4344;12.4;0.0;0.0;0.0;0.0;0.0;0.0;0.0;0.0;0
4345;12.7;0.0;0.0;0.0;0.0;0.0;0.0;0.0;0.0;0
4346;12.7;0.0;0.0;0.0;0.0;0.0;0.0;0.0;0.0;0
4347;11.8;0.0;0.0;0.0;0.0;0.0;0.0;0.0;0.0;0
4348;11.0;0.0;0.0;0.0;0.0;0.0;0.0;0.0;0.0;0
4349;11.2;0.0;0.0;0.0;0.0;0.0;0.0;0.0;0.0;0
4350;11.4;3.6;3.6;3.6;3.6;3.6;3.6;3.6;3.6;6
4351;11.3;13.2;13.2;13.2;13.2;13.2;13.2;13.2;13.2;22
4352;11.8;22.3;23.11;23.64;23.39;22.5;22.3;22.3;22.3;38
4353;12.7;32.5;32.88;33.42;33.42;32.88;32.5;32.5;32.5;55
4354;13.0;48.8;48.93;49.95;50.3;49.76;48.8;48.8;48.8;83
4355;13.7;62.7;62.7;63.53;64.42;64.31;63.25;62.7;62.7;107
4356;14.0;50.6;50.6;50.6;51.38;51.7;51.38;50.6;50.6;86
4357;13.7;51.8;51.8;51.8;52.16;52.87;52.95;52.36;51.8;88
4358;13.9;60.2;60.2;60.2;60.2;61.16;61.7;61.35;60.33;102
4359;14.3;74.8;74.8;74.8;74.8;76.33;78.47;78.46;76.31;128
4360;14.3;41.5;41.5;41.5;41.5;41.7;42.59;42.84;42.31;70
4361;14.1;35.02;34.9;34.9;34.9;34.9;36.19;36.85;36.36;59
4362;14.0;27.88;27.1;27.1;27.1;27.1;28.65;30.07;29.75;46
4363;14.5;14.4;14.4;14.4;14.4;14.4;14.4;14.4;14.4;24
4364;13.9;12.6;12.6;12.6;12.6;12.6;12.6;12.6;12.6;21
4365;13.9;20.2;20.2;20.2;20.2;20.2;20.2;20.2;20.2;37
4366;13.2;0.0;0.0;0.0;0.0;0.0;0.0;0.0;0.0;0
4367;12.6;0.0;0.0;0.0;0.0;0.0;0.0;0.0;0.0;0
4368;12.8;0.0;0.0;0.0;0.0;0.0;0.0;0.0;0.0;0
4369;12.5;0.0;0.0;0.0;0.0;0.0;0.0;0.0;0.0;0
4370;12.5;0.0;0.0;0.0;0.0;0.0;0.0;0.0;0.0;0
4371;12.8;0.0;0.0;0.0;0.0;0.0;0.0;0.0;0.0;0
4372;12.3;0.0;0.0;0.0;0.0;0.0;0.0;0.0;0.0;0
4373;12.2;4.8;4.8;4.8;4.8;4.8;4.8;4.8;4.8;8
4374;12.5;22.76;26.52;27.16;24.31;21.2;21.2;21.2;21.2;37
4375;12.6;26.02;27.36;27.85;27.2;25.9;25.9;25.9;25.9;44
4376;13.1;48.9;51.32;52.94;52.19;49.52;48.9;48.9;48.9;84
4377;14.4;101.3;105.46;111.39;111.42;105.51;101.3;101.3;101.3;178
4378;13.9;150.8;152.09;162.31;165.79;160.48;150.8;150.8;150.8;268
4379;15.8;216.7;216.7;253.71;293.36;288.09;241.01;216.7;216.7;472
4380;15.1;172.5;172.5;172.5;180.71;184.12;180.71;172.5;172.5;305
4381;16.9;239.5;239.5;239.5;259.42;298.01;302.32;269.84;239.5;490
4382;18.1;235.6;235.6;235.6;235.6;365.35;436.45;389.89;252.95;616
4383;16.4;189.2;189.2;189.2;189.2;199.16;213.11;213.06;199.03;337
4384;15.6;195.2;195.2;195.2;195.2;206.7;256.65;270.61;240.39;372
4385;13.8;118.62;117.1;117.1;117.1;117.1;133.97;142.49;136.13;206
4386;15.6;181.56;133.9;133.9;133.9;133.9;228.84;315.83;296.24;274
4387;15.3;128.82;89.1;89.1;89.1;89.1;119.24;171.45;175.41;161
4388;13.5;17.5;17.5;17.5;17.5;17.5;17.5;17.5;17.5;30
4389;14.0;7.2;7.2;7.2;7.2;7.2;7.2;7.2;7.2;12
4390;13.8;0.0;0.0;0.0;0.0;0.0;0.0;0.0;0.0;0
4391;13.9;0.0;0.0;0.0;0.0;0.0;0.0;0.0;0.0;0
4392;12.9;0.0;0.0;0.0;0.0;0.0;0.0;0.0;0.0;0
4393;12.5;0.0;0.0;0.0;0.0;0.0;0.0;0.0;0.0;0
4394;12.4;0.0;0.0;0.0;0.0;0.0;0.0;0.0;0.0;0
4395;12.1;0.0;0.0;0.0;0.0;0.0;0.0;0.0;0.0;0
4396;12.1;0.0;0.0;0.0;0.0;0.0;0.0;0.0;0.0;0
4397;12.5;1.2;1.2;1.2;1.2;1.2;1.2;1.2;1.2;2
4398;12.5;7.8;7.8;7.8;7.8;7.8;7.8;7.8;7.8;13
4399;12.7;15.6;15.6;15.6;15.6;15.6;15.6;15.6;15.6;26
4400;12.8;28.3;29.11;29.65;29.4;28.51;28.3;28.3;28.3;48
4401;13.3;36.1;36.48;37.02;37.02;36.49;36.1;36.1;36.1;61
4402;14.0;72.4;72.66;74.71;75.41;74.34;72.4;72.4;72.4;124
4403;14.4;87.5;87.5;88.89;90.39;90.19;88.42;87.5;87.5;150
4404;14.8;64.5;64.5;64.5;65.68;66.16;65.68;64.5;64.5;110
4405;14.8;72.9;72.9;72.9;73.45;74.52;74.63;73.74;72.9;124
4406;15.0;54.8;54.8;54.8;54.8;55.77;56.3;55.95;54.93;93
4407;15.1;56.6;56.6;56.6;56.6;57.37;58.44;58.44;57.36;96
4408;15.6;52.4;52.4;52.4;52.4;52.81;54.6;55.1;54.02;89
4409;16.1;47.23;47.0;47.0;47.0;47.0;49.61;50.92;49.93;80
4410;16.8;67.41;63.5;63.5;63.5;63.5;71.32;78.47;76.85;110
4411;16.4;87.49;66.2;66.2;66.2;66.2;82.42;110.43;112.53;117
4412;15.7;18.1;18.1;18.1;18.1;18.1;18.1;18.1;18.1;31
4413;14.4;3.0;3.0;3.0;3.0;3.0;3.0;3.0;3.0;5
4414;14.0;0.0;0.0;0.0;0.0;0.0;0.0;0.0;0.0;0
4415;14.0;0.0;0.0;0.0;0.0;0.0;0.0;0.0;0.0;0
4416;13.3;0.0;0.0;0.0;0.0;0.0;0.0;0.0;0.0;0
4417;12.5;0.0;0.0;0.0;0.0;0.0;0.0;0.0;0.0;0
4418;12.9;0.0;0.0;0.0;0.0;0.0;0.0;0.0;0.0;0
4419;12.6;0.0;0.0;0.0;0.0;0.0;0.0;0.0;0.0;0
4420;13.2;0.0;0.0;0.0;0.0;0.0;0.0;0.0;0.0;0
4421;13.4;1.2;1.2;1.2;1.2;1.2;1.2;1.2;1.2;2
4422;13.8;12.28;14.18;14.51;13.07;11.5;11.5;11.5;11.5;20
4423;14.1;54.08;62.21;65.18;61.25;53.4;53.4;53.4;53.4;94
4424;15.7;116.6;200.64;257.22;231.43;138.37;116.6;116.6;116.6;281
4425;16.7;137.2;249.64;411.57;412.78;252.56;137.2;137.2;137.2;477
4426;17.4;174.0;194.12;357.64;413.58;329.18;174.0;174.0;174.0;555
4427;16.4;211.0;211.0;284.12;362.84;352.62;259.43;211.0;211.0;570
4428;17.9;220.4;220.4;220.4;360.58;418.65;360.58;220.4;220.4;664
4429;18.3;232.0;232.0;232.0;293.74;412.53;425.57;325.22;232.0;665
4430;19.0;191.8;191.8;191.8;191.8;466.06;615.21;516.34;227.36;788
4431;18.9;196.2;196.2;196.2;196.2;370.4;612.34;610.52;365.99;702
4432;17.9;202.8;202.8;202.8;202.8;230.44;348.55;381.28;309.46;448
4433;18.0;189.34;171.6;171.6;171.6;171.6;375.62;477.86;400.71;416
4434;17.7;207.96;135.3;135.3;135.3;135.3;281.6;414.86;384.36;303
4435;17.4;298.0;94.6;94.6;94.6;94.6;250.27;518.15;537.92;221
4436;15.9;38.2;38.2;38.2;38.2;38.2;38.2;38.2;38.2;67
4437;15.0;11.6;11.6;11.6;11.6;11.6;11.6;11.6;11.6;21
4438;13.2;0.0;0.0;0.0;0.0;0.0;0.0;0.0;0.0;0
4439;12.5;0.0;0.0;0.0;0.0;0.0;0.0;0.0;0.0;0
4440;13.2;0.0;0.0;0.0;0.0;0.0;0.0;0.0;0.0;0
4441;13.6;0.0;0.0;0.0;0.0;0.0;0.0;0.0;0.0;0
4442;13.6;0.0;0.0;0.0;0.0;0.0;0.0;0.0;0.0;0
4443;13.4;0.0;0.0;0.0;0.0;0.0;0.0;0.0;0.0;0
4444;13.5;0.0;0.0;0.0;0.0;0.0;0.0;0.0;0.0;0
4445;13.2;4.8;4.8;4.8;4.8;4.8;4.8;4.8;4.8;8
4446;13.6;29.64;35.36;36.36;32.05;27.3;27.3;27.3;27.3;48
4447;14.6;74.22;100.06;109.51;97.05;72.1;72.1;72.1;72.1;136
4448;15.5;111.4;134.04;149.35;142.42;117.33;111.4;111.4;111.4;209
4449;16.3;140.7;148.62;160.07;160.18;148.88;140.7;140.7;140.7;252
4450;16.6;182.0;185.12;210.92;219.78;206.51;182.0;182.0;182.0;345
4451;17.1;131.5;131.5;135.13;139.06;138.55;133.92;131.5;131.5;230
4452;18.0;218.5;218.5;218.5;233.12;239.18;233.12;218.5;218.5;395
4453;19.2;225.0;225.0;225.0;231.7;244.53;245.93;235.06;225.0;405
4454;20.3;197.1;197.1;197.1;197.1;210.33;217.5;212.72;198.79;351
4455;19.6;129.0;129.0;129.0;129.0;133.67;140.13;140.07;133.52;225
4456;17.8;108.3;108.3;108.3;108.3;110.2;118.27;120.5;115.58;188
4457;16.3;89.08;88.3;88.3;88.3;88.3;97.49;102.08;98.6;153
4458;16.6;80.57;75.1;75.1;75.1;75.1;86.18;96.24;93.91;131
4459;15.3;49.18;41.1;41.1;41.1;41.1;47.31;57.96;58.74;71
4460;14.8;12.6;12.6;12.6;12.6;12.6;12.6;12.6;12.6;21
4461;14.0;1.2;1.2;1.2;1.2;1.2;1.2;1.2;1.2;2
4462;14.0;0.0;0.0;0.0;0.0;0.0;0.0;0.0;0.0;0
4463;14.2;0.0;0.0;0.0;0.0;0.0;0.0;0.0;0.0;0
4464;14.0;0.0;0.0;0.0;0.0;0.0;0.0;0.0;0.0;0
4465;14.2;0.0;0.0;0.0;0.0;0.0;0.0;0.0;0.0;0
4466;14.0;0.0;0.0;0.0;0.0;0.0;0.0;0.0;0.0;0
4467;14.1;0.0;0.0;0.0;0.0;0.0;0.0;0.0;0.0;0
4468;14.1;0.0;0.0;0.0;0.0;0.0;0.0;0.0;0.0;0
4469;14.1;1.2;1.2;1.2;1.2;1.2;1.2;1.2;1.2;2
4470;14.4;11.68;13.6;13.93;12.49;10.9;10.9;10.9;10.9;19
4471;14.8;29.82;32.55;33.55;32.24;29.6;29.6;29.6;29.6;51
4472;15.8;66.0;70.86;74.15;72.67;67.28;66.0;66.0;66.0;115
4473;16.9;117.2;122.47;130.14;130.23;122.69;117.2;117.2;117.2;207
4474;18.5;166.9;168.44;181.39;185.85;179.21;166.9;166.9;166.9;299
4475;18.4;198.0;198.0;206.4;215.5;214.35;203.62;198.0;198.0;355
4476;18.6;143.0;143.0;143.0;148.56;150.86;148.56;143.0;143.0;250
4477;18.3;170.6;170.6;170.6;174.35;181.5;182.27;176.2;170.6;301
4478;18.2;160.1;160.1;160.1;160.1;168.47;172.99;169.95;161.15;281
4479;19.7;196.7;196.7;196.7;196.7;208.06;223.69;223.51;207.62;352
4480;18.8;193.0;193.0;193.0;193.0;202.85;244.16;255.5;230.23;360
4481;18.6;169.0;164.4;164.4;164.4;164.4;219.82;247.37;226.32;309
4482;18.0;97.01;89.2;89.2;89.2;89.2;105.13;119.54;116.18;157
4483;16.9;107.71;77.9;77.9;77.9;77.9;100.95;140.31;143.11;139
4484;16.1;34.0;34.0;34.0;34.0;34.0;34.0;34.0;34.0;60
4485;15.5;5.4;5.4;5.4;5.4;5.4;5.4;5.4;5.4;9
4486;14.9;0.0;0.0;0.0;0.0;0.0;0.0;0.0;0.0;0
4487;13.4;0.0;0.0;0.0;0.0;0.0;0.0;0.0;0.0;0
4488;13.1;0.0;0.0;0.0;0.0;0.0;0.0;0.0;0.0;0
4489;11.8;0.0;0.0;0.0;0.0;0.0;0.0;0.0;0.0;0
4490;11.9;0.0;0.0;0.0;0.0;0.0;0.0;0.0;0.0;0
4491;12.9;0.0;0.0;0.0;0.0;0.0;0.0;0.0;0.0;0
4492;12.1;0.0;0.0;0.0;0.0;0.0;0.0;0.0;0.0;0
4493;12.7;2.4;2.4;2.4;2.4;2.4;2.4;2.4;2.4;4
4494;13.6;18.88;20.81;21.15;19.7;18.1;18.1;18.1;18.1;31
4495;14.4;51.04;59.27;62.29;58.36;50.4;50.4;50.4;50.4;89
4496;15.5;94.3;104.83;112.01;108.81;97.12;94.3;94.3;94.3;168
4497;15.5;79.8;82.06;85.36;85.4;82.17;79.8;79.8;79.8;138
4498;15.7;73.0;73.24;75.32;76.04;74.98;73.0;73.0;73.0;125
4499;16.7;151.1;151.1;155.87;161.05;160.4;154.31;151.1;151.1;266
4500;17.8;217.8;217.8;217.8;232.15;238.09;232.15;217.8;217.8;393
4501;18.6;199.5;199.5;199.5;204.59;214.28;215.31;207.07;199.5;355
4502;18.1;182.9;182.9;182.9;182.9;194.29;200.39;196.26;184.29;324
4503;17.5;122.3;122.3;122.3;122.3;126.64;132.57;132.49;126.44;213
4504;18.2;153.1;153.1;153.1;153.1;157.22;174.31;178.98;168.49;271
4505;17.2;60.62;60.3;60.3;60.3;60.3;64.28;66.25;64.73;103
4506;17.2;67.41;63.5;63.5;63.5;63.5;71.52;78.75;77.04;110
4507;17.0;50.49;42.3;42.3;42.3;42.3;48.67;59.49;60.25;73
4508;17.1;32.1;32.1;32.1;32.1;32.1;32.1;32.1;32.1;56
4509;16.0;7.9;7.9;7.9;7.9;7.9;7.9;7.9;7.9;14
4510;16.1;0.0;0.0;0.0;0.0;0.0;0.0;0.0;0.0;0
4511;15.3;0.0;0.0;0.0;0.0;0.0;0.0;0.0;0.0;0
4512;15.0;0.0;0.0;0.0;0.0;0.0;0.0;0.0;0.0;0
4513;15.0;0.0;0.0;0.0;0.0;0.0;0.0;0.0;0.0;0
4514;14.7;0.0;0.0;0.0;0.0;0.0;0.0;0.0;0.0;0
4515;12.5;0.0;0.0;0.0;0.0;0.0;0.0;0.0;0.0;0
4516;11.8;0.0;0.0;0.0;0.0;0.0;0.0;0.0;0.0;0
4517;11.9;6.6;6.6;6.6;6.6;6.6;6.6;6.6;6.6;11
4518;13.9;41.49;62.83;66.63;50.67;32.9;32.9;32.9;32.9;64
4519;15.3;77.79;132.84;153.19;126.92;73.6;73.6;73.6;73.6;156
4520;17.5;103.5;271.31;386.28;335.6;148.96;103.5;103.5;103.5;345
4521;19.3;134.6;248.09;415.05;417.72;254.54;134.6;134.6;134.6;476
4522;20.9;169.1;189.4;367.52;429.4;338.81;169.1;169.1;169.1;566
4523;22.0;211.0;211.0;281.27;357.9;348.48;258.53;211.0;211.0;560
4524;22.5;230.8;230.8;230.8;328.49;368.95;328.49;230.8;230.8;588
4525;23.3;190.2;190.2;190.2;300.84;510.26;532.19;353.79;190.2;802
4526;23.0;221.0;221.0;221.0;221.0;413.1;515.66;445.6;243.98;690
4527;23.0;225.3;225.3;225.3;225.3;288.45;374.36;372.95;285.05;508
4528;23.8;199.3;199.3;199.3;199.3;248.27;449.34;503.94;380.08;518
4529;23.6;187.82;169.7;169.7;169.7;169.7;400.29;513.92;425.91;427
4530;23.4;223.75;133.9;133.9;133.9;133.9;319.72;486.54;446.78;319
4531;22.0;103.51;76.0;76.0;76.0;76.0;97.5;133.92;136.41;135
4532;20.2;30.9;30.9;30.9;30.9;30.9;30.9;30.9;30.9;54
4533;18.5;7.9;7.9;7.9;7.9;7.9;7.9;7.9;7.9;14
4534;17.0;0.0;0.0;0.0;0.0;0.0;0.0;0.0;0.0;0
4535;17.2;0.0;0.0;0.0;0.0;0.0;0.0;0.0;0.0;0
4536;16.8;0.0;0.0;0.0;0.0;0.0;0.0;0.0;0.0;0
4537;15.3;0.0;0.0;0.0;0.0;0.0;0.0;0.0;0.0;0
4538;15.4;0.0;0.0;0.0;0.0;0.0;0.0;0.0;0.0;0
4539;14.9;0.0;0.0;0.0;0.0;0.0;0.0;0.0;0.0;0
4540;15.3;0.0;0.0;0.0;0.0;0.0;0.0;0.0;0.0;0
4541;16.0;7.8;7.8;7.8;7.8;7.8;7.8;7.8;7.8;13
4542;18.5;44.42;73.7;78.97;57.13;32.7;32.7;32.7;32.7;67
4543;18.8;57.21;66.89;70.48;65.88;56.5;56.5;56.5;56.5;100
4544;21.2;114.2;169.38;207.37;190.79;129.34;114.2;114.2;114.2;247
4545;21.5;113.0;118.26;126.03;126.18;118.6;113.0;113.0;113.0;200
4546;20.5;56.7;56.88;58.45;59.0;58.2;56.7;56.7;56.7;97
4547;18.7;58.4;58.4;58.96;59.58;59.51;58.78;58.4;58.4;99
4548;20.3;178.7;178.7;178.7;187.95;191.79;187.95;178.7;178.7;317
4549;23.0;221.5;221.5;221.5;298.73;444.23;459.26;335.01;221.5;705
4550;24.9;176.8;176.8;176.8;176.8;491.12;658.02;543.03;213.5;818
4551;25.3;214.3;214.3;214.3;214.3;341.94;514.54;511.27;334.04;623
4552;24.0;120.6;120.6;120.6;120.6;123.27;134.12;137.04;130.34;211
4553;19.8;43.0;42.8;42.8;42.8;42.8;45.48;46.8;45.77;73
4554;19.9;42.56;41.0;41.0;41.0;41.0;44.26;47.17;46.47;70
4555;18.8;26.27;23.5;23.5;23.5;23.5;25.68;29.36;29.6;40
4556;18.6;42.6;42.6;42.6;42.6;42.6;42.6;42.6;42.6;76
4557;17.3;12.8;12.8;12.8;12.8;12.8;12.8;12.8;12.8;23
4558;15.9;0.0;0.0;0.0;0.0;0.0;0.0;0.0;0.0;0
4559;15.7;0.0;0.0;0.0;0.0;0.0;0.0;0.0;0.0;0
4560;15.9;0.0;0.0;0.0;0.0;0.0;0.0;0.0;0.0;0
4561;16.8;0.0;0.0;0.0;0.0;0.0;0.0;0.0;0.0;0
4562;15.7;0.0;0.0;0.0;0.0;0.0;0.0;0.0;0.0;0
4563;15.0;0.0;0.0;0.0;0.0;0.0;0.0;0.0;0.0;0
4564;14.6;0.0;0.0;0.0;0.0;0.0;0.0;0.0;0.0;0
4565;14.2;1.8;1.8;1.8;1.8;1.8;1.8;1.8;1.8;3
4566;14.0;12.28;14.25;14.6;13.14;11.5;11.5;11.5;11.5;20
4567;14.1;28.0;30.78;31.81;30.5;27.8;27.8;27.8;27.8;48
4568;14.4;55.0;58.25;60.5;59.53;55.9;55.0;55.0;55.0;95
4569;14.6;66.4;67.9;70.13;70.18;68.01;66.4;66.4;66.4;114
4570;14.9;78.5;78.79;81.42;82.35;81.02;78.5;78.5;78.5;135
4571;15.3;87.6;87.6;89.29;91.15;90.93;88.76;87.6;87.6;151
4572;14.8;74.2;74.2;74.2;75.82;76.49;75.82;74.2;74.2;127
4573;15.2;69.3;69.3;69.3;69.88;70.97;71.08;70.15;69.3;118
4574;14.6;61.4;61.4;61.4;61.4;62.41;62.94;62.57;61.51;104
4575;16.0;116.7;116.7;116.7;116.7;120.33;125.21;125.1;120.07;202
4576;15.3;102.2;102.2;102.2;102.2;104.01;111.25;113.2;108.7;177
4577;16.5;81.6;81.0;81.0;81.0;81.0;89.09;93.04;89.93;140
4578;16.0;75.49;70.8;70.8;70.8;70.8;80.65;89.42;87.28;123
4579;17.1;98.08;72.9;72.9;72.9;72.9;92.84;126.28;128.45;129
4580;15.3;31.5;31.5;31.5;31.5;31.5;31.5;31.5;31.5;55
4581;15.0;4.2;4.2;4.2;4.2;4.2;4.2;4.2;4.2;7
4582;12.8;0.0;0.0;0.0;0.0;0.0;0.0;0.0;0.0;0
4583;11.1;0.0;0.0;0.0;0.0;0.0;0.0;0.0;0.0;0
4584;11.6;0.0;0.0;0.0;0.0;0.0;0.0;0.0;0.0;0
4585;11.2;0.0;0.0;0.0;0.0;0.0;0.0;0.0;0.0;0
4586;10.7;0.0;0.0;0.0;0.0;0.0;0.0;0.0;0.0;0
4587;10.9;0.0;0.0;0.0;0.0;0.0;0.0;0.0;0.0;0
4588;10.9;0.0;0.0;0.0;0.0;0.0;0.0;0.0;0.0;0
4589;11.0;7.2;7.2;7.2;7.2;7.2;7.2;7.2;7.2;12
4590;12.4;56.12;117.51;128.74;83.25;31.9;31.9;31.9;31.9;79
4591;14.3;78.14;249.89;314.1;233.15;66.3;66.3;66.3;66.3;213
4592;15.0;108.8;237.28;326.71;288.49;145.01;108.8;108.8;108.8;313
4593;16.3;152.8;194.73;257.63;259.13;198.33;152.8;152.8;152.8;348
4594;16.5;186.0;191.72;245.77;264.81;237.68;186.0;186.0;186.0;395
4595;18.4;197.5;197.5;297.94;408.76;395.83;266.72;197.5;197.5;625
4596;19.3;200.5;200.5;200.5;391.14;470.1;391.14;200.5;200.5;725
4597;19.2;223.1;223.1;223.1;298.95;440.42;454.6;333.16;223.1;696
4598;19.8;238.0;238.0;238.0;238.0;328.19;375.53;342.3;247.98;545
4599;17.6;219.0;219.0;219.0;219.0;250.71;293.05;292.01;248.2;430
4600;18.1;197.7;197.7;197.7;197.7;216.26;289.82;309.41;263.57;397
4601;19.1;186.2;165.8;165.8;165.8;165.8;453.39;592.91;482.24;453
4602;19.7;345.63;108.9;108.9;108.9;108.9;610.84;1055.47;945.62;434
4603;18.3;404.41;90.9;90.9;90.9;90.9;340.82;757.85;784.19;244
4604;16.8;48.3;48.3;48.3;48.3;48.3;48.3;48.3;48.3;88
4605;13.6;11.6;11.6;11.6;11.6;11.6;11.6;11.6;11.6;21
4606;11.7;0.0;0.0;0.0;0.0;0.0;0.0;0.0;0.0;0
4607;11.5;0.0;0.0;0.0;0.0;0.0;0.0;0.0;0.0;0
4608;10.9;0.0;0.0;0.0;0.0;0.0;0.0;0.0;0.0;0
4609;10.0;0.0;0.0;0.0;0.0;0.0;0.0;0.0;0.0;0
4610;9.9;0.0;0.0;0.0;0.0;0.0;0.0;0.0;0.0;0
4611;8.6;0.0;0.0;0.0;0.0;0.0;0.0;0.0;0.0;0
4612;9.2;0.0;0.0;0.0;0.0;0.0;0.0;0.0;0.0;0
4613;9.1;10.2;10.2;10.2;10.2;10.2;10.2;10.2;10.2;17
4614;12.4;70.16;138.01;150.55;100.44;43.6;43.6;43.6;43.6;101
4615;14.5;77.83;233.66;292.16;219.06;67.5;67.5;67.5;67.5;205
4616;16.7;87.1;317.48;478.78;410.64;152.97;87.1;87.1;87.1;381
4617;19.0;104.6;269.11;517.66;524.24;285.01;104.6;104.6;104.6;541
4618;19.8;156.6;178.62;392.77;468.58;361.63;156.6;156.6;156.6;596
4619;19.2;213.3;213.3;249.89;290.43;285.79;238.69;213.3;213.3;463
4620;20.3;227.0;227.0;227.0;262.15;276.71;262.15;227.0;227.0;450
4621;20.5;224.7;224.7;224.7;232.37;246.61;248.02;235.76;224.7;407
4622;21.1;236.2;236.2;236.2;236.2;299.44;332.43;309.05;242.99;497
4623;21.2;222.2;222.2;222.2;222.2;316.5;441.56;438.12;308.19;562
4624;21.5;185.9;185.9;185.9;185.9;262.48;562.03;641.25;453.73;584
4625;21.2;185.0;163.5;163.5;163.5;163.5;478.9;631.04;509.3;465
4626;20.9;355.21;105.2;105.2;105.2;105.2;640.2;1111.82;993.77;442
4627;19.6;559.73;83.3;83.3;83.3;83.3;465.83;1100.7;1139.6;278
4628;18.0;50.7;50.7;50.7;50.7;50.7;50.7;50.7;50.7;132
4629;16.9;7.9;7.9;7.9;7.9;7.9;7.9;7.9;7.9;14
4630;16.2;0.0;0.0;0.0;0.0;0.0;0.0;0.0;0.0;0
4631;15.3;0.0;0.0;0.0;0.0;0.0;0.0;0.0;0.0;0
4632;13.9;0.0;0.0;0.0;0.0;0.0;0.0;0.0;0.0;0
4633;13.9;0.0;0.0;0.0;0.0;0.0;0.0;0.0;0.0;0
4634;14.4;0.0;0.0;0.0;0.0;0.0;0.0;0.0;0.0;0
4635;13.9;0.0;0.0;0.0;0.0;0.0;0.0;0.0;0.0;0
4636;13.4;0.0;0.0;0.0;0.0;0.0;0.0;0.0;0.0;0
4637;13.1;6.0;6.0;6.0;6.0;6.0;6.0;6.0;6.0;10
4638;14.1;55.63;105.93;115.32;78.3;36.1;36.1;36.1;36.1;81
4639;16.9;74.53;276.42;352.54;258.28;61.7;61.7;61.7;61.7;222
4640;18.7;84.5;323.31;491.52;421.31;153.8;84.5;84.5;84.5;385
4641;19.7;110.6;263.66;496.67;503.53;280.21;110.6;110.6;110.6;526
4642;20.0;158.7;179.38;386.68;460.43;357.44;158.7;158.7;158.7;587
4643;20.6;169.6;169.6;314.04;474.8;456.78;270.53;169.6;169.6;706
4644;21.0;218.5;218.5;218.5;361.98;421.42;361.98;218.5;218.5;655
4645;21.1;239.9;239.9;239.9;279.04;351.27;358.26;295.91;239.9;564
4646;21.0;233.1;233.1;233.1;233.1;283.94;310.29;291.42;238.39;471
4647;21.1;213.2;213.2;213.2;213.2;233.88;261.12;260.28;231.87;397
4648;20.0;179.7;179.7;179.7;179.7;186.09;210.74;217.21;201.71;322
4649;19.9;124.46;123.2;123.2;123.2;123.2;142.45;151.67;144.22;217
4650;19.2;100.61;92.8;92.8;92.8;92.8;109.68;124.49;120.73;163
4651;18.7;59.33;47.8;47.8;47.8;47.8;57.13;72.53;73.44;83
4652;17.6;19.3;19.3;19.3;19.3;19.3;19.3;19.3;19.3;33
4653;17.2;3.0;3.0;3.0;3.0;3.0;3.0;3.0;3.0;5
4654;16.9;0.0;0.0;0.0;0.0;0.0;0.0;0.0;0.0;0
4655;16.1;0.0;0.0;0.0;0.0;0.0;0.0;0.0;0.0;0
4656;15.9;0.0;0.0;0.0;0.0;0.0;0.0;0.0;0.0;0
4657;15.8;0.0;0.0;0.0;0.0;0.0;0.0;0.0;0.0;0
4658;15.8;0.0;0.0;0.0;0.0;0.0;0.0;0.0;0.0;0
4659;15.7;0.0;0.0;0.0;0.0;0.0;0.0;0.0;0.0;0
4660;16.0;0.0;0.0;0.0;0.0;0.0;0.0;0.0;0.0;0
4661;16.2;0.0;0.0;0.0;0.0;0.0;0.0;0.0;0.0;0
4662;16.5;4.2;4.2;4.2;4.2;4.2;4.2;4.2;4.2;7
4663;17.0;19.99;21.41;21.94;21.28;19.9;19.9;19.9;19.9;34
4664;17.8;37.4;39.03;40.19;39.71;37.88;37.4;37.4;37.4;64
4665;18.3;54.3;55.42;57.13;57.19;55.55;54.3;54.3;54.3;93
4666;19.8;136.6;137.43;146.05;149.14;144.88;136.6;136.6;136.6;241
4667;21.2;195.0;195.0;203.55;213.12;212.07;201.02;195.0;195.0;350
4668;21.4;231.2;231.2;231.2;306.48;337.66;306.48;231.2;231.2;537
4669;22.4;199.8;199.8;199.8;304.55;496.76;515.01;348.61;199.8;768
4670;23.0;185.9;185.9;185.9;185.9;483.3;636.39;525.59;215.8;789
4671;22.9;189.3;189.3;189.3;189.3;385.95;642.97;634.24;364.87;708
4672;22.8;193.3;193.3;193.3;193.3;257.02;499.67;562.85;409.56;543
4673;22.6;181.76;169.0;169.0;169.0;169.0;373.9;471.54;391.95;405
4674;22.4;266.95;127.1;127.1;127.1;127.1;432.36;698.65;630.14;361
4675;21.7;290.31;92.0;92.0;92.0;92.0;253.68;518.96;534.13;210
4676;19.6;43.8;43.8;43.8;43.8;43.8;43.8;43.8;43.8;78
4677;18.4;5.4;5.4;5.4;5.4;5.4;5.4;5.4;5.4;9
4678;18.2;0.0;0.0;0.0;0.0;0.0;0.0;0.0;0.0;0
4679;15.3;0.0;0.0;0.0;0.0;0.0;0.0;0.0;0.0;0
4680;15.0;0.0;0.0;0.0;0.0;0.0;0.0;0.0;0.0;0
4681;15.0;0.0;0.0;0.0;0.0;0.0;0.0;0.0;0.0;0
4682;14.7;0.0;0.0;0.0;0.0;0.0;0.0;0.0;0.0;0
4683;12.5;0.0;0.0;0.0;0.0;0.0;0.0;0.0;0.0;0
4684;11.8;0.0;0.0;0.0;0.0;0.0;0.0;0.0;0.0;0
4685;11.9;6.6;6.6;6.6;6.6;6.6;6.6;6.6;6.6;11
4686;13.9;43.46;80.31;87.34;60.42;29.4;29.4;29.4;29.4;64
4687;15.3;73.98;141.14;166.69;135.66;70.1;70.1;70.1;70.1;156
4688;17.5;97.0;276.77;405.04;352.86;150.81;97.0;97.0;97.0;345
4689;19.3;128.1;245.33;426.67;433.11;260.89;128.1;128.1;128.1;476
4690;20.9;163.6;181.38;372.17;440.77;347.02;163.6;163.6;163.6;566
4691;22.0;207.5;207.5;280.97;363.51;354.66;259.61;207.5;207.5;560
4692;22.5;227.8;227.8;227.8;331.86;374.96;331.86;227.8;227.8;588
4693;23.3;185.7;185.7;185.7;305.53;524.12;544.46;354.65;185.7;802
4694;23.0;218.0;218.0;218.0;218.0;422.26;526.67;450.27;237.8;690
4695;23.0;223.3;223.3;223.3;223.3;292.01;381.13;377.8;283.96;508
4696;23.8;196.8;196.8;196.8;196.8;252.56;461.97;516.04;383.11;518
4697;23.6;181.89;167.2;167.2;167.2;167.2;415.47;533.0;436.24;427
4698;23.4;225.15;131.4;131.4;131.4;131.4;338.22;517.65;470.81;319
4699;22.0;105.52;76.0;76.0;76.0;76.0;100.26;139.83;142.0;135
4700;20.2;30.9;30.9;30.9;30.9;30.9;30.9;30.9;30.9;54
4701;18.5;7.9;7.9;7.9;7.9;7.9;7.9;7.9;7.9;14
4702;17.0;0.0;0.0;0.0;0.0;0.0;0.0;0.0;0.0;0
4703;15.3;0.0;0.0;0.0;0.0;0.0;0.0;0.0;0.0;0
4704;15.0;0.0;0.0;0.0;0.0;0.0;0.0;0.0;0.0;0
4705;15.0;0.0;0.0;0.0;0.0;0.0;0.0;0.0;0.0;0
4706;14.7;0.0;0.0;0.0;0.0;0.0;0.0;0.0;0.0;0
4707;12.5;0.0;0.0;0.0;0.0;0.0;0.0;0.0;0.0;0
4708;11.8;0.0;0.0;0.0;0.0;0.0;0.0;0.0;0.0;0
4709;11.9;6.6;6.6;6.6;6.6;6.6;6.6;6.6;6.6;11
4710;13.9;43.74;83.01;90.57;62.01;28.9;28.9;28.9;28.9;64
4711;15.3;73.37;142.41;168.79;137.07;69.6;69.6;69.6;69.6;156
4712;17.5;96.0;277.65;408.15;355.8;151.26;96.0;96.0;96.0;345
4713;19.3;127.1;244.87;428.62;435.73;262.06;127.1;127.1;127.1;476
4714;20.9;163.1;180.39;372.9;442.52;348.46;163.1;163.1;163.1;566
4715;22.0;207.0;207.0;280.97;364.48;355.74;259.87;207.0;207.0;560
4716;22.5;227.3;227.3;227.3;332.46;376.02;332.46;227.3;227.3;588
4717;23.3;179.1;179.1;179.1;306.36;537.12;558.15;357.14;179.1;816
4718;23.5;192.4;192.4;192.4;192.4;474.9;618.26;512.16;218.75;769
4719;24.2;220.9;220.9;220.9;220.9;315.84;438.02;433.01;303.75;554
4720;24.9;196.3;196.3;196.3;196.3;253.3;464.29;518.29;383.68;518
4721;23.6;180.77;166.7;166.7;166.7;166.7;418.31;536.6;438.21;427
4722;23.4;225.44;130.9;130.9;130.9;130.9;341.77;523.65;475.46;319
4723;22.0;105.89;76.0;76.0;76.0;76.0;100.78;140.94;143.06;135
4724;20.2;30.9;30.9;30.9;30.9;30.9;30.9;30.9;30.9;54
4725;18.5;7.9;7.9;7.9;7.9;7.9;7.9;7.9;7.9;14
4726;17.0;0.0;0.0;0.0;0.0;0.0;0.0;0.0;0.0;0
4727;16.6;0.0;0.0;0.0;0.0;0.0;0.0;0.0;0.0;0
4728;15.8;0.0;0.0;0.0;0.0;0.0;0.0;0.0;0.0;0
4729;15.1;0.0;0.0;0.0;0.0;0.0;0.0;0.0;0.0;0
4730;14.4;0.0;0.0;0.0;0.0;0.0;0.0;0.0;0.0;0
4731;15.6;0.0;0.0;0.0;0.0;0.0;0.0;0.0;0.0;0
4732;15.9;0.0;0.0;0.0;0.0;0.0;0.0;0.0;0.0;0
4733;16.0;2.4;2.4;2.4;2.4;2.4;2.4;2.4;2.4;4
4734;16.7;19.16;23.34;24.15;21.13;17.6;17.6;17.6;17.6;31
4735;17.4;50.85;59.53;62.87;58.9;50.4;50.4;50.4;50.4;89
4736;17.8;96.2;107.67;115.97;112.69;99.75;96.2;96.2;96.2;172
4737;19.0;149.4;185.0;241.04;243.4;190.69;149.4;149.4;149.4;329
4738;19.4;177.0;188.93;327.26;377.56;310.38;177.0;177.0;177.0;505
4739;20.5;198.8;198.8;292.54;398.92;388.07;266.35;198.8;198.8;603
4740;21.1;217.4;217.4;217.4;362.5;422.6;362.5;217.4;217.4;649
4741;22.5;178.5;178.5;178.5;307.17;539.04;559.71;357.07;178.5;815
4742;22.8;168.4;168.4;168.4;168.4;513.49;687.31;557.16;199.28;824
4743;22.6;169.0;169.0;169.0;169.0;413.31;725.16;711.22;379.65;755
4744;22.2;173.8;173.8;173.8;173.8;273.65;637.86;730.23;496.65;618
4745;21.0;176.23;155.8;155.8;155.8;155.8;544.05;725.29;572.94;488
4746;20.3;255.53;127.4;127.4;127.4;127.4;416.53;664.42;597.73;349
4747;18.8;353.33;89.7;89.7;89.7;89.7;310.16;665.1;682.98;222
4748;17.8;47.9;47.9;47.9;47.9;47.9;47.9;47.9;47.9;94
4749;17.1;12.1;12.1;12.1;12.1;12.1;12.1;12.1;12.1;21
4750;16.6;0.0;0.0;0.0;0.0;0.0;0.0;0.0;0.0;0
4751;16.1;0.0;0.0;0.0;0.0;0.0;0.0;0.0;0.0;0
4752;14.5;0.0;0.0;0.0;0.0;0.0;0.0;0.0;0.0;0
4753;14.5;0.0;0.0;0.0;0.0;0.0;0.0;0.0;0.0;0
4754;14.0;0.0;0.0;0.0;0.0;0.0;0.0;0.0;0.0;0
4755;14.2;0.0;0.0;0.0;0.0;0.0;0.0;0.0;0.0;0
4756;14.7;0.0;0.0;0.0;0.0;0.0;0.0;0.0;0.0;0
4757;14.4;1.2;1.2;1.2;1.2;1.2;1.2;1.2;1.2;2
4758;14.5;25.44;31.77;33.01;28.45;23.1;23.1;23.1;23.1;41
4759;15.7;72.33;193.34;240.05;185.09;66.5;66.5;66.5;66.5;180
4760;15.9;104.3;123.17;136.93;131.57;110.24;104.3;104.3;104.3;193
4761;15.9;99.5;103.57;110.04;110.33;104.28;99.5;99.5;99.5;175
4762;17.3;179.6;182.71;220.28;234.02;215.89;179.6;179.6;179.6;356
4763;17.6;211.1;211.1;262.73;321.63;315.78;248.61;211.1;211.1;501
4764;18.3;226.4;226.4;226.4;334.29;378.97;334.29;226.4;226.4;589
4765;19.0;224.6;224.6;224.6;299.2;432.79;444.42;327.29;224.6;671
4766;19.1;204.9;204.9;204.9;204.9;453.05;577.07;483.08;226.14;729
4767;19.0;187.2;187.2;187.2;187.2;393.25;654.06;641.39;362.66;707
4768;19.5;143.7;143.7;143.7;143.7;283.87;787.54;914.05;589.3;692
4769;18.7;166.3;141.0;141.0;141.0;141.0;655.38;893.75;691.17;535
4770;18.0;260.18;125.8;125.8;125.8;125.8;432.69;694.2;622.74;353
4771;17.1;347.61;89.4;89.4;89.4;89.4;307.3;655.76;672.46;219
4772;16.4;47.3;47.3;47.3;47.3;47.3;47.3;47.3;47.3;93
4773;15.3;6.7;6.7;6.7;6.7;6.7;6.7;6.7;6.7;12
4774;14.2;0.0;0.0;0.0;0.0;0.0;0.0;0.0;0.0;0
4775;12.8;0.0;0.0;0.0;0.0;0.0;0.0;0.0;0.0;0
4776;11.7;0.0;0.0;0.0;0.0;0.0;0.0;0.0;0.0;0
4777;9.8;0.0;0.0;0.0;0.0;0.0;0.0;0.0;0.0;0
4778;10.1;0.0;0.0;0.0;0.0;0.0;0.0;0.0;0.0;0
4779;11.7;0.0;0.0;0.0;0.0;0.0;0.0;0.0;0.0;0
4780;13.1;0.0;0.0;0.0;0.0;0.0;0.0;0.0;0.0;0
4781;11.4;1.2;1.2;1.2;1.2;1.2;1.2;1.2;1.2;2
4782;13.6;8.4;8.4;8.4;8.4;8.4;8.4;8.4;8.4;14
4783;14.3;21.77;23.23;23.8;23.14;21.7;21.7;21.7;21.7;37
4784;14.9;48.3;50.77;52.58;51.88;49.09;48.3;48.3;48.3;83
4785;15.4;97.6;101.29;107.22;107.51;101.99;97.6;97.6;97.6;171
4786;15.9;145.9;146.73;157.31;161.2;156.13;145.9;145.9;145.9;259
4787;16.2;128.5;128.5;132.26;136.58;136.16;131.26;128.5;128.5;225
4788;16.9;111.9;111.9;111.9;115.75;117.35;115.75;111.9;111.9;194
4789;16.7;142.4;142.4;142.4;145.37;150.65;151.1;146.45;142.4;249
4790;17.5;179.9;179.9;179.9;179.9;192.28;198.42;193.71;180.91;319
4791;17.7;206.0;206.0;206.0;206.0;220.06;237.71;236.78;217.82;370
4792;18.6;195.8;195.8;195.8;195.8;218.42;298.48;318.39;266.48;398
4793;18.1;127.45;126.4;126.4;126.4;126.4;149.46;160.07;150.95;224
4794;17.8;104.49;95.9;95.9;95.9;95.9;115.77;132.6;127.93;169
4795;17.4;97.39;69.3;69.3;69.3;69.3;93.23;131.22;132.95;123
4796;16.5;27.3;27.3;27.3;27.3;27.3;27.3;27.3;27.3;48
4797;15.4;4.2;4.2;4.2;4.2;4.2;4.2;4.2;4.2;7
4798;13.8;0.0;0.0;0.0;0.0;0.0;0.0;0.0;0.0;0
4799;14.1;0.0;0.0;0.0;0.0;0.0;0.0;0.0;0.0;0
4800;10.5;0.0;0.0;0.0;0.0;0.0;0.0;0.0;0.0;0
4801;8.9;0.0;0.0;0.0;0.0;0.0;0.0;0.0;0.0;0
4802;9.0;0.0;0.0;0.0;0.0;0.0;0.0;0.0;0.0;0
4803;7.9;0.0;0.0;0.0;0.0;0.0;0.0;0.0;0.0;0
4804;8.3;0.0;0.0;0.0;0.0;0.0;0.0;0.0;0.0;0
4805;7.4;3.6;3.6;3.6;3.6;3.6;3.6;3.6;3.6;6
4806;9.5;37.82;70.13;76.65;53.55;26.1;26.1;26.1;26.1;56
4807;12.8;69.49;134.59;159.98;130.79;66.8;66.8;66.8;66.8;148
4808;15.3;107.7;154.62;189.35;176.24;122.99;107.7;107.7;107.7;227
4809;17.4;137.3;225.42;368.14;375.63;243.51;137.3;137.3;137.3;428
4810;18.1;165.5;179.1;360.09;427.09;340.86;165.5;165.5;165.5;545
4811;18.5;207.5;207.5;273.41;349.41;342.28;256.2;207.5;207.5;535
4812;20.2;184.2;184.2;184.2;414.36;509.69;414.36;184.2;184.2;752
4813;20.4;196.8;196.8;196.8;308.8;506.74;523.13;348.36;196.8;763
4814;21.7;190.6;190.6;190.6;190.6;482.68;626.32;514.72;213.25;766
4815;21.5;189.5;189.5;189.5;189.5;391.7;643.23;628.97;357.27;695
4816;22.1;188.9;188.9;188.9;188.9;264.26;526.8;591.41;420.23;549
4817;22.1;175.88;165.6;165.6;165.6;165.6;409.91;521.38;424.44;416
4818;20.0;36.88;36.1;36.1;36.1;36.1;37.93;39.47;39.04;61
4819;15.5;29.07;25.9;25.9;25.9;25.9;28.63;32.93;33.11;44
4820;15.8;17.5;17.5;17.5;17.5;17.5;17.5;17.5;17.5;30
4821;15.5;12.1;12.1;12.1;12.1;12.1;12.1;12.1;12.1;21
4822;15.3;0.0;0.0;0.0;0.0;0.0;0.0;0.0;0.0;0
4823;14.7;0.0;0.0;0.0;0.0;0.0;0.0;0.0;0.0;0
4824;14.4;0.0;0.0;0.0;0.0;0.0;0.0;0.0;0.0;0
4825;14.5;0.0;0.0;0.0;0.0;0.0;0.0;0.0;0.0;0
4826;14.8;0.0;0.0;0.0;0.0;0.0;0.0;0.0;0.0;0
4827;14.9;0.0;0.0;0.0;0.0;0.0;0.0;0.0;0.0;0
4828;15.0;0.0;0.0;0.0;0.0;0.0;0.0;0.0;0.0;0
4829;15.3;1.2;1.2;1.2;1.2;1.2;1.2;1.2;1.2;2
4830;14.8;12.28;14.46;14.9;13.36;11.5;11.5;11.5;11.5;20
4831;14.9;53.29;63.73;67.82;63.17;52.9;52.9;52.9;52.9;94
4832;16.3;104.5;219.12;304.62;272.89;142.52;104.5;104.5;104.5;290
4833;16.8;139.0;149.3;166.16;167.1;151.59;139.0;139.0;139.0;255
4834;14.2;177.0;179.41;213.28;225.9;209.87;177.0;177.0;177.0;345
4835;15.7;199.9;199.9;214.18;230.73;229.23;210.54;199.9;199.9;374
4836;14.0;179.3;179.3;179.3;189.29;193.43;189.29;179.3;179.3;318
4837;16.4;222.8;222.8;222.8;232.36;249.13;250.48;235.62;222.8;408
4838;16.3;214.5;214.5;214.5;214.5;232.58;241.39;234.45;215.83;385
4839;14.6;127.2;127.2;127.2;127.2;132.59;139.24;138.84;131.62;222
4840;16.4;158.1;158.1;158.1;158.1;163.84;183.54;188.33;175.42;281
4841;17.6;171.79;166.1;166.1;166.1;166.1;314.34;381.44;322.39;361
4842;16.8;225.96;128.3;128.3;128.3;128.3;360.18;553.89;498.3;318
4843;16.9;380.64;87.1;87.1;87.1;87.1;342.12;741.29;757.25;221
4844;15.9;46.1;46.1;46.1;46.1;46.1;46.1;46.1;46.1;101
4845;15.2;4.9;4.9;4.9;4.9;4.9;4.9;4.9;4.9;9
4846;14.5;0.0;0.0;0.0;0.0;0.0;0.0;0.0;0.0;0
4847;14.0;0.0;0.0;0.0;0.0;0.0;0.0;0.0;0.0;0
4848;13.5;0.0;0.0;0.0;0.0;0.0;0.0;0.0;0.0;0
4849;14.0;0.0;0.0;0.0;0.0;0.0;0.0;0.0;0.0;0
4850;14.1;0.0;0.0;0.0;0.0;0.0;0.0;0.0;0.0;0
4851;13.4;0.0;0.0;0.0;0.0;0.0;0.0;0.0;0.0;0
4852;13.0;0.0;0.0;0.0;0.0;0.0;0.0;0.0;0.0;0
4853;13.7;3.0;3.0;3.0;3.0;3.0;3.0;3.0;3.0;5
4854;14.2;21.84;28.46;29.82;25.14;19.5;19.5;19.5;19.5;35
4855;14.8;38.25;42.76;44.54;42.55;38.1;38.1;38.1;38.1;66
4856;15.4;77.7;85.13;90.73;88.69;80.21;77.7;77.7;77.7;137
4857;16.2;135.3;143.01;155.76;156.52;144.85;135.3;135.3;135.3;243
4858;16.5;167.0;167.99;182.78;188.32;181.37;167.0;167.0;167.0;300
4859;17.7;208.6;208.6;243.1;283.34;279.8;234.55;208.6;208.6;446
4860;17.8;219.9;219.9;219.9;352.53;407.47;352.53;219.9;219.9;619
4861;18.4;218.6;218.6;218.6;303.49;451.51;463.09;331.45;218.6;686
4862;19.6;214.9;214.9;214.9;214.9;431.07;535.57;452.23;229.86;684
4863;19.5;198.9;198.9;198.9;198.9;377.66;596.0;581.72;343.19;659
4864;18.3;192.2;192.2;192.2;192.2;259.73;487.6;542.43;392.1;522
4865;19.0;164.92;149.9;149.9;149.9;149.9;584.08;778.95;605.32;494
4866;17.7;237.34;126.4;126.4;126.4;126.4;393.51;615.1;550.41;329
4867;17.1;100.66;71.1;71.1;71.1;71.1;97.04;137.35;138.85;126
4868;16.7;24.2;24.2;24.2;24.2;24.2;24.2;24.2;24.2;42
4869;16.2;1.2;1.2;1.2;1.2;1.2;1.2;1.2;1.2;2
4870;15.7;0.0;0.0;0.0;0.0;0.0;0.0;0.0;0.0;0
4871;15.4;0.0;0.0;0.0;0.0;0.0;0.0;0.0;0.0;0
4872;16.3;0.0;0.0;0.0;0.0;0.0;0.0;0.0;0.0;0
4873;16.4;0.0;0.0;0.0;0.0;0.0;0.0;0.0;0.0;0
4874;16.4;0.0;0.0;0.0;0.0;0.0;0.0;0.0;0.0;0
4875;16.1;0.0;0.0;0.0;0.0;0.0;0.0;0.0;0.0;0
4876;15.9;0.0;0.0;0.0;0.0;0.0;0.0;0.0;0.0;0
4877;15.4;1.2;1.2;1.2;1.2;1.2;1.2;1.2;1.2;2
4878;15.5;14.08;16.31;16.78;15.21;13.3;13.3;13.3;13.3;23
4879;15.9;39.58;45.65;48.05;45.39;39.4;39.4;39.4;39.4;69
4880;16.4;47.1;49.58;51.47;50.79;47.95;47.1;47.1;47.1;81
4881;17.9;98.9;102.93;109.66;110.09;103.96;98.9;98.9;98.9;174
4882;18.5;115.8;116.23;123.11;125.71;122.5;115.8;115.8;115.8;203
4883;19.4;123.6;123.6;127.12;131.25;130.9;126.27;123.6;123.6;216
4884;18.3;101.5;101.5;101.5;104.59;105.87;104.59;101.5;101.5;175
4885;19.0;181.7;181.7;181.7;186.82;195.69;196.37;188.45;181.7;322
4886;19.5;176.2;176.2;176.2;176.2;188.48;194.36;189.61;177.0;312
4887;19.9;165.2;165.2;165.2;165.2;174.41;185.55;184.77;172.53;292
4888;18.4;60.3;60.3;60.3;60.3;61.15;63.99;64.67;62.78;103
4889;17.3;26.55;26.5;26.5;26.5;26.5;28.0;28.66;28.06;45
4890;16.9;12.0;12.0;12.0;12.0;12.0;12.0;12.0;12.0;20
4891;17.0;6.0;6.0;6.0;6.0;6.0;6.0;6.0;6.0;10
4892;16.3;1.2;1.2;1.2;1.2;1.2;1.2;1.2;1.2;2
4893;16.5;0.0;0.0;0.0;0.0;0.0;0.0;0.0;0.0;0
4894;16.6;0.0;0.0;0.0;0.0;0.0;0.0;0.0;0.0;0
4895;16.9;0.0;0.0;0.0;0.0;0.0;0.0;0.0;0.0;0
4896;16.9;0.0;0.0;0.0;0.0;0.0;0.0;0.0;0.0;0
4897;16.9;0.0;0.0;0.0;0.0;0.0;0.0;0.0;0.0;0
4898;16.8;0.0;0.0;0.0;0.0;0.0;0.0;0.0;0.0;0
4899;16.7;0.0;0.0;0.0;0.0;0.0;0.0;0.0;0.0;0
4900;16.7;0.0;0.0;0.0;0.0;0.0;0.0;0.0;0.0;0
4901;16.5;1.2;1.2;1.2;1.2;1.2;1.2;1.2;1.2;2
4902;16.3;8.4;8.4;8.4;8.4;8.4;8.4;8.4;8.4;14
4903;15.6;19.94;21.47;22.08;21.41;19.9;19.9;19.9;19.9;34
4904;15.7;50.8;54.12;56.65;55.76;51.96;50.8;50.8;50.8;88
4905;16.4;134.7;142.37;155.34;156.22;144.49;134.7;134.7;134.7;242
4906;18.5;170.8;179.95;334.77;393.54;321.83;170.8;170.8;170.8;508
4907;18.3;203.1;203.1;278.21;366.86;359.59;260.65;203.1;203.1;551
4908;18.3;223.9;223.9;223.9;267.06;284.93;267.06;223.9;223.9;454
4909;18.8;234.8;234.8;234.8;279.93;357.54;363.24;293.71;234.8;558
4910;18.5;232.1;232.1;232.1;232.1;346.5;400.82;356.3;239.03;556
4911;18.2;217.7;217.7;217.7;217.7;317.91;438.0;429.04;296.28;542
4912;18.8;192.3;192.3;192.3;192.3;257.72;471.36;521.53;378.84;508
4913;17.7;161.08;159.1;159.1;159.1;159.1;233.18;265.85;235.99;306
4914;17.0;120.62;108.9;108.9;108.9;108.9;137.96;161.71;154.53;194
4915;16.4;66.78;49.7;49.7;49.7;49.7;65.01;88.43;89.17;87
4916;16.2;16.3;16.3;16.3;16.3;16.3;16.3;16.3;16.3;28
4917;15.8;1.2;1.2;1.2;1.2;1.2;1.2;1.2;1.2;2
4918;15.7;0.0;0.0;0.0;0.0;0.0;0.0;0.0;0.0;0
4919;14.9;0.0;0.0;0.0;0.0;0.0;0.0;0.0;0.0;0
4920;13.7;0.0;0.0;0.0;0.0;0.0;0.0;0.0;0.0;0
4921;12.0;0.0;0.0;0.0;0.0;0.0;0.0;0.0;0.0;0
4922;11.6;0.0;0.0;0.0;0.0;0.0;0.0;0.0;0.0;0
4923;9.8;0.0;0.0;0.0;0.0;0.0;0.0;0.0;0.0;0
4924;10.5;0.0;0.0;0.0;0.0;0.0;0.0;0.0;0.0;0
4925;11.0;1.2;1.2;1.2;1.2;1.2;1.2;1.2;1.2;2
4926;12.0;17.96;22.54;23.53;20.33;16.4;16.4;16.4;16.4;29
4927;14.6;65.07;143.73;175.26;141.22;63.3;63.3;63.3;63.3;148
4928;16.7;99.5;228.25;327.61;293.34;145.53;99.5;99.5;99.5;295
4929;17.2;137.4;148.34;167.03;168.36;151.56;137.4;137.4;137.4;254
4930;17.0;159.6;160.37;174.35;179.69;173.26;159.6;159.6;159.6;286
4931;18.3;206.1;206.1;267.31;340.0;334.25;253.44;206.1;206.1;516
4932;19.4;199.5;199.5;199.5;394.69;475.53;394.69;199.5;199.5;695
4933;20.0;230.3;230.3;230.3;291.82;396.84;404.3;309.84;230.3;608
4934;19.5;230.3;230.3;230.3;230.3;294.61;324.87;299.73;233.92;478
4935;19.2;209.8;209.8;209.8;209.8;237.18;269.66;267.08;230.95;398
4936;19.4;195.4;195.4;195.4;195.4;242.91;395.5;430.87;328.3;459
4937;18.7;167.75;164.1;164.1;164.1;164.1;324.52;394.62;329.68;361
4938;17.9;109.86;99.7;99.7;99.7;99.7;125.27;146.02;139.64;177
4939;17.4;60.56;46.6;46.6;46.6;46.6;59.26;78.45;78.99;81
4940;16.9;12.1;12.1;12.1;12.1;12.1;12.1;12.1;12.1;21
4941;15.9;1.2;1.2;1.2;1.2;1.2;1.2;1.2;1.2;2
4942;15.9;0.0;0.0;0.0;0.0;0.0;0.0;0.0;0.0;0
4943;15.7;0.0;0.0;0.0;0.0;0.0;0.0;0.0;0.0;0
4944;15.4;0.0;0.0;0.0;0.0;0.0;0.0;0.0;0.0;0
4945;15.5;0.0;0.0;0.0;0.0;0.0;0.0;0.0;0.0;0
4946;15.8;0.0;0.0;0.0;0.0;0.0;0.0;0.0;0.0;0
4947;15.8;0.0;0.0;0.0;0.0;0.0;0.0;0.0;0.0;0
4948;16.0;0.0;0.0;0.0;0.0;0.0;0.0;0.0;0.0;0
4949;16.2;0.0;0.0;0.0;0.0;0.0;0.0;0.0;0.0;0
4950;16.5;4.2;4.2;4.2;4.2;4.2;4.2;4.2;4.2;7
4951;17.0;19.93;21.49;22.11;21.44;19.9;19.9;19.9;19.9;34
4952;17.8;37.4;39.06;40.36;39.92;38.01;37.4;37.4;37.4;64
4953;18.3;54.3;55.39;57.28;57.42;55.73;54.3;54.3;54.3;93
4954;19.8;136.1;136.61;146.59;150.43;145.87;136.1;136.1;136.1;241
4955;21.2;193.5;193.5;203.3;215.0;214.11;201.15;193.5;193.5;350
4956;21.4;225.7;225.7;225.7;313.05;349.23;313.05;225.7;225.7;537
4957;22.4;189.3;189.3;189.3;315.16;528.5;543.13;350.5;189.3;768
4958;23.7;174.9;174.9;174.9;174.9;518.14;678.08;543.26;192.67;789
4959;23.6;179.3;179.3;179.3;179.3;414.06;689.86;666.58;357.86;708
4960;23.2;185.3;185.3;185.3;185.3;270.54;539.73;601.29;419.18;543
4961;23.1;166.67;162.0;162.0;162.0;162.0;412.18;520.48;418.79;405
4962;22.4;272.58;117.1;117.1;117.1;117.1;514.86;835.09;734.73;361
4963;21.7;383.8;84.0;84.0;84.0;84.0;358.98;772.67;782.96;210
4964;19.6;40.8;40.8;40.8;40.8;40.8;40.8;40.8;40.8;78
4965;18.4;5.4;5.4;5.4;5.4;5.4;5.4;5.4;5.4;9
4966;18.2;0.0;0.0;0.0;0.0;0.0;0.0;0.0;0.0;0
4967;16.3;0.0;0.0;0.0;0.0;0.0;0.0;0.0;0.0;0
4968;15.1;0.0;0.0;0.0;0.0;0.0;0.0;0.0;0.0;0
4969;14.3;0.0;0.0;0.0;0.0;0.0;0.0;0.0;0.0;0
4970;14.2;0.0;0.0;0.0;0.0;0.0;0.0;0.0;0.0;0
4971;13.7;0.0;0.0;0.0;0.0;0.0;0.0;0.0;0.0;0
4972;13.7;0.0;0.0;0.0;0.0;0.0;0.0;0.0;0.0;0
4973;13.2;3.0;3.0;3.0;3.0;3.0;3.0;3.0;3.0;5
4974;15.1;29.25;48.09;52.24;39.26;23.0;23.0;23.0;23.0;45
4975;16.9;62.57;164.68;206.12;162.6;61.1;61.1;61.1;61.1;156
4976;19.4;93.5;247.79;369.05;328.89;150.85;93.5;93.5;93.5;310
4977;20.9;118.5;234.93;438.67;454.85;274.0;118.5;118.5;118.5;465
4978;22.2;139.4;151.48;412.09;512.95;395.0;139.4;139.4;139.4;599
4979;24.0;156.7;156.7;314.38;504.01;490.19;281.02;156.7;156.7;702
4980;24.2;168.2;168.2;168.2;437.6;549.19;437.6;168.2;168.2;772
4981;25.4;175.4;175.4;175.4;318.28;558.7;574.58;356.63;175.4;799
4982;25.7;174.7;174.7;174.7;174.7;520.34;679.85;543.45;191.04;787
4983;26.1;176.6;176.6;176.6;176.6;418.82;700.51;675.3;357.96;711
4984;26.7;189.1;189.1;189.1;189.1;263.81;495.75;548.06;390.1;516
4985;26.2;163.71;159.4;159.4;159.4;159.4;456.09;583.29;462.18;424
4986;26.0;149.61;120.7;120.7;120.7;120.7;195.88;255.93;236.76;232
4987;25.3;108.36;71.8;71.8;71.8;71.8;105.72;156.33;157.42;128
4988;23.6;21.8;21.8;21.8;21.8;21.8;21.8;21.8;21.8;38
4989;20.9;3.0;3.0;3.0;3.0;3.0;3.0;3.0;3.0;5
4990;19.2;0.0;0.0;0.0;0.0;0.0;0.0;0.0;0.0;0
4991;18.4;0.0;0.0;0.0;0.0;0.0;0.0;0.0;0.0;0
4992;17.5;0.0;0.0;0.0;0.0;0.0;0.0;0.0;0.0;0
4993;17.7;0.0;0.0;0.0;0.0;0.0;0.0;0.0;0.0;0
4994;17.5;0.0;0.0;0.0;0.0;0.0;0.0;0.0;0.0;0
4995;16.4;0.0;0.0;0.0;0.0;0.0;0.0;0.0;0.0;0
4996;16.0;0.0;0.0;0.0;0.0;0.0;0.0;0.0;0.0;0
4997;15.9;2.4;2.4;2.4;2.4;2.4;2.4;2.4;2.4;4
4998;17.4;24.77;41.5;45.23;33.77;19.3;19.3;19.3;19.3;38
4999;20.3;61.73;142.62;175.64;141.45;60.9;60.9;60.9;60.9;144
5000;22.6;96.0;231.4;338.81;303.98;147.33;96.0;96.0;96.0;295
5001;24.6;123.6;227.78;412.33;427.74;264.99;123.6;123.6;123.6;446
5002;26.4;144.7;154.96;399.32;494.53;384.81;144.7;144.7;144.7;582
5003;26.9;160.9;160.9;312.06;495.02;482.26;281.25;160.9;160.9;689
5004;27.9;169.6;169.6;169.6;436.83;547.52;436.83;169.6;169.6;766
5005;28.5;171.9;171.9;171.9;319.89;567.07;582.77;357.78;171.9;804
5006;29.1;167.9;167.9;167.9;167.9;533.64;700.76;555.74;183.53;799
5007;29.4;163.5;163.5;163.5;163.5;438.92;755.95;725.92;366.44;740
5008;29.4;148.9;148.9;148.9;148.9;303.2;774.14;878.82;555.92;654
5009;29.2;139.65;133.8;133.8;133.8;133.8;702.39;943.75;710.66;523
5010;29.0;287.97;111.4;111.4;111.4;111.4;578.46;948.5;828.17;374
5011;28.1;448.7;81.2;81.2;81.2;81.2;426.35;936.81;946.07;217
5012;23.9;39.9;39.9;39.9;39.9;39.9;39.9;39.9;39.9;79
5013;21.0;1.2;1.2;1.2;1.2;1.2;1.2;1.2;1.2;2
5014;19.2;0.0;0.0;0.0;0.0;0.0;0.0;0.0;0.0;0
5015;18.2;0.0;0.0;0.0;0.0;0.0;0.0;0.0;0.0;0
5016;17.9;0.0;0.0;0.0;0.0;0.0;0.0;0.0;0.0;0
5017;17.6;0.0;0.0;0.0;0.0;0.0;0.0;0.0;0.0;0
5018;17.9;0.0;0.0;0.0;0.0;0.0;0.0;0.0;0.0;0
5019;17.2;0.0;0.0;0.0;0.0;0.0;0.0;0.0;0.0;0
5020;16.4;0.0;0.0;0.0;0.0;0.0;0.0;0.0;0.0;0
5021;16.9;2.4;2.4;2.4;2.4;2.4;2.4;2.4;2.4;4
5022;17.6;26.93;36.63;38.82;32.21;23.8;23.8;23.8;23.8;43
5023;22.1;59.38;173.12;219.83;172.16;58.7;58.7;58.7;58.7;157
5024;24.5;94.0;238.07;353.46;316.86;149.72;94.0;94.0;94.0;300
5025;26.6;122.1;227.07;415.38;431.88;266.92;122.1;122.1;122.1;446
5026;28.5;142.1;151.59;404.15;503.21;390.74;142.1;142.1;142.1;586
5027;29.1;157.1;157.1;313.72;504.53;491.82;283.03;157.1;157.1;696
5028;29.7;167.4;167.4;167.4;440.82;554.08;440.82;167.4;167.4;769
5029;30.1;170.0;170.0;170.0;321.31;572.17;587.45;358.19;170.0;805
5030;30.5;175.4;175.4;175.4;175.4;521.95;678.72;540.65;188.62;779
5031;30.9;193.8;193.8;193.8;193.8;390.88;615.36;592.9;336.65;653
5032;30.7;187.3;187.3;187.3;187.3;267.31;507.34;559.89;394.19;518
5033;30.4;162.45;161.2;161.2;161.2;161.2;368.94;456.23;370.7;377
5034;29.4;234.87;120.8;120.8;120.8;120.8;427.85;669.11;589.17;323
5035;28.1;336.49;82.2;82.2;82.2;82.2;323.96;678.4;683.59;192
5036;26.3;38.1;38.1;38.1;38.1;38.1;38.1;38.1;38.1;71
5037;24.7;4.2;4.2;4.2;4.2;4.2;4.2;4.2;4.2;7
5038;22.2;0.0;0.0;0.0;0.0;0.0;0.0;0.0;0.0;0
5039;22.0;0.0;0.0;0.0;0.0;0.0;0.0;0.0;0.0;0
5040;19.0;0.0;0.0;0.0;0.0;0.0;0.0;0.0;0.0;0
5041;19.0;0.0;0.0;0.0;0.0;0.0;0.0;0.0;0.0;0
5042;17.8;0.0;0.0;0.0;0.0;0.0;0.0;0.0;0.0;0
5043;17.3;0.0;0.0;0.0;0.0;0.0;0.0;0.0;0.0;0
5044;17.0;0.0;0.0;0.0;0.0;0.0;0.0;0.0;0.0;0
5045;16.4;2.4;2.4;2.4;2.4;2.4;2.4;2.4;2.4;4
5046;17.2;24.53;34.38;36.64;29.97;21.4;21.4;21.4;21.4;39
5047;21.0;59.15;149.78;187.23;149.56;59.0;59.0;59.0;59.0;145
5048;24.4;95.6;223.2;326.41;294.41;145.95;95.6;95.6;95.6;286
5049;26.4;125.2;221.6;396.76;412.85;260.43;125.2;125.2;125.2;432
5050;28.5;146.5;154.37;392.2;486.11;381.08;146.5;146.5;146.5;570
5051;30.5;160.0;160.0;311.58;497.46;485.66;283.1;160.0;160.0;685
5052;31.7;168.8;168.8;168.8;440.1;552.48;440.1;168.8;168.8;763
5053;32.3;159.5;159.5;159.5;324.04;594.8;610.56;362.1;159.5;825
5054;32.9;155.9;155.9;155.9;155.9;558.46;738.71;577.56;169.4;819
5055;32.4;152.4;152.4;152.4;152.4;458.19;802.82;766.45;370.38;759
5056;31.7;185.3;185.3;185.3;185.3;270.43;521.44;575.55;401.05;523
5057;29.8;146.85;146.1;146.1;146.1;146.1;597.31;784.95;598.37;476
5058;30.7;167.8;121.7;121.7;121.7;121.7;248.04;346.47;313.23;252
5059;19.9;40.53;32.6;32.6;32.6;32.6;40.24;51.33;51.45;56
5060;19.4;0.0;0.0;0.0;0.0;0.0;0.0;0.0;0.0;0
5061;19.5;0.0;0.0;0.0;0.0;0.0;0.0;0.0;0.0;0
5062;19.4;0.0;0.0;0.0;0.0;0.0;0.0;0.0;0.0;0
5063;19.3;0.0;0.0;0.0;0.0;0.0;0.0;0.0;0.0;0
5064;19.2;0.0;0.0;0.0;0.0;0.0;0.0;0.0;0.0;0
5065;18.7;0.0;0.0;0.0;0.0;0.0;0.0;0.0;0.0;0
5066;17.4;0.0;0.0;0.0;0.0;0.0;0.0;0.0;0.0;0
5067;18.3;0.0;0.0;0.0;0.0;0.0;0.0;0.0;0.0;0
5068;17.4;0.0;0.0;0.0;0.0;0.0;0.0;0.0;0.0;0
5069;17.7;0.0;0.0;0.0;0.0;0.0;0.0;0.0;0.0;0
5070;18.1;3.6;3.6;3.6;3.6;3.6;3.6;3.6;3.6;6
5071;18.9;25.4;28.66;30.02;28.67;25.41;25.4;25.4;25.4;44
5072;20.7;87.1;98.04;106.97;104.27;91.5;87.1;87.1;87.1;156
5073;21.8;133.7;144.1;163.25;165.09;148.54;133.7;133.7;133.7;247
5074;22.8;176.0;177.93;245.46;272.3;242.73;176.0;176.0;176.0;385
5075;24.2;189.3;189.3;290.3;414.99;407.48;272.16;189.3;189.3;593
5076;24.6;213.1;213.1;213.1;361.43;422.86;361.43;213.1;213.1;616
5077;26.3;230.2;230.2;230.2;286.43;378.27;383.37;298.75;230.2;572
5078;25.7;224.7;224.7;224.7;224.7;383.04;453.2;389.51;229.28;592
5079;26.3;206.8;206.8;206.8;206.8;356.23;522.84;504.32;311.52;588
5080;24.6;189.3;189.3;189.3;189.3;218.78;304.19;322.31;262.51;388
5081;22.9;95.7;95.7;95.7;95.7;95.74;110.44;116.5;110.38;167
5082;22.0;60.53;57.4;57.4;57.4;57.4;66.13;72.87;70.55;99
5083;20.5;26.39;22.3;22.3;22.3;22.3;26.29;32.03;32.07;38
5084;19.7;14.5;14.5;14.5;14.5;14.5;14.5;14.5;14.5;25
5085;19.3;0.0;0.0;0.0;0.0;0.0;0.0;0.0;0.0;0
5086;18.7;0.0;0.0;0.0;0.0;0.0;0.0;0.0;0.0;0
5087;18.3;0.0;0.0;0.0;0.0;0.0;0.0;0.0;0.0;0
5088;18.0;0.0;0.0;0.0;0.0;0.0;0.0;0.0;0.0;0
5089;17.8;0.0;0.0;0.0;0.0;0.0;0.0;0.0;0.0;0
5090;17.5;0.0;0.0;0.0;0.0;0.0;0.0;0.0;0.0;0
5091;17.2;0.0;0.0;0.0;0.0;0.0;0.0;0.0;0.0;0
5092;17.0;0.0;0.0;0.0;0.0;0.0;0.0;0.0;0.0;0
5093;16.8;0.6;0.6;0.6;0.6;0.6;0.6;0.6;0.6;1
5094;17.3;8.08;10.63;11.23;9.52;7.3;7.3;7.3;7.3;13
5095;18.5;42.5;50.71;54.16;50.79;42.56;42.5;42.5;42.5;75
5096;20.1;99.2;141.37;176.17;165.88;116.53;99.2;99.2;99.2;207
5097;21.3;138.6;162.2;206.23;210.65;172.86;138.6;138.6;138.6;286
5098;23.0;171.9;174.98;303.26;354.6;298.91;171.9;171.9;171.9;459
5099;24.6;186.5;186.5;292.23;423.65;416.15;274.12;186.5;186.5;600
5100;25.3;175.5;175.5;175.5;432.46;538.9;432.46;175.5;175.5;740
5101;26.4;201.1;201.1;201.1;316.5;503.55;513.43;340.35;201.1;716
5102;25.8;226.6;226.6;226.6;226.6;365.27;426.06;370.02;229.96;566
5103;27.1;206.1;206.1;206.1;206.1;357.15;523.76;504.29;310.14;586
5104;27.7;189.0;189.0;189.0;189.0;257.63;453.07;493.81;356.01;480
5105;27.3;155.1;155.1;155.1;155.1;157.43;478.4;609.99;475.11;421
5106;25.0;170.4;120.4;120.4;120.4;120.4;262.71;371.66;333.42;254
5107;24.1;58.7;41.8;41.8;41.8;41.8;58.5;82.31;82.4;73
5108;21.3;16.9;16.9;16.9;16.9;16.9;16.9;16.9;16.9;29
5109;18.4;3.0;3.0;3.0;3.0;3.0;3.0;3.0;3.0;5
5110;18.2;0.0;0.0;0.0;0.0;0.0;0.0;0.0;0.0;0
5111;17.7;0.0;0.0;0.0;0.0;0.0;0.0;0.0;0.0;0
5112;16.8;0.0;0.0;0.0;0.0;0.0;0.0;0.0;0.0;0
5113;15.3;0.0;0.0;0.0;0.0;0.0;0.0;0.0;0.0;0
5114;14.7;0.0;0.0;0.0;0.0;0.0;0.0;0.0;0.0;0
5115;14.3;0.0;0.0;0.0;0.0;0.0;0.0;0.0;0.0;0
5116;13.9;0.0;0.0;0.0;0.0;0.0;0.0;0.0;0.0;0
5117;13.9;0.6;0.6;0.6;0.6;0.6;0.6;0.6;0.6;1
5118;14.7;15.56;20.75;21.98;18.54;14.0;14.0;14.0;14.0;25
5119;16.3;56.7;121.12;148.56;122.2;57.47;56.7;56.7;56.7;127
5120;17.7;99.1;170.97;230.89;213.61;129.25;99.1;99.1;99.1;236
5121;18.3;139.8;176.15;244.93;252.12;193.52;139.8;139.8;139.8;318
5122;19.7;173.1;175.32;289.82;335.95;286.68;173.1;173.1;173.1;441
5123;20.5;154.4;154.4;312.98;511.44;500.75;287.17;154.4;154.4;689
5124;20.8;155.3;155.3;155.3;459.27;585.18;459.27;155.3;155.3;783
5125;21.3;167.0;167.0;167.0;327.45;585.56;598.48;358.65;167.0;800
5126;21.6;222.1;222.1;222.1;222.1;394.02;468.6;398.78;225.46;601
5127;22.5;207.3;207.3;207.3;207.3;351.08;507.92;488.67;304.6;573
5128;21.4;183.6;183.6;183.6;183.6;272.98;523.08;574.32;396.68;516
5129;22.0;154.8;154.8;154.8;154.8;158.46;467.18;592.92;462.01;413
5130;21.5;236.52;116.2;116.2;116.2;116.2;465.43;730.41;635.59;322
5131;20.3;487.89;76.6;76.6;76.6;76.6;488.34;1070.17;1069.99;206
5132;18.8;24.9;24.9;24.9;24.9;24.9;24.9;24.9;24.9;44
5133;17.5;1.2;1.2;1.2;1.2;1.2;1.2;1.2;1.2;2
5134;17.4;0.0;0.0;0.0;0.0;0.0;0.0;0.0;0.0;0
5135;16.2;0.0;0.0;0.0;0.0;0.0;0.0;0.0;0.0;0
5136;15.6;0.0;0.0;0.0;0.0;0.0;0.0;0.0;0.0;0
5137;15.2;0.0;0.0;0.0;0.0;0.0;0.0;0.0;0.0;0
5138;15.8;0.0;0.0;0.0;0.0;0.0;0.0;0.0;0.0;0
5139;14.7;0.0;0.0;0.0;0.0;0.0;0.0;0.0;0.0;0
5140;15.0;0.0;0.0;0.0;0.0;0.0;0.0;0.0;0.0;0
5141;14.9;0.6;0.6;0.6;0.6;0.6;0.6;0.6;0.6;1
5142;15.2;8.68;11.32;11.95;10.21;7.9;7.9;7.9;7.9;14
5143;15.7;37.6;44.25;47.12;44.41;37.71;37.6;37.6;37.6;66
5144;16.4;84.0;94.17;102.74;100.33;88.36;84.0;84.0;84.0;150
5145;18.7;138.6;174.83;244.35;251.92;193.11;138.6;138.6;138.6;316
5146;18.7;174.1;175.4;263.22;298.84;261.39;174.1;174.1;174.1;406
5147;20.2;202.1;202.1;253.47;318.21;314.93;245.56;202.1;202.1;476
5148;19.4;217.8;217.8;217.8;337.88;387.62;337.88;217.8;217.8;568
5149;21.5;185.7;185.7;185.7;323.88;544.46;554.88;349.05;185.7;752
5150;21.7;226.0;226.0;226.0;226.0;360.38;418.04;363.21;228.0;555
5151;22.2;198.7;198.7;198.7;198.7;378.8;573.12;548.1;318.41;612
5152;22.5;187.5;187.5;187.5;187.5;258.29;452.9;492.05;352.8;475
5153;22.1;151.4;151.4;151.4;151.4;152.62;226.28;256.08;224.56;289
5154;17.9;68.61;64.7;64.7;64.7;64.7;76.27;84.97;81.8;112
5155;16.0;54.73;41.1;41.1;41.1;41.1;54.93;74.28;74.2;71
5156;16.2;53.5;53.5;53.5;53.5;53.5;53.5;53.5;53.5;115
5157;14.9;11.4;11.4;11.4;11.4;11.4;11.4;11.4;11.4;19
5158;14.3;0.0;0.0;0.0;0.0;0.0;0.0;0.0;0.0;0
5159;13.7;0.0;0.0;0.0;0.0;0.0;0.0;0.0;0.0;0
5160;14.1;0.0;0.0;0.0;0.0;0.0;0.0;0.0;0.0;0
5161;13.1;0.0;0.0;0.0;0.0;0.0;0.0;0.0;0.0;0
5162;12.2;0.0;0.0;0.0;0.0;0.0;0.0;0.0;0.0;0
5163;12.9;0.0;0.0;0.0;0.0;0.0;0.0;0.0;0.0;0
5164;11.6;0.0;0.0;0.0;0.0;0.0;0.0;0.0;0.0;0
5165;10.8;1.2;1.2;1.2;1.2;1.2;1.2;1.2;1.2;2
5166;11.7;14.64;22.7;24.67;19.39;12.3;12.3;12.3;12.3;23
5167;13.9;53.5;85.31;99.17;86.27;54.18;53.5;53.5;53.5;105
5168;16.1;96.8;180.09;251.0;231.59;133.21;96.8;96.8;96.8;243
5169;18.3;137.7;179.12;259.74;268.87;201.17;137.7;137.7;137.7;327
5170;18.6;164.6;164.84;189.09;198.99;188.75;164.6;164.6;164.6;306
5171;18.9;198.0;198.0;222.11;252.71;251.26;218.61;198.0;198.0;395
5172;20.6;214.7;214.7;214.7;350.31;406.48;350.31;214.7;214.7;587
5173;20.4;189.0;189.0;189.0;323.75;537.23;546.72;346.66;189.0;740
5174;20.2;226.1;226.1;226.1;226.1;347.47;398.98;349.21;227.33;536
5175;20.1;171.5;171.5;171.5;171.5;183.98;197.29;195.49;179.64;305
5176;20.1;153.2;153.2;153.2;153.2;160.63;180.71;184.67;170.2;272
5177;20.0;135.1;135.1;135.1;135.1;135.78;167.87;180.77;166.91;241
5178;19.0;100.58;91.2;91.2;91.2;91.2;119.55;140.68;132.81;162
5179;19.0;105.26;62.7;62.7;62.7;62.7;106.49;167.19;166.68;112
5180;17.8;23.0;23.0;23.0;23.0;23.0;23.0;23.0;23.0;40
5181;15.9;3.0;3.0;3.0;3.0;3.0;3.0;3.0;3.0;5
5182;15.1;0.0;0.0;0.0;0.0;0.0;0.0;0.0;0.0;0
5183;14.2;0.0;0.0;0.0;0.0;0.0;0.0;0.0;0.0;0
5184;14.1;0.0;0.0;0.0;0.0;0.0;0.0;0.0;0.0;0
5185;13.5;0.0;0.0;0.0;0.0;0.0;0.0;0.0;0.0;0
5186;13.9;0.0;0.0;0.0;0.0;0.0;0.0;0.0;0.0;0
5187;13.1;0.0;0.0;0.0;0.0;0.0;0.0;0.0;0.0;0
5188;12.5;0.0;0.0;0.0;0.0;0.0;0.0;0.0;0.0;0
5189;12.8;0.0;0.0;0.0;0.0;0.0;0.0;0.0;0.0;0
5190;13.6;6.0;6.0;6.0;6.0;6.0;6.0;6.0;6.0;10
5191;14.3;33.9;38.96;41.19;39.15;34.03;33.9;33.9;33.9;59
5192;15.5;81.5;90.87;98.94;96.79;85.68;81.5;81.5;81.5;145
5193;17.0;128.2;135.96;151.29;153.09;140.31;128.2;128.2;128.2;232
5194;18.4;173.1;173.55;256.7;290.88;256.07;173.1;173.1;173.1;396
5195;18.5;198.2;198.2;265.93;352.48;348.66;256.7;198.2;198.2;512
5196;20.3;196.9;196.9;196.9;397.7;480.87;397.7;196.9;196.9;664
5197;20.7;173.5;173.5;173.5;329.93;575.87;586.1;354.63;173.5;775
5198;20.6;180.0;180.0;180.0;180.0;523.44;667.55;526.06;181.85;745
5199;20.9;198.8;198.8;198.8;198.8;378.32;567.69;540.97;313.81;603
5200;21.0;184.9;184.9;184.9;184.9;214.95;294.72;310.16;252.22;374
5201;21.3;147.9;147.9;147.9;147.9;157.93;541.41;694.37;527.22;434
5202;20.1;170.33;117.2;117.2;117.2;117.2;281.36;402.49;356.49;252
5203;19.8;211.87;73.6;73.6;73.6;73.6;217.87;415.9;413.41;146
5204;17.6;27.4;27.4;27.4;27.4;27.4;27.4;27.4;27.4;49
5205;14.7;0.0;0.0;0.0;0.0;0.0;0.0;0.0;0.0;0
5206;13.5;0.0;0.0;0.0;0.0;0.0;0.0;0.0;0.0;0
5207;13.4;0.0;0.0;0.0;0.0;0.0;0.0;0.0;0.0;0
5208;12.5;0.0;0.0;0.0;0.0;0.0;0.0;0.0;0.0;0
5209;12.4;0.0;0.0;0.0;0.0;0.0;0.0;0.0;0.0;0
5210;11.5;0.0;0.0;0.0;0.0;0.0;0.0;0.0;0.0;0
5211;11.1;0.0;0.0;0.0;0.0;0.0;0.0;0.0;0.0;0
5212;10.9;0.0;0.0;0.0;0.0;0.0;0.0;0.0;0.0;0
5213;11.1;0.6;0.6;0.6;0.6;0.6;0.6;0.6;0.6;1
5214;11.4;12.84;21.22;23.31;17.9;10.5;10.5;10.5;10.5;20
5215;14.3;52.8;113.93;141.18;116.66;54.73;52.8;52.8;52.8;118
5216;17.4;90.1;214.01;321.81;293.88;146.58;90.1;90.1;90.1;271
5217;19.8;121.0;210.99;391.4;413.42;264.14;121.0;121.0;121.0;415
5218;19.9;142.5;142.66;390.78;493.45;390.55;142.5;142.5;142.5;555
5219;21.7;190.7;190.7;280.33;395.67;390.94;268.92;190.7;190.7;557
5220;21.2;196.8;196.8;196.8;211.91;218.16;211.91;196.8;196.8;353
5221;21.5;172.5;172.5;172.5;178.22;187.15;187.5;179.06;172.5;305
5222;21.6;221.8;221.8;221.8;221.8;286.9;313.91;286.96;221.84;453
5223;21.2;199.2;199.2;199.2;199.2;222.68;247.17;243.56;213.96;367
5224;20.6;171.9;171.9;171.9;171.9;182.42;209.85;215.05;194.97;309
5225;20.2;87.2;87.2;87.2;87.2;87.63;101.39;106.84;100.78;152
5226;19.3;64.41;60.5;60.5;60.5;60.5;72.84;81.86;78.36;105
5227;19.4;82.05;51.0;51.0;51.0;51.0;83.86;128.52;127.77;90
5228;18.8;12.1;12.1;12.1;12.1;12.1;12.1;12.1;12.1;21
5229;17.9;1.2;1.2;1.2;1.2;1.2;1.2;1.2;1.2;2
5230;17.1;0.0;0.0;0.0;0.0;0.0;0.0;0.0;0.0;0
5231;17.4;0.0;0.0;0.0;0.0;0.0;0.0;0.0;0.0;0
5232;17.4;0.0;0.0;0.0;0.0;0.0;0.0;0.0;0.0;0
5233;17.1;0.0;0.0;0.0;0.0;0.0;0.0;0.0;0.0;0
5234;16.7;0.0;0.0;0.0;0.0;0.0;0.0;0.0;0.0;0
5235;16.7;0.0;0.0;0.0;0.0;0.0;0.0;0.0;0.0;0
5236;16.7;0.0;0.0;0.0;0.0;0.0;0.0;0.0;0.0;0
5237;16.7;0.0;0.0;0.0;0.0;0.0;0.0;0.0;0.0;0
5238;16.4;11.68;14.53;15.25;13.42;10.9;10.9;10.9;10.9;19
5239;17.5;52.1;132.51;168.76;136.68;55.05;52.1;52.1;52.1;126
5240;18.7;90.4;206.95;309.47;283.67;144.65;90.4;90.4;90.4;264
5241;19.7;126.5;201.8;355.07;374.45;248.58;126.5;126.5;126.5;390
5242;20.5;155.1;155.1;353.67;436.73;354.82;155.91;155.1;155.1;511
5243;21.2;199.5;199.5;240.0;292.48;290.5;235.21;199.5;199.5;440
5244;20.8;168.3;168.3;168.3;178.99;183.41;178.99;168.3;168.3;298
5245;21.4;156.5;156.5;156.5;161.21;168.49;168.75;161.84;156.5;275
5246;20.8;206.0;206.0;206.0;206.09;227.09;235.74;226.97;206.0;370
5247;20.7;210.5;210.5;210.5;210.5;295.1;382.33;368.9;262.68;475
5248;20.8;154.5;154.5;154.5;154.5;162.88;184.34;188.33;172.5;275
5249;20.9;145.0;145.0;145.0;145.0;146.76;195.39;214.5;192.9;265
5250;21.0;187.28;115.4;115.4;115.4;115.4;347.67;515.76;449.32;269
5251;19.2;104.95;61.4;61.4;61.4;61.4;108.17;171.09;169.75;109
5252;18.4;8.4;8.4;8.4;8.4;8.4;8.4;8.4;8.4;14
5253;17.6;0.0;0.0;0.0;0.0;0.0;0.0;0.0;0.0;0
5254;17.1;0.0;0.0;0.0;0.0;0.0;0.0;0.0;0.0;0
5255;16.2;0.0;0.0;0.0;0.0;0.0;0.0;0.0;0.0;0
5256;15.3;0.0;0.0;0.0;0.0;0.0;0.0;0.0;0.0;0
5257;15.6;0.0;0.0;0.0;0.0;0.0;0.0;0.0;0.0;0
5258;15.5;0.0;0.0;0.0;0.0;0.0;0.0;0.0;0.0;0
5259;15.1;0.0;0.0;0.0;0.0;0.0;0.0;0.0;0.0;0
5260;14.7;0.0;0.0;0.0;0.0;0.0;0.0;0.0;0.0;0
5261;14.4;0.0;0.0;0.0;0.0;0.0;0.0;0.0;0.0;0
5262;14.8;3.6;3.6;3.6;3.6;3.6;3.6;3.6;3.6;6
5263;16.1;18.7;20.42;21.21;20.53;18.77;18.7;18.7;18.7;32
5264;16.1;17.4;17.4;17.4;17.4;17.4;17.4;17.4;17.4;29
5265;16.1;50.1;51.15;53.31;53.59;51.83;50.1;50.1;50.1;86
5266;18.2;160.1;160.1;179.21;187.3;179.46;160.27;160.1;160.1;291
5267;20.0;198.4;198.4;235.64;284.25;282.58;231.59;198.4;198.4;429
5268;20.1;217.9;217.9;217.9;295.58;327.75;295.58;217.9;217.9;489
5269;21.2;220.8;220.8;220.8;242.74;276.44;277.55;245.42;220.8;433
5270;21.1;222.6;222.6;222.6;223.38;310.7;346.42;309.6;222.6;481
5271;20.8;209.2;209.2;209.2;209.2;284.18;360.59;348.32;254.56;457
5272;21.3;182.8;182.8;182.8;182.8;265.34;473.13;510.86;356.41;473
5273;21.6;109.9;109.9;109.9;109.9;140.35;878.76;1166.78;835.69;534
5274;19.6;175.54;114.6;114.6;114.6;114.6;316.18;460.61;402.36;256
5275;19.6;694.84;67.9;67.9;67.9;67.9;751.23;1360.0;1360.0;204
5276;18.0;33.2;33.2;33.2;33.2;33.2;33.2;33.2;33.2;72
5277;15.8;1.2;1.2;1.2;1.2;1.2;1.2;1.2;1.2;2
5278;14.7;0.0;0.0;0.0;0.0;0.0;0.0;0.0;0.0;0
5279;13.6;0.0;0.0;0.0;0.0;0.0;0.0;0.0;0.0;0
5280;13.5;0.0;0.0;0.0;0.0;0.0;0.0;0.0;0.0;0
5281;14.3;0.0;0.0;0.0;0.0;0.0;0.0;0.0;0.0;0
5282;12.1;0.0;0.0;0.0;0.0;0.0;0.0;0.0;0.0;0
5283;11.1;0.0;0.0;0.0;0.0;0.0;0.0;0.0;0.0;0
5284;10.7;0.0;0.0;0.0;0.0;0.0;0.0;0.0;0.0;0
5285;11.0;0.0;0.0;0.0;0.0;0.0;0.0;0.0;0.0;0
5286;12.2;10.48;13.45;14.22;12.35;9.7;9.7;9.7;9.7;17
5287;14.7;49.7;89.67;108.11;92.34;51.59;49.7;49.7;49.7;102
5288;16.4;93.3;142.44;186.65;176.17;117.16;93.3;93.3;93.3;203
5289;17.7;121.8;203.12;373.9;397.01;258.9;121.8;121.8;121.8;398
5290;18.6;158.6;158.6;334.95;410.44;338.4;161.04;158.6;158.6;486
5291;19.7;185.2;185.2;283.56;412.91;408.86;273.8;185.2;185.2;567
5292;20.1;193.8;193.8;193.8;402.87;489.46;402.87;193.8;193.8;658
5293;21.8;178.0;178.0;178.0;333.47;570.49;577.59;350.61;178.0;750
5294;22.8;183.5;183.5;183.5;188.06;519.44;654.04;513.0;183.5;720
5295;23.2;192.3;192.3;192.3;192.3;394.44;598.05;563.99;312.19;608
5296;23.3;176.1;176.1;176.1;176.1;285.34;555.58;603.52;401.09;511
5297;23.4;148.5;148.5;148.5;148.5;163.56;487.77;613.25;466.48;400
5298;23.0;110.14;99.2;99.2;99.2;99.2;136.26;162.55;151.73;177
5299;22.1;88.85;52.2;52.2;52.2;52.2;92.75;146.2;144.59;92
5300;21.0;18.2;18.2;18.2;18.2;18.2;18.2;18.2;18.2;32
5301;20.8;0.0;0.0;0.0;0.0;0.0;0.0;0.0;0.0;0
5302;19.7;0.0;0.0;0.0;0.0;0.0;0.0;0.0;0.0;0
5303;18.7;0.0;0.0;0.0;0.0;0.0;0.0;0.0;0.0;0
5304;19.4;0.0;0.0;0.0;0.0;0.0;0.0;0.0;0.0;0
5305;18.8;0.0;0.0;0.0;0.0;0.0;0.0;0.0;0.0;0
5306;18.9;0.0;0.0;0.0;0.0;0.0;0.0;0.0;0.0;0
5307;17.6;0.0;0.0;0.0;0.0;0.0;0.0;0.0;0.0;0
5308;18.5;0.0;0.0;0.0;0.0;0.0;0.0;0.0;0.0;0
5309;17.7;0.0;0.0;0.0;0.0;0.0;0.0;0.0;0.0;0
5310;17.3;4.8;4.8;4.8;4.8;4.8;4.8;4.8;4.8;8
5311;17.6;21.7;23.45;24.27;23.58;21.79;21.7;21.7;21.7;37
5312;18.0;42.3;44.89;47.25;46.71;43.59;42.3;42.3;42.3;73
5313;19.4;97.2;101.35;110.22;111.46;104.34;97.2;97.2;97.2;172
5314;19.6;109.7;109.7;117.04;120.21;117.23;109.84;109.7;109.7;192
5315;20.7;161.8;161.8;168.82;178.12;177.86;168.19;161.8;161.8;288
5316;19.5;135.2;135.2;135.2;142.56;145.61;142.56;135.2;135.2;237
5317;20.7;175.7;175.7;175.7;182.38;192.49;192.76;183.04;175.7;312
5318;18.5;108.8;108.8;108.8;108.9;114.28;116.45;114.14;108.8;188
5319;18.7;100.4;100.4;100.4;100.4;105.16;109.9;109.08;103.17;174
5320;19.0;64.5;64.5;64.5;64.5;65.79;68.91;69.45;67.09;110
5321;18.8;67.1;67.1;67.1;67.1;67.56;76.51;79.95;75.86;116
5322;19.6;102.06;91.9;91.9;91.9;91.9;127.17;151.94;141.54;164
5323;19.4;67.91;41.8;41.8;41.8;41.8;71.13;109.38;108.05;73
5324;19.1;9.6;9.6;9.6;9.6;9.6;9.6;9.6;9.6;16
5325;18.6;0.0;0.0;0.0;0.0;0.0;0.0;0.0;0.0;0
5326;18.4;0.0;0.0;0.0;0.0;0.0;0.0;0.0;0.0;0
5327;18.2;0.0;0.0;0.0;0.0;0.0;0.0;0.0;0.0;0
5328;17.7;0.0;0.0;0.0;0.0;0.0;0.0;0.0;0.0;0
5329;17.5;0.0;0.0;0.0;0.0;0.0;0.0;0.0;0.0;0
5330;17.6;0.0;0.0;0.0;0.0;0.0;0.0;0.0;0.0;0
5331;17.5;0.0;0.0;0.0;0.0;0.0;0.0;0.0;0.0;0
5332;17.3;0.0;0.0;0.0;0.0;0.0;0.0;0.0;0.0;0
5333;17.1;0.0;0.0;0.0;0.0;0.0;0.0;0.0;0.0;0
5334;17.0;2.4;2.4;2.4;2.4;2.4;2.4;2.4;2.4;4
5335;17.5;19.3;21.07;21.9;21.21;19.4;19.3;19.3;19.3;33
5336;18.5;66.8;73.74;80.13;78.71;70.32;66.8;66.8;66.8;118
5337;20.0;132.3;160.22;220.78;229.52;181.3;132.3;132.3;132.3;288
5338;20.7;167.1;167.1;277.82;326.31;281.54;169.73;167.1;167.1;416
5339;20.9;196.5;196.5;249.44;320.07;318.32;245.2;196.5;196.5;465
5340;22.5;211.0;211.0;211.0;347.13;403.52;347.13;211.0;211.0;565
5341;21.7;222.9;222.9;222.9;259.21;313.71;315.02;262.36;222.9;474
5342;22.5;177.7;177.7;177.7;185.95;536.28;676.56;524.61;177.7;727
5343;22.5;199.3;199.3;199.3;199.3;366.87;531.75;501.89;294.77;563
5344;22.4;176.1;176.1;176.1;176.1;282.87;537.87;580.95;386.88;496
5345;22.2;150.0;150.0;150.0;150.0;161.15;356.54;430.94;340.77;340
5346;21.5;241.79;103.5;103.5;103.5;103.5;596.15;938.5;791.72;320
5347;20.5;133.62;63.4;63.4;63.4;63.4;143.52;246.93;242.83;114
5348;19.2;14.5;14.5;14.5;14.5;14.5;14.5;14.5;14.5;25
5349;17.6;0.0;0.0;0.0;0.0;0.0;0.0;0.0;0.0;0
5350;15.6;0.0;0.0;0.0;0.0;0.0;0.0;0.0;0.0;0
5351;14.9;0.0;0.0;0.0;0.0;0.0;0.0;0.0;0.0;0
5352;13.7;0.0;0.0;0.0;0.0;0.0;0.0;0.0;0.0;0
5353;13.1;0.0;0.0;0.0;0.0;0.0;0.0;0.0;0.0;0
5354;12.6;0.0;0.0;0.0;0.0;0.0;0.0;0.0;0.0;0
5355;11.2;0.0;0.0;0.0;0.0;0.0;0.0;0.0;0.0;0
5356;11.7;0.0;0.0;0.0;0.0;0.0;0.0;0.0;0.0;0
5357;10.2;0.0;0.0;0.0;0.0;0.0;0.0;0.0;0.0;0
5358;10.5;9.6;9.6;9.6;9.6;9.6;9.6;9.6;9.6;16
5359;14.1;47.3;109.66;139.49;115.31;51.3;47.3;47.3;47.3;108
5360;16.9;84.8;206.63;320.13;295.77;147.84;84.8;84.8;84.8;258
5361;18.5;113.2;205.17;408.05;438.21;277.98;113.2;113.2;113.2;412
5362;20.0;125.7;125.7;419.4;549.53;431.38;134.18;125.7;125.7;572
5363;21.4;141.6;141.6;313.92;545.5;540.49;301.81;141.6;141.6;681
5364;21.6;147.8;147.8;147.8;481.24;619.35;481.24;147.8;147.8;763
5365;22.6;150.8;150.8;150.8;347.61;640.82;646.98;362.48;150.8;798
5366;22.9;156.2;156.2;156.2;168.17;587.67;754.43;570.75;156.2;772
5367;23.2;174.0;174.0;174.0;174.0;443.31;705.17;655.88;324.31;655
5368;23.0;179.5;179.5;179.5;179.5;266.4;470.34;503.91;347.45;460
5369;22.9;148.6;148.6;148.6;148.6;158.66;319.61;380.38;305.38;321
5370;22.9;174.27;110.2;110.2;110.2;110.2;344.49;505.6;435.09;252
5371;22.1;295.15;66.6;66.6;66.6;66.6;331.52;669.8;654.73;136
5372;19.1;23.4;23.4;23.4;23.4;23.4;23.4;23.4;23.4;44
5373;17.6;0.0;0.0;0.0;0.0;0.0;0.0;0.0;0.0;0
5374;14.8;0.0;0.0;0.0;0.0;0.0;0.0;0.0;0.0;0
5375;14.8;0.0;0.0;0.0;0.0;0.0;0.0;0.0;0.0;0
5376;15.3;0.0;0.0;0.0;0.0;0.0;0.0;0.0;0.0;0
5377;13.1;0.0;0.0;0.0;0.0;0.0;0.0;0.0;0.0;0
5378;12.4;0.0;0.0;0.0;0.0;0.0;0.0;0.0;0.0;0
5379;12.4;0.0;0.0;0.0;0.0;0.0;0.0;0.0;0.0;0
5380;12.3;0.0;0.0;0.0;0.0;0.0;0.0;0.0;0.0;0
5381;12.7;0.0;0.0;0.0;0.0;0.0;0.0;0.0;0.0;0
5382;13.2;7.8;7.8;7.8;7.8;7.8;7.8;7.8;7.8;13
5383;16.0;43.4;57.78;64.74;59.2;44.41;43.4;43.4;43.4;79
5384;18.5;89.4;131.31;170.82;162.63;111.55;89.4;89.4;89.4;189
5385;20.9;129.9;173.97;272.85;288.0;210.53;129.9;129.9;129.9;324
5386;22.6;161.0;161.0;309.11;375.5;316.23;166.03;161.0;161.0;450
5387;24.9;178.1;178.1;286.83;434.04;431.32;280.27;178.1;178.1;576
5388;26.3;187.1;187.1;187.1;415.03;509.44;415.03;187.1;187.1;661
5389;27.8;189.3;189.3;189.3;331.12;540.78;544.56;340.22;189.3;703
5390;28.1;186.4;186.4;186.4;197.02;513.96;639.01;498.93;186.4;694
5391;28.3;191.8;191.8;191.8;191.8;393.05;586.43;548.63;301.81;588
5392;26.7;150.3;150.3;150.3;150.3;159.99;182.34;185.92;168.63;268
5393;27.6;144.8;144.8;144.8;144.8;151.84;255.42;294.19;245.45;288
5394;27.6;172.18;108.9;108.9;108.9;108.9;346.65;508.42;436.15;249
5395;25.9;33.9;33.9;33.9;33.9;33.9;33.9;33.9;33.9;59
5396;24.9;15.8;15.8;15.8;15.8;15.8;15.8;15.8;15.8;28
5397;22.7;0.0;0.0;0.0;0.0;0.0;0.0;0.0;0.0;0
5398;23.3;0.0;0.0;0.0;0.0;0.0;0.0;0.0;0.0;0
5399;23.0;0.0;0.0;0.0;0.0;0.0;0.0;0.0;0.0;0
5400;21.9;0.0;0.0;0.0;0.0;0.0;0.0;0.0;0.0;0
5401;21.2;0.0;0.0;0.0;0.0;0.0;0.0;0.0;0.0;0
5402;21.5;0.0;0.0;0.0;0.0;0.0;0.0;0.0;0.0;0
5403;19.3;0.0;0.0;0.0;0.0;0.0;0.0;0.0;0.0;0
5404;18.4;0.0;0.0;0.0;0.0;0.0;0.0;0.0;0.0;0
5405;18.2;0.0;0.0;0.0;0.0;0.0;0.0;0.0;0.0;0
5406;18.1;1.2;1.2;1.2;1.2;1.2;1.2;1.2;1.2;2
5407;18.2;15.1;16.91;17.8;17.11;15.24;15.1;15.1;15.1;26
5408;20.0;74.8;83.56;91.92;90.25;79.53;74.8;74.8;74.8;133
5409;21.9;129.5;169.97;262.35;276.91;205.12;129.5;129.5;129.5;315
5410;23.8;150.3;150.3;349.28;439.49;360.3;158.1;150.3;150.3;493
5411;24.1;173.0;173.0;291.19;452.39;449.92;285.24;173.0;173.0;590
5412;25.2;194.9;194.9;194.9;395.76;478.96;395.76;194.9;194.9;629
5413;25.6;215.8;215.8;215.8;300.76;425.4;427.27;305.26;215.8;588
5414;25.4;218.4;218.4;218.4;222.58;330.98;373.43;325.07;218.4;494
5415;24.9;108.3;108.3;108.3;108.3;114.02;119.45;118.35;111.36;188
5416;25.0;142.2;142.2;142.2;142.2;150.71;170.01;173.01;157.97;252
5417;24.3;57.9;57.9;57.9;57.9;58.31;63.93;66.01;63.34;99
5418;22.6;32.08;31.3;31.3;31.3;31.3;34.32;36.35;35.42;53
5419;22.5;34.5;34.5;34.5;34.5;34.5;34.5;34.5;34.5;60
5420;21.1;12.1;12.1;12.1;12.1;12.1;12.1;12.1;12.1;21
5421;20.3;0.0;0.0;0.0;0.0;0.0;0.0;0.0;0.0;0
5422;20.3;0.0;0.0;0.0;0.0;0.0;0.0;0.0;0.0;0
5423;20.7;0.0;0.0;0.0;0.0;0.0;0.0;0.0;0.0;0
5424;19.6;0.0;0.0;0.0;0.0;0.0;0.0;0.0;0.0;0
5425;19.5;0.0;0.0;0.0;0.0;0.0;0.0;0.0;0.0;0
5426;19.3;0.0;0.0;0.0;0.0;0.0;0.0;0.0;0.0;0
5427;18.6;0.0;0.0;0.0;0.0;0.0;0.0;0.0;0.0;0
5428;18.6;0.0;0.0;0.0;0.0;0.0;0.0;0.0;0.0;0
5429;18.1;0.0;0.0;0.0;0.0;0.0;0.0;0.0;0.0;0
5430;18.0;2.4;2.4;2.4;2.4;2.4;2.4;2.4;2.4;4
5431;18.4;15.7;17.53;18.44;17.74;15.85;15.7;15.7;15.7;27
5432;18.7;35.0;36.76;38.46;38.13;35.97;35.0;35.0;35.0;60
5433;19.3;69.0;71.03;75.75;76.51;72.88;69.0;69.0;69.0;120
5434;20.1;112.8;112.8;121.06;124.85;121.58;113.17;112.8;112.8;198
5435;20.5;184.4;184.4;198.85;218.71;218.47;198.27;184.4;184.4;344
5436;21.0;133.9;133.9;133.9;141.14;144.14;141.14;133.9;133.9;234
5437;21.3;156.0;156.0;156.0;161.67;169.94;170.04;161.91;156.0;275
5438;21.6;203.4;203.4;203.4;204.5;229.73;239.54;228.18;203.4;369
5439;20.9;124.8;124.8;124.8;124.8;132.55;139.83;138.3;128.86;218
5440;20.4;139.8;139.8;139.8;139.8;148.53;167.97;170.91;155.62;248
5441;19.8;124.2;124.2;124.2;124.2;126.9;160.97;173.5;157.15;222
5442;19.9;136.33;104.3;104.3;104.3;104.3;231.62;316.39;276.92;208
5443;19.2;62.2;62.2;62.2;62.2;62.2;62.2;62.2;62.2;122
5444;17.7;17.7;17.7;17.7;17.7;17.7;17.7;17.7;17.7;32
5445;16.4;0.0;0.0;0.0;0.0;0.0;0.0;0.0;0.0;0
5446;19.2;0.0;0.0;0.0;0.0;0.0;0.0;0.0;0.0;0
5447;12.2;0.0;0.0;0.0;0.0;0.0;0.0;0.0;0.0;0
5448;12.1;0.0;0.0;0.0;0.0;0.0;0.0;0.0;0.0;0
5449;12.5;0.0;0.0;0.0;0.0;0.0;0.0;0.0;0.0;0
5450;13.2;0.0;0.0;0.0;0.0;0.0;0.0;0.0;0.0;0
5451;14.0;0.0;0.0;0.0;0.0;0.0;0.0;0.0;0.0;0
5452;14.3;0.0;0.0;0.0;0.0;0.0;0.0;0.0;0.0;0
5453;14.1;0.0;0.0;0.0;0.0;0.0;0.0;0.0;0.0;0
5454;14.0;2.4;2.4;2.4;2.4;2.4;2.4;2.4;2.4;4
5455;15.1;16.9;18.75;19.68;18.98;17.06;16.9;16.9;16.9;29
5456;15.7;42.9;45.55;48.13;47.66;44.39;42.9;42.9;42.9;74
5457;17.1;122.8;134.25;161.34;165.85;145.14;122.8;122.8;122.8;233
5458;19.3;164.1;164.1;253.47;294.93;259.75;168.54;164.1;164.1;381
5459;20.9;190.6;190.6;257.35;349.75;348.92;255.35;190.6;190.6;486
5460;22.0;162.1;162.1;162.1;463.5;588.35;463.5;162.1;162.1;716
5461;22.5;179.2;179.2;179.2;340.11;572.66;574.72;345.09;179.2;717
5462;21.2;216.7;216.7;216.7;222.11;333.11;375.93;325.47;216.7;492
5463;22.2;183.3;183.3;183.3;183.3;417.87;635.28;587.93;303.55;603
5464;23.3;147.3;147.3;147.3;147.3;342.64;770.28;832.99;494.03;573
5465;22.7;128.1;128.1;128.1;128.1;172.56;695.54;886.13;632.67;441
5466;21.8;157.16;105.6;105.6;105.6;105.6;316.68;455.68;389.6;231
5467;20.8;51.7;51.7;51.7;51.7;51.7;51.7;51.7;51.7;92
5468;18.5;12.1;12.1;12.1;12.1;12.1;12.1;12.1;12.1;21
5469;16.9;0.0;0.0;0.0;0.0;0.0;0.0;0.0;0.0;0
5470;17.0;0.0;0.0;0.0;0.0;0.0;0.0;0.0;0.0;0
5471;16.4;0.0;0.0;0.0;0.0;0.0;0.0;0.0;0.0;0
5472;17.9;0.0;0.0;0.0;0.0;0.0;0.0;0.0;0.0;0
5473;17.3;0.0;0.0;0.0;0.0;0.0;0.0;0.0;0.0;0
5474;17.0;0.0;0.0;0.0;0.0;0.0;0.0;0.0;0.0;0
5475;16.8;0.0;0.0;0.0;0.0;0.0;0.0;0.0;0.0;0
5476;16.8;0.0;0.0;0.0;0.0;0.0;0.0;0.0;0.0;0
5477;16.8;0.0;0.0;0.0;0.0;0.0;0.0;0.0;0.0;0
5478;15.9;4.8;4.8;4.8;4.8;4.8;4.8;4.8;4.8;8
5479;17.0;39.7;52.77;59.41;54.51;40.93;39.7;39.7;39.7;72
5480;18.5;85.8;133.62;180.94;172.53;113.32;85.8;85.8;85.8;188
5481;19.7;125.3;143.06;185.84;193.15;160.72;125.3;125.3;125.3;253
5482;21.3;163.1;163.1;254.47;297.34;261.58;168.13;163.1;163.1;381
5483;19.8;191.9;191.9;233.46;291.42;291.09;232.65;191.9;191.9;424
5484;22.3;206.0;206.0;206.0;350.81;410.79;350.81;206.0;206.0;555
5485;21.5;218.5;218.5;218.5;283.37;376.4;376.94;284.67;218.5;530
5486;20.0;215.7;215.7;215.7;220.88;317.19;354.04;309.86;215.7;472
5487;22.2;160.5;160.5;160.5;160.5;479.27;771.18;705.36;320.37;665
5488;20.9;160.5;160.5;160.5;160.5;317.97;656.81;704.93;434.12;525
5489;21.0;118.8;118.8;118.8;118.8;174.82;791.56;1014.21;712.34;463
5490;19.9;250.58;91.2;91.2;91.2;91.2;763.75;1201.71;989.15;322
5491;19.1;60.2;60.2;60.2;60.2;60.2;60.2;60.2;60.2;157
5492;17.2;12.8;12.8;12.8;12.8;12.8;12.8;12.8;12.8;23
5493;15.9;0.0;0.0;0.0;0.0;0.0;0.0;0.0;0.0;0
5494;12.8;0.0;0.0;0.0;0.0;0.0;0.0;0.0;0.0;0
5495;12.4;0.0;0.0;0.0;0.0;0.0;0.0;0.0;0.0;0
5496;13.4;0.0;0.0;0.0;0.0;0.0;0.0;0.0;0.0;0
5497;11.7;0.0;0.0;0.0;0.0;0.0;0.0;0.0;0.0;0
5498;12.4;0.0;0.0;0.0;0.0;0.0;0.0;0.0;0.0;0
5499;13.5;0.0;0.0;0.0;0.0;0.0;0.0;0.0;0.0;0
5500;12.8;0.0;0.0;0.0;0.0;0.0;0.0;0.0;0.0;0
5501;12.3;0.0;0.0;0.0;0.0;0.0;0.0;0.0;0.0;0
5502;11.2;6.6;6.6;6.6;6.6;6.6;6.6;6.6;6.6;11
5503;14.2;40.9;88.04;112.31;94.75;45.65;40.9;40.9;40.9;89
5504;16.3;81.7;183.92;286.35;268.9;141.79;81.7;81.7;81.7;232
5505;18.5;107.0;195.7;413.25;451.41;287.82;107.0;107.0;107.0;400
5506;19.7;128.4;128.4;402.27;532.26;425.67;144.95;128.4;128.4;539
5507;20.5;142.9;142.9;309.87;544.44;543.8;308.32;142.9;142.9;654
5508;20.8;195.5;195.5;195.5;388.79;468.86;388.79;195.5;195.5;605
5509;21.3;210.3;210.3;210.3;306.77;444.09;444.47;307.67;210.3;593
5510;22.0;214.5;214.5;214.5;219.97;312.83;348.09;305.09;214.5;465
5511;22.5;200.3;200.3;200.3;200.3;285.27;362.15;344.22;241.98;438
5512;22.2;174.8;174.8;174.8;174.8;260.49;441.76;466.64;320.57;428
5513;21.1;71.4;71.4;71.4;71.4;72.54;84.32;88.54;82.71;124
5514;20.5;35.36;33.8;33.8;33.8;33.8;40.6;44.98;42.81;58
5515;19.9;20.5;20.5;20.5;20.5;20.5;20.5;20.5;20.5;35
5516;18.4;1.2;1.2;1.2;1.2;1.2;1.2;1.2;1.2;2
5517;17.8;0.0;0.0;0.0;0.0;0.0;0.0;0.0;0.0;0
5518;17.1;0.0;0.0;0.0;0.0;0.0;0.0;0.0;0.0;0
5519;16.1;0.0;0.0;0.0;0.0;0.0;0.0;0.0;0.0;0
5520;16.3;0.0;0.0;0.0;0.0;0.0;0.0;0.0;0.0;0
5521;16.0;0.0;0.0;0.0;0.0;0.0;0.0;0.0;0.0;0
5522;15.3;0.0;0.0;0.0;0.0;0.0;0.0;0.0;0.0;0
5523;15.0;0.0;0.0;0.0;0.0;0.0;0.0;0.0;0.0;0
5524;15.2;0.0;0.0;0.0;0.0;0.0;0.0;0.0;0.0;0
5525;14.7;0.0;0.0;0.0;0.0;0.0;0.0;0.0;0.0;0
5526;14.2;1.2;1.2;1.2;1.2;1.2;1.2;1.2;1.2;2
5527;14.9;10.2;10.2;10.2;10.2;10.2;10.2;10.2;10.2;17
5528;16.3;28.9;29.79;30.7;30.55;29.44;28.9;28.9;28.9;49
5529;17.4;65.3;66.96;71.1;71.85;68.76;65.3;65.3;65.3;113
5530;19.8;160.4;160.4;221.21;250.41;226.88;164.4;160.4;160.4;339
5531;21.0;183.9;183.9;203.09;230.26;230.27;203.12;183.9;183.9;354
5532;21.1;158.6;158.6;158.6;170.28;175.12;170.28;158.6;158.6;281
5533;21.4;185.6;185.6;185.6;194.37;206.75;206.75;194.36;185.6;331
5534;23.0;213.6;213.6;213.6;221.98;352.73;401.99;340.88;213.6;506
5535;23.6;186.1;186.1;186.1;186.1;402.56;596.03;549.37;289.91;571
5536;23.8;173.1;173.1;173.1;173.1;267.94;465.16;491.29;331.03;436
5537;22.5;134.8;134.8;134.8;134.8;141.75;209.39;233.35;199.57;253
5538;21.2;59.61;55.7;55.7;55.7;55.7;73.27;84.45;78.79;97
5539;19.2;7.2;7.2;7.2;7.2;7.2;7.2;7.2;7.2;12
5540;19.6;7.9;7.9;7.9;7.9;7.9;7.9;7.9;7.9;14
5541;18.6;0.0;0.0;0.0;0.0;0.0;0.0;0.0;0.0;0
5542;18.2;0.0;0.0;0.0;0.0;0.0;0.0;0.0;0.0;0
5543;17.3;0.0;0.0;0.0;0.0;0.0;0.0;0.0;0.0;0
5544;17.2;0.0;0.0;0.0;0.0;0.0;0.0;0.0;0.0;0
5545;16.1;0.0;0.0;0.0;0.0;0.0;0.0;0.0;0.0;0
5546;15.8;0.0;0.0;0.0;0.0;0.0;0.0;0.0;0.0;0
5547;15.5;0.0;0.0;0.0;0.0;0.0;0.0;0.0;0.0;0
5548;15.4;0.0;0.0;0.0;0.0;0.0;0.0;0.0;0.0;0
5549;14.1;0.0;0.0;0.0;0.0;0.0;0.0;0.0;0.0;0
5550;12.4;6.6;6.6;6.6;6.6;6.6;6.6;6.6;6.6;11
5551;14.7;38.9;94.74;124.22;103.73;45.26;38.9;38.9;38.9;89
5552;17.4;79.3;182.32;288.18;271.69;142.49;79.3;79.3;79.3;228
5553;18.6;116.1;180.42;344.28;374.47;253.31;116.1;116.1;116.1;356
5554;18.9;158.8;158.8;277.01;334.41;288.93;167.23;158.8;158.8;403
5555;21.0;174.6;174.6;280.35;431.14;431.65;281.59;174.6;174.6;551
5556;20.9;200.9;200.9;200.9;363.48;430.82;363.48;200.9;200.9;564
5557;22.2;167.7;167.7;167.7;351.85;610.13;609.24;349.7;167.7;727
5558;22.2;197.2;197.2;197.2;214.77;468.44;563.22;443.59;197.2;617
5559;21.2;127.3;127.3;127.3;127.3;136.45;144.52;142.51;131.59;223
5560;20.6;111.5;111.5;111.5;111.5;117.54;129.9;131.48;121.35;195
5561;20.6;95.9;95.9;95.9;95.9;98.31;120.49;128.26;117.08;169
5562;19.3;45.84;43.5;43.5;43.5;43.5;54.4;61.26;57.71;75
5563;18.6;22.3;22.3;22.3;22.3;22.3;22.3;22.3;22.3;38
5564;18.0;1.2;1.2;1.2;1.2;1.2;1.2;1.2;1.2;2
5565;15.2;0.0;0.0;0.0;0.0;0.0;0.0;0.0;0.0;0
5566;15.2;0.0;0.0;0.0;0.0;0.0;0.0;0.0;0.0;0
5567;14.7;0.0;0.0;0.0;0.0;0.0;0.0;0.0;0.0;0
5568;14.2;0.0;0.0;0.0;0.0;0.0;0.0;0.0;0.0;0
5569;13.2;0.0;0.0;0.0;0.0;0.0;0.0;0.0;0.0;0
5570;13.2;0.0;0.0;0.0;0.0;0.0;0.0;0.0;0.0;0
5571;13.0;0.0;0.0;0.0;0.0;0.0;0.0;0.0;0.0;0
5572;12.5;0.0;0.0;0.0;0.0;0.0;0.0;0.0;0.0;0
5573;12.5;0.0;0.0;0.0;0.0;0.0;0.0;0.0;0.0;0
5574;12.2;5.4;5.4;5.4;5.4;5.4;5.4;5.4;5.4;9
5575;13.2;37.6;80.43;103.33;87.73;42.76;37.6;37.6;37.6;81
5576;16.0;79.1;175.34;275.51;260.62;139.4;79.1;79.1;79.1;221
5577;17.0;118.9;172.37;311.22;337.42;235.61;118.9;118.9;118.9;334
5578;17.2;135.9;135.9;374.73;492.01;400.68;154.25;135.9;135.9;504
5579;17.6;185.8;185.8;254.71;353.72;354.36;256.26;185.8;185.8;478
5580;19.7;156.6;156.6;156.6;476.21;608.6;476.21;156.6;156.6;706
5581;18.9;214.2;214.2;214.2;285.36;384.43;383.78;283.8;214.2;527
5582;19.2;209.0;209.0;209.0;221.68;391.88;454.96;373.96;209.0;540
5583;20.2;179.8;179.8;179.8;179.8;423.24;635.6;580.96;291.32;583
5584;20.1;166.4;166.4;166.4;166.4;194.58;251.22;258.18;211.37;319
5585;17.2;64.7;64.7;64.7;64.7;65.87;76.09;79.64;74.43;112
5586;16.8;32.96;31.4;31.4;31.4;31.4;38.92;43.6;41.13;54
5587;16.1;15.1;15.1;15.1;15.1;15.1;15.1;15.1;15.1;26
5588;15.6;1.2;1.2;1.2;1.2;1.2;1.2;1.2;1.2;2
5589;14.3;0.0;0.0;0.0;0.0;0.0;0.0;0.0;0.0;0
5590;14.3;0.0;0.0;0.0;0.0;0.0;0.0;0.0;0.0;0
5591;14.1;0.0;0.0;0.0;0.0;0.0;0.0;0.0;0.0;0
5592;12.5;0.0;0.0;0.0;0.0;0.0;0.0;0.0;0.0;0
5593;10.7;0.0;0.0;0.0;0.0;0.0;0.0;0.0;0.0;0
5594;10.4;0.0;0.0;0.0;0.0;0.0;0.0;0.0;0.0;0
5595;9.7;0.0;0.0;0.0;0.0;0.0;0.0;0.0;0.0;0
5596;8.8;0.0;0.0;0.0;0.0;0.0;0.0;0.0;0.0;0
5597;10.1;0.0;0.0;0.0;0.0;0.0;0.0;0.0;0.0;0
5598;9.8;4.2;4.2;4.2;4.2;4.2;4.2;4.2;4.2;7
5599;11.0;34.9;48.68;56.14;51.16;36.65;34.9;34.9;34.9;64
5600;13.0;80.4;145.43;213.99;204.29;122.02;80.4;80.4;80.4;194
5601;15.8;113.8;177.72;347.01;379.7;256.62;113.8;113.8;113.8;353
5602;18.0;156.1;156.1;286.86;351.8;302.1;166.87;156.1;156.1;411
5603;19.9;187.3;187.3;230.92;294.05;294.65;232.36;187.3;187.3;418
5604;20.2;198.0;198.0;198.0;230.72;244.28;230.72;198.0;198.0;375
5605;18.3;201.2;201.2;201.2;214.68;233.32;233.14;214.25;201.2;367
5606;19.6;207.7;207.7;207.7;221.69;397.25;461.78;377.47;207.7;542
5607;20.6;192.0;192.0;192.0;192.0;362.51;509.45;470.43;268.31;515
5608;20.6;167.8;167.8;167.8;167.8;284.57;515.38;542.59;350.24;448
5609;19.7;84.8;84.8;84.8;84.8;86.81;103.39;109.08;100.55;148
5610;20.0;96.06;85.9;85.9;85.9;85.9;136.56;167.69;150.92;154
5611;19.2;53.2;53.2;53.2;53.2;53.2;53.2;53.2;53.2;142
5612;18.1;21.2;21.2;21.2;21.2;21.2;21.2;21.2;21.2;37
5613;15.3;0.0;0.0;0.0;0.0;0.0;0.0;0.0;0.0;0
5614;13.5;0.0;0.0;0.0;0.0;0.0;0.0;0.0;0.0;0
5615;12.7;0.0;0.0;0.0;0.0;0.0;0.0;0.0;0.0;0
5616;12.1;0.0;0.0;0.0;0.0;0.0;0.0;0.0;0.0;0
5617;11.9;0.0;0.0;0.0;0.0;0.0;0.0;0.0;0.0;0
5618;10.9;0.0;0.0;0.0;0.0;0.0;0.0;0.0;0.0;0
5619;10.8;0.0;0.0;0.0;0.0;0.0;0.0;0.0;0.0;0
5620;10.1;0.0;0.0;0.0;0.0;0.0;0.0;0.0;0.0;0
5621;9.6;0.0;0.0;0.0;0.0;0.0;0.0;0.0;0.0;0
5622;10.5;4.8;4.8;4.8;4.8;4.8;4.8;4.8;4.8;8
5623;11.2;34.9;60.79;74.99;65.71;38.38;34.9;34.9;34.9;69
5624;13.1;78.1;160.64;248.79;236.96;132.06;78.1;78.1;78.1;206
5625;15.9;107.2;182.41;385.62;425.74;279.27;107.2;107.2;107.2;372
5626;17.8;126.5;126.5;396.5;532.09;430.1;150.26;126.5;126.5;520
5627;19.5;136.1;136.1;310.02;563.62;566.79;317.67;136.1;136.1;646
5628;18.9;162.3;162.3;162.3;466.04;591.86;466.04;162.3;162.3;683
5629;20.0;207.4;207.4;207.4;304.14;436.87;435.19;300.06;207.4;569
5630;20.6;188.6;188.6;188.6;212.93;499.56;604.03;465.15;188.6;631
5631;20.9;143.8;143.8;143.8;143.8;529.46;857.78;767.85;312.37;673
5632;20.8;136.1;136.1;136.1;136.1;373.89;836.11;888.27;499.82;561
5633;20.6;109.8;109.8;109.8;109.8;194.82;863.37;1090.49;743.13;448
5634;20.0;216.53;88.4;88.4;88.4;88.4;751.46;1154.24;932.67;284
5635;18.7;53.0;53.0;53.0;53.0;53.0;53.0;53.0;53.0;130
5636;16.6;13.3;13.3;13.3;13.3;13.3;13.3;13.3;13.3;23
5637;15.7;0.0;0.0;0.0;0.0;0.0;0.0;0.0;0.0;0
5638;14.3;0.0;0.0;0.0;0.0;0.0;0.0;0.0;0.0;0
5639;13.3;0.0;0.0;0.0;0.0;0.0;0.0;0.0;0.0;0
5640;12.0;0.0;0.0;0.0;0.0;0.0;0.0;0.0;0.0;0
5641;10.7;0.0;0.0;0.0;0.0;0.0;0.0;0.0;0.0;0
5642;9.7;0.0;0.0;0.0;0.0;0.0;0.0;0.0;0.0;0
5643;9.3;0.0;0.0;0.0;0.0;0.0;0.0;0.0;0.0;0
5644;8.6;0.0;0.0;0.0;0.0;0.0;0.0;0.0;0.0;0
5645;7.9;0.0;0.0;0.0;0.0;0.0;0.0;0.0;0.0;0
5646;7.6;5.4;5.4;5.4;5.4;5.4;5.4;5.4;5.4;9
5647;9.9;34.5;76.82;100.33;85.28;40.48;34.5;34.5;34.5;75
5648;13.6;76.1;168.11;267.67;255.0;137.54;76.1;76.1;76.1;211
5649;16.9;104.8;181.48;392.92;435.58;284.48;104.8;104.8;104.8;373
5650;19.0;123.3;123.3;402.65;544.51;439.64;149.46;123.3;123.3;523
5651;20.5;137.3;137.3;308.23;559.35;563.23;317.61;137.3;137.3;638
5652;21.2;144.4;144.4;144.4;501.09;648.83;501.09;144.4;144.4;719
5653;21.7;151.0;151.0;151.0;368.4;664.55;659.86;357.09;151.0;745
5654;22.2;152.0;152.0;152.0;190.86;621.94;777.74;566.99;152.0;725
5655;22.4;143.7;143.7;143.7;143.7;530.99;856.69;764.73;308.97;667
5656;22.4;131.2;131.2;131.2;131.2;385.49;871.62;924.02;511.99;567
5657;22.2;109.7;109.7;109.7;109.7;198.24;861.72;1084.68;736.5;442
5658;21.1;208.04;88.5;88.5;88.5;88.5;731.2;1116.95;900.25;275
5659;19.2;51.4;51.4;51.4;51.4;51.4;51.4;51.4;51.4;114
5660;15.6;7.4;7.4;7.4;7.4;7.4;7.4;7.4;7.4;14
5661;13.7;0.0;0.0;0.0;0.0;0.0;0.0;0.0;0.0;0
5662;12.9;0.0;0.0;0.0;0.0;0.0;0.0;0.0;0.0;0
5663;13.2;0.0;0.0;0.0;0.0;0.0;0.0;0.0;0.0;0
5664;12.8;0.0;0.0;0.0;0.0;0.0;0.0;0.0;0.0;0
5665;11.9;0.0;0.0;0.0;0.0;0.0;0.0;0.0;0.0;0
5666;10.8;0.0;0.0;0.0;0.0;0.0;0.0;0.0;0.0;0
5667;10.4;0.0;0.0;0.0;0.0;0.0;0.0;0.0;0.0;0
5668;9.9;0.0;0.0;0.0;0.0;0.0;0.0;0.0;0.0;0
5669;12.4;0.0;0.0;0.0;0.0;0.0;0.0;0.0;0.0;0
5670;13.2;0.6;0.6;0.6;0.6;0.6;0.6;0.6;0.6;1
5671;14.5;10.3;12.34;13.49;12.77;10.6;10.3;10.3;10.3;18
5672;16.4;43.0;46.66;50.67;50.19;45.5;43.0;43.0;43.0;75
5673;17.7;75.8;78.36;85.57;87.06;81.95;75.8;75.8;75.8;133
5674;18.1;81.7;81.7;86.87;89.53;87.6;82.21;81.7;81.7;142
5675;18.1;81.6;81.6;83.7;86.82;86.87;83.84;81.6;81.6;141
5676;18.5;117.5;117.5;117.5;124.42;127.29;124.42;117.5;117.5;205
5677;18.7;118.6;118.6;118.6;122.34;127.39;127.29;122.11;118.6;206
5678;19.3;128.5;128.5;128.5;129.45;139.45;143.04;138.1;128.5;225
5679;20.0;149.5;149.5;149.5;149.5;164.1;176.23;172.7;155.58;265
5680;19.8;166.1;166.1;166.1;166.1;217.91;315.31;325.32;242.05;346
5681;20.8;116.9;116.9;116.9;116.9;196.53;766.09;955.37;653.48;414
5682;20.7;212.65;85.3;85.3;85.3;85.3;797.69;1220.13;977.79;278
5683;19.4;50.1;50.1;50.1;50.1;50.1;50.1;50.1;50.1;121
5684;17.8;9.6;9.6;9.6;9.6;9.6;9.6;9.6;9.6;16
5685;16.4;0.0;0.0;0.0;0.0;0.0;0.0;0.0;0.0;0
5686;14.5;0.0;0.0;0.0;0.0;0.0;0.0;0.0;0.0;0
5687;14.0;0.0;0.0;0.0;0.0;0.0;0.0;0.0;0.0;0
5688;14.7;0.0;0.0;0.0;0.0;0.0;0.0;0.0;0.0;0
5689;14.3;0.0;0.0;0.0;0.0;0.0;0.0;0.0;0.0;0
5690;14.0;0.0;0.0;0.0;0.0;0.0;0.0;0.0;0.0;0
5691;14.1;0.0;0.0;0.0;0.0;0.0;0.0;0.0;0.0;0
5692;13.5;0.0;0.0;0.0;0.0;0.0;0.0;0.0;0.0;0
5693;13.0;0.0;0.0;0.0;0.0;0.0;0.0;0.0;0.0;0
5694;12.7;4.8;4.8;4.8;4.8;4.8;4.8;4.8;4.8;8
5695;13.9;32.3;79.82;106.9;90.28;39.7;32.3;32.3;32.3;73
5696;15.9;73.2;172.48;282.77;270.3;142.37;73.2;73.2;73.2;212
5697;18.6;104.3;176.49;384.03;427.71;281.94;104.3;104.3;104.3;363
5698;20.0;127.6;127.6;385.18;518.91;423.43;154.65;127.6;127.6;501
5699;21.8;149.0;149.0;297.98;520.11;524.85;309.43;149.0;149.0;600
5700;22.9;167.8;167.8;167.8;453.37;571.66;453.37;167.8;167.8;653
5701;24.1;176.3;176.3;176.3;349.27;581.54;576.43;336.93;176.3;673
5702;24.5;201.4;201.4;201.4;221.41;420.28;490.93;391.98;201.4;549
5703;25.1;183.8;183.8;183.8;183.8;391.95;562.77;511.59;268.4;528
5704;25.6;162.7;162.7;162.7;162.7;290.14;525.87;548.85;345.63;437
5705;26.0;127.9;127.9;127.9;127.9;184.17;569.04;695.49;489.46;359
5706;25.6;138.4;92.3;92.3;92.3;92.3;360.99;518.39;426.18;203
5707;23.7;43.3;43.3;43.3;43.3;43.3;43.3;43.3;43.3;78
5708;21.7;3.7;3.7;3.7;3.7;3.7;3.7;3.7;3.7;7
5709;20.2;0.0;0.0;0.0;0.0;0.0;0.0;0.0;0.0;0
5710;19.2;0.0;0.0;0.0;0.0;0.0;0.0;0.0;0.0;0
5711;18.3;0.0;0.0;0.0;0.0;0.0;0.0;0.0;0.0;0
5712;17.1;0.0;0.0;0.0;0.0;0.0;0.0;0.0;0.0;0
5713;15.7;0.0;0.0;0.0;0.0;0.0;0.0;0.0;0.0;0
5714;14.8;0.0;0.0;0.0;0.0;0.0;0.0;0.0;0.0;0
5715;14.6;0.0;0.0;0.0;0.0;0.0;0.0;0.0;0.0;0
5716;15.3;0.0;0.0;0.0;0.0;0.0;0.0;0.0;0.0;0
5717;15.6;0.0;0.0;0.0;0.0;0.0;0.0;0.0;0.0;0
5718;16.0;0.0;0.0;0.0;0.0;0.0;0.0;0.0;0.0;0
5719;16.3;1.8;1.8;1.8;1.8;1.8;1.8;1.8;1.8;3
5720;16.6;15.0;15.0;15.0;15.0;15.0;15.0;15.0;15.0;25
5721;17.2;37.4;38.03;39.89;40.29;38.99;37.4;37.4;37.4;64
5722;18.6;85.4;85.4;91.4;94.55;92.34;86.06;85.4;85.4;149
5723;19.2;114.6;114.6;118.87;125.28;125.43;119.24;114.6;114.6;201
5724;19.6;96.1;96.1;96.1;100.62;102.49;100.62;96.1;96.1;166
5725;19.6;127.9;127.9;127.9;132.93;139.63;139.47;132.52;127.9;224
5726;19.6;105.9;105.9;105.9;106.65;113.71;116.2;112.65;105.9;184
5727;19.7;80.3;80.3;80.3;80.3;84.28;87.51;86.52;81.88;138
5728;18.4;22.8;22.8;22.8;22.8;22.8;22.8;22.8;22.8;38
5729;17.9;16.8;16.8;16.8;16.8;16.8;16.8;16.8;16.8;28
5730;17.5;12.0;12.0;12.0;12.0;12.0;12.0;12.0;12.0;20
5731;17.0;19.9;19.9;19.9;19.9;19.9;19.9;19.9;19.9;34
5732;16.2;5.4;5.4;5.4;5.4;5.4;5.4;5.4;5.4;9
5733;15.4;0.0;0.0;0.0;0.0;0.0;0.0;0.0;0.0;0
5734;14.3;0.0;0.0;0.0;0.0;0.0;0.0;0.0;0.0;0
5735;13.6;0.0;0.0;0.0;0.0;0.0;0.0;0.0;0.0;0
5736;13.7;0.0;0.0;0.0;0.0;0.0;0.0;0.0;0.0;0
5737;14.0;0.0;0.0;0.0;0.0;0.0;0.0;0.0;0.0;0
5738;13.2;0.0;0.0;0.0;0.0;0.0;0.0;0.0;0.0;0
5739;12.6;0.0;0.0;0.0;0.0;0.0;0.0;0.0;0.0;0
5740;12.7;0.0;0.0;0.0;0.0;0.0;0.0;0.0;0.0;0
5741;12.3;0.0;0.0;0.0;0.0;0.0;0.0;0.0;0.0;0
5742;13.3;1.8;1.8;1.8;1.8;1.8;1.8;1.8;1.8;3
5743;14.1;16.9;19.02;20.26;19.53;17.26;16.9;16.9;16.9;29
5744;14.7;68.3;78.51;90.16;89.0;75.72;68.3;68.3;68.3;123
5745;16.7;114.9;153.49;269.28;294.64;214.71;114.9;114.9;114.9;294
5746;17.3;150.1;150.1;196.23;220.71;203.83;155.47;150.1;150.1;301
5747;17.6;157.1;157.1;165.34;177.8;178.14;166.15;157.1;157.1;281
5748;19.0;155.0;155.0;155.0;168.08;173.5;168.08;155.0;155.0;275
5749;17.2;103.4;103.4;103.4;106.55;110.72;110.6;106.26;103.4;179
5750;18.9;158.0;158.0;158.0;159.76;175.62;181.15;173.12;158.0;280
5751;18.3;178.8;178.8;178.8;178.8;208.01;231.41;223.98;190.09;328
5752;15.0;148.0;148.0;148.0;148.0;162.84;189.4;191.71;168.42;265
5753;14.8;51.3;51.3;51.3;51.3;52.38;59.2;61.38;57.66;88
5754;15.7;85.89;77.3;77.3;77.3;77.3;131.97;163.2;144.12;138
5755;15.1;45.7;45.7;45.7;45.7;45.7;45.7;45.7;45.7;102
5756;13.3;8.4;8.4;8.4;8.4;8.4;8.4;8.4;8.4;14
5757;11.9;0.0;0.0;0.0;0.0;0.0;0.0;0.0;0.0;0
5758;10.6;0.0;0.0;0.0;0.0;0.0;0.0;0.0;0.0;0
5759;10.8;0.0;0.0;0.0;0.0;0.0;0.0;0.0;0.0;0
5760;9.7;0.0;0.0;0.0;0.0;0.0;0.0;0.0;0.0;0
5761;10.4;0.0;0.0;0.0;0.0;0.0;0.0;0.0;0.0;0
5762;10.0;0.0;0.0;0.0;0.0;0.0;0.0;0.0;0.0;0
5763;11.2;0.0;0.0;0.0;0.0;0.0;0.0;0.0;0.0;0
5764;10.2;0.0;0.0;0.0;0.0;0.0;0.0;0.0;0.0;0
5765;10.5;0.0;0.0;0.0;0.0;0.0;0.0;0.0;0.0;0
5766;10.9;3.0;3.0;3.0;3.0;3.0;3.0;3.0;3.0;5
5767;11.8;21.9;28.35;32.17;29.97;23.05;21.9;21.9;21.9;39
5768;13.7;54.0;59.6;66.07;65.47;58.15;54.0;54.0;54.0;95
5769;15.1;100.4;104.76;118.14;121.12;111.97;100.4;100.4;100.4;179
5770;17.1;151.5;151.5;213.24;246.37;223.92;159.05;151.5;151.5;320
5771;18.0;180.3;180.3;218.18;275.92;277.65;222.36;180.3;180.3;388
5772;19.0;196.1;196.1;196.1;346.53;408.84;346.53;196.1;196.1;516
5773;20.8;195.6;195.6;195.6;320.56;484.87;479.73;308.15;195.6;586
5774;20.7;188.3;188.3;188.3;191.0;214.23;222.26;210.4;188.3;338
5775;18.3;176.7;176.7;176.7;176.7;203.97;225.55;218.51;186.98;322
5776;19.8;116.5;116.5;116.5;116.5;125.5;141.35;142.64;128.62;205
5777;19.6;124.9;124.9;124.9;124.9;141.36;240.64;272.11;217.35;244
5778;19.3;168.13;86.1;86.1;86.1;86.1;632.72;941.17;748.73;231
5779;17.3;43.9;43.9;43.9;43.9;43.9;43.9;43.9;43.9;104
5780;14.2;7.2;7.2;7.2;7.2;7.2;7.2;7.2;7.2;12
5781;12.6;0.0;0.0;0.0;0.0;0.0;0.0;0.0;0.0;0
5782;11.3;0.0;0.0;0.0;0.0;0.0;0.0;0.0;0.0;0
5783;10.7;0.0;0.0;0.0;0.0;0.0;0.0;0.0;0.0;0
5784;9.7;0.0;0.0;0.0;0.0;0.0;0.0;0.0;0.0;0
5785;8.6;0.0;0.0;0.0;0.0;0.0;0.0;0.0;0.0;0
5786;8.3;0.0;0.0;0.0;0.0;0.0;0.0;0.0;0.0;0
5787;8.3;0.0;0.0;0.0;0.0;0.0;0.0;0.0;0.0;0
5788;7.5;0.0;0.0;0.0;0.0;0.0;0.0;0.0;0.0;0
5789;7.2;0.0;0.0;0.0;0.0;0.0;0.0;0.0;0.0;0
5790;7.2;3.6;3.6;3.6;3.6;3.6;3.6;3.6;3.6;6
5791;8.5;27.8;58.33;76.64;66.35;33.47;27.8;27.8;27.8;58
5792;13.2;71.4;144.51;230.21;222.88;126.82;71.4;71.4;71.4;184
5793;15.6;113.6;147.61;254.29;278.56;206.2;113.6;113.6;113.6;281
5794;17.2;142.2;142.2;317.4;412.42;349.15;164.65;142.2;142.2;427
5795;18.3;171.3;171.3;263.97;406.29;410.96;275.24;171.3;171.3;498
5796;18.6;197.3;197.3;197.3;325.54;378.67;325.54;197.3;197.3;488
5797;18.8;189.0;189.0;189.0;330.84;516.06;509.69;315.47;189.0;605
5798;18.5;201.6;201.6;201.6;219.33;364.98;414.93;339.91;201.6;486
5799;20.0;142.4;142.4;142.4;142.4;543.09;856.22;751.21;289.56;634
5800;18.8;158.8;158.8;158.8;158.8;285.26;504.49;521.21;325.64;413
5801;19.9;89.6;89.6;89.6;89.6;233.79;1069.8;1331.62;865.88;446
5802;18.5;212.39;74.1;74.1;74.1;74.1;1041.32;1360.0;1236.89;271
5803;17.0;42.2;42.2;42.2;42.2;42.2;42.2;42.2;42.2;97
5804;15.2;5.4;5.4;5.4;5.4;5.4;5.4;5.4;5.4;9
5805;13.0;0.0;0.0;0.0;0.0;0.0;0.0;0.0;0.0;0
5806;11.5;0.0;0.0;0.0;0.0;0.0;0.0;0.0;0.0;0
5807;11.3;0.0;0.0;0.0;0.0;0.0;0.0;0.0;0.0;0
5808;10.5;0.0;0.0;0.0;0.0;0.0;0.0;0.0;0.0;0
5809;9.5;0.0;0.0;0.0;0.0;0.0;0.0;0.0;0.0;0
5810;8.4;0.0;0.0;0.0;0.0;0.0;0.0;0.0;0.0;0
5811;9.4;0.0;0.0;0.0;0.0;0.0;0.0;0.0;0.0;0
5812;9.5;0.0;0.0;0.0;0.0;0.0;0.0;0.0;0.0;0
5813;8.8;0.0;0.0;0.0;0.0;0.0;0.0;0.0;0.0;0
5814;8.6;3.6;3.6;3.6;3.6;3.6;3.6;3.6;3.6;6
5815;9.2;26.4;52.95;69.08;60.22;31.54;26.4;26.4;26.4;54
5816;12.5;70.0;147.26;239.06;231.83;129.8;70.0;70.0;70.0;185
5817;15.7;101.7;165.21;369.02;416.24;279.21;101.7;101.7;101.7;342
5818;16.8;128.6;128.6;367.21;498.03;412.44;160.58;128.6;128.6;471
5819;17.9;168.8;168.8;266.19;416.87;422.23;279.13;168.8;168.8;503
5820;17.6;175.2;175.2;175.2;428.29;533.13;428.29;175.2;175.2;602
5821;19.7;144.6;144.6;144.6;405.92;744.82;732.13;375.26;144.6;766
5822;19.7;200.9;200.9;200.9;215.12;327.15;365.22;307.04;200.9;449
5823;19.3;167.5;167.5;167.5;167.5;188.94;205.49;199.78;175.17;300
5824;20.0;159.7;159.7;159.7;159.7;261.07;434.02;446.28;290.66;382
5825;19.8;119.0;119.0;119.0;119.0;130.13;192.27;211.48;176.52;220
5826;18.8;118.58;84.2;84.2;84.2;84.2;337.15;476.3;385.77;177
5827;17.6;36.6;36.6;36.6;36.6;36.6;36.6;36.6;36.6;66
5828;15.1;4.2;4.2;4.2;4.2;4.2;4.2;4.2;4.2;7
5829;13.3;0.0;0.0;0.0;0.0;0.0;0.0;0.0;0.0;0
5830;13.3;0.0;0.0;0.0;0.0;0.0;0.0;0.0;0.0;0
5831;12.1;0.0;0.0;0.0;0.0;0.0;0.0;0.0;0.0;0
5832;11.0;0.0;0.0;0.0;0.0;0.0;0.0;0.0;0.0;0
5833;11.0;0.0;0.0;0.0;0.0;0.0;0.0;0.0;0.0;0
5834;10.7;0.0;0.0;0.0;0.0;0.0;0.0;0.0;0.0;0
5835;10.4;0.0;0.0;0.0;0.0;0.0;0.0;0.0;0.0;0
5836;9.7;0.0;0.0;0.0;0.0;0.0;0.0;0.0;0.0;0
5837;9.7;0.0;0.0;0.0;0.0;0.0;0.0;0.0;0.0;0
5838;9.5;0.0;0.0;0.0;0.0;0.0;0.0;0.0;0.0;0
5839;11.0;20.1;26.84;30.98;28.76;21.46;20.1;20.1;20.1;36
5840;11.2;32.6;34.49;36.78;36.61;34.1;32.6;32.6;32.6;56
5841;13.2;111.3;128.65;185.63;199.07;161.1;111.3;111.3;111.3;233
5842;15.5;134.9;134.9;340.35;454.19;381.0;163.64;134.9;134.9;444
5843;14.9;177.1;177.1;217.31;279.98;282.38;223.11;177.1;177.1;386
5844;15.7;187.8;187.8;187.8;220.89;234.6;220.89;187.8;187.8;353
5845;13.2;108.9;108.9;108.9;112.7;117.59;117.39;112.22;108.9;189
5846;12.4;108.9;108.9;108.9;109.88;117.32;119.83;115.93;108.9;189
5847;9.9;33.1;33.1;33.1;33.1;33.97;34.64;34.4;33.4;56
5848;14.3;150.3;150.3;150.3;150.3;175.01;216.5;219.21;181.56;278
5849;14.4;123.9;123.9;123.9;123.9;168.69;409.55;483.08;346.21;289
5850;14.7;95.63;80.0;80.0;80.0;80.0;201.26;267.11;223.36;150
5851;13.0;37.7;37.7;37.7;37.7;37.7;37.7;37.7;37.7;72
5852;11.6;3.6;3.6;3.6;3.6;3.6;3.6;3.6;3.6;6
5853;10.6;0.0;0.0;0.0;0.0;0.0;0.0;0.0;0.0;0
5854;10.9;0.0;0.0;0.0;0.0;0.0;0.0;0.0;0.0;0
5855;11.2;0.0;0.0;0.0;0.0;0.0;0.0;0.0;0.0;0
5856;10.7;0.0;0.0;0.0;0.0;0.0;0.0;0.0;0.0;0
5857;10.9;0.0;0.0;0.0;0.0;0.0;0.0;0.0;0.0;0
5858;11.8;0.0;0.0;0.0;0.0;0.0;0.0;0.0;0.0;0
5859;12.0;0.0;0.0;0.0;0.0;0.0;0.0;0.0;0.0;0
5860;12.2;0.0;0.0;0.0;0.0;0.0;0.0;0.0;0.0;0
5861;12.2;0.0;0.0;0.0;0.0;0.0;0.0;0.0;0.0;0
5862;12.4;0.0;0.0;0.0;0.0;0.0;0.0;0.0;0.0;0
5863;12.7;8.4;8.4;8.4;8.4;8.4;8.4;8.4;8.4;14
5864;13.0;38.7;41.56;45.05;44.82;41.01;38.7;38.7;38.7;67
5865;13.8;77.1;79.82;88.95;91.15;85.11;77.1;77.1;77.1;136
5866;15.4;146.7;146.7;262.5;327.35;286.38;163.59;146.7;146.7;367
5867;15.2;167.6;167.6;181.73;203.9;204.81;183.93;167.6;167.6;311
5868;15.3;101.0;101.0;101.0;106.59;108.9;106.59;101.0;101.0;175
5869;15.0;55.4;55.4;55.4;56.26;57.36;57.31;56.14;55.4;94
5870;13.7;45.8;45.8;45.8;46.03;47.7;48.26;47.38;45.8;78
5871;13.2;45.8;45.8;45.8;45.8;47.58;48.92;48.43;46.4;78
5872;13.3;33.1;33.1;33.1;33.1;33.87;35.14;35.22;34.05;56
5873;13.6;19.8;19.8;19.8;19.8;19.8;19.8;19.8;19.8;33
5874;14.0;11.4;11.4;11.4;11.4;11.4;11.4;11.4;11.4;19
5875;14.4;3.6;3.6;3.6;3.6;3.6;3.6;3.6;3.6;6
5876;14.8;0.0;0.0;0.0;0.0;0.0;0.0;0.0;0.0;0
5877;15.1;0.0;0.0;0.0;0.0;0.0;0.0;0.0;0.0;0
5878;15.6;0.0;0.0;0.0;0.0;0.0;0.0;0.0;0.0;0
5879;15.6;0.0;0.0;0.0;0.0;0.0;0.0;0.0;0.0;0
5880;15.8;0.0;0.0;0.0;0.0;0.0;0.0;0.0;0.0;0
5881;15.4;0.0;0.0;0.0;0.0;0.0;0.0;0.0;0.0;0
5882;14.9;0.0;0.0;0.0;0.0;0.0;0.0;0.0;0.0;0
5883;14.9;0.0;0.0;0.0;0.0;0.0;0.0;0.0;0.0;0
5884;14.5;0.0;0.0;0.0;0.0;0.0;0.0;0.0;0.0;0
5885;14.4;0.0;0.0;0.0;0.0;0.0;0.0;0.0;0.0;0
5886;14.6;0.0;0.0;0.0;0.0;0.0;0.0;0.0;0.0;0
5887;14.5;1.8;1.8;1.8;1.8;1.8;1.8;1.8;1.8;3
5888;14.7;27.2;29.12;31.49;31.35;28.78;27.2;27.2;27.2;47
5889;15.6;39.2;39.8;41.86;42.36;41.01;39.2;39.2;39.2;67
5890;16.4;99.5;99.5;108.24;113.19;110.11;100.83;99.5;99.5;175
5891;15.6;147.9;147.9;155.77;168.21;168.75;157.08;147.9;147.9;264
5892;16.6;187.3;187.3;187.3;226.25;242.38;226.25;187.3;187.3;358
5893;16.5;196.8;196.8;196.8;304.37;441.08;434.7;288.96;196.8;533
5894;15.7;156.8;156.8;156.8;159.21;176.1;181.68;172.69;156.8;278
5895;15.1;68.2;68.2;68.2;68.2;71.83;74.53;73.52;69.4;117
5896;15.3;132.1;132.1;132.1;132.1;147.1;171.5;172.83;150.3;236
5897;12.0;45.3;45.3;45.3;45.3;46.81;54.39;56.64;52.25;78
5898;12.4;32.36;30.8;30.8;30.8;30.8;44.4;51.6;46.61;53
5899;12.3;18.1;18.1;18.1;18.1;18.1;18.1;18.1;18.1;31
5900;11.6;1.8;1.8;1.8;1.8;1.8;1.8;1.8;1.8;3
5901;12.5;0.0;0.0;0.0;0.0;0.0;0.0;0.0;0.0;0
5902;11.8;0.0;0.0;0.0;0.0;0.0;0.0;0.0;0.0;0
5903;11.0;0.0;0.0;0.0;0.0;0.0;0.0;0.0;0.0;0
5904;11.2;0.0;0.0;0.0;0.0;0.0;0.0;0.0;0.0;0
5905;11.6;0.0;0.0;0.0;0.0;0.0;0.0;0.0;0.0;0
5906;10.9;0.0;0.0;0.0;0.0;0.0;0.0;0.0;0.0;0
5907;10.4;0.0;0.0;0.0;0.0;0.0;0.0;0.0;0.0;0
5908;10.6;0.0;0.0;0.0;0.0;0.0;0.0;0.0;0.0;0
5909;10.1;0.0;0.0;0.0;0.0;0.0;0.0;0.0;0.0;0
5910;10.0;0.0;0.0;0.0;0.0;0.0;0.0;0.0;0.0;0
5911;9.7;0.0;0.0;0.0;0.0;0.0;0.0;0.0;0.0;0
5912;10.0;10.2;10.2;10.2;10.2;10.2;10.2;10.2;10.2;17
5913;9.9;15.0;15.0;15.0;15.0;15.0;15.0;15.0;15.0;25
5914;11.1;89.1;89.1;96.31;100.44;97.92;90.24;89.1;89.1;156
5915;11.4;102.3;102.3;105.7;111.11;111.36;106.31;102.3;102.3;178
5916;12.1;161.9;161.9;161.9;178.41;185.25;178.41;161.9;161.9;289
5917;11.5;80.9;80.9;80.9;83.13;85.93;85.8;82.79;80.9;139
5918;12.6;193.3;193.3;193.3;220.72;405.97;466.64;367.19;193.3;503
5919;15.0;178.1;178.1;178.1;178.1;360.19;494.07;442.87;236.57;461
5920;10.7;86.0;86.0;86.0;86.0;92.48;102.88;103.38;93.71;150
5921;11.9;73.3;73.3;73.3;73.3;77.02;95.05;100.33;89.78;128
5922;11.6;35.36;33.8;33.8;33.8;33.8;48.27;55.83;50.48;58
5923;12.1;18.1;18.1;18.1;18.1;18.1;18.1;18.1;18.1;31
5924;11.1;0.0;0.0;0.0;0.0;0.0;0.0;0.0;0.0;0
5925;11.1;0.0;0.0;0.0;0.0;0.0;0.0;0.0;0.0;0
5926;12.3;0.0;0.0;0.0;0.0;0.0;0.0;0.0;0.0;0
5927;12.3;0.0;0.0;0.0;0.0;0.0;0.0;0.0;0.0;0
5928;11.9;0.0;0.0;0.0;0.0;0.0;0.0;0.0;0.0;0
5929;12.2;0.0;0.0;0.0;0.0;0.0;0.0;0.0;0.0;0
5930;12.0;0.0;0.0;0.0;0.0;0.0;0.0;0.0;0.0;0
5931;10.9;0.0;0.0;0.0;0.0;0.0;0.0;0.0;0.0;0
5932;10.7;0.0;0.0;0.0;0.0;0.0;0.0;0.0;0.0;0
5933;11.2;0.0;0.0;0.0;0.0;0.0;0.0;0.0;0.0;0
5934;10.0;0.0;0.0;0.0;0.0;0.0;0.0;0.0;0.0;0
5935;11.2;8.4;8.4;8.4;8.4;8.4;8.4;8.4;8.4;14
5936;11.7;43.0;46.88;51.81;51.58;46.33;43.0;43.0;43.0;75
5937;12.3;106.3;141.89;270.62;303.09;220.28;106.3;106.3;106.3;278
5938;10.9;50.1;50.1;52.53;53.93;53.09;50.5;50.1;50.1;86
5939;12.2;98.7;98.7;102.13;107.62;107.89;102.78;98.7;98.7;172
5940;11.5;80.9;80.9;80.9;84.54;86.04;84.54;80.9;80.9;139
5941;11.1;73.0;73.0;73.0;74.81;77.08;76.96;74.52;73.0;125
5942;12.0;76.1;76.1;76.1;76.76;81.08;82.48;80.14;76.1;131
5943;12.9;155.3;155.3;155.3;155.3;176.97;192.71;186.53;162.07;278
5944;13.1;136.4;136.4;136.4;136.4;153.05;179.32;180.45;155.78;244
5945;14.8;111.8;111.8;111.8;111.8;210.52;672.83;806.5;533.23;333
5946;14.5;189.64;66.2;66.2;66.2;66.2;1287.63;1360.0;1360.0;242
5947;12.3;32.4;32.4;32.4;32.4;32.4;32.4;32.4;32.4;69
5948;12.1;0.0;0.0;0.0;0.0;0.0;0.0;0.0;0.0;0
5949;10.4;0.0;0.0;0.0;0.0;0.0;0.0;0.0;0.0;0
5950;9.2;0.0;0.0;0.0;0.0;0.0;0.0;0.0;0.0;0
5951;8.5;0.0;0.0;0.0;0.0;0.0;0.0;0.0;0.0;0
5952;7.8;0.0;0.0;0.0;0.0;0.0;0.0;0.0;0.0;0
5953;7.3;0.0;0.0;0.0;0.0;0.0;0.0;0.0;0.0;0
5954;7.3;0.0;0.0;0.0;0.0;0.0;0.0;0.0;0.0;0
5955;6.8;0.0;0.0;0.0;0.0;0.0;0.0;0.0;0.0;0
5956;6.7;0.0;0.0;0.0;0.0;0.0;0.0;0.0;0.0;0
5957;4.8;0.0;0.0;0.0;0.0;0.0;0.0;0.0;0.0;0
5958;4.6;0.0;0.0;0.0;0.0;0.0;0.0;0.0;0.0;0
5959;6.5;15.8;20.67;23.87;22.35;16.98;15.8;15.8;15.8;28
5960;9.3;63.8;94.99;135.27;133.68;91.16;63.8;63.8;63.8;133
5961;12.5;103.6;143.23;290.23;327.9;234.18;103.6;103.6;103.6;286
5962;14.0;125.4;125.4;355.37;489.65;410.56;164.42;125.4;125.4;444
5963;15.2;139.4;139.4;292.09;538.84;551.61;322.9;139.4;139.4;564
5964;15.7;147.2;147.2;147.2;498.28;643.7;498.28;147.2;147.2;642
5965;16.4;138.0;138.0;138.0;398.04;722.13;704.04;354.38;138.0;700
5966;17.0;181.3;181.3;181.3;222.95;485.67;570.09;426.77;181.3;553
5967;16.7;141.4;141.4;141.4;141.4;548.51;840.7;723.25;264.96;589
5968;17.0;150.7;150.7;150.7;150.7;218.25;323.22;327.13;227.7;317
5969;16.8;113.6;113.6;113.6;113.6;199.93;591.39;702.96;469.29;311
5970;16.3;68.85;62.6;62.6;62.6;62.6;128.94;162.67;137.78;111
5971;15.8;16.3;16.3;16.3;16.3;16.3;16.3;16.3;16.3;28
5972;15.5;1.8;1.8;1.8;1.8;1.8;1.8;1.8;1.8;3
5973;14.8;0.0;0.0;0.0;0.0;0.0;0.0;0.0;0.0;0
5974;15.1;0.0;0.0;0.0;0.0;0.0;0.0;0.0;0.0;0
5975;14.6;0.0;0.0;0.0;0.0;0.0;0.0;0.0;0.0;0
5976;14.3;0.0;0.0;0.0;0.0;0.0;0.0;0.0;0.0;0
5977;14.0;0.0;0.0;0.0;0.0;0.0;0.0;0.0;0.0;0
5978;13.8;0.0;0.0;0.0;0.0;0.0;0.0;0.0;0.0;0
5979;13.7;0.0;0.0;0.0;0.0;0.0;0.0;0.0;0.0;0
5980;13.1;0.0;0.0;0.0;0.0;0.0;0.0;0.0;0.0;0
5981;13.3;0.0;0.0;0.0;0.0;0.0;0.0;0.0;0.0;0
5982;13.6;0.0;0.0;0.0;0.0;0.0;0.0;0.0;0.0;0
5983;14.0;6.6;6.6;6.6;6.6;6.6;6.6;6.6;6.6;11
5984;15.0;33.3;36.24;40.1;39.97;35.93;33.3;33.3;33.3;58
5985;15.7;81.4;84.29;95.27;98.13;91.19;81.4;81.4;81.4;144
5986;17.8;134.5;134.5;308.11;410.53;351.25;165.0;134.5;134.5;400
5987;18.9;136.9;136.9;292.77;546.46;560.24;326.03;136.9;136.9;564
5988;16.1;166.2;166.2;166.2;184.15;191.58;184.15;166.2;166.2;297
5989;16.5;116.3;116.3;116.3;121.46;127.86;127.48;120.55;116.3;203
5990;15.8;68.2;68.2;68.2;68.78;72.31;73.43;71.49;68.2;117
5991;14.1;54.9;54.9;54.9;54.9;57.84;59.92;59.06;55.77;94
5992;15.2;92.1;92.1;92.1;92.1;100.0;112.1;112.49;100.93;161
5993;15.8;103.6;103.6;103.6;103.6;113.57;157.38;169.69;143.28;186
5994;15.3;173.82;66.0;66.0;66.0;66.0;1299.6;1360.0;1360.0;225
5995;13.5;32.7;32.7;32.7;32.7;32.7;32.7;32.7;32.7;72
5996;10.8;1.8;1.8;1.8;1.8;1.8;1.8;1.8;1.8;3
5997;8.7;0.0;0.0;0.0;0.0;0.0;0.0;0.0;0.0;0
5998;7.6;0.0;0.0;0.0;0.0;0.0;0.0;0.0;0.0;0
5999;6.9;0.0;0.0;0.0;0.0;0.0;0.0;0.0;0.0;0
6000;8.9;0.0;0.0;0.0;0.0;0.0;0.0;0.0;0.0;0
6001;10.9;0.0;0.0;0.0;0.0;0.0;0.0;0.0;0.0;0
6002;11.2;0.0;0.0;0.0;0.0;0.0;0.0;0.0;0.0;0
6003;11.8;0.0;0.0;0.0;0.0;0.0;0.0;0.0;0.0;0
6004;10.6;0.0;0.0;0.0;0.0;0.0;0.0;0.0;0.0;0
6005;9.9;0.0;0.0;0.0;0.0;0.0;0.0;0.0;0.0;0
6006;9.6;0.0;0.0;0.0;0.0;0.0;0.0;0.0;0.0;0
6007;10.5;6.6;6.6;6.6;6.6;6.6;6.6;6.6;6.6;11
6008;12.0;44.3;49.23;55.79;55.61;48.81;44.3;44.3;44.3;78
6009;13.8;103.2;135.78;263.02;296.64;216.95;103.2;103.2;103.2;267
6010;15.0;112.7;112.7;390.84;556.59;462.32;163.24;112.7;112.7;467
6011;14.5;167.4;167.4;195.48;241.5;244.12;201.8;167.4;167.4;339
6012;15.3;187.6;187.6;187.6;322.54;378.43;322.54;187.6;187.6;461
6013;13.7;104.1;104.1;104.1;108.4;113.69;113.36;107.61;104.1;181
6014;13.8;68.2;68.2;68.2;68.8;72.37;73.5;71.52;68.2;117
6015;15.0;85.2;85.2;85.2;85.2;91.19;95.38;93.61;86.91;147
6016;14.7;76.8;76.8;76.8;76.8;82.21;90.38;90.59;82.72;133
6017;15.5;102.9;102.9;102.9;102.9;234.92;797.37;953.0;610.66;339
6018;14.3;120.64;72.2;72.2;72.2;72.2;672.95;970.23;741.46;172
6019;12.6;26.5;26.5;26.5;26.5;26.5;26.5;26.5;26.5;50
6020;11.1;0.0;0.0;0.0;0.0;0.0;0.0;0.0;0.0;0
6021;11.5;0.0;0.0;0.0;0.0;0.0;0.0;0.0;0.0;0
6022;11.0;0.0;0.0;0.0;0.0;0.0;0.0;0.0;0.0;0
6023;11.5;0.0;0.0;0.0;0.0;0.0;0.0;0.0;0.0;0
6024;11.0;0.0;0.0;0.0;0.0;0.0;0.0;0.0;0.0;0
6025;11.0;0.0;0.0;0.0;0.0;0.0;0.0;0.0;0.0;0
6026;11.3;0.0;0.0;0.0;0.0;0.0;0.0;0.0;0.0;0
6027;10.5;0.0;0.0;0.0;0.0;0.0;0.0;0.0;0.0;0
6028;10.1;0.0;0.0;0.0;0.0;0.0;0.0;0.0;0.0;0
6029;9.6;0.0;0.0;0.0;0.0;0.0;0.0;0.0;0.0;0
6030;9.2;0.0;0.0;0.0;0.0;0.0;0.0;0.0;0.0;0
6031;9.7;7.9;10.47;12.23;11.45;8.59;7.9;7.9;7.9;14
6032;11.8;60.8;92.58;135.42;134.54;90.47;60.8;60.8;60.8;128
6033;13.7;99.3;139.18;299.14;342.04;242.74;99.3;99.3;99.3;283
6034;15.3;121.6;121.6;356.21;497.43;418.5;165.65;121.6;121.6;436
6035;16.3;143.8;143.8;282.2;510.7;524.27;314.97;143.8;143.8;533
6036;16.3;187.3;187.3;187.3;298.75;344.92;298.75;187.3;187.3;433
6037;18.6;194.4;194.4;194.4;264.42;350.05;344.5;251.02;194.4;444
6038;17.2;188.7;188.7;188.7;217.49;382.75;434.33;342.03;188.7;467
6039;17.0;164.6;164.6;164.6;164.6;423.0;601.87;524.6;236.44;486
6040;16.5;62.8;62.8;62.8;62.8;66.51;72.02;72.13;66.77;108
6041;17.5;108.1;108.1;108.1;108.1;129.56;218.26;242.43;187.91;206
6042;15.9;106.54;70.6;70.6;70.6;70.6;556.88;794.24;607.7;156
6043;15.7;6.6;6.6;6.6;6.6;6.6;6.6;6.6;6.6;11
6044;14.9;0.0;0.0;0.0;0.0;0.0;0.0;0.0;0.0;0
6045;13.9;0.0;0.0;0.0;0.0;0.0;0.0;0.0;0.0;0
6046;13.5;0.0;0.0;0.0;0.0;0.0;0.0;0.0;0.0;0
6047;13.7;0.0;0.0;0.0;0.0;0.0;0.0;0.0;0.0;0
6048;12.8;0.0;0.0;0.0;0.0;0.0;0.0;0.0;0.0;0
6049;11.6;0.0;0.0;0.0;0.0;0.0;0.0;0.0;0.0;0
6050;11.7;0.0;0.0;0.0;0.0;0.0;0.0;0.0;0.0;0
6051;12.9;0.0;0.0;0.0;0.0;0.0;0.0;0.0;0.0;0
6052;12.8;0.0;0.0;0.0;0.0;0.0;0.0;0.0;0.0;0
6053;12.6;0.0;0.0;0.0;0.0;0.0;0.0;0.0;0.0;0
6054;12.4;0.0;0.0;0.0;0.0;0.0;0.0;0.0;0.0;0
6055;11.9;7.9;10.53;12.34;11.56;8.63;7.9;7.9;7.9;14
6056;13.2;58.4;78.4;105.74;105.34;77.46;58.4;58.4;58.4;114
6057;14.8;100.2;133.78;272.17;309.82;224.68;100.2;100.2;100.2;267
6058;17.2;124.4;124.4;339.2;469.8;398.07;166.03;124.4;124.4;419
6059;18.2;142.1;142.1;282.06;514.77;529.18;316.84;142.1;142.1;531
6060;19.1;148.9;148.9;148.9;491.06;632.79;491.06;148.9;148.9;614
6061;19.5;149.5;149.5;149.5;387.6;676.93;657.31;340.21;149.5;650
6062;19.5;163.6;163.6;163.6;225.23;568.72;674.9;481.56;163.6;586
6063;19.7;151.1;151.1;151.1;151.1;498.6;736.28;631.18;244.85;531
6064;19.6;139.3;139.3;139.3;139.3;334.62;620.49;624.48;344.27;403
6065;19.6;105.6;105.6;105.6;105.6;219.37;676.1;798.63;515.2;306
6066;18.7;104.46;69.3;69.3;69.3;69.3;592.28;844.06;642.0;153
6067;16.6;22.7;22.7;22.7;22.7;22.7;22.7;22.7;22.7;42
6068;15.3;0.0;0.0;0.0;0.0;0.0;0.0;0.0;0.0;0
6069;14.5;0.0;0.0;0.0;0.0;0.0;0.0;0.0;0.0;0
6070;14.0;0.0;0.0;0.0;0.0;0.0;0.0;0.0;0.0;0
6071;13.0;0.0;0.0;0.0;0.0;0.0;0.0;0.0;0.0;0
6072;14.1;0.0;0.0;0.0;0.0;0.0;0.0;0.0;0.0;0
6073;14.9;0.0;0.0;0.0;0.0;0.0;0.0;0.0;0.0;0
6074;15.1;0.0;0.0;0.0;0.0;0.0;0.0;0.0;0.0;0
6075;14.8;0.0;0.0;0.0;0.0;0.0;0.0;0.0;0.0;0
6076;13.8;0.0;0.0;0.0;0.0;0.0;0.0;0.0;0.0;0
6077;13.1;0.0;0.0;0.0;0.0;0.0;0.0;0.0;0.0;0
6078;13.0;0.0;0.0;0.0;0.0;0.0;0.0;0.0;0.0;0
6079;13.6;4.8;4.8;4.8;4.8;4.8;4.8;4.8;4.8;8
6080;14.8;19.3;20.31;21.7;21.69;20.28;19.3;19.3;19.3;33
6081;17.1;100.7;117.03;186.2;205.29;163.11;100.7;100.7;100.7;217
6082;18.6;128.2;128.2;315.99;431.31;369.08;165.74;128.2;128.2;397
6083;19.6;146.1;146.1;274.46;489.37;503.21;307.85;146.1;146.1;511
6084;21.3;155.4;155.4;155.4;468.38;598.02;468.38;155.4;155.4;589
6085;21.8;183.8;183.8;183.8;317.84;479.72;468.26;290.16;183.8;528
6086;20.9;121.9;121.9;121.9;124.12;136.13;139.81;133.0;121.9;214
6087;17.8;77.3;77.3;77.3;77.3;82.59;86.16;84.55;78.68;133
6088;16.2;54.9;54.9;54.9;54.9;57.84;62.07;62.11;57.92;94
6089;15.5;19.3;19.3;19.3;19.3;20.07;23.07;23.86;21.98;33
6090;15.9;34.16;32.6;32.6;32.6;32.6;58.39;70.63;60.6;56
6091;15.2;22.5;22.5;22.5;22.5;22.5;22.5;22.5;22.5;50
6092;14.5;0.0;0.0;0.0;0.0;0.0;0.0;0.0;0.0;0
6093;13.3;0.0;0.0;0.0;0.0;0.0;0.0;0.0;0.0;0
6094;12.6;0.0;0.0;0.0;0.0;0.0;0.0;0.0;0.0;0
6095;12.3;0.0;0.0;0.0;0.0;0.0;0.0;0.0;0.0;0
6096;11.5;0.0;0.0;0.0;0.0;0.0;0.0;0.0;0.0;0
6097;10.9;0.0;0.0;0.0;0.0;0.0;0.0;0.0;0.0;0
6098;10.2;0.0;0.0;0.0;0.0;0.0;0.0;0.0;0.0;0
6099;9.8;0.0;0.0;0.0;0.0;0.0;0.0;0.0;0.0;0
6100;9.5;0.0;0.0;0.0;0.0;0.0;0.0;0.0;0.0;0
6101;9.2;0.0;0.0;0.0;0.0;0.0;0.0;0.0;0.0;0
6102;9.0;0.0;0.0;0.0;0.0;0.0;0.0;0.0;0.0;0
6103;9.0;7.9;10.64;12.58;11.78;8.71;7.9;7.9;7.9;14
6104;10.5;56.1;77.39;107.34;107.28;77.24;56.1;56.1;56.1;111
6105;12.3;99.9;123.71;227.42;256.44;193.75;99.9;99.9;99.9;239
6106;14.3;124.1;124.1;330.04;457.77;390.04;166.52;124.1;124.1;406
6107;15.7;157.1;157.1;253.49;416.01;426.87;279.7;157.1;157.1;461
6108;16.2;183.8;183.8;183.8;281.59;322.09;281.59;183.8;183.8;408
6109;16.2;190.4;190.4;190.4;252.98;328.11;322.56;239.6;190.4;419
6110;17.2;184.8;184.8;184.8;216.75;385.09;436.1;339.9;184.8;458
6111;16.6;167.4;167.4;167.4;167.4;251.55;307.74;281.73;188.74;344
6112;16.7;141.7;141.7;141.7;141.7;215.18;319.61;319.83;215.7;297
6113;16.2;99.3;99.3;99.3;99.3;111.45;157.52;169.49;140.34;178
6114;15.3;51.21;47.3;47.3;47.3;47.3;119.64;153.51;125.16;83
6115;13.9;17.6;17.6;17.6;17.6;17.6;17.6;17.6;17.6;31
6116;12.6;0.0;0.0;0.0;0.0;0.0;0.0;0.0;0.0;0
6117;10.8;0.0;0.0;0.0;0.0;0.0;0.0;0.0;0.0;0
6118;10.5;0.0;0.0;0.0;0.0;0.0;0.0;0.0;0.0;0
6119;9.9;0.0;0.0;0.0;0.0;0.0;0.0;0.0;0.0;0
6120;10.2;0.0;0.0;0.0;0.0;0.0;0.0;0.0;0.0;0
6121;10.9;0.0;0.0;0.0;0.0;0.0;0.0;0.0;0.0;0
6122;11.0;0.0;0.0;0.0;0.0;0.0;0.0;0.0;0.0;0
6123;9.6;0.0;0.0;0.0;0.0;0.0;0.0;0.0;0.0;0
6124;9.5;0.0;0.0;0.0;0.0;0.0;0.0;0.0;0.0;0
6125;8.7;0.0;0.0;0.0;0.0;0.0;0.0;0.0;0.0;0
6126;8.5;0.0;0.0;0.0;0.0;0.0;0.0;0.0;0.0;0
6127;10.2;6.1;8.9;10.91;10.1;6.95;6.1;6.1;6.1;11
6128;11.2;43.8;49.93;58.67;58.71;50.01;43.8;43.8;43.8;78
6129;12.1;84.0;87.24;101.79;105.92;97.2;84.0;84.0;84.0;150
6130;14.8;128.9;128.9;154.13;169.93;161.7;134.25;128.9;128.9;239
6131;16.9;163.5;163.5;201.33;265.57;270.01;212.06;163.5;163.5;350
6132;17.5;182.1;182.1;182.1;306.47;357.99;306.47;182.1;182.1;431
6133;18.3;187.9;187.9;187.9;238.55;298.99;294.36;227.36;187.9;394
6134;18.6;160.1;160.1;160.1;164.34;186.11;192.64;180.11;160.1;286
6135;18.4;146.1;146.1;146.1;146.1;169.21;184.46;177.24;151.78;261
6136;17.4;78.1;78.1;78.1;78.1;85.34;95.49;95.45;85.25;136
6137;17.0;57.5;57.5;57.5;57.5;61.77;77.52;81.54;71.48;100
6138;16.3;27.2;27.2;27.2;27.2;27.2;27.2;27.2;27.2;47
6139;15.1;3.6;3.6;3.6;3.6;3.6;3.6;3.6;3.6;6
6140;13.8;0.0;0.0;0.0;0.0;0.0;0.0;0.0;0.0;0
6141;13.0;0.0;0.0;0.0;0.0;0.0;0.0;0.0;0.0;0
6142;12.1;0.0;0.0;0.0;0.0;0.0;0.0;0.0;0.0;0
6143;12.2;0.0;0.0;0.0;0.0;0.0;0.0;0.0;0.0;0
6144;12.8;0.0;0.0;0.0;0.0;0.0;0.0;0.0;0.0;0
6145;12.6;0.0;0.0;0.0;0.0;0.0;0.0;0.0;0.0;0
6146;12.7;0.0;0.0;0.0;0.0;0.0;0.0;0.0;0.0;0
6147;12.5;0.0;0.0;0.0;0.0;0.0;0.0;0.0;0.0;0
6148;12.5;0.0;0.0;0.0;0.0;0.0;0.0;0.0;0.0;0
6149;12.2;0.0;0.0;0.0;0.0;0.0;0.0;0.0;0.0;0
6150;12.0;0.0;0.0;0.0;0.0;0.0;0.0;0.0;0.0;0
6151;11.0;6.1;8.96;11.04;10.23;7.0;6.1;6.1;6.1;11
6152;12.5;54.6;79.28;115.04;115.4;80.13;54.6;54.6;54.6;111
6153;14.0;94.4;128.59;286.41;331.76;238.06;94.4;94.4;94.4;264
6154;14.3;131.5;131.5;269.41;356.62;311.96;161.59;131.5;131.5;350
6155;14.9;162.3;162.3;202.93;272.38;277.35;214.93;162.3;162.3;353
6156;16.1;162.2;162.2;162.2;435.92;549.3;435.92;162.2;162.2;547
6157;16.7;145.3;145.3;145.3;394.63;690.36;666.8;337.76;145.3;633
6158;16.6;157.7;157.7;157.7;228.8;584.14;689.68;483.59;157.7;572
6159;16.7;165.6;165.6;165.6;165.6;340.69;454.88;399.61;207.27;406
6160;17.0;129.8;129.8;129.8;129.8;368.12;697.22;693.94;360.19;403
6161;16.4;95.1;95.1;95.1;95.1;254.36;826.47;970.15;601.24;306
6162;15.4;61.8;61.8;61.8;61.8;61.8;61.8;61.8;61.8;158
6163;14.4;9.7;9.7;9.7;9.7;9.7;9.7;9.7;9.7;17
6164;13.1;0.0;0.0;0.0;0.0;0.0;0.0;0.0;0.0;0
6165;13.9;0.0;0.0;0.0;0.0;0.0;0.0;0.0;0.0;0
6166;13.6;0.0;0.0;0.0;0.0;0.0;0.0;0.0;0.0;0
6167;13.0;0.0;0.0;0.0;0.0;0.0;0.0;0.0;0.0;0
6168;13.2;0.0;0.0;0.0;0.0;0.0;0.0;0.0;0.0;0
6169;13.4;0.0;0.0;0.0;0.0;0.0;0.0;0.0;0.0;0
6170;13.0;0.0;0.0;0.0;0.0;0.0;0.0;0.0;0.0;0
6171;13.2;0.0;0.0;0.0;0.0;0.0;0.0;0.0;0.0;0
6172;13.6;0.0;0.0;0.0;0.0;0.0;0.0;0.0;0.0;0
6173;13.7;0.0;0.0;0.0;0.0;0.0;0.0;0.0;0.0;0
6174;13.4;0.0;0.0;0.0;0.0;0.0;0.0;0.0;0.0;0
6175;13.2;55.9;58.83;60.99;60.17;56.85;55.9;55.9;55.9;94
6176;14.5;38.9;44.08;51.7;51.82;44.37;38.9;38.9;38.9;69
6177;15.2;85.3;88.73;105.03;109.78;100.18;85.3;85.3;85.3;153
6178;17.5;123.8;123.8;311.85;431.92;371.5;165.98;123.8;123.8;383
6179;17.2;147.3;147.3;262.8;461.64;476.34;298.3;147.3;147.3;478
6180;18.1;163.1;163.1;163.1;428.19;537.99;428.19;163.1;163.1;536
6181;18.7;169.8;169.8;169.8;345.15;551.92;534.84;303.93;169.8;553
6182;18.4;168.5;168.5;168.5;226.8;510.84;594.35;428.4;168.5;525
6183;19.2;160.4;160.4;160.4;160.4;396.26;548.28;473.09;214.72;439
6184;19.0;125.1;125.1;125.1;125.1;390.97;752.91;747.1;376.92;411
6185;18.7;97.1;97.1;97.1;97.1;238.46;733.11;855.19;533.19;286
6186;17.7;60.7;60.7;60.7;60.7;60.7;60.7;60.7;60.7;147
6187;16.4;20.1;20.1;20.1;20.1;20.1;20.1;20.1;20.1;36
6188;15.7;0.0;0.0;0.0;0.0;0.0;0.0;0.0;0.0;0
6189;15.8;0.0;0.0;0.0;0.0;0.0;0.0;0.0;0.0;0
6190;15.8;0.0;0.0;0.0;0.0;0.0;0.0;0.0;0.0;0
6191;15.9;0.0;0.0;0.0;0.0;0.0;0.0;0.0;0.0;0
6192;15.9;0.0;0.0;0.0;0.0;0.0;0.0;0.0;0.0;0
6193;16.5;0.0;0.0;0.0;0.0;0.0;0.0;0.0;0.0;0
6194;16.3;0.0;0.0;0.0;0.0;0.0;0.0;0.0;0.0;0
6195;16.0;0.0;0.0;0.0;0.0;0.0;0.0;0.0;0.0;0
6196;15.9;0.0;0.0;0.0;0.0;0.0;0.0;0.0;0.0;0
6197;15.6;0.0;0.0;0.0;0.0;0.0;0.0;0.0;0.0;0
6198;15.2;0.0;0.0;0.0;0.0;0.0;0.0;0.0;0.0;0
6199;14.7;3.6;3.6;3.6;3.6;3.6;3.6;3.6;3.6;6
6200;14.9;27.2;29.29;32.4;32.47;29.45;27.2;27.2;27.2;47
6201;15.4;58.8;60.36;68.02;70.27;65.81;58.8;58.8;58.8;103
6202;16.0;125.1;125.1;149.29;164.88;157.17;130.67;125.1;125.1;231
6203;16.4;159.1;159.1;192.1;249.29;253.65;202.63;159.1;159.1;331
6204;16.0;85.2;85.2;85.2;90.29;92.4;90.29;85.2;85.2;147
6205;17.0;167.5;167.5;167.5;181.27;197.42;196.04;177.94;167.5;300
6206;16.9;131.8;131.8;131.8;135.1;150.8;155.37;146.13;131.8;233
6207;16.7;163.7;163.7;163.7;163.7;295.7;379.78;337.29;193.11;367
6208;16.6;136.2;136.2;136.2;136.2;223.97;341.79;339.18;217.66;292
6209;16.2;98.7;98.7;98.7;98.7;137.73;270.82;303.09;215.63;197
6210;15.1;48.1;48.1;48.1;48.1;48.1;48.1;48.1;48.1;86
6211;13.7;12.2;12.2;12.2;12.2;12.2;12.2;12.2;12.2;22
6212;12.2;0.0;0.0;0.0;0.0;0.0;0.0;0.0;0.0;0
6213;10.1;0.0;0.0;0.0;0.0;0.0;0.0;0.0;0.0;0
6214;10.4;0.0;0.0;0.0;0.0;0.0;0.0;0.0;0.0;0
6215;10.4;0.0;0.0;0.0;0.0;0.0;0.0;0.0;0.0;0
6216;9.2;0.0;0.0;0.0;0.0;0.0;0.0;0.0;0.0;0
6217;8.3;0.0;0.0;0.0;0.0;0.0;0.0;0.0;0.0;0
6218;8.2;0.0;0.0;0.0;0.0;0.0;0.0;0.0;0.0;0
6219;7.3;0.0;0.0;0.0;0.0;0.0;0.0;0.0;0.0;0
6220;7.3;0.0;0.0;0.0;0.0;0.0;0.0;0.0;0.0;0
6221;7.2;0.0;0.0;0.0;0.0;0.0;0.0;0.0;0.0;0
6222;6.9;0.0;0.0;0.0;0.0;0.0;0.0;0.0;0.0;0
6223;7.5;4.3;7.37;9.7;8.87;5.36;4.3;4.3;4.3;8
6224;10.2;50.5;70.5;100.78;101.61;72.49;50.5;50.5;50.5;100
6225;12.2;90.8;122.11;280.5;327.76;236.21;90.8;90.8;90.8;253
6226;14.0;118.4;118.4;326.51;461.93;396.12;167.63;118.4;118.4;389
6227;15.7;144.0;144.0;262.85;470.27;486.56;302.19;144.0;144.0;475
6228;16.7;161.5;161.5;161.5;425.67;535.09;425.67;161.5;161.5;525
6229;17.9;151.9;151.9;151.9;381.32;648.73;625.1;324.28;151.9;594
6230;18.5;146.6;146.6;146.6;233.07;634.43;750.02;512.14;146.6;581
6231;18.8;129.1;129.1;129.1;129.1;587.98;876.88;727.73;227.92;536
6232;18.8;115.0;115.0;115.0;115.0;439.13;868.14;855.97;409.75;425
6233;18.5;92.8;92.8;92.8;92.8;255.42;796.17;924.9;566.19;283
6234;17.6;57.1;57.1;57.1;57.1;57.1;57.1;57.1;57.1;136
6235;15.6;11.7;11.7;11.7;11.7;11.7;11.7;11.7;11.7;22
6236;14.7;0.0;0.0;0.0;0.0;0.0;0.0;0.0;0.0;0
6237;14.1;0.0;0.0;0.0;0.0;0.0;0.0;0.0;0.0;0
6238;13.0;0.0;0.0;0.0;0.0;0.0;0.0;0.0;0.0;0
6239;12.7;0.0;0.0;0.0;0.0;0.0;0.0;0.0;0.0;0
6240;12.1;0.0;0.0;0.0;0.0;0.0;0.0;0.0;0.0;0
6241;11.8;0.0;0.0;0.0;0.0;0.0;0.0;0.0;0.0;0
6242;11.6;0.0;0.0;0.0;0.0;0.0;0.0;0.0;0.0;0
6243;11.6;0.0;0.0;0.0;0.0;0.0;0.0;0.0;0.0;0
6244;11.3;0.0;0.0;0.0;0.0;0.0;0.0;0.0;0.0;0
6245;10.9;0.0;0.0;0.0;0.0;0.0;0.0;0.0;0.0;0
6246;11.6;0.0;0.0;0.0;0.0;0.0;0.0;0.0;0.0;0
6247;12.2;4.3;7.45;9.88;9.03;5.41;4.3;4.3;4.3;8
6248;13.0;18.1;19.16;20.79;20.85;19.29;18.1;18.1;18.1;31
6249;13.2;39.9;40.66;44.62;45.82;43.55;39.9;39.9;39.9;69
6250;14.6;87.3;87.3;95.53;100.93;98.35;89.3;87.3;87.3;153
6251;16.0;101.8;101.8;106.05;113.53;114.13;107.51;101.8;101.8;178
6252;16.1;77.3;77.3;77.3;81.66;83.47;81.66;77.3;77.3;133
6253;17.3;99.2;99.2;99.2;103.77;109.06;108.58;102.6;99.2;172
6254;17.9;114.0;114.0;114.0;116.66;128.73;132.17;124.97;114.0;200
6255;19.2;109.2;109.2;109.2;109.2;123.8;132.88;128.09;112.24;192
6256;18.0;25.9;25.9;25.9;25.9;27.09;28.65;28.59;26.96;44
6257;17.9;16.8;16.8;16.8;16.8;16.8;16.8;16.8;16.8;28
6258;17.8;38.2;38.2;38.2;38.2;38.2;38.2;38.2;38.2;67
6259;17.2;6.1;6.1;6.1;6.1;6.1;6.1;6.1;6.1;11
6260;15.1;0.0;0.0;0.0;0.0;0.0;0.0;0.0;0.0;0
6261;14.0;0.0;0.0;0.0;0.0;0.0;0.0;0.0;0.0;0
6262;12.7;0.0;0.0;0.0;0.0;0.0;0.0;0.0;0.0;0
6263;11.8;0.0;0.0;0.0;0.0;0.0;0.0;0.0;0.0;0
6264;11.6;0.0;0.0;0.0;0.0;0.0;0.0;0.0;0.0;0
6265;11.9;0.0;0.0;0.0;0.0;0.0;0.0;0.0;0.0;0
6266;11.5;0.0;0.0;0.0;0.0;0.0;0.0;0.0;0.0;0
6267;12.9;0.0;0.0;0.0;0.0;0.0;0.0;0.0;0.0;0
6268;13.1;0.0;0.0;0.0;0.0;0.0;0.0;0.0;0.0;0
6269;13.5;0.0;0.0;0.0;0.0;0.0;0.0;0.0;0.0;0
6270;12.9;0.0;0.0;0.0;0.0;0.0;0.0;0.0;0.0;0
6271;11.5;4.8;4.8;4.8;4.8;4.8;4.8;4.8;4.8;8
6272;13.3;45.8;54.36;67.71;68.23;55.61;45.8;45.8;45.8;83
6273;14.8;91.5;105.71;182.35;205.77;162.25;91.5;91.5;91.5;200
6274;16.2;126.6;126.6;176.46;209.52;194.01;139.01;126.6;126.6;256
6275;17.4;156.4;156.4;196.75;268.11;274.04;211.05;156.4;156.4;339
6276;17.4;137.4;137.4;137.4;153.34;159.94;153.34;137.4;137.4;244
6277;17.1;114.0;114.0;114.0;120.98;129.02;128.26;119.15;114.0;200
6278;16.7;66.4;66.4;66.4;67.32;71.39;72.54;70.09;66.4;114
6279;16.5;50.6;50.6;50.6;50.6;53.08;54.61;53.79;51.1;86
6280;17.0;122.7;122.7;122.7;122.7;148.44;181.58;180.22;145.18;222
6281;16.6;53.9;53.9;53.9;53.9;59.79;78.43;82.7;70.1;94
6282;16.4;27.2;27.2;27.2;27.2;27.2;27.2;27.2;27.2;47
6283;15.5;4.8;4.8;4.8;4.8;4.8;4.8;4.8;4.8;8
6284;14.6;0.0;0.0;0.0;0.0;0.0;0.0;0.0;0.0;0
6285;14.9;0.0;0.0;0.0;0.0;0.0;0.0;0.0;0.0;0
6286;13.4;0.0;0.0;0.0;0.0;0.0;0.0;0.0;0.0;0
6287;13.8;0.0;0.0;0.0;0.0;0.0;0.0;0.0;0.0;0
6288;14.1;0.0;0.0;0.0;0.0;0.0;0.0;0.0;0.0;0
6289;14.0;0.0;0.0;0.0;0.0;0.0;0.0;0.0;0.0;0
6290;13.5;0.0;0.0;0.0;0.0;0.0;0.0;0.0;0.0;0
6291;13.9;0.0;0.0;0.0;0.0;0.0;0.0;0.0;0.0;0
6292;14.5;0.0;0.0;0.0;0.0;0.0;0.0;0.0;0.0;0
6293;14.9;0.0;0.0;0.0;0.0;0.0;0.0;0.0;0.0;0
6294;15.0;0.0;0.0;0.0;0.0;0.0;0.0;0.0;0.0;0
6295;15.1;1.8;1.8;1.8;1.8;1.8;1.8;1.8;1.8;3
6296;15.3;11.4;11.4;11.4;11.4;11.4;11.4;11.4;11.4;19
6297;15.8;44.8;45.78;51.26;52.95;49.87;44.8;44.8;44.8;78
6298;16.8;83.7;83.7;92.1;97.71;95.12;85.84;83.7;83.7;147
6299;17.8;153.1;153.1;182.12;233.81;238.21;192.76;153.1;153.1;311
6300;18.6;173.3;173.3;173.3;296.4;347.38;296.4;173.3;173.3;403
6301;18.5;157.1;157.1;157.1;170.72;186.32;184.81;167.06;157.1;281
6302;18.9;174.3;174.3;174.3;199.27;307.57;337.8;272.26;174.3;378
6303;19.3;157.5;157.5;157.5;157.5;290.52;371.39;326.97;183.27;350
6304;18.6;126.7;126.7;126.7;126.7;180.95;249.83;246.59;173.12;247
6305;17.9;63.1;63.1;63.1;63.1;71.81;98.75;104.81;86.43;111
6306;16.7;27.2;27.2;27.2;27.2;27.2;27.2;27.2;27.2;47
6307;14.8;4.8;4.8;4.8;4.8;4.8;4.8;4.8;4.8;8
6308;14.0;0.0;0.0;0.0;0.0;0.0;0.0;0.0;0.0;0
6309;14.0;0.0;0.0;0.0;0.0;0.0;0.0;0.0;0.0;0
6310;14.2;0.0;0.0;0.0;0.0;0.0;0.0;0.0;0.0;0
6311;14.0;0.0;0.0;0.0;0.0;0.0;0.0;0.0;0.0;0
6312;13.9;0.0;0.0;0.0;0.0;0.0;0.0;0.0;0.0;0
6313;13.6;0.0;0.0;0.0;0.0;0.0;0.0;0.0;0.0;0
6314;13.5;0.0;0.0;0.0;0.0;0.0;0.0;0.0;0.0;0
6315;13.5;0.0;0.0;0.0;0.0;0.0;0.0;0.0;0.0;0
6316;13.7;0.0;0.0;0.0;0.0;0.0;0.0;0.0;0.0;0
6317;13.9;0.0;0.0;0.0;0.0;0.0;0.0;0.0;0.0;0
6318;14.0;0.0;0.0;0.0;0.0;0.0;0.0;0.0;0.0;0
6319;14.5;1.8;1.8;1.8;1.8;1.8;1.8;1.8;1.8;3
6320;14.7;16.3;17.39;19.14;19.23;17.6;16.3;16.3;16.3;28
6321;16.3;83.8;87.66;109.96;116.92;104.49;83.8;83.8;83.8;153
6322;17.7;125.8;125.8;208.76;264.77;239.38;147.46;125.8;125.8;283
6323;18.9;151.0;151.0;228.83;368.35;380.55;258.28;151.0;151.0;400
6324;19.3;168.9;168.9;168.9;346.67;420.31;346.67;168.9;168.9;444
6325;20.3;176.3;176.3;176.3;291.42;422.62;409.53;259.82;176.3;453
6326;20.4;172.8;172.8;172.8;200.86;319.94;352.84;280.27;172.8;383
6327;20.5;145.9;145.9;145.9;145.9;178.23;197.66;186.77;151.94;264
6328;20.3;128.4;128.4;128.4;128.4;245.28;391.72;383.9;226.42;289
6329;20.0;67.4;67.4;67.4;67.4;77.93;109.75;116.75;94.85;119
6330;19.1;43.8;43.8;43.8;43.8;43.8;43.8;43.8;43.8;78
6331;17.7;6.6;6.6;6.6;6.6;6.6;6.6;6.6;6.6;11
6332;17.3;0.0;0.0;0.0;0.0;0.0;0.0;0.0;0.0;0
6333;17.0;0.0;0.0;0.0;0.0;0.0;0.0;0.0;0.0;0
6334;16.5;0.0;0.0;0.0;0.0;0.0;0.0;0.0;0.0;0
6335;16.7;0.0;0.0;0.0;0.0;0.0;0.0;0.0;0.0;0
6336;17.4;0.0;0.0;0.0;0.0;0.0;0.0;0.0;0.0;0
6337;16.8;0.0;0.0;0.0;0.0;0.0;0.0;0.0;0.0;0
6338;16.3;0.0;0.0;0.0;0.0;0.0;0.0;0.0;0.0;0
6339;15.6;0.0;0.0;0.0;0.0;0.0;0.0;0.0;0.0;0
6340;16.4;0.0;0.0;0.0;0.0;0.0;0.0;0.0;0.0;0
6341;16.2;0.0;0.0;0.0;0.0;0.0;0.0;0.0;0.0;0
6342;15.8;0.0;0.0;0.0;0.0;0.0;0.0;0.0;0.0;0
6343;16.0;3.6;3.6;3.6;3.6;3.6;3.6;3.6;3.6;6
6344;16.7;35.9;41.4;50.36;50.85;42.59;35.9;35.9;35.9;64
6345;17.7;86.8;96.3;153.04;170.98;139.61;86.8;86.8;86.8;178
6346;19.6;122.0;122.0;261.09;355.86;313.65;159.16;122.0;122.0;325
6347;19.9;144.7;144.7;158.38;183.07;185.29;163.72;144.7;144.7;267
6348;20.2;163.1;163.1;163.1;201.03;216.74;201.03;163.1;163.1;306
6349;20.5;175.9;175.9;175.9;231.74;295.04;288.55;216.07;175.9;369
6350;19.4;147.9;147.9;147.9;153.25;175.47;181.54;167.91;147.9;264
6351;19.7;56.7;56.7;56.7;56.7;60.66;63.01;61.67;57.41;97
6352;19.8;77.6;77.6;77.6;77.6;88.3;101.52;100.73;86.39;136
6353;19.5;32.6;32.6;32.6;32.6;35.39;43.62;45.39;39.67;56
6354;19.1;8.4;8.4;8.4;8.4;8.4;8.4;8.4;8.4;14
6355;18.1;3.6;3.6;3.6;3.6;3.6;3.6;3.6;3.6;6
6356;17.0;0.0;0.0;0.0;0.0;0.0;0.0;0.0;0.0;0
6357;16.7;0.0;0.0;0.0;0.0;0.0;0.0;0.0;0.0;0
6358;17.2;0.0;0.0;0.0;0.0;0.0;0.0;0.0;0.0;0
6359;16.6;0.0;0.0;0.0;0.0;0.0;0.0;0.0;0.0;0
6360;15.7;0.0;0.0;0.0;0.0;0.0;0.0;0.0;0.0;0
6361;14.5;0.0;0.0;0.0;0.0;0.0;0.0;0.0;0.0;0
6362;13.6;0.0;0.0;0.0;0.0;0.0;0.0;0.0;0.0;0
6363;13.3;0.0;0.0;0.0;0.0;0.0;0.0;0.0;0.0;0
6364;12.8;0.0;0.0;0.0;0.0;0.0;0.0;0.0;0.0;0
6365;12.5;0.0;0.0;0.0;0.0;0.0;0.0;0.0;0.0;0
6366;12.2;0.0;0.0;0.0;0.0;0.0;0.0;0.0;0.0;0
6367;12.8;0.0;0.0;0.0;0.0;0.0;0.0;0.0;0.0;0
6368;13.2;19.3;20.41;22.25;22.36;20.68;19.3;19.3;19.3;33
6369;13.6;27.7;27.93;29.38;29.84;29.05;27.7;27.7;27.7;47
6370;13.8;24.7;24.7;25.66;26.32;26.04;24.96;24.7;24.7;42
6371;15.9;149.0;149.0;176.63;226.81;231.41;187.74;149.0;149.0;300
6372;16.4;168.8;168.8;168.8;311.48;370.58;311.48;168.8;168.8;408
6373;17.1;170.7;170.7;170.7;307.53;461.79;445.54;268.29;170.7;467
6374;16.7;119.6;119.6;119.6;123.28;138.29;142.35;133.08;119.6;211
6375;16.1;31.3;31.3;31.3;31.3;32.65;33.44;32.98;31.53;53
6376;15.8;54.4;54.4;54.4;54.4;59.91;66.63;66.18;58.84;94
6377;15.4;13.2;13.2;13.2;13.2;13.2;13.2;13.2;13.2;22
6378;14.5;11.4;11.4;11.4;11.4;11.4;11.4;11.4;11.4;19
6379;13.8;1.8;1.8;1.8;1.8;1.8;1.8;1.8;1.8;3
6380;13.4;0.0;0.0;0.0;0.0;0.0;0.0;0.0;0.0;0
6381;13.1;0.0;0.0;0.0;0.0;0.0;0.0;0.0;0.0;0
6382;13.1;0.0;0.0;0.0;0.0;0.0;0.0;0.0;0.0;0
6383;13.1;0.0;0.0;0.0;0.0;0.0;0.0;0.0;0.0;0
6384;11.7;0.0;0.0;0.0;0.0;0.0;0.0;0.0;0.0;0
6385;10.8;0.0;0.0;0.0;0.0;0.0;0.0;0.0;0.0;0
6386;10.1;0.0;0.0;0.0;0.0;0.0;0.0;0.0;0.0;0
6387;9.9;0.0;0.0;0.0;0.0;0.0;0.0;0.0;0.0;0
6388;9.5;0.0;0.0;0.0;0.0;0.0;0.0;0.0;0.0;0
6389;10.0;0.0;0.0;0.0;0.0;0.0;0.0;0.0;0.0;0
6390;10.7;0.0;0.0;0.0;0.0;0.0;0.0;0.0;0.0;0
6391;10.9;1.8;1.8;1.8;1.8;1.8;1.8;1.8;1.8;3
6392;12.0;41.3;53.62;74.33;75.69;56.91;41.3;41.3;41.3;78
6393;12.8;85.1;97.24;175.21;200.39;158.04;85.1;85.1;85.1;186
6394;14.1;118.3;118.3;154.31;179.29;168.54;128.36;118.3;118.3;228
6395;15.1;149.7;149.7;188.84;260.4;267.11;205.04;149.7;149.7;322
6396;16.1;141.8;141.8;141.8;160.85;168.74;160.85;141.8;141.8;253
6397;16.9;168.2;168.2;168.2;200.01;235.68;231.82;190.7;168.2;322
6398;16.9;165.8;165.8;165.8;184.29;258.14;277.89;231.98;165.8;333
6399;16.9;135.2;135.2;135.2;135.2;162.72;178.71;169.2;139.78;242
6400;16.7;81.9;81.9;81.9;81.9;94.67;110.04;108.93;91.98;144
6401;16.6;39.9;39.9;39.9;39.9;44.6;57.87;60.61;51.22;69
6402;15.8;14.5;14.5;14.5;14.5;14.5;14.5;14.5;14.5;25
6403;16.0;1.8;1.8;1.8;1.8;1.8;1.8;1.8;1.8;3
6404;15.2;0.0;0.0;0.0;0.0;0.0;0.0;0.0;0.0;0
6405;15.3;0.0;0.0;0.0;0.0;0.0;0.0;0.0;0.0;0
6406;15.2;0.0;0.0;0.0;0.0;0.0;0.0;0.0;0.0;0
6407;15.0;0.0;0.0;0.0;0.0;0.0;0.0;0.0;0.0;0
6408;14.8;0.0;0.0;0.0;0.0;0.0;0.0;0.0;0.0;0
6409;14.4;0.0;0.0;0.0;0.0;0.0;0.0;0.0;0.0;0
6410;14.6;0.0;0.0;0.0;0.0;0.0;0.0;0.0;0.0;0
6411;14.4;0.0;0.0;0.0;0.0;0.0;0.0;0.0;0.0;0
6412;14.2;0.0;0.0;0.0;0.0;0.0;0.0;0.0;0.0;0
6413;14.0;0.0;0.0;0.0;0.0;0.0;0.0;0.0;0.0;0
6414;14.2;0.0;0.0;0.0;0.0;0.0;0.0;0.0;0.0;0
6415;14.6;0.0;0.0;0.0;0.0;0.0;0.0;0.0;0.0;0
6416;14.9;20.6;22.86;26.72;27.0;23.52;20.6;20.6;20.6;36
6417;15.4;52.7;53.82;61.32;63.76;59.73;52.7;52.7;52.7;92
6418;16.5;118.1;118.1;164.34;196.7;183.02;131.31;118.1;118.1;236
6419;18.0;146.6;146.6;221.1;358.19;371.32;252.82;146.6;146.6;381
6420;19.2;159.3;159.3;159.3;382.6;475.09;382.6;159.3;159.3;458
6421;19.4;168.3;168.3;168.3;306.26;460.17;443.1;265.06;168.3;458
6422;20.0;166.9;166.9;166.9;197.53;317.45;349.18;274.14;166.9;369
6423;20.5;147.6;147.6;147.6;147.6;375.27;505.97;426.74;184.0;381
6424;20.8;115.9;115.9;115.9;115.9;371.73;675.66;651.69;313.86;339
6425;20.3;85.7;85.7;85.7;85.7;183.81;454.96;509.8;316.21;192
6426;19.2;40.2;40.2;40.2;40.2;40.2;40.2;40.2;40.2;72
6427;16.7;4.8;4.8;4.8;4.8;4.8;4.8;4.8;4.8;8
6428;15.7;0.0;0.0;0.0;0.0;0.0;0.0;0.0;0.0;0
6429;15.2;0.0;0.0;0.0;0.0;0.0;0.0;0.0;0.0;0
6430;14.2;0.0;0.0;0.0;0.0;0.0;0.0;0.0;0.0;0
6431;15.3;0.0;0.0;0.0;0.0;0.0;0.0;0.0;0.0;0
6432;15.8;0.0;0.0;0.0;0.0;0.0;0.0;0.0;0.0;0
6433;15.4;0.0;0.0;0.0;0.0;0.0;0.0;0.0;0.0;0
6434;14.7;0.0;0.0;0.0;0.0;0.0;0.0;0.0;0.0;0
6435;14.1;0.0;0.0;0.0;0.0;0.0;0.0;0.0;0.0;0
6436;13.7;0.0;0.0;0.0;0.0;0.0;0.0;0.0;0.0;0
6437;13.0;0.0;0.0;0.0;0.0;0.0;0.0;0.0;0.0;0
6438;12.6;0.0;0.0;0.0;0.0;0.0;0.0;0.0;0.0;0
6439;12.4;1.8;1.8;1.8;1.8;1.8;1.8;1.8;1.8;3
6440;13.4;37.9;45.9;59.76;60.81;48.45;37.9;37.9;37.9;69
6441;15.6;82.7;98.33;206.71;242.45;184.6;82.7;82.7;82.7;197
6442;17.5;111.7;111.7;297.71;429.01;374.44;165.96;111.7;111.7;342
6443;18.6;137.7;137.7;243.67;439.91;459.11;290.04;137.7;137.7;422
6444;20.1;144.1;144.1;144.1;462.94;595.0;462.94;144.1;144.1;511
6445;21.7;146.4;146.4;146.4;379.85;638.95;609.52;308.8;146.4;539
6446;22.6;138.8;138.8;138.8;242.1;638.99;742.88;492.91;138.8;528
6447;23.1;128.1;128.1;128.1;128.1;554.37;796.34;646.86;193.5;461
6448;23.2;109.1;109.1;109.1;109.1;423.99;793.26;761.76;347.94;356
6449;22.9;81.9;81.9;81.9;81.9;256.93;730.49;824.11;482.96;219
6450;20.8;41.1;41.1;41.1;41.1;41.1;41.1;41.1;41.1;86
6451;18.5;3.6;3.6;3.6;3.6;3.6;3.6;3.6;3.6;6
6452;17.2;0.0;0.0;0.0;0.0;0.0;0.0;0.0;0.0;0
6453;16.4;0.0;0.0;0.0;0.0;0.0;0.0;0.0;0.0;0
6454;15.8;0.0;0.0;0.0;0.0;0.0;0.0;0.0;0.0;0
6455;15.2;0.0;0.0;0.0;0.0;0.0;0.0;0.0;0.0;0
6456;15.5;0.0;0.0;0.0;0.0;0.0;0.0;0.0;0.0;0
6457;14.6;0.0;0.0;0.0;0.0;0.0;0.0;0.0;0.0;0
6458;15.5;0.0;0.0;0.0;0.0;0.0;0.0;0.0;0.0;0
6459;15.5;0.0;0.0;0.0;0.0;0.0;0.0;0.0;0.0;0
6460;15.5;0.0;0.0;0.0;0.0;0.0;0.0;0.0;0.0;0
6461;15.0;0.0;0.0;0.0;0.0;0.0;0.0;0.0;0.0;0
6462;14.3;0.0;0.0;0.0;0.0;0.0;0.0;0.0;0.0;0
6463;13.3;1.8;1.8;1.8;1.8;1.8;1.8;1.8;1.8;3
6464;15.7;31.6;36.22;44.35;45.01;37.81;31.6;31.6;31.6;56
6465;17.3;81.6;93.24;177.23;205.19;160.76;81.6;81.6;81.6;181
6466;19.5;116.3;116.3;248.05;341.87;303.55;155.54;116.3;116.3;303
6467;20.5;139.1;139.1;235.93;416.38;434.4;279.44;139.1;139.1;406
6468;22.4;149.3;149.3;149.3;429.08;544.97;429.08;149.3;149.3;483
6469;23.4;149.9;149.9;149.9;366.79;606.27;578.42;299.54;149.9;519
6470;24.4;143.1;143.1;143.1;239.25;601.92;695.82;465.95;143.1;506
6471;24.7;133.3;133.3;133.3;133.3;504.19;712.36;581.33;187.84;433
6472;24.6;112.1;112.1;112.1;112.1;380.81;691.89;663.34;311.88;331
6473;23.8;81.7;81.7;81.7;81.7;207.82;542.0;606.54;363.64;192
6474;22.2;38.8;38.8;38.8;38.8;38.8;38.8;38.8;38.8;78
6475;20.7;3.6;3.6;3.6;3.6;3.6;3.6;3.6;3.6;6
6476;18.2;0.0;0.0;0.0;0.0;0.0;0.0;0.0;0.0;0
6477;17.8;0.0;0.0;0.0;0.0;0.0;0.0;0.0;0.0;0
6478;18.1;0.0;0.0;0.0;0.0;0.0;0.0;0.0;0.0;0
6479;17.1;0.0;0.0;0.0;0.0;0.0;0.0;0.0;0.0;0
6480;16.7;0.0;0.0;0.0;0.0;0.0;0.0;0.0;0.0;0
6481;15.6;0.0;0.0;0.0;0.0;0.0;0.0;0.0;0.0;0
6482;14.5;0.0;0.0;0.0;0.0;0.0;0.0;0.0;0.0;0
6483;14.2;0.0;0.0;0.0;0.0;0.0;0.0;0.0;0.0;0
6484;14.4;0.0;0.0;0.0;0.0;0.0;0.0;0.0;0.0;0
6485;14.0;0.0;0.0;0.0;0.0;0.0;0.0;0.0;0.0;0
6486;13.3;0.0;0.0;0.0;0.0;0.0;0.0;0.0;0.0;0
6487;13.0;1.8;1.8;1.8;1.8;1.8;1.8;1.8;1.8;3
6488;14.8;31.6;36.27;44.61;45.33;38.01;31.6;31.6;31.6;56
6489;16.9;80.6;92.41;181.16;211.0;164.46;80.6;80.6;80.6;181
6490;18.7;112.9;112.9;266.47;376.76;332.48;159.58;112.9;112.9;314
6491;20.7;133.7;133.7;245.53;455.26;476.62;297.1;133.7;133.7;422
6492;22.2;143.9;143.9;143.9;452.12;579.8;452.12;143.9;143.9;494
6493;24.3;143.6;143.6;143.6;382.9;645.79;614.51;307.37;143.6;531
6494;23.9;140.1;140.1;140.1;241.18;615.62;711.51;472.68;140.1;506
6495;24.4;129.6;129.6;129.6;129.6;524.94;744.36;603.67;185.27;436
6496;24.1;107.9;107.9;107.9;107.9;413.82;763.49;729.12;330.85;339
6497;22.9;79.1;79.1;79.1;79.1;257.75;721.53;808.98;468.88;206
6498;19.8;36.7;36.7;36.7;36.7;36.7;36.7;36.7;36.7;72
6499;17.5;1.8;1.8;1.8;1.8;1.8;1.8;1.8;1.8;3
6500;15.7;0.0;0.0;0.0;0.0;0.0;0.0;0.0;0.0;0
6501;14.7;0.0;0.0;0.0;0.0;0.0;0.0;0.0;0.0;0
6502;14.3;0.0;0.0;0.0;0.0;0.0;0.0;0.0;0.0;0
6503;13.2;0.0;0.0;0.0;0.0;0.0;0.0;0.0;0.0;0
6504;12.5;0.0;0.0;0.0;0.0;0.0;0.0;0.0;0.0;0
6505;14.9;0.0;0.0;0.0;0.0;0.0;0.0;0.0;0.0;0
6506;14.4;0.0;0.0;0.0;0.0;0.0;0.0;0.0;0.0;0
6507;14.4;0.0;0.0;0.0;0.0;0.0;0.0;0.0;0.0;0
6508;12.2;0.0;0.0;0.0;0.0;0.0;0.0;0.0;0.0;0
6509;14.0;0.0;0.0;0.0;0.0;0.0;0.0;0.0;0.0;0
6510;12.8;0.0;0.0;0.0;0.0;0.0;0.0;0.0;0.0;0
6511;11.5;6.6;6.6;6.6;6.6;6.6;6.6;6.6;6.6;11
6512;14.0;18.1;19.28;21.42;21.62;19.75;18.1;18.1;18.1;31
6513;14.9;71.3;73.57;91.33;97.37;88.13;71.3;71.3;71.3;128
6514;16.1;109.3;109.3;135.01;153.64;146.29;117.27;109.3;109.3;203
6515;17.4;141.7;141.7;173.37;233.13;239.33;188.34;141.7;141.7;292
6516;18.3;156.8;156.8;156.8;214.24;238.03;214.24;156.8;156.8;308
6517;18.8;95.7;95.7;95.7;101.97;108.81;107.98;99.95;95.7;167
6518;18.6;68.2;68.2;68.2;69.48;74.12;75.29;72.31;68.2;117
6519;17.8;31.3;31.3;31.3;31.3;32.83;33.67;33.12;31.51;53
6520;17.6;40.4;40.4;40.4;40.4;43.7;47.43;47.04;42.76;69
6521;17.7;60.1;60.1;60.1;60.1;75.11;113.3;120.33;92.07;106
6522;16.2;23.7;23.7;23.7;23.7;23.7;23.7;23.7;23.7;42
6523;15.3;1.8;1.8;1.8;1.8;1.8;1.8;1.8;1.8;3
6524;14.9;0.0;0.0;0.0;0.0;0.0;0.0;0.0;0.0;0
6525;14.3;0.0;0.0;0.0;0.0;0.0;0.0;0.0;0.0;0
6526;14.1;0.0;0.0;0.0;0.0;0.0;0.0;0.0;0.0;0
6527;13.6;0.0;0.0;0.0;0.0;0.0;0.0;0.0;0.0;0
6528;13.3;0.0;0.0;0.0;0.0;0.0;0.0;0.0;0.0;0
6529;13.4;0.0;0.0;0.0;0.0;0.0;0.0;0.0;0.0;0
6530;13.7;0.0;0.0;0.0;0.0;0.0;0.0;0.0;0.0;0
6531;13.3;0.0;0.0;0.0;0.0;0.0;0.0;0.0;0.0;0
6532;13.2;0.0;0.0;0.0;0.0;0.0;0.0;0.0;0.0;0
6533;13.4;0.0;0.0;0.0;0.0;0.0;0.0;0.0;0.0;0
6534;13.4;0.0;0.0;0.0;0.0;0.0;0.0;0.0;0.0;0
6535;13.2;0.0;0.0;0.0;0.0;0.0;0.0;0.0;0.0;0
6536;13.8;10.2;10.2;10.2;10.2;10.2;10.2;10.2;10.2;17
6537;14.2;41.7;42.3;47.24;48.93;46.39;41.7;41.7;41.7;72
6538;16.3;109.1;109.1;139.27;161.31;152.76;118.64;109.1;109.1;206
6539;15.9;118.6;118.6;126.24;140.74;142.28;129.94;118.6;118.6;211
6540;17.7;156.1;156.1;156.1;219.61;245.92;219.61;156.1;156.1;311
6541;18.6;165.5;165.5;165.5;249.85;341.61;330.2;222.32;165.5;375
6542;18.6;158.1;158.1;158.1;184.74;280.04;303.92;242.37;158.1;331
6543;18.5;100.8;100.8;100.8;100.8;119.56;129.74;122.97;103.21;178
6544;18.6;78.9;78.9;78.9;78.9;94.24;111.34;109.44;89.64;139
6545;16.8;44.8;44.8;44.8;44.8;53.98;76.88;80.99;63.9;78
6546;15.7;10.2;10.2;10.2;10.2;10.2;10.2;10.2;10.2;17
6547;14.9;0.0;0.0;0.0;0.0;0.0;0.0;0.0;0.0;0
6548;14.6;0.0;0.0;0.0;0.0;0.0;0.0;0.0;0.0;0
6549;14.2;0.0;0.0;0.0;0.0;0.0;0.0;0.0;0.0;0
6550;14.0;0.0;0.0;0.0;0.0;0.0;0.0;0.0;0.0;0
6551;13.7;0.0;0.0;0.0;0.0;0.0;0.0;0.0;0.0;0
6552;13.5;0.0;0.0;0.0;0.0;0.0;0.0;0.0;0.0;0
6553;13.3;0.0;0.0;0.0;0.0;0.0;0.0;0.0;0.0;0
6554;13.0;0.0;0.0;0.0;0.0;0.0;0.0;0.0;0.0;0
6555;12.5;0.0;0.0;0.0;0.0;0.0;0.0;0.0;0.0;0
6556;12.1;0.0;0.0;0.0;0.0;0.0;0.0;0.0;0.0;0
6557;12.4;0.0;0.0;0.0;0.0;0.0;0.0;0.0;0.0;0
6558;12.8;0.0;0.0;0.0;0.0;0.0;0.0;0.0;0.0;0
6559;13.0;0.0;0.0;0.0;0.0;0.0;0.0;0.0;0.0;0
6560;13.3;6.6;6.6;6.6;6.6;6.6;6.6;6.6;6.6;11
6561;14.3;38.7;39.29;44.32;46.06;43.49;38.7;38.7;38.7;67
6562;15.5;65.4;65.4;71.71;76.36;74.59;67.43;65.4;65.4;114
6563;15.7;58.0;58.0;59.93;63.62;64.01;60.89;58.0;58.0;100
6564;15.9;42.2;42.2;42.2;44.31;45.19;44.31;42.2;42.2;72
6565;16.3;72.5;72.5;72.5;76.11;80.02;79.52;74.91;72.5;125
6566;16.4;78.6;78.6;78.6;80.63;87.79;89.56;84.91;78.6;136
6567;16.7;111.2;111.2;111.2;111.2;133.56;145.57;137.44;113.94;197
6568;17.1;110.0;110.0;110.0;110.0;197.97;294.8;283.38;170.4;225
6569;16.7;33.8;33.8;33.8;33.8;38.72;50.77;52.88;43.81;58
6570;15.9;14.5;14.5;14.5;14.5;14.5;14.5;14.5;14.5;25
6571;15.2;0.0;0.0;0.0;0.0;0.0;0.0;0.0;0.0;0
6572;14.7;0.0;0.0;0.0;0.0;0.0;0.0;0.0;0.0;0
6573;14.4;0.0;0.0;0.0;0.0;0.0;0.0;0.0;0.0;0
6574;14.5;0.0;0.0;0.0;0.0;0.0;0.0;0.0;0.0;0
6575;14.9;0.0;0.0;0.0;0.0;0.0;0.0;0.0;0.0;0
6576;14.5;0.0;0.0;0.0;0.0;0.0;0.0;0.0;0.0;0
6577;13.8;0.0;0.0;0.0;0.0;0.0;0.0;0.0;0.0;0
6578;12.5;0.0;0.0;0.0;0.0;0.0;0.0;0.0;0.0;0
6579;12.5;0.0;0.0;0.0;0.0;0.0;0.0;0.0;0.0;0
6580;12.5;0.0;0.0;0.0;0.0;0.0;0.0;0.0;0.0;0
6581;12.6;0.0;0.0;0.0;0.0;0.0;0.0;0.0;0.0;0
6582;11.4;0.0;0.0;0.0;0.0;0.0;0.0;0.0;0.0;0
6583;11.7;0.0;0.0;0.0;0.0;0.0;0.0;0.0;0.0;0
6584;12.8;31.6;43.83;67.05;69.51;49.76;31.6;31.6;31.6;61
6585;14.7;73.0;90.92;251.79;307.92;226.44;73.0;73.0;73.0;200
6586;15.5;110.3;110.3;230.61;319.94;286.46;149.79;110.3;110.3;278
6587;16.3;138.4;138.4;204.67;332.08;346.02;238.35;138.4;138.4;344
6588;15.6;156.1;156.1;156.1;311.67;376.1;311.67;156.1;156.1;381
6589;15.9;154.1;154.1;154.1;179.82;207.53;203.94;171.16;154.1;286
6590;17.1;152.8;152.8;152.8;217.1;439.65;494.16;348.71;152.8;408
6591;16.2;130.4;130.4;130.4;130.4;466.67;645.23;522.21;169.67;389
6592;15.7;108.2;108.2;108.2;108.2;188.12;275.02;264.2;162.0;217
6593;15.3;68.5;68.5;68.5;68.5;102.92;185.55;199.61;136.87;125
6594;14.2;20.6;20.6;20.6;20.6;20.6;20.6;20.6;20.6;36
6595;14.1;0.0;0.0;0.0;0.0;0.0;0.0;0.0;0.0;0
6596;12.9;0.0;0.0;0.0;0.0;0.0;0.0;0.0;0.0;0
6597;12.2;0.0;0.0;0.0;0.0;0.0;0.0;0.0;0.0;0
6598;12.6;0.0;0.0;0.0;0.0;0.0;0.0;0.0;0.0;0
6599;12.8;0.0;0.0;0.0;0.0;0.0;0.0;0.0;0.0;0
6600;13.1;0.0;0.0;0.0;0.0;0.0;0.0;0.0;0.0;0
6601;13.0;0.0;0.0;0.0;0.0;0.0;0.0;0.0;0.0;0
6602;11.6;0.0;0.0;0.0;0.0;0.0;0.0;0.0;0.0;0
6603;11.5;0.0;0.0;0.0;0.0;0.0;0.0;0.0;0.0;0
6604;11.5;0.0;0.0;0.0;0.0;0.0;0.0;0.0;0.0;0
6605;11.4;0.0;0.0;0.0;0.0;0.0;0.0;0.0;0.0;0
6606;11.6;0.0;0.0;0.0;0.0;0.0;0.0;0.0;0.0;0
6607;11.1;0.0;0.0;0.0;0.0;0.0;0.0;0.0;0.0;0
6608;12.0;26.2;31.15;40.71;41.76;33.7;26.2;26.2;26.2;47
6609;13.8;73.9;84.09;180.07;213.86;165.66;73.9;73.9;73.9;169
6610;15.4;108.1;108.1;244.91;347.32;309.59;153.83;108.1;108.1;286
6611;15.3;136.7;136.7;204.16;334.62;349.14;239.22;136.7;136.7;342
6612;16.0;133.9;133.9;133.9;154.59;163.17;154.59;133.9;133.9;239
6613;16.0;143.1;143.1;143.1;158.81;175.66;173.44;153.44;143.1;256
6614;16.0;101.3;101.3;101.3;105.26;118.75;122.02;113.15;101.3;178
6615;16.2;70.2;70.2;70.2;70.2;80.21;85.47;81.78;71.31;122
6616;16.4;65.4;65.4;65.4;65.4;76.66;88.75;87.16;72.83;114
6617;15.9;47.3;47.3;47.3;47.3;61.58;95.21;100.78;75.02;83
6618;15.1;9.7;9.7;9.7;9.7;9.7;9.7;9.7;9.7;17
6619;14.6;0.0;0.0;0.0;0.0;0.0;0.0;0.0;0.0;0
6620;14.6;0.0;0.0;0.0;0.0;0.0;0.0;0.0;0.0;0
6621;14.1;0.0;0.0;0.0;0.0;0.0;0.0;0.0;0.0;0
6622;14.2;0.0;0.0;0.0;0.0;0.0;0.0;0.0;0.0;0
6623;14.4;0.0;0.0;0.0;0.0;0.0;0.0;0.0;0.0;0
6624;14.3;0.0;0.0;0.0;0.0;0.0;0.0;0.0;0.0;0
6625;14.4;0.0;0.0;0.0;0.0;0.0;0.0;0.0;0.0;0
6626;13.8;0.0;0.0;0.0;0.0;0.0;0.0;0.0;0.0;0
6627;13.5;0.0;0.0;0.0;0.0;0.0;0.0;0.0;0.0;0
6628;13.2;0.0;0.0;0.0;0.0;0.0;0.0;0.0;0.0;0
6629;13.5;0.0;0.0;0.0;0.0;0.0;0.0;0.0;0.0;0
6630;13.3;0.0;0.0;0.0;0.0;0.0;0.0;0.0;0.0;0
6631;13.3;0.0;0.0;0.0;0.0;0.0;0.0;0.0;0.0;0
6632;13.9;20.6;23.11;28.02;28.59;24.48;20.6;20.6;20.6;36
6633;15.1;57.8;59.24;73.48;78.53;71.44;57.8;57.8;57.8;103
6634;16.9;104.7;104.7;264.94;385.85;342.06;159.23;104.7;104.7;297
6635;16.9;112.5;112.5;119.96;134.48;136.13;123.93;112.5;112.5;200
6636;17.3;108.7;108.7;108.7;123.07;129.03;123.07;108.7;108.7;192
6637;18.2;143.8;143.8;143.8;160.56;178.45;176.04;154.75;143.8;258
6638;18.3;82.9;82.9;82.9;85.5;94.2;96.29;90.53;82.9;144
6639;18.8;62.3;62.3;62.3;62.3;70.83;75.26;72.1;63.2;108
6640;18.3;33.8;33.8;33.8;33.8;37.68;41.79;41.22;36.31;58
6641;15.3;10.2;10.2;10.2;10.2;10.2;10.2;10.2;10.2;17
6642;14.8;0.0;0.0;0.0;0.0;0.0;0.0;0.0;0.0;0
6643;14.4;0.0;0.0;0.0;0.0;0.0;0.0;0.0;0.0;0
6644;14.1;0.0;0.0;0.0;0.0;0.0;0.0;0.0;0.0;0
6645;13.8;0.0;0.0;0.0;0.0;0.0;0.0;0.0;0.0;0
6646;13.9;0.0;0.0;0.0;0.0;0.0;0.0;0.0;0.0;0
6647;13.9;0.0;0.0;0.0;0.0;0.0;0.0;0.0;0.0;0
6648;13.9;0.0;0.0;0.0;0.0;0.0;0.0;0.0;0.0;0
6649;14.0;0.0;0.0;0.0;0.0;0.0;0.0;0.0;0.0;0
6650;14.0;0.0;0.0;0.0;0.0;0.0;0.0;0.0;0.0;0
6651;14.0;0.0;0.0;0.0;0.0;0.0;0.0;0.0;0.0;0
6652;13.9;0.0;0.0;0.0;0.0;0.0;0.0;0.0;0.0;0
6653;14.2;0.0;0.0;0.0;0.0;0.0;0.0;0.0;0.0;0
6654;14.1;0.0;0.0;0.0;0.0;0.0;0.0;0.0;0.0;0
6655;14.0;0.0;0.0;0.0;0.0;0.0;0.0;0.0;0.0;0
6656;14.0;6.6;6.6;6.6;6.6;6.6;6.6;6.6;6.6;11
6657;14.4;27.2;27.55;31.18;32.48;30.69;27.2;27.2;27.2;47
6658;15.2;86.3;86.3;98.43;107.66;104.38;90.5;86.3;86.3;153
6659;15.3;119.4;119.4;128.45;146.17;148.2;133.37;119.4;119.4;214
6660;15.0;113.0;113.0;113.0;128.72;135.23;128.72;113.0;113.0;200
6661;16.0;150.1;150.1;150.1;178.81;209.3;205.12;168.7;150.1;281
6662;15.3;92.1;92.1;92.1;95.54;106.89;109.58;102.03;92.1;161
6663;15.2;65.9;65.9;65.9;65.9;74.62;79.1;75.85;66.77;114
6664;14.7;43.5;43.5;43.5;43.5;49.51;55.81;54.9;47.31;75
6665;14.2;22.9;22.9;22.9;22.9;26.26;33.87;35.06;29.13;39
6666;13.2;17.6;17.6;17.6;17.6;17.6;17.6;17.6;17.6;31
6667;12.6;0.0;0.0;0.0;0.0;0.0;0.0;0.0;0.0;0
6668;12.3;0.0;0.0;0.0;0.0;0.0;0.0;0.0;0.0;0
6669;12.4;0.0;0.0;0.0;0.0;0.0;0.0;0.0;0.0;0
6670;12.0;0.0;0.0;0.0;0.0;0.0;0.0;0.0;0.0;0
6671;11.6;0.0;0.0;0.0;0.0;0.0;0.0;0.0;0.0;0
6672;10.9;0.0;0.0;0.0;0.0;0.0;0.0;0.0;0.0;0
6673;10.6;0.0;0.0;0.0;0.0;0.0;0.0;0.0;0.0;0
6674;10.7;0.0;0.0;0.0;0.0;0.0;0.0;0.0;0.0;0
6675;11.2;0.0;0.0;0.0;0.0;0.0;0.0;0.0;0.0;0
6676;11.3;0.0;0.0;0.0;0.0;0.0;0.0;0.0;0.0;0
6677;10.9;0.0;0.0;0.0;0.0;0.0;0.0;0.0;0.0;0
6678;10.9;0.0;0.0;0.0;0.0;0.0;0.0;0.0;0.0;0
6679;10.9;0.0;0.0;0.0;0.0;0.0;0.0;0.0;0.0;0
6680;10.8;4.8;4.8;4.8;4.8;4.8;4.8;4.8;4.8;8
6681;12.8;62.1;63.61;80.28;86.3;78.14;62.1;62.1;62.1;111
6682;14.2;102.8;102.8;252.42;367.1;326.97;155.51;102.8;102.8;283
6683;15.2;121.2;121.2;240.11;474.23;501.55;306.07;121.2;121.2;397
6684;14.8;146.3;146.3;146.3;199.87;222.05;199.87;146.3;146.3;283
6685;16.2;156.3;156.3;156.3;248.73;346.48;332.82;215.76;156.3;358
6686;15.0;149.6;149.6;149.6;199.95;363.73;402.07;292.52;149.6;356
6687;16.4;117.7;117.7;117.7;117.7;547.34;765.82;604.63;158.21;397
6688;16.3;101.0;101.0;101.0;101.0;179.69;261.25;248.93;149.96;200
6689;14.3;65.3;65.3;65.3;65.3;171.4;408.07;443.96;258.03;133
6690;12.6;18.8;18.8;18.8;18.8;18.8;18.8;18.8;18.8;33
6691;11.8;0.0;0.0;0.0;0.0;0.0;0.0;0.0;0.0;0
6692;11.6;0.0;0.0;0.0;0.0;0.0;0.0;0.0;0.0;0
6693;9.7;0.0;0.0;0.0;0.0;0.0;0.0;0.0;0.0;0
6694;9.0;0.0;0.0;0.0;0.0;0.0;0.0;0.0;0.0;0
6695;9.4;0.0;0.0;0.0;0.0;0.0;0.0;0.0;0.0;0
6696;9.8;0.0;0.0;0.0;0.0;0.0;0.0;0.0;0.0;0
6697;10.3;0.0;0.0;0.0;0.0;0.0;0.0;0.0;0.0;0
6698;9.7;0.0;0.0;0.0;0.0;0.0;0.0;0.0;0.0;0
6699;10.2;0.0;0.0;0.0;0.0;0.0;0.0;0.0;0.0;0
6700;9.7;0.0;0.0;0.0;0.0;0.0;0.0;0.0;0.0;0
6701;9.9;0.0;0.0;0.0;0.0;0.0;0.0;0.0;0.0;0
6702;9.6;0.0;0.0;0.0;0.0;0.0;0.0;0.0;0.0;0
6703;9.4;0.0;0.0;0.0;0.0;0.0;0.0;0.0;0.0;0
6704;10.0;14.5;15.81;18.49;18.84;16.64;14.5;14.5;14.5;25
6705;12.4;66.6;80.21;238.98;296.77;219.73;66.6;66.6;66.6;181
6706;13.2;95.8;95.8;296.97;452.39;398.91;167.88;95.8;95.8;308
6707;13.4;131.9;131.9;193.02;314.07;328.4;227.63;131.9;131.9;319
6708;12.0;103.1;103.1;103.1;115.83;121.1;115.83;103.1;103.1;181
6709;14.1;136.4;136.4;136.4;152.49;169.43;167.02;146.67;136.4;244
6710;13.8;141.9;141.9;141.9;157.69;208.31;220.03;185.98;141.9;269
6711;13.9;123.6;123.6;123.6;123.6;178.29;205.81;185.17;128.46;231
6712;14.9;98.9;98.9;98.9;98.9;173.87;250.66;238.55;144.63;194
6713;13.5;64.3;64.3;64.3;64.3;284.79;768.07;839.1;456.26;153
6714;11.9;14.5;14.5;14.5;14.5;14.5;14.5;14.5;14.5;25
6715;10.2;0.0;0.0;0.0;0.0;0.0;0.0;0.0;0.0;0
6716;8.4;0.0;0.0;0.0;0.0;0.0;0.0;0.0;0.0;0
6717;8.1;0.0;0.0;0.0;0.0;0.0;0.0;0.0;0.0;0
6718;8.4;0.0;0.0;0.0;0.0;0.0;0.0;0.0;0.0;0
6719;8.4;0.0;0.0;0.0;0.0;0.0;0.0;0.0;0.0;0
6720;7.3;0.0;0.0;0.0;0.0;0.0;0.0;0.0;0.0;0
6721;6.4;0.0;0.0;0.0;0.0;0.0;0.0;0.0;0.0;0
6722;6.1;0.0;0.0;0.0;0.0;0.0;0.0;0.0;0.0;0
6723;6.5;0.0;0.0;0.0;0.0;0.0;0.0;0.0;0.0;0
6724;6.7;0.0;0.0;0.0;0.0;0.0;0.0;0.0;0.0;0
6725;7.1;0.0;0.0;0.0;0.0;0.0;0.0;0.0;0.0;0
6726;7.6;0.0;0.0;0.0;0.0;0.0;0.0;0.0;0.0;0
6727;8.3;0.0;0.0;0.0;0.0;0.0;0.0;0.0;0.0;0
6728;8.7;1.8;1.8;1.8;1.8;1.8;1.8;1.8;1.8;3
6729;9.3;15.0;15.0;15.0;15.0;15.0;15.0;15.0;15.0;25
6730;11.7;74.1;74.1;84.4;92.41;89.7;77.85;74.1;74.1;131
6731;12.5;70.2;70.2;73.32;79.52;80.27;75.11;70.2;70.2;122
6732;13.5;121.7;121.7;121.7;141.67;149.95;141.67;121.7;121.7;217
6733;14.2;139.5;139.5;139.5;156.7;174.73;172.12;150.4;139.5;250
6734;14.2;129.7;129.7;129.7;245.14;609.89;693.35;446.63;129.7;447
6735;14.9;127.7;127.7;127.7;127.7;260.07;325.97;275.72;138.77;272
6736;13.7;99.7;99.7;99.7;99.7;248.2;398.55;373.83;188.53;222
6737;13.1;59.6;59.6;59.6;59.6;121.45;254.69;273.65;167.22;111
6738;10.9;15.8;15.8;15.8;15.8;15.8;15.8;15.8;15.8;28
6739;9.2;0.0;0.0;0.0;0.0;0.0;0.0;0.0;0.0;0
6740;8.4;0.0;0.0;0.0;0.0;0.0;0.0;0.0;0.0;0
6741;7.4;0.0;0.0;0.0;0.0;0.0;0.0;0.0;0.0;0
6742;7.1;0.0;0.0;0.0;0.0;0.0;0.0;0.0;0.0;0
6743;6.1;0.0;0.0;0.0;0.0;0.0;0.0;0.0;0.0;0
6744;5.0;0.0;0.0;0.0;0.0;0.0;0.0;0.0;0.0;0
6745;3.9;0.0;0.0;0.0;0.0;0.0;0.0;0.0;0.0;0
6746;3.8;0.0;0.0;0.0;0.0;0.0;0.0;0.0;0.0;0
6747;3.5;0.0;0.0;0.0;0.0;0.0;0.0;0.0;0.0;0
6748;3.4;0.0;0.0;0.0;0.0;0.0;0.0;0.0;0.0;0
6749;3.9;0.0;0.0;0.0;0.0;0.0;0.0;0.0;0.0;0
6750;2.8;0.0;0.0;0.0;0.0;0.0;0.0;0.0;0.0;0
6751;2.7;0.0;0.0;0.0;0.0;0.0;0.0;0.0;0.0;0
6752;5.2;23.2;36.66;65.18;69.11;46.14;23.2;23.2;23.2;47
6753;9.1;63.1;76.7;255.87;322.12;236.63;63.1;63.1;63.1;181
6754;11.7;88.2;88.2;324.51;509.87;448.22;175.68;88.2;88.2;317
6755;13.4;99.6;99.6;269.65;610.31;651.81;369.83;99.6;99.6;436
6756;13.5;112.7;112.7;112.7;548.11;728.47;548.11;112.7;112.7;492
6757;14.0;127.3;127.3;127.3;398.36;681.21;639.59;297.87;127.3;483
6758;13.2;138.5;138.5;138.5;225.55;496.76;558.1;373.65;138.5;400
6759;14.4;113.6;113.6;113.6;113.6;552.2;768.25;600.82;147.98;381
6760;14.0;88.4;88.4;88.4;88.4;492.23;896.4;827.26;325.3;294
6761;12.6;52.4;52.4;52.4;52.4;91.6;174.65;186.08;119.2;94
6762;11.3;15.8;15.8;15.8;15.8;15.8;15.8;15.8;15.8;28
6763;9.9;0.0;0.0;0.0;0.0;0.0;0.0;0.0;0.0;0
6764;9.4;0.0;0.0;0.0;0.0;0.0;0.0;0.0;0.0;0
6765;9.0;0.0;0.0;0.0;0.0;0.0;0.0;0.0;0.0;0
6766;8.4;0.0;0.0;0.0;0.0;0.0;0.0;0.0;0.0;0
6767;8.2;0.0;0.0;0.0;0.0;0.0;0.0;0.0;0.0;0
6768;7.6;0.0;0.0;0.0;0.0;0.0;0.0;0.0;0.0;0
6769;7.1;0.0;0.0;0.0;0.0;0.0;0.0;0.0;0.0;0
6770;6.8;0.0;0.0;0.0;0.0;0.0;0.0;0.0;0.0;0
6771;6.4;0.0;0.0;0.0;0.0;0.0;0.0;0.0;0.0;0
6772;6.0;0.0;0.0;0.0;0.0;0.0;0.0;0.0;0.0;0
6773;5.8;0.0;0.0;0.0;0.0;0.0;0.0;0.0;0.0;0
6774;5.2;0.0;0.0;0.0;0.0;0.0;0.0;0.0;0.0;0
6775;5.0;0.0;0.0;0.0;0.0;0.0;0.0;0.0;0.0;0
6776;6.1;21.9;34.2;60.69;64.45;43.29;21.9;21.9;21.9;44
6777;8.1;61.3;74.31;257.21;325.35;238.82;61.3;61.3;61.3;178
6778;10.2;86.4;86.4;325.67;514.78;452.94;176.39;86.4;86.4;314
6779;11.8;97.3;97.3;269.74;617.18;660.07;373.31;97.3;97.3;433
6780;12.8;102.3;102.3;102.3;592.86;796.06;592.86;102.3;102.3;508
6781;13.2;104.1;104.1;104.1;468.43;846.96;790.34;331.72;104.1;531
6782;13.3;104.2;104.2;104.2;275.36;801.35;918.95;559.29;104.2;497
6783;12.4;112.5;112.5;112.5;112.5;551.41;765.38;596.89;144.66;375
6784;12.2;88.6;88.6;88.6;88.6;468.82;845.06;778.17;307.34;281
6785;10.7;59.4;59.4;59.4;59.4;322.44;870.38;943.26;498.39;139
6786;9.5;10.9;10.9;10.9;10.9;10.9;10.9;10.9;10.9;19
6787;8.5;0.0;0.0;0.0;0.0;0.0;0.0;0.0;0.0;0
6788;8.3;0.0;0.0;0.0;0.0;0.0;0.0;0.0;0.0;0
6789;7.6;0.0;0.0;0.0;0.0;0.0;0.0;0.0;0.0;0
6790;7.3;0.0;0.0;0.0;0.0;0.0;0.0;0.0;0.0;0
6791;6.9;0.0;0.0;0.0;0.0;0.0;0.0;0.0;0.0;0
6792;6.8;0.0;0.0;0.0;0.0;0.0;0.0;0.0;0.0;0
6793;6.1;0.0;0.0;0.0;0.0;0.0;0.0;0.0;0.0;0
6794;5.8;0.0;0.0;0.0;0.0;0.0;0.0;0.0;0.0;0
6795;5.5;0.0;0.0;0.0;0.0;0.0;0.0;0.0;0.0;0
6796;5.1;0.0;0.0;0.0;0.0;0.0;0.0;0.0;0.0;0
6797;5.0;0.0;0.0;0.0;0.0;0.0;0.0;0.0;0.0;0
6798;5.0;0.0;0.0;0.0;0.0;0.0;0.0;0.0;0.0;0
6799;4.5;0.0;0.0;0.0;0.0;0.0;0.0;0.0;0.0;0
6800;5.4;20.9;36.18;69.6;74.49;47.99;20.9;20.9;20.9;44
6801;7.1;59.3;72.24;267.19;340.37;248.9;59.3;59.3;59.3;178
6802;9.0;84.6;84.6;326.9;519.82;457.8;177.16;84.6;84.6;311
6803;10.8;98.7;98.7;264.46;600.32;642.34;365.9;98.7;98.7;422
6804;11.5;105.4;105.4;105.4;575.23;769.84;575.23;105.4;105.4;494
6805;11.9;108.4;108.4;108.4;454.29;812.14;757.75;322.98;108.4;514
6806;12.4;105.1;105.1;105.1;274.33;787.47;900.88;548.13;105.1;486
6807;12.3;98.6;98.6;98.6;98.6;677.37;956.6;733.22;138.09;406
6808;11.7;85.3;85.3;85.3;85.3;501.44;908.61;833.49;320.1;283
6809;10.7;56.5;56.5;56.5;56.5;471.08;1320.63;1360.0;734.33;150
6810;9.7;12.2;12.2;12.2;12.2;12.2;12.2;12.2;12.2;22
6811;9.1;0.0;0.0;0.0;0.0;0.0;0.0;0.0;0.0;0
6812;8.6;0.0;0.0;0.0;0.0;0.0;0.0;0.0;0.0;0
6813;7.9;0.0;0.0;0.0;0.0;0.0;0.0;0.0;0.0;0
6814;7.5;0.0;0.0;0.0;0.0;0.0;0.0;0.0;0.0;0
6815;7.0;0.0;0.0;0.0;0.0;0.0;0.0;0.0;0.0;0
6816;6.5;0.0;0.0;0.0;0.0;0.0;0.0;0.0;0.0;0
6817;5.8;0.0;0.0;0.0;0.0;0.0;0.0;0.0;0.0;0
6818;5.6;0.0;0.0;0.0;0.0;0.0;0.0;0.0;0.0;0
6819;5.4;0.0;0.0;0.0;0.0;0.0;0.0;0.0;0.0;0
6820;5.1;0.0;0.0;0.0;0.0;0.0;0.0;0.0;0.0;0
6821;5.1;0.0;0.0;0.0;0.0;0.0;0.0;0.0;0.0;0
6822;6.1;0.0;0.0;0.0;0.0;0.0;0.0;0.0;0.0;0
6823;5.9;0.0;0.0;0.0;0.0;0.0;0.0;0.0;0.0;0
6824;6.1;7.9;9.31;12.45;12.92;10.45;7.9;7.9;7.9;14
6825;6.8;27.2;27.46;31.65;33.23;31.28;27.2;27.2;27.2;47
6826;8.2;97.1;97.1;160.85;211.99;195.82;121.83;97.1;97.1;206
6827;9.1;107.9;107.9;244.04;521.44;556.59;328.9;107.9;107.9;389
6828;10.2;114.4;114.4;114.4;524.04;693.72;524.04;114.4;114.4;464
6829;11.5;126.8;126.8;126.8;387.42;655.93;614.48;287.35;126.8;458
6830;11.4;114.1;114.1;114.1;262.93;708.3;805.6;497.83;114.1;456
6831;11.7;107.2;107.2;107.2;107.2;580.97;807.19;623.37;137.18;372
6832;12.0;87.4;87.4;87.4;87.4;449.89;800.64;733.58;288.0;264
6833;11.7;55.9;55.9;55.9;55.9;55.9;55.9;55.9;55.9;119
6834;11.0;3.6;3.6;3.6;3.6;3.6;3.6;3.6;3.6;6
6835;10.9;0.0;0.0;0.0;0.0;0.0;0.0;0.0;0.0;0
6836;10.3;0.0;0.0;0.0;0.0;0.0;0.0;0.0;0.0;0
6837;9.6;0.0;0.0;0.0;0.0;0.0;0.0;0.0;0.0;0
6838;9.0;0.0;0.0;0.0;0.0;0.0;0.0;0.0;0.0;0
6839;8.4;0.0;0.0;0.0;0.0;0.0;0.0;0.0;0.0;0
6840;8.0;0.0;0.0;0.0;0.0;0.0;0.0;0.0;0.0;0
6841;7.6;0.0;0.0;0.0;0.0;0.0;0.0;0.0;0.0;0
6842;7.2;0.0;0.0;0.0;0.0;0.0;0.0;0.0;0.0;0
6843;7.2;0.0;0.0;0.0;0.0;0.0;0.0;0.0;0.0;0
6844;7.1;0.0;0.0;0.0;0.0;0.0;0.0;0.0;0.0;0
6845;7.0;0.0;0.0;0.0;0.0;0.0;0.0;0.0;0.0;0
6846;7.0;0.0;0.0;0.0;0.0;0.0;0.0;0.0;0.0;0
6847;7.4;0.0;0.0;0.0;0.0;0.0;0.0;0.0;0.0;0
6848;8.0;20.7;33.63;62.82;67.34;44.53;20.7;20.7;20.7;42
6849;8.8;45.6;46.33;59.17;64.06;58.14;45.6;45.6;45.6;81
6850;10.2;79.7;79.7;93.1;103.93;100.56;84.98;79.7;79.7;142
6851;12.3;116.4;116.4;129.56;156.53;159.99;137.92;116.4;116.4;214
6852;13.4;135.3;135.3;135.3;184.76;205.25;184.76;135.3;135.3;258
6853;14.4;131.3;131.3;131.3;361.7;598.1;561.05;272.26;131.3;433
6854;15.0;137.4;137.4;137.4;203.59;399.15;441.37;305.54;137.4;344
6855;15.4;118.2;118.2;118.2;118.2;231.05;284.38;240.37;124.79;242
6856;15.4;91.3;91.3;91.3;91.3;268.71;438.48;404.88;187.59;208
6857;14.7;52.9;52.9;52.9;52.9;52.9;52.9;52.9;52.9;144
6858;13.1;6.1;6.1;6.1;6.1;6.1;6.1;6.1;6.1;11
6859;12.5;0.0;0.0;0.0;0.0;0.0;0.0;0.0;0.0;0
6860;12.5;0.0;0.0;0.0;0.0;0.0;0.0;0.0;0.0;0
6861;12.4;0.0;0.0;0.0;0.0;0.0;0.0;0.0;0.0;0
6862;12.2;0.0;0.0;0.0;0.0;0.0;0.0;0.0;0.0;0
6863;12.1;0.0;0.0;0.0;0.0;0.0;0.0;0.0;0.0;0
6864;11.9;0.0;0.0;0.0;0.0;0.0;0.0;0.0;0.0;0
6865;11.9;0.0;0.0;0.0;0.0;0.0;0.0;0.0;0.0;0
6866;12.2;0.0;0.0;0.0;0.0;0.0;0.0;0.0;0.0;0
6867;11.5;0.0;0.0;0.0;0.0;0.0;0.0;0.0;0.0;0
6868;11.0;0.0;0.0;0.0;0.0;0.0;0.0;0.0;0.0;0
6869;11.0;0.0;0.0;0.0;0.0;0.0;0.0;0.0;0.0;0
6870;11.2;0.0;0.0;0.0;0.0;0.0;0.0;0.0;0.0;0
6871;10.7;0.0;0.0;0.0;0.0;0.0;0.0;0.0;0.0;0
6872;11.4;3.6;3.6;3.6;3.6;3.6;3.6;3.6;3.6;6
6873;11.9;27.2;27.43;31.8;33.48;31.48;27.2;27.2;27.2;47
6874;13.1;94.2;94.2;153.44;201.64;186.91;117.87;94.2;94.2;197
6875;13.7;121.9;121.9;162.39;245.8;256.63;188.54;121.9;121.9;264
6876;13.9;75.6;75.6;75.6;83.33;86.53;83.33;75.6;75.6;131
6877;14.2;93.4;93.4;93.4;102.53;111.86;110.37;98.95;93.4;164
6878;14.1;85.5;85.5;85.5;89.94;102.88;105.65;96.61;85.5;150
6879;14.1;80.7;80.7;80.7;80.7;99.95;108.96;101.41;81.73;142
6880;13.8;67.4;67.4;67.4;67.4;89.38;110.19;105.94;79.1;119
6881;13.6;25.4;25.4;25.4;25.4;25.4;25.4;25.4;25.4;44
6882;13.0;1.8;1.8;1.8;1.8;1.8;1.8;1.8;1.8;3
6883;12.5;0.0;0.0;0.0;0.0;0.0;0.0;0.0;0.0;0
6884;12.2;0.0;0.0;0.0;0.0;0.0;0.0;0.0;0.0;0
6885;12.0;0.0;0.0;0.0;0.0;0.0;0.0;0.0;0.0;0
6886;11.4;0.0;0.0;0.0;0.0;0.0;0.0;0.0;0.0;0
6887;11.7;0.0;0.0;0.0;0.0;0.0;0.0;0.0;0.0;0
6888;10.9;0.0;0.0;0.0;0.0;0.0;0.0;0.0;0.0;0
6889;10.9;0.0;0.0;0.0;0.0;0.0;0.0;0.0;0.0;0
6890;10.6;0.0;0.0;0.0;0.0;0.0;0.0;0.0;0.0;0
6891;10.2;0.0;0.0;0.0;0.0;0.0;0.0;0.0;0.0;0
6892;10.1;0.0;0.0;0.0;0.0;0.0;0.0;0.0;0.0;0
6893;9.5;0.0;0.0;0.0;0.0;0.0;0.0;0.0;0.0;0
6894;9.5;0.0;0.0;0.0;0.0;0.0;0.0;0.0;0.0;0
6895;9.5;0.0;0.0;0.0;0.0;0.0;0.0;0.0;0.0;0
6896;9.8;14.8;20.76;34.65;36.9;26.21;14.8;14.8;14.8;28
6897;10.2;39.4;39.83;48.76;52.21;48.16;39.4;39.4;39.4;69
6898;10.4;82.2;82.2;97.2;109.5;105.8;88.28;82.2;82.2;147
6899;11.8;118.4;118.4;146.45;204.53;212.17;164.87;118.4;118.4;239
6900;12.5;123.6;123.6;123.6;445.3;578.56;445.3;123.6;123.6;411
6901;12.8;134.5;134.5;134.5;330.6;530.19;497.99;252.86;134.5;400
6902;12.6;131.8;131.8;131.8;155.11;222.28;236.44;189.31;131.8;258
6903;12.7;105.7;105.7;105.7;105.7;554.52;762.4;585.59;127.67;347
6904;12.5;87.4;87.4;87.4;87.4;338.52;573.69;523.99;218.55;219
6905;10.8;46.3;46.3;46.3;46.3;46.3;46.3;46.3;46.3;83
6906;8.7;3.6;3.6;3.6;3.6;3.6;3.6;3.6;3.6;6
6907;8.0;0.0;0.0;0.0;0.0;0.0;0.0;0.0;0.0;0
6908;9.2;0.0;0.0;0.0;0.0;0.0;0.0;0.0;0.0;0
6909;8.7;0.0;0.0;0.0;0.0;0.0;0.0;0.0;0.0;0
6910;8.3;0.0;0.0;0.0;0.0;0.0;0.0;0.0;0.0;0
6911;7.9;0.0;0.0;0.0;0.0;0.0;0.0;0.0;0.0;0
6912;7.7;0.0;0.0;0.0;0.0;0.0;0.0;0.0;0.0;0
6913;7.7;0.0;0.0;0.0;0.0;0.0;0.0;0.0;0.0;0
6914;7.8;0.0;0.0;0.0;0.0;0.0;0.0;0.0;0.0;0
6915;7.8;0.0;0.0;0.0;0.0;0.0;0.0;0.0;0.0;0
6916;7.6;0.0;0.0;0.0;0.0;0.0;0.0;0.0;0.0;0
6917;7.0;0.0;0.0;0.0;0.0;0.0;0.0;0.0;0.0;0
6918;6.7;0.0;0.0;0.0;0.0;0.0;0.0;0.0;0.0;0
6919;6.6;0.0;0.0;0.0;0.0;0.0;0.0;0.0;0.0;0
6920;6.8;4.8;4.8;4.8;4.8;4.8;4.8;4.8;4.8;8
6921;7.1;10.2;10.2;10.2;10.2;10.2;10.2;10.2;10.2;17
6922;7.6;18.1;18.1;19.37;20.41;20.1;18.62;18.1;18.1;31
6923;8.3;44.0;44.0;45.13;47.5;47.81;45.89;44.0;44.0;75
6924;8.8;54.9;54.9;54.9;58.88;60.53;58.88;54.9;54.9;94
6925;9.0;45.8;45.8;45.8;47.69;49.61;49.3;46.93;45.8;78
6926;9.0;47.1;47.1;47.1;48.66;53.11;54.04;50.9;47.1;81
6927;9.0;33.8;33.8;33.8;33.8;38.28;40.34;38.56;34.0;58
6928;9.2;46.6;46.6;46.6;46.6;58.46;69.45;67.05;52.68;81
6929;9.1;30.3;30.3;30.3;30.3;30.3;30.3;30.3;30.3;53
6930;8.5;4.3;4.3;4.3;4.3;4.3;4.3;4.3;4.3;8
6931;8.1;0.0;0.0;0.0;0.0;0.0;0.0;0.0;0.0;0
6932;8.2;0.0;0.0;0.0;0.0;0.0;0.0;0.0;0.0;0
6933;8.1;0.0;0.0;0.0;0.0;0.0;0.0;0.0;0.0;0
6934;7.8;0.0;0.0;0.0;0.0;0.0;0.0;0.0;0.0;0
6935;7.6;0.0;0.0;0.0;0.0;0.0;0.0;0.0;0.0;0
6936;7.4;0.0;0.0;0.0;0.0;0.0;0.0;0.0;0.0;0
6937;7.4;0.0;0.0;0.0;0.0;0.0;0.0;0.0;0.0;0
6938;7.8;0.0;0.0;0.0;0.0;0.0;0.0;0.0;0.0;0
6939;7.7;0.0;0.0;0.0;0.0;0.0;0.0;0.0;0.0;0
6940;7.6;0.0;0.0;0.0;0.0;0.0;0.0;0.0;0.0;0
6941;7.3;0.0;0.0;0.0;0.0;0.0;0.0;0.0;0.0;0
6942;7.1;0.0;0.0;0.0;0.0;0.0;0.0;0.0;0.0;0
6943;7.1;0.0;0.0;0.0;0.0;0.0;0.0;0.0;0.0;0
6944;7.5;3.6;3.6;3.6;3.6;3.6;3.6;3.6;3.6;6
6945;8.1;22.9;22.99;25.32;26.24;25.19;22.9;22.9;22.9;39
6946;9.0;55.7;55.7;62.12;67.45;65.9;58.37;55.7;55.7;97
6947;9.0;73.3;73.3;77.32;85.72;86.85;80.04;73.3;73.3;128
6948;9.1;59.8;59.8;59.8;65.19;67.43;65.19;59.8;59.8;103
6949;9.6;51.9;51.9;51.9;54.79;57.71;57.22;53.62;51.9;89
6950;10.1;62.3;62.3;62.3;64.97;72.5;74.05;68.72;62.3;108
6951;10.1;37.4;37.4;37.4;37.4;41.99;44.07;42.25;37.58;64
6952;10.5;36.9;36.9;36.9;36.9;46.15;54.63;52.72;41.55;64
6953;9.8;30.3;30.3;30.3;30.3;30.3;30.3;30.3;30.3;53
6954;8.7;0.0;0.0;0.0;0.0;0.0;0.0;0.0;0.0;0
6955;8.8;0.0;0.0;0.0;0.0;0.0;0.0;0.0;0.0;0
6956;8.7;0.0;0.0;0.0;0.0;0.0;0.0;0.0;0.0;0
6957;8.2;0.0;0.0;0.0;0.0;0.0;0.0;0.0;0.0;0
6958;7.8;0.0;0.0;0.0;0.0;0.0;0.0;0.0;0.0;0
6959;8.0;0.0;0.0;0.0;0.0;0.0;0.0;0.0;0.0;0
6960;8.2;0.0;0.0;0.0;0.0;0.0;0.0;0.0;0.0;0
6961;8.3;0.0;0.0;0.0;0.0;0.0;0.0;0.0;0.0;0
6962;8.2;0.0;0.0;0.0;0.0;0.0;0.0;0.0;0.0;0
6963;7.8;0.0;0.0;0.0;0.0;0.0;0.0;0.0;0.0;0
6964;7.1;0.0;0.0;0.0;0.0;0.0;0.0;0.0;0.0;0
6965;7.0;0.0;0.0;0.0;0.0;0.0;0.0;0.0;0.0;0
6966;7.3;0.0;0.0;0.0;0.0;0.0;0.0;0.0;0.0;0
6967;7.8;0.0;0.0;0.0;0.0;0.0;0.0;0.0;0.0;0
6968;8.5;3.6;3.6;3.6;3.6;3.6;3.6;3.6;3.6;6
6969;9.4;25.4;25.57;30.33;32.21;30.1;25.4;25.4;25.4;44
6970;10.5;47.8;47.8;53.0;57.36;56.11;50.0;47.8;47.8;83
6971;10.8;106.7;106.7;116.57;137.33;140.15;123.38;106.7;106.7;192
6972;12.1;132.7;132.7;132.7;257.32;308.94;257.32;132.7;132.7;297
6973;11.7;115.6;115.6;115.6;131.29;147.08;144.43;124.89;115.6;206
6974;11.6;115.1;115.1;115.1;124.44;150.42;155.71;137.21;115.1;206
6975;13.2;111.9;111.9;111.9;111.9;330.45;428.7;341.38;119.63;264
6976;12.4;82.8;82.8;82.8;82.8;236.77;376.47;344.14;158.72;178
6977;11.4;21.1;21.1;21.1;21.1;21.1;21.1;21.1;21.1;36
6978;10.4;0.0;0.0;0.0;0.0;0.0;0.0;0.0;0.0;0
6979;9.6;0.0;0.0;0.0;0.0;0.0;0.0;0.0;0.0;0
6980;9.5;0.0;0.0;0.0;0.0;0.0;0.0;0.0;0.0;0
6981;7.9;0.0;0.0;0.0;0.0;0.0;0.0;0.0;0.0;0
6982;7.3;0.0;0.0;0.0;0.0;0.0;0.0;0.0;0.0;0
6983;5.9;0.0;0.0;0.0;0.0;0.0;0.0;0.0;0.0;0
6984;6.5;0.0;0.0;0.0;0.0;0.0;0.0;0.0;0.0;0
6985;5.0;0.0;0.0;0.0;0.0;0.0;0.0;0.0;0.0;0
6986;5.2;0.0;0.0;0.0;0.0;0.0;0.0;0.0;0.0;0
6987;5.0;0.0;0.0;0.0;0.0;0.0;0.0;0.0;0.0;0
6988;4.8;0.0;0.0;0.0;0.0;0.0;0.0;0.0;0.0;0
6989;4.1;0.0;0.0;0.0;0.0;0.0;0.0;0.0;0.0;0
6990;4.6;0.0;0.0;0.0;0.0;0.0;0.0;0.0;0.0;0
6991;3.8;0.0;0.0;0.0;0.0;0.0;0.0;0.0;0.0;0
6992;4.9;4.8;4.8;4.8;4.8;4.8;4.8;4.8;4.8;8
6993;5.6;28.5;28.72;36.04;38.93;35.72;28.5;28.5;28.5;50
6994;6.9;67.4;67.4;77.95;86.83;84.33;71.91;67.4;67.4;119
6995;9.7;109.2;109.2;204.32;405.49;433.11;270.98;109.2;109.2;317
6996;12.0;107.5;107.5;107.5;517.76;687.69;517.76;107.5;107.5;425
6997;13.1;104.8;104.8;104.8;444.34;784.6;726.65;304.43;104.8;458
6998;14.0;103.0;103.0;103.0;274.52;746.29;841.23;503.73;103.0;425
6999;14.2;94.2;94.2;94.2;94.2;642.94;887.23;666.98;111.2;347
7000;14.0;76.6;76.6;76.6;76.6;490.75;862.65;774.09;276.95;231
7001;12.7;44.1;44.1;44.1;44.1;44.1;44.1;44.1;44.1;106
7002;10.7;4.8;4.8;4.8;4.8;4.8;4.8;4.8;4.8;8
7003;9.7;0.0;0.0;0.0;0.0;0.0;0.0;0.0;0.0;0
7004;8.6;0.0;0.0;0.0;0.0;0.0;0.0;0.0;0.0;0
7005;9.6;0.0;0.0;0.0;0.0;0.0;0.0;0.0;0.0;0
7006;10.3;0.0;0.0;0.0;0.0;0.0;0.0;0.0;0.0;0
7007;9.8;0.0;0.0;0.0;0.0;0.0;0.0;0.0;0.0;0
7008;9.3;0.0;0.0;0.0;0.0;0.0;0.0;0.0;0.0;0
7009;8.8;0.0;0.0;0.0;0.0;0.0;0.0;0.0;0.0;0
7010;9.4;0.0;0.0;0.0;0.0;0.0;0.0;0.0;0.0;0
7011;9.3;0.0;0.0;0.0;0.0;0.0;0.0;0.0;0.0;0
7012;9.2;0.0;0.0;0.0;0.0;0.0;0.0;0.0;0.0;0
7013;9.2;0.0;0.0;0.0;0.0;0.0;0.0;0.0;0.0;0
7014;9.1;0.0;0.0;0.0;0.0;0.0;0.0;0.0;0.0;0
7015;9.8;0.0;0.0;0.0;0.0;0.0;0.0;0.0;0.0;0
7016;10.5;1.8;1.8;1.8;1.8;1.8;1.8;1.8;1.8;3
7017;10.6;10.2;10.2;10.2;10.2;10.2;10.2;10.2;10.2;17
7018;10.9;16.8;16.8;16.8;16.8;16.8;16.8;16.8;16.8;28
7019;11.9;16.8;16.8;16.8;16.8;16.8;16.8;16.8;16.8;28
7020;12.8;13.2;13.2;13.2;13.2;13.2;13.2;13.2;13.2;22
7021;13.8;21.1;21.1;21.1;22.12;23.13;22.96;21.69;21.1;36
7022;15.1;29.5;29.5;29.5;30.08;31.66;31.97;30.84;29.5;50
7023;15.9;40.4;40.4;40.4;40.4;45.33;47.5;45.52;40.53;69
7024;17.5;49.1;49.1;49.1;49.1;66.5;81.97;78.18;57.36;86
7025;17.6;41.6;41.6;41.6;41.6;41.6;41.6;41.6;41.6;81
7026;17.0;3.6;3.6;3.6;3.6;3.6;3.6;3.6;3.6;6
7027;17.0;0.0;0.0;0.0;0.0;0.0;0.0;0.0;0.0;0
7028;17.2;0.0;0.0;0.0;0.0;0.0;0.0;0.0;0.0;0
7029;16.7;0.0;0.0;0.0;0.0;0.0;0.0;0.0;0.0;0
7030;16.7;0.0;0.0;0.0;0.0;0.0;0.0;0.0;0.0;0
7031;15.8;0.0;0.0;0.0;0.0;0.0;0.0;0.0;0.0;0
7032;14.7;0.0;0.0;0.0;0.0;0.0;0.0;0.0;0.0;0
7033;14.7;0.0;0.0;0.0;0.0;0.0;0.0;0.0;0.0;0
7034;14.8;0.0;0.0;0.0;0.0;0.0;0.0;0.0;0.0;0
7035;14.9;0.0;0.0;0.0;0.0;0.0;0.0;0.0;0.0;0
7036;15.7;0.0;0.0;0.0;0.0;0.0;0.0;0.0;0.0;0
7037;14.1;0.0;0.0;0.0;0.0;0.0;0.0;0.0;0.0;0
7038;13.2;0.0;0.0;0.0;0.0;0.0;0.0;0.0;0.0;0
7039;11.1;0.0;0.0;0.0;0.0;0.0;0.0;0.0;0.0;0
7040;10.4;10.2;10.2;10.2;10.2;10.2;10.2;10.2;10.2;17
7041;11.2;49.2;51.59;158.64;201.58;155.26;49.2;49.2;49.2;117
7042;12.4;78.9;78.9;261.72;417.74;375.27;159.19;78.9;78.9;244
7043;13.2;103.7;103.7;211.26;441.08;473.27;288.96;103.7;103.7;322
7044;14.3;107.8;107.8;107.8;500.75;663.52;500.75;107.8;107.8;408
7045;14.6;113.4;113.4;113.4;399.06;683.23;633.61;279.25;113.4;419
7046;14.6;115.4;115.4;115.4;241.48;580.81;647.5;402.5;115.4;369
7047;14.4;95.0;95.0;95.0;95.0;600.07;820.64;616.13;106.36;325
7048;13.7;76.1;76.1;76.1;76.1;420.87;724.26;647.97;236.69;206
7049;13.5;28.5;28.5;28.5;28.5;28.5;28.5;28.5;28.5;50
7050;12.0;4.8;4.8;4.8;4.8;4.8;4.8;4.8;4.8;8
7051;12.0;0.0;0.0;0.0;0.0;0.0;0.0;0.0;0.0;0
7052;11.7;0.0;0.0;0.0;0.0;0.0;0.0;0.0;0.0;0
7053;11.1;0.0;0.0;0.0;0.0;0.0;0.0;0.0;0.0;0
7054;11.5;0.0;0.0;0.0;0.0;0.0;0.0;0.0;0.0;0
7055;11.2;0.0;0.0;0.0;0.0;0.0;0.0;0.0;0.0;0
7056;11.2;0.0;0.0;0.0;0.0;0.0;0.0;0.0;0.0;0
7057;10.9;0.0;0.0;0.0;0.0;0.0;0.0;0.0;0.0;0
7058;11.2;0.0;0.0;0.0;0.0;0.0;0.0;0.0;0.0;0
7059;11.4;0.0;0.0;0.0;0.0;0.0;0.0;0.0;0.0;0
7060;11.3;0.0;0.0;0.0;0.0;0.0;0.0;0.0;0.0;0
7061;10.9;0.0;0.0;0.0;0.0;0.0;0.0;0.0;0.0;0
7062;10.8;0.0;0.0;0.0;0.0;0.0;0.0;0.0;0.0;0
7063;10.4;0.0;0.0;0.0;0.0;0.0;0.0;0.0;0.0;0
7064;10.5;10.2;10.2;10.2;10.2;10.2;10.2;10.2;10.2;17
7065;11.1;42.0;42.28;57.93;64.24;57.52;42.0;42.0;42.0;75
7066;13.2;82.6;82.6;195.17;291.86;265.96;132.66;82.6;82.6;206
7067;14.1;105.3;105.3;198.32;398.05;426.29;266.5;105.3;105.3;303
7068;15.1;121.9;121.9;121.9;368.02;469.97;368.02;121.9;121.9;344
7069;16.0;117.2;117.2;117.2;372.18;624.91;580.24;264.32;117.2;397
7070;16.7;115.3;115.3;115.3;236.78;560.29;623.13;388.49;115.3;358
7071;17.0;105.4;105.4;105.4;105.4;317.56;409.34;323.07;109.29;244
7072;16.7;72.9;72.9;72.9;72.9;493.34;859.66;765.11;265.07;214
7073;15.3;37.2;37.2;37.2;37.2;37.2;37.2;37.2;37.2;67
7074;14.0;1.8;1.8;1.8;1.8;1.8;1.8;1.8;1.8;3
7075;13.1;0.0;0.0;0.0;0.0;0.0;0.0;0.0;0.0;0
7076;13.0;0.0;0.0;0.0;0.0;0.0;0.0;0.0;0.0;0
7077;12.8;0.0;0.0;0.0;0.0;0.0;0.0;0.0;0.0;0
7078;13.0;0.0;0.0;0.0;0.0;0.0;0.0;0.0;0.0;0
7079;12.8;0.0;0.0;0.0;0.0;0.0;0.0;0.0;0.0;0
7080;13.3;0.0;0.0;0.0;0.0;0.0;0.0;0.0;0.0;0
7081;13.4;0.0;0.0;0.0;0.0;0.0;0.0;0.0;0.0;0
7082;13.5;0.0;0.0;0.0;0.0;0.0;0.0;0.0;0.0;0
7083;13.5;0.0;0.0;0.0;0.0;0.0;0.0;0.0;0.0;0
7084;13.3;0.0;0.0;0.0;0.0;0.0;0.0;0.0;0.0;0
7085;13.3;0.0;0.0;0.0;0.0;0.0;0.0;0.0;0.0;0
7086;13.4;0.0;0.0;0.0;0.0;0.0;0.0;0.0;0.0;0
7087;13.5;0.0;0.0;0.0;0.0;0.0;0.0;0.0;0.0;0
7088;13.4;0.0;0.0;0.0;0.0;0.0;0.0;0.0;0.0;0
7089;13.8;3.6;3.6;3.6;3.6;3.6;3.6;3.6;3.6;6
7090;14.2;13.2;13.2;13.2;13.2;13.2;13.2;13.2;13.2;22
7091;14.7;22.9;22.9;23.52;24.84;25.03;23.97;22.9;22.9;39
7092;15.2;29.5;29.5;29.5;30.98;31.59;30.98;29.5;29.5;50
7093;15.6;37.4;37.4;37.4;39.55;41.66;41.28;38.63;37.4;64
7094;15.9;22.9;22.9;22.9;23.53;25.18;25.49;24.29;22.9;39
7095;16.1;19.3;19.3;19.3;19.3;21.95;23.09;22.0;19.34;33
7096;16.7;13.2;13.2;13.2;13.2;13.2;13.2;13.2;13.2;22
7097;16.7;6.6;6.6;6.6;6.6;6.6;6.6;6.6;6.6;11
7098;16.8;0.0;0.0;0.0;0.0;0.0;0.0;0.0;0.0;0
7099;17.2;0.0;0.0;0.0;0.0;0.0;0.0;0.0;0.0;0
7100;17.3;0.0;0.0;0.0;0.0;0.0;0.0;0.0;0.0;0
7101;17.2;0.0;0.0;0.0;0.0;0.0;0.0;0.0;0.0;0
7102;17.1;0.0;0.0;0.0;0.0;0.0;0.0;0.0;0.0;0
7103;17.1;0.0;0.0;0.0;0.0;0.0;0.0;0.0;0.0;0
7104;17.2;0.0;0.0;0.0;0.0;0.0;0.0;0.0;0.0;0
7105;17.1;0.0;0.0;0.0;0.0;0.0;0.0;0.0;0.0;0
7106;16.7;0.0;0.0;0.0;0.0;0.0;0.0;0.0;0.0;0
7107;16.4;0.0;0.0;0.0;0.0;0.0;0.0;0.0;0.0;0
7108;16.0;0.0;0.0;0.0;0.0;0.0;0.0;0.0;0.0;0
7109;15.3;0.0;0.0;0.0;0.0;0.0;0.0;0.0;0.0;0
7110;15.0;0.0;0.0;0.0;0.0;0.0;0.0;0.0;0.0;0
7111;15.2;0.0;0.0;0.0;0.0;0.0;0.0;0.0;0.0;0
7112;15.2;0.0;0.0;0.0;0.0;0.0;0.0;0.0;0.0;0
7113;15.7;20.6;20.66;26.11;28.34;26.03;20.6;20.6;20.6;36
7114;15.6;27.7;27.7;29.11;30.34;30.02;28.34;27.7;27.7;47
7115;16.2;53.2;53.2;55.69;61.09;61.87;57.57;53.2;53.2;92
7116;16.0;50.1;50.1;50.1;54.61;56.47;54.61;50.1;50.1;86
7117;15.8;50.1;50.1;50.1;53.38;56.6;56.02;51.97;50.1;86
7118;16.7;64.1;64.1;64.1;67.31;75.7;77.29;71.16;64.1;111
7119;16.7;41.7;41.7;41.7;41.7;49.85;53.31;49.97;41.78;72
7120;16.5;27.2;27.2;27.2;27.2;35.47;42.54;40.63;30.84;47
7121;16.4;12.7;12.7;12.7;12.7;12.7;12.7;12.7;12.7;22
7122;16.5;0.0;0.0;0.0;0.0;0.0;0.0;0.0;0.0;0
7123;16.6;0.0;0.0;0.0;0.0;0.0;0.0;0.0;0.0;0
7124;16.4;0.0;0.0;0.0;0.0;0.0;0.0;0.0;0.0;0
7125;16.8;0.0;0.0;0.0;0.0;0.0;0.0;0.0;0.0;0
7126;16.1;0.0;0.0;0.0;0.0;0.0;0.0;0.0;0.0;0
7127;16.1;0.0;0.0;0.0;0.0;0.0;0.0;0.0;0.0;0
7128;15.6;0.0;0.0;0.0;0.0;0.0;0.0;0.0;0.0;0
7129;15.2;0.0;0.0;0.0;0.0;0.0;0.0;0.0;0.0;0
7130;14.8;0.0;0.0;0.0;0.0;0.0;0.0;0.0;0.0;0
7131;14.6;0.0;0.0;0.0;0.0;0.0;0.0;0.0;0.0;0
7132;14.9;0.0;0.0;0.0;0.0;0.0;0.0;0.0;0.0;0
7133;14.4;0.0;0.0;0.0;0.0;0.0;0.0;0.0;0.0;0
7134;13.7;0.0;0.0;0.0;0.0;0.0;0.0;0.0;0.0;0
7135;13.6;0.0;0.0;0.0;0.0;0.0;0.0;0.0;0.0;0
7136;13.3;3.6;3.6;3.6;3.6;3.6;3.6;3.6;3.6;6
7137;13.8;31.6;31.67;42.84;47.42;42.74;31.6;31.6;31.6;56
7138;14.6;66.9;66.9;79.78;91.05;88.17;72.84;66.9;66.9;119
7139;14.2;105.2;105.2;140.47;217.3;228.47;167.43;105.2;105.2;222
7140;14.0;75.1;75.1;75.1;85.77;90.2;85.77;75.1;75.1;131
7141;14.7;126.4;126.4;126.4;204.19;280.49;266.53;170.48;126.4;269
7142;14.3;98.5;98.5;98.5;107.07;129.22;133.38;117.1;98.5;175
7143;12.7;47.1;47.1;47.1;47.1;55.45;58.97;55.53;47.15;81
7144;13.3;56.5;56.5;56.5;56.5;86.81;112.47;105.34;69.6;100
7145;12.8;26.7;26.7;26.7;26.7;26.7;26.7;26.7;26.7;47
7146;12.0;0.0;0.0;0.0;0.0;0.0;0.0;0.0;0.0;0
7147;11.9;0.0;0.0;0.0;0.0;0.0;0.0;0.0;0.0;0
7148;11.7;0.0;0.0;0.0;0.0;0.0;0.0;0.0;0.0;0
7149;11.5;0.0;0.0;0.0;0.0;0.0;0.0;0.0;0.0;0
7150;11.2;0.0;0.0;0.0;0.0;0.0;0.0;0.0;0.0;0
7151;11.0;0.0;0.0;0.0;0.0;0.0;0.0;0.0;0.0;0
7152;10.2;0.0;0.0;0.0;0.0;0.0;0.0;0.0;0.0;0
7153;9.7;0.0;0.0;0.0;0.0;0.0;0.0;0.0;0.0;0
7154;8.9;0.0;0.0;0.0;0.0;0.0;0.0;0.0;0.0;0
7155;8.7;0.0;0.0;0.0;0.0;0.0;0.0;0.0;0.0;0
7156;8.6;0.0;0.0;0.0;0.0;0.0;0.0;0.0;0.0;0
7157;7.7;0.0;0.0;0.0;0.0;0.0;0.0;0.0;0.0;0
7158;7.3;0.0;0.0;0.0;0.0;0.0;0.0;0.0;0.0;0
7159;7.1;0.0;0.0;0.0;0.0;0.0;0.0;0.0;0.0;0
7160;7.1;4.8;4.8;4.8;4.8;4.8;4.8;4.8;4.8;8
7161;8.9;40.8;40.89;75.18;89.33;75.05;40.8;40.8;40.8;78
7162;11.0;77.2;77.2;187.46;284.54;260.17;128.61;77.2;77.2;192
7163;12.8;95.3;95.3;209.37;459.06;495.67;297.75;95.3;95.3;308
7164;13.0;118.1;118.1;118.1;190.87;221.02;190.87;118.1;118.1;236
7165;12.4;124.3;124.3;124.3;193.29;260.74;248.26;163.17;124.3;258
7166;12.7;68.4;68.4;68.4;72.46;82.84;84.77;77.1;68.4;119
7167;12.7;63.6;63.6;63.6;63.6;80.73;87.87;80.79;63.64;111
7168;12.6;69.1;69.1;69.1;69.1;427.54;728.06;642.57;221.15;181
7169;10.9;32.4;32.4;32.4;32.4;32.4;32.4;32.4;32.4;64
7170;9.0;0.0;0.0;0.0;0.0;0.0;0.0;0.0;0.0;0
7171;7.2;0.0;0.0;0.0;0.0;0.0;0.0;0.0;0.0;0
7172;5.8;0.0;0.0;0.0;0.0;0.0;0.0;0.0;0.0;0
7173;4.7;0.0;0.0;0.0;0.0;0.0;0.0;0.0;0.0;0
7174;4.9;0.0;0.0;0.0;0.0;0.0;0.0;0.0;0.0;0
7175;3.8;0.0;0.0;0.0;0.0;0.0;0.0;0.0;0.0;0
7176;3.2;0.0;0.0;0.0;0.0;0.0;0.0;0.0;0.0;0
7177;3.4;0.0;0.0;0.0;0.0;0.0;0.0;0.0;0.0;0
7178;3.0;0.0;0.0;0.0;0.0;0.0;0.0;0.0;0.0;0
7179;3.6;0.0;0.0;0.0;0.0;0.0;0.0;0.0;0.0;0
7180;3.4;0.0;0.0;0.0;0.0;0.0;0.0;0.0;0.0;0
7181;3.2;0.0;0.0;0.0;0.0;0.0;0.0;0.0;0.0;0
7182;3.5;0.0;0.0;0.0;0.0;0.0;0.0;0.0;0.0;0
7183;4.3;0.0;0.0;0.0;0.0;0.0;0.0;0.0;0.0;0
7184;4.2;8.4;8.4;8.4;8.4;8.4;8.4;8.4;8.4;14
7185;5.8;39.5;39.5;71.64;84.99;71.69;39.54;39.5;39.5;75
7186;9.4;65.4;65.4;294.9;498.2;447.97;173.63;65.4;65.4;239
7187;10.4;95.7;95.7;202.1;436.1;470.7;285.63;95.7;95.7;297
7188;11.5;118.4;118.4;118.4;291.34;362.97;291.34;118.4;118.4;289
7189;11.7;122.3;122.3;122.3;190.21;256.39;244.02;160.35;122.3;253
7190;12.0;116.4;116.4;116.4;178.84;337.11;366.09;248.81;116.4;269
7191;12.3;97.7;97.7;97.7;97.94;305.47;391.29;305.14;97.7;222
7192;11.4;64.7;64.7;64.7;64.7;117.05;160.54;147.89;86.5;117
7193;10.8;17.6;17.6;17.6;17.6;17.6;17.6;17.6;17.6;31
7194;10.6;0.0;0.0;0.0;0.0;0.0;0.0;0.0;0.0;0
7195;10.5;0.0;0.0;0.0;0.0;0.0;0.0;0.0;0.0;0
7196;10.6;0.0;0.0;0.0;0.0;0.0;0.0;0.0;0.0;0
7197;10.1;0.0;0.0;0.0;0.0;0.0;0.0;0.0;0.0;0
7198;10.8;0.0;0.0;0.0;0.0;0.0;0.0;0.0;0.0;0
7199;11.0;0.0;0.0;0.0;0.0;0.0;0.0;0.0;0.0;0
7200;10.7;0.0;0.0;0.0;0.0;0.0;0.0;0.0;0.0;0
7201;10.2;0.0;0.0;0.0;0.0;0.0;0.0;0.0;0.0;0
7202;10.3;0.0;0.0;0.0;0.0;0.0;0.0;0.0;0.0;0
7203;9.9;0.0;0.0;0.0;0.0;0.0;0.0;0.0;0.0;0
7204;10.1;0.0;0.0;0.0;0.0;0.0;0.0;0.0;0.0;0
7205;10.2;0.0;0.0;0.0;0.0;0.0;0.0;0.0;0.0;0
7206;10.5;0.0;0.0;0.0;0.0;0.0;0.0;0.0;0.0;0
7207;10.7;0.0;0.0;0.0;0.0;0.0;0.0;0.0;0.0;0
7208;10.9;0.0;0.0;0.0;0.0;0.0;0.0;0.0;0.0;0
7209;11.1;6.6;6.6;6.6;6.6;6.6;6.6;6.6;6.6;11
7210;11.8;22.9;22.9;24.39;25.72;25.4;23.61;22.9;22.9;39
7211;13.0;53.9;53.9;57.16;64.37;65.45;59.76;53.9;53.9;94
7212;13.4;67.2;67.2;67.2;76.78;80.74;76.78;67.2;67.2;117
7213;13.4;39.2;39.2;39.2;41.54;43.82;43.39;40.51;39.2;67
7214;14.0;73.3;73.3;73.3;78.28;90.79;93.05;83.74;73.3;128
7215;14.7;91.4;91.4;91.4;91.69;151.41;175.97;151.0;91.4;169
7216;14.6;66.3;66.3;66.3;66.3;201.26;312.35;279.3;121.48;133
7217;13.6;28.0;28.0;28.0;28.0;28.0;28.0;28.0;28.0;50
7218;11.5;0.0;0.0;0.0;0.0;0.0;0.0;0.0;0.0;0
7219;11.1;0.0;0.0;0.0;0.0;0.0;0.0;0.0;0.0;0
7220;11.6;0.0;0.0;0.0;0.0;0.0;0.0;0.0;0.0;0
7221;11.9;0.0;0.0;0.0;0.0;0.0;0.0;0.0;0.0;0
7222;11.5;0.0;0.0;0.0;0.0;0.0;0.0;0.0;0.0;0
7223;11.1;0.0;0.0;0.0;0.0;0.0;0.0;0.0;0.0;0
7224;11.2;0.0;0.0;0.0;0.0;0.0;0.0;0.0;0.0;0
7225;11.3;0.0;0.0;0.0;0.0;0.0;0.0;0.0;0.0;0
7226;11.3;0.0;0.0;0.0;0.0;0.0;0.0;0.0;0.0;0
7227;11.4;0.0;0.0;0.0;0.0;0.0;0.0;0.0;0.0;0
7228;11.1;0.0;0.0;0.0;0.0;0.0;0.0;0.0;0.0;0
7229;10.2;0.0;0.0;0.0;0.0;0.0;0.0;0.0;0.0;0
7230;10.0;0.0;0.0;0.0;0.0;0.0;0.0;0.0;0.0;0
7231;10.2;0.0;0.0;0.0;0.0;0.0;0.0;0.0;0.0;0
7232;9.9;1.8;1.8;1.8;1.8;1.8;1.8;1.8;1.8;3
7233;11.0;36.2;36.2;60.52;70.8;60.81;36.41;36.2;36.2;67
7234;13.6;71.7;71.7;203.34;321.33;293.08;135.16;71.7;71.7;192
7235;14.6;99.9;99.9;157.35;284.86;304.02;203.61;99.9;99.9;239
7236;15.9;103.3;103.3;103.3;454.99;600.67;454.99;103.3;103.3;353
7237;15.8;110.1;110.1;110.1;356.86;595.76;550.17;246.79;110.1;356
7238;16.1;113.3;113.3;113.3;169.46;309.24;334.24;229.81;113.3;253
7239;16.6;94.3;94.3;94.3;95.72;263.51;332.18;261.5;94.3;203
7240;15.6;48.6;48.6;48.6;48.6;80.14;105.87;98.05;61.26;86
7241;14.6;6.6;6.6;6.6;6.6;6.6;6.6;6.6;6.6;11
7242;13.5;0.0;0.0;0.0;0.0;0.0;0.0;0.0;0.0;0
7243;12.9;0.0;0.0;0.0;0.0;0.0;0.0;0.0;0.0;0
7244;11.9;0.0;0.0;0.0;0.0;0.0;0.0;0.0;0.0;0
7245;11.7;0.0;0.0;0.0;0.0;0.0;0.0;0.0;0.0;0
7246;10.9;0.0;0.0;0.0;0.0;0.0;0.0;0.0;0.0;0
7247;9.4;0.0;0.0;0.0;0.0;0.0;0.0;0.0;0.0;0
7248;9.0;0.0;0.0;0.0;0.0;0.0;0.0;0.0;0.0;0
7249;8.7;0.0;0.0;0.0;0.0;0.0;0.0;0.0;0.0;0
7250;7.4;0.0;0.0;0.0;0.0;0.0;0.0;0.0;0.0;0
7251;6.4;0.0;0.0;0.0;0.0;0.0;0.0;0.0;0.0;0
7252;6.1;0.0;0.0;0.0;0.0;0.0;0.0;0.0;0.0;0
7253;5.6;0.0;0.0;0.0;0.0;0.0;0.0;0.0;0.0;0
7254;5.9;0.0;0.0;0.0;0.0;0.0;0.0;0.0;0.0;0
7255;5.2;0.0;0.0;0.0;0.0;0.0;0.0;0.0;0.0;0
7256;5.1;1.8;1.8;1.8;1.8;1.8;1.8;1.8;1.8;3
7257;6.9;36.8;36.8;98.84;125.29;99.9;37.55;36.8;36.8;78
7258;8.0;63.9;63.9;77.71;90.16;87.23;70.63;63.9;63.9;114
7259;10.2;98.6;98.6;152.06;271.24;289.29;195.64;98.6;98.6;231
7260;13.6;98.1;98.1;98.1;488.06;649.59;488.06;98.1;98.1;361
7261;14.4;112.6;112.6;112.6;328.51;536.89;496.73;231.55;112.6;336
7262;14.6;101.3;101.3;101.3;248.58;611.93;676.15;403.64;101.3;333
7263;14.3;92.8;92.8;92.8;96.11;370.46;482.15;365.77;92.8;228
7264;14.3;62.7;62.7;62.7;62.7;178.95;272.93;243.76;108.53;122
7265;13.3;16.3;16.3;16.3;16.3;16.3;16.3;16.3;16.3;28
7266;11.7;0.0;0.0;0.0;0.0;0.0;0.0;0.0;0.0;0
7267;10.7;0.0;0.0;0.0;0.0;0.0;0.0;0.0;0.0;0
7268;10.2;0.0;0.0;0.0;0.0;0.0;0.0;0.0;0.0;0
7269;8.9;0.0;0.0;0.0;0.0;0.0;0.0;0.0;0.0;0
7270;7.9;0.0;0.0;0.0;0.0;0.0;0.0;0.0;0.0;0
7271;8.6;0.0;0.0;0.0;0.0;0.0;0.0;0.0;0.0;0
7272;9.0;0.0;0.0;0.0;0.0;0.0;0.0;0.0;0.0;0
7273;10.2;0.0;0.0;0.0;0.0;0.0;0.0;0.0;0.0;0
7274;10.1;0.0;0.0;0.0;0.0;0.0;0.0;0.0;0.0;0
7275;10.0;0.0;0.0;0.0;0.0;0.0;0.0;0.0;0.0;0
7276;10.0;0.0;0.0;0.0;0.0;0.0;0.0;0.0;0.0;0
7277;10.1;0.0;0.0;0.0;0.0;0.0;0.0;0.0;0.0;0
7278;9.9;0.0;0.0;0.0;0.0;0.0;0.0;0.0;0.0;0
7279;9.8;0.0;0.0;0.0;0.0;0.0;0.0;0.0;0.0;0
7280;10.0;0.0;0.0;0.0;0.0;0.0;0.0;0.0;0.0;0
7281;10.2;6.6;6.6;6.6;6.6;6.6;6.6;6.6;6.6;11
7282;10.8;18.1;18.1;19.66;21.07;20.74;18.87;18.1;18.1;31
7283;11.5;39.9;39.9;41.93;46.47;47.16;43.6;39.9;39.9;69
7284;12.2;75.8;75.8;75.8;89.16;94.7;89.16;75.8;75.8;133
7285;12.3;74.6;74.6;74.6;84.47;93.97;92.12;80.01;74.6;131
7286;12.3;75.8;75.8;75.8;81.93;96.92;99.54;88.25;75.8;133
7287;12.4;53.9;53.9;53.9;54.15;70.08;76.53;69.73;53.9;94
7288;12.3;10.2;10.2;10.2;10.2;10.2;10.2;10.2;10.2;17
7289;12.1;3.6;3.6;3.6;3.6;3.6;3.6;3.6;3.6;6
7290;12.1;0.0;0.0;0.0;0.0;0.0;0.0;0.0;0.0;0
7291;11.9;0.0;0.0;0.0;0.0;0.0;0.0;0.0;0.0;0
7292;11.8;0.0;0.0;0.0;0.0;0.0;0.0;0.0;0.0;0
7293;11.6;0.0;0.0;0.0;0.0;0.0;0.0;0.0;0.0;0
7294;11.1;0.0;0.0;0.0;0.0;0.0;0.0;0.0;0.0;0
7295;9.3;0.0;0.0;0.0;0.0;0.0;0.0;0.0;0.0;0
7296;7.2;0.0;0.0;0.0;0.0;0.0;0.0;0.0;0.0;0
7297;7.4;0.0;0.0;0.0;0.0;0.0;0.0;0.0;0.0;0
7298;7.3;0.0;0.0;0.0;0.0;0.0;0.0;0.0;0.0;0
7299;6.0;0.0;0.0;0.0;0.0;0.0;0.0;0.0;0.0;0
7300;5.4;0.0;0.0;0.0;0.0;0.0;0.0;0.0;0.0;0
7301;5.4;0.0;0.0;0.0;0.0;0.0;0.0;0.0;0.0;0
7302;6.8;0.0;0.0;0.0;0.0;0.0;0.0;0.0;0.0;0
7303;5.7;0.0;0.0;0.0;0.0;0.0;0.0;0.0;0.0;0
7304;6.7;6.6;6.6;6.6;6.6;6.6;6.6;6.6;6.6;11
7305;8.9;34.0;34.0;105.09;135.91;107.03;35.37;34.0;34.0;75
7306;9.8;68.4;68.4;115.77;158.94;149.08;91.95;68.4;68.4;139
7307;11.0;91.0;91.0;106.06;139.92;145.12;118.62;91.0;91.0;170
7308;12.0;107.7;107.7;107.7;163.66;186.83;163.66;107.7;107.7;207
7309;13.2;107.4;107.4;107.4;348.47;579.73;534.3;238.8;107.4;339
7310;12.0;104.0;104.0;104.0;124.41;173.92;182.47;145.05;104.0;195
7311;12.4;90.3;90.3;90.3;95.34;359.17;465.5;352.04;90.3;218
7312;12.7;61.5;61.5;61.5;61.5;413.02;692.3;602.07;195.17;150
7313;10.3;24.6;24.6;24.6;24.6;24.6;24.6;24.6;24.6;56
7314;7.7;0.0;0.0;0.0;0.0;0.0;0.0;0.0;0.0;0
7315;7.0;0.0;0.0;0.0;0.0;0.0;0.0;0.0;0.0;0
7316;5.6;0.0;0.0;0.0;0.0;0.0;0.0;0.0;0.0;0
7317;4.7;0.0;0.0;0.0;0.0;0.0;0.0;0.0;0.0;0
7318;4.6;0.0;0.0;0.0;0.0;0.0;0.0;0.0;0.0;0
7319;3.8;0.0;0.0;0.0;0.0;0.0;0.0;0.0;0.0;0
7320;3.9;0.0;0.0;0.0;0.0;0.0;0.0;0.0;0.0;0
7321;3.8;0.0;0.0;0.0;0.0;0.0;0.0;0.0;0.0;0
7322;4.8;0.0;0.0;0.0;0.0;0.0;0.0;0.0;0.0;0
7323;4.1;0.0;0.0;0.0;0.0;0.0;0.0;0.0;0.0;0
7324;3.1;0.0;0.0;0.0;0.0;0.0;0.0;0.0;0.0;0
7325;3.2;0.0;0.0;0.0;0.0;0.0;0.0;0.0;0.0;0
7326;3.5;0.0;0.0;0.0;0.0;0.0;0.0;0.0;0.0;0
7327;4.0;0.0;0.0;0.0;0.0;0.0;0.0;0.0;0.0;0
7328;4.8;1.8;1.8;1.8;1.8;1.8;1.8;1.8;1.8;3
7329;5.4;22.5;22.5;32.4;36.72;32.72;22.73;22.5;22.5;40
7330;9.5;66.5;66.5;189.83;302.84;277.41;128.43;66.5;66.5;175
7331;12.0;87.6;87.6;191.49;426.12;462.44;279.19;87.6;87.6;271
7332;13.7;97.3;97.3;97.3;460.47;610.91;460.47;97.3;97.3;338
7333;14.2;101.5;101.5;101.5;378.67;643.77;591.22;251.8;101.5;350
7334;14.3;105.8;105.8;105.8;203.93;439.97;480.26;301.2;105.8;278
7335;13.4;88.3;88.3;88.3;91.98;255.15;320.59;249.95;88.3;188
7336;13.0;59.4;59.4;59.4;59.4;216.02;339.4;298.76;117.91;119
7337;12.6;9.1;9.1;9.1;9.1;9.1;9.1;9.1;9.1;16
7338;11.6;0.0;0.0;0.0;0.0;0.0;0.0;0.0;0.0;0
7339;11.5;0.0;0.0;0.0;0.0;0.0;0.0;0.0;0.0;0
7340;11.5;0.0;0.0;0.0;0.0;0.0;0.0;0.0;0.0;0
7341;9.3;0.0;0.0;0.0;0.0;0.0;0.0;0.0;0.0;0
7342;10.4;0.0;0.0;0.0;0.0;0.0;0.0;0.0;0.0;0
7343;10.4;0.0;0.0;0.0;0.0;0.0;0.0;0.0;0.0;0
7344;10.3;0.0;0.0;0.0;0.0;0.0;0.0;0.0;0.0;0
7345;9.5;0.0;0.0;0.0;0.0;0.0;0.0;0.0;0.0;0
7346;10.0;0.0;0.0;0.0;0.0;0.0;0.0;0.0;0.0;0
7347;10.0;0.0;0.0;0.0;0.0;0.0;0.0;0.0;0.0;0
7348;10.0;0.0;0.0;0.0;0.0;0.0;0.0;0.0;0.0;0
7349;10.0;0.0;0.0;0.0;0.0;0.0;0.0;0.0;0.0;0
7350;10.1;0.0;0.0;0.0;0.0;0.0;0.0;0.0;0.0;0
7351;10.1;0.0;0.0;0.0;0.0;0.0;0.0;0.0;0.0;0
7352;10.1;2.4;2.4;2.4;2.4;2.4;2.4;2.4;2.4;4
7353;10.6;18.8;18.8;25.54;28.5;25.79;18.98;18.8;18.8;33
7354;11.7;48.0;48.0;57.75;66.73;64.74;52.94;48.0;48.0;85
7355;12.6;76.6;76.6;83.61;99.5;101.98;89.59;76.6;76.6;136
7356;13.0;83.3;83.3;83.3;102.52;110.48;102.52;83.3;83.3;148
7357;13.3;75.8;75.8;75.8;86.19;96.11;94.12;81.41;75.8;133
7358;13.0;63.6;63.6;63.6;68.54;80.34;82.33;73.35;63.6;111
7359;13.0;44.1;44.1;44.1;44.36;54.58;58.66;54.21;44.1;76
7360;12.7;29.6;29.6;29.6;29.6;43.44;54.25;50.62;34.68;51
7361;12.0;14.5;14.5;14.5;14.5;14.5;14.5;14.5;14.5;25
7362;10.7;0.0;0.0;0.0;0.0;0.0;0.0;0.0;0.0;0
7363;10.5;0.0;0.0;0.0;0.0;0.0;0.0;0.0;0.0;0
7364;10.7;0.0;0.0;0.0;0.0;0.0;0.0;0.0;0.0;0
7365;10.1;0.0;0.0;0.0;0.0;0.0;0.0;0.0;0.0;0
7366;6.9;0.0;0.0;0.0;0.0;0.0;0.0;0.0;0.0;0
7367;6.6;0.0;0.0;0.0;0.0;0.0;0.0;0.0;0.0;0
7368;8.1;0.0;0.0;0.0;0.0;0.0;0.0;0.0;0.0;0
7369;9.0;0.0;0.0;0.0;0.0;0.0;0.0;0.0;0.0;0
7370;9.5;0.0;0.0;0.0;0.0;0.0;0.0;0.0;0.0;0
7371;9.7;0.0;0.0;0.0;0.0;0.0;0.0;0.0;0.0;0
7372;10.0;0.0;0.0;0.0;0.0;0.0;0.0;0.0;0.0;0
7373;10.4;0.0;0.0;0.0;0.0;0.0;0.0;0.0;0.0;0
7374;10.1;0.0;0.0;0.0;0.0;0.0;0.0;0.0;0.0;0
7375;10.2;0.0;0.0;0.0;0.0;0.0;0.0;0.0;0.0;0
7376;10.1;1.2;1.2;1.2;1.2;1.2;1.2;1.2;1.2;2
7377;10.6;9.0;9.0;9.0;9.0;9.0;9.0;9.0;9.0;15
7378;10.5;11.4;11.4;11.4;11.4;11.4;11.4;11.4;11.4;19
7379;10.6;13.8;13.8;13.8;13.8;13.8;13.8;13.8;13.8;23
7380;10.9;24.7;24.7;24.7;26.47;27.21;26.47;24.7;24.7;42
7381;11.0;30.1;30.1;30.1;31.42;32.68;32.42;30.81;30.1;51
7382;11.1;19.9;19.9;19.9;20.74;22.74;23.07;21.55;19.9;34
7383;11.3;42.9;42.9;42.9;43.21;53.65;57.8;53.22;42.9;74
7384;11.4;53.8;53.8;53.8;53.8;127.3;184.24;164.78;80.3;98
7385;10.1;15.8;15.8;15.8;15.8;15.8;15.8;15.8;15.8;28
7386;9.9;0.0;0.0;0.0;0.0;0.0;0.0;0.0;0.0;0
7387;8.7;0.0;0.0;0.0;0.0;0.0;0.0;0.0;0.0;0
7388;8.6;0.0;0.0;0.0;0.0;0.0;0.0;0.0;0.0;0
7389;9.8;0.0;0.0;0.0;0.0;0.0;0.0;0.0;0.0;0
7390;9.9;0.0;0.0;0.0;0.0;0.0;0.0;0.0;0.0;0
7391;10.3;0.0;0.0;0.0;0.0;0.0;0.0;0.0;0.0;0
7392;11.3;0.0;0.0;0.0;0.0;0.0;0.0;0.0;0.0;0
7393;11.0;0.0;0.0;0.0;0.0;0.0;0.0;0.0;0.0;0
7394;10.6;0.0;0.0;0.0;0.0;0.0;0.0;0.0;0.0;0
7395;10.0;0.0;0.0;0.0;0.0;0.0;0.0;0.0;0.0;0
7396;7.9;0.0;0.0;0.0;0.0;0.0;0.0;0.0;0.0;0
7397;4.7;0.0;0.0;0.0;0.0;0.0;0.0;0.0;0.0;0
7398;4.1;0.0;0.0;0.0;0.0;0.0;0.0;0.0;0.0;0
7399;4.7;0.0;0.0;0.0;0.0;0.0;0.0;0.0;0.0;0
7400;3.2;1.8;1.8;1.8;1.8;1.8;1.8;1.8;1.8;3
7401;4.2;18.8;18.8;25.83;28.97;26.16;19.03;18.8;18.8;33
7402;8.9;62.7;62.7;107.84;149.86;140.82;86.02;62.7;62.7;127
7403;10.4;90.0;90.0;133.07;231.53;247.09;170.63;90.0;90.0;200
7404;11.5;105.1;105.1;105.1;204.06;245.05;204.06;105.1;105.1;221
7405;10.7;87.5;87.5;87.5;102.28;116.3;113.45;95.4;87.5;155
7406;10.4;103.3;103.3;103.3;181.91;366.6;397.06;255.44;103.3;248
7407;10.5;83.3;83.3;83.3;87.36;212.03;261.29;206.29;83.3;168
7408;10.1;52.5;52.5;52.5;52.5;122.93;177.06;158.22;77.46;95
7409;9.0;19.6;19.6;19.6;19.6;19.6;19.6;19.6;19.6;46
7410;7.0;0.0;0.0;0.0;0.0;0.0;0.0;0.0;0.0;0
7411;6.3;0.0;0.0;0.0;0.0;0.0;0.0;0.0;0.0;0
7412;5.3;0.0;0.0;0.0;0.0;0.0;0.0;0.0;0.0;0
7413;7.0;0.0;0.0;0.0;0.0;0.0;0.0;0.0;0.0;0
7414;7.8;0.0;0.0;0.0;0.0;0.0;0.0;0.0;0.0;0
7415;7.9;0.0;0.0;0.0;0.0;0.0;0.0;0.0;0.0;0
7416;8.2;0.0;0.0;0.0;0.0;0.0;0.0;0.0;0.0;0
7417;8.3;0.0;0.0;0.0;0.0;0.0;0.0;0.0;0.0;0
7418;8.5;0.0;0.0;0.0;0.0;0.0;0.0;0.0;0.0;0
7419;8.5;0.0;0.0;0.0;0.0;0.0;0.0;0.0;0.0;0
7420;8.6;0.0;0.0;0.0;0.0;0.0;0.0;0.0;0.0;0
7421;8.7;0.0;0.0;0.0;0.0;0.0;0.0;0.0;0.0;0
7422;9.2;0.0;0.0;0.0;0.0;0.0;0.0;0.0;0.0;0
7423;9.2;0.0;0.0;0.0;0.0;0.0;0.0;0.0;0.0;0
7424;9.7;1.2;1.2;1.2;1.2;1.2;1.2;1.2;1.2;2
7425;10.2;7.8;7.8;7.8;7.8;7.8;7.8;7.8;7.8;13
7426;10.4;15.7;15.7;17.4;18.98;18.65;16.58;15.7;15.7;27
7427;11.8;28.3;28.3;29.03;30.69;30.96;29.67;28.3;28.3;48
7428;12.0;60.5;60.5;60.5;69.63;73.41;69.63;60.5;60.5;105
7429;12.5;93.1;93.1;93.1;110.86;127.66;124.22;102.54;93.1;166
7430;12.6;77.8;77.8;77.8;86.64;107.26;110.63;94.76;77.8;138
7431;12.2;46.0;46.0;46.0;46.52;61.1;66.83;60.36;46.0;80
7432;11.5;19.9;19.9;19.9;19.9;28.25;34.62;32.37;22.81;34
7433;10.4;12.1;12.1;12.1;12.1;12.1;12.1;12.1;12.1;21
7434;10.1;0.0;0.0;0.0;0.0;0.0;0.0;0.0;0.0;0
7435;9.8;0.0;0.0;0.0;0.0;0.0;0.0;0.0;0.0;0
7436;8.9;0.0;0.0;0.0;0.0;0.0;0.0;0.0;0.0;0
7437;10.1;0.0;0.0;0.0;0.0;0.0;0.0;0.0;0.0;0
7438;9.1;0.0;0.0;0.0;0.0;0.0;0.0;0.0;0.0;0
7439;9.9;0.0;0.0;0.0;0.0;0.0;0.0;0.0;0.0;0
7440;8.8;0.0;0.0;0.0;0.0;0.0;0.0;0.0;0.0;0
7441;8.6;0.0;0.0;0.0;0.0;0.0;0.0;0.0;0.0;0
7442;8.8;0.0;0.0;0.0;0.0;0.0;0.0;0.0;0.0;0
7443;8.7;0.0;0.0;0.0;0.0;0.0;0.0;0.0;0.0;0
7444;8.0;0.0;0.0;0.0;0.0;0.0;0.0;0.0;0.0;0
7445;7.7;0.0;0.0;0.0;0.0;0.0;0.0;0.0;0.0;0
7446;8.4;0.0;0.0;0.0;0.0;0.0;0.0;0.0;0.0;0
7447;9.5;0.0;0.0;0.0;0.0;0.0;0.0;0.0;0.0;0
7448;9.9;1.2;1.2;1.2;1.2;1.2;1.2;1.2;1.2;2
7449;9.8;11.5;11.5;15.17;16.83;15.37;11.65;11.5;11.5;20
7450;10.2;36.4;36.4;43.28;49.75;48.4;40.02;36.4;36.4;64
7451;11.6;65.0;65.0;70.88;84.43;86.6;76.11;65.0;65.0;115
7452;11.7;56.9;56.9;56.9;66.16;70.0;66.16;56.9;56.9;99
7453;11.8;71.0;71.0;71.0;82.11;92.6;90.43;76.88;71.0;125
7454;11.1;74.7;74.7;74.7;82.84;101.7;104.74;90.18;74.7;132
7455;11.4;43.0;43.0;43.0;43.58;58.49;64.33;57.67;43.0;75
7456;10.7;15.1;15.1;15.1;15.1;24.04;30.8;28.37;18.16;26
7457;10.1;1.2;1.2;1.2;1.2;1.2;1.2;1.2;1.2;2
7458;8.7;0.0;0.0;0.0;0.0;0.0;0.0;0.0;0.0;0
7459;8.1;0.0;0.0;0.0;0.0;0.0;0.0;0.0;0.0;0
7460;8.5;0.0;0.0;0.0;0.0;0.0;0.0;0.0;0.0;0
7461;9.4;0.0;0.0;0.0;0.0;0.0;0.0;0.0;0.0;0
7462;9.6;0.0;0.0;0.0;0.0;0.0;0.0;0.0;0.0;0
7463;8.9;0.0;0.0;0.0;0.0;0.0;0.0;0.0;0.0;0
7464;8.5;0.0;0.0;0.0;0.0;0.0;0.0;0.0;0.0;0
7465;8.9;0.0;0.0;0.0;0.0;0.0;0.0;0.0;0.0;0
7466;8.2;0.0;0.0;0.0;0.0;0.0;0.0;0.0;0.0;0
7467;8.1;0.0;0.0;0.0;0.0;0.0;0.0;0.0;0.0;0
7468;8.6;0.0;0.0;0.0;0.0;0.0;0.0;0.0;0.0;0
7469;8.6;0.0;0.0;0.0;0.0;0.0;0.0;0.0;0.0;0
7470;8.9;0.0;0.0;0.0;0.0;0.0;0.0;0.0;0.0;0
7471;9.4;0.0;0.0;0.0;0.0;0.0;0.0;0.0;0.0;0
7472;8.9;1.2;1.2;1.2;1.2;1.2;1.2;1.2;1.2;2
7473;8.4;13.9;13.9;17.65;19.36;17.87;14.06;13.9;13.9;24
7474;9.2;53.0;53.0;66.96;80.15;77.44;60.41;53.0;53.0;95
7475;9.6;76.8;76.8;85.72;106.37;109.69;93.75;76.8;76.8;138
7476;7.4;98.4;98.4;98.4;154.78;178.14;154.78;98.4;98.4;189
7477;4.7;55.1;55.1;55.1;62.16;68.8;67.42;58.82;55.1;96
7478;3.9;22.3;22.3;22.3;23.23;25.35;25.69;24.05;22.3;38
7479;4.7;24.7;24.7;24.7;24.86;28.67;30.16;28.45;24.7;42
7480;5.9;16.3;16.3;16.3;16.3;25.89;33.1;30.46;19.53;28
7481;6.0;7.2;7.2;7.2;7.2;7.2;7.2;7.2;7.2;12
7482;5.3;0.0;0.0;0.0;0.0;0.0;0.0;0.0;0.0;0
7483;4.8;0.0;0.0;0.0;0.0;0.0;0.0;0.0;0.0;0
7484;5.0;0.0;0.0;0.0;0.0;0.0;0.0;0.0;0.0;0
7485;4.1;0.0;0.0;0.0;0.0;0.0;0.0;0.0;0.0;0
7486;3.8;0.0;0.0;0.0;0.0;0.0;0.0;0.0;0.0;0
7487;3.5;0.0;0.0;0.0;0.0;0.0;0.0;0.0;0.0;0
7488;2.7;0.0;0.0;0.0;0.0;0.0;0.0;0.0;0.0;0
7489;3.1;0.0;0.0;0.0;0.0;0.0;0.0;0.0;0.0;0
7490;3.0;0.0;0.0;0.0;0.0;0.0;0.0;0.0;0.0;0
7491;2.8;0.0;0.0;0.0;0.0;0.0;0.0;0.0;0.0;0
7492;2.4;0.0;0.0;0.0;0.0;0.0;0.0;0.0;0.0;0
7493;2.0;0.0;0.0;0.0;0.0;0.0;0.0;0.0;0.0;0
7494;1.5;0.0;0.0;0.0;0.0;0.0;0.0;0.0;0.0;0
7495;1.9;0.0;0.0;0.0;0.0;0.0;0.0;0.0;0.0;0
7496;2.6;1.2;1.2;1.2;1.2;1.2;1.2;1.2;1.2;2
7497;3.4;13.3;13.3;17.13;18.89;17.38;13.48;13.3;13.3;23
7498;3.8;56.4;56.4;88.26;118.51;112.37;73.45;56.4;56.4;109
7499;5.7;72.5;72.5;202.68;504.93;553.87;320.83;72.5;72.5;265
7500;7.0;81.4;81.4;81.4;523.7;706.9;523.7;81.4;81.4;329
7501;7.2;96.8;96.8;96.8;349.44;586.52;536.73;229.24;96.8;308
7502;5.8;91.8;91.8;91.8;108.85;147.77;153.91;123.66;91.8;168
7503;4.1;63.8;63.8;63.8;65.21;96.44;108.54;94.44;63.8;113
7504;5.1;50.3;50.3;50.3;50.3;659.81;1114.02;945.12;252.04;133
7505;2.8;18.9;18.9;18.9;18.9;18.9;18.9;18.9;18.9;39
7506;1.3;0.0;0.0;0.0;0.0;0.0;0.0;0.0;0.0;0
7507;1.0;0.0;0.0;0.0;0.0;0.0;0.0;0.0;0.0;0
7508;0.2;0.0;0.0;0.0;0.0;0.0;0.0;0.0;0.0;0
7509;-0.8;0.0;0.0;0.0;0.0;0.0;0.0;0.0;0.0;0
7510;-1.3;0.0;0.0;0.0;0.0;0.0;0.0;0.0;0.0;0
7511;-1.9;0.0;0.0;0.0;0.0;0.0;0.0;0.0;0.0;0
7512;-1.8;0.0;0.0;0.0;0.0;0.0;0.0;0.0;0.0;0
7513;-1.9;0.0;0.0;0.0;0.0;0.0;0.0;0.0;0.0;0
7514;-2.1;0.0;0.0;0.0;0.0;0.0;0.0;0.0;0.0;0
7515;-1.9;0.0;0.0;0.0;0.0;0.0;0.0;0.0;0.0;0
7516;-0.7;0.0;0.0;0.0;0.0;0.0;0.0;0.0;0.0;0
7517;-0.1;0.0;0.0;0.0;0.0;0.0;0.0;0.0;0.0;0
7518;0.5;0.0;0.0;0.0;0.0;0.0;0.0;0.0;0.0;0
7519;0.4;0.0;0.0;0.0;0.0;0.0;0.0;0.0;0.0;0
7520;0.9;3.0;3.0;3.0;3.0;3.0;3.0;3.0;3.0;5
7521;1.6;21.9;21.9;57.13;73.46;59.58;23.63;21.9;21.9;44
7522;3.3;56.3;56.3;108.37;158.03;148.1;84.39;56.3;56.3;118
7523;4.1;58.9;58.9;64.23;76.65;78.67;69.11;58.9;58.9;104
7524;5.0;84.0;84.0;84.0;107.2;116.81;107.2;84.0;84.0;150
7525;5.9;103.8;103.8;103.8;191.33;273.26;255.93;149.48;103.8;223
7526;6.6;86.6;86.6;86.6;257.08;643.72;704.01;402.63;86.6;291
7527;6.1;78.5;78.5;78.5;91.0;350.64;450.87;332.97;78.5;185
7528;5.4;40.1;40.1;40.1;40.1;95.93;137.23;121.63;58.27;71
7529;5.0;5.4;5.4;5.4;5.4;5.4;5.4;5.4;5.4;9
7530;4.5;0.0;0.0;0.0;0.0;0.0;0.0;0.0;0.0;0
7531;4.1;0.0;0.0;0.0;0.0;0.0;0.0;0.0;0.0;0
7532;3.3;0.0;0.0;0.0;0.0;0.0;0.0;0.0;0.0;0
7533;2.8;0.0;0.0;0.0;0.0;0.0;0.0;0.0;0.0;0
7534;2.9;0.0;0.0;0.0;0.0;0.0;0.0;0.0;0.0;0
7535;2.9;0.0;0.0;0.0;0.0;0.0;0.0;0.0;0.0;0
7536;2.9;0.0;0.0;0.0;0.0;0.0;0.0;0.0;0.0;0
7537;2.7;0.0;0.0;0.0;0.0;0.0;0.0;0.0;0.0;0
7538;3.0;0.0;0.0;0.0;0.0;0.0;0.0;0.0;0.0;0
7539;3.4;0.0;0.0;0.0;0.0;0.0;0.0;0.0;0.0;0
7540;4.0;0.0;0.0;0.0;0.0;0.0;0.0;0.0;0.0;0
7541;4.2;0.0;0.0;0.0;0.0;0.0;0.0;0.0;0.0;0
7542;4.3;0.0;0.0;0.0;0.0;0.0;0.0;0.0;0.0;0
7543;4.3;0.0;0.0;0.0;0.0;0.0;0.0;0.0;0.0;0
7544;4.2;0.0;0.0;0.0;0.0;0.0;0.0;0.0;0.0;0
7545;4.8;3.6;3.6;3.6;3.6;3.6;3.6;3.6;3.6;6
7546;5.1;17.5;17.5;19.32;21.07;20.72;18.49;17.5;17.5;30
7547;5.8;32.6;32.6;34.14;37.74;38.33;35.56;32.6;32.6;56
7548;6.4;41.1;41.1;41.1;46.98;49.42;46.98;41.1;41.1;71
7549;6.9;45.3;45.3;45.3;49.75;53.9;53.01;47.61;45.3;78
7550;7.5;35.6;35.6;35.6;37.58;42.04;42.73;39.24;35.6;61
7551;7.8;17.5;17.5;17.5;17.71;21.8;23.37;21.5;17.5;30
7552;7.8;6.0;6.0;6.0;6.0;6.0;6.0;6.0;6.0;10
7553;7.9;1.2;1.2;1.2;1.2;1.2;1.2;1.2;1.2;2
7554;8.0;0.0;0.0;0.0;0.0;0.0;0.0;0.0;0.0;0
7555;8.3;0.0;0.0;0.0;0.0;0.0;0.0;0.0;0.0;0
7556;8.5;0.0;0.0;0.0;0.0;0.0;0.0;0.0;0.0;0
7557;8.5;0.0;0.0;0.0;0.0;0.0;0.0;0.0;0.0;0
7558;8.5;0.0;0.0;0.0;0.0;0.0;0.0;0.0;0.0;0
7559;8.6;0.0;0.0;0.0;0.0;0.0;0.0;0.0;0.0;0
7560;8.7;0.0;0.0;0.0;0.0;0.0;0.0;0.0;0.0;0
7561;8.9;0.0;0.0;0.0;0.0;0.0;0.0;0.0;0.0;0
7562;8.8;0.0;0.0;0.0;0.0;0.0;0.0;0.0;0.0;0
7563;9.0;0.0;0.0;0.0;0.0;0.0;0.0;0.0;0.0;0
7564;9.1;0.0;0.0;0.0;0.0;0.0;0.0;0.0;0.0;0
7565;9.2;0.0;0.0;0.0;0.0;0.0;0.0;0.0;0.0;0
7566;9.3;0.0;0.0;0.0;0.0;0.0;0.0;0.0;0.0;0
7567;9.6;0.0;0.0;0.0;0.0;0.0;0.0;0.0;0.0;0
7568;9.9;0.0;0.0;0.0;0.0;0.0;0.0;0.0;0.0;0
7569;10.4;4.8;4.8;4.8;4.8;4.8;4.8;4.8;4.8;8
7570;11.2;29.6;29.6;33.29;36.85;36.16;31.62;29.6;29.6;51
7571;11.5;33.8;33.8;35.36;39.02;39.62;36.81;33.8;33.8;58
7572;11.9;35.0;35.0;35.0;38.98;40.62;38.98;35.0;35.0;60
7573;11.9;39.2;39.2;39.2;42.21;45.02;44.42;40.76;39.2;67
7574;11.4;38.6;38.6;38.6;40.62;45.16;45.85;42.29;38.6;66
7575;11.0;25.3;25.3;25.3;25.53;29.71;31.31;29.39;25.3;43
7576;10.6;11.4;11.4;11.4;11.4;11.4;11.4;11.4;11.4;19
7577;10.0;3.0;3.0;3.0;3.0;3.0;3.0;3.0;3.0;5
7578;10.0;0.0;0.0;0.0;0.0;0.0;0.0;0.0;0.0;0
7579;9.9;0.0;0.0;0.0;0.0;0.0;0.0;0.0;0.0;0
7580;9.9;0.0;0.0;0.0;0.0;0.0;0.0;0.0;0.0;0
7581;9.9;0.0;0.0;0.0;0.0;0.0;0.0;0.0;0.0;0
7582;9.9;0.0;0.0;0.0;0.0;0.0;0.0;0.0;0.0;0
7583;8.8;0.0;0.0;0.0;0.0;0.0;0.0;0.0;0.0;0
7584;8.2;0.0;0.0;0.0;0.0;0.0;0.0;0.0;0.0;0
7585;7.7;0.0;0.0;0.0;0.0;0.0;0.0;0.0;0.0;0
7586;7.2;0.0;0.0;0.0;0.0;0.0;0.0;0.0;0.0;0
7587;6.2;0.0;0.0;0.0;0.0;0.0;0.0;0.0;0.0;0
7588;5.1;0.0;0.0;0.0;0.0;0.0;0.0;0.0;0.0;0
7589;5.1;0.0;0.0;0.0;0.0;0.0;0.0;0.0;0.0;0
7590;5.3;0.0;0.0;0.0;0.0;0.0;0.0;0.0;0.0;0
7591;5.0;0.0;0.0;0.0;0.0;0.0;0.0;0.0;0.0;0
7592;5.4;0.0;0.0;0.0;0.0;0.0;0.0;0.0;0.0;0
7593;5.7;3.6;3.6;3.6;3.6;3.6;3.6;3.6;3.6;6
7594;6.0;17.5;17.5;19.37;21.18;20.84;18.53;17.5;17.5;30
7595;6.5;49.1;49.1;53.04;62.32;63.86;56.75;49.1;49.1;86
7596;7.6;93.4;93.4;93.4;161.94;190.33;161.94;93.4;93.4;184
7597;8.1;98.6;98.6;98.6;165.9;228.45;214.94;133.28;98.6;201
7598;7.9;88.8;88.8;88.8;225.35;529.19;575.06;336.08;88.8;258
7599;7.4;73.8;73.8;73.8;82.55;236.75;295.49;224.37;73.8;153
7600;6.7;21.2;21.2;21.2;21.2;21.2;21.2;21.2;21.2;37
7601;5.9;5.4;5.4;5.4;5.4;5.4;5.4;5.4;5.4;9
7602;5.3;0.0;0.0;0.0;0.0;0.0;0.0;0.0;0.0;0
7603;5.4;0.0;0.0;0.0;0.0;0.0;0.0;0.0;0.0;0
7604;4.1;0.0;0.0;0.0;0.0;0.0;0.0;0.0;0.0;0
7605;2.5;0.0;0.0;0.0;0.0;0.0;0.0;0.0;0.0;0
7606;2.2;0.0;0.0;0.0;0.0;0.0;0.0;0.0;0.0;0
7607;3.9;0.0;0.0;0.0;0.0;0.0;0.0;0.0;0.0;0
7608;2.9;0.0;0.0;0.0;0.0;0.0;0.0;0.0;0.0;0
7609;3.6;0.0;0.0;0.0;0.0;0.0;0.0;0.0;0.0;0
7610;3.0;0.0;0.0;0.0;0.0;0.0;0.0;0.0;0.0;0
7611;2.1;0.0;0.0;0.0;0.0;0.0;0.0;0.0;0.0;0
7612;1.2;0.0;0.0;0.0;0.0;0.0;0.0;0.0;0.0;0
7613;2.0;0.0;0.0;0.0;0.0;0.0;0.0;0.0;0.0;0
7614;2.3;0.0;0.0;0.0;0.0;0.0;0.0;0.0;0.0;0
7615;2.2;0.0;0.0;0.0;0.0;0.0;0.0;0.0;0.0;0
7616;2.5;1.8;1.8;1.8;1.8;1.8;1.8;1.8;1.8;3
7617;2.6;15.8;15.8;24.35;28.42;25.09;16.32;15.8;15.8;28
7618;5.0;50.9;50.9;94.59;137.0;128.97;75.21;50.9;50.9;104
7619;6.6;74.9;74.9;160.19;361.72;395.23;241.1;74.9;74.9;214
7620;6.8;90.9;90.9;90.9;342.24;446.34;342.24;90.9;90.9;254
7621;7.4;97.3;97.3;97.3;266.61;423.62;389.48;184.18;97.3;253
7622;7.8;81.4;81.4;81.4;263.17;665.22;725.27;408.15;81.4;279
7623;7.4;73.3;73.3;73.3;90.79;384.54;495.97;359.81;73.3;178
7624;6.6;44.2;44.2;44.2;44.2;44.2;44.2;44.2;44.2;122
7625;4.2;59.7;59.7;59.7;59.7;59.7;59.7;59.7;59.7;102
7626;2.7;0.0;0.0;0.0;0.0;0.0;0.0;0.0;0.0;0
7627;3.0;0.0;0.0;0.0;0.0;0.0;0.0;0.0;0.0;0
7628;3.1;0.0;0.0;0.0;0.0;0.0;0.0;0.0;0.0;0
7629;1.7;0.0;0.0;0.0;0.0;0.0;0.0;0.0;0.0;0
7630;0.1;0.0;0.0;0.0;0.0;0.0;0.0;0.0;0.0;0
7631;-1.0;0.0;0.0;0.0;0.0;0.0;0.0;0.0;0.0;0
7632;-1.5;0.0;0.0;0.0;0.0;0.0;0.0;0.0;0.0;0
7633;-0.7;0.0;0.0;0.0;0.0;0.0;0.0;0.0;0.0;0
7634;-1.9;0.0;0.0;0.0;0.0;0.0;0.0;0.0;0.0;0
7635;-2.8;0.0;0.0;0.0;0.0;0.0;0.0;0.0;0.0;0
7636;-3.4;0.0;0.0;0.0;0.0;0.0;0.0;0.0;0.0;0
7637;-3.0;0.0;0.0;0.0;0.0;0.0;0.0;0.0;0.0;0
7638;-3.6;0.0;0.0;0.0;0.0;0.0;0.0;0.0;0.0;0
7639;-3.5;0.0;0.0;0.0;0.0;0.0;0.0;0.0;0.0;0
7640;-3.8;3.6;3.6;3.6;3.6;3.6;3.6;3.6;3.6;6
7641;-2.3;28.3;28.3;111.37;151.09;118.87;33.61;28.3;28.3;63
7642;0.4;44.9;44.9;320.36;588.8;538.63;199.24;44.9;44.9;194
7643;0.2;66.1;66.1;192.66;492.69;542.82;313.7;66.1;66.1;241
7644;3.0;78.9;78.9;78.9;482.73;650.0;482.73;78.9;78.9;294
7645;2.3;87.4;87.4;87.4;368.12;627.89;571.04;230.89;87.4;294
7646;3.7;78.6;78.6;78.6;272.88;700.08;763.23;425.33;78.6;281
7647;4.7;67.1;67.1;67.1;100.33;634.38;836.13;587.39;67.1;211
7648;3.1;41.9;41.9;41.9;41.9;41.9;41.9;41.9;41.9;124
7649;2.2;14.3;14.3;14.3;14.3;14.3;14.3;14.3;14.3;28
7650;1.5;0.0;0.0;0.0;0.0;0.0;0.0;0.0;0.0;0
7651;0.2;0.0;0.0;0.0;0.0;0.0;0.0;0.0;0.0;0
7652;-0.2;0.0;0.0;0.0;0.0;0.0;0.0;0.0;0.0;0
7653;-0.5;0.0;0.0;0.0;0.0;0.0;0.0;0.0;0.0;0
7654;1.0;0.0;0.0;0.0;0.0;0.0;0.0;0.0;0.0;0
7655;1.9;0.0;0.0;0.0;0.0;0.0;0.0;0.0;0.0;0
7656;2.6;0.0;0.0;0.0;0.0;0.0;0.0;0.0;0.0;0
7657;3.5;0.0;0.0;0.0;0.0;0.0;0.0;0.0;0.0;0
7658;4.2;0.0;0.0;0.0;0.0;0.0;0.0;0.0;0.0;0
7659;4.9;0.0;0.0;0.0;0.0;0.0;0.0;0.0;0.0;0
7660;5.3;0.0;0.0;0.0;0.0;0.0;0.0;0.0;0.0;0
7661;5.6;0.0;0.0;0.0;0.0;0.0;0.0;0.0;0.0;0
7662;5.5;0.0;0.0;0.0;0.0;0.0;0.0;0.0;0.0;0
7663;6.0;0.0;0.0;0.0;0.0;0.0;0.0;0.0;0.0;0
7664;6.6;0.6;0.6;0.6;0.6;0.6;0.6;0.6;0.6;1
7665;7.2;6.0;6.0;6.0;6.0;6.0;6.0;6.0;6.0;10
7666;8.8;19.3;19.3;21.25;23.16;22.81;20.4;19.3;19.3;33
7667;9.4;29.0;29.0;30.63;34.51;35.16;32.2;29.0;29.0;50
7668;10.1;43.5;43.5;43.5;49.8;52.4;49.8;43.5;43.5;75
7669;10.6;69.2;69.2;69.2;82.01;93.83;91.23;75.72;69.2;122
7670;11.1;70.5;70.5;70.5;80.42;102.1;105.28;88.08;70.5;125
7671;10.9;39.9;39.9;39.9;40.79;54.58;59.76;53.31;39.9;69
7672;10.9;26.0;26.0;26.0;26.0;26.0;26.0;26.0;26.0;45
7673;10.3;4.2;4.2;4.2;4.2;4.2;4.2;4.2;4.2;7
7674;9.9;0.0;0.0;0.0;0.0;0.0;0.0;0.0;0.0;0
7675;9.4;0.0;0.0;0.0;0.0;0.0;0.0;0.0;0.0;0
7676;9.0;0.0;0.0;0.0;0.0;0.0;0.0;0.0;0.0;0
7677;8.8;0.0;0.0;0.0;0.0;0.0;0.0;0.0;0.0;0
7678;8.4;0.0;0.0;0.0;0.0;0.0;0.0;0.0;0.0;0
7679;8.4;0.0;0.0;0.0;0.0;0.0;0.0;0.0;0.0;0
7680;8.3;0.0;0.0;0.0;0.0;0.0;0.0;0.0;0.0;0
7681;8.6;0.0;0.0;0.0;0.0;0.0;0.0;0.0;0.0;0
7682;8.1;0.0;0.0;0.0;0.0;0.0;0.0;0.0;0.0;0
7683;7.9;0.0;0.0;0.0;0.0;0.0;0.0;0.0;0.0;0
7684;7.6;0.0;0.0;0.0;0.0;0.0;0.0;0.0;0.0;0
7685;7.6;0.0;0.0;0.0;0.0;0.0;0.0;0.0;0.0;0
7686;8.0;0.0;0.0;0.0;0.0;0.0;0.0;0.0;0.0;0
7687;8.1;0.0;0.0;0.0;0.0;0.0;0.0;0.0;0.0;0
7688;7.9;0.0;0.0;0.0;0.0;0.0;0.0;0.0;0.0;0
7689;8.0;1.8;1.8;1.8;1.8;1.8;1.8;1.8;1.8;3
7690;8.1;13.9;13.9;15.88;17.82;17.47;15.02;13.9;13.9;24
7691;8.3;30.2;30.2;31.85;35.78;36.44;33.45;30.2;30.2;52
7692;8.8;46.6;46.6;46.6;55.1;58.63;55.1;46.6;46.6;81
7693;9.0;61.2;61.2;61.2;70.95;79.93;77.94;66.14;61.2;107
7694;9.7;83.1;83.1;83.1;99.97;136.66;141.97;112.8;83.1;151
7695;9.4;33.2;33.2;33.2;33.83;43.24;46.76;42.34;33.2;57
7696;8.8;18.7;18.7;18.7;18.7;18.7;18.7;18.7;18.7;32
7697;8.0;0.0;0.0;0.0;0.0;0.0;0.0;0.0;0.0;0
7698;7.4;0.0;0.0;0.0;0.0;0.0;0.0;0.0;0.0;0
7699;7.0;0.0;0.0;0.0;0.0;0.0;0.0;0.0;0.0;0
7700;6.8;0.0;0.0;0.0;0.0;0.0;0.0;0.0;0.0;0
7701;7.0;0.0;0.0;0.0;0.0;0.0;0.0;0.0;0.0;0
7702;6.9;0.0;0.0;0.0;0.0;0.0;0.0;0.0;0.0;0
7703;6.3;0.0;0.0;0.0;0.0;0.0;0.0;0.0;0.0;0
7704;6.2;0.0;0.0;0.0;0.0;0.0;0.0;0.0;0.0;0
7705;5.3;0.0;0.0;0.0;0.0;0.0;0.0;0.0;0.0;0
7706;5.1;0.0;0.0;0.0;0.0;0.0;0.0;0.0;0.0;0
7707;4.7;0.0;0.0;0.0;0.0;0.0;0.0;0.0;0.0;0
7708;5.0;0.0;0.0;0.0;0.0;0.0;0.0;0.0;0.0;0
7709;5.3;0.0;0.0;0.0;0.0;0.0;0.0;0.0;0.0;0
7710;6.5;0.0;0.0;0.0;0.0;0.0;0.0;0.0;0.0;0
7711;6.6;0.0;0.0;0.0;0.0;0.0;0.0;0.0;0.0;0
7712;6.8;0.6;0.6;0.6;0.6;0.6;0.6;0.6;0.6;1
7713;6.9;6.7;6.7;11.37;13.65;11.85;7.04;6.7;6.7;12
7714;7.3;30.9;30.9;36.92;42.86;41.79;34.34;30.9;30.9;54
7715;7.9;63.9;63.9;71.4;89.34;92.38;78.74;63.9;63.9;114
7716;8.3;65.0;65.0;65.0;82.23;89.36;82.23;65.0;65.0;115
7717;8.2;69.2;69.2;69.2;82.39;94.52;91.81;75.87;69.2;122
7718;8.8;66.2;66.2;66.2;75.38;95.24;98.09;82.25;66.2;117
7719;8.8;47.9;47.9;47.9;49.58;73.65;82.63;71.27;47.9;84
7720;8.8;21.8;21.8;21.8;21.8;21.8;21.8;21.8;21.8;38
7721;8.6;3.0;3.0;3.0;3.0;3.0;3.0;3.0;3.0;5
7722;8.3;0.0;0.0;0.0;0.0;0.0;0.0;0.0;0.0;0
7723;8.0;0.0;0.0;0.0;0.0;0.0;0.0;0.0;0.0;0
7724;7.4;0.0;0.0;0.0;0.0;0.0;0.0;0.0;0.0;0
7725;7.4;0.0;0.0;0.0;0.0;0.0;0.0;0.0;0.0;0
7726;7.7;0.0;0.0;0.0;0.0;0.0;0.0;0.0;0.0;0
7727;6.2;0.0;0.0;0.0;0.0;0.0;0.0;0.0;0.0;0
7728;5.4;0.0;0.0;0.0;0.0;0.0;0.0;0.0;0.0;0
7729;5.0;0.0;0.0;0.0;0.0;0.0;0.0;0.0;0.0;0
7730;3.4;0.0;0.0;0.0;0.0;0.0;0.0;0.0;0.0;0
7731;2.8;0.0;0.0;0.0;0.0;0.0;0.0;0.0;0.0;0
7732;4.8;0.0;0.0;0.0;0.0;0.0;0.0;0.0;0.0;0
7733;4.9;0.0;0.0;0.0;0.0;0.0;0.0;0.0;0.0;0
7734;4.3;0.0;0.0;0.0;0.0;0.0;0.0;0.0;0.0;0
7735;4.2;0.0;0.0;0.0;0.0;0.0;0.0;0.0;0.0;0
7736;4.2;0.6;0.6;0.6;0.6;0.6;0.6;0.6;0.6;1
7737;4.4;5.4;5.4;5.4;5.4;5.4;5.4;5.4;5.4;9
7738;5.3;16.3;16.3;18.33;20.35;19.99;17.47;16.3;16.3;28
7739;6.2;25.9;25.9;26.74;28.76;29.11;27.57;25.9;25.9;44
7740;7.0;27.7;27.7;27.7;29.88;30.78;29.88;27.7;27.7;47
7741;7.7;36.2;36.2;36.2;39.54;42.61;41.93;37.88;36.2;62
7742;8.2;40.5;40.5;40.5;44.01;51.57;52.64;46.6;40.5;70
7743;8.5;47.3;47.3;47.3;49.08;73.71;82.87;71.19;47.3;83
7744;8.3;34.1;34.1;34.1;34.1;34.1;34.1;34.1;34.1;61
7745;8.0;8.4;8.4;8.4;8.4;8.4;8.4;8.4;8.4;14
7746;6.0;0.0;0.0;0.0;0.0;0.0;0.0;0.0;0.0;0
7747;6.8;0.0;0.0;0.0;0.0;0.0;0.0;0.0;0.0;0
7748;4.4;0.0;0.0;0.0;0.0;0.0;0.0;0.0;0.0;0
7749;5.4;0.0;0.0;0.0;0.0;0.0;0.0;0.0;0.0;0
7750;5.9;0.0;0.0;0.0;0.0;0.0;0.0;0.0;0.0;0
7751;6.6;0.0;0.0;0.0;0.0;0.0;0.0;0.0;0.0;0
7752;6.6;0.0;0.0;0.0;0.0;0.0;0.0;0.0;0.0;0
7753;6.5;0.0;0.0;0.0;0.0;0.0;0.0;0.0;0.0;0
7754;6.4;0.0;0.0;0.0;0.0;0.0;0.0;0.0;0.0;0
7755;6.7;0.0;0.0;0.0;0.0;0.0;0.0;0.0;0.0;0
7756;6.9;0.0;0.0;0.0;0.0;0.0;0.0;0.0;0.0;0
7757;7.6;0.0;0.0;0.0;0.0;0.0;0.0;0.0;0.0;0
7758;5.1;0.0;0.0;0.0;0.0;0.0;0.0;0.0;0.0;0
7759;4.1;0.0;0.0;0.0;0.0;0.0;0.0;0.0;0.0;0
7760;4.2;0.6;0.6;0.6;0.6;0.6;0.6;0.6;0.6;1
7761;5.3;5.5;5.5;10.38;12.78;10.92;5.88;5.5;5.5;10
7762;7.0;20.5;20.5;22.56;24.61;24.25;21.69;20.5;20.5;35
7763;7.9;24.7;24.7;25.55;27.6;27.95;26.4;24.7;24.7;42
7764;8.1;16.2;16.2;16.2;16.2;16.2;16.2;16.2;16.2;27
7765;8.0;10.2;10.2;10.2;10.2;10.2;10.2;10.2;10.2;17
7766;8.6;30.8;30.8;30.8;33.19;38.3;39.02;34.92;30.8;53
7767;9.0;41.2;41.2;41.2;42.71;62.87;70.34;60.74;41.2;72
7768;8.7;13.9;13.9;13.9;13.9;13.9;13.9;13.9;13.9;24
7769;8.0;1.2;1.2;1.2;1.2;1.2;1.2;1.2;1.2;2
7770;8.4;0.0;0.0;0.0;0.0;0.0;0.0;0.0;0.0;0
7771;8.3;0.0;0.0;0.0;0.0;0.0;0.0;0.0;0.0;0
7772;8.4;0.0;0.0;0.0;0.0;0.0;0.0;0.0;0.0;0
7773;8.0;0.0;0.0;0.0;0.0;0.0;0.0;0.0;0.0;0
7774;8.4;0.0;0.0;0.0;0.0;0.0;0.0;0.0;0.0;0
7775;8.3;0.0;0.0;0.0;0.0;0.0;0.0;0.0;0.0;0
7776;8.3;0.0;0.0;0.0;0.0;0.0;0.0;0.0;0.0;0
7777;8.4;0.0;0.0;0.0;0.0;0.0;0.0;0.0;0.0;0
7778;8.3;0.0;0.0;0.0;0.0;0.0;0.0;0.0;0.0;0
7779;7.8;0.0;0.0;0.0;0.0;0.0;0.0;0.0;0.0;0
7780;7.6;0.0;0.0;0.0;0.0;0.0;0.0;0.0;0.0;0
7781;7.8;0.0;0.0;0.0;0.0;0.0;0.0;0.0;0.0;0
7782;7.8;0.0;0.0;0.0;0.0;0.0;0.0;0.0;0.0;0
7783;7.7;0.0;0.0;0.0;0.0;0.0;0.0;0.0;0.0;0
7784;7.9;0.0;0.0;0.0;0.0;0.0;0.0;0.0;0.0;0
7785;8.2;5.4;5.4;5.4;5.4;5.4;5.4;5.4;5.4;9
7786;8.7;28.5;28.5;34.76;41.01;39.92;32.15;28.5;28.5;50
7787;8.9;59.0;59.0;65.88;82.48;85.33;72.75;59.0;59.0;105
7788;9.7;82.9;82.9;82.9;138.77;161.91;138.77;82.9;82.9;159
7789;10.2;57.6;57.6;57.6;67.92;77.35;75.21;62.76;57.6;101
7790;10.2;42.3;42.3;42.3;45.95;53.72;54.81;48.56;42.3;73
7791;10.5;24.7;24.7;24.7;25.1;30.25;32.16;29.69;24.7;42
7792;10.1;8.4;8.4;8.4;8.4;8.4;8.4;8.4;8.4;14
7793;9.6;0.0;0.0;0.0;0.0;0.0;0.0;0.0;0.0;0
7794;10.0;0.0;0.0;0.0;0.0;0.0;0.0;0.0;0.0;0
7795;9.2;0.0;0.0;0.0;0.0;0.0;0.0;0.0;0.0;0
7796;8.8;0.0;0.0;0.0;0.0;0.0;0.0;0.0;0.0;0
7797;8.9;0.0;0.0;0.0;0.0;0.0;0.0;0.0;0.0;0
7798;9.1;0.0;0.0;0.0;0.0;0.0;0.0;0.0;0.0;0
7799;9.2;0.0;0.0;0.0;0.0;0.0;0.0;0.0;0.0;0
7800;9.3;0.0;0.0;0.0;0.0;0.0;0.0;0.0;0.0;0
7801;9.6;0.0;0.0;0.0;0.0;0.0;0.0;0.0;0.0;0
7802;10.2;0.0;0.0;0.0;0.0;0.0;0.0;0.0;0.0;0
7803;10.8;0.0;0.0;0.0;0.0;0.0;0.0;0.0;0.0;0
7804;11.0;0.0;0.0;0.0;0.0;0.0;0.0;0.0;0.0;0
7805;11.3;0.0;0.0;0.0;0.0;0.0;0.0;0.0;0.0;0
7806;10.6;0.0;0.0;0.0;0.0;0.0;0.0;0.0;0.0;0
7807;9.6;0.0;0.0;0.0;0.0;0.0;0.0;0.0;0.0;0
7808;9.0;0.0;0.0;0.0;0.0;0.0;0.0;0.0;0.0;0
7809;9.4;3.0;3.0;3.0;3.0;3.0;3.0;3.0;3.0;5
7810;9.5;16.9;16.9;19.01;21.13;20.77;18.14;16.9;16.9;29
7811;9.7;23.5;23.5;24.37;26.47;26.83;25.24;23.5;23.5;40
7812;8.9;40.5;40.5;40.5;47.28;50.09;47.28;40.5;40.5;70
7813;8.0;38.0;38.0;38.0;41.49;44.67;43.94;39.74;38.0;65
7814;8.3;44.8;44.8;44.8;49.76;60.27;61.72;53.26;44.8;78
7815;5.6;20.5;20.5;20.5;20.92;26.19;28.13;25.6;20.5;35
7816;5.5;14.5;14.5;14.5;14.5;14.5;14.5;14.5;14.5;25
7817;3.4;0.0;0.0;0.0;0.0;0.0;0.0;0.0;0.0;0
7818;3.2;0.0;0.0;0.0;0.0;0.0;0.0;0.0;0.0;0
7819;3.9;0.0;0.0;0.0;0.0;0.0;0.0;0.0;0.0;0
7820;3.5;0.0;0.0;0.0;0.0;0.0;0.0;0.0;0.0;0
7821;4.0;0.0;0.0;0.0;0.0;0.0;0.0;0.0;0.0;0
7822;3.3;0.0;0.0;0.0;0.0;0.0;0.0;0.0;0.0;0
7823;3.1;0.0;0.0;0.0;0.0;0.0;0.0;0.0;0.0;0
7824;3.7;0.0;0.0;0.0;0.0;0.0;0.0;0.0;0.0;0
7825;3.9;0.0;0.0;0.0;0.0;0.0;0.0;0.0;0.0;0
7826;3.2;0.0;0.0;0.0;0.0;0.0;0.0;0.0;0.0;0
7827;3.8;0.0;0.0;0.0;0.0;0.0;0.0;0.0;0.0;0
7828;2.5;0.0;0.0;0.0;0.0;0.0;0.0;0.0;0.0;0
7829;2.6;0.0;0.0;0.0;0.0;0.0;0.0;0.0;0.0;0
7830;2.6;0.0;0.0;0.0;0.0;0.0;0.0;0.0;0.0;0
7831;3.0;0.0;0.0;0.0;0.0;0.0;0.0;0.0;0.0;0
7832;2.6;0.6;0.6;0.6;0.6;0.6;0.6;0.6;0.6;1
7833;2.7;9.1;9.1;14.31;16.91;14.94;9.54;9.1;9.1;16
7834;4.9;40.7;40.7;77.11;113.64;107.45;62.15;40.7;40.7;82
7835;5.9;67.5;67.5;122.78;256.92;280.1;178.74;67.5;67.5;165
7836;7.2;71.9;71.9;71.9;467.69;631.64;467.69;71.9;71.9;264
7837;7.4;86.6;86.6;86.6;280.83;457.8;417.33;183.12;86.6;236
7838;6.1;77.1;77.1;77.1;96.03;136.0;141.46;109.23;77.1;141
7839;6.4;51.7;51.7;51.7;54.78;92.55;106.4;88.2;51.7;92
7840;6.2;31.6;31.6;31.6;31.6;31.6;31.6;31.6;31.6;56
7841;5.6;7.2;7.2;7.2;7.2;7.2;7.2;7.2;7.2;12
7842;5.1;0.0;0.0;0.0;0.0;0.0;0.0;0.0;0.0;0
7843;5.3;0.0;0.0;0.0;0.0;0.0;0.0;0.0;0.0;0
7844;4.8;0.0;0.0;0.0;0.0;0.0;0.0;0.0;0.0;0
7845;4.6;0.0;0.0;0.0;0.0;0.0;0.0;0.0;0.0;0
7846;5.1;0.0;0.0;0.0;0.0;0.0;0.0;0.0;0.0;0
7847;5.0;0.0;0.0;0.0;0.0;0.0;0.0;0.0;0.0;0
7848;5.5;0.0;0.0;0.0;0.0;0.0;0.0;0.0;0.0;0
7849;5.1;0.0;0.0;0.0;0.0;0.0;0.0;0.0;0.0;0
7850;4.8;0.0;0.0;0.0;0.0;0.0;0.0;0.0;0.0;0
7851;4.6;0.0;0.0;0.0;0.0;0.0;0.0;0.0;0.0;0
7852;4.5;0.0;0.0;0.0;0.0;0.0;0.0;0.0;0.0;0
7853;4.6;0.0;0.0;0.0;0.0;0.0;0.0;0.0;0.0;0
7854;4.6;0.0;0.0;0.0;0.0;0.0;0.0;0.0;0.0;0
7855;4.6;0.0;0.0;0.0;0.0;0.0;0.0;0.0;0.0;0
7856;4.7;0.0;0.0;0.0;0.0;0.0;0.0;0.0;0.0;0
7857;5.1;0.0;0.0;0.0;0.0;0.0;0.0;0.0;0.0;0
7858;5.6;0.6;0.6;0.6;0.6;0.6;0.6;0.6;0.6;1
7859;6.2;9.0;9.0;9.0;9.0;9.0;9.0;9.0;9.0;15
7860;7.2;27.7;27.7;27.7;30.01;30.97;30.01;27.7;27.7;47
7861;8.1;24.1;24.1;24.1;25.89;27.52;27.14;24.99;24.1;41
7862;8.5;13.2;13.2;13.2;13.2;13.2;13.2;13.2;13.2;22
7863;9.0;12.0;12.0;12.0;12.0;12.0;12.0;12.0;12.0;20
7864;9.3;4.2;4.2;4.2;4.2;4.2;4.2;4.2;4.2;7
7865;9.5;0.0;0.0;0.0;0.0;0.0;0.0;0.0;0.0;0
7866;9.7;0.0;0.0;0.0;0.0;0.0;0.0;0.0;0.0;0
7867;9.9;0.0;0.0;0.0;0.0;0.0;0.0;0.0;0.0;0
7868;10.0;0.0;0.0;0.0;0.0;0.0;0.0;0.0;0.0;0
7869;10.2;0.0;0.0;0.0;0.0;0.0;0.0;0.0;0.0;0
7870;10.3;0.0;0.0;0.0;0.0;0.0;0.0;0.0;0.0;0
7871;10.4;0.0;0.0;0.0;0.0;0.0;0.0;0.0;0.0;0
7872;10.5;0.0;0.0;0.0;0.0;0.0;0.0;0.0;0.0;0
7873;10.5;0.0;0.0;0.0;0.0;0.0;0.0;0.0;0.0;0
7874;10.6;0.0;0.0;0.0;0.0;0.0;0.0;0.0;0.0;0
7875;10.6;0.0;0.0;0.0;0.0;0.0;0.0;0.0;0.0;0
7876;10.5;0.0;0.0;0.0;0.0;0.0;0.0;0.0;0.0;0
7877;10.5;0.0;0.0;0.0;0.0;0.0;0.0;0.0;0.0;0
7878;10.7;0.0;0.0;0.0;0.0;0.0;0.0;0.0;0.0;0
7879;10.6;0.0;0.0;0.0;0.0;0.0;0.0;0.0;0.0;0
7880;10.6;0.0;0.0;0.0;0.0;0.0;0.0;0.0;0.0;0
7881;10.6;0.6;0.6;0.6;0.6;0.6;0.6;0.6;0.6;1
7882;10.8;9.6;9.6;9.6;9.6;9.6;9.6;9.6;9.6;16
7883;11.1;32.6;32.6;34.39;38.75;39.51;36.22;32.6;32.6;56
7884;11.3;42.9;42.9;42.9;49.92;52.83;49.92;42.9;42.9;74
7885;11.4;39.9;39.9;39.9;45.33;50.27;49.13;42.58;39.9;69
7886;11.7;36.3;36.3;36.3;40.22;48.43;49.53;42.89;36.3;63
7887;11.7;30.2;30.2;30.2;31.17;42.45;46.56;41.08;30.2;52
7888;11.7;16.9;16.9;16.9;16.9;16.9;16.9;16.9;16.9;29
7889;11.5;3.0;3.0;3.0;3.0;3.0;3.0;3.0;3.0;5
7890;11.1;0.0;0.0;0.0;0.0;0.0;0.0;0.0;0.0;0
7891;11.1;0.0;0.0;0.0;0.0;0.0;0.0;0.0;0.0;0
7892;11.0;0.0;0.0;0.0;0.0;0.0;0.0;0.0;0.0;0
7893;11.0;0.0;0.0;0.0;0.0;0.0;0.0;0.0;0.0;0
7894;11.2;0.0;0.0;0.0;0.0;0.0;0.0;0.0;0.0;0
7895;9.9;0.0;0.0;0.0;0.0;0.0;0.0;0.0;0.0;0
7896;8.6;0.0;0.0;0.0;0.0;0.0;0.0;0.0;0.0;0
7897;8.0;0.0;0.0;0.0;0.0;0.0;0.0;0.0;0.0;0
7898;7.9;0.0;0.0;0.0;0.0;0.0;0.0;0.0;0.0;0
7899;7.8;0.0;0.0;0.0;0.0;0.0;0.0;0.0;0.0;0
7900;7.6;0.0;0.0;0.0;0.0;0.0;0.0;0.0;0.0;0
7901;7.5;0.0;0.0;0.0;0.0;0.0;0.0;0.0;0.0;0
7902;7.2;0.0;0.0;0.0;0.0;0.0;0.0;0.0;0.0;0
7903;7.1;0.0;0.0;0.0;0.0;0.0;0.0;0.0;0.0;0
7904;6.5;0.0;0.0;0.0;0.0;0.0;0.0;0.0;0.0;0
7905;5.4;4.2;4.2;4.2;4.2;4.2;4.2;4.2;4.2;7
7906;5.9;26.7;26.7;33.36;40.11;39.0;30.69;26.7;26.7;47
7907;7.1;49.8;49.8;55.22;68.46;70.77;60.8;49.8;49.8;88
7908;8.5;78.1;78.1;78.1;137.22;161.71;137.22;78.1;78.1;151
7909;8.7;76.8;76.8;76.8;98.8;118.75;114.12;87.64;76.8;138
7910;8.8;65.7;65.7;65.7;77.66;102.61;105.94;85.69;65.7;117
7911;8.1;48.6;48.6;48.6;51.63;86.22;98.78;81.94;48.6;86
7912;7.2;27.3;27.3;27.3;27.3;27.3;27.3;27.3;27.3;48
7913;5.4;4.2;4.2;4.2;4.2;4.2;4.2;4.2;4.2;7
7914;3.7;0.0;0.0;0.0;0.0;0.0;0.0;0.0;0.0;0
7915;1.6;0.0;0.0;0.0;0.0;0.0;0.0;0.0;0.0;0
7916;1.2;0.0;0.0;0.0;0.0;0.0;0.0;0.0;0.0;0
7917;0.2;0.0;0.0;0.0;0.0;0.0;0.0;0.0;0.0;0
7918;-0.1;0.0;0.0;0.0;0.0;0.0;0.0;0.0;0.0;0
7919;0.0;0.0;0.0;0.0;0.0;0.0;0.0;0.0;0.0;0
7920;-0.1;0.0;0.0;0.0;0.0;0.0;0.0;0.0;0.0;0
7921;-0.6;0.0;0.0;0.0;0.0;0.0;0.0;0.0;0.0;0
7922;-0.4;0.0;0.0;0.0;0.0;0.0;0.0;0.0;0.0;0
7923;0.0;0.0;0.0;0.0;0.0;0.0;0.0;0.0;0.0;0
7924;0.4;0.0;0.0;0.0;0.0;0.0;0.0;0.0;0.0;0
7925;0.7;0.0;0.0;0.0;0.0;0.0;0.0;0.0;0.0;0
7926;1.1;0.0;0.0;0.0;0.0;0.0;0.0;0.0;0.0;0
7927;-0.4;0.0;0.0;0.0;0.0;0.0;0.0;0.0;0.0;0
7928;-0.6;0.6;0.6;0.6;0.6;0.6;0.6;0.6;0.6;1
7929;-0.5;7.2;7.2;7.2;7.2;7.2;7.2;7.2;7.2;12
7930;1.4;32.3;32.3;43.54;54.95;53.09;39.06;32.3;32.3;58
7931;4.1;63.3;63.3;115.25;242.5;264.78;169.04;63.3;63.3;153
7932;6.5;74.1;74.1;74.1;382.39;510.08;382.39;74.1;74.1;231
7933;7.5;75.5;75.5;75.5;374.17;644.6;581.67;222.22;75.5;260
7934;7.7;73.9;73.9;73.9;237.4;577.03;621.94;345.81;73.9;224
7935;6.8;61.0;61.0;61.0;78.9;279.18;351.65;253.86;61.0;130
7936;6.1;21.8;21.8;21.8;21.8;21.8;21.8;21.8;21.8;38
7937;5.7;4.2;4.2;4.2;4.2;4.2;4.2;4.2;4.2;7
7938;5.4;0.0;0.0;0.0;0.0;0.0;0.0;0.0;0.0;0
7939;5.6;0.0;0.0;0.0;0.0;0.0;0.0;0.0;0.0;0
7940;5.7;0.0;0.0;0.0;0.0;0.0;0.0;0.0;0.0;0
7941;6.0;0.0;0.0;0.0;0.0;0.0;0.0;0.0;0.0;0
7942;6.5;0.0;0.0;0.0;0.0;0.0;0.0;0.0;0.0;0
7943;5.8;0.0;0.0;0.0;0.0;0.0;0.0;0.0;0.0;0
7944;5.3;0.0;0.0;0.0;0.0;0.0;0.0;0.0;0.0;0
7945;5.4;0.0;0.0;0.0;0.0;0.0;0.0;0.0;0.0;0
7946;5.5;0.0;0.0;0.0;0.0;0.0;0.0;0.0;0.0;0
7947;5.9;0.0;0.0;0.0;0.0;0.0;0.0;0.0;0.0;0
7948;5.6;0.0;0.0;0.0;0.0;0.0;0.0;0.0;0.0;0
7949;5.6;0.0;0.0;0.0;0.0;0.0;0.0;0.0;0.0;0
7950;5.5;0.0;0.0;0.0;0.0;0.0;0.0;0.0;0.0;0
7951;5.4;0.0;0.0;0.0;0.0;0.0;0.0;0.0;0.0;0
7952;4.6;0.6;0.6;0.6;0.6;0.6;0.6;0.6;0.6;1
7953;4.9;7.2;7.2;7.2;7.2;7.2;7.2;7.2;7.2;12
7954;5.7;31.0;31.0;40.09;49.35;47.86;36.49;31.0;31.0;55
7955;6.5;62.9;62.9;106.11;212.21;230.84;151.09;62.9;62.9;144
7956;9.0;68.2;68.2;68.2;454.46;614.46;454.46;68.2;68.2;247
7957;8.7;81.7;81.7;81.7;286.24;471.17;427.96;181.92;81.7;227
7958;9.0;75.8;75.8;75.8;210.34;488.8;525.33;298.53;75.8;208
7959;8.6;55.7;55.7;55.7;111.12;718.72;937.93;640.35;55.7;177
7960;7.8;33.2;33.2;33.2;33.2;33.2;33.2;33.2;33.2;77
7961;6.7;3.0;3.0;3.0;3.0;3.0;3.0;3.0;3.0;5
7962;6.1;0.0;0.0;0.0;0.0;0.0;0.0;0.0;0.0;0
7963;4.9;0.0;0.0;0.0;0.0;0.0;0.0;0.0;0.0;0
7964;5.1;0.0;0.0;0.0;0.0;0.0;0.0;0.0;0.0;0
7965;3.9;0.0;0.0;0.0;0.0;0.0;0.0;0.0;0.0;0
7966;6.2;0.0;0.0;0.0;0.0;0.0;0.0;0.0;0.0;0
7967;6.9;0.0;0.0;0.0;0.0;0.0;0.0;0.0;0.0;0
7968;6.6;0.0;0.0;0.0;0.0;0.0;0.0;0.0;0.0;0
7969;6.4;0.0;0.0;0.0;0.0;0.0;0.0;0.0;0.0;0
7970;6.4;0.0;0.0;0.0;0.0;0.0;0.0;0.0;0.0;0
7971;6.3;0.0;0.0;0.0;0.0;0.0;0.0;0.0;0.0;0
7972;6.4;0.0;0.0;0.0;0.0;0.0;0.0;0.0;0.0;0
7973;5.3;0.0;0.0;0.0;0.0;0.0;0.0;0.0;0.0;0
7974;5.9;0.0;0.0;0.0;0.0;0.0;0.0;0.0;0.0;0
7975;6.5;0.0;0.0;0.0;0.0;0.0;0.0;0.0;0.0;0
7976;7.0;0.0;0.0;0.0;0.0;0.0;0.0;0.0;0.0;0
7977;7.5;0.0;0.0;0.0;0.0;0.0;0.0;0.0;0.0;0
7978;7.7;2.4;2.4;2.4;2.4;2.4;2.4;2.4;2.4;4
7979;8.2;7.2;7.2;7.2;7.2;7.2;7.2;7.2;7.2;12
7980;8.2;10.8;10.8;10.8;10.8;10.8;10.8;10.8;10.8;18
7981;8.2;12.6;12.6;12.6;12.6;12.6;12.6;12.6;12.6;21
7982;8.2;7.8;7.8;7.8;7.8;7.8;7.8;7.8;7.8;13
7983;8.4;3.0;3.0;3.0;3.0;3.0;3.0;3.0;3.0;5
7984;8.7;0.0;0.0;0.0;0.0;0.0;0.0;0.0;0.0;0
7985;9.1;0.0;0.0;0.0;0.0;0.0;0.0;0.0;0.0;0
7986;9.5;0.0;0.0;0.0;0.0;0.0;0.0;0.0;0.0;0
7987;10.1;0.0;0.0;0.0;0.0;0.0;0.0;0.0;0.0;0
7988;10.4;0.0;0.0;0.0;0.0;0.0;0.0;0.0;0.0;0
7989;10.7;0.0;0.0;0.0;0.0;0.0;0.0;0.0;0.0;0
7990;10.9;0.0;0.0;0.0;0.0;0.0;0.0;0.0;0.0;0
7991;11.0;0.0;0.0;0.0;0.0;0.0;0.0;0.0;0.0;0
7992;11.1;0.0;0.0;0.0;0.0;0.0;0.0;0.0;0.0;0
7993;11.2;0.0;0.0;0.0;0.0;0.0;0.0;0.0;0.0;0
7994;11.2;0.0;0.0;0.0;0.0;0.0;0.0;0.0;0.0;0
7995;10.9;0.0;0.0;0.0;0.0;0.0;0.0;0.0;0.0;0
7996;11.0;0.0;0.0;0.0;0.0;0.0;0.0;0.0;0.0;0
7997;10.9;0.0;0.0;0.0;0.0;0.0;0.0;0.0;0.0;0
7998;10.9;0.0;0.0;0.0;0.0;0.0;0.0;0.0;0.0;0
7999;10.8;0.0;0.0;0.0;0.0;0.0;0.0;0.0;0.0;0
8000;10.9;0.0;0.0;0.0;0.0;0.0;0.0;0.0;0.0;0
8001;10.8;0.6;0.6;0.6;0.6;0.6;0.6;0.6;0.6;1
8002;11.0;6.0;6.0;6.0;6.0;6.0;6.0;6.0;6.0;10
8003;11.0;12.0;12.0;12.0;12.0;12.0;12.0;12.0;12.0;20
8004;11.1;15.0;15.0;15.0;15.0;15.0;15.0;15.0;15.0;25
8005;11.5;16.9;16.9;16.9;18.82;20.55;20.14;17.84;16.9;29
8006;11.8;19.3;19.3;19.3;20.71;23.62;24.0;21.62;19.3;33
8007;12.0;9.6;9.6;9.6;9.6;9.6;9.6;9.6;9.6;16
8008;12.1;5.4;5.4;5.4;5.4;5.4;5.4;5.4;5.4;9
8009;12.2;0.0;0.0;0.0;0.0;0.0;0.0;0.0;0.0;0
8010;11.4;0.0;0.0;0.0;0.0;0.0;0.0;0.0;0.0;0
8011;11.2;0.0;0.0;0.0;0.0;0.0;0.0;0.0;0.0;0
8012;11.0;0.0;0.0;0.0;0.0;0.0;0.0;0.0;0.0;0
8013;10.7;0.0;0.0;0.0;0.0;0.0;0.0;0.0;0.0;0
8014;10.5;0.0;0.0;0.0;0.0;0.0;0.0;0.0;0.0;0
8015;10.3;0.0;0.0;0.0;0.0;0.0;0.0;0.0;0.0;0
8016;10.1;0.0;0.0;0.0;0.0;0.0;0.0;0.0;0.0;0
8017;9.7;0.0;0.0;0.0;0.0;0.0;0.0;0.0;0.0;0
8018;9.6;0.0;0.0;0.0;0.0;0.0;0.0;0.0;0.0;0
8019;9.4;0.0;0.0;0.0;0.0;0.0;0.0;0.0;0.0;0
8020;9.5;0.0;0.0;0.0;0.0;0.0;0.0;0.0;0.0;0
8021;9.7;0.0;0.0;0.0;0.0;0.0;0.0;0.0;0.0;0
8022;9.7;0.0;0.0;0.0;0.0;0.0;0.0;0.0;0.0;0
8023;9.7;0.0;0.0;0.0;0.0;0.0;0.0;0.0;0.0;0
8024;10.0;0.0;0.0;0.0;0.0;0.0;0.0;0.0;0.0;0
8025;10.4;1.8;1.8;1.8;1.8;1.8;1.8;1.8;1.8;3
8026;10.6;10.2;10.2;10.2;10.2;10.2;10.2;10.2;10.2;17
8027;10.9;27.2;27.2;29.09;33.74;34.57;31.08;27.2;27.2;47
8028;11.0;44.8;44.8;44.8;54.73;58.85;54.73;44.8;44.8;78
8029;11.8;62.6;62.6;62.6;78.1;92.06;88.77;70.14;62.6;111
8030;12.6;56.5;56.5;56.5;66.55;87.14;89.78;72.93;56.5;100
8031;12.3;38.2;38.2;38.2;40.66;66.22;75.37;62.74;38.2;67
8032;11.6;21.9;21.9;21.9;21.9;21.9;21.9;21.9;21.9;39
8033;11.0;1.8;1.8;1.8;1.8;1.8;1.8;1.8;1.8;3
8034;11.0;0.0;0.0;0.0;0.0;0.0;0.0;0.0;0.0;0
8035;10.5;0.0;0.0;0.0;0.0;0.0;0.0;0.0;0.0;0
8036;10.6;0.0;0.0;0.0;0.0;0.0;0.0;0.0;0.0;0
8037;10.9;0.0;0.0;0.0;0.0;0.0;0.0;0.0;0.0;0
8038;10.5;0.0;0.0;0.0;0.0;0.0;0.0;0.0;0.0;0
8039;9.8;0.0;0.0;0.0;0.0;0.0;0.0;0.0;0.0;0
8040;8.9;0.0;0.0;0.0;0.0;0.0;0.0;0.0;0.0;0
8041;8.4;0.0;0.0;0.0;0.0;0.0;0.0;0.0;0.0;0
8042;7.8;0.0;0.0;0.0;0.0;0.0;0.0;0.0;0.0;0
8043;7.9;0.0;0.0;0.0;0.0;0.0;0.0;0.0;0.0;0
8044;6.9;0.0;0.0;0.0;0.0;0.0;0.0;0.0;0.0;0
8045;6.9;0.0;0.0;0.0;0.0;0.0;0.0;0.0;0.0;0
8046;7.0;0.0;0.0;0.0;0.0;0.0;0.0;0.0;0.0;0
8047;6.6;0.0;0.0;0.0;0.0;0.0;0.0;0.0;0.0;0
8048;6.3;0.0;0.0;0.0;0.0;0.0;0.0;0.0;0.0;0
8049;6.3;0.0;0.0;0.0;0.0;0.0;0.0;0.0;0.0;0
8050;6.7;14.5;14.5;16.87;19.31;18.93;15.96;14.5;14.5;25
8051;7.2;36.4;36.4;40.2;49.6;51.27;44.23;36.4;36.4;64
8052;7.6;41.2;41.2;41.2;51.22;55.37;51.22;41.2;41.2;72
8053;7.9;38.7;38.7;38.7;44.57;49.85;48.6;41.55;38.7;67
8054;8.8;63.9;63.9;63.9;77.0;103.75;107.16;85.23;63.9;114
8055;8.0;42.5;42.5;42.5;45.68;78.25;89.88;73.75;42.5;75
8056;7.7;14.5;14.5;14.5;14.5;14.5;14.5;14.5;14.5;25
8057;7.5;1.8;1.8;1.8;1.8;1.8;1.8;1.8;1.8;3
8058;6.8;0.0;0.0;0.0;0.0;0.0;0.0;0.0;0.0;0
8059;6.0;0.0;0.0;0.0;0.0;0.0;0.0;0.0;0.0;0
8060;5.1;0.0;0.0;0.0;0.0;0.0;0.0;0.0;0.0;0
8061;3.7;0.0;0.0;0.0;0.0;0.0;0.0;0.0;0.0;0
8062;4.0;0.0;0.0;0.0;0.0;0.0;0.0;0.0;0.0;0
8063;3.5;0.0;0.0;0.0;0.0;0.0;0.0;0.0;0.0;0
8064;3.3;0.0;0.0;0.0;0.0;0.0;0.0;0.0;0.0;0
8065;3.0;0.0;0.0;0.0;0.0;0.0;0.0;0.0;0.0;0
8066;3.3;0.0;0.0;0.0;0.0;0.0;0.0;0.0;0.0;0
8067;2.7;0.0;0.0;0.0;0.0;0.0;0.0;0.0;0.0;0
8068;1.5;0.0;0.0;0.0;0.0;0.0;0.0;0.0;0.0;0
8069;1.4;0.0;0.0;0.0;0.0;0.0;0.0;0.0;0.0;0
8070;2.2;0.0;0.0;0.0;0.0;0.0;0.0;0.0;0.0;0
8071;1.9;0.0;0.0;0.0;0.0;0.0;0.0;0.0;0.0;0
8072;1.9;0.0;0.0;0.0;0.0;0.0;0.0;0.0;0.0;0
8073;2.6;1.8;1.8;1.8;1.8;1.8;1.8;1.8;1.8;3
8074;3.0;24.9;24.9;32.08;39.47;38.33;29.32;24.9;24.9;44
8075;3.0;42.5;42.5;47.28;59.14;61.25;52.38;42.5;42.5;75
8076;3.5;47.3;47.3;47.3;59.93;65.16;59.93;47.3;47.3;83
8077;3.6;44.8;44.8;44.8;52.7;59.8;58.12;48.63;44.8;78
8078;3.6;27.2;27.2;27.2;30.15;36.16;36.92;31.99;27.2;47
8079;4.5;21.1;21.1;21.1;21.76;28.39;30.76;27.46;21.1;36
8080;5.0;3.6;3.6;3.6;3.6;3.6;3.6;3.6;3.6;6
8081;5.3;0.0;0.0;0.0;0.0;0.0;0.0;0.0;0.0;0
8082;5.6;0.0;0.0;0.0;0.0;0.0;0.0;0.0;0.0;0
8083;5.7;0.0;0.0;0.0;0.0;0.0;0.0;0.0;0.0;0
8084;5.8;0.0;0.0;0.0;0.0;0.0;0.0;0.0;0.0;0
8085;5.9;0.0;0.0;0.0;0.0;0.0;0.0;0.0;0.0;0
8086;5.9;0.0;0.0;0.0;0.0;0.0;0.0;0.0;0.0;0
8087;5.9;0.0;0.0;0.0;0.0;0.0;0.0;0.0;0.0;0
8088;6.0;0.0;0.0;0.0;0.0;0.0;0.0;0.0;0.0;0
8089;6.1;0.0;0.0;0.0;0.0;0.0;0.0;0.0;0.0;0
8090;6.1;0.0;0.0;0.0;0.0;0.0;0.0;0.0;0.0;0
8091;6.1;0.0;0.0;0.0;0.0;0.0;0.0;0.0;0.0;0
8092;6.0;0.0;0.0;0.0;0.0;0.0;0.0;0.0;0.0;0
8093;6.1;0.0;0.0;0.0;0.0;0.0;0.0;0.0;0.0;0
8094;6.0;0.0;0.0;0.0;0.0;0.0;0.0;0.0;0.0;0
8095;5.8;0.0;0.0;0.0;0.0;0.0;0.0;0.0;0.0;0
8096;5.4;0.0;0.0;0.0;0.0;0.0;0.0;0.0;0.0;0
8097;5.3;0.0;0.0;0.0;0.0;0.0;0.0;0.0;0.0;0
8098;5.1;1.8;1.8;1.8;1.8;1.8;1.8;1.8;1.8;3
8099;5.2;8.4;8.4;8.4;8.4;8.4;8.4;8.4;8.4;14
8100;5.2;13.2;13.2;13.2;13.2;13.2;13.2;13.2;13.2;22
8101;5.1;15.0;15.0;15.0;15.0;15.0;15.0;15.0;15.0;25
8102;5.4;15.0;15.0;15.0;15.0;15.0;15.0;15.0;15.0;25
8103;5.5;10.2;10.2;10.2;10.2;10.2;10.2;10.2;10.2;17
8104;5.4;3.6;3.6;3.6;3.6;3.6;3.6;3.6;3.6;6
8105;5.1;0.0;0.0;0.0;0.0;0.0;0.0;0.0;0.0;0
8106;5.1;0.0;0.0;0.0;0.0;0.0;0.0;0.0;0.0;0
8107;5.0;0.0;0.0;0.0;0.0;0.0;0.0;0.0;0.0;0
8108;4.8;0.0;0.0;0.0;0.0;0.0;0.0;0.0;0.0;0
8109;4.8;0.0;0.0;0.0;0.0;0.0;0.0;0.0;0.0;0
8110;4.9;0.0;0.0;0.0;0.0;0.0;0.0;0.0;0.0;0
8111;4.7;0.0;0.0;0.0;0.0;0.0;0.0;0.0;0.0;0
8112;4.3;0.0;0.0;0.0;0.0;0.0;0.0;0.0;0.0;0
8113;4.0;0.0;0.0;0.0;0.0;0.0;0.0;0.0;0.0;0
8114;3.7;0.0;0.0;0.0;0.0;0.0;0.0;0.0;0.0;0
8115;3.6;0.0;0.0;0.0;0.0;0.0;0.0;0.0;0.0;0
8116;3.6;0.0;0.0;0.0;0.0;0.0;0.0;0.0;0.0;0
8117;3.5;0.0;0.0;0.0;0.0;0.0;0.0;0.0;0.0;0
8118;3.5;0.0;0.0;0.0;0.0;0.0;0.0;0.0;0.0;0
8119;3.5;0.0;0.0;0.0;0.0;0.0;0.0;0.0;0.0;0
8120;3.6;0.0;0.0;0.0;0.0;0.0;0.0;0.0;0.0;0
8121;3.7;0.0;0.0;0.0;0.0;0.0;0.0;0.0;0.0;0
8122;4.0;9.7;9.7;12.14;14.66;14.27;11.21;9.7;9.7;17
8123;4.6;16.3;16.3;17.27;19.68;20.11;18.31;16.3;16.3;28
8124;4.9;30.8;30.8;30.8;35.93;38.06;35.93;30.8;30.8;53
8125;5.0;35.6;35.6;35.6;39.62;43.23;42.37;37.54;35.6;61
8126;5.2;32.6;32.6;32.6;35.62;41.75;42.51;37.47;32.6;56
8127;5.5;29.0;29.0;29.0;30.4;44.14;49.02;42.16;29.0;50
8128;5.4;17.6;17.6;17.6;17.6;17.6;17.6;17.6;17.6;31
8129;5.0;1.8;1.8;1.8;1.8;1.8;1.8;1.8;1.8;3
8130;4.7;0.0;0.0;0.0;0.0;0.0;0.0;0.0;0.0;0
8131;4.7;0.0;0.0;0.0;0.0;0.0;0.0;0.0;0.0;0
8132;4.5;0.0;0.0;0.0;0.0;0.0;0.0;0.0;0.0;0
8133;4.5;0.0;0.0;0.0;0.0;0.0;0.0;0.0;0.0;0
8134;4.5;0.0;0.0;0.0;0.0;0.0;0.0;0.0;0.0;0
8135;4.6;0.0;0.0;0.0;0.0;0.0;0.0;0.0;0.0;0
8136;4.7;0.0;0.0;0.0;0.0;0.0;0.0;0.0;0.0;0
8137;4.9;0.0;0.0;0.0;0.0;0.0;0.0;0.0;0.0;0
8138;4.9;0.0;0.0;0.0;0.0;0.0;0.0;0.0;0.0;0
8139;5.9;0.0;0.0;0.0;0.0;0.0;0.0;0.0;0.0;0
8140;6.7;0.0;0.0;0.0;0.0;0.0;0.0;0.0;0.0;0
8141;7.2;0.0;0.0;0.0;0.0;0.0;0.0;0.0;0.0;0
8142;9.2;0.0;0.0;0.0;0.0;0.0;0.0;0.0;0.0;0
8143;8.3;0.0;0.0;0.0;0.0;0.0;0.0;0.0;0.0;0
8144;7.4;0.0;0.0;0.0;0.0;0.0;0.0;0.0;0.0;0
8145;6.5;1.8;1.8;1.8;1.8;1.8;1.8;1.8;1.8;3
8146;7.0;17.6;17.6;22.51;27.6;26.83;20.66;17.6;17.6;31
8147;6.8;29.0;29.0;30.95;35.82;36.69;33.05;29.0;29.0;50
8148;7.5;70.9;70.9;70.9;135.51;162.27;135.51;70.9;70.9;139
8149;7.5;77.3;77.3;77.3;257.7;419.32;380.59;164.2;77.3;203
8150;7.1;72.1;72.1;72.1;192.82;436.86;467.22;266.13;72.1;186
8151;6.0;55.9;55.9;55.9;73.89;248.53;310.33;223.09;55.9;114
8152;5.2;29.9;29.9;29.9;29.9;29.9;29.9;29.9;29.9;69
8153;4.1;3.6;3.6;3.6;3.6;3.6;3.6;3.6;3.6;6
8154;2.7;0.0;0.0;0.0;0.0;0.0;0.0;0.0;0.0;0
8155;1.0;0.0;0.0;0.0;0.0;0.0;0.0;0.0;0.0;0
8156;-0.1;0.0;0.0;0.0;0.0;0.0;0.0;0.0;0.0;0
8157;-0.3;0.0;0.0;0.0;0.0;0.0;0.0;0.0;0.0;0
8158;-2.4;0.0;0.0;0.0;0.0;0.0;0.0;0.0;0.0;0
8159;-1.7;0.0;0.0;0.0;0.0;0.0;0.0;0.0;0.0;0
8160;-0.1;0.0;0.0;0.0;0.0;0.0;0.0;0.0;0.0;0
8161;-0.7;0.0;0.0;0.0;0.0;0.0;0.0;0.0;0.0;0
8162;-0.8;0.0;0.0;0.0;0.0;0.0;0.0;0.0;0.0;0
8163;-1.3;0.0;0.0;0.0;0.0;0.0;0.0;0.0;0.0;0
8164;-1.6;0.0;0.0;0.0;0.0;0.0;0.0;0.0;0.0;0
8165;-2.0;0.0;0.0;0.0;0.0;0.0;0.0;0.0;0.0;0
8166;-2.2;0.0;0.0;0.0;0.0;0.0;0.0;0.0;0.0;0
8167;-2.6;0.0;0.0;0.0;0.0;0.0;0.0;0.0;0.0;0
8168;-3.1;0.0;0.0;0.0;0.0;0.0;0.0;0.0;0.0;0
8169;-2.7;3.6;3.6;3.6;3.6;3.6;3.6;3.6;3.6;6
8170;-1.3;27.7;27.7;104.44;184.1;172.15;75.58;27.7;27.7;72
8171;-0.2;52.1;52.1;133.63;336.92;373.37;221.62;52.1;52.1;156
8172;1.0;61.3;61.3;61.3;454.19;616.93;454.19;61.3;61.3;228
8173;1.7;63.8;63.8;63.8;423.27;745.04;667.75;236.68;63.8;253
8174;2.0;62.3;62.3;62.3;292.42;756.57;814.03;431.13;62.3;228
8175;1.8;52.8;52.8;52.8;114.88;710.89;921.4;623.1;52.8;158
8176;1.0;28.8;28.8;28.8;28.8;28.8;28.8;28.8;28.8;78
8177;-0.7;3.6;3.6;3.6;3.6;3.6;3.6;3.6;3.6;6
8178;-1.3;0.0;0.0;0.0;0.0;0.0;0.0;0.0;0.0;0
8179;-2.1;0.0;0.0;0.0;0.0;0.0;0.0;0.0;0.0;0
8180;-2.1;0.0;0.0;0.0;0.0;0.0;0.0;0.0;0.0;0
8181;-2.4;0.0;0.0;0.0;0.0;0.0;0.0;0.0;0.0;0
8182;-2.6;0.0;0.0;0.0;0.0;0.0;0.0;0.0;0.0;0
8183;-3.8;0.0;0.0;0.0;0.0;0.0;0.0;0.0;0.0;0
8184;-3.7;0.0;0.0;0.0;0.0;0.0;0.0;0.0;0.0;0
8185;-3.5;0.0;0.0;0.0;0.0;0.0;0.0;0.0;0.0;0
8186;-4.0;0.0;0.0;0.0;0.0;0.0;0.0;0.0;0.0;0
8187;-3.8;0.0;0.0;0.0;0.0;0.0;0.0;0.0;0.0;0
8188;-4.4;0.0;0.0;0.0;0.0;0.0;0.0;0.0;0.0;0
8189;-5.5;0.0;0.0;0.0;0.0;0.0;0.0;0.0;0.0;0
8190;-5.4;0.0;0.0;0.0;0.0;0.0;0.0;0.0;0.0;0
8191;-3.9;0.0;0.0;0.0;0.0;0.0;0.0;0.0;0.0;0
8192;-3.9;0.0;0.0;0.0;0.0;0.0;0.0;0.0;0.0;0
8193;-4.1;3.6;3.6;3.6;3.6;3.6;3.6;3.6;3.6;6
8194;-2.3;27.4;27.4;97.22;169.82;158.99;71.08;27.4;27.4;69
8195;-0.4;52.0;52.0;127.07;314.51;348.17;208.34;52.0;52.0;150
8196;0.6;63.7;63.7;63.7;411.94;556.19;411.94;63.7;63.7;217
8197;1.2;66.7;66.7;66.7;389.66;678.52;608.98;221.78;66.7;242
8198;1.8;63.9;63.9;63.9;274.49;698.35;750.56;400.54;63.9;219
8199;1.8;54.0;54.0;54.0;108.55;627.01;809.8;549.86;54.0;150
8200;0.9;29.2;29.2;29.2;29.2;29.2;29.2;29.2;29.2;67
8201;-0.4;3.6;3.6;3.6;3.6;3.6;3.6;3.6;3.6;6
8202;-1.2;0.0;0.0;0.0;0.0;0.0;0.0;0.0;0.0;0
8203;-0.9;0.0;0.0;0.0;0.0;0.0;0.0;0.0;0.0;0
8204;-1.3;0.0;0.0;0.0;0.0;0.0;0.0;0.0;0.0;0
8205;-2.2;0.0;0.0;0.0;0.0;0.0;0.0;0.0;0.0;0
8206;-2.4;0.0;0.0;0.0;0.0;0.0;0.0;0.0;0.0;0
8207;-3.5;0.0;0.0;0.0;0.0;0.0;0.0;0.0;0.0;0
8208;-2.9;0.0;0.0;0.0;0.0;0.0;0.0;0.0;0.0;0
8209;-2.7;0.0;0.0;0.0;0.0;0.0;0.0;0.0;0.0;0
8210;-3.6;0.0;0.0;0.0;0.0;0.0;0.0;0.0;0.0;0
8211;-3.4;0.0;0.0;0.0;0.0;0.0;0.0;0.0;0.0;0
8212;-3.8;0.0;0.0;0.0;0.0;0.0;0.0;0.0;0.0;0
8213;-4.0;0.0;0.0;0.0;0.0;0.0;0.0;0.0;0.0;0
8214;-4.5;0.0;0.0;0.0;0.0;0.0;0.0;0.0;0.0;0
8215;-3.7;0.0;0.0;0.0;0.0;0.0;0.0;0.0;0.0;0
8216;-4.0;0.0;0.0;0.0;0.0;0.0;0.0;0.0;0.0;0
8217;-5.3;1.8;1.8;1.8;1.8;1.8;1.8;1.8;1.8;3
8218;-1.9;26.9;26.9;84.65;144.78;135.86;63.11;26.9;26.9;64
8219;0.3;51.9;51.9;120.42;291.68;322.49;194.78;51.9;51.9;144
8220;1.9;65.6;65.6;65.6;371.12;497.67;371.12;65.6;65.6;206
8221;3.5;72.4;72.4;72.4;316.75;535.14;482.46;189.57;72.4;219
8222;4.6;66.6;66.6;66.6;246.09;606.66;650.87;352.83;66.6;206
8223;5.2;53.7;53.7;53.7;107.2;610.99;788.32;535.33;53.7;147
8224;3.6;29.2;29.2;29.2;29.2;29.2;29.2;29.2;29.2;67
8225;1.8;1.8;1.8;1.8;1.8;1.8;1.8;1.8;1.8;3
8226;0.9;0.0;0.0;0.0;0.0;0.0;0.0;0.0;0.0;0
8227;-1.8;0.0;0.0;0.0;0.0;0.0;0.0;0.0;0.0;0
8228;-1.9;0.0;0.0;0.0;0.0;0.0;0.0;0.0;0.0;0
8229;-2.7;0.0;0.0;0.0;0.0;0.0;0.0;0.0;0.0;0
8230;-3.6;0.0;0.0;0.0;0.0;0.0;0.0;0.0;0.0;0
8231;-2.3;0.0;0.0;0.0;0.0;0.0;0.0;0.0;0.0;0
8232;-3.5;0.0;0.0;0.0;0.0;0.0;0.0;0.0;0.0;0
8233;-4.2;0.0;0.0;0.0;0.0;0.0;0.0;0.0;0.0;0
8234;-4.2;0.0;0.0;0.0;0.0;0.0;0.0;0.0;0.0;0
8235;-5.8;0.0;0.0;0.0;0.0;0.0;0.0;0.0;0.0;0
8236;-5.4;0.0;0.0;0.0;0.0;0.0;0.0;0.0;0.0;0
8237;-6.7;0.0;0.0;0.0;0.0;0.0;0.0;0.0;0.0;0
8238;-6.7;0.0;0.0;0.0;0.0;0.0;0.0;0.0;0.0;0
8239;-7.2;0.0;0.0;0.0;0.0;0.0;0.0;0.0;0.0;0
8240;-5.9;0.0;0.0;0.0;0.0;0.0;0.0;0.0;0.0;0
8241;-5.7;1.8;1.8;1.8;1.8;1.8;1.8;1.8;1.8;3
8242;-2.0;26.1;26.1;64.0;103.52;97.69;49.92;26.1;26.1;56
8243;0.4;52.8;52.8;100.69;220.54;242.13;152.81;52.8;52.8;128
8244;1.6;67.9;67.9;67.9;308.88;408.7;308.88;67.9;67.9;189
8245;2.9;73.1;73.1;73.1;296.04;495.15;447.03;179.87;73.1;211
8246;3.2;69.6;69.6;69.6;202.99;470.49;503.16;281.85;69.6;186
8247;2.2;55.0;55.0;55.0;86.68;382.53;486.52;337.72;55.0;125
8248;1.2;27.0;27.0;27.0;27.0;27.0;27.0;27.0;27.0;50
8249;-1.5;1.8;1.8;1.8;1.8;1.8;1.8;1.8;1.8;3
8250;-2.9;0.0;0.0;0.0;0.0;0.0;0.0;0.0;0.0;0
8251;-1.5;0.0;0.0;0.0;0.0;0.0;0.0;0.0;0.0;0
8252;-1.4;0.0;0.0;0.0;0.0;0.0;0.0;0.0;0.0;0
8253;-0.3;0.0;0.0;0.0;0.0;0.0;0.0;0.0;0.0;0
8254;0.3;0.0;0.0;0.0;0.0;0.0;0.0;0.0;0.0;0
8255;-1.2;0.0;0.0;0.0;0.0;0.0;0.0;0.0;0.0;0
8256;-1.3;0.0;0.0;0.0;0.0;0.0;0.0;0.0;0.0;0
8257;-0.5;0.0;0.0;0.0;0.0;0.0;0.0;0.0;0.0;0
8258;1.0;0.0;0.0;0.0;0.0;0.0;0.0;0.0;0.0;0
8259;2.0;0.0;0.0;0.0;0.0;0.0;0.0;0.0;0.0;0
8260;2.3;0.0;0.0;0.0;0.0;0.0;0.0;0.0;0.0;0
8261;2.2;0.0;0.0;0.0;0.0;0.0;0.0;0.0;0.0;0
8262;1.5;0.0;0.0;0.0;0.0;0.0;0.0;0.0;0.0;0
8263;1.5;0.0;0.0;0.0;0.0;0.0;0.0;0.0;0.0;0
8264;1.6;0.0;0.0;0.0;0.0;0.0;0.0;0.0;0.0;0
8265;1.8;0.0;0.0;0.0;0.0;0.0;0.0;0.0;0.0;0
8266;1.7;4.8;4.8;4.8;4.8;4.8;4.8;4.8;4.8;8
8267;2.0;14.5;14.5;15.5;18.01;18.47;16.6;14.5;14.5;25
8268;2.2;27.2;27.2;27.2;32.52;34.73;32.52;27.2;27.2;47
8269;2.4;25.9;25.9;25.9;28.0;29.87;29.41;26.9;25.9;44
8270;2.6;22.9;22.9;22.9;24.5;27.71;28.09;25.44;22.9;39
8271;2.4;14.5;14.5;14.5;15.31;22.79;25.42;21.65;14.5;25
8272;2.6;3.6;3.6;3.6;3.6;3.6;3.6;3.6;3.6;6
8273;2.6;0.0;0.0;0.0;0.0;0.0;0.0;0.0;0.0;0
8274;3.1;0.0;0.0;0.0;0.0;0.0;0.0;0.0;0.0;0
8275;3.5;0.0;0.0;0.0;0.0;0.0;0.0;0.0;0.0;0
8276;4.5;0.0;0.0;0.0;0.0;0.0;0.0;0.0;0.0;0
8277;4.5;0.0;0.0;0.0;0.0;0.0;0.0;0.0;0.0;0
8278;5.1;0.0;0.0;0.0;0.0;0.0;0.0;0.0;0.0;0
8279;5.9;0.0;0.0;0.0;0.0;0.0;0.0;0.0;0.0;0
8280;6.0;0.0;0.0;0.0;0.0;0.0;0.0;0.0;0.0;0
8281;3.4;0.0;0.0;0.0;0.0;0.0;0.0;0.0;0.0;0
8282;1.5;0.0;0.0;0.0;0.0;0.0;0.0;0.0;0.0;0
8283;1.5;0.0;0.0;0.0;0.0;0.0;0.0;0.0;0.0;0
8284;0.9;0.0;0.0;0.0;0.0;0.0;0.0;0.0;0.0;0
8285;0.0;0.0;0.0;0.0;0.0;0.0;0.0;0.0;0.0;0
8286;-1.1;0.0;0.0;0.0;0.0;0.0;0.0;0.0;0.0;0
8287;-1.7;0.0;0.0;0.0;0.0;0.0;0.0;0.0;0.0;0
8288;-1.7;0.0;0.0;0.0;0.0;0.0;0.0;0.0;0.0;0
8289;-1.4;3.6;3.6;3.6;3.6;3.6;3.6;3.6;3.6;6
8290;-0.1;20.1;20.1;27.77;35.78;34.6;24.94;20.1;20.1;36
8291;1.0;40.7;40.7;45.73;58.35;60.62;51.23;40.7;40.7;72
8292;2.6;57.8;57.8;57.8;79.19;88.05;79.19;57.8;57.8;103
8293;4.0;65.7;65.7;65.7;84.65;101.56;97.46;74.76;65.7;117
8294;4.1;44.8;44.8;44.8;51.25;64.14;65.7;55.02;44.8;78
8295;4.1;24.2;24.2;24.2;25.84;40.98;46.28;38.65;24.2;42
8296;4.0;8.4;8.4;8.4;8.4;8.4;8.4;8.4;8.4;14
8297;3.8;0.0;0.0;0.0;0.0;0.0;0.0;0.0;0.0;0
8298;3.5;0.0;0.0;0.0;0.0;0.0;0.0;0.0;0.0;0
8299;3.7;0.0;0.0;0.0;0.0;0.0;0.0;0.0;0.0;0
8300;4.4;0.0;0.0;0.0;0.0;0.0;0.0;0.0;0.0;0
8301;5.2;0.0;0.0;0.0;0.0;0.0;0.0;0.0;0.0;0
8302;6.0;0.0;0.0;0.0;0.0;0.0;0.0;0.0;0.0;0
8303;7.2;0.0;0.0;0.0;0.0;0.0;0.0;0.0;0.0;0
8304;8.3;0.0;0.0;0.0;0.0;0.0;0.0;0.0;0.0;0
8305;9.3;0.0;0.0;0.0;0.0;0.0;0.0;0.0;0.0;0
8306;10.3;0.0;0.0;0.0;0.0;0.0;0.0;0.0;0.0;0
8307;10.7;0.0;0.0;0.0;0.0;0.0;0.0;0.0;0.0;0
8308;11.0;0.0;0.0;0.0;0.0;0.0;0.0;0.0;0.0;0
8309;11.4;0.0;0.0;0.0;0.0;0.0;0.0;0.0;0.0;0
8310;11.4;0.0;0.0;0.0;0.0;0.0;0.0;0.0;0.0;0
8311;11.5;0.0;0.0;0.0;0.0;0.0;0.0;0.0;0.0;0
8312;11.9;0.0;0.0;0.0;0.0;0.0;0.0;0.0;0.0;0
8313;11.8;0.0;0.0;0.0;0.0;0.0;0.0;0.0;0.0;0
8314;12.1;1.8;1.8;1.8;1.8;1.8;1.8;1.8;1.8;3
8315;12.0;4.8;4.8;4.8;4.8;4.8;4.8;4.8;4.8;8
8316;12.0;8.4;8.4;8.4;8.4;8.4;8.4;8.4;8.4;14
8317;12.0;8.4;8.4;8.4;8.4;8.4;8.4;8.4;8.4;14
8318;11.9;6.6;6.6;6.6;6.6;6.6;6.6;6.6;6.6;11
8319;11.8;1.8;1.8;1.8;1.8;1.8;1.8;1.8;1.8;3
8320;11.5;1.8;1.8;1.8;1.8;1.8;1.8;1.8;1.8;3
8321;11.6;0.0;0.0;0.0;0.0;0.0;0.0;0.0;0.0;0
8322;11.7;0.0;0.0;0.0;0.0;0.0;0.0;0.0;0.0;0
8323;11.5;0.0;0.0;0.0;0.0;0.0;0.0;0.0;0.0;0
8324;11.8;0.0;0.0;0.0;0.0;0.0;0.0;0.0;0.0;0
8325;11.8;0.0;0.0;0.0;0.0;0.0;0.0;0.0;0.0;0
8326;11.8;0.0;0.0;0.0;0.0;0.0;0.0;0.0;0.0;0
8327;11.4;0.0;0.0;0.0;0.0;0.0;0.0;0.0;0.0;0
8328;10.4;0.0;0.0;0.0;0.0;0.0;0.0;0.0;0.0;0
8329;9.9;0.0;0.0;0.0;0.0;0.0;0.0;0.0;0.0;0
8330;9.8;0.0;0.0;0.0;0.0;0.0;0.0;0.0;0.0;0
8331;9.1;0.0;0.0;0.0;0.0;0.0;0.0;0.0;0.0;0
8332;6.8;0.0;0.0;0.0;0.0;0.0;0.0;0.0;0.0;0
8333;7.6;0.0;0.0;0.0;0.0;0.0;0.0;0.0;0.0;0
8334;7.9;0.0;0.0;0.0;0.0;0.0;0.0;0.0;0.0;0
8335;7.7;0.0;0.0;0.0;0.0;0.0;0.0;0.0;0.0;0
8336;6.5;0.0;0.0;0.0;0.0;0.0;0.0;0.0;0.0;0
8337;6.5;0.0;0.0;0.0;0.0;0.0;0.0;0.0;0.0;0
8338;7.0;20.1;20.1;27.83;35.93;34.76;24.99;20.1;20.1;36
8339;7.8;48.4;48.4;58.53;83.97;88.57;69.64;48.4;48.4;89
8340;8.7;68.6;68.6;68.6;203.29;259.08;203.29;68.6;68.6;156
8341;7.7;36.9;36.9;36.9;43.27;48.95;47.57;39.94;36.9;64
8342;9.5;67.0;67.0;67.0;337.83;877.98;943.07;494.97;67.0;250
8343;7.6;34.6;34.6;34.6;37.99;68.82;79.61;64.03;34.6;61
8344;7.6;17.6;17.6;17.6;17.6;17.6;17.6;17.6;17.6;31
8345;7.5;3.6;3.6;3.6;3.6;3.6;3.6;3.6;3.6;6
8346;7.6;0.0;0.0;0.0;0.0;0.0;0.0;0.0;0.0;0
8347;6.8;0.0;0.0;0.0;0.0;0.0;0.0;0.0;0.0;0
8348;7.2;0.0;0.0;0.0;0.0;0.0;0.0;0.0;0.0;0
8349;6.1;0.0;0.0;0.0;0.0;0.0;0.0;0.0;0.0;0
8350;5.7;0.0;0.0;0.0;0.0;0.0;0.0;0.0;0.0;0
8351;5.5;0.0;0.0;0.0;0.0;0.0;0.0;0.0;0.0;0
8352;5.2;0.0;0.0;0.0;0.0;0.0;0.0;0.0;0.0;0
8353;3.5;0.0;0.0;0.0;0.0;0.0;0.0;0.0;0.0;0
8354;2.1;0.0;0.0;0.0;0.0;0.0;0.0;0.0;0.0;0
8355;1.5;0.0;0.0;0.0;0.0;0.0;0.0;0.0;0.0;0
8356;2.7;0.0;0.0;0.0;0.0;0.0;0.0;0.0;0.0;0
8357;2.3;0.0;0.0;0.0;0.0;0.0;0.0;0.0;0.0;0
8358;1.9;0.0;0.0;0.0;0.0;0.0;0.0;0.0;0.0;0
8359;1.2;0.0;0.0;0.0;0.0;0.0;0.0;0.0;0.0;0
8360;3.0;0.0;0.0;0.0;0.0;0.0;0.0;0.0;0.0;0
8361;2.6;1.8;1.8;1.8;1.8;1.8;1.8;1.8;1.8;3
8362;3.9;22.9;22.9;41.01;59.99;57.24;34.38;22.9;22.9;44
8363;4.5;50.3;50.3;73.67;132.38;143.0;99.33;50.3;50.3;103
8364;4.8;68.0;68.0;68.0;186.89;236.14;186.89;68.0;68.0;150
8365;5.7;74.7;74.7;74.7;196.2;304.45;278.11;132.61;74.7;172
8366;5.7;68.9;68.9;68.9;116.45;211.18;222.57;143.94;68.9;139
8367;4.2;46.3;46.3;46.3;52.3;106.68;125.68;98.19;46.3;83
8368;4.2;23.7;23.7;23.7;23.7;23.7;23.7;23.7;23.7;42
8369;2.9;1.8;1.8;1.8;1.8;1.8;1.8;1.8;1.8;3
8370;2.5;0.0;0.0;0.0;0.0;0.0;0.0;0.0;0.0;0
8371;2.1;0.0;0.0;0.0;0.0;0.0;0.0;0.0;0.0;0
8372;3.4;0.0;0.0;0.0;0.0;0.0;0.0;0.0;0.0;0
8373;2.5;0.0;0.0;0.0;0.0;0.0;0.0;0.0;0.0;0
8374;2.5;0.0;0.0;0.0;0.0;0.0;0.0;0.0;0.0;0
8375;4.1;0.0;0.0;0.0;0.0;0.0;0.0;0.0;0.0;0
8376;3.7;0.0;0.0;0.0;0.0;0.0;0.0;0.0;0.0;0
8377;3.9;0.0;0.0;0.0;0.0;0.0;0.0;0.0;0.0;0
8378;4.3;0.0;0.0;0.0;0.0;0.0;0.0;0.0;0.0;0
8379;3.7;0.0;0.0;0.0;0.0;0.0;0.0;0.0;0.0;0
8380;4.0;0.0;0.0;0.0;0.0;0.0;0.0;0.0;0.0;0
8381;4.3;0.0;0.0;0.0;0.0;0.0;0.0;0.0;0.0;0
8382;3.1;0.0;0.0;0.0;0.0;0.0;0.0;0.0;0.0;0
8383;1.7;0.0;0.0;0.0;0.0;0.0;0.0;0.0;0.0;0
8384;1.3;0.0;0.0;0.0;0.0;0.0;0.0;0.0;0.0;0
8385;2.7;0.0;0.0;0.0;0.0;0.0;0.0;0.0;0.0;0
8386;4.0;18.8;18.8;23.99;29.43;28.65;22.09;18.8;18.8;33
8387;6.1;49.2;49.2;67.53;113.61;121.95;87.68;49.2;49.2;97
8388;7.1;67.8;67.8;67.8;197.84;251.7;197.84;67.8;67.8;153
8389;7.4;70.6;70.6;70.6;104.81;135.27;127.85;86.89;70.6;131
8390;7.7;47.3;47.3;47.3;55.53;71.92;73.88;60.28;47.3;83
8391;7.3;30.3;30.3;30.3;32.9;56.35;64.55;52.68;30.3;53
8392;7.0;4.8;4.8;4.8;4.8;4.8;4.8;4.8;4.8;8
8393;7.0;0.0;0.0;0.0;0.0;0.0;0.0;0.0;0.0;0
8394;6.1;0.0;0.0;0.0;0.0;0.0;0.0;0.0;0.0;0
8395;5.8;0.0;0.0;0.0;0.0;0.0;0.0;0.0;0.0;0
8396;5.8;0.0;0.0;0.0;0.0;0.0;0.0;0.0;0.0;0
8397;5.4;0.0;0.0;0.0;0.0;0.0;0.0;0.0;0.0;0
8398;5.4;0.0;0.0;0.0;0.0;0.0;0.0;0.0;0.0;0
8399;5.3;0.0;0.0;0.0;0.0;0.0;0.0;0.0;0.0;0
8400;5.1;0.0;0.0;0.0;0.0;0.0;0.0;0.0;0.0;0
8401;5.0;0.0;0.0;0.0;0.0;0.0;0.0;0.0;0.0;0
8402;4.8;0.0;0.0;0.0;0.0;0.0;0.0;0.0;0.0;0
8403;4.8;0.0;0.0;0.0;0.0;0.0;0.0;0.0;0.0;0
8404;4.6;0.0;0.0;0.0;0.0;0.0;0.0;0.0;0.0;0
8405;4.4;0.0;0.0;0.0;0.0;0.0;0.0;0.0;0.0;0
8406;4.0;0.0;0.0;0.0;0.0;0.0;0.0;0.0;0.0;0
8407;4.3;0.0;0.0;0.0;0.0;0.0;0.0;0.0;0.0;0
8408;4.2;0.0;0.0;0.0;0.0;0.0;0.0;0.0;0.0;0
8409;4.6;0.0;0.0;0.0;0.0;0.0;0.0;0.0;0.0;0
8410;4.0;8.4;8.4;8.4;8.4;8.4;8.4;8.4;8.4;14
8411;5.3;48.4;48.4;64.73;105.78;113.22;82.69;48.4;48.4;94
8412;6.3;64.6;64.6;64.6;319.8;425.5;319.8;64.6;64.6;186
8413;6.6;69.4;69.4;69.4;322.28;547.42;492.55;189.8;69.4;214
8414;7.0;66.4;66.4;66.4;231.58;560.2;599.56;326.6;66.4;194
8415;6.4;52.9;52.9;52.9;106.2;585.6;752.95;510.23;52.9;139
8416;4.9;28.1;28.1;28.1;28.1;28.1;28.1;28.1;28.1;61
8417;2.7;1.8;1.8;1.8;1.8;1.8;1.8;1.8;1.8;3
8418;1.3;0.0;0.0;0.0;0.0;0.0;0.0;0.0;0.0;0
8419;0.3;0.0;0.0;0.0;0.0;0.0;0.0;0.0;0.0;0
8420;0.9;0.0;0.0;0.0;0.0;0.0;0.0;0.0;0.0;0
8421;0.9;0.0;0.0;0.0;0.0;0.0;0.0;0.0;0.0;0
8422;-0.4;0.0;0.0;0.0;0.0;0.0;0.0;0.0;0.0;0
8423;-1.1;0.0;0.0;0.0;0.0;0.0;0.0;0.0;0.0;0
8424;-1.2;0.0;0.0;0.0;0.0;0.0;0.0;0.0;0.0;0
8425;-0.6;0.0;0.0;0.0;0.0;0.0;0.0;0.0;0.0;0
8426;-0.9;0.0;0.0;0.0;0.0;0.0;0.0;0.0;0.0;0
8427;-1.3;0.0;0.0;0.0;0.0;0.0;0.0;0.0;0.0;0
8428;-2.0;0.0;0.0;0.0;0.0;0.0;0.0;0.0;0.0;0
8429;-2.4;0.0;0.0;0.0;0.0;0.0;0.0;0.0;0.0;0
8430;-1.4;0.0;0.0;0.0;0.0;0.0;0.0;0.0;0.0;0
8431;-0.2;0.0;0.0;0.0;0.0;0.0;0.0;0.0;0.0;0
8432;-0.1;0.0;0.0;0.0;0.0;0.0;0.0;0.0;0.0;0
8433;-1.2;0.0;0.0;0.0;0.0;0.0;0.0;0.0;0.0;0
8434;1.0;22.0;22.0;63.71;107.49;101.18;48.5;22.0;22.0;50
8435;2.5;48.1;48.1;110.43;267.21;295.64;179.06;48.1;48.1;131
8436;4.0;62.4;62.4;62.4;356.08;477.72;356.08;62.4;62.4;194
8437;4.8;66.7;66.7;66.7;352.25;606.42;544.44;202.6;66.7;222
8438;5.6;64.3;64.3;64.3;254.74;633.44;678.74;364.11;64.3;203
8439;5.8;52.7;52.7;52.7;109.85;622.75;801.72;541.93;52.7;142
8440;4.5;28.2;28.2;28.2;28.2;28.2;28.2;28.2;28.2;72
8441;2.4;3.6;3.6;3.6;3.6;3.6;3.6;3.6;3.6;6
8442;1.5;0.0;0.0;0.0;0.0;0.0;0.0;0.0;0.0;0
8443;1.1;0.0;0.0;0.0;0.0;0.0;0.0;0.0;0.0;0
8444;2.7;0.0;0.0;0.0;0.0;0.0;0.0;0.0;0.0;0
8445;2.8;0.0;0.0;0.0;0.0;0.0;0.0;0.0;0.0;0
8446;2.2;0.0;0.0;0.0;0.0;0.0;0.0;0.0;0.0;0
8447;1.4;0.0;0.0;0.0;0.0;0.0;0.0;0.0;0.0;0
8448;0.7;0.0;0.0;0.0;0.0;0.0;0.0;0.0;0.0;0
8449;0.3;0.0;0.0;0.0;0.0;0.0;0.0;0.0;0.0;0
8450;0.4;0.0;0.0;0.0;0.0;0.0;0.0;0.0;0.0;0
8451;-0.2;0.0;0.0;0.0;0.0;0.0;0.0;0.0;0.0;0
8452;-0.4;0.0;0.0;0.0;0.0;0.0;0.0;0.0;0.0;0
8453;-0.1;0.0;0.0;0.0;0.0;0.0;0.0;0.0;0.0;0
8454;-0.5;0.0;0.0;0.0;0.0;0.0;0.0;0.0;0.0;0
8455;0.6;0.0;0.0;0.0;0.0;0.0;0.0;0.0;0.0;0
8456;1.6;0.0;0.0;0.0;0.0;0.0;0.0;0.0;0.0;0
8457;1.9;0.0;0.0;0.0;0.0;0.0;0.0;0.0;0.0;0
8458;2.4;3.6;3.6;3.6;3.6;3.6;3.6;3.6;3.6;6
8459;2.7;10.2;10.2;10.2;10.2;10.2;10.2;10.2;10.2;17
8460;2.7;15.0;15.0;15.0;15.0;15.0;15.0;15.0;15.0;25
8461;3.8;30.8;30.8;30.8;35.1;38.93;37.99;32.85;30.8;53
8462;4.8;35.1;35.1;35.1;40.08;49.97;51.15;42.93;35.1;61
8463;5.6;33.3;33.3;33.3;35.95;59.69;67.97;55.94;33.3;58
8464;5.5;0.0;0.0;0.0;0.0;0.0;0.0;0.0;0.0;0
8465;5.7;0.0;0.0;0.0;0.0;0.0;0.0;0.0;0.0;0
8466;5.6;0.0;0.0;0.0;0.0;0.0;0.0;0.0;0.0;0
8467;5.4;0.0;0.0;0.0;0.0;0.0;0.0;0.0;0.0;0
8468;5.4;0.0;0.0;0.0;0.0;0.0;0.0;0.0;0.0;0
8469;5.3;0.0;0.0;0.0;0.0;0.0;0.0;0.0;0.0;0
8470;5.4;0.0;0.0;0.0;0.0;0.0;0.0;0.0;0.0;0
8471;5.5;0.0;0.0;0.0;0.0;0.0;0.0;0.0;0.0;0
8472;5.5;0.0;0.0;0.0;0.0;0.0;0.0;0.0;0.0;0
8473;5.6;0.0;0.0;0.0;0.0;0.0;0.0;0.0;0.0;0
8474;4.7;0.0;0.0;0.0;0.0;0.0;0.0;0.0;0.0;0
8475;5.0;0.0;0.0;0.0;0.0;0.0;0.0;0.0;0.0;0
8476;5.0;0.0;0.0;0.0;0.0;0.0;0.0;0.0;0.0;0
8477;5.3;0.0;0.0;0.0;0.0;0.0;0.0;0.0;0.0;0
8478;5.3;0.0;0.0;0.0;0.0;0.0;0.0;0.0;0.0;0
8479;5.5;0.0;0.0;0.0;0.0;0.0;0.0;0.0;0.0;0
8480;5.8;0.0;0.0;0.0;0.0;0.0;0.0;0.0;0.0;0
8481;5.9;0.0;0.0;0.0;0.0;0.0;0.0;0.0;0.0;0
8482;6.3;0.0;0.0;0.0;0.0;0.0;0.0;0.0;0.0;0
8483;7.2;8.4;8.4;8.4;8.4;8.4;8.4;8.4;8.4;14
8484;7.9;22.9;22.9;22.9;25.62;26.75;25.62;22.9;22.9;39
8485;8.3;13.2;13.2;13.2;13.2;13.2;13.2;13.2;13.2;22
8486;8.8;13.2;13.2;13.2;13.2;13.2;13.2;13.2;13.2;22
8487;8.8;4.8;4.8;4.8;4.8;4.8;4.8;4.8;4.8;8
8488;9.2;0.0;0.0;0.0;0.0;0.0;0.0;0.0;0.0;0
8489;9.3;0.0;0.0;0.0;0.0;0.0;0.0;0.0;0.0;0
8490;9.2;0.0;0.0;0.0;0.0;0.0;0.0;0.0;0.0;0
8491;10.0;0.0;0.0;0.0;0.0;0.0;0.0;0.0;0.0;0
8492;10.4;0.0;0.0;0.0;0.0;0.0;0.0;0.0;0.0;0
8493;9.1;0.0;0.0;0.0;0.0;0.0;0.0;0.0;0.0;0
8494;9.7;0.0;0.0;0.0;0.0;0.0;0.0;0.0;0.0;0
8495;9.0;0.0;0.0;0.0;0.0;0.0;0.0;0.0;0.0;0
8496;7.9;0.0;0.0;0.0;0.0;0.0;0.0;0.0;0.0;0
8497;7.5;0.0;0.0;0.0;0.0;0.0;0.0;0.0;0.0;0
8498;7.2;0.0;0.0;0.0;0.0;0.0;0.0;0.0;0.0;0
8499;6.6;0.0;0.0;0.0;0.0;0.0;0.0;0.0;0.0;0
8500;4.5;0.0;0.0;0.0;0.0;0.0;0.0;0.0;0.0;0
8501;4.9;0.0;0.0;0.0;0.0;0.0;0.0;0.0;0.0;0
8502;5.0;0.0;0.0;0.0;0.0;0.0;0.0;0.0;0.0;0
8503;4.8;0.0;0.0;0.0;0.0;0.0;0.0;0.0;0.0;0
8504;4.6;0.0;0.0;0.0;0.0;0.0;0.0;0.0;0.0;0
8505;4.3;0.0;0.0;0.0;0.0;0.0;0.0;0.0;0.0;0
8506;5.8;3.6;3.6;3.6;3.6;3.6;3.6;3.6;3.6;6
8507;7.0;27.2;27.2;29.25;34.4;35.33;31.5;27.2;27.2;47
8508;8.1;63.2;63.2;63.2;101.34;117.14;101.34;63.2;63.2;117
8509;7.7;44.8;44.8;44.8;53.41;61.06;59.2;48.89;44.8;78
8510;7.9;22.9;22.9;22.9;24.56;27.86;28.26;25.51;22.9;39
8511;8.2;24.2;24.2;24.2;25.97;41.83;47.36;39.32;24.2;42
8512;7.9;17.6;17.6;17.6;17.6;17.6;17.6;17.6;17.6;31
8513;7.6;1.8;1.8;1.8;1.8;1.8;1.8;1.8;1.8;3
8514;7.0;0.0;0.0;0.0;0.0;0.0;0.0;0.0;0.0;0
8515;6.6;0.0;0.0;0.0;0.0;0.0;0.0;0.0;0.0;0
8516;5.7;0.0;0.0;0.0;0.0;0.0;0.0;0.0;0.0;0
8517;3.5;0.0;0.0;0.0;0.0;0.0;0.0;0.0;0.0;0
8518;3.3;0.0;0.0;0.0;0.0;0.0;0.0;0.0;0.0;0
8519;3.5;0.0;0.0;0.0;0.0;0.0;0.0;0.0;0.0;0
8520;1.5;0.0;0.0;0.0;0.0;0.0;0.0;0.0;0.0;0
8521;0.9;0.0;0.0;0.0;0.0;0.0;0.0;0.0;0.0;0
8522;1.7;0.0;0.0;0.0;0.0;0.0;0.0;0.0;0.0;0
8523;2.2;0.0;0.0;0.0;0.0;0.0;0.0;0.0;0.0;0
8524;1.7;0.0;0.0;0.0;0.0;0.0;0.0;0.0;0.0;0
8525;2.4;0.0;0.0;0.0;0.0;0.0;0.0;0.0;0.0;0
8526;1.5;0.0;0.0;0.0;0.0;0.0;0.0;0.0;0.0;0
8527;1.0;0.0;0.0;0.0;0.0;0.0;0.0;0.0;0.0;0
8528;0.3;0.0;0.0;0.0;0.0;0.0;0.0;0.0;0.0;0
8529;0.5;0.0;0.0;0.0;0.0;0.0;0.0;0.0;0.0;0
8530;2.4;17.6;17.6;22.82;28.31;27.52;20.92;17.6;17.6;31
8531;3.1;48.6;48.6;85.43;178.11;194.93;126.02;48.6;48.6;111
8532;2.7;66.6;66.6;66.6;213.66;274.57;213.66;66.6;66.6;156
8533;1.4;71.9;71.9;71.9;263.3;433.65;392.09;162.96;71.9;194
8534;1.4;63.4;63.4;63.4;80.0;112.99;116.93;89.52;63.4;114
8535;1.1;52.5;52.5;52.5;65.77;184.57;226.01;165.81;52.5;100
8536;1.3;27.8;27.8;27.8;27.8;27.8;27.8;27.8;27.8;53
8537;0.4;1.8;1.8;1.8;1.8;1.8;1.8;1.8;1.8;3
8538;0.6;0.0;0.0;0.0;0.0;0.0;0.0;0.0;0.0;0
8539;-0.1;0.0;0.0;0.0;0.0;0.0;0.0;0.0;0.0;0
8540;0.3;0.0;0.0;0.0;0.0;0.0;0.0;0.0;0.0;0
8541;0.8;0.0;0.0;0.0;0.0;0.0;0.0;0.0;0.0;0
8542;0.7;0.0;0.0;0.0;0.0;0.0;0.0;0.0;0.0;0
8543;0.0;0.0;0.0;0.0;0.0;0.0;0.0;0.0;0.0;0
8544;0.7;0.0;0.0;0.0;0.0;0.0;0.0;0.0;0.0;0
8545;-0.5;0.0;0.0;0.0;0.0;0.0;0.0;0.0;0.0;0
8546;0.5;0.0;0.0;0.0;0.0;0.0;0.0;0.0;0.0;0
8547;0.8;0.0;0.0;0.0;0.0;0.0;0.0;0.0;0.0;0
8548;0.5;0.0;0.0;0.0;0.0;0.0;0.0;0.0;0.0;0
8549;0.2;0.0;0.0;0.0;0.0;0.0;0.0;0.0;0.0;0
8550;0.8;0.0;0.0;0.0;0.0;0.0;0.0;0.0;0.0;0
8551;1.2;0.0;0.0;0.0;0.0;0.0;0.0;0.0;0.0;0
8552;1.3;0.0;0.0;0.0;0.0;0.0;0.0;0.0;0.0;0
8553;1.3;0.0;0.0;0.0;0.0;0.0;0.0;0.0;0.0;0
8554;1.2;0.0;0.0;0.0;0.0;0.0;0.0;0.0;0.0;0
8555;0.6;6.6;6.6;6.6;6.6;6.6;6.6;6.6;6.6;11
8556;0.6;13.2;13.2;13.2;13.2;13.2;13.2;13.2;13.2;22
8557;0.7;15.0;15.0;15.0;15.0;15.0;15.0;15.0;15.0;25
8558;1.0;13.2;13.2;13.2;13.2;13.2;13.2;13.2;13.2;22
8559;1.4;10.2;10.2;10.2;10.2;10.2;10.2;10.2;10.2;17
8560;1.6;3.6;3.6;3.6;3.6;3.6;3.6;3.6;3.6;6
8561;1.8;0.0;0.0;0.0;0.0;0.0;0.0;0.0;0.0;0
8562;2.0;0.0;0.0;0.0;0.0;0.0;0.0;0.0;0.0;0
8563;2.2;0.0;0.0;0.0;0.0;0.0;0.0;0.0;0.0;0
8564;2.2;0.0;0.0;0.0;0.0;0.0;0.0;0.0;0.0;0
8565;2.3;0.0;0.0;0.0;0.0;0.0;0.0;0.0;0.0;0
8566;2.3;0.0;0.0;0.0;0.0;0.0;0.0;0.0;0.0;0
8567;2.3;0.0;0.0;0.0;0.0;0.0;0.0;0.0;0.0;0
8568;2.5;0.0;0.0;0.0;0.0;0.0;0.0;0.0;0.0;0
8569;2.2;0.0;0.0;0.0;0.0;0.0;0.0;0.0;0.0;0
8570;2.2;0.0;0.0;0.0;0.0;0.0;0.0;0.0;0.0;0
8571;2.1;0.0;0.0;0.0;0.0;0.0;0.0;0.0;0.0;0
8572;2.2;0.0;0.0;0.0;0.0;0.0;0.0;0.0;0.0;0
8573;2.3;0.0;0.0;0.0;0.0;0.0;0.0;0.0;0.0;0
8574;2.5;0.0;0.0;0.0;0.0;0.0;0.0;0.0;0.0;0
8575;2.4;0.0;0.0;0.0;0.0;0.0;0.0;0.0;0.0;0
8576;2.4;0.0;0.0;0.0;0.0;0.0;0.0;0.0;0.0;0
8577;2.6;0.0;0.0;0.0;0.0;0.0;0.0;0.0;0.0;0
8578;2.9;4.8;4.8;4.8;4.8;4.8;4.8;4.8;4.8;8
8579;3.2;10.2;10.2;10.2;10.2;10.2;10.2;10.2;10.2;17
8580;3.7;15.0;15.0;15.0;15.0;15.0;15.0;15.0;15.0;25
8581;3.9;11.4;11.4;11.4;11.4;11.4;11.4;11.4;11.4;19
8582;4.3;6.6;6.6;6.6;6.6;6.6;6.6;6.6;6.6;11
8583;4.6;10.2;10.2;10.2;10.2;10.2;10.2;10.2;10.2;17
8584;4.9;4.8;4.8;4.8;4.8;4.8;4.8;4.8;4.8;8
8585;5.1;0.0;0.0;0.0;0.0;0.0;0.0;0.0;0.0;0
8586;5.3;0.0;0.0;0.0;0.0;0.0;0.0;0.0;0.0;0
8587;5.3;0.0;0.0;0.0;0.0;0.0;0.0;0.0;0.0;0
8588;5.6;0.0;0.0;0.0;0.0;0.0;0.0;0.0;0.0;0
8589;5.8;0.0;0.0;0.0;0.0;0.0;0.0;0.0;0.0;0
8590;5.9;0.0;0.0;0.0;0.0;0.0;0.0;0.0;0.0;0
8591;6.0;0.0;0.0;0.0;0.0;0.0;0.0;0.0;0.0;0
8592;6.1;0.0;0.0;0.0;0.0;0.0;0.0;0.0;0.0;0
8593;6.1;0.0;0.0;0.0;0.0;0.0;0.0;0.0;0.0;0
8594;6.5;0.0;0.0;0.0;0.0;0.0;0.0;0.0;0.0;0
8595;6.7;0.0;0.0;0.0;0.0;0.0;0.0;0.0;0.0;0
8596;6.9;0.0;0.0;0.0;0.0;0.0;0.0;0.0;0.0;0
8597;7.1;0.0;0.0;0.0;0.0;0.0;0.0;0.0;0.0;0
8598;7.2;0.0;0.0;0.0;0.0;0.0;0.0;0.0;0.0;0
8599;7.5;0.0;0.0;0.0;0.0;0.0;0.0;0.0;0.0;0
8600;7.6;0.0;0.0;0.0;0.0;0.0;0.0;0.0;0.0;0
8601;7.9;0.0;0.0;0.0;0.0;0.0;0.0;0.0;0.0;0
8602;8.1;1.8;1.8;1.8;1.8;1.8;1.8;1.8;1.8;3
8603;8.4;8.4;8.4;8.4;8.4;8.4;8.4;8.4;8.4;14
8604;8.5;10.2;10.2;10.2;10.2;10.2;10.2;10.2;10.2;17
8605;8.8;18.1;18.1;18.1;20.24;22.15;21.68;19.12;18.1;31
8606;9.1;33.3;33.3;33.3;38.25;48.09;49.27;41.1;33.3;58
8607;9.1;24.2;24.2;24.2;25.94;41.62;47.09;39.16;24.2;42
8608;9.1;9.7;9.7;9.7;9.7;9.7;9.7;9.7;9.7;17
8609;9.0;0.0;0.0;0.0;0.0;0.0;0.0;0.0;0.0;0
8610;8.8;0.0;0.0;0.0;0.0;0.0;0.0;0.0;0.0;0
8611;8.9;0.0;0.0;0.0;0.0;0.0;0.0;0.0;0.0;0
8612;9.0;0.0;0.0;0.0;0.0;0.0;0.0;0.0;0.0;0
8613;9.0;0.0;0.0;0.0;0.0;0.0;0.0;0.0;0.0;0
8614;8.9;0.0;0.0;0.0;0.0;0.0;0.0;0.0;0.0;0
8615;8.9;0.0;0.0;0.0;0.0;0.0;0.0;0.0;0.0;0
8616;8.9;0.0;0.0;0.0;0.0;0.0;0.0;0.0;0.0;0
8617;8.8;0.0;0.0;0.0;0.0;0.0;0.0;0.0;0.0;0
8618;8.9;0.0;0.0;0.0;0.0;0.0;0.0;0.0;0.0;0
8619;8.8;0.0;0.0;0.0;0.0;0.0;0.0;0.0;0.0;0
8620;8.6;0.0;0.0;0.0;0.0;0.0;0.0;0.0;0.0;0
8621;8.4;0.0;0.0;0.0;0.0;0.0;0.0;0.0;0.0;0
8622;8.0;0.0;0.0;0.0;0.0;0.0;0.0;0.0;0.0;0
8623;7.9;0.0;0.0;0.0;0.0;0.0;0.0;0.0;0.0;0
8624;7.6;0.0;0.0;0.0;0.0;0.0;0.0;0.0;0.0;0
8625;7.3;0.0;0.0;0.0;0.0;0.0;0.0;0.0;0.0;0
8626;7.0;1.8;1.8;1.8;1.8;1.8;1.8;1.8;1.8;3
8627;7.0;6.6;6.6;6.6;6.6;6.6;6.6;6.6;6.6;11
8628;7.1;15.0;15.0;15.0;15.0;15.0;15.0;15.0;15.0;25
8629;7.1;21.1;21.1;21.1;23.23;25.14;24.67;22.12;21.1;36
8630;7.1;18.1;18.1;18.1;19.74;23.02;23.41;20.69;18.1;31
8631;7.0;14.5;14.5;14.5;15.36;23.16;25.88;21.94;14.5;25
8632;6.9;6.6;6.6;6.6;6.6;6.6;6.6;6.6;6.6;11
8633;6.5;0.0;0.0;0.0;0.0;0.0;0.0;0.0;0.0;0
8634;6.1;0.0;0.0;0.0;0.0;0.0;0.0;0.0;0.0;0
8635;6.2;0.0;0.0;0.0;0.0;0.0;0.0;0.0;0.0;0
8636;6.4;0.0;0.0;0.0;0.0;0.0;0.0;0.0;0.0;0
8637;7.0;0.0;0.0;0.0;0.0;0.0;0.0;0.0;0.0;0
8638;7.5;0.0;0.0;0.0;0.0;0.0;0.0;0.0;0.0;0
8639;7.8;0.0;0.0;0.0;0.0;0.0;0.0;0.0;0.0;0
8640;8.7;0.0;0.0;0.0;0.0;0.0;0.0;0.0;0.0;0
8641;9.0;0.0;0.0;0.0;0.0;0.0;0.0;0.0;0.0;0
8642;8.7;0.0;0.0;0.0;0.0;0.0;0.0;0.0;0.0;0
8643;8.9;0.0;0.0;0.0;0.0;0.0;0.0;0.0;0.0;0
8644;8.5;0.0;0.0;0.0;0.0;0.0;0.0;0.0;0.0;0
8645;8.4;0.0;0.0;0.0;0.0;0.0;0.0;0.0;0.0;0
8646;8.2;0.0;0.0;0.0;0.0;0.0;0.0;0.0;0.0;0
8647;8.0;0.0;0.0;0.0;0.0;0.0;0.0;0.0;0.0;0
8648;7.4;0.0;0.0;0.0;0.0;0.0;0.0;0.0;0.0;0
8649;6.8;0.0;0.0;0.0;0.0;0.0;0.0;0.0;0.0;0
8650;6.5;7.9;7.9;10.48;13.19;12.8;9.54;7.9;7.9;14
8651;7.0;48.3;48.3;81.78;165.88;181.1;118.53;48.3;48.3;108
8652;7.5;62.9;62.9;62.9;335.41;448.28;335.41;62.9;62.9;189
8653;7.0;73.8;73.8;73.8;227.02;363.54;330.34;146.86;73.8;183
8654;7.7;67.2;67.2;67.2;234.04;566.61;606.64;330.67;67.2;197
8655;7.1;54.1;54.1;54.1;70.3;217.35;268.77;194.44;54.1;106
8656;7.1;23.7;23.7;23.7;23.7;23.7;23.7;23.7;23.7;42
8657;6.5;1.8;1.8;1.8;1.8;1.8;1.8;1.8;1.8;3
8658;5.7;0.0;0.0;0.0;0.0;0.0;0.0;0.0;0.0;0
8659;5.7;0.0;0.0;0.0;0.0;0.0;0.0;0.0;0.0;0
8660;5.4;0.0;0.0;0.0;0.0;0.0;0.0;0.0;0.0;0
8661;5.4;0.0;0.0;0.0;0.0;0.0;0.0;0.0;0.0;0
8662;5.4;0.0;0.0;0.0;0.0;0.0;0.0;0.0;0.0;0
8663;5.3;0.0;0.0;0.0;0.0;0.0;0.0;0.0;0.0;0
8664;5.7;0.0;0.0;0.0;0.0;0.0;0.0;0.0;0.0;0
8665;5.6;0.0;0.0;0.0;0.0;0.0;0.0;0.0;0.0;0
8666;5.3;0.0;0.0;0.0;0.0;0.0;0.0;0.0;0.0;0
8667;5.3;0.0;0.0;0.0;0.0;0.0;0.0;0.0;0.0;0
8668;5.4;0.0;0.0;0.0;0.0;0.0;0.0;0.0;0.0;0
8669;5.6;0.0;0.0;0.0;0.0;0.0;0.0;0.0;0.0;0
8670;6.3;0.0;0.0;0.0;0.0;0.0;0.0;0.0;0.0;0
8671;7.6;0.0;0.0;0.0;0.0;0.0;0.0;0.0;0.0;0
8672;8.3;0.0;0.0;0.0;0.0;0.0;0.0;0.0;0.0;0
8673;8.4;0.0;0.0;0.0;0.0;0.0;0.0;0.0;0.0;0
8674;8.7;0.0;0.0;0.0;0.0;0.0;0.0;0.0;0.0;0
8675;7.7;1.8;1.8;1.8;1.8;1.8;1.8;1.8;1.8;3
8676;3.4;4.8;4.8;4.8;4.8;4.8;4.8;4.8;4.8;8
8677;3.4;19.3;19.3;19.3;21.42;23.31;22.85;20.31;19.3;33
8678;4.0;13.2;13.2;13.2;13.2;13.2;13.2;13.2;13.2;22
8679;4.6;13.2;13.2;13.2;13.2;13.2;13.2;13.2;13.2;22
8680;4.3;12.7;12.7;12.7;12.7;12.7;12.7;12.7;12.7;22
8681;3.6;1.8;1.8;1.8;1.8;1.8;1.8;1.8;1.8;3
8682;5.1;0.0;0.0;0.0;0.0;0.0;0.0;0.0;0.0;0
8683;4.6;0.0;0.0;0.0;0.0;0.0;0.0;0.0;0.0;0
8684;4.3;0.0;0.0;0.0;0.0;0.0;0.0;0.0;0.0;0
8685;5.0;0.0;0.0;0.0;0.0;0.0;0.0;0.0;0.0;0
8686;4.8;0.0;0.0;0.0;0.0;0.0;0.0;0.0;0.0;0
8687;4.7;0.0;0.0;0.0;0.0;0.0;0.0;0.0;0.0;0
8688;4.3;0.0;0.0;0.0;0.0;0.0;0.0;0.0;0.0;0
8689;4.5;0.0;0.0;0.0;0.0;0.0;0.0;0.0;0.0;0
8690;4.7;0.0;0.0;0.0;0.0;0.0;0.0;0.0;0.0;0
8691;4.4;0.0;0.0;0.0;0.0;0.0;0.0;0.0;0.0;0
8692;5.0;0.0;0.0;0.0;0.0;0.0;0.0;0.0;0.0;0
8693;4.8;0.0;0.0;0.0;0.0;0.0;0.0;0.0;0.0;0
8694;4.8;0.0;0.0;0.0;0.0;0.0;0.0;0.0;0.0;0
8695;4.9;0.0;0.0;0.0;0.0;0.0;0.0;0.0;0.0;0
8696;5.0;0.0;0.0;0.0;0.0;0.0;0.0;0.0;0.0;0
8697;4.8;0.0;0.0;0.0;0.0;0.0;0.0;0.0;0.0;0
8698;3.9;6.6;6.6;6.6;6.6;6.6;6.6;6.6;6.6;11
8699;4.0;42.0;42.0;48.05;63.22;65.96;54.67;42.0;42.0;75
8700;5.6;66.4;66.4;66.4;157.48;195.21;157.48;66.4;66.4;139
8701;4.6;62.1;62.1;62.1;81.1;98.04;93.93;71.17;62.1;111
8702;4.6;46.1;46.1;46.1;54.19;70.34;72.3;58.91;46.1;81
8703;4.1;27.2;27.2;27.2;28.86;44.07;49.4;41.72;27.2;47
8704;3.7;10.9;10.9;10.9;10.9;10.9;10.9;10.9;10.9;19
8705;3.2;0.0;0.0;0.0;0.0;0.0;0.0;0.0;0.0;0
8706;3.2;0.0;0.0;0.0;0.0;0.0;0.0;0.0;0.0;0
8707;3.3;0.0;0.0;0.0;0.0;0.0;0.0;0.0;0.0;0
8708;3.0;0.0;0.0;0.0;0.0;0.0;0.0;0.0;0.0;0
8709;3.1;0.0;0.0;0.0;0.0;0.0;0.0;0.0;0.0;0
8710;3.1;0.0;0.0;0.0;0.0;0.0;0.0;0.0;0.0;0
8711;3.4;0.0;0.0;0.0;0.0;0.0;0.0;0.0;0.0;0
8712;2.9;0.0;0.0;0.0;0.0;0.0;0.0;0.0;0.0;0
8713;1.4;0.0;0.0;0.0;0.0;0.0;0.0;0.0;0.0;0
8714;1.3;0.0;0.0;0.0;0.0;0.0;0.0;0.0;0.0;0
8715;1.3;0.0;0.0;0.0;0.0;0.0;0.0;0.0;0.0;0
8716;1.3;0.0;0.0;0.0;0.0;0.0;0.0;0.0;0.0;0
8717;1.1;0.0;0.0;0.0;0.0;0.0;0.0;0.0;0.0;0
8718;0.8;0.0;0.0;0.0;0.0;0.0;0.0;0.0;0.0;0
8719;0.8;0.0;0.0;0.0;0.0;0.0;0.0;0.0;0.0;0
8720;0.9;0.0;0.0;0.0;0.0;0.0;0.0;0.0;0.0;0
8721;1.3;0.0;0.0;0.0;0.0;0.0;0.0;0.0;0.0;0
8722;1.9;12.7;12.7;15.25;17.91;17.52;14.31;12.7;12.7;22
8723;2.7;43.3;43.3;50.33;67.95;71.13;58.01;43.3;43.3;78
8724;3.3;54.7;54.7;54.7;73.37;81.11;73.37;54.7;54.7;97
8725;4.1;72.4;72.4;72.4;118.62;159.86;149.87;94.5;72.4;139
8726;4.5;32.6;32.6;32.6;35.81;42.24;43.02;37.7;32.6;56
8727;5.0;35.1;35.1;35.1;37.55;60.13;68.05;56.67;35.1;61
8728;5.1;10.2;10.2;10.2;10.2;10.2;10.2;10.2;10.2;17
8729;4.6;0.0;0.0;0.0;0.0;0.0;0.0;0.0;0.0;0
8730;4.2;0.0;0.0;0.0;0.0;0.0;0.0;0.0;0.0;0
8731;4.0;0.0;0.0;0.0;0.0;0.0;0.0;0.0;0.0;0
8732;3.7;0.0;0.0;0.0;0.0;0.0;0.0;0.0;0.0;0
8733;3.3;0.0;0.0;0.0;0.0;0.0;0.0;0.0;0.0;0
8734;3.2;0.0;0.0;0.0;0.0;0.0;0.0;0.0;0.0;0
8735;2.9;0.0;0.0;0.0;0.0;0.0;0.0;0.0;0.0;0
8736;2.4;0.0;0.0;0.0;0.0;0.0;0.0;0.0;0.0;0
8737;1.9;0.0;0.0;0.0;0.0;0.0;0.0;0.0;0.0;0
8738;1.6;0.0;0.0;0.0;0.0;0.0;0.0;0.0;0.0;0
8739;1.4;0.0;0.0;0.0;0.0;0.0;0.0;0.0;0.0;0
8740;1.5;0.0;0.0;0.0;0.0;0.0;0.0;0.0;0.0;0
8741;1.2;0.0;0.0;0.0;0.0;0.0;0.0;0.0;0.0;0
8742;1.1;0.0;0.0;0.0;0.0;0.0;0.0;0.0;0.0;0
8743;0.8;0.0;0.0;0.0;0.0;0.0;0.0;0.0;0.0;0
8744;0.9;0.0;0.0;0.0;0.0;0.0;0.0;0.0;0.0;0
8745;0.6;0.0;0.0;0.0;0.0;0.0;0.0;0.0;0.0;0
8746;0.9;3.6;3.6;3.6;3.6;3.6;3.6;3.6;3.6;6
8747;1.3;18.1;18.1;19.1;21.6;22.06;20.19;18.1;18.1;31
8748;1.2;27.2;27.2;27.2;32.51;34.71;32.51;27.2;27.2;47
8749;1.1;29.0;29.0;29.0;33.18;36.91;36.01;31.0;29.0;50
8750;1.4;21.1;21.1;21.1;22.69;25.89;26.28;23.63;21.1;36
8751;1.1;18.1;18.1;18.1;18.9;26.34;28.96;25.21;18.1;31
8752;1.3;6.6;6.6;6.6;6.6;6.6;6.6;6.6;6.6;11
8753;1.3;1.8;1.8;1.8;1.8;1.8;1.8;1.8;1.8;3
8754;0.9;0.0;0.0;0.0;0.0;0.0;0.0;0.0;0.0;0
8755;0.8;0.0;0.0;0.0;0.0;0.0;0.0;0.0;0.0;0
8756;0.5;0.0;0.0;0.0;0.0;0.0;0.0;0.0;0.0;0
8757;0.8;0.0;0.0;0.0;0.0;0.0;0.0;0.0;0.0;0
8758;1.1;0.0;0.0;0.0;0.0;0.0;0.0;0.0;0.0;0
8759;1.1;0.0;0.0;0.0;0.0;0.0;0.0;0.0;0.0;0
8760;1.1;0.0;0.0;0.0;0.0;0.0;0.0;0.0;0.0;0
