Hour,Grid_kVA
1,59.381553333333336
2,59.381553333333336
3,59.381553333333336
4,59.381553333333336
5,59.381553333333336
6,59.381553333333336
7,59.381553333333336
8,59.381553333333336
9,40.63003333333333
10,40.63003333333333
11,40.63003333333333
12,40.63003333333333
13,42.169533333333334
14,34.60203333333333
15,34.60203333333333
16,34.60203333333333
17,34.60203333333333
18,49.73703333333333
19,48.83303333333333
20,39.79103333333333
21,39.79103333333333
22,39.79103333333333
23,39.79103333333333
24,54.86103333333333
25,59.381553333333336
26,59.381553333333336
27,59.381553333333336
28,59.381553333333336
29,59.381553333333336
30,59.381553333333336
31,59.381553333333336
32,59.381553333333336
33,40.63003333333333
34,40.63003333333333
35,40.63003333333333
36,40.63003333333333
37,42.169533333333334
38,34.60203333333333
39,34.60203333333333
40,34.60203333333333
41,34.60203333333333
42,49.73703333333333
43,48.83303333333333
44,39.79103333333333
45,39.79103333333333
46,39.79103333333333
47,39.79103333333333
48,54.86103333333333
49,59.381553333333336
50,59.381553333333336
51,59.381553333333336
52,59.381553333333336
53,59.381553333333336
54,59.381553333333336
55,59.381553333333336
56,59.381553333333336
57,40.63003333333333
58,40.63003333333333
59,40.63003333333333
60,40.63003333333333
61,42.169533333333334
62,34.60203333333333
63,34.60203333333333
64,26.976033333333334
65,26.976033333333334
66,42.11103333333333
67,42.11103333333333
68,27.506033333333335
69,27.506033333333335
70,27.506033333333335
71,27.506033333333335
72,48.13903333333333
73,59.381553333333336
74,59.381553333333336
75,59.381553333333336
76,59.381553333333336
77,59.381553333333336
78,59.381553333333336
79,59.381553333333336
80,59.381553333333336
81,40.63003333333333
82,40.63003333333333
83,40.63003333333333
84,40.63003333333333
85,42.169533333333334
86,34.60203333333333
87,34.60203333333333
88,33.69803333333333
89,33.69803333333333
90,48.83303333333333
91,48.83303333333333
92,39.79103333333333
93,39.79103333333333
94,39.79103333333333
95,39.79103333333333
96,54.86103333333333
97,56.66955333333333
98,56.66955333333333
99,59.381553333333336
100,59.381553333333336
101,59.381553333333336
102,59.381553333333336
103,59.381553333333336
104,59.381553333333336
105,42.43803333333334
106,42.43803333333334
107,40.63003333333333
108,40.63003333333333
109,42.169533333333334
110,34.60203333333333
111,34.60203333333333
112,29.688033333333333
113,29.688033333333333
114,42.11103333333333
115,42.11103333333333
116,25.698033333333335
117,25.698033333333335
118,27.506033333333335
119,27.506033333333335
120,49.94703333333333
121,56.66955333333333
122,56.66955333333333
123,59.381553333333336
124,59.381553333333336
125,59.381553333333336
126,59.381553333333336
127,59.381553333333336
128,59.381553333333336
129,57.573033333333335
130,57.573033333333335
131,55.765033333333335
132,55.765033333333335
133,49.73703333333333
134,49.73703333333333
135,49.73703333333333
136,44.82303333333333
137,44.82303333333333
138,42.11103333333333
139,42.11103333333333
140,25.698033333333335
141,25.698033333333335
142,27.506033333333335
143,27.506033333333335
144,49.94703333333333
145,56.66955333333333
146,54.86155333333333
147,59.381553333333336
148,59.381553333333336
149,59.381553333333336
150,59.381553333333336
151,59.381553333333336
152,59.381553333333336
153,57.573033333333335
154,57.573033333333335
155,55.765033333333335
156,55.765033333333335
157,49.73703333333333
158,49.73703333333333
159,49.73703333333333
160,44.82303333333333
161,44.82303333333333
162,42.11103333333333
163,42.11103333333333
164,25.698033333333335
165,25.698033333333335
166,27.506033333333335
167,27.506033333333335
168,49.94703333333333
169,59.381553333333336
170,59.381553333333336
171,59.381553333333336
172,59.381553333333336
173,59.381553333333336
174,59.381553333333336
175,59.381553333333336
176,59.381553333333336
177,40.63003333333333
178,40.63003333333333
179,40.63003333333333
180,40.63003333333333
181,42.169533333333334
182,34.60203333333333
183,34.60203333333333
184,34.60203333333333
185,34.60203333333333
186,49.73703333333333
187,48.83303333333333
188,39.79103333333333
189,39.79103333333333
190,39.79103333333333
191,39.79103333333333
192,54.86103333333333
193,59.381553333333336
194,59.381553333333336
195,59.381553333333336
196,59.381553333333336
197,59.381553333333336
198,59.381553333333336
199,59.381553333333336
200,59.381553333333336
201,40.63003333333333
202,40.63003333333333
203,40.63003333333333
204,40.63003333333333
205,42.169533333333334
206,34.60203333333333
207,34.60203333333333
208,34.60203333333333
209,34.60203333333333
210,49.73703333333333
211,48.83303333333333
212,39.79103333333333
213,39.79103333333333
214,39.79103333333333
215,39.79103333333333
216,54.86103333333333
217,59.381553333333336
218,59.381553333333336
219,59.381553333333336
220,59.381553333333336
221,59.381553333333336
222,59.381553333333336
223,59.381553333333336
224,59.381553333333336
225,40.63003333333333
226,40.63003333333333
227,40.63003333333333
228,40.63003333333333
229,42.169533333333334
230,34.60203333333333
231,34.60203333333333
232,26.976033333333334
233,26.976033333333334
234,42.11103333333333
235,42.11103333333333
236,27.506033333333335
237,27.506033333333335
238,27.506033333333335
239,27.506033333333335
240,48.13903333333333
241,59.381553333333336
242,59.381553333333336
243,59.381553333333336
244,59.381553333333336
245,59.381553333333336
246,59.381553333333336
247,59.381553333333336
248,59.381553333333336
249,40.63003333333333
250,40.63003333333333
251,40.63003333333333
252,40.63003333333333
253,42.169533333333334
254,34.60203333333333
255,34.60203333333333
256,33.69803333333333
257,33.69803333333333
258,48.83303333333333
259,48.83303333333333
260,39.79103333333333
261,39.79103333333333
262,39.79103333333333
263,39.79103333333333
264,54.86103333333333
265,56.66955333333333
266,56.66955333333333
267,59.381553333333336
268,59.381553333333336
269,59.381553333333336
270,59.381553333333336
271,59.381553333333336
272,59.381553333333336
273,42.43803333333334
274,42.43803333333334
275,40.63003333333333
276,40.63003333333333
277,42.169533333333334
278,34.60203333333333
279,34.60203333333333
280,29.688033333333333
281,29.688033333333333
282,42.11103333333333
283,42.11103333333333
284,25.698033333333335
285,25.698033333333335
286,27.506033333333335
287,27.506033333333335
288,49.94703333333333
289,56.66955333333333
290,56.66955333333333
291,59.381553333333336
292,59.381553333333336
293,59.381553333333336
294,59.381553333333336
295,59.381553333333336
296,59.381553333333336
297,57.573033333333335
298,57.573033333333335
299,55.765033333333335
300,55.765033333333335
301,49.73703333333333
302,49.73703333333333
303,49.73703333333333
304,44.82303333333333
305,44.82303333333333
306,42.11103333333333
307,42.11103333333333
308,25.698033333333335
309,25.698033333333335
310,27.506033333333335
311,27.506033333333335
312,49.94703333333333
313,56.66955333333333
314,54.86155333333333
315,59.381553333333336
316,59.381553333333336
317,59.381553333333336
318,59.381553333333336
319,59.381553333333336
320,59.381553333333336
321,57.573033333333335
322,57.573033333333335
323,55.765033333333335
324,55.765033333333335
325,49.73703333333333
326,49.73703333333333
327,49.73703333333333
328,44.82303333333333
329,44.82303333333333
330,42.11103333333333
331,42.11103333333333
332,25.698033333333335
333,25.698033333333335
334,27.506033333333335
335,27.506033333333335
336,49.94703333333333
337,59.381553333333336
338,59.381553333333336
339,59.381553333333336
340,59.381553333333336
341,59.381553333333336
342,59.381553333333336
343,59.381553333333336
344,59.381553333333336
345,40.63003333333333
346,40.63003333333333
347,40.63003333333333
348,40.63003333333333
349,42.169533333333334
350,34.60203333333333
351,34.60203333333333
352,34.60203333333333
353,34.60203333333333
354,49.73703333333333
355,48.83303333333333
356,39.79103333333333
357,39.79103333333333
358,39.79103333333333
359,39.79103333333333
360,54.86103333333333
361,59.381553333333336
362,59.381553333333336
363,59.381553333333336
364,59.381553333333336
365,59.381553333333336
366,59.381553333333336
367,59.381553333333336
368,59.381553333333336
369,40.63003333333333
370,40.63003333333333
371,40.63003333333333
372,40.63003333333333
373,42.169533333333334
374,34.60203333333333
375,34.60203333333333
376,34.60203333333333
377,34.60203333333333
378,49.73703333333333
379,48.83303333333333
380,39.79103333333333
381,39.79103333333333
382,39.79103333333333
383,39.79103333333333
384,54.86103333333333
385,59.381553333333336
386,59.381553333333336
387,59.381553333333336
388,59.381553333333336
389,59.381553333333336
390,59.381553333333336
391,59.381553333333336
392,59.381553333333336
393,40.63003333333333
394,40.63003333333333
395,40.63003333333333
396,40.63003333333333
397,42.169533333333334
398,34.60203333333333
399,34.60203333333333
400,26.976033333333334
401,26.976033333333334
402,42.11103333333333
403,42.11103333333333
404,27.506033333333335
405,27.506033333333335
406,27.506033333333335
407,27.506033333333335
408,48.13903333333333
409,59.381553333333336
410,59.381553333333336
411,59.381553333333336
412,59.381553333333336
413,59.381553333333336
414,59.381553333333336
415,59.381553333333336
416,59.381553333333336
417,40.63003333333333
418,40.63003333333333
419,40.63003333333333
420,40.63003333333333
421,42.169533333333334
422,34.60203333333333
423,34.60203333333333
424,33.69803333333333
425,33.69803333333333
426,48.83303333333333
427,48.83303333333333
428,39.79103333333333
429,39.79103333333333
430,39.79103333333333
431,39.79103333333333
432,54.86103333333333
433,56.66955333333333
434,56.66955333333333
435,59.381553333333336
436,59.381553333333336
437,59.381553333333336
438,59.381553333333336
439,59.381553333333336
440,59.381553333333336
441,42.43803333333334
442,42.43803333333334
443,40.63003333333333
444,40.63003333333333
445,42.169533333333334
446,34.60203333333333
447,34.60203333333333
448,29.688033333333333
449,29.688033333333333
450,42.11103333333333
451,42.11103333333333
452,25.698033333333335
453,25.698033333333335
454,27.506033333333335
455,27.506033333333335
456,49.94703333333333
457,56.66955333333333
458,56.66955333333333
459,59.381553333333336
460,59.381553333333336
461,59.381553333333336
462,59.381553333333336
463,59.381553333333336
464,59.381553333333336
465,57.573033333333335
466,57.573033333333335
467,55.765033333333335
468,55.765033333333335
469,49.73703333333333
470,49.73703333333333
471,49.73703333333333
472,44.82303333333333
473,44.82303333333333
474,42.11103333333333
475,42.11103333333333
476,25.698033333333335
477,25.698033333333335
478,27.506033333333335
479,27.506033333333335
480,49.94703333333333
481,56.66955333333333
482,54.86155333333333
483,59.381553333333336
484,59.381553333333336
485,59.381553333333336
486,59.381553333333336
487,59.381553333333336
488,59.381553333333336
489,57.573033333333335
490,57.573033333333335
491,55.765033333333335
492,55.765033333333335
493,49.73703333333333
494,49.73703333333333
495,49.73703333333333
496,44.82303333333333
497,44.82303333333333
498,42.11103333333333
499,42.11103333333333
500,25.698033333333335
501,25.698033333333335
502,27.506033333333335
503,27.506033333333335
504,49.94703333333333
505,59.381553333333336
506,59.381553333333336
507,59.381553333333336
508,59.381553333333336
509,59.381553333333336
510,59.381553333333336
511,59.381553333333336
512,59.381553333333336
513,40.63003333333333
514,40.63003333333333
515,40.63003333333333
516,40.63003333333333
517,42.169533333333334
518,34.60203333333333
519,34.60203333333333
520,34.60203333333333
521,34.60203333333333
522,49.73703333333333
523,48.83303333333333
524,39.79103333333333
525,39.79103333333333
526,39.79103333333333
527,39.79103333333333
528,54.86103333333333
529,59.381553333333336
530,59.381553333333336
531,59.381553333333336
532,59.381553333333336
533,59.381553333333336
534,59.381553333333336
535,59.381553333333336
536,59.381553333333336
537,40.63003333333333
538,40.63003333333333
539,40.63003333333333
540,40.63003333333333
541,42.169533333333334
542,34.60203333333333
543,34.60203333333333
544,34.60203333333333
545,34.60203333333333
546,49.73703333333333
547,48.83303333333333
548,39.79103333333333
549,39.79103333333333
550,39.79103333333333
551,39.79103333333333
552,54.86103333333333
553,59.381553333333336
554,59.381553333333336
555,59.381553333333336
556,59.381553333333336
557,59.381553333333336
558,59.381553333333336
559,59.381553333333336
560,59.381553333333336
561,40.63003333333333
562,40.63003333333333
563,40.63003333333333
564,40.63003333333333
565,42.169533333333334
566,34.60203333333333
567,34.60203333333333
568,26.976033333333334
569,26.976033333333334
570,42.11103333333333
571,42.11103333333333
572,27.506033333333335
573,27.506033333333335
574,27.506033333333335
575,27.506033333333335
576,48.13903333333333
577,59.381553333333336
578,59.381553333333336
579,59.381553333333336
580,59.381553333333336
581,59.381553333333336
582,59.381553333333336
583,59.381553333333336
584,59.381553333333336
585,40.63003333333333
586,40.63003333333333
587,40.63003333333333
588,40.63003333333333
589,42.169533333333334
590,34.60203333333333
591,34.60203333333333
592,33.69803333333333
593,33.69803333333333
594,48.83303333333333
595,48.83303333333333
596,39.79103333333333
597,39.79103333333333
598,39.79103333333333
599,39.79103333333333
600,54.86103333333333
601,56.66955333333333
602,56.66955333333333
603,59.381553333333336
604,59.381553333333336
605,59.381553333333336
606,59.381553333333336
607,59.381553333333336
608,59.381553333333336
609,42.43803333333334
610,42.43803333333334
611,40.63003333333333
612,40.63003333333333
613,42.169533333333334
614,34.60203333333333
615,34.60203333333333
616,29.688033333333333
617,29.688033333333333
618,42.11103333333333
619,42.11103333333333
620,25.698033333333335
621,25.698033333333335
622,27.506033333333335
623,27.506033333333335
624,49.94703333333333
625,56.66955333333333
626,56.66955333333333
627,59.381553333333336
628,59.381553333333336
629,59.381553333333336
630,59.381553333333336
631,59.381553333333336
632,59.381553333333336
633,57.573033333333335
634,57.573033333333335
635,55.765033333333335
636,55.765033333333335
637,49.73703333333333
638,49.73703333333333
639,49.73703333333333
640,44.82303333333333
641,44.82303333333333
642,42.11103333333333
643,42.11103333333333
644,25.698033333333335
645,25.698033333333335
646,27.506033333333335
647,27.506033333333335
648,49.94703333333333
649,56.66955333333333
650,54.86155333333333
651,59.381553333333336
652,59.381553333333336
653,59.381553333333336
654,59.381553333333336
655,59.381553333333336
656,59.381553333333336
657,57.573033333333335
658,57.573033333333335
659,55.765033333333335
660,55.765033333333335
661,49.73703333333333
662,49.73703333333333
663,49.73703333333333
664,44.82303333333333
665,44.82303333333333
666,42.11103333333333
667,42.11103333333333
668,25.698033333333335
669,25.698033333333335
670,27.506033333333335
671,27.506033333333335
672,49.94703333333333
673,59.381553333333336
674,59.381553333333336
675,59.381553333333336
676,59.381553333333336
677,59.381553333333336
678,59.381553333333336
679,59.381553333333336
680,59.381553333333336
681,40.63003333333333
682,40.63003333333333
683,40.63003333333333
684,40.63003333333333
685,42.169533333333334
686,34.60203333333333
687,34.60203333333333
688,34.60203333333333
689,34.60203333333333
690,49.73703333333333
691,48.83303333333333
692,39.79103333333333
693,39.79103333333333
694,39.79103333333333
695,39.79103333333333
696,54.86103333333333
697,59.381553333333336
698,59.381553333333336
699,59.381553333333336
700,59.381553333333336
701,59.381553333333336
702,59.381553333333336
703,59.381553333333336
704,59.381553333333336
705,40.63003333333333
706,40.63003333333333
707,40.63003333333333
708,40.63003333333333
709,42.169533333333334
710,34.60203333333333
711,34.60203333333333
712,34.60203333333333
713,34.60203333333333
714,49.73703333333333
715,48.83303333333333
716,39.79103333333333
717,39.79103333333333
718,39.79103333333333
719,39.79103333333333
720,54.86103333333333
721,59.381553333333336
722,59.381553333333336
723,59.381553333333336
724,59.381553333333336
725,59.381553333333336
726,59.381553333333336
727,59.381553333333336
728,59.381553333333336
729,40.63003333333333
730,40.63003333333333
731,40.63003333333333
732,40.63003333333333
733,42.169533333333334
734,34.60203333333333
735,34.60203333333333
736,26.976033333333334
737,26.976033333333334
738,42.11103333333333
739,42.11103333333333
740,27.506033333333335
741,27.506033333333335
742,27.506033333333335
743,27.506033333333335
744,48.13903333333333
745,59.381553333333336
746,59.381553333333336
747,59.381553333333336
748,59.381553333333336
749,59.381553333333336
750,59.381553333333336
751,59.381553333333336
752,59.381553333333336
753,40.63003333333333
754,40.63003333333333
755,40.63003333333333
756,40.63003333333333
757,42.169533333333334
758,34.60203333333333
759,34.60203333333333
760,33.69803333333333
761,33.69803333333333
762,48.83303333333333
763,48.83303333333333
764,39.79103333333333
765,39.79103333333333
766,39.79103333333333
767,39.79103333333333
768,54.86103333333333
769,56.66955333333333
770,56.66955333333333
771,59.381553333333336
772,59.381553333333336
773,59.381553333333336
774,59.381553333333336
775,59.381553333333336
776,59.381553333333336
777,42.43803333333334
778,42.43803333333334
779,40.63003333333333
780,40.63003333333333
781,42.169533333333334
782,34.60203333333333
783,34.60203333333333
784,29.688033333333333
785,29.688033333333333
786,42.11103333333333
787,42.11103333333333
788,25.698033333333335
789,25.698033333333335
790,27.506033333333335
791,27.506033333333335
792,49.94703333333333
793,56.66955333333333
794,56.66955333333333
795,59.381553333333336
796,59.381553333333336
797,59.381553333333336
798,59.381553333333336
799,59.381553333333336
800,59.381553333333336
801,57.573033333333335
802,57.573033333333335
803,55.765033333333335
804,55.765033333333335
805,49.73703333333333
806,49.73703333333333
807,49.73703333333333
808,44.82303333333333
809,44.82303333333333
810,42.11103333333333
811,42.11103333333333
812,25.698033333333335
813,25.698033333333335
814,27.506033333333335
815,27.506033333333335
816,49.94703333333333
817,56.66955333333333
818,54.86155333333333
819,59.381553333333336
820,59.381553333333336
821,59.381553333333336
822,59.381553333333336
823,59.381553333333336
824,59.381553333333336
825,57.573033333333335
826,57.573033333333335
827,55.765033333333335
828,55.765033333333335
829,49.73703333333333
830,49.73703333333333
831,49.73703333333333
832,44.82303333333333
833,44.82303333333333
834,42.11103333333333
835,42.11103333333333
836,25.698033333333335
837,25.698033333333335
838,27.506033333333335
839,27.506033333333335
840,49.94703333333333
841,59.381553333333336
842,59.381553333333336
843,59.381553333333336
844,59.381553333333336
845,59.381553333333336
846,59.381553333333336
847,59.381553333333336
848,59.381553333333336
849,40.63003333333333
850,40.63003333333333
851,40.63003333333333
852,40.63003333333333
853,42.169533333333334
854,34.60203333333333
855,34.60203333333333
856,34.60203333333333
857,34.60203333333333
858,49.73703333333333
859,48.83303333333333
860,39.79103333333333
861,39.79103333333333
862,39.79103333333333
863,39.79103333333333
864,54.86103333333333
865,59.381553333333336
866,59.381553333333336
867,59.381553333333336
868,59.381553333333336
869,59.381553333333336
870,59.381553333333336
871,59.381553333333336
872,59.381553333333336
873,40.63003333333333
874,40.63003333333333
875,40.63003333333333
876,40.63003333333333
877,42.169533333333334
878,34.60203333333333
879,34.60203333333333
880,34.60203333333333
881,34.60203333333333
882,49.73703333333333
883,48.83303333333333
884,39.79103333333333
885,39.79103333333333
886,39.79103333333333
887,39.79103333333333
888,54.86103333333333
889,59.381553333333336
890,59.381553333333336
891,59.381553333333336
892,59.381553333333336
893,59.381553333333336
894,59.381553333333336
895,59.381553333333336
896,59.381553333333336
897,40.63003333333333
898,40.63003333333333
899,40.63003333333333
900,40.63003333333333
901,42.169533333333334
902,34.60203333333333
903,34.60203333333333
904,26.976033333333334
905,26.976033333333334
906,42.11103333333333
907,42.11103333333333
908,27.506033333333335
909,27.506033333333335
910,27.506033333333335
911,27.506033333333335
912,48.13903333333333
913,59.381553333333336
914,59.381553333333336
915,59.381553333333336
916,59.381553333333336
917,59.381553333333336
918,59.381553333333336
919,59.381553333333336
920,59.381553333333336
921,40.63003333333333
922,40.63003333333333
923,40.63003333333333
924,40.63003333333333
925,42.169533333333334
926,34.60203333333333
927,34.60203333333333
928,33.69803333333333
929,33.69803333333333
930,48.83303333333333
931,48.83303333333333
932,39.79103333333333
933,39.79103333333333
934,39.79103333333333
935,39.79103333333333
936,54.86103333333333
937,56.66955333333333
938,56.66955333333333
939,59.381553333333336
940,59.381553333333336
941,59.381553333333336
942,59.381553333333336
943,59.381553333333336
944,59.381553333333336
945,42.43803333333334
946,42.43803333333334
947,40.63003333333333
948,40.63003333333333
949,42.169533333333334
950,34.60203333333333
951,34.60203333333333
952,29.688033333333333
953,29.688033333333333
954,42.11103333333333
955,42.11103333333333
956,25.698033333333335
957,25.698033333333335
958,27.506033333333335
959,27.506033333333335
960,49.94703333333333
961,56.66955333333333
962,56.66955333333333
963,59.381553333333336
964,59.381553333333336
965,59.381553333333336
966,59.381553333333336
967,59.381553333333336
968,59.381553333333336
969,57.573033333333335
970,57.573033333333335
971,55.765033333333335
972,55.765033333333335
973,49.73703333333333
974,49.73703333333333
975,49.73703333333333
976,44.82303333333333
977,44.82303333333333
978,42.11103333333333
979,42.11103333333333
980,25.698033333333335
981,25.698033333333335
982,27.506033333333335
983,27.506033333333335
984,49.94703333333333
985,56.66955333333333
986,54.86155333333333
987,59.381553333333336
988,59.381553333333336
989,59.381553333333336
990,59.381553333333336
991,59.381553333333336
992,59.381553333333336
993,57.573033333333335
994,57.573033333333335
995,55.765033333333335
996,55.765033333333335
997,49.73703333333333
998,49.73703333333333
999,49.73703333333333
1000,44.82303333333333
1001,44.82303333333333
1002,42.11103333333333
1003,42.11103333333333
1004,25.698033333333335
1005,25.698033333333335
1006,27.506033333333335
1007,27.506033333333335
1008,49.94703333333333
1009,59.381553333333336
1010,59.381553333333336
1011,59.381553333333336
1012,59.381553333333336
1013,59.381553333333336
1014,59.381553333333336
1015,59.381553333333336
1016,59.381553333333336
1017,40.63003333333333
1018,40.63003333333333
1019,40.63003333333333
1020,40.63003333333333
1021,42.169533333333334
1022,34.60203333333333
1023,34.60203333333333
1024,34.60203333333333
1025,34.60203333333333
1026,49.73703333333333
1027,48.83303333333333
1028,39.79103333333333
1029,39.79103333333333
1030,39.79103333333333
1031,39.79103333333333
1032,54.86103333333333
1033,59.381553333333336
1034,59.381553333333336
1035,59.381553333333336
1036,59.381553333333336
1037,59.381553333333336
1038,59.381553333333336
1039,59.381553333333336
1040,59.381553333333336
1041,40.63003333333333
1042,40.63003333333333
1043,40.63003333333333
1044,40.63003333333333
1045,42.169533333333334
1046,34.60203333333333
1047,34.60203333333333
1048,34.60203333333333
1049,34.60203333333333
1050,49.73703333333333
1051,48.83303333333333
1052,39.79103333333333
1053,39.79103333333333
1054,39.79103333333333
1055,39.79103333333333
1056,54.86103333333333
1057,59.381553333333336
1058,59.381553333333336
1059,59.381553333333336
1060,59.381553333333336
1061,59.381553333333336
1062,59.381553333333336
1063,59.381553333333336
1064,59.381553333333336
1065,40.63003333333333
1066,40.63003333333333
1067,40.63003333333333
1068,40.63003333333333
1069,42.169533333333334
1070,34.60203333333333
1071,34.60203333333333
1072,26.976033333333334
1073,26.976033333333334
1074,42.11103333333333
1075,42.11103333333333
1076,27.506033333333335
1077,27.506033333333335
1078,27.506033333333335
1079,27.506033333333335
1080,48.13903333333333
1081,59.381553333333336
1082,59.381553333333336
1083,59.381553333333336
1084,59.381553333333336
1085,59.381553333333336
1086,59.381553333333336
1087,59.381553333333336
1088,59.381553333333336
1089,40.63003333333333
1090,40.63003333333333
1091,40.63003333333333
1092,40.63003333333333
1093,42.169533333333334
1094,34.60203333333333
1095,34.60203333333333
1096,33.69803333333333
1097,33.69803333333333
1098,48.83303333333333
1099,48.83303333333333
1100,39.79103333333333
1101,39.79103333333333
1102,39.79103333333333
1103,39.79103333333333
1104,54.86103333333333
1105,56.66955333333333
1106,56.66955333333333
1107,59.381553333333336
1108,59.381553333333336
1109,59.381553333333336
1110,59.381553333333336
1111,59.381553333333336
1112,59.381553333333336
1113,42.43803333333334
1114,42.43803333333334
1115,40.63003333333333
1116,40.63003333333333
1117,42.169533333333334
1118,34.60203333333333
1119,34.60203333333333
1120,29.688033333333333
1121,29.688033333333333
1122,42.11103333333333
1123,42.11103333333333
1124,25.698033333333335
1125,25.698033333333335
1126,27.506033333333335
1127,27.506033333333335
1128,49.94703333333333
1129,56.66955333333333
1130,56.66955333333333
1131,59.381553333333336
1132,59.381553333333336
1133,59.381553333333336
1134,59.381553333333336
1135,59.381553333333336
1136,59.381553333333336
1137,57.573033333333335
1138,57.573033333333335
1139,55.765033333333335
1140,55.765033333333335
1141,49.73703333333333
1142,49.73703333333333
1143,49.73703333333333
1144,44.82303333333333
1145,44.82303333333333
1146,42.11103333333333
1147,42.11103333333333
1148,25.698033333333335
1149,25.698033333333335
1150,27.506033333333335
1151,27.506033333333335
1152,49.94703333333333
1153,56.66955333333333
1154,54.86155333333333
1155,59.381553333333336
1156,59.381553333333336
1157,59.381553333333336
1158,59.381553333333336
1159,59.381553333333336
1160,59.381553333333336
1161,57.573033333333335
1162,57.573033333333335
1163,55.765033333333335
1164,55.765033333333335
1165,49.73703333333333
1166,49.73703333333333
1167,49.73703333333333
1168,44.82303333333333
1169,44.82303333333333
1170,42.11103333333333
1171,42.11103333333333
1172,25.698033333333335
1173,25.698033333333335
1174,27.506033333333335
1175,27.506033333333335
1176,49.94703333333333
1177,59.381553333333336
1178,59.381553333333336
1179,59.381553333333336
1180,59.381553333333336
1181,59.381553333333336
1182,59.381553333333336
1183,59.381553333333336
1184,59.381553333333336
1185,40.63003333333333
1186,40.63003333333333
1187,40.63003333333333
1188,40.63003333333333
1189,42.169533333333334
1190,34.60203333333333
1191,34.60203333333333
1192,34.60203333333333
1193,34.60203333333333
1194,49.73703333333333
1195,48.83303333333333
1196,39.79103333333333
1197,39.79103333333333
1198,39.79103333333333
1199,39.79103333333333
1200,54.86103333333333
1201,59.381553333333336
1202,59.381553333333336
1203,59.381553333333336
1204,59.381553333333336
1205,59.381553333333336
1206,59.381553333333336
1207,59.381553333333336
1208,59.381553333333336
1209,40.63003333333333
1210,40.63003333333333
1211,40.63003333333333
1212,40.63003333333333
1213,42.169533333333334
1214,34.60203333333333
1215,34.60203333333333
1216,34.60203333333333
1217,34.60203333333333
1218,49.73703333333333
1219,48.83303333333333
1220,39.79103333333333
1221,39.79103333333333
1222,39.79103333333333
1223,39.79103333333333
1224,54.86103333333333
1225,59.381553333333336
1226,59.381553333333336
1227,59.381553333333336
1228,59.381553333333336
1229,59.381553333333336
1230,59.381553333333336
1231,59.381553333333336
1232,59.381553333333336
1233,40.63003333333333
1234,40.63003333333333
1235,40.63003333333333
1236,40.63003333333333
1237,42.169533333333334
1238,34.60203333333333
1239,34.60203333333333
1240,26.976033333333334
1241,26.976033333333334
1242,42.11103333333333
1243,42.11103333333333
1244,27.506033333333335
1245,27.506033333333335
1246,27.506033333333335
1247,27.506033333333335
1248,48.13903333333333
1249,59.381553333333336
1250,59.381553333333336
1251,59.381553333333336
1252,59.381553333333336
1253,59.381553333333336
1254,59.381553333333336
1255,59.381553333333336
1256,59.381553333333336
1257,40.63003333333333
1258,40.63003333333333
1259,40.63003333333333
1260,40.63003333333333
1261,42.169533333333334
1262,34.60203333333333
1263,34.60203333333333
1264,33.69803333333333
1265,33.69803333333333
1266,48.83303333333333
1267,48.83303333333333
1268,39.79103333333333
1269,39.79103333333333
1270,39.79103333333333
1271,39.79103333333333
1272,54.86103333333333
1273,56.66955333333333
1274,56.66955333333333
1275,59.381553333333336
1276,59.381553333333336
1277,59.381553333333336
1278,59.381553333333336
1279,59.381553333333336
1280,59.381553333333336
1281,42.43803333333334
1282,42.43803333333334
1283,40.63003333333333
1284,40.63003333333333
1285,42.169533333333334
1286,34.60203333333333
1287,34.60203333333333
1288,29.688033333333333
1289,29.688033333333333
1290,42.11103333333333
1291,42.11103333333333
1292,25.698033333333335
1293,25.698033333333335
1294,27.506033333333335
1295,27.506033333333335
1296,49.94703333333333
1297,56.66955333333333
1298,56.66955333333333
1299,59.381553333333336
1300,59.381553333333336
1301,59.381553333333336
1302,59.381553333333336
1303,59.381553333333336
1304,59.381553333333336
1305,57.573033333333335
1306,57.573033333333335
1307,55.765033333333335
1308,55.765033333333335
1309,49.73703333333333
1310,49.73703333333333
1311,49.73703333333333
1312,44.82303333333333
1313,44.82303333333333
1314,42.11103333333333
1315,42.11103333333333
1316,25.698033333333335
1317,25.698033333333335
1318,27.506033333333335
1319,27.506033333333335
1320,49.94703333333333
1321,56.66955333333333
1322,54.86155333333333
1323,59.381553333333336
1324,59.381553333333336
1325,59.381553333333336
1326,59.381553333333336
1327,59.381553333333336
1328,59.381553333333336
1329,57.573033333333335
1330,57.573033333333335
1331,55.765033333333335
1332,55.765033333333335
1333,49.73703333333333
1334,49.73703333333333
1335,49.73703333333333
1336,44.82303333333333
1337,44.82303333333333
1338,42.11103333333333
1339,42.11103333333333
1340,25.698033333333335
1341,25.698033333333335
1342,27.506033333333335
1343,27.506033333333335
1344,49.94703333333333
1345,59.381553333333336
1346,59.381553333333336
1347,59.381553333333336
1348,59.381553333333336
1349,59.381553333333336
1350,59.381553333333336
1351,59.381553333333336
1352,59.381553333333336
1353,40.63003333333333
1354,40.63003333333333
1355,40.63003333333333
1356,40.63003333333333
1357,42.169533333333334
1358,34.60203333333333
1359,34.60203333333333
1360,34.60203333333333
1361,34.60203333333333
1362,49.73703333333333
1363,48.83303333333333
1364,39.79103333333333
1365,39.79103333333333
1366,39.79103333333333
1367,39.79103333333333
1368,54.86103333333333
1369,59.381553333333336
1370,59.381553333333336
1371,59.381553333333336
1372,59.381553333333336
1373,59.381553333333336
1374,59.381553333333336
1375,59.381553333333336
1376,59.381553333333336
1377,40.63003333333333
1378,40.63003333333333
1379,40.63003333333333
1380,40.63003333333333
1381,42.169533333333334
1382,34.60203333333333
1383,34.60203333333333
1384,34.60203333333333
1385,34.60203333333333
1386,49.73703333333333
1387,48.83303333333333
1388,39.79103333333333
1389,39.79103333333333
1390,39.79103333333333
1391,39.79103333333333
1392,54.86103333333333
1393,59.381553333333336
1394,59.381553333333336
1395,59.381553333333336
1396,59.381553333333336
1397,59.381553333333336
1398,59.381553333333336
1399,59.381553333333336
1400,59.381553333333336
1401,40.63003333333333
1402,40.63003333333333
1403,40.63003333333333
1404,40.63003333333333
1405,42.169533333333334
1406,34.60203333333333
1407,34.60203333333333
1408,26.976033333333334
1409,26.976033333333334
1410,42.11103333333333
1411,42.11103333333333
1412,27.506033333333335
1413,27.506033333333335
1414,27.506033333333335
1415,27.506033333333335
1416,48.13903333333333
1417,59.381553333333336
1418,59.381553333333336
1419,59.381553333333336
1420,59.381553333333336
1421,59.381553333333336
1422,59.381553333333336
1423,59.381553333333336
1424,59.381553333333336
1425,40.63003333333333
1426,40.63003333333333
1427,40.63003333333333
1428,40.63003333333333
1429,42.169533333333334
1430,34.60203333333333
1431,34.60203333333333
1432,33.69803333333333
1433,33.69803333333333
1434,48.83303333333333
1435,48.83303333333333
1436,39.79103333333333
1437,39.79103333333333
1438,39.79103333333333
1439,39.79103333333333
1440,54.86103333333333
1441,56.66955333333333
1442,56.66955333333333
1443,59.381553333333336
1444,59.381553333333336
1445,59.381553333333336
1446,59.381553333333336
1447,59.381553333333336
1448,59.381553333333336
1449,42.43803333333334
1450,42.43803333333334
1451,40.63003333333333
1452,40.63003333333333
1453,42.169533333333334
1454,34.60203333333333
1455,34.60203333333333
1456,29.688033333333333
1457,29.688033333333333
1458,42.11103333333333
1459,42.11103333333333
1460,25.698033333333335
1461,25.698033333333335
1462,27.506033333333335
1463,27.506033333333335
1464,49.94703333333333
1465,56.66955333333333
1466,56.66955333333333
1467,59.381553333333336
1468,59.381553333333336
1469,59.381553333333336
1470,59.381553333333336
1471,59.381553333333336
1472,59.381553333333336
1473,57.573033333333335
1474,57.573033333333335
1475,55.765033333333335
1476,55.765033333333335
1477,49.73703333333333
1478,49.73703333333333
1479,49.73703333333333
1480,44.82303333333333
1481,44.82303333333333
1482,42.11103333333333
1483,42.11103333333333
1484,25.698033333333335
1485,25.698033333333335
1486,27.506033333333335
1487,27.506033333333335
1488,49.94703333333333
1489,56.66955333333333
1490,54.86155333333333
1491,59.381553333333336
1492,59.381553333333336
1493,59.381553333333336
1494,59.381553333333336
1495,59.381553333333336
1496,59.381553333333336
1497,57.573033333333335
1498,57.573033333333335
1499,55.765033333333335
1500,55.765033333333335
1501,49.73703333333333
1502,49.73703333333333
1503,49.73703333333333
1504,44.82303333333333
1505,44.82303333333333
1506,42.11103333333333
1507,42.11103333333333
1508,25.698033333333335
1509,25.698033333333335
1510,27.506033333333335
1511,27.506033333333335
1512,49.94703333333333
1513,59.381553333333336
1514,59.381553333333336
1515,59.381553333333336
1516,59.381553333333336
1517,59.381553333333336
1518,59.381553333333336
1519,59.381553333333336
1520,59.381553333333336
1521,40.63003333333333
1522,40.63003333333333
1523,40.63003333333333
1524,40.63003333333333
1525,42.169533333333334
1526,34.60203333333333
1527,34.60203333333333
1528,34.60203333333333
1529,34.60203333333333
1530,49.73703333333333
1531,48.83303333333333
1532,39.79103333333333
1533,39.79103333333333
1534,39.79103333333333
1535,39.79103333333333
1536,54.86103333333333
1537,59.381553333333336
1538,59.381553333333336
1539,59.381553333333336
1540,59.381553333333336
1541,59.381553333333336
1542,59.381553333333336
1543,59.381553333333336
1544,59.381553333333336
1545,40.63003333333333
1546,40.63003333333333
1547,40.63003333333333
1548,40.63003333333333
1549,42.169533333333334
1550,34.60203333333333
1551,34.60203333333333
1552,34.60203333333333
1553,34.60203333333333
1554,49.73703333333333
1555,48.83303333333333
1556,39.79103333333333
1557,39.79103333333333
1558,39.79103333333333
1559,39.79103333333333
1560,54.86103333333333
1561,59.381553333333336
1562,59.381553333333336
1563,59.381553333333336
1564,59.381553333333336
1565,59.381553333333336
1566,59.381553333333336
1567,59.381553333333336
1568,59.381553333333336
1569,40.63003333333333
1570,40.63003333333333
1571,40.63003333333333
1572,40.63003333333333
1573,42.169533333333334
1574,34.60203333333333
1575,34.60203333333333
1576,26.976033333333334
1577,26.976033333333334
1578,42.11103333333333
1579,42.11103333333333
1580,27.506033333333335
1581,27.506033333333335
1582,27.506033333333335
1583,27.506033333333335
1584,48.13903333333333
1585,59.381553333333336
1586,59.381553333333336
1587,59.381553333333336
1588,59.381553333333336
1589,59.381553333333336
1590,59.381553333333336
1591,59.381553333333336
1592,59.381553333333336
1593,40.63003333333333
1594,40.63003333333333
1595,40.63003333333333
1596,40.63003333333333
1597,42.169533333333334
1598,34.60203333333333
1599,34.60203333333333
1600,33.69803333333333
1601,33.69803333333333
1602,48.83303333333333
1603,48.83303333333333
1604,39.79103333333333
1605,39.79103333333333
1606,39.79103333333333
1607,39.79103333333333
1608,54.86103333333333
1609,56.66955333333333
1610,56.66955333333333
1611,59.381553333333336
1612,59.381553333333336
1613,59.381553333333336
1614,59.381553333333336
1615,59.381553333333336
1616,59.381553333333336
1617,42.43803333333334
1618,42.43803333333334
1619,40.63003333333333
1620,40.63003333333333
1621,42.169533333333334
1622,34.60203333333333
1623,34.60203333333333
1624,29.688033333333333
1625,29.688033333333333
1626,42.11103333333333
1627,42.11103333333333
1628,25.698033333333335
1629,25.698033333333335
1630,27.506033333333335
1631,27.506033333333335
1632,49.94703333333333
1633,56.66955333333333
1634,56.66955333333333
1635,59.381553333333336
1636,59.381553333333336
1637,59.381553333333336
1638,59.381553333333336
1639,59.381553333333336
1640,59.381553333333336
1641,57.573033333333335
1642,57.573033333333335
1643,55.765033333333335
1644,55.765033333333335
1645,49.73703333333333
1646,49.73703333333333
1647,49.73703333333333
1648,44.82303333333333
1649,44.82303333333333
1650,42.11103333333333
1651,42.11103333333333
1652,25.698033333333335
1653,25.698033333333335
1654,27.506033333333335
1655,27.506033333333335
1656,49.94703333333333
1657,56.66955333333333
1658,54.86155333333333
1659,59.381553333333336
1660,59.381553333333336
1661,59.381553333333336
1662,59.381553333333336
1663,59.381553333333336
1664,59.381553333333336
1665,57.573033333333335
1666,57.573033333333335
1667,55.765033333333335
1668,55.765033333333335
1669,49.73703333333333
1670,49.73703333333333
1671,49.73703333333333
1672,44.82303333333333
1673,44.82303333333333
1674,42.11103333333333
1675,42.11103333333333
1676,25.698033333333335
1677,25.698033333333335
1678,27.506033333333335
1679,27.506033333333335
1680,49.94703333333333
1681,59.381553333333336
1682,59.381553333333336
1683,59.381553333333336
1684,59.381553333333336
1685,59.381553333333336
1686,59.381553333333336
1687,59.381553333333336
1688,59.381553333333336
1689,40.63003333333333
1690,40.63003333333333
1691,40.63003333333333
1692,40.63003333333333
1693,42.169533333333334
1694,34.60203333333333
1695,34.60203333333333
1696,34.60203333333333
1697,34.60203333333333
1698,49.73703333333333
1699,48.83303333333333
1700,39.79103333333333
1701,39.79103333333333
1702,39.79103333333333
1703,39.79103333333333
1704,54.86103333333333
1705,59.381553333333336
1706,59.381553333333336
1707,59.381553333333336
1708,59.381553333333336
1709,59.381553333333336
1710,59.381553333333336
1711,59.381553333333336
1712,59.381553333333336
1713,40.63003333333333
1714,40.63003333333333
1715,40.63003333333333
1716,40.63003333333333
1717,42.169533333333334
1718,34.60203333333333
1719,34.60203333333333
1720,34.60203333333333
1721,34.60203333333333
1722,49.73703333333333
1723,48.83303333333333
1724,39.79103333333333
1725,39.79103333333333
1726,39.79103333333333
1727,39.79103333333333
1728,54.86103333333333
1729,59.381553333333336
1730,59.381553333333336
1731,59.381553333333336
1732,59.381553333333336
1733,59.381553333333336
1734,59.381553333333336
1735,59.381553333333336
1736,59.381553333333336
1737,40.63003333333333
1738,40.63003333333333
1739,40.63003333333333
1740,40.63003333333333
1741,42.169533333333334
1742,34.60203333333333
1743,34.60203333333333
1744,26.976033333333334
1745,26.976033333333334
1746,42.11103333333333
1747,42.11103333333333
1748,27.506033333333335
1749,27.506033333333335
1750,27.506033333333335
1751,27.506033333333335
1752,48.13903333333333
1753,59.381553333333336
1754,59.381553333333336
1755,59.381553333333336
1756,59.381553333333336
1757,59.381553333333336
1758,59.381553333333336
1759,59.381553333333336
1760,59.381553333333336
1761,40.63003333333333
1762,40.63003333333333
1763,40.63003333333333
1764,40.63003333333333
1765,42.169533333333334
1766,34.60203333333333
1767,34.60203333333333
1768,33.69803333333333
1769,33.69803333333333
1770,48.83303333333333
1771,48.83303333333333
1772,39.79103333333333
1773,39.79103333333333
1774,39.79103333333333
1775,39.79103333333333
1776,54.86103333333333
1777,56.66955333333333
1778,56.66955333333333
1779,59.381553333333336
1780,59.381553333333336
1781,59.381553333333336
1782,59.381553333333336
1783,59.381553333333336
1784,59.381553333333336
1785,42.43803333333334
1786,42.43803333333334
1787,40.63003333333333
1788,40.63003333333333
1789,42.169533333333334
1790,34.60203333333333
1791,34.60203333333333
1792,29.688033333333333
1793,29.688033333333333
1794,42.11103333333333
1795,42.11103333333333
1796,25.698033333333335
1797,25.698033333333335
1798,27.506033333333335
1799,27.506033333333335
1800,49.94703333333333
1801,56.66955333333333
1802,56.66955333333333
1803,59.381553333333336
1804,59.381553333333336
1805,59.381553333333336
1806,59.381553333333336
1807,59.381553333333336
1808,59.381553333333336
1809,57.573033333333335
1810,57.573033333333335
1811,55.765033333333335
1812,55.765033333333335
1813,49.73703333333333
1814,49.73703333333333
1815,49.73703333333333
1816,44.82303333333333
1817,44.82303333333333
1818,42.11103333333333
1819,42.11103333333333
1820,25.698033333333335
1821,25.698033333333335
1822,27.506033333333335
1823,27.506033333333335
1824,49.94703333333333
1825,56.66955333333333
1826,54.86155333333333
1827,59.381553333333336
1828,59.381553333333336
1829,59.381553333333336
1830,59.381553333333336
1831,59.381553333333336
1832,59.381553333333336
1833,57.573033333333335
1834,57.573033333333335
1835,55.765033333333335
1836,55.765033333333335
1837,49.73703333333333
1838,49.73703333333333
1839,49.73703333333333
1840,44.82303333333333
1841,44.82303333333333
1842,42.11103333333333
1843,42.11103333333333
1844,25.698033333333335
1845,25.698033333333335
1846,27.506033333333335
1847,27.506033333333335
1848,49.94703333333333
1849,59.381553333333336
1850,59.381553333333336
1851,59.381553333333336
1852,59.381553333333336
1853,59.381553333333336
1854,59.381553333333336
1855,59.381553333333336
1856,59.381553333333336
1857,40.63003333333333
1858,40.63003333333333
1859,40.63003333333333
1860,40.63003333333333
1861,42.169533333333334
1862,34.60203333333333
1863,34.60203333333333
1864,34.60203333333333
1865,34.60203333333333
1866,49.73703333333333
1867,48.83303333333333
1868,39.79103333333333
1869,39.79103333333333
1870,39.79103333333333
1871,39.79103333333333
1872,54.86103333333333
1873,59.381553333333336
1874,59.381553333333336
1875,59.381553333333336
1876,59.381553333333336
1877,59.381553333333336
1878,59.381553333333336
1879,59.381553333333336
1880,59.381553333333336
1881,40.63003333333333
1882,40.63003333333333
1883,40.63003333333333
1884,40.63003333333333
1885,42.169533333333334
1886,34.60203333333333
1887,34.60203333333333
1888,34.60203333333333
1889,34.60203333333333
1890,49.73703333333333
1891,48.83303333333333
1892,39.79103333333333
1893,39.79103333333333
1894,39.79103333333333
1895,39.79103333333333
1896,54.86103333333333
1897,59.381553333333336
1898,59.381553333333336
1899,59.381553333333336
1900,59.381553333333336
1901,59.381553333333336
1902,59.381553333333336
1903,59.381553333333336
1904,59.381553333333336
1905,40.63003333333333
1906,40.63003333333333
1907,40.63003333333333
1908,40.63003333333333
1909,42.169533333333334
1910,34.60203333333333
1911,34.60203333333333
1912,26.976033333333334
1913,26.976033333333334
1914,42.11103333333333
1915,42.11103333333333
1916,27.506033333333335
1917,27.506033333333335
1918,27.506033333333335
1919,27.506033333333335
1920,48.13903333333333
1921,59.381553333333336
1922,59.381553333333336
1923,59.381553333333336
1924,59.381553333333336
1925,59.381553333333336
1926,59.381553333333336
1927,59.381553333333336
1928,59.381553333333336
1929,40.63003333333333
1930,40.63003333333333
1931,40.63003333333333
1932,40.63003333333333
1933,42.169533333333334
1934,34.60203333333333
1935,34.60203333333333
1936,33.69803333333333
1937,33.69803333333333
1938,48.83303333333333
1939,48.83303333333333
1940,39.79103333333333
1941,39.79103333333333
1942,39.79103333333333
1943,39.79103333333333
1944,54.86103333333333
1945,56.66955333333333
1946,56.66955333333333
1947,59.381553333333336
1948,59.381553333333336
1949,59.381553333333336
1950,59.381553333333336
1951,59.381553333333336
1952,59.381553333333336
1953,42.43803333333334
1954,42.43803333333334
1955,40.63003333333333
1956,40.63003333333333
1957,42.169533333333334
1958,34.60203333333333
1959,34.60203333333333
1960,29.688033333333333
1961,29.688033333333333
1962,42.11103333333333
1963,42.11103333333333
1964,25.698033333333335
1965,25.698033333333335
1966,27.506033333333335
1967,27.506033333333335
1968,49.94703333333333
1969,56.66955333333333
1970,56.66955333333333
1971,59.381553333333336
1972,59.381553333333336
1973,59.381553333333336
1974,59.381553333333336
1975,59.381553333333336
1976,59.381553333333336
1977,57.573033333333335
1978,57.573033333333335
1979,55.765033333333335
1980,55.765033333333335
1981,49.73703333333333
1982,49.73703333333333
1983,49.73703333333333
1984,44.82303333333333
1985,44.82303333333333
1986,42.11103333333333
1987,42.11103333333333
1988,25.698033333333335
1989,25.698033333333335
1990,27.506033333333335
1991,27.506033333333335
1992,49.94703333333333
1993,56.66955333333333
1994,54.86155333333333
1995,59.381553333333336
1996,59.381553333333336
1997,59.381553333333336
1998,59.381553333333336
1999,59.381553333333336
2000,59.381553333333336
2001,57.573033333333335
2002,57.573033333333335
2003,55.765033333333335
2004,55.765033333333335
2005,49.73703333333333
2006,49.73703333333333
2007,49.73703333333333
2008,44.82303333333333
2009,44.82303333333333
2010,42.11103333333333
2011,42.11103333333333
2012,25.698033333333335
2013,25.698033333333335
2014,27.506033333333335
2015,27.506033333333335
2016,49.94703333333333
2017,59.381553333333336
2018,59.381553333333336
2019,59.381553333333336
2020,59.381553333333336
2021,59.381553333333336
2022,59.381553333333336
2023,59.381553333333336
2024,59.381553333333336
2025,40.63003333333333
2026,40.63003333333333
2027,40.63003333333333
2028,40.63003333333333
2029,42.169533333333334
2030,34.60203333333333
2031,34.60203333333333
2032,34.60203333333333
2033,34.60203333333333
2034,49.73703333333333
2035,48.83303333333333
2036,39.79103333333333
2037,39.79103333333333
2038,39.79103333333333
2039,39.79103333333333
2040,54.86103333333333
2041,59.381553333333336
2042,59.381553333333336
2043,59.381553333333336
2044,59.381553333333336
2045,59.381553333333336
2046,59.381553333333336
2047,59.381553333333336
2048,59.381553333333336
2049,40.63003333333333
2050,40.63003333333333
2051,40.63003333333333
2052,40.63003333333333
2053,42.169533333333334
2054,34.60203333333333
2055,34.60203333333333
2056,34.60203333333333
2057,34.60203333333333
2058,49.73703333333333
2059,48.83303333333333
2060,39.79103333333333
2061,39.79103333333333
2062,39.79103333333333
2063,39.79103333333333
2064,54.86103333333333
2065,59.381553333333336
2066,59.381553333333336
2067,59.381553333333336
2068,59.381553333333336
2069,59.381553333333336
2070,59.381553333333336
2071,59.381553333333336
2072,59.381553333333336
2073,40.63003333333333
2074,40.63003333333333
2075,40.63003333333333
2076,40.63003333333333
2077,42.169533333333334
2078,34.60203333333333
2079,34.60203333333333
2080,26.976033333333334
2081,26.976033333333334
2082,42.11103333333333
2083,42.11103333333333
2084,27.506033333333335
2085,27.506033333333335
2086,27.506033333333335
2087,27.506033333333335
2088,48.13903333333333
2089,59.381553333333336
2090,59.381553333333336
2091,59.381553333333336
2092,59.381553333333336
2093,59.381553333333336
2094,59.381553333333336
2095,59.381553333333336
2096,59.381553333333336
2097,40.63003333333333
2098,40.63003333333333
2099,40.63003333333333
2100,40.63003333333333
2101,42.169533333333334
2102,34.60203333333333
2103,34.60203333333333
2104,33.69803333333333
2105,33.69803333333333
2106,48.83303333333333
2107,48.83303333333333
2108,39.79103333333333
2109,39.79103333333333
2110,39.79103333333333
2111,39.79103333333333
2112,54.86103333333333
2113,56.66955333333333
2114,56.66955333333333
2115,59.381553333333336
2116,59.381553333333336
2117,59.381553333333336
2118,59.381553333333336
2119,59.381553333333336
2120,59.381553333333336
2121,42.43803333333334
2122,42.43803333333334
2123,40.63003333333333
2124,40.63003333333333
2125,42.169533333333334
2126,34.60203333333333
2127,34.60203333333333
2128,29.688033333333333
2129,29.688033333333333
2130,42.11103333333333
2131,42.11103333333333
2132,25.698033333333335
2133,25.698033333333335
2134,27.506033333333335
2135,27.506033333333335
2136,49.94703333333333
2137,56.66955333333333
2138,56.66955333333333
2139,59.381553333333336
2140,59.381553333333336
2141,59.381553333333336
2142,59.381553333333336
2143,59.381553333333336
2144,59.381553333333336
2145,57.573033333333335
2146,57.573033333333335
2147,55.765033333333335
2148,55.765033333333335
2149,49.73703333333333
2150,49.73703333333333
2151,49.73703333333333
2152,44.82303333333333
2153,44.82303333333333
2154,42.11103333333333
2155,42.11103333333333
2156,25.698033333333335
2157,25.698033333333335
2158,27.506033333333335
2159,27.506033333333335
2160,49.94703333333333
2161,56.66955333333333
2162,54.86155333333333
2163,59.381553333333336
2164,59.381553333333336
2165,59.381553333333336
2166,59.381553333333336
2167,59.381553333333336
2168,59.381553333333336
2169,57.573033333333335
2170,57.573033333333335
2171,55.765033333333335
2172,55.765033333333335
2173,49.73703333333333
2174,49.73703333333333
2175,49.73703333333333
2176,44.82303333333333
2177,44.82303333333333
2178,42.11103333333333
2179,42.11103333333333
2180,25.698033333333335
2181,25.698033333333335
2182,27.506033333333335
2183,27.506033333333335
2184,49.94703333333333
2185,59.381553333333336
2186,59.381553333333336
2187,59.381553333333336
2188,59.381553333333336
2189,59.381553333333336
2190,59.381553333333336
2191,59.381553333333336
2192,59.381553333333336
2193,40.63003333333333
2194,40.63003333333333
2195,40.63003333333333
2196,40.63003333333333
2197,42.169533333333334
2198,34.60203333333333
2199,34.60203333333333
2200,34.60203333333333
2201,34.60203333333333
2202,49.73703333333333
2203,48.83303333333333
2204,39.79103333333333
2205,39.79103333333333
2206,39.79103333333333
2207,39.79103333333333
2208,54.86103333333333
2209,59.381553333333336
2210,59.381553333333336
2211,59.381553333333336
2212,59.381553333333336
2213,59.381553333333336
2214,59.381553333333336
2215,59.381553333333336
2216,59.381553333333336
2217,40.63003333333333
2218,40.63003333333333
2219,40.63003333333333
2220,40.63003333333333
2221,42.169533333333334
2222,34.60203333333333
2223,34.60203333333333
2224,34.60203333333333
2225,34.60203333333333
2226,49.73703333333333
2227,48.83303333333333
2228,39.79103333333333
2229,39.79103333333333
2230,39.79103333333333
2231,39.79103333333333
2232,54.86103333333333
2233,59.381553333333336
2234,59.381553333333336
2235,59.381553333333336
2236,59.381553333333336
2237,59.381553333333336
2238,59.381553333333336
2239,59.381553333333336
2240,59.381553333333336
2241,40.63003333333333
2242,40.63003333333333
2243,40.63003333333333
2244,40.63003333333333
2245,42.169533333333334
2246,34.60203333333333
2247,34.60203333333333
2248,26.976033333333334
2249,26.976033333333334
2250,42.11103333333333
2251,42.11103333333333
2252,27.506033333333335
2253,27.506033333333335
2254,27.506033333333335
2255,27.506033333333335
2256,48.13903333333333
2257,59.381553333333336
2258,59.381553333333336
2259,59.381553333333336
2260,59.381553333333336
2261,59.381553333333336
2262,59.381553333333336
2263,59.381553333333336
2264,59.381553333333336
2265,40.63003333333333
2266,40.63003333333333
2267,40.63003333333333
2268,40.63003333333333
2269,42.169533333333334
2270,34.60203333333333
2271,34.60203333333333
2272,33.69803333333333
2273,33.69803333333333
2274,48.83303333333333
2275,48.83303333333333
2276,39.79103333333333
2277,39.79103333333333
2278,39.79103333333333
2279,39.79103333333333
2280,54.86103333333333
2281,56.66955333333333
2282,56.66955333333333
2283,59.381553333333336
2284,59.381553333333336
2285,59.381553333333336
2286,59.381553333333336
2287,59.381553333333336
2288,59.381553333333336
2289,42.43803333333334
2290,42.43803333333334
2291,40.63003333333333
2292,40.63003333333333
2293,42.169533333333334
2294,34.60203333333333
2295,34.60203333333333
2296,29.688033333333333
2297,29.688033333333333
2298,42.11103333333333
2299,42.11103333333333
2300,25.698033333333335
2301,25.698033333333335
2302,27.506033333333335
2303,27.506033333333335
2304,49.94703333333333
2305,56.66955333333333
2306,56.66955333333333
2307,59.381553333333336
2308,59.381553333333336
2309,59.381553333333336
2310,59.381553333333336
2311,59.381553333333336
2312,59.381553333333336
2313,57.573033333333335
2314,57.573033333333335
2315,55.765033333333335
2316,55.765033333333335
2317,49.73703333333333
2318,49.73703333333333
2319,49.73703333333333
2320,44.82303333333333
2321,44.82303333333333
2322,42.11103333333333
2323,42.11103333333333
2324,25.698033333333335
2325,25.698033333333335
2326,27.506033333333335
2327,27.506033333333335
2328,49.94703333333333
2329,56.66955333333333
2330,54.86155333333333
2331,59.381553333333336
2332,59.381553333333336
2333,59.381553333333336
2334,59.381553333333336
2335,59.381553333333336
2336,59.381553333333336
2337,57.573033333333335
2338,57.573033333333335
2339,55.765033333333335
2340,55.765033333333335
2341,49.73703333333333
2342,49.73703333333333
2343,49.73703333333333
2344,44.82303333333333
2345,44.82303333333333
2346,42.11103333333333
2347,42.11103333333333
2348,25.698033333333335
2349,25.698033333333335
2350,27.506033333333335
2351,27.506033333333335
2352,49.94703333333333
2353,59.381553333333336
2354,59.381553333333336
2355,59.381553333333336
2356,59.381553333333336
2357,59.381553333333336
2358,59.381553333333336
2359,59.381553333333336
2360,59.381553333333336
2361,40.63003333333333
2362,40.63003333333333
2363,40.63003333333333
2364,40.63003333333333
2365,42.169533333333334
2366,34.60203333333333
2367,34.60203333333333
2368,34.60203333333333
2369,34.60203333333333
2370,49.73703333333333
2371,48.83303333333333
2372,39.79103333333333
2373,39.79103333333333
2374,39.79103333333333
2375,39.79103333333333
2376,54.86103333333333
2377,59.381553333333336
2378,59.381553333333336
2379,59.381553333333336
2380,59.381553333333336
2381,59.381553333333336
2382,59.381553333333336
2383,59.381553333333336
2384,59.381553333333336
2385,40.63003333333333
2386,40.63003333333333
2387,40.63003333333333
2388,40.63003333333333
2389,42.169533333333334
2390,34.60203333333333
2391,34.60203333333333
2392,34.60203333333333
2393,34.60203333333333
2394,49.73703333333333
2395,48.83303333333333
2396,39.79103333333333
2397,39.79103333333333
2398,39.79103333333333
2399,39.79103333333333
2400,54.86103333333333
2401,59.381553333333336
2402,59.381553333333336
2403,59.381553333333336
2404,59.381553333333336
2405,59.381553333333336
2406,59.381553333333336
2407,59.381553333333336
2408,59.381553333333336
2409,40.63003333333333
2410,40.63003333333333
2411,40.63003333333333
2412,40.63003333333333
2413,42.169533333333334
2414,34.60203333333333
2415,34.60203333333333
2416,26.976033333333334
2417,26.976033333333334
2418,42.11103333333333
2419,42.11103333333333
2420,27.506033333333335
2421,27.506033333333335
2422,27.506033333333335
2423,27.506033333333335
2424,48.13903333333333
2425,59.381553333333336
2426,59.381553333333336
2427,59.381553333333336
2428,59.381553333333336
2429,59.381553333333336
2430,59.381553333333336
2431,59.381553333333336
2432,59.381553333333336
2433,40.63003333333333
2434,40.63003333333333
2435,40.63003333333333
2436,40.63003333333333
2437,42.169533333333334
2438,34.60203333333333
2439,34.60203333333333
2440,33.69803333333333
2441,33.69803333333333
2442,48.83303333333333
2443,48.83303333333333
2444,39.79103333333333
2445,39.79103333333333
2446,39.79103333333333
2447,39.79103333333333
2448,54.86103333333333
2449,56.66955333333333
2450,56.66955333333333
2451,59.381553333333336
2452,59.381553333333336
2453,59.381553333333336
2454,59.381553333333336
2455,59.381553333333336
2456,59.381553333333336
2457,42.43803333333334
2458,42.43803333333334
2459,40.63003333333333
2460,40.63003333333333
2461,42.169533333333334
2462,34.60203333333333
2463,34.60203333333333
2464,29.688033333333333
2465,29.688033333333333
2466,42.11103333333333
2467,42.11103333333333
2468,25.698033333333335
2469,25.698033333333335
2470,27.506033333333335
2471,27.506033333333335
2472,49.94703333333333
2473,56.66955333333333
2474,56.66955333333333
2475,59.381553333333336
2476,59.381553333333336
2477,59.381553333333336
2478,59.381553333333336
2479,59.381553333333336
2480,59.381553333333336
2481,57.573033333333335
2482,57.573033333333335
2483,55.765033333333335
2484,55.765033333333335
2485,49.73703333333333
2486,49.73703333333333
2487,49.73703333333333
2488,44.82303333333333
2489,44.82303333333333
2490,42.11103333333333
2491,42.11103333333333
2492,25.698033333333335
2493,25.698033333333335
2494,27.506033333333335
2495,27.506033333333335
2496,49.94703333333333
2497,56.66955333333333
2498,54.86155333333333
2499,59.381553333333336
2500,59.381553333333336
2501,59.381553333333336
2502,59.381553333333336
2503,59.381553333333336
2504,59.381553333333336
2505,57.573033333333335
2506,57.573033333333335
2507,55.765033333333335
2508,55.765033333333335
2509,49.73703333333333
2510,49.73703333333333
2511,49.73703333333333
2512,44.82303333333333
2513,44.82303333333333
2514,42.11103333333333
2515,42.11103333333333
2516,25.698033333333335
2517,25.698033333333335
2518,27.506033333333335
2519,27.506033333333335
2520,49.94703333333333
2521,59.381553333333336
2522,59.381553333333336
2523,59.381553333333336
2524,59.381553333333336
2525,59.381553333333336
2526,59.381553333333336
2527,59.381553333333336
2528,59.381553333333336
2529,40.63003333333333
2530,40.63003333333333
2531,40.63003333333333
2532,40.63003333333333
2533,42.169533333333334
2534,34.60203333333333
2535,34.60203333333333
2536,34.60203333333333
2537,34.60203333333333
2538,49.73703333333333
2539,48.83303333333333
2540,39.79103333333333
2541,39.79103333333333
2542,39.79103333333333
2543,39.79103333333333
2544,54.86103333333333
2545,59.381553333333336
2546,59.381553333333336
2547,59.381553333333336
2548,59.381553333333336
2549,59.381553333333336
2550,59.381553333333336
2551,59.381553333333336
2552,59.381553333333336
2553,40.63003333333333
2554,40.63003333333333
2555,40.63003333333333
2556,40.63003333333333
2557,42.169533333333334
2558,34.60203333333333
2559,34.60203333333333
2560,34.60203333333333
2561,34.60203333333333
2562,49.73703333333333
2563,48.83303333333333
2564,39.79103333333333
2565,39.79103333333333
2566,39.79103333333333
2567,39.79103333333333
2568,54.86103333333333
2569,59.381553333333336
2570,59.381553333333336
2571,59.381553333333336
2572,59.381553333333336
2573,59.381553333333336
2574,59.381553333333336
2575,59.381553333333336
2576,59.381553333333336
2577,40.63003333333333
2578,40.63003333333333
2579,40.63003333333333
2580,40.63003333333333
2581,42.169533333333334
2582,34.60203333333333
2583,34.60203333333333
2584,26.976033333333334
2585,26.976033333333334
2586,42.11103333333333
2587,42.11103333333333
2588,27.506033333333335
2589,27.506033333333335
2590,27.506033333333335
2591,27.506033333333335
2592,48.13903333333333
2593,59.381553333333336
2594,59.381553333333336
2595,59.381553333333336
2596,59.381553333333336
2597,59.381553333333336
2598,59.381553333333336
2599,59.381553333333336
2600,59.381553333333336
2601,40.63003333333333
2602,40.63003333333333
2603,40.63003333333333
2604,40.63003333333333
2605,42.169533333333334
2606,34.60203333333333
2607,34.60203333333333
2608,33.69803333333333
2609,33.69803333333333
2610,48.83303333333333
2611,48.83303333333333
2612,39.79103333333333
2613,39.79103333333333
2614,39.79103333333333
2615,39.79103333333333
2616,54.86103333333333
2617,56.66955333333333
2618,56.66955333333333
2619,59.381553333333336
2620,59.381553333333336
2621,59.381553333333336
2622,59.381553333333336
2623,59.381553333333336
2624,59.381553333333336
2625,42.43803333333334
2626,42.43803333333334
2627,40.63003333333333
2628,40.63003333333333
2629,42.169533333333334
2630,34.60203333333333
2631,34.60203333333333
2632,29.688033333333333
2633,29.688033333333333
2634,42.11103333333333
2635,42.11103333333333
2636,25.698033333333335
2637,25.698033333333335
2638,27.506033333333335
2639,27.506033333333335
2640,49.94703333333333
2641,56.66955333333333
2642,56.66955333333333
2643,59.381553333333336
2644,59.381553333333336
2645,59.381553333333336
2646,59.381553333333336
2647,59.381553333333336
2648,59.381553333333336
2649,57.573033333333335
2650,57.573033333333335
2651,55.765033333333335
2652,55.765033333333335
2653,49.73703333333333
2654,49.73703333333333
2655,49.73703333333333
2656,44.82303333333333
2657,44.82303333333333
2658,42.11103333333333
2659,42.11103333333333
2660,25.698033333333335
2661,25.698033333333335
2662,27.506033333333335
2663,27.506033333333335
2664,49.94703333333333
2665,56.66955333333333
2666,54.86155333333333
2667,59.381553333333336
2668,59.381553333333336
2669,59.381553333333336
2670,59.381553333333336
2671,59.381553333333336
2672,59.381553333333336
2673,57.573033333333335
2674,57.573033333333335
2675,55.765033333333335
2676,55.765033333333335
2677,49.73703333333333
2678,49.73703333333333
2679,49.73703333333333
2680,44.82303333333333
2681,44.82303333333333
2682,42.11103333333333
2683,42.11103333333333
2684,25.698033333333335
2685,25.698033333333335
2686,27.506033333333335
2687,27.506033333333335
2688,49.94703333333333
2689,59.381553333333336
2690,59.381553333333336
2691,59.381553333333336
2692,59.381553333333336
2693,59.381553333333336
2694,59.381553333333336
2695,59.381553333333336
2696,59.381553333333336
2697,40.63003333333333
2698,40.63003333333333
2699,40.63003333333333
2700,40.63003333333333
2701,42.169533333333334
2702,34.60203333333333
2703,34.60203333333333
2704,34.60203333333333
2705,34.60203333333333
2706,49.73703333333333
2707,48.83303333333333
2708,39.79103333333333
2709,39.79103333333333
2710,39.79103333333333
2711,39.79103333333333
2712,54.86103333333333
2713,59.381553333333336
2714,59.381553333333336
2715,59.381553333333336
2716,59.381553333333336
2717,59.381553333333336
2718,59.381553333333336
2719,59.381553333333336
2720,59.381553333333336
2721,40.63003333333333
2722,40.63003333333333
2723,40.63003333333333
2724,40.63003333333333
2725,42.169533333333334
2726,34.60203333333333
2727,34.60203333333333
2728,34.60203333333333
2729,34.60203333333333
2730,49.73703333333333
2731,48.83303333333333
2732,39.79103333333333
2733,39.79103333333333
2734,39.79103333333333
2735,39.79103333333333
2736,54.86103333333333
2737,59.381553333333336
2738,59.381553333333336
2739,59.381553333333336
2740,59.381553333333336
2741,59.381553333333336
2742,59.381553333333336
2743,59.381553333333336
2744,59.381553333333336
2745,40.63003333333333
2746,40.63003333333333
2747,40.63003333333333
2748,40.63003333333333
2749,42.169533333333334
2750,34.60203333333333
2751,34.60203333333333
2752,26.976033333333334
2753,26.976033333333334
2754,42.11103333333333
2755,42.11103333333333
2756,27.506033333333335
2757,27.506033333333335
2758,27.506033333333335
2759,27.506033333333335
2760,48.13903333333333
2761,59.381553333333336
2762,59.381553333333336
2763,59.381553333333336
2764,59.381553333333336
2765,59.381553333333336
2766,59.381553333333336
2767,59.381553333333336
2768,59.381553333333336
2769,40.63003333333333
2770,40.63003333333333
2771,40.63003333333333
2772,40.63003333333333
2773,42.169533333333334
2774,34.60203333333333
2775,34.60203333333333
2776,33.69803333333333
2777,33.69803333333333
2778,48.83303333333333
2779,48.83303333333333
2780,39.79103333333333
2781,39.79103333333333
2782,39.79103333333333
2783,39.79103333333333
2784,54.86103333333333
2785,56.66955333333333
2786,56.66955333333333
2787,59.381553333333336
2788,59.381553333333336
2789,59.381553333333336
2790,59.381553333333336
2791,59.381553333333336
2792,59.381553333333336
2793,42.43803333333334
2794,42.43803333333334
2795,40.63003333333333
2796,40.63003333333333
2797,42.169533333333334
2798,34.60203333333333
2799,34.60203333333333
2800,29.688033333333333
2801,29.688033333333333
2802,42.11103333333333
2803,42.11103333333333
2804,25.698033333333335
2805,25.698033333333335
2806,27.506033333333335
2807,27.506033333333335
2808,49.94703333333333
2809,56.66955333333333
2810,56.66955333333333
2811,59.381553333333336
2812,59.381553333333336
2813,59.381553333333336
2814,59.381553333333336
2815,59.381553333333336
2816,59.381553333333336
2817,57.573033333333335
2818,57.573033333333335
2819,55.765033333333335
2820,55.765033333333335
2821,49.73703333333333
2822,49.73703333333333
2823,49.73703333333333
2824,44.82303333333333
2825,44.82303333333333
2826,42.11103333333333
2827,42.11103333333333
2828,25.698033333333335
2829,25.698033333333335
2830,27.506033333333335
2831,27.506033333333335
2832,49.94703333333333
2833,56.66955333333333
2834,54.86155333333333
2835,59.381553333333336
2836,59.381553333333336
2837,59.381553333333336
2838,59.381553333333336
2839,59.381553333333336
2840,59.381553333333336
2841,57.573033333333335
2842,57.573033333333335
2843,55.765033333333335
2844,55.765033333333335
2845,49.73703333333333
2846,49.73703333333333
2847,49.73703333333333
2848,44.82303333333333
2849,44.82303333333333
2850,42.11103333333333
2851,42.11103333333333
2852,25.698033333333335
2853,25.698033333333335
2854,27.506033333333335
2855,27.506033333333335
2856,49.94703333333333
2857,59.381553333333336
2858,59.381553333333336
2859,59.381553333333336
2860,59.381553333333336
2861,59.381553333333336
2862,59.381553333333336
2863,59.381553333333336
2864,59.381553333333336
2865,40.63003333333333
2866,40.63003333333333
2867,40.63003333333333
2868,40.63003333333333
2869,42.169533333333334
2870,34.60203333333333
2871,34.60203333333333
2872,34.60203333333333
2873,34.60203333333333
2874,49.73703333333333
2875,48.83303333333333
2876,39.79103333333333
2877,39.79103333333333
2878,39.79103333333333
2879,39.79103333333333
2880,54.86103333333333
2881,59.381553333333336
2882,59.381553333333336
2883,59.381553333333336
2884,59.381553333333336
2885,59.381553333333336
2886,59.381553333333336
2887,59.381553333333336
2888,59.381553333333336
2889,40.63003333333333
2890,40.63003333333333
2891,40.63003333333333
2892,40.63003333333333
2893,42.169533333333334
2894,34.60203333333333
2895,34.60203333333333
2896,34.60203333333333
2897,34.60203333333333
2898,49.73703333333333
2899,48.83303333333333
2900,39.79103333333333
2901,39.79103333333333
2902,39.79103333333333
2903,39.79103333333333
2904,54.86103333333333
2905,59.381553333333336
2906,59.381553333333336
2907,59.381553333333336
2908,59.381553333333336
2909,59.381553333333336
2910,59.381553333333336
2911,59.381553333333336
2912,59.381553333333336
2913,40.63003333333333
2914,40.63003333333333
2915,40.63003333333333
2916,40.63003333333333
2917,42.169533333333334
2918,34.60203333333333
2919,34.60203333333333
2920,26.976033333333334
2921,26.976033333333334
2922,42.11103333333333
2923,42.11103333333333
2924,27.506033333333335
2925,27.506033333333335
2926,27.506033333333335
2927,27.506033333333335
2928,48.13903333333333
2929,59.381553333333336
2930,59.381553333333336
2931,59.381553333333336
2932,59.381553333333336
2933,59.381553333333336
2934,59.381553333333336
2935,59.381553333333336
2936,59.381553333333336
2937,40.63003333333333
2938,40.63003333333333
2939,40.63003333333333
2940,40.63003333333333
2941,42.169533333333334
2942,34.60203333333333
2943,34.60203333333333
2944,33.69803333333333
2945,33.69803333333333
2946,48.83303333333333
2947,48.83303333333333
2948,39.79103333333333
2949,39.79103333333333
2950,39.79103333333333
2951,39.79103333333333
2952,54.86103333333333
2953,56.66955333333333
2954,56.66955333333333
2955,59.381553333333336
2956,59.381553333333336
2957,59.381553333333336
2958,59.381553333333336
2959,59.381553333333336
2960,59.381553333333336
2961,42.43803333333334
2962,42.43803333333334
2963,40.63003333333333
2964,40.63003333333333
2965,42.169533333333334
2966,34.60203333333333
2967,34.60203333333333
2968,29.688033333333333
2969,29.688033333333333
2970,42.11103333333333
2971,42.11103333333333
2972,25.698033333333335
2973,25.698033333333335
2974,27.506033333333335
2975,27.506033333333335
2976,49.94703333333333
2977,56.66955333333333
2978,56.66955333333333
2979,59.381553333333336
2980,59.381553333333336
2981,59.381553333333336
2982,59.381553333333336
2983,59.381553333333336
2984,59.381553333333336
2985,57.573033333333335
2986,57.573033333333335
2987,55.765033333333335
2988,55.765033333333335
2989,49.73703333333333
2990,49.73703333333333
2991,49.73703333333333
2992,44.82303333333333
2993,44.82303333333333
2994,42.11103333333333
2995,42.11103333333333
2996,25.698033333333335
2997,25.698033333333335
2998,27.506033333333335
2999,27.506033333333335
3000,49.94703333333333
3001,56.66955333333333
3002,54.86155333333333
3003,59.381553333333336
3004,59.381553333333336
3005,59.381553333333336
3006,59.381553333333336
3007,59.381553333333336
3008,59.381553333333336
3009,57.573033333333335
3010,57.573033333333335
3011,55.765033333333335
3012,55.765033333333335
3013,49.73703333333333
3014,49.73703333333333
3015,49.73703333333333
3016,44.82303333333333
3017,44.82303333333333
3018,42.11103333333333
3019,42.11103333333333
3020,25.698033333333335
3021,25.698033333333335
3022,27.506033333333335
3023,27.506033333333335
3024,49.94703333333333
3025,59.381553333333336
3026,59.381553333333336
3027,59.381553333333336
3028,59.381553333333336
3029,59.381553333333336
3030,59.381553333333336
3031,59.381553333333336
3032,59.381553333333336
3033,40.63003333333333
3034,40.63003333333333
3035,40.63003333333333
3036,40.63003333333333
3037,42.169533333333334
3038,34.60203333333333
3039,34.60203333333333
3040,34.60203333333333
3041,34.60203333333333
3042,49.73703333333333
3043,48.83303333333333
3044,39.79103333333333
3045,39.79103333333333
3046,39.79103333333333
3047,39.79103333333333
3048,54.86103333333333
3049,59.381553333333336
3050,59.381553333333336
3051,59.381553333333336
3052,59.381553333333336
3053,59.381553333333336
3054,59.381553333333336
3055,59.381553333333336
3056,59.381553333333336
3057,40.63003333333333
3058,40.63003333333333
3059,40.63003333333333
3060,40.63003333333333
3061,42.169533333333334
3062,34.60203333333333
3063,34.60203333333333
3064,34.60203333333333
3065,34.60203333333333
3066,49.73703333333333
3067,48.83303333333333
3068,39.79103333333333
3069,39.79103333333333
3070,39.79103333333333
3071,39.79103333333333
3072,54.86103333333333
3073,59.381553333333336
3074,59.381553333333336
3075,59.381553333333336
3076,59.381553333333336
3077,59.381553333333336
3078,59.381553333333336
3079,59.381553333333336
3080,59.381553333333336
3081,40.63003333333333
3082,40.63003333333333
3083,40.63003333333333
3084,40.63003333333333
3085,42.169533333333334
3086,34.60203333333333
3087,34.60203333333333
3088,26.976033333333334
3089,26.976033333333334
3090,42.11103333333333
3091,42.11103333333333
3092,27.506033333333335
3093,27.506033333333335
3094,27.506033333333335
3095,27.506033333333335
3096,48.13903333333333
3097,59.381553333333336
3098,59.381553333333336
3099,59.381553333333336
3100,59.381553333333336
3101,59.381553333333336
3102,59.381553333333336
3103,59.381553333333336
3104,59.381553333333336
3105,40.63003333333333
3106,40.63003333333333
3107,40.63003333333333
3108,40.63003333333333
3109,42.169533333333334
3110,34.60203333333333
3111,34.60203333333333
3112,33.69803333333333
3113,33.69803333333333
3114,48.83303333333333
3115,48.83303333333333
3116,39.79103333333333
3117,39.79103333333333
3118,39.79103333333333
3119,39.79103333333333
3120,54.86103333333333
3121,56.66955333333333
3122,56.66955333333333
3123,59.381553333333336
3124,59.381553333333336
3125,59.381553333333336
3126,59.381553333333336
3127,59.381553333333336
3128,59.381553333333336
3129,42.43803333333334
3130,42.43803333333334
3131,40.63003333333333
3132,40.63003333333333
3133,42.169533333333334
3134,34.60203333333333
3135,34.60203333333333
3136,29.688033333333333
3137,29.688033333333333
3138,42.11103333333333
3139,42.11103333333333
3140,25.698033333333335
3141,25.698033333333335
3142,27.506033333333335
3143,27.506033333333335
3144,49.94703333333333
3145,56.66955333333333
3146,56.66955333333333
3147,59.381553333333336
3148,59.381553333333336
3149,59.381553333333336
3150,59.381553333333336
3151,59.381553333333336
3152,59.381553333333336
3153,57.573033333333335
3154,57.573033333333335
3155,55.765033333333335
3156,55.765033333333335
3157,49.73703333333333
3158,49.73703333333333
3159,49.73703333333333
3160,44.82303333333333
3161,44.82303333333333
3162,42.11103333333333
3163,42.11103333333333
3164,25.698033333333335
3165,25.698033333333335
3166,27.506033333333335
3167,27.506033333333335
3168,49.94703333333333
3169,56.66955333333333
3170,54.86155333333333
3171,59.381553333333336
3172,59.381553333333336
3173,59.381553333333336
3174,59.381553333333336
3175,59.381553333333336
3176,59.381553333333336
3177,57.573033333333335
3178,57.573033333333335
3179,55.765033333333335
3180,55.765033333333335
3181,49.73703333333333
3182,49.73703333333333
3183,49.73703333333333
3184,44.82303333333333
3185,44.82303333333333
3186,42.11103333333333
3187,42.11103333333333
3188,25.698033333333335
3189,25.698033333333335
3190,27.506033333333335
3191,27.506033333333335
3192,49.94703333333333
3193,59.381553333333336
3194,59.381553333333336
3195,59.381553333333336
3196,59.381553333333336
3197,59.381553333333336
3198,59.381553333333336
3199,59.381553333333336
3200,59.381553333333336
3201,40.63003333333333
3202,40.63003333333333
3203,40.63003333333333
3204,40.63003333333333
3205,42.169533333333334
3206,34.60203333333333
3207,34.60203333333333
3208,34.60203333333333
3209,34.60203333333333
3210,49.73703333333333
3211,48.83303333333333
3212,39.79103333333333
3213,39.79103333333333
3214,39.79103333333333
3215,39.79103333333333
3216,54.86103333333333
3217,59.381553333333336
3218,59.381553333333336
3219,59.381553333333336
3220,59.381553333333336
3221,59.381553333333336
3222,59.381553333333336
3223,59.381553333333336
3224,59.381553333333336
3225,40.63003333333333
3226,40.63003333333333
3227,40.63003333333333
3228,40.63003333333333
3229,42.169533333333334
3230,34.60203333333333
3231,34.60203333333333
3232,34.60203333333333
3233,34.60203333333333
3234,49.73703333333333
3235,48.83303333333333
3236,39.79103333333333
3237,39.79103333333333
3238,39.79103333333333
3239,39.79103333333333
3240,54.86103333333333
3241,59.381553333333336
3242,59.381553333333336
3243,59.381553333333336
3244,59.381553333333336
3245,59.381553333333336
3246,59.381553333333336
3247,59.381553333333336
3248,59.381553333333336
3249,40.63003333333333
3250,40.63003333333333
3251,40.63003333333333
3252,40.63003333333333
3253,42.169533333333334
3254,34.60203333333333
3255,34.60203333333333
3256,26.976033333333334
3257,26.976033333333334
3258,42.11103333333333
3259,42.11103333333333
3260,27.506033333333335
3261,27.506033333333335
3262,27.506033333333335
3263,27.506033333333335
3264,48.13903333333333
3265,59.381553333333336
3266,59.381553333333336
3267,59.381553333333336
3268,59.381553333333336
3269,59.381553333333336
3270,59.381553333333336
3271,59.381553333333336
3272,59.381553333333336
3273,40.63003333333333
3274,40.63003333333333
3275,40.63003333333333
3276,40.63003333333333
3277,42.169533333333334
3278,34.60203333333333
3279,34.60203333333333
3280,33.69803333333333
3281,33.69803333333333
3282,48.83303333333333
3283,48.83303333333333
3284,39.79103333333333
3285,39.79103333333333
3286,39.79103333333333
3287,39.79103333333333
3288,54.86103333333333
3289,56.66955333333333
3290,56.66955333333333
3291,59.381553333333336
3292,59.381553333333336
3293,59.381553333333336
3294,59.381553333333336
3295,59.381553333333336
3296,59.381553333333336
3297,42.43803333333334
3298,42.43803333333334
3299,40.63003333333333
3300,40.63003333333333
3301,42.169533333333334
3302,34.60203333333333
3303,34.60203333333333
3304,29.688033333333333
3305,29.688033333333333
3306,42.11103333333333
3307,42.11103333333333
3308,25.698033333333335
3309,25.698033333333335
3310,27.506033333333335
3311,27.506033333333335
3312,49.94703333333333
3313,56.66955333333333
3314,56.66955333333333
3315,59.381553333333336
3316,59.381553333333336
3317,59.381553333333336
3318,59.381553333333336
3319,59.381553333333336
3320,59.381553333333336
3321,57.573033333333335
3322,57.573033333333335
3323,55.765033333333335
3324,55.765033333333335
3325,49.73703333333333
3326,49.73703333333333
3327,49.73703333333333
3328,44.82303333333333
3329,44.82303333333333
3330,42.11103333333333
3331,42.11103333333333
3332,25.698033333333335
3333,25.698033333333335
3334,27.506033333333335
3335,27.506033333333335
3336,49.94703333333333
3337,56.66955333333333
3338,54.86155333333333
3339,59.381553333333336
3340,59.381553333333336
3341,59.381553333333336
3342,59.381553333333336
3343,59.381553333333336
3344,59.381553333333336
3345,57.573033333333335
3346,57.573033333333335
3347,55.765033333333335
3348,55.765033333333335
3349,49.73703333333333
3350,49.73703333333333
3351,49.73703333333333
3352,44.82303333333333
3353,44.82303333333333
3354,42.11103333333333
3355,42.11103333333333
3356,25.698033333333335
3357,25.698033333333335
3358,27.506033333333335
3359,27.506033333333335
3360,49.94703333333333
3361,59.381553333333336
3362,59.381553333333336
3363,59.381553333333336
3364,59.381553333333336
3365,59.381553333333336
3366,59.381553333333336
3367,59.381553333333336
3368,59.381553333333336
3369,40.63003333333333
3370,40.63003333333333
3371,40.63003333333333
3372,40.63003333333333
3373,42.169533333333334
3374,34.60203333333333
3375,34.60203333333333
3376,34.60203333333333
3377,34.60203333333333
3378,49.73703333333333
3379,48.83303333333333
3380,39.79103333333333
3381,39.79103333333333
3382,39.79103333333333
3383,39.79103333333333
3384,54.86103333333333
3385,59.381553333333336
3386,59.381553333333336
3387,59.381553333333336
3388,59.381553333333336
3389,59.381553333333336
3390,59.381553333333336
3391,59.381553333333336
3392,59.381553333333336
3393,40.63003333333333
3394,40.63003333333333
3395,40.63003333333333
3396,40.63003333333333
3397,42.169533333333334
3398,34.60203333333333
3399,34.60203333333333
3400,34.60203333333333
3401,34.60203333333333
3402,49.73703333333333
3403,48.83303333333333
3404,39.79103333333333
3405,39.79103333333333
3406,39.79103333333333
3407,39.79103333333333
3408,54.86103333333333
3409,59.381553333333336
3410,59.381553333333336
3411,59.381553333333336
3412,59.381553333333336
3413,59.381553333333336
3414,59.381553333333336
3415,59.381553333333336
3416,59.381553333333336
3417,40.63003333333333
3418,40.63003333333333
3419,40.63003333333333
3420,40.63003333333333
3421,42.169533333333334
3422,34.60203333333333
3423,34.60203333333333
3424,26.976033333333334
3425,26.976033333333334
3426,42.11103333333333
3427,42.11103333333333
3428,27.506033333333335
3429,27.506033333333335
3430,27.506033333333335
3431,27.506033333333335
3432,48.13903333333333
3433,59.381553333333336
3434,59.381553333333336
3435,59.381553333333336
3436,59.381553333333336
3437,59.381553333333336
3438,59.381553333333336
3439,59.381553333333336
3440,59.381553333333336
3441,40.63003333333333
3442,40.63003333333333
3443,40.63003333333333
3444,40.63003333333333
3445,42.169533333333334
3446,34.60203333333333
3447,34.60203333333333
3448,33.69803333333333
3449,33.69803333333333
3450,48.83303333333333
3451,48.83303333333333
3452,39.79103333333333
3453,39.79103333333333
3454,39.79103333333333
3455,39.79103333333333
3456,54.86103333333333
3457,56.66955333333333
3458,56.66955333333333
3459,59.381553333333336
3460,59.381553333333336
3461,59.381553333333336
3462,59.381553333333336
3463,59.381553333333336
3464,59.381553333333336
3465,42.43803333333334
3466,42.43803333333334
3467,40.63003333333333
3468,40.63003333333333
3469,42.169533333333334
3470,34.60203333333333
3471,34.60203333333333
3472,29.688033333333333
3473,29.688033333333333
3474,42.11103333333333
3475,42.11103333333333
3476,25.698033333333335
3477,25.698033333333335
3478,27.506033333333335
3479,27.506033333333335
3480,49.94703333333333
3481,56.66955333333333
3482,56.66955333333333
3483,59.381553333333336
3484,59.381553333333336
3485,59.381553333333336
3486,59.381553333333336
3487,59.381553333333336
3488,59.381553333333336
3489,57.573033333333335
3490,57.573033333333335
3491,55.765033333333335
3492,55.765033333333335
3493,49.73703333333333
3494,49.73703333333333
3495,49.73703333333333
3496,44.82303333333333
3497,44.82303333333333
3498,42.11103333333333
3499,42.11103333333333
3500,25.698033333333335
3501,25.698033333333335
3502,27.506033333333335
3503,27.506033333333335
3504,49.94703333333333
3505,56.66955333333333
3506,54.86155333333333
3507,59.381553333333336
3508,59.381553333333336
3509,59.381553333333336
3510,59.381553333333336
3511,59.381553333333336
3512,59.381553333333336
3513,57.573033333333335
3514,57.573033333333335
3515,55.765033333333335
3516,55.765033333333335
3517,49.73703333333333
3518,49.73703333333333
3519,49.73703333333333
3520,44.82303333333333
3521,44.82303333333333
3522,42.11103333333333
3523,42.11103333333333
3524,25.698033333333335
3525,25.698033333333335
3526,27.506033333333335
3527,27.506033333333335
3528,49.94703333333333
3529,59.381553333333336
3530,59.381553333333336
3531,59.381553333333336
3532,59.381553333333336
3533,59.381553333333336
3534,59.381553333333336
3535,59.381553333333336
3536,59.381553333333336
3537,40.63003333333333
3538,40.63003333333333
3539,40.63003333333333
3540,40.63003333333333
3541,42.169533333333334
3542,34.60203333333333
3543,34.60203333333333
3544,34.60203333333333
3545,34.60203333333333
3546,49.73703333333333
3547,48.83303333333333
3548,39.79103333333333
3549,39.79103333333333
3550,39.79103333333333
3551,39.79103333333333
3552,54.86103333333333
3553,59.381553333333336
3554,59.381553333333336
3555,59.381553333333336
3556,59.381553333333336
3557,59.381553333333336
3558,59.381553333333336
3559,59.381553333333336
3560,59.381553333333336
3561,40.63003333333333
3562,40.63003333333333
3563,40.63003333333333
3564,40.63003333333333
3565,42.169533333333334
3566,34.60203333333333
3567,34.60203333333333
3568,34.60203333333333
3569,34.60203333333333
3570,49.73703333333333
3571,48.83303333333333
3572,39.79103333333333
3573,39.79103333333333
3574,39.79103333333333
3575,39.79103333333333
3576,54.86103333333333
3577,59.381553333333336
3578,59.381553333333336
3579,59.381553333333336
3580,59.381553333333336
3581,59.381553333333336
3582,59.381553333333336
3583,59.381553333333336
3584,59.381553333333336
3585,40.63003333333333
3586,40.63003333333333
3587,40.63003333333333
3588,40.63003333333333
3589,42.169533333333334
3590,34.60203333333333
3591,34.60203333333333
3592,26.976033333333334
3593,26.976033333333334
3594,42.11103333333333
3595,42.11103333333333
3596,27.506033333333335
3597,27.506033333333335
3598,27.506033333333335
3599,27.506033333333335
3600,48.13903333333333
3601,59.381553333333336
3602,59.381553333333336
3603,59.381553333333336
3604,59.381553333333336
3605,59.381553333333336
3606,59.381553333333336
3607,59.381553333333336
3608,59.381553333333336
3609,40.63003333333333
3610,40.63003333333333
3611,40.63003333333333
3612,40.63003333333333
3613,42.169533333333334
3614,34.60203333333333
3615,34.60203333333333
3616,33.69803333333333
3617,33.69803333333333
3618,48.83303333333333
3619,48.83303333333333
3620,39.79103333333333
3621,39.79103333333333
3622,39.79103333333333
3623,39.79103333333333
3624,54.86103333333333
3625,56.66955333333333
3626,56.66955333333333
3627,59.381553333333336
3628,59.381553333333336
3629,59.381553333333336
3630,59.381553333333336
3631,59.381553333333336
3632,59.381553333333336
3633,42.43803333333334
3634,42.43803333333334
3635,40.63003333333333
3636,40.63003333333333
3637,42.169533333333334
3638,34.60203333333333
3639,34.60203333333333
3640,29.688033333333333
3641,29.688033333333333
3642,42.11103333333333
3643,42.11103333333333
3644,25.698033333333335
3645,25.698033333333335
3646,27.506033333333335
3647,27.506033333333335
3648,49.94703333333333
3649,56.66955333333333
3650,56.66955333333333
3651,59.381553333333336
3652,59.381553333333336
3653,59.381553333333336
3654,59.381553333333336
3655,59.381553333333336
3656,59.381553333333336
3657,57.573033333333335
3658,57.573033333333335
3659,55.765033333333335
3660,55.765033333333335
3661,49.73703333333333
3662,49.73703333333333
3663,49.73703333333333
3664,44.82303333333333
3665,44.82303333333333
3666,42.11103333333333
3667,42.11103333333333
3668,25.698033333333335
3669,25.698033333333335
3670,27.506033333333335
3671,27.506033333333335
3672,49.94703333333333
3673,56.66955333333333
3674,54.86155333333333
3675,59.381553333333336
3676,59.381553333333336
3677,59.381553333333336
3678,59.381553333333336
3679,59.381553333333336
3680,59.381553333333336
3681,57.573033333333335
3682,57.573033333333335
3683,55.765033333333335
3684,55.765033333333335
3685,49.73703333333333
3686,49.73703333333333
3687,49.73703333333333
3688,44.82303333333333
3689,44.82303333333333
3690,42.11103333333333
3691,42.11103333333333
3692,25.698033333333335
3693,25.698033333333335
3694,27.506033333333335
3695,27.506033333333335
3696,49.94703333333333
3697,59.381553333333336
3698,59.381553333333336
3699,59.381553333333336
3700,59.381553333333336
3701,59.381553333333336
3702,59.381553333333336
3703,59.381553333333336
3704,59.381553333333336
3705,40.63003333333333
3706,40.63003333333333
3707,40.63003333333333
3708,40.63003333333333
3709,42.169533333333334
3710,34.60203333333333
3711,34.60203333333333
3712,34.60203333333333
3713,34.60203333333333
3714,49.73703333333333
3715,48.83303333333333
3716,39.79103333333333
3717,39.79103333333333
3718,39.79103333333333
3719,39.79103333333333
3720,54.86103333333333
3721,59.381553333333336
3722,59.381553333333336
3723,59.381553333333336
3724,59.381553333333336
3725,59.381553333333336
3726,59.381553333333336
3727,59.381553333333336
3728,59.381553333333336
3729,40.63003333333333
3730,40.63003333333333
3731,40.63003333333333
3732,40.63003333333333
3733,42.169533333333334
3734,34.60203333333333
3735,34.60203333333333
3736,34.60203333333333
3737,34.60203333333333
3738,49.73703333333333
3739,48.83303333333333
3740,39.79103333333333
3741,39.79103333333333
3742,39.79103333333333
3743,39.79103333333333
3744,54.86103333333333
3745,59.381553333333336
3746,59.381553333333336
3747,59.381553333333336
3748,59.381553333333336
3749,59.381553333333336
3750,59.381553333333336
3751,59.381553333333336
3752,59.381553333333336
3753,40.63003333333333
3754,40.63003333333333
3755,40.63003333333333
3756,40.63003333333333
3757,42.169533333333334
3758,34.60203333333333
3759,34.60203333333333
3760,26.976033333333334
3761,26.976033333333334
3762,42.11103333333333
3763,42.11103333333333
3764,27.506033333333335
3765,27.506033333333335
3766,27.506033333333335
3767,27.506033333333335
3768,48.13903333333333
3769,59.381553333333336
3770,59.381553333333336
3771,59.381553333333336
3772,59.381553333333336
3773,59.381553333333336
3774,59.381553333333336
3775,59.381553333333336
3776,59.381553333333336
3777,40.63003333333333
3778,40.63003333333333
3779,40.63003333333333
3780,40.63003333333333
3781,42.169533333333334
3782,34.60203333333333
3783,34.60203333333333
3784,33.69803333333333
3785,33.69803333333333
3786,48.83303333333333
3787,48.83303333333333
3788,39.79103333333333
3789,39.79103333333333
3790,39.79103333333333
3791,39.79103333333333
3792,54.86103333333333
3793,56.66955333333333
3794,56.66955333333333
3795,59.381553333333336
3796,59.381553333333336
3797,59.381553333333336
3798,59.381553333333336
3799,59.381553333333336
3800,59.381553333333336
3801,42.43803333333334
3802,42.43803333333334
3803,40.63003333333333
3804,40.63003333333333
3805,42.169533333333334
3806,34.60203333333333
3807,34.60203333333333
3808,29.688033333333333
3809,29.688033333333333
3810,42.11103333333333
3811,42.11103333333333
3812,25.698033333333335
3813,25.698033333333335
3814,27.506033333333335
3815,27.506033333333335
3816,49.94703333333333
3817,56.66955333333333
3818,56.66955333333333
3819,59.381553333333336
3820,59.381553333333336
3821,59.381553333333336
3822,59.381553333333336
3823,59.381553333333336
3824,59.381553333333336
3825,57.573033333333335
3826,57.573033333333335
3827,55.765033333333335
3828,55.765033333333335
3829,49.73703333333333
3830,49.73703333333333
3831,49.73703333333333
3832,44.82303333333333
3833,44.82303333333333
3834,42.11103333333333
3835,42.11103333333333
3836,25.698033333333335
3837,25.698033333333335
3838,27.506033333333335
3839,27.506033333333335
3840,49.94703333333333
3841,56.66955333333333
3842,54.86155333333333
3843,59.381553333333336
3844,59.381553333333336
3845,59.381553333333336
3846,59.381553333333336
3847,59.381553333333336
3848,59.381553333333336
3849,57.573033333333335
3850,57.573033333333335
3851,55.765033333333335
3852,55.765033333333335
3853,49.73703333333333
3854,49.73703333333333
3855,49.73703333333333
3856,44.82303333333333
3857,44.82303333333333
3858,42.11103333333333
3859,42.11103333333333
3860,25.698033333333335
3861,25.698033333333335
3862,27.506033333333335
3863,27.506033333333335
3864,49.94703333333333
3865,59.381553333333336
3866,59.381553333333336
3867,59.381553333333336
3868,59.381553333333336
3869,59.381553333333336
3870,59.381553333333336
3871,59.381553333333336
3872,59.381553333333336
3873,40.63003333333333
3874,40.63003333333333
3875,40.63003333333333
3876,40.63003333333333
3877,42.169533333333334
3878,34.60203333333333
3879,34.60203333333333
3880,34.60203333333333
3881,34.60203333333333
3882,49.73703333333333
3883,48.83303333333333
3884,39.79103333333333
3885,39.79103333333333
3886,39.79103333333333
3887,39.79103333333333
3888,54.86103333333333
3889,59.381553333333336
3890,59.381553333333336
3891,59.381553333333336
3892,59.381553333333336
3893,59.381553333333336
3894,59.381553333333336
3895,59.381553333333336
3896,59.381553333333336
3897,40.63003333333333
3898,40.63003333333333
3899,40.63003333333333
3900,40.63003333333333
3901,42.169533333333334
3902,34.60203333333333
3903,34.60203333333333
3904,34.60203333333333
3905,34.60203333333333
3906,49.73703333333333
3907,48.83303333333333
3908,39.79103333333333
3909,39.79103333333333
3910,39.79103333333333
3911,39.79103333333333
3912,54.86103333333333
3913,59.381553333333336
3914,59.381553333333336
3915,59.381553333333336
3916,59.381553333333336
3917,59.381553333333336
3918,59.381553333333336
3919,59.381553333333336
3920,59.381553333333336
3921,40.63003333333333
3922,40.63003333333333
3923,40.63003333333333
3924,40.63003333333333
3925,42.169533333333334
3926,34.60203333333333
3927,34.60203333333333
3928,26.976033333333334
3929,26.976033333333334
3930,42.11103333333333
3931,42.11103333333333
3932,27.506033333333335
3933,27.506033333333335
3934,27.506033333333335
3935,27.506033333333335
3936,48.13903333333333
3937,59.381553333333336
3938,59.381553333333336
3939,59.381553333333336
3940,59.381553333333336
3941,59.381553333333336
3942,59.381553333333336
3943,59.381553333333336
3944,59.381553333333336
3945,40.63003333333333
3946,40.63003333333333
3947,40.63003333333333
3948,40.63003333333333
3949,42.169533333333334
3950,34.60203333333333
3951,34.60203333333333
3952,33.69803333333333
3953,33.69803333333333
3954,48.83303333333333
3955,48.83303333333333
3956,39.79103333333333
3957,39.79103333333333
3958,39.79103333333333
3959,39.79103333333333
3960,54.86103333333333
3961,56.66955333333333
3962,56.66955333333333
3963,59.381553333333336
3964,59.381553333333336
3965,59.381553333333336
3966,59.381553333333336
3967,59.381553333333336
3968,59.381553333333336
3969,42.43803333333334
3970,42.43803333333334
3971,40.63003333333333
3972,40.63003333333333
3973,42.169533333333334
3974,34.60203333333333
3975,34.60203333333333
3976,29.688033333333333
3977,29.688033333333333
3978,42.11103333333333
3979,42.11103333333333
3980,25.698033333333335
3981,25.698033333333335
3982,27.506033333333335
3983,27.506033333333335
3984,49.94703333333333
3985,56.66955333333333
3986,56.66955333333333
3987,59.381553333333336
3988,59.381553333333336
3989,59.381553333333336
3990,59.381553333333336
3991,59.381553333333336
3992,59.381553333333336
3993,57.573033333333335
3994,57.573033333333335
3995,55.765033333333335
3996,55.765033333333335
3997,49.73703333333333
3998,49.73703333333333
3999,49.73703333333333
4000,44.82303333333333
4001,44.82303333333333
4002,42.11103333333333
4003,42.11103333333333
4004,25.698033333333335
4005,25.698033333333335
4006,27.506033333333335
4007,27.506033333333335
4008,49.94703333333333
4009,56.66955333333333
4010,54.86155333333333
4011,59.381553333333336
4012,59.381553333333336
4013,59.381553333333336
4014,59.381553333333336
4015,59.381553333333336
4016,59.381553333333336
4017,57.573033333333335
4018,57.573033333333335
4019,55.765033333333335
4020,55.765033333333335
4021,49.73703333333333
4022,49.73703333333333
4023,49.73703333333333
4024,44.82303333333333
4025,44.82303333333333
4026,42.11103333333333
4027,42.11103333333333
4028,25.698033333333335
4029,25.698033333333335
4030,27.506033333333335
4031,27.506033333333335
4032,49.94703333333333
4033,59.381553333333336
4034,59.381553333333336
4035,59.381553333333336
4036,59.381553333333336
4037,59.381553333333336
4038,59.381553333333336
4039,59.381553333333336
4040,59.381553333333336
4041,40.63003333333333
4042,40.63003333333333
4043,40.63003333333333
4044,40.63003333333333
4045,42.169533333333334
4046,34.60203333333333
4047,34.60203333333333
4048,34.60203333333333
4049,34.60203333333333
4050,49.73703333333333
4051,48.83303333333333
4052,39.79103333333333
4053,39.79103333333333
4054,39.79103333333333
4055,39.79103333333333
4056,54.86103333333333
4057,59.381553333333336
4058,59.381553333333336
4059,59.381553333333336
4060,59.381553333333336
4061,59.381553333333336
4062,59.381553333333336
4063,59.381553333333336
4064,59.381553333333336
4065,40.63003333333333
4066,40.63003333333333
4067,40.63003333333333
4068,40.63003333333333
4069,42.169533333333334
4070,34.60203333333333
4071,34.60203333333333
4072,34.60203333333333
4073,34.60203333333333
4074,49.73703333333333
4075,48.83303333333333
4076,39.79103333333333
4077,39.79103333333333
4078,39.79103333333333
4079,39.79103333333333
4080,54.86103333333333
4081,59.381553333333336
4082,59.381553333333336
4083,59.381553333333336
4084,59.381553333333336
4085,59.381553333333336
4086,59.381553333333336
4087,59.381553333333336
4088,59.381553333333336
4089,40.63003333333333
4090,40.63003333333333
4091,40.63003333333333
4092,40.63003333333333
4093,42.169533333333334
4094,34.60203333333333
4095,34.60203333333333
4096,26.976033333333334
4097,26.976033333333334
4098,42.11103333333333
4099,42.11103333333333
4100,27.506033333333335
4101,27.506033333333335
4102,27.506033333333335
4103,27.506033333333335
4104,48.13903333333333
4105,59.381553333333336
4106,59.381553333333336
4107,59.381553333333336
4108,59.381553333333336
4109,59.381553333333336
4110,59.381553333333336
4111,59.381553333333336
4112,59.381553333333336
4113,40.63003333333333
4114,40.63003333333333
4115,40.63003333333333
4116,40.63003333333333
4117,42.169533333333334
4118,34.60203333333333
4119,34.60203333333333
4120,33.69803333333333
4121,33.69803333333333
4122,48.83303333333333
4123,48.83303333333333
4124,39.79103333333333
4125,39.79103333333333
4126,39.79103333333333
4127,39.79103333333333
4128,54.86103333333333
4129,56.66955333333333
4130,56.66955333333333
4131,59.381553333333336
4132,59.381553333333336
4133,59.381553333333336
4134,59.381553333333336
4135,59.381553333333336
4136,59.381553333333336
4137,42.43803333333334
4138,42.43803333333334
4139,40.63003333333333
4140,40.63003333333333
4141,42.169533333333334
4142,34.60203333333333
4143,34.60203333333333
4144,29.688033333333333
4145,29.688033333333333
4146,42.11103333333333
4147,42.11103333333333
4148,25.698033333333335
4149,25.698033333333335
4150,27.506033333333335
4151,27.506033333333335
4152,49.94703333333333
4153,56.66955333333333
4154,56.66955333333333
4155,59.381553333333336
4156,59.381553333333336
4157,59.381553333333336
4158,59.381553333333336
4159,59.381553333333336
4160,59.381553333333336
4161,57.573033333333335
4162,57.573033333333335
4163,55.765033333333335
4164,55.765033333333335
4165,49.73703333333333
4166,49.73703333333333
4167,49.73703333333333
4168,44.82303333333333
4169,44.82303333333333
4170,42.11103333333333
4171,42.11103333333333
4172,25.698033333333335
4173,25.698033333333335
4174,27.506033333333335
4175,27.506033333333335
4176,49.94703333333333
4177,56.66955333333333
4178,54.86155333333333
4179,59.381553333333336
4180,59.381553333333336
4181,59.381553333333336
4182,59.381553333333336
4183,59.381553333333336
4184,59.381553333333336
4185,57.573033333333335
4186,57.573033333333335
4187,55.765033333333335
4188,55.765033333333335
4189,49.73703333333333
4190,49.73703333333333
4191,49.73703333333333
4192,44.82303333333333
4193,44.82303333333333
4194,42.11103333333333
4195,42.11103333333333
4196,25.698033333333335
4197,25.698033333333335
4198,27.506033333333335
4199,27.506033333333335
4200,49.94703333333333
4201,59.381553333333336
4202,59.381553333333336
4203,59.381553333333336
4204,59.381553333333336
4205,59.381553333333336
4206,59.381553333333336
4207,59.381553333333336
4208,59.381553333333336
4209,40.63003333333333
4210,40.63003333333333
4211,40.63003333333333
4212,40.63003333333333
4213,42.169533333333334
4214,34.60203333333333
4215,34.60203333333333
4216,34.60203333333333
4217,34.60203333333333
4218,49.73703333333333
4219,48.83303333333333
4220,39.79103333333333
4221,39.79103333333333
4222,39.79103333333333
4223,39.79103333333333
4224,54.86103333333333
4225,59.381553333333336
4226,59.381553333333336
4227,59.381553333333336
4228,59.381553333333336
4229,59.381553333333336
4230,59.381553333333336
4231,59.381553333333336
4232,59.381553333333336
4233,40.63003333333333
4234,40.63003333333333
4235,40.63003333333333
4236,40.63003333333333
4237,42.169533333333334
4238,34.60203333333333
4239,34.60203333333333
4240,34.60203333333333
4241,34.60203333333333
4242,49.73703333333333
4243,48.83303333333333
4244,39.79103333333333
4245,39.79103333333333
4246,39.79103333333333
4247,39.79103333333333
4248,54.86103333333333
4249,59.381553333333336
4250,59.381553333333336
4251,59.381553333333336
4252,59.381553333333336
4253,59.381553333333336
4254,59.381553333333336
4255,59.381553333333336
4256,59.381553333333336
4257,40.63003333333333
4258,40.63003333333333
4259,40.63003333333333
4260,40.63003333333333
4261,42.169533333333334
4262,34.60203333333333
4263,34.60203333333333
4264,26.976033333333334
4265,26.976033333333334
4266,42.11103333333333
4267,42.11103333333333
4268,27.506033333333335
4269,27.506033333333335
4270,27.506033333333335
4271,27.506033333333335
4272,48.13903333333333
4273,59.381553333333336
4274,59.381553333333336
4275,59.381553333333336
4276,59.381553333333336
4277,59.381553333333336
4278,59.381553333333336
4279,59.381553333333336
4280,59.381553333333336
4281,40.63003333333333
4282,40.63003333333333
4283,40.63003333333333
4284,40.63003333333333
4285,42.169533333333334
4286,34.60203333333333
4287,34.60203333333333
4288,33.69803333333333
4289,33.69803333333333
4290,48.83303333333333
4291,48.83303333333333
4292,39.79103333333333
4293,39.79103333333333
4294,39.79103333333333
4295,39.79103333333333
4296,54.86103333333333
4297,56.66955333333333
4298,56.66955333333333
4299,59.381553333333336
4300,59.381553333333336
4301,59.381553333333336
4302,59.381553333333336
4303,59.381553333333336
4304,59.381553333333336
4305,42.43803333333334
4306,42.43803333333334
4307,40.63003333333333
4308,40.63003333333333
4309,42.169533333333334
4310,34.60203333333333
4311,34.60203333333333
4312,29.688033333333333
4313,29.688033333333333
4314,42.11103333333333
4315,42.11103333333333
4316,25.698033333333335
4317,25.698033333333335
4318,27.506033333333335
4319,27.506033333333335
4320,49.94703333333333
4321,56.66955333333333
4322,56.66955333333333
4323,59.381553333333336
4324,59.381553333333336
4325,59.381553333333336
4326,59.381553333333336
4327,59.381553333333336
4328,59.381553333333336
4329,57.573033333333335
4330,57.573033333333335
4331,55.765033333333335
4332,55.765033333333335
4333,49.73703333333333
4334,49.73703333333333
4335,49.73703333333333
4336,44.82303333333333
4337,44.82303333333333
4338,42.11103333333333
4339,42.11103333333333
4340,25.698033333333335
4341,25.698033333333335
4342,27.506033333333335
4343,27.506033333333335
4344,49.94703333333333
4345,56.66955333333333
4346,54.86155333333333
4347,59.381553333333336
4348,59.381553333333336
4349,59.381553333333336
4350,59.381553333333336
4351,59.381553333333336
4352,59.381553333333336
4353,57.573033333333335
4354,57.573033333333335
4355,55.765033333333335
4356,55.765033333333335
4357,49.73703333333333
4358,49.73703333333333
4359,49.73703333333333
4360,44.82303333333333
4361,44.82303333333333
4362,42.11103333333333
4363,42.11103333333333
4364,25.698033333333335
4365,25.698033333333335
4366,27.506033333333335
4367,27.506033333333335
4368,49.94703333333333
4369,59.381553333333336
4370,59.381553333333336
4371,59.381553333333336
4372,59.381553333333336
4373,59.381553333333336
4374,59.381553333333336
4375,59.381553333333336
4376,59.381553333333336
4377,40.63003333333333
4378,40.63003333333333
4379,40.63003333333333
4380,40.63003333333333
4381,42.169533333333334
4382,34.60203333333333
4383,34.60203333333333
4384,34.60203333333333
4385,34.60203333333333
4386,49.73703333333333
4387,48.83303333333333
4388,39.79103333333333
4389,39.79103333333333
4390,39.79103333333333
4391,39.79103333333333
4392,54.86103333333333
4393,59.381553333333336
4394,59.381553333333336
4395,59.381553333333336
4396,59.381553333333336
4397,59.381553333333336
4398,59.381553333333336
4399,59.381553333333336
4400,59.381553333333336
4401,40.63003333333333
4402,40.63003333333333
4403,40.63003333333333
4404,40.63003333333333
4405,42.169533333333334
4406,34.60203333333333
4407,34.60203333333333
4408,34.60203333333333
4409,34.60203333333333
4410,49.73703333333333
4411,48.83303333333333
4412,39.79103333333333
4413,39.79103333333333
4414,39.79103333333333
4415,39.79103333333333
4416,54.86103333333333
4417,59.381553333333336
4418,59.381553333333336
4419,59.381553333333336
4420,59.381553333333336
4421,59.381553333333336
4422,59.381553333333336
4423,59.381553333333336
4424,59.381553333333336
4425,40.63003333333333
4426,40.63003333333333
4427,40.63003333333333
4428,40.63003333333333
4429,42.169533333333334
4430,34.60203333333333
4431,34.60203333333333
4432,26.976033333333334
4433,26.976033333333334
4434,42.11103333333333
4435,42.11103333333333
4436,27.506033333333335
4437,27.506033333333335
4438,27.506033333333335
4439,27.506033333333335
4440,48.13903333333333
4441,59.381553333333336
4442,59.381553333333336
4443,59.381553333333336
4444,59.381553333333336
4445,59.381553333333336
4446,59.381553333333336
4447,59.381553333333336
4448,59.381553333333336
4449,40.63003333333333
4450,40.63003333333333
4451,40.63003333333333
4452,40.63003333333333
4453,42.169533333333334
4454,34.60203333333333
4455,34.60203333333333
4456,33.69803333333333
4457,33.69803333333333
4458,48.83303333333333
4459,48.83303333333333
4460,39.79103333333333
4461,39.79103333333333
4462,39.79103333333333
4463,39.79103333333333
4464,54.86103333333333
4465,56.66955333333333
4466,56.66955333333333
4467,59.381553333333336
4468,59.381553333333336
4469,59.381553333333336
4470,59.381553333333336
4471,59.381553333333336
4472,59.381553333333336
4473,42.43803333333334
4474,42.43803333333334
4475,40.63003333333333
4476,40.63003333333333
4477,42.169533333333334
4478,34.60203333333333
4479,34.60203333333333
4480,29.688033333333333
4481,29.688033333333333
4482,42.11103333333333
4483,42.11103333333333
4484,25.698033333333335
4485,25.698033333333335
4486,27.506033333333335
4487,27.506033333333335
4488,49.94703333333333
4489,56.66955333333333
4490,56.66955333333333
4491,59.381553333333336
4492,59.381553333333336
4493,59.381553333333336
4494,59.381553333333336
4495,59.381553333333336
4496,59.381553333333336
4497,57.573033333333335
4498,57.573033333333335
4499,55.765033333333335
4500,55.765033333333335
4501,49.73703333333333
4502,49.73703333333333
4503,49.73703333333333
4504,44.82303333333333
4505,44.82303333333333
4506,42.11103333333333
4507,42.11103333333333
4508,25.698033333333335
4509,25.698033333333335
4510,27.506033333333335
4511,27.506033333333335
4512,49.94703333333333
4513,56.66955333333333
4514,54.86155333333333
4515,59.381553333333336
4516,59.381553333333336
4517,59.381553333333336
4518,59.381553333333336
4519,59.381553333333336
4520,59.381553333333336
4521,57.573033333333335
4522,57.573033333333335
4523,55.765033333333335
4524,55.765033333333335
4525,49.73703333333333
4526,49.73703333333333
4527,49.73703333333333
4528,44.82303333333333
4529,44.82303333333333
4530,42.11103333333333
4531,42.11103333333333
4532,25.698033333333335
4533,25.698033333333335
4534,27.506033333333335
4535,27.506033333333335
4536,49.94703333333333
4537,59.381553333333336
4538,59.381553333333336
4539,59.381553333333336
4540,59.381553333333336
4541,59.381553333333336
4542,59.381553333333336
4543,59.381553333333336
4544,59.381553333333336
4545,40.63003333333333
4546,40.63003333333333
4547,40.63003333333333
4548,40.63003333333333
4549,42.169533333333334
4550,34.60203333333333
4551,34.60203333333333
4552,34.60203333333333
4553,34.60203333333333
4554,49.73703333333333
4555,48.83303333333333
4556,39.79103333333333
4557,39.79103333333333
4558,39.79103333333333
4559,39.79103333333333
4560,54.86103333333333
4561,59.381553333333336
4562,59.381553333333336
4563,59.381553333333336
4564,59.381553333333336
4565,59.381553333333336
4566,59.381553333333336
4567,59.381553333333336
4568,59.381553333333336
4569,40.63003333333333
4570,40.63003333333333
4571,40.63003333333333
4572,40.63003333333333
4573,42.169533333333334
4574,34.60203333333333
4575,34.60203333333333
4576,34.60203333333333
4577,34.60203333333333
4578,49.73703333333333
4579,48.83303333333333
4580,39.79103333333333
4581,39.79103333333333
4582,39.79103333333333
4583,39.79103333333333
4584,54.86103333333333
4585,59.381553333333336
4586,59.381553333333336
4587,59.381553333333336
4588,59.381553333333336
4589,59.381553333333336
4590,59.381553333333336
4591,59.381553333333336
4592,59.381553333333336
4593,40.63003333333333
4594,40.63003333333333
4595,40.63003333333333
4596,40.63003333333333
4597,42.169533333333334
4598,34.60203333333333
4599,34.60203333333333
4600,26.976033333333334
4601,26.976033333333334
4602,42.11103333333333
4603,42.11103333333333
4604,27.506033333333335
4605,27.506033333333335
4606,27.506033333333335
4607,27.506033333333335
4608,48.13903333333333
4609,59.381553333333336
4610,59.381553333333336
4611,59.381553333333336
4612,59.381553333333336
4613,59.381553333333336
4614,59.381553333333336
4615,59.381553333333336
4616,59.381553333333336
4617,40.63003333333333
4618,40.63003333333333
4619,40.63003333333333
4620,40.63003333333333
4621,42.169533333333334
4622,34.60203333333333
4623,34.60203333333333
4624,33.69803333333333
4625,33.69803333333333
4626,48.83303333333333
4627,48.83303333333333
4628,39.79103333333333
4629,39.79103333333333
4630,39.79103333333333
4631,39.79103333333333
4632,54.86103333333333
4633,56.66955333333333
4634,56.66955333333333
4635,59.381553333333336
4636,59.381553333333336
4637,59.381553333333336
4638,59.381553333333336
4639,59.381553333333336
4640,59.381553333333336
4641,42.43803333333334
4642,42.43803333333334
4643,40.63003333333333
4644,40.63003333333333
4645,42.169533333333334
4646,34.60203333333333
4647,34.60203333333333
4648,29.688033333333333
4649,29.688033333333333
4650,42.11103333333333
4651,42.11103333333333
4652,25.698033333333335
4653,25.698033333333335
4654,27.506033333333335
4655,27.506033333333335
4656,49.94703333333333
4657,56.66955333333333
4658,56.66955333333333
4659,59.381553333333336
4660,59.381553333333336
4661,59.381553333333336
4662,59.381553333333336
4663,59.381553333333336
4664,59.381553333333336
4665,57.573033333333335
4666,57.573033333333335
4667,55.765033333333335
4668,55.765033333333335
4669,49.73703333333333
4670,49.73703333333333
4671,49.73703333333333
4672,44.82303333333333
4673,44.82303333333333
4674,42.11103333333333
4675,42.11103333333333
4676,25.698033333333335
4677,25.698033333333335
4678,27.506033333333335
4679,27.506033333333335
4680,49.94703333333333
4681,56.66955333333333
4682,54.86155333333333
4683,59.381553333333336
4684,59.381553333333336
4685,59.381553333333336
4686,59.381553333333336
4687,59.381553333333336
4688,59.381553333333336
4689,57.573033333333335
4690,57.573033333333335
4691,55.765033333333335
4692,55.765033333333335
4693,49.73703333333333
4694,49.73703333333333
4695,49.73703333333333
4696,44.82303333333333
4697,44.82303333333333
4698,42.11103333333333
4699,42.11103333333333
4700,25.698033333333335
4701,25.698033333333335
4702,27.506033333333335
4703,27.506033333333335
4704,49.94703333333333
4705,59.381553333333336
4706,59.381553333333336
4707,59.381553333333336
4708,59.381553333333336
4709,59.381553333333336
4710,59.381553333333336
4711,59.381553333333336
4712,59.381553333333336
4713,40.63003333333333
4714,40.63003333333333
4715,40.63003333333333
4716,40.63003333333333
4717,42.169533333333334
4718,34.60203333333333
4719,34.60203333333333
4720,34.60203333333333
4721,34.60203333333333
4722,49.73703333333333
4723,48.83303333333333
4724,39.79103333333333
4725,39.79103333333333
4726,39.79103333333333
4727,39.79103333333333
4728,54.86103333333333
4729,59.381553333333336
4730,59.381553333333336
4731,59.381553333333336
4732,59.381553333333336
4733,59.381553333333336
4734,59.381553333333336
4735,59.381553333333336
4736,59.381553333333336
4737,40.63003333333333
4738,40.63003333333333
4739,40.63003333333333
4740,40.63003333333333
4741,42.169533333333334
4742,34.60203333333333
4743,34.60203333333333
4744,34.60203333333333
4745,34.60203333333333
4746,49.73703333333333
4747,48.83303333333333
4748,39.79103333333333
4749,39.79103333333333
4750,39.79103333333333
4751,39.79103333333333
4752,54.86103333333333
4753,59.381553333333336
4754,59.381553333333336
4755,59.381553333333336
4756,59.381553333333336
4757,59.381553333333336
4758,59.381553333333336
4759,59.381553333333336
4760,59.381553333333336
4761,40.63003333333333
4762,40.63003333333333
4763,40.63003333333333
4764,40.63003333333333
4765,42.169533333333334
4766,34.60203333333333
4767,34.60203333333333
4768,26.976033333333334
4769,26.976033333333334
4770,42.11103333333333
4771,42.11103333333333
4772,27.506033333333335
4773,27.506033333333335
4774,27.506033333333335
4775,27.506033333333335
4776,48.13903333333333
4777,59.381553333333336
4778,59.381553333333336
4779,59.381553333333336
4780,59.381553333333336
4781,59.381553333333336
4782,59.381553333333336
4783,59.381553333333336
4784,59.381553333333336
4785,40.63003333333333
4786,40.63003333333333
4787,40.63003333333333
4788,40.63003333333333
4789,42.169533333333334
4790,34.60203333333333
4791,34.60203333333333
4792,33.69803333333333
4793,33.69803333333333
4794,48.83303333333333
4795,48.83303333333333
4796,39.79103333333333
4797,39.79103333333333
4798,39.79103333333333
4799,39.79103333333333
4800,54.86103333333333
4801,56.66955333333333
4802,56.66955333333333
4803,59.381553333333336
4804,59.381553333333336
4805,59.381553333333336
4806,59.381553333333336
4807,59.381553333333336
4808,59.381553333333336
4809,42.43803333333334
4810,42.43803333333334
4811,40.63003333333333
4812,40.63003333333333
4813,42.169533333333334
4814,34.60203333333333
4815,34.60203333333333
4816,29.688033333333333
4817,29.688033333333333
4818,42.11103333333333
4819,42.11103333333333
4820,25.698033333333335
4821,25.698033333333335
4822,27.506033333333335
4823,27.506033333333335
4824,49.94703333333333
4825,56.66955333333333
4826,56.66955333333333
4827,59.381553333333336
4828,59.381553333333336
4829,59.381553333333336
4830,59.381553333333336
4831,59.381553333333336
4832,59.381553333333336
4833,57.573033333333335
4834,57.573033333333335
4835,55.765033333333335
4836,55.765033333333335
4837,49.73703333333333
4838,49.73703333333333
4839,49.73703333333333
4840,44.82303333333333
4841,44.82303333333333
4842,42.11103333333333
4843,42.11103333333333
4844,25.698033333333335
4845,25.698033333333335
4846,27.506033333333335
4847,27.506033333333335
4848,49.94703333333333
4849,56.66955333333333
4850,54.86155333333333
4851,59.381553333333336
4852,59.381553333333336
4853,59.381553333333336
4854,59.381553333333336
4855,59.381553333333336
4856,59.381553333333336
4857,57.573033333333335
4858,57.573033333333335
4859,55.765033333333335
4860,55.765033333333335
4861,49.73703333333333
4862,49.73703333333333
4863,49.73703333333333
4864,44.82303333333333
4865,44.82303333333333
4866,42.11103333333333
4867,42.11103333333333
4868,25.698033333333335
4869,25.698033333333335
4870,27.506033333333335
4871,27.506033333333335
4872,49.94703333333333
4873,59.381553333333336
4874,59.381553333333336
4875,59.381553333333336
4876,59.381553333333336
4877,59.381553333333336
4878,59.381553333333336
4879,59.381553333333336
4880,59.381553333333336
4881,40.63003333333333
4882,40.63003333333333
4883,40.63003333333333
4884,40.63003333333333
4885,42.169533333333334
4886,34.60203333333333
4887,34.60203333333333
4888,34.60203333333333
4889,34.60203333333333
4890,49.73703333333333
4891,48.83303333333333
4892,39.79103333333333
4893,39.79103333333333
4894,39.79103333333333
4895,39.79103333333333
4896,54.86103333333333
4897,59.381553333333336
4898,59.381553333333336
4899,59.381553333333336
4900,59.381553333333336
4901,59.381553333333336
4902,59.381553333333336
4903,59.381553333333336
4904,59.381553333333336
4905,40.63003333333333
4906,40.63003333333333
4907,40.63003333333333
4908,40.63003333333333
4909,42.169533333333334
4910,34.60203333333333
4911,34.60203333333333
4912,34.60203333333333
4913,34.60203333333333
4914,49.73703333333333
4915,48.83303333333333
4916,39.79103333333333
4917,39.79103333333333
4918,39.79103333333333
4919,39.79103333333333
4920,54.86103333333333
4921,59.381553333333336
4922,59.381553333333336
4923,59.381553333333336
4924,59.381553333333336
4925,59.381553333333336
4926,59.381553333333336
4927,59.381553333333336
4928,59.381553333333336
4929,40.63003333333333
4930,40.63003333333333
4931,40.63003333333333
4932,40.63003333333333
4933,42.169533333333334
4934,34.60203333333333
4935,34.60203333333333
4936,26.976033333333334
4937,26.976033333333334
4938,42.11103333333333
4939,42.11103333333333
4940,27.506033333333335
4941,27.506033333333335
4942,27.506033333333335
4943,27.506033333333335
4944,48.13903333333333
4945,59.381553333333336
4946,59.381553333333336
4947,59.381553333333336
4948,59.381553333333336
4949,59.381553333333336
4950,59.381553333333336
4951,59.381553333333336
4952,59.381553333333336
4953,40.63003333333333
4954,40.63003333333333
4955,40.63003333333333
4956,40.63003333333333
4957,42.169533333333334
4958,34.60203333333333
4959,34.60203333333333
4960,33.69803333333333
4961,33.69803333333333
4962,48.83303333333333
4963,48.83303333333333
4964,39.79103333333333
4965,39.79103333333333
4966,39.79103333333333
4967,39.79103333333333
4968,54.86103333333333
4969,56.66955333333333
4970,56.66955333333333
4971,59.381553333333336
4972,59.381553333333336
4973,59.381553333333336
4974,59.381553333333336
4975,59.381553333333336
4976,59.381553333333336
4977,42.43803333333334
4978,42.43803333333334
4979,40.63003333333333
4980,40.63003333333333
4981,42.169533333333334
4982,34.60203333333333
4983,34.60203333333333
4984,29.688033333333333
4985,29.688033333333333
4986,42.11103333333333
4987,42.11103333333333
4988,25.698033333333335
4989,25.698033333333335
4990,27.506033333333335
4991,27.506033333333335
4992,49.94703333333333
4993,56.66955333333333
4994,56.66955333333333
4995,59.381553333333336
4996,59.381553333333336
4997,59.381553333333336
4998,59.381553333333336
4999,59.381553333333336
5000,59.381553333333336
5001,57.573033333333335
5002,57.573033333333335
5003,55.765033333333335
5004,55.765033333333335
5005,49.73703333333333
5006,49.73703333333333
5007,49.73703333333333
5008,44.82303333333333
5009,44.82303333333333
5010,42.11103333333333
5011,42.11103333333333
5012,25.698033333333335
5013,25.698033333333335
5014,27.506033333333335
5015,27.506033333333335
5016,49.94703333333333
5017,56.66955333333333
5018,54.86155333333333
5019,59.381553333333336
5020,59.381553333333336
5021,59.381553333333336
5022,59.381553333333336
5023,59.381553333333336
5024,59.381553333333336
5025,57.573033333333335
5026,57.573033333333335
5027,55.765033333333335
5028,55.765033333333335
5029,49.73703333333333
5030,49.73703333333333
5031,49.73703333333333
5032,44.82303333333333
5033,44.82303333333333
5034,42.11103333333333
5035,42.11103333333333
5036,25.698033333333335
5037,25.698033333333335
5038,27.506033333333335
5039,27.506033333333335
5040,49.94703333333333
5041,59.381553333333336
5042,59.381553333333336
5043,59.381553333333336
5044,59.381553333333336
5045,59.381553333333336
5046,59.381553333333336
5047,59.381553333333336
5048,59.381553333333336
5049,40.63003333333333
5050,40.63003333333333
5051,40.63003333333333
5052,40.63003333333333
5053,42.169533333333334
5054,34.60203333333333
5055,34.60203333333333
5056,34.60203333333333
5057,34.60203333333333
5058,49.73703333333333
5059,48.83303333333333
5060,39.79103333333333
5061,39.79103333333333
5062,39.79103333333333
5063,39.79103333333333
5064,54.86103333333333
5065,59.381553333333336
5066,59.381553333333336
5067,59.381553333333336
5068,59.381553333333336
5069,59.381553333333336
5070,59.381553333333336
5071,59.381553333333336
5072,59.381553333333336
5073,40.63003333333333
5074,40.63003333333333
5075,40.63003333333333
5076,40.63003333333333
5077,42.169533333333334
5078,34.60203333333333
5079,34.60203333333333
5080,34.60203333333333
5081,34.60203333333333
5082,49.73703333333333
5083,48.83303333333333
5084,39.79103333333333
5085,39.79103333333333
5086,39.79103333333333
5087,39.79103333333333
5088,54.86103333333333
5089,59.381553333333336
5090,59.381553333333336
5091,59.381553333333336
5092,59.381553333333336
5093,59.381553333333336
5094,59.381553333333336
5095,59.381553333333336
5096,59.381553333333336
5097,40.63003333333333
5098,40.63003333333333
5099,40.63003333333333
5100,40.63003333333333
5101,42.169533333333334
5102,34.60203333333333
5103,34.60203333333333
5104,26.976033333333334
5105,26.976033333333334
5106,42.11103333333333
5107,42.11103333333333
5108,27.506033333333335
5109,27.506033333333335
5110,27.506033333333335
5111,27.506033333333335
5112,48.13903333333333
5113,59.381553333333336
5114,59.381553333333336
5115,59.381553333333336
5116,59.381553333333336
5117,59.381553333333336
5118,59.381553333333336
5119,59.381553333333336
5120,59.381553333333336
5121,40.63003333333333
5122,40.63003333333333
5123,40.63003333333333
5124,40.63003333333333
5125,42.169533333333334
5126,34.60203333333333
5127,34.60203333333333
5128,33.69803333333333
5129,33.69803333333333
5130,48.83303333333333
5131,48.83303333333333
5132,39.79103333333333
5133,39.79103333333333
5134,39.79103333333333
5135,39.79103333333333
5136,54.86103333333333
5137,56.66955333333333
5138,56.66955333333333
5139,59.381553333333336
5140,59.381553333333336
5141,59.381553333333336
5142,59.381553333333336
5143,59.381553333333336
5144,59.381553333333336
5145,42.43803333333334
5146,42.43803333333334
5147,40.63003333333333
5148,40.63003333333333
5149,42.169533333333334
5150,34.60203333333333
5151,34.60203333333333
5152,29.688033333333333
5153,29.688033333333333
5154,42.11103333333333
5155,42.11103333333333
5156,25.698033333333335
5157,25.698033333333335
5158,27.506033333333335
5159,27.506033333333335
5160,49.94703333333333
5161,56.66955333333333
5162,56.66955333333333
5163,59.381553333333336
5164,59.381553333333336
5165,59.381553333333336
5166,59.381553333333336
5167,59.381553333333336
5168,59.381553333333336
5169,57.573033333333335
5170,57.573033333333335
5171,55.765033333333335
5172,55.765033333333335
5173,49.73703333333333
5174,49.73703333333333
5175,49.73703333333333
5176,44.82303333333333
5177,44.82303333333333
5178,42.11103333333333
5179,42.11103333333333
5180,25.698033333333335
5181,25.698033333333335
5182,27.506033333333335
5183,27.506033333333335
5184,49.94703333333333
5185,56.66955333333333
5186,54.86155333333333
5187,59.381553333333336
5188,59.381553333333336
5189,59.381553333333336
5190,59.381553333333336
5191,59.381553333333336
5192,59.381553333333336
5193,57.573033333333335
5194,57.573033333333335
5195,55.765033333333335
5196,55.765033333333335
5197,49.73703333333333
5198,49.73703333333333
5199,49.73703333333333
5200,44.82303333333333
5201,44.82303333333333
5202,42.11103333333333
5203,42.11103333333333
5204,25.698033333333335
5205,25.698033333333335
5206,27.506033333333335
5207,27.506033333333335
5208,49.94703333333333
5209,59.381553333333336
5210,59.381553333333336
5211,59.381553333333336
5212,59.381553333333336
5213,59.381553333333336
5214,59.381553333333336
5215,59.381553333333336
5216,59.381553333333336
5217,40.63003333333333
5218,40.63003333333333
5219,40.63003333333333
5220,40.63003333333333
5221,42.169533333333334
5222,34.60203333333333
5223,34.60203333333333
5224,34.60203333333333
5225,34.60203333333333
5226,49.73703333333333
5227,48.83303333333333
5228,39.79103333333333
5229,39.79103333333333
5230,39.79103333333333
5231,39.79103333333333
5232,54.86103333333333
5233,59.381553333333336
5234,59.381553333333336
5235,59.381553333333336
5236,59.381553333333336
5237,59.381553333333336
5238,59.381553333333336
5239,59.381553333333336
5240,59.381553333333336
5241,40.63003333333333
5242,40.63003333333333
5243,40.63003333333333
5244,40.63003333333333
5245,42.169533333333334
5246,34.60203333333333
5247,34.60203333333333
5248,34.60203333333333
5249,34.60203333333333
5250,49.73703333333333
5251,48.83303333333333
5252,39.79103333333333
5253,39.79103333333333
5254,39.79103333333333
5255,39.79103333333333
5256,54.86103333333333
5257,59.381553333333336
5258,59.381553333333336
5259,59.381553333333336
5260,59.381553333333336
5261,59.381553333333336
5262,59.381553333333336
5263,59.381553333333336
5264,59.381553333333336
5265,40.63003333333333
5266,40.63003333333333
5267,40.63003333333333
5268,40.63003333333333
5269,42.169533333333334
5270,34.60203333333333
5271,34.60203333333333
5272,26.976033333333334
5273,26.976033333333334
5274,42.11103333333333
5275,42.11103333333333
5276,27.506033333333335
5277,27.506033333333335
5278,27.506033333333335
5279,27.506033333333335
5280,48.13903333333333
5281,59.381553333333336
5282,59.381553333333336
5283,59.381553333333336
5284,59.381553333333336
5285,59.381553333333336
5286,59.381553333333336
5287,59.381553333333336
5288,59.381553333333336
5289,40.63003333333333
5290,40.63003333333333
5291,40.63003333333333
5292,40.63003333333333
5293,42.169533333333334
5294,34.60203333333333
5295,34.60203333333333
5296,33.69803333333333
5297,33.69803333333333
5298,48.83303333333333
5299,48.83303333333333
5300,39.79103333333333
5301,39.79103333333333
5302,39.79103333333333
5303,39.79103333333333
5304,54.86103333333333
5305,56.66955333333333
5306,56.66955333333333
5307,59.381553333333336
5308,59.381553333333336
5309,59.381553333333336
5310,59.381553333333336
5311,59.381553333333336
5312,59.381553333333336
5313,42.43803333333334
5314,42.43803333333334
5315,40.63003333333333
5316,40.63003333333333
5317,42.169533333333334
5318,34.60203333333333
5319,34.60203333333333
5320,29.688033333333333
5321,29.688033333333333
5322,42.11103333333333
5323,42.11103333333333
5324,25.698033333333335
5325,25.698033333333335
5326,27.506033333333335
5327,27.506033333333335
5328,49.94703333333333
5329,56.66955333333333
5330,56.66955333333333
5331,59.381553333333336
5332,59.381553333333336
5333,59.381553333333336
5334,59.381553333333336
5335,59.381553333333336
5336,59.381553333333336
5337,57.573033333333335
5338,57.573033333333335
5339,55.765033333333335
5340,55.765033333333335
5341,49.73703333333333
5342,49.73703333333333
5343,49.73703333333333
5344,44.82303333333333
5345,44.82303333333333
5346,42.11103333333333
5347,42.11103333333333
5348,25.698033333333335
5349,25.698033333333335
5350,27.506033333333335
5351,27.506033333333335
5352,49.94703333333333
5353,56.66955333333333
5354,54.86155333333333
5355,59.381553333333336
5356,59.381553333333336
5357,59.381553333333336
5358,59.381553333333336
5359,59.381553333333336
5360,59.381553333333336
5361,57.573033333333335
5362,57.573033333333335
5363,55.765033333333335
5364,55.765033333333335
5365,49.73703333333333
5366,49.73703333333333
5367,49.73703333333333
5368,44.82303333333333
5369,44.82303333333333
5370,42.11103333333333
5371,42.11103333333333
5372,25.698033333333335
5373,25.698033333333335
5374,27.506033333333335
5375,27.506033333333335
5376,49.94703333333333
5377,59.381553333333336
5378,59.381553333333336
5379,59.381553333333336
5380,59.381553333333336
5381,59.381553333333336
5382,59.381553333333336
5383,59.381553333333336
5384,59.381553333333336
5385,40.63003333333333
5386,40.63003333333333
5387,40.63003333333333
5388,40.63003333333333
5389,42.169533333333334
5390,34.60203333333333
5391,34.60203333333333
5392,34.60203333333333
5393,34.60203333333333
5394,49.73703333333333
5395,48.83303333333333
5396,39.79103333333333
5397,39.79103333333333
5398,39.79103333333333
5399,39.79103333333333
5400,54.86103333333333
5401,59.381553333333336
5402,59.381553333333336
5403,59.381553333333336
5404,59.381553333333336
5405,59.381553333333336
5406,59.381553333333336
5407,59.381553333333336
5408,59.381553333333336
5409,40.63003333333333
5410,40.63003333333333
5411,40.63003333333333
5412,40.63003333333333
5413,42.169533333333334
5414,34.60203333333333
5415,34.60203333333333
5416,34.60203333333333
5417,34.60203333333333
5418,49.73703333333333
5419,48.83303333333333
5420,39.79103333333333
5421,39.79103333333333
5422,39.79103333333333
5423,39.79103333333333
5424,54.86103333333333
5425,59.381553333333336
5426,59.381553333333336
5427,59.381553333333336
5428,59.381553333333336
5429,59.381553333333336
5430,59.381553333333336
5431,59.381553333333336
5432,59.381553333333336
5433,40.63003333333333
5434,40.63003333333333
5435,40.63003333333333
5436,40.63003333333333
5437,42.169533333333334
5438,34.60203333333333
5439,34.60203333333333
5440,26.976033333333334
5441,26.976033333333334
5442,42.11103333333333
5443,42.11103333333333
5444,27.506033333333335
5445,27.506033333333335
5446,27.506033333333335
5447,27.506033333333335
5448,48.13903333333333
5449,59.381553333333336
5450,59.381553333333336
5451,59.381553333333336
5452,59.381553333333336
5453,59.381553333333336
5454,59.381553333333336
5455,59.381553333333336
5456,59.381553333333336
5457,40.63003333333333
5458,40.63003333333333
5459,40.63003333333333
5460,40.63003333333333
5461,42.169533333333334
5462,34.60203333333333
5463,34.60203333333333
5464,33.69803333333333
5465,33.69803333333333
5466,48.83303333333333
5467,48.83303333333333
5468,39.79103333333333
5469,39.79103333333333
5470,39.79103333333333
5471,39.79103333333333
5472,54.86103333333333
5473,56.66955333333333
5474,56.66955333333333
5475,59.381553333333336
5476,59.381553333333336
5477,59.381553333333336
5478,59.381553333333336
5479,59.381553333333336
5480,59.381553333333336
5481,42.43803333333334
5482,42.43803333333334
5483,40.63003333333333
5484,40.63003333333333
5485,42.169533333333334
5486,34.60203333333333
5487,34.60203333333333
5488,29.688033333333333
5489,29.688033333333333
5490,42.11103333333333
5491,42.11103333333333
5492,25.698033333333335
5493,25.698033333333335
5494,27.506033333333335
5495,27.506033333333335
5496,49.94703333333333
5497,56.66955333333333
5498,56.66955333333333
5499,59.381553333333336
5500,59.381553333333336
5501,59.381553333333336
5502,59.381553333333336
5503,59.381553333333336
5504,59.381553333333336
5505,57.573033333333335
5506,57.573033333333335
5507,55.765033333333335
5508,55.765033333333335
5509,49.73703333333333
5510,49.73703333333333
5511,49.73703333333333
5512,44.82303333333333
5513,44.82303333333333
5514,42.11103333333333
5515,42.11103333333333
5516,25.698033333333335
5517,25.698033333333335
5518,27.506033333333335
5519,27.506033333333335
5520,49.94703333333333
5521,56.66955333333333
5522,54.86155333333333
5523,59.381553333333336
5524,59.381553333333336
5525,59.381553333333336
5526,59.381553333333336
5527,59.381553333333336
5528,59.381553333333336
5529,57.573033333333335
5530,57.573033333333335
5531,55.765033333333335
5532,55.765033333333335
5533,49.73703333333333
5534,49.73703333333333
5535,49.73703333333333
5536,44.82303333333333
5537,44.82303333333333
5538,42.11103333333333
5539,42.11103333333333
5540,25.698033333333335
5541,25.698033333333335
5542,27.506033333333335
5543,27.506033333333335
5544,49.94703333333333
5545,59.381553333333336
5546,59.381553333333336
5547,59.381553333333336
5548,59.381553333333336
5549,59.381553333333336
5550,59.381553333333336
5551,59.381553333333336
5552,59.381553333333336
5553,40.63003333333333
5554,40.63003333333333
5555,40.63003333333333
5556,40.63003333333333
5557,42.169533333333334
5558,34.60203333333333
5559,34.60203333333333
5560,34.60203333333333
5561,34.60203333333333
5562,49.73703333333333
5563,48.83303333333333
5564,39.79103333333333
5565,39.79103333333333
5566,39.79103333333333
5567,39.79103333333333
5568,54.86103333333333
5569,59.381553333333336
5570,59.381553333333336
5571,59.381553333333336
5572,59.381553333333336
5573,59.381553333333336
5574,59.381553333333336
5575,59.381553333333336
5576,59.381553333333336
5577,40.63003333333333
5578,40.63003333333333
5579,40.63003333333333
5580,40.63003333333333
5581,42.169533333333334
5582,34.60203333333333
5583,34.60203333333333
5584,34.60203333333333
5585,34.60203333333333
5586,49.73703333333333
5587,48.83303333333333
5588,39.79103333333333
5589,39.79103333333333
5590,39.79103333333333
5591,39.79103333333333
5592,54.86103333333333
5593,59.381553333333336
5594,59.381553333333336
5595,59.381553333333336
5596,59.381553333333336
5597,59.381553333333336
5598,59.381553333333336
5599,59.381553333333336
5600,59.381553333333336
5601,40.63003333333333
5602,40.63003333333333
5603,40.63003333333333
5604,40.63003333333333
5605,42.169533333333334
5606,34.60203333333333
5607,34.60203333333333
5608,26.976033333333334
5609,26.976033333333334
5610,42.11103333333333
5611,42.11103333333333
5612,27.506033333333335
5613,27.506033333333335
5614,27.506033333333335
5615,27.506033333333335
5616,48.13903333333333
5617,59.381553333333336
5618,59.381553333333336
5619,59.381553333333336
5620,59.381553333333336
5621,59.381553333333336
5622,59.381553333333336
5623,59.381553333333336
5624,59.381553333333336
5625,40.63003333333333
5626,40.63003333333333
5627,40.63003333333333
5628,40.63003333333333
5629,42.169533333333334
5630,34.60203333333333
5631,34.60203333333333
5632,33.69803333333333
5633,33.69803333333333
5634,48.83303333333333
5635,48.83303333333333
5636,39.79103333333333
5637,39.79103333333333
5638,39.79103333333333
5639,39.79103333333333
5640,54.86103333333333
5641,56.66955333333333
5642,56.66955333333333
5643,59.381553333333336
5644,59.381553333333336
5645,59.381553333333336
5646,59.381553333333336
5647,59.381553333333336
5648,59.381553333333336
5649,42.43803333333334
5650,42.43803333333334
5651,40.63003333333333
5652,40.63003333333333
5653,42.169533333333334
5654,34.60203333333333
5655,34.60203333333333
5656,29.688033333333333
5657,29.688033333333333
5658,42.11103333333333
5659,42.11103333333333
5660,25.698033333333335
5661,25.698033333333335
5662,27.506033333333335
5663,27.506033333333335
5664,49.94703333333333
5665,56.66955333333333
5666,56.66955333333333
5667,59.381553333333336
5668,59.381553333333336
5669,59.381553333333336
5670,59.381553333333336
5671,59.381553333333336
5672,59.381553333333336
5673,57.573033333333335
5674,57.573033333333335
5675,55.765033333333335
5676,55.765033333333335
5677,49.73703333333333
5678,49.73703333333333
5679,49.73703333333333
5680,44.82303333333333
5681,44.82303333333333
5682,42.11103333333333
5683,42.11103333333333
5684,25.698033333333335
5685,25.698033333333335
5686,27.506033333333335
5687,27.506033333333335
5688,49.94703333333333
5689,56.66955333333333
5690,54.86155333333333
5691,59.381553333333336
5692,59.381553333333336
5693,59.381553333333336
5694,59.381553333333336
5695,59.381553333333336
5696,59.381553333333336
5697,57.573033333333335
5698,57.573033333333335
5699,55.765033333333335
5700,55.765033333333335
5701,49.73703333333333
5702,49.73703333333333
5703,49.73703333333333
5704,44.82303333333333
5705,44.82303333333333
5706,42.11103333333333
5707,42.11103333333333
5708,25.698033333333335
5709,25.698033333333335
5710,27.506033333333335
5711,27.506033333333335
5712,49.94703333333333
5713,59.381553333333336
5714,59.381553333333336
5715,59.381553333333336
5716,59.381553333333336
5717,59.381553333333336
5718,59.381553333333336
5719,59.381553333333336
5720,59.381553333333336
5721,40.63003333333333
5722,40.63003333333333
5723,40.63003333333333
5724,40.63003333333333
5725,42.169533333333334
5726,34.60203333333333
5727,34.60203333333333
5728,34.60203333333333
5729,34.60203333333333
5730,49.73703333333333
5731,48.83303333333333
5732,39.79103333333333
5733,39.79103333333333
5734,39.79103333333333
5735,39.79103333333333
5736,54.86103333333333
5737,59.381553333333336
5738,59.381553333333336
5739,59.381553333333336
5740,59.381553333333336
5741,59.381553333333336
5742,59.381553333333336
5743,59.381553333333336
5744,59.381553333333336
5745,40.63003333333333
5746,40.63003333333333
5747,40.63003333333333
5748,40.63003333333333
5749,42.169533333333334
5750,34.60203333333333
5751,34.60203333333333
5752,34.60203333333333
5753,34.60203333333333
5754,49.73703333333333
5755,48.83303333333333
5756,39.79103333333333
5757,39.79103333333333
5758,39.79103333333333
5759,39.79103333333333
5760,54.86103333333333
5761,59.381553333333336
5762,59.381553333333336
5763,59.381553333333336
5764,59.381553333333336
5765,59.381553333333336
5766,59.381553333333336
5767,59.381553333333336
5768,59.381553333333336
5769,40.63003333333333
5770,40.63003333333333
5771,40.63003333333333
5772,40.63003333333333
5773,42.169533333333334
5774,34.60203333333333
5775,34.60203333333333
5776,26.976033333333334
5777,26.976033333333334
5778,42.11103333333333
5779,42.11103333333333
5780,27.506033333333335
5781,27.506033333333335
5782,27.506033333333335
5783,27.506033333333335
5784,48.13903333333333
5785,59.381553333333336
5786,59.381553333333336
5787,59.381553333333336
5788,59.381553333333336
5789,59.381553333333336
5790,59.381553333333336
5791,59.381553333333336
5792,59.381553333333336
5793,40.63003333333333
5794,40.63003333333333
5795,40.63003333333333
5796,40.63003333333333
5797,42.169533333333334
5798,34.60203333333333
5799,34.60203333333333
5800,33.69803333333333
5801,33.69803333333333
5802,48.83303333333333
5803,48.83303333333333
5804,39.79103333333333
5805,39.79103333333333
5806,39.79103333333333
5807,39.79103333333333
5808,54.86103333333333
5809,56.66955333333333
5810,56.66955333333333
5811,59.381553333333336
5812,59.381553333333336
5813,59.381553333333336
5814,59.381553333333336
5815,59.381553333333336
5816,59.381553333333336
5817,42.43803333333334
5818,42.43803333333334
5819,40.63003333333333
5820,40.63003333333333
5821,42.169533333333334
5822,34.60203333333333
5823,34.60203333333333
5824,29.688033333333333
5825,29.688033333333333
5826,42.11103333333333
5827,42.11103333333333
5828,25.698033333333335
5829,25.698033333333335
5830,27.506033333333335
5831,27.506033333333335
5832,49.94703333333333
5833,56.66955333333333
5834,56.66955333333333
5835,59.381553333333336
5836,59.381553333333336
5837,59.381553333333336
5838,59.381553333333336
5839,59.381553333333336
5840,59.381553333333336
5841,57.573033333333335
5842,57.573033333333335
5843,55.765033333333335
5844,55.765033333333335
5845,49.73703333333333
5846,49.73703333333333
5847,49.73703333333333
5848,44.82303333333333
5849,44.82303333333333
5850,42.11103333333333
5851,42.11103333333333
5852,25.698033333333335
5853,25.698033333333335
5854,27.506033333333335
5855,27.506033333333335
5856,49.94703333333333
5857,56.66955333333333
5858,54.86155333333333
5859,59.381553333333336
5860,59.381553333333336
5861,59.381553333333336
5862,59.381553333333336
5863,59.381553333333336
5864,59.381553333333336
5865,57.573033333333335
5866,57.573033333333335
5867,55.765033333333335
5868,55.765033333333335
5869,49.73703333333333
5870,49.73703333333333
5871,49.73703333333333
5872,44.82303333333333
5873,44.82303333333333
5874,42.11103333333333
5875,42.11103333333333
5876,25.698033333333335
5877,25.698033333333335
5878,27.506033333333335
5879,27.506033333333335
5880,49.94703333333333
5881,59.381553333333336
5882,59.381553333333336
5883,59.381553333333336
5884,59.381553333333336
5885,59.381553333333336
5886,59.381553333333336
5887,59.381553333333336
5888,59.381553333333336
5889,40.63003333333333
5890,40.63003333333333
5891,40.63003333333333
5892,40.63003333333333
5893,42.169533333333334
5894,34.60203333333333
5895,34.60203333333333
5896,34.60203333333333
5897,34.60203333333333
5898,49.73703333333333
5899,48.83303333333333
5900,39.79103333333333
5901,39.79103333333333
5902,39.79103333333333
5903,39.79103333333333
5904,54.86103333333333
5905,59.381553333333336
5906,59.381553333333336
5907,59.381553333333336
5908,59.381553333333336
5909,59.381553333333336
5910,59.381553333333336
5911,59.381553333333336
5912,59.381553333333336
5913,40.63003333333333
5914,40.63003333333333
5915,40.63003333333333
5916,40.63003333333333
5917,42.169533333333334
5918,34.60203333333333
5919,34.60203333333333
5920,34.60203333333333
5921,34.60203333333333
5922,49.73703333333333
5923,48.83303333333333
5924,39.79103333333333
5925,39.79103333333333
5926,39.79103333333333
5927,39.79103333333333
5928,54.86103333333333
5929,59.381553333333336
5930,59.381553333333336
5931,59.381553333333336
5932,59.381553333333336
5933,59.381553333333336
5934,59.381553333333336
5935,59.381553333333336
5936,59.381553333333336
5937,40.63003333333333
5938,40.63003333333333
5939,40.63003333333333
5940,40.63003333333333
5941,42.169533333333334
5942,34.60203333333333
5943,34.60203333333333
5944,26.976033333333334
5945,26.976033333333334
5946,42.11103333333333
5947,42.11103333333333
5948,27.506033333333335
5949,27.506033333333335
5950,27.506033333333335
5951,27.506033333333335
5952,48.13903333333333
5953,59.381553333333336
5954,59.381553333333336
5955,59.381553333333336
5956,59.381553333333336
5957,59.381553333333336
5958,59.381553333333336
5959,59.381553333333336
5960,59.381553333333336
5961,40.63003333333333
5962,40.63003333333333
5963,40.63003333333333
5964,40.63003333333333
5965,42.169533333333334
5966,34.60203333333333
5967,34.60203333333333
5968,33.69803333333333
5969,33.69803333333333
5970,48.83303333333333
5971,48.83303333333333
5972,39.79103333333333
5973,39.79103333333333
5974,39.79103333333333
5975,39.79103333333333
5976,54.86103333333333
5977,56.66955333333333
5978,56.66955333333333
5979,59.381553333333336
5980,59.381553333333336
5981,59.381553333333336
5982,59.381553333333336
5983,59.381553333333336
5984,59.381553333333336
5985,42.43803333333334
5986,42.43803333333334
5987,40.63003333333333
5988,40.63003333333333
5989,42.169533333333334
5990,34.60203333333333
5991,34.60203333333333
5992,29.688033333333333
5993,29.688033333333333
5994,42.11103333333333
5995,42.11103333333333
5996,25.698033333333335
5997,25.698033333333335
5998,27.506033333333335
5999,27.506033333333335
6000,49.94703333333333
6001,56.66955333333333
6002,56.66955333333333
6003,59.381553333333336
6004,59.381553333333336
6005,59.381553333333336
6006,59.381553333333336
6007,59.381553333333336
6008,59.381553333333336
6009,57.573033333333335
6010,57.573033333333335
6011,55.765033333333335
6012,55.765033333333335
6013,49.73703333333333
6014,49.73703333333333
6015,49.73703333333333
6016,44.82303333333333
6017,44.82303333333333
6018,42.11103333333333
6019,42.11103333333333
6020,25.698033333333335
6021,25.698033333333335
6022,27.506033333333335
6023,27.506033333333335
6024,49.94703333333333
6025,56.66955333333333
6026,54.86155333333333
6027,59.381553333333336
6028,59.381553333333336
6029,59.381553333333336
6030,59.381553333333336
6031,59.381553333333336
6032,59.381553333333336
6033,57.573033333333335
6034,57.573033333333335
6035,55.765033333333335
6036,55.765033333333335
6037,49.73703333333333
6038,49.73703333333333
6039,49.73703333333333
6040,44.82303333333333
6041,44.82303333333333
6042,42.11103333333333
6043,42.11103333333333
6044,25.698033333333335
6045,25.698033333333335
6046,27.506033333333335
6047,27.506033333333335
6048,49.94703333333333
6049,59.381553333333336
6050,59.381553333333336
6051,59.381553333333336
6052,59.381553333333336
6053,59.381553333333336
6054,59.381553333333336
6055,59.381553333333336
6056,59.381553333333336
6057,40.63003333333333
6058,40.63003333333333
6059,40.63003333333333
6060,40.63003333333333
6061,42.169533333333334
6062,34.60203333333333
6063,34.60203333333333
6064,34.60203333333333
6065,34.60203333333333
6066,49.73703333333333
6067,48.83303333333333
6068,39.79103333333333
6069,39.79103333333333
6070,39.79103333333333
6071,39.79103333333333
6072,54.86103333333333
6073,59.381553333333336
6074,59.381553333333336
6075,59.381553333333336
6076,59.381553333333336
6077,59.381553333333336
6078,59.381553333333336
6079,59.381553333333336
6080,59.381553333333336
6081,40.63003333333333
6082,40.63003333333333
6083,40.63003333333333
6084,40.63003333333333
6085,42.169533333333334
6086,34.60203333333333
6087,34.60203333333333
6088,34.60203333333333
6089,34.60203333333333
6090,49.73703333333333
6091,48.83303333333333
6092,39.79103333333333
6093,39.79103333333333
6094,39.79103333333333
6095,39.79103333333333
6096,54.86103333333333
6097,59.381553333333336
6098,59.381553333333336
6099,59.381553333333336
6100,59.381553333333336
6101,59.381553333333336
6102,59.381553333333336
6103,59.381553333333336
6104,59.381553333333336
6105,40.63003333333333
6106,40.63003333333333
6107,40.63003333333333
6108,40.63003333333333
6109,42.169533333333334
6110,34.60203333333333
6111,34.60203333333333
6112,26.976033333333334
6113,26.976033333333334
6114,42.11103333333333
6115,42.11103333333333
6116,27.506033333333335
6117,27.506033333333335
6118,27.506033333333335
6119,27.506033333333335
6120,48.13903333333333
6121,59.381553333333336
6122,59.381553333333336
6123,59.381553333333336
6124,59.381553333333336
6125,59.381553333333336
6126,59.381553333333336
6127,59.381553333333336
6128,59.381553333333336
6129,40.63003333333333
6130,40.63003333333333
6131,40.63003333333333
6132,40.63003333333333
6133,42.169533333333334
6134,34.60203333333333
6135,34.60203333333333
6136,33.69803333333333
6137,33.69803333333333
6138,48.83303333333333
6139,48.83303333333333
6140,39.79103333333333
6141,39.79103333333333
6142,39.79103333333333
6143,39.79103333333333
6144,54.86103333333333
6145,56.66955333333333
6146,56.66955333333333
6147,59.381553333333336
6148,59.381553333333336
6149,59.381553333333336
6150,59.381553333333336
6151,59.381553333333336
6152,59.381553333333336
6153,42.43803333333334
6154,42.43803333333334
6155,40.63003333333333
6156,40.63003333333333
6157,42.169533333333334
6158,34.60203333333333
6159,34.60203333333333
6160,29.688033333333333
6161,29.688033333333333
6162,42.11103333333333
6163,42.11103333333333
6164,25.698033333333335
6165,25.698033333333335
6166,27.506033333333335
6167,27.506033333333335
6168,49.94703333333333
6169,56.66955333333333
6170,56.66955333333333
6171,59.381553333333336
6172,59.381553333333336
6173,59.381553333333336
6174,59.381553333333336
6175,59.381553333333336
6176,59.381553333333336
6177,57.573033333333335
6178,57.573033333333335
6179,55.765033333333335
6180,55.765033333333335
6181,49.73703333333333
6182,49.73703333333333
6183,49.73703333333333
6184,44.82303333333333
6185,44.82303333333333
6186,42.11103333333333
6187,42.11103333333333
6188,25.698033333333335
6189,25.698033333333335
6190,27.506033333333335
6191,27.506033333333335
6192,49.94703333333333
6193,56.66955333333333
6194,54.86155333333333
6195,59.381553333333336
6196,59.381553333333336
6197,59.381553333333336
6198,59.381553333333336
6199,59.381553333333336
6200,59.381553333333336
6201,57.573033333333335
6202,57.573033333333335
6203,55.765033333333335
6204,55.765033333333335
6205,49.73703333333333
6206,49.73703333333333
6207,49.73703333333333
6208,44.82303333333333
6209,44.82303333333333
6210,42.11103333333333
6211,42.11103333333333
6212,25.698033333333335
6213,25.698033333333335
6214,27.506033333333335
6215,27.506033333333335
6216,49.94703333333333
6217,59.381553333333336
6218,59.381553333333336
6219,59.381553333333336
6220,59.381553333333336
6221,59.381553333333336
6222,59.381553333333336
6223,59.381553333333336
6224,59.381553333333336
6225,40.63003333333333
6226,40.63003333333333
6227,40.63003333333333
6228,40.63003333333333
6229,42.169533333333334
6230,34.60203333333333
6231,34.60203333333333
6232,34.60203333333333
6233,34.60203333333333
6234,49.73703333333333
6235,48.83303333333333
6236,39.79103333333333
6237,39.79103333333333
6238,39.79103333333333
6239,39.79103333333333
6240,54.86103333333333
6241,59.381553333333336
6242,59.381553333333336
6243,59.381553333333336
6244,59.381553333333336
6245,59.381553333333336
6246,59.381553333333336
6247,59.381553333333336
6248,59.381553333333336
6249,40.63003333333333
6250,40.63003333333333
6251,40.63003333333333
6252,40.63003333333333
6253,42.169533333333334
6254,34.60203333333333
6255,34.60203333333333
6256,34.60203333333333
6257,34.60203333333333
6258,49.73703333333333
6259,48.83303333333333
6260,39.79103333333333
6261,39.79103333333333
6262,39.79103333333333
6263,39.79103333333333
6264,54.86103333333333
6265,59.381553333333336
6266,59.381553333333336
6267,59.381553333333336
6268,59.381553333333336
6269,59.381553333333336
6270,59.381553333333336
6271,59.381553333333336
6272,59.381553333333336
6273,40.63003333333333
6274,40.63003333333333
6275,40.63003333333333
6276,40.63003333333333
6277,42.169533333333334
6278,34.60203333333333
6279,34.60203333333333
6280,26.976033333333334
6281,26.976033333333334
6282,42.11103333333333
6283,42.11103333333333
6284,27.506033333333335
6285,27.506033333333335
6286,27.506033333333335
6287,27.506033333333335
6288,48.13903333333333
6289,59.381553333333336
6290,59.381553333333336
6291,59.381553333333336
6292,59.381553333333336
6293,59.381553333333336
6294,59.381553333333336
6295,59.381553333333336
6296,59.381553333333336
6297,40.63003333333333
6298,40.63003333333333
6299,40.63003333333333
6300,40.63003333333333
6301,42.169533333333334
6302,34.60203333333333
6303,34.60203333333333
6304,33.69803333333333
6305,33.69803333333333
6306,48.83303333333333
6307,48.83303333333333
6308,39.79103333333333
6309,39.79103333333333
6310,39.79103333333333
6311,39.79103333333333
6312,54.86103333333333
6313,56.66955333333333
6314,56.66955333333333
6315,59.381553333333336
6316,59.381553333333336
6317,59.381553333333336
6318,59.381553333333336
6319,59.381553333333336
6320,59.381553333333336
6321,42.43803333333334
6322,42.43803333333334
6323,40.63003333333333
6324,40.63003333333333
6325,42.169533333333334
6326,34.60203333333333
6327,34.60203333333333
6328,29.688033333333333
6329,29.688033333333333
6330,42.11103333333333
6331,42.11103333333333
6332,25.698033333333335
6333,25.698033333333335
6334,27.506033333333335
6335,27.506033333333335
6336,49.94703333333333
6337,56.66955333333333
6338,56.66955333333333
6339,59.381553333333336
6340,59.381553333333336
6341,59.381553333333336
6342,59.381553333333336
6343,59.381553333333336
6344,59.381553333333336
6345,57.573033333333335
6346,57.573033333333335
6347,55.765033333333335
6348,55.765033333333335
6349,49.73703333333333
6350,49.73703333333333
6351,49.73703333333333
6352,44.82303333333333
6353,44.82303333333333
6354,42.11103333333333
6355,42.11103333333333
6356,25.698033333333335
6357,25.698033333333335
6358,27.506033333333335
6359,27.506033333333335
6360,49.94703333333333
6361,56.66955333333333
6362,54.86155333333333
6363,59.381553333333336
6364,59.381553333333336
6365,59.381553333333336
6366,59.381553333333336
6367,59.381553333333336
6368,59.381553333333336
6369,57.573033333333335
6370,57.573033333333335
6371,55.765033333333335
6372,55.765033333333335
6373,49.73703333333333
6374,49.73703333333333
6375,49.73703333333333
6376,44.82303333333333
6377,44.82303333333333
6378,42.11103333333333
6379,42.11103333333333
6380,25.698033333333335
6381,25.698033333333335
6382,27.506033333333335
6383,27.506033333333335
6384,49.94703333333333
6385,59.381553333333336
6386,59.381553333333336
6387,59.381553333333336
6388,59.381553333333336
6389,59.381553333333336
6390,59.381553333333336
6391,59.381553333333336
6392,59.381553333333336
6393,40.63003333333333
6394,40.63003333333333
6395,40.63003333333333
6396,40.63003333333333
6397,42.169533333333334
6398,34.60203333333333
6399,34.60203333333333
6400,34.60203333333333
6401,34.60203333333333
6402,49.73703333333333
6403,48.83303333333333
6404,39.79103333333333
6405,39.79103333333333
6406,39.79103333333333
6407,39.79103333333333
6408,54.86103333333333
6409,59.381553333333336
6410,59.381553333333336
6411,59.381553333333336
6412,59.381553333333336
6413,59.381553333333336
6414,59.381553333333336
6415,59.381553333333336
6416,59.381553333333336
6417,40.63003333333333
6418,40.63003333333333
6419,40.63003333333333
6420,40.63003333333333
6421,42.169533333333334
6422,34.60203333333333
6423,34.60203333333333
6424,34.60203333333333
6425,34.60203333333333
6426,49.73703333333333
6427,48.83303333333333
6428,39.79103333333333
6429,39.79103333333333
6430,39.79103333333333
6431,39.79103333333333
6432,54.86103333333333
6433,59.381553333333336
6434,59.381553333333336
6435,59.381553333333336
6436,59.381553333333336
6437,59.381553333333336
6438,59.381553333333336
6439,59.381553333333336
6440,59.381553333333336
6441,40.63003333333333
6442,40.63003333333333
6443,40.63003333333333
6444,40.63003333333333
6445,42.169533333333334
6446,34.60203333333333
6447,34.60203333333333
6448,26.976033333333334
6449,26.976033333333334
6450,42.11103333333333
6451,42.11103333333333
6452,27.506033333333335
6453,27.506033333333335
6454,27.506033333333335
6455,27.506033333333335
6456,48.13903333333333
6457,59.381553333333336
6458,59.381553333333336
6459,59.381553333333336
6460,59.381553333333336
6461,59.381553333333336
6462,59.381553333333336
6463,59.381553333333336
6464,59.381553333333336
6465,40.63003333333333
6466,40.63003333333333
6467,40.63003333333333
6468,40.63003333333333
6469,42.169533333333334
6470,34.60203333333333
6471,34.60203333333333
6472,33.69803333333333
6473,33.69803333333333
6474,48.83303333333333
6475,48.83303333333333
6476,39.79103333333333
6477,39.79103333333333
6478,39.79103333333333
6479,39.79103333333333
6480,54.86103333333333
6481,56.66955333333333
6482,56.66955333333333
6483,59.381553333333336
6484,59.381553333333336
6485,59.381553333333336
6486,59.381553333333336
6487,59.381553333333336
6488,59.381553333333336
6489,42.43803333333334
6490,42.43803333333334
6491,40.63003333333333
6492,40.63003333333333
6493,42.169533333333334
6494,34.60203333333333
6495,34.60203333333333
6496,29.688033333333333
6497,29.688033333333333
6498,42.11103333333333
6499,42.11103333333333
6500,25.698033333333335
6501,25.698033333333335
6502,27.506033333333335
6503,27.506033333333335
6504,49.94703333333333
6505,56.66955333333333
6506,56.66955333333333
6507,59.381553333333336
6508,59.381553333333336
6509,59.381553333333336
6510,59.381553333333336
6511,59.381553333333336
6512,59.381553333333336
6513,57.573033333333335
6514,57.573033333333335
6515,55.765033333333335
6516,55.765033333333335
6517,49.73703333333333
6518,49.73703333333333
6519,49.73703333333333
6520,44.82303333333333
6521,44.82303333333333
6522,42.11103333333333
6523,42.11103333333333
6524,25.698033333333335
6525,25.698033333333335
6526,27.506033333333335
6527,27.506033333333335
6528,49.94703333333333
6529,56.66955333333333
6530,54.86155333333333
6531,59.381553333333336
6532,59.381553333333336
6533,59.381553333333336
6534,59.381553333333336
6535,59.381553333333336
6536,59.381553333333336
6537,57.573033333333335
6538,57.573033333333335
6539,55.765033333333335
6540,55.765033333333335
6541,49.73703333333333
6542,49.73703333333333
6543,49.73703333333333
6544,44.82303333333333
6545,44.82303333333333
6546,42.11103333333333
6547,42.11103333333333
6548,25.698033333333335
6549,25.698033333333335
6550,27.506033333333335
6551,27.506033333333335
6552,49.94703333333333
6553,59.381553333333336
6554,59.381553333333336
6555,59.381553333333336
6556,59.381553333333336
6557,59.381553333333336
6558,59.381553333333336
6559,59.381553333333336
6560,59.381553333333336
6561,40.63003333333333
6562,40.63003333333333
6563,40.63003333333333
6564,40.63003333333333
6565,42.169533333333334
6566,34.60203333333333
6567,34.60203333333333
6568,34.60203333333333
6569,34.60203333333333
6570,49.73703333333333
6571,48.83303333333333
6572,39.79103333333333
6573,39.79103333333333
6574,39.79103333333333
6575,39.79103333333333
6576,54.86103333333333
6577,59.381553333333336
6578,59.381553333333336
6579,59.381553333333336
6580,59.381553333333336
6581,59.381553333333336
6582,59.381553333333336
6583,59.381553333333336
6584,59.381553333333336
6585,40.63003333333333
6586,40.63003333333333
6587,40.63003333333333
6588,40.63003333333333
6589,42.169533333333334
6590,34.60203333333333
6591,34.60203333333333
6592,34.60203333333333
6593,34.60203333333333
6594,49.73703333333333
6595,48.83303333333333
6596,39.79103333333333
6597,39.79103333333333
6598,39.79103333333333
6599,39.79103333333333
6600,54.86103333333333
6601,59.381553333333336
6602,59.381553333333336
6603,59.381553333333336
6604,59.381553333333336
6605,59.381553333333336
6606,59.381553333333336
6607,59.381553333333336
6608,59.381553333333336
6609,40.63003333333333
6610,40.63003333333333
6611,40.63003333333333
6612,40.63003333333333
6613,42.169533333333334
6614,34.60203333333333
6615,34.60203333333333
6616,26.976033333333334
6617,26.976033333333334
6618,42.11103333333333
6619,42.11103333333333
6620,27.506033333333335
6621,27.506033333333335
6622,27.506033333333335
6623,27.506033333333335
6624,48.13903333333333
6625,59.381553333333336
6626,59.381553333333336
6627,59.381553333333336
6628,59.381553333333336
6629,59.381553333333336
6630,59.381553333333336
6631,59.381553333333336
6632,59.381553333333336
6633,40.63003333333333
6634,40.63003333333333
6635,40.63003333333333
6636,40.63003333333333
6637,42.169533333333334
6638,34.60203333333333
6639,34.60203333333333
6640,33.69803333333333
6641,33.69803333333333
6642,48.83303333333333
6643,48.83303333333333
6644,39.79103333333333
6645,39.79103333333333
6646,39.79103333333333
6647,39.79103333333333
6648,54.86103333333333
6649,56.66955333333333
6650,56.66955333333333
6651,59.381553333333336
6652,59.381553333333336
6653,59.381553333333336
6654,59.381553333333336
6655,59.381553333333336
6656,59.381553333333336
6657,42.43803333333334
6658,42.43803333333334
6659,40.63003333333333
6660,40.63003333333333
6661,42.169533333333334
6662,34.60203333333333
6663,34.60203333333333
6664,29.688033333333333
6665,29.688033333333333
6666,42.11103333333333
6667,42.11103333333333
6668,25.698033333333335
6669,25.698033333333335
6670,27.506033333333335
6671,27.506033333333335
6672,49.94703333333333
6673,56.66955333333333
6674,56.66955333333333
6675,59.381553333333336
6676,59.381553333333336
6677,59.381553333333336
6678,59.381553333333336
6679,59.381553333333336
6680,59.381553333333336
6681,57.573033333333335
6682,57.573033333333335
6683,55.765033333333335
6684,55.765033333333335
6685,49.73703333333333
6686,49.73703333333333
6687,49.73703333333333
6688,44.82303333333333
6689,44.82303333333333
6690,42.11103333333333
6691,42.11103333333333
6692,25.698033333333335
6693,25.698033333333335
6694,27.506033333333335
6695,27.506033333333335
6696,49.94703333333333
6697,56.66955333333333
6698,54.86155333333333
6699,59.381553333333336
6700,59.381553333333336
6701,59.381553333333336
6702,59.381553333333336
6703,59.381553333333336
6704,59.381553333333336
6705,57.573033333333335
6706,57.573033333333335
6707,55.765033333333335
6708,55.765033333333335
6709,49.73703333333333
6710,49.73703333333333
6711,49.73703333333333
6712,44.82303333333333
6713,44.82303333333333
6714,42.11103333333333
6715,42.11103333333333
6716,25.698033333333335
6717,25.698033333333335
6718,27.506033333333335
6719,27.506033333333335
6720,49.94703333333333
6721,59.381553333333336
6722,59.381553333333336
6723,59.381553333333336
6724,59.381553333333336
6725,59.381553333333336
6726,59.381553333333336
6727,59.381553333333336
6728,59.381553333333336
6729,40.63003333333333
6730,40.63003333333333
6731,40.63003333333333
6732,40.63003333333333
6733,42.169533333333334
6734,34.60203333333333
6735,34.60203333333333
6736,34.60203333333333
6737,34.60203333333333
6738,49.73703333333333
6739,48.83303333333333
6740,39.79103333333333
6741,39.79103333333333
6742,39.79103333333333
6743,39.79103333333333
6744,54.86103333333333
6745,59.381553333333336
6746,59.381553333333336
6747,59.381553333333336
6748,59.381553333333336
6749,59.381553333333336
6750,59.381553333333336
6751,59.381553333333336
6752,59.381553333333336
6753,40.63003333333333
6754,40.63003333333333
6755,40.63003333333333
6756,40.63003333333333
6757,42.169533333333334
6758,34.60203333333333
6759,34.60203333333333
6760,34.60203333333333
6761,34.60203333333333
6762,49.73703333333333
6763,48.83303333333333
6764,39.79103333333333
6765,39.79103333333333
6766,39.79103333333333
6767,39.79103333333333
6768,54.86103333333333
6769,59.381553333333336
6770,59.381553333333336
6771,59.381553333333336
6772,59.381553333333336
6773,59.381553333333336
6774,59.381553333333336
6775,59.381553333333336
6776,59.381553333333336
6777,40.63003333333333
6778,40.63003333333333
6779,40.63003333333333
6780,40.63003333333333
6781,42.169533333333334
6782,34.60203333333333
6783,34.60203333333333
6784,26.976033333333334
6785,26.976033333333334
6786,42.11103333333333
6787,42.11103333333333
6788,27.506033333333335
6789,27.506033333333335
6790,27.506033333333335
6791,27.506033333333335
6792,48.13903333333333
6793,59.381553333333336
6794,59.381553333333336
6795,59.381553333333336
6796,59.381553333333336
6797,59.381553333333336
6798,59.381553333333336
6799,59.381553333333336
6800,59.381553333333336
6801,40.63003333333333
6802,40.63003333333333
6803,40.63003333333333
6804,40.63003333333333
6805,42.169533333333334
6806,34.60203333333333
6807,34.60203333333333
6808,33.69803333333333
6809,33.69803333333333
6810,48.83303333333333
6811,48.83303333333333
6812,39.79103333333333
6813,39.79103333333333
6814,39.79103333333333
6815,39.79103333333333
6816,54.86103333333333
6817,56.66955333333333
6818,56.66955333333333
6819,59.381553333333336
6820,59.381553333333336
6821,59.381553333333336
6822,59.381553333333336
6823,59.381553333333336
6824,59.381553333333336
6825,42.43803333333334
6826,42.43803333333334
6827,40.63003333333333
6828,40.63003333333333
6829,42.169533333333334
6830,34.60203333333333
6831,34.60203333333333
6832,29.688033333333333
6833,29.688033333333333
6834,42.11103333333333
6835,42.11103333333333
6836,25.698033333333335
6837,25.698033333333335
6838,27.506033333333335
6839,27.506033333333335
6840,49.94703333333333
6841,56.66955333333333
6842,56.66955333333333
6843,59.381553333333336
6844,59.381553333333336
6845,59.381553333333336
6846,59.381553333333336
6847,59.381553333333336
6848,59.381553333333336
6849,57.573033333333335
6850,57.573033333333335
6851,55.765033333333335
6852,55.765033333333335
6853,49.73703333333333
6854,49.73703333333333
6855,49.73703333333333
6856,44.82303333333333
6857,44.82303333333333
6858,42.11103333333333
6859,42.11103333333333
6860,25.698033333333335
6861,25.698033333333335
6862,27.506033333333335
6863,27.506033333333335
6864,49.94703333333333
6865,56.66955333333333
6866,54.86155333333333
6867,59.381553333333336
6868,59.381553333333336
6869,59.381553333333336
6870,59.381553333333336
6871,59.381553333333336
6872,59.381553333333336
6873,57.573033333333335
6874,57.573033333333335
6875,55.765033333333335
6876,55.765033333333335
6877,49.73703333333333
6878,49.73703333333333
6879,49.73703333333333
6880,44.82303333333333
6881,44.82303333333333
6882,42.11103333333333
6883,42.11103333333333
6884,25.698033333333335
6885,25.698033333333335
6886,27.506033333333335
6887,27.506033333333335
6888,49.94703333333333
6889,59.381553333333336
6890,59.381553333333336
6891,59.381553333333336
6892,59.381553333333336
6893,59.381553333333336
6894,59.381553333333336
6895,59.381553333333336
6896,59.381553333333336
6897,40.63003333333333
6898,40.63003333333333
6899,40.63003333333333
6900,40.63003333333333
6901,42.169533333333334
6902,34.60203333333333
6903,34.60203333333333
6904,34.60203333333333
6905,34.60203333333333
6906,49.73703333333333
6907,48.83303333333333
6908,39.79103333333333
6909,39.79103333333333
6910,39.79103333333333
6911,39.79103333333333
6912,54.86103333333333
6913,59.381553333333336
6914,59.381553333333336
6915,59.381553333333336
6916,59.381553333333336
6917,59.381553333333336
6918,59.381553333333336
6919,59.381553333333336
6920,59.381553333333336
6921,40.63003333333333
6922,40.63003333333333
6923,40.63003333333333
6924,40.63003333333333
6925,42.169533333333334
6926,34.60203333333333
6927,34.60203333333333
6928,34.60203333333333
6929,34.60203333333333
6930,49.73703333333333
6931,48.83303333333333
6932,39.79103333333333
6933,39.79103333333333
6934,39.79103333333333
6935,39.79103333333333
6936,54.86103333333333
6937,59.381553333333336
6938,59.381553333333336
6939,59.381553333333336
6940,59.381553333333336
6941,59.381553333333336
6942,59.381553333333336
6943,59.381553333333336
6944,59.381553333333336
6945,40.63003333333333
6946,40.63003333333333
6947,40.63003333333333
6948,40.63003333333333
6949,42.169533333333334
6950,34.60203333333333
6951,34.60203333333333
6952,26.976033333333334
6953,26.976033333333334
6954,42.11103333333333
6955,42.11103333333333
6956,27.506033333333335
6957,27.506033333333335
6958,27.506033333333335
6959,27.506033333333335
6960,48.13903333333333
6961,59.381553333333336
6962,59.381553333333336
6963,59.381553333333336
6964,59.381553333333336
6965,59.381553333333336
6966,59.381553333333336
6967,59.381553333333336
6968,59.381553333333336
6969,40.63003333333333
6970,40.63003333333333
6971,40.63003333333333
6972,40.63003333333333
6973,42.169533333333334
6974,34.60203333333333
6975,34.60203333333333
6976,33.69803333333333
6977,33.69803333333333
6978,48.83303333333333
6979,48.83303333333333
6980,39.79103333333333
6981,39.79103333333333
6982,39.79103333333333
6983,39.79103333333333
6984,54.86103333333333
6985,56.66955333333333
6986,56.66955333333333
6987,59.381553333333336
6988,59.381553333333336
6989,59.381553333333336
6990,59.381553333333336
6991,59.381553333333336
6992,59.381553333333336
6993,42.43803333333334
6994,42.43803333333334
6995,40.63003333333333
6996,40.63003333333333
6997,42.169533333333334
6998,34.60203333333333
6999,34.60203333333333
7000,29.688033333333333
7001,29.688033333333333
7002,42.11103333333333
7003,42.11103333333333
7004,25.698033333333335
7005,25.698033333333335
7006,27.506033333333335
7007,27.506033333333335
7008,49.94703333333333
7009,56.66955333333333
7010,56.66955333333333
7011,59.381553333333336
7012,59.381553333333336
7013,59.381553333333336
7014,59.381553333333336
7015,59.381553333333336
7016,59.381553333333336
7017,57.573033333333335
7018,57.573033333333335
7019,55.765033333333335
7020,55.765033333333335
7021,49.73703333333333
7022,49.73703333333333
7023,49.73703333333333
7024,44.82303333333333
7025,44.82303333333333
7026,42.11103333333333
7027,42.11103333333333
7028,25.698033333333335
7029,25.698033333333335
7030,27.506033333333335
7031,27.506033333333335
7032,49.94703333333333
7033,56.66955333333333
7034,54.86155333333333
7035,59.381553333333336
7036,59.381553333333336
7037,59.381553333333336
7038,59.381553333333336
7039,59.381553333333336
7040,59.381553333333336
7041,57.573033333333335
7042,57.573033333333335
7043,55.765033333333335
7044,55.765033333333335
7045,49.73703333333333
7046,49.73703333333333
7047,49.73703333333333
7048,44.82303333333333
7049,44.82303333333333
7050,42.11103333333333
7051,42.11103333333333
7052,25.698033333333335
7053,25.698033333333335
7054,27.506033333333335
7055,27.506033333333335
7056,49.94703333333333
7057,59.381553333333336
7058,59.381553333333336
7059,59.381553333333336
7060,59.381553333333336
7061,59.381553333333336
7062,59.381553333333336
7063,59.381553333333336
7064,59.381553333333336
7065,40.63003333333333
7066,40.63003333333333
7067,40.63003333333333
7068,40.63003333333333
7069,42.169533333333334
7070,34.60203333333333
7071,34.60203333333333
7072,34.60203333333333
7073,34.60203333333333
7074,49.73703333333333
7075,48.83303333333333
7076,39.79103333333333
7077,39.79103333333333
7078,39.79103333333333
7079,39.79103333333333
7080,54.86103333333333
7081,59.381553333333336
7082,59.381553333333336
7083,59.381553333333336
7084,59.381553333333336
7085,59.381553333333336
7086,59.381553333333336
7087,59.381553333333336
7088,59.381553333333336
7089,40.63003333333333
7090,40.63003333333333
7091,40.63003333333333
7092,40.63003333333333
7093,42.169533333333334
7094,34.60203333333333
7095,34.60203333333333
7096,34.60203333333333
7097,34.60203333333333
7098,49.73703333333333
7099,48.83303333333333
7100,39.79103333333333
7101,39.79103333333333
7102,39.79103333333333
7103,39.79103333333333
7104,54.86103333333333
7105,59.381553333333336
7106,59.381553333333336
7107,59.381553333333336
7108,59.381553333333336
7109,59.381553333333336
7110,59.381553333333336
7111,59.381553333333336
7112,59.381553333333336
7113,40.63003333333333
7114,40.63003333333333
7115,40.63003333333333
7116,40.63003333333333
7117,42.169533333333334
7118,34.60203333333333
7119,34.60203333333333
7120,26.976033333333334
7121,26.976033333333334
7122,42.11103333333333
7123,42.11103333333333
7124,27.506033333333335
7125,27.506033333333335
7126,27.506033333333335
7127,27.506033333333335
7128,48.13903333333333
7129,59.381553333333336
7130,59.381553333333336
7131,59.381553333333336
7132,59.381553333333336
7133,59.381553333333336
7134,59.381553333333336
7135,59.381553333333336
7136,59.381553333333336
7137,40.63003333333333
7138,40.63003333333333
7139,40.63003333333333
7140,40.63003333333333
7141,42.169533333333334
7142,34.60203333333333
7143,34.60203333333333
7144,33.69803333333333
7145,33.69803333333333
7146,48.83303333333333
7147,48.83303333333333
7148,39.79103333333333
7149,39.79103333333333
7150,39.79103333333333
7151,39.79103333333333
7152,54.86103333333333
7153,56.66955333333333
7154,56.66955333333333
7155,59.381553333333336
7156,59.381553333333336
7157,59.381553333333336
7158,59.381553333333336
7159,59.381553333333336
7160,59.381553333333336
7161,42.43803333333334
7162,42.43803333333334
7163,40.63003333333333
7164,40.63003333333333
7165,42.169533333333334
7166,34.60203333333333
7167,34.60203333333333
7168,29.688033333333333
7169,29.688033333333333
7170,42.11103333333333
7171,42.11103333333333
7172,25.698033333333335
7173,25.698033333333335
7174,27.506033333333335
7175,27.506033333333335
7176,49.94703333333333
7177,56.66955333333333
7178,56.66955333333333
7179,59.381553333333336
7180,59.381553333333336
7181,59.381553333333336
7182,59.381553333333336
7183,59.381553333333336
7184,59.381553333333336
7185,57.573033333333335
7186,57.573033333333335
7187,55.765033333333335
7188,55.765033333333335
7189,49.73703333333333
7190,49.73703333333333
7191,49.73703333333333
7192,44.82303333333333
7193,44.82303333333333
7194,42.11103333333333
7195,42.11103333333333
7196,25.698033333333335
7197,25.698033333333335
7198,27.506033333333335
7199,27.506033333333335
7200,49.94703333333333
7201,56.66955333333333
7202,54.86155333333333
7203,59.381553333333336
7204,59.381553333333336
7205,59.381553333333336
7206,59.381553333333336
7207,59.381553333333336
7208,59.381553333333336
7209,57.573033333333335
7210,57.573033333333335
7211,55.765033333333335
7212,55.765033333333335
7213,49.73703333333333
7214,49.73703333333333
7215,49.73703333333333
7216,44.82303333333333
7217,44.82303333333333
7218,42.11103333333333
7219,42.11103333333333
7220,25.698033333333335
7221,25.698033333333335
7222,27.506033333333335
7223,27.506033333333335
7224,49.94703333333333
7225,59.381553333333336
7226,59.381553333333336
7227,59.381553333333336
7228,59.381553333333336
7229,59.381553333333336
7230,59.381553333333336
7231,59.381553333333336
7232,59.381553333333336
7233,40.63003333333333
7234,40.63003333333333
7235,40.63003333333333
7236,40.63003333333333
7237,42.169533333333334
7238,34.60203333333333
7239,34.60203333333333
7240,34.60203333333333
7241,34.60203333333333
7242,49.73703333333333
7243,48.83303333333333
7244,39.79103333333333
7245,39.79103333333333
7246,39.79103333333333
7247,39.79103333333333
7248,54.86103333333333
7249,59.381553333333336
7250,59.381553333333336
7251,59.381553333333336
7252,59.381553333333336
7253,59.381553333333336
7254,59.381553333333336
7255,59.381553333333336
7256,59.381553333333336
7257,40.63003333333333
7258,40.63003333333333
7259,40.63003333333333
7260,40.63003333333333
7261,42.169533333333334
7262,34.60203333333333
7263,34.60203333333333
7264,34.60203333333333
7265,34.60203333333333
7266,49.73703333333333
7267,48.83303333333333
7268,39.79103333333333
7269,39.79103333333333
7270,39.79103333333333
7271,39.79103333333333
7272,54.86103333333333
7273,59.381553333333336
7274,59.381553333333336
7275,59.381553333333336
7276,59.381553333333336
7277,59.381553333333336
7278,59.381553333333336
7279,59.381553333333336
7280,59.381553333333336
7281,40.63003333333333
7282,40.63003333333333
7283,40.63003333333333
7284,40.63003333333333
7285,42.169533333333334
7286,34.60203333333333
7287,34.60203333333333
7288,26.976033333333334
7289,26.976033333333334
7290,42.11103333333333
7291,42.11103333333333
7292,27.506033333333335
7293,27.506033333333335
7294,27.506033333333335
7295,27.506033333333335
7296,48.13903333333333
7297,59.381553333333336
7298,59.381553333333336
7299,59.381553333333336
7300,59.381553333333336
7301,59.381553333333336
7302,59.381553333333336
7303,59.381553333333336
7304,59.381553333333336
7305,40.63003333333333
7306,40.63003333333333
7307,40.63003333333333
7308,40.63003333333333
7309,42.169533333333334
7310,34.60203333333333
7311,34.60203333333333
7312,33.69803333333333
7313,33.69803333333333
7314,48.83303333333333
7315,48.83303333333333
7316,39.79103333333333
7317,39.79103333333333
7318,39.79103333333333
7319,39.79103333333333
7320,54.86103333333333
7321,56.66955333333333
7322,56.66955333333333
7323,59.381553333333336
7324,59.381553333333336
7325,59.381553333333336
7326,59.381553333333336
7327,59.381553333333336
7328,59.381553333333336
7329,42.43803333333334
7330,42.43803333333334
7331,40.63003333333333
7332,40.63003333333333
7333,42.169533333333334
7334,34.60203333333333
7335,34.60203333333333
7336,29.688033333333333
7337,29.688033333333333
7338,42.11103333333333
7339,42.11103333333333
7340,25.698033333333335
7341,25.698033333333335
7342,27.506033333333335
7343,27.506033333333335
7344,49.94703333333333
7345,56.66955333333333
7346,56.66955333333333
7347,59.381553333333336
7348,59.381553333333336
7349,59.381553333333336
7350,59.381553333333336
7351,59.381553333333336
7352,59.381553333333336
7353,57.573033333333335
7354,57.573033333333335
7355,55.765033333333335
7356,55.765033333333335
7357,49.73703333333333
7358,49.73703333333333
7359,49.73703333333333
7360,44.82303333333333
7361,44.82303333333333
7362,42.11103333333333
7363,42.11103333333333
7364,25.698033333333335
7365,25.698033333333335
7366,27.506033333333335
7367,27.506033333333335
7368,49.94703333333333
7369,56.66955333333333
7370,54.86155333333333
7371,59.381553333333336
7372,59.381553333333336
7373,59.381553333333336
7374,59.381553333333336
7375,59.381553333333336
7376,59.381553333333336
7377,57.573033333333335
7378,57.573033333333335
7379,55.765033333333335
7380,55.765033333333335
7381,49.73703333333333
7382,49.73703333333333
7383,49.73703333333333
7384,44.82303333333333
7385,44.82303333333333
7386,42.11103333333333
7387,42.11103333333333
7388,25.698033333333335
7389,25.698033333333335
7390,27.506033333333335
7391,27.506033333333335
7392,49.94703333333333
7393,59.381553333333336
7394,59.381553333333336
7395,59.381553333333336
7396,59.381553333333336
7397,59.381553333333336
7398,59.381553333333336
7399,59.381553333333336
7400,59.381553333333336
7401,40.63003333333333
7402,40.63003333333333
7403,40.63003333333333
7404,40.63003333333333
7405,42.169533333333334
7406,34.60203333333333
7407,34.60203333333333
7408,34.60203333333333
7409,34.60203333333333
7410,49.73703333333333
7411,48.83303333333333
7412,39.79103333333333
7413,39.79103333333333
7414,39.79103333333333
7415,39.79103333333333
7416,54.86103333333333
7417,59.381553333333336
7418,59.381553333333336
7419,59.381553333333336
7420,59.381553333333336
7421,59.381553333333336
7422,59.381553333333336
7423,59.381553333333336
7424,59.381553333333336
7425,40.63003333333333
7426,40.63003333333333
7427,40.63003333333333
7428,40.63003333333333
7429,42.169533333333334
7430,34.60203333333333
7431,34.60203333333333
7432,34.60203333333333
7433,34.60203333333333
7434,49.73703333333333
7435,48.83303333333333
7436,39.79103333333333
7437,39.79103333333333
7438,39.79103333333333
7439,39.79103333333333
7440,54.86103333333333
7441,59.381553333333336
7442,59.381553333333336
7443,59.381553333333336
7444,59.381553333333336
7445,59.381553333333336
7446,59.381553333333336
7447,59.381553333333336
7448,59.381553333333336
7449,40.63003333333333
7450,40.63003333333333
7451,40.63003333333333
7452,40.63003333333333
7453,42.169533333333334
7454,34.60203333333333
7455,34.60203333333333
7456,26.976033333333334
7457,26.976033333333334
7458,42.11103333333333
7459,42.11103333333333
7460,27.506033333333335
7461,27.506033333333335
7462,27.506033333333335
7463,27.506033333333335
7464,48.13903333333333
7465,59.381553333333336
7466,59.381553333333336
7467,59.381553333333336
7468,59.381553333333336
7469,59.381553333333336
7470,59.381553333333336
7471,59.381553333333336
7472,59.381553333333336
7473,40.63003333333333
7474,40.63003333333333
7475,40.63003333333333
7476,40.63003333333333
7477,42.169533333333334
7478,34.60203333333333
7479,34.60203333333333
7480,33.69803333333333
7481,33.69803333333333
7482,48.83303333333333
7483,48.83303333333333
7484,39.79103333333333
7485,39.79103333333333
7486,39.79103333333333
7487,39.79103333333333
7488,54.86103333333333
7489,56.66955333333333
7490,56.66955333333333
7491,59.381553333333336
7492,59.381553333333336
7493,59.381553333333336
7494,59.381553333333336
7495,59.381553333333336
7496,59.381553333333336
7497,42.43803333333334
7498,42.43803333333334
7499,40.63003333333333
7500,40.63003333333333
7501,42.169533333333334
7502,34.60203333333333
7503,34.60203333333333
7504,29.688033333333333
7505,29.688033333333333
7506,42.11103333333333
7507,42.11103333333333
7508,25.698033333333335
7509,25.698033333333335
7510,27.506033333333335
7511,27.506033333333335
7512,49.94703333333333
7513,56.66955333333333
7514,56.66955333333333
7515,59.381553333333336
7516,59.381553333333336
7517,59.381553333333336
7518,59.381553333333336
7519,59.381553333333336
7520,59.381553333333336
7521,57.573033333333335
7522,57.573033333333335
7523,55.765033333333335
7524,55.765033333333335
7525,49.73703333333333
7526,49.73703333333333
7527,49.73703333333333
7528,44.82303333333333
7529,44.82303333333333
7530,42.11103333333333
7531,42.11103333333333
7532,25.698033333333335
7533,25.698033333333335
7534,27.506033333333335
7535,27.506033333333335
7536,49.94703333333333
7537,56.66955333333333
7538,54.86155333333333
7539,59.381553333333336
7540,59.381553333333336
7541,59.381553333333336
7542,59.381553333333336
7543,59.381553333333336
7544,59.381553333333336
7545,57.573033333333335
7546,57.573033333333335
7547,55.765033333333335
7548,55.765033333333335
7549,49.73703333333333
7550,49.73703333333333
7551,49.73703333333333
7552,44.82303333333333
7553,44.82303333333333
7554,42.11103333333333
7555,42.11103333333333
7556,25.698033333333335
7557,25.698033333333335
7558,27.506033333333335
7559,27.506033333333335
7560,49.94703333333333
7561,59.381553333333336
7562,59.381553333333336
7563,59.381553333333336
7564,59.381553333333336
7565,59.381553333333336
7566,59.381553333333336
7567,59.381553333333336
7568,59.381553333333336
7569,40.63003333333333
7570,40.63003333333333
7571,40.63003333333333
7572,40.63003333333333
7573,42.169533333333334
7574,34.60203333333333
7575,34.60203333333333
7576,34.60203333333333
7577,34.60203333333333
7578,49.73703333333333
7579,48.83303333333333
7580,39.79103333333333
7581,39.79103333333333
7582,39.79103333333333
7583,39.79103333333333
7584,54.86103333333333
7585,59.381553333333336
7586,59.381553333333336
7587,59.381553333333336
7588,59.381553333333336
7589,59.381553333333336
7590,59.381553333333336
7591,59.381553333333336
7592,59.381553333333336
7593,40.63003333333333
7594,40.63003333333333
7595,40.63003333333333
7596,40.63003333333333
7597,42.169533333333334
7598,34.60203333333333
7599,34.60203333333333
7600,34.60203333333333
7601,34.60203333333333
7602,49.73703333333333
7603,48.83303333333333
7604,39.79103333333333
7605,39.79103333333333
7606,39.79103333333333
7607,39.79103333333333
7608,54.86103333333333
7609,59.381553333333336
7610,59.381553333333336
7611,59.381553333333336
7612,59.381553333333336
7613,59.381553333333336
7614,59.381553333333336
7615,59.381553333333336
7616,59.381553333333336
7617,40.63003333333333
7618,40.63003333333333
7619,40.63003333333333
7620,40.63003333333333
7621,42.169533333333334
7622,34.60203333333333
7623,34.60203333333333
7624,26.976033333333334
7625,26.976033333333334
7626,42.11103333333333
7627,42.11103333333333
7628,27.506033333333335
7629,27.506033333333335
7630,27.506033333333335
7631,27.506033333333335
7632,48.13903333333333
7633,59.381553333333336
7634,59.381553333333336
7635,59.381553333333336
7636,59.381553333333336
7637,59.381553333333336
7638,59.381553333333336
7639,59.381553333333336
7640,59.381553333333336
7641,40.63003333333333
7642,40.63003333333333
7643,40.63003333333333
7644,40.63003333333333
7645,42.169533333333334
7646,34.60203333333333
7647,34.60203333333333
7648,33.69803333333333
7649,33.69803333333333
7650,48.83303333333333
7651,48.83303333333333
7652,39.79103333333333
7653,39.79103333333333
7654,39.79103333333333
7655,39.79103333333333
7656,54.86103333333333
7657,56.66955333333333
7658,56.66955333333333
7659,59.381553333333336
7660,59.381553333333336
7661,59.381553333333336
7662,59.381553333333336
7663,59.381553333333336
7664,59.381553333333336
7665,42.43803333333334
7666,42.43803333333334
7667,40.63003333333333
7668,40.63003333333333
7669,42.169533333333334
7670,34.60203333333333
7671,34.60203333333333
7672,29.688033333333333
7673,29.688033333333333
7674,42.11103333333333
7675,42.11103333333333
7676,25.698033333333335
7677,25.698033333333335
7678,27.506033333333335
7679,27.506033333333335
7680,49.94703333333333
7681,56.66955333333333
7682,56.66955333333333
7683,59.381553333333336
7684,59.381553333333336
7685,59.381553333333336
7686,59.381553333333336
7687,59.381553333333336
7688,59.381553333333336
7689,57.573033333333335
7690,57.573033333333335
7691,55.765033333333335
7692,55.765033333333335
7693,49.73703333333333
7694,49.73703333333333
7695,49.73703333333333
7696,44.82303333333333
7697,44.82303333333333
7698,42.11103333333333
7699,42.11103333333333
7700,25.698033333333335
7701,25.698033333333335
7702,27.506033333333335
7703,27.506033333333335
7704,49.94703333333333
7705,56.66955333333333
7706,54.86155333333333
7707,59.381553333333336
7708,59.381553333333336
7709,59.381553333333336
7710,59.381553333333336
7711,59.381553333333336
7712,59.381553333333336
7713,57.573033333333335
7714,57.573033333333335
7715,55.765033333333335
7716,55.765033333333335
7717,49.73703333333333
7718,49.73703333333333
7719,49.73703333333333
7720,44.82303333333333
7721,44.82303333333333
7722,42.11103333333333
7723,42.11103333333333
7724,25.698033333333335
7725,25.698033333333335
7726,27.506033333333335
7727,27.506033333333335
7728,49.94703333333333
7729,59.381553333333336
7730,59.381553333333336
7731,59.381553333333336
7732,59.381553333333336
7733,59.381553333333336
7734,59.381553333333336
7735,59.381553333333336
7736,59.381553333333336
7737,40.63003333333333
7738,40.63003333333333
7739,40.63003333333333
7740,40.63003333333333
7741,42.169533333333334
7742,34.60203333333333
7743,34.60203333333333
7744,34.60203333333333
7745,34.60203333333333
7746,49.73703333333333
7747,48.83303333333333
7748,39.79103333333333
7749,39.79103333333333
7750,39.79103333333333
7751,39.79103333333333
7752,54.86103333333333
7753,59.381553333333336
7754,59.381553333333336
7755,59.381553333333336
7756,59.381553333333336
7757,59.381553333333336
7758,59.381553333333336
7759,59.381553333333336
7760,59.381553333333336
7761,40.63003333333333
7762,40.63003333333333
7763,40.63003333333333
7764,40.63003333333333
7765,42.169533333333334
7766,34.60203333333333
7767,34.60203333333333
7768,34.60203333333333
7769,34.60203333333333
7770,49.73703333333333
7771,48.83303333333333
7772,39.79103333333333
7773,39.79103333333333
7774,39.79103333333333
7775,39.79103333333333
7776,54.86103333333333
7777,59.381553333333336
7778,59.381553333333336
7779,59.381553333333336
7780,59.381553333333336
7781,59.381553333333336
7782,59.381553333333336
7783,59.381553333333336
7784,59.381553333333336
7785,40.63003333333333
7786,40.63003333333333
7787,40.63003333333333
7788,40.63003333333333
7789,42.169533333333334
7790,34.60203333333333
7791,34.60203333333333
7792,26.976033333333334
7793,26.976033333333334
7794,42.11103333333333
7795,42.11103333333333
7796,27.506033333333335
7797,27.506033333333335
7798,27.506033333333335
7799,27.506033333333335
7800,48.13903333333333
7801,59.381553333333336
7802,59.381553333333336
7803,59.381553333333336
7804,59.381553333333336
7805,59.381553333333336
7806,59.381553333333336
7807,59.381553333333336
7808,59.381553333333336
7809,40.63003333333333
7810,40.63003333333333
7811,40.63003333333333
7812,40.63003333333333
7813,42.169533333333334
7814,34.60203333333333
7815,34.60203333333333
7816,33.69803333333333
7817,33.69803333333333
7818,48.83303333333333
7819,48.83303333333333
7820,39.79103333333333
7821,39.79103333333333
7822,39.79103333333333
7823,39.79103333333333
7824,54.86103333333333
7825,56.66955333333333
7826,56.66955333333333
7827,59.381553333333336
7828,59.381553333333336
7829,59.381553333333336
7830,59.381553333333336
7831,59.381553333333336
7832,59.381553333333336
7833,42.43803333333334
7834,42.43803333333334
7835,40.63003333333333
7836,40.63003333333333
7837,42.169533333333334
7838,34.60203333333333
7839,34.60203333333333
7840,29.688033333333333
7841,29.688033333333333
7842,42.11103333333333
7843,42.11103333333333
7844,25.698033333333335
7845,25.698033333333335
7846,27.506033333333335
7847,27.506033333333335
7848,49.94703333333333
7849,56.66955333333333
7850,56.66955333333333
7851,59.381553333333336
7852,59.381553333333336
7853,59.381553333333336
7854,59.381553333333336
7855,59.381553333333336
7856,59.381553333333336
7857,57.573033333333335
7858,57.573033333333335
7859,55.765033333333335
7860,55.765033333333335
7861,49.73703333333333
7862,49.73703333333333
7863,49.73703333333333
7864,44.82303333333333
7865,44.82303333333333
7866,42.11103333333333
7867,42.11103333333333
7868,25.698033333333335
7869,25.698033333333335
7870,27.506033333333335
7871,27.506033333333335
7872,49.94703333333333
7873,56.66955333333333
7874,54.86155333333333
7875,59.381553333333336
7876,59.381553333333336
7877,59.381553333333336
7878,59.381553333333336
7879,59.381553333333336
7880,59.381553333333336
7881,57.573033333333335
7882,57.573033333333335
7883,55.765033333333335
7884,55.765033333333335
7885,49.73703333333333
7886,49.73703333333333
7887,49.73703333333333
7888,44.82303333333333
7889,44.82303333333333
7890,42.11103333333333
7891,42.11103333333333
7892,25.698033333333335
7893,25.698033333333335
7894,27.506033333333335
7895,27.506033333333335
7896,49.94703333333333
7897,59.381553333333336
7898,59.381553333333336
7899,59.381553333333336
7900,59.381553333333336
7901,59.381553333333336
7902,59.381553333333336
7903,59.381553333333336
7904,59.381553333333336
7905,40.63003333333333
7906,40.63003333333333
7907,40.63003333333333
7908,40.63003333333333
7909,42.169533333333334
7910,34.60203333333333
7911,34.60203333333333
7912,34.60203333333333
7913,34.60203333333333
7914,49.73703333333333
7915,48.83303333333333
7916,39.79103333333333
7917,39.79103333333333
7918,39.79103333333333
7919,39.79103333333333
7920,54.86103333333333
7921,59.381553333333336
7922,59.381553333333336
7923,59.381553333333336
7924,59.381553333333336
7925,59.381553333333336
7926,59.381553333333336
7927,59.381553333333336
7928,59.381553333333336
7929,40.63003333333333
7930,40.63003333333333
7931,40.63003333333333
7932,40.63003333333333
7933,42.169533333333334
7934,34.60203333333333
7935,34.60203333333333
7936,34.60203333333333
7937,34.60203333333333
7938,49.73703333333333
7939,48.83303333333333
7940,39.79103333333333
7941,39.79103333333333
7942,39.79103333333333
7943,39.79103333333333
7944,54.86103333333333
7945,59.381553333333336
7946,59.381553333333336
7947,59.381553333333336
7948,59.381553333333336
7949,59.381553333333336
7950,59.381553333333336
7951,59.381553333333336
7952,59.381553333333336
7953,40.63003333333333
7954,40.63003333333333
7955,40.63003333333333
7956,40.63003333333333
7957,42.169533333333334
7958,34.60203333333333
7959,34.60203333333333
7960,26.976033333333334
7961,26.976033333333334
7962,42.11103333333333
7963,42.11103333333333
7964,27.506033333333335
7965,27.506033333333335
7966,27.506033333333335
7967,27.506033333333335
7968,48.13903333333333
7969,59.381553333333336
7970,59.381553333333336
7971,59.381553333333336
7972,59.381553333333336
7973,59.381553333333336
7974,59.381553333333336
7975,59.381553333333336
7976,59.381553333333336
7977,40.63003333333333
7978,40.63003333333333
7979,40.63003333333333
7980,40.63003333333333
7981,42.169533333333334
7982,34.60203333333333
7983,34.60203333333333
7984,33.69803333333333
7985,33.69803333333333
7986,48.83303333333333
7987,48.83303333333333
7988,39.79103333333333
7989,39.79103333333333
7990,39.79103333333333
7991,39.79103333333333
7992,54.86103333333333
7993,56.66955333333333
7994,56.66955333333333
7995,59.381553333333336
7996,59.381553333333336
7997,59.381553333333336
7998,59.381553333333336
7999,59.381553333333336
8000,59.381553333333336
8001,42.43803333333334
8002,42.43803333333334
8003,40.63003333333333
8004,40.63003333333333
8005,42.169533333333334
8006,34.60203333333333
8007,34.60203333333333
8008,29.688033333333333
8009,29.688033333333333
8010,42.11103333333333
8011,42.11103333333333
8012,25.698033333333335
8013,25.698033333333335
8014,27.506033333333335
8015,27.506033333333335
8016,49.94703333333333
8017,56.66955333333333
8018,56.66955333333333
8019,59.381553333333336
8020,59.381553333333336
8021,59.381553333333336
8022,59.381553333333336
8023,59.381553333333336
8024,59.381553333333336
8025,57.573033333333335
8026,57.573033333333335
8027,55.765033333333335
8028,55.765033333333335
8029,49.73703333333333
8030,49.73703333333333
8031,49.73703333333333
8032,44.82303333333333
8033,44.82303333333333
8034,42.11103333333333
8035,42.11103333333333
8036,25.698033333333335
8037,25.698033333333335
8038,27.506033333333335
8039,27.506033333333335
8040,49.94703333333333
8041,56.66955333333333
8042,54.86155333333333
8043,59.381553333333336
8044,59.381553333333336
8045,59.381553333333336
8046,59.381553333333336
8047,59.381553333333336
8048,59.381553333333336
8049,57.573033333333335
8050,57.573033333333335
8051,55.765033333333335
8052,55.765033333333335
8053,49.73703333333333
8054,49.73703333333333
8055,49.73703333333333
8056,44.82303333333333
8057,44.82303333333333
8058,42.11103333333333
8059,42.11103333333333
8060,25.698033333333335
8061,25.698033333333335
8062,27.506033333333335
8063,27.506033333333335
8064,49.94703333333333
8065,59.381553333333336
8066,59.381553333333336
8067,59.381553333333336
8068,59.381553333333336
8069,59.381553333333336
8070,59.381553333333336
8071,59.381553333333336
8072,59.381553333333336
8073,40.63003333333333
8074,40.63003333333333
8075,40.63003333333333
8076,40.63003333333333
8077,42.169533333333334
8078,34.60203333333333
8079,34.60203333333333
8080,34.60203333333333
8081,34.60203333333333
8082,49.73703333333333
8083,48.83303333333333
8084,39.79103333333333
8085,39.79103333333333
8086,39.79103333333333
8087,39.79103333333333
8088,54.86103333333333
8089,59.381553333333336
8090,59.381553333333336
8091,59.381553333333336
8092,59.381553333333336
8093,59.381553333333336
8094,59.381553333333336
8095,59.381553333333336
8096,59.381553333333336
8097,40.63003333333333
8098,40.63003333333333
8099,40.63003333333333
8100,40.63003333333333
8101,42.169533333333334
8102,34.60203333333333
8103,34.60203333333333
8104,34.60203333333333
8105,34.60203333333333
8106,49.73703333333333
8107,48.83303333333333
8108,39.79103333333333
8109,39.79103333333333
8110,39.79103333333333
8111,39.79103333333333
8112,54.86103333333333
8113,59.381553333333336
8114,59.381553333333336
8115,59.381553333333336
8116,59.381553333333336
8117,59.381553333333336
8118,59.381553333333336
8119,59.381553333333336
8120,59.381553333333336
8121,40.63003333333333
8122,40.63003333333333
8123,40.63003333333333
8124,40.63003333333333
8125,42.169533333333334
8126,34.60203333333333
8127,34.60203333333333
8128,26.976033333333334
8129,26.976033333333334
8130,42.11103333333333
8131,42.11103333333333
8132,27.506033333333335
8133,27.506033333333335
8134,27.506033333333335
8135,27.506033333333335
8136,48.13903333333333
8137,59.381553333333336
8138,59.381553333333336
8139,59.381553333333336
8140,59.381553333333336
8141,59.381553333333336
8142,59.381553333333336
8143,59.381553333333336
8144,59.381553333333336
8145,40.63003333333333
8146,40.63003333333333
8147,40.63003333333333
8148,40.63003333333333
8149,42.169533333333334
8150,34.60203333333333
8151,34.60203333333333
8152,33.69803333333333
8153,33.69803333333333
8154,48.83303333333333
8155,48.83303333333333
8156,39.79103333333333
8157,39.79103333333333
8158,39.79103333333333
8159,39.79103333333333
8160,54.86103333333333
8161,56.66955333333333
8162,56.66955333333333
8163,59.381553333333336
8164,59.381553333333336
8165,59.381553333333336
8166,59.381553333333336
8167,59.381553333333336
8168,59.381553333333336
8169,42.43803333333334
8170,42.43803333333334
8171,40.63003333333333
8172,40.63003333333333
8173,42.169533333333334
8174,34.60203333333333
8175,34.60203333333333
8176,29.688033333333333
8177,29.688033333333333
8178,42.11103333333333
8179,42.11103333333333
8180,25.698033333333335
8181,25.698033333333335
8182,27.506033333333335
8183,27.506033333333335
8184,49.94703333333333
8185,56.66955333333333
8186,56.66955333333333
8187,59.381553333333336
8188,59.381553333333336
8189,59.381553333333336
8190,59.381553333333336
8191,59.381553333333336
8192,59.381553333333336
8193,57.573033333333335
8194,57.573033333333335
8195,55.765033333333335
8196,55.765033333333335
8197,49.73703333333333
8198,49.73703333333333
8199,49.73703333333333
8200,44.82303333333333
8201,44.82303333333333
8202,42.11103333333333
8203,42.11103333333333
8204,25.698033333333335
8205,25.698033333333335
8206,27.506033333333335
8207,27.506033333333335
8208,49.94703333333333
8209,56.66955333333333
8210,54.86155333333333
8211,59.381553333333336
8212,59.381553333333336
8213,59.381553333333336
8214,59.381553333333336
8215,59.381553333333336
8216,59.381553333333336
8217,57.573033333333335
8218,57.573033333333335
8219,55.765033333333335
8220,55.765033333333335
8221,49.73703333333333
8222,49.73703333333333
8223,49.73703333333333
8224,44.82303333333333
8225,44.82303333333333
8226,42.11103333333333
8227,42.11103333333333
8228,25.698033333333335
8229,25.698033333333335
8230,27.506033333333335
8231,27.506033333333335
8232,49.94703333333333
8233,59.381553333333336
8234,59.381553333333336
8235,59.381553333333336
8236,59.381553333333336
8237,59.381553333333336
8238,59.381553333333336
8239,59.381553333333336
8240,59.381553333333336
8241,40.63003333333333
8242,40.63003333333333
8243,40.63003333333333
8244,40.63003333333333
8245,42.169533333333334
8246,34.60203333333333
8247,34.60203333333333
8248,34.60203333333333
8249,34.60203333333333
8250,49.73703333333333
8251,48.83303333333333
8252,39.79103333333333
8253,39.79103333333333
8254,39.79103333333333
8255,39.79103333333333
8256,54.86103333333333
8257,59.381553333333336
8258,59.381553333333336
8259,59.381553333333336
8260,59.381553333333336
8261,59.381553333333336
8262,59.381553333333336
8263,59.381553333333336
8264,59.381553333333336
8265,40.63003333333333
8266,40.63003333333333
8267,40.63003333333333
8268,40.63003333333333
8269,42.169533333333334
8270,34.60203333333333
8271,34.60203333333333
8272,34.60203333333333
8273,34.60203333333333
8274,49.73703333333333
8275,48.83303333333333
8276,39.79103333333333
8277,39.79103333333333
8278,39.79103333333333
8279,39.79103333333333
8280,54.86103333333333
8281,59.381553333333336
8282,59.381553333333336
8283,59.381553333333336
8284,59.381553333333336
8285,59.381553333333336
8286,59.381553333333336
8287,59.381553333333336
8288,59.381553333333336
8289,40.63003333333333
8290,40.63003333333333
8291,40.63003333333333
8292,40.63003333333333
8293,42.169533333333334
8294,34.60203333333333
8295,34.60203333333333
8296,26.976033333333334
8297,26.976033333333334
8298,42.11103333333333
8299,42.11103333333333
8300,27.506033333333335
8301,27.506033333333335
8302,27.506033333333335
8303,27.506033333333335
8304,48.13903333333333
8305,59.381553333333336
8306,59.381553333333336
8307,59.381553333333336
8308,59.381553333333336
8309,59.381553333333336
8310,59.381553333333336
8311,59.381553333333336
8312,59.381553333333336
8313,40.63003333333333
8314,40.63003333333333
8315,40.63003333333333
8316,40.63003333333333
8317,42.169533333333334
8318,34.60203333333333
8319,34.60203333333333
8320,33.69803333333333
8321,33.69803333333333
8322,48.83303333333333
8323,48.83303333333333
8324,39.79103333333333
8325,39.79103333333333
8326,39.79103333333333
8327,39.79103333333333
8328,54.86103333333333
8329,56.66955333333333
8330,56.66955333333333
8331,59.381553333333336
8332,59.381553333333336
8333,59.381553333333336
8334,59.381553333333336
8335,59.381553333333336
8336,59.381553333333336
8337,42.43803333333334
8338,42.43803333333334
8339,40.63003333333333
8340,40.63003333333333
8341,42.169533333333334
8342,34.60203333333333
8343,34.60203333333333
8344,29.688033333333333
8345,29.688033333333333
8346,42.11103333333333
8347,42.11103333333333
8348,25.698033333333335
8349,25.698033333333335
8350,27.506033333333335
8351,27.506033333333335
8352,49.94703333333333
8353,56.66955333333333
8354,56.66955333333333
8355,59.381553333333336
8356,59.381553333333336
8357,59.381553333333336
8358,59.381553333333336
8359,59.381553333333336
8360,59.381553333333336
8361,57.573033333333335
8362,57.573033333333335
8363,55.765033333333335
8364,55.765033333333335
8365,49.73703333333333
8366,49.73703333333333
8367,49.73703333333333
8368,44.82303333333333
8369,44.82303333333333
8370,42.11103333333333
8371,42.11103333333333
8372,25.698033333333335
8373,25.698033333333335
8374,27.506033333333335
8375,27.506033333333335
8376,49.94703333333333
8377,56.66955333333333
8378,54.86155333333333
8379,59.381553333333336
8380,59.381553333333336
8381,59.381553333333336
8382,59.381553333333336
8383,59.381553333333336
8384,59.381553333333336
8385,57.573033333333335
8386,57.573033333333335
8387,55.765033333333335
8388,55.765033333333335
8389,49.73703333333333
8390,49.73703333333333
8391,49.73703333333333
8392,44.82303333333333
8393,44.82303333333333
8394,42.11103333333333
8395,42.11103333333333
8396,25.698033333333335
8397,25.698033333333335
8398,27.506033333333335
8399,27.506033333333335
8400,49.94703333333333
8401,59.381553333333336
8402,59.381553333333336
8403,59.381553333333336
8404,59.381553333333336
8405,59.381553333333336
8406,59.381553333333336
8407,59.381553333333336
8408,59.381553333333336
8409,40.63003333333333
8410,40.63003333333333
8411,40.63003333333333
8412,40.63003333333333
8413,42.169533333333334
8414,34.60203333333333
8415,34.60203333333333
8416,34.60203333333333
8417,34.60203333333333
8418,49.73703333333333
8419,48.83303333333333
8420,39.79103333333333
8421,39.79103333333333
8422,39.79103333333333
8423,39.79103333333333
8424,54.86103333333333
8425,59.381553333333336
8426,59.381553333333336
8427,59.381553333333336
8428,59.381553333333336
8429,59.381553333333336
8430,59.381553333333336
8431,59.381553333333336
8432,59.381553333333336
8433,40.63003333333333
8434,40.63003333333333
8435,40.63003333333333
8436,40.63003333333333
8437,42.169533333333334
8438,34.60203333333333
8439,34.60203333333333
8440,34.60203333333333
8441,34.60203333333333
8442,49.73703333333333
8443,48.83303333333333
8444,39.79103333333333
8445,39.79103333333333
8446,39.79103333333333
8447,39.79103333333333
8448,54.86103333333333
8449,59.381553333333336
8450,59.381553333333336
8451,59.381553333333336
8452,59.381553333333336
8453,59.381553333333336
8454,59.381553333333336
8455,59.381553333333336
8456,59.381553333333336
8457,40.63003333333333
8458,40.63003333333333
8459,40.63003333333333
8460,40.63003333333333
8461,42.169533333333334
8462,34.60203333333333
8463,34.60203333333333
8464,26.976033333333334
8465,26.976033333333334
8466,42.11103333333333
8467,42.11103333333333
8468,27.506033333333335
8469,27.506033333333335
8470,27.506033333333335
8471,27.506033333333335
8472,48.13903333333333
8473,59.381553333333336
8474,59.381553333333336
8475,59.381553333333336
8476,59.381553333333336
8477,59.381553333333336
8478,59.381553333333336
8479,59.381553333333336
8480,59.381553333333336
8481,40.63003333333333
8482,40.63003333333333
8483,40.63003333333333
8484,40.63003333333333
8485,42.169533333333334
8486,34.60203333333333
8487,34.60203333333333
8488,33.69803333333333
8489,33.69803333333333
8490,48.83303333333333
8491,48.83303333333333
8492,39.79103333333333
8493,39.79103333333333
8494,39.79103333333333
8495,39.79103333333333
8496,54.86103333333333
8497,56.66955333333333
8498,56.66955333333333
8499,59.381553333333336
8500,59.381553333333336
8501,59.381553333333336
8502,59.381553333333336
8503,59.381553333333336
8504,59.381553333333336
8505,42.43803333333334
8506,42.43803333333334
8507,40.63003333333333
8508,40.63003333333333
8509,42.169533333333334
8510,34.60203333333333
8511,34.60203333333333
8512,29.688033333333333
8513,29.688033333333333
8514,42.11103333333333
8515,42.11103333333333
8516,25.698033333333335
8517,25.698033333333335
8518,27.506033333333335
8519,27.506033333333335
8520,49.94703333333333
8521,56.66955333333333
8522,56.66955333333333
8523,59.381553333333336
8524,59.381553333333336
8525,59.381553333333336
8526,59.381553333333336
8527,59.381553333333336
8528,59.381553333333336
8529,57.573033333333335
8530,57.573033333333335
8531,55.765033333333335
8532,55.765033333333335
8533,49.73703333333333
8534,49.73703333333333
8535,49.73703333333333
8536,44.82303333333333
8537,44.82303333333333
8538,42.11103333333333
8539,42.11103333333333
8540,25.698033333333335
8541,25.698033333333335
8542,27.506033333333335
8543,27.506033333333335
8544,49.94703333333333
8545,56.66955333333333
8546,54.86155333333333
8547,59.381553333333336
8548,59.381553333333336
8549,59.381553333333336
8550,59.381553333333336
8551,59.381553333333336
8552,59.381553333333336
8553,57.573033333333335
8554,57.573033333333335
8555,55.765033333333335
8556,55.765033333333335
8557,49.73703333333333
8558,49.73703333333333
8559,49.73703333333333
8560,44.82303333333333
8561,44.82303333333333
8562,42.11103333333333
8563,42.11103333333333
8564,25.698033333333335
8565,25.698033333333335
8566,27.506033333333335
8567,27.506033333333335
8568,49.94703333333333
8569,59.381553333333336
8570,59.381553333333336
8571,59.381553333333336
8572,59.381553333333336
8573,59.381553333333336
8574,59.381553333333336
8575,59.381553333333336
8576,59.381553333333336
8577,40.63003333333333
8578,40.63003333333333
8579,40.63003333333333
8580,40.63003333333333
8581,42.169533333333334
8582,34.60203333333333
8583,34.60203333333333
8584,34.60203333333333
8585,34.60203333333333
8586,49.73703333333333
8587,48.83303333333333
8588,39.79103333333333
8589,39.79103333333333
8590,39.79103333333333
8591,39.79103333333333
8592,54.86103333333333
8593,59.381553333333336
8594,59.381553333333336
8595,59.381553333333336
8596,59.381553333333336
8597,59.381553333333336
8598,59.381553333333336
8599,59.381553333333336
8600,59.381553333333336
8601,40.63003333333333
8602,40.63003333333333
8603,40.63003333333333
8604,40.63003333333333
8605,42.169533333333334
8606,34.60203333333333
8607,34.60203333333333
8608,34.60203333333333
8609,34.60203333333333
8610,49.73703333333333
8611,48.83303333333333
8612,39.79103333333333
8613,39.79103333333333
8614,39.79103333333333
8615,39.79103333333333
8616,54.86103333333333
8617,59.381553333333336
8618,59.381553333333336
8619,59.381553333333336
8620,59.381553333333336
8621,59.381553333333336
8622,59.381553333333336
8623,59.381553333333336
8624,59.381553333333336
8625,40.63003333333333
8626,40.63003333333333
8627,40.63003333333333
8628,40.63003333333333
8629,42.169533333333334
8630,34.60203333333333
8631,34.60203333333333
8632,26.976033333333334
8633,26.976033333333334
8634,42.11103333333333
8635,42.11103333333333
8636,27.506033333333335
8637,27.506033333333335
8638,27.506033333333335
8639,27.506033333333335
8640,48.13903333333333
8641,59.381553333333336
8642,59.381553333333336
8643,59.381553333333336
8644,59.381553333333336
8645,59.381553333333336
8646,59.381553333333336
8647,59.381553333333336
8648,59.381553333333336
8649,40.63003333333333
8650,40.63003333333333
8651,40.63003333333333
8652,40.63003333333333
8653,42.169533333333334
8654,34.60203333333333
8655,34.60203333333333
8656,33.69803333333333
8657,33.69803333333333
8658,48.83303333333333
8659,48.83303333333333
8660,39.79103333333333
8661,39.79103333333333
8662,39.79103333333333
8663,39.79103333333333
8664,54.86103333333333
8665,56.66955333333333
8666,56.66955333333333
8667,59.381553333333336
8668,59.381553333333336
8669,59.381553333333336
8670,59.381553333333336
8671,59.381553333333336
8672,59.381553333333336
8673,42.43803333333334
8674,42.43803333333334
8675,40.63003333333333
8676,40.63003333333333
8677,42.169533333333334
8678,34.60203333333333
8679,34.60203333333333
8680,29.688033333333333
8681,29.688033333333333
8682,42.11103333333333
8683,42.11103333333333
8684,25.698033333333335
8685,25.698033333333335
8686,27.506033333333335
8687,27.506033333333335
8688,49.94703333333333
8689,56.66955333333333
8690,56.66955333333333
8691,59.381553333333336
8692,59.381553333333336
8693,59.381553333333336
8694,59.381553333333336
8695,59.381553333333336
8696,59.381553333333336
8697,57.573033333333335
8698,57.573033333333335
8699,55.765033333333335
8700,55.765033333333335
8701,49.73703333333333
8702,49.73703333333333
8703,49.73703333333333
8704,44.82303333333333
8705,44.82303333333333
8706,42.11103333333333
8707,42.11103333333333
8708,25.698033333333335
8709,25.698033333333335
8710,27.506033333333335
8711,27.506033333333335
8712,49.94703333333333
8713,56.66955333333333
8714,54.86155333333333
8715,59.381553333333336
8716,59.381553333333336
8717,59.381553333333336
8718,59.381553333333336
8719,59.381553333333336
8720,59.381553333333336
8721,57.573033333333335
8722,57.573033333333335
8723,55.765033333333335
8724,55.765033333333335
8725,49.73703333333333
8726,49.73703333333333
8727,49.73703333333333
8728,44.82303333333333
8729,44.82303333333333
8730,42.11103333333333
8731,42.11103333333333
8732,25.698033333333335
8733,25.698033333333335
8734,27.506033333333335
8735,27.506033333333335
8736,49.94703333333333
8737,59.381553333333336
8738,59.381553333333336
8739,59.381553333333336
8740,59.381553333333336
8741,59.381553333333336
8742,59.381553333333336
8743,59.381553333333336
8744,59.381553333333336
8745,40.63003333333333
8746,40.63003333333333
8747,40.63003333333333
8748,40.63003333333333
8749,42.169533333333334
8750,34.60203333333333
8751,34.60203333333333
8752,34.60203333333333
8753,34.60203333333333
8754,49.73703333333333
8755,48.83303333333333
8756,39.79103333333333
8757,39.79103333333333
8758,39.79103333333333
8759,39.79103333333333
8760,54.86103333333333
