Hour,Demand_Zone 1,Demand_Zone 2,Demand_Zone 3,Demand_Zone 4,Demand_Zone 5
1,8.2,20.0,8.3,8.0,6.1
2,8.6,20.0,8.6,8.2,6.2
3,9.3,20.0,9.2,8.6,6.4
4,9.8,20.0,9.7,8.9,6.6
5,10.4,20.0,10.2,9.4,6.9
6,10.9,20.0,10.6,9.6,7.0
7,11.3,0.0,10.9,9.8,7.1
8,11.7,0.0,11.3,10.0,7.3
9,11.8,0.0,11.4,0.0,0.0
10,11.9,0.0,11.4,0.0,0.0
11,12.1,0.0,11.5,0.0,0.0
12,12.3,0.0,11.8,0.0,0.0
13,12.5,0.0,2.7,4.1,3.5
14,12.8,0.0,3.1,0.0,0.0
15,13.1,0.0,3.4,0.0,0.2
16,13.5,0.0,3.8,0.0,0.5
17,13.8,0.0,4.1,0.0,0.6
18,13.8,0.0,4.1,10.8,7.5
19,13.7,0.0,4.1,10.6,7.3
20,13.7,0.0,0.0,10.5,7.2
21,13.8,0.0,0.0,10.5,7.2
22,13.3,0.0,0.0,9.9,6.8
23,12.5,0.0,0.0,9.1,6.1
24,12.5,0.0,11.6,9.1,6.1
25,13.1,20.0,12.0,9.5,6.4
26,13.3,20.0,12.2,9.7,6.6
27,13.4,20.0,12.3,9.8,6.7
28,13.3,20.0,12.2,9.7,6.6
29,13.5,20.0,12.4,9.9,6.8
30,13.6,20.0,12.5,10.0,6.8
31,13.4,0.0,12.4,9.8,6.7
32,13.5,0.0,12.4,9.8,6.7
33,13.4,0.0,12.4,0.0,0.0
34,13.4,0.0,12.4,0.0,0.0
35,13.3,0.0,12.4,0.0,0.0
36,13.4,0.0,12.5,0.0,0.0
37,13.2,0.0,3.9,3.9,3.2
38,15.1,0.0,5.8,0.3,1.4
39,15.9,0.0,6.6,1.1,2.0
40,16.8,0.0,7.5,2.0,2.6
41,17.2,0.0,7.9,2.4,2.9
42,17.6,0.0,8.3,13.9,9.7
43,18.1,0.0,8.8,14.2,9.9
44,18.4,0.0,0.0,14.4,10.0
45,18.9,0.0,0.0,14.7,10.2
46,19.4,0.0,0.0,15.1,10.5
47,19.8,3.6,0.0,15.3,10.6
48,20.1,10.9,18.7,15.6,10.8
49,20.4,26.4,18.9,15.7,10.9
50,20.5,26.6,19.0,15.8,11.0
51,20.4,26.5,18.9,15.8,11.0
52,20.5,26.6,19.0,15.8,11.0
53,20.7,27.0,19.2,16.0,11.2
54,21.1,28.1,19.6,16.5,11.5
55,21.2,8.3,19.7,16.6,11.6
56,21.4,8.9,20.0,16.8,11.8
57,21.2,12.9,19.9,6.0,5.5
58,20.1,8.9,18.7,4.7,4.5
59,18.2,0.1,16.8,2.4,2.9
60,16.9,0.0,15.0,0.1,1.6
61,15.3,0.0,5.7,3.5,3.6
62,15.0,0.0,5.9,0.0,0.7
63,14.9,0.0,6.0,0.0,0.9
64,9.2,0.0,6.5,0.7,1.7
65,10.1,0.0,7.3,1.5,2.3
66,11.0,0.0,8.1,13.4,9.4
67,11.5,0.0,8.4,13.5,9.4
68,2.7,0.0,0.0,13.2,9.2
69,3.0,0.0,0.0,13.2,9.1
70,3.9,0.0,0.0,13.9,9.6
71,3.9,0.0,0.0,13.4,9.2
72,12.6,0.6,16.7,13.6,9.3
73,18.2,21.4,16.8,13.5,9.2
74,18.3,21.6,16.9,13.6,9.3
75,18.0,20.9,16.6,13.3,9.1
76,18.3,21.6,16.9,13.6,9.3
77,18.2,21.4,16.8,13.5,9.2
78,18.3,21.6,16.9,13.6,9.3
79,18.0,0.9,16.6,13.3,9.1
80,17.9,0.7,16.5,13.2,9.0
81,17.9,2.6,16.6,2.5,2.8
82,17.9,2.4,16.6,2.5,2.8
83,17.7,1.6,16.4,2.3,2.7
84,17.7,1.2,16.3,2.2,2.6
85,17.7,0.9,8.7,7.6,5.7
86,17.6,1.0,8.6,2.1,2.5
87,17.6,1.3,8.6,2.1,2.6
88,17.6,2.2,8.6,2.2,2.6
89,17.9,3.1,8.9,2.4,2.8
90,17.9,3.2,8.9,13.3,9.1
91,17.8,3.0,8.8,13.3,9.0
92,17.8,2.9,0.0,13.2,9.0
93,17.4,1.7,0.0,12.8,8.7
94,17.1,0.5,0.0,12.5,8.5
95,16.7,0.0,0.0,12.0,8.1
96,16.5,0.0,15.2,11.9,8.0
97,16.3,20.0,14.9,11.5,7.7
98,15.8,20.0,14.4,11.1,7.5
99,15.5,20.0,14.2,10.9,7.4
100,15.7,20.0,14.4,11.2,7.5
101,15.6,20.0,14.3,11.2,7.5
102,15.8,20.0,14.5,11.4,7.7
103,15.9,0.0,14.7,11.5,7.9
104,15.6,0.0,14.3,11.2,7.6
105,15.3,0.0,14.2,0.1,1.1
106,15.1,0.0,14.0,0.0,0.9
107,14.4,0.0,13.4,0.0,0.4
108,14.0,0.0,13.0,0.0,0.1
109,14.1,0.0,5.1,4.4,3.5
110,14.1,0.0,5.1,0.0,0.3
111,14.2,0.0,5.1,0.0,0.5
112,7.8,0.0,5.1,0.0,0.5
113,8.2,0.0,5.4,0.0,0.8
114,8.1,0.0,5.3,10.7,7.3
115,8.1,0.0,5.4,10.7,7.4
116,0.0,0.0,0.0,10.8,7.4
117,0.0,0.0,0.0,10.8,7.4
118,0.0,0.0,0.0,10.6,7.3
119,0.0,0.0,0.0,11.0,7.6
120,8.5,0.0,13.9,11.1,7.7
121,15.0,20.0,13.9,11.0,7.6
122,15.0,20.0,13.9,11.1,7.7
123,15.2,20.0,14.1,11.4,7.9
124,15.0,20.0,14.0,11.2,7.7
125,15.8,20.0,14.7,12.0,8.3
126,15.6,20.0,14.6,11.8,8.2
127,15.9,0.0,14.8,12.0,8.3
128,16.1,0.0,15.0,12.1,8.4
129,16.3,0.0,15.3,12.5,8.7
130,16.2,0.0,15.2,12.4,8.6
131,15.9,0.0,14.9,12.0,8.3
132,15.8,0.0,14.8,11.7,8.1
133,15.7,0.0,6.7,11.6,8.0
134,14.7,0.0,5.7,10.2,7.1
135,15.0,0.0,6.0,10.7,7.5
136,10.1,0.0,7.3,12.6,8.8
137,10.8,0.0,7.9,13.1,9.2
138,11.3,0.0,8.3,13.5,9.4
139,12.2,0.0,9.0,14.1,9.8
140,4.2,0.0,0.0,14.4,10.0
141,5.0,1.0,0.0,14.6,10.1
142,5.6,7.5,0.0,14.6,10.1
143,5.9,8.3,0.0,14.8,10.2
144,13.9,8.3,18.0,14.8,10.2
145,19.5,20.0,18.0,14.8,10.2
146,19.5,20.0,18.1,14.8,10.3
147,19.8,21.4,18.4,15.2,10.5
148,19.8,25.1,18.4,15.2,10.5
149,20.0,25.5,18.5,15.3,10.6
150,19.9,25.3,18.5,15.3,10.6
151,19.9,5.4,18.5,15.3,10.6
152,20.0,5.5,18.5,15.3,10.6
153,19.7,5.2,18.4,15.2,10.6
154,19.5,4.5,18.1,15.0,10.4
155,18.6,3.0,17.3,13.9,9.6
156,18.3,0.3,17.0,13.4,9.3
157,19.3,5.9,10.3,14.7,10.2
158,18.9,3.7,10.0,14.2,9.8
159,19.0,4.0,10.1,14.3,9.9
160,14.0,6.8,10.5,14.9,10.3
161,14.2,7.8,10.6,15.1,10.5
162,14.4,12.8,10.8,15.3,10.6
163,14.4,12.8,10.8,15.3,10.6
164,6.3,12.8,0.0,15.3,10.6
165,6.3,12.8,0.0,15.3,10.6
166,6.3,10.0,0.0,15.3,10.6
167,6.7,11.4,0.0,15.7,10.9
168,15.2,12.7,19.2,16.1,11.3
169,21.1,28.1,19.6,16.5,11.5
170,22.0,30.2,20.5,17.4,12.3
171,22.1,30.3,20.6,17.5,12.3
172,22.4,31.1,20.9,17.8,12.6
173,22.6,31.6,21.1,18.0,12.7
174,22.2,30.7,20.7,17.6,12.4
175,22.2,10.6,20.7,17.6,12.4
176,21.7,9.6,20.3,17.1,12.0
177,21.3,13.2,20.0,6.1,5.6
178,21.1,12.3,19.8,5.8,5.4
179,20.1,8.1,18.8,4.6,4.5
180,19.5,5.6,18.2,3.9,4.0
181,19.0,4.2,10.1,8.9,6.8
182,18.7,3.4,9.7,3.1,3.4
183,18.7,4.2,9.8,3.2,3.4
184,18.9,5.2,9.9,3.4,3.6
185,18.8,5.3,9.8,3.4,3.6
186,18.8,5.2,9.7,14.2,9.8
187,18.6,5.8,9.6,14.1,9.7
188,18.5,5.2,0.0,13.9,9.5
189,18.5,5.2,0.0,13.9,9.5
190,18.5,5.2,0.0,13.9,9.5
191,18.6,5.6,0.0,14.0,9.6
192,18.8,6.3,17.4,14.2,9.8
193,19.0,23.2,17.5,14.3,9.8
194,19.0,23.2,17.5,14.3,9.8
195,19.0,23.2,17.5,14.3,9.8
196,19.1,23.5,17.7,14.4,10.0
197,19.4,24.2,18.0,14.7,10.2
198,19.3,23.9,17.8,14.6,10.1
199,19.4,4.2,18.0,14.7,10.2
200,19.4,4.1,17.9,14.7,10.2
201,19.2,6.5,17.8,3.8,3.9
202,19.1,6.0,17.7,3.7,3.8
203,18.8,4.6,17.5,3.3,3.5
204,18.6,3.7,17.4,3.1,3.4
205,18.2,0.9,9.3,7.9,6.1
206,18.4,2.0,9.5,2.8,3.2
207,18.6,3.2,9.7,3.1,3.4
208,18.8,4.6,9.9,3.4,3.5
209,19.0,5.9,10.0,3.6,3.7
210,19.2,6.7,10.2,14.7,10.2
211,19.3,8.1,10.3,14.8,10.2
212,19.2,8.0,0.0,14.7,10.2
213,19.3,8.3,0.0,14.8,10.2
214,19.4,8.5,0.0,14.9,10.3
215,19.4,8.5,0.0,14.9,10.3
216,19.7,9.7,18.4,15.2,10.6
217,20.7,27.0,19.2,16.0,11.2
218,21.1,28.1,19.6,16.5,11.5
219,21.5,29.1,20.1,16.9,11.9
220,21.8,29.8,20.4,17.2,12.1
221,22.3,30.8,20.8,17.7,12.4
222,22.5,31.2,21.0,17.9,12.6
223,22.6,11.7,21.2,18.1,12.8
224,23.1,12.7,21.6,18.6,13.1
225,22.8,17.9,21.5,7.6,6.8
226,22.5,16.6,21.2,7.3,6.5
227,21.9,12.9,20.6,6.4,5.9
228,21.8,12.2,20.5,6.3,5.8
229,21.9,12.0,13.0,11.7,9.0
230,21.0,0.0,11.8,3.8,5.0
231,21.5,5.7,12.6,5.9,5.6
232,16.3,21.1,12.9,6.4,5.9
233,17.0,24.0,13.4,7.1,6.4
234,17.3,25.1,13.6,18.3,12.9
235,17.2,24.7,13.5,18.2,12.8
236,9.3,20.4,2.3,18.4,13.0
237,9.5,21.1,2.5,18.6,13.2
238,9.5,20.9,2.4,18.6,13.1
239,9.5,21.1,2.5,18.6,13.2
240,17.7,27.0,21.7,18.7,13.2
241,23.4,33.4,21.9,18.9,13.3
242,23.5,33.7,22.0,19.0,13.5
243,23.8,34.3,22.3,19.3,13.7
244,24.0,34.7,22.5,19.5,13.8
245,24.2,35.2,22.7,19.7,14.0
246,24.3,35.7,22.9,19.9,14.1
247,24.5,16.0,23.0,20.0,14.2
248,24.7,16.5,23.2,20.2,14.4
249,24.6,23.3,23.2,9.5,8.2
250,24.0,20.7,22.7,8.8,7.7
251,23.5,13.1,21.7,7.5,7.0
252,22.9,5.0,20.9,6.1,6.3
253,22.4,0.0,12.8,10.6,9.1
254,22.5,0.0,13.1,5.0,6.1
255,22.6,0.0,13.7,5.0,6.5
256,23.1,13.2,14.3,8.0,7.1
257,24.2,25.1,15.2,9.0,7.8
258,24.4,26.0,15.4,20.1,14.3
259,24.6,26.9,15.6,20.4,14.5
260,24.9,27.7,4.4,20.6,14.7
261,25.1,28.4,4.6,20.8,14.8
262,25.1,28.4,4.6,20.8,14.8
263,25.0,28.3,4.5,20.8,14.8
264,25.1,28.6,23.7,20.9,14.9
265,25.3,33.8,23.8,20.9,14.9
266,25.4,34.0,23.9,21.0,15.0
267,25.9,39.3,24.4,21.5,15.4
268,25.8,39.1,24.3,21.4,15.3
269,25.6,38.5,24.1,21.1,15.1
270,25.7,38.8,24.2,21.3,15.2
271,25.4,18.2,23.9,21.0,15.0
272,25.2,17.6,23.7,20.7,14.8
273,24.7,16.8,23.3,9.6,8.3
274,23.8,9.5,22.0,8.0,7.3
275,22.8,7.4,20.7,6.3,6.3
276,22.2,2.5,20.2,5.4,5.8
277,21.6,0.0,12.0,9.7,8.4
278,21.4,0.0,12.1,3.8,5.3
279,21.5,0.0,12.6,4.5,5.7
280,16.4,3.9,13.2,6.9,6.2
281,17.5,17.8,13.9,7.6,6.8
282,17.8,27.4,14.1,18.8,13.3
283,18.1,28.7,14.4,19.1,13.6
284,10.2,29.7,3.2,19.4,13.7
285,10.3,29.9,3.2,19.4,13.8
286,10.2,23.5,3.1,19.3,13.7
287,10.2,23.6,3.2,19.4,13.7
288,18.4,24.0,22.4,19.5,13.8
289,23.4,29.0,21.9,18.9,13.3
290,23.4,29.1,21.9,18.9,13.4
291,23.5,33.6,22.0,19.0,13.4
292,23.2,32.9,21.7,18.7,13.2
293,23.1,32.8,21.7,18.6,13.1
294,23.1,32.7,21.6,18.6,13.1
295,23.2,13.0,21.7,18.7,13.2
296,23.1,12.8,21.7,18.6,13.1
297,22.9,12.6,21.5,18.5,13.1
298,22.5,10.1,21.0,17.9,12.7
299,22.0,11.6,20.6,17.2,12.2
300,21.6,8.8,20.2,16.6,11.8
301,21.2,3.4,12.0,15.7,11.4
302,21.5,8.0,12.6,16.5,11.8
303,21.4,1.7,12.5,15.7,11.7
304,16.4,13.7,12.9,17.3,12.2
305,17.4,17.4,13.7,18.4,13.0
306,17.7,27.2,14.1,18.8,13.3
307,18.0,28.3,14.3,19.0,13.5
308,10.1,29.1,3.0,19.2,13.6
309,10.5,31.0,3.5,19.7,14.0
310,11.4,27.7,4.4,20.6,14.7
311,11.8,29.3,4.8,21.1,15.0
312,20.3,30.5,24.3,21.4,15.3
313,26.1,35.6,24.6,21.7,15.5
314,26.2,33.2,24.7,21.8,15.6
315,26.3,40.2,24.8,21.9,15.7
316,26.3,40.2,24.8,21.9,15.7
317,26.3,40.3,24.9,22.0,15.7
318,26.3,40.3,24.9,22.0,15.7
319,26.3,20.2,24.8,21.9,15.7
320,26.3,20.3,24.9,22.0,15.7
321,26.2,20.2,24.8,21.9,15.7
322,26.0,19.0,24.6,21.7,15.5
323,25.0,21.2,23.6,20.3,14.6
324,24.3,16.4,22.8,19.4,14.0
325,23.3,5.8,13.9,17.4,13.0
326,23.0,6.1,13.9,17.3,12.9
327,23.4,5.1,14.6,17.5,13.4
328,18.5,20.3,15.0,19.5,13.8
329,19.1,22.9,15.5,20.2,14.4
330,19.3,34.1,15.7,20.5,14.6
331,19.5,34.7,15.8,20.6,14.7
332,11.4,34.5,4.3,20.6,14.6
333,11.2,33.7,4.1,20.4,14.5
334,11.1,26.7,4.1,20.3,14.4
335,11.2,26.9,4.1,20.4,14.5
336,19.1,26.2,23.1,20.2,14.3
337,24.5,36.1,23.1,20.1,14.3
338,24.4,35.9,23.0,20.0,14.2
339,24.5,36.1,23.1,20.1,14.3
340,24.7,36.4,23.2,20.2,14.4
341,24.7,36.4,23.2,20.2,14.4
342,24.8,36.8,23.4,20.4,14.5
343,24.8,16.7,23.3,20.3,14.5
344,24.6,16.2,23.1,20.1,14.3
345,24.3,22.4,22.9,9.1,7.9
346,23.9,20.2,22.5,8.6,7.5
347,22.9,13.6,21.4,7.2,6.6
348,22.2,7.3,20.6,6.0,5.9
349,21.6,2.9,12.4,10.5,8.6
350,21.6,7.0,12.6,5.5,5.6
351,22.0,13.5,13.1,6.6,6.1
352,22.2,15.2,13.2,6.9,6.2
353,22.2,15.6,13.2,6.9,6.2
354,22.2,15.9,13.2,17.8,12.5
355,22.2,18.4,13.2,17.8,12.5
356,22.4,18.9,1.8,18.0,12.7
357,22.5,19.2,1.9,18.1,12.7
358,22.7,19.9,2.1,18.3,12.9
359,22.8,20.2,2.2,18.4,13.0
360,22.8,20.6,21.5,18.5,13.0
361,23.0,32.6,21.6,18.5,13.1
362,22.9,32.4,21.5,18.4,13.0
363,22.9,32.3,21.4,18.4,13.0
364,22.9,32.3,21.4,18.4,13.0
365,22.6,31.7,21.2,18.1,12.8
366,22.5,31.3,21.0,17.9,12.6
367,22.5,11.5,21.1,18.0,12.7
368,22.5,11.5,21.1,18.0,12.7
369,22.5,16.7,21.1,7.2,6.5
370,22.5,16.8,21.2,7.3,6.5
371,22.4,15.9,21.1,7.1,6.4
372,22.1,14.0,20.8,6.7,6.1
373,22.1,14.6,13.2,12.2,9.3
374,22.0,14.2,13.0,6.6,6.0
375,22.2,14.9,13.2,6.8,6.2
376,22.1,15.2,13.2,6.8,6.2
377,22.2,15.8,13.2,7.0,6.3
378,22.2,15.9,13.2,17.8,12.5
379,22.2,18.2,13.1,17.8,12.5
380,22.2,18.2,1.6,17.8,12.5
381,22.2,18.2,1.6,17.8,12.5
382,22.2,18.4,1.7,17.8,12.5
383,22.2,18.2,1.6,17.8,12.5
384,22.2,18.2,20.8,17.8,12.5
385,22.4,31.1,20.9,17.8,12.6
386,22.4,31.0,20.9,17.8,12.5
387,22.4,31.1,20.9,17.8,12.6
388,22.5,31.5,21.1,18.0,12.7
389,22.6,31.6,21.1,18.0,12.7
390,22.9,32.3,21.4,18.4,13.0
391,23.0,12.6,21.6,18.5,13.1
392,23.0,12.6,21.6,18.5,13.1
393,22.9,18.0,21.5,7.7,6.8
394,23.1,18.2,21.7,7.8,6.9
395,22.7,16.7,21.4,7.4,6.6
396,22.4,15.1,21.1,7.0,6.3
397,21.8,12.6,12.9,11.7,9.0
398,21.8,12.7,12.8,6.3,5.8
399,21.9,13.5,12.9,6.5,5.9
400,16.4,21.4,12.9,6.5,6.0
401,16.6,22.3,13.0,6.7,6.1
402,16.6,22.4,13.0,17.6,12.4
403,16.6,22.4,13.0,17.6,12.4
404,8.7,18.4,1.7,17.8,12.5
405,9.3,20.2,2.2,18.4,13.0
406,8.6,18.0,1.6,17.7,12.5
407,8.5,17.7,1.5,17.6,12.4
408,16.6,22.4,20.6,17.6,12.4
409,22.0,30.1,20.5,17.4,12.2
410,21.8,29.6,20.3,17.2,12.1
411,21.7,29.5,20.3,17.1,12.0
412,21.6,29.2,20.1,17.0,11.9
413,21.5,29.0,20.0,16.9,11.8
414,21.5,29.0,20.0,16.9,11.8
415,21.5,9.1,20.1,16.9,11.9
416,21.5,9.0,20.0,16.9,11.8
417,21.3,13.0,19.9,6.0,5.5
418,21.2,12.8,19.9,5.9,5.5
419,21.4,12.7,20.0,6.0,5.6
420,21.2,11.7,19.9,5.8,5.4
421,20.8,8.2,11.9,10.6,8.1
422,20.4,0.9,11.4,4.0,4.6
423,20.5,4.6,11.6,4.5,4.8
424,21.5,15.4,12.6,6.2,5.7
425,22.0,17.3,12.9,6.7,6.1
426,21.9,17.3,12.9,17.5,12.3
427,21.8,16.8,12.7,17.4,12.2
428,21.7,16.5,1.2,17.3,12.1
429,21.7,16.7,1.2,17.3,12.2
430,21.7,16.7,1.2,17.3,12.2
431,21.8,16.8,1.3,17.4,12.2
432,21.8,17.0,20.5,17.4,12.2
433,22.0,25.7,20.5,17.4,12.3
434,22.1,25.9,20.6,17.5,12.3
435,22.2,30.6,20.7,17.6,12.4
436,22.2,30.7,20.7,17.6,12.4
437,22.2,30.6,20.7,17.6,12.4
438,22.2,30.7,20.7,17.6,12.4
439,22.2,10.7,20.7,17.6,12.4
440,22.2,10.6,20.7,17.6,12.4
441,21.9,10.2,20.5,6.6,6.0
442,21.6,9.5,20.3,6.3,5.8
443,21.3,12.5,20.0,6.0,5.5
444,21.1,11.5,19.8,5.7,5.3
445,21.0,11.1,12.1,11.0,8.4
446,20.9,10.9,12.0,5.5,5.2
447,21.0,11.1,12.0,5.6,5.2
448,15.8,12.2,12.2,5.9,5.4
449,16.0,13.2,12.4,6.1,5.6
450,16.2,20.5,12.6,17.2,12.0
451,16.3,21.2,12.7,17.3,12.2
452,8.3,21.4,1.3,17.4,12.2
453,8.2,21.2,1.2,17.3,12.2
454,8.3,16.8,1.3,17.4,12.2
455,8.2,16.7,1.2,17.3,12.2
456,16.2,16.3,20.3,17.2,12.1
457,21.8,25.2,20.4,17.2,12.1
458,21.8,25.1,20.3,17.2,12.1
459,21.7,29.5,20.3,17.1,12.0
460,21.6,29.3,20.2,17.0,11.9
461,21.6,29.3,20.2,17.0,11.9
462,21.6,29.2,20.1,17.0,11.9
463,21.6,9.2,20.1,17.0,11.9
464,21.5,9.1,20.1,16.9,11.9
465,21.3,9.0,20.0,16.9,11.8
466,21.1,8.3,19.8,16.7,11.7
467,20.8,10.9,19.5,16.3,11.4
468,20.6,10.0,19.3,16.0,11.2
469,20.2,8.5,11.3,15.6,10.9
470,20.1,8.0,11.1,15.5,10.8
471,20.0,8.1,11.1,15.4,10.7
472,14.7,8.8,11.1,15.6,10.8
473,14.8,9.5,11.2,15.7,10.9
474,14.9,14.9,11.2,15.8,11.0
475,15.0,15.3,11.3,15.9,11.1
476,6.9,15.5,0.0,15.9,11.1
477,6.9,15.3,0.0,15.9,11.1
478,6.9,11.9,0.0,15.9,11.1
479,6.8,11.7,0.0,15.8,11.0
480,14.9,11.7,18.9,15.8,11.0
481,20.6,22.1,19.1,15.9,11.1
482,20.5,20.0,19.0,15.9,11.0
483,20.4,25.4,18.9,15.8,11.0
484,20.4,26.4,18.9,15.7,10.9
485,20.3,26.1,18.8,15.6,10.9
486,20.2,26.0,18.8,15.6,10.8
487,20.2,5.9,18.7,15.5,10.8
488,20.2,5.9,18.7,15.5,10.8
489,19.9,5.7,18.6,15.4,10.7
490,19.8,5.2,18.5,15.3,10.6
491,19.6,7.1,18.2,15.0,10.4
492,19.4,6.6,18.1,14.8,10.3
493,19.1,5.2,10.2,14.5,10.0
494,18.9,4.7,10.0,14.3,9.9
495,18.8,4.4,9.9,14.2,9.8
496,13.5,5.0,9.9,14.3,9.8
497,13.5,5.4,9.9,14.3,9.9
498,13.5,9.1,9.9,14.4,9.9
499,13.5,9.1,9.9,14.4,9.9
500,5.4,8.9,0.0,14.3,9.9
501,5.3,8.7,0.0,14.3,9.8
502,5.3,6.4,0.0,14.3,9.8
503,5.3,6.4,0.0,14.3,9.8
504,13.4,6.3,17.4,14.2,9.8
505,18.9,23.0,17.4,14.2,9.8
506,18.9,23.0,17.4,14.2,9.8
507,18.9,22.8,17.4,14.1,9.7
508,18.9,22.8,17.4,14.1,9.7
509,18.9,22.8,17.4,14.1,9.7
510,18.9,22.8,17.4,14.1,9.7
511,18.8,2.8,17.3,14.1,9.7
512,18.8,2.6,17.3,14.0,9.6
513,18.5,4.3,17.1,3.1,3.3
514,18.4,3.8,17.0,2.9,3.2
515,18.2,3.3,16.9,2.8,3.1
516,17.9,1.7,16.6,2.4,2.8
517,17.9,1.8,9.0,7.8,5.9
518,17.8,1.1,8.8,2.2,2.7
519,17.9,1.7,8.9,2.4,2.8
520,17.8,1.6,8.8,2.3,2.7
521,18.0,2.7,9.0,2.6,2.9
522,18.1,3.2,9.1,13.6,9.3
523,18.3,4.6,9.3,13.7,9.4
524,18.2,4.4,0.0,13.7,9.4
525,18.3,4.6,0.0,13.7,9.4
526,18.3,4.7,0.0,13.8,9.4
527,18.4,4.9,0.0,13.8,9.5
528,18.3,4.6,16.9,13.7,9.4
529,18.4,21.8,17.0,13.7,9.4
530,18.0,20.9,16.6,13.3,9.1
531,18.0,20.8,16.5,13.2,9.0
532,17.8,20.4,16.3,13.0,8.9
533,17.7,20.1,16.2,12.9,8.8
534,17.6,20.0,16.2,12.9,8.8
535,17.6,0.0,16.2,12.9,8.8
536,17.3,0.0,15.8,12.5,8.5
537,17.2,0.0,15.9,1.8,2.3
538,16.6,0.0,15.3,1.1,1.8
539,16.1,0.0,14.9,0.5,1.4
540,15.5,0.0,14.4,0.0,0.9
541,15.4,0.0,6.5,5.3,4.1
542,15.4,0.0,6.4,0.0,1.0
543,15.5,0.0,6.5,0.1,1.1
544,15.8,0.0,6.8,0.6,1.4
545,15.9,0.0,6.9,0.7,1.5
546,16.0,0.0,7.0,11.8,8.0
547,16.1,0.0,7.1,11.9,8.1
548,16.1,0.0,0.0,11.9,8.1
549,16.2,0.0,0.0,11.9,8.1
550,16.4,0.0,0.0,12.1,8.3
551,16.6,0.0,0.0,12.3,8.4
552,16.6,0.0,15.4,12.3,8.4
553,16.9,20.0,15.5,12.4,8.4
554,16.8,20.0,15.5,12.3,8.4
555,17.0,20.0,15.6,12.5,8.5
556,17.1,20.0,15.7,12.6,8.6
557,17.0,20.0,15.7,12.5,8.6
558,17.1,20.0,15.8,12.6,8.6
559,17.4,0.0,16.0,12.8,8.8
560,17.8,0.0,16.4,13.2,9.1
561,17.8,0.0,16.5,2.5,2.9
562,18.0,0.0,16.7,2.6,3.0
563,18.0,0.0,16.7,2.6,2.9
564,18.0,0.7,16.7,2.5,2.9
565,18.0,2.3,9.1,8.0,6.0
566,18.0,1.9,9.0,2.5,2.8
567,18.0,2.3,9.1,2.6,2.9
568,13.1,7.2,9.5,3.1,3.3
569,13.3,8.3,9.7,3.3,3.5
570,13.5,8.9,9.8,14.3,9.9
571,13.4,8.7,9.8,14.3,9.8
572,5.3,6.3,0.0,14.2,9.8
573,5.2,6.1,0.0,14.2,9.7
574,5.2,5.9,0.0,14.1,9.7
575,5.2,6.1,0.0,14.2,9.7
576,13.2,7.8,17.3,14.1,9.7
577,18.8,22.7,17.3,14.1,9.7
578,18.7,22.4,17.2,13.9,9.6
579,18.6,22.3,17.2,13.9,9.5
580,18.6,22.3,17.2,13.9,9.5
581,18.5,21.9,17.0,13.7,9.4
582,18.4,21.8,17.0,13.7,9.4
583,18.3,1.5,16.8,13.5,9.3
584,18.1,1.2,16.7,13.4,9.1
585,17.9,2.4,16.5,2.4,2.8
586,17.7,1.7,16.3,2.2,2.6
587,17.4,0.8,16.1,1.9,2.4
588,17.3,0.2,15.9,1.8,2.3
589,17.2,0.0,8.3,7.1,5.4
590,17.2,0.0,8.2,1.7,2.2
591,17.1,0.0,8.2,1.6,2.2
592,17.2,0.4,8.3,1.8,2.3
593,17.4,1.4,8.4,1.9,2.4
594,17.5,1.9,8.5,12.9,8.8
595,17.4,1.7,8.4,12.8,8.7
596,17.5,1.8,0.0,12.9,8.8
597,17.4,1.7,0.0,12.8,8.7
598,17.3,1.3,0.0,12.7,8.7
599,17.4,1.7,0.0,12.8,8.7
600,17.4,1.5,16.0,12.8,8.7
601,17.6,20.0,16.1,12.8,8.7
602,17.5,20.0,16.1,12.8,8.7
603,17.3,20.0,15.9,12.7,8.6
604,17.2,20.0,15.8,12.6,8.6
605,17.1,20.0,15.7,12.5,8.5
606,17.1,20.0,15.8,12.5,8.5
607,17.4,0.0,16.0,12.8,8.8
608,17.5,0.0,16.1,12.9,8.8
609,17.4,0.0,16.1,2.0,2.5
610,17.1,0.0,15.8,1.7,2.3
611,16.6,0.0,15.3,1.0,1.8
612,15.6,0.0,14.5,0.0,1.0
613,15.4,0.0,6.5,5.1,4.1
614,14.7,0.0,5.8,0.0,0.3
615,16.9,0.0,7.9,1.8,2.4
616,10.6,0.0,7.6,1.4,2.1
617,11.2,0.0,8.1,2.0,2.6
618,11.8,0.0,8.5,13.5,9.3
619,12.6,0.0,9.3,14.1,9.8
620,5.0,1.3,0.0,14.4,10.0
621,5.5,9.5,0.0,14.5,10.0
622,5.8,8.1,0.0,14.8,10.2
623,6.2,9.7,0.0,15.2,10.6
624,14.3,9.5,18.3,15.2,10.5
625,20.3,21.5,18.8,15.7,10.9
626,20.4,21.6,18.9,15.7,10.9
627,20.4,26.4,18.9,15.7,10.9
628,20.6,26.8,19.1,15.9,11.1
629,20.8,27.5,19.4,16.2,11.3
630,21.1,28.1,19.6,16.5,11.5
631,20.8,7.5,19.4,16.2,11.3
632,21.1,8.2,19.7,16.5,11.6
633,20.8,7.6,19.4,16.3,11.4
634,19.8,2.9,18.3,15.0,10.5
635,18.8,0.0,17.2,13.5,9.5
636,17.9,0.0,16.3,12.2,8.7
637,17.5,0.0,8.5,12.2,8.6
638,17.3,0.0,8.4,12.3,8.7
639,16.7,0.0,7.8,11.9,8.3
640,11.2,0.0,8.0,12.5,8.6
641,11.7,0.0,8.4,13.1,9.0
642,12.3,0.0,8.9,13.6,9.4
643,12.6,0.0,9.1,13.7,9.4
644,4.8,5.5,0.0,13.8,9.5
645,4.9,7.0,0.0,13.9,9.5
646,5.0,5.4,0.0,14.0,9.6
647,4.8,4.7,0.0,13.8,9.4
648,12.9,4.7,17.0,13.8,9.4
649,18.2,20.0,16.7,13.4,9.2
650,18.0,20.0,16.6,13.4,9.1
651,17.6,20.0,16.2,13.0,8.9
652,17.8,20.0,16.4,13.2,9.0
653,17.8,20.0,16.4,13.2,9.0
654,18.4,20.0,17.0,13.7,9.5
655,18.1,0.0,16.7,13.5,9.2
656,18.5,0.0,17.0,13.8,9.5
657,18.2,1.3,16.8,13.6,9.3
658,17.6,0.0,16.3,12.9,8.8
659,16.4,0.0,14.9,11.2,7.6
660,16.6,0.0,15.4,11.8,8.1
661,16.2,0.0,7.3,11.4,7.8
662,15.3,0.0,6.5,10.1,7.1
663,15.4,0.0,6.7,10.0,7.4
664,9.9,0.0,7.1,11.8,8.1
665,10.9,0.0,7.9,12.9,8.9
666,12.1,0.0,8.9,14.0,9.8
667,12.6,0.0,9.3,14.2,9.9
668,4.8,0.0,0.0,14.4,10.0
669,5.8,9.9,0.0,14.9,10.3
670,6.0,8.8,0.0,15.0,10.4
671,6.2,9.5,0.0,15.2,10.5
672,14.3,9.7,18.4,15.2,10.6
673,19.9,25.3,18.5,15.3,10.6
674,20.0,25.6,18.6,15.4,10.7
675,20.1,25.7,18.6,15.4,10.7
676,20.3,26.1,18.8,15.6,10.9
677,20.5,26.6,19.0,15.8,11.0
678,20.3,26.1,18.8,15.6,10.9
679,20.6,6.9,19.1,16.0,11.1
680,20.9,7.7,19.5,16.3,11.4
681,20.2,9.5,18.8,4.8,4.6
682,19.0,0.7,17.2,3.0,3.4
683,17.9,0.0,15.7,0.9,2.2
684,17.1,0.0,15.2,0.1,1.7
685,16.4,0.0,6.9,4.6,4.6
686,16.2,0.0,7.1,0.0,1.6
687,16.0,0.0,7.4,0.0,1.9
688,16.3,0.0,7.2,0.0,2.0
689,16.7,0.0,7.7,2.2,2.9
690,17.9,0.0,8.8,14.7,10.5
691,18.6,0.0,9.4,15.2,10.8
692,19.5,0.0,0.0,15.8,11.2
693,20.2,0.0,0.0,16.3,11.5
694,21.2,0.0,0.4,17.1,12.0
695,22.1,17.3,1.6,17.7,12.5
696,22.4,18.9,21.0,18.0,12.7
697,22.9,32.3,21.4,18.4,13.0
698,23.1,32.7,21.6,18.6,13.1
699,23.2,33.0,21.8,18.7,13.2
700,23.5,33.7,22.0,19.0,13.5
701,23.7,34.2,22.2,19.2,13.6
702,23.8,34.3,22.3,19.3,13.7
703,23.9,14.5,22.4,19.4,13.7
704,24.0,14.8,22.5,19.5,13.8
705,23.8,20.8,22.4,8.6,7.5
706,22.6,13.8,21.0,6.9,6.4
707,21.4,3.8,19.4,4.9,5.1
708,20.1,0.0,18.2,3.2,4.1
709,19.3,0.0,9.8,7.4,6.6
710,18.3,0.0,9.3,1.1,3.0
711,18.1,0.0,9.6,1.1,3.3
712,18.4,0.0,9.3,0.0,3.2
713,18.8,0.0,9.8,4.0,4.2
714,20.0,0.0,10.9,16.2,11.5
715,20.8,0.0,11.7,16.8,11.9
716,21.8,7.5,1.1,17.6,12.4
717,22.3,18.5,1.7,17.9,12.6
718,22.6,19.7,2.1,18.2,12.9
719,22.7,19.9,2.1,18.3,12.9
720,22.9,20.9,21.6,18.6,13.1
721,23.3,33.2,21.8,18.8,13.3
722,23.8,34.3,22.3,19.3,13.7
723,23.7,34.1,22.2,19.2,13.6
724,23.6,33.8,22.1,19.1,13.5
725,23.5,33.6,22.0,19.0,13.4
726,23.4,33.5,21.9,18.9,13.4
727,23.8,14.3,22.3,19.3,13.7
728,23.9,14.7,22.4,19.4,13.8
729,23.1,18.5,21.7,7.9,7.0
730,21.5,10.0,19.9,5.8,5.5
731,19.9,0.0,18.0,3.5,4.0
732,18.7,0.0,16.7,1.6,2.9
733,17.2,0.0,7.9,5.5,5.1
734,16.2,0.0,7.2,0.0,1.5
735,15.7,0.0,7.1,0.0,1.5
736,9.2,0.0,6.6,0.0,1.3
737,9.5,0.0,7.2,1.6,2.4
738,11.3,0.0,8.7,14.4,10.2
739,12.3,0.0,9.4,14.9,10.5
740,4.3,0.0,0.0,15.3,10.8
741,4.5,0.0,0.0,14.8,10.3
742,6.1,0.7,0.0,15.8,11.0
743,7.5,13.9,0.4,16.5,11.5
744,15.3,16.8,19.3,16.2,11.3
745,20.5,26.6,19.0,15.8,11.0
746,20.2,26.0,18.8,15.6,10.8
747,20.0,25.5,18.5,15.3,10.6
748,19.8,25.1,18.4,15.2,10.5
749,19.7,24.8,18.2,15.0,10.4
750,19.6,24.5,18.1,14.9,10.3
751,19.4,4.2,18.0,14.7,10.2
752,19.3,3.9,17.8,14.6,10.1
753,18.9,5.6,17.5,3.5,3.6
754,18.8,5.2,17.4,3.4,3.5
755,18.4,3.8,17.1,3.0,3.2
756,18.2,3.0,16.8,2.7,3.0
757,18.1,2.8,9.1,8.1,6.1
758,18.0,2.4,9.0,2.5,2.9
759,17.9,2.0,8.9,2.4,2.8
760,17.7,2.4,8.7,2.3,2.7
761,17.7,2.3,8.7,2.2,2.6
762,17.6,2.2,8.6,13.0,8.8
763,17.3,1.0,8.2,12.6,8.6
764,17.1,0.3,0.0,12.4,8.4
765,17.1,0.3,0.0,12.4,8.4
766,17.1,0.3,0.0,12.4,8.4
767,17.1,0.5,0.0,12.5,8.5
768,17.2,0.6,15.8,12.5,8.5
769,17.4,20.0,15.9,12.6,8.6
770,17.4,20.0,16.0,12.7,8.6
771,17.5,20.0,16.1,12.9,8.8
772,17.5,20.0,16.1,12.9,8.8
773,18.0,20.0,16.6,13.4,9.2
774,18.0,20.0,16.6,13.4,9.2
775,17.9,0.0,16.4,13.2,9.0
776,17.8,0.0,16.4,13.2,9.0
777,17.8,0.0,16.5,2.4,2.8
778,17.9,0.0,16.5,2.5,2.8
779,17.8,1.2,16.5,2.3,2.7
780,18.4,3.7,17.1,3.0,3.2
781,18.3,3.1,9.3,8.2,6.2
782,18.3,3.1,9.3,2.8,3.1
783,18.3,3.2,9.3,2.8,3.1
784,12.9,3.5,9.4,2.9,3.2
785,13.1,4.0,9.5,3.0,3.3
786,13.1,7.4,9.5,14.0,9.6
787,13.2,7.6,9.5,14.0,9.6
788,5.1,7.6,0.0,14.0,9.6
789,5.2,8.0,0.0,14.1,9.7
790,5.2,6.1,0.0,14.2,9.7
791,5.3,6.3,0.0,14.2,9.8
792,13.4,6.4,17.4,14.3,9.8
793,19.0,20.0,17.5,14.3,9.8
794,19.0,20.0,17.6,14.3,9.9
795,19.0,20.4,17.5,14.3,9.9
796,19.1,23.4,17.6,14.4,9.9
797,19.2,23.8,17.8,14.5,10.0
798,19.3,24.0,17.9,14.6,10.1
799,19.4,4.2,18.0,14.7,10.2
800,19.4,4.2,18.0,14.7,10.2
801,19.2,4.1,17.9,14.7,10.2
802,19.2,3.7,17.9,14.7,10.1
803,19.2,5.9,17.8,14.6,10.1
804,19.1,5.7,17.8,14.5,10.0
805,19.0,5.4,10.1,14.5,10.0
806,19.0,5.1,10.0,14.3,9.9
807,19.0,5.2,10.0,14.4,9.9
808,13.6,5.3,10.1,14.4,10.0
809,13.7,6.2,10.1,14.6,10.1
810,13.8,10.2,10.2,14.7,10.1
811,13.7,9.9,10.1,14.6,10.1
812,5.5,9.5,0.0,14.5,10.0
813,5.6,9.7,0.0,14.5,10.0
814,5.5,7.1,0.0,14.5,10.0
815,5.5,6.9,0.0,14.4,9.9
816,13.6,6.9,17.6,14.4,9.9
817,19.1,20.0,17.7,14.4,10.0
818,19.3,20.0,17.8,14.6,10.1
819,19.3,20.0,17.8,14.7,10.2
820,19.4,23.3,18.0,14.7,10.2
821,19.9,25.2,18.4,15.2,10.5
822,20.0,25.5,18.5,15.3,10.6
823,20.1,5.8,18.7,15.5,10.7
824,20.4,6.4,18.9,15.7,10.9
825,20.2,6.1,18.8,15.7,10.9
826,19.7,2.8,18.3,14.9,10.4
827,18.9,0.4,17.4,13.8,9.6
828,18.2,0.0,16.7,12.7,9.0
829,17.6,0.0,8.5,11.8,8.6
830,17.3,0.0,8.4,11.6,8.6
831,17.0,0.0,8.4,11.6,8.7
832,11.3,0.0,8.3,10.1,8.9
833,11.4,0.0,8.6,13.8,9.7
834,12.3,0.0,9.3,14.5,10.2
835,13.3,0.0,10.1,15.1,10.6
836,5.6,0.5,0.0,15.4,10.8
837,6.5,13.9,0.0,15.5,10.8
838,6.8,11.5,0.0,15.8,11.0
839,6.9,12.1,0.0,15.9,11.1
840,15.1,12.2,19.1,16.0,11.1
841,20.9,27.7,19.5,16.3,11.4
842,21.1,28.2,19.7,16.5,11.6
843,21.2,28.4,19.8,16.6,11.6
844,21.5,29.0,20.0,16.9,11.8
845,21.7,29.4,20.2,17.1,12.0
846,21.7,29.4,20.2,17.1,12.0
847,21.9,9.9,20.4,17.3,12.1
848,22.0,10.2,20.5,17.4,12.3
849,21.7,14.1,20.3,6.4,5.9
850,20.7,4.6,18.8,4.5,4.7
851,19.4,0.0,17.2,2.5,3.4
852,18.3,0.0,16.4,1.2,2.6
853,17.5,0.0,8.1,5.7,5.3
854,16.7,0.0,7.7,0.0,1.9
855,16.5,0.0,8.0,0.0,2.2
856,16.8,0.0,7.9,0.4,2.5
857,17.6,0.0,8.5,2.8,3.3
858,18.4,0.0,9.3,14.7,10.4
859,19.1,0.0,10.0,15.3,10.8
860,19.8,0.0,0.0,15.8,11.1
861,20.4,0.0,0.0,16.2,11.3
862,20.9,13.3,0.4,16.4,11.5
863,20.9,13.8,0.4,16.5,11.5
864,20.8,13.4,19.4,16.4,11.4
865,20.5,26.7,19.0,15.9,11.0
866,20.7,27.0,19.2,16.0,11.2
867,20.8,27.4,19.3,16.2,11.3
868,21.0,27.9,19.6,16.4,11.5
869,21.3,28.6,19.9,16.7,11.7
870,21.6,29.3,20.2,17.0,11.9
871,21.8,9.7,20.3,17.2,12.1
872,22.0,10.1,20.5,17.4,12.2
873,21.8,14.4,20.4,6.5,5.9
874,21.2,11.4,19.9,5.7,5.4
875,20.9,10.0,19.6,5.4,5.1
876,20.0,5.6,18.8,4.3,4.3
877,19.5,3.0,10.7,9.1,7.1
878,19.0,0.0,10.2,2.8,3.5
879,19.1,0.0,10.4,3.3,3.7
880,19.2,0.0,10.4,3.1,3.7
881,19.6,6.6,10.6,4.2,4.2
882,20.0,8.9,11.0,15.5,10.8
883,20.1,11.0,11.1,15.6,10.9
884,20.3,11.5,0.0,15.8,11.0
885,20.3,11.7,0.0,15.8,11.0
886,20.4,11.9,0.0,15.9,11.1
887,20.6,12.6,0.0,16.1,11.2
888,20.6,12.6,19.2,16.1,11.2
889,20.9,27.6,19.4,16.3,11.4
890,21.1,28.1,19.6,16.5,11.5
891,21.3,28.6,19.9,16.7,11.7
892,21.4,28.7,19.9,16.8,11.7
893,21.5,29.1,20.1,16.9,11.9
894,21.7,29.4,20.2,17.1,12.0
895,21.6,9.3,20.2,17.0,11.9
896,21.8,9.7,20.3,17.2,12.1
897,21.5,13.5,20.1,6.2,5.7
898,20.5,9.6,19.2,5.1,4.9
899,19.4,3.9,18.1,3.7,3.8
900,18.6,0.0,17.2,2.5,3.1
901,17.8,0.0,8.9,7.0,5.6
902,17.5,0.0,8.6,0.6,2.3
903,17.1,0.0,8.7,0.1,2.4
904,11.6,0.0,8.7,0.0,2.6
905,11.8,0.0,9.1,3.1,3.5
906,13.2,0.0,10.1,15.3,10.8
907,14.2,0.0,10.8,15.7,11.0
908,7.0,10.3,0.1,16.2,11.3
909,7.5,13.9,0.4,16.5,11.5
910,7.4,13.6,0.3,16.4,11.5
911,7.2,13.1,0.2,16.2,11.3
912,15.3,16.6,19.3,16.2,11.3
913,20.9,27.7,19.5,16.3,11.4
914,21.0,27.8,19.5,16.4,11.4
915,21.0,27.9,19.6,16.4,11.5
916,21.2,28.3,19.7,16.6,11.6
917,21.6,29.2,20.1,17.0,11.9
918,22.1,30.4,20.6,17.5,12.3
919,22.4,11.0,20.9,17.8,12.5
920,22.0,10.2,20.5,17.4,12.3
921,21.7,14.1,20.3,6.4,5.9
922,20.6,8.2,19.2,5.0,4.8
923,20.2,7.2,19.0,4.6,4.5
924,19.4,1.6,18.1,3.5,3.8
925,19.1,0.0,10.1,8.1,6.6
926,18.8,0.0,10.0,2.2,3.3
927,18.7,0.0,10.2,1.8,3.5
928,18.9,0.0,10.0,0.7,3.5
929,19.4,0.0,10.5,4.3,4.3
930,20.3,0.0,11.2,16.1,11.3
931,20.6,9.0,11.6,16.2,11.3
932,21.0,13.9,0.4,16.5,11.5
933,21.1,14.6,0.6,16.7,11.7
934,21.2,14.8,0.7,16.8,11.7
935,21.3,15.3,0.8,16.9,11.8
936,21.8,17.0,20.5,17.4,12.2
937,22.5,27.0,21.1,18.0,12.7
938,23.0,28.1,21.5,18.5,13.0
939,23.2,32.9,21.7,18.7,13.2
940,23.5,33.6,22.0,19.0,13.4
941,23.6,33.8,22.1,19.1,13.5
942,23.7,34.2,22.2,19.2,13.6
943,23.7,14.1,22.2,19.2,13.6
944,23.9,14.7,22.4,19.4,13.8
945,23.8,14.5,22.4,8.6,7.5
946,23.3,11.5,21.9,7.9,7.0
947,22.5,11.8,21.1,6.7,6.2
948,21.6,5.4,20.1,5.4,5.4
949,21.1,1.8,12.1,10.1,8.2
950,20.9,1.2,12.1,4.5,5.0
951,20.8,1.7,12.2,4.5,5.0
952,15.8,0.9,12.4,4.4,5.3
953,16.6,14.2,13.1,6.6,6.0
954,17.2,24.7,13.6,18.2,12.8
955,17.5,26.2,13.9,18.5,13.1
956,9.9,28.3,2.9,19.0,13.5
957,10.4,30.6,3.4,19.6,13.9
958,10.3,24.0,3.3,19.5,13.8
959,10.3,23.8,3.2,19.4,13.8
960,17.3,20.1,21.3,18.3,12.9
961,22.5,26.9,21.0,17.9,12.6
962,22.0,25.6,20.5,17.4,12.2
963,21.8,29.8,20.4,17.2,12.1
964,21.3,28.6,19.9,16.7,11.7
965,20.8,27.4,19.3,16.2,11.3
966,20.7,27.2,19.2,16.1,11.2
967,20.8,7.4,19.3,16.2,11.3
968,20.8,7.5,19.4,16.2,11.3
969,20.6,7.1,19.3,16.1,11.3
970,19.9,2.9,18.5,15.1,10.5
971,19.4,4.6,18.1,14.6,10.1
972,19.5,6.1,18.2,14.9,10.3
973,18.5,1.1,9.7,13.6,9.4
974,18.6,2.2,9.8,13.8,9.5
975,18.8,3.9,9.9,14.1,9.7
976,13.5,3.9,10.0,14.2,9.8
977,13.8,5.9,10.2,14.6,10.1
978,14.0,11.4,10.4,14.9,10.3
979,14.2,12.0,10.6,15.1,10.4
980,6.1,12.2,0.0,15.1,10.5
981,6.1,12.2,0.0,15.1,10.5
982,6.1,9.3,0.0,15.1,10.5
983,6.1,9.3,0.0,15.1,10.5
984,14.3,9.5,18.3,15.2,10.5
985,19.8,20.3,18.4,15.2,10.5
986,19.8,20.0,18.4,15.2,10.5
987,19.7,22.3,18.3,15.1,10.5
988,19.8,25.0,18.3,15.1,10.5
989,19.9,25.2,18.4,15.2,10.5
990,19.9,25.2,18.4,15.2,10.5
991,19.9,5.4,18.5,15.3,10.6
992,19.9,5.4,18.5,15.3,10.6
993,19.8,5.3,18.4,15.3,10.6
994,19.5,4.0,18.2,14.9,10.3
995,19.2,5.5,17.9,14.6,10.1
996,18.7,3.2,17.5,14.0,9.7
997,18.1,0.4,9.3,13.3,9.1
998,17.6,0.0,8.9,12.6,8.7
999,17.1,0.0,8.7,11.4,8.4
1000,11.6,0.0,8.4,10.3,8.5
1001,11.7,0.0,8.7,13.4,9.3
1002,12.8,0.0,9.5,14.4,10.1
1003,13.8,0.1,10.4,15.2,10.6
1004,6.5,13.9,0.0,15.5,10.8
1005,6.1,12.0,0.0,15.1,10.4
1006,6.1,9.2,0.0,15.1,10.4
1007,6.0,9.0,0.0,15.0,10.4
1008,14.1,9.0,18.2,15.0,10.4
1009,19.8,25.0,18.3,15.1,10.5
1010,19.9,25.2,18.4,15.2,10.5
1011,19.8,25.1,18.4,15.2,10.5
1012,19.8,25.1,18.4,15.2,10.5
1013,20.3,26.1,18.8,15.6,10.9
1014,20.6,26.9,19.1,16.0,11.1
1015,21.1,8.2,19.7,16.5,11.6
1016,21.5,9.0,20.0,16.9,11.8
1017,20.8,10.6,19.4,5.4,5.1
1018,19.6,3.1,18.0,3.7,3.9
1019,18.5,0.0,16.7,2.0,2.9
1020,17.0,0.0,15.3,0.0,1.6
1021,16.1,0.0,6.9,4.5,4.3
1022,15.2,0.0,6.3,0.0,0.8
1023,14.8,0.0,6.5,0.0,1.0
1024,14.8,0.0,5.9,0.0,0.9
1025,15.3,0.0,6.3,0.7,1.8
1026,16.6,0.0,7.4,13.4,9.5
1027,17.5,0.0,8.4,14.2,10.1
1028,18.1,0.0,0.0,14.6,10.4
1029,18.7,0.0,0.0,15.0,10.6
1030,19.4,0.0,0.0,15.5,10.9
1031,19.9,0.0,0.0,15.8,11.1
1032,20.6,4.7,19.3,16.3,11.4
1033,21.2,28.3,19.7,16.6,11.6
1034,21.6,29.3,20.2,17.0,11.9
1035,21.8,29.8,20.4,17.2,12.1
1036,22.1,30.4,20.6,17.5,12.3
1037,22.2,30.6,20.7,17.6,12.4
1038,22.6,31.6,21.1,18.0,12.7
1039,22.7,11.8,21.2,18.2,12.8
1040,22.5,11.4,21.0,17.9,12.6
1041,21.9,14.4,20.5,6.6,6.0
1042,20.3,4.2,18.6,4.3,4.4
1043,18.5,0.0,16.5,1.8,2.8
1044,17.1,0.0,15.2,0.0,1.6
1045,16.1,0.0,6.9,4.6,4.4
1046,15.2,0.0,6.3,0.0,0.8
1047,14.8,0.0,6.5,0.0,1.0
1048,14.9,0.0,6.0,0.0,1.0
1049,15.5,0.0,6.6,1.1,2.0
1050,16.8,0.0,7.6,13.6,9.7
1051,17.8,0.0,8.6,14.5,10.3
1052,18.6,0.0,0.0,15.1,10.7
1053,19.2,0.0,0.0,15.5,11.0
1054,19.8,0.0,0.0,15.9,11.2
1055,20.3,0.0,0.0,16.1,11.3
1056,20.7,9.9,19.4,16.3,11.4
1057,21.2,28.4,19.8,16.6,11.6
1058,21.6,29.2,20.1,17.0,11.9
1059,21.8,29.6,20.3,17.2,12.1
1060,21.6,29.2,20.1,17.0,11.9
1061,21.7,29.5,20.3,17.1,12.0
1062,22.1,30.3,20.6,17.5,12.3
1063,22.0,10.2,20.5,17.4,12.3
1064,21.0,7.9,19.5,16.4,11.4
1065,20.6,11.0,19.3,5.3,5.0
1066,20.4,9.3,19.1,4.9,4.7
1067,20.0,7.5,18.7,4.5,4.4
1068,19.5,5.5,18.2,3.9,4.0
1069,18.9,2.5,10.0,8.6,6.6
1070,18.0,0.0,9.3,2.2,2.8
1071,17.5,0.0,9.0,1.2,2.4
1072,12.1,0.0,8.8,0.7,2.5
1073,12.4,0.0,9.2,2.7,3.1
1074,13.5,3.6,10.1,14.6,10.1
1075,14.3,12.6,10.7,15.2,10.6
1076,6.5,10.7,0.0,15.5,10.8
1077,6.7,11.4,0.0,15.7,10.9
1078,6.8,11.7,0.0,15.8,11.0
1079,6.9,12.1,0.0,15.9,11.1
1080,15.1,15.8,19.1,16.0,11.1
1081,20.9,27.6,19.4,16.3,11.4
1082,20.9,27.7,19.5,16.3,11.4
1083,21.0,27.9,19.6,16.4,11.5
1084,21.1,28.1,19.6,16.5,11.5
1085,21.4,28.7,19.9,16.8,11.7
1086,21.6,29.2,20.1,17.0,11.9
1087,21.8,9.7,20.3,17.2,12.1
1088,21.9,10.0,20.4,17.3,12.2
1089,21.5,13.3,20.1,6.2,5.7
1090,20.6,8.5,19.2,5.0,4.8
1091,19.2,0.2,17.7,3.1,3.5
1092,18.2,0.0,16.6,1.6,2.6
1093,17.1,0.0,8.1,6.0,5.1
1094,16.2,0.0,7.4,0.0,1.4
1095,16.2,0.0,7.8,0.0,1.8
1096,16.6,0.0,7.7,0.0,2.0
1097,16.9,0.0,8.1,2.0,2.6
1098,17.8,0.0,8.8,14.0,9.8
1099,18.6,0.0,9.5,14.6,10.2
1100,19.1,0.0,0.0,15.0,10.5
1101,19.8,0.0,0.0,15.5,10.8
1102,20.3,10.9,0.0,15.9,11.1
1103,20.6,12.7,0.1,16.1,11.3
1104,20.7,12.9,19.3,16.2,11.3
1105,20.9,23.1,19.5,16.3,11.4
1106,21.2,23.7,19.7,16.6,11.6
1107,21.3,28.6,19.9,16.7,11.7
1108,21.2,28.3,19.7,16.6,11.6
1109,21.8,29.8,20.4,17.2,12.1
1110,22.0,30.1,20.5,17.4,12.2
1111,22.1,10.3,20.6,17.5,12.3
1112,22.2,10.7,20.7,17.6,12.4
1113,21.7,9.4,20.3,6.4,5.8
1114,20.8,6.1,19.5,5.3,5.0
1115,20.1,7.6,18.8,4.6,4.5
1116,19.6,5.8,18.4,4.0,4.1
1117,18.5,0.0,9.7,8.1,6.2
1118,18.3,0.0,9.6,2.3,2.9
1119,18.4,0.0,9.7,2.6,3.1
1120,12.8,0.0,9.4,1.4,2.9
1121,12.8,0.0,9.5,2.9,3.2
1122,13.8,6.7,10.3,14.8,10.3
1123,14.6,13.9,11.0,15.5,10.8
1124,6.8,14.9,0.0,15.8,11.0
1125,6.9,15.3,0.0,15.9,11.1
1126,6.9,11.9,0.0,15.9,11.1
1127,6.9,11.9,0.0,15.9,11.1
1128,14.9,11.7,18.9,15.8,11.0
1129,20.4,21.8,18.9,15.8,11.0
1130,20.4,21.6,18.9,15.7,10.9
1131,20.3,26.1,18.8,15.6,10.9
1132,20.3,26.1,18.8,15.6,10.9
1133,20.4,26.4,18.9,15.7,10.9
1134,20.3,26.1,18.8,15.6,10.9
1135,20.3,6.3,18.8,15.7,10.9
1136,20.5,6.6,19.0,15.8,11.0
1137,20.2,5.7,18.8,15.6,10.9
1138,19.4,0.7,18.0,14.6,10.1
1139,19.2,3.9,17.9,14.4,10.0
1140,17.3,0.0,15.7,11.4,8.2
1141,16.1,0.0,6.9,9.6,7.3
1142,15.4,0.0,6.6,9.5,7.3
1143,15.2,0.0,6.9,9.7,7.7
1144,9.0,0.0,6.6,8.4,7.9
1145,9.4,0.0,7.2,12.9,9.1
1146,10.6,0.0,8.2,14.0,9.9
1147,11.7,0.0,9.0,14.6,10.4
1148,3.5,0.0,0.0,15.1,10.6
1149,4.9,0.0,0.0,15.6,10.9
1150,6.3,1.7,0.0,16.0,11.2
1151,7.4,13.8,0.4,16.5,11.5
1152,15.7,14.3,19.7,16.6,11.6
1153,21.6,24.6,20.1,17.0,11.9
1154,21.6,21.7,20.2,17.0,11.9
1155,21.8,29.8,20.4,17.2,12.1
1156,22.1,30.3,20.6,17.5,12.3
1157,21.5,29.1,20.1,16.9,11.9
1158,21.4,28.9,20.0,16.8,11.8
1159,21.4,8.9,20.0,16.8,11.8
1160,21.3,8.5,19.8,16.7,11.7
1161,20.8,7.2,19.5,16.3,11.4
1162,19.6,2.7,18.3,14.9,10.3
1163,19.5,5.8,18.2,14.8,10.3
1164,19.1,4.7,17.9,14.4,10.0
1165,19.0,4.3,10.1,14.3,9.9
1166,19.0,4.3,10.1,14.3,9.9
1167,18.7,2.8,9.8,13.9,9.6
1168,13.3,3.1,9.8,14.0,9.7
1169,13.8,6.1,10.3,14.7,10.1
1170,14.1,11.4,10.5,14.9,10.3
1171,14.3,12.4,10.7,15.2,10.5
1172,6.2,12.6,0.0,15.2,10.6
1173,6.2,12.6,0.0,15.2,10.6
1174,6.1,9.3,0.0,15.1,10.5
1175,6.1,9.3,0.0,15.1,10.5
1176,14.4,10.0,18.5,15.3,10.6
1177,20.2,26.0,18.8,15.6,10.8
1178,20.5,26.6,19.0,15.8,11.0
1179,20.3,26.2,18.8,15.7,10.9
1180,20.3,26.1,18.8,15.6,10.9
1181,20.2,25.9,18.7,15.5,10.8
1182,20.0,25.6,18.6,15.4,10.7
1183,20.2,5.9,18.7,15.5,10.8
1184,20.2,6.0,18.8,15.6,10.8
1185,20.0,9.0,18.7,4.7,4.5
1186,20.0,8.4,18.6,4.6,4.4
1187,19.7,7.1,18.4,4.2,4.2
1188,19.1,4.2,17.9,3.5,3.7
1189,18.9,3.5,10.1,8.8,6.7
1190,19.2,4.9,10.3,3.7,3.8
1191,19.4,5.5,10.5,3.8,3.9
1192,19.4,5.3,10.4,3.8,3.9
1193,19.3,6.2,10.4,3.9,3.9
1194,19.9,8.5,11.0,15.4,10.7
1195,20.1,10.9,11.0,15.6,10.8
1196,20.7,13.1,0.2,16.2,11.3
1197,21.1,14.6,0.6,16.7,11.7
1198,21.4,15.5,0.9,17.0,11.9
1199,21.8,17.0,1.3,17.4,12.2
1200,22.0,17.5,20.6,17.6,12.3
1201,22.3,30.9,20.8,17.7,12.5
1202,22.6,31.6,21.1,18.0,12.7
1203,22.7,31.9,21.3,18.2,12.8
1204,22.6,31.7,21.2,18.1,12.8
1205,22.8,32.1,21.4,18.3,12.9
1206,23.1,32.8,21.7,18.6,13.1
1207,24.2,15.2,22.7,19.7,14.0
1208,23.9,14.5,22.4,19.4,13.7
1209,22.5,11.3,20.4,6.5,6.1
1210,20.2,0.0,17.8,3.4,4.0
1211,19.3,0.0,17.0,2.1,3.2
1212,18.0,0.0,16.0,0.6,2.3
1213,18.5,0.0,9.7,8.5,6.6
1214,17.8,0.0,9.1,1.8,2.8
1215,17.6,0.0,9.0,1.8,2.7
1216,18.2,0.0,9.4,1.0,3.1
1217,18.8,0.0,9.9,3.7,3.9
1218,19.9,0.0,10.9,15.8,11.1
1219,21.1,3.1,12.0,16.9,11.9
1220,21.7,16.7,1.2,17.3,12.2
1221,23.0,21.1,2.5,18.6,13.2
1222,23.3,22.3,2.8,19.0,13.4
1223,24.1,24.8,3.5,19.8,14.0
1224,24.4,25.9,23.0,20.1,14.3
1225,24.6,36.3,23.2,20.2,14.4
1226,25.0,37.2,23.5,20.6,14.7
1227,25.1,37.5,23.6,20.7,14.7
1228,25.2,37.7,23.7,20.8,14.8
1229,25.6,38.5,24.1,21.1,15.1
1230,25.9,39.2,24.4,21.4,15.3
1231,26.1,19.6,24.6,21.7,15.5
1232,26.0,19.4,24.5,21.6,15.4
1233,23.6,15.7,21.7,7.8,7.0
1234,20.9,2.4,18.7,4.4,4.7
1235,19.5,0.0,17.6,2.8,3.6
1236,18.4,0.0,16.8,1.5,2.8
1237,17.1,0.0,7.9,4.7,4.9
1238,17.3,0.0,8.6,0.5,2.5
1239,17.1,0.0,8.9,0.2,2.7
1240,11.0,0.0,8.6,0.0,2.7
1241,11.5,0.0,9.3,3.4,3.7
1242,13.3,0.0,10.5,15.9,11.3
1243,14.8,0.0,11.6,16.7,11.8
1244,7.7,8.2,0.9,17.3,12.2
1245,9.0,19.2,1.9,18.1,12.7
1246,9.9,22.5,2.9,19.0,13.5
1247,10.7,25.2,3.6,19.9,14.1
1248,19.0,32.6,23.0,20.1,14.3
1249,24.9,37.0,23.4,20.5,14.6
1250,25.5,38.3,24.0,21.0,15.0
1251,25.6,38.6,24.1,21.2,15.1
1252,25.7,38.8,24.2,21.3,15.2
1253,25.9,39.2,24.4,21.4,15.3
1254,25.9,39.2,24.4,21.4,15.3
1255,25.7,18.7,24.2,21.2,15.2
1256,25.6,18.6,24.1,21.2,15.1
1257,23.2,17.1,21.8,7.8,7.0
1258,21.5,9.0,20.0,5.7,5.4
1259,19.9,3.2,18.5,3.9,4.1
1260,19.9,5.6,18.8,4.3,4.3
1261,19.8,6.2,11.0,9.7,7.4
1262,19.4,4.6,10.6,3.8,3.9
1263,19.8,6.5,10.9,4.2,4.2
1264,19.7,8.4,10.7,4.2,4.2
1265,19.5,8.4,10.6,4.1,4.1
1266,19.8,9.5,10.8,15.2,10.6
1267,19.8,9.8,10.8,15.3,10.6
1268,20.3,11.7,0.0,15.8,11.0
1269,20.3,11.7,0.0,15.8,11.0
1270,20.2,11.4,0.0,15.7,10.9
1271,21.0,14.3,0.5,16.6,11.6
1272,21.0,14.3,19.7,16.6,11.6
1273,22.0,25.6,20.5,17.4,12.2
1274,21.5,24.5,20.1,16.9,11.9
1275,21.5,29.1,20.1,16.9,11.9
1276,21.3,28.6,19.9,16.7,11.7
1277,21.5,29.0,20.0,16.9,11.8
1278,21.6,29.2,20.1,17.0,11.9
1279,21.7,9.6,20.3,17.1,12.0
1280,22.5,11.5,21.1,18.0,12.7
1281,22.3,10.1,20.9,6.9,6.3
1282,20.9,1.6,19.3,4.9,4.9
1283,19.6,0.0,17.5,2.7,3.5
1284,18.3,0.0,16.4,1.0,2.5
1285,17.4,0.0,8.3,5.6,5.3
1286,17.0,0.0,8.3,0.1,2.2
1287,17.0,0.0,8.8,0.1,2.6
1288,10.6,0.0,8.3,0.0,2.4
1289,10.8,0.0,8.8,3.0,3.4
1290,12.6,0.0,10.1,15.7,11.2
1291,14.5,0.0,11.6,17.0,12.1
1292,7.2,3.8,0.8,17.5,12.4
1293,8.8,23.7,1.8,17.9,12.6
1294,9.1,19.7,2.1,18.2,12.9
1295,9.3,20.4,2.3,18.4,13.0
1296,17.6,21.3,21.7,18.7,13.2
1297,23.6,29.6,22.1,19.1,13.5
1298,23.8,30.1,22.3,19.3,13.7
1299,24.6,36.2,23.1,20.1,14.3
1300,24.8,36.8,23.4,20.4,14.5
1301,24.9,36.9,23.4,20.4,14.5
1302,24.6,36.2,23.1,20.1,14.3
1303,24.5,16.1,23.1,20.1,14.3
1304,25.0,17.1,23.5,20.5,14.6
1305,23.1,12.2,21.8,18.7,13.2
1306,20.2,3.2,18.9,15.4,10.8
1307,19.7,6.4,18.5,15.1,10.5
1308,17.2,0.0,15.8,11.5,8.1
1309,16.0,0.0,7.0,9.6,7.3
1310,15.3,0.0,6.7,9.1,7.2
1311,15.4,0.0,7.3,9.5,7.9
1312,9.1,0.0,7.0,8.5,8.1
1313,9.2,0.0,7.3,13.0,9.1
1314,10.8,0.0,8.5,14.2,10.1
1315,12.5,0.0,9.8,15.4,11.0
1316,4.6,0.0,0.0,16.1,11.4
1317,6.2,0.0,0.0,16.5,11.6
1318,7.6,12.6,0.6,16.8,11.8
1319,8.1,16.3,1.1,17.2,12.1
1320,16.6,17.7,20.6,17.6,12.4
1321,22.5,26.9,21.0,17.9,12.6
1322,22.3,23.4,20.8,17.7,12.5
1323,22.0,30.2,20.5,17.4,12.3
1324,21.8,29.8,20.4,17.2,12.1
1325,21.7,29.5,20.3,17.1,12.0
1326,21.6,29.2,20.1,17.0,11.9
1327,21.5,9.0,20.0,16.9,11.8
1328,21.5,9.1,20.1,16.9,11.9
1329,21.2,8.1,19.9,16.7,11.7
1330,20.3,3.9,19.1,15.6,10.9
1331,19.4,0.4,18.0,14.1,10.0
1332,19.1,0.0,17.8,13.7,9.7
1333,18.8,0.0,10.1,13.8,9.6
1334,18.2,0.0,9.6,13.0,9.2
1335,17.7,0.0,9.3,12.3,8.9
1336,12.1,0.0,9.0,10.5,8.8
1337,12.2,0.0,9.4,13.9,9.6
1338,13.4,0.0,10.2,15.0,10.4
1339,14.8,8.8,11.3,16.0,11.2
1340,7.4,17.4,0.3,16.4,11.5
1341,7.8,19.1,0.7,16.8,11.8
1342,8.3,16.8,1.3,17.4,12.2
1343,8.4,17.3,1.4,17.5,12.3
1344,16.7,17.9,20.7,17.7,12.4
1345,22.6,31.7,21.2,18.1,12.8
1346,22.9,32.3,21.4,18.4,13.0
1347,23.1,32.8,21.7,18.6,13.1
1348,23.4,33.4,21.9,18.9,13.3
1349,23.5,33.7,22.0,19.0,13.5
1350,23.7,34.2,22.2,19.2,13.6
1351,23.9,14.5,22.4,19.4,13.7
1352,24.0,14.9,22.5,19.5,13.8
1353,22.9,15.9,21.4,7.4,6.7
1354,21.3,5.3,19.4,5.1,5.1
1355,19.6,0.0,17.5,2.7,3.5
1356,18.0,0.0,16.3,0.8,2.4
1357,16.7,0.0,7.6,4.9,4.8
1358,16.1,0.0,7.5,0.0,1.5
1359,15.8,0.0,7.6,0.0,1.7
1360,16.1,0.0,7.4,0.0,1.8
1361,16.5,0.0,7.8,2.1,2.7
1362,17.9,0.0,8.8,14.6,10.4
1363,19.0,0.0,9.9,15.6,11.1
1364,19.9,0.0,0.0,16.2,11.5
1365,20.7,0.0,0.0,16.8,11.9
1366,21.5,4.7,0.8,17.3,12.2
1367,22.2,18.2,1.6,17.8,12.5
1368,22.5,19.4,21.1,18.1,12.8
1369,23.0,32.5,21.5,18.5,13.0
1370,23.4,33.4,21.9,18.9,13.3
1371,23.6,33.8,22.1,19.1,13.5
1372,23.9,34.5,22.4,19.4,13.7
1373,23.9,34.6,22.4,19.4,13.8
1374,24.1,35.1,22.6,19.6,13.9
1375,24.3,15.6,22.8,19.8,14.1
1376,24.4,15.9,23.0,20.0,14.2
1377,23.1,15.9,21.5,7.5,6.8
1378,21.3,4.7,19.3,5.0,5.0
1379,19.4,0.0,17.3,2.4,3.3
1380,17.5,0.0,15.7,0.2,2.0
1381,16.5,0.0,7.4,4.7,4.6
1382,15.1,0.0,6.6,0.0,0.8
1383,14.8,0.0,6.7,0.0,1.0
1384,14.7,0.0,6.0,0.0,0.8
1385,15.2,0.0,6.4,0.8,1.8
1386,16.5,0.0,7.4,13.4,9.5
1387,17.7,0.0,8.5,14.5,10.3
1388,18.7,0.0,0.0,15.3,10.9
1389,19.7,0.0,0.0,16.0,11.4
1390,20.0,0.0,0.0,16.1,11.4
1391,20.7,0.0,0.0,16.6,11.6
1392,21.4,13.7,20.1,17.0,12.0
1393,21.9,29.9,20.4,17.3,12.1
1394,21.7,29.4,20.2,17.1,12.0
1395,21.6,29.2,20.1,17.0,11.9
1396,21.5,29.1,20.1,16.9,11.9
1397,21.5,29.0,20.0,16.9,11.8
1398,21.7,29.5,20.3,17.1,12.0
1399,22.2,10.6,20.7,17.6,12.4
1400,22.1,10.4,20.6,17.5,12.3
1401,20.8,8.6,19.2,5.1,4.9
1402,18.8,0.0,16.8,2.3,3.0
1403,17.1,0.0,15.0,0.0,1.5
1404,16.0,0.0,14.8,0.0,1.1
1405,15.6,0.0,6.8,5.1,4.2
1406,15.3,0.0,6.6,0.0,1.0
1407,15.4,0.0,6.7,0.0,1.2
1408,9.5,0.0,6.8,0.3,1.5
1409,10.3,0.0,7.5,1.4,2.2
1410,11.1,0.0,8.1,13.2,9.2
1411,11.9,0.0,8.7,13.8,9.6
1412,3.7,0.0,0.0,13.9,9.6
1413,4.2,0.0,0.0,14.0,9.7
1414,4.6,0.0,0.0,14.0,9.7
1415,4.9,3.8,0.0,14.0,9.6
1416,13.1,7.2,17.1,13.9,9.5
1417,18.5,21.9,17.0,13.7,9.4
1418,18.3,21.6,16.9,13.6,9.3
1419,18.6,22.3,17.2,13.9,9.5
1420,18.9,22.8,17.4,14.1,9.7
1421,19.0,23.2,17.5,14.3,9.8
1422,19.0,23.2,17.5,14.3,9.8
1423,19.0,3.2,17.5,14.3,9.8
1424,19.0,3.2,17.6,14.3,9.9
1425,18.5,3.8,17.2,3.0,3.3
1426,17.5,0.0,16.3,1.9,2.4
1427,16.1,0.0,14.9,0.2,1.2
1428,14.4,0.0,13.2,0.0,0.0
1429,12.8,0.0,3.9,1.5,1.8
1430,12.4,0.0,3.8,0.0,0.0
1431,13.6,0.0,4.6,0.0,0.0
1432,13.5,0.0,4.5,0.0,0.0
1433,13.4,0.0,4.3,0.0,0.0
1434,13.9,0.0,4.8,10.4,7.2
1435,14.4,0.0,5.2,10.9,7.5
1436,14.7,0.0,0.0,11.2,7.8
1437,14.8,0.0,0.0,11.3,7.8
1438,15.1,0.0,0.0,11.5,8.0
1439,15.4,0.0,0.0,11.8,8.2
1440,15.6,0.0,14.6,11.9,8.3
1441,16.1,20.0,15.1,12.2,8.5
1442,16.3,20.0,15.2,12.4,8.6
1443,16.2,20.0,15.1,12.3,8.6
1444,16.3,20.0,15.2,12.4,8.7
1445,16.5,20.0,15.4,12.6,8.8
1446,16.7,20.0,15.6,12.7,8.9
1447,16.9,0.0,15.7,12.9,8.9
1448,16.9,0.0,15.8,12.8,8.9
1449,16.8,0.0,15.7,1.7,2.4
1450,16.2,0.0,15.2,1.0,1.8
1451,15.6,0.0,14.6,0.3,1.3
1452,15.1,0.0,14.2,0.0,0.9
1453,14.4,0.0,5.6,4.5,3.6
1454,14.1,0.0,5.2,0.0,0.3
1455,14.6,0.0,5.6,0.0,0.8
1456,8.1,0.0,5.4,0.0,0.6
1457,8.2,0.0,5.5,0.0,0.8
1458,8.3,0.0,5.6,10.9,7.5
1459,8.7,0.0,5.9,11.3,7.8
1460,0.0,0.0,0.0,11.5,7.9
1461,0.0,0.0,0.0,11.3,7.8
1462,0.0,0.0,0.0,11.3,7.8
1463,0.0,0.0,0.0,11.3,7.8
1464,8.7,0.0,13.8,10.9,7.5
1465,15.1,20.0,13.9,11.0,7.5
1466,14.9,20.0,13.8,10.9,7.5
1467,14.9,20.0,13.9,11.0,7.6
1468,15.4,20.0,14.3,11.5,7.9
1469,15.7,20.0,14.6,11.8,8.2
1470,15.1,20.0,14.0,11.1,7.7
1471,15.9,0.0,14.8,11.9,8.3
1472,16.2,0.0,15.1,12.3,8.5
1473,15.3,0.0,14.2,11.2,7.7
1474,13.5,0.0,12.2,8.8,6.1
1475,11.5,0.0,10.3,6.6,4.5
1476,10.6,0.0,9.9,6.0,4.2
1477,10.2,0.0,1.3,6.0,4.3
1478,10.7,0.0,1.7,7.3,5.1
1479,10.5,0.0,1.5,7.3,5.1
1480,2.9,0.0,1.5,7.3,5.2
1481,3.0,0.0,1.5,7.4,5.4
1482,3.3,0.0,1.9,8.5,6.0
1483,4.3,0.0,2.7,9.5,6.8
1484,0.0,0.0,0.0,10.4,7.4
1485,0.0,0.0,0.0,11.0,7.9
1486,0.0,0.0,0.0,10.6,7.5
1487,0.0,0.0,0.0,11.3,8.0
1488,7.5,0.0,14.0,11.7,8.3
1489,15.8,20.0,14.9,12.6,8.9
1490,16.1,20.0,15.2,12.8,9.1
1491,16.6,20.0,15.8,13.4,9.6
1492,17.1,20.0,16.2,13.7,9.8
1493,17.8,20.0,16.8,14.3,10.2
1494,17.9,20.0,16.9,14.3,10.2
1495,18.2,0.0,17.1,14.4,10.2
1496,17.3,0.0,16.2,13.4,9.4
1497,16.0,0.0,14.9,11.8,8.2
1498,13.7,0.0,12.5,9.1,6.2
1499,11.3,0.0,9.9,6.1,4.3
1500,9.8,0.0,8.9,5.0,3.5
1501,8.4,0.0,0.0,3.5,2.8
1502,8.0,0.0,0.0,4.0,3.1
1503,7.9,0.0,0.0,4.6,3.4
1504,0.2,0.0,0.0,5.6,4.1
1505,0.9,0.0,0.0,6.6,4.9
1506,1.1,0.0,0.1,7.3,5.2
1507,1.7,0.0,0.7,8.0,5.8
1508,0.0,0.0,-1.5,8.8,6.3
1509,0.0,0.0,-0.7,9.1,6.6
1510,0.0,0.0,-0.1,9.2,6.6
1511,0.0,0.0,0.0,9.4,6.7
1512,3.9,0.0,11.4,9.5,6.8
1513,12.2,20.0,11.7,9.6,6.9
1514,12.3,20.0,11.7,9.6,6.8
1515,12.5,20.0,11.9,9.8,6.9
1516,12.7,20.0,12.0,9.9,7.0
1517,12.4,20.0,11.7,9.5,6.7
1518,12.6,20.0,11.9,9.7,6.8
1519,12.7,0.0,12.0,9.7,6.8
1520,12.7,0.0,12.0,9.7,6.8
1521,12.4,0.0,11.8,0.0,0.0
1522,11.7,0.0,11.1,0.0,0.0
1523,11.2,0.0,10.7,0.0,0.0
1524,10.9,0.0,10.4,0.0,0.0
1525,10.4,0.0,1.2,1.6,1.6
1526,10.3,0.0,1.1,0.0,0.0
1527,10.4,0.0,1.1,0.0,0.0
1528,8.9,0.0,0.0,0.0,0.0
1529,9.0,0.0,0.0,0.0,0.0
1530,9.5,0.0,0.2,7.1,5.0
1531,9.8,0.0,0.4,7.4,5.2
1532,10.1,0.0,-1.2,7.7,5.4
1533,10.4,0.0,-0.9,8.0,5.7
1534,10.6,0.0,-0.6,8.3,5.9
1535,10.8,0.0,-0.3,8.4,5.9
1536,10.9,0.0,10.5,8.5,6.0
1537,11.0,20.0,10.4,8.4,5.9
1538,11.1,20.0,10.5,8.5,6.0
1539,11.2,20.0,10.6,8.5,6.0
1540,11.3,20.0,10.7,8.6,6.1
1541,11.3,20.0,10.7,8.6,6.1
1542,11.4,20.0,10.8,8.6,6.1
1543,11.6,0.0,11.0,8.8,6.2
1544,11.5,0.0,10.9,8.6,6.1
1545,11.0,0.0,10.5,0.0,0.0
1546,10.4,0.0,9.9,0.0,0.0
1547,9.3,0.0,9.0,0.0,0.0
1548,7.9,0.0,7.7,0.0,0.0
1549,6.7,0.0,0.0,0.0,0.0
1550,5.6,0.0,0.0,-3.4,0.0
1551,5.2,0.0,0.0,-4.3,0.0
1552,5.1,0.0,0.0,-5.0,-0.4
1553,5.0,0.0,0.0,-8.3,-1.2
1554,5.9,0.0,0.0,4.8,3.7
1555,6.9,0.0,0.0,5.9,4.5
1556,7.3,0.0,-11.3,6.4,4.8
1557,7.9,0.0,-10.4,6.9,5.2
1558,8.3,0.0,-9.5,7.2,5.4
1559,8.4,0.0,-8.9,7.2,5.4
1560,8.6,0.0,8.6,7.3,5.4
1561,8.4,20.0,8.3,6.8,5.0
1562,8.4,20.0,8.2,6.7,4.9
1563,8.5,20.0,8.3,6.8,4.9
1564,8.7,20.0,8.4,6.9,5.0
1565,8.6,20.0,8.4,6.7,4.9
1566,8.6,20.0,8.3,6.7,4.8
1567,8.3,0.0,8.0,6.3,4.5
1568,8.0,0.0,7.7,6.0,4.2
1569,8.0,0.0,7.8,-0.7,0.0
1570,7.6,0.0,7.5,-1.1,0.0
1571,6.8,0.0,6.8,-2.1,0.0
1572,7.1,0.0,7.1,-2.0,0.0
1573,6.3,0.0,0.0,0.0,0.0
1574,4.0,0.0,0.0,-6.0,-1.5
1575,3.6,0.0,0.0,-7.0,-2.2
1576,0.0,0.0,0.0,-6.0,-1.9
1577,-0.0,0.0,0.0,-5.8,-1.8
1578,-0.5,0.0,0.0,4.1,3.1
1579,0.0,0.0,0.0,5.3,4.0
1580,-14.2,0.0,-13.6,5.8,4.3
1581,-12.9,0.0,-12.4,6.5,4.9
1582,-11.9,0.0,-11.5,6.8,5.1
1583,-11.8,0.0,-11.6,6.0,4.4
1584,0.0,0.0,7.3,6.1,4.5
1585,7.4,20.0,7.3,6.1,4.5
1586,7.7,20.0,7.5,6.2,4.5
1587,7.9,20.0,7.7,6.3,4.6
1588,8.1,20.0,7.9,6.5,4.7
1589,8.6,20.0,8.4,7.0,5.1
1590,8.5,20.0,8.2,6.7,4.9
1591,8.8,0.0,8.5,7.0,5.1
1592,9.2,0.0,8.9,7.3,5.3
1593,9.2,0.0,9.0,0.0,0.0
1594,8.5,0.0,8.3,-0.4,0.0
1595,8.1,0.0,7.9,-0.9,0.0
1596,7.3,0.0,7.3,-1.8,0.0
1597,6.6,0.0,0.0,0.0,0.0
1598,5.5,0.0,0.0,-4.1,-0.3
1599,5.4,0.0,0.0,-4.4,-0.6
1600,5.6,0.0,0.0,-4.4,-0.7
1601,6.3,0.0,0.0,-3.9,-0.3
1602,6.7,0.0,0.0,5.3,3.9
1603,6.9,0.0,0.0,5.6,4.1
1604,7.3,0.0,-10.6,6.0,4.4
1605,7.7,0.0,-10.0,6.4,4.7
1606,7.6,0.0,-9.7,6.3,4.5
1607,8.2,0.0,-8.9,6.8,5.0
1608,8.7,0.0,8.6,7.3,5.3
1609,9.0,20.0,8.7,7.2,5.2
1610,9.2,20.0,8.9,7.5,5.5
1611,9.2,20.0,8.9,7.5,5.4
1612,9.5,20.0,9.2,7.7,5.5
1613,9.8,20.0,9.5,7.9,5.7
1614,9.8,20.0,9.4,7.8,5.6
1615,9.8,0.0,9.4,7.7,5.5
1616,10.2,0.0,9.8,8.0,5.8
1617,9.7,0.0,9.4,0.0,0.0
1618,9.0,0.0,8.7,0.0,0.0
1619,9.1,0.0,8.8,0.0,0.0
1620,8.3,0.0,8.1,-0.3,0.0
1621,8.4,0.0,0.0,0.2,0.7
1622,8.0,0.0,0.0,-0.8,0.0
1623,8.4,0.0,0.0,-0.4,0.0
1624,0.0,0.0,0.0,-0.6,0.0
1625,0.0,0.0,0.0,-0.6,0.0
1626,0.0,0.0,0.0,6.9,4.9
1627,1.0,0.0,0.2,8.0,5.7
1628,-2.4,0.0,-3.6,8.6,6.2
1629,-1.7,0.0,-3.1,8.5,6.1
1630,-1.6,0.0,-3.2,7.9,5.6
1631,-0.9,0.0,-2.5,8.2,5.8
1632,1.7,0.0,9.7,7.9,5.5
1633,10.4,20.0,9.9,8.0,5.6
1634,10.4,20.0,9.9,8.0,5.7
1635,10.4,20.0,9.9,8.1,5.7
1636,10.7,20.0,10.1,8.2,5.8
1637,10.7,20.0,10.2,8.3,5.8
1638,10.8,20.0,10.2,8.2,5.8
1639,11.0,0.0,10.4,8.4,5.9
1640,11.3,0.0,10.7,8.7,6.1
1641,10.9,0.0,10.4,8.3,5.8
1642,8.8,0.0,8.4,5.8,4.0
1643,7.1,0.0,6.3,3.2,2.4
1644,5.5,0.0,5.0,1.7,1.4
1645,5.7,0.0,0.0,3.1,2.3
1646,4.5,0.0,0.0,1.8,1.5
1647,4.0,0.0,0.0,1.1,1.5
1648,0.0,0.0,0.0,1.9,2.0
1649,-0.7,0.0,-0.1,2.0,2.4
1650,-0.6,0.0,0.0,4.8,3.7
1651,-0.0,0.0,0.0,5.5,4.2
1652,-14.9,0.0,-14.1,5.6,4.2
1653,-14.4,0.0,-13.8,5.6,4.2
1654,-13.6,0.0,-13.0,6.1,4.6
1655,-12.4,0.0,-12.0,6.6,5.0
1656,0.0,0.0,8.1,7.0,5.2
1657,8.4,20.0,8.3,7.1,5.2
1658,8.6,20.0,8.4,7.2,5.3
1659,8.9,20.0,8.8,7.6,5.6
1660,9.4,20.0,9.2,7.9,5.9
1661,9.4,20.0,9.2,7.8,5.8
1662,9.6,20.0,9.4,8.0,5.8
1663,10.1,0.0,9.8,8.3,6.1
1664,9.8,0.0,9.5,7.9,5.8
1665,9.1,0.0,8.9,7.2,5.1
1666,7.7,0.0,7.4,5.3,3.8
1667,7.7,0.0,7.7,5.6,4.0
1668,7.4,0.0,7.3,5.3,3.8
1669,6.5,0.0,0.0,4.4,3.1
1670,5.5,0.0,0.0,3.1,2.3
1671,4.6,0.0,0.0,2.1,1.8
1672,0.0,0.0,0.0,4.5,3.3
1673,0.0,0.0,0.0,5.0,3.7
1674,0.0,0.0,0.0,5.5,4.1
1675,0.0,0.0,0.0,6.0,4.4
1676,-10.6,0.0,-10.7,6.1,4.5
1677,-10.0,0.0,-10.0,6.6,4.8
1678,-9.3,0.0,-9.4,6.8,5.0
1679,-8.4,0.0,-8.7,7.1,5.2
1680,0.0,0.0,8.7,7.4,5.4
1681,9.6,20.0,9.3,7.8,5.7
1682,9.8,20.0,9.5,8.0,5.8
1683,10.0,20.0,9.7,8.1,5.9
1684,10.2,20.0,9.8,8.2,5.9
1685,10.4,20.0,10.0,8.3,6.0
1686,11.1,20.0,10.7,9.0,6.5
1687,11.1,0.0,10.6,8.9,6.4
1688,10.7,0.0,10.2,8.3,5.9
1689,10.1,0.0,9.7,0.0,0.0
1690,9.8,0.0,9.5,0.0,0.0
1691,8.3,0.0,8.1,-0.1,0.0
1692,5.4,0.0,4.9,-4.4,0.0
1693,4.9,0.0,0.0,0.0,0.0
1694,4.4,0.0,0.0,-6.0,-1.4
1695,4.0,0.0,0.0,-6.8,-2.1
1696,3.6,0.0,-0.0,-8.9,-3.0
1697,3.7,0.0,-1.8,-11.6,-3.7
1698,4.4,0.0,-3.0,4.0,3.1
1699,5.8,0.0,-1.5,5.5,4.3
1700,7.0,0.0,-15.3,6.6,5.1
1701,7.1,0.0,-14.4,6.6,5.0
1702,8.2,0.0,-12.6,7.5,5.7
1703,8.7,0.0,-11.2,7.9,5.9
1704,9.9,0.0,9.9,9.0,6.7
1705,10.1,20.0,9.9,8.7,6.5
1706,10.7,20.0,10.5,9.3,6.8
1707,11.3,20.0,11.0,9.7,7.1
1708,12.1,20.0,11.8,10.3,7.6
1709,12.9,20.0,12.5,11.0,8.1
1710,13.6,20.0,13.1,11.5,8.4
1711,14.0,0.0,13.5,11.8,8.6
1712,13.8,0.0,13.2,11.3,8.2
1713,11.1,0.0,10.6,0.0,0.0
1714,8.4,0.0,7.7,0.0,0.0
1715,6.6,0.0,6.0,-2.4,0.0
1716,4.7,0.0,4.3,-5.2,-0.5
1717,3.3,0.0,0.0,-1.3,0.0
1718,2.5,0.0,0.0,-8.7,-3.2
1719,2.1,0.0,-1.4,-9.9,-4.1
1720,2.1,0.0,-3.3,-11.4,-4.8
1721,2.2,0.0,-5.3,-13.0,-5.6
1722,2.9,0.0,-6.2,2.9,2.4
1723,5.2,0.0,-4.0,5.3,4.2
1724,6.5,0.0,-17.8,6.5,5.1
1725,7.6,0.0,-15.8,7.4,5.8
1726,8.2,0.0,-14.1,7.8,6.0
1727,9.4,0.0,-11.8,8.9,6.8
1728,10.0,0.0,10.2,9.3,7.0
1729,11.0,20.0,10.9,9.9,7.4
1730,11.3,20.0,11.2,10.0,7.4
1731,11.7,20.0,11.5,10.2,7.5
1732,12.0,20.0,11.7,10.3,7.6
1733,11.3,20.0,11.0,9.4,6.8
1734,11.5,20.0,11.1,9.5,6.9
1735,11.8,0.0,11.4,9.7,7.0
1736,11.7,0.0,11.2,9.4,6.7
1737,10.1,0.0,9.7,0.0,0.0
1738,8.3,0.0,7.8,-0.4,0.0
1739,6.3,0.0,5.8,-3.1,0.0
1740,4.2,0.0,4.0,-5.9,-1.2
1741,3.2,0.0,0.0,-1.5,0.0
1742,2.5,0.0,-0.3,-8.4,-3.4
1743,3.0,0.0,-1.2,-8.1,-3.5
1744,-3.0,0.0,-2.0,-8.9,-3.8
1745,-3.3,0.0,-2.4,-7.6,-3.4
1746,-3.2,0.0,-2.3,4.1,3.2
1747,-2.2,0.0,-1.3,5.3,4.1
1748,-17.1,0.0,-15.8,5.8,4.5
1749,-16.0,0.0,-15.0,6.0,4.6
1750,-14.9,0.0,-14.0,6.3,4.8
1751,-14.0,0.0,-13.3,6.3,4.8
1752,0.0,0.0,7.6,6.6,5.0
1753,8.3,20.0,8.2,7.1,5.3
1754,8.7,20.0,8.6,7.5,5.5
1755,9.1,20.0,9.0,7.7,5.7
1756,9.7,20.0,9.5,8.2,6.1
1757,10.2,20.0,10.0,8.6,6.3
1758,10.6,20.0,10.3,8.8,6.5
1759,10.8,0.0,10.5,9.0,6.5
1760,10.8,0.0,10.4,8.8,6.3
1761,10.3,0.0,10.0,0.0,0.0
1762,10.0,0.0,9.7,0.0,0.0
1763,9.6,0.0,9.3,0.0,0.0
1764,9.1,0.0,8.9,0.0,0.0
1765,9.1,0.0,0.0,0.8,1.2
1766,8.6,0.0,0.0,0.0,0.0
1767,8.3,0.0,0.0,-0.4,0.0
1768,9.0,0.0,0.0,0.0,0.0
1769,9.2,0.0,0.0,0.0,0.0
1770,9.5,0.0,0.0,7.4,5.3
1771,9.8,0.0,0.1,7.7,5.5
1772,9.9,0.0,-3.5,7.8,5.5
1773,10.1,0.0,-3.1,7.9,5.6
1774,10.3,0.0,-2.6,8.1,5.7
1775,10.5,0.0,-2.1,8.3,5.9
1776,10.6,0.0,10.2,8.4,5.9
1777,10.8,20.0,10.3,8.3,5.9
1778,11.4,20.0,10.8,8.9,6.3
1779,11.7,20.0,11.1,9.2,6.6
1780,11.4,20.0,10.9,8.9,6.3
1781,11.5,20.0,10.9,8.9,6.3
1782,11.7,20.0,11.1,9.1,6.4
1783,11.6,0.0,10.9,8.9,6.2
1784,11.5,0.0,10.9,8.7,6.1
1785,10.5,0.0,10.0,0.0,0.0
1786,9.6,0.0,9.2,0.0,0.0
1787,8.3,0.0,8.1,0.0,0.0
1788,6.8,0.0,6.6,-1.7,0.0
1789,5.6,0.0,0.0,0.0,0.0
1790,4.9,0.0,0.0,-4.6,-0.3
1791,5.2,0.0,0.0,-4.2,-0.4
1792,0.0,0.0,0.0,-4.2,-0.4
1793,0.0,0.0,0.0,-4.1,-0.3
1794,0.0,0.0,0.0,5.3,3.8
1795,0.0,0.0,0.0,5.4,4.0
1796,-10.7,0.0,-10.8,5.6,4.1
1797,-11.0,0.0,-11.1,5.3,3.8
1798,-11.4,0.0,-11.5,5.0,3.7
1799,-10.8,0.0,-10.8,5.8,4.2
1800,0.0,0.0,7.3,6.0,4.4
1801,7.5,20.0,7.3,5.9,4.3
1802,7.5,20.0,7.3,6.0,4.4
1803,7.6,20.0,7.5,6.2,4.5
1804,8.1,20.0,7.9,6.6,4.8
1805,8.8,20.0,8.6,7.3,5.3
1806,9.2,20.0,8.9,7.5,5.5
1807,9.4,0.0,9.1,7.6,5.5
1808,9.5,0.0,9.2,7.6,5.5
1809,9.2,0.0,9.0,7.4,5.3
1810,8.3,0.0,8.2,6.3,4.5
1811,7.8,0.0,7.8,5.7,4.0
1812,7.4,0.0,7.4,5.2,3.7
1813,6.9,0.0,0.0,4.7,3.4
1814,6.8,0.0,0.0,4.7,3.4
1815,7.3,0.0,0.0,5.5,3.9
1816,0.0,0.0,0.0,5.2,3.8
1817,0.0,0.0,0.0,5.1,3.8
1818,0.0,0.0,0.0,5.7,4.1
1819,0.0,0.0,0.0,6.5,4.7
1820,-6.9,0.0,-7.4,7.8,5.7
1821,-5.3,0.0,-5.9,8.6,6.3
1822,-3.2,0.0,-4.0,9.7,7.1
1823,-1.7,0.0,-2.8,9.8,7.1
1824,3.6,0.0,11.9,10.3,7.5
1825,13.2,20.0,12.7,10.9,7.9
1826,13.1,20.0,12.5,10.7,7.7
1827,12.7,20.0,12.2,10.3,7.4
1828,12.8,20.0,12.2,10.3,7.4
1829,13.5,20.0,12.8,10.9,7.8
1830,14.1,20.0,13.4,11.4,8.2
1831,13.6,0.0,12.9,10.8,7.7
1832,12.8,0.0,12.0,9.7,6.8
1833,11.7,0.0,11.1,8.6,6.0
1834,10.4,0.0,9.9,7.2,4.9
1835,9.6,0.0,9.3,6.4,4.3
1836,8.2,0.0,8.0,5.0,3.3
1837,8.2,0.0,0.0,5.2,3.6
1838,8.7,0.0,0.0,6.0,4.2
1839,8.7,0.0,0.0,6.2,4.3
1840,0.6,0.0,0.0,6.6,4.6
1841,0.1,0.0,0.0,6.0,4.3
1842,0.8,0.0,0.0,7.1,5.0
1843,1.5,0.0,0.5,7.9,5.6
1844,-1.0,0.0,-2.6,8.1,5.7
1845,-0.5,0.0,-2.2,8.2,5.8
1846,-0.4,0.0,-2.2,7.9,5.6
1847,-0.2,0.0,-2.0,7.9,5.6
1848,2.0,0.0,9.9,8.0,5.7
1849,10.5,20.0,9.9,8.0,5.6
1850,10.7,20.0,10.1,8.1,5.7
1851,11.0,20.0,10.4,8.4,5.9
1852,11.1,20.0,10.5,8.4,5.9
1853,11.0,20.0,10.4,8.3,5.8
1854,11.1,20.0,10.5,8.4,5.9
1855,11.0,0.0,10.4,8.3,5.8
1856,10.8,0.0,10.2,8.1,5.6
1857,10.4,0.0,9.9,0.0,0.0
1858,10.1,0.0,9.6,0.0,0.0
1859,9.7,0.0,9.3,0.0,0.0
1860,9.4,0.0,8.9,0.0,0.0
1861,9.0,0.0,0.0,0.5,0.8
1862,8.7,0.0,0.0,0.0,0.0
1863,8.6,0.0,0.0,0.0,0.0
1864,8.3,0.0,0.0,0.0,0.0
1865,8.7,0.0,0.0,0.0,0.0
1866,9.0,0.0,0.0,6.7,4.7
1867,9.5,0.0,0.0,7.3,5.1
1868,9.6,0.0,-3.2,7.4,5.2
1869,9.7,0.0,-3.0,7.5,5.3
1870,9.8,0.0,-2.8,7.6,5.4
1871,10.1,0.0,-2.4,7.9,5.6
1872,10.2,0.0,9.8,8.0,5.6
1873,10.4,20.0,9.8,7.9,5.6
1874,10.5,20.0,9.9,8.0,5.6
1875,10.5,20.0,9.9,7.9,5.6
1876,10.7,20.0,10.1,8.1,5.7
1877,10.8,20.0,10.2,8.2,5.8
1878,10.9,20.0,10.3,8.3,5.8
1879,11.2,0.0,10.6,8.5,6.0
1880,11.1,0.0,10.5,8.3,5.8
1881,10.0,0.0,9.6,0.0,0.0
1882,8.8,0.0,8.5,0.0,0.0
1883,7.3,0.0,7.0,-1.2,0.0
1884,7.5,0.0,7.4,-0.9,0.0
1885,6.7,0.0,0.0,0.0,0.0
1886,6.1,0.0,0.0,-3.0,0.0
1887,6.0,0.0,0.0,-3.4,0.0
1888,6.8,0.0,0.0,-2.5,0.0
1889,6.9,0.0,0.0,-2.5,0.0
1890,7.2,0.0,0.0,5.6,4.0
1891,8.0,0.0,0.0,6.5,4.7
1892,7.9,0.0,-8.2,6.3,4.6
1893,7.7,0.0,-8.3,6.1,4.4
1894,7.4,0.0,-8.6,5.7,4.1
1895,7.3,0.0,-8.7,5.6,4.0
1896,7.1,0.0,7.0,5.5,3.9
1897,7.3,20.0,7.1,5.5,4.0
1898,7.3,20.0,7.1,5.6,4.0
1899,8.1,20.0,7.9,6.3,4.6
1900,8.2,20.0,8.0,6.4,4.6
1901,8.7,20.0,8.4,6.8,4.9
1902,9.6,20.0,9.2,7.7,5.5
1903,10.0,0.0,9.7,8.0,5.8
1904,9.7,0.0,9.3,7.5,5.4
1905,9.1,0.0,8.9,0.0,0.0
1906,8.0,0.0,7.8,-1.1,0.0
1907,7.5,0.0,7.5,-1.7,0.0
1908,7.8,0.0,7.8,-1.4,0.0
1909,7.2,0.0,0.0,0.0,0.0
1910,7.2,0.0,0.0,-2.3,0.0
1911,7.4,0.0,0.0,-2.1,0.0
1912,0.0,0.0,0.0,-1.8,0.0
1913,0.0,0.0,0.0,-1.4,0.0
1914,0.0,0.0,0.0,7.2,5.3
1915,0.1,0.0,0.0,7.8,5.7
1916,-5.0,0.0,-5.8,8.2,5.9
1917,-3.8,0.0,-4.7,8.6,6.3
1918,-2.5,0.0,-3.6,9.0,6.5
1919,-1.6,0.0,-2.9,8.9,6.4
1920,3.2,0.0,11.4,9.8,7.0
1921,11.6,20.0,11.0,9.2,6.6
1922,11.8,20.0,11.2,9.3,6.6
1923,11.9,20.0,11.3,9.3,6.6
1924,12.2,20.0,11.6,9.6,6.8
1925,12.5,20.0,11.8,9.8,6.9
1926,12.9,20.0,12.2,10.1,7.2
1927,13.6,0.0,12.9,10.8,7.7
1928,13.1,0.0,12.4,10.1,7.1
1929,11.5,0.0,10.6,0.0,0.0
1930,10.1,0.0,9.2,0.0,0.0
1931,9.3,0.0,8.6,0.0,0.0
1932,8.1,0.0,7.6,-1.1,0.0
1933,7.6,0.0,0.0,0.0,0.0
1934,7.3,0.0,0.0,-1.8,0.0
1935,8.8,0.0,0.0,-0.1,0.0
1936,7.4,0.0,0.0,-4.3,0.0
1937,7.8,0.0,0.0,-4.9,0.0
1938,8.5,0.0,0.0,7.4,5.4
1939,10.4,0.0,0.7,9.2,6.9
1940,11.4,0.0,-5.0,10.1,7.5
1941,11.9,0.0,-3.4,10.4,7.7
1942,12.5,0.0,-1.7,10.8,7.9
1943,13.7,0.0,0.0,11.8,8.6
1944,14.8,0.0,14.3,12.7,9.2
1945,15.4,20.0,14.8,12.9,9.3
1946,15.8,20.0,15.1,13.2,9.6
1947,15.9,20.0,15.2,13.2,9.5
1948,16.3,20.0,15.6,13.5,9.7
1949,16.7,20.0,15.9,13.7,9.8
1950,17.6,20.0,16.7,14.4,10.3
1951,17.4,0.0,16.4,14.0,10.0
1952,16.6,0.0,15.6,12.9,9.1
1953,13.2,0.0,12.1,0.0,0.0
1954,12.0,0.0,11.0,0.0,0.0
1955,10.5,0.0,9.4,0.0,0.0
1956,9.1,0.0,8.5,0.0,0.0
1957,8.6,0.0,0.0,0.0,0.0
1958,7.9,0.0,0.0,-0.8,0.0
1959,8.6,0.0,0.0,0.0,0.0
1960,0.0,0.0,0.0,-0.6,0.0
1961,0.1,0.0,0.0,-1.5,0.0
1962,0.6,0.0,0.2,7.7,5.7
1963,1.8,0.0,1.2,9.0,6.6
1964,-1.3,0.0,-2.5,9.5,6.9
1965,0.0,0.0,-1.4,9.7,7.1
1966,0.0,0.0,-0.2,10.0,7.2
1967,0.0,0.0,0.0,10.3,7.4
1968,4.7,0.0,12.3,10.5,7.5
1969,13.5,20.0,12.9,10.8,7.8
1970,14.1,20.0,13.4,11.4,8.2
1971,13.8,20.0,13.2,11.1,8.0
1972,14.2,20.0,13.6,11.5,8.2
1973,14.8,20.0,14.0,11.9,8.5
1974,15.4,20.0,14.6,12.4,8.9
1975,15.7,0.0,14.8,12.6,9.0
1976,15.3,0.0,14.5,12.1,8.6
1977,13.7,0.0,12.9,10.3,7.2
1978,11.1,0.0,10.0,6.8,4.7
1979,9.8,0.0,8.8,5.2,3.8
1980,8.3,0.0,7.8,3.9,3.0
1981,7.3,0.0,0.0,3.4,2.7
1982,6.8,0.0,0.0,3.2,2.9
1983,6.9,0.0,0.0,3.6,3.3
1984,0.0,0.0,0.0,3.0,3.5
1985,0.0,0.0,0.0,2.1,3.7
1986,0.0,0.0,0.0,6.6,4.9
1987,0.0,0.0,0.0,7.9,6.0
1988,-7.5,0.0,-7.6,8.6,6.4
1989,-6.0,0.0,-6.3,8.9,6.6
1990,-4.1,0.0,-4.7,9.5,7.0
1991,-2.4,0.0,-3.3,9.9,7.3
1992,3.4,0.0,11.9,10.3,7.6
1993,12.9,20.0,12.5,10.8,7.9
1994,13.2,20.0,12.8,11.0,8.1
1995,13.4,20.0,13.0,11.3,8.2
1996,13.8,20.0,13.3,11.5,8.4
1997,14.1,20.0,13.6,11.7,8.5
1998,14.5,20.0,13.9,11.9,8.6
1999,14.8,0.0,14.2,12.1,8.7
2000,14.0,0.0,13.2,10.9,7.7
2001,12.4,0.0,11.4,8.8,6.2
2002,10.7,0.0,9.6,6.7,4.8
2003,8.9,0.0,8.1,4.8,3.5
2004,7.4,0.0,7.1,3.4,2.7
2005,6.5,0.0,0.0,2.8,2.5
2006,6.4,0.0,0.0,3.2,3.0
2007,6.3,0.0,0.0,3.1,3.3
2008,0.0,0.0,0.0,2.2,3.4
2009,0.0,0.0,0.0,3.3,4.0
2010,0.0,0.0,0.0,7.2,5.5
2011,0.0,0.0,0.0,8.2,6.2
2012,-9.1,0.0,-8.9,8.4,6.4
2013,-7.6,0.0,-7.7,8.6,6.4
2014,-6.0,0.0,-6.4,8.9,6.6
2015,-4.4,0.0,-5.0,9.4,6.9
2016,2.5,0.0,11.2,9.8,7.2
2017,12.0,20.0,11.7,10.1,7.4
2018,12.3,20.0,11.9,10.2,7.4
2019,12.7,20.0,12.2,10.5,7.6
2020,12.9,20.0,12.4,10.5,7.6
2021,13.1,20.0,12.6,10.7,7.7
2022,13.4,20.0,12.8,10.9,7.8
2023,13.7,0.0,13.0,11.0,7.9
2024,13.4,0.0,12.7,10.5,7.5
2025,12.6,0.0,12.1,0.0,0.0
2026,12.5,0.0,12.1,0.0,0.0
2027,12.0,0.0,11.6,0.0,0.0
2028,11.5,0.0,11.2,0.0,0.0
2029,10.7,0.0,1.7,1.6,1.7
2030,9.6,0.0,0.8,0.0,0.0
2031,9.4,0.0,0.5,0.0,0.0
2032,13.4,0.0,4.3,0.0,0.7
2033,8.3,0.0,0.0,-1.8,0.0
2034,8.8,0.0,0.0,6.7,4.7
2035,10.1,0.0,0.7,8.0,5.7
2036,10.7,0.0,-1.7,8.6,6.2
2037,11.1,0.0,-0.9,9.0,6.4
2038,11.5,0.0,-0.1,9.3,6.7
2039,11.7,0.0,0.0,9.4,6.7
2040,12.3,0.0,11.8,9.9,7.1
2041,12.9,20.0,12.3,10.3,7.4
2042,13.1,20.0,12.5,10.4,7.4
2043,13.5,20.0,12.9,10.7,7.7
2044,14.1,20.0,13.4,11.2,8.0
2045,14.3,20.0,13.6,11.3,8.1
2046,14.7,20.0,14.0,11.7,8.3
2047,15.5,0.0,14.7,12.4,8.9
2048,15.0,0.0,14.2,11.6,8.2
2049,12.4,0.0,11.3,0.0,0.0
2050,10.3,0.0,9.2,0.0,0.0
2051,8.8,0.0,7.9,0.0,0.0
2052,7.4,0.0,7.0,-1.1,0.0
2053,6.5,0.0,0.0,0.0,0.0
2054,5.4,0.0,0.0,-4.2,0.0
2055,5.0,0.0,0.0,-5.6,-0.3
2056,4.9,0.0,0.0,-7.4,-1.1
2057,5.3,0.0,0.0,-9.1,-1.8
2058,5.7,0.0,0.0,5.2,4.0
2059,7.2,0.0,0.0,6.6,5.1
2060,8.1,0.0,-11.9,7.5,5.8
2061,9.0,0.0,-10.3,8.2,6.2
2062,9.6,0.0,-8.8,8.7,6.6
2063,10.0,0.0,-7.5,8.9,6.7
2064,10.6,0.0,10.5,9.3,6.9
2065,11.0,20.0,10.8,9.4,7.0
2066,11.3,20.0,11.0,9.5,7.0
2067,11.7,20.0,11.3,9.8,7.2
2068,12.5,20.0,12.1,10.5,7.7
2069,13.1,20.0,12.7,11.0,8.0
2070,13.2,20.0,12.7,10.9,8.0
2071,13.1,0.0,12.6,10.7,7.7
2072,12.8,0.0,12.3,10.2,7.3
2073,11.9,0.0,11.5,0.0,0.0
2074,10.5,0.0,10.2,0.0,0.0
2075,8.2,0.0,7.6,-0.3,0.0
2076,8.8,0.0,8.8,0.0,0.0
2077,9.1,0.0,0.0,0.7,1.1
2078,8.6,0.0,0.0,0.0,0.0
2079,7.9,0.0,0.0,-0.8,0.0
2080,0.0,0.0,0.0,-1.0,0.0
2081,0.0,0.0,0.0,-2.0,0.0
2082,0.0,0.0,0.0,7.1,5.2
2083,0.8,0.0,0.2,8.1,5.9
2084,-3.0,0.0,-3.9,9.0,6.6
2085,-1.4,0.0,-2.6,9.6,7.0
2086,-0.0,0.0,-1.4,9.9,7.2
2087,0.0,0.0,-0.2,10.2,7.4
2088,4.5,0.0,12.3,10.5,7.6
2089,13.4,20.0,12.8,10.9,7.8
2090,13.8,20.0,13.2,11.2,8.0
2091,15.0,20.0,14.3,12.2,8.8
2092,15.8,20.0,15.1,13.0,9.3
2093,15.9,20.0,15.1,13.0,9.3
2094,16.4,20.0,15.6,13.3,9.5
2095,16.5,0.0,15.6,13.2,9.4
2096,15.3,0.0,14.4,11.7,8.2
2097,13.2,0.0,12.1,0.0,0.0
2098,11.4,0.0,10.4,0.0,0.0
2099,9.6,0.0,8.8,0.0,0.0
2100,8.1,0.0,7.7,-0.1,0.0
2101,7.3,0.0,0.0,0.0,0.0
2102,6.6,0.0,0.0,-2.5,0.0
2103,6.4,0.0,0.0,-3.7,0.0
2104,6.4,0.0,0.0,-5.4,0.0
2105,6.7,0.0,0.0,-7.0,-0.1
2106,7.3,0.0,0.0,6.4,4.8
2107,8.6,0.0,0.0,7.8,5.9
2108,10.1,0.0,-8.0,9.1,6.9
2109,10.7,0.0,-6.4,9.6,7.2
2110,11.6,0.0,-4.5,10.3,7.7
2111,12.3,0.0,-2.7,10.8,8.0
2112,14.0,0.0,13.7,12.3,9.1
2113,14.2,20.0,13.7,12.0,8.8
2114,15.7,20.0,15.2,13.5,9.9
2115,16.0,20.0,15.4,13.7,10.0
2116,16.6,20.0,16.0,14.1,10.3
2117,17.2,20.0,16.5,14.5,10.5
2118,17.8,20.0,17.0,14.9,10.8
2119,18.0,0.0,17.2,14.9,10.8
2120,15.7,0.0,14.8,12.1,8.6
2121,13.4,0.0,12.3,0.0,0.0
2122,11.5,0.0,10.5,0.0,0.0
2123,10.2,0.0,9.7,0.0,0.0
2124,8.7,0.0,8.3,0.0,0.0
2125,7.9,0.0,0.0,0.0,0.0
2126,7.5,0.0,0.0,-1.3,0.0
2127,6.5,0.0,0.0,-3.2,0.0
2128,0.0,0.0,0.0,-4.2,0.0
2129,0.0,0.0,0.0,-5.6,0.0
2130,0.0,0.0,0.0,0.0,4.1
2131,0.0,0.0,0.0,8.2,6.4
2132,-10.6,0.0,-10.0,8.6,6.6
2133,-8.8,0.0,-8.5,8.9,6.7
2134,-6.9,0.0,-7.0,9.2,6.9
2135,-5.2,0.0,-5.6,9.5,7.1
2136,1.8,0.0,10.8,9.4,7.0
2137,11.4,20.0,11.1,9.6,7.1
2138,11.3,20.0,11.1,9.5,7.0
2139,11.4,20.0,11.1,9.5,7.0
2140,11.5,20.0,11.2,9.5,6.9
2141,11.6,20.0,11.2,9.5,6.9
2142,11.8,20.0,11.4,9.6,6.9
2143,12.8,0.0,12.3,10.5,7.6
2144,12.2,0.0,11.8,9.6,6.9
2145,10.4,0.0,9.7,7.3,5.1
2146,9.3,0.0,9.0,6.3,4.5
2147,8.1,0.0,7.8,4.8,3.5
2148,7.6,0.0,7.7,4.7,3.4
2149,6.6,0.0,0.0,3.7,2.9
2150,7.6,0.0,0.0,5.4,4.0
2151,8.4,0.0,0.0,6.6,4.8
2152,0.0,0.0,0.0,5.7,4.3
2153,0.0,0.0,0.0,6.9,5.1
2154,0.4,0.0,0.0,7.8,5.8
2155,1.5,0.0,0.9,8.9,6.5
2156,-2.3,0.0,-3.4,9.2,6.7
2157,-1.0,0.0,-2.3,9.5,6.9
2158,0.0,0.0,-1.0,9.8,7.1
2159,0.0,0.0,-0.1,10.0,7.2
2160,4.3,0.0,12.0,10.2,7.3
2161,13.1,20.0,12.6,10.6,7.6
2162,13.8,20.0,13.2,11.2,8.1
2163,13.9,20.0,13.3,11.4,8.2
2164,13.9,20.0,13.3,11.3,8.1
2165,14.9,20.0,14.2,12.1,8.7
2166,15.2,20.0,14.4,12.3,8.8
2167,14.3,0.0,13.5,11.2,7.9
2168,13.2,0.0,12.5,9.9,6.9
2169,11.9,0.0,11.3,8.6,6.0
2170,9.8,0.0,9.2,6.1,4.1
2171,8.1,0.0,7.6,4.1,2.8
2172,8.2,0.0,8.1,5.0,3.4
2173,7.6,0.0,0.0,4.6,3.2
2174,7.2,0.0,0.0,4.4,3.0
2175,8.2,0.0,0.0,5.9,4.2
2176,1.4,0.0,0.5,7.9,5.7
2177,2.2,0.0,1.3,8.7,6.3
2178,2.6,0.0,1.5,8.9,6.4
2179,2.8,0.0,1.6,8.9,6.4
2180,0.0,0.0,-0.1,9.4,6.7
2181,0.0,0.0,0.0,9.6,6.9
2182,0.0,0.0,0.0,9.6,6.9
2183,0.0,0.0,0.0,9.5,6.8
2184,4.5,0.0,11.8,9.8,6.9
2185,13.2,20.0,12.5,10.4,7.4
2186,13.1,20.0,12.4,10.2,7.2
2187,13.7,20.0,12.9,10.7,7.6
2188,14.3,20.0,13.5,11.3,8.0
2189,14.1,20.0,13.3,11.0,7.8
2190,14.8,20.0,13.9,11.6,8.2
2191,14.3,0.0,13.4,11.0,7.7
2192,13.4,0.0,12.6,9.9,6.9
2193,12.0,0.0,11.0,0.0,0.0
2194,11.7,0.0,11.1,0.0,0.0
2195,12.2,0.0,11.8,0.0,0.0
2196,9.3,0.0,9.1,0.0,0.0
2197,9.6,0.0,0.7,0.4,0.9
2198,9.6,0.0,0.7,0.0,0.0
2199,10.3,0.0,1.3,0.0,0.0
2200,10.8,0.0,1.7,0.0,0.0
2201,10.6,0.0,1.5,0.0,0.0
2202,11.0,0.0,1.6,7.1,6.0
2203,12.3,0.0,2.9,10.2,7.4
2204,12.7,0.0,0.0,10.5,7.6
2205,13.3,0.0,0.0,10.9,7.9
2206,13.3,0.0,0.0,10.8,7.7
2207,13.7,0.0,0.0,11.0,7.9
2208,14.1,0.0,13.5,11.4,8.1
2209,14.6,20.0,13.9,11.6,8.3
2210,15.0,20.0,14.2,11.9,8.4
2211,14.9,20.0,14.0,11.6,8.2
2212,15.7,20.0,14.8,12.4,8.8
2213,15.3,20.0,14.4,12.0,8.4
2214,15.5,20.0,14.6,12.0,8.5
2215,15.0,0.0,14.1,11.4,8.0
2216,14.6,0.0,13.7,10.9,7.6
2217,12.9,0.0,12.0,0.0,0.0
2218,11.3,0.0,10.3,0.0,0.0
2219,11.7,0.0,11.3,0.0,0.0
2220,11.1,0.0,10.9,0.0,0.0
2221,10.5,0.0,1.7,1.2,1.4
2222,10.8,0.0,1.9,0.0,0.0
2223,10.0,0.0,1.4,0.0,0.0
2224,9.9,0.0,1.1,0.0,0.0
2225,10.2,0.0,1.1,0.0,0.0
2226,10.9,0.0,1.6,6.7,6.0
2227,11.7,0.0,2.4,9.7,7.1
2228,12.6,0.0,0.0,10.6,7.7
2229,13.7,0.0,0.0,11.5,8.4
2230,14.3,0.0,0.0,11.9,8.6
2231,15.1,0.0,0.0,12.6,9.1
2232,16.0,0.0,15.4,13.3,9.6
2233,16.6,20.0,15.8,13.5,9.7
2234,17.2,20.0,16.3,14.0,10.0
2235,17.8,20.0,16.8,14.4,10.3
2236,17.9,20.0,16.9,14.4,10.3
2237,18.7,20.0,17.6,15.1,10.7
2238,18.8,20.0,17.7,15.0,10.7
2239,18.1,0.0,16.9,14.1,9.9
2240,16.3,0.0,15.2,12.0,8.3
2241,14.4,0.0,13.5,0.0,0.4
2242,12.9,0.0,12.1,0.0,0.0
2243,13.0,0.0,12.2,0.0,0.0
2244,13.0,0.0,12.2,0.0,0.0
2245,12.1,0.0,3.2,2.5,2.2
2246,9.7,0.0,1.3,0.0,0.0
2247,10.3,0.0,1.5,0.0,0.0
2248,3.2,0.0,1.5,0.0,0.0
2249,3.6,0.0,1.9,0.0,0.0
2250,3.8,0.0,2.1,8.4,5.9
2251,3.7,0.0,2.0,8.4,5.9
2252,0.0,0.0,0.0,9.1,6.4
2253,0.0,0.0,0.0,9.4,6.6
2254,0.0,0.0,0.0,9.4,6.6
2255,0.0,0.0,0.0,9.4,6.6
2256,5.0,0.0,11.9,9.6,6.7
2257,13.3,20.0,12.5,10.2,7.2
2258,13.2,20.0,12.4,10.1,7.1
2259,13.4,20.0,12.7,10.3,7.2
2260,13.9,20.0,13.1,10.7,7.5
2261,14.0,20.0,13.2,10.8,7.6
2262,14.2,20.0,13.3,10.9,7.7
2263,14.1,0.0,13.3,10.7,7.5
2264,13.5,0.0,12.7,9.9,6.9
2265,11.5,0.0,10.7,0.0,0.0
2266,10.1,0.0,9.0,0.0,0.0
2267,9.0,0.0,8.5,0.0,0.0
2268,7.9,0.0,7.8,-0.3,0.0
2269,6.9,0.0,0.0,0.0,0.0
2270,6.6,0.0,0.0,-2.3,0.0
2271,7.9,0.0,0.0,-1.2,0.0
2272,8.8,0.0,0.0,-0.1,0.0
2273,9.7,0.0,0.3,0.0,0.0
2274,10.4,0.0,0.9,8.6,6.3
2275,10.8,0.0,1.3,9.0,6.6
2276,11.1,0.0,-2.1,9.2,6.7
2277,11.4,0.0,-1.2,9.4,6.8
2278,12.0,0.0,-0.1,9.9,7.2
2279,12.5,0.0,0.0,10.3,7.4
2280,12.7,0.0,12.2,10.4,7.4
2281,13.1,20.0,12.5,10.5,7.5
2282,13.3,20.0,12.7,10.7,7.6
2283,13.5,20.0,12.9,10.8,7.8
2284,13.7,20.0,13.0,10.9,7.8
2285,14.0,20.0,13.3,11.2,8.0
2286,14.3,20.0,13.6,11.4,8.1
2287,14.3,0.0,13.6,11.3,8.0
2288,14.2,0.0,13.5,11.0,7.8
2289,13.7,0.0,13.0,0.0,0.6
2290,12.1,0.0,11.7,0.0,0.0
2291,11.7,0.0,11.3,0.0,0.0
2292,10.6,0.0,10.4,0.0,0.0
2293,9.9,0.0,1.1,0.5,1.0
2294,9.2,0.0,0.7,0.0,0.0
2295,9.4,0.0,0.6,0.0,0.0
2296,1.1,0.0,0.4,0.0,0.0
2297,1.0,0.0,0.2,-2.8,0.0
2298,1.0,0.0,0.2,1.4,5.0
2299,1.6,0.0,1.5,9.7,7.3
2300,-2.5,0.0,-3.2,10.8,8.1
2301,-0.0,0.0,-1.1,11.4,8.4
2302,0.0,0.0,0.0,11.8,8.7
2303,0.0,0.0,0.0,12.3,9.0
2304,7.0,0.0,14.5,12.7,9.2
2305,15.9,20.0,15.2,13.2,9.6
2306,16.0,20.0,15.3,13.2,9.5
2307,16.5,20.0,15.8,13.6,9.9
2308,17.1,20.0,16.3,14.1,10.2
2309,17.2,20.0,16.4,14.1,10.1
2310,17.3,20.0,16.4,14.0,10.0
2311,17.2,0.0,16.1,13.6,9.6
2312,15.9,0.0,14.5,11.7,8.1
2313,14.1,0.0,12.6,9.6,6.6
2314,12.8,0.0,11.6,8.3,5.8
2315,11.5,0.0,10.6,6.9,4.9
2316,10.5,0.0,10.2,6.0,4.5
2317,9.4,0.0,1.0,5.3,4.2
2318,9.0,0.0,1.1,5.4,4.4
2319,9.4,0.0,1.3,5.6,4.9
2320,1.1,0.0,0.9,5.5,5.1
2321,1.2,0.0,0.8,6.4,5.6
2322,1.6,0.0,1.0,5.7,6.0
2323,2.3,0.0,2.0,9.8,7.3
2324,-0.3,0.0,-1.4,10.9,8.1
2325,0.0,0.0,0.0,11.7,8.6
2326,0.0,0.0,0.0,12.3,9.0
2327,0.0,0.0,0.0,12.9,9.4
2328,8.3,0.0,15.4,13.4,9.7
2329,17.0,20.0,16.2,14.1,10.2
2330,17.2,20.0,16.4,14.2,10.2
2331,17.3,20.0,16.5,14.2,10.3
2332,17.8,20.0,17.0,14.6,10.5
2333,18.8,20.0,17.9,15.5,11.1
2334,18.7,20.0,17.7,15.1,10.8
2335,18.1,0.0,17.0,14.3,10.1
2336,16.3,0.0,14.9,11.8,8.1
2337,14.2,0.0,12.7,9.5,6.4
2338,12.8,0.0,11.5,8.0,5.5
2339,11.6,0.0,10.7,6.8,4.8
2340,11.2,0.0,10.9,6.8,4.9
2341,11.8,0.0,3.0,8.2,5.8
2342,11.9,0.0,3.1,8.6,6.1
2343,11.7,0.0,2.9,8.4,6.0
2344,3.9,0.0,2.7,7.9,5.8
2345,3.1,0.0,1.8,5.2,5.2
2346,3.5,0.0,2.2,6.0,6.1
2347,4.3,0.0,3.2,10.3,7.5
2348,0.0,0.0,0.0,10.9,7.9
2349,0.0,0.0,0.0,11.2,8.1
2350,0.0,0.0,0.0,11.7,8.4
2351,0.0,0.0,0.0,12.3,8.8
2352,8.5,0.0,15.2,13.0,9.3
2353,17.1,20.0,16.2,13.9,10.0
2354,18.2,20.0,17.3,14.9,10.7
2355,19.0,20.0,18.0,15.5,11.1
2356,18.9,20.0,17.8,15.3,10.9
2357,19.4,20.0,18.3,15.6,11.1
2358,20.1,20.0,18.9,16.2,11.5
2359,19.0,0.0,17.8,14.8,10.4
2360,17.3,0.0,15.8,12.5,8.5
2361,15.2,0.0,13.9,0.0,0.6
2362,14.0,0.0,13.0,0.0,0.0
2363,12.2,0.0,11.1,0.0,0.0
2364,11.3,0.0,10.8,0.0,0.0
2365,10.9,0.0,2.5,0.9,1.3
2366,11.5,0.0,2.8,0.0,0.0
2367,11.1,0.0,2.4,0.0,0.0
2368,12.6,0.0,3.5,0.0,0.0
2369,12.8,0.0,3.7,0.0,0.1
2370,12.7,0.0,3.5,9.3,6.8
2371,13.5,0.0,4.4,10.7,7.6
2372,14.6,0.0,0.0,11.8,8.4
2373,14.8,0.0,0.0,11.9,8.5
2374,15.4,0.0,0.0,12.4,8.8
2375,15.7,0.0,0.0,12.5,8.8
2376,16.6,0.0,15.8,13.3,9.4
2377,17.1,20.0,16.1,13.5,9.5
2378,17.3,20.0,16.2,13.6,9.6
2379,17.3,20.0,16.2,13.5,9.5
2380,17.5,20.0,16.4,13.6,9.5
2381,17.6,20.0,16.5,13.6,9.5
2382,18.0,20.0,16.8,14.0,9.8
2383,17.9,0.0,16.6,13.6,9.5
2384,16.9,0.0,15.3,12.1,8.2
2385,15.3,0.0,13.8,0.0,0.5
2386,14.2,0.0,13.0,0.0,0.0
2387,13.7,0.0,13.0,0.0,0.0
2388,13.3,0.0,12.8,0.0,0.0
2389,12.1,0.0,3.6,2.1,2.0
2390,11.9,0.0,3.3,0.0,0.0
2391,11.7,0.0,2.9,0.0,0.0
2392,11.7,0.0,3.0,0.0,0.0
2393,12.6,0.0,3.5,0.0,0.0
2394,13.5,0.0,4.4,10.2,7.4
2395,14.2,0.0,5.0,11.2,8.0
2396,14.8,0.0,0.0,11.9,8.4
2397,15.4,0.0,0.0,12.3,8.7
2398,15.8,0.0,0.0,12.6,8.9
2399,16.7,0.0,0.0,13.4,9.5
2400,17.0,0.0,16.1,13.6,9.6
2401,17.6,20.0,16.6,13.8,9.8
2402,17.2,20.0,16.1,13.3,9.3
2403,16.6,20.0,15.5,12.6,8.8
2404,16.8,20.0,15.6,12.7,8.8
2405,16.5,20.0,15.3,12.4,8.6
2406,16.7,20.0,15.5,12.5,8.6
2407,16.5,0.0,15.3,12.3,8.4
2408,15.8,0.0,14.7,11.5,7.8
2409,14.2,0.0,13.3,0.0,0.1
2410,13.6,0.0,12.8,0.0,0.0
2411,12.1,0.0,11.4,0.0,0.0
2412,9.8,0.0,9.4,0.0,0.0
2413,9.0,0.0,0.6,0.0,0.0
2414,9.3,0.0,1.1,0.0,0.0
2415,10.6,0.0,1.5,0.0,0.0
2416,1.7,0.0,0.7,0.0,0.0
2417,1.2,0.0,0.2,-0.6,0.0
2418,0.6,0.0,0.0,2.2,4.1
2419,1.5,0.0,1.0,8.5,6.3
2420,0.0,0.0,-0.9,10.9,8.1
2421,0.0,0.0,0.0,11.8,8.6
2422,0.0,0.0,0.0,12.7,9.3
2423,0.0,0.0,0.0,13.3,9.7
2424,8.9,0.0,15.9,14.0,10.1
2425,17.5,20.0,16.7,14.5,10.4
2426,17.9,20.0,17.0,14.7,10.6
2427,18.5,20.0,17.5,15.1,10.8
2428,18.9,20.0,17.9,15.4,11.0
2429,19.1,20.0,18.0,15.4,11.0
2430,19.3,20.0,18.2,15.5,11.0
2431,17.9,0.0,16.8,13.8,9.7
2432,15.4,0.0,14.1,10.8,7.3
2433,13.2,0.0,11.8,0.0,0.0
2434,10.8,0.0,9.6,0.0,0.0
2435,8.8,0.0,8.0,0.0,0.0
2436,7.4,0.0,7.1,0.0,0.0
2437,6.4,0.0,0.0,0.0,0.0
2438,5.7,0.0,0.0,-2.8,0.0
2439,5.3,0.0,0.0,-4.4,0.0
2440,5.2,0.0,0.0,-5.8,-0.1
2441,5.3,0.0,0.0,-6.8,-0.9
2442,5.5,0.0,0.0,1.6,2.9
2443,7.0,0.0,0.0,6.3,4.8
2444,9.1,0.0,-10.2,8.4,6.4
2445,10.9,0.0,-7.5,10.1,7.7
2446,11.2,0.0,-5.9,10.2,7.6
2447,11.5,0.0,-4.4,10.2,7.6
2448,12.4,0.0,12.2,10.9,8.0
2449,12.9,20.0,12.5,11.0,8.1
2450,14.3,20.0,14.0,12.4,9.2
2451,15.0,20.0,14.5,12.9,9.5
2452,15.6,20.0,15.1,13.3,9.8
2453,14.9,20.0,14.3,12.4,9.0
2454,16.3,20.0,15.6,13.7,9.9
2455,14.8,0.0,14.1,11.9,8.5
2456,12.0,0.0,11.3,8.6,6.0
2457,9.0,0.0,8.2,0.0,0.0
2458,6.8,0.0,6.2,-1.0,0.0
2459,4.8,0.0,4.5,-3.8,0.0
2460,3.4,0.0,3.6,-6.0,-1.1
2461,2.6,0.0,0.0,-1.5,0.0
2462,1.6,0.0,0.0,-8.9,-3.5
2463,1.4,0.0,-1.5,-10.5,-4.5
2464,-5.4,0.0,-3.7,-12.0,-5.4
2465,-7.4,0.0,-5.9,-13.6,-6.2
2466,-8.5,0.0,-6.9,0.3,1.6
2467,-8.6,0.0,-7.0,3.3,2.9
2468,-24.4,0.0,-21.8,4.6,3.8
2469,-23.2,0.0,-20.8,5.0,4.1
2470,-21.9,0.0,-19.7,5.5,4.4
2471,-20.1,0.0,-18.1,6.2,4.9
2472,-2.4,0.0,6.9,6.3,5.0
2473,7.0,20.0,7.3,6.6,5.1
2474,7.4,20.0,7.6,6.8,5.3
2475,7.8,20.0,8.0,7.2,5.5
2476,8.4,20.0,8.5,7.7,5.9
2477,8.9,20.0,9.0,8.0,6.1
2478,9.4,20.0,9.4,8.3,6.3
2479,9.0,0.0,9.0,7.7,5.7
2480,7.6,0.0,7.6,6.0,4.4
2481,5.2,0.0,5.2,3.2,2.3
2482,3.0,0.0,2.9,0.7,0.5
2483,1.2,0.0,1.3,0.0,0.0
2484,0.1,0.0,0.8,0.0,0.0
2485,0.0,0.0,-7.4,-1.1,0.0
2486,-0.9,0.0,-9.3,-2.4,-0.9
2487,-2.7,0.0,-11.4,-4.0,-1.8
2488,-16.3,0.0,-13.6,-6.0,-2.7
2489,-17.7,0.0,-15.3,-5.1,-2.7
2490,-18.1,0.0,-15.8,-4.0,0.4
2491,-18.2,0.0,-15.7,1.1,1.4
2492,-36.0,0.0,-31.6,2.4,2.4
2493,-34.4,0.0,-30.2,3.2,3.0
2494,-32.7,0.0,-28.6,3.9,3.4
2495,-30.8,0.0,-27.1,4.3,3.7
2496,-10.9,0.0,4.5,4.5,3.8
2497,4.0,-4.8,4.6,4.5,3.7
2498,4.8,-4.7,5.3,5.2,4.2
2499,5.3,-4.6,5.8,5.6,4.6
2500,6.1,-4.3,6.5,6.3,5.0
2501,7.3,-4.0,7.6,7.3,5.7
2502,7.8,-3.7,8.1,7.6,5.9
2503,6.5,0.0,6.6,5.7,4.4
2504,4.7,0.0,4.5,3.3,2.4
2505,2.3,0.0,2.2,0.8,0.6
2506,0.3,0.0,0.4,-0.0,0.0
2507,-0.0,0.0,0.0,-2.2,-1.1
2508,-2.8,0.0,-1.9,-4.2,-2.6
2509,-3.9,0.0,-13.2,-4.9,-2.9
2510,-4.7,0.0,-13.5,-5.0,-2.9
2511,-5.3,0.0,-14.2,-5.9,-3.0
2512,-18.4,0.0,-14.8,-6.5,-2.9
2513,-18.8,0.0,-15.3,-6.6,-2.6
2514,-19.1,0.0,-15.6,-6.7,-2.2
2515,-18.6,0.0,-14.7,-1.8,-0.6
2516,-48.7,0.0,-42.2,-6.2,0.6
2517,-47.1,0.0,-40.8,0.7,1.3
2518,-45.7,0.0,-39.6,1.0,1.5
2519,-43.7,0.0,-37.9,1.6,1.9
2520,-20.7,0.0,1.8,2.7,2.7
2521,1.9,-6.5,2.9,3.5,3.3
2522,3.2,-6.2,4.1,4.6,4.0
2523,4.2,-5.8,5.0,5.4,4.5
2524,4.9,-5.5,5.6,5.8,4.8
2525,5.6,-5.1,6.1,6.2,5.0
2526,6.3,-4.8,6.7,6.7,5.3
2527,4.9,0.0,5.3,4.8,3.8
2528,2.9,0.0,3.0,2.2,1.7
2529,0.4,0.0,0.4,-13.3,-8.5
2530,-2.2,0.0,-1.9,-15.7,-10.2
2531,-3.2,0.0,-2.5,-17.0,-11.0
2532,-4.4,0.0,-3.2,-18.1,-11.6
2533,-5.4,0.0,-14.9,-12.3,-7.8
2534,-6.1,0.0,-15.1,-19.1,-12.1
2535,-6.7,0.0,-15.9,-20.1,-12.3
2536,-6.6,0.0,-16.3,-20.8,-12.3
2537,-6.2,0.0,-16.5,-21.0,-11.9
2538,-5.6,0.0,-16.1,-6.3,-2.0
2539,-4.0,0.0,-14.7,-1.3,-0.1
2540,-13.7,0.0,-43.6,0.2,1.0
2541,-12.1,0.0,-41.8,0.9,1.5
2542,-10.3,0.0,-39.7,1.7,2.1
2543,0.3,0.0,-37.7,2.4,2.5
2544,1.0,0.0,2.2,3.0,2.9
2545,2.3,-6.6,3.2,3.8,3.5
2546,3.3,-6.2,4.1,4.6,4.0
2547,4.3,-5.8,5.0,5.4,4.5
2548,4.7,-5.5,5.3,5.5,4.6
2549,5.1,-5.1,5.6,5.6,4.5
2550,5.5,-4.8,5.9,5.8,4.6
2551,5.0,0.0,5.3,4.9,3.9
2552,3.7,0.0,3.7,2.9,2.2
2553,1.7,0.0,1.7,-12.0,-7.6
2554,-0.9,0.0,-0.6,-14.5,-9.3
2555,-3.2,0.0,-2.7,-16.6,-10.9
2556,-5.9,0.0,-4.9,-18.7,-12.5
2557,-4.4,0.0,-13.8,-11.4,-7.1
2558,-5.0,0.0,-13.9,-18.1,-11.3
2559,-5.2,0.0,-14.4,-18.9,-11.4
2560,-5.2,0.0,-14.9,-19.5,-11.4
2561,-4.8,0.0,-15.0,-19.7,-11.0
2562,-13.9,0.0,-25.0,-11.2,-7.2
2563,-13.5,0.0,-24.8,-6.9,0.2
2564,-11.5,0.0,-41.0,0.9,1.4
2565,-9.6,0.0,-38.9,1.9,2.1
2566,0.2,0.0,-37.2,2.2,2.3
2567,1.2,0.0,-35.1,3.1,2.9
2568,2.2,0.0,3.2,3.9,3.5
2569,3.2,20.0,4.0,4.5,3.9
2570,3.7,20.0,4.3,4.7,3.9
2571,4.7,20.0,5.2,5.4,4.4
2572,5.6,20.0,6.1,6.1,4.9
2573,6.3,20.0,6.6,6.5,5.2
2574,7.0,20.0,7.3,7.0,5.5
2575,6.7,0.0,6.9,6.3,4.9
2576,5.2,0.0,5.1,4.2,3.1
2577,2.9,0.0,2.7,-10.3,-6.1
2578,1.3,0.0,1.6,-12.0,-7.3
2579,0.1,0.0,0.6,-13.8,-8.6
2580,-1.9,0.0,-1.0,-15.7,-9.9
2581,-3.6,0.0,-13.1,-10.2,-6.6
2582,-5.0,0.0,-14.0,-17.2,-11.2
2583,-5.8,0.0,-15.1,-18.2,-11.6
2584,-19.3,0.0,-16.3,-19.3,-12.0
2585,-20.2,0.0,-17.5,-20.2,-12.2
2586,-21.2,0.0,-18.5,-7.7,0.6
2587,-20.8,0.0,-18.0,2.7,2.7
2588,-38.1,0.0,-32.9,4.5,4.0
2589,-34.8,0.0,-30.1,5.5,4.7
2590,-31.7,0.0,-27.5,6.2,5.1
2591,-28.6,0.0,-25.0,6.8,5.5
2592,-7.4,0.0,7.3,7.5,5.9
2593,8.0,20.0,8.3,8.2,6.4
2594,8.9,20.0,9.1,8.8,6.8
2595,9.5,20.0,9.5,9.1,6.9
2596,10.0,20.0,10.0,9.4,7.1
2597,10.5,20.0,10.4,9.6,7.2
2598,10.4,20.0,10.3,9.3,6.9
2599,10.1,0.0,9.9,8.6,6.3
2600,9.4,0.0,9.0,7.4,5.3
2601,8.6,0.0,8.5,-1.9,0.0
2602,8.5,0.0,8.5,-1.8,0.0
2603,7.3,0.0,7.4,-3.3,0.0
2604,7.6,0.0,7.8,-2.9,0.0
2605,8.1,0.0,0.0,0.2,0.8
2606,7.5,0.0,0.0,-2.8,0.0
2607,5.4,0.0,0.0,-5.5,-1.3
2608,5.3,0.0,0.0,-6.2,-1.8
2609,5.9,0.0,0.0,-5.3,-1.5
2610,6.6,0.0,0.0,5.3,3.9
2611,6.8,0.0,0.0,5.7,4.1
2612,8.0,0.0,-11.5,6.9,5.1
2613,8.5,0.0,-10.4,7.3,5.3
2614,8.7,0.0,-9.5,7.4,5.4
2615,9.2,0.0,-8.4,7.8,5.7
2616,9.8,0.0,9.5,8.2,5.9
2617,10.7,20.0,10.3,8.9,6.4
2618,11.3,20.0,10.9,9.4,6.8
2619,11.8,20.0,11.4,9.9,7.2
2620,12.2,20.0,11.7,10.2,7.3
2621,12.3,20.0,11.7,10.1,7.3
2622,12.6,20.0,12.0,10.2,7.3
2623,12.1,0.0,11.5,9.5,6.8
2624,10.4,0.0,9.6,7.3,4.9
2625,8.9,0.0,8.3,0.0,0.0
2626,7.2,0.0,6.6,-2.0,0.0
2627,5.8,0.0,5.7,-3.9,0.0
2628,4.2,0.0,4.5,-6.0,-1.5
2629,3.0,0.0,0.0,-1.7,0.0
2630,2.1,0.0,-0.2,-9.0,-3.9
2631,1.4,0.0,-2.5,-11.0,-5.1
2632,-6.5,0.0,-4.8,-12.6,-6.1
2633,-7.4,0.0,-6.0,-11.1,-5.9
2634,-7.4,0.0,-6.1,2.4,2.1
2635,-6.7,0.0,-5.5,3.7,3.0
2636,-22.7,0.0,-20.6,4.3,3.4
2637,-21.7,0.0,-19.7,4.9,3.8
2638,-20.6,0.0,-18.8,5.2,4.1
2639,-19.5,0.0,-17.9,5.4,4.1
2640,-2.3,0.0,6.3,5.7,4.3
2641,7.2,20.0,7.4,6.6,5.0
2642,8.2,20.0,8.3,7.5,5.7
2643,9.4,20.0,9.5,8.7,6.6
2644,10.0,20.0,9.9,9.0,6.8
2645,10.2,20.0,10.1,9.0,6.7
2646,9.8,20.0,9.7,8.5,6.3
2647,8.2,0.0,7.9,6.4,4.6
2648,6.4,0.0,6.1,4.2,2.9
2649,4.5,0.0,4.4,2.4,1.5
2650,2.5,0.0,2.5,0.2,0.0
2651,0.5,0.0,0.8,0.0,0.0
2652,0.0,0.0,0.0,-0.8,0.0
2653,-2.2,0.0,-11.2,-3.9,-2.5
2654,-3.2,0.0,-11.8,-4.2,-2.6
2655,-3.4,0.0,-12.3,-4.6,-2.5
2656,-15.8,0.0,-13.1,-5.3,-2.5
2657,-15.7,0.0,-13.0,-4.4,-1.7
2658,-15.1,0.0,-12.4,-2.6,-0.6
2659,-19.3,0.0,-16.8,0.9,1.2
2660,-35.5,0.0,-30.8,4.3,3.8
2661,-32.9,0.0,-28.7,5.0,4.3
2662,-31.2,0.0,-27.4,4.7,4.0
2663,-28.2,0.0,-24.8,6.0,4.9
2664,-8.0,0.0,6.2,6.2,5.0
2665,6.3,20.0,6.7,6.5,5.1
2666,6.5,20.0,6.8,6.6,5.2
2667,6.7,20.0,7.0,6.7,5.2
2668,7.1,20.0,7.4,6.9,5.4
2669,7.5,20.0,7.7,7.1,5.5
2670,8.0,20.0,8.1,7.4,5.6
2671,8.1,0.0,8.2,7.3,5.5
2672,6.6,0.0,6.6,5.2,3.9
2673,5.8,0.0,6.0,4.4,3.3
2674,4.0,0.0,4.3,2.3,1.7
2675,2.0,0.0,2.3,0.0,0.1
2676,0.9,0.0,1.7,0.0,0.0
2677,0.1,0.0,-7.2,-0.5,0.0
2678,-0.0,0.0,-8.6,-1.2,-0.3
2679,-1.2,0.0,-10.0,-2.5,-0.8
2680,-14.1,0.0,-11.5,-3.7,-1.3
2681,-15.2,0.0,-12.9,-4.5,0.1
2682,-16.2,0.0,-13.8,-4.7,0.9
2683,-15.6,0.0,-13.3,3.3,3.0
2684,-31.6,0.0,-27.5,5.5,4.6
2685,-28.7,0.0,-25.1,6.2,5.1
2686,-26.3,0.0,-23.1,6.4,5.1
2687,-22.9,0.0,-20.1,7.8,6.2
2688,-2.7,0.0,8.7,8.5,6.7
2689,9.3,20.0,9.5,9.0,6.9
2690,9.8,20.0,9.9,9.2,7.0
2691,11.0,20.0,11.0,10.2,7.7
2692,10.8,20.0,10.7,9.8,7.3
2693,10.0,20.0,9.8,8.7,6.4
2694,9.8,20.0,9.6,8.3,6.1
2695,9.9,0.0,9.7,8.2,6.0
2696,9.5,0.0,9.3,7.6,5.5
2697,7.0,0.0,6.5,-3.2,0.0
2698,5.3,0.0,5.0,-5.3,-1.4
2699,3.6,0.0,3.7,-7.5,-3.0
2700,2.3,0.0,2.9,-9.3,-4.4
2701,1.1,0.0,-3.6,-4.7,-1.8
2702,0.4,0.0,-5.2,-11.9,-6.6
2703,0.6,0.0,-6.5,-12.8,-7.0
2704,0.9,0.0,-7.8,-13.6,-7.4
2705,1.1,0.0,-9.1,-14.2,-7.7
2706,1.7,0.0,-9.6,-1.1,1.6
2707,3.2,0.0,-9.0,3.7,3.2
2708,5.2,0.0,-23.0,5.8,4.7
2709,6.6,0.0,-20.5,7.0,5.5
2710,7.4,0.0,-18.3,7.6,6.0
2711,8.7,0.0,-15.6,8.7,6.7
2712,9.1,0.0,9.3,8.8,6.7
2713,9.5,20.0,9.5,8.7,6.5
2714,10.7,20.0,10.6,9.7,7.3
2715,11.2,20.0,11.1,10.1,7.5
2716,12.0,20.0,11.8,10.6,7.9
2717,12.3,20.0,12.0,10.7,7.9
2718,12.6,-1.5,12.2,10.8,7.9
2719,11.1,0.0,10.7,8.9,6.4
2720,7.8,0.0,7.0,4.9,3.2
2721,4.9,0.0,4.5,-4.8,-0.9
2722,2.6,0.0,2.4,-7.7,-3.1
2723,0.6,0.0,0.7,-10.5,-5.3
2724,0.0,0.0,0.0,-12.6,-6.9
2725,0.0,0.0,-10.5,-9.7,-6.2
2726,-2.1,0.0,-10.8,-15.8,-10.0
2727,-2.2,0.0,-11.4,-15.9,-9.9
2728,-2.6,0.0,-11.8,-17.3,-10.1
2729,-2.6,0.0,-12.4,-17.5,-10.0
2730,-1.9,0.0,-12.0,-2.1,-0.5
2731,-4.6,0.0,-15.1,0.8,1.1
2732,1.4,0.0,-30.3,2.6,2.5
2733,1.4,0.0,-29.7,2.4,2.2
2734,2.2,0.0,-28.3,3.2,2.8
2735,2.9,0.0,-26.9,3.8,3.2
2736,3.1,0.0,3.8,3.7,3.1
2737,4.3,-4.8,4.8,4.7,3.8
2738,4.7,-4.5,5.2,4.9,4.0
2739,6.3,-4.3,6.7,6.4,5.0
2740,7.2,-4.0,7.5,7.1,5.5
2741,7.5,-3.7,7.7,7.2,5.5
2742,8.0,-3.4,8.1,7.5,5.7
2743,6.7,0.0,6.8,5.9,4.4
2744,4.6,0.0,4.8,3.4,2.5
2745,2.8,0.0,3.0,-9.0,-4.7
2746,1.6,0.0,2.1,-10.4,-5.8
2747,0.2,0.0,0.9,-12.2,-7.2
2748,-1.9,0.0,0.0,-15.9,-10.2
2749,-2.4,0.0,-11.8,-9.7,-6.2
2750,-2.4,0.0,-12.1,-15.6,-10.0
2751,-1.7,0.0,-11.6,-14.5,-9.2
2752,-15.3,0.0,-13.5,-14.7,-9.7
2753,-14.7,0.0,-12.9,-13.6,-8.9
2754,-14.6,0.0,-12.8,1.4,1.4
2755,-14.5,0.0,-12.7,1.6,1.5
2756,-32.3,0.0,-28.7,2.2,2.0
2757,-31.4,0.0,-28.0,2.4,2.1
2758,-31.2,0.0,-27.9,2.0,1.8
2759,-30.6,0.0,-27.4,2.1,1.9
2760,-11.4,0.0,3.0,2.9,2.4
2761,3.7,20.0,4.2,4.0,3.3
2762,4.1,20.0,4.5,4.2,3.4
2763,4.6,20.0,5.0,4.6,3.7
2764,5.2,20.0,5.5,5.0,3.9
2765,6.1,20.0,6.3,5.8,4.5
2766,5.7,20.0,5.9,5.2,4.0
2767,5.6,0.0,5.7,4.9,3.7
2768,5.3,0.0,5.4,4.4,3.3
2769,4.9,0.0,5.1,-6.7,-3.0
2770,4.8,0.0,5.0,-6.7,-3.1
2771,4.1,0.0,4.4,-7.6,-3.7
2772,4.4,0.0,4.6,-7.3,-3.5
2773,4.2,0.0,-2.6,-1.3,0.0
2774,4.4,0.0,-2.5,-7.2,-3.4
2775,4.9,0.0,-2.0,-6.8,-3.1
2776,6.0,0.0,-0.9,-5.4,-2.1
2777,6.5,0.0,-0.1,-4.8,-1.5
2778,6.6,0.0,0.0,5.8,4.3
2779,6.8,0.0,0.0,5.8,4.3
2780,7.2,0.0,-13.1,6.2,4.5
2781,7.6,0.0,-12.3,6.5,4.8
2782,8.6,0.0,-10.8,7.4,5.5
2783,9.0,0.0,-9.7,7.7,5.6
2784,9.7,0.0,9.5,8.3,6.1
2785,9.3,20.0,8.9,7.5,5.4
2786,9.0,20.0,8.7,7.3,5.2
2787,9.1,20.0,8.7,7.3,5.2
2788,9.0,20.0,8.6,7.1,5.1
2789,8.9,20.0,8.5,7.0,4.9
2790,9.0,20.0,8.6,7.0,5.0
2791,8.9,0.0,8.5,6.7,4.7
2792,7.7,0.0,7.3,5.2,3.5
2793,7.3,0.0,7.2,-2.0,0.0
2794,6.1,0.0,6.1,-3.4,0.0
2795,5.9,0.0,5.9,-3.9,-0.3
2796,5.5,0.0,5.7,-4.6,-0.8
2797,4.0,0.0,0.0,-0.4,0.0
2798,3.0,0.0,0.0,-7.8,-3.3
2799,2.2,0.0,-1.4,-9.7,-4.4
2800,-4.6,0.0,-3.1,-11.3,-5.1
2801,-5.2,0.0,-3.9,-9.5,-4.7
2802,-5.5,0.0,-4.3,2.2,2.2
2803,-5.0,0.0,-3.9,4.1,3.2
2804,-20.3,0.0,-18.6,5.1,3.9
2805,-18.9,0.0,-17.4,5.8,4.4
2806,-17.3,0.0,-15.9,6.4,4.9
2807,-15.7,0.0,-14.6,6.9,5.2
2808,0.0,0.0,7.6,6.8,5.1
2809,8.2,20.0,8.2,7.2,5.4
2810,8.2,-2.6,8.1,7.1,5.3
2811,8.1,-2.5,8.0,7.0,5.2
2812,8.1,-2.4,7.9,6.8,5.0
2813,8.1,-2.2,7.9,6.7,4.9
2814,8.2,-2.1,8.0,6.6,4.8
2815,8.0,0.0,7.8,6.3,4.6
2816,7.7,0.0,7.5,5.9,4.2
2817,7.4,0.0,7.3,5.8,4.1
2818,5.7,0.0,5.8,3.7,2.5
2819,4.0,0.0,4.3,1.8,1.2
2820,3.3,0.0,3.7,1.3,0.9
2821,1.5,0.0,-2.3,0.0,0.0
2822,0.0,0.0,-9.7,-3.1,0.0
2823,0.0,0.0,-10.6,-3.3,-2.0
2824,-13.0,0.0,-11.3,-3.6,-2.0
2825,-11.6,0.0,-10.1,-0.3,0.1
2826,-10.6,0.0,-9.1,1.7,1.6
2827,-10.8,0.0,-9.3,1.9,1.6
2828,-28.2,0.0,-25.5,2.2,1.9
2829,-27.6,0.0,-24.8,3.0,2.5
2830,-27.5,0.0,-24.8,2.7,2.3
2831,-27.1,0.0,-24.5,2.7,2.2
2832,-8.7,0.0,3.7,3.4,2.7
2833,3.9,20.0,4.3,3.9,3.1
2834,4.1,20.0,4.4,4.0,3.2
2835,4.1,20.0,4.5,4.1,3.2
2836,4.8,20.0,5.1,4.6,3.6
2837,5.8,20.0,6.1,5.5,4.3
2838,6.1,20.0,6.3,5.7,4.4
2839,6.2,0.0,6.4,5.5,4.2
2840,6.3,0.0,6.5,5.5,4.2
2841,4.7,0.0,5.1,3.6,2.7
2842,3.4,0.0,3.8,2.0,1.5
2843,1.2,0.0,1.7,0.0,0.0
2844,0.0,0.0,0.8,-0.9,-0.0
2845,0.3,0.0,-8.4,-0.3,0.0
2846,-1.2,0.0,-9.7,-1.8,-0.8
2847,-2.3,0.0,-11.2,-3.0,-1.4
2848,-15.4,0.0,-12.8,-4.3,-2.0
2849,-16.5,0.0,-14.0,-5.2,-2.2
2850,-17.6,0.0,-15.1,-5.3,0.5
2851,-17.5,0.0,-15.0,2.2,2.2
2852,-34.7,0.0,-30.3,3.6,3.3
2853,-31.3,0.0,-27.2,5.8,4.8
2854,-28.4,0.0,-24.8,6.4,5.2
2855,-25.6,0.0,-22.5,6.9,5.5
2856,-5.8,0.0,7.1,7.0,5.5
2857,7.6,20.0,7.8,7.5,5.9
2858,7.6,20.0,7.8,7.3,5.6
2859,7.5,20.0,7.6,7.0,5.3
2860,7.8,20.0,7.8,7.1,5.3
2861,8.3,20.0,8.3,7.5,5.6
2862,8.3,20.0,8.3,7.3,5.4
2863,7.5,0.0,7.5,6.2,4.6
2864,6.7,0.0,6.6,5.2,3.7
2865,5.7,0.0,5.8,-4.9,-1.4
2866,5.0,0.0,5.2,-5.7,-2.0
2867,4.4,0.0,4.6,-6.5,-2.6
2868,4.8,0.0,5.0,-6.1,-2.4
2869,6.1,0.0,0.0,0.0,0.0
2870,4.7,0.0,-0.1,-6.4,-2.5
2871,5.4,0.0,0.0,-5.7,-2.0
2872,5.4,0.0,0.0,-5.6,-2.0
2873,4.8,0.0,-0.4,-6.4,-2.5
2874,5.1,0.0,-0.3,3.5,2.9
2875,6.2,0.0,0.0,5.2,3.9
2876,6.7,0.0,-14.1,5.8,4.3
2877,7.1,0.0,-13.2,6.1,4.5
2878,7.6,0.0,-12.3,6.5,4.8
2879,8.0,0.0,-11.3,6.9,5.1
2880,8.4,0.0,8.3,7.1,5.2
2881,8.7,20.0,8.5,7.2,5.3
2882,8.9,20.0,8.6,7.3,5.3
2883,8.8,20.0,8.5,7.1,5.1
2884,9.0,20.0,8.6,7.1,5.1
2885,9.1,20.0,8.7,7.2,5.1
2886,9.3,20.0,8.9,7.3,5.2
2887,9.3,0.0,8.9,7.2,5.1
2888,9.1,0.0,8.7,7.0,4.9
2889,8.7,0.0,8.4,-0.2,0.0
2890,8.9,0.0,8.6,0.0,0.0
2891,9.7,0.0,9.4,0.0,0.0
2892,9.4,0.0,9.2,0.0,0.0
2893,8.6,0.0,0.0,0.2,0.7
2894,8.1,0.0,0.0,-1.0,0.0
2895,6.6,0.0,0.0,-3.1,0.0
2896,6.7,0.0,0.0,-3.4,0.0
2897,6.3,0.0,0.0,-5.7,-0.2
2898,7.7,0.0,0.0,6.0,4.5
2899,8.5,0.0,0.0,7.1,5.2
2900,9.2,0.0,-8.1,7.7,5.6
2901,9.3,0.0,-7.4,7.7,5.6
2902,9.7,0.0,-6.5,8.0,5.8
2903,10.0,0.0,-5.6,8.3,6.0
2904,11.1,0.0,10.7,9.3,6.7
2905,10.6,20.0,10.1,8.5,6.1
2906,10.7,20.0,10.2,8.5,6.1
2907,11.5,20.0,11.0,9.2,6.6
2908,11.4,20.0,10.9,9.1,6.4
2909,12.3,20.0,11.7,9.9,7.0
2910,12.4,20.0,11.8,9.8,7.0
2911,11.0,0.0,10.4,8.1,5.6
2912,9.7,0.0,9.0,6.5,4.3
2913,8.8,0.0,8.4,0.0,0.0
2914,8.3,0.0,8.2,-0.1,0.0
2915,8.1,0.0,8.1,-0.7,0.0
2916,8.6,0.0,8.6,-0.1,0.0
2917,8.8,0.0,0.0,0.4,0.9
2918,6.1,0.0,0.0,-3.2,0.0
2919,6.4,0.0,0.0,-3.5,0.0
2920,0.0,0.0,0.0,-3.7,0.0
2921,0.0,0.0,0.0,-4.1,0.0
2922,0.0,0.0,0.0,0.7,3.0
2923,0.0,0.0,0.0,0.5,3.8
2924,-13.8,0.0,-12.8,7.8,5.9
2925,-11.8,0.0,-11.1,8.4,6.4
2926,-10.3,0.0,-9.9,8.3,6.2
2927,-9.0,0.0,-8.9,8.2,6.1
2928,0.5,0.0,9.9,8.8,6.5
2929,10.8,20.0,10.5,9.2,6.8
2930,11.1,20.0,10.8,9.3,6.8
2931,11.1,20.0,10.7,9.2,6.7
2932,10.9,20.0,10.5,8.9,6.5
2933,11.3,20.0,10.8,9.1,6.6
2934,11.7,20.0,11.2,9.4,6.8
2935,10.6,0.0,10.1,8.0,5.6
2936,10.5,0.0,10.1,7.8,5.5
2937,9.2,0.0,8.9,0.0,0.0
2938,7.9,0.0,7.9,-0.9,0.0
2939,6.0,0.0,6.0,-3.5,0.0
2940,5.2,0.0,5.8,-4.6,-0.5
2941,3.7,0.0,0.0,-0.6,0.0
2942,4.1,0.0,0.0,-6.4,-2.0
2943,4.1,0.0,0.0,-7.3,-2.5
2944,3.8,0.0,-0.3,-9.5,-3.2
2945,4.2,0.0,-1.7,-10.7,-3.7
2946,4.1,0.0,-3.2,0.0,2.7
2947,4.0,0.0,-4.2,0.1,3.4
2948,6.2,0.0,-19.7,6.6,5.3
2949,7.4,0.0,-17.5,7.6,6.0
2950,8.4,0.0,-15.3,8.3,6.5
2951,9.9,0.0,-12.5,9.6,7.4
2952,10.8,0.0,11.0,10.3,7.8
2953,11.9,20.0,11.9,10.9,8.3
2954,12.5,20.0,12.4,11.4,8.6
2955,12.9,20.0,12.8,11.6,8.7
2956,13.8,20.0,13.5,12.3,9.1
2957,14.1,20.0,13.8,12.4,9.1
2958,14.2,20.0,13.8,12.2,8.9
2959,12.4,0.0,11.8,9.8,7.0
2960,9.9,0.0,9.2,6.8,4.6
2961,7.8,0.0,7.2,-1.1,0.0
2962,6.4,0.0,6.1,-2.8,0.0
2963,4.5,0.0,4.6,-5.3,-1.0
2964,3.3,0.0,4.0,-7.0,-2.3
2965,2.8,0.0,0.0,-1.8,0.0
2966,2.8,0.0,-0.3,-8.3,-3.6
2967,1.6,0.0,-2.4,-10.8,-4.9
2968,-5.7,0.0,-4.1,-10.4,-5.2
2969,-6.9,0.0,-5.4,-12.2,-5.8
2970,-7.8,0.0,-6.1,0.8,1.8
2971,-7.9,0.0,-6.2,2.2,2.8
2972,-24.1,0.0,-21.5,4.7,3.8
2973,-21.2,0.0,-18.9,6.8,5.4
2974,-18.9,0.0,-16.9,7.4,5.8
2975,-16.4,0.0,-14.9,8.1,6.3
2976,0.0,0.0,9.7,9.1,7.0
2977,10.5,20.0,10.5,9.7,7.4
2978,11.2,20.0,11.1,10.2,7.7
2979,11.7,20.0,11.6,10.6,7.9
2980,12.2,20.0,12.1,10.9,8.2
2981,12.9,20.0,12.7,11.4,8.5
2982,12.9,20.0,12.6,11.1,8.2
2983,10.9,0.0,10.5,8.6,6.2
2984,8.0,0.0,7.5,5.3,3.5
2985,5.6,0.0,5.2,2.8,1.7
2986,4.0,0.0,3.9,1.3,0.7
2987,2.8,0.0,3.1,0.2,0.1
2988,1.8,0.0,2.6,0.0,0.0
2989,1.1,0.0,-2.8,0.0,0.0
2990,0.7,0.0,-4.3,0.0,0.0
2991,0.9,0.0,-5.7,0.0,0.1
2992,-8.9,0.0,-7.0,-0.2,0.3
2993,-10.0,0.0,-8.1,-1.2,0.6
2994,-10.8,0.0,-8.9,-0.7,1.4
2995,-10.9,0.0,-8.9,1.7,2.6
2996,-27.4,0.0,-24.2,4.6,3.8
2997,-25.1,0.0,-22.2,5.9,4.8
2998,-22.5,0.0,-20.0,6.8,5.4
2999,-20.4,0.0,-18.3,7.1,5.6
3000,-2.2,0.0,7.5,7.1,5.5
3001,7.7,20.0,7.9,7.2,5.6
3002,7.7,20.0,7.8,7.1,5.4
3003,7.7,20.0,7.8,7.1,5.4
3004,8.0,20.0,8.1,7.2,5.4
3005,8.8,20.0,8.8,7.9,5.9
3006,9.1,20.0,9.1,8.0,6.0
3007,8.7,0.0,8.7,7.3,5.4
3008,7.3,0.0,7.0,5.3,3.7
3009,6.1,0.0,6.0,4.1,2.8
3010,4.4,0.0,4.5,2.3,1.6
3011,2.9,0.0,3.3,0.8,0.6
3012,2.6,0.0,3.4,0.9,0.8
3013,1.1,0.0,-4.3,0.0,0.0
3014,0.6,0.0,-5.3,0.0,0.1
3015,0.5,0.0,-6.8,-0.6,0.1
3016,-10.9,0.0,-8.6,-1.9,0.1
3017,-11.8,0.0,-9.8,-1.3,0.8
3018,-11.7,0.0,-9.9,2.0,2.0
3019,-11.1,0.0,-9.3,2.8,2.7
3020,-27.9,0.0,-24.8,4.0,3.3
3021,-26.5,0.0,-23.7,4.5,3.7
3022,-25.5,0.0,-22.8,4.5,3.6
3023,-24.1,0.0,-21.7,4.8,3.8
3024,-5.6,0.0,5.7,5.3,4.2
3025,5.8,20.0,6.1,5.5,4.3
3026,6.3,20.0,6.5,5.9,4.5
3027,6.3,20.0,6.4,5.7,4.4
3028,6.5,20.0,6.6,5.8,4.4
3029,6.7,20.0,6.8,5.9,4.4
3030,6.6,20.0,6.6,5.7,4.2
3031,6.5,0.0,6.5,5.4,4.0
3032,5.9,0.0,6.0,4.6,3.4
3033,5.4,0.0,5.5,-5.4,-1.8
3034,4.9,0.0,5.1,-6.1,-2.3
3035,3.2,0.0,3.8,-8.1,-3.8
3036,2.7,0.0,3.3,-9.0,-4.6
3037,2.7,0.0,-3.6,-2.9,-0.8
3038,3.4,0.0,-3.5,-8.5,-4.3
3039,3.1,0.0,-4.0,-8.8,-4.6
3040,2.9,0.0,-4.6,-9.1,-4.8
3041,1.9,0.0,-5.7,-10.4,-5.8
3042,1.5,0.0,-6.5,0.0,0.7
3043,1.1,0.0,-7.4,-1.4,0.7
3044,3.1,0.0,-23.4,3.2,2.6
3045,4.1,0.0,-22.2,4.2,3.4
3046,4.2,0.0,-21.5,4.2,3.4
3047,4.8,0.0,-20.4,4.7,3.7
3048,5.6,0.0,5.9,5.5,4.2
3049,6.0,20.0,6.2,5.6,4.3
3050,6.4,20.0,6.5,5.8,4.4
3051,6.5,20.0,6.6,5.8,4.4
3052,6.8,20.0,6.8,5.9,4.5
3053,6.8,20.0,6.8,5.8,4.3
3054,6.9,20.0,6.8,5.8,4.3
3055,6.9,0.0,6.8,5.7,4.2
3056,7.4,0.0,7.3,6.0,4.4
3057,6.2,0.0,6.4,-4.4,-0.9
3058,6.1,0.0,6.3,-4.6,-1.1
3059,6.7,0.0,6.8,-3.9,-0.6
3060,6.9,0.0,7.1,-3.6,-0.4
3061,6.4,0.0,0.0,0.0,0.0
3062,4.3,0.0,0.0,-6.7,-2.5
3063,4.7,0.0,0.0,-6.8,-2.5
3064,4.8,0.0,-0.1,-7.3,-2.7
3065,4.4,0.0,-1.2,-8.6,-3.3
3066,4.6,0.0,-1.8,1.6,2.7
3067,5.2,0.0,-2.0,3.3,3.7
3068,6.4,0.0,-16.8,6.0,4.6
3069,7.3,0.0,-15.3,6.8,5.2
3070,7.5,0.0,-14.2,6.9,5.2
3071,7.6,0.0,-13.3,6.8,5.1
3072,8.6,0.0,8.6,7.7,5.8
3073,9.3,20.0,9.2,8.1,6.0
3074,9.5,20.0,9.3,8.2,6.0
3075,9.9,20.0,9.7,8.4,6.2
3076,9.9,20.0,9.6,8.3,6.0
3077,10.3,20.0,10.0,8.6,6.2
3078,10.8,20.0,10.4,8.9,6.4
3079,10.3,0.0,10.0,8.2,5.9
3080,9.9,0.0,9.6,7.6,5.4
3081,8.4,0.0,8.4,-0.6,0.0
3082,9.4,0.0,9.2,0.0,0.0
3083,8.5,0.0,8.5,-0.6,0.0
3084,9.5,0.0,9.4,0.0,0.0
3085,9.8,0.0,0.2,1.8,1.9
3086,9.4,0.0,0.0,0.0,0.0
3087,9.5,0.0,0.0,0.0,0.0
3088,1.3,0.0,0.4,0.0,0.0
3089,1.6,0.0,0.6,0.0,0.0
3090,1.6,0.0,0.5,7.9,5.6
3091,1.8,0.0,0.7,8.1,5.7
3092,-1.3,0.0,-3.0,7.6,5.3
3093,-1.8,0.0,-3.5,6.9,4.7
3094,-1.4,0.0,-3.1,7.4,5.1
3095,-0.1,0.0,-1.8,8.7,6.1
3096,3.3,0.0,11.1,9.3,6.6
3097,11.9,20.0,11.3,9.4,6.6
3098,12.1,20.0,11.4,9.4,6.6
3099,12.3,20.0,11.6,9.6,6.8
3100,12.5,20.0,11.8,9.7,6.9
3101,12.7,20.0,12.0,9.8,6.9
3102,12.9,20.0,12.1,9.9,7.0
3103,12.3,0.0,11.6,9.1,6.4
3104,10.6,0.0,9.8,7.0,4.6
3105,10.1,0.0,9.7,0.0,0.0
3106,7.8,0.0,7.5,-0.2,0.0
3107,7.5,0.0,7.5,-0.9,0.0
3108,6.6,0.0,6.9,-2.3,0.0
3109,5.5,0.0,0.0,0.0,0.0
3110,5.4,0.0,0.0,-4.2,-0.3
3111,5.2,0.0,0.0,-4.8,-0.7
3112,4.9,0.0,0.0,-5.8,-1.3
3113,6.0,0.0,0.0,-4.4,-0.7
3114,7.2,0.0,0.0,5.9,4.4
3115,7.0,0.0,0.0,5.4,4.2
3116,8.1,0.0,-10.3,6.9,5.1
3117,8.3,0.0,-9.6,7.1,5.2
3118,9.1,0.0,-8.4,7.8,5.7
3119,9.3,0.0,-7.5,7.9,5.8
3120,9.4,0.0,9.3,7.9,5.8
3121,9.9,20.0,9.6,8.1,5.9
3122,10.1,20.0,9.8,8.3,6.0
3123,10.1,20.0,9.8,8.3,6.0
3124,10.3,20.0,9.9,8.3,6.0
3125,10.6,20.0,10.2,8.5,6.2
3126,10.4,20.0,10.0,8.3,5.9
3127,9.9,0.0,9.6,7.6,5.4
3128,8.7,0.0,8.2,5.9,4.0
3129,8.3,0.0,8.2,-0.5,0.0
3130,7.1,0.0,7.2,-2.0,0.0
3131,5.9,0.0,6.2,-3.6,0.0
3132,4.3,0.0,5.0,-5.7,-1.4
3133,3.9,0.0,0.0,-0.5,0.0
3134,5.1,0.0,0.0,-5.4,-1.5
3135,3.5,0.0,0.0,-7.7,-3.0
3136,-2.2,0.0,-0.8,-8.6,-3.5
3137,-2.5,0.0,-1.3,-7.6,-3.1
3138,-2.5,0.0,-1.3,3.3,3.1
3139,-2.1,0.0,-1.1,4.4,3.8
3140,-17.0,0.0,-15.6,6.0,4.6
3141,-15.2,0.0,-14.1,7.0,5.4
3142,-13.7,0.0,-12.9,7.2,5.5
3143,-12.1,0.0,-11.5,7.7,5.8
3144,0.0,0.0,8.7,7.7,5.7
3145,9.4,20.0,9.3,8.2,6.1
3146,9.5,20.0,9.4,8.2,6.1
3147,9.8,20.0,9.7,8.4,6.2
3148,10.2,20.0,10.0,8.7,6.4
3149,10.3,20.0,10.0,8.6,6.3
3150,10.1,20.0,9.8,8.3,6.0
3151,9.7,0.0,9.4,7.6,5.5
3152,8.7,0.0,8.5,6.4,4.5
3153,6.8,0.0,6.8,4.4,3.0
3154,7.2,0.0,7.3,5.1,3.6
3155,7.7,0.0,7.6,5.8,4.1
3156,7.6,0.0,7.5,5.7,4.0
3157,7.2,0.0,0.0,5.4,3.8
3158,6.6,0.0,0.0,4.7,3.3
3159,6.8,0.0,0.0,5.0,3.6
3160,0.0,0.0,0.0,5.2,3.7
3161,0.0,0.0,0.0,5.2,3.7
3162,0.0,0.0,0.0,5.1,3.6
3163,0.0,0.0,0.0,4.7,3.5
3164,-10.2,0.0,-10.4,5.4,3.9
3165,-10.3,0.0,-10.5,5.5,4.0
3166,-10.3,0.0,-10.5,5.6,4.1
3167,-10.1,0.0,-10.4,5.7,4.1
3168,0.0,0.0,7.1,5.8,4.2
3169,7.6,-1.9,7.4,6.0,4.3
3170,7.7,-1.9,7.5,6.1,4.4
3171,7.6,-2.0,7.5,6.1,4.5
3172,7.9,-1.9,7.7,6.3,4.6
3173,8.2,-1.8,8.0,6.6,4.8
3174,8.2,-1.8,8.0,6.5,4.7
3175,7.8,0.0,7.6,5.9,4.2
3176,7.3,0.0,7.1,5.2,3.7
3177,6.0,0.0,6.1,3.9,2.7
3178,4.9,0.0,5.1,2.7,1.9
3179,3.7,0.0,4.2,1.6,1.1
3180,1.9,0.0,2.7,0.0,0.0
3181,0.1,0.0,-3.8,0.0,0.0
3182,0.0,0.0,-5.5,-0.1,0.0
3183,0.0,0.0,-8.0,-2.4,-0.5
3184,-12.8,0.0,-10.4,-4.2,-1.5
3185,-15.1,0.0,-12.8,-5.5,-2.4
3186,-17.1,0.0,-14.6,-5.7,-2.7
3187,-19.0,0.0,-16.3,-5.8,-3.0
3188,-38.3,0.0,-33.6,0.8,1.1
3189,-36.6,0.0,-32.1,2.4,2.4
3190,-35.1,0.0,-30.7,3.0,2.8
3191,-33.6,0.0,-29.6,3.2,2.9
3192,-13.6,0.0,3.2,3.4,3.0
3193,2.9,-5.2,3.6,3.7,3.2
3194,3.7,-5.0,4.3,4.2,3.6
3195,4.0,-4.7,4.6,4.4,3.6
3196,4.3,-4.5,4.8,4.5,3.6
3197,4.8,-4.3,5.2,4.8,3.8
3198,4.1,-4.0,4.4,3.8,3.0
3199,1.9,0.0,2.1,1.2,0.9
3200,0.8,0.0,0.9,0.0,0.0
3201,-0.8,0.0,-0.5,-14.6,-9.5
3202,-3.0,0.0,-2.3,-16.6,-10.9
3203,-4.9,0.0,-3.8,-18.4,-12.1
3204,-6.6,0.0,-4.9,-19.9,-13.1
3205,-7.8,0.0,-16.8,-14.2,-9.3
3206,-8.9,0.0,-17.5,-21.5,-14.0
3207,-9.5,0.0,-18.5,-22.8,-14.4
3208,-9.8,0.0,-19.4,-23.7,-14.6
3209,-9.9,0.0,-19.9,-24.0,-14.4
3210,-10.0,0.0,-20.1,-9.9,-4.7
3211,-9.6,0.0,-19.8,-8.7,-3.8
3212,-7.6,0.0,-37.7,-4.1,-2.0
3213,-6.1,0.0,-36.2,-2.5,-0.8
3214,-4.7,0.0,-34.7,-1.2,0.1
3215,-17.3,0.0,-47.9,-8.6,0.4
3216,-15.1,0.0,-14.2,0.6,1.4
3217,-13.2,-8.2,-12.5,1.1,1.7
3218,-11.6,-7.8,0.3,1.4,1.9
3219,0.5,-7.5,1.7,2.8,2.8
3220,0.8,-7.1,1.8,2.7,2.7
3221,2.1,-6.7,3.1,3.8,3.5
3222,1.4,-6.4,2.3,2.7,2.6
3223,0.0,0.0,0.8,0.8,1.0
3224,-2.7,0.0,-2.0,-2.4,-1.6
3225,-4.6,0.0,-3.8,-17.6,-11.6
3226,-6.4,0.0,-5.2,-19.3,-12.8
3227,-7.9,0.0,-6.4,-20.7,-13.7
3228,-9.4,0.0,-7.3,-22.1,-14.6
3229,-9.5,0.0,-19.0,-15.1,-9.8
3230,-9.5,0.0,-18.7,-21.5,-13.9
3231,-9.1,0.0,-18.6,-21.7,-13.6
3232,-8.1,0.0,-18.0,-21.1,-12.8
3233,-19.9,0.0,-31.0,-27.6,-19.6
3234,-20.0,0.0,-31.2,-13.4,-10.0
3235,-19.5,0.0,-30.8,-12.2,-9.2
3236,-17.6,0.0,-48.4,-8.4,1.0
3237,-15.3,0.0,-46.0,1.1,1.7
3238,-13.3,0.0,-43.6,1.7,2.2
3239,-11.3,0.0,-41.3,2.3,2.5
3240,0.5,0.0,1.7,2.8,2.8
3241,1.4,20.0,2.4,3.3,3.1
3242,2.0,20.0,2.9,3.7,3.3
3243,2.6,20.0,3.4,3.9,3.5
3244,3.3,20.0,4.0,4.4,3.8
3245,3.6,20.0,4.2,4.4,3.7
3246,3.4,20.0,3.9,3.9,3.2
3247,2.4,0.0,2.8,2.5,2.0
3248,1.5,0.0,1.8,1.2,0.9
3249,-2.6,0.0,0.2,-15.0,-10.3
3250,-4.1,0.0,-3.6,-16.4,-11.2
3251,-5.5,0.0,-4.6,-17.5,-12.0
3252,-7.3,0.0,-5.9,-18.9,-13.1
3253,-8.8,0.0,-18.2,-13.1,-9.4
3254,-9.5,0.0,-18.5,-19.8,-13.7
3255,-10.2,0.0,-19.6,-21.1,-14.2
3256,-23.8,0.0,-20.1,-21.7,-14.1
3257,-24.7,0.0,-21.3,-22.6,-14.5
3258,-25.5,0.0,-21.9,-9.1,0.2
3259,-25.6,0.0,-21.9,-8.0,1.3
3260,-45.1,0.0,-38.7,3.2,3.1
3261,-41.5,0.0,-35.7,4.5,4.1
3262,-38.2,0.0,-32.9,5.2,4.5
3263,-34.9,0.0,-30.2,5.8,4.9
3264,-12.9,0.0,5.4,5.9,4.9
3265,5.2,20.0,5.7,5.9,4.8
3266,5.6,20.0,6.0,6.0,4.8
3267,6.0,20.0,6.4,6.2,4.9
3268,6.6,20.0,6.8,6.5,5.1
3269,7.0,20.0,7.2,6.8,5.2
3270,7.3,20.0,7.4,6.8,5.1
3271,6.5,0.0,6.5,5.5,4.0
3272,5.2,0.0,4.9,3.7,2.5
3273,3.7,0.0,3.6,-8.9,-5.1
3274,2.4,0.0,2.7,-10.4,-6.1
3275,1.2,0.0,1.8,-12.0,-7.2
3276,0.4,0.0,1.7,-13.1,-8.0
3277,-0.7,0.0,-9.6,-7.9,-4.9
3278,-2.2,0.0,-10.7,-15.0,-9.5
3279,-3.3,0.0,-12.3,-16.7,-10.4
3280,-4.1,0.0,-13.5,-17.8,-10.8
3281,-5.1,0.0,-15.0,-18.9,-11.3
3282,-5.9,0.0,-15.9,-5.9,0.4
3283,-6.0,0.0,-16.2,-4.3,1.5
3284,1.7,0.0,-32.5,3.2,3.0
3285,2.9,0.0,-30.5,4.2,3.7
3286,3.7,0.0,-28.4,4.9,4.1
3287,4.5,0.0,-26.3,5.4,4.5
3288,5.2,0.0,5.8,5.9,4.7
3289,6.2,-4.7,6.6,6.5,5.1
3290,6.9,-4.5,7.2,7.0,5.5
3291,7.1,-4.2,7.3,7.0,5.5
3292,7.5,-3.9,7.6,7.2,5.5
3293,8.1,-3.6,8.2,7.6,5.8
3294,7.7,-3.3,7.8,6.9,5.2
3295,6.7,0.0,6.6,5.4,3.9
3296,4.6,0.0,4.3,2.9,1.8
3297,2.3,0.0,2.2,-10.0,-5.7
3298,0.4,0.0,0.7,-12.2,-7.3
3299,0.0,0.0,0.0,-14.2,-8.8
3300,-1.9,0.0,-0.6,-16.0,-10.3
3301,-3.5,0.0,-12.4,-10.6,-6.9
3302,-4.2,0.0,-12.6,-17.4,-11.1
3303,-4.7,0.0,-13.5,-18.6,-11.5
3304,-17.8,0.0,-14.3,-19.6,-11.6
3305,-18.3,0.0,-14.9,-20.1,-11.6
3306,-18.7,0.0,-14.9,-6.5,-2.3
3307,-18.8,0.0,-14.7,-4.8,-1.3
3308,-48.7,0.0,-42.2,-6.6,0.2
3309,-47.1,0.0,-40.8,0.5,1.1
3310,-45.3,0.0,-39.3,1.3,1.7
3311,-43.1,0.0,-37.4,2.0,2.2
3312,-20.6,0.0,1.7,2.5,2.5
3313,1.7,-6.5,2.6,3.2,3.0
3314,2.6,-6.3,3.4,3.9,3.5
3315,3.1,-6.0,3.9,4.3,3.8
3316,3.9,-5.7,4.6,4.9,4.1
3317,4.2,-5.4,4.8,4.9,4.0
3318,3.9,-5.1,4.4,4.3,3.5
3319,2.5,0.0,2.8,2.3,1.8
3320,0.8,0.0,1.0,0.2,0.1
3321,-2.6,0.0,-2.3,-2.5,-2.2
3322,-4.4,0.0,-3.8,-4.0,-3.2
3323,-6.6,0.0,-5.6,-5.8,-4.6
3324,-5.0,0.0,-3.3,-5.1,-3.4
3325,-5.9,0.0,-15.0,-5.7,-3.6
3326,-6.6,0.0,-15.3,-6.0,-3.7
3327,-7.1,0.0,-16.2,-7.1,-4.0
3328,-21.0,0.0,-16.6,-7.6,-3.8
3329,-21.4,0.0,-17.1,-7.9,-3.6
3330,-21.6,0.0,-17.0,-7.3,-2.9
3331,-21.6,0.0,-16.8,-5.8,-2.0
3332,-42.8,0.0,-34.4,-1.6,-0.3
3333,-53.8,0.0,-46.3,-7.7,0.8
3334,-51.8,0.0,-44.7,0.4,1.2
3335,-49.4,0.0,-42.6,1.2,1.7
3336,-25.0,0.0,0.9,2.1,2.3
3337,0.7,-7.3,1.7,2.7,2.7
3338,1.4,-7.1,2.4,3.3,3.1
3339,2.3,-6.9,3.2,4.1,3.7
3340,3.1,-6.5,4.0,4.6,4.0
3341,3.8,-6.1,4.5,5.0,4.2
3342,2.9,-5.7,3.5,3.7,3.1
3343,1.2,0.0,1.7,1.5,1.3
3344,-3.8,0.0,-3.6,-2.6,-2.5
3345,-5.7,0.0,-5.3,-4.4,-3.9
3346,-3.8,0.0,-2.9,-4.0,-2.8
3347,-4.9,0.0,-3.6,-4.9,-3.3
3348,-5.7,0.0,-3.9,-5.5,-3.6
3349,-6.4,0.0,-15.7,-5.9,-3.8
3350,-7.2,0.0,-16.2,-6.3,-3.9
3351,-7.7,0.0,-17.0,-7.5,-4.2
3352,-22.4,0.0,-17.8,-8.3,-4.3
3353,-22.6,0.0,-18.0,-8.4,-3.9
3354,-22.8,0.0,-18.0,-7.7,-3.3
3355,-22.6,0.0,-17.6,-5.8,-2.2
3356,-44.3,0.0,-35.4,-2.2,-0.7
3357,-56.3,0.0,-48.5,-8.8,0.4
3358,-54.5,0.0,-47.0,-7.9,0.7
3359,-52.0,0.0,-44.8,0.6,1.3
3360,-27.4,0.0,0.0,1.3,1.8
3361,-10.5,-7.7,0.9,2.0,2.3
3362,0.6,-7.3,1.7,2.6,2.6
3363,1.4,-7.0,2.4,3.2,3.0
3364,1.8,-6.6,2.7,3.3,3.0
3365,2.6,-6.3,3.4,3.8,3.3
3366,2.2,-5.9,2.9,3.1,2.7
3367,0.1,0.0,0.7,0.5,0.5
3368,-4.5,0.0,0.3,-2.6,0.2
3369,-6.8,0.0,-6.4,-18.4,-13.0
3370,-4.2,0.0,-3.2,-17.3,-11.4
3371,-5.3,0.0,-4.0,-18.4,-12.1
3372,-6.3,0.0,-4.5,-19.3,-12.6
3373,-7.2,0.0,-16.5,-13.1,-8.5
3374,-7.9,0.0,-16.8,-20.3,-13.1
3375,-8.1,0.0,-17.4,-21.2,-13.3
3376,-8.1,0.0,-17.9,-21.8,-13.3
3377,-8.0,0.0,-18.2,-21.9,-13.0
3378,-7.9,0.0,-18.2,-7.6,-3.3
3379,-7.2,0.0,-17.6,-5.8,-2.3
3380,-18.7,0.0,-49.6,-9.8,-8.8
3381,-15.7,0.0,-46.4,0.8,1.5
3382,-13.1,0.0,-43.5,2.1,2.4
3383,-11.5,0.0,-41.5,2.2,2.4
3384,0.9,0.0,2.1,3.3,3.1
3385,2.2,-7.2,3.2,4.1,3.7
3386,2.7,-6.8,3.6,4.3,3.8
3387,3.7,-6.4,4.4,5.0,4.2
3388,4.3,-6.0,4.9,5.3,4.4
3389,4.4,-5.6,4.9,5.1,4.2
3390,4.1,-5.3,4.6,4.5,3.6
3391,1.3,0.0,1.7,1.2,1.0
3392,-2.5,0.0,-2.3,-2.1,-2.0
3393,-3.1,0.0,-2.6,-16.5,-11.0
3394,-4.6,0.0,-3.7,-18.0,-12.0
3395,-6.5,0.0,-5.2,-19.8,-13.2
3396,-7.8,0.0,-6.0,-20.9,-14.0
3397,-8.7,0.0,-18.0,-14.8,-9.9
3398,-9.1,0.0,-18.1,-21.6,-14.1
3399,-9.1,0.0,-18.4,-22.2,-14.0
3400,-8.9,0.0,-18.7,-22.6,-13.8
3401,-8.7,0.0,-19.0,-22.5,-13.5
3402,-8.8,0.0,-19.1,-8.4,-3.9
3403,-8.3,0.0,-18.7,-7.0,-3.0
3404,-6.3,0.0,-36.5,-3.0,-1.3
3405,-5.0,0.0,-35.2,-1.7,-0.3
3406,-17.6,0.0,-48.4,-8.9,0.3
3407,-15.7,0.0,-46.3,0.1,0.9
3408,-12.8,0.0,0.5,1.9,2.2
3409,0.3,-7.9,1.5,2.7,2.8
3410,1.8,-7.5,2.8,3.9,3.6
3411,1.7,-7.0,2.6,3.5,3.2
3412,1.6,-6.7,2.4,3.0,2.8
3413,2.1,-6.3,2.9,3.3,3.0
3414,1.5,-6.0,2.2,2.4,2.2
3415,0.7,0.0,1.3,1.2,1.2
3416,-6.1,0.0,-5.7,-4.4,-3.8
3417,-4.0,0.0,-3.2,-17.1,-11.4
3418,-6.0,0.0,-4.9,-19.1,-12.8
3419,-7.6,0.0,-6.1,-20.6,-13.8
3420,-8.9,0.0,-7.0,-21.8,-14.5
3421,-8.8,0.0,-18.6,-14.5,-9.6
3422,-9.2,0.0,-18.8,-21.5,-14.1
3423,-9.5,0.0,-19.4,-22.0,-14.3
3424,-24.2,0.0,-19.6,-21.6,-13.9
3425,-23.8,0.0,-19.2,-20.2,-13.0
3426,-23.9,0.0,-19.2,-6.1,-3.4
3427,-22.9,0.0,-18.2,-4.2,-2.2
3428,-45.3,0.0,-36.4,-2.8,-1.2
3429,-57.4,0.0,-49.6,-9.6,-8.7
3430,-55.8,0.0,-48.3,-9.0,-8.2
3431,-54.4,0.0,-47.1,-8.5,-7.7
3432,-30.3,0.0,-14.7,-7.8,0.2
3433,-13.9,-8.1,-13.3,-6.8,0.7
3434,-12.0,-7.8,-11.5,0.7,1.2
3435,-10.0,-7.5,0.6,1.6,1.8
3436,0.3,-7.1,1.2,2.0,2.1
3437,1.2,-6.8,2.1,2.7,2.6
3438,0.5,-6.5,1.2,1.6,1.6
3439,-6.8,0.0,-6.5,-3.7,0.1
3440,-8.2,0.0,-7.9,-5.6,-5.0
3441,-4.1,0.0,-3.3,-17.0,-11.3
3442,-6.0,0.0,-4.9,-18.9,-12.6
3443,-7.2,0.0,-5.7,-20.1,-13.4
3444,-8.5,0.0,-6.6,-21.3,-14.1
3445,-9.5,0.0,-19.0,-15.1,-10.0
3446,-10.1,0.0,-19.3,-22.3,-14.6
3447,-10.4,0.0,-19.9,-23.3,-14.8
3448,-9.5,0.0,-19.8,-21.8,-13.9
3449,-8.9,0.0,-19.6,-20.7,-13.3
3450,-8.2,0.0,-19.1,-5.6,-3.2
3451,-7.3,0.0,-18.2,-4.4,-2.3
3452,-5.5,0.0,-35.7,-2.3,-0.8
3453,-17.6,0.0,-48.6,-8.8,0.4
3454,-15.7,0.0,-46.4,0.2,1.0
3455,-15.6,0.0,-46.0,-8.0,0.0
3456,-13.8,0.0,-13.2,0.1,0.8
3457,-12.5,-7.8,-12.0,0.3,0.9
3458,-11.5,-7.6,-11.0,0.6,1.1
3459,-10.4,-7.4,0.1,1.0,1.3
3460,0.1,-7.1,1.0,1.8,1.9
3461,0.5,-6.8,1.3,2.0,2.0
3462,0.4,-6.5,1.2,1.5,1.6
3463,-6.9,0.0,-6.5,-3.7,0.2
3464,-8.3,0.0,-8.0,-5.6,-5.0
3465,-4.4,0.0,-3.6,-17.4,-11.6
3466,-5.9,0.0,-4.8,-18.8,-12.5
3467,-7.3,0.0,-5.8,-20.3,-13.5
3468,-8.4,0.0,-6.6,-21.2,-14.1
3469,-9.4,0.0,-19.0,-15.2,-10.1
3470,-9.5,0.0,-19.1,-21.8,-14.3
3471,-10.4,0.0,-20.0,-23.4,-14.9
3472,-24.7,0.0,-19.9,-21.8,-14.1
3473,-25.3,0.0,-20.4,-23.0,-14.3
3474,-23.9,0.0,-19.2,-5.5,-3.2
3475,-22.2,0.0,-17.5,-3.3,-1.5
3476,-45.2,0.0,-36.2,-2.8,-1.2
3477,-44.3,0.0,-35.6,-2.1,-0.7
3478,-56.9,0.0,-49.2,-9.4,-8.6
3479,-54.5,0.0,-47.1,-8.1,0.5
3480,-29.0,0.0,-13.3,1.0,1.5
3481,-11.6,-8.0,0.7,2.0,2.2
3482,-10.4,-7.7,1.0,2.1,2.2
3483,0.4,-7.5,1.4,2.3,2.4
3484,0.8,-7.1,1.7,2.5,2.4
3485,1.6,-6.8,2.4,3.1,2.8
3486,1.6,-6.4,2.3,2.6,2.4
3487,1.0,0.0,1.5,1.5,1.3
3488,-5.4,0.0,0.1,-3.2,-3.2
3489,-7.6,0.0,-7.3,-5.4,-4.9
3490,-4.4,0.0,-3.4,-4.3,-3.0
3491,-5.9,0.0,-4.5,-5.7,-4.0
3492,-7.0,0.0,-5.2,-6.6,-4.5
3493,-7.8,0.0,-17.2,-7.0,-4.6
3494,-8.2,0.0,-17.2,-7.0,-4.5
3495,-8.1,0.0,-17.5,-7.6,-4.3
3496,-23.1,0.0,-18.2,-8.5,-4.4
3497,-22.9,0.0,-18.1,-8.3,-3.8
3498,-23.2,0.0,-18.1,-7.8,-3.2
3499,-22.9,0.0,-17.6,-5.9,-2.1
3500,-44.9,0.0,-35.7,-2.0,-0.6
3501,-57.9,0.0,-49.9,-9.5,0.2
3502,-55.7,0.0,-48.1,-8.3,0.7
3503,-53.5,0.0,-46.2,0.2,0.9
3504,-28.8,0.0,-13.2,0.7,1.3
3505,-12.1,-8.0,-11.6,1.1,1.5
3506,-11.0,-7.7,0.3,1.3,1.6
3507,-10.2,-7.5,0.6,1.6,1.8
3508,0.4,-7.2,1.4,2.2,2.2
3509,1.0,-6.9,1.9,2.6,2.4
3510,1.2,-6.5,2.0,2.4,2.2
3511,0.4,0.0,1.1,1.2,1.2
3512,-5.9,0.0,0.2,-3.3,0.1
3513,-6.8,0.0,-6.3,-4.3,-3.9
3514,-8.3,0.0,-7.6,-5.9,-5.1
3515,-10.4,0.0,-9.4,-7.9,-6.5
3516,-5.5,0.0,-3.8,-5.1,-3.4
3517,-5.2,0.0,-15.1,-4.5,-2.8
3518,-7.2,0.0,-16.5,-6.4,-4.1
3519,-7.2,0.0,-17.0,-6.6,-4.0
3520,-21.8,0.0,-17.4,-7.2,-4.0
3521,-21.6,0.0,-17.3,-6.8,-3.4
3522,-21.9,0.0,-17.3,-6.9,-3.0
3523,-21.7,0.0,-16.9,-5.5,-2.1
3524,-43.3,0.0,-34.8,-2.0,-0.7
3525,-55.0,0.0,-47.6,-8.7,0.0
3526,-53.3,0.0,-46.1,-7.7,0.5
3527,-51.1,0.0,-44.2,0.3,1.0
3528,-27.1,0.0,-11.9,0.7,1.2
3529,-11.1,-7.6,-10.6,1.0,1.4
3530,-9.1,-7.3,0.9,1.8,1.9
3531,0.7,-7.0,1.5,2.3,2.2
3532,1.2,-6.6,2.0,2.6,2.4
3533,1.7,-6.3,2.4,2.8,2.5
3534,1.2,-6.0,1.8,2.0,1.8
3535,0.6,0.0,1.3,1.1,1.1
3536,-5.8,0.0,-5.5,-4.0,-3.7
3537,-7.3,0.0,-6.9,-18.6,-13.3
3538,-5.1,0.0,-4.2,-18.3,-12.2
3539,-6.4,0.0,-5.0,-19.4,-12.9
3540,-7.9,0.0,-6.0,-20.8,-13.8
3541,-8.3,0.0,-17.8,-14.2,-9.4
3542,-9.4,0.0,-18.5,-21.8,-14.3
3543,-9.7,0.0,-19.0,-22.8,-14.4
3544,-9.6,0.0,-19.4,-23.4,-14.3
3545,-9.5,0.0,-19.8,-23.4,-14.1
3546,-9.5,0.0,-19.8,-8.9,-4.2
3547,-8.8,0.0,-19.3,-7.3,-3.2
3548,-7.0,0.0,-37.5,-3.5,-1.7
3549,-5.5,0.0,-36.1,-2.1,-0.6
3550,-4.8,0.0,-35.1,-1.5,-0.2
3551,-17.7,0.0,-48.6,-8.9,0.3
3552,-15.9,0.0,-15.2,-7.7,0.8
3553,-14.2,-8.3,-13.6,0.4,1.1
3554,-12.2,-8.0,0.0,1.2,1.6
3555,-10.2,-7.6,0.8,1.9,2.0
3556,0.5,-7.3,1.5,2.3,2.3
3557,1.3,-6.9,2.1,2.8,2.6
3558,1.1,-6.6,1.9,2.3,2.1
3559,-6.2,0.0,0.5,0.6,0.6
3560,-7.8,0.0,-7.7,-5.3,-4.9
3561,-9.5,0.0,-9.2,-20.1,-14.7
3562,-4.9,0.0,-3.9,-17.8,-11.8
3563,-6.4,0.0,-4.9,-19.3,-12.8
3564,-7.4,0.0,-5.4,-20.1,-13.2
3565,-8.0,0.0,-17.4,-13.7,-9.0
3566,-8.5,0.0,-17.7,-20.7,-13.5
3567,-8.3,0.0,-18.1,-21.0,-13.4
3568,-8.2,0.0,-18.3,-21.2,-13.2
3569,-7.6,0.0,-18.0,-20.4,-12.5
3570,-6.2,0.0,-16.8,-4.2,-1.9
3571,-18.0,0.0,-29.7,-10.1,-8.8
3572,-16.2,0.0,-46.8,-8.2,0.3
3573,-14.8,0.0,-45.2,-7.2,0.7
3574,-12.6,0.0,-42.8,1.2,1.6
3575,-11.1,0.0,-40.9,1.5,1.8
3576,-9.9,0.0,0.5,1.5,1.7
3577,0.2,-7.1,1.1,1.9,2.0
3578,0.8,-6.8,1.7,2.3,2.2
3579,1.2,-6.5,1.9,2.4,2.2
3580,1.7,-6.2,2.3,2.7,2.4
3581,2.6,-5.9,3.1,3.4,2.9
3582,2.2,-5.6,2.7,2.7,2.3
3583,0.6,0.0,0.9,0.6,0.4
3584,-3.9,0.0,-3.8,-2.8,-2.7
3585,-5.4,0.0,-5.0,-17.2,-12.1
3586,-7.7,0.0,-7.1,-19.3,-13.7
3587,-5.1,0.0,-3.8,-18.3,-12.1
3588,-6.3,0.0,-4.6,-19.4,-12.8
3589,-7.4,0.0,-16.7,-13.5,-8.9
3590,-4.9,0.0,-15.2,-17.3,-11.1
3591,-5.4,0.0,-15.6,-17.8,-11.5
3592,-19.1,0.0,-15.4,-17.5,-11.1
3593,-27.0,0.0,-24.1,-20.5,-15.1
3594,-26.2,0.0,-23.3,-6.3,0.1
3595,-26.0,0.0,-23.1,-6.5,-5.7
3596,-45.9,0.0,-39.9,0.3,0.8
3597,-43.8,0.0,-38.2,1.5,1.6
3598,-41.9,0.0,-36.6,1.9,1.9
3599,-40.1,0.0,-35.1,2.2,2.1
3600,-18.7,0.0,1.7,2.2,2.1
3601,1.2,-6.1,1.8,2.2,2.0
3602,1.6,-5.9,2.2,2.5,2.2
3603,2.6,-5.6,3.1,3.2,2.7
3604,3.0,-5.4,3.5,3.5,2.9
3605,3.2,-5.1,3.6,3.5,2.8
3606,3.1,-4.9,3.4,3.1,2.5
3607,1.6,0.0,1.9,1.2,0.9
3608,0.2,0.0,0.4,-1.3,-1.4
3609,-3.0,0.0,-2.6,-15.8,-10.8
3610,-3.1,0.0,-2.3,-16.6,-11.0
3611,-5.1,0.0,-3.9,-18.5,-12.3
3612,-6.1,0.0,-4.5,-19.4,-12.8
3613,-7.1,0.0,-16.3,-13.4,-8.9
3614,-6.0,0.0,-15.6,-18.7,-12.2
3615,-3.6,0.0,-14.1,-15.7,-10.0
3616,-3.2,0.0,-13.9,-15.2,-9.6
3617,-3.9,0.0,-14.4,-16.1,-10.2
3618,-3.5,0.0,-14.1,-2.1,-1.0
3619,-10.9,0.0,-22.1,-6.2,-5.4
3620,-9.7,0.0,-38.6,-4.7,0.5
3621,-7.9,0.0,-36.8,1.3,1.5
3622,1.0,0.0,-34.7,2.5,2.4
3623,1.9,0.0,-32.7,3.2,2.9
3624,3.0,0.0,3.8,4.2,3.6
3625,4.0,20.0,4.5,4.8,3.9
3626,4.7,20.0,5.1,5.3,4.3
3627,5.8,20.0,6.2,6.3,5.0
3628,6.7,20.0,7.0,7.0,5.5
3629,7.3,20.0,7.5,7.3,5.6
3630,5.8,20.0,5.8,5.3,3.8
3631,4.2,0.0,4.0,3.2,2.1
3632,3.1,0.0,2.8,1.8,0.9
3633,2.1,0.0,2.2,-11.3,-7.2
3634,0.8,0.0,1.3,-12.8,-8.2
3635,-0.3,0.0,0.8,-13.9,-9.0
3636,-1.8,0.0,0.6,-14.9,-9.7
3637,-3.3,0.0,-12.4,-9.5,-6.4
3638,-4.1,0.0,-13.3,-16.3,-10.8
3639,-5.1,0.0,-14.8,-17.2,-11.5
3640,-19.0,0.0,-16.3,-18.8,-12.4
3641,-19.4,0.0,-16.9,-17.9,-12.1
3642,-20.0,0.0,-17.3,-5.4,-3.6
3643,-19.7,0.0,-17.3,0.2,0.7
3644,-38.4,0.0,-33.8,1.5,1.6
3645,-37.1,0.0,-32.6,2.2,2.1
3646,-35.9,0.0,-31.6,2.4,2.2
3647,-34.6,0.0,-30.6,2.5,2.2
3648,-14.4,0.0,2.6,2.8,2.4
3649,2.8,-5.3,3.3,3.4,2.8
3650,3.6,-5.2,4.0,4.0,3.3
3651,3.7,-5.0,4.1,4.0,3.3
3652,3.7,-4.8,4.0,3.8,3.1
3653,3.8,-4.6,4.1,3.8,3.0
3654,4.0,-4.4,4.2,3.8,3.0
3655,4.1,0.0,4.3,3.8,2.9
3656,3.9,0.0,4.1,3.4,2.6
3657,3.5,0.0,3.8,3.0,2.3
3658,3.4,0.0,3.7,2.8,2.1
3659,3.5,0.0,3.9,2.9,2.2
3660,3.1,0.0,3.5,2.4,1.8
3661,2.2,0.0,-6.4,1.4,1.1
3662,2.0,0.0,-6.9,1.2,1.0
3663,1.9,0.0,-7.2,1.2,0.9
3664,-9.5,0.0,-8.1,0.5,0.5
3665,-10.6,0.0,-9.2,0.0,0.1
3666,-11.4,0.0,-9.9,-0.3,0.1
3667,-11.6,0.0,-10.2,0.6,0.8
3668,-29.2,0.0,-26.4,1.6,1.4
3669,-28.3,0.0,-25.5,2.9,2.3
3670,-27.3,0.0,-24.6,3.5,2.8
3671,-26.4,0.0,-23.9,3.6,2.8
3672,-7.7,0.0,4.5,4.2,3.3
3673,4.7,-4.2,4.9,4.4,3.4
3674,4.5,-4.1,4.7,4.1,3.2
3675,4.7,-4.1,4.9,4.4,3.4
3676,4.7,-3.9,4.9,4.3,3.3
3677,4.7,-3.7,4.8,4.1,3.1
3678,3.9,-3.6,4.0,3.1,2.2
3679,2.4,0.0,2.4,1.2,0.7
3680,1.6,0.0,1.9,0.4,0.2
3681,0.0,0.0,0.0,-1.1,-0.8
3682,-1.4,0.0,0.0,-2.4,-1.8
3683,-2.6,0.0,-1.7,-3.6,-2.6
3684,-4.6,0.0,-3.2,-5.4,-3.8
3685,-5.9,0.0,-15.1,-6.3,-4.4
3686,-5.5,0.0,-15.1,-5.6,-3.7
3687,-4.2,0.0,-14.1,-3.9,-2.4
3688,-19.5,0.0,-17.1,0.6,1.0
3689,-18.1,0.0,-15.8,1.5,1.6
3690,-16.1,0.0,-14.0,3.0,2.7
3691,-14.9,0.0,-13.0,3.3,2.9
3692,-32.7,0.0,-28.9,3.3,2.8
3693,-31.3,0.0,-27.8,3.6,3.0
3694,-30.2,0.0,-26.9,3.5,2.9
3695,-29.0,0.0,-25.9,3.7,3.0
3696,-9.8,0.0,4.1,3.9,3.1
3697,4.1,20.0,4.4,4.2,3.3
3698,4.8,20.0,5.0,4.6,3.6
3699,5.4,20.0,5.6,5.1,3.9
3700,5.5,20.0,5.7,5.1,3.9
3701,5.6,20.0,5.7,5.0,3.8
3702,5.8,20.0,5.8,5.0,3.8
3703,6.0,0.0,6.0,5.1,3.8
3704,6.2,0.0,6.2,5.3,3.9
3705,6.0,0.0,6.0,-5.4,-2.1
3706,2.2,0.0,2.6,-9.8,-5.3
3707,2.6,0.0,3.2,-9.6,-5.2
3708,3.5,0.0,3.9,-8.6,-4.5
3709,3.0,0.0,-4.4,-3.1,-1.2
3710,1.4,0.0,-6.1,-11.3,-6.6
3711,0.6,0.0,-7.6,-12.6,-7.5
3712,-0.1,0.0,-9.5,-14.7,-8.8
3713,0.3,0.0,-10.0,-14.2,-8.5
3714,1.1,0.0,-10.2,0.7,1.0
3715,2.0,0.0,-9.7,1.9,1.8
3716,2.9,0.0,-25.1,3.1,2.5
3717,3.5,0.0,-24.2,3.7,3.0
3718,4.0,0.0,-23.1,4.1,3.3
3719,4.5,0.0,-21.9,4.6,3.6
3720,4.8,0.0,5.1,4.7,3.6
3721,5.1,20.0,5.2,4.7,3.6
3722,5.2,20.0,5.3,4.7,3.6
3723,5.3,20.0,5.4,4.6,3.5
3724,5.9,20.0,5.9,5.1,3.8
3725,6.0,20.0,6.0,5.1,3.8
3726,5.9,20.0,5.9,4.9,3.6
3727,5.9,0.0,5.9,4.8,3.5
3728,5.5,0.0,5.5,4.2,3.1
3729,5.0,0.0,5.2,-6.2,-2.5
3730,3.9,0.0,4.3,-7.5,-3.5
3731,3.4,0.0,3.9,-8.3,-4.1
3732,2.5,0.0,3.1,-9.5,-5.1
3733,2.0,0.0,-4.8,-4.0,-1.8
3734,1.7,0.0,-5.7,-10.9,-6.3
3735,0.3,0.0,-7.3,-13.1,-7.6
3736,1.0,0.0,-8.2,-12.4,-7.4
3737,1.8,0.0,-8.2,-11.5,-6.9
3738,2.3,0.0,-8.0,2.0,1.7
3739,3.1,0.0,-7.3,2.9,2.5
3740,3.9,0.0,-22.5,3.9,3.1
3741,4.4,0.0,-21.5,4.4,3.4
3742,4.8,0.0,-20.5,4.7,3.6
3743,5.1,0.0,-19.7,4.8,3.7
3744,5.3,0.0,5.6,5.0,3.8
3745,5.8,20.0,5.9,5.2,3.9
3746,6.2,20.0,6.3,5.5,4.1
3747,6.6,20.0,6.6,5.7,4.3
3748,6.8,20.0,6.8,5.9,4.4
3749,7.0,20.0,7.0,5.9,4.4
3750,7.1,20.0,7.0,5.8,4.2
3751,7.0,0.0,6.9,5.5,4.0
3752,6.7,0.0,6.7,5.2,3.8
3753,6.5,0.0,6.6,-4.1,-0.8
3754,6.0,0.0,6.1,-4.7,-1.2
3755,4.6,0.0,4.9,-6.4,-2.5
3756,3.3,0.0,4.0,-8.1,-3.8
3757,4.5,0.0,-0.8,-0.8,0.0
3758,4.7,0.0,-1.0,-6.7,-2.9
3759,2.6,0.0,-2.7,-9.6,-4.8
3760,-5.2,0.0,-3.5,-10.7,-5.2
3761,-5.7,0.0,-4.2,-9.7,-4.9
3762,-5.5,0.0,-4.2,3.4,2.9
3763,-4.6,0.0,-3.5,4.6,3.7
3764,-19.7,0.0,-17.9,5.8,4.5
3765,-18.1,0.0,-16.7,6.3,4.8
3766,-16.2,0.0,-15.1,7.0,5.3
3767,-14.7,0.0,-13.8,7.1,5.3
3768,0.0,0.0,8.4,7.5,5.6
3769,8.6,20.0,8.4,7.4,5.4
3770,8.9,20.0,8.7,7.6,5.5
3771,9.1,20.0,8.8,7.6,5.5
3772,9.2,20.0,8.9,7.6,5.5
3773,9.5,20.0,9.1,7.7,5.6
3774,8.9,20.0,8.6,7.0,5.0
3775,8.9,0.0,8.6,6.8,4.8
3776,7.2,0.0,7.0,4.8,3.3
3777,6.3,0.0,6.4,-3.5,-0.0
3778,6.2,0.0,6.4,-3.9,-0.3
3779,5.6,0.0,5.9,-4.7,-0.9
3780,5.2,0.0,5.6,-5.3,-1.5
3781,4.3,0.0,0.0,-0.5,0.0
3782,4.3,0.0,0.0,-6.8,-2.7
3783,3.3,0.0,-1.0,-8.5,-3.8
3784,3.5,0.0,-1.9,-8.5,-3.9
3785,4.0,0.0,-2.2,-8.4,-3.8
3786,4.9,0.0,-2.1,3.9,3.1
3787,4.8,0.0,-2.0,3.3,3.2
3788,6.3,0.0,-16.6,5.8,4.4
3789,7.4,0.0,-15.0,6.8,5.2
3790,7.9,0.0,-13.6,7.2,5.5
3791,8.1,0.0,-12.5,7.3,5.5
3792,8.5,0.0,8.5,7.5,5.6
3793,9.7,20.0,9.6,8.5,6.3
3794,9.9,20.0,9.7,8.5,6.3
3795,10.4,20.0,10.2,9.0,6.6
3796,11.1,20.0,10.8,9.6,7.0
3797,11.5,20.0,11.2,9.8,7.2
3798,10.0,20.0,9.6,7.9,5.5
3799,8.1,0.0,7.5,5.5,3.6
3800,6.9,0.0,6.4,4.3,2.6
3801,5.7,0.0,5.7,-4.2,-0.6
3802,4.2,0.0,4.4,-6.1,-2.0
3803,2.7,0.0,3.2,-8.0,-3.6
3804,2.7,0.0,3.6,-8.4,-3.9
3805,1.5,0.0,-2.5,-3.8,-1.3
3806,1.0,0.0,-4.1,-11.0,-5.9
3807,0.4,0.0,-5.8,-12.6,-6.9
3808,-9.7,0.0,-7.4,-14.4,-7.7
3809,-11.4,0.0,-9.2,-15.6,-8.3
3810,-13.2,0.0,-10.6,-3.2,0.4
3811,-14.4,0.0,-11.6,-3.1,1.3
3812,-31.9,0.0,-27.9,3.4,3.0
3813,-29.6,0.0,-26.0,4.8,4.1
3814,-27.1,0.0,-23.8,5.9,4.8
3815,-24.5,0.0,-21.7,6.6,5.3
3816,-5.0,0.0,7.1,6.9,5.5
3817,8.3,20.0,8.6,8.2,6.4
3818,8.3,20.0,8.6,8.1,6.3
3819,9.0,20.0,9.1,8.6,6.6
3820,10.0,20.0,10.1,9.4,7.2
3821,10.4,20.0,10.4,9.6,7.2
3822,8.6,20.0,8.5,7.3,5.4
3823,6.7,0.0,6.5,5.0,3.4
3824,5.2,0.0,5.0,3.2,2.0
3825,3.4,0.0,3.4,1.5,0.8
3826,2.0,0.0,2.4,0.2,0.0
3827,1.1,0.0,1.9,0.0,0.0
3828,0.0,0.0,1.2,0.0,0.0
3829,0.0,0.0,-8.1,-0.9,-0.2
3830,-0.1,0.0,-9.1,-1.1,-0.4
3831,-1.3,0.0,-10.6,-2.1,-1.1
3832,-13.9,0.0,-11.7,-2.4,-1.3
3833,-15.1,0.0,-12.8,-3.6,-1.8
3834,-17.1,0.0,-14.0,-6.8,-2.6
3835,-19.2,0.0,-15.8,-6.8,-2.8
3836,-38.0,0.0,-33.1,1.9,2.0
3837,-35.3,0.0,-30.7,3.9,3.5
3838,-32.9,0.0,-28.7,4.7,4.1
3839,-30.3,0.0,-26.5,5.5,4.6
3840,-9.6,0.0,5.8,5.9,4.8
3841,5.8,20.0,6.3,6.2,5.0
3842,7.1,20.0,7.5,7.4,5.8
3843,7.5,20.0,7.9,7.7,6.0
3844,8.2,20.0,8.5,8.2,6.4
3845,8.7,20.0,8.9,8.4,6.5
3846,7.1,20.0,7.2,6.3,4.7
3847,4.6,0.0,4.6,3.4,2.2
3848,3.1,0.0,3.2,1.7,1.0
3849,2.1,0.0,2.5,0.8,0.5
3850,0.7,0.0,1.3,0.0,0.0
3851,0.1,0.0,1.0,-0.2,0.0
3852,-0.8,0.0,0.0,-2.1,-1.3
3853,-2.8,0.0,-11.7,-3.3,-2.2
3854,0.7,0.0,-10.7,0.6,0.8
3855,0.6,0.0,-10.8,0.3,0.7
3856,-11.9,0.0,-10.0,2.4,2.2
3857,-11.8,0.0,-9.9,2.2,2.0
3858,-10.2,0.0,-8.5,3.7,3.2
3859,-9.5,0.0,-7.9,3.7,3.2
3860,-25.7,0.0,-22.9,4.7,3.8
3861,-24.1,0.0,-21.6,5.3,4.2
3862,-22.5,0.0,-20.3,5.6,4.4
3863,-20.9,0.0,-19.0,5.8,4.5
3864,-2.8,0.0,6.8,6.2,4.8
3865,7.2,20.0,7.3,6.6,5.0
3866,7.5,20.0,7.6,6.8,5.1
3867,7.7,20.0,7.6,6.7,5.0
3868,8.3,20.0,8.2,7.2,5.4
3869,9.0,20.0,8.8,7.7,5.7
3870,8.3,20.0,8.1,6.8,5.0
3871,8.1,0.0,7.9,6.5,4.7
3872,6.2,0.0,5.9,4.0,2.5
3873,4.9,0.0,4.9,-6.0,-2.3
3874,4.4,0.0,4.7,-6.6,-2.6
3875,3.1,0.0,3.7,-8.3,-4.0
3876,2.4,0.0,3.3,-9.4,-4.8
3877,3.4,0.0,-2.8,-2.3,-0.4
3878,2.8,0.0,-3.7,-9.3,-4.9
3879,3.1,0.0,-4.0,-9.2,-4.9
3880,3.9,0.0,-3.8,-8.5,-4.4
3881,2.7,0.0,-5.0,-10.7,-5.5
3882,3.9,0.0,-4.6,2.8,2.6
3883,4.7,0.0,-4.1,4.1,3.4
3884,6.1,0.0,-18.3,5.9,4.5
3885,6.6,0.0,-17.0,6.3,4.8
3886,7.2,0.0,-15.7,6.7,5.1
3887,7.7,0.0,-14.3,7.0,5.3
3888,8.0,0.0,8.1,7.2,5.4
3889,9.1,20.0,9.0,8.0,6.0
3890,9.8,20.0,9.6,8.6,6.3
3891,9.8,20.0,9.6,8.4,6.2
3892,9.6,20.0,9.3,8.0,5.8
3893,9.5,20.0,9.2,7.8,5.6
3894,9.6,20.0,9.3,7.7,5.6
3895,7.9,0.0,7.5,5.6,3.7
3896,7.2,0.0,7.0,4.8,3.3
3897,5.9,0.0,5.9,-4.1,-0.6
3898,6.0,0.0,6.2,-4.1,-0.5
3899,5.1,0.0,5.3,-5.2,-1.4
3900,3.6,0.0,4.1,-7.1,-2.9
3901,3.2,0.0,-0.6,-1.7,0.0
3902,2.6,0.0,-2.0,-8.8,-4.3
3903,2.9,0.0,-2.7,-8.8,-4.4
3904,3.8,0.0,-2.7,-7.9,-3.8
3905,5.8,0.0,-1.1,-5.6,-2.2
3906,6.1,0.0,-0.5,5.5,4.1
3907,5.4,0.0,-0.8,4.5,3.4
3908,5.9,0.0,-15.3,5.1,3.8
3909,6.7,0.0,-14.2,5.9,4.4
3910,7.1,0.0,-13.4,6.2,4.6
3911,7.4,0.0,-12.6,6.4,4.7
3912,7.7,0.0,7.7,6.6,4.9
3913,8.3,20.0,8.1,6.9,5.1
3914,8.6,20.0,8.4,7.2,5.3
3915,8.9,20.0,8.6,7.3,5.3
3916,8.9,20.0,8.6,7.3,5.3
3917,9.0,20.0,8.7,7.3,5.2
3918,8.3,20.0,7.9,6.2,4.3
3919,9.3,0.0,9.0,7.3,5.2
3920,8.5,0.0,8.3,6.3,4.5
3921,8.0,0.0,7.9,-1.4,0.0
3922,6.5,0.0,6.7,-3.2,0.0
3923,3.4,0.0,3.9,-6.8,-2.5
3924,3.2,0.0,3.9,-7.5,-3.1
3925,2.6,0.0,-0.7,-2.4,-0.1
3926,2.8,0.0,-1.6,-8.7,-4.2
3927,3.0,0.0,-2.5,-8.8,-4.3
3928,-6.4,0.0,-4.7,-12.1,-6.1
3929,-8.7,0.0,-6.7,-14.4,-7.2
3930,-10.7,0.0,-8.4,-2.1,0.5
3931,-12.5,0.0,-10.0,-2.3,1.0
3932,-29.5,0.0,-26.0,3.4,3.0
3933,-26.6,0.0,-23.5,5.6,4.6
3934,-23.9,0.0,-21.1,6.7,5.4
3935,-21.5,0.0,-19.1,7.1,5.6
3936,-2.3,0.0,8.1,7.8,6.0
3937,8.4,20.0,8.6,8.0,6.1
3938,9.2,20.0,9.3,8.6,6.5
3939,9.9,20.0,9.9,9.1,6.9
3940,10.4,20.0,10.3,9.4,7.0
3941,10.1,20.0,10.0,8.9,6.6
3942,8.4,20.0,8.2,6.8,4.9
3943,6.4,0.0,6.0,4.3,2.8
3944,4.6,0.0,4.1,2.2,1.1
3945,2.9,0.0,2.7,-8.1,-4.1
3946,1.1,0.0,1.4,-10.2,-5.6
3947,0.0,0.0,0.6,-12.1,-7.0
3948,0.0,0.0,0.3,-13.5,-8.1
3949,-0.7,0.0,-9.4,-8.5,-5.2
3950,-2.3,0.0,-11.2,-15.7,-10.0
3951,-4.2,0.0,-12.9,-17.8,-11.1
3952,-5.9,0.0,-15.0,-19.7,-12.1
3953,-7.3,0.0,-17.0,-20.6,-12.8
3954,-8.3,0.0,-18.0,-7.5,-4.2
3955,-9.3,0.0,-19.1,-7.6,-4.2
3956,-7.5,0.0,-35.8,1.5,1.8
3957,1.5,0.0,-33.5,3.2,3.1
3958,3.4,0.0,-30.4,5.1,4.4
3959,4.6,0.0,-27.8,6.0,5.0
3960,5.2,0.0,5.9,6.2,5.2
3961,6.3,-5.0,6.9,7.0,5.6
3962,7.0,-4.7,7.5,7.5,6.0
3963,7.5,-4.4,8.0,7.8,6.2
3964,7.7,-4.1,8.0,7.7,6.0
3965,7.9,-3.8,8.1,7.6,5.9
3966,5.9,-3.5,6.0,5.2,3.8
3967,4.0,0.0,3.9,2.8,1.8
3968,2.2,0.0,2.0,0.7,0.1
3969,0.3,0.0,0.5,-12.4,-7.8
3970,0.0,0.0,0.0,-14.3,-9.1
3971,-2.8,0.0,-1.7,-16.5,-10.8
3972,-3.9,0.0,-2.3,-17.4,-11.4
3973,-4.9,0.0,-13.8,-11.6,-7.6
3974,-4.2,0.0,-13.7,-17.2,-11.1
3975,-4.7,0.0,-14.5,-17.6,-11.3
3976,-17.0,0.0,-14.0,-16.6,-10.6
3977,-19.9,0.0,-17.4,-16.4,-11.4
3978,-18.3,0.0,-16.0,1.6,1.8
3979,-17.6,0.0,-15.4,1.8,1.9
3980,-36.1,0.0,-31.7,2.2,2.1
3981,-34.8,0.0,-30.6,2.8,2.6
3982,-33.4,0.0,-29.5,3.2,2.8
3983,-32.3,0.0,-28.7,3.0,2.6
3984,-12.6,0.0,3.2,3.3,2.8
3985,2.9,-5.0,3.4,3.3,2.7
3986,3.3,-4.9,3.7,3.6,3.0
3987,3.5,-4.8,3.9,3.8,3.1
3988,3.9,-4.6,4.3,4.0,3.2
3989,4.6,-4.4,5.0,4.6,3.6
3990,3.5,-4.2,3.8,3.2,2.3
3991,2.7,0.0,2.9,2.0,1.4
3992,2.5,0.0,3.0,1.8,1.4
3993,0.9,0.0,1.5,0.2,0.2
3994,-0.6,0.0,0.0,-1.5,-1.1
3995,-1.8,0.0,-0.8,-2.4,-1.7
3996,-3.3,0.0,-2.1,-3.2,-2.4
3997,-3.8,0.0,-12.9,-4.1,-2.8
3998,-4.3,0.0,-13.5,-4.4,-2.8
3999,-4.9,0.0,-14.1,-5.3,-3.1
4000,-22.1,0.0,-19.2,-6.7,-5.1
4001,-21.4,0.0,-18.9,-4.6,-3.9
4002,-20.4,0.0,-18.1,0.2,0.6
4003,-20.2,0.0,-17.9,0.2,0.7
4004,-39.4,0.0,-34.7,0.8,1.1
4005,-38.4,0.0,-33.8,1.5,1.6
4006,-37.6,0.0,-33.2,1.6,1.6
4007,-36.8,0.0,-32.5,1.5,1.6
4008,-17.0,0.0,1.1,1.3,1.4
4009,1.0,-5.7,1.6,1.7,1.7
4010,1.1,-5.6,1.7,1.8,1.7
4011,1.1,-5.6,1.7,1.8,1.7
4012,1.3,-5.4,1.9,1.9,1.7
4013,1.6,-5.2,2.1,2.0,1.8
4014,1.8,-5.0,2.2,2.0,1.8
4015,1.7,0.0,2.1,1.8,1.5
4016,1.4,0.0,1.9,1.4,1.2
4017,0.8,0.0,1.4,0.7,0.7
4018,-1.7,0.0,0.4,-1.4,-1.1
4019,-2.7,0.0,-1.9,-2.4,-1.9
4020,-4.1,0.0,-3.1,-3.6,-2.8
4021,-2.7,0.0,-12.6,-2.9,-1.9
4022,-5.4,0.0,-15.7,-3.8,-3.1
4023,-5.5,0.0,-15.9,-3.6,-3.0
4024,-17.5,0.0,-15.4,-2.5,0.3
4025,-17.6,0.0,-15.6,-2.8,0.1
4026,-17.4,0.0,-15.4,-2.5,0.3
4027,-18.1,0.0,-16.0,-3.1,0.0
4028,-36.9,0.0,-32.7,0.6,0.8
4029,-36.3,0.0,-32.2,1.2,1.2
4030,-35.9,0.0,-31.8,1.3,1.3
4031,-34.9,0.0,-31.0,1.7,1.6
4032,-15.2,0.0,1.7,1.8,1.7
4033,1.5,-5.4,2.0,2.0,1.8
4034,1.9,-5.2,2.4,2.3,2.0
4035,2.4,-5.0,2.8,2.7,2.2
4036,3.3,-4.8,3.7,3.5,2.8
4037,3.6,-4.6,3.9,3.6,2.9
4038,3.7,-4.4,4.0,3.5,2.8
4039,3.1,0.0,3.4,2.6,2.1
4040,0.9,0.0,1.1,-0.0,-0.2
4041,-1.2,0.0,-0.9,-14.8,-10.0
4042,-3.0,0.0,-2.3,-16.6,-11.1
4043,-4.3,0.0,-3.1,-17.8,-11.8
4044,-5.4,0.0,-3.6,-18.6,-12.3
4045,-6.6,0.0,-15.6,-13.0,-8.6
4046,-7.3,0.0,-15.9,-20.0,-13.0
4047,-7.8,0.0,-16.8,-21.3,-13.4
4048,-8.1,0.0,-17.6,-22.2,-13.6
4049,-8.0,0.0,-17.9,-22.5,-13.3
4050,-8.2,0.0,-18.0,-8.6,-3.7
4051,-7.9,0.0,-17.8,-7.8,-2.9
4052,-5.9,0.0,-35.6,-2.9,-1.3
4053,-17.3,0.0,-47.8,-8.9,0.0
4054,-15.0,0.0,-45.4,0.4,1.2
4055,-13.2,0.0,-43.3,1.1,1.6
4056,-11.4,0.0,0.5,1.7,2.0
4057,0.1,-7.5,1.2,2.2,2.4
4058,0.7,-7.1,1.7,2.5,2.5
4059,1.7,-6.8,2.6,3.3,3.1
4060,2.2,-6.4,3.0,3.5,3.1
4061,2.5,-6.1,3.2,3.5,3.1
4062,1.1,-5.8,1.7,1.8,1.5
4063,-4.6,0.0,-4.4,-2.7,-2.7
4064,-6.1,0.0,-6.1,-4.6,-4.3
4065,-3.9,0.0,-3.3,-17.0,-11.5
4066,-5.8,0.0,-4.8,-18.8,-12.6
4067,-7.7,0.0,-6.1,-20.6,-13.8
4068,-8.6,0.0,-6.5,-21.3,-14.2
4069,-10.2,0.0,-19.3,-15.8,-10.6
4070,-10.8,0.0,-19.7,-23.0,-15.1
4071,-11.2,0.0,-20.5,-24.2,-15.4
4072,-11.5,0.0,-21.2,-25.1,-15.5
4073,-11.8,0.0,-21.8,-25.7,-15.5
4074,-11.9,0.0,-22.0,-11.5,-5.6
4075,-12.0,0.0,-22.0,-10.9,-5.0
4076,-9.4,0.0,-40.4,-5.3,-2.8
4077,-7.3,0.0,-38.4,-3.2,-1.2
4078,-5.7,0.0,-36.7,-1.7,-0.1
4079,-21.2,0.0,-52.8,-10.8,0.1
4080,-19.2,0.0,-18.4,-9.4,0.6
4081,-17.4,-9.1,-16.7,-8.4,0.9
4082,-14.8,-8.7,-14.2,1.1,1.7
4083,-13.1,-8.3,-12.6,1.3,1.7
4084,-12.1,-7.9,-11.5,0.9,1.4
4085,-11.2,-7.5,-10.7,0.5,1.0
4086,-11.2,-7.2,-10.7,-6.0,-5.5
4087,-3.8,0.0,-3.0,-2.7,-1.8
4088,-5.6,0.0,-5.0,-4.9,-3.6
4089,-7.9,0.0,-7.0,-20.6,-14.1
4090,-9.0,0.0,-7.5,-21.5,-14.4
4091,-10.9,0.0,-9.0,-23.3,-15.7
4092,-12.4,0.0,-9.9,-24.6,-16.5
4093,-13.1,0.0,-22.7,-18.0,-12.1
4094,-14.0,0.0,-23.3,-25.7,-17.1
4095,-14.4,0.0,-24.0,-26.7,-17.3
4096,-31.2,0.0,-24.8,-27.9,-17.5
4097,-32.0,0.0,-25.4,-27.6,-17.3
4098,-31.9,0.0,-25.2,-11.0,-6.3
4099,-32.8,0.0,-25.5,-12.2,-6.2
4100,-56.6,0.0,-43.5,-5.8,-2.9
4101,-54.0,0.0,-41.5,-3.8,-1.5
4102,-51.8,0.0,-39.8,-2.6,-0.6
4103,-50.3,0.0,-38.8,-2.2,-0.4
4104,-41.9,0.0,-24.1,-12.8,-11.6
4105,-23.5,-10.3,-22.8,-12.3,-11.1
4106,-21.2,-9.9,-20.5,-10.7,0.4
4107,-19.1,-9.5,-18.5,-9.5,0.7
4108,-17.5,-9.1,-16.9,-8.6,0.7
4109,-15.6,-8.7,-15.1,0.2,0.9
4110,-14.1,-8.3,-13.6,0.3,0.9
4111,-13.5,0.0,-12.9,-7.0,0.3
4112,-14.0,0.0,-13.5,-8.3,-7.5
4113,-5.1,0.0,-3.7,-17.3,-11.3
4114,-5.5,0.0,-4.0,-17.7,-11.5
4115,-7.1,0.0,-5.3,-19.4,-12.8
4116,-8.4,0.0,-6.3,-20.7,-13.7
4117,-9.3,0.0,-18.8,-14.4,-9.5
4118,-9.9,0.0,-19.2,-21.8,-14.2
4119,-9.7,0.0,-19.5,-22.2,-14.1
4120,-9.8,0.0,-19.9,-22.9,-14.2
4121,-9.5,0.0,-19.9,-22.6,-13.7
4122,-8.9,0.0,-19.5,-7.3,-3.4
4123,-8.4,0.0,-18.8,-6.8,-2.6
4124,-22.5,0.0,-54.4,-11.9,-10.8
4125,-20.3,0.0,-52.0,-10.3,0.3
4126,-17.7,0.0,-49.2,0.5,1.3
4127,-15.6,0.0,-46.6,1.2,1.7
4128,-13.4,0.0,0.4,1.9,2.2
4129,0.1,-8.1,1.2,2.4,2.5
4130,0.8,-7.7,1.8,2.9,2.8
4131,1.4,-7.4,2.3,3.3,3.1
4132,2.2,-7.0,3.1,3.9,3.4
4133,2.5,-6.6,3.3,3.9,3.4
4134,2.1,-6.3,2.8,3.1,2.7
4135,-5.4,0.0,0.3,0.2,0.3
4136,-6.8,0.0,-6.6,-4.7,-4.4
4137,-8.5,0.0,-8.1,-19.5,-14.2
4138,-4.6,0.0,-3.6,-17.6,-11.8
4139,-5.6,0.0,-4.2,-18.6,-12.3
4140,-6.6,0.0,-4.7,-19.4,-12.8
4141,-7.5,0.0,-16.8,-13.4,-8.8
4142,-7.5,0.0,-17.0,-20.0,-13.0
4143,-8.4,0.0,-17.8,-21.7,-13.7
4144,-23.3,0.0,-18.5,-22.4,-13.8
4145,-23.6,0.0,-18.7,-22.6,-13.6
4146,-23.9,0.0,-18.8,-8.5,-3.9
4147,-24.4,0.0,-18.9,-7.9,-3.3
4148,-46.6,0.0,-37.1,-3.3,-1.5
4149,-44.9,0.0,-35.7,-1.8,-0.4
4150,-57.8,0.0,-49.8,-9.3,0.4
4151,-54.8,0.0,-47.2,0.5,1.2
4152,-29.2,0.0,-13.4,1.4,1.8
4153,-12.2,-8.1,0.4,1.7,2.0
4154,-11.4,-7.8,0.3,1.4,1.7
4155,-10.0,-7.6,0.9,1.9,2.1
4156,0.5,-7.2,1.4,2.3,2.3
4157,0.9,-6.9,1.7,2.4,2.3
4158,-7.7,-6.6,-7.3,0.3,0.5
4159,-8.8,0.0,-8.6,-5.6,-5.1
4160,-4.2,0.0,-3.7,-3.9,-3.0
4161,-6.0,0.0,-5.2,-5.6,-4.2
4162,-7.4,0.0,-6.2,-6.8,-4.9
4163,-8.7,0.0,-7.1,-8.1,-5.7
4164,-9.6,0.0,-7.5,-8.7,-6.0
4165,-10.7,0.0,-20.1,-9.3,-6.3
4166,-11.4,0.0,-20.6,-9.8,-6.4
4167,-11.7,0.0,-21.3,-10.7,-6.5
4168,-27.8,0.0,-22.2,-11.6,-6.7
4169,-28.0,0.0,-22.3,-11.0,-6.1
4170,-27.8,0.0,-22.2,-9.1,-5.2
4171,-27.8,0.0,-22.0,-8.5,-4.6
4172,-51.7,0.0,-40.9,-5.7,-3.2
4173,-49.6,0.0,-39.0,-3.4,-1.5
4174,-48.8,0.0,-38.4,-3.1,-1.3
4175,-63.4,0.0,-54.4,-11.5,-10.5
4176,-36.9,0.0,-20.0,-10.6,0.1
4177,-19.1,-9.3,-18.5,-9.7,0.3
4178,-17.6,-9.1,-17.1,-8.8,0.6
4179,-16.4,-8.9,-15.9,0.1,0.9
4180,-14.8,-8.5,-14.3,0.3,1.0
4181,-13.1,-8.1,-12.6,0.7,1.2
4182,-13.1,-7.8,-12.6,-6.8,0.1
4183,-4.9,0.0,-3.9,-3.5,-2.2
4184,-6.7,0.0,-5.8,-5.6,-4.0
4185,-8.9,0.0,-7.8,-7.8,-5.6
4186,-10.3,0.0,-8.8,-9.1,-6.4
4187,-11.2,0.0,-9.3,-9.8,-6.8
4188,-12.2,0.0,-9.9,-10.6,-7.3
4189,-11.7,0.0,-22.2,-9.6,-6.4
4190,-12.4,0.0,-22.8,-10.1,-6.7
4191,-13.5,0.0,-23.6,-11.5,-7.4
4192,-30.6,0.0,-24.4,-13.1,-7.8
4193,-30.7,0.0,-24.6,-12.4,-7.1
4194,-30.6,0.0,-24.2,-11.4,-6.3
4195,-29.9,0.0,-23.4,-9.4,-4.9
4196,-55.0,0.0,-43.0,-6.4,-3.6
4197,-52.6,0.0,-40.8,-3.9,-1.7
4198,-51.0,0.0,-39.6,-3.0,-1.1
4199,-50.0,0.0,-39.0,-3.0,-1.2
4200,-23.0,0.0,-4.4,-2.1,-0.5
4201,-22.6,-10.1,-21.9,-11.8,-10.8
4202,-5.2,-9.7,-3.6,-1.8,-0.4
4203,-19.2,-9.3,-18.7,-10.0,-9.2
4204,-17.6,-9.0,-17.1,-9.0,0.2
4205,-16.3,-8.6,-15.8,-8.5,0.1
4206,-15.1,-8.3,-14.7,-8.0,-7.3
4207,-14.3,0.0,-13.8,-7.7,-7.1
4208,-13.6,0.0,-13.2,-7.6,-6.9
4209,-12.5,0.0,-12.1,-20.2,-15.1
4210,-12.6,0.0,-12.0,-20.7,-15.4
4211,-12.5,0.0,-11.8,-21.0,-15.5
4212,-12.1,0.0,-11.3,-20.6,-15.2
4213,-12.1,0.0,-23.3,-14.0,-10.8
4214,-12.0,0.0,-23.2,-20.6,-15.2
4215,-12.5,0.0,-23.5,-21.2,-15.6
4216,-12.5,0.0,-23.6,-21.4,-15.7
4217,-12.6,0.0,-23.6,-21.7,-15.7
4218,-12.5,0.0,-23.5,-8.2,-6.6
4219,-11.0,0.0,-22.4,-5.7,0.3
4220,-9.9,0.0,-39.1,0.5,0.8
4221,-8.3,0.0,-37.5,1.5,1.6
4222,0.7,0.0,-35.7,2.2,2.1
4223,1.5,0.0,-33.8,2.8,2.5
4224,2.3,0.0,3.0,3.4,2.9
4225,3.2,-5.9,3.6,3.9,3.2
4226,3.7,-5.6,4.1,4.3,3.5
4227,4.0,-5.3,4.3,4.3,3.4
4228,4.4,-5.0,4.6,4.5,3.5
4229,4.4,-4.7,4.6,4.3,3.3
4230,4.3,-4.5,4.5,4.0,3.0
4231,3.2,0.0,3.3,2.5,1.7
4232,2.5,0.0,2.6,1.5,1.0
4233,0.7,0.0,1.1,-13.0,-8.5
4234,-1.7,0.0,-1.2,-15.2,-10.2
4235,-3.9,0.0,-3.0,-17.0,-11.5
4236,-6.2,0.0,-4.8,-18.7,-12.9
4237,-4.8,0.0,-13.8,-11.5,-7.6
4238,-5.4,0.0,-14.1,-18.5,-11.9
4239,-5.8,0.0,-15.0,-19.6,-12.3
4240,-5.8,0.0,-15.5,-19.7,-12.2
4241,-6.0,0.0,-15.8,-20.7,-12.1
4242,-5.3,0.0,-15.4,-5.7,-2.2
4243,-15.8,0.0,-26.0,-12.6,-8.1
4244,-14.3,0.0,-44.1,-7.4,0.1
4245,-12.4,0.0,-42.2,0.5,1.1
4246,-10.6,0.0,-40.2,1.4,1.7
4247,0.2,0.0,-38.1,2.2,2.3
4248,1.1,0.0,2.1,2.9,2.7
4249,2.0,-6.6,2.8,3.5,3.1
4250,2.8,-6.3,3.5,3.9,3.4
4251,3.4,-5.9,4.0,4.3,3.6
4252,4.0,-5.6,4.5,4.7,3.8
4253,4.4,-5.3,4.9,4.9,3.9
4254,3.7,-5.0,4.0,3.8,2.9
4255,2.3,0.0,2.4,1.9,1.3
4256,1.0,0.0,1.1,0.3,-0.9
4257,-2.8,0.0,-2.6,-15.6,-10.8
4258,-4.9,0.0,-4.3,-17.4,-12.1
4259,-7.2,0.0,-6.2,-19.2,-13.4
4260,-5.2,0.0,-3.4,-18.3,-12.1
4261,-6.2,0.0,-15.3,-12.5,-8.2
4262,-6.5,0.0,-15.3,-19.2,-12.4
4263,-6.2,0.0,-15.5,-19.6,-12.2
4264,-19.9,0.0,-15.7,-19.7,-12.0
4265,-20.4,0.0,-16.1,-20.1,-11.8
4266,-20.9,0.0,-16.2,-6.4,-2.4
4267,-33.2,0.0,-28.8,-13.4,-9.1
4268,-54.6,0.0,-46.9,-8.4,0.2
4269,-51.9,0.0,-44.7,0.6,1.3
4270,-49.3,0.0,-42.5,1.5,1.9
4271,-46.7,0.0,-40.4,2.0,2.2
4272,-22.8,0.0,1.7,2.7,2.7
4273,1.6,-7.0,2.5,3.4,3.1
4274,2.4,-6.6,3.3,3.9,3.5
4275,3.2,-6.3,3.9,4.4,3.8
4276,4.5,-5.9,5.1,5.5,4.5
4277,4.9,-5.5,5.4,5.6,4.6
4278,3.4,-5.2,3.8,3.7,2.8
4279,1.7,0.0,1.8,1.4,0.9
4280,0.2,0.0,0.3,-1.6,-1.8
4281,-4.1,0.0,-3.9,-16.6,-11.7
4282,-5.6,0.0,-5.0,-17.7,-12.4
4283,-8.1,0.0,-7.0,-19.7,-13.9
4284,-5.7,0.0,-3.8,-18.7,-12.3
4285,-5.9,0.0,-15.3,-12.1,-7.9
4286,-7.1,0.0,-16.0,-19.7,-12.8
4287,-7.8,0.0,-17.0,-21.2,-13.4
4288,-7.9,0.0,-17.5,-21.8,-13.3
4289,-8.1,0.0,-18.0,-22.5,-13.3
4290,-7.8,0.0,-17.9,-7.5,-3.3
4291,-7.7,0.0,-17.7,-7.2,-2.7
4292,-5.7,0.0,-35.5,-2.6,-1.1
4293,-17.6,0.0,-48.2,-9.0,0.0
4294,-15.8,0.0,-46.3,-7.7,0.7
4295,-14.0,0.0,-44.3,0.6,1.3
4296,-12.2,0.0,0.0,1.3,1.7
4297,-10.3,-7.6,0.8,1.9,2.1
4298,0.2,-7.4,1.3,2.2,2.3
4299,0.4,-7.1,1.4,2.3,2.3
4300,0.9,-6.8,1.8,2.5,2.4
4301,1.7,-6.5,2.5,3.0,2.8
4302,2.1,-6.2,2.8,3.1,2.8
4303,1.8,0.0,2.5,2.5,2.3
4304,0.5,0.0,1.3,0.8,0.9
4305,-4.5,0.0,0.5,-15.6,-10.8
4306,0.2,0.0,1.1,-14.7,-10.0
4307,-4.1,0.0,0.5,-15.3,-10.4
4308,-4.9,0.0,-3.2,-18.1,-11.9
4309,-6.6,0.0,-15.6,-13.0,-8.7
4310,-7.5,0.0,-16.4,-20.3,-13.3
4311,-6.7,0.0,-16.5,-19.5,-12.6
4312,-18.8,0.0,-15.4,-17.1,-11.0
4313,-20.4,0.0,-16.5,-19.8,-12.3
4314,-19.0,0.0,-15.4,-3.2,-1.7
4315,-18.5,0.0,-14.9,-2.2,-1.0
4316,-39.3,0.0,-32.4,-1.3,-0.3
4317,-48.3,0.0,-42.1,-6.4,0.2
4318,-47.3,0.0,-41.3,-5.8,0.4
4319,-46.3,0.0,-40.5,-5.5,0.5
4320,-22.5,0.0,0.9,1.8,1.9
4321,0.5,-6.8,1.4,2.1,2.1
4322,0.7,-6.6,1.6,2.1,2.1
4323,0.9,-6.4,1.7,2.2,2.1
4324,1.3,-6.2,1.9,2.3,2.1
4325,1.5,-5.9,2.2,2.4,2.2
4326,1.6,-5.7,2.2,2.3,2.0
4327,1.5,0.0,2.0,2.0,1.7
4328,0.6,0.0,1.2,0.7,0.8
4329,-4.9,0.0,-4.4,-4.0,-3.4
4330,-6.6,0.0,-5.9,-5.5,-4.6
4331,-4.1,0.0,-2.8,-4.2,-2.9
4332,-4.8,0.0,-3.2,-4.7,-3.2
4333,-8.6,0.0,-19.3,-5.6,-4.7
4334,-4.6,0.0,-14.7,-4.1,-2.7
4335,-5.0,0.0,-15.0,-4.5,-2.8
4336,-16.7,0.0,-13.6,-1.9,-0.9
4337,-20.5,0.0,-18.2,2.0,2.0
4338,-19.4,0.0,-17.2,1.9,1.9
4339,-19.3,0.0,-17.1,1.1,1.3
4340,-38.1,0.0,-33.6,1.5,1.5
4341,-36.7,0.0,-32.3,2.3,2.1
4342,-35.5,0.0,-31.4,2.5,2.2
4343,-34.2,0.0,-30.3,2.6,2.2
4344,-14.1,0.0,2.7,2.8,2.4
4345,2.3,-5.3,2.7,2.7,2.2
4346,2.9,-5.2,3.3,3.2,2.7
4347,3.4,-5.1,3.8,3.8,3.1
4348,4.2,-4.9,4.5,4.4,3.5
4349,4.7,-4.6,4.9,4.7,3.7
4350,4.4,-4.4,4.6,4.2,3.2
4351,4.0,0.0,4.2,3.6,2.8
4352,3.7,0.0,3.9,3.1,2.4
4353,2.5,0.0,3.0,1.7,1.3
4354,0.2,0.0,0.8,-0.5,-0.3
4355,-1.2,0.0,-0.3,-2.3,-1.7
4356,-3.5,0.0,-2.1,-3.9,-2.9
4357,-5.8,0.0,-14.9,-5.4,-4.1
4358,-4.4,0.0,-13.1,-4.6,-3.0
4359,-5.1,0.0,-14.1,-5.8,-3.4
4360,-18.0,0.0,-14.5,-6.0,-3.1
4361,-18.0,0.0,-14.4,-5.7,-2.5
4362,-25.8,0.0,-22.5,-9.3,-6.5
4363,-26.5,0.0,-23.1,-8.6,-6.1
4364,-46.5,0.0,-40.4,0.1,0.7
4365,-44.7,0.0,-38.9,1.2,1.6
4366,-42.5,0.0,-37.0,2.2,2.3
4367,-40.3,0.0,-35.1,2.8,2.7
4368,-17.9,0.0,2.8,3.4,3.1
4369,2.8,-6.1,3.6,4.0,3.4
4370,3.5,-5.8,4.1,4.4,3.7
4371,4.1,-5.5,4.7,4.8,4.0
4372,4.8,-5.1,5.2,5.2,4.2
4373,5.2,-4.8,5.5,5.4,4.3
4374,5.0,-4.5,5.4,5.0,3.9
4375,3.9,0.0,4.1,3.4,2.5
4376,2.3,0.0,2.5,1.4,1.0
4377,0.0,0.0,0.4,-13.7,-9.0
4378,-2.4,0.0,-1.7,-15.7,-10.4
4379,-4.5,0.0,-3.5,-17.3,-11.7
4380,-4.3,0.0,-2.8,-17.7,-11.6
4381,-5.9,0.0,-15.1,-12.5,-8.3
4382,-6.4,0.0,-15.5,-19.4,-12.6
4383,-7.0,0.0,-16.4,-20.4,-13.0
4384,-6.8,0.0,-16.8,-19.8,-12.7
4385,-6.5,0.0,-16.7,-19.1,-12.2
4386,-5.1,0.0,-15.6,-3.3,-1.8
4387,-4.1,0.0,-14.8,-2.2,-1.0
4388,-3.5,0.0,-32.3,-1.6,-0.5
4389,-2.7,0.0,-31.5,-0.7,0.1
4390,-10.7,0.0,-39.9,-5.3,0.5
4391,-9.9,0.0,-38.9,0.1,0.7
4392,-8.3,0.0,0.5,1.2,1.5
4393,0.4,20.0,1.3,1.9,1.9
4394,1.1,20.0,1.9,2.4,2.2
4395,1.9,20.0,2.6,3.0,2.6
4396,2.3,20.0,2.9,3.2,2.7
4397,2.6,20.0,3.2,3.3,2.8
4398,2.7,20.0,3.2,3.2,2.6
4399,3.2,0.0,3.6,3.5,2.8
4400,3.3,0.0,3.7,3.4,2.7
4401,2.6,0.0,3.1,-11.0,-6.9
4402,3.4,0.0,3.8,-10.0,-6.1
4403,3.6,0.0,4.0,-9.7,-5.8
4404,3.6,0.0,4.1,-9.5,-5.6
4405,3.6,0.0,-6.6,-3.0,-1.5
4406,3.7,0.0,-6.2,-9.1,-5.3
4407,4.1,0.0,-5.6,-8.6,-4.9
4408,4.1,0.0,-5.2,-8.5,-4.7
4409,4.4,0.0,-4.6,-8.1,-4.4
4410,3.6,0.0,-5.0,2.8,2.2
4411,3.8,0.0,-4.8,2.9,2.4
4412,4.2,0.0,-20.2,3.6,2.7
4413,5.0,0.0,-19.3,4.4,3.3
4414,5.7,0.0,-18.2,5.2,3.9
4415,6.2,0.0,-17.0,5.6,4.2
4416,6.5,0.0,6.5,5.7,4.2
4417,6.9,20.0,6.8,5.9,4.3
4418,7.5,20.0,7.3,6.3,4.6
4419,7.4,20.0,7.2,6.1,4.5
4420,8.1,20.0,7.8,6.7,4.9
4421,8.5,20.0,8.2,7.0,5.1
4422,7.4,20.0,7.1,5.7,4.0
4423,6.4,0.0,6.2,4.5,3.0
4424,6.8,0.0,6.6,5.1,3.6
4425,5.4,0.0,5.4,-5.1,-1.5
4426,4.2,0.0,4.3,-6.5,-2.6
4427,2.4,0.0,2.8,-8.8,-4.3
4428,1.9,0.0,2.4,-9.6,-5.1
4429,1.6,0.0,-4.2,-4.1,-1.8
4430,0.0,0.0,-6.0,-12.4,-7.2
4431,0.0,0.0,-7.1,-13.4,-7.7
4432,-11.0,0.0,-8.9,-14.7,-8.5
4433,-12.6,0.0,-10.6,-15.2,-9.0
4434,-14.6,0.0,-12.1,-4.1,-1.4
4435,-15.5,0.0,-13.0,-2.7,0.8
4436,-33.4,0.0,-29.5,2.3,2.1
4437,-32.1,0.0,-28.5,2.9,2.5
4438,-31.1,0.0,-27.6,3.0,2.6
4439,-30.0,0.0,-26.8,3.1,2.6
4440,-11.0,0.0,3.4,3.3,2.8
4441,3.3,-4.7,3.8,3.5,2.9
4442,4.5,-4.5,4.9,4.6,3.7
4443,5.4,-4.3,5.7,5.3,4.2
4444,5.7,-4.1,6.0,5.5,4.3
4445,5.7,-3.8,5.9,5.3,4.1
4446,5.2,-3.6,5.4,4.6,3.5
4447,4.3,0.0,4.4,3.3,2.4
4448,3.1,0.0,3.1,1.8,1.1
4449,1.5,0.0,1.7,-11.2,-6.8
4450,0.3,0.0,0.9,-12.7,-7.9
4451,-0.3,0.0,0.2,-14.2,-9.0
4452,-1.9,0.0,-0.7,-15.3,-9.9
4453,-4.0,0.0,-13.2,-10.4,-7.0
4454,-5.0,0.0,-14.5,-17.2,-11.5
4455,-5.4,0.0,-15.4,-17.0,-11.5
4456,-5.8,0.0,-16.0,-17.0,-11.6
4457,-3.3,0.0,-13.0,-17.2,-10.3
4458,-8.5,0.0,-18.6,-7.0,-4.6
4459,-9.1,0.0,-19.4,-6.6,-4.5
4460,-8.2,0.0,-36.4,-4.0,0.5
4461,-6.9,0.0,-35.2,1.0,1.3
4462,1.3,0.0,-32.9,2.8,2.6
4463,2.7,0.0,-30.6,4.0,3.5
4464,3.5,0.0,4.3,4.7,3.9
4465,4.3,-5.4,4.9,5.0,4.1
4466,4.2,-5.2,4.7,4.7,3.9
4467,3.9,-5.0,4.4,4.3,3.5
4468,4.7,-4.7,5.1,5.0,4.0
4469,5.5,-4.5,5.8,5.5,4.4
4470,4.3,-4.2,4.6,4.0,3.1
4471,2.4,0.0,2.6,1.7,1.2
4472,1.3,0.0,1.5,0.4,0.2
4473,-0.3,0.0,0.0,-14.0,-9.2
4474,-2.4,0.0,-1.7,-15.8,-10.5
4475,-3.8,0.0,-2.8,-16.8,-11.2
4476,-3.2,0.0,-1.9,-16.5,-10.7
4477,-3.7,0.0,-13.4,-10.3,-6.7
4478,-4.2,0.0,-13.8,-17.2,-11.1
4479,-4.1,0.0,-13.9,-17.0,-10.8
4480,-17.8,0.0,-14.6,-17.8,-11.3
4481,-17.6,0.0,-14.4,-16.9,-10.7
4482,-17.5,0.0,-14.2,-3.5,-1.7
4483,-17.5,0.0,-14.0,-3.0,-1.1
4484,-45.2,0.0,-39.4,-5.4,0.2
4485,-43.9,0.0,-38.3,0.5,1.0
4486,-42.3,0.0,-36.9,1.6,1.8
4487,-39.8,0.0,-34.7,2.7,2.6
4488,-17.5,0.0,3.0,3.6,3.2
4489,3.0,-6.0,3.8,4.2,3.6
4490,3.6,-5.8,4.3,4.6,3.9
4491,4.0,-5.6,4.6,4.9,4.0
4492,4.6,-5.2,5.1,5.2,4.3
4493,5.1,-4.9,5.5,5.4,4.3
4494,3.7,-4.6,4.1,3.7,2.9
4495,2.4,0.0,2.6,1.9,1.4
4496,0.8,0.0,0.9,0.0,-0.6
4497,-1.9,0.0,-1.6,-2.3,-2.0
4498,-3.9,0.0,-3.2,-3.9,-3.2
4499,-3.6,0.0,-2.4,-4.1,-2.9
4500,-4.7,0.0,-3.1,-4.9,-3.4
4501,-4.0,0.0,-13.8,-3.9,-2.5
4502,-4.1,0.0,-14.1,-3.7,-2.3
4503,-5.1,0.0,-14.9,-4.9,-3.0
4504,-19.7,0.0,-15.9,-6.9,-3.8
4505,-18.8,0.0,-15.2,-4.3,-2.3
4506,-18.5,0.0,-14.9,-3.6,-1.7
4507,-19.4,0.0,-15.3,-5.3,-1.9
4508,-49.2,0.0,-42.8,-7.1,-6.3
4509,-47.8,0.0,-41.5,0.0,0.7
4510,-46.0,0.0,-40.0,1.0,1.4
4511,-43.7,0.0,-38.0,1.9,2.1
4512,-20.4,0.0,2.1,3.0,2.8
4513,1.7,-6.5,2.6,3.2,2.9
4514,2.1,-6.3,2.9,3.4,3.1
4515,2.4,-6.2,3.1,3.6,3.2
4516,2.5,-5.9,3.2,3.5,3.0
4517,2.8,-5.6,3.4,3.5,3.0
4518,2.2,-5.3,2.7,2.6,2.2
4519,0.9,0.0,1.4,0.9,0.9
4520,-3.4,0.0,-3.0,-2.7,-2.4
4521,-2.5,0.0,-1.8,-2.8,-2.1
4522,-4.0,0.0,-3.0,-4.2,-3.0
4523,-5.6,0.0,-4.3,-5.8,-4.1
4524,-7.0,0.0,-5.2,-6.9,-4.8
4525,-8.0,0.0,-17.3,-7.5,-5.1
4526,-8.9,0.0,-18.1,-8.1,-5.4
4527,-8.8,0.0,-18.3,-8.2,-5.0
4528,-23.0,0.0,-18.4,-8.2,-4.7
4529,-23.2,0.0,-18.7,-8.0,-4.3
4530,-23.0,0.0,-18.3,-6.9,-3.4
4531,-22.9,0.0,-18.0,-5.7,-2.7
4532,-45.0,0.0,-36.2,-3.2,-1.5
4533,-43.8,0.0,-35.2,-2.0,-0.6
4534,-42.8,0.0,-34.4,-1.3,-0.1
4535,-54.2,0.0,-46.8,-8.2,0.3
4536,-29.9,0.0,-14.2,-7.3,0.6
4537,-13.6,-8.0,-13.0,0.0,0.8
4538,-11.6,-7.7,-11.0,0.9,1.4
4539,-10.1,-7.4,0.3,1.2,1.5
4540,-8.7,-7.1,0.7,1.4,1.6
4541,-8.1,-6.8,0.3,0.9,1.2
4542,-7.5,-6.5,0.2,0.6,0.9
4543,-7.2,0.0,-6.8,-3.7,0.4
4544,-3.2,0.0,-2.4,-2.7,-1.8
4545,-4.2,0.0,-3.3,-17.0,-11.3
4546,-5.4,0.0,-4.2,-18.2,-12.0
4547,-8.6,0.0,-7.0,-21.5,-14.4
4548,-7.6,0.0,-5.6,-20.2,-13.3
4549,-8.8,0.0,-18.5,-14.4,-9.5
4550,-9.4,0.0,-19.0,-21.7,-14.2
4551,-10.1,0.0,-19.8,-22.8,-14.6
4552,-10.2,0.0,-20.2,-23.1,-14.6
4553,-10.1,0.0,-20.5,-23.0,-14.3
4554,-9.4,0.0,-20.0,-7.3,-4.0
4555,-9.2,0.0,-19.7,-7.3,-3.6
4556,-7.8,0.0,-38.3,-4.5,-2.4
4557,-6.7,0.0,-37.2,-3.2,-1.5
4558,-5.9,0.0,-36.3,-2.6,-1.0
4559,-5.2,0.0,-35.4,-2.0,-0.6
4560,-4.5,0.0,-3.0,-1.5,-0.3
4561,-16.6,-8.6,-16.0,-8.6,0.1
4562,-15.1,-8.3,-14.6,-7.7,0.2
4563,-13.4,-8.0,-12.9,-6.6,0.7
4564,-12.0,-7.7,-11.5,0.3,0.8
4565,-10.6,-7.4,-10.2,0.6,1.0
4566,-9.9,-7.1,-9.4,0.2,0.6
4567,-10.1,0.0,-9.7,-5.7,-5.3
4568,-3.5,0.0,-2.7,-2.8,-1.8
4569,-5.8,0.0,-4.7,-18.4,-12.3
4570,-7.6,0.0,-6.3,-20.3,-13.6
4571,-9.2,0.0,-7.5,-21.8,-14.7
4572,-11.2,0.0,-9.1,-23.7,-15.9
4573,-12.4,0.0,-22.1,-17.7,-12.0
4574,-13.2,0.0,-22.6,-25.1,-16.7
4575,-13.6,0.0,-23.4,-26.1,-17.0
4576,-13.5,0.0,-23.7,-26.3,-16.8
4577,-13.2,0.0,-23.8,-25.9,-16.3
4578,-13.0,0.0,-23.7,-11.0,-6.1
4579,-12.4,0.0,-23.2,-9.7,-5.2
4580,-10.8,0.0,-42.4,-6.6,-3.8
4581,-9.6,0.0,-41.3,-5.3,-2.8
4582,-8.7,0.0,-40.3,-4.5,-2.2
4583,-7.9,0.0,-39.3,-3.8,-1.8
4584,-7.0,0.0,-5.2,-3.1,-1.3
4585,-6.0,-9.9,-4.3,-2.4,-0.8
4586,-5.4,-9.6,-3.8,-2.0,-0.6
4587,-4.7,-9.2,-3.2,-1.6,-0.3
4588,-17.8,-8.9,-17.3,-9.3,-8.5
4589,-16.3,-8.6,-15.8,-8.5,0.0
4590,-15.6,-8.3,-15.0,-8.4,-7.7
4591,-4.3,0.0,-3.2,-2.5,-1.4
4592,-5.4,0.0,-4.4,-4.0,-2.6
4593,-7.1,0.0,-5.9,-19.4,-12.9
4594,-8.7,0.0,-7.1,-20.9,-14.0
4595,-10.3,0.0,-8.4,-22.6,-15.1
4596,-12.0,0.0,-9.7,-24.1,-16.2
4597,-12.9,0.0,-22.8,-17.8,-12.0
4598,-13.7,0.0,-23.4,-25.4,-16.9
4599,-14.1,0.0,-24.1,-26.3,-17.2
4600,-30.3,0.0,-24.2,-26.0,-16.7
4601,-28.8,0.0,-22.9,-22.4,-14.6
4602,-28.1,0.0,-22.3,-6.9,-4.0
4603,-26.1,0.0,-20.3,-4.7,-2.3
4604,-50.5,0.0,-39.5,-3.5,-1.5
4605,-49.2,0.0,-38.6,-2.9,-1.1
4606,-47.7,0.0,-37.5,-2.3,-0.7
4607,-62.8,0.0,-54.0,-11.5,-10.4
4608,-36.3,0.0,-19.6,-10.4,0.1
4609,-18.4,-9.3,-17.8,-9.2,0.5
4610,-16.3,-8.9,-15.8,0.2,1.0
4611,-14.8,-8.5,-14.3,0.3,0.9
4612,-12.6,-8.1,-12.2,1.2,1.5
4613,-11.4,-7.8,-11.0,1.0,1.3
4614,-10.8,-7.4,-10.4,0.3,0.7
4615,-11.8,0.0,-11.5,-7.1,-6.5
4616,-3.8,0.0,-2.8,-2.8,-1.7
4617,-4.9,0.0,-3.7,-17.3,-11.3
4618,-5.6,0.0,-4.3,-18.0,-11.8
4619,-6.4,0.0,-4.9,-18.9,-12.4
4620,-6.9,0.0,-5.4,-19.2,-12.7
4621,-7.3,0.0,-17.8,-12.8,-8.4
4622,-7.9,0.0,-18.2,-20.1,-13.3
4623,-8.9,0.0,-19.2,-21.3,-14.0
4624,-9.0,0.0,-19.3,-21.7,-13.9
4625,-7.6,0.0,-18.4,-19.4,-12.6
4626,-7.8,0.0,-18.4,-6.4,-3.3
4627,-6.8,0.0,-17.6,-4.7,-2.2
4628,-5.2,0.0,-35.3,-2.3,-0.9
4629,-17.6,0.0,-48.4,-9.3,-8.4
4630,-16.0,0.0,-46.7,-8.1,0.3
4631,-14.2,0.0,-44.6,0.3,0.9
4632,-12.4,0.0,-11.8,1.0,1.4
4633,-11.1,-7.7,-10.7,1.0,1.3
4634,-10.4,-7.4,-10.0,0.9,1.2
4635,-9.0,-7.2,0.8,1.6,1.7
4636,0.2,-6.9,1.0,1.7,1.7
4637,0.9,-6.6,1.6,2.1,2.0
4638,0.4,-6.3,1.1,1.4,1.3
4639,-7.1,0.0,-6.9,-4.4,-4.1
4640,-2.9,0.0,-2.4,-2.7,-2.0
4641,-4.7,0.0,-4.0,-17.8,-12.0
4642,-5.9,0.0,-4.8,-18.9,-12.6
4643,-7.2,0.0,-5.8,-20.2,-13.5
4644,-8.2,0.0,-6.3,-21.1,-14.0
4645,-9.3,0.0,-18.9,-15.1,-10.1
4646,-10.2,0.0,-19.6,-22.6,-15.0
4647,-10.3,0.0,-20.1,-23.2,-15.0
4648,-25.8,0.0,-20.8,-23.9,-15.1
4649,-26.5,0.0,-21.3,-24.4,-15.2
4650,-26.8,0.0,-21.3,-10.3,-5.3
4651,-26.7,0.0,-21.0,-8.5,-4.2
4652,-50.1,0.0,-39.7,-4.9,-2.7
4653,-48.5,0.0,-38.3,-3.3,-1.4
4654,-46.9,0.0,-37.0,-2.2,-0.6
4655,-45.7,0.0,-36.2,-1.8,-0.4
4656,-35.3,0.0,-18.7,-9.9,0.2
4657,-18.2,-9.1,-17.6,-9.4,0.1
4658,-17.5,-8.8,-17.0,-9.2,-8.4
4659,-16.7,-8.6,-16.1,-8.8,-8.0
4660,-15.4,-8.3,-14.9,-8.1,-7.4
4661,-14.0,-8.0,-13.5,-7.2,0.2
4662,-12.5,-7.7,-12.1,-6.4,0.4
4663,-11.2,0.0,-10.7,0.1,0.7
4664,-11.2,0.0,-10.7,-6.3,-5.7
4665,-4.4,0.0,-3.2,-3.3,-2.0
4666,-5.4,0.0,-4.0,-4.4,-2.9
4667,-6.3,0.0,-4.7,-5.3,-3.5
4668,-6.8,0.0,-5.0,-5.8,-3.8
4669,-7.0,0.0,-17.2,-5.8,-3.7
4670,-7.9,0.0,-17.8,-6.6,-4.2
4671,-7.9,0.0,-17.9,-6.8,-4.0
4672,-23.6,0.0,-18.5,-8.5,-4.5
4673,-23.9,0.0,-19.0,-8.7,-4.3
4674,-23.7,0.0,-18.6,-7.5,-3.4
4675,-24.8,0.0,-18.9,-9.3,-3.3
4676,-47.1,0.0,-37.2,-3.1,-1.4
4677,-60.9,0.0,-52.4,-10.8,-9.8
4678,-59.1,0.0,-51.0,-10.0,0.1
4679,-55.8,0.0,-48.0,0.6,1.3
4680,-30.4,0.0,-14.5,0.8,1.4
4681,-13.2,-8.3,-12.7,1.2,1.7
4682,-11.9,-8.0,0.4,1.5,1.8
4683,-11.1,-7.8,0.5,1.6,1.9
4684,-9.8,-7.4,0.6,1.6,1.7
4685,-8.7,-7.1,0.7,1.5,1.6
4686,-7.8,-6.8,0.6,1.2,1.3
4687,-7.6,0.0,0.1,0.3,0.6
4688,-7.2,0.0,-6.8,-3.9,0.3
4689,-8.5,0.0,-7.9,-5.5,-4.9
4690,-10.2,0.0,-9.5,-7.4,-6.3
4691,-4.8,0.0,-3.4,-4.4,-2.9
4692,-5.5,0.0,-3.8,-5.0,-3.3
4693,-6.3,0.0,-16.0,-5.6,-3.6
4694,-5.0,0.0,-15.3,-3.9,-2.4
4695,-4.7,0.0,-15.2,-3.3,-1.9
4696,-20.5,0.0,-16.4,-6.2,-3.4
4697,-20.7,0.0,-16.5,-6.4,-3.1
4698,-21.2,0.0,-17.0,-5.7,-2.9
4699,-30.6,0.0,-27.3,-8.6,-7.6
4700,-52.0,0.0,-45.1,-7.8,-7.1
4701,-50.4,0.0,-43.8,-6.8,0.5
4702,-48.9,0.0,-42.6,0.2,0.8
4703,-47.0,0.0,-41.0,0.7,1.1
4704,-24.6,0.0,-10.0,0.5,1.0
4705,-9.4,-7.1,-9.0,0.6,1.0
4706,-7.8,-6.8,0.7,1.3,1.4
4707,0.9,-6.6,1.7,2.2,2.1
4708,1.8,-6.3,2.4,2.8,2.5
4709,2.3,-6.0,2.9,3.1,2.7
4710,1.8,-5.7,2.4,2.4,2.0
4711,0.8,0.0,1.3,1.0,0.9
4712,0.4,0.0,1.0,0.6,0.6
4713,0.3,0.0,0.9,-14.4,-9.8
4714,0.1,0.0,0.9,-14.7,-10.0
4715,-5.9,0.0,-5.0,-17.9,-12.4
4716,-7.2,0.0,-6.1,-18.8,-13.1
4717,-8.4,0.0,-18.5,-13.0,-9.5
4718,-4.5,0.0,-14.2,-17.4,-11.3
4719,-5.4,0.0,-15.0,-18.7,-11.9
4720,-11.8,0.0,-22.1,-22.3,-15.5
4721,-5.0,0.0,-15.2,-18.6,-11.4
4722,-5.0,0.0,-15.1,-5.5,-2.2
4723,-13.4,0.0,-24.3,-8.6,-6.7
4724,-12.2,0.0,-41.6,-6.2,0.2
4725,-10.8,0.0,-40.2,0.4,0.9
4726,-9.2,0.0,-38.4,1.3,1.6
4727,-8.2,0.0,-37.3,1.3,1.5
4728,0.2,0.0,1.1,1.7,1.8
4729,0.8,-6.4,1.6,2.0,2.0
4730,1.6,-6.2,2.3,2.7,2.4
4731,2.2,-5.9,2.8,3.1,2.7
4732,2.7,-5.6,3.3,3.4,2.9
4733,2.8,-5.3,3.3,3.3,2.7
4734,2.3,-5.1,2.7,2.5,2.1
4735,1.9,0.0,2.3,1.9,1.6
4736,1.5,0.0,1.9,1.3,1.1
4737,0.6,0.0,1.2,-13.4,-8.8
4738,-2.8,0.0,-2.0,-15.4,-10.3
4739,-3.0,0.0,0.2,-15.3,-10.2
4740,-4.8,0.0,-3.8,-17.0,-11.6
4741,-3.4,0.0,-13.2,-10.2,-6.6
4742,-3.4,0.0,-13.3,-16.5,-10.6
4743,-8.0,0.0,-18.4,-18.9,-13.2
4744,-8.3,0.0,-18.8,-18.8,-13.2
4745,-8.2,0.0,-18.8,-18.5,-13.0
4746,-7.8,0.0,-18.6,-4.5,-3.9
4747,-7.2,0.0,-18.1,-3.8,0.3
4748,-6.6,0.0,-34.8,0.5,0.8
4749,-5.8,0.0,-34.1,0.9,1.0
4750,0.1,0.0,-33.2,1.2,1.3
4751,0.6,0.0,-32.3,1.6,1.5
4752,1.4,0.0,2.1,2.3,2.1
4753,1.4,-5.5,2.0,2.0,1.8
4754,1.8,-5.3,2.3,2.2,1.9
4755,1.9,-5.2,2.4,2.3,1.9
4756,2.2,-5.0,2.6,2.4,2.0
4757,2.4,-4.8,2.7,2.5,2.0
4758,2.2,-4.6,2.5,2.1,1.7
4759,1.9,0.0,2.3,1.6,1.3
4760,2.2,0.0,2.5,1.9,1.5
4761,2.0,0.0,2.4,-11.3,-7.0
4762,1.6,0.0,2.1,-11.7,-7.4
4763,1.0,0.0,1.5,-12.5,-7.9
4764,1.0,0.0,1.6,-12.6,-8.0
4765,1.5,0.0,-9.7,-5.7,-3.6
4766,1.5,0.0,-9.7,-12.0,-7.6
4767,1.7,0.0,-9.6,-11.7,-7.4
4768,-11.0,0.0,-9.7,-11.9,-7.5
4769,-11.6,0.0,-10.3,-12.3,-7.9
4770,-12.0,0.0,-10.6,1.1,0.9
4771,-12.3,0.0,-10.9,1.2,1.1
4772,-30.4,0.0,-27.5,1.2,1.0
4773,-30.4,0.0,-27.5,1.2,1.1
4774,-30.1,0.0,-27.2,1.5,1.3
4775,-29.7,0.0,-26.9,1.7,1.4
4776,-11.8,0.0,1.9,1.6,1.3
4777,1.5,-4.7,1.9,1.5,1.3
4778,1.6,-4.6,1.9,1.6,1.3
4779,1.7,-4.5,2.0,1.5,1.3
4780,1.8,-4.4,2.1,1.6,1.3
4781,1.9,-4.3,2.1,1.6,1.3
4782,1.8,-4.2,2.0,1.4,1.1
4783,1.6,0.0,1.8,1.1,0.8
4784,1.2,0.0,1.5,0.6,0.5
4785,0.5,0.0,0.9,-12.6,-8.0
4786,0.0,0.0,0.5,-13.3,-8.5
4787,-0.5,0.0,0.1,-13.7,-8.7
4788,-2.3,0.0,-1.4,-15.6,-10.2
4789,-1.6,0.0,-11.7,-8.2,-5.3
4790,-2.3,0.0,-12.4,-15.3,-9.9
4791,-2.4,0.0,-12.5,-15.2,-9.8
4792,-2.5,0.0,-12.8,-15.3,-9.8
4793,-2.3,0.0,-12.7,-14.9,-9.5
4794,-2.6,0.0,-13.0,-2.1,-1.2
4795,-2.1,0.0,-12.6,-1.4,-0.6
4796,-1.8,0.0,-29.5,-0.9,-0.3
4797,-6.1,0.0,-34.1,0.0,0.4
4798,0.0,0.0,-32.9,1.1,1.2
4799,0.6,0.0,-31.9,1.6,1.6
4800,1.2,0.0,1.9,2.1,1.9
4801,2.0,-5.5,2.5,2.6,2.3
4802,2.2,-5.4,2.7,2.8,2.4
4803,2.0,-5.3,2.5,2.4,2.1
4804,2.4,-5.1,2.9,2.8,2.3
4805,2.8,-4.9,3.2,3.0,2.5
4806,2.4,-4.7,2.8,2.4,2.0
4807,1.5,0.0,1.9,1.3,1.1
4808,0.4,0.0,0.8,-0.6,0.1
4809,-1.8,0.0,-1.2,-15.2,-9.9
4810,-4.0,0.0,-3.3,-17.6,-11.7
4811,-5.4,0.0,-4.3,-18.9,-12.6
4812,-6.6,0.0,-5.0,-20.0,-13.3
4813,-7.8,0.0,-17.2,-14.3,-9.6
4814,-8.0,0.0,-17.5,-20.8,-13.7
4815,-7.5,0.0,-17.5,-20.0,-13.1
4816,-22.7,0.0,-18.7,-21.8,-14.0
4817,-23.3,0.0,-19.1,-22.5,-14.0
4818,-23.7,0.0,-19.1,-8.6,-4.5
4819,-23.7,0.0,-18.9,-7.4,-3.6
4820,-45.4,0.0,-36.6,-3.7,-1.8
4821,-44.6,0.0,-35.9,-2.7,-1.1
4822,-56.4,0.0,-48.6,-9.1,0.1
4823,-54.5,0.0,-47.1,-8.2,0.4
4824,-29.9,0.0,-14.2,-7.2,0.8
4825,-13.5,-8.1,-12.9,0.3,1.0
4826,-12.2,-7.9,-11.6,0.8,1.3
4827,-10.8,-7.6,0.4,1.4,1.8
4828,-9.2,-7.3,0.9,1.8,2.0
4829,0.2,-7.0,1.1,1.8,1.9
4830,-7.4,-6.7,0.7,1.2,1.4
4831,-8.3,0.0,-7.8,-4.7,-4.3
4832,-4.1,0.0,-3.3,-3.6,-2.5
4833,-6.0,0.0,-5.0,-5.5,-3.8
4834,-7.3,0.0,-6.0,-6.7,-4.7
4835,-9.4,0.0,-7.8,-8.9,-6.2
4836,-10.6,0.0,-8.6,-9.7,-6.7
4837,-11.9,0.0,-21.6,-10.6,-7.2
4838,-11.7,0.0,-21.4,-10.0,-6.6
4839,-11.8,0.0,-21.9,-10.2,-6.5
4840,-26.9,0.0,-21.6,-9.7,-5.8
4841,-26.9,0.0,-21.6,-8.9,-5.3
4842,-26.5,0.0,-21.0,-8.4,-4.5
4843,-24.6,0.0,-19.3,-4.8,-2.4
4844,-46.7,0.0,-36.7,-2.0,-0.4
4845,-61.5,0.0,-52.9,-11.0,-9.9
4846,-59.4,0.0,-51.1,-9.9,0.3
4847,-57.2,0.0,-49.3,-9.0,0.5
4848,-32.2,0.0,-16.1,-8.3,0.5
4849,-15.4,-8.5,-14.9,-7.6,0.6
4850,-14.3,-8.3,-13.8,0.0,0.8
4851,-13.5,-8.1,-12.9,0.4,1.0
4852,-11.9,-7.8,-11.4,0.7,1.2
4853,-10.3,-7.5,0.2,1.1,1.4
4854,-9.0,-7.1,0.6,1.3,1.5
4855,-8.4,0.0,0.3,0.7,1.0
4856,-8.2,0.0,-7.7,-4.3,0.4
4857,-8.2,0.0,-7.5,-4.5,-4.1
4858,-9.2,0.0,-8.4,-5.9,-5.1
4859,-10.9,0.0,-9.9,-7.8,-6.6
4860,-11.8,0.0,-10.5,-8.3,-6.9
4861,-13.6,0.0,-23.4,-9.6,-7.9
4862,-14.0,0.0,-23.7,-9.4,-7.7
4863,-14.7,0.0,-24.7,-10.5,-8.2
4864,-29.6,0.0,-25.5,-11.8,-8.4
4865,-30.4,0.0,-26.6,-12.8,-8.6
4866,-31.1,0.0,-27.1,-11.8,-8.2
4867,-30.1,0.0,-26.5,-8.0,0.7
4868,-50.4,0.0,-43.4,1.2,1.7
4869,-47.5,0.0,-41.0,2.3,2.5
4870,-44.6,0.0,-38.6,3.1,3.0
4871,-41.5,0.0,-35.9,3.9,3.5
4872,-18.5,0.0,3.3,4.1,3.6
4873,3.3,-6.3,4.0,4.5,3.8
4874,4.5,-5.9,5.0,5.4,4.4
4875,5.1,-5.6,5.6,5.8,4.7
4876,5.9,-5.2,6.2,6.3,5.0
4877,6.4,-4.8,6.7,6.6,5.1
4878,5.8,-4.5,6.0,5.6,4.3
4879,3.4,0.0,3.4,2.6,1.8
4880,1.6,0.0,1.4,0.4,0.0
4881,0.3,0.0,0.4,-13.6,-9.0
4882,-2.1,0.0,-1.6,-15.5,-10.3
4883,-4.0,0.0,-3.1,-17.0,-11.5
4884,-5.7,0.0,-4.5,-18.1,-12.3
4885,-6.2,0.0,-16.3,-11.4,-8.1
4886,-6.0,0.0,-16.5,-17.0,-11.8
4887,-6.9,0.0,-17.3,-17.9,-12.5
4888,-3.3,0.0,-13.4,-16.4,-10.4
4889,-4.2,0.0,-14.3,-18.3,-11.1
4890,-4.2,0.0,-14.2,-5.2,-2.1
4891,-4.2,0.0,-14.2,-4.9,-1.6
4892,-10.1,0.0,-39.0,-5.0,0.5
4893,0.1,0.0,-36.7,1.8,1.9
4894,1.1,0.0,-34.7,2.7,2.6
4895,1.5,0.0,-33.2,2.9,2.7
4896,2.4,0.0,3.2,3.7,3.2
4897,2.8,-5.8,3.4,3.7,3.1
4898,4.0,-5.5,4.5,4.7,3.8
4899,4.7,-5.2,5.1,5.2,4.1
4900,5.5,-4.9,5.9,5.8,4.6
4901,5.4,-4.6,5.6,5.4,4.2
4902,5.5,-4.3,5.7,5.3,4.1
4903,3.2,0.0,3.3,2.5,1.8
4904,1.3,0.0,1.4,0.3,0.1
4905,-0.7,0.0,-0.4,-14.6,-9.6
4906,-2.5,0.0,-1.8,-16.2,-10.7
4907,-4.0,0.0,-3.0,-17.6,-11.7
4908,-5.2,0.0,-3.7,-18.7,-12.3
4909,-6.0,0.0,-15.3,-12.7,-8.4
4910,-5.8,0.0,-15.3,-18.7,-12.2
4911,-6.6,0.0,-16.0,-19.9,-12.6
4912,-7.2,0.0,-16.8,-21.1,-13.0
4913,-6.8,0.0,-16.9,-21.2,-12.6
4914,-6.8,0.0,-16.8,-7.3,-3.0
4915,-6.1,0.0,-16.3,-5.7,-2.0
4916,-15.8,0.0,-45.9,-8.3,-7.4
4917,-14.1,0.0,-44.1,-6.8,0.8
4918,-12.5,0.0,-42.4,0.6,1.2
4919,-11.2,0.0,-40.8,1.0,1.5
4920,-9.6,0.0,0.7,1.7,1.9
4921,0.4,-7.0,1.3,2.1,2.2
4922,1.1,-6.7,1.9,2.6,2.5
4923,1.9,-6.4,2.7,3.3,2.9
4924,2.7,-6.1,3.4,3.8,3.3
4925,3.3,-5.7,3.9,4.2,3.5
4926,2.9,-5.4,3.4,3.4,2.8
4927,1.9,0.0,2.2,1.9,1.5
4928,0.3,0.0,0.5,-1.6,-1.7
4929,-4.6,0.0,-4.3,-16.8,-11.7
4930,-6.6,0.0,-6.0,-18.5,-12.9
4931,-4.6,0.0,-3.4,-17.9,-11.7
4932,-6.0,0.0,-4.3,-19.1,-12.5
4933,-7.0,0.0,-16.3,-13.2,-8.6
4934,-7.9,0.0,-16.8,-20.5,-13.3
4935,-8.2,0.0,-17.4,-21.5,-13.5
4936,-22.8,0.0,-18.1,-22.3,-13.6
4937,-23.5,0.0,-18.7,-23.0,-13.5
4938,-23.9,0.0,-18.7,-8.9,-3.7
4939,-24.5,0.0,-18.7,-8.7,-3.0
4940,-46.7,0.0,-36.9,-2.7,-1.0
4941,-60.1,0.0,-51.6,-10.4,0.0
4942,-57.7,0.0,-49.6,-9.1,0.5
4943,-55.3,0.0,-47.6,0.0,0.9
4944,-30.2,0.0,-14.3,0.6,1.3
4945,-13.2,-8.2,-12.6,1.2,1.7
4946,-11.4,-7.8,0.4,1.6,1.9
4947,-9.7,-7.5,0.9,1.9,2.1
4948,0.5,-7.1,1.5,2.3,2.3
4949,1.2,-6.8,2.0,2.7,2.6
4950,1.3,-6.5,2.1,2.5,2.3
4951,0.2,0.0,0.8,0.9,1.0
4952,-6.8,0.0,-6.6,-4.3,-4.0
4953,-3.6,0.0,-2.9,-16.5,-10.9
4954,-5.6,0.0,-4.6,-18.6,-12.3
4955,-7.5,0.0,-6.0,-20.4,-13.6
4956,-9.0,0.0,-7.1,-21.8,-14.5
4957,-10.3,0.0,-19.8,-16.0,-10.6
4958,-11.0,0.0,-20.3,-23.2,-15.3
4959,-11.7,0.0,-21.4,-24.4,-15.8
4960,-11.7,0.0,-21.9,-24.3,-15.6
4961,-12.1,0.0,-22.6,-24.7,-15.7
4962,-11.9,0.0,-22.5,-10.0,-5.6
4963,-10.5,0.0,-21.5,-7.3,-4.2
4964,-9.1,0.0,-40.1,-5.3,-2.9
4965,-8.4,0.0,-39.4,-4.7,-2.5
4966,-6.6,0.0,-37.4,-2.8,-1.1
4967,-5.2,0.0,-35.9,-1.6,-0.2
4968,-19.5,0.0,-18.7,-10.0,0.1
4969,-17.8,-9.0,-17.2,-9.0,0.4
4970,-16.6,-8.8,-16.0,-8.3,0.6
4971,-15.2,-8.5,-14.6,0.2,0.9
4972,-13.2,-8.2,-12.7,0.9,1.4
4973,-11.9,-7.8,-11.4,0.8,1.3
4974,-10.5,-7.5,0.1,1.0,1.4
4975,-9.9,0.0,-9.4,0.4,0.8
4976,-10.2,0.0,-9.7,-5.7,-5.1
4977,-3.6,0.0,-2.4,-15.8,-10.1
4978,-4.9,0.0,-3.6,-17.3,-11.3
4979,-5.3,0.0,-4.0,-17.7,-11.5
4980,-4.1,0.0,-2.9,-16.2,-10.4
4981,-2.8,0.0,-13.6,-8.0,-4.9
4982,-10.0,0.0,-21.2,-18.7,-13.6
4983,-9.3,0.0,-20.5,-18.2,-13.2
4984,-23.6,0.0,-21.0,-19.5,-14.0
4985,-18.6,0.0,-15.2,-19.7,-11.7
4986,-19.2,0.0,-15.5,-6.4,-2.6
4987,-18.3,0.0,-14.7,-2.7,-1.1
4988,-47.1,0.0,-40.9,0.8,1.2
4989,-45.6,0.0,-39.7,1.0,1.3
4990,-43.9,0.0,-38.3,1.4,1.6
4991,-42.5,0.0,-37.3,1.3,1.5
4992,-21.0,0.0,0.6,1.2,1.4
4993,0.3,-6.5,1.0,1.5,1.5
4994,0.3,-6.3,1.0,1.4,1.4
4995,0.3,-6.2,1.0,1.3,1.4
4996,0.6,-6.0,1.2,1.4,1.4
4997,0.9,-5.8,1.4,1.5,1.4
4998,1.0,-5.6,1.5,1.5,1.4
4999,0.8,0.0,1.3,1.1,1.0
5000,0.1,0.0,0.7,0.2,0.3
5001,-4.6,0.0,-4.0,-3.4,-2.9
5002,-5.3,0.0,-4.6,-4.2,-3.5
5003,-3.4,0.0,-2.3,-3.6,-2.4
5004,-4.2,0.0,-2.9,-4.3,-2.9
5005,-6.2,0.0,-15.6,-6.1,-4.1
5006,-4.6,0.0,-14.7,-4.1,-2.6
5007,-4.0,0.0,-14.4,-3.0,-1.8
5008,-18.6,0.0,-15.2,-4.5,-2.7
5009,-19.7,0.0,-16.1,-7.5,-3.5
5010,-20.0,0.0,-16.2,-5.6,-2.7
5011,-20.0,0.0,-16.1,-4.5,-2.1
5012,-40.5,0.0,-33.3,-1.8,-0.7
5013,-49.9,0.0,-43.4,-6.8,0.3
5014,-48.2,0.0,-41.9,0.4,0.9
5015,-46.2,0.0,-40.2,1.0,1.4
5016,-23.5,0.0,0.4,1.2,1.5
5017,-8.3,-7.0,0.6,1.3,1.5
5018,0.5,-6.8,1.4,2.0,2.0
5019,1.1,-6.7,1.9,2.5,2.4
5020,1.3,-6.3,2.1,2.5,2.3
5021,1.7,-6.1,2.3,2.6,2.3
5022,1.8,-5.8,2.4,2.5,2.2
5023,0.5,0.0,1.1,0.9,0.9
5024,-5.1,0.0,-4.8,-3.7,-3.3
5025,-3.3,0.0,-2.6,-3.4,-2.5
5026,-4.5,0.0,-3.5,-4.6,-3.2
5027,-5.0,0.0,-3.8,-4.8,-3.3
5028,-6.0,0.0,-4.6,-5.7,-3.9
5029,-5.5,0.0,-15.8,-4.7,-3.1
5030,-6.5,0.0,-16.7,-5.8,-3.8
5031,-6.6,0.0,-16.9,-5.6,-3.6
5032,-22.4,0.0,-18.5,-8.2,-5.0
5033,-22.1,0.0,-18.2,-7.1,-4.2
5034,-22.1,0.0,-18.0,-6.3,-3.6
5035,-21.7,0.0,-17.6,-4.8,-2.6
5036,-43.3,0.0,-35.3,-3.1,-1.6
5037,-42.3,0.0,-34.4,-2.0,-0.8
5038,-41.5,0.0,-33.8,-1.4,-0.3
5039,-40.7,0.0,-33.2,-1.1,-0.1
5040,-28.8,0.0,-13.5,-7.2,0.1
5041,-13.0,-7.8,-12.4,-6.6,0.3
5042,-11.3,-7.5,-10.9,0.2,0.8
5043,-9.9,-7.2,-9.5,0.7,1.0
5044,-9.0,-6.9,-8.6,0.5,0.9
5045,-7.9,-6.7,0.2,0.7,1.0
5046,-7.3,-6.5,0.0,0.4,0.7
5047,-7.3,0.0,-6.9,-4.0,0.0
5048,-2.4,0.0,-1.7,-1.9,-1.2
5049,-4.6,0.0,-3.7,-17.5,-11.6
5050,-6.8,0.0,-5.7,-19.7,-13.2
5051,-8.5,0.0,-7.0,-21.4,-14.4
5052,-9.9,0.0,-8.0,-22.7,-15.2
5053,-10.8,0.0,-20.5,-16.5,-11.0
5054,-11.5,0.0,-20.9,-23.6,-15.6
5055,-11.8,0.0,-21.4,-24.5,-15.7
5056,-12.1,0.0,-22.1,-25.3,-15.9
5057,-11.8,0.0,-22.3,-25.1,-15.5
5058,-11.5,0.0,-22.2,-9.8,-5.2
5059,-11.2,0.0,-21.9,-9.2,-4.6
5060,-9.2,0.0,-40.4,-5.3,-2.8
5061,-7.8,0.0,-39.0,-3.8,-1.8
5062,-5.8,0.0,-36.9,-1.9,-0.3
5063,-20.5,0.0,-52.3,-10.2,0.5
5064,-19.9,0.0,-19.2,-10.3,-9.4
5065,-18.1,-9.1,-17.5,-9.2,0.3
5066,-16.5,-8.7,-15.9,-8.3,0.4
5067,-14.7,-8.4,-14.2,0.0,0.8
5068,-13.1,-8.0,-12.7,0.3,0.9
5069,-11.6,-7.7,-11.2,0.7,1.1
5070,-10.8,-7.4,-10.3,0.3,0.8
5071,-11.4,0.0,-11.0,-6.5,-5.9
5072,-4.6,0.0,-3.7,-3.7,-2.4
5073,-6.9,0.0,-6.0,-19.6,-13.2
5074,-8.8,0.0,-7.5,-21.4,-14.4
5075,-10.6,0.0,-9.0,-23.2,-15.6
5076,-11.8,0.0,-9.6,-24.2,-16.2
5077,-12.4,0.0,-22.3,-17.6,-11.8
5078,-13.5,0.0,-23.0,-25.3,-16.8
5079,-13.5,0.0,-23.4,-25.9,-16.8
5080,-12.8,0.0,-23.2,-25.3,-16.1
5081,-13.0,0.0,-23.7,-26.4,-16.2
5082,-12.8,0.0,-23.6,-11.2,-5.8
5083,-12.2,0.0,-23.0,-10.3,-4.8
5084,-9.4,0.0,-41.2,-4.8,-2.4
5085,-7.9,0.0,-39.7,-3.4,-1.4
5086,-7.0,0.0,-38.5,-2.7,-0.9
5087,-23.7,0.0,-56.1,-12.3,-11.2
5088,-21.6,0.0,-20.9,-10.9,0.3
5089,-19.7,-9.6,-19.0,-9.8,0.6
5090,-17.7,-9.2,-17.1,-8.7,0.8
5091,-16.2,-8.8,-15.7,-7.9,0.8
5092,-14.8,-8.4,-14.4,-7.3,0.7
5093,-13.4,-8.1,-13.0,0.1,0.7
5094,-12.2,-7.7,-11.8,0.1,0.7
5095,-11.7,0.0,-11.2,-6.2,0.1
5096,-12.6,0.0,-12.5,-8.0,-7.3
5097,-13.3,0.0,-12.9,-22.2,-16.6
5098,-4.8,0.0,-3.4,-17.1,-11.1
5099,-4.5,0.0,-3.1,-16.7,-10.7
5100,-5.4,0.0,-3.8,-17.8,-11.5
5101,-6.3,0.0,-16.5,-11.8,-7.6
5102,-7.0,0.0,-16.8,-19.3,-12.5
5103,-7.7,0.0,-17.6,-20.5,-13.0
5104,-22.5,0.0,-17.9,-20.7,-12.9
5105,-22.1,0.0,-17.5,-19.9,-12.2
5106,-22.1,0.0,-17.4,-5.8,-2.4
5107,-36.4,0.0,-32.0,-15.5,-10.6
5108,-59.0,0.0,-50.8,-10.1,-9.2
5109,-56.4,0.0,-48.6,-8.5,0.7
5110,-53.7,0.0,-46.3,0.6,1.2
5111,-51.3,0.0,-44.3,1.0,1.5
5112,-26.8,0.0,0.2,1.4,1.7
5113,-10.6,-7.7,0.5,1.6,1.8
5114,0.6,-7.3,1.5,2.4,2.4
5115,1.5,-7.0,2.3,3.1,2.8
5116,2.1,-6.6,2.8,3.4,3.0
5117,2.8,-6.3,3.4,3.9,3.3
5118,2.2,-5.9,2.8,3.0,2.5
5119,1.7,0.0,2.2,2.1,1.8
5120,-3.9,0.0,0.2,-2.5,-2.5
5121,-5.9,0.0,-5.7,-17.7,-12.5
5122,-4.0,0.0,-3.3,-17.3,-11.5
5123,-5.8,0.0,-4.7,-19.1,-12.7
5124,-6.1,0.0,-4.6,-19.1,-12.6
5125,-6.9,0.0,-16.8,-13.1,-8.6
5126,-8.1,0.0,-17.5,-20.7,-13.6
5127,-8.3,0.0,-18.1,-21.3,-13.7
5128,-8.5,0.0,-18.5,-22.1,-13.7
5129,-8.0,0.0,-18.5,-21.0,-13.1
5130,-8.1,0.0,-18.6,-8.2,-3.7
5131,-7.5,0.0,-18.0,-6.8,-2.6
5132,-5.5,0.0,-35.8,-2.4,-0.9
5133,-17.9,0.0,-48.8,-9.2,0.1
5134,-16.3,0.0,-47.0,-8.0,0.5
5135,-15.0,0.0,-45.5,-7.3,0.7
5136,-13.5,0.0,-12.9,0.4,1.0
5137,-11.6,-7.8,0.0,1.1,1.5
5138,-10.4,-7.6,0.5,1.5,1.8
5139,0.3,-7.3,1.3,2.2,2.2
5140,1.0,-7.0,1.8,2.6,2.5
5141,1.7,-6.6,2.5,3.1,2.8
5142,1.3,-6.3,2.0,2.3,2.2
5143,-5.5,0.0,0.5,0.5,0.6
5144,-7.0,0.0,-6.8,-4.8,-4.3
5145,-4.4,0.0,-3.8,-17.5,-11.7
5146,-5.9,0.0,-5.0,-19.0,-12.7
5147,-7.1,0.0,-5.9,-20.2,-13.5
5148,-8.9,0.0,-7.0,-21.9,-14.6
5149,-9.0,0.0,-18.6,-14.9,-9.8
5150,-9.6,0.0,-18.8,-21.8,-14.3
5151,-10.0,0.0,-19.6,-22.9,-14.6
5152,-25.1,0.0,-20.0,-23.3,-14.5
5153,-25.3,0.0,-20.3,-24.1,-14.3
5154,-24.6,0.0,-19.5,-6.6,-3.5
5155,-24.2,0.0,-19.0,-5.9,-2.7
5156,-47.0,0.0,-37.4,-3.2,-1.4
5157,-45.9,0.0,-36.5,-2.4,-0.8
5158,-45.2,0.0,-36.0,-2.1,-0.7
5159,-43.8,0.0,-35.0,-1.4,-0.2
5160,-33.0,0.0,-16.8,-8.9,0.2
5161,-15.9,-8.6,-15.3,-7.9,0.5
5162,-14.4,-8.4,-13.9,0.3,1.0
5163,-13.3,-8.1,-12.8,0.5,1.1
5164,-11.6,-7.8,-11.1,1.0,1.4
5165,-9.7,-7.4,0.7,1.6,1.8
5166,0.1,-7.1,1.0,1.7,1.8
5167,-8.7,0.0,-8.2,0.1,0.5
5168,-9.7,0.0,-9.4,-6.2,-5.5
5169,-4.2,0.0,-3.2,-3.5,-2.3
5170,-6.1,0.0,-5.0,-5.6,-3.8
5171,-7.6,0.0,-6.2,-7.1,-4.8
5172,-8.7,0.0,-6.9,-8.0,-5.4
5173,-9.0,0.0,-19.0,-7.9,-5.2
5174,-9.7,0.0,-19.4,-8.2,-5.3
5175,-10.4,0.0,-20.1,-9.3,-5.7
5176,-25.3,0.0,-20.3,-8.9,-5.2
5177,-25.3,0.0,-20.3,-8.6,-4.7
5178,-25.0,0.0,-19.9,-8.2,-4.0
5179,-24.9,0.0,-19.5,-7.3,-3.1
5180,-47.9,0.0,-38.0,-3.5,-1.6
5181,-46.7,0.0,-37.1,-2.6,-0.9
5182,-45.4,0.0,-36.0,-1.8,-0.4
5183,-59.1,0.0,-50.9,-10.1,-9.2
5184,-33.6,0.0,-17.4,-9.2,0.2
5185,-16.6,-8.7,-16.0,-8.4,0.3
5186,-15.5,-8.5,-14.9,-7.7,0.5
5187,-14.5,-8.3,-14.0,0.1,0.8
5188,-13.2,-8.0,-12.8,0.1,0.7
5189,-11.8,-7.7,-11.4,0.4,0.9
5190,-11.2,-7.4,-10.8,-5.7,0.4
5191,-10.5,0.0,-10.1,-5.5,0.2
5192,-9.7,0.0,-9.3,-5.1,0.1
5193,-9.2,0.0,-8.7,-4.8,0.1
5194,-3.3,0.0,-2.3,-2.4,-1.4
5195,-6.7,0.0,-5.5,-6.5,-4.5
5196,-8.4,0.0,-6.7,-8.0,-5.5
5197,-9.5,0.0,-19.2,-8.7,-5.8
5198,-10.4,0.0,-19.8,-9.1,-6.0
5199,-11.0,0.0,-20.8,-10.1,-6.3
5200,-26.0,0.0,-21.0,-9.7,-5.8
5201,-26.1,0.0,-21.2,-9.3,-5.4
5202,-26.8,0.0,-21.7,-10.3,-5.4
5203,-25.6,0.0,-20.4,-6.2,-3.5
5204,-48.9,0.0,-38.9,-4.3,-2.2
5205,-47.2,0.0,-37.4,-2.7,-1.0
5206,-46.3,0.0,-36.7,-2.3,-0.8
5207,-46.1,0.0,-36.9,-2.9,-1.3
5208,-21.6,0.0,-4.2,-2.6,-1.1
5209,-4.9,-9.0,-3.4,-1.9,-0.6
5210,-4.1,-8.7,-2.8,-1.4,-0.3
5211,-15.3,-8.4,-14.8,-7.7,0.4
5212,-13.5,-8.1,-13.0,0.2,0.8
5213,-11.6,-7.8,-11.2,0.9,1.3
5214,-11.1,-7.4,-10.7,0.2,0.7
5215,-11.4,0.0,-11.0,-6.5,-5.8
5216,-4.3,0.0,-3.3,-3.3,-2.1
5217,-5.8,0.0,-4.7,-18.3,-12.1
5218,-7.7,0.0,-6.5,-20.4,-13.6
5219,-9.1,0.0,-7.6,-21.8,-14.6
5220,-10.2,0.0,-8.2,-22.8,-15.2
5221,-11.5,0.0,-21.4,-16.9,-11.2
5222,-11.7,0.0,-21.6,-23.6,-15.7
5223,-11.7,0.0,-21.8,-23.9,-15.5
5224,-11.6,0.0,-21.9,-24.4,-15.4
5225,-10.3,0.0,-21.1,-22.9,-14.2
5226,-8.7,0.0,-19.6,-6.5,-3.1
5227,-7.0,0.0,-18.1,-3.7,-1.5
5228,-21.9,0.0,-53.8,-11.5,-10.4
5229,-20.3,0.0,-51.9,-10.5,-9.5
5230,-18.7,0.0,-50.1,-9.5,0.3
5231,-17.0,0.0,-48.0,-8.3,0.7
5232,-16.0,0.0,-15.4,-8.0,0.4
5233,-14.7,-8.3,-14.2,-7.3,0.5
5234,-12.9,-8.0,-12.5,0.3,0.9
5235,-11.4,-7.7,-11.0,0.7,1.1
5236,-10.2,-7.3,-9.9,0.7,1.0
5237,-9.4,-7.1,-9.0,0.5,0.8
5238,-8.4,-6.8,-8.1,0.5,0.8
5239,-8.0,0.0,-7.7,-4.1,0.3
5240,-8.6,0.0,-8.2,-5.4,-4.8
5241,-2.9,0.0,-1.9,-15.4,-9.9
5242,-3.8,0.0,-2.7,-16.5,-10.7
5243,-4.7,0.0,-3.5,-17.5,-11.4
5244,-4.8,0.0,-3.5,-17.4,-11.3
5245,-4.6,0.0,-15.1,-10.3,-6.6
5246,-6.4,0.0,-16.4,-19.0,-12.5
5247,-7.9,0.0,-17.5,-21.1,-13.5
5248,-7.9,0.0,-17.9,-21.6,-13.4
5249,-7.1,0.0,-17.7,-19.6,-12.5
5250,-7.6,0.0,-18.2,-7.5,-3.7
5251,-6.8,0.0,-17.5,-5.5,-2.5
5252,-4.9,0.0,-34.8,-2.2,-0.9
5253,-4.0,0.0,-33.8,-1.3,-0.3
5254,-15.3,0.0,-45.6,-7.9,-7.2
5255,-14.5,0.0,-44.6,-7.5,-6.9
5256,-13.5,0.0,-12.9,-6.9,0.2
5257,-12.0,-7.6,-11.5,0.0,0.6
5258,-10.9,-7.4,-10.5,0.1,0.6
5259,-9.5,-7.1,-9.1,0.6,0.9
5260,-8.2,-6.8,0.3,0.9,1.1
5261,-7.2,-6.6,0.5,1.0,1.1
5262,-6.7,-6.3,0.3,0.6,0.8
5263,-7.3,0.0,-7.1,-4.4,-4.0
5264,-3.0,0.0,-2.4,-2.7,-1.8
5265,-5.0,0.0,-4.4,-18.1,-12.1
5266,-6.5,0.0,-5.5,-19.5,-13.0
5267,-7.9,0.0,-6.6,-20.9,-14.0
5268,-9.3,0.0,-7.6,-22.2,-14.8
5269,-10.4,0.0,-20.2,-16.2,-10.8
5270,-11.6,0.0,-21.0,-23.8,-15.7
5271,-12.1,0.0,-21.8,-25.0,-16.1
5272,-27.8,0.0,-22.4,-25.8,-16.1
5273,-28.5,0.0,-22.9,-26.1,-15.9
5274,-29.1,0.0,-23.2,-11.5,-5.7
5275,-29.2,0.0,-22.8,-10.5,-4.7
5276,-52.8,0.0,-41.0,-4.4,-2.1
5277,-51.1,0.0,-39.7,-3.4,-1.3
5278,-50.2,0.0,-39.3,-3.4,-1.4
5279,-49.1,0.0,-38.6,-3.1,-1.2
5280,-23.2,0.0,-4.8,-2.8,-1.0
5281,-6.0,-9.9,-4.3,-2.4,-0.8
5282,-5.5,-9.5,-3.9,-2.1,-0.7
5283,-4.9,-9.2,-3.5,-1.9,-0.5
5284,-4.4,-8.9,-3.0,-1.5,-0.3
5285,-3.9,-8.6,-2.6,-1.3,-0.2
5286,-15.5,-8.3,-15.0,-8.3,-7.6
5287,-4.4,0.0,-3.3,-2.5,-1.3
5288,-6.0,0.0,-5.1,-4.6,-3.1
5289,-7.8,0.0,-6.8,-20.2,-13.5
5290,-9.5,0.0,-8.2,-21.9,-14.6
5291,-10.9,0.0,-9.2,-23.3,-15.6
5292,-12.1,0.0,-9.9,-24.4,-16.2
5293,-13.2,0.0,-23.3,-18.2,-12.1
5294,-14.0,0.0,-23.8,-25.7,-17.0
5295,-14.4,0.0,-24.3,-26.6,-17.2
5296,-14.5,0.0,-24.8,-27.4,-17.2
5297,-14.0,0.0,-24.9,-26.7,-16.6
5298,-13.8,0.0,-24.8,-12.1,-6.2
5299,-12.2,0.0,-23.6,-7.7,-4.3
5300,-10.4,0.0,-42.6,-5.5,-2.9
5301,-9.6,0.0,-41.8,-4.9,-2.4
5302,-9.1,0.0,-41.1,-4.6,-2.3
5303,-8.5,0.0,-40.3,-4.1,-1.9
5304,-7.9,0.0,-6.0,-3.7,-1.7
5305,-7.5,-10.4,-5.7,-3.6,-1.7
5306,-6.7,-10.1,-5.0,-3.1,-1.3
5307,-6.1,-9.9,-4.5,-2.6,-1.0
5308,-5.3,-9.6,-3.8,-2.1,-0.7
5309,-19.1,-9.2,-18.6,-10.1,-9.2
5310,-4.5,-8.9,-3.1,-1.7,-0.5
5311,-5.1,0.0,-4.0,-2.9,-1.6
5312,-6.9,0.0,-5.9,-5.2,-3.4
5313,-7.5,0.0,-6.2,-19.6,-12.9
5314,-9.1,0.0,-7.7,-21.3,-14.2
5315,-9.7,0.0,-8.0,-21.9,-14.5
5316,-9.4,0.0,-7.6,-21.2,-14.0
5317,-8.5,0.0,-19.5,-13.0,-8.4
5318,-10.5,0.0,-21.1,-22.3,-14.8
5319,-6.5,0.0,-17.5,-17.7,-11.3
5320,-34.3,0.0,-30.7,-23.9,-18.4
5321,-32.5,0.0,-29.1,-22.7,-17.4
5322,-30.5,0.0,-27.4,-7.6,0.6
5323,-29.5,0.0,-26.5,-7.3,0.4
5324,-50.5,0.0,-44.0,-6.8,0.4
5325,-49.3,0.0,-43.0,-6.4,0.5
5326,-48.0,0.0,-41.9,0.1,0.6
5327,-46.5,0.0,-40.7,0.3,0.7
5328,-24.0,0.0,-9.6,0.5,0.8
5329,-9.0,-7.0,-8.7,0.6,0.9
5330,-8.2,-6.9,0.3,0.8,1.0
5331,-7.8,-6.7,0.2,0.8,0.9
5332,-6.9,-6.5,0.4,0.8,0.9
5333,-6.0,-6.2,0.5,0.8,0.9
5334,0.2,-6.0,0.7,0.9,0.9
5335,0.0,0.0,0.5,0.5,0.6
5336,-4.7,0.0,0.2,0.1,0.2
5337,-5.5,0.0,-5.0,-3.6,-3.2
5338,-2.6,0.0,-1.8,-2.7,-1.8
5339,-4.3,0.0,-3.3,-4.5,-3.1
5340,-6.3,0.0,-5.0,-6.7,-4.6
5341,-7.0,0.0,-17.0,-6.8,-4.6
5342,-7.3,0.0,-17.0,-6.7,-4.4
5343,-7.9,0.0,-17.6,-7.7,-4.7
5344,-22.3,0.0,-18.2,-7.9,-4.5
5345,-22.8,0.0,-18.6,-9.4,-4.6
5346,-23.2,0.0,-18.6,-9.5,-4.0
5347,-23.1,0.0,-18.0,-8.5,-2.7
5348,-59.8,0.0,-51.5,-10.4,-9.5
5349,-56.8,0.0,-48.8,0.3,1.2
5350,-54.8,0.0,-47.2,0.2,1.0
5351,-53.1,0.0,-46.0,-7.5,0.7
5352,-29.0,0.0,-13.5,0.1,0.8
5353,-12.6,-7.9,-12.2,0.4,1.0
5354,-11.5,-7.7,-11.1,0.8,1.2
5355,-10.6,-7.6,0.2,1.2,1.5
5356,-9.4,-7.2,0.4,1.2,1.5
5357,-8.8,-6.9,0.0,0.6,1.0
5358,-8.0,-6.7,0.1,0.6,0.8
5359,-7.9,0.0,-7.5,-4.3,0.1
5360,-3.3,0.0,-2.8,-2.9,-2.0
5361,-4.2,0.0,-3.2,-3.6,-2.4
5362,-4.5,0.0,-3.4,-3.9,-2.5
5363,-3.2,0.0,-2.2,-2.2,-1.3
5364,-3.6,0.0,-2.5,-2.7,-1.6
5365,-9.1,0.0,-20.2,-5.0,-4.5
5366,-9.0,0.0,-20.0,-5.2,-4.6
5367,-8.6,0.0,-19.6,-4.7,-4.3
5368,-23.1,0.0,-20.5,-6.5,-5.4
5369,-21.6,0.0,-19.3,-4.3,0.2
5370,-21.1,0.0,-18.8,-3.9,0.3
5371,-20.6,0.0,-18.4,0.2,0.6
5372,-39.9,0.0,-35.3,0.8,0.9
5373,-39.2,0.0,-34.6,1.0,1.1
5374,-38.2,0.0,-33.8,1.4,1.4
5375,-37.1,0.0,-32.9,1.6,1.5
5376,-16.8,0.0,1.5,1.7,1.6
5377,1.5,-5.7,2.0,2.1,1.9
5378,1.7,-5.5,2.2,2.2,1.9
5379,2.0,-5.3,2.4,2.4,2.0
5380,2.4,-5.1,2.8,2.6,2.1
5381,2.7,-4.9,2.9,2.7,2.1
5382,2.8,-4.7,3.0,2.7,2.1
5383,2.8,0.0,3.0,2.6,2.0
5384,2.7,0.0,2.9,2.4,1.8
5385,2.3,0.0,2.6,-11.0,-6.8
5386,2.1,0.0,2.5,-11.1,-6.9
5387,1.7,0.0,2.1,-11.6,-7.2
5388,-1.2,0.0,-0.4,-14.8,-9.6
5389,0.3,0.0,-11.0,-7.1,-4.7
5390,0.5,0.0,-11.0,-13.5,-8.8
5391,0.8,0.0,-11.1,-13.1,-8.5
5392,1.3,0.0,-10.7,-12.5,-8.1
5393,1.0,0.0,-10.9,-12.9,-8.4
5394,1.7,0.0,-10.4,1.7,1.5
5395,2.2,0.0,-9.8,2.3,1.9
5396,2.4,0.0,-25.7,2.4,1.9
5397,2.5,0.0,-25.2,2.6,2.0
5398,2.7,0.0,-24.8,2.6,2.1
5399,2.7,0.0,-24.4,2.7,2.1
5400,2.5,0.0,2.8,2.4,1.9
5401,2.7,-4.3,2.9,2.3,1.8
5402,2.6,-4.2,2.8,2.2,1.7
5403,2.9,-4.1,3.0,2.4,1.8
5404,3.1,-4.0,3.2,2.5,1.9
5405,3.5,-3.9,3.6,2.9,2.2
5406,3.4,-3.8,3.5,2.7,2.0
5407,2.4,0.0,2.2,1.3,0.7
5408,1.7,0.0,1.8,0.5,0.3
5409,1.5,0.0,1.9,-11.3,-6.8
5410,-1.2,0.0,0.0,-15.0,-9.8
5411,-1.9,0.0,-1.1,-15.6,-10.2
5412,-4.0,0.0,-2.9,-17.9,-11.7
5413,-4.4,0.0,-13.9,-11.4,-7.5
5414,-4.7,0.0,-14.2,-17.8,-11.6
5415,-5.2,0.0,-14.8,-18.6,-11.8
5416,-5.5,0.0,-15.0,-20.2,-11.9
5417,-3.8,0.0,-14.2,-16.1,-10.2
5418,-10.1,0.0,-21.1,-5.6,-4.8
5419,-9.8,0.0,-20.8,-5.3,-4.7
5420,-8.3,0.0,-37.0,0.6,1.0
5421,-7.1,0.0,-35.7,1.3,1.5
5422,0.2,0.0,-34.5,1.7,1.7
5423,1.1,0.0,-32.9,2.4,2.2
5424,1.6,0.0,2.4,2.7,2.4
5425,2.7,-5.7,3.4,3.6,3.1
5426,3.4,-5.4,3.9,4.0,3.4
5427,3.1,-5.2,3.5,3.5,2.9
5428,2.8,-4.9,3.2,3.1,2.5
5429,2.9,-4.7,3.3,3.0,2.4
5430,3.0,-4.6,3.3,3.0,2.4
5431,2.7,0.0,3.0,2.5,2.0
5432,1.4,0.0,1.8,0.8,0.7
5433,-0.9,0.0,-0.7,-14.5,-9.5
5434,-2.9,0.0,-2.5,-16.2,-10.8
5435,-3.6,0.0,-2.8,-17.4,-11.3
5436,-3.8,0.0,-2.5,-17.1,-11.1
5437,-5.3,0.0,-14.9,-12.1,-7.9
5438,-6.3,0.0,-15.3,-19.3,-12.4
5439,-6.0,0.0,-15.5,-19.3,-12.1
5440,-20.2,0.0,-16.5,-20.0,-12.5
5441,-19.3,0.0,-15.7,-17.4,-11.0
5442,-17.6,0.0,-14.1,-1.2,-0.2
5443,-26.0,0.0,-23.1,0.0,0.7
5444,-46.2,0.0,-40.2,0.3,0.9
5445,-44.7,0.0,-39.0,0.7,1.1
5446,-43.3,0.0,-37.9,0.9,1.2
5447,-42.0,0.0,-36.8,1.1,1.3
5448,-20.8,0.0,0.5,1.1,1.3
5449,-6.6,-6.4,0.7,1.1,1.3
5450,0.2,-6.2,1.0,1.3,1.4
5451,0.5,-6.0,1.1,1.4,1.4
5452,0.5,-5.8,1.2,1.3,1.3
5453,0.9,-5.6,1.5,1.5,1.4
5454,1.2,-5.4,1.7,1.7,1.5
5455,1.2,0.0,1.7,1.5,1.4
5456,1.1,0.0,1.5,1.3,1.1
5457,1.1,0.0,1.6,-12.9,-8.5
5458,0.6,0.0,1.2,-13.4,-8.8
5459,-2.8,0.0,0.0,-15.0,-10.0
5460,-2.1,0.0,-1.2,-15.2,-9.8
5461,-3.1,0.0,-13.6,-8.0,-5.6
5462,-2.3,0.0,-12.4,-15.4,-9.9
5463,-2.7,0.0,-12.7,-15.8,-10.1
5464,-2.3,0.0,-12.5,-15.1,-9.6
5465,-6.5,0.0,-17.2,-17.2,-12.0
5466,-7.1,0.0,-17.7,-4.8,-3.8
5467,-6.4,0.0,-17.2,-3.3,0.2
5468,0.1,0.0,-33.2,1.1,1.2
5469,1.7,0.0,-31.2,2.8,2.5
5470,2.2,0.0,-29.8,3.2,2.7
5471,2.3,0.0,-28.8,3.1,2.6
5472,2.2,0.0,2.7,2.8,2.3
5473,2.4,-5.1,2.8,2.7,2.2
5474,2.4,-5.0,2.8,2.6,2.2
5475,2.6,-4.9,3.0,2.8,2.3
5476,3.4,-4.7,3.7,3.5,2.8
5477,3.9,-4.5,4.2,3.9,3.1
5478,3.7,-4.3,4.0,3.5,2.7
5479,2.6,0.0,2.7,2.0,1.5
5480,1.4,0.0,1.5,0.5,0.3
5481,0.4,0.0,0.9,-12.9,-8.2
5482,-1.2,0.0,-0.7,-14.8,-9.6
5483,-2.5,0.0,-1.7,-16.3,-10.6
5484,-3.7,0.0,-2.6,-17.4,-11.3
5485,-4.3,0.0,-13.8,-11.2,-7.3
5486,-4.8,0.0,-14.4,-17.9,-11.6
5487,-5.8,0.0,-15.1,-19.4,-12.1
5488,-18.9,0.0,-15.5,-19.1,-11.8
5489,-18.6,0.0,-15.2,-18.3,-11.2
5490,-18.9,0.0,-15.5,-5.2,-2.2
5491,-18.9,0.0,-15.1,-2.6,-1.4
5492,-38.8,0.0,-32.1,-1.1,-0.1
5493,-47.0,0.0,-41.0,0.1,0.7
5494,-46.3,0.0,-40.4,-5.4,0.6
5495,-45.1,0.0,-39.4,0.2,0.8
5496,-23.4,0.0,-9.0,0.2,0.7
5497,-8.5,-6.8,0.0,0.6,1.0
5498,-7.8,-6.7,0.3,0.8,1.1
5499,-6.9,-6.5,0.8,1.3,1.5
5500,0.4,-6.3,1.2,1.6,1.7
5501,0.8,-6.1,1.5,1.8,1.7
5502,0.8,-5.8,1.4,1.6,1.5
5503,0.3,0.0,1.0,0.9,1.0
5504,-4.0,0.0,0.4,0.1,0.4
5505,-4.5,0.0,-3.9,-2.7,-2.4
5506,-3.2,0.0,-2.2,-3.2,-2.1
5507,-4.5,0.0,-3.5,-4.9,-3.3
5508,-5.9,0.0,-4.5,-6.0,-4.0
5509,-7.2,0.0,-16.8,-7.1,-4.6
5510,-7.3,0.0,-16.8,-6.6,-4.2
5511,-7.5,0.0,-17.4,-6.9,-4.2
5512,-21.0,0.0,-17.1,-5.9,-3.4
5513,-20.9,0.0,-17.0,-4.9,-2.8
5514,-19.5,0.0,-15.8,-2.8,-1.4
5515,-19.2,0.0,-15.6,-2.3,-1.1
5516,-49.4,0.0,-42.8,0.2,0.9
5517,-48.1,0.0,-41.8,0.3,0.9
5518,-46.8,0.0,-40.7,0.6,1.1
5519,-45.2,0.0,-39.5,0.8,1.2
5520,-23.1,0.0,0.1,0.9,1.2
5521,-8.0,-6.8,0.5,1.1,1.4
5522,0.1,-6.7,0.9,1.5,1.6
5523,0.3,-6.6,1.1,1.6,1.7
5524,0.5,-6.3,1.2,1.7,1.7
5525,0.8,-6.1,1.4,1.7,1.7
5526,1.1,-5.8,1.7,1.9,1.7
5527,0.7,0.0,1.3,1.2,1.2
5528,0.0,0.0,0.6,0.2,0.4
5529,-3.7,0.0,0.5,0.2,0.4
5530,0.3,0.0,0.9,0.7,0.7
5531,-3.8,0.0,0.1,-2.4,-2.1
5532,-4.5,0.0,-3.8,-3.1,-2.6
5533,-7.4,0.0,-17.2,-6.3,-4.8
5534,-4.2,0.0,-14.0,-4.1,-2.6
5535,-5.0,0.0,-14.8,-5.1,-3.1
5536,-18.5,0.0,-15.0,-6.2,-3.0
5537,-17.6,0.0,-14.3,-3.4,-1.6
5538,-17.1,0.0,-13.9,-2.2,-0.9
5539,-24.7,0.0,-21.9,-5.8,-5.2
5540,-44.2,0.0,-38.6,0.4,0.8
5541,-42.8,0.0,-37.5,1.0,1.3
5542,-41.5,0.0,-36.3,1.5,1.6
5543,-39.9,0.0,-35.1,1.7,1.8
5544,-18.4,0.0,1.7,2.2,2.1
5545,1.5,-6.1,2.1,2.5,2.2
5546,1.7,-5.8,2.3,2.5,2.2
5547,2.0,-5.6,2.5,2.6,2.3
5548,2.5,-5.3,2.9,2.9,2.5
5549,2.6,-5.1,3.0,2.9,2.4
5550,2.7,-4.9,3.1,2.9,2.3
5551,2.7,0.0,3.0,2.6,2.1
5552,2.6,0.0,2.9,2.3,1.9
5553,2.1,0.0,2.5,-11.4,-7.1
5554,1.1,0.0,1.7,-12.6,-8.0
5555,0.8,0.0,1.4,-12.9,-8.3
5556,-1.7,0.0,0.3,-14.6,-9.6
5557,-2.1,0.0,-12.2,-8.2,-5.5
5558,-2.1,0.0,-12.3,-14.3,-9.5
5559,-2.8,0.0,-13.0,-14.9,-9.9
5560,-3.5,0.0,-13.7,-15.6,-10.4
5561,-3.8,0.0,-14.2,-15.6,-10.4
5562,0.2,0.0,-13.7,0.5,0.7
5563,1.8,0.0,-12.2,2.4,2.1
5564,2.5,0.0,-27.7,3.0,2.5
5565,2.7,0.0,-26.8,3.2,2.6
5566,3.2,0.0,-25.7,3.6,2.9
5567,3.9,0.0,-24.3,4.2,3.3
5568,4.3,0.0,4.7,4.4,3.4
5569,4.6,20.0,4.8,4.4,3.4
5570,5.4,20.0,5.6,5.1,3.9
5571,5.5,20.0,5.6,5.0,3.8
5572,5.8,20.0,5.9,5.2,3.9
5573,5.5,20.0,5.5,4.8,3.5
5574,5.6,20.0,5.6,4.7,3.4
5575,4.8,0.0,4.8,3.7,2.7
5576,5.1,0.0,5.1,4.0,2.9
5577,5.0,0.0,5.1,-6.4,-2.9
5578,4.9,0.0,4.9,-6.6,-2.9
5579,4.6,0.0,4.7,-6.9,-3.2
5580,4.2,0.0,4.4,-7.4,-3.5
5581,1.6,0.0,-4.5,-4.2,-1.9
5582,0.0,0.0,-6.7,-12.6,-7.4
5583,1.0,0.0,-7.0,-12.0,-7.1
5584,0.9,0.0,-7.9,-13.0,-7.5
5585,0.1,0.0,-9.7,-16.4,-8.7
5586,0.5,0.0,-11.1,-3.6,0.3
5587,1.8,0.0,-11.2,2.3,2.0
5588,4.2,0.0,-25.2,4.8,3.9
5589,5.4,0.0,-23.0,5.9,4.7
5590,6.3,0.0,-20.9,6.6,5.2
5591,6.8,0.0,-19.1,6.8,5.3
5592,7.6,0.0,7.8,7.4,5.6
5593,7.3,20.0,7.4,6.7,5.1
5594,7.1,20.0,7.1,6.3,4.7
5595,7.1,20.0,7.1,6.2,4.6
5596,7.2,20.0,7.1,6.1,4.5
5597,7.8,20.0,7.7,6.6,4.9
5598,7.9,20.0,7.7,6.6,4.8
5599,6.9,0.0,6.7,5.3,3.8
5600,6.6,0.0,6.4,4.9,3.5
5601,5.6,0.0,5.6,-4.8,-1.3
5602,4.3,0.0,4.5,-6.4,-2.5
5603,1.7,0.0,2.0,-9.8,-5.0
5604,0.0,0.0,0.7,-12.1,-6.8
5605,0.0,0.0,-7.5,-7.4,-4.2
5606,-0.6,0.0,-9.4,-14.9,-9.2
5607,-2.0,0.0,-11.2,-16.1,-9.9
5608,-15.2,0.0,-12.9,-17.5,-10.6
5609,-17.0,0.0,-14.8,-17.8,-11.2
5610,-17.9,0.0,-15.7,-4.2,-2.6
5611,-17.2,0.0,-14.9,1.5,1.6
5612,-34.5,0.0,-30.3,3.1,2.8
5613,-32.4,0.0,-28.5,3.9,3.4
5614,-30.9,0.0,-27.3,4.0,3.4
5615,-28.5,0.0,-25.2,5.0,4.1
5616,-8.7,0.0,5.3,5.3,4.3
5617,5.3,-4.5,5.7,5.5,4.3
5618,6.0,-4.2,6.3,6.0,4.7
5619,6.3,-4.0,6.5,6.0,4.6
5620,5.8,-3.7,6.0,5.4,4.1
5621,5.9,-3.5,6.0,5.3,4.0
5622,6.0,-3.3,6.0,5.2,3.9
5623,5.8,0.0,5.8,4.9,3.7
5624,5.6,0.0,5.6,4.5,3.3
5625,5.4,0.0,5.5,-5.9,-2.3
5626,5.0,0.0,5.1,-6.3,-2.7
5627,4.4,0.0,4.7,-6.9,-3.1
5628,3.1,0.0,3.5,-8.5,-4.3
5629,0.0,0.0,-6.0,-6.3,-3.2
5630,0.0,0.0,-8.2,-14.6,-8.7
5631,-2.0,0.0,-11.0,-16.3,-10.0
5632,-2.9,0.0,-12.3,-18.0,-10.6
5633,-2.4,0.0,-12.4,-16.3,-9.9
5634,-2.4,0.0,-12.5,-3.8,-1.2
5635,-1.4,0.0,-11.7,-0.4,0.1
5636,0.1,0.0,-32.3,1.3,1.4
5637,1.6,0.0,-30.4,2.8,2.5
5638,1.9,0.0,-29.4,2.9,2.6
5639,1.6,0.0,-29.0,2.4,2.1
5640,1.8,0.0,2.4,2.5,2.2
5641,3.2,-5.1,3.8,3.7,3.1
5642,3.1,-4.9,3.6,3.5,2.9
5643,2.9,-4.8,3.4,3.2,2.7
5644,3.6,-4.6,4.0,3.7,3.1
5645,3.6,-4.4,4.0,3.6,2.9
5646,3.6,-4.3,3.9,3.5,2.8
5647,3.5,0.0,3.8,3.2,2.5
5648,2.4,0.0,2.7,1.7,1.4
5649,1.3,0.0,1.8,-11.6,-7.0
5650,0.1,0.0,0.8,-13.0,-8.1
5651,-0.8,0.0,0.0,-14.3,-9.1
5652,-2.9,0.0,-1.9,-16.4,-10.6
5653,-4.2,0.0,-13.9,-10.5,-7.1
5654,-3.0,0.0,-13.2,-14.6,-9.7
5655,2.6,0.0,-10.8,-11.4,-7.3
5656,-15.7,0.0,-13.5,-16.1,-10.4
5657,-15.8,0.0,-13.8,-15.3,-10.1
5658,-14.6,0.0,-12.8,1.5,1.5
5659,-14.2,0.0,-12.3,2.0,1.9
5660,-32.0,0.0,-28.4,2.5,2.2
5661,-31.2,0.0,-27.8,2.7,2.3
5662,-30.6,0.0,-27.3,2.7,2.3
5663,-29.6,0.0,-26.5,3.0,2.5
5664,-10.7,0.0,3.4,3.2,2.6
5665,3.3,-4.6,3.7,3.4,2.8
5666,3.5,-4.6,3.9,3.6,2.9
5667,3.6,-4.5,4.0,3.6,2.9
5668,3.9,-4.3,4.2,3.8,3.0
5669,4.1,-4.1,4.4,3.9,3.0
5670,4.5,-4.0,4.7,4.1,3.1
5671,4.1,0.0,4.3,3.5,2.7
5672,4.0,0.0,4.2,3.3,2.5
5673,4.2,0.0,4.5,3.6,2.8
5674,4.1,0.0,4.3,3.4,2.6
5675,2.5,0.0,2.9,1.4,1.0
5676,0.0,0.0,0.5,-0.7,-0.0
5677,0.0,0.0,-8.9,-0.7,-0.2
5678,-0.6,0.0,-10.1,-1.5,-0.8
5679,-1.2,0.0,-11.1,-1.4,-0.9
5680,-14.9,0.0,-12.6,-4.6,-2.3
5681,-16.5,0.0,-14.3,-6.4,-2.9
5682,-18.3,0.0,-16.0,-7.4,-3.2
5683,-18.7,0.0,-16.4,1.4,1.6
5684,-37.0,0.0,-32.4,2.3,2.2
5685,-35.6,0.0,-31.3,2.7,2.5
5686,-34.2,0.0,-30.1,3.1,2.7
5687,-33.0,0.0,-29.2,3.0,2.6
5688,-13.0,0.0,3.2,3.3,2.8
5689,2.7,-5.1,3.2,3.2,2.7
5690,3.0,-5.0,3.5,3.4,2.8
5691,2.9,-5.0,3.4,3.3,2.7
5692,3.6,-4.8,4.0,3.8,3.1
5693,3.6,-4.5,3.9,3.6,2.9
5694,3.7,-4.4,4.0,3.6,2.9
5695,3.2,0.0,3.5,2.8,2.3
5696,2.5,0.0,2.8,1.9,1.6
5697,2.2,0.0,2.7,1.8,1.4
5698,1.8,0.0,2.3,1.2,1.0
5699,0.0,0.0,0.7,-0.7,-0.3
5700,0.6,0.0,1.4,0.1,0.2
5701,-1.8,0.0,-11.5,-2.3,-1.6
5702,-2.5,0.0,-12.0,-2.5,-1.6
5703,-3.4,0.0,-13.3,-2.9,-2.1
5704,-16.9,0.0,-14.3,-5.8,-2.9
5705,-17.5,0.0,-15.2,-4.0,0.1
5706,-17.1,0.0,-15.0,0.8,1.2
5707,-16.4,0.0,-14.3,1.9,1.9
5708,-33.7,0.0,-29.6,3.4,2.9
5709,-31.7,0.0,-27.9,4.1,3.5
5710,-30.3,0.0,-26.9,4.0,3.3
5711,-29.5,0.0,-26.3,3.5,2.9
5712,-10.6,0.0,3.6,3.5,2.8
5713,3.4,-4.6,3.8,3.5,2.8
5714,3.5,-4.4,3.9,3.5,2.8
5715,3.8,-4.3,4.0,3.6,2.8
5716,3.8,20.0,4.0,3.4,2.7
5717,3.9,20.0,4.1,3.5,2.7
5718,4.0,20.0,4.2,3.5,2.7
5719,4.0,0.0,4.2,3.4,2.6
5720,4.3,0.0,4.4,3.5,2.7
5721,4.1,0.0,4.3,-7.9,-4.1
5722,4.1,0.0,4.4,-7.8,-4.0
5723,4.1,0.0,4.3,-7.9,-4.1
5724,4.0,0.0,4.2,-7.9,-4.1
5725,4.0,0.0,-3.6,-1.7,-0.2
5726,4.0,0.0,-3.6,-7.9,-4.0
5727,3.9,0.0,-3.6,-7.9,-4.1
5728,4.0,0.0,-3.5,-7.8,-4.0
5729,3.9,0.0,-3.6,-7.9,-4.1
5730,3.8,0.0,-3.6,3.0,2.2
5731,3.9,0.0,-3.5,3.2,2.3
5732,4.1,0.0,-18.8,3.4,2.5
5733,4.1,0.0,-18.8,3.4,2.5
5734,4.1,0.0,-18.8,3.3,2.5
5735,4.0,0.0,-18.8,3.3,2.4
5736,4.1,0.0,4.2,3.4,2.5
5737,4.9,20.0,5.0,4.1,3.0
5738,5.8,20.0,5.8,4.9,3.7
5739,6.0,20.0,6.0,5.0,3.7
5740,6.1,20.0,6.0,5.0,3.7
5741,6.2,20.0,6.1,5.0,3.6
5742,7.1,20.0,6.9,5.8,4.3
5743,6.0,0.0,5.9,4.6,3.2
5744,4.1,0.0,3.8,2.2,1.3
5745,2.5,0.0,2.3,-9.1,-4.7
5746,1.2,0.0,1.4,-10.7,-6.0
5747,0.5,0.0,1.0,-11.8,-6.8
5748,0.6,0.0,1.3,-12.0,-7.1
5749,-0.2,0.0,-9.4,-8.5,-5.0
5750,-2.2,0.0,-11.2,-15.8,-9.9
5751,-3.2,0.0,-12.3,-16.7,-10.3
5752,-4.0,0.0,-13.8,-17.2,-10.7
5753,-4.7,0.0,-14.9,-19.0,-11.2
5754,-5.2,0.0,-15.7,-5.7,0.3
5755,1.2,0.0,-15.0,2.6,2.5
5756,3.0,0.0,-29.7,4.3,3.8
5757,3.9,0.0,-27.6,5.0,4.2
5758,4.4,0.0,-25.8,5.3,4.4
5759,5.4,0.0,-23.6,6.1,4.9
5760,6.1,0.0,6.6,6.5,5.1
5761,6.9,20.0,7.2,6.9,5.4
5762,7.1,20.0,7.3,6.8,5.3
5763,7.3,-3.7,7.4,6.8,5.2
5764,7.1,-3.4,7.1,6.4,4.9
5765,7.4,-3.2,7.4,6.6,4.9
5766,7.1,-3.0,7.1,6.1,4.6
5767,6.2,0.0,6.1,4.9,3.6
5768,4.6,0.0,4.4,3.0,2.0
5769,2.1,0.0,1.7,-9.8,-5.3
5770,0.6,0.0,0.6,-11.8,-6.8
5771,0.0,0.0,0.0,-13.6,-8.2
5772,0.0,0.0,0.8,-13.1,-8.0
5773,1.8,0.0,-8.2,-4.8,-2.7
5774,0.4,0.0,-9.4,-12.7,-7.9
5775,-0.6,0.0,-10.4,-13.7,-8.6
5776,-12.1,0.0,-10.5,-13.0,-8.2
5777,-12.1,0.0,-10.5,-12.4,-7.8
5778,-11.4,0.0,-9.9,2.4,2.1
5779,-11.0,0.0,-9.5,2.7,2.2
5780,-28.3,0.0,-25.4,3.0,2.5
5781,-27.7,0.0,-24.9,2.9,2.4
5782,-26.8,0.0,-24.2,3.2,2.6
5783,-26.0,0.0,-23.5,3.5,2.8
5784,-8.1,0.0,3.9,3.5,2.8
5785,4.1,20.0,4.4,3.9,3.1
5786,5.0,20.0,5.2,4.7,3.7
5787,5.5,20.0,5.6,5.0,3.9
5788,5.5,20.0,5.6,5.0,3.8
5789,5.7,20.0,5.7,5.0,3.7
5790,5.7,20.0,5.7,4.9,3.6
5791,5.3,0.0,5.3,4.3,3.1
5792,5.5,0.0,5.5,4.4,3.3
5793,4.2,0.0,4.5,-7.2,-3.4
5794,1.8,0.0,1.9,-10.4,-5.7
5795,1.1,0.0,1.6,-11.4,-6.5
5796,0.5,0.0,1.3,-12.5,-7.4
5797,0.8,0.0,-7.9,-6.0,-3.4
5798,2.7,0.0,-7.2,-10.3,-6.1
5799,2.6,0.0,-7.2,-10.3,-6.1
5800,3.2,0.0,-6.6,-9.7,-5.6
5801,1.7,0.0,-7.9,-12.4,-7.0
5802,2.6,0.0,-7.9,1.5,1.9
5803,3.0,0.0,-7.8,3.1,2.5
5804,3.9,0.0,-22.8,4.0,3.2
5805,4.0,0.0,-22.2,4.0,3.2
5806,4.2,0.0,-21.4,4.1,3.2
5807,4.4,0.0,-20.7,4.2,3.3
5808,5.0,0.0,5.3,4.7,3.6
5809,5.4,20.0,5.5,4.9,3.7
5810,5.5,20.0,5.6,4.9,3.8
5811,5.8,20.0,5.9,5.2,3.9
5812,5.9,20.0,5.9,5.1,3.9
5813,5.7,20.0,5.7,4.8,3.6
5814,5.8,20.0,5.8,4.8,3.6
5815,5.9,0.0,5.9,4.8,3.6
5816,5.3,0.0,5.3,3.9,2.9
5817,5.3,0.0,5.4,-5.7,-2.2
5818,3.2,0.0,3.5,-8.2,-4.0
5819,2.5,0.0,2.9,-9.3,-4.8
5820,1.4,0.0,2.0,-10.8,-6.0
5821,0.3,0.0,-6.8,-6.1,-3.3
5822,0.3,0.0,-7.8,-12.6,-7.6
5823,-0.1,0.0,-9.3,-14.2,-8.5
5824,-11.2,0.0,-9.4,-12.6,-7.7
5825,-10.9,0.0,-9.3,-11.7,-7.2
5826,-10.8,0.0,-9.3,1.6,1.6
5827,-10.4,0.0,-8.9,2.6,2.2
5828,-26.6,0.0,-23.9,3.9,3.2
5829,-25.0,0.0,-22.4,4.8,3.9
5830,-23.6,0.0,-21.3,5.1,4.0
5831,-22.7,0.0,-20.6,4.8,3.7
5832,-5.1,0.0,5.2,4.7,3.6
5833,5.1,-3.7,5.2,4.5,3.5
5834,5.6,-3.6,5.8,5.1,3.9
5835,6.1,-3.6,6.2,5.5,4.2
5836,6.6,-3.4,6.7,5.9,4.5
5837,7.0,-3.2,7.0,6.2,4.7
5838,7.1,-3.0,7.1,6.2,4.6
5839,5.8,0.0,5.7,4.5,3.3
5840,3.6,0.0,3.5,2.0,1.3
5841,1.2,0.0,1.1,0.0,0.0
5842,0.0,0.0,0.0,-2.9,-2.2
5843,-3.2,0.0,-2.9,-5.1,-3.7
5844,-4.7,0.0,-3.9,-6.4,-4.4
5845,-5.8,0.0,-15.2,-6.9,-4.6
5846,-6.9,0.0,-15.9,-7.3,-4.7
5847,-7.3,0.0,-16.4,-7.9,-4.6
5848,-20.9,0.0,-17.2,-8.6,-4.5
5849,-21.3,0.0,-17.7,-9.0,-4.2
5850,-21.7,0.0,-17.9,-9.3,-3.7
5851,-21.1,0.0,-16.8,-3.3,-1.6
5852,-42.3,0.0,-34.3,-1.9,-0.5
5853,-41.4,0.0,-33.5,-1.1,0.0
5854,-40.7,0.0,-33.0,-0.9,0.2
5855,-50.5,0.0,-43.8,-6.7,0.6
5856,-26.9,0.0,-11.7,0.4,1.1
5857,-10.5,-7.5,0.4,1.4,1.8
5858,-9.1,-7.3,1.1,2.0,2.2
5859,0.8,-7.1,1.9,2.8,2.8
5860,2.1,-6.8,3.1,3.8,3.5
5861,3.4,-6.4,4.2,4.9,4.2
5862,4.0,-6.0,4.8,5.2,4.4
5863,3.3,0.0,4.0,4.1,3.5
5864,1.7,0.0,2.3,2.0,1.8
5865,-3.9,0.0,-3.4,-2.7,-2.2
5866,-2.5,0.0,-1.7,-2.7,-1.7
5867,-3.9,0.0,-3.0,-4.2,-2.7
5868,-5.4,0.0,-4.1,-5.6,-3.6
5869,-6.8,0.0,-16.6,-6.7,-4.3
5870,-7.3,0.0,-16.9,-6.8,-4.2
5871,-7.7,0.0,-17.4,-7.3,-4.3
5872,-22.2,0.0,-18.0,-8.0,-4.3
5873,-22.0,0.0,-17.9,-7.2,-3.5
5874,-21.4,0.0,-17.3,-6.0,-2.5
5875,-20.2,0.0,-15.9,-2.2,-0.8
5876,-53.8,0.0,-46.6,-8.2,0.2
5877,-51.9,0.0,-44.8,0.1,0.9
5878,-49.7,0.0,-43.0,0.9,1.5
5879,-47.2,0.0,-40.8,1.7,2.0
5880,-23.6,0.0,1.2,2.2,2.3
5881,0.8,-7.1,1.8,2.6,2.6
5882,1.6,-6.7,2.5,3.2,3.0
5883,1.7,-6.4,2.5,3.0,2.7
5884,2.2,-6.1,2.9,3.3,2.9
5885,2.8,-5.8,3.4,3.7,3.1
5886,3.0,-5.5,3.6,3.7,3.1
5887,2.8,0.0,3.3,3.2,2.7
5888,1.4,0.0,1.7,1.2,1.1
5889,-3.3,0.0,-3.1,-15.8,-10.7
5890,-3.6,0.0,-3.1,-17.2,-11.2
5891,-5.4,0.0,-4.7,-19.1,-12.5
5892,-7.3,0.0,-6.1,-20.9,-13.7
5893,-8.3,0.0,-18.1,-14.9,-9.7
5894,-9.0,0.0,-18.5,-21.8,-14.1
5895,-9.2,0.0,-18.8,-22.2,-14.1
5896,-9.5,0.0,-19.6,-22.9,-14.2
5897,-9.1,0.0,-19.7,-22.5,-13.7
5898,-8.3,0.0,-19.2,-8.0,-3.6
5899,-6.0,0.0,-17.0,-2.9,-1.2
5900,-17.3,0.0,-48.2,-8.5,0.6
5901,-15.2,0.0,-45.8,0.6,1.3
5902,-13.4,0.0,-43.6,1.2,1.7
5903,-12.1,0.0,-42.1,1.2,1.6
5904,-11.0,0.0,0.1,1.2,1.5
5905,-9.4,-7.3,0.7,1.6,1.8
5906,0.4,-7.0,1.3,2.0,2.1
5907,0.9,-6.7,1.7,2.4,2.3
5908,1.5,-6.4,2.3,2.8,2.5
5909,1.9,-6.1,2.6,2.9,2.6
5910,2.6,-5.8,3.2,3.5,3.0
5911,2.7,0.0,3.3,3.3,2.8
5912,1.3,0.0,1.8,1.4,1.3
5913,-3.9,0.0,-3.6,-15.9,-10.9
5914,-2.7,0.0,-2.2,-16.1,-10.4
5915,-4.5,0.0,-3.8,-18.1,-11.8
5916,-6.5,0.0,-5.3,-20.0,-13.1
5917,-7.4,0.0,-17.3,-14.0,-9.1
5918,-7.8,0.0,-17.4,-20.7,-13.3
5919,-7.8,0.0,-17.5,-20.8,-13.1
5920,-7.3,0.0,-17.5,-20.7,-12.6
5921,-6.4,0.0,-17.0,-20.1,-11.8
5922,-5.3,0.0,-16.2,-5.4,-1.6
5923,-16.4,0.0,-28.0,-8.5,-7.6
5924,-14.5,0.0,-44.8,0.1,0.9
5925,-12.8,0.0,-42.8,0.9,1.4
5926,-11.1,0.0,-40.8,1.5,1.8
5927,-9.7,0.0,-39.1,1.8,2.0
5928,-8.5,0.0,1.0,1.9,2.0
5929,0.3,-6.8,1.2,1.9,1.9
5930,1.2,-6.5,2.0,2.6,2.4
5931,2.4,-6.2,3.1,3.5,3.1
5932,3.6,-5.9,4.2,4.6,3.8
5933,3.8,-5.6,4.3,4.5,3.7
5934,3.9,-5.2,4.3,4.3,3.5
5935,4.3,0.0,4.7,4.5,3.6
5936,2.6,0.0,2.9,2.4,2.0
5937,1.9,0.0,2.4,-11.7,-7.4
5938,0.5,0.0,1.1,-13.2,-8.6
5939,0.5,0.0,1.1,-13.3,-8.6
5940,-1.6,0.0,0.6,-14.1,-9.3
5941,-2.5,0.0,-12.7,-8.5,-5.8
5942,-4.3,0.0,-14.3,-16.8,-11.3
5943,-2.4,0.0,-12.4,-15.6,-10.0
5944,-17.7,0.0,-15.7,-16.7,-11.4
5945,-17.8,0.0,-15.8,-16.0,-11.0
5946,-17.5,0.0,-15.5,0.4,0.7
5947,-16.9,0.0,-15.0,1.3,1.3
5948,-35.4,0.0,-31.4,1.6,1.5
5949,-34.5,0.0,-30.7,1.7,1.6
5950,-33.7,0.0,-30.0,1.9,1.7
5951,-32.1,0.0,-28.6,2.8,2.3
5952,-12.3,0.0,3.2,3.2,2.7
5953,3.2,20.0,3.6,3.5,2.8
5954,4.3,20.0,4.6,4.5,3.5
5955,3.8,20.0,4.1,3.7,2.9
5956,6.0,20.0,6.2,5.8,4.5
5957,5.3,20.0,5.4,4.9,3.8
5958,5.7,20.0,5.8,5.2,3.9
5959,5.2,0.0,5.3,4.5,3.4
5960,5.0,0.0,5.0,4.1,3.0
5961,4.1,0.0,4.3,-7.9,-4.1
5962,3.4,0.0,3.7,-8.7,-4.7
5963,3.4,0.0,3.7,-8.7,-4.7
5964,3.4,0.0,3.7,-8.7,-4.7
5965,2.7,0.0,-5.1,-3.4,-1.4
5966,2.2,0.0,-5.8,-10.3,-5.9
5967,2.0,0.0,-6.4,-10.7,-6.2
5968,1.9,0.0,-6.9,-11.0,-6.5
5969,2.7,0.0,-6.7,-10.2,-5.9
5970,3.2,0.0,-6.4,2.4,2.1
5971,3.9,0.0,-5.8,3.6,2.8
5972,4.9,0.0,-20.4,4.7,3.6
5973,5.3,0.0,-19.4,4.9,3.8
5974,5.5,0.0,-18.6,5.1,3.8
5975,5.4,0.0,-18.0,4.9,3.6
5976,5.6,0.0,5.7,5.0,3.7
5977,5.9,20.0,5.9,5.0,3.7
5978,5.6,20.0,5.6,4.6,3.4
5979,5.6,20.0,5.5,4.6,3.4
5980,5.6,20.0,5.6,4.6,3.4
5981,5.9,20.0,5.8,4.8,3.5
5982,5.9,20.0,5.8,4.7,3.4
5983,6.0,0.0,5.9,4.7,3.4
5984,5.7,0.0,5.6,4.3,3.1
5985,4.9,0.0,5.0,-6.0,-2.3
5986,4.2,0.0,4.3,-6.8,-3.0
5987,4.8,0.0,4.9,-6.2,-2.5
5988,3.0,0.0,3.3,-8.4,-4.1
5989,3.7,0.0,-2.2,-1.5,0.0
5990,2.1,0.0,-3.8,-9.7,-5.2
5991,2.5,0.0,-4.2,-9.4,-5.1
5992,-4.3,0.0,-3.5,-7.8,-3.9
5993,-5.2,0.0,-4.3,-9.0,-4.8
5994,-5.4,0.0,-4.5,2.0,1.7
5995,-5.6,0.0,-4.7,2.9,2.2
5996,-21.6,0.0,-20.0,3.6,2.7
5997,-21.6,0.0,-20.0,3.6,2.7
5998,-21.3,0.0,-19.7,3.8,2.9
5999,-20.7,0.0,-19.2,4.0,3.0
6000,-4.3,0.0,4.5,3.8,2.8
6001,5.0,20.0,5.1,4.3,3.2
6002,6.1,20.0,6.2,5.4,4.1
6003,5.6,20.0,5.6,4.8,3.6
6004,6.5,20.0,6.5,5.6,4.2
6005,5.8,20.0,5.8,4.8,3.5
6006,6.1,20.0,6.0,5.0,3.7
6007,5.8,0.0,5.8,4.7,3.4
6008,5.5,0.0,5.4,4.1,3.0
6009,5.1,0.0,5.1,3.9,2.8
6010,3.9,0.0,4.0,2.4,1.7
6011,3.3,0.0,3.5,1.8,1.3
6012,2.3,0.0,2.8,0.7,0.5
6013,0.7,0.0,-5.4,0.0,0.0
6014,0.6,0.0,-6.5,0.0,0.0
6015,0.1,0.0,-7.9,-0.3,0.0
6016,-12.0,0.0,-9.9,-4.6,-1.2
6017,-13.7,0.0,-11.9,-2.9,-1.2
6018,-14.5,0.0,-13.0,-7.8,-1.8
6019,-16.4,0.0,-14.2,2.3,2.2
6020,-33.5,0.0,-29.4,3.6,3.2
6021,-31.8,0.0,-27.9,4.1,3.5
6022,-29.3,0.0,-25.8,5.1,4.3
6023,-26.8,0.0,-23.6,6.0,4.8
6024,-6.8,0.0,6.5,6.4,5.1
6025,7.0,20.0,7.3,7.1,5.5
6026,7.4,20.0,7.6,7.2,5.6
6027,6.9,20.0,7.2,6.7,5.2
6028,6.8,20.0,6.9,6.3,4.8
6029,6.5,20.0,6.6,5.8,4.4
6030,6.2,20.0,6.3,5.4,4.1
6031,6.2,0.0,6.2,5.2,3.9
6032,5.7,0.0,5.7,4.6,3.4
6033,4.8,0.0,5.0,3.7,2.7
6034,3.8,0.0,4.0,2.5,1.8
6035,2.6,0.0,3.0,1.2,0.8
6036,2.2,0.0,2.7,0.9,0.6
6037,1.9,0.0,-4.9,0.8,0.6
6038,1.4,0.0,-6.0,0.3,0.3
6039,0.8,0.0,-7.2,0.0,0.0
6040,-9.3,0.0,-7.9,0.0,0.2
6041,-9.7,0.0,-8.4,0.4,0.5
6042,-9.3,0.0,-8.1,1.1,1.3
6043,-8.9,0.0,-7.6,2.9,2.3
6044,-25.4,0.0,-23.0,3.5,2.8
6045,-24.2,0.0,-21.9,4.4,3.5
6046,-22.7,0.0,-20.5,5.1,4.0
6047,-21.1,0.0,-19.2,5.6,4.3
6048,-3.0,0.0,6.6,6.0,4.6
6049,6.7,-3.4,6.8,6.1,4.6
6050,7.4,-3.2,7.4,6.7,5.0
6051,8.5,-3.0,8.4,7.6,5.7
6052,9.2,-2.8,9.1,8.2,6.1
6053,9.7,-2.5,9.6,8.5,6.3
6054,10.1,-2.3,9.9,8.7,6.4
6055,9.9,0.0,9.6,8.3,6.1
6056,7.5,0.0,7.2,5.4,3.8
6057,5.3,0.0,5.0,-5.0,-1.3
6058,2.8,0.0,2.5,-8.2,-3.7
6059,0.3,0.0,0.4,-11.4,-6.1
6060,0.0,0.0,0.0,-15.5,-10.0
6061,-2.2,0.0,-11.6,-10.4,-6.6
6062,-2.7,0.0,-11.9,-16.6,-10.5
6063,-3.1,0.0,-12.4,-17.0,-10.6
6064,-2.3,0.0,-12.2,-15.3,-9.7
6065,-2.0,0.0,-12.1,-14.9,-9.3
6066,-4.1,0.0,-14.6,-2.4,0.3
6067,0.4,0.0,-13.7,1.2,1.3
6068,1.2,0.0,-29.4,2.1,1.9
6069,1.7,0.0,-28.4,2.5,2.2
6070,2.3,0.0,-27.4,2.9,2.5
6071,3.0,0.0,-26.1,3.6,3.0
6072,3.8,0.0,4.4,4.3,3.5
6073,4.3,20.0,4.8,4.5,3.6
6074,4.0,20.0,4.3,3.9,3.1
6075,4.3,20.0,4.6,4.1,3.3
6076,4.2,20.0,4.5,3.9,3.0
6077,4.8,20.0,5.0,4.4,3.4
6078,5.4,20.0,5.6,4.9,3.8
6079,5.4,0.0,5.5,4.8,3.6
6080,4.8,0.0,4.9,3.9,2.9
6081,2.8,0.0,3.0,-9.2,-5.0
6082,2.8,0.0,3.3,-9.2,-5.0
6083,3.5,0.0,3.9,-8.5,-4.5
6084,3.7,0.0,4.0,-8.3,-4.4
6085,4.1,0.0,-3.8,-1.5,-0.0
6086,4.1,0.0,-3.6,-7.8,-4.0
6087,3.8,0.0,-3.8,-8.1,-4.2
6088,3.1,0.0,-4.3,-9.0,-4.8
6089,3.0,0.0,-4.7,-10.0,-5.1
6090,3.3,0.0,-5.4,0.0,1.6
6091,4.2,0.0,-5.4,4.1,3.2
6092,6.1,0.0,-19.0,6.0,4.7
6093,6.8,0.0,-17.4,6.5,5.0
6094,8.4,0.0,-14.8,8.0,6.1
6095,9.4,0.0,-12.6,8.8,6.6
6096,9.7,0.0,9.7,8.9,6.6
6097,10.6,20.0,10.4,9.4,7.0
6098,11.3,20.0,11.0,9.9,7.3
6099,11.9,20.0,11.6,10.3,7.6
6100,12.1,20.0,11.7,10.4,7.6
6101,12.9,20.0,12.4,11.0,8.0
6102,13.2,20.0,12.7,11.1,8.0
6103,12.8,0.0,12.2,10.5,7.5
6104,9.8,0.0,9.1,6.9,4.7
6105,6.6,0.0,5.8,-2.5,0.0
6106,4.7,0.0,4.0,-5.1,-0.9
6107,3.5,0.0,3.0,-7.1,-2.4
6108,2.3,0.0,2.5,-8.5,-3.7
6109,3.6,0.0,-0.3,-1.1,0.0
6110,2.2,0.0,-2.1,-9.0,-4.4
6111,1.5,0.0,-3.6,-10.3,-5.3
6112,-4.7,0.0,-3.8,-8.7,-4.5
6113,-5.2,0.0,-4.2,-8.8,-4.6
6114,-5.7,0.0,-4.9,0.2,1.7
6115,-6.0,0.0,-4.8,3.9,3.1
6116,-21.6,0.0,-19.7,4.7,3.7
6117,-20.1,0.0,-18.4,5.4,4.2
6118,-18.6,0.0,-17.0,6.0,4.6
6119,-16.4,0.0,-15.1,7.1,5.4
6120,0.0,0.0,8.5,7.8,5.9
6121,9.1,20.0,9.1,8.1,6.1
6122,9.4,20.0,9.3,8.2,6.1
6123,10.7,20.0,10.5,9.4,7.0
6124,11.6,20.0,11.3,10.1,7.5
6125,12.2,20.0,11.9,10.6,7.8
6126,12.8,20.0,12.4,11.0,8.1
6127,12.5,0.0,12.1,10.5,7.6
6128,8.8,0.0,8.2,6.1,4.2
6129,5.8,0.0,5.0,-3.7,0.0
6130,3.7,0.0,3.1,-6.5,-2.0
6131,2.0,0.0,1.8,-8.9,-3.9
6132,0.8,0.0,1.0,-10.9,-5.4
6133,0.0,0.0,-5.8,-6.9,-3.3
6134,0.0,0.0,-10.3,-15.7,-9.6
6135,-0.8,0.0,-9.7,-15.5,-8.9
6136,-1.8,0.0,-11.2,-16.9,-9.5
6137,-4.0,0.0,-14.1,-18.7,-10.7
6138,-4.6,0.0,-14.8,0.3,0.7
6139,1.5,0.0,-12.9,2.6,2.5
6140,3.6,0.0,-27.1,4.7,4.0
6141,3.9,0.0,-25.7,4.7,4.0
6142,5.9,0.0,-22.7,6.7,5.4
6143,7.0,0.0,-20.2,7.5,5.9
6144,7.9,0.0,8.3,8.1,6.4
6145,8.6,20.0,8.8,8.4,6.5
6146,9.0,-3.5,9.2,8.6,6.6
6147,9.2,-3.3,9.3,8.6,6.6
6148,10.3,-3.0,10.3,9.5,7.2
6149,10.5,-2.6,10.5,9.5,7.2
6150,10.5,-2.3,10.3,9.2,6.9
6151,10.3,0.0,10.1,8.8,6.5
6152,8.2,0.0,7.8,6.2,4.4
6153,5.8,0.0,5.3,-4.6,-0.9
6154,3.1,0.0,2.8,-7.8,-3.2
6155,0.5,0.0,0.4,-11.2,-5.8
6156,0.0,0.0,0.0,-15.3,-9.7
6157,0.0,0.0,-11.2,-9.9,-6.2
6158,-2.8,0.0,-12.0,-16.7,-10.5
6159,-3.0,0.0,-12.2,-17.0,-10.4
6160,-15.3,0.0,-12.9,-17.4,-10.4
6161,-15.2,0.0,-12.9,-16.8,-9.9
6162,-14.6,0.0,-12.1,-1.0,-0.3
6163,-17.2,0.0,-15.0,1.6,1.7
6164,-35.3,0.0,-31.1,2.3,2.2
6165,-34.5,0.0,-30.4,2.4,2.2
6166,-33.2,0.0,-29.2,3.0,2.7
6167,-32.5,0.0,-28.8,2.6,2.3
6168,-13.6,0.0,2.2,2.2,2.0
6169,2.0,-5.1,2.6,2.4,2.2
6170,2.4,-5.0,3.0,2.9,2.5
6171,2.6,-4.9,3.2,3.0,2.6
6172,2.7,-4.7,3.2,3.0,2.5
6173,2.8,20.0,3.2,2.9,2.4
6174,3.2,20.0,3.6,3.2,2.6
6175,3.1,0.0,3.5,3.0,2.4
6176,3.1,0.0,3.4,2.8,2.2
6177,2.3,0.0,2.8,2.0,1.6
6178,1.9,0.0,2.4,1.4,1.2
6179,1.9,0.0,2.4,1.5,1.2
6180,0.6,0.0,1.2,0.0,0.1
6181,1.2,0.0,-8.7,0.9,0.8
6182,1.6,0.0,-8.5,1.5,1.3
6183,1.0,0.0,-9.2,0.7,0.7
6184,-10.5,0.0,-9.2,1.1,1.0
6185,-9.7,0.0,-8.5,2.1,1.8
6186,-9.1,0.0,-7.9,2.6,2.1
6187,-8.8,0.0,-7.6,3.0,2.4
6188,-25.7,0.0,-23.3,3.1,2.5
6189,-25.3,0.0,-23.0,3.3,2.6
6190,-24.0,0.0,-21.7,4.3,3.4
6191,-22.5,0.0,-20.5,4.9,3.8
6192,-3.7,0.0,6.5,6.1,4.7
6193,7.3,20.0,7.5,6.8,5.2
6194,7.5,20.0,7.6,6.9,5.2
6195,8.0,20.0,8.0,7.3,5.6
6196,8.3,20.0,8.3,7.5,5.6
6197,8.7,20.0,8.6,7.7,5.7
6198,9.1,20.0,9.0,8.0,5.9
6199,9.1,0.0,8.9,7.8,5.7
6200,7.8,0.0,7.6,6.1,4.4
6201,6.3,0.0,6.2,4.4,3.1
6202,5.3,0.0,5.4,3.4,2.4
6203,5.5,0.0,5.6,3.9,2.8
6204,4.9,0.0,5.0,3.3,2.4
6205,4.1,0.0,-0.2,2.5,1.7
6206,3.4,0.0,-1.3,1.9,1.3
6207,3.1,0.0,-2.2,1.7,1.2
6208,-1.8,0.0,-1.3,3.7,2.7
6209,-1.8,0.0,-1.3,3.7,2.7
6210,-1.8,0.0,-1.3,3.6,2.6
6211,-2.1,0.0,-1.6,3.7,2.7
6212,-18.1,0.0,-17.2,3.4,2.5
6213,-18.7,0.0,-17.7,3.3,2.4
6214,-19.7,0.0,-18.6,2.7,2.0
6215,-20.2,0.0,-19.0,2.5,1.8
6216,-4.7,0.0,3.3,2.4,1.8
6217,3.4,-3.3,3.5,2.5,1.9
6218,3.3,-3.3,3.4,2.5,1.8
6219,3.9,-3.2,3.9,3.0,2.2
6220,4.5,-3.2,4.5,3.6,2.7
6221,5.1,-3.1,5.1,4.1,3.1
6222,5.1,-3.0,5.1,4.1,3.0
6223,5.4,0.0,5.3,4.3,3.1
6224,4.7,0.0,4.7,3.4,2.5
6225,3.1,0.0,3.0,-8.5,-4.3
6226,2.4,0.0,2.6,-9.5,-5.0
6227,1.8,0.0,2.3,-10.3,-5.7
6228,1.2,0.0,1.8,-11.4,-6.5
6229,0.8,0.0,-7.4,-5.9,-3.2
6230,0.5,0.0,-8.5,-12.6,-7.6
6231,-0.4,0.0,-9.6,-14.7,-8.5
6232,0.5,0.0,-10.5,-13.6,-8.4
6233,0.7,0.0,-11.0,-13.3,-8.3
6234,1.3,0.0,-10.7,1.6,1.5
6235,2.4,0.0,-9.6,2.8,2.4
6236,2.8,0.0,-25.1,3.2,2.6
6237,3.2,0.0,-24.3,3.5,2.8
6238,3.5,0.0,-23.6,3.6,2.9
6239,3.5,0.0,-23.0,3.6,2.9
6240,3.9,0.0,4.3,3.9,3.1
6241,4.7,-4.0,4.9,4.4,3.5
6242,4.7,-3.9,4.9,4.4,3.4
6243,5.3,-3.7,5.5,4.9,3.7
6244,5.0,-3.5,5.1,4.3,3.3
6245,5.2,-3.4,5.2,4.4,3.3
6246,5.3,-3.3,5.4,4.5,3.4
6247,5.4,0.0,5.4,4.4,3.3
6248,5.5,0.0,5.5,4.4,3.3
6249,4.9,0.0,5.0,-6.3,-2.7
6250,4.2,0.0,4.4,-7.2,-3.3
6251,3.8,0.0,4.1,-7.7,-3.7
6252,3.7,0.0,4.0,-7.9,-3.9
6253,3.2,0.0,-3.4,-2.3,-0.5
6254,1.5,0.0,-5.2,-10.5,-5.9
6255,0.6,0.0,-6.7,-12.1,-6.9
6256,0.1,0.0,-8.1,-14.1,-7.7
6257,1.0,0.0,-9.0,-12.3,-7.4
6258,2.0,0.0,-8.5,1.9,1.6
6259,3.3,0.0,-7.2,3.4,2.7
6260,3.2,0.0,-22.9,3.2,2.6
6261,3.1,0.0,-22.7,3.0,2.4
6262,3.2,0.0,-22.4,3.1,2.5
6263,3.5,0.0,-21.9,3.3,2.6
6264,3.7,0.0,4.1,3.6,2.8
6265,4.5,20.0,4.7,4.1,3.1
6266,5.0,20.0,5.2,4.5,3.5
6267,5.5,20.0,5.6,4.9,3.7
6268,5.6,20.0,5.7,4.9,3.7
6269,6.2,20.0,6.2,5.4,4.0
6270,7.4,20.0,7.3,6.5,4.8
6271,7.8,0.0,7.7,6.8,5.0
6272,7.2,0.0,7.1,5.9,4.3
6273,4.1,0.0,3.8,-7.3,-3.2
6274,2.3,0.0,2.0,-9.7,-5.0
6275,2.2,0.0,2.5,-9.9,-5.3
6276,1.0,0.0,1.5,-11.5,-6.5
6277,1.1,0.0,-6.8,-5.4,-2.8
6278,1.5,0.0,-7.3,-11.2,-6.6
6279,0.5,0.0,-8.4,-12.8,-7.6
6280,-10.7,0.0,-9.0,-13.4,-7.7
6281,-11.1,0.0,-9.5,-12.2,-7.4
6282,-10.7,0.0,-9.1,2.7,2.3
6283,-9.2,0.0,-7.8,4.1,3.3
6284,-25.0,0.0,-22.4,5.1,4.1
6285,-23.0,0.0,-20.7,5.8,4.5
6286,-20.6,0.0,-18.5,6.8,5.3
6287,-18.3,0.0,-16.6,7.4,5.7
6288,0.0,0.0,8.7,8.1,6.1
6289,9.2,20.0,9.2,8.4,6.3
6290,9.5,20.0,9.4,8.5,6.3
6291,9.9,20.0,9.7,8.7,6.4
6292,10.5,20.0,10.3,9.2,6.7
6293,10.8,20.0,10.4,9.2,6.7
6294,11.2,20.0,10.8,9.5,6.9
6295,11.4,0.0,11.0,9.5,6.9
6296,9.4,0.0,9.0,7.2,5.1
6297,9.0,0.0,8.6,-0.0,0.0
6298,8.0,0.0,7.8,-1.0,0.0
6299,6.9,0.0,6.7,-2.3,0.0
6300,5.9,0.0,5.8,-3.6,-0.0
6301,5.1,0.0,0.0,0.0,0.0
6302,2.6,0.0,0.0,-8.2,-3.1
6303,3.1,0.0,-0.3,-7.8,-3.3
6304,2.9,0.0,-1.6,-8.2,-3.8
6305,2.9,0.0,-2.5,-8.8,-4.1
6306,3.8,0.0,-2.4,2.9,2.2
6307,6.1,0.0,-0.6,5.4,4.1
6308,7.4,0.0,-14.1,6.7,5.0
6309,8.2,0.0,-12.6,7.4,5.5
6310,8.8,0.0,-11.1,7.9,5.9
6311,9.4,0.0,-9.7,8.3,6.1
6312,9.8,0.0,9.7,8.6,6.3
6313,10.6,20.0,10.3,9.0,6.6
6314,10.9,20.0,10.6,9.2,6.7
6315,11.0,20.0,10.7,9.3,6.8
6316,10.7,20.0,10.3,8.8,6.4
6317,10.8,20.0,10.4,8.8,6.3
6318,11.0,-1.2,10.6,8.9,6.4
6319,11.4,0.0,10.9,9.2,6.6
6320,9.8,0.0,9.2,7.2,5.0
6321,7.5,0.0,6.9,-1.5,0.0
6322,5.4,0.0,4.7,-4.2,-0.2
6323,3.8,0.0,3.4,-6.5,-1.8
6324,2.1,0.0,2.1,-9.0,-3.8
6325,0.7,0.0,-2.9,-4.9,-1.6
6326,0.0,0.0,-5.2,-12.3,-6.6
6327,0.0,0.0,-9.9,-15.0,-9.1
6328,-12.1,0.0,-10.5,-15.7,-9.2
6329,-12.1,0.0,-10.5,-15.0,-8.6
6330,-12.8,0.0,-11.0,0.7,0.8
6331,-10.7,0.0,-9.1,3.5,3.0
6332,-26.7,0.0,-23.7,4.8,3.9
6333,-25.0,0.0,-22.3,5.2,4.2
6334,-23.8,0.0,-21.4,5.1,4.1
6335,-23.6,0.0,-21.4,4.1,3.3
6336,-6.6,0.0,4.1,3.6,2.9
6337,4.0,-3.8,4.3,3.7,2.9
6338,4.1,-3.8,4.4,3.8,3.0
6339,3.3,-3.8,3.6,2.9,2.3
6340,3.1,20.0,3.3,2.6,2.0
6341,3.1,20.0,3.3,2.6,2.0
6342,3.4,20.0,3.6,2.8,2.1
6343,3.3,0.0,3.5,2.6,2.0
6344,3.4,0.0,3.6,2.6,2.0
6345,2.8,0.0,3.2,2.1,1.6
6346,2.9,0.0,3.2,2.2,1.7
6347,4.7,0.0,4.9,4.1,3.1
6348,4.1,0.0,4.5,3.3,2.5
6349,4.2,0.0,-3.0,3.4,2.6
6350,3.2,0.0,-3.9,2.2,1.7
6351,1.7,0.0,-5.3,0.2,0.6
6352,-7.9,0.0,-6.5,0.0,0.7
6353,-8.3,0.0,-7.0,0.0,1.2
6354,-8.5,0.0,-7.1,3.1,2.5
6355,-7.3,0.0,-6.0,4.3,3.4
6356,-23.2,0.0,-21.0,4.8,3.8
6357,-22.4,0.0,-20.4,4.7,3.7
6358,-21.4,0.0,-19.5,5.0,3.9
6359,-20.5,0.0,-18.8,5.0,3.8
6360,-3.3,0.0,5.7,5.1,3.8
6361,5.4,20.0,5.5,4.7,3.5
6362,5.4,20.0,5.5,4.7,3.5
6363,5.8,20.0,6.0,5.2,3.9
6364,6.1,20.0,6.2,5.3,4.0
6365,6.3,20.0,6.3,5.4,4.0
6366,6.5,20.0,6.5,5.5,4.1
6367,6.4,0.0,6.3,5.2,3.9
6368,6.1,0.0,6.1,4.8,3.5
6369,5.4,0.0,5.4,4.1,3.0
6370,5.0,0.0,5.2,3.7,2.7
6371,4.3,0.0,4.5,3.0,2.1
6372,2.0,0.0,1.9,0.0,0.0
6373,2.1,0.0,-4.3,0.7,0.6
6374,2.1,0.0,-5.0,0.9,0.9
6375,3.2,0.0,-4.9,2.6,2.0
6376,-4.6,0.0,-3.6,4.1,3.2
6377,-3.9,0.0,-3.0,4.5,3.4
6378,-3.4,0.0,-2.6,4.6,3.5
6379,-3.1,0.0,-2.3,4.6,3.5
6380,-18.7,0.0,-17.4,4.7,3.5
6381,-18.4,0.0,-17.2,4.6,3.4
6382,-18.5,0.0,-17.4,4.2,3.1
6383,-18.8,0.0,-17.7,3.6,2.7
6384,-3.4,0.0,4.1,3.2,2.4
6385,4.0,-3.2,4.1,3.1,2.3
6386,4.1,-3.1,4.1,3.1,2.3
6387,4.1,-3.1,4.1,3.0,2.2
6388,4.2,-3.0,4.2,3.2,2.3
6389,4.3,-3.0,4.3,3.2,2.3
6390,4.2,-2.9,4.2,3.1,2.3
6391,4.1,0.0,4.1,3.0,2.1
6392,3.8,0.0,3.8,2.6,1.8
6393,2.9,0.0,3.1,-8.4,-4.2
6394,1.4,0.0,1.4,-10.7,-5.9
6395,0.4,0.0,0.5,-12.4,-7.2
6396,1.0,0.0,1.5,-11.5,-6.8
6397,0.5,0.0,-8.3,-5.9,-3.4
6398,0.2,0.0,-9.2,-12.7,-7.9
6399,0.8,0.0,-9.3,-12.2,-7.6
6400,0.8,0.0,-9.5,-12.3,-7.6
6401,1.6,0.0,-9.1,-11.5,-7.1
6402,1.9,0.0,-8.9,1.9,1.6
6403,1.9,0.0,-8.7,1.9,1.6
6404,1.9,0.0,-24.7,2.0,1.6
6405,1.9,0.0,-24.7,1.9,1.6
6406,2.0,0.0,-24.6,2.0,1.7
6407,2.2,0.0,-24.3,2.2,1.8
6408,3.5,0.0,3.9,3.5,2.8
6409,4.1,20.0,4.4,3.9,3.1
6410,4.2,20.0,4.4,3.9,3.0
6411,4.4,20.0,4.6,3.9,3.0
6412,4.6,20.0,4.7,4.0,3.1
6413,4.7,20.0,4.8,4.1,3.1
6414,4.9,20.0,4.9,4.1,3.1
6415,4.9,0.0,5.0,4.1,3.1
6416,5.0,0.0,5.0,4.1,3.0
6417,4.9,0.0,5.0,-6.4,-2.8
6418,4.9,0.0,5.1,-6.5,-2.8
6419,4.0,0.0,4.3,-7.5,-3.6
6420,4.0,0.0,4.3,-7.5,-3.6
6421,4.3,0.0,-2.4,-1.0,0.0
6422,3.6,0.0,-3.0,-8.1,-4.0
6423,4.2,0.0,-2.7,-7.4,-3.6
6424,4.5,0.0,-2.5,-7.0,-3.3
6425,4.8,0.0,-2.1,-6.7,-3.0
6426,4.9,0.0,-1.8,4.1,3.0
6427,5.1,0.0,-1.5,4.3,3.2
6428,5.3,0.0,-16.3,4.5,3.3
6429,5.6,0.0,-15.9,4.7,3.5
6430,5.6,0.0,-15.6,4.7,3.4
6431,5.6,0.0,-15.4,4.6,3.4
6432,5.7,0.0,5.8,4.8,3.5
6433,5.9,20.0,5.9,4.8,3.5
6434,6.1,20.0,6.0,4.8,3.5
6435,6.2,20.0,6.1,4.9,3.6
6436,6.3,20.0,6.2,5.0,3.6
6437,6.4,20.0,6.2,5.0,3.6
6438,6.5,20.0,6.3,5.0,3.6
6439,6.6,0.0,6.4,5.0,3.6
6440,6.4,0.0,6.2,4.8,3.4
6441,6.2,0.0,6.1,-3.9,-0.6
6442,5.7,0.0,5.7,-4.5,-1.0
6443,5.3,0.0,5.3,-5.0,-1.4
6444,5.1,0.0,5.1,-5.3,-1.7
6445,5.6,0.0,0.0,0.0,0.0
6446,5.6,0.0,0.0,-4.9,-1.4
6447,5.2,0.0,0.0,-5.4,-1.8
6448,0.0,0.0,0.0,-5.4,-1.8
6449,-0.9,0.0,-0.5,-6.7,-2.7
6450,-0.6,0.0,-0.1,4.2,3.0
6451,-0.2,0.0,0.0,4.9,3.6
6452,-15.3,0.0,-14.6,5.0,3.7
6453,-14.8,0.0,-14.3,5.1,3.7
6454,-14.2,0.0,-13.7,5.4,3.9
6455,-13.7,0.0,-13.3,5.5,4.0
6456,0.0,0.0,6.6,5.5,4.0
6457,7.1,20.0,7.0,5.8,4.2
6458,7.6,20.0,7.4,6.2,4.5
6459,7.5,20.0,7.3,6.0,4.3
6460,7.6,20.0,7.4,6.0,4.3
6461,8.0,20.0,7.7,6.3,4.6
6462,8.2,20.0,7.9,6.5,4.6
6463,8.4,0.0,8.1,6.6,4.7
6464,8.0,0.0,7.7,6.1,4.3
6465,7.5,0.0,7.3,-2.0,0.0
6466,6.9,0.0,6.8,-2.7,0.0
6467,6.6,0.0,6.6,-3.1,0.0
6468,8.3,0.0,8.1,-1.3,0.0
6469,7.6,0.0,0.0,0.0,0.4
6470,7.3,0.0,0.0,-2.4,0.0
6471,7.5,0.0,0.0,-2.0,0.0
6472,7.8,0.0,0.0,-1.8,0.0
6473,7.9,0.0,0.0,-1.6,0.0
6474,8.2,0.0,0.0,6.5,4.6
6475,8.5,0.0,0.0,6.8,4.9
6476,8.7,0.0,-7.2,7.0,5.0
6477,8.9,0.0,-6.8,7.1,5.0
6478,8.9,0.0,-6.4,7.1,5.0
6479,8.9,0.0,-6.3,7.0,4.9
6480,9.1,0.0,8.8,7.2,5.1
6481,9.4,20.0,8.9,7.3,5.1
6482,9.6,20.0,9.1,7.5,5.3
6483,9.6,20.0,9.2,7.5,5.3
6484,10.1,20.0,9.7,8.0,5.7
6485,10.4,20.0,10.0,8.3,5.9
6486,10.8,20.0,10.3,8.5,6.1
6487,11.3,0.0,10.7,8.9,6.4
6488,10.7,0.0,10.2,8.1,5.7
6489,9.0,0.0,8.3,0.0,0.0
6490,7.3,0.0,6.5,-2.0,0.0
6491,5.8,0.0,5.3,-4.0,0.0
6492,5.2,0.0,5.3,-4.7,-0.6
6493,4.0,0.0,0.0,-0.7,0.0
6494,3.5,0.0,0.0,-7.6,-2.7
6495,5.3,0.0,0.0,-5.4,-1.7
6496,0.0,0.0,0.0,-5.1,-1.5
6497,-0.1,0.0,0.0,-6.1,-1.9
6498,0.0,0.0,0.0,4.8,3.6
6499,0.0,0.0,0.0,5.1,3.8
6500,-14.0,0.0,-13.4,5.8,4.3
6501,-13.4,0.0,-12.9,6.0,4.4
6502,-12.8,0.0,-12.5,6.0,4.5
6503,-12.3,0.0,-12.0,6.0,4.5
6504,0.0,0.0,7.2,6.0,4.4
6505,7.5,20.0,7.4,6.1,4.5
6506,7.5,20.0,7.4,6.1,4.5
6507,7.6,20.0,7.5,6.2,4.6
6508,7.8,20.0,7.6,6.3,4.6
6509,7.9,20.0,7.7,6.3,4.6
6510,8.0,20.0,7.8,6.4,4.6
6511,8.2,0.0,7.9,6.5,4.7
6512,7.8,0.0,7.6,5.9,4.3
6513,7.0,0.0,6.9,5.2,3.7
6514,7.0,0.0,6.9,5.2,3.7
6515,7.2,0.0,7.1,5.5,3.9
6516,7.0,0.0,6.9,5.3,3.7
6517,6.6,0.0,0.0,4.8,3.4
6518,4.9,0.0,0.0,2.8,2.0
6519,4.4,0.0,0.0,2.5,1.8
6520,0.0,0.0,0.0,2.7,2.0
6521,0.0,0.0,0.0,2.7,2.1
6522,0.0,0.0,0.0,4.2,3.1
6523,0.0,0.0,0.0,5.0,3.7
6524,-13.7,0.0,-13.3,5.5,4.1
6525,-13.6,0.0,-13.2,5.4,4.0
6526,-13.4,0.0,-13.0,5.4,4.0
6527,-12.9,0.0,-12.6,5.6,4.1
6528,0.0,0.0,7.1,5.9,4.3
6529,7.4,20.0,7.2,6.0,4.4
6530,7.5,20.0,7.3,6.1,4.5
6531,7.3,20.0,7.2,6.0,4.4
6532,7.5,20.0,7.4,6.1,4.5
6533,7.6,20.0,7.5,6.1,4.5
6534,7.6,20.0,7.4,6.0,4.4
6535,7.7,0.0,7.5,6.1,4.4
6536,7.9,0.0,7.7,6.2,4.5
6537,7.7,0.0,7.6,6.0,4.3
6538,7.0,0.0,6.9,5.2,3.7
6539,6.0,0.0,6.0,4.0,2.8
6540,5.9,0.0,6.1,3.8,2.7
6541,3.8,0.0,0.0,0.6,1.0
6542,5.4,0.0,0.0,3.9,2.9
6543,7.1,0.0,0.0,6.0,4.4
6544,0.0,0.0,0.0,6.8,5.1
6545,0.0,0.0,0.0,6.1,4.6
6546,0.0,0.0,0.0,6.5,4.8
6547,0.0,0.0,0.0,7.1,5.2
6548,-8.9,0.0,-9.1,7.2,5.3
6549,-7.9,0.0,-8.3,7.5,5.5
6550,-7.0,0.0,-7.5,7.7,5.6
6551,-6.2,0.0,-6.8,7.7,5.5
6552,0.7,0.0,9.6,8.1,5.8
6553,10.2,20.0,9.8,8.2,5.9
6554,10.1,20.0,9.6,8.0,5.7
6555,10.1,20.0,9.6,7.9,5.6
6556,10.1,20.0,9.6,7.9,5.6
6557,10.2,20.0,9.7,7.9,5.6
6558,10.3,20.0,9.7,7.9,5.6
6559,10.2,0.0,9.7,7.8,5.5
6560,10.2,0.0,9.7,7.7,5.4
6561,9.8,0.0,9.4,0.0,0.0
6562,9.7,0.0,9.2,0.0,0.0
6563,9.3,0.0,8.9,0.0,0.0
6564,8.9,0.0,8.5,0.0,0.0
6565,8.3,0.0,0.0,0.0,0.4
6566,7.7,0.0,0.0,-0.7,0.0
6567,6.5,0.0,0.0,-2.1,0.0
6568,5.0,0.0,0.0,-4.1,-0.1
6569,4.8,0.0,0.0,-5.6,-0.8
6570,5.2,0.0,0.0,3.5,2.4
6571,6.2,0.0,0.0,4.6,3.3
6572,6.3,0.0,-10.9,4.8,3.4
6573,7.3,0.0,-10.1,5.9,4.3
6574,8.0,0.0,-9.3,6.6,4.8
6575,8.6,0.0,-8.3,7.2,5.2
6576,8.9,0.0,8.8,7.4,5.4
6577,8.9,20.0,8.6,7.1,5.2
6578,9.5,20.0,9.2,7.7,5.6
6579,9.9,20.0,9.6,8.0,5.8
6580,10.2,20.0,9.8,8.2,5.9
6581,11.4,20.0,11.0,9.4,6.8
6582,11.9,20.0,11.4,9.7,7.0
6583,11.6,0.0,11.1,9.3,6.7
6584,9.9,0.0,9.4,7.3,5.1
6585,8.1,0.0,7.4,-0.5,0.0
6586,6.3,0.0,5.7,-2.9,0.0
6587,4.8,0.0,4.3,-5.2,-0.8
6588,3.5,0.0,3.4,-7.0,-2.2
6589,3.3,0.0,0.0,-1.4,0.0
6590,3.2,0.0,-0.4,-7.7,-3.2
6591,2.6,0.0,-1.7,-9.1,-3.9
6592,3.8,0.0,-2.2,-7.6,-3.4
6593,4.2,0.0,-2.1,-7.2,-3.2
6594,4.7,0.0,-1.8,4.1,3.1
6595,5.5,0.0,-0.9,4.9,3.7
6596,5.8,0.0,-15.6,5.1,3.9
6597,5.9,0.0,-15.2,5.1,3.9
6598,5.9,0.0,-14.9,5.1,3.8
6599,6.2,0.0,-14.4,5.3,4.0
6600,6.7,0.0,6.8,5.9,4.4
6601,7.6,20.0,7.6,6.5,4.9
6602,8.3,20.0,8.2,7.1,5.3
6603,8.4,20.0,8.3,7.1,5.2
6604,8.6,-2.1,8.5,7.2,5.3
6605,8.4,-2.0,8.2,6.8,5.0
6606,8.2,-1.8,8.0,6.5,4.7
6607,8.1,0.0,7.8,6.3,4.5
6608,7.9,0.0,7.6,6.0,4.3
6609,7.3,0.0,7.2,-2.0,0.0
6610,6.3,0.0,6.2,-3.2,0.0
6611,4.3,0.0,4.4,-5.7,-1.6
6612,4.3,0.0,4.4,-5.7,-1.8
6613,4.0,0.0,0.0,-0.2,0.0
6614,2.6,0.0,-1.0,-8.1,-3.6
6615,2.3,0.0,-2.2,-8.9,-4.2
6616,-4.3,0.0,-3.4,-9.8,-4.8
6617,-5.3,0.0,-4.4,-9.7,-4.9
6618,-5.7,0.0,-4.7,2.6,2.0
6619,-5.8,0.0,-4.8,3.0,2.4
6620,-22.2,0.0,-20.4,3.2,2.5
6621,-22.0,0.0,-20.3,3.3,2.6
6622,-21.8,0.0,-20.1,3.3,2.6
6623,-21.7,0.0,-20.1,3.3,2.5
6624,-5.0,0.0,4.3,3.6,2.8
6625,4.3,-3.6,4.5,3.7,2.9
6626,4.2,-3.4,4.4,3.6,2.7
6627,4.3,-3.3,4.4,3.6,2.7
6628,4.8,-3.3,5.0,4.1,3.1
6629,5.1,-3.2,5.2,4.3,3.2
6630,5.3,-3.1,5.4,4.4,3.3
6631,5.0,0.0,5.1,4.0,3.0
6632,4.6,0.0,4.6,3.4,2.5
6633,3.6,0.0,3.7,-7.8,-3.7
6634,2.1,0.0,2.2,-9.8,-5.1
6635,1.1,0.0,1.2,-11.5,-6.4
6636,0.0,0.0,0.1,-13.5,-7.9
6637,-1.4,0.0,-11.2,-9.0,-5.5
6638,-1.6,0.0,-11.3,-14.8,-9.3
6639,-2.0,0.0,-11.9,-14.6,-9.3
6640,-2.4,0.0,-12.4,-14.8,-9.4
6641,0.0,0.0,-12.7,-14.1,-9.1
6642,0.5,0.0,-12.4,1.1,1.2
6643,1.1,0.0,-11.9,1.7,1.6
6644,1.3,0.0,-27.9,2.0,1.8
6645,1.5,0.0,-27.5,2.0,1.8
6646,2.5,0.0,-26.3,3.0,2.6
6647,3.5,0.0,-24.7,4.0,3.3
6648,3.9,0.0,4.5,4.3,3.5
6649,4.3,20.0,4.7,4.4,3.5
6650,4.5,20.0,4.9,4.5,3.6
6651,4.4,20.0,4.8,4.3,3.4
6652,4.6,20.0,4.9,4.3,3.4
6653,4.9,20.0,5.2,4.6,3.5
6654,5.1,20.0,5.3,4.6,3.5
6655,5.4,0.0,5.5,4.8,3.6
6656,5.3,0.0,5.4,4.5,3.4
6657,5.0,0.0,5.1,-6.5,-2.9
6658,4.6,0.0,4.8,-6.8,-3.1
6659,4.7,0.0,4.9,-6.6,-2.9
6660,3.8,0.0,4.1,-7.7,-3.7
6661,2.5,0.0,-3.9,-3.3,-1.1
6662,1.9,0.0,-5.0,-10.4,-5.6
6663,1.5,0.0,-6.1,-11.1,-6.2
6664,-8.2,0.0,-6.8,-12.7,-6.5
6665,-8.6,0.0,-7.4,-12.8,-6.3
6666,-8.8,0.0,-7.3,3.7,3.0
6667,-7.1,0.0,-5.9,5.0,4.0
6668,-22.7,0.0,-20.5,5.5,4.3
6669,-21.1,0.0,-19.2,5.9,4.6
6670,-19.6,0.0,-17.9,6.1,4.7
6671,-18.1,0.0,-16.7,6.3,4.8
6672,-0.5,0.0,7.4,6.7,5.1
6673,7.7,20.0,7.7,6.8,5.1
6674,8.3,20.0,8.3,7.4,5.5
6675,8.6,20.0,8.5,7.6,5.6
6676,9.0,20.0,8.8,7.8,5.8
6677,9.2,20.0,9.0,7.9,5.8
6678,9.4,20.0,9.2,7.9,5.8
6679,9.6,0.0,9.3,8.0,5.8
6680,9.1,0.0,8.7,7.2,5.2
6681,7.3,0.0,6.6,4.8,3.5
6682,5.5,0.0,5.2,3.1,2.2
6683,3.8,0.0,3.3,0.9,0.8
6684,2.3,0.0,2.2,0.0,0.0
6685,1.4,0.0,-4.0,0.0,0.0
6686,0.8,0.0,-5.8,0.0,0.0
6687,0.7,0.0,-7.1,0.0,0.1
6688,-9.8,0.0,-8.3,-0.4,0.4
6689,-9.5,0.0,-8.1,1.9,1.8
6690,-8.7,0.0,-7.4,3.1,2.6
6691,-8.0,0.0,-6.8,3.7,3.0
6692,-24.6,0.0,-22.3,3.8,3.1
6693,-23.9,0.0,-21.7,4.1,3.2
6694,-23.3,0.0,-21.2,4.1,3.2
6695,-22.6,0.0,-20.6,4.1,3.2
6696,-5.2,0.0,4.9,4.3,3.3
6697,4.8,-3.7,5.0,4.3,3.3
6698,4.8,-3.6,4.9,4.2,3.3
6699,4.9,-3.7,5.1,4.4,3.4
6700,5.0,-3.5,5.2,4.4,3.4
6701,5.0,-3.4,5.1,4.3,3.3
6702,5.2,-3.2,5.2,4.4,3.3
6703,5.4,0.0,5.5,4.5,3.4
6704,5.2,0.0,5.2,4.1,3.1
6705,3.8,0.0,3.7,2.3,1.8
6706,2.7,0.0,2.8,1.2,0.9
6707,2.7,0.0,3.1,1.6,1.2
6708,3.7,0.0,4.0,2.8,2.1
6709,3.8,0.0,-3.4,3.0,2.3
6710,3.5,0.0,-3.8,2.6,2.0
6711,2.9,0.0,-4.5,2.1,1.6
6712,-5.6,0.0,-4.7,2.3,1.8
6713,-5.7,0.0,-4.8,2.3,1.8
6714,-5.7,0.0,-4.9,2.6,2.0
6715,-5.8,0.0,-5.0,2.9,2.2
6716,-22.2,0.0,-20.6,3.1,2.4
6717,-22.4,0.0,-20.7,3.1,2.3
6718,-22.6,0.0,-20.8,3.1,2.4
6719,-22.3,0.0,-20.6,3.2,2.5
6720,-5.1,0.0,4.5,3.8,2.9
6721,4.9,-3.6,5.1,4.4,3.3
6722,5.2,-3.4,5.3,4.5,3.4
6723,5.5,-3.3,5.6,4.7,3.5
6724,5.8,-3.2,5.8,4.9,3.7
6725,6.3,-3.0,6.3,5.3,4.0
6726,6.8,-2.9,6.8,5.8,4.3
6727,7.1,0.0,7.0,5.9,4.3
6728,6.7,0.0,6.6,5.4,3.9
6729,5.2,0.0,4.9,-5.9,-2.2
6730,3.0,0.0,2.6,-8.8,-4.2
6731,1.4,0.0,1.2,-11.0,-5.9
6732,0.0,0.0,0.1,-13.2,-7.5
6733,-1.5,0.0,-11.4,-9.7,-5.9
6734,-2.1,0.0,-11.8,-16.2,-9.9
6735,-2.8,0.0,-12.3,-16.7,-10.1
6736,-2.5,0.0,-12.5,-16.8,-9.8
6737,-1.5,0.0,-11.8,-15.1,-8.7
6738,-4.7,0.0,-15.3,0.9,1.1
6739,0.9,0.0,-14.0,1.9,1.9
6740,1.2,0.0,-30.1,2.2,2.1
6741,1.6,0.0,-29.2,2.4,2.2
6742,2.2,0.0,-28.0,3.0,2.6
6743,3.0,0.0,-26.6,3.6,3.1
6744,3.1,0.0,3.7,3.6,3.0
6745,3.7,-4.7,4.2,3.9,3.2
6746,4.3,-4.5,4.7,4.4,3.5
6747,4.5,-4.3,4.8,4.4,3.5
6748,5.0,-4.1,5.2,4.8,3.7
6749,5.2,-3.9,5.5,4.9,3.8
6750,5.5,-3.7,5.7,5.1,3.9
6751,5.7,0.0,5.8,5.1,3.9
6752,5.5,0.0,5.6,4.7,3.5
6753,4.6,0.0,4.8,-7.0,-3.3
6754,3.0,0.0,3.1,-9.1,-4.8
6755,1.5,0.0,1.6,-11.2,-6.3
6756,0.2,0.0,0.6,-12.9,-7.6
6757,-0.2,0.0,-10.1,-8.3,-4.8
6758,-1.9,0.0,-11.6,-16.0,-9.8
6759,-2.4,0.0,-12.0,-16.2,-9.8
6760,-2.4,0.0,-12.4,-16.6,-9.7
6761,-1.8,0.0,-12.3,-17.0,-9.2
6762,-5.4,0.0,-16.1,1.1,1.3
6763,1.1,0.0,-14.5,2.3,2.2
6764,2.0,0.0,-30.0,3.1,2.8
6765,2.6,0.0,-28.5,3.6,3.1
6766,3.1,0.0,-27.2,3.9,3.3
6767,4.0,0.0,-25.3,4.7,3.9
6768,4.2,0.0,4.7,4.6,3.8
6769,5.0,20.0,5.4,5.1,4.1
6770,5.8,20.0,6.1,5.8,4.5
6771,6.1,20.0,6.3,5.8,4.5
6772,6.8,-3.8,7.0,6.4,4.9
6773,7.0,-3.5,7.1,6.5,4.9
6774,7.4,-3.3,7.5,6.7,5.1
6775,7.4,0.0,7.4,6.5,4.9
6776,7.1,0.0,7.0,5.9,4.4
6777,6.2,0.0,6.2,-4.8,-1.4
6778,5.0,0.0,5.1,-6.1,-2.4
6779,3.1,0.0,3.1,-8.6,-4.2
6780,1.2,0.0,1.3,-11.2,-6.1
6781,0.0,0.0,-10.0,-8.1,-5.1
6782,0.0,0.0,-10.9,-15.1,-9.5
6783,-0.7,0.0,-10.6,-14.0,-8.9
6784,-11.9,0.0,-10.3,-13.4,-8.4
6785,-12.4,0.0,-10.9,-13.1,-8.2
6786,-12.1,0.0,-10.6,1.8,1.6
6787,-11.3,0.0,-9.8,2.7,2.3
6788,-28.6,0.0,-25.7,3.0,2.5
6789,-27.5,0.0,-24.7,3.4,2.8
6790,-26.5,0.0,-23.9,3.6,2.9
6791,-25.4,0.0,-22.9,3.9,3.1
6792,-7.7,0.0,4.1,3.7,2.9
6793,4.0,-4.1,4.2,3.7,2.9
6794,4.2,-4.0,4.4,3.8,3.0
6795,4.4,-3.8,4.6,4.0,3.1
6796,4.5,-3.7,4.6,3.9,3.0
6797,4.7,-3.5,4.8,4.1,3.1
6798,5.0,-3.4,5.0,4.2,3.2
6799,5.3,0.0,5.3,4.4,3.3
6800,5.3,0.0,5.4,4.4,3.3
6801,5.1,0.0,5.2,-6.2,-2.6
6802,4.7,0.0,4.8,-6.6,-3.0
6803,4.3,0.0,4.5,-7.1,-3.3
6804,3.9,0.0,4.1,-7.6,-3.7
6805,2.6,0.0,-3.8,-3.0,-1.0
6806,1.9,0.0,-5.0,-10.1,-5.6
6807,1.0,0.0,-6.3,-11.5,-6.5
6808,1.5,0.0,-6.9,-11.2,-6.4
6809,2.2,0.0,-7.0,-10.5,-6.0
6810,2.6,0.0,-6.8,2.4,1.9
6811,3.2,0.0,-6.3,3.0,2.3
6812,3.3,0.0,-21.8,3.1,2.4
6813,3.4,0.0,-21.6,3.1,2.4
6814,3.6,0.0,-21.2,3.3,2.6
6815,3.9,0.0,-20.7,3.6,2.8
6816,4.0,0.0,4.3,3.7,2.8
6817,4.5,20.0,4.7,4.0,3.0
6818,4.7,20.0,4.9,4.2,3.2
6819,4.8,20.0,5.0,4.2,3.2
6820,5.1,20.0,5.2,4.4,3.3
6821,5.4,20.0,5.4,4.6,3.4
6822,5.6,20.0,5.6,4.7,3.5
6823,5.7,0.0,5.7,4.8,3.5
6824,5.7,0.0,5.7,4.7,3.4
6825,5.3,0.0,5.3,-5.8,-2.2
6826,4.7,0.0,4.8,-6.3,-2.6
6827,4.4,0.0,4.5,-6.7,-2.9
6828,2.9,0.0,3.2,-8.5,-4.2
6829,1.9,0.0,-4.1,-4.0,-1.5
6830,1.0,0.0,-5.8,-11.7,-6.4
6831,0.5,0.0,-7.4,-12.6,-7.2
6832,-10.1,0.0,-8.8,-13.2,-7.7
6833,-10.1,0.0,-8.8,-11.5,-7.1
6834,-8.9,0.0,-7.6,2.8,2.3
6835,-8.0,0.0,-6.8,3.7,2.9
6836,-24.2,0.0,-22.0,4.1,3.3
6837,-23.2,0.0,-21.0,4.6,3.6
6838,-22.5,0.0,-20.5,4.5,3.5
6839,-21.4,0.0,-19.6,4.8,3.7
6840,-4.0,0.0,5.6,5.0,3.8
6841,5.8,20.0,5.9,5.1,3.9
6842,5.8,20.0,5.9,5.2,3.9
6843,5.7,20.0,5.7,4.9,3.7
6844,5.7,20.0,5.8,4.9,3.7
6845,5.8,20.0,5.8,4.9,3.6
6846,6.0,20.0,5.9,4.9,3.6
6847,5.9,0.0,5.8,4.8,3.5
6848,5.8,0.0,5.7,4.6,3.4
6849,5.5,0.0,5.5,4.3,3.1
6850,5.6,0.0,5.6,4.3,3.1
6851,5.7,0.0,5.8,4.5,3.2
6852,5.5,0.0,5.6,4.2,3.0
6853,5.1,0.0,0.0,3.7,2.7
6854,3.6,0.0,-1.2,2.0,1.4
6855,2.5,0.0,-2.6,0.9,0.7
6856,-4.2,0.0,-3.4,1.3,1.0
6857,-3.8,0.0,-3.1,2.8,2.0
6858,-2.8,0.0,-2.1,4.1,3.1
6859,-1.9,0.0,-1.3,5.0,3.7
6860,-17.3,0.0,-16.2,5.0,3.7
6861,-16.6,0.0,-15.7,5.3,3.9
6862,-15.2,0.0,-14.4,6.2,4.6
6863,-14.5,0.0,-13.9,6.0,4.4
6864,0.0,0.0,7.4,6.4,4.7
6865,7.7,20.0,7.6,6.4,4.7
6866,7.6,20.0,7.5,6.3,4.6
6867,7.9,20.0,7.8,6.7,4.9
6868,8.2,20.0,8.0,6.9,5.0
6869,8.7,20.0,8.5,7.3,5.3
6870,9.0,20.0,8.7,7.4,5.4
6871,9.1,0.0,8.8,7.4,5.4
6872,9.1,0.0,8.7,7.2,5.2
6873,7.5,0.0,7.1,5.3,3.8
6874,5.5,0.0,5.0,2.9,2.1
6875,3.9,0.0,3.4,0.9,0.8
6876,2.5,0.0,2.3,0.0,0.0
6877,1.4,0.0,-3.7,0.0,0.0
6878,1.0,0.0,-5.3,0.0,0.0
6879,1.1,0.0,-6.4,0.0,0.3
6880,-8.2,0.0,-6.9,0.6,1.0
6881,-8.3,0.0,-7.0,2.1,1.8
6882,-7.3,0.0,-6.2,3.2,2.6
6883,-6.5,0.0,-5.4,4.0,3.2
6884,-22.5,0.0,-20.5,4.4,3.4
6885,-21.8,0.0,-19.9,4.6,3.6
6886,-21.0,0.0,-19.3,4.7,3.6
6887,-20.1,0.0,-18.5,4.9,3.8
6888,-3.3,0.0,5.5,4.8,3.6
6889,5.5,20.0,5.6,4.7,3.6
6890,5.6,20.0,5.7,4.8,3.6
6891,5.6,20.0,5.6,4.7,3.5
6892,6.1,20.0,6.1,5.1,3.8
6893,6.3,20.0,6.2,5.2,3.8
6894,6.6,20.0,6.6,5.5,4.0
6895,7.0,0.0,6.9,5.8,4.2
6896,6.8,0.0,6.7,5.4,4.0
6897,5.5,0.0,5.4,-5.2,-1.6
6898,4.1,0.0,3.9,-7.0,-2.9
6899,2.9,0.0,2.9,-8.7,-4.1
6900,1.9,0.0,2.1,-10.1,-5.2
6901,0.9,0.0,-5.8,-5.3,-2.4
6902,0.5,0.0,-7.1,-12.2,-7.0
6903,0.6,0.0,-8.0,-12.3,-7.3
6904,1.1,0.0,-8.4,-12.1,-7.1
6905,1.8,0.0,-8.3,-11.0,-6.7
6906,2.9,0.0,-7.4,2.9,2.3
6907,3.1,0.0,-6.9,3.1,2.5
6908,3.3,0.0,-22.3,3.3,2.6
6909,3.7,0.0,-21.7,3.6,2.9
6910,4.5,0.0,-20.6,4.4,3.4
6911,5.4,0.0,-19.2,5.2,4.0
6912,6.3,0.0,6.5,6.0,4.6
6913,5.9,20.0,6.0,5.2,4.0
6914,6.0,20.0,6.1,5.3,4.0
6915,6.8,20.0,6.9,6.0,4.5
6916,7.5,20.0,7.5,6.6,4.9
6917,7.1,20.0,7.0,6.0,4.4
6918,7.0,20.0,6.9,5.8,4.2
6919,6.9,0.0,6.7,5.5,4.0
6920,6.8,0.0,6.6,5.3,3.9
6921,6.7,0.0,6.6,-3.6,-0.4
6922,6.3,0.0,6.3,-4.0,-0.7
6923,6.0,0.0,6.0,-4.3,-0.9
6924,5.7,0.0,5.7,-4.7,-1.2
6925,5.2,0.0,0.0,0.0,0.0
6926,3.7,0.0,-0.3,-7.2,-3.0
6927,3.5,0.0,-1.1,-7.6,-3.4
6928,3.3,0.0,-2.1,-8.3,-3.8
6929,4.1,0.0,-2.0,-7.1,-3.2
6930,5.3,0.0,-1.0,4.5,3.3
6931,6.2,0.0,0.0,5.4,4.0
6932,6.6,0.0,-14.3,5.7,4.2
6933,6.5,0.0,-13.9,5.6,4.1
6934,6.6,0.0,-13.5,5.6,4.1
6935,6.1,0.0,-13.6,5.0,3.7
6936,6.4,0.0,6.4,5.3,3.9
6937,6.7,20.0,6.6,5.4,3.9
6938,7.1,20.0,7.0,5.7,4.2
6939,7.3,20.0,7.1,5.8,4.2
6940,7.7,20.0,7.5,6.2,4.5
6941,8.1,20.0,7.8,6.5,4.7
6942,8.2,20.0,7.9,6.5,4.7
6943,8.6,0.0,8.3,6.8,4.9
6944,8.4,0.0,8.0,6.5,4.6
6945,7.4,0.0,7.1,-2.3,0.0
6946,6.2,0.0,5.9,-3.8,-0.2
6947,5.3,0.0,5.2,-5.0,-1.1
6948,4.7,0.0,4.7,-6.0,-1.9
6949,5.2,0.0,0.0,0.0,0.0
6950,5.0,0.0,0.0,-5.6,-1.8
6951,4.5,0.0,0.0,-6.2,-2.3
6952,-1.1,0.0,-0.6,-6.9,-2.8
6953,-1.5,0.0,-1.0,-6.4,-2.6
6954,-1.3,0.0,-0.8,4.1,3.0
6955,-1.2,0.0,-0.7,4.4,3.3
6956,-16.9,0.0,-16.1,4.2,3.1
6957,-16.8,0.0,-16.0,4.2,3.1
6958,-16.7,0.0,-15.9,4.2,3.1
6959,-16.8,0.0,-16.0,4.0,3.0
6960,-1.5,0.0,4.9,3.9,2.9
6961,4.9,20.0,4.9,3.8,2.8
6962,4.8,20.0,4.8,3.7,2.7
6963,4.7,20.0,4.7,3.6,2.6
6964,5.0,20.0,4.9,3.8,2.7
6965,5.4,20.0,5.4,4.2,3.1
6966,5.8,20.0,5.7,4.5,3.3
6967,6.1,0.0,6.0,4.8,3.5
6968,6.1,0.0,6.0,4.7,3.4
6969,5.3,0.0,5.3,-5.2,-1.6
6970,5.0,0.0,5.1,-5.6,-1.9
6971,4.8,0.0,5.0,-5.9,-2.2
6972,4.2,0.0,4.4,-6.9,-2.9
6973,4.1,0.0,-1.0,-1.0,0.0
6974,4.0,0.0,-1.5,-7.3,-3.3
6975,3.5,0.0,-2.2,-8.4,-3.8
6976,4.3,0.0,-2.3,-7.9,-3.4
6977,4.9,0.0,-2.2,-6.7,-3.0
6978,6.2,0.0,-0.9,5.6,4.2
6979,7.6,0.0,0.0,7.0,5.3
6980,7.8,0.0,-13.2,7.1,5.3
6981,8.5,0.0,-11.7,7.6,5.7
6982,8.4,0.0,-11.0,7.4,5.4
6983,7.8,0.0,-10.9,6.6,4.8
6984,8.4,0.0,8.3,7.1,5.2
6985,8.5,20.0,8.2,6.9,5.0
6986,8.3,20.0,8.1,6.7,4.8
6987,8.3,20.0,8.0,6.7,4.8
6988,8.4,20.0,8.1,6.7,4.8
6989,8.8,20.0,8.4,7.0,5.0
6990,8.6,20.0,8.3,6.8,4.8
6991,8.6,0.0,8.3,6.7,4.8
6992,8.7,0.0,8.3,6.6,4.7
6993,7.8,0.0,7.6,-1.4,0.0
6994,6.9,0.0,6.6,-2.6,0.0
6995,6.2,0.0,6.1,-3.4,0.0
6996,5.5,0.0,5.6,-4.4,-0.6
6997,5.0,0.0,0.0,0.0,0.0
6998,4.7,0.0,0.0,-5.8,-1.8
6999,4.8,0.0,0.0,-5.8,-1.8
7000,0.0,0.0,0.0,-5.4,-1.6
7001,0.0,0.0,0.0,-4.9,-1.3
7002,0.0,0.0,0.0,5.4,4.0
7003,0.0,0.0,0.0,5.4,3.9
7004,-13.1,0.0,-12.8,5.4,3.9
7005,-13.0,0.0,-12.8,5.3,3.9
7006,-13.0,0.0,-12.8,5.2,3.8
7007,-12.9,0.0,-12.7,5.1,3.7
7008,0.0,0.0,6.5,5.3,3.9
7009,7.0,20.0,6.9,5.6,4.1
7010,6.7,20.0,6.6,5.3,3.8
7011,6.9,20.0,6.8,5.5,4.0
7012,7.1,20.0,6.9,5.6,4.1
7013,7.0,20.0,6.8,5.5,4.0
7014,7.6,20.0,7.4,6.0,4.4
7015,7.7,0.0,7.5,6.1,4.4
7016,7.6,0.0,7.3,5.9,4.2
7017,6.6,0.0,6.4,4.8,3.4
7018,6.7,0.0,6.6,5.0,3.5
7019,6.3,0.0,6.2,4.6,3.2
7020,6.0,0.0,5.9,4.2,3.0
7021,6.6,0.0,0.0,5.0,3.6
7022,7.1,0.0,0.0,5.5,4.0
7023,6.9,0.0,0.0,5.3,3.8
7024,0.0,0.0,0.0,5.2,3.8
7025,0.0,0.0,0.0,5.8,4.1
7026,0.0,0.0,0.0,6.5,4.7
7027,0.0,0.0,0.0,7.9,5.7
7028,-5.9,0.0,-6.5,8.4,6.1
7029,-4.3,0.0,-5.1,8.9,6.4
7030,-2.8,0.0,-3.9,9.2,6.7
7031,-1.3,0.0,-2.6,9.6,6.9
7032,3.2,0.0,11.3,9.6,6.9
7033,13.1,20.0,12.5,10.7,7.7
7034,13.5,20.0,12.8,11.0,7.9
7035,13.7,20.0,13.0,11.2,8.1
7036,13.9,20.0,13.2,11.3,8.1
7037,14.2,20.0,13.5,11.5,8.2
7038,14.4,20.0,13.6,11.6,8.2
7039,14.5,0.0,13.7,11.5,8.2
7040,13.8,0.0,13.0,10.7,7.5
7041,12.6,0.0,11.9,9.5,6.6
7042,10.7,0.0,10.0,7.2,4.9
7043,9.5,0.0,8.9,5.9,4.0
7044,7.7,0.0,6.8,3.3,2.4
7045,8.0,0.0,0.0,4.9,3.4
7046,8.2,0.0,0.0,5.5,3.8
7047,7.6,0.0,0.0,4.7,3.4
7048,0.0,0.0,0.0,4.0,3.4
7049,0.3,0.0,0.0,7.1,5.1
7050,1.1,0.0,0.2,8.0,5.7
7051,1.5,0.0,0.6,8.3,5.9
7052,-1.1,0.0,-2.5,9.0,6.5
7053,-0.2,0.0,-1.8,9.0,6.5
7054,0.0,0.0,-0.8,9.4,6.7
7055,0.0,0.0,0.0,10.1,7.2
7056,5.1,0.0,12.6,10.8,7.7
7057,14.0,20.0,13.3,11.3,8.1
7058,14.7,20.0,14.0,11.9,8.5
7059,14.8,20.0,14.0,11.9,8.4
7060,15.1,20.0,14.2,12.0,8.5
7061,15.3,20.0,14.4,12.1,8.6
7062,15.6,20.0,14.7,12.3,8.7
7063,15.6,0.0,14.7,12.3,8.6
7064,15.1,0.0,14.2,11.6,8.1
7065,13.7,0.0,12.2,0.0,0.0
7066,12.0,0.0,10.5,0.0,0.0
7067,10.5,0.0,9.2,0.0,0.0
7068,9.3,0.0,8.4,0.0,0.0
7069,8.2,0.0,0.0,0.0,0.0
7070,7.4,0.0,0.0,-2.2,0.0
7071,7.4,0.0,0.0,-2.3,0.0
7072,8.3,0.0,0.0,-1.0,0.0
7073,9.1,0.0,0.0,0.0,0.0
7074,10.3,0.0,0.7,8.6,6.3
7075,11.4,0.0,1.8,9.6,7.0
7076,12.0,0.0,-1.5,10.1,7.4
7077,12.7,0.0,0.0,10.7,7.8
7078,13.0,0.0,0.0,10.9,7.9
7079,13.7,0.0,0.0,11.3,8.2
7080,13.4,0.0,12.9,10.9,7.8
7081,14.2,20.0,13.5,11.4,8.2
7082,14.3,20.0,13.6,11.4,8.1
7083,14.6,20.0,13.9,11.6,8.3
7084,14.8,20.0,14.0,11.7,8.3
7085,15.6,20.0,14.7,12.4,8.8
7086,15.6,20.0,14.8,12.4,8.8
7087,15.9,0.0,15.0,12.5,8.8
7088,15.8,0.0,14.8,12.3,8.6
7089,14.0,0.0,13.0,0.0,0.4
7090,12.2,0.0,11.0,0.0,0.0
7091,10.2,0.0,9.0,0.0,0.0
7092,8.6,0.0,7.8,0.0,0.0
7093,7.4,0.0,0.0,0.0,0.0
7094,6.3,0.0,0.0,-2.5,0.0
7095,5.9,0.0,0.0,-3.2,0.0
7096,6.0,0.0,0.0,-3.8,0.0
7097,6.6,0.0,0.0,-2.4,0.0
7098,7.3,0.0,0.0,5.8,4.2
7099,7.6,0.0,0.0,6.1,4.4
7100,7.5,0.0,-8.2,6.0,4.4
7101,7.9,0.0,-7.9,6.3,4.6
7102,7.9,0.0,-7.8,6.4,4.6
7103,8.4,0.0,-7.2,6.8,5.0
7104,8.4,0.0,8.3,6.9,5.0
7105,8.7,20.0,8.5,6.9,5.0
7106,9.2,20.0,8.9,7.3,5.3
7107,9.5,20.0,9.2,7.6,5.5
7108,9.7,20.0,9.4,7.7,5.6
7109,9.9,20.0,9.6,7.9,5.7
7110,9.9,20.0,9.6,7.8,5.6
7111,10.0,0.0,9.6,7.8,5.6
7112,9.7,0.0,9.4,7.5,5.3
7113,8.5,0.0,8.1,0.0,0.0
7114,7.3,0.0,6.8,-1.6,0.0
7115,5.7,0.0,5.1,-4.0,0.0
7116,4.3,0.0,4.0,-6.1,-1.3
7117,3.1,0.0,0.0,-1.8,0.0
7118,2.1,0.0,-1.6,-9.4,-4.0
7119,1.8,0.0,-3.1,-10.0,-4.6
7120,-5.5,0.0,-4.5,-10.9,-5.1
7121,-6.6,0.0,-5.3,-9.1,-4.9
7122,-6.2,0.0,-5.0,3.4,2.7
7123,-6.1,0.0,-5.0,3.4,2.8
7124,-22.4,0.0,-20.4,3.7,3.0
7125,-21.8,0.0,-19.9,3.9,3.2
7126,-20.9,0.0,-19.1,4.5,3.6
7127,-20.2,0.0,-18.5,4.6,3.6
7128,-3.2,0.0,5.6,4.9,3.8
7129,5.8,20.0,6.1,5.3,4.1
7130,5.7,20.0,5.9,5.0,3.8
7131,5.7,20.0,5.8,4.9,3.7
7132,5.0,20.0,5.1,4.1,3.1
7133,4.9,20.0,5.0,3.9,2.9
7134,5.0,20.0,5.0,3.9,2.9
7135,5.0,0.0,5.0,3.9,2.9
7136,5.5,0.0,5.6,4.4,3.3
7137,5.4,0.0,5.5,-5.3,-1.7
7138,4.3,0.0,4.3,-6.8,-2.7
7139,3.7,0.0,3.8,-7.8,-3.4
7140,3.1,0.0,3.3,-8.8,-4.2
7141,2.8,0.0,-3.8,-3.2,-0.7
7142,2.2,0.0,-5.0,-10.6,-5.3
7143,2.7,0.0,-5.4,-10.0,-5.2
7144,3.1,0.0,-5.6,-9.9,-5.1
7145,5.3,0.0,-4.0,-6.9,-3.4
7146,6.3,0.0,-2.4,6.3,4.9
7147,6.9,0.0,-1.1,6.7,5.1
7148,7.0,0.0,-15.6,6.6,5.1
7149,7.4,0.0,-14.4,6.8,5.2
7150,7.7,0.0,-13.3,7.0,5.3
7151,9.1,0.0,-11.1,8.3,6.2
7152,8.8,0.0,8.8,7.8,5.8
7153,9.7,20.0,9.6,8.4,6.2
7154,9.9,20.0,9.7,8.4,6.2
7155,9.9,20.0,9.7,8.4,6.2
7156,10.0,20.0,9.8,8.4,6.1
7157,10.0,20.0,9.7,8.3,6.0
7158,10.2,20.0,9.8,8.3,6.0
7159,10.2,0.0,9.8,8.2,5.9
7160,10.1,0.0,9.7,8.0,5.7
7161,9.4,0.0,9.1,0.0,0.0
7162,8.6,0.0,8.4,-0.1,0.0
7163,7.6,0.0,7.4,-1.4,0.0
7164,6.2,0.0,6.0,-3.3,0.0
7165,5.4,0.0,0.0,0.0,0.0
7166,5.8,0.0,0.0,-3.8,-0.2
7167,5.9,0.0,0.0,-3.7,-0.2
7168,0.0,0.0,0.0,-3.4,0.0
7169,0.0,0.0,0.0,-3.7,-0.2
7170,0.0,0.0,0.0,4.7,3.3
7171,0.0,0.0,0.0,4.7,3.4
7172,-11.9,0.0,-11.9,4.7,3.4
7173,-12.5,0.0,-12.4,4.5,3.2
7174,-13.2,0.0,-13.1,4.2,3.0
7175,-13.1,0.0,-12.9,4.6,3.3
7176,0.0,0.0,5.9,4.7,3.4
7177,6.3,20.0,6.1,4.9,3.5
7178,6.2,20.0,6.1,4.8,3.5
7179,6.1,20.0,6.0,4.8,3.5
7180,6.5,20.0,6.4,5.1,3.7
7181,6.3,20.0,6.1,4.8,3.5
7182,5.8,20.0,5.7,4.3,3.1
7183,5.8,0.0,5.6,4.3,3.0
7184,5.9,0.0,5.7,4.4,3.1
7185,5.7,0.0,5.6,4.3,3.0
7186,5.6,0.0,5.6,4.2,2.9
7187,5.6,0.0,5.5,4.1,2.9
7188,5.4,0.0,5.4,4.0,2.8
7189,5.0,0.0,0.0,3.6,2.5
7190,4.5,0.0,0.0,3.1,2.2
7191,4.2,0.0,0.0,2.8,2.0
7192,0.0,0.0,0.0,4.8,3.5
7193,0.0,0.0,0.0,5.4,3.9
7194,0.0,0.0,0.0,5.8,4.2
7195,0.0,0.0,0.0,6.1,4.4
7196,-11.3,0.0,-11.2,6.3,4.6
7197,-10.9,0.0,-10.9,6.2,4.5
7198,-10.4,0.0,-10.5,6.3,4.6
7199,-9.8,0.0,-9.9,6.5,4.7
7200,0.0,0.0,8.2,6.9,5.0
7201,8.8,20.0,8.5,7.1,5.2
7202,9.7,20.0,9.4,8.0,5.8
7203,10.5,20.0,10.2,8.9,6.5
7204,11.4,20.0,11.0,9.7,7.1
7205,12.1,20.0,11.7,10.3,7.5
7206,12.7,20.0,12.3,10.7,7.8
7207,13.0,0.0,12.5,10.8,7.8
7208,13.0,0.0,12.5,10.7,7.7
7209,11.7,0.0,11.2,9.2,6.6
7210,9.3,0.0,8.6,6.2,4.4
7211,7.5,0.0,6.6,3.9,2.8
7212,6.3,0.0,5.7,2.7,2.1
7213,5.6,0.0,0.0,2.1,1.9
7214,5.6,0.0,0.0,3.2,2.5
7215,5.8,0.0,0.0,3.8,2.9
7216,0.0,0.0,0.0,4.4,3.5
7217,0.0,0.0,0.0,6.7,4.9
7218,0.0,0.0,0.0,8.1,6.0
7219,0.9,0.0,0.5,8.9,6.6
7220,-4.2,0.0,-4.9,9.7,7.1
7221,-2.2,0.0,-3.2,10.2,7.4
7222,-0.1,0.0,-1.4,10.6,7.7
7223,0.0,0.0,0.0,11.2,8.1
7224,5.4,0.0,13.2,11.4,8.2
7225,14.4,20.0,13.7,11.8,8.4
7226,14.6,20.0,13.8,11.8,8.4
7227,15.0,20.0,14.2,12.1,8.6
7228,15.7,20.0,14.8,12.7,9.0
7229,15.7,20.0,14.8,12.6,8.9
7230,15.7,20.0,14.7,12.4,8.7
7231,16.2,0.0,15.2,12.8,9.1
7232,16.4,0.0,15.4,12.9,9.1
7233,14.5,0.0,13.3,0.0,0.7
7234,12.8,0.0,11.5,0.0,0.0
7235,11.0,0.0,9.8,0.0,0.0
7236,9.5,0.0,8.5,0.0,0.0
7237,8.3,0.0,0.0,0.0,0.0
7238,7.9,0.0,0.0,-0.8,0.0
7239,7.8,0.0,0.0,-1.1,0.0
7240,7.9,0.0,0.0,-2.4,0.0
7241,8.6,0.0,0.0,-0.1,0.0
7242,9.9,0.0,0.3,8.2,5.9
7243,10.4,0.0,0.9,8.6,6.2
7244,11.1,0.0,-2.5,9.2,6.6
7245,11.6,0.0,-1.3,9.6,7.0
7246,11.6,0.0,-0.7,9.4,6.8
7247,12.7,0.0,0.0,10.5,7.6
7248,13.3,0.0,12.8,10.9,7.8
7249,14.2,20.0,13.6,11.6,8.3
7250,14.6,20.0,14.0,11.9,8.5
7251,14.7,20.0,14.0,11.8,8.4
7252,15.5,20.0,14.7,12.5,8.9
7253,16.1,20.0,15.3,13.1,9.3
7254,16.2,20.0,15.3,12.9,9.2
7255,16.4,0.0,15.5,13.1,9.3
7256,16.2,0.0,15.3,12.8,9.0
7257,15.5,0.0,14.6,0.7,1.7
7258,13.5,0.0,12.3,0.0,0.0
7259,11.8,0.0,10.6,0.0,0.0
7260,10.0,0.0,9.0,0.0,0.0
7261,8.9,0.0,0.0,0.0,0.0
7262,8.2,0.0,0.0,-0.1,0.0
7263,8.1,0.0,0.0,-0.5,0.0
7264,8.5,0.0,0.0,-0.8,0.0
7265,9.2,0.0,0.0,0.0,0.0
7266,11.1,0.0,1.6,9.2,6.7
7267,11.7,0.0,2.2,9.7,7.1
7268,12.4,0.0,0.0,10.4,7.5
7269,12.9,0.0,0.0,10.7,7.7
7270,13.7,0.0,0.0,11.3,8.2
7271,14.4,0.0,0.0,11.9,8.6
7272,14.8,0.0,14.2,12.2,8.7
7273,15.4,20.0,14.6,12.4,8.8
7274,15.7,20.0,14.9,12.6,9.0
7275,16.1,20.0,15.2,12.9,9.2
7276,16.3,20.0,15.4,13.0,9.2
7277,16.6,20.0,15.6,13.1,9.3
7278,16.7,20.0,15.7,13.2,9.3
7279,17.1,0.0,16.1,13.4,9.5
7280,17.1,0.0,16.1,13.4,9.4
7281,16.1,0.0,15.1,1.1,2.0
7282,14.7,0.0,13.8,0.0,0.8
7283,13.4,0.0,12.4,0.0,0.0
7284,12.0,0.0,11.1,0.0,0.0
7285,10.0,0.0,0.8,0.0,0.4
7286,8.6,0.0,0.0,0.0,0.0
7287,8.2,0.0,0.0,0.0,0.0
7288,1.1,0.0,0.0,0.0,0.0
7289,1.5,0.0,0.3,0.0,0.0
7290,2.2,0.0,1.0,8.1,5.8
7291,2.4,0.0,1.1,8.2,5.9
7292,0.0,0.0,-0.7,8.1,5.7
7293,0.0,0.0,-0.6,8.1,5.8
7294,0.0,0.0,-0.9,7.7,5.4
7295,0.0,0.0,-1.2,7.4,5.2
7296,1.4,0.0,9.2,7.2,5.1
7297,9.6,20.0,9.2,7.1,5.0
7298,9.4,20.0,8.9,6.8,4.8
7299,9.2,20.0,8.8,6.7,4.7
7300,9.2,20.0,8.7,6.7,4.7
7301,9.2,20.0,8.7,6.7,4.6
7302,9.3,20.0,8.8,6.8,4.8
7303,9.6,0.0,9.2,7.1,5.0
7304,9.7,0.0,9.3,7.2,5.1
7305,9.6,0.0,9.2,0.0,0.0
7306,9.5,0.0,9.1,0.0,0.0
7307,9.0,0.0,8.7,0.0,0.0
7308,8.3,0.0,8.1,0.0,0.0
7309,8.1,0.0,0.0,0.0,0.4
7310,8.1,0.0,0.0,-0.2,0.0
7311,7.8,0.0,0.0,-0.8,0.0
7312,7.8,0.0,0.0,-1.9,0.0
7313,8.5,0.0,0.0,-0.2,0.0
7314,9.3,0.0,0.0,7.6,5.5
7315,9.8,0.0,0.2,8.0,5.8
7316,9.8,0.0,-4.2,8.0,5.8
7317,10.0,0.0,-3.6,8.1,5.8
7318,10.3,0.0,-3.0,8.3,6.0
7319,10.2,0.0,-2.8,8.1,5.8
7320,9.4,0.0,9.0,7.2,5.1
7321,9.0,20.0,8.6,6.6,4.7
7322,8.7,20.0,8.3,6.4,4.5
7323,8.5,20.0,8.1,6.3,4.4
7324,8.4,20.0,8.0,6.2,4.3
7325,8.5,20.0,8.1,6.3,4.4
7326,8.5,20.0,8.1,6.3,4.4
7327,8.4,0.0,8.0,6.2,4.3
7328,8.7,0.0,8.3,6.4,4.5
7329,8.5,0.0,8.2,0.0,0.0
7330,8.1,0.0,7.8,-0.2,0.0
7331,7.9,0.0,7.6,-0.4,0.0
7332,7.8,0.0,7.5,-0.6,0.0
7333,7.3,0.0,0.0,0.0,0.0
7334,7.1,0.0,0.0,-1.5,0.0
7335,7.0,0.0,0.0,-1.7,0.0
7336,0.0,0.0,0.0,-1.7,0.0
7337,0.0,0.0,0.0,-1.6,0.0
7338,0.0,0.0,0.0,5.3,3.7
7339,0.0,0.0,0.0,5.2,3.7
7340,-8.6,0.0,-9.2,5.1,3.6
7341,-8.9,0.0,-9.4,5.3,3.8
7342,-9.6,0.0,-10.0,5.0,3.6
7343,-9.9,0.0,-10.3,4.9,3.5
7344,0.0,0.0,6.6,5.2,3.7
7345,7.0,20.0,6.8,5.3,3.9
7346,6.9,20.0,6.8,5.4,3.9
7347,6.8,20.0,6.7,5.3,3.8
7348,7.1,20.0,6.9,5.5,4.0
7349,7.2,20.0,7.1,5.6,4.1
7350,7.4,20.0,7.2,5.7,4.1
7351,7.4,0.0,7.2,5.7,4.1
7352,7.5,0.0,7.2,5.7,4.1
7353,7.1,0.0,7.0,5.5,3.9
7354,7.1,0.0,6.9,5.4,3.8
7355,6.9,0.0,6.8,5.2,3.7
7356,6.7,0.0,6.6,5.0,3.6
7357,6.9,0.0,0.0,5.2,3.7
7358,7.0,0.0,0.0,5.3,3.8
7359,7.1,0.0,0.0,5.5,3.9
7360,0.0,0.0,0.0,5.5,4.0
7361,0.0,0.0,0.0,5.6,4.0
7362,0.0,0.0,0.0,5.6,4.0
7363,0.0,0.0,0.0,5.5,3.9
7364,-9.5,0.0,-9.9,5.3,3.8
7365,-9.9,0.0,-10.3,5.2,3.7
7366,-10.2,0.0,-10.5,5.2,3.8
7367,-10.2,0.0,-10.5,5.3,3.8
7368,0.0,0.0,6.6,5.3,3.8
7369,6.9,20.0,6.7,5.2,3.8
7370,7.1,20.0,6.9,5.5,4.0
7371,6.8,20.0,6.6,5.3,3.8
7372,6.9,20.0,6.7,5.4,3.9
7373,7.1,20.0,6.9,5.5,4.0
7374,7.1,20.0,6.9,5.5,3.9
7375,7.0,0.0,6.8,5.3,3.8
7376,7.2,0.0,7.0,5.5,3.9
7377,7.3,0.0,7.2,5.7,4.1
7378,7.2,0.0,7.0,5.6,4.0
7379,7.0,0.0,6.9,5.3,3.8
7380,7.2,0.0,7.1,5.5,3.9
7381,7.3,0.0,0.0,5.6,4.0
7382,7.4,0.0,0.0,5.7,4.1
7383,7.4,0.0,0.0,5.7,4.1
7384,0.0,0.0,0.0,5.7,4.1
7385,0.0,0.0,0.0,5.9,4.2
7386,0.0,0.0,0.0,6.1,4.4
7387,0.0,0.0,0.0,6.2,4.4
7388,-7.7,0.0,-8.3,6.2,4.4
7389,-7.7,0.0,-8.3,6.2,4.4
7390,-7.8,0.0,-8.4,6.1,4.3
7391,-7.3,0.0,-8.0,6.5,4.6
7392,0.0,0.0,8.2,6.7,4.8
7393,8.4,20.0,8.0,6.4,4.6
7394,8.5,20.0,8.1,6.5,4.6
7395,8.7,20.0,8.3,6.7,4.7
7396,8.8,20.0,8.4,6.8,4.8
7397,9.2,20.0,8.8,7.1,5.1
7398,9.2,20.0,8.8,7.1,5.0
7399,9.7,0.0,9.2,7.5,5.3
7400,9.8,0.0,9.3,7.5,5.3
7401,9.7,0.0,9.3,0.0,0.0
7402,9.0,0.0,8.7,0.0,0.0
7403,8.4,0.0,8.1,-0.2,0.0
7404,8.5,0.0,8.2,-0.2,0.0
7405,8.7,0.0,0.0,0.4,0.9
7406,8.2,0.0,0.0,-0.6,0.0
7407,8.7,0.0,0.0,-0.0,0.0
7408,9.1,0.0,0.0,0.0,0.0
7409,10.1,0.0,0.4,0.0,0.0
7410,10.3,0.0,0.6,8.3,5.9
7411,10.5,0.0,0.8,8.4,6.0
7412,10.9,0.0,-2.2,8.7,6.2
7413,10.5,0.0,-2.1,8.2,5.8
7414,11.0,0.0,-1.3,8.7,6.2
7415,11.0,0.0,-1.0,8.6,6.1
7416,11.3,0.0,10.8,8.9,6.3
7417,11.6,20.0,11.0,9.0,6.3
7418,11.5,20.0,10.9,8.8,6.2
7419,11.2,20.0,10.5,8.4,5.8
7420,10.9,20.0,10.2,8.1,5.6
7421,10.7,20.0,10.0,7.9,5.4
7422,10.9,20.0,10.2,8.1,5.6
7423,10.6,0.0,9.9,7.7,5.3
7424,10.7,0.0,10.0,7.8,5.4
7425,10.0,0.0,9.4,0.0,0.0
7426,9.4,0.0,8.9,0.0,0.0
7427,9.4,0.0,8.9,0.0,0.0
7428,8.9,0.0,8.5,0.0,0.0
7429,7.2,0.0,0.0,0.0,0.0
7430,6.8,0.0,0.0,-2.3,0.0
7431,6.6,0.0,0.0,-3.0,0.0
7432,6.8,0.0,0.0,-4.0,0.0
7433,7.3,0.0,0.0,-2.1,0.0
7434,7.7,0.0,0.0,6.2,4.5
7435,7.9,0.0,0.0,6.3,4.6
7436,8.1,0.0,-8.1,6.5,4.7
7437,8.2,0.0,-7.8,6.6,4.8
7438,8.2,0.0,-7.6,6.6,4.8
7439,8.5,0.0,-7.1,6.9,5.0
7440,8.5,0.0,8.3,6.8,4.9
7441,9.0,20.0,8.7,7.1,5.1
7442,9.1,20.0,8.7,7.1,5.1
7443,9.1,20.0,8.8,7.1,5.1
7444,9.6,20.0,9.2,7.5,5.4
7445,9.7,20.0,9.3,7.6,5.4
7446,9.8,20.0,9.4,7.6,5.4
7447,9.9,0.0,9.4,7.7,5.4
7448,10.0,0.0,9.5,7.7,5.4
7449,9.9,0.0,9.5,0.0,0.0
7450,10.1,0.0,9.7,0.0,0.0
7451,9.8,0.0,9.5,0.0,0.0
7452,9.7,0.0,9.3,0.0,0.0
7453,9.8,0.0,0.3,1.6,1.7
7454,10.1,0.0,0.6,0.0,0.0
7455,10.9,0.0,1.3,0.0,0.0
7456,2.5,0.0,1.3,0.0,0.0
7457,2.9,0.0,1.6,0.0,0.0
7458,3.4,0.0,2.0,9.1,6.5
7459,3.8,0.0,2.3,9.4,6.6
7460,0.0,0.0,0.0,9.6,6.8
7461,0.0,0.0,0.0,9.4,6.6
7462,0.0,0.0,0.0,9.5,6.7
7463,0.0,0.0,0.0,9.6,6.7
7464,4.8,0.0,11.8,9.7,6.8
7465,12.8,20.0,12.1,9.8,6.9
7466,13.0,20.0,12.2,9.9,7.0
7467,13.6,20.0,12.8,10.5,7.4
7468,14.0,20.0,13.1,10.8,7.6
7469,14.1,20.0,13.2,10.9,7.6
7470,13.9,20.0,13.0,10.6,7.4
7471,13.6,0.0,12.7,10.2,7.1
7472,16.4,0.0,15.5,13.1,9.3
7473,12.7,0.0,11.7,0.0,0.0
7474,11.9,0.0,10.5,0.0,0.0
7475,10.9,0.0,9.4,0.0,0.0
7476,9.8,0.0,8.6,0.0,0.0
7477,9.1,0.0,0.0,0.0,0.4
7478,8.7,0.0,0.0,-0.2,0.0
7479,8.8,0.0,0.0,-0.5,0.0
7480,9.2,0.0,0.0,-2.0,0.0
7481,10.2,0.0,0.7,0.0,0.0
7482,11.7,0.0,2.1,10.0,7.4
7483,12.3,0.0,2.8,10.5,7.7
7484,12.8,0.0,0.0,10.8,7.9
7485,13.0,0.0,0.0,10.9,7.9
7486,13.2,0.0,0.0,10.9,7.8
7487,13.7,0.0,0.0,11.2,8.1
7488,13.8,0.0,13.2,11.2,8.0
7489,13.6,20.0,12.9,10.6,7.5
7490,13.6,20.0,12.9,10.7,7.6
7491,13.2,20.0,12.5,10.3,7.3
7492,12.7,20.0,12.0,9.7,6.8
7493,12.9,20.0,12.2,9.9,6.9
7494,12.9,20.0,12.1,9.8,6.8
7495,12.9,0.0,12.1,9.7,6.8
7496,13.1,0.0,12.3,9.9,6.9
7497,12.6,0.0,11.9,0.0,0.0
7498,11.4,0.0,10.2,0.0,0.0
7499,10.3,0.0,9.5,0.0,0.0
7500,10.0,0.0,9.6,0.0,0.0
7501,10.1,0.0,0.9,1.4,1.5
7502,9.9,0.0,0.7,0.0,0.0
7503,9.4,0.0,0.3,0.0,0.0
7504,1.9,0.0,0.7,0.0,0.0
7505,2.6,0.0,1.4,0.0,0.0
7506,3.2,0.0,1.9,9.0,6.4
7507,3.8,0.0,2.4,9.4,6.7
7508,0.0,0.0,0.0,9.7,6.9
7509,0.0,0.0,0.0,10.3,7.3
7510,0.0,0.0,0.0,10.6,7.5
7511,0.0,0.0,0.0,10.4,7.4
7512,6.1,0.0,12.9,10.7,7.6
7513,13.5,20.0,12.7,10.4,7.3
7514,14.4,20.0,13.6,11.3,8.0
7515,14.3,20.0,13.6,11.3,8.0
7516,14.3,20.0,13.5,11.2,7.9
7517,14.2,20.0,13.4,11.0,7.7
7518,14.0,20.0,13.1,10.6,7.5
7519,13.9,0.0,13.1,10.6,7.4
7520,14.0,0.0,13.1,10.6,7.4
7521,13.8,0.0,13.1,10.6,7.4
7522,13.6,0.0,12.8,10.2,7.1
7523,13.4,0.0,12.6,10.0,6.9
7524,13.1,0.0,12.3,9.7,6.7
7525,13.1,0.0,3.9,9.7,6.7
7526,12.8,0.0,3.7,9.5,6.5
7527,12.6,0.0,3.4,9.2,6.3
7528,5.7,0.0,3.4,9.3,6.4
7529,5.7,0.0,3.5,9.5,6.6
7530,5.9,0.0,3.7,9.7,6.7
7531,6.0,0.0,3.8,9.8,6.8
7532,0.0,0.0,0.0,9.8,6.8
7533,0.0,0.0,0.0,9.7,6.7
7534,0.0,0.0,0.0,9.7,6.7
7535,0.0,0.0,0.0,10.1,7.0
7536,6.7,0.0,12.9,10.4,7.2
7537,13.9,20.0,13.0,10.4,7.3
7538,14.1,20.0,13.2,10.7,7.5
7539,14.1,20.0,13.2,10.7,7.5
7540,14.3,20.0,13.4,10.9,7.7
7541,14.5,20.0,13.6,11.1,7.8
7542,14.8,20.0,13.9,11.4,8.0
7543,15.3,0.0,14.4,11.8,8.3
7544,15.5,0.0,14.6,12.0,8.4
7545,15.3,0.0,14.4,11.8,8.3
7546,14.6,0.0,13.8,10.9,7.6
7547,14.0,0.0,13.2,10.3,7.2
7548,13.5,0.0,12.8,9.8,6.8
7549,13.4,0.0,4.3,9.7,6.7
7550,13.7,0.0,4.5,10.2,7.0
7551,13.7,0.0,4.6,10.3,7.1
7552,7.0,0.0,4.5,10.3,7.1
7553,6.8,0.0,4.3,10.0,6.9
7554,6.6,0.0,4.2,9.9,6.8
7555,6.6,0.0,4.2,9.9,6.8
7556,0.0,0.0,0.0,9.8,6.8
7557,0.0,0.0,0.0,9.0,6.1
7558,0.0,0.0,0.0,9.4,6.4
7559,0.0,0.0,0.0,9.1,6.2
7560,5.5,0.0,11.7,9.1,6.3
7561,12.4,20.0,11.5,8.9,6.1
7562,12.3,20.0,11.4,8.8,6.1
7563,12.4,20.0,11.5,9.0,6.2
7564,12.7,20.0,11.8,9.3,6.4
7565,13.0,20.0,12.2,9.6,6.7
7566,13.0,20.0,12.1,9.6,6.6
7567,13.0,0.0,12.1,9.6,6.6
7568,12.9,0.0,12.1,9.5,6.6
7569,12.5,0.0,11.8,0.0,0.0
7570,12.1,0.0,11.4,0.0,0.0
7571,11.5,0.0,10.9,0.0,0.0
7572,10.9,0.0,10.4,0.0,0.0
7573,10.8,0.0,1.7,1.8,1.8
7574,10.6,0.0,1.5,0.0,0.0
7575,10.9,0.0,1.7,0.0,0.0
7576,11.2,0.0,1.9,0.0,0.0
7577,11.7,0.0,2.3,0.0,0.0
7578,11.7,0.0,2.4,8.9,6.3
7579,12.1,0.0,2.8,9.3,6.6
7580,12.7,0.0,0.0,9.9,7.0
7581,13.1,0.0,0.0,10.3,7.3
7582,12.6,0.0,0.0,9.6,6.8
7583,12.6,0.0,0.0,9.7,6.8
7584,12.6,0.0,11.9,9.6,6.7
7585,12.6,20.0,11.8,9.4,6.6
7586,12.8,20.0,12.0,9.6,6.7
7587,12.9,20.0,12.1,9.7,6.8
7588,13.1,20.0,12.3,9.8,6.9
7589,13.2,20.0,12.4,10.0,7.0
7590,13.1,20.0,12.3,9.9,6.9
7591,13.5,0.0,12.7,10.2,7.2
7592,14.2,0.0,13.4,11.0,7.7
7593,14.7,0.0,13.9,0.2,1.4
7594,14.4,0.0,13.7,0.0,1.0
7595,12.2,0.0,11.4,0.0,0.0
7596,11.9,0.0,11.3,0.0,0.0
7597,11.4,0.0,2.4,2.2,2.0
7598,10.9,0.0,1.8,0.0,0.0
7599,11.6,0.0,2.5,0.0,0.0
7600,12.1,0.0,2.8,0.0,0.0
7601,13.3,0.0,4.0,0.0,0.5
7602,14.6,0.0,5.3,11.8,8.4
7603,14.8,0.0,5.5,11.9,8.4
7604,15.0,0.0,0.0,11.9,8.4
7605,15.6,0.0,0.0,12.5,8.8
7606,16.0,0.0,0.0,12.7,9.0
7607,16.5,0.0,0.0,13.1,9.3
7608,16.5,0.0,15.6,13.0,9.1
7609,16.8,20.0,15.8,13.0,9.1
7610,17.0,20.0,15.9,13.1,9.1
7611,17.1,20.0,16.0,13.2,9.2
7612,18.1,20.0,16.9,14.0,9.8
7613,18.5,20.0,17.3,14.4,10.1
7614,18.1,20.0,16.8,13.9,9.6
7615,18.6,0.0,17.3,14.3,10.0
7616,18.8,0.0,17.5,14.5,10.1
7617,18.1,0.0,16.7,2.7,3.1
7618,16.6,0.0,15.1,0.8,1.7
7619,14.2,0.0,12.7,0.0,0.0
7620,13.4,0.0,12.2,0.0,0.0
7621,13.0,0.0,4.1,2.9,2.5
7622,12.0,0.0,2.9,0.0,0.0
7623,11.9,0.0,3.1,0.0,0.0
7624,5.4,0.0,3.4,0.0,0.0
7625,6.4,0.0,4.2,0.0,0.3
7626,7.9,0.0,5.6,11.7,8.2
7627,9.2,0.0,6.8,12.8,9.1
7628,0.0,0.0,0.0,13.1,9.2
7629,0.4,0.0,0.0,13.2,9.2
7630,1.4,0.0,0.0,13.7,9.6
7631,2.6,0.0,0.0,14.2,10.0
7632,12.6,0.0,17.5,14.7,10.3
7633,19.1,20.0,17.7,14.7,10.3
7634,19.3,20.0,17.9,14.9,10.3
7635,19.6,20.0,18.3,15.1,10.5
7636,19.6,20.4,18.2,15.0,10.4
7637,19.8,25.0,18.3,15.1,10.5
7638,19.6,24.5,18.1,14.9,10.3
7639,19.7,4.9,18.3,15.1,10.4
7640,19.8,5.0,18.4,15.1,10.5
7641,19.2,4.4,17.6,3.5,3.7
7642,18.1,0.0,16.1,1.7,2.5
7643,16.6,0.0,14.4,0.0,1.2
7644,15.2,0.0,13.4,0.0,0.3
7645,14.3,0.0,5.0,3.1,3.2
7646,13.8,0.0,4.7,0.0,0.0
7647,13.9,0.0,5.1,0.0,0.4
7648,14.2,0.0,5.2,0.0,0.8
7649,15.4,0.0,6.2,0.7,1.8
7650,16.6,0.0,7.4,13.2,9.3
7651,17.4,0.0,8.2,13.8,9.8
7652,17.6,0.0,0.0,13.9,9.8
7653,17.5,0.0,0.0,13.6,9.5
7654,17.4,0.0,0.0,13.4,9.3
7655,17.4,0.0,0.0,13.2,9.2
7656,17.3,0.0,16.1,13.1,9.0
7657,17.7,20.0,16.4,13.3,9.1
7658,17.5,20.0,16.2,13.1,9.0
7659,17.4,20.0,16.1,13.0,8.9
7660,17.5,20.0,16.1,13.0,9.0
7661,17.5,20.0,16.1,13.0,8.9
7662,17.5,20.0,16.2,13.0,8.9
7663,17.6,0.0,16.3,13.1,9.0
7664,18.0,0.0,16.6,13.4,9.3
7665,17.5,0.0,16.2,2.1,2.6
7666,17.2,0.0,15.9,1.7,2.3
7667,15.7,0.0,14.3,0.0,0.9
7668,14.7,0.0,13.2,0.0,0.1
7669,14.5,0.0,5.6,4.3,3.6
7670,15.0,0.0,6.0,0.0,1.0
7671,15.5,0.0,6.4,0.4,1.4
7672,9.7,0.0,6.8,0.9,1.7
7673,9.9,0.0,6.9,0.9,1.8
7674,10.1,0.0,7.1,12.2,8.4
7675,10.3,0.0,7.2,12.2,8.4
7676,1.6,0.0,0.0,12.3,8.5
7677,2.1,0.0,0.0,12.6,8.7
7678,2.7,0.0,0.0,13.0,9.0
7679,3.5,0.0,0.0,13.5,9.4
7680,12.8,0.0,17.1,14.0,9.7
7681,19.0,20.0,17.5,14.4,9.9
7682,18.6,20.0,17.2,14.0,9.7
7683,18.5,20.0,17.1,13.9,9.6
7684,18.5,20.0,17.1,13.9,9.6
7685,18.6,20.0,17.2,13.9,9.6
7686,18.5,21.5,17.1,13.8,9.5
7687,18.4,1.8,17.0,13.7,9.4
7688,18.3,1.6,16.9,13.6,9.3
7689,18.1,1.3,16.7,13.5,9.2
7690,18.0,1.0,16.7,13.4,9.2
7691,17.9,1.9,16.6,13.3,9.1
7692,17.3,0.0,16.0,12.5,8.5
7693,16.5,0.0,7.6,11.5,7.8
7694,17.1,0.0,8.2,12.5,8.5
7695,16.8,0.0,7.8,12.2,8.3
7696,11.1,0.0,7.7,12.1,8.2
7697,11.5,0.0,8.0,12.5,8.5
7698,11.5,0.0,8.0,12.6,8.5
7699,11.6,0.0,8.0,12.5,8.5
7700,3.5,0.0,0.0,12.6,8.5
7701,3.6,0.5,0.0,12.5,8.5
7702,3.7,0.6,0.0,12.5,8.5
7703,3.7,0.6,0.0,12.5,8.5
7704,11.8,0.8,15.9,12.6,8.5
7705,17.4,20.0,16.0,12.7,8.6
7706,17.3,20.0,15.9,12.6,8.6
7707,17.2,20.0,15.8,12.6,8.6
7708,17.2,20.0,15.8,12.6,8.6
7709,17.6,20.0,16.2,13.0,8.9
7710,17.4,20.0,16.0,12.8,8.8
7711,17.3,0.0,15.9,12.7,8.7
7712,17.4,0.0,16.0,12.8,8.8
7713,17.2,0.0,15.9,12.8,8.7
7714,16.9,0.0,15.6,12.4,8.4
7715,16.9,0.0,15.7,12.4,8.5
7716,16.8,0.0,15.6,12.3,8.4
7717,16.7,0.0,7.7,12.2,8.3
7718,16.7,0.0,7.7,12.2,8.3
7719,16.5,0.0,7.5,12.0,8.1
7720,10.9,0.0,7.5,12.0,8.1
7721,10.9,0.0,7.5,12.1,8.2
7722,10.8,0.0,7.4,12.0,8.1
7723,10.3,0.0,6.9,11.4,7.7
7724,1.5,0.0,0.0,11.1,7.4
7725,1.5,0.0,0.0,11.2,7.6
7726,1.5,0.0,0.0,11.4,7.7
7727,1.4,0.0,0.0,11.4,7.7
7728,10.2,0.0,14.8,11.7,7.9
7729,16.3,20.0,15.0,11.8,8.1
7730,16.4,20.0,15.1,12.0,8.2
7731,16.2,20.0,14.9,11.7,8.0
7732,16.6,20.0,15.3,12.2,8.3
7733,17.6,20.0,16.3,13.2,9.1
7734,17.5,20.0,16.2,13.1,9.0
7735,17.6,0.0,16.3,13.1,9.0
7736,17.3,0.0,16.0,12.8,8.8
7737,16.6,0.0,15.3,1.1,1.9
7738,15.5,0.0,13.8,0.0,0.8
7739,15.0,0.0,13.6,0.0,0.5
7740,15.0,0.0,13.9,0.0,0.7
7741,15.0,0.0,6.0,5.1,4.0
7742,14.9,0.0,6.0,0.0,0.9
7743,14.9,0.0,5.9,0.0,1.0
7744,15.6,0.0,6.5,0.5,1.5
7745,17.3,0.0,8.2,2.4,2.9
7746,17.4,0.0,8.3,13.5,9.4
7747,17.6,0.0,8.5,13.6,9.4
7748,17.9,0.0,0.0,13.7,9.5
7749,17.9,0.0,0.0,13.6,9.4
7750,17.8,0.0,0.0,13.4,9.2
7751,17.8,0.0,0.0,13.4,9.2
7752,17.5,0.0,16.1,12.9,8.8
7753,17.4,20.0,15.9,12.6,8.6
7754,17.0,20.0,15.6,12.3,8.3
7755,16.7,20.0,15.3,12.0,8.1
7756,16.6,20.0,15.2,11.9,8.0
7757,16.4,20.0,15.0,11.7,7.9
7758,16.3,20.0,14.9,11.6,7.8
7759,16.0,0.0,14.6,11.3,7.6
7760,15.6,0.0,14.3,11.0,7.4
7761,15.4,0.0,14.1,0.0,1.0
7762,15.1,0.0,13.9,0.0,0.8
7763,14.7,0.0,13.6,0.0,0.5
7764,14.6,0.0,13.5,0.0,0.5
7765,14.6,0.0,5.5,4.8,3.7
7766,14.5,0.0,5.5,0.0,0.5
7767,14.5,0.0,5.5,0.0,0.6
7768,14.6,0.0,5.5,0.0,0.7
7769,15.4,0.0,6.3,0.4,1.4
7770,15.2,0.0,6.1,11.2,7.7
7771,15.0,0.0,5.9,11.1,7.6
7772,15.0,0.0,0.0,11.1,7.6
7773,15.1,0.0,0.0,11.1,7.6
7774,15.3,0.0,0.0,11.3,7.8
7775,15.4,0.0,0.0,11.5,7.9
7776,15.9,0.0,14.8,11.9,8.2
7777,16.7,20.0,15.5,12.5,8.7
7778,16.0,20.0,14.8,11.8,8.1
7779,16.2,20.0,15.0,11.9,8.2
7780,15.8,20.0,14.6,11.6,7.9
7781,15.8,20.0,14.6,11.6,7.9
7782,16.1,20.0,14.9,11.9,8.2
7783,16.2,0.0,15.0,12.0,8.2
7784,16.8,0.0,15.6,12.6,8.7
7785,16.5,0.0,15.4,1.4,2.1
7786,16.0,0.0,14.8,0.7,1.6
7787,15.1,0.0,13.9,0.0,0.8
7788,14.1,0.0,13.0,0.0,0.0
7789,13.4,0.0,4.2,2.7,2.7
7790,14.2,0.0,5.2,0.0,0.5
7791,15.2,0.0,6.2,0.2,1.4
7792,9.4,0.0,6.7,1.0,1.9
7793,9.4,0.0,6.7,0.9,1.8
7794,9.4,0.0,6.6,11.8,8.2
7795,10.1,0.0,7.2,12.4,8.6
7796,1.2,0.0,0.0,12.5,8.7
7797,1.6,0.0,0.0,12.6,8.7
7798,1.7,0.0,0.0,12.5,8.6
7799,1.4,0.0,0.0,12.0,8.2
7800,10.4,0.0,15.1,12.1,8.3
7801,16.9,20.0,15.7,12.6,8.6
7802,17.3,20.0,16.0,12.9,8.9
7803,17.5,20.0,16.1,13.0,9.0
7804,17.6,20.0,16.3,13.2,9.1
7805,18.2,20.0,16.8,13.7,9.5
7806,17.7,20.0,16.3,13.1,9.0
7807,17.5,0.0,16.1,13.0,8.9
7808,17.5,0.0,16.2,12.9,8.9
7809,17.4,0.0,16.1,2.0,2.5
7810,16.6,0.0,14.9,0.5,1.6
7811,15.5,0.0,13.9,0.0,0.8
7812,14.5,0.0,13.0,0.0,0.0
7813,13.9,0.0,4.8,3.3,3.1
7814,13.3,0.0,4.3,0.0,0.0
7815,13.6,0.0,4.6,0.0,0.0
7816,14.0,0.0,4.9,0.0,0.5
7817,14.3,0.0,5.2,0.0,0.8
7818,14.6,0.0,5.5,11.1,7.7
7819,14.9,0.0,5.7,11.3,7.8
7820,15.0,0.0,0.0,11.4,7.9
7821,15.2,0.0,0.0,11.6,8.0
7822,15.7,0.0,0.0,12.0,8.3
7823,15.9,0.0,0.0,12.1,8.4
7824,16.1,0.0,15.0,12.3,8.5
7825,16.4,20.0,15.3,12.4,8.6
7826,16.3,20.0,15.2,12.3,8.5
7827,16.3,20.0,15.2,12.4,8.6
7828,16.6,20.0,15.5,12.6,8.8
7829,17.2,20.0,16.0,13.1,9.1
7830,17.6,20.0,16.4,13.5,9.5
7831,17.7,0.0,16.5,13.6,9.5
7832,17.9,0.0,16.6,13.7,9.5
7833,17.9,0.0,16.7,2.8,3.1
7834,17.9,0.0,16.7,2.7,3.1
7835,17.4,0.0,16.2,2.1,2.6
7836,16.8,0.0,15.7,1.4,2.1
7837,16.5,0.0,7.6,6.4,5.0
7838,15.5,0.0,6.6,0.0,1.0
7839,15.3,0.0,6.4,0.0,0.9
7840,9.7,0.0,6.7,0.4,1.3
7841,10.9,0.0,7.8,1.8,2.4
7842,12.1,0.0,9.0,13.9,9.7
7843,13.1,0.0,9.7,14.6,10.1
7844,4.7,1.3,0.0,14.1,9.7
7845,4.2,3.9,0.0,13.1,8.9
7846,4.4,3.4,0.0,13.4,9.1
7847,4.8,4.7,0.0,13.8,9.4
7848,13.7,7.5,17.7,14.6,10.1
7849,18.9,20.0,17.5,14.2,9.8
7850,19.1,20.0,17.6,14.4,9.9
7851,19.3,21.0,17.8,14.6,10.1
7852,18.3,21.6,16.9,13.6,9.3
7853,18.5,21.9,17.0,13.7,9.4
7854,18.5,21.9,17.0,13.7,9.4
7855,18.5,2.0,17.0,13.7,9.4
7856,18.6,2.2,17.1,13.8,9.5
7857,18.2,1.6,16.9,13.7,9.4
7858,18.1,0.9,16.8,13.5,9.2
7859,17.9,1.5,16.6,13.2,9.0
7860,17.5,0.0,16.2,12.7,8.7
7861,16.7,0.0,7.8,11.8,8.0
7862,15.1,0.0,6.1,9.6,6.7
7863,15.4,0.0,6.4,10.7,7.3
7864,10.2,0.0,7.0,11.6,7.9
7865,10.6,0.0,7.4,12.2,8.3
7866,10.8,0.0,7.5,12.3,8.4
7867,10.9,0.0,7.6,12.3,8.4
7868,2.7,0.0,0.0,12.6,8.6
7869,3.0,0.0,0.0,12.7,8.7
7870,3.4,0.0,0.0,12.8,8.8
7871,3.6,0.0,0.0,13.0,8.8
7872,11.9,0.0,16.1,12.9,8.8
7873,17.8,20.0,16.4,13.1,8.9
7874,17.7,20.0,16.3,13.1,8.9
7875,17.7,20.0,16.3,13.1,9.0
7876,18.0,20.0,16.6,13.4,9.2
7877,17.8,20.0,16.4,13.2,9.0
7878,17.5,20.0,16.2,12.9,8.8
7879,17.4,0.0,16.0,12.7,8.7
7880,17.3,0.0,15.9,12.6,8.6
7881,16.9,0.0,15.6,12.4,8.4
7882,16.8,0.0,15.5,12.3,8.4
7883,16.6,0.0,15.3,12.1,8.2
7884,16.5,0.0,15.2,12.0,8.1
7885,16.1,0.0,7.1,11.6,7.8
7886,15.7,0.0,6.8,11.2,7.5
7887,15.6,0.0,6.6,11.1,7.4
7888,9.7,0.0,6.4,11.0,7.4
7889,9.6,0.0,6.3,11.0,7.4
7890,9.6,0.0,6.4,11.1,7.5
7891,9.6,0.0,6.4,11.2,7.6
7892,1.0,0.0,0.0,11.3,7.7
7893,0.8,0.0,0.0,11.2,7.6
7894,0.7,0.0,0.0,11.2,7.6
7895,0.5,0.0,0.0,11.1,7.5
7896,9.3,0.0,14.1,11.1,7.5
7897,15.4,20.0,14.2,11.1,7.5
7898,15.3,20.0,14.1,11.0,7.5
7899,15.3,20.0,14.1,11.0,7.5
7900,15.3,20.0,14.1,11.0,7.5
7901,15.5,20.0,14.3,11.3,7.7
7902,16.0,20.0,14.8,11.8,8.1
7903,16.3,0.0,15.1,12.1,8.3
7904,16.1,0.0,14.9,11.8,8.1
7905,15.6,0.0,14.5,0.5,1.4
7906,15.4,0.0,14.3,0.2,1.2
7907,15.2,0.0,14.1,0.0,1.0
7908,15.3,0.0,14.3,0.1,1.2
7909,15.5,0.0,6.5,5.9,4.6
7910,15.7,0.0,6.6,0.5,1.5
7911,15.8,0.0,6.8,0.6,1.6
7912,15.9,0.0,6.8,0.8,1.7
7913,16.2,0.0,7.1,1.1,1.9
7914,17.0,0.0,7.9,13.0,9.0
7915,17.0,0.0,7.9,12.9,8.9
7916,16.9,0.0,0.0,12.7,8.8
7917,17.3,0.0,0.0,13.1,9.0
7918,17.6,0.0,0.0,13.3,9.1
7919,18.1,0.0,0.0,13.7,9.5
7920,18.1,0.0,16.8,13.6,9.4
7921,18.2,20.0,16.8,13.5,9.3
7922,18.1,20.3,16.6,13.3,9.1
7923,18.5,22.1,17.1,13.8,9.5
7924,19.1,23.4,17.6,14.4,9.9
7925,18.8,22.6,17.3,14.0,9.6
7926,18.7,22.4,17.2,13.9,9.6
7927,18.5,2.1,17.1,13.8,9.5
7928,18.3,1.5,16.8,13.5,9.3
7929,18.0,2.6,16.6,2.5,2.9
7930,17.6,0.9,16.3,2.1,2.6
7931,17.4,0.0,16.1,1.8,2.3
7932,17.0,0.0,15.7,1.3,2.0
7933,16.8,0.0,7.9,6.5,5.0
7934,16.9,0.0,8.0,1.3,2.0
7935,17.0,0.0,8.1,1.5,2.2
7936,17.3,0.0,8.3,1.9,2.4
7937,17.9,0.0,8.9,2.5,2.9
7938,18.3,0.3,9.3,13.8,9.5
7939,18.6,5.8,9.6,14.1,9.7
7940,19.4,8.5,0.0,14.9,10.3
7941,19.4,8.6,0.0,14.9,10.3
7942,19.1,7.3,0.0,14.5,10.0
7943,18.9,6.8,0.0,14.4,9.9
7944,18.6,5.6,17.2,14.0,9.6
7945,19.3,24.0,17.9,14.6,10.1
7946,18.7,22.5,17.3,14.0,9.6
7947,18.7,22.4,17.2,13.9,9.6
7948,18.8,22.7,17.3,14.1,9.7
7949,18.7,22.5,17.3,14.0,9.6
7950,18.4,21.8,17.0,13.7,9.4
7951,18.6,2.2,17.1,13.8,9.5
7952,18.4,1.8,17.0,13.7,9.4
7953,18.3,3.6,16.9,2.8,3.1
7954,17.8,1.7,16.5,2.3,2.7
7955,16.9,0.0,15.7,1.4,2.0
7956,16.3,0.0,15.0,0.6,1.4
7957,15.9,0.0,7.0,5.6,4.3
7958,14.9,0.0,5.9,0.0,0.3
7959,14.9,0.0,6.1,0.0,0.7
7960,9.8,0.0,6.8,0.7,1.6
7961,11.0,0.0,8.0,2.0,2.6
7962,11.9,0.0,8.7,13.7,9.5
7963,12.5,0.0,9.2,14.0,9.7
7964,4.4,0.0,0.0,14.0,9.6
7965,4.5,0.1,0.0,13.7,9.4
7966,4.7,4.2,0.0,13.6,9.3
7967,5.6,7.5,0.0,14.6,10.1
7968,13.9,10.5,17.9,14.7,10.2
7969,18.3,21.6,16.9,13.6,9.3
7970,19.0,23.3,17.6,14.3,9.9
7971,18.9,23.1,17.5,14.2,9.8
7972,18.7,22.4,17.2,13.9,9.6
7973,18.3,21.6,16.9,13.6,9.3
7974,18.1,21.1,16.7,13.4,9.1
7975,17.9,0.7,16.5,13.2,9.0
7976,17.9,0.6,16.4,13.1,8.9
7977,17.7,2.0,16.4,2.3,2.7
7978,17.8,2.1,16.4,2.3,2.7
7979,17.6,1.4,16.2,2.1,2.6
7980,17.1,0.0,15.7,1.6,2.1
7981,16.7,0.0,7.7,6.6,5.0
7982,16.0,0.0,7.1,0.5,1.3
7983,15.5,0.0,6.6,0.0,0.9
7984,15.6,0.0,6.6,0.1,1.1
7985,15.9,0.0,6.9,0.5,1.4
7986,16.0,0.0,7.0,11.6,7.8
7987,16.4,0.0,7.4,12.0,8.2
7988,16.0,0.0,0.0,11.6,7.8
7989,16.9,0.0,0.0,12.5,8.6
7990,16.8,0.0,0.0,12.4,8.5
7991,16.1,0.0,0.0,11.7,7.9
7992,16.0,0.0,14.8,11.6,7.8
7993,16.5,20.0,15.2,12.0,8.1
7994,16.3,20.0,15.0,11.9,8.1
7995,16.2,20.0,14.9,11.8,8.1
7996,16.1,20.0,14.8,11.7,8.0
7997,16.0,20.0,14.7,11.6,7.9
7998,15.7,20.0,14.5,11.3,7.7
7999,15.9,0.0,14.6,11.5,7.9
8000,15.8,0.0,14.6,11.5,7.8
8001,15.9,0.0,14.8,0.8,1.6
8002,14.8,0.0,13.7,0.0,0.6
8003,15.1,0.0,14.1,0.0,1.0
8004,15.6,0.0,14.5,0.4,1.4
8005,15.3,0.0,6.3,5.6,4.4
8006,14.8,0.0,5.9,0.0,0.8
8007,14.8,0.0,5.8,0.0,0.8
8008,8.8,0.0,5.9,0.0,1.0
8009,9.8,0.0,6.8,0.9,1.8
8010,10.5,0.0,7.5,12.6,8.8
8011,10.6,0.0,7.6,12.6,8.7
8012,2.1,0.0,0.0,12.8,8.8
8013,2.7,0.0,0.0,13.0,9.0
8014,2.5,0.0,0.0,12.5,8.5
8015,3.2,0.0,0.0,13.1,9.0
8016,12.7,0.0,17.0,13.9,9.6
8017,18.7,20.0,17.3,14.1,9.7
8018,17.9,20.0,16.5,13.3,9.1
8019,17.7,20.0,16.4,13.2,9.0
8020,18.0,20.0,16.6,13.4,9.2
8021,17.6,20.0,16.2,13.0,8.9
8022,18.0,20.0,16.6,13.4,9.2
8023,18.2,0.0,16.8,13.6,9.3
8024,17.6,0.0,16.1,12.9,8.8
8025,17.6,0.0,16.2,13.0,8.9
8026,16.8,0.0,15.5,12.2,8.3
8027,16.3,0.0,15.1,11.6,7.8
8028,16.1,0.0,14.9,11.4,7.7
8029,15.4,0.0,6.5,10.7,7.2
8030,14.9,0.0,6.0,10.2,6.9
8031,17.5,0.0,8.6,13.1,9.1
8032,9.3,0.0,6.0,10.6,7.1
8033,9.2,0.0,6.0,10.7,7.2
8034,9.1,0.0,5.9,10.7,7.2
8035,8.8,0.0,5.7,10.6,7.1
8036,0.0,0.0,0.0,10.3,6.9
8037,0.0,0.0,0.0,10.0,6.7
8038,0.0,0.0,0.0,10.0,6.7
8039,0.0,0.0,0.0,10.2,6.9
8040,8.1,0.0,13.3,10.5,7.1
8041,14.4,20.0,13.3,10.4,7.1
8042,13.7,20.0,12.6,9.7,6.6
8043,13.6,20.0,12.6,9.8,6.7
8044,13.9,20.0,12.9,10.1,7.0
8045,14.1,20.0,13.1,10.3,7.1
8046,14.1,20.0,13.1,10.3,7.1
8047,14.1,0.0,13.1,10.4,7.2
8048,14.0,0.0,13.0,10.3,7.1
8049,13.9,0.0,13.0,10.3,7.1
8050,13.7,0.0,12.9,10.1,6.9
8051,13.5,0.0,12.7,9.9,6.8
8052,13.4,0.0,12.5,9.8,6.7
8053,13.3,0.0,4.2,9.7,6.7
8054,13.1,0.0,4.0,9.6,6.6
8055,13.1,0.0,4.0,9.7,6.6
8056,6.3,0.0,4.0,9.7,6.7
8057,6.4,0.0,4.1,9.8,6.8
8058,6.3,0.0,3.9,9.7,6.7
8059,6.4,0.0,4.0,9.8,6.8
8060,0.0,0.0,0.0,9.9,6.9
8061,0.0,0.0,0.0,9.9,6.8
8062,0.0,0.0,0.0,10.0,6.9
8063,0.0,0.0,0.0,10.3,7.2
8064,7.0,0.0,13.0,10.5,7.3
8065,14.0,20.0,13.1,10.5,7.3
8066,14.3,20.0,13.3,10.7,7.4
8067,14.6,20.0,13.7,11.0,7.7
8068,14.9,20.0,13.9,11.3,7.9
8069,15.6,20.0,14.7,12.0,8.4
8070,15.9,20.0,14.9,12.3,8.6
8071,15.9,0.0,14.9,12.2,8.5
8072,16.0,0.0,14.9,12.2,8.5
8073,15.6,0.0,14.7,0.8,1.7
8074,15.6,0.0,14.7,0.7,1.7
8075,15.1,0.0,14.2,0.1,1.2
8076,14.9,0.0,13.9,0.0,1.0
8077,14.7,0.0,5.6,5.3,4.2
8078,14.6,0.0,5.5,0.0,0.8
8079,14.4,0.0,5.3,0.0,0.7
8080,14.3,0.0,5.2,0.0,0.6
8081,13.8,0.0,4.7,0.0,0.2
8082,13.6,0.0,4.5,9.8,6.7
8083,13.6,0.0,4.4,9.8,6.7
8084,13.6,0.0,0.0,9.9,6.7
8085,13.4,0.0,0.0,9.7,6.6
8086,13.1,0.0,0.0,9.5,6.4
8087,13.1,0.0,0.0,9.5,6.5
8088,13.0,0.0,12.2,9.5,6.5
8089,13.1,20.0,12.2,9.5,6.5
8090,13.2,20.0,12.3,9.6,6.6
8091,13.4,20.0,12.5,9.8,6.7
8092,13.5,20.0,12.6,9.9,6.8
8093,13.6,20.0,12.7,10.0,6.9
8094,13.7,20.0,12.8,10.1,7.0
8095,13.8,0.0,12.9,10.2,7.1
8096,13.9,0.0,12.9,10.3,7.1
8097,13.9,0.0,13.1,0.0,0.6
8098,13.3,0.0,12.4,0.0,0.0
8099,12.7,0.0,11.5,0.0,0.0
8100,12.5,0.0,11.7,0.0,0.0
8101,12.1,0.0,2.9,2.5,2.5
8102,11.6,0.0,2.3,0.0,0.0
8103,12.0,0.0,2.9,0.0,0.0
8104,12.6,0.0,3.4,0.0,0.0
8105,12.9,0.0,3.7,0.0,0.3
8106,13.2,0.0,4.0,10.4,7.3
8107,13.5,0.0,4.2,10.5,7.4
8108,13.8,0.0,0.0,10.8,7.6
8109,13.8,0.0,0.0,10.8,7.6
8110,14.0,0.0,0.0,10.9,7.7
8111,14.3,0.0,0.0,11.1,7.8
8112,14.6,0.0,13.8,11.4,8.0
8113,15.1,20.0,14.2,11.6,8.2
8114,15.2,20.0,14.2,11.6,8.2
8115,15.4,20.0,14.5,11.9,8.3
8116,15.4,20.0,14.5,11.8,8.2
8117,15.5,20.0,14.5,11.8,8.2
8118,15.6,20.0,14.5,11.8,8.2
8119,15.5,0.0,14.4,11.7,8.1
8120,15.4,0.0,14.3,11.5,8.0
8121,15.2,0.0,14.2,0.3,1.4
8122,15.0,0.0,14.0,0.0,1.1
8123,14.5,0.0,13.5,0.0,0.7
8124,14.1,0.0,13.2,0.0,0.4
8125,13.7,0.0,4.7,4.1,3.4
8126,13.5,0.0,4.5,0.0,0.0
8127,13.5,0.0,4.4,0.0,0.1
8128,7.3,0.0,4.8,0.0,0.5
8129,7.9,0.0,5.4,0.0,1.0
8130,8.1,0.0,5.5,11.1,7.7
8131,8.5,0.0,5.9,11.4,7.9
8132,0.0,0.0,0.0,11.9,8.3
8133,0.0,0.0,0.0,12.0,8.3
8134,0.0,0.0,0.0,12.0,8.3
8135,0.1,0.0,0.0,11.9,8.3
8136,9.6,0.0,14.8,12.0,8.3
8137,16.2,20.0,15.0,12.1,8.3
8138,16.2,20.0,15.0,12.0,8.3
8139,16.1,20.0,14.9,11.9,8.2
8140,16.2,20.0,15.0,12.0,8.2
8141,16.2,20.0,15.0,12.0,8.2
8142,16.4,20.0,15.1,12.1,8.4
8143,16.2,0.0,15.0,12.0,8.2
8144,16.4,0.0,15.2,12.2,8.4
8145,16.3,0.0,15.2,1.2,2.0
8146,15.5,0.0,14.3,0.2,1.2
8147,14.8,0.0,13.8,0.0,0.7
8148,14.2,0.0,13.2,0.0,0.2
8149,14.0,0.0,5.0,4.2,3.4
8150,13.6,0.0,4.7,0.0,0.0
8151,13.8,0.0,4.8,0.0,0.1
8152,14.1,0.0,5.0,0.0,0.5
8153,14.3,0.0,5.2,0.0,0.7
8154,14.5,0.0,5.4,10.8,7.4
8155,14.5,0.0,5.4,10.8,7.4
8156,14.6,0.0,0.0,10.9,7.5
8157,14.6,0.0,0.0,10.9,7.5
8158,14.8,0.0,0.0,11.0,7.6
8159,14.8,0.0,0.0,11.1,7.6
8160,15.0,0.0,14.0,11.2,7.7
8161,15.2,20.0,14.1,11.2,7.7
8162,15.2,20.0,14.1,11.3,7.8
8163,15.1,20.0,14.0,11.2,7.8
8164,15.1,20.0,14.1,11.3,7.8
8165,15.1,20.0,14.1,11.2,7.8
8166,15.2,20.0,14.1,11.3,7.8
8167,15.2,0.0,14.1,11.3,7.8
8168,15.1,0.0,14.1,11.2,7.7
8169,15.0,0.0,14.0,0.0,1.2
8170,14.9,0.0,13.9,0.0,1.1
8171,14.7,0.0,13.7,0.0,0.9
8172,14.2,0.0,13.3,0.0,0.5
8173,14.1,0.0,5.0,4.5,3.7
8174,13.7,0.0,4.7,0.0,0.2
8175,13.7,0.0,4.6,0.0,0.2
8176,7.4,0.0,4.9,0.0,0.5
8177,8.1,0.0,5.5,0.0,1.1
8178,8.3,0.0,5.7,11.2,7.8
8179,8.6,0.0,5.9,11.5,7.9
8180,0.0,0.0,0.0,11.5,8.0
8181,0.0,0.0,0.0,11.6,8.0
8182,0.0,0.0,0.0,11.7,8.1
8183,0.0,0.0,0.0,11.8,8.2
8184,9.7,0.0,14.9,12.1,8.3
8185,16.3,20.0,15.1,12.2,8.4
8186,16.4,20.0,15.2,12.3,8.6
8187,16.2,20.0,15.1,12.2,8.5
8188,16.4,20.0,15.2,12.3,8.6
8189,16.6,20.0,15.5,12.6,8.7
8190,16.8,20.0,15.6,12.7,8.8
8191,17.0,0.0,15.8,12.9,8.9
8192,17.2,0.0,15.9,13.0,9.0
8193,17.2,0.0,16.0,13.1,9.1
8194,17.2,0.0,16.1,13.1,9.0
8195,17.2,0.0,16.0,12.9,8.9
8196,17.0,0.0,15.9,12.7,8.7
8197,17.2,0.0,8.2,12.8,8.8
8198,17.0,0.0,8.0,12.6,8.7
8199,17.2,0.0,8.2,12.8,8.8
8200,11.8,0.0,8.5,13.2,9.0
8201,12.3,0.0,8.9,13.6,9.4
8202,12.3,0.0,8.8,13.4,9.2
8203,12.6,3.3,9.0,13.5,9.2
8204,5.1,7.6,0.0,14.0,9.6
8205,5.0,7.4,0.0,14.0,9.6
8206,4.9,4.9,0.0,13.8,9.5
8207,4.9,4.9,0.0,13.8,9.5
8208,12.9,4.6,16.9,13.7,9.4
8209,18.7,20.0,17.3,14.0,9.6
8210,18.7,20.0,17.3,14.0,9.6
8211,18.7,20.0,17.3,14.1,9.7
8212,18.9,20.0,17.5,14.3,9.8
8213,19.0,22.4,17.6,14.3,9.9
8214,19.1,23.4,17.6,14.4,9.9
8215,19.1,3.5,17.7,14.4,10.0
8216,19.1,3.4,17.6,14.4,9.9
8217,18.9,3.2,17.5,14.3,9.9
8218,18.9,3.2,17.5,14.3,9.9
8219,18.9,5.4,17.5,14.3,9.9
8220,18.9,5.2,17.5,14.3,9.8
8221,18.8,5.1,9.9,14.3,9.8
8222,18.9,5.2,9.9,14.3,9.8
8223,18.9,5.4,9.9,14.3,9.9
8224,13.6,6.0,10.0,14.5,10.0
8225,13.7,6.2,10.1,14.6,10.1
8226,13.7,9.9,10.1,14.6,10.1
8227,13.7,9.7,10.0,14.5,10.0
8228,5.5,9.5,0.0,14.5,10.0
8229,5.6,9.7,0.0,14.5,10.0
8230,5.6,7.3,0.0,14.5,10.0
8231,5.6,7.3,0.0,14.5,10.0
8232,13.6,7.1,17.6,14.5,10.0
8233,19.2,23.6,17.7,14.5,10.0
8234,19.1,23.5,17.7,14.4,10.0
8235,19.1,23.5,17.7,14.4,10.0
8236,19.1,23.5,17.7,14.4,10.0
8237,19.1,23.5,17.7,14.4,10.0
8238,19.1,23.4,17.6,14.4,9.9
8239,19.1,3.5,17.7,14.4,10.0
8240,19.1,3.5,17.7,14.4,10.0
8241,19.0,5.9,17.6,3.6,3.7
8242,19.0,5.9,17.6,3.6,3.7
8243,19.0,5.8,17.7,3.6,3.7
8244,18.9,5.4,17.6,3.5,3.6
8245,18.9,5.2,9.9,8.9,6.7
8246,18.9,5.4,9.9,3.5,3.6
8247,18.9,5.5,9.9,3.5,3.6
8248,19.0,5.8,10.0,3.6,3.7
8249,19.0,5.9,10.0,3.6,3.7
8250,19.1,6.1,10.0,14.5,10.0
8251,19.0,7.1,10.0,14.5,10.0
8252,19.1,7.5,0.0,14.6,10.1
8253,19.1,7.5,0.0,14.6,10.1
8254,19.2,7.6,0.0,14.6,10.1
8255,19.2,7.6,0.0,14.6,10.1
8256,19.2,8.0,17.9,14.7,10.2
8257,19.5,24.3,18.0,14.8,10.2
8258,19.5,24.3,18.0,14.8,10.2
8259,19.5,24.4,18.1,14.9,10.3
8260,19.5,24.3,18.0,14.8,10.2
8261,19.4,24.1,17.9,14.7,10.2
8262,19.4,24.1,17.9,14.7,10.2
8263,19.4,4.1,17.9,14.7,10.2
8264,19.3,4.0,17.9,14.6,10.1
8265,19.2,6.5,17.8,3.8,3.9
8266,19.2,6.4,17.8,3.8,3.8
8267,19.2,6.3,17.8,3.8,3.8
8268,19.1,5.9,17.7,3.7,3.8
8269,19.1,5.9,10.1,9.1,6.9
8270,19.2,6.2,10.2,3.8,3.8
8271,19.2,6.5,10.2,3.8,3.9
8272,19.3,6.8,10.3,3.9,3.9
8273,19.4,7.1,10.4,4.0,4.0
8274,19.3,7.0,10.3,14.8,10.2
8275,19.3,8.3,10.3,14.8,10.2
8276,19.4,8.5,0.0,14.9,10.3
8277,19.4,8.5,0.0,14.9,10.3
8278,19.5,8.8,0.0,15.0,10.4
8279,19.4,8.5,0.0,14.9,10.3
8280,19.4,8.5,18.0,14.9,10.3
8281,19.6,24.5,18.1,14.9,10.3
8282,19.6,24.5,18.1,14.9,10.3
8283,19.5,24.4,18.1,14.9,10.3
8284,19.5,24.4,18.1,14.9,10.3
8285,19.6,24.7,18.2,15.0,10.3
8286,19.7,24.9,18.3,15.1,10.4
8287,19.6,4.7,18.2,15.0,10.3
8288,19.5,4.5,18.1,14.9,10.3
8289,19.4,7.1,18.0,4.0,4.0
8290,19.4,7.1,18.0,4.0,4.0
8291,19.3,6.7,17.9,3.9,3.9
8292,19.2,6.2,17.8,3.8,3.8
8293,19.0,5.8,10.0,9.0,6.8
8294,18.9,5.4,9.9,3.5,3.6
8295,18.9,5.6,9.9,3.5,3.6
8296,13.7,9.7,10.0,3.7,3.7
8297,13.6,9.5,10.0,3.6,3.7
8298,13.5,8.9,9.8,14.3,9.9
8299,13.4,8.7,9.8,14.3,9.8
8300,5.3,6.3,0.0,14.2,9.8
8301,5.2,6.1,0.0,14.2,9.7
8302,5.2,6.1,0.0,14.2,9.7
8303,5.2,5.9,0.0,14.1,9.7
8304,13.2,7.8,17.3,14.1,9.7
8305,18.8,22.7,17.3,14.1,9.7
8306,18.8,22.7,17.3,14.1,9.7
8307,18.8,22.6,17.3,14.0,9.6
8308,18.8,22.6,17.3,14.0,9.6
8309,18.7,22.5,17.3,14.0,9.6
8310,18.7,22.5,17.3,14.0,9.6
8311,18.7,2.4,17.2,13.9,9.6
8312,18.7,2.4,17.2,13.9,9.6
8313,18.4,4.1,17.1,3.0,3.2
8314,18.3,3.6,16.9,2.8,3.1
8315,17.9,2.0,16.6,2.4,2.8
8316,17.2,0.0,15.9,1.7,2.2
8317,16.7,0.0,7.7,6.5,4.9
8318,16.3,0.0,7.4,0.7,1.5
8319,16.0,0.0,7.1,0.4,1.4
8320,16.4,0.0,7.4,1.0,1.7
8321,16.8,0.0,7.7,1.4,2.0
8322,16.9,0.0,7.9,12.5,8.5
8323,17.6,0.0,8.6,13.2,9.0
8324,18.4,0.7,0.0,13.9,9.6
8325,19.2,7.8,0.0,14.7,10.1
8326,19.2,7.8,0.0,14.7,10.1
8327,19.5,9.0,0.0,15.0,10.4
8328,19.7,9.7,18.4,15.2,10.6
8329,20.0,20.7,18.5,15.3,10.6
8330,20.5,22.0,19.0,15.9,11.0
8331,20.5,26.7,19.0,15.9,11.0
8332,20.9,27.7,19.5,16.3,11.4
8333,21.1,28.2,19.7,16.5,11.6
8334,21.2,28.3,19.7,16.6,11.6
8335,21.2,8.3,19.7,16.6,11.6
8336,21.2,8.3,19.7,16.6,11.6
8337,20.6,7.0,19.2,5.2,4.9
8338,18.7,1.4,17.3,3.1,3.4
8339,18.0,0.9,16.7,2.4,2.8
8340,17.3,0.0,16.0,1.6,2.2
8341,16.8,0.0,7.9,6.5,5.0
8342,16.7,0.0,7.8,1.2,1.9
8343,16.2,0.0,7.3,0.0,1.4
8344,10.7,0.0,7.5,1.2,1.9
8345,11.4,0.0,8.2,2.0,2.5
8346,11.7,0.0,8.4,13.1,9.0
8347,12.0,0.0,8.6,13.2,9.1
8348,4.1,0.0,0.0,13.4,9.2
8349,4.5,4.4,0.0,13.5,9.2
8350,4.4,3.4,0.0,13.4,9.1
8351,4.3,3.0,0.0,13.3,9.0
8352,12.2,2.2,16.2,13.0,8.8
8353,17.7,20.0,16.2,12.9,8.8
8354,17.3,20.0,15.9,12.6,8.6
8355,17.1,20.0,15.7,12.5,8.5
8356,16.8,20.0,15.5,12.2,8.3
8357,16.5,20.0,15.1,11.8,8.0
8358,16.2,20.0,14.9,11.6,7.9
8359,16.1,0.0,14.8,11.5,7.8
8360,15.4,0.0,14.1,10.8,7.3
8361,14.8,0.0,13.6,10.5,7.0
8362,14.6,0.0,13.4,10.2,6.8
8363,14.0,0.0,12.9,9.6,6.4
8364,13.4,0.0,12.4,9.0,6.0
8365,12.9,0.0,3.9,8.6,5.7
8366,13.0,0.0,3.9,8.9,6.0
8367,13.0,0.0,3.9,9.0,6.1
8368,6.5,0.0,3.9,9.2,6.2
8369,6.7,0.0,4.1,9.6,6.6
8370,6.9,0.0,4.4,9.9,6.8
8371,7.0,0.0,4.4,10.0,6.9
8372,0.0,0.0,0.0,10.5,7.2
8373,0.0,0.0,0.0,10.7,7.4
8374,0.0,0.0,0.0,11.2,7.8
8375,0.0,0.0,0.0,10.9,7.5
8376,7.7,0.0,13.3,10.6,7.3
8377,14.6,20.0,13.6,10.8,7.4
8378,14.8,20.0,13.8,11.1,7.7
8379,15.1,20.0,14.2,11.5,8.1
8380,15.0,20.0,14.0,11.3,7.9
8381,14.8,20.0,13.8,11.1,7.7
8382,14.6,20.0,13.6,10.9,7.5
8383,14.6,0.0,13.6,10.9,7.5
8384,14.6,0.0,13.6,10.8,7.5
8385,14.5,0.0,13.6,10.9,7.5
8386,14.5,0.0,13.6,10.9,7.5
8387,14.3,0.0,13.4,10.7,7.4
8388,14.2,0.0,13.3,10.5,7.2
8389,13.9,0.0,4.9,10.2,7.0
8390,14.0,0.0,4.9,10.3,7.1
8391,14.1,0.0,5.0,10.5,7.2
8392,7.6,0.0,5.1,10.6,7.3
8393,8.1,0.0,5.5,11.1,7.7
8394,8.4,0.0,5.8,11.3,7.9
8395,8.7,0.0,6.0,11.5,8.0
8396,0.0,0.0,0.0,11.7,8.1
8397,0.0,0.0,0.0,12.0,8.3
8398,0.3,0.0,0.0,12.1,8.4
8399,0.8,0.0,0.0,12.4,8.6
8400,10.1,0.0,15.1,12.2,8.5
8401,16.6,20.0,15.4,12.4,8.6
8402,16.6,20.0,15.3,12.4,8.5
8403,16.7,20.0,15.5,12.5,8.6
8404,17.1,20.0,15.9,12.9,8.9
8405,17.2,20.0,16.0,12.9,8.9
8406,17.3,20.0,16.0,13.0,8.9
8407,17.6,0.0,16.3,13.2,9.1
8408,16.9,0.0,15.6,12.5,8.6
8409,16.6,0.0,15.4,1.4,2.0
8410,16.5,0.0,15.3,1.2,2.0
8411,16.3,0.0,15.1,1.0,1.7
8412,16.1,0.0,14.9,0.7,1.6
8413,16.0,0.0,7.0,6.2,4.7
8414,16.1,0.0,7.1,0.7,1.6
8415,16.2,0.0,7.2,0.9,1.7
8416,16.5,0.0,7.4,1.2,1.9
8417,16.8,0.0,7.7,1.5,2.2
8418,17.1,0.0,8.0,12.8,8.8
8419,17.2,0.0,8.2,12.9,8.8
8420,17.3,0.0,0.0,13.0,8.9
8421,17.5,0.0,0.0,13.0,8.9
8422,17.5,0.0,0.0,13.0,8.9
8423,17.7,0.0,0.0,13.2,9.0
8424,17.7,1.7,16.4,13.1,9.0
8425,18.0,20.8,16.5,13.2,9.0
8426,17.9,20.7,16.5,13.2,9.0
8427,17.9,20.6,16.4,13.1,8.9
8428,17.7,20.2,16.3,13.0,8.8
8429,17.6,20.0,16.2,12.9,8.8
8430,17.5,20.0,16.1,12.8,8.7
8431,17.4,0.0,15.9,12.6,8.6
8432,17.2,0.0,15.7,12.4,8.4
8433,16.7,0.0,15.4,1.2,1.9
8434,16.4,0.0,15.1,0.9,1.6
8435,16.0,0.0,14.7,0.4,1.3
8436,15.4,0.0,14.2,0.0,0.8
8437,15.2,0.0,6.3,5.2,4.0
8438,15.1,0.0,6.2,0.0,0.8
8439,15.0,0.0,5.9,0.0,0.7
8440,14.8,0.0,5.8,0.0,0.7
8441,14.7,0.0,5.7,0.0,0.7
8442,14.6,0.0,5.5,10.4,7.0
8443,14.5,0.0,5.4,10.4,7.0
8444,14.4,0.0,0.0,10.4,7.0
8445,14.3,0.0,0.0,10.3,7.0
8446,14.2,0.0,0.0,10.2,6.9
8447,13.9,0.0,0.0,9.9,6.7
8448,13.8,0.0,12.8,9.9,6.7
8449,14.1,20.0,13.0,10.1,6.9
8450,14.2,20.0,13.1,10.3,7.0
8451,14.0,20.0,12.9,10.0,6.8
8452,13.9,20.0,12.9,10.0,6.8
8453,13.9,20.0,12.8,10.0,6.8
8454,13.8,20.0,12.8,10.0,6.8
8455,13.9,0.0,12.9,10.1,6.9
8456,13.9,0.0,12.9,10.0,6.9
8457,13.6,0.0,12.7,0.0,0.2
8458,14.1,0.0,13.2,0.0,0.6
8459,14.3,0.0,13.4,0.0,0.8
8460,14.4,0.0,13.5,0.0,0.9
8461,14.5,0.0,5.4,5.3,4.2
8462,14.6,0.0,5.5,0.0,0.9
8463,14.7,0.0,5.6,0.0,1.0
8464,8.3,0.0,5.6,0.0,1.1
8465,8.4,0.0,5.7,0.0,1.1
8466,8.6,0.0,5.8,11.2,7.8
8467,8.7,0.0,5.9,11.3,7.8
8468,0.0,0.0,0.0,11.4,7.9
8469,0.0,0.0,0.0,11.5,7.9
8470,0.0,0.0,0.0,11.6,8.0
8471,0.1,0.0,0.0,11.8,8.1
8472,9.8,0.0,14.9,12.0,8.3
8473,16.4,20.0,15.2,12.3,8.5
8474,16.6,20.0,15.4,12.4,8.6
8475,17.0,20.0,15.8,12.8,8.9
8476,17.3,20.0,16.1,13.1,9.1
8477,17.6,20.0,16.3,13.3,9.3
8478,17.9,20.0,16.6,13.6,9.4
8479,18.1,0.0,16.8,13.8,9.6
8480,18.4,0.0,17.0,14.0,9.7
8481,18.3,0.0,17.1,3.1,3.4
8482,18.7,0.0,17.4,3.3,3.5
8483,18.7,1.1,17.4,3.3,3.5
8484,18.5,3.7,17.2,3.1,3.3
8485,18.5,3.9,9.6,8.5,6.4
8486,18.6,3.9,9.6,3.1,3.3
8487,18.5,3.2,9.6,3.0,3.3
8488,18.7,5.8,9.7,3.3,3.5
8489,19.0,6.9,9.9,3.6,3.7
8490,19.0,7.1,10.0,14.5,10.0
8491,19.1,7.5,10.1,14.6,10.1
8492,19.2,7.8,0.0,14.7,10.1
8493,19.4,8.5,0.0,14.9,10.3
8494,19.6,9.2,0.0,15.1,10.4
8495,19.8,9.8,0.0,15.3,10.6
8496,20.0,10.5,18.6,15.5,10.8
8497,20.3,21.4,18.8,15.6,10.9
8498,20.4,21.8,18.9,15.8,11.0
8499,20.6,26.8,19.1,15.9,11.1
8500,20.7,27.3,19.3,16.1,11.2
8501,20.9,27.7,19.5,16.3,11.4
8502,21.0,27.9,19.6,16.4,11.5
8503,21.1,8.1,19.6,16.5,11.5
8504,21.1,8.2,19.7,16.5,11.6
8505,21.0,8.1,19.6,5.7,5.3
8506,20.7,4.4,19.1,5.0,4.9
8507,20.0,1.3,18.1,3.7,4.1
8508,19.3,0.0,17.5,2.7,3.6
8509,18.8,0.0,9.3,7.3,6.3
8510,18.1,0.0,8.9,1.3,2.8
8511,18.0,0.0,9.1,1.0,3.0
8512,12.5,0.0,9.5,3.4,3.6
8513,13.7,0.0,10.4,4.4,4.4
8514,14.5,3.8,11.0,15.8,11.1
8515,15.2,16.2,11.5,16.1,11.2
8516,7.2,16.8,0.2,16.2,11.3
8517,7.4,17.6,0.4,16.5,11.5
8518,7.4,13.8,0.4,16.5,11.5
8519,7.6,14.3,0.5,16.6,11.6
8520,15.7,14.3,19.7,16.6,11.6
8521,21.3,23.9,19.8,16.7,11.7
8522,21.4,24.1,19.9,16.8,11.7
8523,21.4,28.7,19.9,16.8,11.7
8524,21.5,29.0,20.0,16.9,11.8
8525,21.6,29.3,20.2,17.0,11.9
8526,21.5,29.1,20.1,16.9,11.9
8527,21.5,9.1,20.1,16.9,11.9
8528,21.5,9.0,20.0,16.9,11.8
8529,21.2,8.6,19.9,16.8,11.7
8530,20.4,5.7,19.0,15.8,11.0
8531,19.7,6.4,18.4,15.0,10.4
8532,18.5,2.1,17.2,13.7,9.4
8533,16.7,0.0,7.4,10.9,7.8
8534,16.6,0.0,7.7,11.7,8.1
8535,16.9,0.0,8.0,12.3,8.5
8536,11.7,0.0,8.4,13.0,8.9
8537,12.7,0.0,9.3,14.0,9.7
8538,13.4,2.4,9.9,14.6,10.1
8539,14.0,11.2,10.4,14.9,10.3
8540,5.9,11.2,0.0,14.9,10.3
8541,5.9,11.0,0.0,14.8,10.2
8542,6.0,8.8,0.0,15.0,10.4
8543,6.3,10.0,0.0,15.3,10.6
8544,14.5,10.4,18.6,15.4,10.7
8545,20.3,21.5,18.8,15.7,10.9
8546,20.4,20.0,18.9,15.8,11.0
8547,20.2,24.8,18.8,15.6,10.9
8548,20.2,26.0,18.8,15.6,10.8
8549,20.3,26.2,18.8,15.7,10.9
8550,20.5,26.6,19.0,15.8,11.0
8551,20.6,6.9,19.1,16.0,11.1
8552,20.7,7.1,19.2,16.0,11.2
8553,20.5,7.0,19.2,16.1,11.2
8554,20.4,5.8,19.0,15.8,11.0
8555,20.2,8.6,18.9,15.6,10.9
8556,18.7,0.0,17.0,13.1,9.4
8557,18.0,0.0,8.6,12.1,8.9
8558,17.7,0.0,8.5,11.9,8.9
8559,17.7,0.0,8.7,11.8,9.2
8560,12.2,0.0,9.2,14.0,9.8
8561,13.2,0.0,9.9,14.9,10.4
8562,13.8,0.0,10.4,15.2,10.6
8563,14.5,12.1,10.9,15.4,10.7
8564,6.6,14.3,0.0,15.6,10.9
8565,6.9,15.5,0.0,15.9,11.1
8566,7.2,12.9,0.1,16.2,11.3
8567,7.3,13.3,0.2,16.3,11.4
8568,15.4,13.3,19.4,16.3,11.4
8569,21.1,28.1,19.6,16.5,11.5
8570,21.1,28.1,19.6,16.5,11.5
8571,21.2,28.3,19.7,16.6,11.6
8572,21.4,28.9,20.0,16.8,11.8
8573,21.4,28.9,20.0,16.8,11.8
8574,21.7,29.4,20.2,17.1,12.0
8575,21.7,9.4,20.2,17.1,12.0
8576,21.8,9.8,20.4,17.2,12.1
8577,21.7,14.2,20.3,6.4,5.8
8578,21.2,9.8,19.6,5.5,5.3
8579,20.2,1.6,18.3,3.9,4.3
8580,19.3,0.0,17.5,2.7,3.5
8581,18.7,0.0,9.2,7.2,6.2
8582,18.3,0.0,9.0,1.3,3.0
8583,18.3,0.0,9.3,1.1,3.3
8584,18.6,0.0,9.7,3.6,3.8
8585,19.5,0.0,10.5,4.4,4.4
8586,20.2,0.0,11.2,16.0,11.2
8587,20.8,11.1,11.7,16.3,11.4
8588,21.0,14.3,0.5,16.6,11.6
8589,21.2,14.8,0.7,16.8,11.7
8590,21.5,15.8,1.0,17.1,12.0
8591,21.9,17.2,1.4,17.5,12.3
8592,22.2,18.2,20.8,17.8,12.5
8593,22.2,30.6,20.7,17.6,12.4
8594,21.7,29.4,20.2,17.1,12.0
8595,21.1,28.1,19.6,16.5,11.5
8596,20.8,27.5,19.4,16.2,11.3
8597,20.7,27.2,19.2,16.1,11.2
8598,20.7,27.2,19.2,16.1,11.2
8599,20.6,6.8,19.1,15.9,11.1
8600,20.3,6.3,18.8,15.7,10.9
8601,20.1,9.3,18.7,4.7,4.6
8602,19.7,8.0,18.3,4.3,4.3
8603,19.4,6.7,18.1,4.0,4.0
8604,18.2,1.3,16.9,2.6,3.0
8605,18.6,2.8,9.7,8.4,6.4
8606,18.6,3.2,9.7,3.0,3.3
8607,18.8,4.4,9.9,3.3,3.5
8608,19.0,5.6,10.0,3.6,3.7
8609,19.0,6.0,10.0,3.7,3.7
8610,19.3,7.0,10.3,14.8,10.2
8611,19.6,9.3,10.6,15.1,10.5
8612,20.2,11.4,0.0,15.7,10.9
8613,20.6,12.6,0.0,16.1,11.2
8614,20.9,13.8,0.4,16.5,11.5
8615,21.1,14.4,0.6,16.7,11.6
8616,21.1,14.6,19.8,16.7,11.7
8617,21.6,29.3,20.2,17.0,11.9
8618,21.8,29.8,20.4,17.2,12.1
8619,22.0,30.1,20.5,17.4,12.2
8620,22.4,31.0,20.9,17.8,12.5
8621,22.5,31.2,21.0,17.9,12.6
8622,22.6,31.6,21.1,18.0,12.7
8623,22.8,12.2,21.4,18.3,12.9
8624,22.7,11.9,21.3,18.2,12.8
8625,23.0,18.1,21.6,7.7,6.9
8626,21.6,7.5,19.6,5.5,5.4
8627,20.0,0.0,17.3,2.6,3.7
8628,18.6,0.0,16.0,0.7,2.7
8629,18.1,0.0,8.6,6.8,6.0
8630,17.4,0.0,8.2,0.8,2.5
8631,17.6,0.0,8.6,0.9,2.9
8632,11.9,0.0,9.1,3.2,3.5
8633,13.9,0.0,10.8,4.9,4.8
8634,14.9,3.4,11.5,16.3,11.5
8635,16.0,19.9,12.4,17.0,11.9
8636,8.6,17.9,1.5,17.7,12.4
8637,9.2,19.9,2.1,18.3,12.9
8638,7.9,15.5,0.9,17.0,11.9
8639,7.9,15.6,0.9,17.0,11.9
8640,16.1,20.1,20.1,17.1,12.0
8641,21.6,29.3,20.2,17.0,11.9
8642,21.4,28.9,20.0,16.8,11.8
8643,21.2,28.4,19.8,16.6,11.6
8644,21.2,28.3,19.7,16.6,11.6
8645,21.1,28.1,19.6,16.5,11.5
8646,21.1,28.2,19.7,16.5,11.6
8647,21.2,8.3,19.7,16.6,11.6
8648,21.1,8.2,19.7,16.5,11.6
8649,21.0,12.1,19.6,5.7,5.3
8650,20.9,11.4,19.5,5.5,5.2
8651,20.6,9.9,19.3,5.2,4.9
8652,20.3,8.6,19.0,4.8,4.7
8653,20.1,7.9,11.2,10.1,7.7
8654,20.0,7.7,11.1,4.6,4.5
8655,20.1,8.4,11.2,4.7,4.6
8656,20.3,11.5,11.3,5.0,4.8
8657,20.6,12.8,11.6,5.3,5.0
8658,20.9,13.6,11.8,16.4,11.5
8659,21.1,14.4,12.1,16.7,11.6
8660,21.5,15.8,1.0,17.1,12.0
8661,21.9,17.3,1.4,17.5,12.3
8662,22.2,18.2,1.6,17.8,12.5
8663,22.5,19.4,2.0,18.1,12.8
8664,22.4,18.9,21.0,18.0,12.7
8665,23.1,28.3,21.6,18.6,13.1
8666,23.1,28.3,21.6,18.6,13.1
8667,23.1,32.7,21.6,18.6,13.1
8668,23.4,33.5,21.9,18.9,13.4
8669,23.8,34.3,22.3,19.3,13.7
8670,23.8,34.3,22.3,19.3,13.7
8671,23.9,14.5,22.4,19.4,13.7
8672,23.9,14.5,22.4,19.4,13.7
8673,23.7,14.3,22.3,8.5,7.4
8674,23.4,12.0,21.9,8.0,7.1
8675,22.0,6.5,20.0,5.7,5.7
8676,21.3,3.5,19.5,4.9,5.2
8677,20.7,0.0,11.3,9.4,7.8
8678,20.3,0.0,11.2,3.6,4.5
8679,20.6,0.0,11.7,3.6,4.9
8680,15.6,5.0,12.3,5.9,5.5
8681,16.8,15.7,13.2,7.0,6.3
8682,17.1,24.3,13.4,18.1,12.7
8683,17.4,25.6,13.7,18.4,13.0
8684,9.6,26.8,2.5,18.7,13.2
8685,10.0,28.7,3.0,19.1,13.6
8686,10.2,23.5,3.1,19.3,13.7
8687,10.2,23.5,3.1,19.3,13.7
8688,18.3,23.5,22.3,19.3,13.7
8689,23.9,30.2,22.4,19.4,13.7
8690,23.9,30.2,22.4,19.4,13.7
8691,24.3,35.7,22.9,19.9,14.1
8692,23.9,34.5,22.4,19.4,13.7
8693,23.9,34.5,22.4,19.4,13.7
8694,23.3,33.3,21.9,18.8,13.3
8695,22.9,12.3,21.4,18.4,13.0
8696,22.6,11.6,21.1,18.0,12.7
8697,21.9,10.3,20.5,17.5,12.3
8698,21.7,9.6,20.3,17.2,12.1
8699,21.5,13.5,20.2,17.1,12.0
8700,20.9,11.2,19.5,16.4,11.4
8701,20.7,10.6,11.7,16.2,11.3
8702,20.5,9.9,11.5,16.0,11.1
8703,20.4,9.7,11.4,15.9,11.1
8704,14.8,9.4,11.2,15.7,10.9
8705,14.5,8.5,10.8,15.3,10.6
8706,14.1,11.6,10.5,15.0,10.4
8707,13.7,9.7,10.0,14.5,10.0
8708,5.0,7.4,0.0,14.0,9.6
8709,4.6,5.7,0.0,13.6,9.3
8710,4.3,2.9,0.0,13.2,9.0
8711,4.8,4.7,0.0,13.8,9.4
8712,13.2,5.8,17.3,14.1,9.7
8713,18.9,20.0,17.4,14.1,9.7
8714,19.0,20.0,17.5,14.3,9.8
8715,18.9,20.0,17.5,14.3,9.9
8716,19.0,20.5,17.6,14.4,9.9
8717,19.2,23.6,17.7,14.5,10.0
8718,19.3,24.0,17.9,14.6,10.1
8719,19.2,3.8,17.8,14.5,10.0
8720,19.1,3.4,17.6,14.4,9.9
8721,18.9,3.2,17.5,14.3,9.9
8722,18.8,3.0,17.5,14.3,9.8
8723,18.8,4.7,17.4,14.2,9.8
8724,18.5,2.5,17.2,13.7,9.5
8725,18.6,2.8,9.7,13.9,9.6
8726,18.9,4.5,9.9,14.2,9.8
8727,19.1,5.7,10.1,14.5,10.0
8728,13.9,6.4,10.3,14.7,10.2
8729,14.0,7.1,10.4,14.9,10.3
8730,14.1,11.6,10.5,15.0,10.4
8731,14.2,12.0,10.6,15.1,10.4
8732,6.0,11.4,0.0,14.9,10.3
8733,5.9,11.0,0.0,14.8,10.2
8734,5.8,8.0,0.0,14.7,10.2
8735,7.3,13.4,0.3,16.4,11.4
8736,16.0,15.6,20.1,17.0,11.9
8737,21.8,29.6,20.3,17.2,12.1
8738,22.3,30.9,20.8,17.7,12.5
8739,22.6,31.7,21.2,18.1,12.8
8740,23.1,32.7,21.6,18.6,13.1
8741,23.6,33.8,22.1,19.1,13.5
8742,23.6,33.8,22.1,19.1,13.5
8743,23.8,14.3,22.3,19.3,13.7
8744,23.9,14.5,22.4,19.4,13.7
8745,23.7,20.3,22.3,8.5,7.4
8746,23.5,18.8,22.1,8.2,7.2
8747,22.8,12.8,21.2,7.0,6.5
8748,21.8,6.4,20.1,5.6,5.6
8749,21.6,3.4,12.3,10.6,8.6
8750,21.6,3.8,12.5,5.2,5.6
8751,22.1,6.7,13.2,5.9,6.1
8752,22.9,17.3,14.0,7.6,6.8
8753,23.6,20.2,14.6,8.4,7.4
8754,23.7,20.5,14.6,19.3,13.7
8755,23.7,23.5,14.6,19.3,13.7
8756,23.7,23.5,3.1,19.3,13.7
8757,24.2,25.2,3.6,19.9,14.1
8758,24.2,25.2,3.6,19.9,14.1
8759,24.2,25.2,3.6,19.9,14.1
8760,24.2,25.2,22.8,19.9,14.1
