Hour,Demand_Zone 1,UFH_Energy_Zone 2,Demand_Zone 2,Demand_Zone 3,Demand_Zone 4,Demand_Zone 5
1,13.6,0.0,0.0,12.6,10.1,6.9
2,13.7,0.0,0.0,12.7,10.1,6.9
3,14.1,0.0,0.0,13.0,10.5,7.2
4,14.3,0.0,0.0,13.2,10.7,7.4
5,14.7,0.0,0.0,13.6,11.1,7.6
6,14.9,0.0,0.0,13.8,11.2,7.7
7,15.0,0.0,0.0,13.9,11.3,7.8
8,15.2,0.0,0.0,14.1,11.5,7.9
9,15.1,0.0,0.0,14.1,0.2,1.2
10,15.0,0.0,0.0,13.9,0.0,1.1
11,15.0,0.0,0.0,13.9,0.0,1.0
12,15.0,0.0,0.0,14.0,0.0,1.0
13,15.1,0.0,0.0,5.8,5.6,4.3
14,15.2,0.0,0.0,6.0,0.1,1.2
15,15.3,0.0,0.0,6.1,0.2,1.3
16,15.6,0.0,0.0,6.3,0.6,1.5
17,15.7,0.0,0.0,6.5,0.7,1.6
18,15.6,0.0,0.0,6.4,11.7,8.0
19,15.4,0.0,0.0,6.2,11.5,7.8
20,15.3,0.0,0.0,0.0,11.3,7.7
21,15.3,0.0,0.0,0.0,11.3,7.7
22,14.7,0.0,0.0,0.0,10.7,7.2
23,13.9,0.0,0.0,0.0,9.8,6.6
24,13.8,0.0,0.0,12.7,9.8,6.6
25,15.5,0.0,0.0,14.1,10.7,7.2
26,15.6,0.0,0.0,14.2,10.9,7.3
27,15.5,0.0,0.0,14.2,10.9,7.3
28,15.3,0.0,0.0,14.0,10.7,7.2
29,15.4,0.0,0.0,14.2,10.9,7.4
30,15.4,0.0,0.0,14.2,11.0,7.4
31,15.1,0.0,0.0,13.9,10.7,7.3
32,15.1,0.0,0.0,13.9,10.7,7.3
33,14.9,0.0,0.0,13.8,0.0,0.9
34,14.8,0.0,0.0,13.8,0.0,0.8
35,14.7,0.0,0.0,13.7,0.0,0.8
36,14.7,0.0,0.0,13.7,0.0,0.8
37,14.4,0.0,0.0,5.5,4.8,3.8
38,16.2,0.0,0.0,7.3,1.3,2.1
39,17.0,0.0,0.0,8.0,2.1,2.7
40,17.8,0.0,0.0,8.8,2.9,3.3
41,18.2,0.0,0.0,9.2,3.2,3.6
42,18.5,0.0,0.0,9.6,14.5,10.1
43,18.9,0.0,0.0,10.0,14.8,10.3
44,19.2,0.0,4.1,0.0,14.9,10.4
45,19.6,0.0,9.3,0.0,15.2,10.6
46,19.8,0.0,10.2,0.0,15.5,10.8
47,20.0,0.0,10.7,0.0,15.7,11.0
48,20.2,0.0,11.4,18.9,15.9,11.2
49,20.5,0.0,7.1,19.2,16.1,11.4
50,20.5,0.0,7.2,19.3,16.2,11.4
51,20.5,0.0,7.1,19.2,16.1,11.4
52,20.5,0.0,7.2,19.3,16.2,11.5
53,20.7,0.0,7.7,19.5,16.4,11.6
54,21.2,0.0,8.7,20.0,16.9,12.0
55,21.3,0.0,9.0,20.1,17.0,12.1
56,21.5,0.0,9.6,20.3,17.3,12.3
57,21.3,0.0,13.6,20.2,6.4,6.0
58,20.2,0.0,9.7,19.1,5.2,5.1
59,18.3,0.0,0.8,17.2,2.9,3.5
60,17.0,0.0,0.0,15.4,0.6,2.2
61,15.4,0.0,0.0,6.1,4.0,4.1
62,15.1,0.0,0.0,6.3,0.0,1.2
63,15.1,0.0,0.0,6.4,0.0,1.4
64,9.4,0.0,0.0,6.9,1.1,2.2
65,10.3,0.0,0.0,7.7,1.9,2.8
66,11.2,0.0,0.0,8.5,13.8,9.8
67,11.7,0.0,0.0,8.8,14.0,9.9
68,3.1,0.0,0.0,0.0,13.7,9.6
69,3.4,0.0,0.0,0.0,13.6,9.6
70,4.3,0.0,0.0,0.0,14.3,10.1
71,4.3,0.0,0.0,0.0,13.9,9.7
72,12.8,0.0,6.2,17.1,14.0,9.8
73,18.3,0.0,1.0,17.1,13.9,9.7
74,18.4,0.0,2.3,17.2,14.0,9.8
75,18.1,0.0,1.6,16.9,13.7,9.5
76,18.4,0.0,2.3,17.2,14.0,9.8
77,18.3,0.0,2.1,17.1,13.9,9.7
78,18.4,0.0,2.3,17.2,14.0,9.8
79,18.1,0.0,1.6,16.9,13.7,9.6
80,18.0,0.0,1.4,16.8,13.6,9.5
81,18.0,0.0,3.3,16.9,2.9,3.3
82,18.0,0.0,3.0,16.9,2.9,3.3
83,17.8,0.0,2.3,16.7,2.7,3.2
84,17.7,0.0,1.9,16.7,2.6,3.1
85,17.7,0.0,1.6,9.0,8.0,6.2
86,17.6,0.0,1.7,8.9,2.5,3.0
87,17.6,0.0,2.0,8.9,2.5,3.0
88,17.7,0.0,2.2,8.9,2.6,3.1
89,17.9,0.0,3.0,9.2,2.8,3.3
90,17.9,0.0,3.1,9.2,13.7,9.6
91,17.9,0.0,3.7,9.1,13.7,9.5
92,17.9,0.0,3.5,0.0,13.6,9.5
93,17.5,0.0,2.3,0.0,13.3,9.2
94,17.2,0.0,1.1,0.0,12.9,8.9
95,16.7,0.0,0.0,0.0,12.4,8.6
96,16.6,0.0,0.0,15.5,12.3,8.5
97,15.4,0.0,0.0,14.4,11.5,8.0
98,15.0,0.0,0.0,14.0,11.1,7.7
99,14.9,0.0,0.0,13.9,11.0,7.6
100,15.1,0.0,0.0,14.1,11.2,7.8
101,15.1,0.0,0.0,14.1,11.2,7.8
102,15.3,0.0,0.0,14.3,11.4,8.0
103,15.5,0.0,0.0,14.5,11.6,8.1
104,15.2,0.0,0.0,14.2,11.3,7.8
105,15.0,0.0,0.0,14.1,0.1,1.3
106,14.8,0.0,0.0,13.9,0.0,1.1
107,14.2,0.0,0.0,13.3,0.0,0.6
108,13.8,0.0,0.0,13.0,0.0,0.2
109,13.8,0.0,0.0,5.0,4.5,3.7
110,13.9,0.0,0.0,5.0,0.0,0.5
111,14.0,0.0,0.0,5.1,0.0,0.6
112,7.5,0.0,0.0,5.0,0.0,0.6
113,7.9,0.0,0.0,5.4,0.0,1.0
114,7.8,0.0,0.0,5.3,10.8,7.5
115,7.9,0.0,0.0,5.4,10.9,7.6
116,0.0,0.0,0.0,0.0,10.9,7.6
117,0.0,0.0,0.0,0.0,10.9,7.6
118,0.0,0.0,0.0,0.0,10.8,7.5
119,0.0,0.0,0.0,0.0,11.1,7.7
120,8.5,0.0,0.0,14.0,11.3,7.8
121,16.2,0.0,0.0,14.9,11.6,7.9
122,16.2,0.0,0.0,15.0,11.7,7.9
123,16.5,0.0,0.0,15.2,12.0,8.2
124,16.3,0.0,0.0,15.0,11.7,8.0
125,16.9,0.0,0.0,15.7,12.5,8.6
126,16.7,0.0,0.0,15.5,12.3,8.5
127,16.9,0.0,0.0,15.7,12.5,8.6
128,17.1,0.0,0.0,15.8,12.6,8.7
129,17.3,0.0,0.0,16.1,13.0,9.0
130,17.1,0.0,0.0,16.0,12.9,8.9
131,16.8,0.0,0.0,15.7,12.4,8.6
132,16.6,0.0,0.0,15.6,12.2,8.4
133,16.5,0.0,0.0,7.7,12.0,8.3
134,15.4,0.0,0.0,6.7,10.6,7.4
135,15.7,0.0,0.0,6.9,11.2,7.8
136,11.3,0.0,0.0,8.2,13.0,9.1
137,11.9,0.0,0.0,8.8,13.6,9.5
138,12.5,0.0,0.0,9.2,13.9,9.7
139,13.3,0.0,5.6,9.9,14.5,10.1
140,5.6,0.0,7.5,0.0,14.7,10.3
141,5.7,0.0,8.1,0.0,14.9,10.4
142,5.7,0.0,7.9,0.0,14.8,10.4
143,5.9,0.0,8.8,0.0,15.1,10.6
144,14.0,0.0,11.4,18.2,15.1,10.6
145,19.6,0.0,5.1,18.4,15.3,10.8
146,19.6,0.0,5.2,18.4,15.3,10.8
147,19.9,0.0,6.0,18.8,15.7,11.1
148,19.9,0.0,5.9,18.8,15.6,11.1
149,20.0,0.0,6.3,18.9,15.8,11.2
150,20.0,0.0,6.2,18.9,15.7,11.2
151,20.0,0.0,6.2,18.9,15.8,11.2
152,20.1,0.0,6.3,18.9,15.8,11.2
153,19.8,0.0,9.0,18.8,15.7,11.2
154,19.6,0.0,8.2,18.6,15.5,11.0
155,18.7,0.0,3.8,17.7,14.4,10.2
156,18.4,0.0,1.1,17.4,13.9,9.9
157,19.4,0.0,6.8,10.8,15.2,10.8
158,19.0,0.0,4.5,10.4,14.7,10.5
159,19.1,0.0,4.9,10.5,14.8,10.6
160,14.1,0.0,12.0,10.9,15.4,10.9
161,14.3,0.0,13.0,11.1,15.6,11.1
162,14.5,0.0,13.7,11.2,15.8,11.2
163,14.5,0.0,13.7,11.2,15.8,11.2
164,6.4,0.0,10.7,0.0,15.8,11.2
165,6.4,0.0,10.7,0.0,15.8,11.2
166,6.4,0.0,10.9,0.0,15.9,11.3
167,6.8,0.0,12.2,0.1,16.3,11.6
168,15.3,0.0,17.2,19.7,16.7,11.9
169,21.2,0.0,9.1,20.1,17.1,12.2
170,22.1,0.0,11.2,21.0,18.1,13.0
171,22.2,0.0,11.4,21.1,18.1,13.1
172,22.5,0.0,12.2,21.4,18.5,13.3
173,22.7,0.0,12.7,21.6,18.7,13.5
174,22.3,0.0,11.8,21.3,18.3,13.2
175,22.3,0.0,11.7,21.2,18.3,13.2
176,21.8,0.0,10.7,20.8,17.8,12.8
177,21.5,0.0,14.3,20.5,6.7,6.4
178,21.2,0.0,13.4,20.3,6.5,6.2
179,20.2,0.0,9.2,19.3,5.3,5.4
180,19.6,0.0,6.8,18.8,4.6,4.9
181,19.1,0.0,5.3,10.7,9.6,7.6
182,18.8,0.0,4.5,10.3,3.8,4.2
183,18.8,0.0,5.4,10.3,3.9,4.3
184,19.0,0.0,6.3,10.4,4.1,4.4
185,18.9,0.0,6.4,10.4,4.1,4.4
186,18.9,0.0,6.3,10.3,14.9,10.6
187,18.7,0.0,6.8,10.1,14.7,10.5
188,18.6,0.0,6.3,0.0,14.6,10.3
189,18.6,0.0,6.3,0.0,14.6,10.3
190,18.6,0.0,6.3,0.0,14.6,10.3
191,18.7,0.0,6.6,0.0,14.7,10.4
192,18.9,0.0,7.3,17.9,14.9,10.6
193,19.1,0.0,4.2,18.0,14.9,10.6
194,19.1,0.0,4.2,18.0,14.9,10.6
195,19.1,0.0,4.2,18.0,14.9,10.6
196,19.2,0.0,4.5,18.2,15.0,10.7
197,19.5,0.0,5.2,18.5,15.4,10.9
198,19.4,0.0,4.9,18.3,15.2,10.8
199,19.5,0.0,5.2,18.5,15.4,10.9
200,19.5,0.0,5.1,18.4,15.3,10.9
201,19.3,0.0,7.5,18.3,4.4,4.6
202,19.2,0.0,7.0,18.2,4.3,4.5
203,18.9,0.0,5.5,18.0,3.9,4.2
204,18.7,0.0,4.7,17.8,3.7,4.1
205,18.3,0.0,1.8,9.8,8.5,6.8
206,18.5,0.0,3.0,10.0,3.4,3.9
207,18.7,0.0,4.2,10.2,3.7,4.1
208,18.9,0.0,5.6,10.4,3.9,4.2
209,19.1,0.0,6.9,10.5,4.2,4.4
210,19.3,0.0,7.6,10.7,15.3,10.9
211,19.4,0.0,9.1,10.7,15.4,10.9
212,19.3,0.0,8.9,0.0,15.3,10.9
213,19.4,0.0,9.3,0.0,15.4,11.0
214,19.5,0.0,9.4,0.0,15.5,11.0
215,19.5,0.0,9.4,0.0,15.5,11.0
216,19.8,0.0,10.6,18.8,15.8,11.3
217,20.8,0.0,8.3,19.8,16.8,12.1
218,21.2,0.0,9.4,20.3,17.2,12.5
219,21.7,0.0,10.4,20.7,17.7,12.8
220,21.9,0.0,11.1,21.0,18.0,13.0
221,22.4,0.0,12.1,21.4,18.5,13.4
222,22.6,0.0,12.6,21.6,18.7,13.6
223,22.8,0.0,13.0,21.8,18.9,13.7
224,23.2,0.0,14.1,22.3,19.4,14.1
225,23.0,0.0,19.2,22.1,8.4,7.8
226,22.7,0.0,17.9,21.8,8.1,7.5
227,22.1,0.0,14.2,21.3,7.3,7.0
228,21.9,0.0,13.6,21.2,7.1,6.9
229,22.0,0.0,13.3,13.7,12.6,10.0
230,21.2,0.0,0.0,12.5,4.6,6.0
231,21.6,0.0,8.4,13.3,6.7,6.7
232,16.5,0.0,22.5,13.6,7.3,6.9
233,17.1,0.0,25.3,14.1,8.0,7.4
234,17.4,0.0,26.5,14.3,19.1,13.9
235,17.3,0.0,26.1,14.2,19.0,13.8
236,9.4,0.0,21.8,3.0,19.3,14.0
237,9.6,0.0,22.5,3.2,19.5,14.2
238,9.6,0.0,22.3,3.1,19.4,14.2
239,9.6,0.0,22.5,3.2,19.5,14.2
240,17.8,0.0,28.4,22.4,19.6,14.3
241,23.5,0.0,15.1,22.7,19.9,14.6
242,23.7,0.0,15.5,22.9,20.0,14.7
243,23.9,0.0,16.0,23.1,20.3,14.9
244,24.1,0.0,16.5,23.3,20.5,15.1
245,24.3,0.0,17.0,23.5,20.7,15.2
246,24.5,0.0,17.4,23.7,20.9,15.4
247,24.7,0.0,17.8,23.9,21.1,15.5
248,24.9,0.0,18.2,24.1,21.3,15.7
249,24.8,0.0,25.1,24.1,10.5,9.5
250,24.2,0.0,22.5,23.5,9.9,9.0
251,23.7,0.0,14.9,22.6,8.6,8.3
252,23.1,0.0,6.8,21.7,7.2,7.6
253,22.6,0.0,0.7,13.7,11.7,10.4
254,22.7,0.0,0.0,14.0,6.0,7.4
255,22.8,0.0,0.0,14.7,6.1,7.8
256,23.4,0.0,15.8,15.2,9.1,8.4
257,24.3,0.0,23.6,16.0,10.1,9.1
258,24.6,0.0,24.5,16.2,21.2,15.6
259,24.8,0.0,28.6,16.5,21.4,15.8
260,25.1,0.0,29.5,5.2,21.7,16.0
261,25.3,0.0,30.2,5.4,21.9,16.2
262,25.3,0.0,30.2,5.4,21.9,16.2
263,25.2,0.0,30.1,5.4,21.9,16.1
264,25.3,0.0,30.4,24.6,22.0,16.2
265,25.5,0.0,19.7,24.7,22.0,16.2
266,25.6,0.0,20.0,24.8,22.1,16.3
267,26.1,0.0,21.1,25.3,22.6,16.7
268,26.0,0.0,20.9,25.2,22.5,16.7
269,25.7,0.0,20.4,25.0,22.3,16.5
270,25.9,0.0,20.7,25.2,22.4,16.6
271,25.6,0.0,20.1,24.9,22.1,16.4
272,25.4,0.0,19.5,24.6,21.9,16.2
273,24.9,0.0,25.6,24.3,10.7,9.7
274,24.0,0.0,17.9,22.9,9.2,8.7
275,23.0,0.0,9.3,21.6,7.5,7.7
276,22.4,0.0,4.5,21.1,6.6,7.2
277,21.8,0.0,0.0,12.9,10.9,9.8
278,21.6,0.0,0.0,13.0,5.0,6.7
279,21.8,0.0,0.0,13.6,5.7,7.1
280,16.8,0.0,18.7,14.2,8.0,7.6
281,17.7,0.0,27.9,14.8,8.7,8.1
282,18.0,0.0,29.2,15.0,19.9,14.6
283,18.3,0.0,30.5,15.3,20.2,14.9
284,10.4,0.0,25.4,4.1,20.5,15.1
285,10.5,0.0,25.6,4.1,20.5,15.1
286,10.4,0.0,25.3,4.0,20.4,15.0
287,10.4,0.0,25.4,4.1,20.5,15.1
288,18.6,0.0,25.8,23.3,20.6,15.1
289,23.5,0.0,15.1,22.8,19.9,14.6
290,23.6,0.0,15.3,22.8,20.0,14.7
291,23.6,0.0,15.4,22.9,20.0,14.7
292,23.4,0.0,14.7,22.6,19.7,14.5
293,23.3,0.0,14.6,22.5,19.7,14.4
294,23.3,0.0,14.5,22.5,19.6,14.4
295,23.4,0.0,14.7,22.6,19.7,14.5
296,23.3,0.0,14.6,22.5,19.7,14.5
297,23.1,0.0,19.8,22.4,19.6,14.4
298,22.6,0.0,17.1,21.9,19.0,14.0
299,22.2,0.0,13.4,21.4,18.3,13.5
300,21.8,0.0,10.6,21.1,17.7,13.1
301,21.4,0.0,5.2,12.9,16.8,12.7
302,21.7,0.0,9.7,13.4,17.5,13.1
303,21.5,0.0,3.4,13.4,16.7,13.0
304,16.6,0.0,22.9,13.8,18.4,13.4
305,17.5,0.0,27.1,14.6,19.4,14.2
306,17.9,0.0,28.9,14.9,19.8,14.5
307,18.2,0.0,29.9,15.2,20.1,14.7
308,10.3,0.0,24.8,3.9,20.3,14.9
309,10.7,0.0,26.3,4.3,20.7,15.2
310,11.6,0.0,29.4,5.2,21.6,15.9
311,12.0,0.0,31.0,5.6,22.1,16.3
312,20.4,0.0,39.8,25.1,22.5,16.6
313,26.2,0.0,21.5,25.5,22.8,16.9
314,26.4,0.0,21.9,25.7,23.0,17.0
315,26.5,0.0,22.1,25.8,23.1,17.1
316,26.5,0.0,22.2,25.8,23.1,17.1
317,26.5,0.0,22.3,25.8,23.2,17.2
318,26.5,0.0,22.3,25.8,23.2,17.2
319,26.5,0.0,22.2,25.8,23.1,17.2
320,26.5,0.0,22.4,25.9,23.2,17.2
321,26.4,0.0,30.2,25.8,23.2,17.2
322,26.2,0.0,29.1,25.6,22.9,17.0
323,25.2,0.0,23.3,24.6,21.6,16.1
324,24.6,0.0,18.5,23.9,20.6,15.5
325,23.5,0.0,7.9,14.9,18.7,14.5
326,23.2,0.0,8.2,14.9,18.5,14.4
327,23.6,0.0,7.2,15.6,18.7,14.9
328,18.7,0.0,32.3,16.0,20.8,15.3
329,19.3,0.0,35.1,16.5,21.4,15.9
330,19.5,0.0,36.1,16.7,21.7,16.1
331,19.7,0.0,36.7,16.8,21.8,16.2
332,11.5,0.0,29.6,5.3,21.8,16.1
333,11.4,0.0,28.9,5.1,21.6,16.0
334,11.3,0.0,28.7,5.1,21.5,15.9
335,11.4,0.0,28.9,5.1,21.6,16.0
336,19.3,0.0,34.8,24.0,21.4,15.8
337,24.7,0.0,18.0,24.0,21.2,15.7
338,24.6,0.0,17.8,23.9,21.1,15.6
339,24.7,0.0,18.0,24.0,21.2,15.7
340,24.9,0.0,18.4,24.1,21.4,15.8
341,24.9,0.0,18.4,24.1,21.4,15.8
342,25.0,0.0,18.7,24.3,21.5,15.9
343,25.0,0.0,18.6,24.3,21.5,15.9
344,24.8,0.0,18.2,24.1,21.3,15.7
345,24.5,0.0,24.4,23.9,10.3,9.4
346,24.0,0.0,22.2,23.4,9.8,9.0
347,23.1,0.0,15.5,22.3,8.3,8.0
348,22.4,0.0,9.2,21.5,7.2,7.4
349,21.8,0.0,4.8,13.3,11.7,10.0
350,21.7,0.0,8.9,13.5,6.7,7.0
351,22.2,0.0,15.4,14.0,7.7,7.5
352,22.4,0.0,17.0,14.1,8.0,7.6
353,22.4,0.0,17.5,14.1,8.1,7.6
354,22.4,0.0,17.8,14.1,18.9,13.9
355,22.4,0.0,20.2,14.1,18.9,13.9
356,22.5,0.0,20.7,2.7,19.1,14.0
357,22.6,0.0,21.0,2.8,19.2,14.1
358,22.8,0.0,21.7,3.0,19.4,14.2
359,22.9,0.0,22.1,3.1,19.5,14.3
360,23.0,0.0,22.4,22.4,19.6,14.4
361,23.2,0.0,14.3,22.4,19.6,14.3
362,23.1,0.0,14.1,22.3,19.5,14.3
363,23.1,0.0,14.0,22.3,19.4,14.2
364,23.1,0.0,14.0,22.3,19.4,14.2
365,22.8,0.0,13.4,22.0,19.2,14.0
366,22.7,0.0,13.1,21.9,19.0,13.9
367,22.7,0.0,13.2,21.9,19.1,14.0
368,22.7,0.0,13.2,21.9,19.1,14.0
369,22.6,0.0,18.4,21.9,8.3,7.8
370,22.7,0.0,18.5,22.0,8.3,7.8
371,22.6,0.0,17.7,21.9,8.2,7.7
372,22.3,0.0,15.8,21.6,7.7,7.4
373,22.3,0.0,16.4,14.0,13.3,10.6
374,22.2,0.0,15.9,13.9,7.7,7.3
375,22.3,0.0,16.6,14.1,7.9,7.5
376,22.3,0.0,16.9,14.0,7.9,7.5
377,22.4,0.0,17.5,14.1,8.0,7.5
378,22.4,0.0,17.6,14.0,18.9,13.8
379,22.3,0.0,19.9,14.0,18.8,13.8
380,22.3,0.0,19.9,2.5,18.8,13.8
381,22.3,0.0,19.9,2.5,18.8,13.8
382,22.4,0.0,20.1,2.5,18.8,13.8
383,22.3,0.0,19.9,2.5,18.8,13.7
384,22.3,0.0,19.9,21.6,18.8,13.7
385,22.6,0.0,12.8,21.7,18.8,13.8
386,22.5,0.0,12.6,21.7,18.8,13.7
387,22.6,0.0,12.8,21.7,18.8,13.8
388,22.7,0.0,13.1,21.9,19.0,13.9
389,22.8,0.0,13.2,21.9,19.0,13.9
390,23.0,0.0,13.9,22.2,19.3,14.2
391,23.2,0.0,14.2,22.4,19.5,14.3
392,23.2,0.0,14.3,22.4,19.5,14.3
393,23.1,0.0,19.7,22.3,8.7,8.0
394,23.2,0.0,19.9,22.5,8.8,8.2
395,22.9,0.0,18.4,22.2,8.4,7.9
396,22.5,0.0,16.7,21.9,8.0,7.6
397,22.0,0.0,14.2,13.7,12.8,10.2
398,21.9,0.0,14.4,13.7,7.3,7.1
399,22.0,0.0,15.2,13.7,7.5,7.2
400,16.6,0.0,23.1,13.7,7.5,7.2
401,16.8,0.0,23.9,13.8,7.7,7.3
402,16.8,0.0,24.0,13.8,18.6,13.6
403,16.8,0.0,24.0,13.8,18.6,13.6
404,8.9,0.0,20.0,2.5,18.8,13.7
405,9.4,0.0,21.8,3.0,19.4,14.2
406,8.8,0.0,19.6,2.4,18.7,13.6
407,8.7,0.0,19.3,2.3,18.6,13.6
408,16.8,0.0,24.0,21.4,18.6,13.6
409,22.1,0.0,11.6,21.2,18.3,13.3
410,21.9,0.0,11.2,21.0,18.1,13.2
411,21.9,0.0,11.1,21.0,18.1,13.1
412,21.7,0.0,10.7,20.9,17.9,13.0
413,21.6,0.0,10.5,20.8,17.8,12.9
414,21.6,0.0,10.5,20.8,17.8,12.9
415,21.7,0.0,10.6,20.8,17.9,13.0
416,21.6,0.0,10.5,20.8,17.8,12.9
417,21.4,0.0,14.6,20.7,6.9,6.7
418,21.4,0.0,14.3,20.6,6.9,6.6
419,21.5,0.0,14.2,20.8,6.9,6.7
420,21.4,0.0,13.2,20.7,6.7,6.5
421,20.9,0.0,9.7,12.6,11.5,9.2
422,20.5,0.0,2.3,12.2,5.0,5.7
423,20.6,0.0,6.1,12.4,5.4,5.9
424,21.7,0.0,14.6,13.3,7.1,6.8
425,22.1,0.0,16.4,13.7,7.6,7.1
426,22.1,0.0,16.5,13.6,18.4,13.4
427,21.9,0.0,18.3,13.5,18.3,13.3
428,21.8,0.0,18.0,1.9,18.2,13.2
429,21.9,0.0,18.1,1.9,18.2,13.2
430,21.9,0.0,18.1,1.9,18.2,13.2
431,21.9,0.0,18.3,2.0,18.3,13.3
432,22.0,0.0,18.5,21.2,18.3,13.3
433,22.2,0.0,11.7,21.3,18.3,13.3
434,22.3,0.0,11.9,21.4,18.4,13.4
435,22.3,0.0,12.0,21.4,18.5,13.4
436,22.4,0.0,12.1,21.5,18.5,13.5
437,22.3,0.0,12.0,21.4,18.5,13.5
438,22.4,0.0,12.2,21.5,18.5,13.5
439,22.4,0.0,12.2,21.5,18.5,13.5
440,22.3,0.0,12.1,21.4,18.5,13.5
441,22.0,0.0,16.3,21.2,7.5,7.1
442,21.8,0.0,15.5,21.0,7.3,6.9
443,21.5,0.0,14.0,20.7,6.9,6.6
444,21.3,0.0,13.0,20.6,6.6,6.5
445,21.2,0.0,12.6,12.8,11.9,9.5
446,21.1,0.0,12.4,12.7,6.4,6.3
447,21.1,0.0,12.6,12.7,6.5,6.3
448,15.9,0.0,20.1,12.9,6.7,6.5
449,16.2,0.0,21.2,13.1,7.0,6.7
450,16.3,0.0,22.0,13.3,18.0,13.1
451,16.5,0.0,22.6,13.4,18.2,13.2
452,8.4,0.0,18.3,2.0,18.2,13.3
453,8.4,0.0,18.1,1.9,18.2,13.2
454,8.4,0.0,18.3,2.0,18.2,13.3
455,8.4,0.0,18.1,1.9,18.2,13.2
456,16.4,0.0,17.7,21.0,18.1,13.1
457,21.9,0.0,11.1,21.0,18.0,13.1
458,21.9,0.0,11.0,21.0,18.0,13.0
459,21.9,0.0,10.9,20.9,17.9,13.0
460,21.8,0.0,10.7,20.8,17.8,12.9
461,21.8,0.0,10.7,20.8,17.8,12.9
462,21.7,0.0,10.6,20.8,17.8,12.9
463,21.7,0.0,10.6,20.8,17.8,12.9
464,21.7,0.0,10.5,20.7,17.8,12.9
465,21.5,0.0,14.6,20.6,17.7,12.8
466,21.3,0.0,13.7,20.4,17.5,12.7
467,21.0,0.0,12.3,20.2,17.1,12.4
468,20.7,0.0,11.4,19.9,16.9,12.2
469,20.4,0.0,9.8,12.0,16.5,11.9
470,20.2,0.0,9.4,11.8,16.3,11.8
471,20.1,0.0,9.4,11.7,16.2,11.7
472,14.8,0.0,15.3,11.8,16.4,11.8
473,14.9,0.0,15.9,11.8,16.5,11.9
474,15.0,0.0,16.2,11.9,16.6,12.0
475,15.1,0.0,16.6,12.0,16.7,12.0
476,7.1,0.0,13.4,0.5,16.7,12.1
477,7.0,0.0,13.2,0.5,16.7,12.0
478,7.0,0.0,13.2,0.5,16.7,12.0
479,7.0,0.0,13.0,0.4,16.6,12.0
480,15.0,0.0,16.4,19.6,16.6,12.0
481,20.7,0.0,7.9,19.6,16.6,11.9
482,20.6,0.0,7.8,19.6,16.5,11.9
483,20.5,0.0,7.6,19.5,16.4,11.8
484,20.5,0.0,7.5,19.4,16.4,11.7
485,20.4,0.0,7.3,19.3,16.3,11.7
486,20.3,0.0,7.1,19.3,16.2,11.6
487,20.3,0.0,7.0,19.3,16.2,11.6
488,20.3,0.0,7.0,19.3,16.2,11.6
489,20.0,0.0,9.9,19.1,16.1,11.5
490,19.9,0.0,9.4,19.0,16.0,11.4
491,19.7,0.0,8.2,18.8,15.7,11.2
492,19.5,0.0,7.7,18.6,15.5,11.1
493,19.2,0.0,6.3,10.7,15.2,10.8
494,19.0,0.0,5.8,10.5,15.0,10.7
495,19.0,0.0,5.5,10.4,14.9,10.6
496,13.6,0.0,9.7,10.4,14.9,10.6
497,13.6,0.0,10.0,10.4,15.0,10.7
498,13.6,0.0,10.1,10.4,15.0,10.7
499,13.6,0.0,10.1,10.4,15.0,10.7
500,5.5,0.0,7.7,0.0,15.0,10.6
501,5.4,0.0,7.5,0.0,14.9,10.6
502,5.4,0.0,7.5,0.0,14.9,10.6
503,5.4,0.0,7.5,0.0,14.9,10.6
504,13.5,0.0,9.5,17.9,14.8,10.5
505,19.0,0.0,3.9,17.9,14.7,10.4
506,19.0,0.0,3.9,17.9,14.7,10.4
507,18.9,0.0,3.8,17.8,14.7,10.4
508,18.9,0.0,3.8,17.8,14.7,10.4
509,18.9,0.0,3.8,17.8,14.7,10.4
510,18.9,0.0,3.8,17.8,14.7,10.4
511,18.9,0.0,3.6,17.8,14.6,10.3
512,18.8,0.0,3.5,17.7,14.6,10.3
513,18.6,0.0,5.2,17.5,3.6,3.9
514,18.5,0.0,4.7,17.5,3.5,3.9
515,18.3,0.0,4.1,17.3,3.3,3.7
516,18.0,0.0,2.6,17.1,2.9,3.5
517,18.0,0.0,2.7,9.4,8.4,6.6
518,17.8,0.0,1.9,9.2,2.7,3.3
519,17.9,0.0,2.5,9.3,2.9,3.4
520,17.8,0.0,2.5,9.2,2.8,3.3
521,18.1,0.0,3.5,9.4,3.1,3.5
522,18.2,0.0,4.0,9.5,14.1,9.9
523,18.4,0.0,5.4,9.7,14.2,10.0
524,18.3,0.0,5.2,0.0,14.2,10.0
525,18.4,0.0,5.4,0.0,14.2,10.0
526,18.4,0.0,5.6,0.0,14.3,10.0
527,18.5,0.0,5.7,0.0,14.3,10.1
528,18.4,0.0,5.4,17.3,14.2,10.0
529,18.2,0.0,0.0,17.1,14.0,9.8
530,17.9,0.0,0.0,16.8,13.6,9.5
531,17.9,0.0,0.0,16.7,13.6,9.5
532,17.7,0.0,0.0,16.6,13.4,9.3
533,17.7,0.0,0.0,16.5,13.3,9.3
534,17.6,0.0,0.0,16.5,13.2,9.2
535,17.7,0.0,0.0,16.5,13.3,9.2
536,17.3,0.0,0.0,16.2,12.9,9.0
537,17.3,0.0,0.4,16.2,2.2,2.8
538,16.7,0.0,0.0,15.6,1.5,2.3
539,16.2,0.0,0.0,15.2,0.9,1.8
540,15.6,0.0,0.0,14.7,0.3,1.4
541,15.5,0.0,0.0,6.8,5.7,4.5
542,15.5,0.0,0.0,6.8,0.3,1.4
543,15.6,0.0,0.0,6.9,0.5,1.6
544,15.9,0.0,0.0,7.1,0.9,1.9
545,16.1,0.0,0.0,7.2,1.1,2.0
546,16.2,0.0,0.0,7.3,12.1,8.4
547,16.3,0.0,0.0,7.4,12.2,8.5
548,16.3,0.0,0.0,0.0,12.2,8.5
549,16.3,0.0,0.0,0.0,12.2,8.5
550,16.5,0.0,0.0,0.0,12.5,8.7
551,16.7,0.0,0.0,0.0,12.7,8.8
552,16.7,0.0,0.0,15.7,12.6,8.8
553,17.3,0.0,0.0,16.1,12.8,8.9
554,17.3,0.0,0.0,16.0,12.8,8.9
555,17.4,0.0,0.0,16.2,12.9,9.0
556,17.5,0.0,0.0,16.3,13.0,9.0
557,17.4,0.0,0.0,16.2,13.0,9.0
558,17.5,0.0,0.1,16.3,13.1,9.1
559,17.7,0.0,0.8,16.5,13.3,9.2
560,18.1,0.0,1.7,16.9,13.7,9.6
561,18.1,0.0,3.5,17.0,3.0,3.4
562,18.2,0.0,3.8,17.1,3.1,3.5
563,18.1,0.0,3.2,17.1,3.0,3.4
564,18.1,0.0,3.0,17.0,2.9,3.4
565,18.1,0.0,3.0,9.4,8.4,6.5
566,18.0,0.0,2.5,9.3,2.9,3.3
567,18.1,0.0,2.9,9.4,2.9,3.4
568,13.2,0.0,7.9,9.9,3.5,3.8
569,13.4,0.0,8.9,10.1,3.7,4.0
570,13.5,0.0,9.5,10.2,14.7,10.3
571,13.5,0.0,9.3,10.1,14.7,10.3
572,5.3,0.0,6.9,0.0,14.6,10.3
573,5.3,0.0,6.7,0.0,14.6,10.2
574,5.2,0.0,6.6,0.0,14.5,10.2
575,5.3,0.0,6.7,0.0,14.6,10.2
576,13.3,0.0,8.5,17.6,14.5,10.1
577,18.9,0.0,3.4,17.7,14.5,10.2
578,18.7,0.0,3.1,17.5,14.3,10.1
579,18.7,0.0,3.0,17.5,14.3,10.0
580,18.7,0.0,3.0,17.5,14.3,10.0
581,18.5,0.0,2.6,17.3,14.1,9.9
582,18.5,0.0,2.5,17.3,14.1,9.9
583,18.3,0.0,2.2,17.2,13.9,9.8
584,18.2,0.0,1.9,17.0,13.8,9.7
585,18.0,0.0,3.1,16.9,2.9,3.3
586,17.8,0.0,2.4,16.7,2.7,3.2
587,17.5,0.0,1.5,16.4,2.4,2.9
588,17.3,0.0,0.9,16.3,2.2,2.8
589,17.3,0.0,0.6,8.6,7.6,5.9
590,17.3,0.0,0.5,8.6,2.1,2.7
591,17.2,0.0,0.5,8.5,2.1,2.7
592,17.3,0.0,0.9,8.6,2.2,2.8
593,17.5,0.0,1.5,8.7,2.3,2.9
594,17.6,0.0,2.0,8.8,13.3,9.3
595,17.5,0.0,2.3,8.8,13.2,9.2
596,17.6,0.0,2.5,0.0,13.3,9.3
597,17.5,0.0,2.3,0.0,13.2,9.2
598,17.4,0.0,2.0,0.0,13.1,9.1
599,17.5,0.0,2.3,0.0,13.2,9.2
600,17.5,0.0,2.1,16.4,13.2,9.2
601,17.6,0.0,0.5,16.4,13.2,9.2
602,17.6,0.0,0.5,16.4,13.2,9.2
603,17.5,0.0,0.3,16.3,13.1,9.1
604,17.5,0.0,0.1,16.3,13.0,9.0
605,17.4,0.0,0.0,16.2,12.9,8.9
606,17.4,0.0,0.0,16.2,12.9,9.0
607,17.7,0.0,0.5,16.5,13.2,9.2
608,17.8,0.0,0.9,16.6,13.3,9.3
609,17.6,0.0,2.1,16.5,2.5,3.0
610,17.3,0.0,0.7,16.2,2.1,2.8
611,16.8,0.0,0.0,15.8,1.5,2.3
612,15.9,0.0,0.0,14.9,0.3,1.5
613,15.7,0.0,0.0,7.0,5.6,4.5
614,15.0,0.0,0.0,6.3,0.0,0.8
615,17.1,0.0,0.0,8.3,2.2,2.9
616,11.0,0.0,0.0,8.0,1.8,2.6
617,11.7,0.0,0.0,8.6,2.5,3.0
618,12.3,0.0,0.0,9.1,13.9,9.7
619,13.2,0.0,2.8,9.9,14.5,10.2
620,5.6,0.0,7.7,0.0,14.8,10.4
621,5.6,0.0,7.7,0.0,14.8,10.4
622,5.9,0.0,8.7,0.0,15.1,10.6
623,6.3,0.0,10.3,0.0,15.6,11.0
624,14.3,0.0,10.1,18.6,15.5,11.0
625,20.4,0.0,7.0,19.2,16.1,11.4
626,20.4,0.0,7.1,19.3,16.2,11.5
627,20.4,0.0,7.1,19.3,16.2,11.5
628,20.6,0.0,7.6,19.5,16.4,11.6
629,20.9,0.0,8.3,19.8,16.7,11.9
630,21.2,0.0,8.9,20.0,17.0,12.1
631,20.9,0.0,8.3,19.8,16.7,11.9
632,21.2,0.0,9.0,20.1,17.0,12.2
633,20.8,0.0,12.2,19.8,16.8,12.0
634,19.9,0.0,7.0,18.8,15.5,11.1
635,18.9,0.0,0.0,17.6,14.0,10.2
636,18.1,0.0,0.0,16.7,12.7,9.4
637,17.6,0.0,0.0,8.9,12.8,9.3
638,17.4,0.0,0.0,8.9,12.8,9.3
639,16.8,0.0,0.0,8.3,12.5,8.9
640,11.4,0.0,0.0,8.5,13.0,9.2
641,12.0,0.0,0.0,9.0,13.6,9.6
642,12.7,0.0,1.1,9.5,14.1,10.0
643,13.0,0.0,7.1,9.6,14.2,10.0
644,5.0,0.0,5.7,0.0,14.3,10.0
645,5.0,0.0,5.8,0.0,14.3,10.1
646,5.1,0.0,6.2,0.0,14.4,10.1
647,4.9,0.0,5.5,0.0,14.2,10.0
648,13.0,0.0,7.3,17.3,14.2,10.0
649,18.2,0.0,2.0,17.1,13.8,9.7
650,18.2,0.0,1.9,17.0,13.8,9.6
651,17.8,0.0,1.1,16.7,13.4,9.4
652,18.0,0.0,1.5,16.9,13.6,9.5
653,18.0,0.0,1.5,16.9,13.6,9.5
654,18.6,0.0,2.8,17.4,14.2,10.0
655,18.3,0.0,2.1,17.1,13.9,9.7
656,18.6,0.0,2.8,17.4,14.2,10.0
657,18.2,0.0,4.1,17.2,14.0,9.8
658,17.6,0.0,1.3,16.6,13.3,9.3
659,16.5,0.0,0.0,15.3,11.6,8.2
660,16.7,0.0,0.0,15.8,12.3,8.6
661,16.3,0.0,0.0,7.7,11.8,8.3
662,15.4,0.0,0.0,6.8,10.6,7.6
663,15.6,0.0,0.0,7.1,10.4,7.9
664,10.1,0.0,0.0,7.5,12.2,8.6
665,11.2,0.0,0.0,8.3,13.3,9.4
666,12.5,0.0,0.0,9.4,14.4,10.2
667,13.0,0.0,0.0,9.8,14.6,10.3
668,5.4,0.0,4.7,0.0,14.8,10.4
669,6.0,0.0,9.1,0.0,15.3,10.7
670,6.1,0.0,9.4,0.0,15.4,10.8
671,6.3,0.0,10.1,0.0,15.6,11.0
672,14.4,0.0,13.3,18.7,15.6,11.0
673,20.0,0.0,6.2,18.9,15.8,11.2
674,20.1,0.0,6.4,19.0,15.9,11.3
675,20.1,0.0,6.5,19.0,15.9,11.3
676,20.3,0.0,7.0,19.2,16.1,11.5
677,20.5,0.0,7.5,19.4,16.3,11.6
678,20.3,0.0,7.0,19.2,16.1,11.5
679,20.7,0.0,7.8,19.6,16.5,11.8
680,21.0,0.0,8.6,19.9,16.9,12.1
681,20.2,0.0,10.4,19.2,5.4,5.3
682,19.1,0.0,1.6,17.7,3.5,4.1
683,18.0,0.0,0.0,16.1,1.5,2.9
684,17.2,0.0,0.0,15.6,0.6,2.4
685,16.5,0.0,0.0,7.4,5.2,5.2
686,16.3,0.0,0.0,7.5,0.0,2.2
687,16.2,0.0,0.0,7.9,0.0,2.5
688,16.5,0.0,0.0,7.7,0.0,2.6
689,16.9,0.0,0.0,8.1,2.8,3.5
690,18.1,0.0,0.0,9.3,15.2,11.1
691,18.8,0.0,0.0,9.9,15.7,11.4
692,19.7,0.0,0.0,0.0,16.3,11.8
693,20.4,0.0,0.0,0.0,16.8,12.1
694,21.4,0.0,6.0,1.0,17.6,12.6
695,22.2,0.0,18.9,2.0,18.2,13.1
696,22.4,0.0,19.7,21.4,18.5,13.3
697,23.0,0.0,13.5,22.0,19.1,13.8
698,23.2,0.0,13.9,22.2,19.3,14.0
699,23.3,0.0,14.3,22.4,19.5,14.1
700,23.6,0.0,15.0,22.7,19.8,14.4
701,23.8,0.0,15.5,22.9,20.0,14.6
702,23.9,0.0,15.6,22.9,20.0,14.6
703,24.0,0.0,15.9,23.0,20.2,14.7
704,24.1,0.0,16.1,23.1,20.3,14.8
705,23.9,0.0,22.2,23.1,9.4,8.5
706,22.7,0.0,15.2,21.7,7.8,7.4
707,21.5,0.0,5.2,20.1,5.8,6.2
708,20.3,0.0,0.0,18.8,4.0,5.1
709,19.4,0.0,0.0,10.5,8.3,7.6
710,18.5,0.0,0.0,10.0,2.0,4.0
711,18.4,0.0,0.0,10.3,1.9,4.2
712,18.6,0.0,0.0,10.1,0.2,4.2
713,19.0,0.0,0.0,10.6,4.8,5.1
714,20.3,0.0,0.0,11.6,17.0,12.4
715,21.1,0.0,0.0,12.5,17.6,12.8
716,22.1,0.0,16.2,2.1,18.4,13.4
717,22.4,0.0,19.8,2.4,18.6,13.5
718,22.7,0.0,21.0,2.7,19.0,13.8
719,22.8,0.0,21.2,2.8,19.1,13.8
720,23.1,0.0,22.2,22.2,19.4,14.1
721,23.4,0.0,14.4,22.4,19.5,14.1
722,23.9,0.0,15.5,22.9,20.0,14.5
723,23.8,0.0,15.3,22.8,19.9,14.5
724,23.7,0.0,15.1,22.7,19.8,14.4
725,23.6,0.0,14.9,22.6,19.7,14.4
726,23.6,0.0,14.8,22.6,19.7,14.3
727,23.9,0.0,15.6,22.9,20.1,14.6
728,24.0,0.0,16.0,23.1,20.2,14.8
729,23.2,0.0,19.9,22.4,8.7,8.0
730,21.6,0.0,11.4,20.6,6.6,6.5
731,20.1,0.0,0.7,18.7,4.3,5.0
732,18.8,0.0,0.0,17.4,2.5,3.9
733,17.4,0.0,0.0,8.6,6.3,6.1
734,16.4,0.0,0.0,7.9,0.0,2.4
735,15.9,0.0,0.0,7.8,0.0,2.4
736,9.6,0.0,0.0,7.3,0.0,2.2
737,9.8,0.0,0.0,7.9,2.3,3.3
738,11.7,0.0,0.0,9.5,15.2,11.1
739,12.7,0.0,0.0,10.2,15.6,11.4
740,4.9,0.0,0.0,0.0,16.1,11.6
741,5.2,0.0,0.0,0.0,15.5,11.1
742,6.7,0.0,10.0,0.2,16.5,11.8
743,7.6,0.0,15.0,1.0,17.2,12.3
744,15.4,0.0,17.9,19.9,16.9,12.2
745,20.5,0.0,7.5,19.4,16.4,11.7
746,20.3,0.0,7.0,19.2,16.1,11.5
747,20.1,0.0,6.4,19.0,15.9,11.3
748,19.9,0.0,6.1,18.8,15.7,11.2
749,19.8,0.0,5.7,18.7,15.6,11.1
750,19.7,0.0,5.5,18.6,15.5,11.0
751,19.5,0.0,5.2,18.5,15.3,10.9
752,19.4,0.0,4.9,18.3,15.2,10.8
753,19.0,0.0,6.6,18.0,4.1,4.3
754,18.9,0.0,6.2,17.9,4.0,4.2
755,18.5,0.0,4.8,17.6,3.6,3.9
756,18.3,0.0,4.0,17.3,3.3,3.7
757,18.2,0.0,3.7,9.6,8.6,6.8
758,18.1,0.0,3.3,9.5,3.1,3.6
759,18.0,0.0,3.0,9.4,3.0,3.5
760,17.8,0.0,2.6,9.2,2.8,3.4
761,17.8,0.0,2.5,9.1,2.8,3.3
762,17.7,0.0,2.4,9.0,13.6,9.5
763,17.3,0.0,1.9,8.7,13.2,9.2
764,17.1,0.0,1.2,0.0,13.0,9.1
765,17.1,0.0,1.2,0.0,13.0,9.1
766,17.1,0.0,1.2,0.0,13.0,9.1
767,17.2,0.0,1.3,0.0,13.0,9.1
768,17.2,0.0,1.5,16.2,13.1,9.1
769,17.5,0.0,0.2,16.3,13.1,9.1
770,17.6,0.0,0.5,16.4,13.2,9.2
771,17.8,0.0,0.9,16.6,13.4,9.3
772,17.8,0.0,1.0,16.7,13.4,9.4
773,18.3,0.0,2.1,17.1,13.9,9.8
774,18.2,0.0,2.0,17.1,13.9,9.7
775,18.0,0.0,1.6,16.9,13.7,9.6
776,18.0,0.0,1.5,16.8,13.6,9.5
777,18.0,0.0,3.2,16.9,2.9,3.4
778,18.0,0.0,3.2,16.9,2.9,3.4
779,17.9,0.0,2.7,16.9,2.8,3.3
780,18.5,0.0,4.5,17.5,3.4,3.8
781,18.3,0.0,3.9,9.7,8.7,6.8
782,18.3,0.0,3.9,9.7,3.2,3.6
783,18.4,0.0,4.0,9.7,3.3,3.7
784,13.0,0.0,7.2,9.7,3.3,3.7
785,13.1,0.0,7.8,9.8,3.5,3.8
786,13.2,0.0,8.2,9.9,14.4,10.1
787,13.2,0.0,8.4,9.9,14.5,10.2
788,5.1,0.0,6.3,0.0,14.5,10.2
789,5.2,0.0,6.7,0.0,14.6,10.2
790,5.3,0.0,6.8,0.0,14.6,10.3
791,5.3,0.0,7.0,0.0,14.7,10.3
792,13.5,0.0,7.2,17.8,14.7,10.4
793,19.1,0.0,4.0,17.9,14.8,10.4
794,19.1,0.0,4.1,18.0,14.8,10.5
795,19.1,0.0,4.1,18.0,14.8,10.5
796,19.2,0.0,4.3,18.0,14.9,10.5
797,19.3,0.0,4.6,18.2,15.0,10.6
798,19.4,0.0,4.8,18.3,15.2,10.7
799,19.5,0.0,5.1,18.4,15.3,10.8
800,19.5,0.0,5.1,18.4,15.3,10.8
801,19.3,0.0,7.5,18.3,15.2,10.8
802,19.3,0.0,7.2,18.3,15.2,10.8
803,19.2,0.0,6.8,18.3,15.1,10.7
804,19.2,0.0,6.6,18.2,15.1,10.7
805,19.1,0.0,6.2,10.5,15.0,10.6
806,19.0,0.0,5.9,10.4,14.9,10.5
807,19.1,0.0,6.1,10.4,14.9,10.6
808,13.7,0.0,10.0,10.5,15.0,10.6
809,13.8,0.0,10.8,10.6,15.1,10.7
810,13.9,0.0,11.1,10.6,15.2,10.8
811,13.8,0.0,10.8,10.5,15.1,10.7
812,5.6,0.0,8.0,0.0,15.0,10.6
813,5.6,0.0,8.1,0.0,15.0,10.6
814,5.6,0.0,8.0,0.0,15.0,10.6
815,5.5,0.0,7.8,0.0,14.9,10.6
816,13.6,0.0,10.1,18.0,14.9,10.6
817,19.2,0.0,4.4,18.1,15.0,10.6
818,19.4,0.0,4.7,18.3,15.1,10.7
819,19.5,0.0,5.0,18.4,15.2,10.8
820,19.5,0.0,5.1,18.4,15.3,10.8
821,20.0,0.0,6.1,18.8,15.7,11.2
822,20.1,0.0,6.4,18.9,15.8,11.3
823,20.2,0.0,6.7,19.1,16.0,11.4
824,20.4,0.0,7.3,19.3,16.3,11.6
825,20.3,0.0,10.4,19.3,16.2,11.6
826,19.7,0.0,7.0,18.8,15.5,11.1
827,19.0,0.0,1.3,17.9,14.3,10.3
828,18.3,0.0,0.0,17.2,13.3,9.7
829,17.7,0.0,0.0,9.0,12.4,9.3
830,17.4,0.0,0.0,8.9,12.2,9.2
831,17.1,0.0,0.0,8.9,12.1,9.3
832,11.5,0.0,0.0,8.8,10.6,9.5
833,11.7,0.0,0.0,9.2,14.4,10.3
834,12.8,0.0,0.0,10.0,15.1,10.8
835,13.8,0.0,0.0,10.8,15.7,11.2
836,6.4,0.0,9.0,0.0,16.0,11.4
837,6.6,0.0,11.5,0.0,16.0,11.4
838,6.9,0.0,12.4,0.2,16.3,11.6
839,7.0,0.0,12.9,0.3,16.5,11.7
840,15.2,0.0,16.6,19.5,16.5,11.8
841,21.0,0.0,8.7,20.0,16.9,12.1
842,21.2,0.0,9.2,20.2,17.1,12.3
843,21.3,0.0,9.4,20.3,17.2,12.4
844,21.6,0.0,10.0,20.5,17.5,12.6
845,21.8,0.0,10.5,20.7,17.7,12.7
846,21.8,0.0,10.5,20.7,17.7,12.7
847,22.0,0.0,10.9,20.9,17.9,12.9
848,22.1,0.0,11.3,21.1,18.1,13.0
849,21.8,0.0,15.2,20.9,7.1,6.7
850,20.8,0.0,5.7,19.3,5.2,5.5
851,19.5,0.0,0.0,17.7,3.1,4.2
852,18.4,0.0,0.0,16.9,1.9,3.4
853,17.6,0.0,0.0,8.7,6.4,6.1
854,16.9,0.0,0.0,8.3,0.2,2.7
855,16.7,0.0,0.0,8.6,0.5,3.0
856,17.0,0.0,0.0,8.5,1.0,3.2
857,17.8,0.0,0.0,9.1,3.4,4.0
858,18.6,0.0,0.0,9.9,15.3,11.1
859,19.3,0.0,0.0,10.6,15.9,11.5
860,20.0,0.0,0.0,0.0,16.4,11.8
861,20.6,0.0,7.3,0.4,16.8,12.1
862,21.0,0.0,14.7,0.9,17.0,12.2
863,21.0,0.0,14.8,0.9,17.1,12.2
864,20.9,0.0,14.4,19.9,17.0,12.2
865,20.6,0.0,7.8,19.6,16.5,11.9
866,20.8,0.0,8.2,19.7,16.7,12.0
867,20.9,0.0,8.5,19.9,16.9,12.1
868,21.2,0.0,9.1,20.1,17.1,12.3
869,21.4,0.0,9.8,20.4,17.4,12.6
870,21.7,0.0,10.5,20.7,17.7,12.8
871,21.9,0.0,10.8,20.9,17.9,12.9
872,22.1,0.0,11.3,21.1,18.1,13.1
873,21.9,0.0,15.6,21.0,7.2,6.8
874,21.3,0.0,12.6,20.5,6.5,6.3
875,21.0,0.0,11.2,20.2,6.1,6.0
876,20.1,0.0,6.8,19.4,5.0,5.2
877,19.6,0.0,4.2,11.3,9.9,8.0
878,19.2,0.0,0.0,10.8,3.5,4.4
879,19.3,0.0,1.3,11.0,4.0,4.6
880,19.3,0.0,1.4,11.0,3.8,4.6
881,19.7,0.0,8.4,11.2,4.9,5.0
882,20.1,0.0,10.1,11.5,16.2,11.6
883,20.2,0.0,12.2,11.7,16.3,11.7
884,20.4,0.0,12.7,0.3,16.5,11.8
885,20.4,0.0,12.9,0.4,16.5,11.9
886,20.5,0.0,13.0,0.4,16.6,11.9
887,20.7,0.0,13.7,0.6,16.8,12.1
888,20.7,0.0,13.7,19.8,16.8,12.1
889,21.0,0.0,8.7,20.0,16.9,12.2
890,21.2,0.0,9.2,20.2,17.1,12.3
891,21.4,0.0,9.8,20.4,17.4,12.5
892,21.5,0.0,9.9,20.5,17.5,12.6
893,21.6,0.0,10.2,20.6,17.6,12.7
894,21.8,0.0,10.6,20.8,17.8,12.8
895,21.7,0.0,10.5,20.7,17.7,12.8
896,21.9,0.0,10.8,20.9,17.9,12.9
897,21.6,0.0,14.7,20.7,6.9,6.6
898,20.6,0.0,10.8,19.8,5.8,5.7
899,19.5,0.0,5.1,18.7,4.4,4.7
900,18.7,0.0,0.0,17.8,3.2,4.0
901,18.0,0.0,0.0,9.5,7.7,6.5
902,17.6,0.0,0.0,9.2,1.3,3.1
903,17.3,0.0,0.0,9.3,0.8,3.2
904,11.8,0.0,0.0,9.3,0.0,3.4
905,12.1,0.0,0.0,9.7,3.8,4.3
906,13.5,0.0,0.0,10.8,16.0,11.5
907,14.5,0.0,3.8,11.5,16.4,11.8
908,7.3,0.0,14.1,0.7,16.9,12.1
909,7.6,0.0,15.0,1.0,17.1,12.3
910,7.5,0.0,14.7,0.9,17.0,12.2
911,7.3,0.0,14.1,0.7,16.9,12.1
912,15.4,0.0,17.7,19.8,16.8,12.1
913,21.1,0.0,8.9,20.1,17.0,12.3
914,21.1,0.0,9.0,20.1,17.1,12.3
915,21.2,0.0,9.1,20.2,17.1,12.3
916,21.3,0.0,9.5,20.3,17.3,12.5
917,21.7,0.0,10.4,20.7,17.7,12.8
918,22.2,0.0,11.7,21.2,18.3,13.2
919,22.5,0.0,12.2,21.5,18.5,13.4
920,22.1,0.0,11.5,21.2,18.2,13.2
921,21.8,0.0,15.4,21.0,7.2,6.8
922,20.7,0.0,9.4,19.8,5.7,5.7
923,20.3,0.0,8.5,19.6,5.4,5.5
924,19.6,0.0,2.9,18.8,4.2,4.7
925,19.2,0.0,0.0,10.7,8.9,7.5
926,19.0,0.0,0.0,10.6,3.0,4.2
927,18.8,0.0,0.0,10.9,2.6,4.4
928,19.1,0.0,0.0,10.7,1.5,4.4
929,19.5,0.0,0.0,11.1,5.0,5.2
930,20.4,0.0,0.0,11.9,16.8,12.2
931,20.7,0.0,10.9,12.2,16.9,12.2
932,21.1,0.0,15.1,1.0,17.2,12.4
933,21.3,0.0,15.8,1.2,17.4,12.6
934,21.3,0.0,16.0,1.3,17.5,12.6
935,21.5,0.0,16.5,1.4,17.6,12.7
936,21.9,0.0,18.2,21.0,18.1,13.1
937,22.7,0.0,12.9,21.8,18.9,13.7
938,23.1,0.0,13.9,22.2,19.3,14.1
939,23.3,0.0,14.4,22.4,19.5,14.3
940,23.6,0.0,15.1,22.7,19.8,14.5
941,23.7,0.0,15.3,22.8,20.0,14.6
942,23.9,0.0,15.7,23.0,20.1,14.7
943,23.8,0.0,15.6,22.9,20.1,14.7
944,24.1,0.0,16.2,23.2,20.3,14.9
945,23.9,0.0,22.2,23.2,9.5,8.6
946,23.4,0.0,19.1,22.7,8.8,8.2
947,22.6,0.0,13.4,21.8,7.6,7.4
948,21.8,0.0,7.0,20.9,6.3,6.6
949,21.2,0.0,3.3,12.8,11.0,9.3
950,21.1,0.0,2.7,12.9,5.4,6.1
951,21.0,0.0,3.2,13.0,5.4,6.2
952,16.0,0.0,9.7,13.2,5.3,6.4
953,16.7,0.0,23.2,13.8,7.5,7.1
954,17.3,0.0,26.2,14.3,19.1,13.9
955,17.6,0.0,27.7,14.6,19.4,14.2
956,10.0,0.0,23.9,3.6,19.9,14.6
957,10.6,0.0,25.8,4.1,20.5,15.0
958,10.5,0.0,25.5,4.0,20.4,14.9
959,10.4,0.0,25.3,4.0,20.4,14.9
960,17.5,0.0,21.6,22.1,19.3,14.1
961,22.6,0.0,12.6,21.6,18.7,13.6
962,22.1,0.0,11.4,21.1,18.2,13.2
963,21.9,0.0,11.1,21.0,18.0,13.0
964,21.5,0.0,9.9,20.5,17.5,12.7
965,20.9,0.0,8.7,20.0,17.0,12.2
966,20.8,0.0,8.5,19.9,16.9,12.2
967,20.9,0.0,8.7,20.0,17.0,12.2
968,21.0,0.0,8.8,20.0,17.0,12.3
969,20.8,0.0,12.1,19.9,16.9,12.2
970,20.0,0.0,7.7,19.1,15.9,11.5
971,19.5,0.0,5.9,18.8,15.4,11.1
972,19.6,0.0,7.4,18.9,15.6,11.3
973,18.7,0.0,2.4,10.4,14.4,10.4
974,18.7,0.0,3.5,10.4,14.6,10.5
975,18.9,0.0,5.1,10.5,14.9,10.7
976,13.6,0.0,9.0,10.6,14.9,10.7
977,13.9,0.0,11.1,10.8,15.3,11.0
978,14.2,0.0,12.6,11.0,15.7,11.2
979,14.3,0.0,13.2,11.2,15.8,11.3
980,6.3,0.0,10.5,0.0,15.8,11.3
981,6.3,0.0,10.5,0.0,15.8,11.3
982,6.3,0.0,10.5,0.0,15.8,11.3
983,6.3,0.0,10.5,0.0,15.8,11.3
984,14.4,0.0,13.6,18.9,15.9,11.4
985,19.9,0.0,6.1,18.9,15.8,11.2
986,19.9,0.0,6.1,18.9,15.8,11.2
987,19.9,0.0,6.0,18.8,15.7,11.2
988,19.9,0.0,6.0,18.8,15.7,11.2
989,20.0,0.0,6.3,18.9,15.8,11.3
990,20.0,0.0,6.3,18.9,15.8,11.3
991,20.0,0.0,6.4,19.0,15.9,11.3
992,20.0,0.0,6.4,19.0,15.9,11.3
993,19.9,0.0,9.3,18.9,15.9,11.3
994,19.6,0.0,7.9,18.7,15.5,11.1
995,19.3,0.0,6.5,18.4,15.2,10.8
996,18.8,0.0,4.2,18.0,14.6,10.4
997,18.2,0.0,1.4,9.8,13.9,9.9
998,17.7,0.0,0.0,9.4,13.3,9.5
999,17.3,0.0,0.0,9.2,12.1,9.2
1000,11.7,0.0,0.0,8.9,10.9,9.2
1001,12.0,0.0,0.0,9.3,14.0,10.0
1002,13.2,0.0,0.0,10.2,15.1,10.8
1003,14.3,0.0,10.3,11.1,15.8,11.2
1004,6.6,0.0,11.6,0.0,16.1,11.5
1005,6.2,0.0,10.1,0.0,15.6,11.1
1006,6.2,0.0,10.1,0.0,15.6,11.1
1007,6.1,0.0,9.9,0.0,15.6,11.1
1008,14.2,0.0,12.7,18.6,15.6,11.1
1009,19.9,0.0,5.9,18.7,15.6,11.1
1010,20.0,0.0,6.1,18.8,15.7,11.2
1011,19.9,0.0,6.0,18.8,15.7,11.2
1012,19.9,0.0,6.0,18.8,15.7,11.2
1013,20.4,0.0,7.1,19.2,16.2,11.5
1014,20.7,0.0,7.9,19.6,16.5,11.8
1015,21.2,0.0,9.1,20.1,17.1,12.2
1016,21.6,0.0,9.9,20.5,17.5,12.5
1017,20.9,0.0,11.6,19.8,5.9,5.8
1018,19.7,0.0,4.1,18.5,4.3,4.6
1019,18.6,0.0,0.0,17.2,2.6,3.6
1020,17.1,0.0,0.0,15.7,0.6,2.4
1021,16.2,0.0,0.0,7.4,5.1,5.0
1022,15.3,0.0,0.0,6.8,0.0,1.4
1023,15.0,0.0,0.0,7.0,0.0,1.6
1024,15.0,0.0,0.0,6.4,0.0,1.5
1025,15.4,0.0,0.0,6.8,1.3,2.4
1026,16.7,0.0,0.0,7.9,13.9,10.1
1027,17.7,0.0,0.0,8.9,14.7,10.7
1028,18.3,0.0,0.0,0.0,15.1,10.9
1029,19.0,0.0,0.0,0.0,15.6,11.2
1030,19.6,0.0,0.0,0.0,16.0,11.5
1031,20.1,0.0,0.0,0.0,16.3,11.7
1032,20.8,0.0,12.2,19.8,16.8,12.0
1033,21.3,0.0,9.2,20.2,17.1,12.3
1034,21.7,0.0,10.3,20.6,17.6,12.6
1035,21.9,0.0,10.7,20.8,17.8,12.8
1036,22.2,0.0,11.4,21.1,18.1,13.0
1037,22.3,0.0,11.6,21.2,18.2,13.1
1038,22.7,0.0,12.6,21.6,18.7,13.5
1039,22.8,0.0,12.8,21.7,18.8,13.6
1040,22.6,0.0,12.4,21.5,18.6,13.4
1041,22.0,0.0,15.4,21.1,7.2,6.8
1042,20.4,0.0,5.3,19.1,5.0,5.2
1043,18.6,0.0,0.0,17.1,2.4,3.6
1044,17.2,0.0,0.0,15.7,0.6,2.4
1045,16.3,0.0,0.0,7.5,5.3,5.2
1046,15.3,0.0,0.0,6.9,0.0,1.6
1047,15.0,0.0,0.0,7.0,0.0,1.7
1048,15.1,0.0,0.0,6.6,0.0,1.7
1049,15.7,0.0,0.0,7.1,1.7,2.7
1050,17.0,0.0,0.0,8.2,14.2,10.4
1051,18.0,0.0,0.0,9.2,15.1,11.0
1052,18.8,0.0,0.0,0.0,15.6,11.4
1053,19.5,0.0,0.0,0.0,16.1,11.6
1054,20.1,0.0,0.0,0.0,16.4,11.8
1055,20.5,0.0,4.2,0.2,16.7,12.0
1056,20.9,0.0,14.3,19.9,16.9,12.1
1057,21.3,0.0,9.4,20.3,17.2,12.4
1058,21.7,0.0,10.2,20.6,17.6,12.7
1059,21.9,0.0,10.7,20.8,17.8,12.8
1060,21.7,0.0,10.3,20.6,17.6,12.7
1061,21.8,0.0,10.6,20.8,17.8,12.8
1062,22.2,0.0,11.4,21.1,18.1,13.1
1063,22.1,0.0,11.3,21.1,18.1,13.1
1064,21.1,0.0,9.0,20.1,17.0,12.3
1065,20.7,0.0,12.1,19.8,6.0,5.8
1066,20.5,0.0,10.4,19.6,5.6,5.6
1067,20.1,0.0,8.7,19.2,5.2,5.2
1068,19.6,0.0,6.6,18.8,4.6,4.8
1069,19.0,0.0,3.6,10.6,9.3,7.4
1070,18.1,0.0,0.0,9.9,2.8,3.6
1071,17.7,0.0,0.0,9.6,1.9,3.3
1072,12.3,0.0,0.0,9.4,1.4,3.3
1073,12.6,0.0,0.0,9.8,3.4,3.9
1074,13.8,0.0,8.2,10.7,15.3,10.9
1075,14.4,0.0,13.7,11.2,15.9,11.3
1076,6.6,0.0,11.7,0.0,16.2,11.5
1077,6.8,0.0,12.4,0.2,16.4,11.7
1078,6.9,0.0,12.7,0.3,16.5,11.8
1079,7.0,0.0,13.1,0.4,16.6,11.9
1080,15.2,0.0,16.8,19.6,16.6,11.9
1081,21.0,0.0,8.6,19.9,16.9,12.1
1082,21.0,0.0,8.8,20.0,16.9,12.2
1083,21.1,0.0,9.0,20.1,17.1,12.2
1084,21.2,0.0,9.1,20.1,17.1,12.3
1085,21.5,0.0,9.8,20.4,17.4,12.5
1086,21.7,0.0,10.3,20.6,17.6,12.7
1087,21.9,0.0,10.8,20.8,17.8,12.9
1088,22.0,0.0,11.1,21.0,18.0,13.0
1089,21.6,0.0,14.4,20.7,6.9,6.5
1090,20.7,0.0,9.6,19.8,5.7,5.7
1091,19.3,0.0,1.4,18.3,3.8,4.4
1092,18.3,0.0,0.0,17.2,2.3,3.4
1093,17.2,0.0,0.0,8.7,6.7,5.9
1094,16.3,0.0,0.0,8.0,0.1,2.2
1095,16.4,0.0,0.0,8.3,0.6,2.5
1096,16.7,0.0,0.0,8.3,0.3,2.8
1097,17.1,0.0,0.0,8.7,2.7,3.4
1098,18.0,0.0,0.0,9.4,14.6,10.5
1099,18.7,0.0,0.0,10.0,15.2,10.9
1100,19.3,0.0,0.0,0.0,15.6,11.2
1101,20.0,0.0,3.6,0.0,16.1,11.6
1102,20.5,0.0,12.9,0.3,16.5,11.8
1103,20.7,0.0,13.7,0.6,16.7,12.0
1104,20.8,0.0,13.9,19.8,16.8,12.0
1105,21.0,0.0,8.8,20.0,17.0,12.2
1106,21.3,0.0,9.4,20.2,17.2,12.4
1107,21.4,0.0,9.7,20.4,17.4,12.5
1108,21.3,0.0,9.4,20.3,17.2,12.4
1109,21.9,0.0,10.9,20.9,17.9,12.9
1110,22.1,0.0,11.2,21.0,18.1,13.0
1111,22.2,0.0,11.5,21.1,18.2,13.1
1112,22.3,0.0,11.8,21.3,18.3,13.3
1113,21.8,0.0,15.1,20.9,7.1,6.7
1114,20.9,0.0,11.3,20.1,6.0,5.9
1115,20.2,0.0,8.8,19.4,5.3,5.3
1116,19.7,0.0,7.0,19.0,4.8,4.9
1117,18.6,0.0,1.2,10.3,8.8,7.1
1118,18.4,0.0,0.0,10.2,3.0,3.8
1119,18.5,0.0,0.9,10.3,3.3,4.0
1120,12.9,0.0,0.0,10.0,2.1,3.7
1121,13.2,0.0,5.9,10.2,3.7,4.1
1122,14.1,0.0,12.2,11.0,15.5,11.1
1123,14.7,0.0,15.0,11.5,16.2,11.6
1124,6.9,0.0,12.6,0.3,16.4,11.8
1125,7.0,0.0,13.0,0.4,16.5,11.9
1126,7.0,0.0,13.0,0.4,16.5,11.9
1127,7.0,0.0,13.0,0.4,16.5,11.9
1128,15.0,0.0,12.8,19.5,16.5,11.8
1129,20.5,0.0,7.4,19.4,16.3,11.7
1130,20.5,0.0,7.3,19.4,16.3,11.6
1131,20.4,0.0,7.1,19.3,16.2,11.6
1132,20.4,0.0,7.1,19.3,16.2,11.6
1133,20.5,0.0,7.4,19.4,16.3,11.6
1134,20.4,0.0,7.1,19.3,16.2,11.6
1135,20.4,0.0,7.3,19.3,16.3,11.6
1136,20.6,0.0,7.6,19.5,16.4,11.7
1137,20.3,0.0,10.1,19.3,16.3,11.6
1138,19.5,0.0,5.0,18.5,15.2,10.9
1139,19.3,0.0,4.9,18.4,15.0,10.7
1140,17.4,0.0,0.0,16.2,12.1,8.9
1141,16.2,0.0,0.0,7.4,10.2,8.1
1142,15.5,0.0,0.0,7.1,10.1,8.0
1143,15.3,0.0,0.0,7.4,10.3,8.4
1144,9.2,0.0,0.0,7.2,9.0,8.5
1145,9.7,0.0,0.0,7.8,13.4,9.8
1146,11.1,0.0,0.0,8.9,14.5,10.5
1147,12.3,0.0,0.0,9.7,15.2,11.0
1148,4.3,0.0,0.0,0.0,15.6,11.3
1149,5.5,0.0,0.0,0.0,16.1,11.6
1150,6.7,0.0,7.0,0.2,16.5,11.8
1151,7.5,0.0,14.6,0.8,17.0,12.1
1152,15.7,0.0,19.1,20.1,17.1,12.2
1153,21.7,0.0,10.2,20.6,17.6,12.6
1154,21.7,0.0,10.3,20.6,17.6,12.7
1155,21.9,0.0,10.8,20.8,17.8,12.8
1156,22.2,0.0,11.4,21.1,18.1,13.0
1157,21.6,0.0,10.1,20.6,17.6,12.6
1158,21.5,0.0,9.9,20.5,17.5,12.6
1159,21.5,0.0,9.9,20.5,17.5,12.6
1160,21.4,0.0,9.6,20.4,17.3,12.5
1161,20.9,0.0,12.2,20.0,17.0,12.2
1162,19.7,0.0,7.1,18.8,15.6,11.1
1163,19.6,0.0,6.9,18.8,15.5,11.1
1164,19.2,0.0,5.7,18.4,15.1,10.8
1165,19.1,0.0,5.4,10.6,15.0,10.7
1166,19.1,0.0,5.4,10.6,15.0,10.7
1167,18.8,0.0,3.9,10.3,14.6,10.4
1168,13.4,0.0,8.0,10.4,14.6,10.5
1169,14.0,0.0,11.3,10.8,15.3,10.9
1170,14.2,0.0,12.5,11.0,15.6,11.1
1171,14.4,0.0,13.5,11.2,15.8,11.3
1172,6.3,0.0,10.7,0.0,15.9,11.3
1173,6.3,0.0,10.7,0.0,15.9,11.3
1174,6.2,0.0,10.4,0.0,15.8,11.2
1175,6.2,0.0,10.4,0.0,15.8,11.2
1176,14.5,0.0,14.1,19.0,16.0,11.4
1177,20.3,0.0,7.1,19.3,16.2,11.6
1178,20.6,0.0,7.7,19.5,16.5,11.8
1179,20.4,0.0,7.4,19.4,16.3,11.7
1180,20.4,0.0,7.3,19.4,16.3,11.7
1181,20.3,0.0,7.1,19.3,16.2,11.6
1182,20.1,0.0,6.7,19.1,16.0,11.5
1183,20.3,0.0,7.1,19.3,16.2,11.6
1184,20.3,0.0,7.2,19.3,16.2,11.6
1185,20.1,0.0,10.1,19.2,5.4,5.4
1186,20.1,0.0,9.6,19.2,5.3,5.3
1187,19.8,0.0,8.2,18.9,4.9,5.0
1188,19.2,0.0,5.3,18.5,4.2,4.5
1189,19.0,0.0,4.7,10.6,9.4,7.5
1190,19.3,0.0,6.0,10.9,4.4,4.6
1191,19.5,0.0,6.6,11.0,4.5,4.7
1192,19.5,0.0,6.4,11.0,4.5,4.7
1193,19.5,0.0,7.2,11.0,4.6,4.7
1194,20.0,0.0,9.6,11.5,16.1,11.5
1195,20.2,0.0,12.0,11.6,16.3,11.6
1196,20.8,0.0,14.2,0.7,16.9,12.1
1197,21.3,0.0,15.7,1.2,17.4,12.5
1198,21.5,0.0,16.6,1.4,17.6,12.7
1199,21.9,0.0,18.1,1.9,18.1,13.1
1200,22.1,0.0,18.6,21.2,18.3,13.2
1201,22.4,0.0,12.2,21.5,18.5,13.4
1202,22.7,0.0,12.9,21.8,18.8,13.7
1203,22.9,0.0,13.2,21.9,19.0,13.8
1204,22.8,0.0,13.0,21.8,18.9,13.7
1205,23.0,0.0,13.5,22.0,19.1,13.9
1206,23.3,0.0,14.2,22.3,19.4,14.1
1207,24.3,0.0,16.6,23.3,20.5,15.0
1208,24.0,0.0,15.9,23.1,20.2,14.7
1209,22.6,0.0,12.7,21.1,7.4,7.1
1210,20.4,0.0,0.0,18.5,4.3,5.0
1211,19.5,0.0,0.0,17.7,3.0,4.3
1212,18.1,0.0,0.0,16.7,1.4,3.3
1213,18.7,0.0,0.0,10.5,9.3,7.6
1214,18.1,0.0,0.0,9.9,2.6,3.8
1215,17.8,0.0,0.0,9.7,2.6,3.7
1216,18.4,0.0,0.0,10.2,1.9,4.1
1217,19.1,0.0,0.0,10.7,4.5,4.8
1218,20.2,0.0,0.0,11.7,16.6,12.0
1219,21.4,0.0,12.4,12.8,17.7,12.8
1220,21.8,0.0,17.9,1.8,18.1,13.1
1221,23.1,0.0,22.3,3.1,19.4,14.1
1222,23.5,0.0,23.5,3.4,19.7,14.4
1223,24.2,0.0,26.1,4.2,20.5,15.0
1224,24.5,0.0,27.2,23.6,20.8,15.2
1225,24.8,0.0,17.7,23.8,21.0,15.4
1226,25.2,0.0,18.6,24.2,21.4,15.7
1227,25.3,0.0,18.9,24.3,21.5,15.8
1228,25.4,0.0,19.1,24.4,21.7,15.9
1229,25.7,0.0,20.0,24.8,22.0,16.2
1230,26.0,0.0,20.7,25.1,22.4,16.4
1231,26.2,0.0,21.2,25.3,22.6,16.6
1232,26.1,0.0,21.0,25.2,22.5,16.5
1233,23.7,0.0,17.3,22.4,8.7,8.2
1234,21.1,0.0,4.0,19.5,5.4,5.8
1235,19.7,0.0,0.0,18.4,3.7,4.7
1236,18.6,0.0,0.0,17.6,2.5,3.9
1237,17.3,0.0,0.0,8.7,5.7,6.0
1238,17.5,0.0,0.0,9.4,1.5,3.6
1239,17.3,0.0,0.0,9.7,1.1,3.8
1240,11.4,0.0,0.0,9.5,0.0,3.8
1241,11.9,0.0,0.0,10.1,4.3,4.8
1242,13.7,0.0,0.0,11.3,16.7,12.3
1243,15.2,0.0,0.2,12.4,17.6,12.8
1244,8.4,0.0,18.0,1.9,18.1,13.1
1245,9.1,0.0,20.5,2.6,18.9,13.7
1246,10.0,0.0,23.8,3.5,19.8,14.5
1247,10.8,0.0,26.5,4.3,20.7,15.1
1248,19.1,0.0,34.0,23.7,20.9,15.3
1249,25.1,0.0,18.5,24.1,21.3,15.6
1250,25.6,0.0,19.7,24.7,21.9,16.1
1251,25.8,0.0,20.1,24.9,22.1,16.2
1252,25.9,0.0,20.4,25.0,22.2,16.3
1253,26.0,0.0,20.7,25.1,22.4,16.5
1254,26.0,0.0,20.7,25.1,22.4,16.5
1255,25.8,0.0,20.3,25.0,22.2,16.3
1256,25.8,0.0,20.2,24.9,22.2,16.3
1257,23.4,0.0,18.8,22.6,8.8,8.2
1258,21.7,0.0,10.6,20.8,6.7,6.6
1259,20.0,0.0,4.8,19.3,4.9,5.3
1260,20.1,0.0,7.2,19.5,5.2,5.5
1261,20.0,0.0,7.8,11.8,10.7,8.6
1262,19.6,0.0,6.2,11.4,4.7,5.1
1263,19.9,0.0,8.1,11.7,5.2,5.4
1264,19.8,0.0,8.4,11.5,5.1,5.3
1265,19.7,0.0,8.4,11.3,5.0,5.2
1266,19.9,0.0,9.4,11.5,16.1,11.7
1267,19.9,0.0,11.3,11.5,16.2,11.7
1268,20.5,0.0,13.2,0.5,16.7,12.1
1269,20.5,0.0,13.2,0.5,16.7,12.1
1270,20.4,0.0,12.8,0.4,16.6,12.0
1271,21.2,0.0,15.7,1.2,17.5,12.7
1272,21.2,0.0,15.7,20.4,17.5,12.7
1273,22.1,0.0,11.4,21.1,18.2,13.2
1274,21.7,0.0,10.4,20.7,17.7,12.8
1275,21.7,0.0,10.4,20.7,17.7,12.8
1276,21.5,0.0,10.0,20.5,17.5,12.7
1277,21.6,0.0,10.3,20.7,17.7,12.8
1278,21.7,0.0,10.5,20.8,17.8,12.9
1279,21.9,0.0,10.9,20.9,17.9,13.0
1280,22.7,0.0,12.8,21.7,18.8,13.7
1281,22.4,0.0,16.6,21.6,7.7,7.2
1282,21.0,0.0,7.6,19.9,5.8,5.9
1283,19.7,0.0,0.0,18.2,3.5,4.5
1284,18.4,0.0,0.0,17.1,1.8,3.5
1285,17.6,0.0,0.0,9.0,6.5,6.3
1286,17.2,0.0,0.0,9.1,0.9,3.2
1287,17.2,0.0,0.0,9.5,0.9,3.5
1288,10.9,0.0,0.0,9.0,0.0,3.3
1289,11.4,0.0,0.0,9.6,3.8,4.3
1290,13.4,0.0,0.0,11.1,16.5,12.0
1291,15.3,0.0,0.0,12.5,17.7,12.9
1292,8.4,0.0,15.6,1.9,18.3,13.2
1293,8.9,0.0,19.9,2.4,18.6,13.5
1294,9.2,0.0,20.9,2.7,18.9,13.7
1295,9.4,0.0,21.6,2.9,19.1,13.9
1296,17.8,0.0,22.5,22.2,19.4,14.1
1297,23.7,0.0,15.1,22.7,19.8,14.4
1298,23.9,0.0,15.6,22.9,20.0,14.6
1299,24.7,0.0,17.5,23.7,20.9,15.2
1300,25.0,0.0,18.1,24.0,21.1,15.4
1301,25.0,0.0,18.2,24.0,21.2,15.5
1302,24.7,0.0,17.5,23.8,20.9,15.3
1303,24.7,0.0,17.5,23.7,20.9,15.3
1304,25.1,0.0,18.5,24.2,21.4,15.6
1305,23.3,0.0,19.4,22.5,19.5,14.3
1306,20.3,0.0,8.5,19.6,16.3,11.8
1307,19.9,0.0,7.8,19.2,15.9,11.5
1308,17.3,0.0,0.0,16.5,12.4,9.1
1309,16.2,0.0,0.0,7.7,10.5,8.3
1310,15.5,0.0,0.0,7.4,9.9,8.2
1311,15.6,0.0,0.0,8.0,10.3,8.8
1312,9.4,0.0,0.0,7.7,9.3,9.0
1313,9.7,0.0,0.0,8.1,13.7,10.0
1314,11.4,0.0,0.0,9.4,15.0,11.0
1315,13.1,0.0,0.0,10.7,16.2,11.8
1316,5.6,0.0,0.0,0.0,16.9,12.3
1317,6.9,0.0,4.0,0.7,17.3,12.5
1318,7.9,0.0,16.1,1.3,17.5,12.6
1319,8.3,0.0,17.5,1.7,17.9,12.9
1320,16.7,0.0,23.6,21.2,18.3,13.2
1321,22.6,0.0,12.5,21.6,18.6,13.5
1322,22.4,0.0,12.1,21.4,18.4,13.3
1323,22.1,0.0,11.4,21.1,18.2,13.1
1324,21.9,0.0,11.0,20.9,18.0,13.0
1325,21.8,0.0,10.8,20.8,17.9,12.9
1326,21.7,0.0,10.4,20.7,17.7,12.8
1327,21.6,0.0,10.2,20.6,17.6,12.7
1328,21.6,0.0,10.3,20.7,17.7,12.8
1329,21.3,0.0,13.6,20.5,17.5,12.6
1330,20.5,0.0,9.1,19.7,16.4,11.8
1331,19.5,0.0,1.7,18.6,14.9,10.9
1332,19.2,0.0,0.0,18.4,14.5,10.6
1333,19.0,0.0,1.6,10.7,14.5,10.5
1334,18.4,0.0,0.0,10.2,13.7,10.0
1335,17.9,0.0,0.0,9.9,13.0,9.8
1336,12.3,0.0,0.0,9.7,11.3,9.6
1337,12.6,0.0,0.0,10.1,14.7,10.5
1338,14.0,0.0,5.2,11.1,15.7,11.3
1339,15.3,0.0,17.2,12.1,16.7,12.0
1340,7.5,0.0,14.7,0.9,17.1,12.3
1341,7.9,0.0,16.1,1.3,17.5,12.6
1342,8.4,0.0,17.9,1.8,18.0,13.0
1343,8.5,0.0,18.5,2.0,18.2,13.1
1344,16.8,0.0,23.8,21.2,18.4,13.3
1345,22.8,0.0,12.9,21.7,18.8,13.6
1346,23.0,0.0,13.5,22.0,19.1,13.8
1347,23.3,0.0,14.0,22.2,19.3,14.0
1348,23.5,0.0,14.6,22.5,19.6,14.2
1349,23.6,0.0,15.0,22.7,19.8,14.4
1350,23.8,0.0,15.5,22.9,20.0,14.6
1351,24.0,0.0,15.8,23.0,20.1,14.7
1352,24.1,0.0,16.2,23.2,20.3,14.8
1353,23.1,0.0,17.2,22.1,8.3,7.7
1354,21.5,0.0,6.7,20.1,5.9,6.1
1355,19.7,0.0,0.0,18.2,3.5,4.5
1356,18.2,0.0,0.0,16.9,1.6,3.3
1357,16.9,0.0,0.0,8.3,5.7,5.7
1358,16.3,0.0,0.0,8.2,0.0,2.4
1359,16.0,0.0,0.0,8.3,0.0,2.6
1360,16.3,0.0,0.0,8.1,0.0,2.7
1361,16.7,0.0,0.0,8.5,2.8,3.6
1362,18.1,0.0,0.0,9.6,15.3,11.2
1363,19.3,0.0,0.0,10.6,16.3,12.0
1364,20.1,0.0,0.0,0.0,16.9,12.3
1365,21.0,0.0,0.0,0.6,17.5,12.7
1366,21.8,0.0,14.3,1.7,18.1,13.1
1367,22.3,0.0,19.3,2.2,18.5,13.3
1368,22.6,0.0,20.5,21.7,18.8,13.6
1369,23.1,0.0,13.6,22.1,19.1,13.9
1370,23.5,0.0,14.6,22.5,19.6,14.2
1371,23.7,0.0,15.0,22.7,19.8,14.4
1372,24.0,0.0,15.7,23.0,20.1,14.6
1373,24.0,0.0,15.9,23.0,20.2,14.7
1374,24.2,0.0,16.4,23.2,20.4,14.8
1375,24.4,0.0,16.8,23.4,20.6,15.0
1376,24.6,0.0,17.2,23.6,20.8,15.2
1377,23.2,0.0,17.3,22.2,8.4,7.8
1378,21.4,0.0,6.1,20.0,5.8,6.0
1379,19.5,0.0,0.0,17.9,3.2,4.3
1380,17.7,0.0,0.0,16.4,1.0,2.9
1381,16.7,0.0,0.0,8.1,5.5,5.6
1382,15.3,0.0,0.0,7.2,0.0,1.7
1383,15.1,0.0,0.0,7.4,0.0,1.9
1384,14.9,0.0,0.0,6.7,0.0,1.7
1385,15.4,0.0,0.0,7.1,1.5,2.6
1386,16.8,0.0,0.0,8.1,14.1,10.3
1387,18.0,0.0,0.0,9.2,15.2,11.1
1388,19.0,0.0,0.0,0.0,15.9,11.7
1389,20.0,0.0,0.0,0.0,16.7,12.2
1390,20.3,0.0,0.0,0.0,16.8,12.2
1391,21.0,0.0,7.4,0.8,17.3,12.4
1392,21.6,0.0,16.9,20.6,17.7,12.8
1393,22.0,0.0,10.8,20.8,17.8,12.8
1394,21.8,0.0,10.4,20.7,17.6,12.7
1395,21.7,0.0,10.2,20.6,17.6,12.6
1396,21.6,0.0,10.1,20.5,17.5,12.6
1397,21.6,0.0,10.0,20.5,17.5,12.5
1398,21.8,0.0,10.5,20.7,17.7,12.8
1399,22.3,0.0,11.6,21.2,18.2,13.1
1400,22.2,0.0,11.4,21.1,18.1,13.1
1401,20.9,0.0,9.6,19.8,5.8,5.7
1402,18.9,0.0,0.0,17.3,3.0,3.8
1403,17.2,0.0,0.0,15.5,0.6,2.3
1404,16.1,0.0,0.0,15.3,0.2,1.9
1405,15.7,0.0,0.0,7.4,5.7,5.0
1406,15.5,0.0,0.0,7.2,0.3,1.7
1407,15.6,0.0,0.0,7.3,0.5,1.9
1408,9.8,0.0,0.0,7.4,0.9,2.2
1409,10.6,0.0,0.0,8.1,2.0,2.9
1410,11.4,0.0,0.0,8.7,13.7,9.8
1411,12.2,0.0,0.0,9.3,14.3,10.2
1412,4.2,0.0,0.0,0.0,14.4,10.2
1413,4.7,0.0,0.0,0.0,14.6,10.3
1414,5.2,0.0,5.9,0.0,14.6,10.3
1415,5.1,0.0,6.2,0.0,14.5,10.2
1416,13.2,0.0,8.0,17.5,14.4,10.2
1417,17.5,0.0,0.0,16.5,13.8,9.8
1418,17.4,0.0,0.0,16.5,13.7,9.7
1419,17.8,0.0,0.0,16.8,14.0,9.9
1420,18.2,0.0,0.0,17.2,14.3,10.1
1421,18.5,0.0,0.0,17.4,14.5,10.3
1422,18.6,0.0,0.0,17.5,14.5,10.3
1423,18.7,0.0,0.0,17.6,14.6,10.3
1424,18.8,0.0,0.0,17.7,14.6,10.3
1425,18.4,0.0,0.0,17.3,3.3,3.7
1426,17.5,0.0,0.0,16.5,2.2,2.9
1427,16.1,0.0,0.0,15.2,0.6,1.6
1428,14.4,0.0,0.0,13.5,0.0,0.2
1429,12.8,0.0,0.0,4.2,1.9,2.2
1430,12.5,0.0,0.0,4.1,0.0,0.0
1431,13.7,0.0,0.0,4.9,0.0,0.5
1432,13.6,0.0,0.0,4.8,0.0,0.4
1433,13.5,0.0,0.0,4.6,0.0,0.3
1434,14.0,0.0,0.0,5.1,10.7,7.5
1435,14.5,0.0,0.0,5.5,11.2,7.9
1436,14.8,0.0,0.0,0.0,11.5,8.1
1437,14.9,0.0,0.0,0.0,11.6,8.2
1438,15.2,0.0,0.0,0.0,11.8,8.3
1439,15.5,0.0,0.0,0.0,12.0,8.5
1440,15.7,0.0,0.0,14.9,12.2,8.6
1441,16.5,0.0,0.0,15.5,12.5,8.8
1442,16.7,0.0,0.0,15.6,12.7,8.9
1443,16.7,0.0,0.0,15.6,12.7,8.9
1444,16.9,0.0,0.0,15.8,12.8,8.9
1445,17.0,0.0,0.0,15.9,12.9,9.0
1446,17.2,0.0,0.0,16.1,13.1,9.1
1447,17.4,0.0,0.0,16.2,13.2,9.2
1448,17.4,0.0,0.0,16.2,13.2,9.2
1449,17.2,0.0,0.0,16.1,2.2,2.8
1450,16.6,0.0,0.0,15.6,1.5,2.2
1451,16.0,0.0,0.0,15.1,0.7,1.7
1452,15.5,0.0,0.0,14.6,0.1,1.3
1453,14.8,0.0,0.0,6.2,4.9,3.9
1454,14.5,0.0,0.0,5.8,0.0,0.7
1455,15.0,0.0,0.0,6.1,0.0,1.1
1456,8.7,0.0,0.0,5.9,0.0,1.0
1457,8.8,0.0,0.0,6.0,0.0,1.1
1458,8.9,0.0,0.0,6.1,11.2,7.7
1459,9.2,0.0,0.0,6.4,11.5,8.0
1460,0.3,0.0,0.0,0.0,11.7,8.2
1461,0.2,0.0,0.0,0.0,11.5,8.0
1462,0.3,0.0,0.0,0.0,11.5,8.0
1463,0.4,0.0,0.0,0.0,11.6,8.0
1464,9.1,0.0,0.0,14.1,11.2,7.7
1465,14.1,0.0,0.0,13.2,10.7,7.6
1466,14.1,0.0,0.0,13.3,10.8,7.6
1467,14.3,0.0,0.0,13.4,10.9,7.6
1468,14.8,0.0,0.0,13.9,11.4,8.0
1469,15.1,0.0,0.0,14.3,11.7,8.2
1470,14.6,0.0,0.0,13.7,11.1,7.7
1471,15.4,0.0,0.0,14.5,11.9,8.4
1472,15.8,0.0,0.0,14.9,12.2,8.6
1473,14.9,0.0,0.0,14.0,11.1,7.8
1474,13.2,0.0,0.0,12.0,8.8,6.2
1475,11.2,0.0,0.0,10.1,6.6,4.6
1476,10.3,0.0,0.0,9.7,6.0,4.3
1477,10.0,0.0,0.0,1.1,6.0,4.4
1478,10.4,0.0,0.0,1.5,7.3,5.2
1479,10.3,0.0,0.0,1.3,7.3,5.2
1480,2.6,0.0,0.0,1.3,7.4,5.3
1481,2.6,0.0,0.0,1.3,7.4,5.5
1482,3.0,0.0,0.0,1.7,8.5,6.1
1483,3.9,0.0,0.0,2.6,9.5,6.8
1484,0.0,0.0,0.0,0.0,10.4,7.5
1485,0.0,0.0,0.0,0.0,11.0,7.9
1486,0.0,0.0,0.0,0.0,10.6,7.6
1487,0.0,0.0,0.0,0.0,11.3,8.1
1488,7.2,0.0,0.0,13.9,11.7,8.4
1489,14.8,0.0,0.0,14.2,12.3,8.9
1490,15.2,0.0,0.0,14.6,12.5,9.1
1491,16.0,0.0,0.0,15.3,13.2,9.6
1492,16.5,0.0,0.0,15.7,13.6,9.8
1493,17.2,0.0,0.0,16.4,14.2,10.2
1494,17.4,0.0,0.0,16.5,14.2,10.2
1495,17.7,0.0,0.0,16.8,14.3,10.2
1496,16.9,0.0,0.0,16.0,13.3,9.5
1497,15.6,0.0,0.0,14.6,11.8,8.3
1498,13.4,0.0,0.0,12.3,9.0,6.3
1499,11.0,0.0,0.0,9.8,6.1,4.3
1500,9.5,0.0,0.0,8.8,4.9,3.5
1501,8.2,0.0,0.0,0.0,3.5,2.9
1502,7.7,0.0,0.0,0.0,4.0,3.1
1503,7.6,0.0,0.0,0.0,4.6,3.4
1504,0.0,0.0,0.0,0.0,5.6,4.1
1505,0.5,0.0,0.0,0.0,6.6,5.0
1506,0.7,0.0,0.0,0.0,7.3,5.3
1507,1.3,0.0,0.0,0.4,8.0,5.8
1508,-1.0,0.0,0.0,-2.4,8.7,6.4
1509,-0.1,0.0,0.0,-1.5,9.1,6.6
1510,0.0,0.0,0.0,-0.9,9.2,6.7
1511,0.0,0.0,0.0,-0.1,9.4,6.8
1512,3.6,0.0,0.0,11.4,9.5,6.8
1513,12.1,0.0,0.0,11.6,9.6,6.8
1514,12.2,0.0,0.0,11.6,9.5,6.8
1515,12.4,0.0,0.0,11.8,9.7,6.9
1516,12.6,0.0,0.0,11.9,9.8,7.0
1517,12.3,0.0,0.0,11.7,9.5,6.7
1518,12.5,0.0,0.0,11.8,9.6,6.8
1519,12.6,0.0,0.0,11.9,9.7,6.8
1520,12.6,0.0,0.0,11.9,9.7,6.8
1521,12.3,0.0,0.0,11.7,0.0,0.0
1522,11.6,0.0,0.0,11.0,0.0,0.0
1523,11.1,0.0,0.0,10.6,0.0,0.0
1524,10.8,0.0,0.0,10.3,0.0,0.0
1525,10.4,0.0,0.0,1.2,1.6,1.6
1526,10.3,0.0,0.0,1.1,0.0,0.0
1527,10.3,0.0,0.0,1.1,0.0,0.0
1528,8.9,0.0,0.0,0.0,0.0,0.0
1529,9.0,0.0,0.0,0.0,0.0,0.0
1530,9.5,0.0,0.0,0.1,7.1,4.9
1531,9.8,0.0,0.0,0.3,7.4,5.2
1532,10.0,0.0,0.0,-1.4,7.7,5.4
1533,10.3,0.0,0.0,-1.1,8.0,5.7
1534,10.6,0.0,0.0,-0.7,8.3,5.9
1535,10.7,0.0,0.0,-0.4,8.4,5.9
1536,10.9,0.0,0.0,10.4,8.5,6.0
1537,9.4,0.0,0.0,9.2,7.8,5.8
1538,9.6,0.0,0.0,9.4,7.9,5.8
1539,9.8,0.0,0.0,9.5,8.0,5.9
1540,9.9,0.0,0.0,9.7,8.1,5.9
1541,10.1,0.0,0.0,9.8,8.1,5.9
1542,10.2,0.0,0.0,9.9,8.2,5.9
1543,10.5,0.0,0.0,10.1,8.4,6.0
1544,10.4,0.0,0.0,10.0,8.2,5.9
1545,10.0,0.0,0.0,9.7,0.0,0.0
1546,9.4,0.0,0.0,9.2,0.0,0.0
1547,8.5,0.0,0.0,8.3,0.0,0.0
1548,7.1,0.0,0.0,7.1,-1.6,0.0
1549,6.0,0.0,0.0,0.0,0.0,0.0
1550,4.9,0.0,0.0,0.0,-4.9,-0.5
1551,4.6,0.0,0.0,0.0,-5.7,-1.1
1552,4.5,0.0,0.0,0.0,-6.4,-1.7
1553,4.4,0.0,0.0,0.0,-9.6,-2.4
1554,5.3,0.0,0.0,-0.3,4.6,3.5
1555,6.4,0.0,0.0,0.0,5.7,4.3
1556,6.9,0.0,0.0,-13.4,6.1,4.7
1557,7.5,0.0,0.0,-12.3,6.7,5.1
1558,7.9,0.0,0.0,-11.4,7.0,5.3
1559,8.1,0.0,0.0,-10.6,7.0,5.3
1560,8.3,0.0,0.0,8.3,7.1,5.3
1561,7.9,0.0,0.0,7.8,6.5,4.8
1562,7.9,0.0,0.0,7.7,6.4,4.7
1563,8.0,0.0,0.0,7.8,6.5,4.7
1564,8.2,0.0,0.0,8.0,6.6,4.8
1565,8.2,0.0,0.0,7.9,6.5,4.7
1566,8.2,0.0,0.0,7.9,6.4,4.6
1567,7.9,0.0,0.0,7.6,6.1,4.3
1568,7.6,0.0,0.0,7.3,5.7,4.1
1569,7.6,0.0,0.0,7.4,-1.6,0.0
1570,7.3,0.0,0.0,7.1,-2.0,0.0
1571,6.5,0.0,0.0,6.4,-2.9,0.0
1572,6.8,0.0,0.0,6.8,-2.7,0.0
1573,6.0,0.0,0.0,0.0,0.0,0.0
1574,3.8,0.0,0.0,0.0,-6.7,-2.2
1575,3.4,0.0,0.0,0.0,-7.6,-2.8
1576,-0.7,0.0,0.0,-0.0,-6.6,-2.5
1577,-1.0,0.0,0.0,-0.4,-6.4,-2.3
1578,-1.4,0.0,0.0,-0.7,4.0,3.0
1579,-0.5,0.0,0.0,0.0,5.2,3.9
1580,-15.3,0.0,0.0,-14.5,5.6,4.2
1581,-13.9,0.0,0.0,-13.2,6.4,4.8
1582,-12.8,0.0,0.0,-12.3,6.7,5.0
1583,-12.7,0.0,0.0,-12.4,5.9,4.3
1584,0.0,0.0,0.0,7.1,6.0,4.4
1585,8.0,0.0,0.0,7.7,6.2,4.4
1586,8.1,0.0,0.0,7.8,6.3,4.5
1587,8.3,0.0,0.0,8.0,6.4,4.6
1588,8.5,0.0,0.0,8.2,6.6,4.7
1589,9.0,0.0,0.0,8.6,7.0,5.0
1590,8.8,0.0,0.0,8.5,6.8,4.8
1591,9.2,0.0,0.0,8.8,7.1,5.0
1592,9.5,0.0,0.0,9.1,7.4,5.2
1593,9.5,0.0,0.0,9.2,0.0,0.0
1594,8.7,0.0,0.0,8.4,0.0,0.0
1595,8.3,0.0,0.0,8.1,-0.4,0.0
1596,7.6,0.0,0.0,7.4,-1.3,0.0
1597,6.8,0.0,0.0,0.0,0.0,0.0
1598,5.7,0.0,0.0,0.0,-3.7,0.0
1599,5.6,0.0,0.0,0.0,-4.1,-0.3
1600,5.8,0.0,0.0,0.0,-4.1,-0.4
1601,6.4,0.0,0.0,0.0,-3.5,0.0
1602,6.9,0.0,0.0,0.0,5.4,3.9
1603,7.1,0.0,0.0,0.0,5.7,4.1
1604,7.5,0.0,0.0,-9.8,6.0,4.4
1605,7.9,0.0,0.0,-9.3,6.4,4.6
1606,7.8,0.0,0.0,-9.1,6.3,4.5
1607,8.4,0.0,0.0,-8.3,6.9,5.0
1608,8.9,0.0,0.0,8.7,7.3,5.3
1609,10.1,0.0,0.0,9.5,7.6,5.3
1610,10.4,0.0,0.0,9.8,7.9,5.5
1611,10.4,0.0,0.0,9.8,7.9,5.5
1612,10.6,0.0,0.0,10.0,8.0,5.6
1613,10.9,0.0,0.0,10.2,8.3,5.8
1614,10.8,0.0,0.0,10.2,8.1,5.7
1615,10.7,0.0,0.0,10.1,8.0,5.6
1616,11.1,0.0,0.0,10.4,8.3,5.8
1617,10.5,0.0,0.0,10.0,0.0,0.0
1618,9.7,0.0,0.0,9.3,0.0,0.0
1619,9.8,0.0,0.0,9.3,0.0,0.0
1620,8.9,0.0,0.0,8.6,0.0,0.0
1621,9.0,0.0,0.0,0.0,0.5,0.8
1622,8.5,0.0,0.0,0.0,0.0,0.0
1623,8.9,0.0,0.0,0.0,0.0,0.0
1624,0.3,0.0,0.0,0.0,0.0,0.0
1625,0.3,0.0,0.0,0.0,0.0,0.0
1626,0.6,0.0,0.0,0.0,7.0,5.0
1627,1.6,0.0,0.0,0.6,8.1,5.8
1628,-0.7,0.0,0.0,-2.2,8.8,6.3
1629,-0.2,0.0,0.0,-1.8,8.6,6.1
1630,-0.2,0.0,0.0,-2.0,8.0,5.6
1631,0.0,0.0,0.0,-1.4,8.4,5.9
1632,2.1,0.0,0.0,9.9,8.0,5.6
1633,8.7,0.0,0.0,8.6,7.4,5.5
1634,9.0,0.0,0.0,8.8,7.6,5.6
1635,9.2,0.0,0.0,9.0,7.7,5.6
1636,9.5,0.0,0.0,9.3,7.9,5.7
1637,9.7,0.0,0.0,9.4,7.9,5.8
1638,9.8,0.0,0.0,9.4,7.9,5.7
1639,10.0,0.0,0.0,9.7,8.1,5.9
1640,10.4,0.0,0.0,10.0,8.4,6.0
1641,10.1,0.0,0.0,9.8,8.0,5.8
1642,8.1,0.0,0.0,7.8,5.5,3.9
1643,6.3,0.0,0.0,5.7,3.0,2.3
1644,4.8,0.0,0.0,4.5,1.4,1.4
1645,5.0,0.0,0.0,0.0,2.9,2.2
1646,3.9,0.0,0.0,0.0,1.6,1.5
1647,3.4,0.0,0.0,-0.1,0.9,1.4
1648,-2.3,0.0,0.0,-1.3,1.7,2.0
1649,-3.1,0.0,0.0,-2.2,1.8,2.4
1650,-3.2,0.0,0.0,-2.2,4.6,3.6
1651,-2.3,0.0,0.0,-1.5,5.3,4.1
1652,-17.6,0.0,0.0,-16.3,5.4,4.2
1653,-16.8,0.0,0.0,-15.7,5.5,4.2
1654,-15.7,0.0,0.0,-14.7,6.0,4.5
1655,-14.4,0.0,0.0,-13.6,6.5,4.9
1656,0.0,0.0,0.0,7.8,6.9,5.1
1657,8.9,0.0,0.0,8.6,7.2,5.2
1658,9.2,0.0,0.0,8.9,7.4,5.3
1659,9.7,0.0,0.0,9.3,7.8,5.6
1660,10.1,0.0,0.0,9.7,8.1,5.9
1661,10.1,0.0,0.0,9.7,8.0,5.8
1662,10.3,0.0,0.0,9.8,8.1,5.8
1663,10.7,0.0,0.0,10.2,8.5,6.1
1664,10.4,0.0,0.0,9.9,8.1,5.8
1665,9.6,0.0,0.0,9.3,7.3,5.1
1666,8.1,0.0,0.0,7.8,5.4,3.8
1667,8.1,0.0,0.0,8.0,5.7,4.0
1668,7.8,0.0,0.0,7.6,5.4,3.8
1669,6.9,0.0,0.0,0.0,4.5,3.1
1670,5.8,0.0,0.0,0.0,3.2,2.3
1671,4.9,0.0,0.0,0.0,2.2,1.8
1672,0.0,0.0,0.0,0.0,4.6,3.3
1673,0.0,0.0,0.0,0.0,5.1,3.7
1674,0.0,0.0,0.0,0.0,5.6,4.1
1675,0.0,0.0,0.0,0.0,6.1,4.4
1676,-9.9,0.0,0.0,-10.1,6.2,4.5
1677,-9.2,0.0,0.0,-9.4,6.6,4.8
1678,-8.4,0.0,0.0,-8.8,6.9,5.0
1679,-7.6,0.0,0.0,-8.1,7.2,5.2
1680,0.0,0.0,0.0,8.8,7.4,5.4
1681,9.1,0.0,0.0,9.0,7.7,5.7
1682,9.4,0.0,0.0,9.2,7.9,5.8
1683,9.7,0.0,0.0,9.4,8.0,5.9
1684,9.8,0.0,0.0,9.6,8.1,5.9
1685,10.1,0.0,0.0,9.8,8.2,6.0
1686,10.8,0.0,0.0,10.5,8.9,6.5
1687,10.9,0.0,0.0,10.4,8.8,6.4
1688,10.4,0.0,0.0,10.0,8.2,5.9
1689,9.8,0.0,0.0,9.5,0.0,0.0
1690,9.6,0.0,0.0,9.3,0.0,0.0
1691,8.0,0.0,0.0,7.9,-0.6,0.0
1692,5.2,0.0,0.0,4.8,-4.8,-0.2
1693,4.7,0.0,0.0,0.0,0.0,0.0
1694,4.3,0.0,0.0,0.0,-6.3,-1.7
1695,3.9,0.0,0.0,0.0,-7.1,-2.4
1696,3.4,0.0,0.0,-0.6,-9.2,-3.3
1697,3.6,0.0,0.0,-2.3,-11.9,-4.0
1698,4.3,0.0,0.0,-3.5,4.0,3.2
1699,5.7,0.0,0.0,-2.0,5.5,4.3
1700,6.9,0.0,0.0,-15.8,6.6,5.1
1701,7.0,0.0,0.0,-14.8,6.5,5.0
1702,8.1,0.0,0.0,-13.0,7.5,5.7
1703,8.6,0.0,0.0,-11.6,7.8,5.9
1704,9.8,0.0,0.0,9.9,8.9,6.7
1705,9.8,0.0,0.0,9.8,8.7,6.5
1706,10.5,0.0,0.0,10.4,9.2,6.9
1707,11.1,0.0,0.0,10.9,9.6,7.1
1708,11.9,0.0,0.0,11.6,10.3,7.6
1709,12.8,0.0,0.0,12.4,11.0,8.1
1710,13.4,0.0,0.0,13.0,11.5,8.4
1711,13.9,0.0,0.0,13.4,11.7,8.6
1712,13.7,0.0,0.0,13.1,11.3,8.2
1713,11.0,0.0,0.0,10.6,0.0,0.0
1714,8.3,0.0,0.0,7.6,-0.1,0.0
1715,6.5,0.0,0.0,5.9,-2.6,0.0
1716,4.6,0.0,0.0,4.3,-5.4,-0.6
1717,3.2,0.0,0.0,0.0,-1.5,0.0
1718,2.4,0.0,0.0,0.0,-8.9,-3.4
1719,2.0,0.0,0.0,-1.7,-10.1,-4.2
1720,2.0,0.0,0.0,-3.6,-11.5,-5.0
1721,2.2,0.0,0.0,-5.6,-13.2,-5.7
1722,2.8,0.0,0.0,-6.4,2.9,2.4
1723,5.1,0.0,0.0,-4.2,5.3,4.2
1724,6.4,0.0,0.0,-18.1,6.5,5.1
1725,7.5,0.0,0.0,-16.0,7.4,5.8
1726,8.1,0.0,0.0,-14.3,7.8,6.0
1727,9.4,0.0,0.0,-11.9,8.9,6.8
1728,10.0,0.0,0.0,10.1,9.3,7.0
1729,10.8,0.0,0.0,10.8,9.8,7.4
1730,11.1,0.0,0.0,11.0,9.9,7.4
1731,11.5,0.0,0.0,11.3,10.1,7.5
1732,11.9,0.0,0.0,11.6,10.2,7.6
1733,11.2,0.0,0.0,10.8,9.3,6.8
1734,11.4,0.0,0.0,11.0,9.4,6.8
1735,11.7,0.0,0.0,11.3,9.6,6.9
1736,11.6,0.0,0.0,11.1,9.3,6.7
1737,10.0,0.0,0.0,9.6,0.0,0.0
1738,8.2,0.0,0.0,7.7,-0.7,0.0
1739,6.2,0.0,0.0,5.7,-3.3,0.0
1740,4.1,0.0,0.0,3.9,-6.1,-1.4
1741,3.1,0.0,0.0,0.0,-1.7,0.0
1742,2.5,0.0,0.0,-0.6,-8.6,-3.6
1743,2.9,0.0,0.0,-1.6,-8.3,-3.7
1744,-3.4,0.0,0.0,-2.3,-9.0,-4.0
1745,-3.7,0.0,0.0,-2.7,-7.8,-3.5
1746,-3.5,0.0,0.0,-2.5,4.1,3.2
1747,-2.5,0.0,0.0,-1.6,5.2,4.1
1748,-17.4,0.0,0.0,-16.1,5.8,4.4
1749,-16.3,0.0,0.0,-15.2,6.0,4.5
1750,-15.1,0.0,0.0,-14.2,6.3,4.8
1751,-14.2,0.0,0.0,-13.5,6.3,4.7
1752,0.0,0.0,0.0,7.6,6.6,4.9
1753,10.3,0.0,0.0,9.8,7.8,5.5
1754,10.7,0.0,0.0,10.1,8.1,5.7
1755,10.9,0.0,0.0,10.3,8.4,5.9
1756,11.4,0.0,0.0,10.8,8.8,6.2
1757,11.8,0.0,0.0,11.2,9.2,6.5
1758,12.1,0.0,0.0,11.4,9.4,6.6
1759,12.2,0.0,0.0,11.5,9.5,6.7
1760,12.1,0.0,0.0,11.4,9.3,6.5
1761,11.5,0.0,0.0,11.0,0.0,0.0
1762,11.1,0.0,0.0,10.6,0.0,0.0
1763,10.7,0.0,0.0,10.2,0.0,0.0
1764,10.1,0.0,0.0,9.7,0.0,0.0
1765,10.0,0.0,0.0,0.7,1.3,1.4
1766,9.5,0.0,0.0,0.2,0.0,0.0
1767,9.1,0.0,0.0,0.0,0.0,0.0
1768,9.8,0.0,0.0,0.3,0.0,0.0
1769,9.9,0.0,0.0,0.5,0.0,0.0
1770,10.1,0.0,0.0,0.6,7.7,5.4
1771,10.4,0.0,0.0,0.9,8.0,5.6
1772,10.5,0.0,0.0,-0.8,8.1,5.7
1773,10.6,0.0,0.0,-0.5,8.2,5.7
1774,10.8,0.0,0.0,-0.2,8.3,5.9
1775,11.0,0.0,0.0,0.0,8.5,6.0
1776,11.1,0.0,0.0,10.6,8.6,6.0
1777,9.4,0.0,0.0,9.2,7.9,5.8
1778,10.1,0.0,0.0,9.9,8.5,6.3
1779,10.6,0.0,0.0,10.3,8.9,6.5
1780,10.5,0.0,0.0,10.1,8.6,6.3
1781,10.6,0.0,0.0,10.2,8.6,6.3
1782,10.9,0.0,0.0,10.5,8.8,6.4
1783,10.8,0.0,0.0,10.4,8.6,6.2
1784,10.7,0.0,0.0,10.3,8.4,6.0
1785,9.8,0.0,0.0,9.5,0.0,0.0
1786,8.9,0.0,0.0,8.7,0.0,0.0
1787,7.7,0.0,0.0,7.6,-0.9,0.0
1788,6.2,0.0,0.0,6.2,-3.0,0.0
1789,5.0,0.0,0.0,0.0,0.0,0.0
1790,4.4,0.0,0.0,0.0,-5.7,-1.3
1791,4.7,0.0,0.0,0.0,-5.3,-1.3
1792,0.0,0.0,0.0,0.0,-5.1,-1.3
1793,0.0,0.0,0.0,0.0,-5.1,-1.3
1794,0.0,0.0,0.0,0.0,5.1,3.8
1795,0.0,0.0,0.0,0.0,5.3,3.9
1796,-13.2,0.0,0.0,-12.8,5.4,4.0
1797,-13.2,0.0,0.0,-12.8,5.1,3.8
1798,-13.2,0.0,0.0,-12.9,4.9,3.6
1799,-12.4,0.0,0.0,-12.1,5.7,4.2
1800,0.0,0.0,0.0,7.1,5.9,4.4
1801,8.8,0.0,0.0,8.3,6.3,4.4
1802,8.8,0.0,0.0,8.3,6.4,4.4
1803,9.0,0.0,0.0,8.5,6.6,4.6
1804,9.4,0.0,0.0,8.9,6.9,4.8
1805,10.1,0.0,0.0,9.5,7.6,5.4
1806,10.3,0.0,0.0,9.8,7.8,5.5
1807,10.4,0.0,0.0,9.9,7.9,5.6
1808,10.5,0.0,0.0,9.9,7.9,5.6
1809,10.1,0.0,0.0,9.7,7.6,5.3
1810,9.2,0.0,0.0,8.8,6.5,4.5
1811,8.6,0.0,0.0,8.4,5.9,4.1
1812,8.1,0.0,0.0,8.0,5.5,3.8
1813,7.6,0.0,0.0,0.0,4.9,3.4
1814,7.4,0.0,0.0,0.0,4.9,3.4
1815,7.9,0.0,0.0,0.0,5.7,4.0
1816,0.0,0.0,0.0,0.0,5.4,3.8
1817,0.0,0.0,0.0,0.0,5.3,3.8
1818,0.0,0.0,0.0,0.0,5.9,4.2
1819,0.0,0.0,0.0,0.0,6.7,4.8
1820,-5.0,0.0,0.0,-5.9,7.9,5.7
1821,-3.6,0.0,0.0,-4.5,8.7,6.3
1822,-1.6,0.0,0.0,-2.8,9.8,7.1
1823,-0.2,0.0,0.0,-1.6,9.9,7.2
1824,4.1,0.0,0.0,12.1,10.4,7.5
1825,13.5,0.0,0.0,12.9,11.1,8.0
1826,13.5,0.0,0.0,12.9,10.9,7.8
1827,13.3,0.0,0.0,12.6,10.6,7.5
1828,13.4,0.0,0.0,12.7,10.6,7.5
1829,13.9,0.0,0.0,13.2,11.1,7.9
1830,14.6,0.0,0.0,13.8,11.6,8.3
1831,14.1,0.0,0.0,13.3,11.0,7.8
1832,13.2,0.0,0.0,12.4,9.9,6.9
1833,12.1,0.0,0.0,11.4,8.8,6.1
1834,10.8,0.0,0.0,10.2,7.4,5.0
1835,10.0,0.0,0.0,9.6,6.5,4.4
1836,8.5,0.0,0.0,8.3,5.1,3.4
1837,8.5,0.0,0.0,0.0,5.4,3.7
1838,8.9,0.0,0.0,0.0,6.2,4.3
1839,8.9,0.0,0.0,0.0,6.3,4.4
1840,1.0,0.0,0.0,0.0,6.7,4.7
1841,0.4,0.0,0.0,0.0,6.1,4.3
1842,1.1,0.0,0.0,0.0,7.2,5.1
1843,1.7,0.0,0.0,0.7,8.0,5.7
1844,-0.4,0.0,0.0,-2.0,8.2,5.8
1845,0.0,0.0,0.0,-1.7,8.3,5.9
1846,0.0,0.0,0.0,-1.6,8.0,5.7
1847,0.0,0.0,0.0,-1.5,8.0,5.7
1848,2.2,0.0,0.0,10.0,8.1,5.7
1849,10.4,0.0,0.0,9.9,8.0,5.7
1850,10.6,0.0,0.0,10.1,8.2,5.8
1851,11.0,0.0,0.0,10.4,8.4,6.0
1852,11.0,0.0,0.0,10.5,8.5,6.0
1853,11.0,0.0,0.0,10.4,8.3,5.9
1854,11.1,0.0,0.0,10.5,8.4,5.9
1855,11.0,0.0,0.0,10.4,8.3,5.8
1856,10.8,0.0,0.0,10.2,8.1,5.7
1857,10.4,0.0,0.0,9.9,0.0,0.0
1858,10.1,0.0,0.0,9.6,0.0,0.0
1859,9.7,0.0,0.0,9.3,0.0,0.0
1860,9.4,0.0,0.0,8.9,0.0,0.0
1861,9.0,0.0,0.0,0.0,0.6,0.9
1862,8.7,0.0,0.0,0.0,0.0,0.0
1863,8.6,0.0,0.0,0.0,0.0,0.0
1864,8.3,0.0,0.0,0.0,0.0,0.0
1865,8.7,0.0,0.0,0.0,0.0,0.0
1866,9.0,0.0,0.0,0.0,6.7,4.7
1867,9.5,0.0,0.0,0.0,7.3,5.2
1868,9.6,0.0,0.0,-3.1,7.4,5.3
1869,9.7,0.0,0.0,-2.9,7.6,5.4
1870,9.8,0.0,0.0,-2.7,7.7,5.4
1871,10.1,0.0,0.0,-2.3,7.9,5.6
1872,10.2,0.0,0.0,9.8,8.0,5.7
1873,9.2,0.0,0.0,9.0,7.5,5.5
1874,9.4,0.0,0.0,9.1,7.6,5.6
1875,9.5,0.0,0.0,9.2,7.6,5.5
1876,9.7,0.0,0.0,9.4,7.8,5.6
1877,9.9,0.0,0.0,9.5,7.9,5.7
1878,10.1,0.0,0.0,9.7,8.0,5.7
1879,10.4,0.0,0.0,10.0,8.3,5.9
1880,10.4,0.0,0.0,9.9,8.1,5.8
1881,9.3,0.0,0.0,9.1,0.0,0.0
1882,8.2,0.0,0.0,8.0,-0.4,0.0
1883,6.7,0.0,0.0,6.5,-2.5,0.0
1884,7.0,0.0,0.0,7.0,-2.0,0.0
1885,6.2,0.0,0.0,0.0,0.0,0.0
1886,5.7,0.0,0.0,0.0,-4.1,-0.2
1887,5.5,0.0,0.0,0.0,-4.4,-0.5
1888,6.4,0.0,0.0,0.0,-3.4,0.0
1889,6.5,0.0,0.0,0.0,-3.3,0.0
1890,6.8,0.0,0.0,0.0,5.4,4.0
1891,7.7,0.0,0.0,0.0,6.4,4.7
1892,7.6,0.0,0.0,-9.6,6.2,4.5
1893,7.4,0.0,0.0,-9.6,6.0,4.3
1894,7.1,0.0,0.0,-9.8,5.6,4.1
1895,7.0,0.0,0.0,-9.9,5.5,4.0
1896,6.9,0.0,0.0,6.8,5.4,3.9
1897,8.3,0.0,0.0,7.8,5.8,4.0
1898,8.3,0.0,0.0,7.8,5.8,4.0
1899,9.0,0.0,0.0,8.5,6.6,4.5
1900,9.1,0.0,0.0,8.5,6.6,4.6
1901,9.5,0.0,0.0,8.9,7.0,4.9
1902,10.3,0.0,0.0,9.7,7.8,5.5
1903,10.7,0.0,0.0,10.1,8.2,5.8
1904,10.3,0.0,0.0,9.7,7.6,5.4
1905,9.6,0.0,0.0,9.3,0.0,0.0
1906,8.6,0.0,0.0,8.2,0.0,0.0
1907,8.0,0.0,0.0,7.9,-0.6,0.0
1908,8.2,0.0,0.0,8.2,-0.5,0.0
1909,7.7,0.0,0.0,0.0,0.0,0.0
1910,7.6,0.0,0.0,0.0,-1.5,0.0
1911,7.8,0.0,0.0,0.0,-1.3,0.0
1912,0.0,0.0,0.0,0.0,-1.1,0.0
1913,0.0,0.0,0.0,0.0,-0.7,0.0
1914,0.0,0.0,0.0,0.0,7.3,5.3
1915,0.6,0.0,0.0,0.0,7.8,5.7
1916,-3.6,0.0,0.0,-4.6,8.3,6.0
1917,-2.5,0.0,0.0,-3.6,8.7,6.3
1918,-1.2,0.0,0.0,-2.6,9.1,6.6
1919,-0.5,0.0,0.0,-2.0,9.0,6.4
1920,3.6,0.0,0.0,11.5,9.8,7.0
1921,12.1,0.0,0.0,11.5,9.4,6.7
1922,12.3,0.0,0.0,11.6,9.5,6.7
1923,12.4,0.0,0.0,11.7,9.6,6.8
1924,12.7,0.0,0.0,12.0,9.9,7.0
1925,12.9,0.0,0.0,12.2,10.0,7.0
1926,13.3,0.0,0.0,12.5,10.3,7.3
1927,14.0,0.0,0.0,13.3,11.0,7.8
1928,13.5,0.0,0.0,12.7,10.3,7.2
1929,11.9,0.0,0.0,10.9,0.0,0.0
1930,10.5,0.0,0.0,9.5,0.0,0.0
1931,9.6,0.0,0.0,8.9,0.0,0.0
1932,8.4,0.0,0.0,7.9,-0.4,0.0
1933,7.9,0.0,0.0,0.0,0.0,0.0
1934,7.6,0.0,0.0,0.0,-1.2,0.0
1935,9.0,0.0,0.0,0.0,0.0,0.0
1936,7.7,0.0,0.0,0.0,-3.8,0.0
1937,8.0,0.0,0.0,0.0,-4.4,0.0
1938,8.7,0.0,0.0,0.0,7.5,5.5
1939,10.6,0.0,0.0,0.9,9.3,6.9
1940,11.6,0.0,0.0,-4.2,10.2,7.6
1941,12.1,0.0,0.0,-2.7,10.5,7.8
1942,12.7,0.0,0.0,-1.0,10.9,8.0
1943,13.9,0.0,0.0,0.0,11.9,8.7
1944,14.9,0.0,0.0,14.5,12.8,9.3
1945,15.6,0.0,0.0,14.9,13.0,9.5
1946,16.1,0.0,0.0,15.4,13.4,9.7
1947,16.3,0.0,0.0,15.5,13.4,9.7
1948,16.7,0.0,0.0,15.9,13.6,9.8
1949,17.0,0.0,0.0,16.1,13.8,9.9
1950,17.9,0.0,0.0,16.9,14.6,10.4
1951,17.6,0.0,0.0,16.7,14.2,10.1
1952,16.9,0.0,0.0,15.8,13.1,9.2
1953,13.5,0.0,0.0,12.3,0.0,0.0
1954,12.3,0.0,0.0,11.2,0.0,0.0
1955,10.7,0.0,0.0,9.6,0.0,0.0
1956,9.4,0.0,0.0,8.7,0.0,0.0
1957,8.8,0.0,0.0,0.0,0.0,0.1
1958,8.1,0.0,0.0,0.0,-0.3,0.0
1959,8.7,0.0,0.0,0.0,0.0,0.0
1960,0.3,0.0,0.0,0.0,-0.2,0.0
1961,0.4,0.0,0.0,0.0,-1.1,0.0
1962,0.8,0.0,0.0,0.4,7.8,5.7
1963,2.1,0.0,0.0,1.3,9.1,6.7
1964,-0.7,0.0,0.0,-1.9,9.6,7.0
1965,0.0,0.0,0.0,-0.9,9.8,7.1
1966,0.0,0.0,0.0,0.0,10.1,7.3
1967,0.0,0.0,0.0,0.0,10.4,7.5
1968,4.8,0.0,0.0,12.4,10.5,7.6
1969,12.8,0.0,0.0,12.4,10.6,7.8
1970,13.5,0.0,0.0,13.0,11.3,8.2
1971,13.4,0.0,0.0,12.9,11.0,8.0
1972,13.9,0.0,0.0,13.3,11.4,8.2
1973,14.4,0.0,0.0,13.8,11.8,8.5
1974,15.0,0.0,0.0,14.4,12.3,8.9
1975,15.3,0.0,0.0,14.6,12.5,9.0
1976,15.1,0.0,0.0,14.3,12.0,8.6
1977,13.4,0.0,0.0,12.8,10.3,7.2
1978,10.9,0.0,0.0,9.8,6.7,4.7
1979,9.5,0.0,0.0,8.7,5.2,3.8
1980,8.1,0.0,0.0,7.6,3.8,3.0
1981,7.1,0.0,0.0,0.0,3.3,2.7
1982,6.6,0.0,0.0,0.0,3.2,2.9
1983,6.7,0.0,0.0,0.0,3.5,3.3
1984,0.0,0.0,0.0,0.0,3.0,3.5
1985,0.0,0.0,0.0,0.0,2.1,3.7
1986,0.0,0.0,0.0,0.0,6.5,4.9
1987,0.0,0.0,0.0,0.0,7.9,6.0
1988,-8.3,0.0,0.0,-8.2,8.5,6.4
1989,-6.7,0.0,0.0,-6.9,8.8,6.6
1990,-4.9,0.0,0.0,-5.3,9.5,7.0
1991,-3.1,0.0,0.0,-3.8,9.9,7.3
1992,3.2,0.0,0.0,11.8,10.3,7.6
1993,12.6,0.0,0.0,12.3,10.7,7.9
1994,13.1,0.0,0.0,12.6,11.0,8.0
1995,13.5,0.0,0.0,13.0,11.3,8.2
1996,13.9,0.0,0.0,13.3,11.5,8.3
1997,14.2,0.0,0.0,13.6,11.7,8.4
1998,14.5,0.0,0.0,13.9,11.9,8.6
1999,14.9,0.0,0.0,14.2,12.1,8.7
2000,14.0,0.0,0.0,13.2,10.9,7.7
2001,12.4,0.0,0.0,11.4,8.8,6.2
2002,10.7,0.0,0.0,9.6,6.7,4.8
2003,9.0,0.0,0.0,8.1,4.8,3.5
2004,7.5,0.0,0.0,7.1,3.4,2.7
2005,6.6,0.0,0.0,0.0,2.8,2.5
2006,6.4,0.0,0.0,0.0,3.2,3.0
2007,6.3,0.0,0.0,0.0,3.1,3.3
2008,0.0,0.0,0.0,0.0,2.2,3.4
2009,0.0,0.0,0.0,0.0,3.3,4.0
2010,0.0,0.0,0.0,0.0,7.2,5.5
2011,0.0,0.0,0.0,0.0,8.1,6.2
2012,-9.1,0.0,0.0,-8.9,8.4,6.3
2013,-7.6,0.0,0.0,-7.7,8.6,6.4
2014,-6.1,0.0,0.0,-6.5,8.9,6.6
2015,-4.4,0.0,0.0,-5.0,9.3,6.9
2016,2.4,0.0,0.0,11.2,9.8,7.2
2017,13.1,0.0,0.0,12.5,10.4,7.5
2018,13.3,0.0,0.0,12.6,10.5,7.5
2019,13.6,0.0,0.0,12.9,10.8,7.7
2020,13.7,0.0,0.0,13.0,10.8,7.7
2021,14.0,0.0,0.0,13.2,11.0,7.8
2022,14.2,0.0,0.0,13.4,11.1,7.9
2023,14.4,0.0,0.0,13.6,11.3,8.0
2024,14.1,0.0,0.0,13.3,10.8,7.6
2025,13.2,0.0,0.0,12.6,0.0,0.1
2026,13.1,0.0,0.0,12.5,0.0,0.0
2027,12.6,0.0,0.0,12.0,0.0,0.0
2028,12.1,0.0,0.0,11.6,0.0,0.0
2029,11.1,0.0,0.0,2.3,1.9,1.8
2030,10.1,0.0,0.0,1.3,0.0,0.0
2031,9.8,0.0,0.0,1.0,0.0,0.0
2032,13.8,0.0,0.0,4.8,0.0,0.9
2033,8.7,0.0,0.0,0.0,-1.0,0.0
2034,9.2,0.0,0.0,0.2,6.8,4.7
2035,10.4,0.0,0.0,1.1,8.1,5.8
2036,11.0,0.0,0.0,-0.3,8.8,6.3
2037,11.4,0.0,0.0,0.0,9.1,6.5
2038,11.8,0.0,0.0,0.0,9.4,6.7
2039,12.0,0.0,0.0,0.0,9.5,6.8
2040,12.5,0.0,0.0,12.0,10.0,7.1
2041,11.4,0.0,0.0,11.2,9.8,7.3
2042,11.7,0.0,0.0,11.5,10.0,7.3
2043,12.2,0.0,0.0,11.9,10.3,7.6
2044,12.8,0.0,0.0,12.5,10.8,7.9
2045,13.2,0.0,0.0,12.7,11.0,8.0
2046,13.7,0.0,0.0,13.2,11.4,8.3
2047,14.6,0.0,0.0,14.0,12.1,8.8
2048,14.0,0.0,0.0,13.5,11.3,8.2
2049,11.6,0.0,0.0,10.7,0.0,0.0
2050,9.5,0.0,0.0,8.6,0.0,0.0
2051,8.0,0.0,0.0,7.4,-0.7,0.0
2052,6.7,0.0,0.0,6.5,-2.6,0.0
2053,5.8,0.0,0.0,0.0,0.0,0.0
2054,4.8,0.0,0.0,0.0,-5.5,-0.5
2055,4.4,0.0,0.0,0.0,-6.8,-1.4
2056,4.4,0.0,0.0,0.0,-8.5,-2.2
2057,4.8,0.0,0.0,-0.5,-10.2,-2.7
2058,5.2,0.0,0.0,-1.5,5.0,3.9
2059,6.7,0.0,0.0,0.0,6.5,5.1
2060,7.7,0.0,0.0,-13.7,7.4,5.7
2061,8.6,0.0,0.0,-12.0,8.1,6.2
2062,9.2,0.0,0.0,-10.4,8.6,6.5
2063,9.7,0.0,0.0,-8.9,8.8,6.6
2064,10.2,0.0,0.0,10.3,9.2,6.9
2065,12.3,0.0,0.0,11.7,9.8,7.0
2066,12.5,0.0,0.0,11.9,9.8,7.0
2067,12.8,0.0,0.0,12.2,10.1,7.2
2068,13.6,0.0,0.0,12.9,10.8,7.7
2069,14.1,0.0,0.0,13.4,11.3,8.0
2070,14.2,0.0,0.0,13.4,11.2,8.0
2071,14.0,0.0,0.0,13.2,10.9,7.7
2072,13.7,0.0,0.0,12.9,10.5,7.3
2073,12.7,0.0,0.0,12.1,0.0,0.0
2074,11.2,0.0,0.0,10.7,0.0,0.0
2075,8.9,0.0,0.0,8.1,0.0,0.0
2076,9.4,0.0,0.0,9.2,0.0,0.0
2077,9.7,0.0,0.0,0.6,0.9,1.2
2078,9.1,0.0,0.0,0.0,0.0,0.0
2079,8.4,0.0,0.0,0.0,0.0,0.0
2080,0.1,0.0,0.0,0.0,-0.1,0.0
2081,0.0,0.0,0.0,0.0,-1.1,0.0
2082,0.6,0.0,0.0,0.0,7.3,5.2
2083,1.4,0.0,0.0,0.6,8.2,5.9
2084,-1.1,0.0,0.0,-2.4,9.1,6.6
2085,0.0,0.0,0.0,-1.2,9.7,7.0
2086,0.0,0.0,0.0,-0.1,10.0,7.2
2087,0.0,0.0,0.0,0.0,10.3,7.4
2088,4.9,0.0,0.0,12.5,10.6,7.6
2089,13.0,0.0,0.0,12.6,10.8,7.9
2090,13.4,0.0,0.0,12.9,11.1,8.1
2091,14.6,0.0,0.0,14.1,12.2,8.9
2092,15.5,0.0,0.0,14.9,12.9,9.4
2093,15.7,0.0,0.0,15.0,12.9,9.3
2094,16.1,0.0,0.0,15.4,13.3,9.5
2095,16.2,0.0,0.0,15.4,13.2,9.4
2096,15.1,0.0,0.0,14.2,11.6,8.2
2097,13.0,0.0,0.0,12.0,0.0,0.0
2098,11.3,0.0,0.0,10.2,0.0,0.0
2099,9.4,0.0,0.0,8.7,0.0,0.0
2100,8.0,0.0,0.0,7.6,-0.4,0.0
2101,7.1,0.0,0.0,0.0,0.0,0.0
2102,6.5,0.0,0.0,0.0,-2.8,0.0
2103,6.3,0.0,0.0,0.0,-4.0,0.0
2104,6.3,0.0,0.0,0.0,-5.7,0.0
2105,6.6,0.0,0.0,0.0,-7.2,-0.3
2106,7.2,0.0,0.0,0.0,6.4,4.9
2107,8.6,0.0,0.0,0.0,7.8,5.9
2108,10.0,0.0,0.0,-8.4,9.1,6.9
2109,10.6,0.0,0.0,-6.7,9.6,7.2
2110,11.5,0.0,0.0,-4.8,10.3,7.7
2111,12.3,0.0,0.0,-2.9,10.8,8.0
2112,13.9,0.0,0.0,13.7,12.3,9.1
2113,13.5,0.0,0.0,13.3,11.9,8.8
2114,15.2,0.0,0.0,14.9,13.4,9.9
2115,15.6,0.0,0.0,15.2,13.6,10.0
2116,16.3,0.0,0.0,15.7,14.0,10.3
2117,16.9,0.0,0.0,16.3,14.4,10.5
2118,17.5,0.0,0.0,16.8,14.8,10.8
2119,17.8,0.0,0.0,17.0,14.9,10.8
2120,15.5,0.0,0.0,14.6,12.1,8.6
2121,13.1,0.0,0.0,12.1,0.0,0.0
2122,11.4,0.0,0.0,10.4,0.0,0.0
2123,10.1,0.0,0.0,9.6,0.0,0.0
2124,8.6,0.0,0.0,8.2,0.0,0.0
2125,7.8,0.0,0.0,0.0,0.0,0.0
2126,7.3,0.0,0.0,0.0,-1.6,0.0
2127,6.4,0.0,0.0,0.0,-3.4,0.0
2128,0.0,0.0,0.0,0.0,-4.4,0.0
2129,0.0,0.0,0.0,0.0,-5.9,0.0
2130,0.0,0.0,0.0,0.0,0.0,4.1
2131,0.0,0.0,0.0,0.0,8.2,6.4
2132,-11.2,0.0,0.0,-10.5,8.6,6.6
2133,-9.5,0.0,0.0,-9.1,8.8,6.7
2134,-7.7,0.0,0.0,-7.6,9.2,6.9
2135,-5.9,0.0,0.0,-6.1,9.4,7.1
2136,1.6,0.0,0.0,10.7,9.4,7.0
2137,12.4,0.0,0.0,11.8,9.9,7.0
2138,12.5,0.0,0.0,11.8,9.8,7.0
2139,12.6,0.0,0.0,11.9,9.8,7.0
2140,12.6,0.0,0.0,11.9,9.8,6.9
2141,12.6,0.0,0.0,11.9,9.7,6.9
2142,12.8,0.0,0.0,12.0,9.8,6.9
2143,13.7,0.0,0.0,12.9,10.7,7.6
2144,13.0,0.0,0.0,12.3,9.8,6.9
2145,11.2,0.0,0.0,10.2,7.5,5.1
2146,10.0,0.0,0.0,9.5,6.5,4.5
2147,8.8,0.0,0.0,8.3,5.0,3.5
2148,8.2,0.0,0.0,8.1,4.9,3.4
2149,7.2,0.0,0.0,0.0,3.8,2.9
2150,8.1,0.0,0.0,0.0,5.6,4.0
2151,8.9,0.0,0.0,0.0,6.7,4.8
2152,0.0,0.0,0.0,0.0,5.9,4.3
2153,0.3,0.0,0.0,0.0,7.0,5.1
2154,1.1,0.0,0.0,0.3,7.9,5.8
2155,2.1,0.0,0.0,1.2,9.0,6.5
2156,-0.6,0.0,0.0,-2.0,9.3,6.7
2157,0.0,0.0,0.0,-1.0,9.6,6.9
2158,0.0,0.0,0.0,0.0,9.9,7.1
2159,0.0,0.0,0.0,0.0,10.0,7.2
2160,4.6,0.0,0.0,12.2,10.3,7.4
2161,13.6,0.0,0.0,12.9,10.8,7.7
2162,14.3,0.0,0.0,13.6,11.4,8.1
2163,14.6,0.0,0.0,13.9,11.6,8.3
2164,14.6,0.0,0.0,13.8,11.5,8.1
2165,15.5,0.0,0.0,14.6,12.3,8.7
2166,15.7,0.0,0.0,14.8,12.5,8.8
2167,14.8,0.0,0.0,13.9,11.3,7.9
2168,13.7,0.0,0.0,12.9,10.1,7.0
2169,12.4,0.0,0.0,11.7,8.8,6.0
2170,10.3,0.0,0.0,9.6,6.2,4.2
2171,8.5,0.0,0.0,7.9,4.2,2.8
2172,8.5,0.0,0.0,8.3,5.2,3.5
2173,8.0,0.0,0.0,0.0,4.7,3.2
2174,7.5,0.0,0.0,0.0,4.5,3.1
2175,8.5,0.0,0.0,0.0,6.0,4.2
2176,1.9,0.0,0.0,0.8,8.1,5.8
2177,2.6,0.0,0.0,1.5,8.8,6.3
2178,3.0,0.0,0.0,1.8,9.0,6.4
2179,3.1,0.0,0.0,1.9,9.0,6.5
2180,0.0,0.0,0.0,0.0,9.4,6.7
2181,0.0,0.0,0.0,0.0,9.7,6.9
2182,0.0,0.0,0.0,0.0,9.7,6.9
2183,0.0,0.0,0.0,0.0,9.6,6.8
2184,4.7,0.0,0.0,11.9,9.8,6.9
2185,13.7,0.0,0.0,12.9,10.6,7.5
2186,13.5,0.0,0.0,12.8,10.4,7.3
2187,14.1,0.0,0.0,13.3,10.9,7.7
2188,14.7,0.0,0.0,13.9,11.5,8.1
2189,14.5,0.0,0.0,13.6,11.2,7.9
2190,15.1,0.0,0.0,14.3,11.8,8.3
2191,14.6,0.0,0.0,13.7,11.2,7.8
2192,13.7,0.0,0.0,12.9,10.1,7.0
2193,12.3,0.0,0.0,11.3,0.0,0.0
2194,12.0,0.0,0.0,11.4,0.0,0.0
2195,12.5,0.0,0.0,12.0,0.0,0.0
2196,9.6,0.0,0.0,9.3,0.0,0.0
2197,9.8,0.0,0.0,1.0,0.6,1.0
2198,9.8,0.0,0.0,1.0,0.0,0.0
2199,10.6,0.0,0.0,1.6,0.0,0.0
2200,11.0,0.0,0.0,2.0,0.0,0.0
2201,10.8,0.0,0.0,1.7,0.0,0.0
2202,11.2,0.0,0.0,1.9,7.2,6.1
2203,12.5,0.0,0.0,3.1,10.3,7.5
2204,12.9,0.0,0.0,0.0,10.6,7.7
2205,13.4,0.0,0.0,0.0,11.0,7.9
2206,13.4,0.0,0.0,0.0,10.9,7.8
2207,13.8,0.0,0.0,0.0,11.1,8.0
2208,14.3,0.0,0.0,13.6,11.5,8.2
2209,14.9,0.0,0.0,14.1,11.8,8.4
2210,15.2,0.0,0.0,14.4,12.0,8.5
2211,15.1,0.0,0.0,14.3,11.8,8.3
2212,15.9,0.0,0.0,15.0,12.6,8.9
2213,15.6,0.0,0.0,14.7,12.1,8.5
2214,15.7,0.0,0.0,14.8,12.2,8.6
2215,15.2,0.0,0.0,14.3,11.6,8.1
2216,14.8,0.0,0.0,13.9,11.0,7.7
2217,13.1,0.0,0.0,12.2,0.0,0.0
2218,11.5,0.0,0.0,10.5,0.0,0.0
2219,11.8,0.0,0.0,11.4,0.0,0.0
2220,11.3,0.0,0.0,11.0,0.0,0.0
2221,10.6,0.0,0.0,1.9,1.3,1.5
2222,10.9,0.0,0.0,2.1,0.0,0.0
2223,10.2,0.0,0.0,1.6,0.0,0.0
2224,10.1,0.0,0.0,1.3,0.0,0.0
2225,10.3,0.0,0.0,1.3,0.0,0.0
2226,11.1,0.0,0.0,1.7,6.8,6.1
2227,11.9,0.0,0.0,2.6,9.8,7.1
2228,12.7,0.0,0.0,0.0,10.6,7.8
2229,13.8,0.0,0.0,0.0,11.6,8.4
2230,14.4,0.0,0.0,0.0,12.0,8.7
2231,15.2,0.0,0.0,0.0,12.6,9.1
2232,16.1,0.0,0.0,15.4,13.3,9.6
2233,16.4,0.0,0.0,15.7,13.5,9.7
2234,17.0,0.0,0.0,16.2,14.0,10.1
2235,17.6,0.0,0.0,16.7,14.4,10.4
2236,17.7,0.0,0.0,16.8,14.4,10.3
2237,18.5,0.0,0.0,17.6,15.1,10.8
2238,18.7,0.0,0.0,17.6,15.1,10.7
2239,18.0,0.0,0.0,16.9,14.1,10.0
2240,16.2,0.0,0.0,15.2,12.0,8.4
2241,14.3,0.0,0.0,13.5,0.0,0.5
2242,12.8,0.0,0.0,12.1,0.0,0.0
2243,12.9,0.0,0.0,12.3,0.0,0.0
2244,12.9,0.0,0.0,12.2,0.0,0.0
2245,12.0,0.0,0.0,3.2,2.6,2.3
2246,9.7,0.0,0.0,1.3,0.0,0.0
2247,10.3,0.0,0.0,1.5,0.0,0.0
2248,3.2,0.0,0.0,1.5,0.0,0.0
2249,3.6,0.0,0.0,1.9,0.0,0.0
2250,3.8,0.0,0.0,2.1,8.4,6.0
2251,3.7,0.0,0.0,2.1,8.5,6.0
2252,0.0,0.0,0.0,0.0,9.2,6.5
2253,0.0,0.0,0.0,0.0,9.4,6.7
2254,0.0,0.0,0.0,0.0,9.5,6.7
2255,0.0,0.0,0.0,0.0,9.5,6.7
2256,5.0,0.0,0.0,11.9,9.7,6.8
2257,12.6,0.0,0.0,12.1,10.0,7.2
2258,12.6,0.0,0.0,12.0,9.9,7.1
2259,12.9,0.0,0.0,12.3,10.1,7.2
2260,13.3,0.0,0.0,12.7,10.5,7.5
2261,13.5,0.0,0.0,12.8,10.6,7.5
2262,13.7,0.0,0.0,13.0,10.7,7.6
2263,13.7,0.0,0.0,13.0,10.6,7.5
2264,13.1,0.0,0.0,12.4,9.8,6.9
2265,11.1,0.0,0.0,10.5,0.0,0.0
2266,9.7,0.0,0.0,8.8,0.0,0.0
2267,8.7,0.0,0.0,8.3,0.0,0.0
2268,7.6,0.0,0.0,7.5,-0.9,0.0
2269,6.6,0.0,0.0,0.0,0.0,0.0
2270,6.4,0.0,0.0,0.0,-2.8,0.0
2271,7.6,0.0,0.0,0.0,-1.7,0.0
2272,8.6,0.0,0.0,0.0,-0.5,0.0
2273,9.5,0.0,0.0,0.0,0.0,0.0
2274,10.2,0.0,0.0,0.7,8.6,6.3
2275,10.6,0.0,0.0,1.1,8.9,6.6
2276,10.9,0.0,0.0,-2.9,9.2,6.7
2277,11.3,0.0,0.0,-2.0,9.4,6.8
2278,11.8,0.0,0.0,-0.8,9.8,7.1
2279,12.4,0.0,0.0,0.0,10.2,7.4
2280,12.6,0.0,0.0,12.1,10.3,7.4
2281,13.3,0.0,0.0,12.7,10.6,7.6
2282,13.6,0.0,0.0,12.9,10.8,7.7
2283,13.9,0.0,0.0,13.2,11.0,7.8
2284,14.1,0.0,0.0,13.3,11.1,7.9
2285,14.4,0.0,0.0,13.6,11.3,8.0
2286,14.7,0.0,0.0,13.9,11.5,8.1
2287,14.6,0.0,0.0,13.8,11.4,8.0
2288,14.5,0.0,0.0,13.7,11.2,7.9
2289,14.0,0.0,0.0,13.3,0.0,0.7
2290,12.4,0.0,0.0,11.9,0.0,0.0
2291,11.9,0.0,0.0,11.5,0.0,0.0
2292,10.9,0.0,0.0,10.6,0.0,0.0
2293,10.1,0.0,0.0,1.4,0.7,1.1
2294,9.4,0.0,0.0,1.0,0.0,0.0
2295,9.6,0.0,0.0,0.9,0.0,0.0
2296,1.4,0.0,0.0,0.6,0.0,0.0
2297,1.3,0.0,0.0,0.5,-2.4,0.0
2298,1.4,0.0,0.0,0.4,1.5,5.1
2299,1.9,0.0,0.0,1.7,9.8,7.3
2300,-1.7,0.0,0.0,-2.5,10.9,8.1
2301,0.0,0.0,0.0,-0.6,11.4,8.4
2302,0.0,0.0,0.0,0.0,11.9,8.7
2303,0.0,0.0,0.0,0.0,12.3,9.0
2304,7.1,0.0,0.0,14.6,12.7,9.3
2305,16.4,0.0,0.0,15.6,13.4,9.7
2306,16.5,0.0,0.0,15.7,13.4,9.6
2307,17.1,0.0,0.0,16.3,13.9,9.9
2308,17.7,0.0,0.0,16.8,14.4,10.3
2309,17.8,0.0,0.0,16.8,14.3,10.2
2310,17.9,0.0,0.0,16.8,14.2,10.1
2311,17.7,0.0,0.0,16.5,13.8,9.7
2312,16.3,0.0,0.0,14.9,11.9,8.1
2313,14.5,0.0,0.0,13.0,9.8,6.6
2314,13.2,0.0,0.0,12.0,8.5,5.9
2315,11.9,0.0,0.0,11.0,7.0,5.0
2316,10.9,0.0,0.0,10.5,6.2,4.6
2317,9.8,0.0,0.0,1.5,5.5,4.2
2318,9.3,0.0,0.0,1.5,5.5,4.5
2319,9.7,0.0,0.0,1.7,5.8,5.0
2320,1.6,0.0,0.0,1.3,5.7,5.2
2321,1.8,0.0,0.0,1.2,6.5,5.7
2322,2.2,0.0,0.0,1.4,5.8,6.0
2323,2.9,0.0,0.0,2.3,9.9,7.3
2324,0.0,0.0,0.0,-0.1,11.1,8.2
2325,0.0,0.0,0.0,0.0,11.8,8.7
2326,0.0,0.0,0.0,0.0,12.4,9.1
2327,0.0,0.0,0.0,0.0,13.0,9.4
2328,8.6,0.0,0.0,15.5,13.5,9.8
2329,17.5,0.0,0.0,16.7,14.3,10.3
2330,17.8,0.0,0.0,16.9,14.5,10.3
2331,18.0,0.0,0.0,17.1,14.5,10.4
2332,18.5,0.0,0.0,17.5,14.9,10.6
2333,19.5,0.0,0.0,18.4,15.7,11.2
2334,19.3,0.0,0.0,18.2,15.4,10.9
2335,18.7,0.0,0.0,17.5,14.6,10.2
2336,16.9,0.0,0.0,15.3,12.1,8.3
2337,14.7,0.0,0.0,13.1,9.7,6.5
2338,13.3,0.0,0.0,12.0,8.3,5.7
2339,12.1,0.0,0.0,11.2,7.1,5.0
2340,11.7,0.0,0.0,11.3,7.1,5.1
2341,12.2,0.0,0.0,3.6,8.5,6.0
2342,12.4,0.0,0.0,3.6,8.9,6.3
2343,12.1,0.0,0.0,3.4,8.6,6.1
2344,4.6,0.0,0.0,3.2,8.1,6.0
2345,3.8,0.0,0.0,2.3,5.4,5.3
2346,4.1,0.0,0.0,2.7,6.2,6.2
2347,4.9,0.0,0.0,3.6,10.5,7.7
2348,0.0,0.0,0.0,0.0,11.1,8.0
2349,0.0,0.0,0.0,0.0,11.4,8.2
2350,0.0,0.0,0.0,0.0,11.8,8.5
2351,0.0,0.0,0.0,0.0,12.5,8.9
2352,8.9,0.0,0.0,15.4,13.1,9.4
2353,17.8,0.0,0.0,16.9,14.3,10.2
2354,18.9,0.0,0.0,17.9,15.3,10.9
2355,19.6,0.0,0.0,18.6,15.9,11.3
2356,19.5,0.0,0.0,18.4,15.6,11.1
2357,20.0,0.0,0.0,18.8,16.0,11.3
2358,20.6,0.0,0.0,19.4,16.5,11.7
2359,19.6,0.0,0.0,18.4,15.2,10.7
2360,17.8,0.0,0.0,16.3,12.9,8.8
2361,15.7,0.0,0.0,14.4,0.0,1.0
2362,14.5,0.0,0.0,13.4,0.0,0.1
2363,12.6,0.0,0.0,11.5,0.0,0.0
2364,11.7,0.0,0.0,11.2,0.0,0.0
2365,11.3,0.0,0.0,3.1,1.2,1.6
2366,11.9,0.0,0.0,3.3,0.0,0.0
2367,11.4,0.0,0.0,2.9,0.0,0.0
2368,12.9,0.0,0.0,4.0,0.0,0.1
2369,13.2,0.0,0.0,4.2,0.0,0.4
2370,13.0,0.0,0.0,4.0,9.5,7.0
2371,13.8,0.0,0.0,4.8,10.9,7.8
2372,14.9,0.0,0.0,0.0,12.0,8.6
2373,15.1,0.0,0.0,0.0,12.1,8.7
2374,15.7,0.0,0.0,0.0,12.6,9.0
2375,15.9,0.0,0.0,0.0,12.7,9.0
2376,16.8,0.0,0.0,16.0,13.5,9.6
2377,17.5,0.0,0.0,16.5,13.7,9.7
2378,17.7,0.0,0.0,16.6,13.8,9.8
2379,17.7,0.0,0.0,16.6,13.8,9.7
2380,17.8,0.0,0.0,16.7,13.8,9.7
2381,18.0,0.0,0.0,16.8,13.9,9.8
2382,18.4,0.0,0.0,17.2,14.2,10.0
2383,18.2,0.0,0.0,17.0,13.9,9.7
2384,17.2,0.0,0.0,15.7,12.4,8.5
2385,15.6,0.0,0.0,14.1,0.0,0.8
2386,14.4,0.0,0.0,13.4,0.0,0.2
2387,14.0,0.0,0.0,13.4,0.0,0.0
2388,13.5,0.0,0.0,13.1,0.0,0.0
2389,12.3,0.0,0.0,4.0,2.4,2.3
2390,12.1,0.0,0.0,3.7,0.0,0.0
2391,11.9,0.0,0.0,3.3,0.0,0.0
2392,12.0,0.0,0.0,3.4,0.0,0.0
2393,12.8,0.0,0.0,3.9,0.0,0.0
2394,13.7,0.0,0.0,4.7,10.4,7.6
2395,14.4,0.0,0.0,5.3,11.4,8.2
2396,15.0,0.0,0.0,0.0,12.1,8.6
2397,15.6,0.0,0.0,0.0,12.5,8.9
2398,15.9,0.0,0.0,0.0,12.7,9.1
2399,16.9,0.0,0.0,0.0,13.6,9.7
2400,17.2,0.0,0.0,16.3,13.7,9.8
2401,16.6,0.0,0.0,15.9,13.6,9.8
2402,16.3,0.0,0.0,15.5,13.1,9.4
2403,15.8,0.0,0.0,14.9,12.4,8.8
2404,16.0,0.0,0.0,15.1,12.6,8.9
2405,15.8,0.0,0.0,14.9,12.3,8.7
2406,16.0,0.0,0.0,15.0,12.4,8.7
2407,15.8,0.0,0.0,14.9,12.2,8.6
2408,15.2,0.0,0.0,14.3,11.4,8.0
2409,13.7,0.0,0.0,13.0,0.0,0.1
2410,13.1,0.0,0.0,12.6,0.0,0.0
2411,11.6,0.0,0.0,11.2,0.0,0.0
2412,9.4,0.0,0.0,9.1,0.0,0.0
2413,8.6,0.0,0.0,0.3,0.0,0.0
2414,9.0,0.0,0.0,0.8,0.0,0.0
2415,10.3,0.0,0.0,1.2,0.0,0.0
2416,1.1,0.0,0.0,0.4,0.0,0.0
2417,0.6,0.0,0.0,0.0,-1.1,0.0
2418,0.1,0.0,0.0,0.0,2.2,4.2
2419,1.1,0.0,0.0,0.8,8.6,6.4
2420,-1.0,0.0,0.0,-1.9,10.9,8.2
2421,0.0,0.0,0.0,0.0,11.8,8.7
2422,0.0,0.0,0.0,0.0,12.7,9.4
2423,0.0,0.0,0.0,0.0,13.3,9.8
2424,8.6,0.0,0.0,15.9,14.0,10.2
2425,15.7,0.0,0.0,15.4,14.0,10.4
2426,16.2,0.0,0.0,15.8,14.2,10.5
2427,16.9,0.0,0.0,16.4,14.7,10.8
2428,17.4,0.0,0.0,16.8,14.9,10.9
2429,17.7,0.0,0.0,17.0,15.0,10.9
2430,18.1,0.0,0.0,17.3,15.2,11.0
2431,16.8,0.0,0.0,16.0,13.5,9.7
2432,14.3,0.0,0.0,13.3,10.5,7.3
2433,12.1,0.0,0.0,11.1,0.0,0.0
2434,9.8,0.0,0.0,8.9,0.0,0.0
2435,7.9,0.0,0.0,7.4,0.0,0.0
2436,6.6,0.0,0.0,6.5,-1.7,0.0
2437,5.7,0.0,0.0,0.0,0.0,0.0
2438,5.0,0.0,0.0,0.0,-4.3,0.0
2439,4.6,0.0,0.0,0.0,-5.8,-0.5
2440,4.6,0.0,0.0,0.0,-7.1,-1.3
2441,4.7,0.0,0.0,0.0,-7.9,-1.9
2442,5.0,0.0,0.0,0.0,1.5,3.0
2443,6.6,0.0,0.0,0.0,6.1,4.8
2444,8.7,0.0,0.0,-12.1,8.3,6.4
2445,10.5,0.0,0.0,-9.2,10.0,7.7
2446,10.9,0.0,0.0,-7.4,10.1,7.6
2447,11.2,0.0,0.0,-5.9,10.1,7.6
2448,12.1,0.0,0.0,12.0,10.8,8.1
2449,10.3,0.0,0.0,10.5,10.0,7.8
2450,12.0,0.0,0.0,12.1,11.5,8.9
2451,12.9,0.0,0.0,12.9,12.1,9.2
2452,13.6,0.0,0.0,13.5,12.6,9.5
2453,13.1,0.0,0.0,12.9,11.7,8.8
2454,14.5,0.0,0.0,14.3,13.0,9.7
2455,13.2,0.0,0.0,12.8,11.2,8.2
2456,10.5,0.0,0.0,10.1,8.0,5.7
2457,7.5,0.0,0.0,7.0,-1.5,0.0
2458,5.5,0.0,0.0,5.1,-4.0,-0.0
2459,3.5,0.0,0.0,3.5,-6.7,-2.0
2460,2.2,0.0,0.0,2.6,-8.7,-3.6
2461,1.4,0.0,0.0,-1.9,-3.9,-0.9
2462,0.6,0.0,0.0,-3.8,-11.3,-5.7
2463,0.4,0.0,0.0,-5.5,-12.7,-6.5
2464,-9.5,0.0,0.0,-7.5,-14.1,-7.3
2465,-11.6,0.0,0.0,-9.7,-15.7,-8.2
2466,-12.8,0.0,0.0,-10.8,-1.3,1.5
2467,-12.6,0.0,0.0,-10.6,2.9,2.7
2468,-29.1,0.0,0.0,-25.7,4.3,3.7
2469,-27.5,0.0,0.0,-24.3,4.7,3.9
2470,-25.7,0.0,0.0,-22.8,5.1,4.2
2471,-23.7,0.0,0.0,-21.1,5.9,4.7
2472,-5.1,0.0,0.0,6.3,6.0,4.8
2473,5.1,0.0,0.0,5.7,5.7,4.7
2474,5.7,0.0,0.0,6.2,6.1,4.9
2475,6.3,0.0,0.0,6.7,6.5,5.2
2476,7.0,0.0,0.0,7.4,7.0,5.5
2477,7.6,0.0,0.0,7.8,7.4,5.7
2478,8.2,0.0,0.0,8.3,7.7,5.9
2479,7.9,0.0,0.0,8.0,7.1,5.4
2480,6.6,0.0,0.0,6.7,5.4,4.1
2481,4.2,0.0,0.0,4.3,2.7,2.0
2482,2.0,0.0,0.0,2.0,0.2,0.2
2483,0.2,0.0,0.0,0.5,-0.2,0.0
2484,0.0,0.0,0.0,0.0,-1.7,-0.6
2485,-1.7,0.0,0.0,-10.9,-2.9,-1.6
2486,-3.8,0.0,0.0,-12.6,-4.0,-2.4
2487,-5.4,0.0,0.0,-14.5,-5.6,-3.3
2488,-19.4,0.0,0.0,-16.5,-7.5,-4.1
2489,-21.1,0.0,0.0,-18.4,-6.7,-4.2
2490,-21.7,0.0,0.0,-19.1,-5.7,0.1
2491,-21.5,0.0,0.0,-18.8,0.7,1.2
2492,-40.0,0.0,0.0,-34.9,2.0,2.2
2493,-37.9,0.0,0.0,-33.1,2.9,2.7
2494,-35.8,0.0,0.0,-31.2,3.6,3.2
2495,-33.7,0.0,0.0,-29.5,4.0,3.5
2496,-13.1,0.0,0.0,4.0,4.2,3.6
2497,1.9,0.0,0.0,2.8,3.6,3.3
2498,2.9,0.0,0.0,3.8,4.3,3.8
2499,3.7,0.0,0.0,4.4,4.9,4.2
2500,4.6,0.0,0.0,5.3,5.6,4.6
2501,5.9,0.0,0.0,6.4,6.6,5.3
2502,6.5,0.0,0.0,6.9,6.9,5.5
2503,5.2,0.0,0.0,5.5,5.1,4.0
2504,3.5,0.0,0.0,3.4,2.7,2.1
2505,1.2,0.0,0.0,1.2,0.2,0.2
2506,-1.5,0.0,0.0,-1.3,-2.3,-1.6
2507,-4.0,0.0,0.0,-3.5,-4.4,-3.2
2508,-3.9,0.0,0.0,-2.8,-4.8,-2.9
2509,-4.9,0.0,0.0,-14.4,-5.4,-3.2
2510,-5.6,0.0,0.0,-14.6,-5.5,-3.2
2511,-6.1,0.0,0.0,-15.3,-6.4,-3.3
2512,-19.8,0.0,0.0,-15.9,-6.9,-3.2
2513,-20.3,0.0,0.0,-16.4,-7.0,-2.9
2514,-20.8,0.0,0.0,-16.8,-7.2,-2.5
2515,-20.2,0.0,0.0,-15.8,-2.3,-0.8
2516,-53.2,0.0,0.0,-46.0,-7.8,0.4
2517,-51.0,0.0,0.0,-44.1,0.3,1.1
2518,-49.1,0.0,0.0,-42.5,0.7,1.3
2519,-46.9,0.0,0.0,-40.6,1.3,1.7
2520,-23.1,0.0,0.0,1.3,2.4,2.5
2521,1.7,0.0,0.0,2.6,3.3,3.1
2522,3.0,0.0,0.0,3.8,4.4,3.8
2523,4.0,0.0,0.0,4.7,5.1,4.3
2524,4.8,0.0,0.0,5.4,5.6,4.6
2525,5.4,0.0,0.0,5.9,6.0,4.8
2526,6.1,0.0,0.0,6.5,6.5,5.1
2527,4.7,0.0,0.0,5.0,4.6,3.6
2528,2.7,0.0,0.0,2.8,2.0,1.5
2529,0.3,0.0,0.0,0.2,-13.7,-8.9
2530,-2.7,0.0,0.0,-2.5,-16.1,-10.6
2531,-3.3,0.0,0.0,-2.7,-17.2,-11.2
2532,-4.5,0.0,0.0,-3.4,-18.3,-11.8
2533,-5.6,0.0,0.0,-15.1,-12.5,-7.9
2534,-6.3,0.0,0.0,-15.4,-19.3,-12.2
2535,-6.8,0.0,0.0,-16.1,-20.3,-12.5
2536,-6.7,0.0,0.0,-16.5,-21.0,-12.4
2537,-6.3,0.0,0.0,-16.7,-21.2,-12.0
2538,-5.7,0.0,0.0,-16.3,-6.4,-2.1
2539,-4.1,0.0,0.0,-14.9,-1.5,-0.2
2540,-14.1,0.0,0.0,-44.1,0.0,0.8
2541,-12.4,0.0,0.0,-42.2,0.8,1.4
2542,-10.6,0.0,0.0,-40.2,1.6,1.9
2543,0.2,0.0,0.0,-38.1,2.3,2.4
2544,1.0,0.0,0.0,2.0,2.9,2.8
2545,2.7,0.0,0.0,3.5,3.9,3.4
2546,3.7,0.0,0.0,4.3,4.6,3.9
2547,4.7,0.0,0.0,5.3,5.5,4.5
2548,5.1,0.0,0.0,5.6,5.6,4.5
2549,5.4,0.0,0.0,5.8,5.7,4.5
2550,5.8,0.0,0.0,6.1,5.9,4.6
2551,5.3,0.0,0.0,5.5,5.0,3.8
2552,3.9,0.0,0.0,3.8,3.0,2.2
2553,2.0,0.0,0.0,1.9,-11.5,-7.1
2554,0.0,0.0,0.0,0.0,-14.0,-8.9
2555,-2.4,0.0,0.0,-2.0,-16.2,-10.5
2556,-5.1,0.0,0.0,-4.2,-18.3,-12.1
2557,-4.2,0.0,0.0,-13.6,-11.3,-7.1
2558,-4.8,0.0,0.0,-13.8,-18.0,-11.3
2559,-5.1,0.0,0.0,-14.3,-18.8,-11.4
2560,-5.1,0.0,0.0,-14.8,-19.4,-11.4
2561,-4.7,0.0,0.0,-14.9,-19.7,-11.0
2562,-13.5,0.0,0.0,-24.5,-11.0,-7.1
2563,-13.1,0.0,0.0,-24.3,-6.7,0.2
2564,-11.1,0.0,0.0,-40.6,0.9,1.4
2565,-9.3,0.0,0.0,-38.5,1.9,2.1
2566,0.2,0.0,0.0,-36.8,2.2,2.3
2567,1.3,0.0,0.0,-34.7,3.1,2.9
2568,2.3,0.0,0.0,3.2,3.9,3.4
2569,5.1,0.0,0.0,5.4,5.1,4.0
2570,5.4,0.0,0.0,5.6,5.2,4.1
2571,6.3,0.0,0.0,6.5,6.0,4.6
2572,7.1,0.0,0.0,7.2,6.6,5.0
2573,7.7,0.0,0.0,7.7,7.0,5.3
2574,8.3,0.0,0.0,8.3,7.5,5.6
2575,7.9,0.0,0.0,7.8,6.8,5.0
2576,6.4,0.0,0.0,6.0,4.7,3.3
2577,4.0,0.0,0.0,3.6,-7.9,-3.9
2578,2.3,0.0,0.0,2.4,-9.9,-5.3
2579,1.0,0.0,0.0,1.3,-11.7,-6.7
2580,0.0,0.0,0.0,0.4,-13.7,-8.2
2581,-0.7,0.0,0.0,-9.8,-8.6,-5.1
2582,-2.2,0.0,0.0,-11.0,-15.5,-9.6
2583,-3.2,0.0,0.0,-12.2,-16.6,-10.1
2584,-16.3,0.0,0.0,-13.6,-17.8,-10.6
2585,-17.5,0.0,0.0,-15.0,-18.8,-11.0
2586,-18.6,0.0,0.0,-16.2,-6.5,0.8
2587,-18.5,0.0,0.0,-15.9,2.9,2.8
2588,-35.3,0.0,0.0,-30.7,4.7,4.1
2589,-32.2,0.0,0.0,-28.0,5.7,4.8
2590,-29.3,0.0,0.0,-25.6,6.4,5.2
2591,-26.3,0.0,0.0,-23.1,7.0,5.6
2592,-5.7,0.0,0.0,7.7,7.6,6.0
2593,11.3,0.0,0.0,10.9,9.4,6.9
2594,11.9,0.0,0.0,11.5,10.0,7.2
2595,12.3,0.0,0.0,11.8,10.2,7.4
2596,12.7,0.0,0.0,12.1,10.4,7.5
2597,13.0,0.0,0.0,12.4,10.6,7.6
2598,12.8,0.0,0.0,12.2,10.3,7.3
2599,12.3,0.0,0.0,11.7,9.5,6.7
2600,11.5,0.0,0.0,10.7,8.3,5.7
2601,10.6,0.0,0.0,10.1,0.0,0.0
2602,10.3,0.0,0.0,10.0,0.0,0.0
2603,9.0,0.0,0.0,8.8,0.0,0.0
2604,9.2,0.0,0.0,9.2,0.0,0.0
2605,9.6,0.0,0.0,0.3,1.1,1.3
2606,8.9,0.0,0.0,0.0,0.0,0.0
2607,6.8,0.0,0.0,0.0,-2.6,0.0
2608,6.5,0.0,0.0,0.0,-3.5,0.0
2609,7.1,0.0,0.0,0.0,-2.7,0.0
2610,7.7,0.0,0.0,0.0,5.8,4.2
2611,7.9,0.0,0.0,0.0,6.2,4.4
2612,9.0,0.0,0.0,-7.1,7.4,5.4
2613,9.4,0.0,0.0,-6.3,7.7,5.6
2614,9.6,0.0,0.0,-5.6,7.8,5.6
2615,10.0,0.0,0.0,-4.8,8.2,5.9
2616,10.5,0.0,0.0,10.2,8.6,6.2
2617,9.1,0.0,0.0,9.3,8.5,6.5
2618,9.9,0.0,0.0,10.0,9.1,6.9
2619,10.7,0.0,0.0,10.6,9.7,7.3
2620,11.1,0.0,0.0,11.0,9.9,7.4
2621,11.3,0.0,0.0,11.1,9.9,7.3
2622,11.7,0.0,0.0,11.4,10.1,7.4
2623,11.3,0.0,0.0,11.0,9.4,6.8
2624,9.6,0.0,0.0,9.1,7.1,5.0
2625,8.2,0.0,0.0,7.8,-1.3,0.0
2626,6.5,0.0,0.0,6.1,-3.4,0.0
2627,5.2,0.0,0.0,5.2,-5.2,-1.1
2628,3.6,0.0,0.0,4.1,-7.3,-2.6
2629,2.5,0.0,0.0,-0.6,-2.8,-0.0
2630,1.6,0.0,0.0,-2.2,-10.0,-4.8
2631,0.9,0.0,0.0,-4.4,-12.0,-6.0
2632,-8.5,0.0,0.0,-6.5,-13.5,-6.9
2633,-9.6,0.0,0.0,-7.9,-12.1,-6.8
2634,-9.7,0.0,0.0,-8.1,2.3,2.2
2635,-8.9,0.0,0.0,-7.4,3.6,3.0
2636,-25.2,0.0,0.0,-22.6,4.3,3.5
2637,-23.8,0.0,0.0,-21.4,4.8,3.9
2638,-22.4,0.0,0.0,-20.2,5.1,4.1
2639,-21.2,0.0,0.0,-19.3,5.3,4.2
2640,-3.5,0.0,0.0,6.2,5.6,4.4
2641,5.7,0.0,0.0,6.2,6.0,4.9
2642,6.9,0.0,0.0,7.3,7.0,5.5
2643,8.3,0.0,0.0,8.6,8.2,6.4
2644,8.9,0.0,0.0,9.1,8.6,6.6
2645,9.2,0.0,0.0,9.3,8.6,6.6
2646,8.9,0.0,0.0,8.9,8.1,6.1
2647,7.3,0.0,0.0,7.2,6.1,4.5
2648,5.6,0.0,0.0,5.4,3.9,2.8
2649,3.8,0.0,0.0,3.8,2.0,1.4
2650,1.7,0.0,0.0,1.9,0.0,0.0
2651,0.0,0.0,0.0,0.2,-0.3,0.0
2652,0.0,0.0,0.0,0.0,-2.3,-1.1
2653,-2.9,0.0,0.0,-12.0,-4.1,-2.6
2654,-3.8,0.0,0.0,-12.6,-4.5,-2.8
2655,-4.0,0.0,0.0,-13.0,-4.8,-2.6
2656,-16.8,0.0,0.0,-13.7,-5.5,-2.6
2657,-16.8,0.0,0.0,-13.8,-4.6,-1.8
2658,-16.4,0.0,0.0,-13.2,-2.8,-0.7
2659,-22.3,0.0,0.0,-19.5,0.6,1.1
2660,-39.0,0.0,0.0,-33.7,4.0,3.7
2661,-36.2,0.0,0.0,-31.3,4.7,4.2
2662,-34.2,0.0,0.0,-29.8,4.4,3.9
2663,-31.0,0.0,0.0,-27.1,5.8,4.8
2664,-10.1,0.0,0.0,5.8,6.0,4.9
2665,7.0,0.0,0.0,7.2,6.7,5.1
2666,7.3,0.0,0.0,7.4,6.8,5.2
2667,7.6,0.0,0.0,7.7,6.9,5.2
2668,8.0,0.0,0.0,8.0,7.1,5.4
2669,8.4,0.0,0.0,8.3,7.3,5.5
2670,8.7,0.0,0.0,8.6,7.6,5.6
2671,8.8,0.0,0.0,8.7,7.5,5.5
2672,7.2,0.0,0.0,7.1,5.4,3.9
2673,6.4,0.0,0.0,6.5,4.6,3.3
2674,4.5,0.0,0.0,4.7,2.5,1.7
2675,2.5,0.0,0.0,2.7,0.1,0.1
2676,1.4,0.0,0.0,2.1,0.0,0.0
2677,0.5,0.0,0.0,-5.5,0.0,0.0
2678,0.0,0.0,0.0,-7.0,-0.5,0.0
2679,0.0,0.0,0.0,-8.6,-1.8,-0.2
2680,-12.5,0.0,0.0,-10.2,-3.0,-0.7
2681,-14.0,0.0,0.0,-11.9,-4.0,0.1
2682,-15.4,0.0,0.0,-13.2,-4.4,0.9
2683,-14.9,0.0,0.0,-12.7,3.4,3.0
2684,-30.7,0.0,0.0,-26.8,5.5,4.6
2685,-28.0,0.0,0.0,-24.5,6.3,5.1
2686,-25.7,0.0,0.0,-22.7,6.4,5.1
2687,-22.3,0.0,0.0,-19.7,7.8,6.2
2688,-2.3,0.0,0.0,8.8,8.6,6.7
2689,10.1,0.0,0.0,10.1,9.3,7.1
2690,10.6,0.0,0.0,10.5,9.6,7.2
2691,11.7,0.0,0.0,11.5,10.5,7.9
2692,11.5,0.0,0.0,11.2,10.0,7.4
2693,10.6,0.0,0.0,10.3,8.9,6.5
2694,10.4,0.0,0.0,10.0,8.6,6.2
2695,10.5,0.0,0.0,10.1,8.5,6.1
2696,10.1,0.0,0.0,9.8,7.8,5.6
2697,7.5,0.0,0.0,6.9,-2.1,0.0
2698,5.7,0.0,0.0,5.4,-4.3,-0.4
2699,4.0,0.0,0.0,4.0,-6.5,-2.1
2700,2.7,0.0,0.0,3.3,-8.4,-3.5
2701,1.5,0.0,0.0,-2.1,-3.9,-1.1
2702,0.8,0.0,0.0,-3.8,-11.1,-5.8
2703,1.0,0.0,0.0,-5.1,-12.0,-6.3
2704,1.2,0.0,0.0,-6.5,-12.9,-6.7
2705,1.4,0.0,0.0,-7.9,-13.6,-7.1
2706,2.0,0.0,0.0,-8.5,-0.5,1.7
2707,3.4,0.0,0.0,-7.9,3.9,3.2
2708,5.4,0.0,0.0,-21.8,5.9,4.8
2709,6.8,0.0,0.0,-19.4,7.1,5.6
2710,7.6,0.0,0.0,-17.3,7.7,6.0
2711,8.9,0.0,0.0,-14.7,8.8,6.8
2712,9.3,0.0,0.0,9.5,8.9,6.8
2713,7.5,0.0,0.0,8.1,8.1,6.4
2714,8.9,0.0,0.0,9.3,9.1,7.2
2715,9.6,0.0,0.0,9.8,9.5,7.4
2716,10.4,0.0,0.0,10.6,10.1,7.8
2717,10.9,0.0,0.0,10.9,10.3,7.8
2718,11.3,0.0,0.0,11.2,10.4,7.8
2719,9.8,0.0,0.0,9.7,8.5,6.3
2720,6.6,0.0,0.0,6.1,4.5,3.1
2721,3.8,0.0,0.0,3.6,-7.2,-3.1
2722,1.6,0.0,0.0,1.6,-9.9,-5.2
2723,0.0,0.0,0.0,0.0,-12.6,-7.2
2724,0.0,0.0,0.0,0.0,-14.5,-8.7
2725,-2.5,0.0,0.0,-11.5,-10.1,-6.4
2726,-2.9,0.0,0.0,-11.7,-16.3,-10.3
2727,-2.9,0.0,0.0,-12.2,-16.4,-10.2
2728,-3.2,0.0,0.0,-12.6,-17.8,-10.4
2729,-3.3,0.0,0.0,-13.1,-17.8,-10.2
2730,-2.5,0.0,0.0,-12.7,-2.4,-0.6
2731,-6.6,0.0,0.0,-17.3,0.5,1.0
2732,0.9,0.0,0.0,-32.6,2.4,2.4
2733,0.9,0.0,0.0,-31.9,2.2,2.2
2734,1.8,0.0,0.0,-30.3,3.0,2.7
2735,2.5,0.0,0.0,-28.8,3.6,3.1
2736,2.7,0.0,0.0,3.4,3.6,3.1
2737,4.2,0.0,0.0,4.7,4.5,3.7
2738,4.6,0.0,0.0,5.0,4.8,3.8
2739,6.2,0.0,0.0,6.5,6.2,4.9
2740,7.1,0.0,0.0,7.3,6.9,5.4
2741,7.4,0.0,0.0,7.6,7.0,5.4
2742,7.9,0.0,0.0,8.0,7.3,5.6
2743,6.7,0.0,0.0,6.7,5.8,4.3
2744,4.6,0.0,0.0,4.7,3.3,2.4
2745,2.7,0.0,0.0,2.9,-9.2,-4.9
2746,1.5,0.0,0.0,2.0,-10.7,-6.0
2747,0.1,0.0,0.0,0.8,-12.4,-7.4
2748,-2.0,0.0,0.0,0.0,-16.1,-10.4
2749,-2.5,0.0,0.0,-12.0,-9.8,-6.3
2750,-2.5,0.0,0.0,-12.2,-15.7,-10.1
2751,-1.7,0.0,0.0,-11.8,-14.6,-9.3
2752,-15.6,0.0,0.0,-13.8,-14.9,-9.9
2753,-15.0,0.0,0.0,-13.2,-13.8,-9.1
2754,-14.9,0.0,0.0,-13.1,1.3,1.3
2755,-14.7,0.0,0.0,-12.9,1.5,1.4
2756,-32.6,0.0,0.0,-29.0,2.1,1.9
2757,-31.7,0.0,0.0,-28.3,2.4,2.1
2758,-31.4,0.0,0.0,-28.2,1.9,1.7
2759,-30.8,0.0,0.0,-27.6,2.1,1.8
2760,-11.6,0.0,0.0,2.9,2.8,2.4
2761,6.9,0.0,0.0,6.5,5.0,3.5
2762,7.1,0.0,0.0,6.7,5.2,3.6
2763,7.5,0.0,0.0,7.1,5.6,3.9
2764,7.9,0.0,0.0,7.5,5.9,4.2
2765,8.6,0.0,0.0,8.2,6.6,4.7
2766,8.0,0.0,0.0,7.6,6.0,4.2
2767,7.8,0.0,0.0,7.4,5.6,3.9
2768,7.3,0.0,0.0,7.0,5.1,3.5
2769,6.8,0.0,0.0,6.6,-2.6,0.0
2770,6.6,0.0,0.0,6.4,-2.9,0.0
2771,5.7,0.0,0.0,5.7,-4.0,-0.4
2772,5.9,0.0,0.0,5.8,-3.9,-0.4
2773,5.6,0.0,0.0,0.0,0.0,0.0
2774,5.8,0.0,0.0,0.0,-4.3,-0.8
2775,6.1,0.0,0.0,0.0,-4.0,-0.6
2776,7.2,0.0,0.0,0.0,-2.9,0.0
2777,7.6,0.0,0.0,0.0,-2.4,0.0
2778,7.7,0.0,0.0,0.0,6.2,4.4
2779,7.8,0.0,0.0,0.0,6.2,4.4
2780,8.2,0.0,0.0,-9.0,6.6,4.7
2781,8.5,0.0,0.0,-8.5,6.9,4.9
2782,9.4,0.0,0.0,-7.2,7.8,5.6
2783,9.7,0.0,0.0,-6.3,8.0,5.7
2784,10.4,0.0,0.0,10.1,8.6,6.2
2785,8.5,0.0,0.0,8.4,7.4,5.5
2786,8.4,0.0,0.0,8.3,7.1,5.3
2787,8.6,0.0,0.0,8.4,7.2,5.3
2788,8.5,0.0,0.0,8.3,7.1,5.2
2789,8.5,0.0,0.0,8.3,6.9,5.0
2790,8.6,0.0,0.0,8.4,7.0,5.0
2791,8.5,0.0,0.0,8.3,6.7,4.8
2792,7.4,0.0,0.0,7.1,5.2,3.6
2793,7.0,0.0,0.0,7.0,-2.6,0.0
2794,5.8,0.0,0.0,5.9,-4.0,-0.4
2795,5.5,0.0,0.0,5.8,-4.6,-0.9
2796,5.2,0.0,0.0,5.5,-5.2,-1.3
2797,3.8,0.0,0.0,0.0,-0.9,0.0
2798,2.8,0.0,0.0,-0.8,-8.4,-3.8
2799,2.0,0.0,0.0,-2.3,-10.2,-4.8
2800,-5.6,0.0,0.0,-3.9,-11.8,-5.5
2801,-6.4,0.0,0.0,-5.0,-10.0,-5.1
2802,-6.9,0.0,0.0,-5.5,2.1,2.2
2803,-6.2,0.0,0.0,-4.9,4.1,3.3
2804,-21.7,0.0,0.0,-19.7,5.1,4.0
2805,-20.1,0.0,0.0,-18.3,5.8,4.5
2806,-18.3,0.0,0.0,-16.7,6.4,5.0
2807,-16.6,0.0,0.0,-15.3,6.9,5.2
2808,0.0,0.0,0.0,7.6,6.8,5.1
2809,6.5,0.0,0.0,6.9,6.6,5.2
2810,6.6,0.0,0.0,7.0,6.6,5.1
2811,6.8,0.0,0.0,7.0,6.5,5.0
2812,6.8,0.0,0.0,7.0,6.3,4.9
2813,6.9,0.0,0.0,7.0,6.3,4.8
2814,7.1,0.0,0.0,7.1,6.3,4.7
2815,7.0,0.0,0.0,7.0,6.0,4.5
2816,6.7,0.0,0.0,6.8,5.5,4.1
2817,6.5,0.0,0.0,6.6,5.4,4.0
2818,4.8,0.0,0.0,5.1,3.4,2.4
2819,3.2,0.0,0.0,3.6,1.5,1.1
2820,2.5,0.0,0.0,3.1,1.0,0.8
2821,0.7,0.0,0.0,-5.2,0.0,0.0
2822,0.0,0.0,0.0,-10.5,-3.4,-2.2
2823,-2.1,0.0,0.0,-11.3,-3.5,-2.1
2824,-14.1,0.0,0.0,-12.0,-3.9,-2.1
2825,-14.7,0.0,0.0,-12.8,-1.6,0.1
2826,-13.9,0.0,0.0,-12.1,1.5,1.5
2827,-13.9,0.0,0.0,-12.1,1.6,1.6
2828,-31.9,0.0,0.0,-28.4,1.9,1.8
2829,-30.6,0.0,0.0,-27.3,2.8,2.4
2830,-30.1,0.0,0.0,-26.9,2.5,2.2
2831,-29.5,0.0,0.0,-26.4,2.5,2.2
2832,-10.5,0.0,0.0,3.4,3.2,2.7
2833,4.0,0.0,0.0,4.3,3.8,3.0
2834,4.2,0.0,0.0,4.5,3.9,3.1
2835,4.5,0.0,0.0,4.7,4.1,3.2
2836,5.1,0.0,0.0,5.3,4.6,3.6
2837,6.1,0.0,0.0,6.2,5.6,4.2
2838,6.4,0.0,0.0,6.5,5.7,4.3
2839,6.4,0.0,0.0,6.5,5.5,4.1
2840,6.6,0.0,0.0,6.6,5.5,4.1
2841,4.9,0.0,0.0,5.2,3.6,2.7
2842,3.6,0.0,0.0,3.9,2.0,1.4
2843,1.3,0.0,0.0,1.8,0.0,0.0
2844,0.0,0.0,0.0,0.8,-0.7,0.0
2845,0.4,0.0,0.0,-8.0,-0.2,0.0
2846,-0.8,0.0,0.0,-9.3,-1.7,-0.7
2847,-1.9,0.0,0.0,-10.8,-2.9,-1.3
2848,-15.1,0.0,0.0,-12.5,-4.2,-1.9
2849,-16.4,0.0,0.0,-14.1,-5.2,-2.3
2850,-17.9,0.0,0.0,-15.4,-5.5,0.4
2851,-17.7,0.0,0.0,-15.2,2.2,2.2
2852,-35.1,0.0,0.0,-30.6,3.6,3.2
2853,-31.5,0.0,0.0,-27.4,5.7,4.8
2854,-28.6,0.0,0.0,-25.1,6.3,5.2
2855,-25.9,0.0,0.0,-22.7,6.9,5.5
2856,-6.0,0.0,0.0,7.1,7.0,5.5
2857,9.8,0.0,0.0,9.5,8.3,6.1
2858,9.6,0.0,0.0,9.3,8.0,5.8
2859,9.4,0.0,0.0,9.1,7.7,5.5
2860,9.6,0.0,0.0,9.2,7.7,5.5
2861,10.0,0.0,0.0,9.6,8.1,5.8
2862,9.9,0.0,0.0,9.5,7.9,5.6
2863,9.0,0.0,0.0,8.6,6.8,4.8
2864,8.1,0.0,0.0,7.7,5.7,3.9
2865,7.0,0.0,0.0,6.8,-2.1,0.0
2866,6.2,0.0,0.0,6.1,-3.1,0.0
2867,5.5,0.0,0.0,5.5,-4.0,-0.3
2868,5.9,0.0,0.0,5.8,-3.8,-0.2
2869,7.1,0.0,0.0,0.0,0.0,0.0
2870,5.7,0.0,0.0,0.0,-4.3,-0.7
2871,6.3,0.0,0.0,0.0,-3.8,-0.3
2872,6.2,0.0,0.0,0.0,-3.8,-0.4
2873,5.6,0.0,0.0,0.0,-4.7,-1.0
2874,5.9,0.0,0.0,0.0,3.8,3.0
2875,6.9,0.0,0.0,0.0,5.5,4.1
2876,7.3,0.0,0.0,-11.2,6.1,4.4
2877,7.7,0.0,0.0,-10.6,6.4,4.7
2878,8.1,0.0,0.0,-9.8,6.8,4.9
2879,8.5,0.0,0.0,-9.0,7.1,5.2
2880,8.9,0.0,0.0,8.7,7.4,5.3
2881,10.0,0.0,0.0,9.5,7.8,5.5
2882,10.1,0.0,0.0,9.6,7.8,5.5
2883,9.9,0.0,0.0,9.4,7.6,5.3
2884,10.0,0.0,0.0,9.5,7.6,5.4
2885,10.0,0.0,0.0,9.5,7.6,5.4
2886,10.2,0.0,0.0,9.7,7.8,5.5
2887,10.2,0.0,0.0,9.6,7.6,5.4
2888,9.9,0.0,0.0,9.4,7.3,5.1
2889,9.5,0.0,0.0,9.0,0.0,0.0
2890,9.6,0.0,0.0,9.2,0.0,0.0
2891,10.4,0.0,0.0,10.0,0.0,0.0
2892,10.0,0.0,0.0,9.7,0.0,0.0
2893,9.2,0.0,0.0,0.0,0.6,1.0
2894,8.7,0.0,0.0,0.0,0.0,0.0
2895,7.1,0.0,0.0,0.0,-1.9,0.0
2896,7.2,0.0,0.0,0.0,-2.3,0.0
2897,6.8,0.0,0.0,0.0,-4.7,0.0
2898,8.1,0.0,0.0,0.0,6.3,4.6
2899,9.0,0.0,0.0,0.0,7.3,5.4
2900,9.5,0.0,0.0,-6.3,7.9,5.8
2901,9.6,0.0,0.0,-5.8,8.0,5.8
2902,10.0,0.0,0.0,-4.9,8.3,6.0
2903,10.3,0.0,0.0,-4.1,8.5,6.1
2904,11.4,0.0,0.0,11.0,9.5,6.8
2905,10.0,0.0,0.0,9.8,8.4,6.2
2906,10.2,0.0,0.0,9.9,8.4,6.2
2907,11.0,0.0,0.0,10.7,9.2,6.7
2908,11.0,0.0,0.0,10.6,9.0,6.5
2909,11.9,0.0,0.0,11.5,9.8,7.1
2910,12.0,0.0,0.0,11.6,9.8,7.1
2911,10.7,0.0,0.0,10.2,8.1,5.7
2912,9.3,0.0,0.0,8.8,6.5,4.4
2913,8.5,0.0,0.0,8.3,-0.1,0.0
2914,8.1,0.0,0.0,8.1,-0.7,0.0
2915,7.8,0.0,0.0,8.0,-1.2,0.0
2916,8.4,0.0,0.0,8.5,-0.6,0.0
2917,8.6,0.0,0.0,0.0,0.4,1.0
2918,5.9,0.0,0.0,0.0,-3.5,0.0
2919,6.2,0.0,0.0,0.0,-3.8,0.0
2920,0.0,0.0,0.0,0.0,-4.0,-0.0
2921,0.0,0.0,0.0,0.0,-4.3,-0.2
2922,0.0,0.0,0.0,0.0,0.7,3.1
2923,0.0,0.0,0.0,0.0,0.5,3.9
2924,-14.5,0.0,0.0,-13.3,7.8,6.0
2925,-12.4,0.0,0.0,-11.6,8.4,6.4
2926,-10.9,0.0,0.0,-10.4,8.3,6.3
2927,-9.5,0.0,0.0,-9.3,8.3,6.2
2928,0.4,0.0,0.0,9.9,8.8,6.5
2929,10.0,0.0,0.0,10.0,9.0,6.8
2930,10.4,0.0,0.0,10.3,9.2,6.9
2931,10.4,0.0,0.0,10.3,9.0,6.7
2932,10.3,0.0,0.0,10.1,8.8,6.5
2933,10.7,0.0,0.0,10.4,9.0,6.6
2934,11.1,0.0,0.0,10.8,9.3,6.8
2935,10.1,0.0,0.0,9.8,7.9,5.7
2936,10.1,0.0,0.0,9.8,7.6,5.5
2937,8.7,0.0,0.0,8.6,-0.3,0.0
2938,7.5,0.0,0.0,7.6,-1.7,0.0
2939,5.7,0.0,0.0,5.8,-4.3,-0.3
2940,4.9,0.0,0.0,5.5,-5.4,-1.1
2941,3.4,0.0,0.0,0.0,-1.2,0.0
2942,3.8,0.0,0.0,0.0,-7.1,-2.5
2943,3.8,0.0,0.0,-0.1,-7.9,-3.1
2944,3.6,0.0,0.0,-1.3,-10.0,-3.7
2945,4.0,0.0,0.0,-2.6,-11.2,-4.1
2946,3.9,0.0,0.0,-4.0,0.0,2.7
2947,3.9,0.0,0.0,-4.9,0.1,3.4
2948,6.1,0.0,0.0,-20.5,6.6,5.3
2949,7.2,0.0,0.0,-18.3,7.6,6.0
2950,8.2,0.0,0.0,-16.0,8.3,6.5
2951,9.7,0.0,0.0,-13.1,9.6,7.4
2952,10.6,0.0,0.0,10.9,10.2,7.8
2953,11.5,0.0,0.0,11.5,10.8,8.2
2954,12.2,0.0,0.0,12.1,11.2,8.5
2955,12.7,0.0,0.0,12.6,11.5,8.6
2956,13.6,0.0,0.0,13.3,12.1,9.0
2957,14.0,0.0,0.0,13.6,12.3,9.1
2958,14.0,0.0,0.0,13.6,12.1,8.8
2959,12.2,0.0,0.0,11.7,9.7,6.9
2960,9.8,0.0,0.0,9.0,6.8,4.5
2961,7.7,0.0,0.0,7.1,-1.4,0.0
2962,6.2,0.0,0.0,6.0,-3.2,0.0
2963,4.3,0.0,0.0,4.5,-5.6,-1.3
2964,3.2,0.0,0.0,3.9,-7.3,-2.7
2965,2.7,0.0,0.0,0.0,-2.1,0.0
2966,2.6,0.0,0.0,-0.8,-8.6,-3.8
2967,1.5,0.0,0.0,-2.8,-11.1,-5.2
2968,-6.1,0.0,0.0,-4.5,-10.7,-5.4
2969,-7.7,0.0,0.0,-6.0,-12.6,-6.2
2970,-8.7,0.0,0.0,-7.0,0.7,1.8
2971,-8.8,0.0,0.0,-7.0,2.1,2.7
2972,-25.1,0.0,0.0,-22.4,4.6,3.8
2973,-22.1,0.0,0.0,-19.6,6.8,5.4
2974,-19.7,0.0,0.0,-17.6,7.4,5.8
2975,-17.2,0.0,0.0,-15.6,8.0,6.2
2976,0.0,0.0,0.0,9.6,9.0,6.9
2977,9.7,0.0,0.0,9.9,9.4,7.2
2978,10.6,0.0,0.0,10.6,10.0,7.6
2979,11.2,0.0,0.0,11.2,10.3,7.8
2980,11.8,0.0,0.0,11.7,10.7,8.0
2981,12.5,0.0,0.0,12.3,11.2,8.3
2982,12.5,0.0,0.0,12.3,10.9,8.1
2983,10.5,0.0,0.0,10.2,8.4,6.1
2984,7.7,0.0,0.0,7.2,5.1,3.4
2985,5.2,0.0,0.0,4.9,2.6,1.6
2986,3.6,0.0,0.0,3.6,1.1,0.6
2987,2.4,0.0,0.0,2.8,0.0,0.0
2988,1.4,0.0,0.0,2.3,0.0,0.0
2989,0.7,0.0,0.0,-4.1,0.0,0.0
2990,0.4,0.0,0.0,-5.5,0.0,0.0
2991,0.6,0.0,0.0,-6.9,-0.0,0.0
2992,-10.1,0.0,0.0,-8.1,-0.7,0.2
2993,-11.4,0.0,0.0,-9.4,-1.8,0.5
2994,-12.4,0.0,0.0,-10.3,-1.5,1.3
2995,-12.4,0.0,0.0,-10.3,1.5,2.5
2996,-29.2,0.0,0.0,-25.6,4.5,3.8
2997,-26.6,0.0,0.0,-23.5,5.7,4.7
2998,-24.0,0.0,0.0,-21.2,6.7,5.4
2999,-21.7,0.0,0.0,-19.4,7.0,5.5
3000,-3.2,0.0,0.0,7.3,7.0,5.4
3001,7.1,0.0,0.0,7.4,7.0,5.4
3002,7.3,0.0,0.0,7.4,6.9,5.3
3003,7.5,0.0,0.0,7.6,6.9,5.3
3004,7.8,0.0,0.0,7.8,7.0,5.3
3005,8.6,0.0,0.0,8.6,7.7,5.8
3006,8.9,0.0,0.0,8.8,7.8,5.8
3007,8.6,0.0,0.0,8.5,7.1,5.3
3008,7.1,0.0,0.0,6.8,5.1,3.5
3009,5.9,0.0,0.0,5.8,3.9,2.7
3010,4.2,0.0,0.0,4.3,2.2,1.5
3011,2.7,0.0,0.0,3.2,0.7,0.5
3012,2.4,0.0,0.0,3.3,0.8,0.7
3013,0.9,0.0,0.0,-5.0,0.0,0.0
3014,0.5,0.0,0.0,-6.0,0.0,0.0
3015,0.4,0.0,0.0,-7.4,-0.9,0.0
3016,-11.5,0.0,0.0,-9.1,-2.2,-0.2
3017,-12.7,0.0,0.0,-10.6,-1.7,0.7
3018,-12.7,0.0,0.0,-10.8,1.9,1.9
3019,-12.0,0.0,0.0,-10.1,2.7,2.6
3020,-29.0,0.0,0.0,-25.7,3.9,3.2
3021,-27.4,0.0,0.0,-24.4,4.4,3.6
3022,-26.2,0.0,0.0,-23.4,4.4,3.6
3023,-24.8,0.0,0.0,-22.3,4.7,3.8
3024,-6.1,0.0,0.0,5.6,5.3,4.2
3025,6.0,0.0,0.0,6.2,5.6,4.3
3026,6.5,0.0,0.0,6.6,5.9,4.5
3027,6.5,0.0,0.0,6.6,5.7,4.3
3028,6.7,0.0,0.0,6.7,5.8,4.4
3029,6.9,0.0,0.0,6.9,5.9,4.4
3030,6.8,0.0,0.0,6.7,5.7,4.2
3031,6.6,0.0,0.0,6.6,5.4,3.9
3032,6.1,0.0,0.0,6.1,4.6,3.3
3033,5.5,0.0,0.0,5.6,-5.2,-1.6
3034,5.0,0.0,0.0,5.2,-5.9,-2.1
3035,3.3,0.0,0.0,3.8,-7.9,-3.7
3036,2.8,0.0,0.0,3.4,-8.8,-4.4
3037,2.8,0.0,0.0,-3.2,-2.7,-0.7
3038,3.4,0.0,0.0,-3.2,-8.3,-4.2
3039,3.2,0.0,0.0,-3.7,-8.7,-4.5
3040,3.0,0.0,0.0,-4.3,-8.9,-4.7
3041,2.0,0.0,0.0,-5.5,-10.3,-5.7
3042,1.6,0.0,0.0,-6.3,0.0,0.6
3043,1.2,0.0,0.0,-7.2,-1.3,0.7
3044,3.1,0.0,0.0,-23.2,3.2,2.6
3045,4.1,0.0,0.0,-22.0,4.2,3.4
3046,4.3,0.0,0.0,-21.3,4.2,3.4
3047,4.8,0.0,0.0,-20.2,4.7,3.7
3048,5.6,0.0,0.0,6.0,5.5,4.2
3049,7.3,0.0,0.0,7.2,6.0,4.4
3050,7.6,0.0,0.0,7.4,6.2,4.5
3051,7.7,0.0,0.0,7.5,6.2,4.5
3052,7.9,0.0,0.0,7.7,6.3,4.6
3053,7.8,0.0,0.0,7.5,6.2,4.4
3054,7.8,0.0,0.0,7.6,6.1,4.4
3055,7.8,0.0,0.0,7.5,6.0,4.3
3056,8.2,0.0,0.0,7.9,6.3,4.5
3057,7.0,0.0,0.0,7.0,-2.7,0.0
3058,6.8,0.0,0.0,6.9,-3.1,0.0
3059,7.3,0.0,0.0,7.3,-2.4,0.0
3060,7.5,0.0,0.0,7.6,-2.3,0.0
3061,7.0,0.0,0.0,0.0,0.0,0.0
3062,4.9,0.0,0.0,0.0,-5.5,-1.4
3063,5.2,0.0,0.0,0.0,-5.7,-1.5
3064,5.2,0.0,0.0,0.0,-6.2,-1.8
3065,4.8,0.0,0.0,0.0,-7.6,-2.4
3066,5.0,0.0,0.0,-0.1,1.8,2.8
3067,5.6,0.0,0.0,-0.4,3.5,3.7
3068,6.8,0.0,0.0,-15.2,6.2,4.7
3069,7.6,0.0,0.0,-13.8,7.0,5.3
3070,7.8,0.0,0.0,-12.8,7.0,5.3
3071,7.9,0.0,0.0,-12.0,7.0,5.2
3072,8.9,0.0,0.0,8.9,7.9,5.8
3073,11.5,0.0,0.0,10.9,8.9,6.3
3074,11.6,0.0,0.0,11.0,8.9,6.3
3075,11.9,0.0,0.0,11.2,9.2,6.4
3076,11.7,0.0,0.0,11.0,9.0,6.3
3077,12.1,0.0,0.0,11.4,9.2,6.5
3078,12.4,0.0,0.0,11.7,9.5,6.7
3079,11.9,0.0,0.0,11.2,8.8,6.2
3080,11.3,0.0,0.0,10.7,8.2,5.7
3081,9.8,0.0,0.0,9.4,0.0,0.0
3082,10.6,0.0,0.0,10.2,0.0,0.0
3083,9.7,0.0,0.0,9.4,0.0,0.0
3084,10.6,0.0,0.0,10.3,0.0,0.0
3085,10.9,0.0,0.0,1.4,2.4,2.2
3086,10.4,0.0,0.0,1.0,0.0,0.0
3087,10.4,0.0,0.0,1.1,0.0,0.0
3088,2.8,0.0,0.0,1.4,0.0,0.0
3089,3.0,0.0,0.0,1.6,0.0,0.0
3090,2.8,0.0,0.0,1.4,8.3,5.8
3091,3.0,0.0,0.0,1.5,8.4,5.9
3092,0.0,0.0,0.0,-0.1,7.9,5.5
3093,0.0,0.0,0.0,-0.9,7.1,4.9
3094,0.0,0.0,0.0,-0.6,7.6,5.3
3095,0.0,0.0,0.0,0.0,8.9,6.3
3096,4.1,0.0,0.0,11.6,9.6,6.8
3097,10.9,0.0,0.0,10.6,9.1,6.7
3098,11.1,0.0,0.0,10.8,9.2,6.7
3099,11.5,0.0,0.0,11.1,9.4,6.8
3100,11.7,0.0,0.0,11.3,9.6,6.9
3101,11.9,0.0,0.0,11.5,9.7,7.0
3102,12.2,0.0,0.0,11.7,9.8,7.0
3103,11.6,0.0,0.0,11.1,9.0,6.4
3104,10.0,0.0,0.0,9.4,6.9,4.7
3105,9.5,0.0,0.0,9.3,0.0,0.0
3106,7.3,0.0,0.0,7.1,-1.3,0.0
3107,7.0,0.0,0.0,7.2,-1.8,0.0
3108,6.2,0.0,0.0,6.6,-3.2,0.0
3109,5.1,0.0,0.0,0.0,0.0,0.0
3110,5.0,0.0,0.0,0.0,-5.0,-0.9
3111,4.9,0.0,0.0,0.0,-5.5,-1.4
3112,4.6,0.0,0.0,0.0,-6.4,-1.9
3113,5.7,0.0,0.0,0.0,-5.0,-1.2
3114,6.9,0.0,0.0,0.0,5.9,4.5
3115,6.7,0.0,0.0,0.0,5.4,4.2
3116,7.8,0.0,0.0,-11.2,6.9,5.2
3117,8.1,0.0,0.0,-10.4,7.0,5.2
3118,8.9,0.0,0.0,-9.1,7.7,5.7
3119,9.1,0.0,0.0,-8.2,7.8,5.8
3120,9.3,0.0,0.0,9.2,7.9,5.8
3121,9.1,0.0,0.0,9.0,7.9,5.8
3122,9.5,0.0,0.0,9.3,8.1,6.0
3123,9.6,0.0,0.0,9.4,8.1,5.9
3124,9.8,0.0,0.0,9.6,8.1,6.0
3125,10.1,0.0,0.0,9.8,8.4,6.1
3126,10.0,0.0,0.0,9.7,8.1,5.9
3127,9.6,0.0,0.0,9.3,7.4,5.3
3128,8.3,0.0,0.0,7.9,5.7,3.9
3129,7.9,0.0,0.0,8.0,-1.2,0.0
3130,6.8,0.0,0.0,6.9,-2.8,0.0
3131,5.6,0.0,0.0,6.0,-4.3,-0.4
3132,4.0,0.0,0.0,4.7,-6.3,-2.0
3133,3.6,0.0,0.0,0.0,-1.1,0.0
3134,4.8,0.0,0.0,0.0,-6.0,-2.1
3135,3.3,0.0,0.0,-0.6,-8.3,-3.5
3136,-3.2,0.0,0.0,-1.7,-9.1,-3.9
3137,-3.6,0.0,0.0,-2.3,-8.2,-3.6
3138,-3.7,0.0,0.0,-2.4,3.2,3.0
3139,-3.3,0.0,0.0,-2.1,4.3,3.8
3140,-18.3,0.0,0.0,-16.7,5.9,4.6
3141,-16.4,0.0,0.0,-15.0,6.9,5.3
3142,-14.8,0.0,0.0,-13.8,7.1,5.4
3143,-13.1,0.0,0.0,-12.4,7.6,5.7
3144,0.0,0.0,0.0,8.5,7.6,5.7
3145,9.7,0.0,0.0,9.5,8.2,6.0
3146,9.9,0.0,0.0,9.7,8.3,6.1
3147,10.3,0.0,0.0,10.0,8.6,6.2
3148,10.6,0.0,0.0,10.3,8.8,6.4
3149,10.7,0.0,0.0,10.3,8.7,6.3
3150,10.5,0.0,0.0,10.1,8.4,6.0
3151,10.0,0.0,0.0,9.6,7.7,5.5
3152,9.0,0.0,0.0,8.7,6.4,4.5
3153,7.1,0.0,0.0,7.0,4.5,3.0
3154,7.5,0.0,0.0,7.5,5.2,3.6
3155,7.9,0.0,0.0,7.8,5.8,4.1
3156,7.8,0.0,0.0,7.7,5.7,4.0
3157,7.4,0.0,0.0,0.0,5.4,3.8
3158,6.8,0.0,0.0,0.0,4.8,3.3
3159,7.0,0.0,0.0,0.0,5.1,3.6
3160,0.0,0.0,0.0,0.0,5.3,3.7
3161,0.0,0.0,0.0,0.0,5.3,3.7
3162,0.0,0.0,0.0,0.0,5.1,3.6
3163,0.0,0.0,0.0,0.0,4.7,3.5
3164,-10.1,0.0,0.0,-10.3,5.4,3.9
3165,-10.0,0.0,0.0,-10.3,5.5,4.0
3166,-9.8,0.0,0.0,-10.1,5.6,4.1
3167,-9.7,0.0,0.0,-10.0,5.7,4.1
3168,0.0,0.0,0.0,7.2,5.8,4.2
3169,4.0,0.0,0.0,4.7,4.8,4.0
3170,4.4,0.0,0.0,5.0,5.0,4.1
3171,4.7,0.0,0.0,5.3,5.1,4.2
3172,5.2,0.0,0.0,5.6,5.3,4.3
3173,5.7,0.0,0.0,6.0,5.7,4.5
3174,5.8,0.0,0.0,6.1,5.6,4.4
3175,5.5,0.0,0.0,5.8,5.0,3.9
3176,5.1,0.0,0.0,5.5,4.4,3.4
3177,4.0,0.0,0.0,4.6,3.1,2.4
3178,3.0,0.0,0.0,3.7,2.0,1.6
3179,1.9,0.0,0.0,2.7,0.9,0.8
3180,0.2,0.0,0.0,1.4,-0.2,0.0
3181,-1.1,0.0,0.0,-10.0,-2.2,-1.2
3182,-2.7,0.0,0.0,-11.3,-2.9,-1.8
3183,-4.6,0.0,0.0,-13.4,-5.1,-2.9
3184,-18.4,0.0,0.0,-15.5,-6.7,-3.8
3185,-20.8,0.0,0.0,-18.0,-8.0,-4.7
3186,-22.9,0.0,0.0,-19.8,-8.3,-5.0
3187,-24.4,0.0,0.0,-21.1,-8.2,-5.1
3188,-44.6,0.0,0.0,-38.7,0.3,0.9
3189,-42.2,0.0,0.0,-36.6,1.9,2.2
3190,-40.0,0.0,0.0,-34.8,2.6,2.6
3191,-38.3,0.0,0.0,-33.3,2.8,2.7
3192,-17.0,0.0,0.0,2.5,3.0,2.8
3193,-12.6,0.0,0.0,0.8,2.2,2.6
3194,0.4,0.0,0.0,1.7,2.9,3.0
3195,1.0,0.0,0.0,2.1,3.1,3.1
3196,1.4,0.0,0.0,2.4,3.3,3.1
3197,2.0,0.0,0.0,3.0,3.7,3.3
3198,1.5,0.0,0.0,2.3,2.7,2.5
3199,-5.9,0.0,0.0,0.2,0.2,0.4
3200,-6.6,0.0,0.0,-6.4,-4.2,-3.9
3201,-8.5,0.0,0.0,-8.2,-19.4,-13.9
3202,-5.1,0.0,0.0,-4.0,-18.0,-11.8
3203,-6.8,0.0,0.0,-5.4,-19.7,-13.0
3204,-8.3,0.0,0.0,-6.4,-21.1,-13.9
3205,-9.4,0.0,0.0,-18.8,-15.2,-9.9
3206,-10.4,0.0,0.0,-19.4,-22.6,-14.7
3207,-11.0,0.0,0.0,-20.3,-23.9,-15.1
3208,-11.2,0.0,0.0,-21.1,-24.7,-15.3
3209,-11.2,0.0,0.0,-21.5,-25.0,-15.1
3210,-11.2,0.0,0.0,-21.6,-10.5,-5.1
3211,-10.7,0.0,0.0,-21.2,-9.3,-4.2
3212,-8.7,0.0,0.0,-39.6,-4.7,-2.4
3213,-7.0,0.0,0.0,-38.0,-3.0,-1.2
3214,-5.6,0.0,0.0,-36.4,-1.7,-0.2
3215,-20.4,0.0,0.0,-51.9,-10.4,0.1
3216,-18.0,0.0,0.0,-17.2,0.1,1.1
3217,-10.0,0.0,0.0,0.2,1.1,1.4
3218,-8.6,0.0,0.0,0.7,1.4,1.6
3219,1.3,0.0,0.0,2.1,2.8,2.6
3220,1.4,0.0,0.0,2.2,2.7,2.4
3221,2.7,0.0,0.0,3.4,3.8,3.2
3222,2.0,0.0,0.0,2.6,2.7,2.3
3223,0.5,0.0,0.0,1.0,0.8,0.7
3224,-2.2,0.0,0.0,-1.8,-2.4,-1.8
3225,-4.2,0.0,0.0,-3.6,-17.5,-11.7
3226,-6.0,0.0,0.0,-5.1,-19.2,-12.9
3227,-7.5,0.0,0.0,-6.2,-20.7,-13.8
3228,-9.0,0.0,0.0,-7.2,-22.0,-14.7
3229,-9.2,0.0,0.0,-18.8,-15.1,-10.0
3230,-9.2,0.0,0.0,-18.5,-21.4,-14.0
3231,-8.8,0.0,0.0,-18.5,-21.7,-13.7
3232,-7.9,0.0,0.0,-17.9,-21.1,-12.9
3233,-19.0,0.0,0.0,-30.2,-27.2,-19.3
3234,-19.3,0.0,0.0,-30.5,-13.1,-9.8
3235,-18.8,0.0,0.0,-30.1,-11.9,-9.0
3236,-16.9,0.0,0.0,-47.8,-8.2,0.8
3237,-14.8,0.0,0.0,-45.4,1.0,1.6
3238,-12.8,0.0,0.0,-43.1,1.7,2.0
3239,-10.9,0.0,0.0,-40.8,2.2,2.4
3240,0.5,0.0,0.0,1.7,2.7,2.7
3241,3.4,0.0,0.0,3.9,4.0,3.3
3242,3.9,0.0,0.0,4.3,4.3,3.4
3243,4.3,0.0,0.0,4.6,4.5,3.6
3244,4.9,0.0,0.0,5.2,5.0,3.9
3245,5.1,0.0,0.0,5.3,4.9,3.8
3246,4.8,0.0,0.0,5.0,4.4,3.3
3247,3.8,0.0,0.0,3.8,2.9,2.1
3248,2.8,0.0,0.0,2.7,1.6,1.0
3249,1.0,0.0,0.0,1.0,-12.5,-8.0
3250,-0.2,0.0,0.0,0.1,-14.0,-9.1
3251,-1.8,0.0,0.0,-1.0,-15.3,-10.0
3252,-3.9,0.0,0.0,-2.6,-16.9,-11.2
3253,-5.5,0.0,0.0,-14.7,-11.3,-7.8
3254,-6.5,0.0,0.0,-15.3,-18.0,-12.1
3255,-7.4,0.0,0.0,-16.6,-19.5,-12.7
3256,-20.6,0.0,0.0,-17.3,-20.1,-12.7
3257,-21.7,0.0,0.0,-18.7,-21.2,-13.2
3258,-22.8,0.0,0.0,-19.5,-7.9,0.3
3259,-23.1,0.0,0.0,-19.6,-6.9,1.4
3260,-42.2,0.0,0.0,-36.3,3.4,3.2
3261,-38.7,0.0,0.0,-33.5,4.7,4.2
3262,-35.6,0.0,0.0,-30.9,5.4,4.6
3263,-32.5,0.0,0.0,-28.3,6.0,4.9
3264,-11.1,0.0,0.0,5.8,6.1,4.9
3265,6.2,0.0,0.0,6.5,6.4,5.0
3266,6.4,0.0,0.0,6.7,6.4,5.0
3267,6.9,0.0,0.0,7.1,6.6,5.1
3268,7.4,0.0,0.0,7.5,6.9,5.3
3269,7.8,0.0,0.0,7.8,7.1,5.4
3270,7.9,0.0,0.0,8.0,7.1,5.3
3271,7.2,0.0,0.0,7.0,5.8,4.2
3272,5.8,0.0,0.0,5.5,4.0,2.7
3273,4.3,0.0,0.0,4.1,-7.6,-3.9
3274,3.0,0.0,0.0,3.2,-9.2,-4.9
3275,1.7,0.0,0.0,2.3,-10.8,-6.2
3276,0.9,0.0,0.0,2.1,-12.0,-7.0
3277,0.0,0.0,0.0,-7.8,-6.9,-4.0
3278,-0.6,0.0,0.0,-9.0,-14.0,-8.6
3279,-1.9,0.0,0.0,-10.7,-15.8,-9.5
3280,-2.7,0.0,0.0,-12.0,-16.9,-9.9
3281,-3.7,0.0,0.0,-13.5,-18.0,-10.5
3282,-4.6,0.0,0.0,-14.4,-5.1,0.6
3283,0.3,0.0,0.0,-14.7,-3.6,1.7
3284,2.1,0.0,0.0,-31.0,3.4,3.1
3285,3.2,0.0,0.0,-29.0,4.4,3.8
3286,4.0,0.0,0.0,-27.0,5.0,4.2
3287,4.8,0.0,0.0,-25.0,5.6,4.6
3288,5.5,0.0,0.0,6.1,6.1,4.9
3289,4.2,0.0,0.0,5.1,5.9,5.0
3290,5.1,0.0,0.0,5.9,6.5,5.4
3291,5.6,0.0,0.0,6.2,6.6,5.4
3292,6.0,0.0,0.0,6.6,6.8,5.5
3293,6.8,0.0,0.0,7.2,7.2,5.7
3294,6.5,0.0,0.0,6.8,6.5,5.1
3295,5.5,0.0,0.0,5.7,5.1,3.8
3296,3.5,0.0,0.0,3.5,2.5,1.7
3297,1.2,0.0,0.0,1.4,-12.1,-7.7
3298,-0.7,0.0,0.0,-0.1,-14.3,-9.2
3299,-3.0,0.0,0.0,-2.0,-16.3,-10.7
3300,-5.3,0.0,0.0,-3.9,-18.0,-12.1
3301,-4.3,0.0,0.0,-13.4,-11.0,-7.1
3302,-5.0,0.0,0.0,-13.5,-17.8,-11.3
3303,-5.4,0.0,0.0,-14.4,-19.1,-11.7
3304,-19.0,0.0,0.0,-15.1,-20.0,-11.8
3305,-19.6,0.0,0.0,-15.7,-20.5,-11.8
3306,-20.2,0.0,0.0,-15.9,-6.7,-2.4
3307,-20.2,0.0,0.0,-15.6,-5.1,-1.4
3308,-52.7,0.0,0.0,-45.5,-7.9,0.1
3309,-50.4,0.0,0.0,-43.6,0.3,1.1
3310,-48.1,0.0,0.0,-41.6,1.1,1.7
3311,-45.7,0.0,0.0,-39.5,1.9,2.2
3312,-22.5,0.0,0.0,1.4,2.3,2.4
3313,0.6,0.0,0.0,1.7,2.8,2.8
3314,1.6,0.0,0.0,2.7,3.5,3.3
3315,2.4,0.0,0.0,3.3,4.0,3.6
3316,3.2,0.0,0.0,4.0,4.6,3.9
3317,3.5,0.0,0.0,4.2,4.5,3.9
3318,3.3,0.0,0.0,3.9,4.0,3.3
3319,1.8,0.0,0.0,2.2,2.0,1.6
3320,0.3,0.0,0.0,0.5,-1.8,-1.9
3321,-4.5,0.0,0.0,-4.3,-3.6,-3.2
3322,-6.4,0.0,0.0,-5.8,-5.1,-4.3
3323,-8.7,0.0,0.0,-7.7,-7.0,-5.7
3324,-5.5,0.0,0.0,-3.7,-5.4,-3.5
3325,-6.4,0.0,0.0,-15.6,-5.9,-3.8
3326,-7.1,0.0,0.0,-15.9,-6.2,-3.8
3327,-7.5,0.0,0.0,-16.7,-7.3,-4.1
3328,-21.8,0.0,0.0,-17.2,-7.8,-3.9
3329,-22.3,0.0,0.0,-17.8,-8.1,-3.7
3330,-22.7,0.0,0.0,-17.8,-7.6,-3.0
3331,-22.6,0.0,0.0,-17.5,-6.1,-2.1
3332,-44.4,0.0,0.0,-35.3,-1.9,-0.4
3333,-56.2,0.0,0.0,-48.4,-8.5,0.7
3334,-53.9,0.0,0.0,-46.4,0.2,1.1
3335,-51.3,0.0,0.0,-44.2,1.0,1.6
3336,-26.4,0.0,0.0,0.6,1.9,2.2
3337,0.1,0.0,0.0,1.2,2.4,2.6
3338,1.0,0.0,0.0,2.0,3.1,3.0
3339,2.1,0.0,0.0,3.0,3.9,3.5
3340,2.9,0.0,0.0,3.7,4.4,3.9
3341,3.6,0.0,0.0,4.3,4.8,4.1
3342,2.7,0.0,0.0,3.3,3.5,3.0
3343,1.0,0.0,0.0,1.5,1.3,1.1
3344,-4.5,0.0,0.0,-4.3,-3.0,-2.9
3345,-6.3,0.0,0.0,-5.9,-4.8,-4.2
3346,-4.1,0.0,0.0,-3.2,-4.1,-2.9
3347,-5.2,0.0,0.0,-3.9,-5.1,-3.5
3348,-6.0,0.0,0.0,-4.1,-5.6,-3.7
3349,-6.7,0.0,0.0,-16.1,-6.0,-3.9
3350,-7.5,0.0,0.0,-16.5,-6.5,-4.1
3351,-8.0,0.0,0.0,-17.3,-7.6,-4.3
3352,-22.8,0.0,0.0,-18.0,-8.5,-4.4
3353,-23.2,0.0,0.0,-18.4,-8.6,-4.0
3354,-23.6,0.0,0.0,-18.5,-7.9,-3.4
3355,-23.3,0.0,0.0,-18.1,-6.0,-2.3
3356,-45.5,0.0,0.0,-36.1,-2.4,-0.8
3357,-58.0,0.0,0.0,-49.9,-9.4,0.3
3358,-55.8,0.0,0.0,-48.1,-8.4,0.6
3359,-53.2,0.0,0.0,-45.8,0.5,1.2
3360,-28.3,0.0,0.0,-12.7,1.2,1.7
3361,0.3,0.0,0.0,1.3,2.2,2.2
3362,1.1,0.0,0.0,2.0,2.7,2.6
3363,1.9,0.0,0.0,2.7,3.3,2.9
3364,2.3,0.0,0.0,2.9,3.4,3.0
3365,3.0,0.0,0.0,3.6,3.9,3.3
3366,2.6,0.0,0.0,3.1,3.1,2.6
3367,0.5,0.0,0.0,0.9,0.5,0.5
3368,-3.3,0.0,0.0,0.5,-2.0,0.1
3369,-5.7,0.0,0.0,-5.4,-17.8,-12.5
3370,-3.9,0.0,0.0,-3.0,-17.2,-11.4
3371,-5.1,0.0,0.0,-3.8,-18.3,-12.1
3372,-6.1,0.0,0.0,-4.3,-19.1,-12.6
3373,-6.9,0.0,0.0,-16.3,-13.1,-8.5
3374,-7.7,0.0,0.0,-16.6,-20.2,-13.1
3375,-7.9,0.0,0.0,-17.2,-21.1,-13.2
3376,-8.0,0.0,0.0,-17.8,-21.7,-13.3
3377,-7.8,0.0,0.0,-18.0,-21.9,-13.0
3378,-7.8,0.0,0.0,-18.1,-7.6,-3.3
3379,-7.0,0.0,0.0,-17.5,-5.8,-2.3
3380,-18.2,0.0,0.0,-49.0,-9.6,-8.6
3381,-15.2,0.0,0.0,-45.9,0.9,1.5
3382,-12.7,0.0,0.0,-43.0,2.1,2.4
3383,-11.1,0.0,0.0,-41.1,2.2,2.4
3384,1.0,0.0,0.0,2.2,3.3,3.1
3385,1.5,0.0,0.0,2.6,3.9,3.7
3386,2.0,0.0,0.0,3.1,4.1,3.7
3387,3.0,0.0,0.0,3.9,4.8,4.2
3388,3.7,0.0,0.0,4.4,5.1,4.4
3389,3.8,0.0,0.0,4.5,4.9,4.1
3390,3.5,0.0,0.0,4.1,4.3,3.6
3391,0.8,0.0,0.0,1.3,1.0,0.9
3392,-4.3,0.0,0.0,-4.0,-3.1,-2.8
3393,-3.6,0.0,0.0,-2.9,-16.8,-11.2
3394,-5.1,0.0,0.0,-4.1,-18.2,-12.1
3395,-6.9,0.0,0.0,-5.5,-20.0,-13.4
3396,-8.2,0.0,0.0,-6.3,-21.2,-14.1
3397,-9.1,0.0,0.0,-18.4,-15.0,-10.0
3398,-9.4,0.0,0.0,-18.5,-21.8,-14.2
3399,-9.4,0.0,0.0,-18.7,-22.4,-14.1
3400,-9.2,0.0,0.0,-19.0,-22.8,-14.0
3401,-9.0,0.0,0.0,-19.3,-22.7,-13.7
3402,-9.1,0.0,0.0,-19.4,-8.5,-3.9
3403,-8.5,0.0,0.0,-19.0,-7.1,-3.0
3404,-6.5,0.0,0.0,-36.9,-3.1,-1.3
3405,-5.2,0.0,0.0,-35.5,-1.8,-0.4
3406,-18.2,0.0,0.0,-49.3,-9.2,0.2
3407,-16.3,0.0,0.0,-47.1,-7.8,0.9
3408,-13.4,0.0,0.0,0.3,1.8,2.2
3409,0.0,0.0,0.0,1.2,2.5,2.7
3410,1.5,0.0,0.0,2.5,3.7,3.5
3411,1.4,0.0,0.0,2.4,3.3,3.1
3412,1.3,0.0,0.0,2.2,2.9,2.7
3413,1.9,0.0,0.0,2.6,3.2,2.9
3414,1.3,0.0,0.0,2.0,2.3,2.1
3415,0.4,0.0,0.0,1.1,1.1,1.1
3416,-6.8,0.0,0.0,-6.5,-4.8,-4.2
3417,-4.1,0.0,0.0,-3.4,-17.3,-11.5
3418,-6.1,0.0,0.0,-5.1,-19.2,-12.9
3419,-7.7,0.0,0.0,-6.3,-20.8,-13.9
3420,-9.1,0.0,0.0,-7.1,-21.9,-14.6
3421,-8.9,0.0,0.0,-18.8,-14.7,-9.7
3422,-9.3,0.0,0.0,-19.0,-21.6,-14.2
3423,-9.6,0.0,0.0,-19.5,-22.2,-14.4
3424,-24.4,0.0,0.0,-19.8,-21.7,-14.0
3425,-24.0,0.0,0.0,-19.3,-20.3,-13.1
3426,-24.1,0.0,0.0,-19.3,-6.2,-3.5
3427,-23.1,0.0,0.0,-18.4,-4.3,-2.2
3428,-45.6,0.0,0.0,-36.6,-2.9,-1.3
3429,-57.9,0.0,0.0,-50.0,-9.8,-8.9
3430,-56.3,0.0,0.0,-48.7,-9.2,-8.4
3431,-54.8,0.0,0.0,-47.5,-8.7,-7.9
3432,-30.7,0.0,0.0,-15.0,-8.0,0.1
3433,-12.5,0.0,0.0,-12.1,0.0,0.7
3434,-10.7,0.0,0.0,-10.3,0.8,1.2
3435,-8.8,0.0,0.0,0.8,1.6,1.7
3436,0.6,0.0,0.0,1.4,2.1,2.0
3437,1.5,0.0,0.0,2.2,2.8,2.5
3438,0.7,0.0,0.0,1.4,1.6,1.6
3439,-5.9,0.0,0.0,-5.6,-3.3,0.1
3440,-7.4,0.0,0.0,-7.2,-5.2,-4.7
3441,-3.9,0.0,0.0,-3.2,-17.0,-11.3
3442,-5.8,0.0,0.0,-4.8,-18.8,-12.6
3443,-7.0,0.0,0.0,-5.6,-20.0,-13.4
3444,-8.4,0.0,0.0,-6.5,-21.2,-14.1
3445,-9.3,0.0,0.0,-18.9,-15.1,-10.0
3446,-10.0,0.0,0.0,-19.1,-22.3,-14.6
3447,-10.3,0.0,0.0,-19.7,-23.2,-14.8
3448,-9.4,0.0,0.0,-19.7,-21.7,-13.9
3449,-8.7,0.0,0.0,-19.4,-20.7,-13.3
3450,-8.0,0.0,0.0,-18.9,-5.5,-3.2
3451,-7.0,0.0,0.0,-18.0,-4.4,-2.3
3452,-5.3,0.0,0.0,-35.4,-2.3,-0.9
3453,-16.8,0.0,0.0,-47.7,-8.4,0.4
3454,-15.0,0.0,0.0,-45.6,0.3,1.0
3455,-15.0,0.0,0.0,-45.3,-7.7,0.0
3456,-13.3,0.0,0.0,-12.7,0.1,0.7
3457,-13.5,0.0,0.0,-13.0,0.2,0.8
3458,-12.0,0.0,0.0,-11.5,0.5,1.0
3459,-10.4,0.0,0.0,0.0,1.0,1.3
3460,0.1,0.0,0.0,0.9,1.7,1.8
3461,0.5,0.0,0.0,1.3,1.9,1.9
3462,0.4,0.0,0.0,1.1,1.5,1.5
3463,-7.0,0.0,0.0,-6.6,-3.7,0.2
3464,-8.4,0.0,0.0,-8.1,-5.7,-5.1
3465,-4.4,0.0,0.0,-3.6,-17.4,-11.6
3466,-6.0,0.0,0.0,-4.9,-18.9,-12.6
3467,-7.5,0.0,0.0,-6.0,-20.4,-13.6
3468,-8.6,0.0,0.0,-6.7,-21.4,-14.2
3469,-9.6,0.0,0.0,-19.2,-15.3,-10.2
3470,-9.6,0.0,0.0,-19.3,-21.9,-14.4
3471,-10.6,0.0,0.0,-20.1,-23.5,-15.0
3472,-24.9,0.0,0.0,-20.1,-21.9,-14.1
3473,-25.8,0.0,0.0,-20.7,-23.1,-14.4
3474,-24.6,0.0,0.0,-19.7,-5.6,-3.2
3475,-22.9,0.0,0.0,-18.0,-3.5,-1.6
3476,-46.3,0.0,0.0,-36.9,-2.9,-1.2
3477,-45.1,0.0,0.0,-36.0,-2.2,-0.8
3478,-57.9,0.0,0.0,-50.0,-9.8,-8.9
3479,-55.5,0.0,0.0,-47.9,-8.4,0.5
3480,-29.7,0.0,0.0,-13.9,0.9,1.5
3481,-11.7,0.0,0.0,0.8,2.0,2.2
3482,0.0,0.0,0.0,1.1,2.1,2.3
3483,0.6,0.0,0.0,1.5,2.4,2.4
3484,1.0,0.0,0.0,1.8,2.5,2.4
3485,1.8,0.0,0.0,2.6,3.2,2.8
3486,1.7,0.0,0.0,2.4,2.7,2.4
3487,1.1,0.0,0.0,1.6,1.6,1.3
3488,-4.9,0.0,0.0,0.2,-2.9,-3.0
3489,-7.1,0.0,0.0,-6.8,-5.1,-4.6
3490,-4.3,0.0,0.0,-3.3,-4.2,-3.0
3491,-5.9,0.0,0.0,-4.5,-5.7,-3.9
3492,-7.0,0.0,0.0,-5.2,-6.6,-4.5
3493,-7.8,0.0,0.0,-17.2,-7.0,-4.6
3494,-8.2,0.0,0.0,-17.2,-7.0,-4.4
3495,-8.1,0.0,0.0,-17.4,-7.6,-4.3
3496,-23.1,0.0,0.0,-18.1,-8.5,-4.4
3497,-23.1,0.0,0.0,-18.2,-8.3,-3.7
3498,-23.6,0.0,0.0,-18.3,-7.8,-3.1
3499,-23.2,0.0,0.0,-17.8,-5.9,-2.1
3500,-45.5,0.0,0.0,-36.0,-2.1,-0.6
3501,-58.6,0.0,0.0,-50.4,-9.7,0.2
3502,-56.1,0.0,0.0,-48.3,-8.4,0.7
3503,-53.9,0.0,0.0,-46.5,0.2,1.0
3504,-29.0,0.0,0.0,-13.4,0.7,1.3
3505,-11.0,0.0,0.0,0.2,1.3,1.6
3506,-9.6,0.0,0.0,0.6,1.5,1.7
3507,0.2,0.0,0.0,1.0,1.8,1.9
3508,1.0,0.0,0.0,1.8,2.4,2.3
3509,1.6,0.0,0.0,2.3,2.8,2.5
3510,1.7,0.0,0.0,2.3,2.6,2.3
3511,0.8,0.0,0.0,1.5,1.3,1.3
3512,-4.4,0.0,0.0,0.5,0.0,0.1
3513,-5.4,0.0,0.0,-4.9,-3.6,-3.2
3514,-7.2,0.0,0.0,-6.5,-5.3,-4.5
3515,-9.5,0.0,0.0,-8.5,-7.4,-6.1
3516,-5.3,0.0,0.0,-3.6,-5.0,-3.3
3517,-5.0,0.0,0.0,-14.9,-4.4,-2.8
3518,-7.0,0.0,0.0,-16.3,-6.3,-4.1
3519,-7.0,0.0,0.0,-16.8,-6.5,-3.9
3520,-21.5,0.0,0.0,-17.2,-7.1,-3.9
3521,-21.5,0.0,0.0,-17.2,-6.8,-3.3
3522,-22.0,0.0,0.0,-17.3,-6.9,-2.9
3523,-21.8,0.0,0.0,-17.0,-5.5,-2.0
3524,-43.5,0.0,0.0,-34.9,-2.0,-0.6
3525,-55.0,0.0,0.0,-47.6,-8.7,0.1
3526,-53.0,0.0,0.0,-45.8,-7.6,0.6
3527,-50.8,0.0,0.0,-44.0,0.4,1.0
3528,-26.9,0.0,0.0,-11.7,0.8,1.3
3529,-13.9,0.0,0.0,-13.3,0.7,1.3
3530,-11.7,0.0,0.0,0.4,1.6,1.9
3531,-9.9,0.0,0.0,1.0,2.0,2.2
3532,0.6,0.0,0.0,1.5,2.4,2.4
3533,1.1,0.0,0.0,1.9,2.6,2.5
3534,0.6,0.0,0.0,1.4,1.8,1.8
3535,0.1,0.0,0.0,0.9,0.9,1.1
3536,-7.6,0.0,0.0,-7.2,-4.9,-4.5
3537,-9.0,0.0,0.0,-8.5,-19.6,-14.1
3538,-5.5,0.0,0.0,-4.5,-18.5,-12.4
3539,-6.7,0.0,0.0,-5.3,-19.6,-13.0
3540,-8.2,0.0,0.0,-6.2,-21.0,-13.9
3541,-8.6,0.0,0.0,-18.2,-14.3,-9.4
3542,-9.7,0.0,0.0,-18.8,-22.0,-14.4
3543,-10.0,0.0,0.0,-19.4,-22.9,-14.5
3544,-9.9,0.0,0.0,-19.7,-23.5,-14.4
3545,-9.8,0.0,0.0,-20.0,-23.5,-14.2
3546,-9.7,0.0,0.0,-20.1,-9.0,-4.2
3547,-9.0,0.0,0.0,-19.5,-7.3,-3.2
3548,-7.2,0.0,0.0,-37.8,-3.6,-1.7
3549,-5.7,0.0,0.0,-36.4,-2.1,-0.6
3550,-5.0,0.0,0.0,-35.4,-1.5,-0.2
3551,-18.3,0.0,0.0,-49.4,-9.2,0.3
3552,-16.5,0.0,0.0,-15.8,-8.0,0.8
3553,-9.5,0.0,0.0,0.1,0.8,1.1
3554,0.1,0.0,0.0,0.9,1.6,1.7
3555,0.9,0.0,0.0,1.7,2.2,2.1
3556,1.6,0.0,0.0,2.3,2.7,2.4
3557,2.3,0.0,0.0,2.9,3.2,2.7
3558,2.0,0.0,0.0,2.6,2.6,2.2
3559,0.8,0.0,0.0,1.2,0.9,0.7
3560,-4.8,0.0,0.0,-4.8,-3.7,-3.5
3561,-6.7,0.0,0.0,-6.5,-18.4,-13.2
3562,-4.2,0.0,0.0,-3.3,-17.4,-11.6
3563,-5.7,0.0,0.0,-4.4,-18.9,-12.6
3564,-6.8,0.0,0.0,-4.9,-19.7,-13.0
3565,-7.5,0.0,0.0,-16.8,-13.4,-8.8
3566,-7.9,0.0,0.0,-17.1,-20.4,-13.3
3567,-7.8,0.0,0.0,-17.5,-20.7,-13.2
3568,-7.8,0.0,0.0,-17.8,-20.9,-13.1
3569,-7.1,0.0,0.0,-17.5,-20.1,-12.4
3570,-5.8,0.0,0.0,-16.4,-4.0,-1.8
3571,-16.7,0.0,0.0,-28.2,-9.3,-8.1
3572,-15.0,0.0,0.0,-45.2,-7.5,0.3
3573,-13.7,0.0,0.0,-43.8,0.0,0.7
3574,-11.5,0.0,0.0,-41.4,1.3,1.6
3575,-10.0,0.0,0.0,-39.6,1.7,1.9
3576,-9.0,0.0,0.0,0.7,1.6,1.8
3577,1.4,0.0,0.0,2.0,2.4,2.1
3578,1.9,0.0,0.0,2.5,2.7,2.4
3579,2.2,0.0,0.0,2.7,2.8,2.4
3580,2.6,0.0,0.0,3.1,3.1,2.5
3581,3.5,0.0,0.0,3.8,3.8,3.0
3582,3.0,0.0,0.0,3.4,3.0,2.4
3583,1.4,0.0,0.0,1.5,0.9,0.5
3584,0.2,0.0,0.0,0.4,-1.4,-1.4
3585,-3.0,0.0,0.0,-2.6,-15.8,-10.8
3586,-5.4,0.0,0.0,-4.8,-18.0,-12.4
3587,-4.5,0.0,0.0,-3.3,-17.9,-11.9
3588,-5.7,0.0,0.0,-4.1,-19.0,-12.6
3589,-6.8,0.0,0.0,-16.1,-13.2,-8.7
3590,-4.4,0.0,0.0,-14.6,-17.0,-10.9
3591,-4.9,0.0,0.0,-15.0,-17.5,-11.3
3592,-18.3,0.0,0.0,-14.9,-17.2,-10.9
3593,-25.2,0.0,0.0,-22.5,-19.6,-14.3
3594,-24.6,0.0,0.0,-21.9,-5.6,0.2
3595,-24.5,0.0,0.0,-21.7,-5.8,0.0
3596,-44.2,0.0,0.0,-38.5,0.5,0.9
3597,-42.2,0.0,0.0,-36.8,1.6,1.7
3598,-40.4,0.0,0.0,-35.3,2.0,2.0
3599,-38.7,0.0,0.0,-33.9,2.3,2.2
3600,-17.6,0.0,0.0,1.9,2.3,2.1
3601,1.8,0.0,0.0,2.3,2.4,2.1
3602,2.3,0.0,0.0,2.7,2.7,2.3
3603,3.1,0.0,0.0,3.5,3.5,2.8
3604,3.6,0.0,0.0,3.9,3.8,3.0
3605,3.8,0.0,0.0,4.0,3.8,3.0
3606,3.6,0.0,0.0,3.8,3.4,2.6
3607,2.1,0.0,0.0,2.3,1.4,1.0
3608,0.6,0.0,0.0,0.8,-0.5,-0.6
3609,-1.6,0.0,0.0,-1.2,-14.9,-10.0
3610,-2.7,0.0,0.0,-2.0,-16.3,-10.8
3611,-4.7,0.0,0.0,-3.6,-18.2,-12.1
3612,-5.8,0.0,0.0,-4.2,-19.1,-12.7
3613,-6.8,0.0,0.0,-15.9,-13.2,-8.8
3614,-5.7,0.0,0.0,-15.3,-18.5,-12.0
3615,-3.3,0.0,0.0,-13.8,-15.5,-9.8
3616,-3.0,0.0,0.0,-13.6,-15.0,-9.5
3617,-3.6,0.0,0.0,-14.1,-15.9,-10.1
3618,-3.2,0.0,0.0,-13.7,-2.0,-0.9
3619,-9.8,0.0,0.0,-20.8,-5.5,-4.8
3620,-8.6,0.0,0.0,-37.3,0.1,0.6
3621,-6.9,0.0,0.0,-35.6,1.5,1.6
3622,1.3,0.0,0.0,-33.5,2.7,2.5
3623,2.1,0.0,0.0,-31.6,3.4,2.9
3624,3.3,0.0,0.0,4.0,4.3,3.6
3625,4.4,0.0,0.0,4.9,5.0,4.1
3626,5.2,0.0,0.0,5.6,5.6,4.5
3627,6.4,0.0,0.0,6.7,6.6,5.2
3628,7.3,0.0,0.0,7.6,7.3,5.7
3629,7.8,0.0,0.0,8.0,7.5,5.8
3630,6.3,0.0,0.0,6.3,5.6,4.0
3631,4.6,0.0,0.0,4.5,3.5,2.2
3632,3.5,0.0,0.0,3.2,2.0,1.1
3633,2.5,0.0,0.0,2.6,-10.3,-6.3
3634,1.2,0.0,0.0,1.6,-11.9,-7.3
3635,0.2,0.0,0.0,1.1,-13.1,-8.2
3636,-0.6,0.0,0.0,0.9,-14.2,-9.0
3637,-2.3,0.0,0.0,-11.2,-8.9,-5.8
3638,-3.1,0.0,0.0,-12.2,-15.6,-10.2
3639,-4.2,0.0,0.0,-13.8,-16.6,-10.9
3640,-18.0,0.0,0.0,-15.3,-18.2,-11.8
3641,-18.7,0.0,0.0,-16.2,-17.5,-11.7
3642,-19.7,0.0,0.0,-17.1,-5.2,-3.4
3643,-19.5,0.0,0.0,-17.0,0.3,0.9
3644,-38.1,0.0,0.0,-33.5,1.6,1.7
3645,-36.5,0.0,0.0,-32.1,2.3,2.2
3646,-35.2,0.0,0.0,-31.0,2.6,2.3
3647,-34.0,0.0,0.0,-30.1,2.6,2.3
3648,-13.9,0.0,0.0,2.8,2.9,2.5
3649,4.1,0.0,0.0,4.4,3.9,3.0
3650,4.9,0.0,0.0,5.1,4.6,3.5
3651,5.1,0.0,0.0,5.2,4.6,3.5
3652,5.0,0.0,0.0,5.0,4.3,3.3
3653,5.0,0.0,0.0,5.1,4.3,3.2
3654,5.1,0.0,0.0,5.1,4.3,3.2
3655,5.1,0.0,0.0,5.1,4.2,3.1
3656,4.9,0.0,0.0,4.9,3.8,2.8
3657,4.4,0.0,0.0,4.6,3.4,2.5
3658,4.2,0.0,0.0,4.4,3.1,2.3
3659,4.3,0.0,0.0,4.5,3.3,2.4
3660,3.8,0.0,0.0,4.1,2.7,2.0
3661,2.9,0.0,0.0,-3.7,1.7,1.2
3662,2.6,0.0,0.0,-4.4,1.5,1.1
3663,2.5,0.0,0.0,-4.9,1.5,1.1
3664,-7.1,0.0,0.0,-5.9,0.8,0.6
3665,-8.7,0.0,0.0,-7.5,0.1,0.2
3666,-10.1,0.0,0.0,-8.7,0.0,0.2
3667,-10.4,0.0,0.0,-9.0,0.8,0.9
3668,-27.8,0.0,0.0,-25.1,1.8,1.5
3669,-26.6,0.0,0.0,-24.1,3.1,2.5
3670,-25.6,0.0,0.0,-23.1,3.7,2.9
3671,-24.8,0.0,0.0,-22.5,3.8,3.0
3672,-6.5,0.0,0.0,4.8,4.4,3.4
3673,4.3,0.0,0.0,4.6,4.3,3.4
3674,4.2,0.0,0.0,4.5,4.1,3.2
3675,4.7,0.0,0.0,4.9,4.4,3.4
3676,4.7,0.0,0.0,4.8,4.3,3.3
3677,4.7,0.0,0.0,4.8,4.1,3.1
3678,3.8,0.0,0.0,4.0,3.0,2.2
3679,2.4,0.0,0.0,2.4,1.2,0.7
3680,1.6,0.0,0.0,1.9,0.4,0.2
3681,0.0,0.0,0.0,0.0,-1.2,-0.8
3682,-1.5,0.0,0.0,-0.7,-2.4,-1.8
3683,-2.8,0.0,0.0,-1.8,-3.6,-2.6
3684,-4.7,0.0,0.0,-3.3,-5.4,-3.8
3685,-6.0,0.0,0.0,-15.3,-6.3,-4.4
3686,-5.7,0.0,0.0,-15.2,-5.6,-3.7
3687,-4.3,0.0,0.0,-14.3,-3.9,-2.4
3688,-20.0,0.0,0.0,-17.6,0.6,1.0
3689,-19.0,0.0,0.0,-16.5,1.4,1.6
3690,-17.1,0.0,0.0,-14.9,3.0,2.7
3691,-15.8,0.0,0.0,-13.7,3.3,2.9
3692,-33.7,0.0,0.0,-29.7,3.3,2.9
3693,-32.1,0.0,0.0,-28.4,3.6,3.0
3694,-30.9,0.0,0.0,-27.5,3.5,2.9
3695,-29.6,0.0,0.0,-26.4,3.7,3.0
3696,-10.3,0.0,0.0,4.0,3.9,3.1
3697,4.8,0.0,0.0,5.0,4.5,3.4
3698,5.4,0.0,0.0,5.6,4.9,3.8
3699,6.0,0.0,0.0,6.1,5.4,4.1
3700,6.1,0.0,0.0,6.2,5.4,4.0
3701,6.2,0.0,0.0,6.2,5.3,3.9
3702,6.3,0.0,0.0,6.3,5.3,3.9
3703,6.5,0.0,0.0,6.4,5.4,3.9
3704,6.7,0.0,0.0,6.6,5.5,4.0
3705,6.4,0.0,0.0,6.4,-4.4,-1.2
3706,2.6,0.0,0.0,3.0,-8.8,-4.5
3707,3.0,0.0,0.0,3.6,-8.7,-4.4
3708,3.9,0.0,0.0,4.2,-7.7,-3.8
3709,3.4,0.0,0.0,-3.1,-2.3,-0.5
3710,1.7,0.0,0.0,-4.8,-10.6,-5.9
3711,0.9,0.0,0.0,-6.4,-11.9,-6.9
3712,0.0,0.0,0.0,-8.3,-14.0,-8.2
3713,0.5,0.0,0.0,-9.0,-13.5,-8.0
3714,1.4,0.0,0.0,-9.2,0.9,1.1
3715,2.2,0.0,0.0,-8.7,2.1,1.9
3716,3.1,0.0,0.0,-24.1,3.2,2.6
3717,3.7,0.0,0.0,-23.2,3.8,3.1
3718,4.2,0.0,0.0,-22.2,4.2,3.3
3719,4.7,0.0,0.0,-21.1,4.7,3.7
3720,5.0,0.0,0.0,5.3,4.8,3.7
3721,5.5,0.0,0.0,5.7,4.9,3.7
3722,5.7,0.0,0.0,5.7,4.9,3.7
3723,5.7,0.0,0.0,5.8,4.9,3.6
3724,6.3,0.0,0.0,6.3,5.3,3.9
3725,6.4,0.0,0.0,6.3,5.3,3.9
3726,6.3,0.0,0.0,6.2,5.1,3.8
3727,6.2,0.0,0.0,6.2,4.9,3.6
3728,5.9,0.0,0.0,5.8,4.4,3.2
3729,5.3,0.0,0.0,5.4,-5.5,-1.9
3730,4.2,0.0,0.0,4.5,-6.9,-2.9
3731,3.7,0.0,0.0,4.1,-7.7,-3.5
3732,2.8,0.0,0.0,3.4,-8.9,-4.5
3733,2.2,0.0,0.0,-3.8,-3.5,-1.3
3734,1.9,0.0,0.0,-4.8,-10.4,-5.8
3735,0.5,0.0,0.0,-6.5,-12.6,-7.1
3736,1.2,0.0,0.0,-7.4,-11.9,-7.0
3737,2.0,0.0,0.0,-7.5,-11.0,-6.5
3738,2.5,0.0,0.0,-7.3,2.1,1.8
3739,3.3,0.0,0.0,-6.7,3.1,2.5
3740,4.1,0.0,0.0,-21.8,4.0,3.2
3741,4.6,0.0,0.0,-20.8,4.5,3.5
3742,4.9,0.0,0.0,-19.9,4.8,3.7
3743,5.2,0.0,0.0,-19.1,4.9,3.8
3744,5.5,0.0,0.0,5.7,5.1,3.9
3745,6.9,0.0,0.0,6.8,5.6,4.1
3746,7.2,0.0,0.0,7.1,5.9,4.3
3747,7.5,0.0,0.0,7.3,6.1,4.4
3748,7.7,0.0,0.0,7.5,6.2,4.5
3749,7.9,0.0,0.0,7.6,6.3,4.5
3750,7.9,0.0,0.0,7.6,6.1,4.4
3751,7.7,0.0,0.0,7.5,5.9,4.2
3752,7.5,0.0,0.0,7.3,5.5,3.9
3753,7.2,0.0,0.0,7.1,-2.6,0.0
3754,6.6,0.0,0.0,6.6,-3.3,0.0
3755,5.2,0.0,0.0,5.4,-5.1,-1.3
3756,3.8,0.0,0.0,4.4,-6.9,-2.7
3757,5.0,0.0,0.0,0.0,0.0,0.0
3758,5.2,0.0,0.0,0.0,-5.6,-1.9
3759,3.0,0.0,0.0,-0.9,-8.6,-3.8
3760,-3.4,0.0,0.0,-1.8,-9.7,-4.3
3761,-4.0,0.0,0.0,-2.7,-8.8,-4.0
3762,-3.9,0.0,0.0,-2.7,3.6,3.0
3763,-3.2,0.0,0.0,-2.1,4.8,3.8
3764,-17.9,0.0,0.0,-16.5,6.0,4.6
3765,-16.5,0.0,0.0,-15.3,6.5,4.9
3766,-14.7,0.0,0.0,-13.8,7.1,5.4
3767,-13.3,0.0,0.0,-12.6,7.2,5.4
3768,0.0,0.0,0.0,8.6,7.6,5.7
3769,8.9,0.0,0.0,8.8,7.6,5.6
3770,9.2,0.0,0.0,9.0,7.8,5.7
3771,9.4,0.0,0.0,9.1,7.8,5.7
3772,9.5,0.0,0.0,9.2,7.8,5.7
3773,9.7,0.0,0.0,9.4,7.9,5.7
3774,9.2,0.0,0.0,8.9,7.2,5.2
3775,9.1,0.0,0.0,8.8,7.0,5.0
3776,7.4,0.0,0.0,7.2,4.9,3.4
3777,6.5,0.0,0.0,6.6,-3.0,0.0
3778,6.4,0.0,0.0,6.6,-3.4,0.0
3779,5.8,0.0,0.0,6.2,-4.2,-0.5
3780,5.4,0.0,0.0,5.8,-4.9,-1.0
3781,4.5,0.0,0.0,0.0,-0.0,0.0
3782,4.5,0.0,0.0,0.0,-6.4,-2.3
3783,3.4,0.0,0.0,-0.3,-8.1,-3.4
3784,3.7,0.0,0.0,-1.3,-8.1,-3.6
3785,4.2,0.0,0.0,-1.5,-8.1,-3.4
3786,5.0,0.0,0.0,-1.4,4.0,3.2
3787,5.0,0.0,0.0,-1.3,3.4,3.3
3788,6.4,0.0,0.0,-15.9,5.9,4.5
3789,7.5,0.0,0.0,-14.3,6.9,5.3
3790,8.0,0.0,0.0,-13.0,7.3,5.5
3791,8.3,0.0,0.0,-11.9,7.4,5.6
3792,8.6,0.0,0.0,8.6,7.6,5.6
3793,8.0,0.0,0.0,8.3,7.9,6.2
3794,8.3,0.0,0.0,8.6,8.0,6.2
3795,9.1,0.0,0.0,9.2,8.6,6.5
3796,9.9,0.0,0.0,9.9,9.2,7.0
3797,10.4,0.0,0.0,10.3,9.4,7.1
3798,8.9,0.0,0.0,8.8,7.5,5.5
3799,7.0,0.0,0.0,6.7,5.2,3.5
3800,6.0,0.0,0.0,5.8,4.0,2.6
3801,4.9,0.0,0.0,5.0,-6.0,-2.3
3802,3.3,0.0,0.0,3.7,-7.9,-3.7
3803,1.8,0.0,0.0,2.6,-9.8,-5.2
3804,2.0,0.0,0.0,3.0,-10.0,-5.4
3805,0.8,0.0,0.0,-5.3,-5.2,-2.6
3806,0.3,0.0,0.0,-6.7,-12.4,-7.2
3807,0.0,0.0,0.0,-8.2,-13.9,-8.1
3808,-12.3,0.0,0.0,-9.7,-15.7,-8.8
3809,-14.1,0.0,0.0,-11.5,-16.9,-9.5
3810,-15.9,0.0,0.0,-13.1,-4.4,0.4
3811,-16.9,0.0,0.0,-13.8,-4.2,1.2
3812,-34.9,0.0,0.0,-30.3,3.2,3.0
3813,-32.3,0.0,0.0,-28.2,4.6,4.0
3814,-29.5,0.0,0.0,-25.8,5.7,4.8
3815,-26.8,0.0,0.0,-23.5,6.4,5.2
3816,-6.7,0.0,0.0,6.9,6.8,5.4
3817,7.3,0.0,0.0,7.8,7.9,6.3
3818,7.5,0.0,0.0,7.9,7.7,6.1
3819,8.3,0.0,0.0,8.6,8.3,6.4
3820,9.4,0.0,0.0,9.6,9.2,7.1
3821,9.8,0.0,0.0,9.9,9.3,7.1
3822,8.0,0.0,0.0,8.1,7.1,5.2
3823,6.2,0.0,0.0,6.0,4.7,3.3
3824,4.7,0.0,0.0,4.5,3.0,1.9
3825,3.0,0.0,0.0,3.1,1.3,0.6
3826,1.5,0.0,0.0,2.0,0.0,0.0
3827,0.6,0.0,0.0,1.5,0.0,0.0
3828,0.0,0.0,0.0,0.9,-0.8,-0.2
3829,-0.8,0.0,0.0,-9.8,-1.8,-1.0
3830,-1.6,0.0,0.0,-10.7,-1.9,-1.2
3831,-2.7,0.0,0.0,-12.1,-2.8,-1.8
3832,-15.5,0.0,0.0,-13.1,-3.1,-2.0
3833,-16.9,0.0,0.0,-14.4,-4.4,-2.6
3834,-19.1,0.0,0.0,-15.9,-7.8,-3.4
3835,-21.2,0.0,0.0,-17.6,-7.7,-3.6
3836,-40.2,0.0,0.0,-34.9,1.8,1.9
3837,-37.2,0.0,0.0,-32.3,3.8,3.5
3838,-34.6,0.0,0.0,-30.1,4.6,4.0
3839,-31.9,0.0,0.0,-27.8,5.3,4.5
3840,-10.8,0.0,0.0,5.5,5.8,4.7
3841,7.2,0.0,0.0,7.3,6.6,5.0
3842,8.5,0.0,0.0,8.5,7.7,5.8
3843,8.9,0.0,0.0,8.9,8.0,6.0
3844,9.6,0.0,0.0,9.5,8.5,6.4
3845,10.0,0.0,0.0,9.8,8.7,6.5
3846,8.3,0.0,0.0,8.1,6.7,4.7
3847,5.7,0.0,0.0,5.3,3.7,2.2
3848,4.2,0.0,0.0,3.9,1.9,1.0
3849,3.1,0.0,0.0,3.2,1.1,0.5
3850,1.5,0.0,0.0,1.9,0.0,0.0
3851,0.8,0.0,0.0,1.6,0.0,0.0
3852,0.0,0.0,0.0,0.4,-0.8,-0.1
3853,-0.5,0.0,0.0,-9.1,-2.1,-1.2
3854,1.3,0.0,0.0,-8.3,0.8,0.8
3855,1.1,0.0,0.0,-8.6,0.4,0.7
3856,-9.6,0.0,0.0,-8.0,2.5,2.2
3857,-9.8,0.0,0.0,-8.2,2.3,2.1
3858,-8.6,0.0,0.0,-7.1,3.8,3.2
3859,-8.0,0.0,0.0,-6.6,3.8,3.2
3860,-23.9,0.0,0.0,-21.5,4.8,3.8
3861,-22.4,0.0,0.0,-20.2,5.4,4.2
3862,-20.9,0.0,0.0,-19.0,5.7,4.4
3863,-19.5,0.0,0.0,-17.8,5.9,4.5
3864,-1.8,0.0,0.0,6.9,6.3,4.8
3865,8.1,0.0,0.0,8.0,6.9,5.1
3866,8.4,0.0,0.0,8.2,7.1,5.2
3867,8.5,0.0,0.0,8.3,7.1,5.2
3868,9.0,0.0,0.0,8.8,7.5,5.5
3869,9.7,0.0,0.0,9.4,8.0,5.8
3870,8.9,0.0,0.0,8.7,7.1,5.1
3871,8.7,0.0,0.0,8.4,6.8,4.8
3872,6.8,0.0,0.0,6.4,4.2,2.7
3873,5.4,0.0,0.0,5.3,-4.8,-1.2
3874,4.9,0.0,0.0,5.2,-5.5,-1.6
3875,3.6,0.0,0.0,4.1,-7.2,-3.0
3876,2.8,0.0,0.0,3.7,-8.4,-3.9
3877,3.8,0.0,0.0,-1.2,-1.4,0.0
3878,3.2,0.0,0.0,-2.1,-8.5,-4.1
3879,3.5,0.0,0.0,-2.6,-8.4,-4.1
3880,4.3,0.0,0.0,-2.4,-7.7,-3.7
3881,3.0,0.0,0.0,-3.7,-9.9,-4.8
3882,4.2,0.0,0.0,-3.4,3.0,2.7
3883,5.0,0.0,0.0,-3.0,4.3,3.5
3884,6.4,0.0,0.0,-17.1,6.0,4.6
3885,6.9,0.0,0.0,-15.9,6.4,4.9
3886,7.4,0.0,0.0,-14.6,6.8,5.2
3887,7.9,0.0,0.0,-13.3,7.2,5.4
3888,8.2,0.0,0.0,8.3,7.3,5.5
3889,9.5,0.0,0.0,9.4,8.2,6.1
3890,10.2,0.0,0.0,10.0,8.8,6.5
3891,10.2,0.0,0.0,9.9,8.6,6.3
3892,10.0,0.0,0.0,9.7,8.2,6.0
3893,9.9,0.0,0.0,9.5,8.0,5.8
3894,9.9,0.0,0.0,9.6,7.9,5.7
3895,8.2,0.0,0.0,7.7,5.7,3.8
3896,7.5,0.0,0.0,7.2,5.0,3.4
3897,6.2,0.0,0.0,6.2,-3.5,0.0
3898,6.3,0.0,0.0,6.5,-3.5,0.0
3899,5.3,0.0,0.0,5.5,-4.7,-0.9
3900,3.8,0.0,0.0,4.3,-6.6,-2.4
3901,3.4,0.0,0.0,0.0,-1.3,0.0
3902,2.8,0.0,0.0,-1.2,-8.4,-3.9
3903,3.1,0.0,0.0,-1.9,-8.3,-3.9
3904,4.0,0.0,0.0,-2.0,-7.4,-3.4
3905,5.9,0.0,0.0,-0.4,-5.2,-1.8
3906,6.3,0.0,0.0,0.0,5.6,4.2
3907,5.5,0.0,0.0,-0.2,4.6,3.5
3908,6.1,0.0,0.0,-14.7,5.2,3.9
3909,6.9,0.0,0.0,-13.6,6.0,4.5
3910,7.2,0.0,0.0,-12.8,6.2,4.6
3911,7.5,0.0,0.0,-12.0,6.5,4.8
3912,7.8,0.0,0.0,7.8,6.7,4.9
3913,7.1,0.0,0.0,7.2,6.6,5.1
3914,7.5,0.0,0.0,7.6,6.9,5.2
3915,7.8,0.0,0.0,7.8,7.0,5.3
3916,7.9,0.0,0.0,7.9,7.0,5.2
3917,8.1,0.0,0.0,8.0,7.0,5.2
3918,7.4,0.0,0.0,7.3,6.0,4.3
3919,8.4,0.0,0.0,8.4,7.0,5.2
3920,7.8,0.0,0.0,7.8,6.1,4.5
3921,7.2,0.0,0.0,7.3,-2.9,0.0
3922,5.9,0.0,0.0,6.2,-4.6,-0.9
3923,2.8,0.0,0.0,3.4,-8.1,-3.7
3924,2.6,0.0,0.0,3.5,-8.7,-4.2
3925,2.1,0.0,0.0,-2.8,-3.4,-1.1
3926,2.3,0.0,0.0,-3.6,-9.7,-5.1
3927,2.5,0.0,0.0,-4.3,-9.8,-5.2
3928,-8.3,0.0,0.0,-6.3,-13.0,-6.9
3929,-10.5,0.0,0.0,-8.3,-15.2,-7.9
3930,-12.3,0.0,0.0,-9.9,-2.8,0.5
3931,-14.0,0.0,0.0,-11.3,-2.9,1.0
3932,-31.3,0.0,0.0,-27.4,3.3,2.9
3933,-28.2,0.0,0.0,-24.8,5.5,4.6
3934,-25.4,0.0,0.0,-22.3,6.6,5.4
3935,-22.9,0.0,0.0,-20.3,7.1,5.6
3936,-3.3,0.0,0.0,7.9,7.7,6.0
3937,6.7,0.0,0.0,7.3,7.4,5.9
3938,7.6,0.0,0.0,8.1,8.0,6.3
3939,8.4,0.0,0.0,8.8,8.5,6.7
3940,9.0,0.0,0.0,9.3,8.9,6.9
3941,8.8,0.0,0.0,9.0,8.4,6.4
3942,7.2,0.0,0.0,7.3,6.3,4.7
3943,5.2,0.0,0.0,5.2,3.9,2.7
3944,3.5,0.0,0.0,3.3,1.8,0.9
3945,1.9,0.0,0.0,1.9,-10.3,-6.1
3946,0.2,0.0,0.0,0.7,-12.3,-7.5
3947,0.0,0.0,0.0,0.0,-14.0,-8.8
3948,-1.5,0.0,0.0,-0.1,-15.2,-9.7
3949,-3.4,0.0,0.0,-12.4,-10.0,-6.6
3950,-4.9,0.0,0.0,-14.0,-17.3,-11.4
3951,-6.6,0.0,0.0,-15.6,-19.2,-12.5
3952,-8.1,0.0,0.0,-17.5,-21.1,-13.4
3953,-9.3,0.0,0.0,-19.1,-21.8,-13.9
3954,-10.0,0.0,0.0,-19.9,-8.4,-5.0
3955,-10.8,0.0,0.0,-20.7,-8.4,-5.0
3956,-8.9,0.0,0.0,-37.6,1.3,1.7
3957,1.1,0.0,0.0,-35.1,3.1,3.0
3958,3.1,0.0,0.0,-32.0,4.9,4.3
3959,4.2,0.0,0.0,-29.3,5.8,4.9
3960,4.9,0.0,0.0,5.7,6.1,5.1
3961,6.1,0.0,0.0,6.6,6.7,5.4
3962,6.9,0.0,0.0,7.3,7.3,5.8
3963,7.6,0.0,0.0,7.9,7.7,6.0
3964,7.7,0.0,0.0,7.9,7.5,5.8
3965,7.9,0.0,0.0,8.1,7.5,5.7
3966,5.9,0.0,0.0,5.9,5.1,3.7
3967,4.0,0.0,0.0,3.8,2.7,1.6
3968,2.2,0.0,0.0,1.9,0.6,0.0
3969,0.3,0.0,0.0,0.4,-12.5,-7.9
3970,-0.2,0.0,0.0,0.0,-14.5,-9.4
3971,-3.0,0.0,0.0,-1.9,-16.7,-11.0
3972,-4.0,0.0,0.0,-2.5,-17.5,-11.5
3973,-5.0,0.0,0.0,-14.0,-11.8,-7.8
3974,-4.4,0.0,0.0,-13.9,-17.4,-11.3
3975,-4.8,0.0,0.0,-14.7,-17.7,-11.5
3976,-17.2,0.0,0.0,-14.2,-16.7,-10.7
3977,-20.9,0.0,0.0,-18.4,-17.0,-11.9
3978,-19.7,0.0,0.0,-17.2,1.4,1.6
3979,-18.9,0.0,0.0,-16.5,1.6,1.8
3980,-37.6,0.0,0.0,-33.0,2.0,2.0
3981,-35.9,0.0,0.0,-31.6,2.7,2.4
3982,-34.3,0.0,0.0,-30.3,3.0,2.7
3983,-33.2,0.0,0.0,-29.4,2.9,2.5
3984,-13.3,0.0,0.0,3.1,3.2,2.7
3985,2.0,0.0,0.0,2.7,2.9,2.6
3986,2.6,0.0,0.0,3.2,3.3,2.8
3987,3.0,0.0,0.0,3.5,3.5,2.9
3988,3.4,0.0,0.0,3.9,3.8,3.1
3989,4.2,0.0,0.0,4.5,4.3,3.5
3990,3.1,0.0,0.0,3.4,2.9,2.2
3991,2.3,0.0,0.0,2.5,1.8,1.3
3992,2.1,0.0,0.0,2.6,1.6,1.3
3993,0.5,0.0,0.0,1.2,-0.4,0.0
3994,-2.1,0.0,0.0,-1.3,-2.4,-1.9
3995,-3.4,0.0,0.0,-2.4,-3.3,-2.6
3996,-4.8,0.0,0.0,-3.6,-4.1,-3.2
3997,-4.2,0.0,0.0,-13.4,-4.3,-2.9
3998,-4.6,0.0,0.0,-14.0,-4.6,-2.9
3999,-5.3,0.0,0.0,-14.6,-5.5,-3.2
4000,-23.5,0.0,0.0,-20.5,-7.3,-5.7
4001,-23.2,0.0,0.0,-20.5,-5.4,-4.7
4002,-22.5,0.0,0.0,-19.9,-4.4,0.5
4003,-22.2,0.0,0.0,-19.6,0.0,0.6
4004,-41.7,0.0,0.0,-36.6,0.6,1.0
4005,-40.2,0.0,0.0,-35.3,1.3,1.5
4006,-39.0,0.0,0.0,-34.4,1.4,1.5
4007,-38.1,0.0,0.0,-33.6,1.4,1.5
4008,-18.0,0.0,0.0,0.9,1.2,1.3
4009,1.2,0.0,0.0,1.7,1.7,1.6
4010,1.4,0.0,0.0,1.9,1.9,1.7
4011,1.6,0.0,0.0,2.0,1.9,1.6
4012,1.8,0.0,0.0,2.2,2.0,1.7
4013,2.0,0.0,0.0,2.4,2.1,1.7
4014,2.1,0.0,0.0,2.5,2.1,1.7
4015,2.0,0.0,0.0,2.3,1.8,1.5
4016,1.7,0.0,0.0,2.1,1.4,1.2
4017,1.1,0.0,0.0,1.6,0.7,0.6
4018,-0.8,0.0,0.0,0.5,-1.0,-0.8
4019,-2.2,0.0,0.0,-1.5,-2.2,-1.7
4020,-3.6,0.0,0.0,-2.7,-3.4,-2.7
4021,-2.6,0.0,0.0,-12.5,-2.9,-1.9
4022,-5.0,0.0,0.0,-15.3,-3.6,-3.0
4023,-5.1,0.0,0.0,-15.6,-3.4,-2.8
4024,-17.0,0.0,0.0,-15.1,-2.4,0.2
4025,-17.7,0.0,0.0,-15.7,-2.8,0.1
4026,-17.9,0.0,0.0,-15.8,-2.7,0.3
4027,-18.5,0.0,0.0,-16.4,-3.3,-2.8
4028,-37.4,0.0,0.0,-33.1,0.5,0.8
4029,-36.4,0.0,0.0,-32.3,1.1,1.2
4030,-35.7,0.0,0.0,-31.7,1.3,1.3
4031,-34.7,0.0,0.0,-30.9,1.7,1.6
4032,-15.1,0.0,0.0,1.7,1.8,1.7
4033,-10.5,0.0,0.0,0.2,1.2,1.6
4034,-9.0,0.0,0.0,0.7,1.5,1.8
4035,0.3,0.0,0.0,1.3,2.0,2.0
4036,1.4,0.0,0.0,2.2,2.8,2.6
4037,1.8,0.0,0.0,2.5,3.0,2.7
4038,2.0,0.0,0.0,2.7,2.9,2.6
4039,1.5,0.0,0.0,2.2,2.0,1.9
4040,-4.5,0.0,0.0,-4.2,-2.9,-2.8
4041,-6.3,0.0,0.0,-5.9,-17.8,-12.7
4042,-4.4,0.0,0.0,-3.4,-17.4,-11.6
4043,-5.5,0.0,0.0,-4.1,-18.5,-12.2
4044,-6.5,0.0,0.0,-4.5,-19.3,-12.7
4045,-7.7,0.0,0.0,-16.8,-13.5,-8.9
4046,-8.3,0.0,0.0,-17.1,-20.6,-13.4
4047,-8.7,0.0,0.0,-17.9,-21.9,-13.8
4048,-9.0,0.0,0.0,-18.6,-22.8,-13.9
4049,-8.9,0.0,0.0,-18.8,-23.0,-13.6
4050,-8.9,0.0,0.0,-18.9,-8.9,-3.9
4051,-8.6,0.0,0.0,-18.6,-8.1,-3.1
4052,-6.6,0.0,0.0,-36.8,-3.1,-1.4
4053,-19.5,0.0,0.0,-50.6,-10.1,-9.1
4054,-17.0,0.0,0.0,-48.0,0.2,1.1
4055,-15.1,0.0,0.0,-45.7,0.8,1.5
4056,-13.2,0.0,0.0,0.1,1.5,1.9
4057,-16.2,0.0,0.0,-15.5,1.5,2.1
4058,-14.2,0.0,0.0,0.3,1.8,2.2
4059,0.1,0.0,0.0,1.3,2.7,2.8
4060,0.6,0.0,0.0,1.7,2.9,2.9
4061,1.0,0.0,0.0,2.0,2.9,2.8
4062,-8.5,0.0,0.0,0.6,1.2,1.3
4063,-9.2,0.0,0.0,-9.0,-5.2,-5.0
4064,-10.5,0.0,0.0,-10.4,-7.0,-6.5
4065,-5.0,0.0,0.0,-4.2,-17.8,-12.0
4066,-6.9,0.0,0.0,-5.7,-19.6,-13.1
4067,-8.7,0.0,0.0,-7.0,-21.3,-14.3
4068,-9.6,0.0,0.0,-7.3,-22.0,-14.6
4069,-11.1,0.0,0.0,-20.4,-16.3,-10.9
4070,-11.6,0.0,0.0,-20.7,-23.6,-15.5
4071,-12.0,0.0,0.0,-21.5,-24.8,-15.8
4072,-12.2,0.0,0.0,-22.1,-25.6,-15.9
4073,-12.4,0.0,0.0,-22.7,-26.2,-15.9
4074,-12.6,0.0,0.0,-22.8,-11.8,-5.8
4075,-12.6,0.0,0.0,-22.8,-11.3,-5.2
4076,-10.0,0.0,0.0,-41.4,-5.6,-3.0
4077,-7.8,0.0,0.0,-39.4,-3.4,-1.4
4078,-6.2,0.0,0.0,-37.6,-1.9,-0.3
4079,-22.8,0.0,0.0,-54.9,-11.7,-10.6
4080,-20.7,0.0,0.0,-20.0,-10.3,0.5
4081,-22.9,0.0,0.0,-22.2,-11.5,0.5
4082,-20.0,0.0,0.0,-19.3,0.5,1.4
4083,-18.0,0.0,0.0,-17.4,0.6,1.4
4084,-16.7,0.0,0.0,-16.1,0.3,1.1
4085,-15.5,0.0,0.0,-15.0,-7.7,0.7
4086,-15.3,0.0,0.0,-14.8,-8.3,-7.6
4087,-4.8,0.0,0.0,-4.0,-3.2,-2.1
4088,-6.6,0.0,0.0,-5.8,-5.4,-3.9
4089,-8.9,0.0,0.0,-7.8,-21.3,-14.6
4090,-9.9,0.0,0.0,-8.3,-22.2,-14.9
4091,-11.7,0.0,0.0,-9.7,-23.9,-16.1
4092,-13.2,0.0,0.0,-10.6,-25.2,-17.0
4093,-13.9,0.0,0.0,-23.6,-18.5,-12.4
4094,-14.7,0.0,0.0,-24.2,-26.2,-17.5
4095,-15.0,0.0,0.0,-24.9,-27.3,-17.7
4096,-32.3,0.0,0.0,-25.6,-28.3,-17.9
4097,-33.0,0.0,0.0,-26.2,-28.1,-17.6
4098,-32.9,0.0,0.0,-26.0,-11.3,-6.5
4099,-33.6,0.0,0.0,-26.1,-12.5,-6.4
4100,-57.9,0.0,0.0,-44.4,-6.1,-3.2
4101,-55.3,0.0,0.0,-42.3,-4.1,-1.7
4102,-53.0,0.0,0.0,-40.6,-2.9,-0.8
4103,-51.4,0.0,0.0,-39.6,-2.5,-0.6
4104,-43.5,0.0,0.0,-25.4,-13.6,-12.4
4105,-14.5,0.0,0.0,-14.1,-7.7,-7.1
4106,-12.7,0.0,0.0,-12.4,-6.4,0.4
4107,-11.3,0.0,0.0,-10.9,0.3,0.7
4108,-10.1,0.0,0.0,-9.8,0.4,0.7
4109,-8.8,0.0,0.0,0.1,0.7,1.0
4110,-7.7,0.0,0.0,0.4,0.8,1.0
4111,-7.5,0.0,0.0,-7.1,0.1,0.4
4112,-8.4,0.0,0.0,-8.0,-5.4,-4.9
4113,-3.6,0.0,0.0,-2.7,-16.5,-10.8
4114,-4.2,0.0,0.0,-3.0,-17.0,-11.1
4115,-5.8,0.0,0.0,-4.4,-18.7,-12.4
4116,-7.3,0.0,0.0,-5.4,-20.1,-13.3
4117,-8.2,0.0,0.0,-17.6,-14.0,-9.3
4118,-8.9,0.0,0.0,-18.1,-21.3,-13.9
4119,-8.7,0.0,0.0,-18.4,-21.6,-13.8
4120,-9.0,0.0,0.0,-18.9,-22.4,-13.9
4121,-8.6,0.0,0.0,-18.9,-22.1,-13.5
4122,-8.1,0.0,0.0,-18.5,-7.0,-3.4
4123,-7.5,0.0,0.0,-17.9,-6.5,-2.5
4124,-19.7,0.0,0.0,-51.0,-10.5,-9.5
4125,-17.8,0.0,0.0,-48.9,-8.9,0.4
4126,-15.4,0.0,0.0,-46.2,0.8,1.4
4127,-13.4,0.0,0.0,-43.9,1.4,1.8
4128,-11.4,0.0,0.0,0.8,2.1,2.3
4129,0.1,0.0,0.0,1.2,2.5,2.6
4130,0.9,0.0,0.0,1.9,3.0,2.9
4131,1.6,0.0,0.0,2.5,3.5,3.2
4132,2.4,0.0,0.0,3.2,4.0,3.5
4133,2.7,0.0,0.0,3.4,4.0,3.5
4134,2.3,0.0,0.0,3.0,3.2,2.8
4135,-4.8,0.0,0.0,0.5,0.3,0.4
4136,-6.2,0.0,0.0,-6.0,-4.4,-4.0
4137,-7.9,0.0,0.0,-7.5,-19.2,-13.8
4138,-4.5,0.0,0.0,-3.5,-17.5,-11.7
4139,-5.6,0.0,0.0,-4.2,-18.6,-12.3
4140,-6.5,0.0,0.0,-4.6,-19.4,-12.8
4141,-7.5,0.0,0.0,-16.8,-13.3,-8.8
4142,-7.4,0.0,0.0,-16.9,-19.9,-13.0
4143,-8.4,0.0,0.0,-17.7,-21.6,-13.6
4144,-23.3,0.0,0.0,-18.5,-22.3,-13.7
4145,-23.8,0.0,0.0,-18.8,-22.7,-13.5
4146,-24.4,0.0,0.0,-19.0,-8.6,-3.8
4147,-24.8,0.0,0.0,-19.1,-7.9,-3.2
4148,-47.2,0.0,0.0,-37.4,-3.3,-1.5
4149,-45.3,0.0,0.0,-35.9,-1.8,-0.3
4150,-58.2,0.0,0.0,-50.0,-9.4,0.4
4151,-55.1,0.0,0.0,-47.4,0.5,1.3
4152,-29.4,0.0,0.0,-13.6,1.4,1.9
4153,-17.6,0.0,0.0,-17.0,1.2,1.9
4154,-16.1,0.0,0.0,-15.5,1.0,1.6
4155,-14.0,0.0,0.0,0.1,1.5,1.9
4156,-12.0,0.0,0.0,0.6,1.9,2.2
4157,-10.4,0.0,0.0,1.0,2.0,2.2
4158,-10.9,0.0,0.0,-10.5,-5.5,0.4
4159,-11.9,0.0,0.0,-11.6,-7.2,-6.6
4160,-5.0,0.0,0.0,-4.3,-4.2,-3.1
4161,-6.7,0.0,0.0,-5.8,-5.9,-4.3
4162,-8.1,0.0,0.0,-6.8,-7.1,-5.0
4163,-9.6,0.0,0.0,-7.7,-8.4,-5.8
4164,-10.4,0.0,0.0,-8.1,-9.0,-6.1
4165,-11.4,0.0,0.0,-20.9,-9.6,-6.4
4166,-12.1,0.0,0.0,-21.4,-10.0,-6.5
4167,-12.4,0.0,0.0,-22.0,-10.9,-6.6
4168,-28.9,0.0,0.0,-22.9,-11.9,-6.8
4169,-29.3,0.0,0.0,-23.2,-11.2,-6.2
4170,-29.3,0.0,0.0,-23.2,-9.4,-5.3
4171,-29.2,0.0,0.0,-22.9,-8.8,-4.6
4172,-53.9,0.0,0.0,-42.2,-5.9,-3.2
4173,-51.4,0.0,0.0,-40.0,-3.7,-1.5
4174,-50.2,0.0,0.0,-39.3,-3.3,-1.3
4175,-65.9,0.0,0.0,-56.5,-12.4,-11.3
4176,-38.8,0.0,0.0,-21.5,-11.4,0.0
4177,-23.1,0.0,0.0,-22.4,-11.9,0.1
4178,-20.9,0.0,0.0,-20.3,-10.6,0.4
4179,-18.8,0.0,0.0,-18.3,-9.3,0.7
4180,-17.1,0.0,0.0,-16.6,-8.4,0.8
4181,-15.2,0.0,0.0,-14.8,0.4,1.0
4182,-15.1,0.0,0.0,-14.6,-8.0,-7.4
4183,-5.4,0.0,0.0,-4.4,-3.7,-2.4
4184,-7.2,0.0,0.0,-6.2,-5.9,-4.1
4185,-9.4,0.0,0.0,-8.2,-8.1,-5.8
4186,-10.9,0.0,0.0,-9.3,-9.4,-6.6
4187,-11.8,0.0,0.0,-9.8,-10.1,-7.0
4188,-12.8,0.0,0.0,-10.4,-10.9,-7.4
4189,-12.2,0.0,0.0,-22.9,-9.9,-6.5
4190,-12.9,0.0,0.0,-23.5,-10.4,-6.9
4191,-14.0,0.0,0.0,-24.2,-11.7,-7.5
4192,-31.4,0.0,0.0,-25.0,-13.3,-7.9
4193,-31.8,0.0,0.0,-25.3,-12.7,-7.3
4194,-32.0,0.0,0.0,-25.2,-11.7,-6.4
4195,-31.2,0.0,0.0,-24.2,-9.7,-5.0
4196,-57.0,0.0,0.0,-44.2,-6.7,-3.7
4197,-54.2,0.0,0.0,-41.8,-4.2,-1.8
4198,-52.3,0.0,0.0,-40.4,-3.2,-1.2
4199,-51.2,0.0,0.0,-39.8,-3.2,-1.3
4200,-23.7,0.0,0.0,-4.7,-2.3,-0.6
4201,-5.9,0.0,0.0,-5.7,-3.2,0.1
4202,-0.9,0.0,0.0,-0.4,-0.4,-0.1
4203,-4.6,0.0,0.0,0.2,0.2,0.3
4204,0.1,0.0,0.0,0.5,0.5,0.5
4205,0.1,0.0,0.0,0.5,0.4,0.4
4206,0.1,0.0,0.0,0.5,0.2,0.3
4207,-3.1,0.0,0.0,0.3,-1.8,0.0
4208,-3.1,0.0,0.0,0.0,-2.0,-1.9
4209,-2.7,0.0,0.0,0.4,-14.4,-9.8
4210,-3.4,0.0,0.0,-3.0,-15.2,-10.4
4211,-4.0,0.0,0.0,-3.4,-15.9,-10.9
4212,-4.1,0.0,0.0,-3.5,-15.9,-10.9
4213,-4.6,0.0,0.0,-15.2,-9.8,-7.0
4214,-5.0,0.0,0.0,-15.6,-16.5,-11.4
4215,-6.0,0.0,0.0,-16.5,-17.3,-12.1
4216,-6.5,0.0,0.0,-17.0,-17.8,-12.4
4217,-6.9,0.0,0.0,-17.4,-18.3,-12.6
4218,-7.2,0.0,0.0,-17.7,-5.4,-4.0
4219,-6.1,0.0,0.0,-17.0,0.2,0.6
4220,0.1,0.0,0.0,-33.4,1.0,1.1
4221,1.1,0.0,0.0,-32.1,2.0,1.8
4222,1.9,0.0,0.0,-30.6,2.7,2.3
4223,2.5,0.0,0.0,-29.2,3.3,2.7
4224,3.3,0.0,0.0,3.8,3.9,3.1
4225,2.6,0.0,0.0,3.4,4.0,3.5
4226,3.2,0.0,0.0,3.9,4.3,3.7
4227,3.5,0.0,0.0,4.1,4.4,3.7
4228,3.9,0.0,0.0,4.5,4.6,3.8
4229,4.0,0.0,0.0,4.4,4.4,3.5
4230,3.9,0.0,0.0,4.3,4.0,3.2
4231,2.9,0.0,0.0,3.2,2.5,1.9
4232,2.2,0.0,0.0,2.5,1.6,1.2
4233,0.5,0.0,0.0,1.0,-13.5,-8.9
4234,-2.7,0.0,0.0,-2.1,-15.6,-10.6
4235,-4.8,0.0,0.0,-3.8,-17.3,-11.8
4236,-7.0,0.0,0.0,-5.5,-19.0,-13.1
4237,-5.0,0.0,0.0,-14.0,-11.4,-7.5
4238,-5.6,0.0,0.0,-14.2,-18.4,-11.8
4239,-6.0,0.0,0.0,-15.1,-19.5,-12.2
4240,-6.0,0.0,0.0,-15.6,-19.7,-12.1
4241,-6.1,0.0,0.0,-15.9,-20.6,-12.0
4242,-5.5,0.0,0.0,-15.4,-5.6,-2.1
4243,-16.2,0.0,0.0,-26.4,-12.7,-8.1
4244,-14.6,0.0,0.0,-44.4,-7.4,0.2
4245,-12.7,0.0,0.0,-42.5,0.6,1.2
4246,-10.9,0.0,0.0,-40.5,1.5,1.9
4247,0.1,0.0,0.0,-38.4,2.3,2.4
4248,1.0,0.0,0.0,2.1,3.0,2.9
4249,1.6,0.0,0.0,2.6,3.4,3.2
4250,2.4,0.0,0.0,3.2,3.9,3.5
4251,3.0,0.0,0.0,3.8,4.3,3.7
4252,3.7,0.0,0.0,4.3,4.7,3.9
4253,4.1,0.0,0.0,4.7,4.9,4.0
4254,3.4,0.0,0.0,3.8,3.7,2.9
4255,2.1,0.0,0.0,2.3,1.9,1.3
4256,0.7,0.0,0.0,0.9,0.2,0.0
4257,-3.6,0.0,0.0,-3.4,-16.1,-11.2
4258,-5.7,0.0,0.0,-5.1,-17.8,-12.4
4259,-8.0,0.0,0.0,-6.9,-19.6,-13.8
4260,-5.4,0.0,0.0,-3.5,-18.4,-12.1
4261,-6.4,0.0,0.0,-15.4,-12.5,-8.2
4262,-6.7,0.0,0.0,-15.5,-19.3,-12.4
4263,-6.4,0.0,0.0,-15.6,-19.6,-12.2
4264,-20.2,0.0,0.0,-15.8,-19.7,-12.0
4265,-20.6,0.0,0.0,-16.2,-20.1,-11.8
4266,-21.1,0.0,0.0,-16.3,-6.4,-2.4
4267,-33.6,0.0,0.0,-29.1,-13.6,-9.3
4268,-55.1,0.0,0.0,-47.3,-8.6,0.3
4269,-52.4,0.0,0.0,-45.1,0.6,1.3
4270,-49.7,0.0,0.0,-42.9,1.5,1.9
4271,-47.1,0.0,0.0,-40.7,2.0,2.3
4272,-23.1,0.0,0.0,1.6,2.7,2.7
4273,1.0,0.0,0.0,2.1,3.2,3.1
4274,1.9,0.0,0.0,2.9,3.8,3.5
4275,2.7,0.0,0.0,3.5,4.3,3.8
4276,4.0,0.0,0.0,4.7,5.3,4.5
4277,4.5,0.0,0.0,5.1,5.5,4.5
4278,3.0,0.0,0.0,3.5,3.5,2.8
4279,1.3,0.0,0.0,1.5,1.3,0.9
4280,-3.3,0.0,0.0,0.0,-2.3,-2.4
4281,-5.4,0.0,0.0,-5.2,-17.4,-12.3
4282,-6.8,0.0,0.0,-6.2,-18.4,-13.0
4283,-9.2,0.0,0.0,-8.1,-20.4,-14.5
4284,-5.9,0.0,0.0,-4.0,-18.9,-12.4
4285,-6.2,0.0,0.0,-15.6,-12.2,-8.0
4286,-7.3,0.0,0.0,-16.2,-19.9,-12.9
4287,-8.1,0.0,0.0,-17.3,-21.3,-13.4
4288,-8.1,0.0,0.0,-17.8,-22.0,-13.4
4289,-8.3,0.0,0.0,-18.2,-22.6,-13.4
4290,-7.9,0.0,0.0,-18.0,-7.5,-3.4
4291,-7.7,0.0,0.0,-17.7,-7.2,-2.7
4292,-5.8,0.0,0.0,-35.6,-2.6,-1.1
4293,-17.7,0.0,0.0,-48.4,-9.1,-8.2
4294,-16.0,0.0,0.0,-46.5,-7.8,0.7
4295,-14.1,0.0,0.0,-44.4,0.6,1.3
4296,-12.3,0.0,0.0,0.0,1.3,1.7
4297,0.5,0.0,0.0,1.4,2.1,2.1
4298,1.1,0.0,0.0,1.9,2.5,2.3
4299,1.4,0.0,0.0,2.1,2.5,2.3
4300,1.8,0.0,0.0,2.4,2.7,2.4
4301,2.5,0.0,0.0,3.1,3.3,2.8
4302,2.8,0.0,0.0,3.3,3.4,2.8
4303,2.5,0.0,0.0,3.0,2.7,2.3
4304,1.2,0.0,0.0,1.8,1.0,0.9
4305,0.1,0.0,0.0,0.9,-14.3,-9.6
4306,0.8,0.0,0.0,1.5,-13.5,-9.0
4307,0.1,0.0,0.0,0.9,-14.3,-9.5
4308,-4.4,0.0,0.0,-2.8,-17.8,-11.8
4309,-6.2,0.0,0.0,-15.1,-12.9,-8.6
4310,-7.1,0.0,0.0,-16.0,-20.1,-13.2
4311,-6.3,0.0,0.0,-16.1,-19.3,-12.5
4312,-18.2,0.0,0.0,-15.0,-16.9,-10.9
4313,-20.0,0.0,0.0,-16.3,-19.7,-12.2
4314,-19.0,0.0,0.0,-15.4,-3.2,-1.7
4315,-18.4,0.0,0.0,-14.8,-2.2,-0.9
4316,-39.2,0.0,0.0,-32.4,-1.3,-0.3
4317,-47.8,0.0,0.0,-41.7,-6.2,0.2
4318,-46.5,0.0,0.0,-40.7,-5.5,0.5
4319,-45.5,0.0,0.0,-39.8,-5.2,0.5
4320,-22.0,0.0,0.0,1.0,1.9,2.0
4321,2.2,0.0,0.0,2.7,2.6,2.2
4322,2.4,0.0,0.0,2.8,2.7,2.2
4323,2.6,0.0,0.0,2.9,2.7,2.2
4324,2.8,0.0,0.0,3.1,2.9,2.3
4325,3.0,0.0,0.0,3.3,2.9,2.3
4326,3.0,0.0,0.0,3.2,2.8,2.1
4327,2.8,0.0,0.0,3.0,2.4,1.9
4328,1.8,0.0,0.0,2.1,1.1,0.9
4329,-0.8,0.0,0.0,-0.3,-1.8,-1.5
4330,-3.0,0.0,0.0,-2.3,-3.6,-2.9
4331,-3.2,0.0,0.0,-2.1,-3.9,-2.8
4332,-4.0,0.0,0.0,-2.6,-4.4,-3.1
4333,-5.9,0.0,0.0,-16.3,-4.1,-3.4
4334,-3.9,0.0,0.0,-13.9,-3.9,-2.6
4335,-4.3,0.0,0.0,-14.2,-4.2,-2.7
4336,-15.6,0.0,0.0,-12.9,-1.7,-0.8
4337,-18.5,0.0,0.0,-16.3,2.2,2.1
4338,-17.7,0.0,0.0,-15.6,2.1,2.0
4339,-17.7,0.0,0.0,-15.6,1.3,1.4
4340,-36.2,0.0,0.0,-32.0,1.7,1.6
4341,-34.7,0.0,0.0,-30.7,2.5,2.2
4342,-33.5,0.0,0.0,-29.7,2.6,2.3
4343,-32.3,0.0,0.0,-28.8,2.7,2.3
4344,-12.7,0.0,0.0,2.9,3.0,2.5
4345,1.4,0.0,0.0,2.1,2.5,2.3
4346,2.2,0.0,0.0,2.8,3.1,2.7
4347,3.0,0.0,0.0,3.5,3.7,3.1
4348,3.8,0.0,0.0,4.3,4.3,3.5
4349,4.3,0.0,0.0,4.7,4.6,3.7
4350,4.0,0.0,0.0,4.4,4.1,3.3
4351,3.7,0.0,0.0,4.0,3.6,2.9
4352,3.4,0.0,0.0,3.8,3.1,2.4
4353,2.2,0.0,0.0,2.8,1.7,1.3
4354,-0.3,0.0,0.0,0.6,-1.1,-0.8
4355,-2.5,0.0,0.0,-1.5,-2.9,-2.2
4356,-4.6,0.0,0.0,-3.2,-4.5,-3.4
4357,-6.8,0.0,0.0,-16.0,-5.9,-4.6
4358,-4.6,0.0,0.0,-13.4,-4.6,-2.9
4359,-5.3,0.0,0.0,-14.4,-5.8,-3.3
4360,-18.4,0.0,0.0,-14.7,-6.1,-3.1
4361,-18.6,0.0,0.0,-14.8,-5.7,-2.4
4362,-27.6,0.0,0.0,-24.0,-10.0,-7.1
4363,-28.1,0.0,0.0,-24.5,-9.2,-6.7
4364,-48.4,0.0,0.0,-41.9,0.0,0.8
4365,-46.3,0.0,0.0,-40.1,1.2,1.6
4366,-43.8,0.0,0.0,-37.9,2.2,2.3
4367,-41.4,0.0,0.0,-35.9,2.8,2.7
4368,-18.7,0.0,0.0,2.7,3.4,3.1
4369,2.2,0.0,0.0,3.1,3.8,3.4
4370,2.9,0.0,0.0,3.6,4.2,3.6
4371,3.6,0.0,0.0,4.3,4.7,3.9
4372,4.3,0.0,0.0,4.8,5.1,4.2
4373,4.7,0.0,0.0,5.2,5.2,4.2
4374,4.6,0.0,0.0,5.0,4.8,3.8
4375,3.5,0.0,0.0,3.8,3.2,2.5
4376,1.9,0.0,0.0,2.2,1.3,0.9
4377,-1.4,0.0,0.0,0.2,-14.4,-9.7
4378,-3.6,0.0,0.0,-2.9,-16.4,-11.1
4379,-5.7,0.0,0.0,-4.6,-18.0,-12.3
4380,-4.6,0.0,0.0,-3.0,-17.9,-11.7
4381,-6.1,0.0,0.0,-15.4,-12.6,-8.4
4382,-6.7,0.0,0.0,-15.8,-19.5,-12.7
4383,-7.3,0.0,0.0,-16.6,-20.5,-13.1
4384,-7.0,0.0,0.0,-17.0,-20.0,-12.8
4385,-6.7,0.0,0.0,-17.0,-19.2,-12.3
4386,-5.2,0.0,0.0,-15.9,-3.4,-1.8
4387,-4.3,0.0,0.0,-15.0,-2.3,-1.0
4388,-3.7,0.0,0.0,-32.6,-1.6,-0.6
4389,-2.9,0.0,0.0,-31.7,-0.8,0.0
4390,-11.3,0.0,0.0,-40.6,-5.5,0.4
4391,-10.4,0.0,0.0,-39.6,0.1,0.6
4392,-8.8,0.0,0.0,0.4,1.2,1.4
4393,4.3,0.0,0.0,4.2,3.2,2.3
4394,4.8,0.0,0.0,4.7,3.6,2.6
4395,5.3,0.0,0.0,5.2,4.2,3.0
4396,5.5,0.0,0.0,5.4,4.3,3.1
4397,5.7,0.0,0.0,5.5,4.4,3.1
4398,5.5,0.0,0.0,5.4,4.2,3.0
4399,5.9,0.0,0.0,5.7,4.5,3.2
4400,5.8,0.0,0.0,5.6,4.3,3.1
4401,4.9,0.0,0.0,4.9,-5.9,-2.3
4402,5.6,0.0,0.0,5.5,-5.3,-1.8
4403,5.6,0.0,0.0,5.6,-5.2,-1.8
4404,5.5,0.0,0.0,5.6,-5.4,-1.9
4405,5.4,0.0,0.0,0.0,0.0,0.0
4406,5.4,0.0,0.0,0.0,-5.5,-2.0
4407,5.6,0.0,0.0,0.0,-5.2,-1.8
4408,5.6,0.0,0.0,0.0,-5.3,-1.8
4409,5.8,0.0,0.0,0.0,-5.1,-1.6
4410,4.9,0.0,0.0,-0.0,3.3,2.4
4411,5.0,0.0,0.0,-0.2,3.4,2.6
4412,5.3,0.0,0.0,-15.2,4.1,3.0
4413,6.0,0.0,0.0,-14.6,4.9,3.6
4414,6.7,0.0,0.0,-13.8,5.6,4.1
4415,7.1,0.0,0.0,-13.0,6.0,4.4
4416,7.3,0.0,0.0,7.2,6.1,4.4
4417,5.3,0.0,0.0,5.8,5.6,4.5
4418,6.0,0.0,0.0,6.3,6.0,4.7
4419,6.0,0.0,0.0,6.3,5.9,4.6
4420,6.8,0.0,0.0,7.0,6.4,5.0
4421,7.3,0.0,0.0,7.4,6.7,5.2
4422,6.3,0.0,0.0,6.4,5.4,4.0
4423,5.3,0.0,0.0,5.5,4.2,3.1
4424,5.9,0.0,0.0,6.0,4.9,3.6
4425,4.5,0.0,0.0,4.8,-6.9,-3.1
4426,3.3,0.0,0.0,3.7,-8.2,-4.1
4427,1.6,0.0,0.0,2.3,-10.4,-5.7
4428,1.2,0.0,0.0,1.9,-11.1,-6.3
4429,0.9,0.0,0.0,-6.8,-5.4,-2.9
4430,0.0,0.0,0.0,-8.4,-13.6,-8.3
4431,-0.5,0.0,0.0,-9.3,-14.5,-8.7
4432,-13.4,0.0,0.0,-11.0,-15.8,-9.5
4433,-14.8,0.0,0.0,-12.5,-16.1,-9.8
4434,-16.6,0.0,0.0,-13.8,-4.9,-2.1
4435,-17.3,0.0,0.0,-14.6,-3.4,0.9
4436,-35.5,0.0,0.0,-31.2,2.2,2.2
4437,-34.1,0.0,0.0,-30.0,2.8,2.6
4438,-32.9,0.0,0.0,-29.1,2.9,2.6
4439,-31.7,0.0,0.0,-28.1,3.1,2.7
4440,-12.2,0.0,0.0,3.3,3.3,2.8
4441,2.6,0.0,0.0,3.2,3.3,2.8
4442,3.9,0.0,0.0,4.4,4.4,3.6
4443,4.7,0.0,0.0,5.2,5.1,4.1
4444,5.1,0.0,0.0,5.5,5.3,4.2
4445,5.2,0.0,0.0,5.5,5.1,4.0
4446,4.7,0.0,0.0,5.0,4.4,3.4
4447,3.8,0.0,0.0,4.0,3.1,2.3
4448,2.7,0.0,0.0,2.8,1.6,1.0
4449,1.1,0.0,0.0,1.4,-12.1,-7.7
4450,0.0,0.0,0.0,0.6,-13.5,-8.7
4451,-1.7,0.0,0.0,-0.6,-15.0,-9.8
4452,-3.1,0.0,0.0,-1.9,-16.0,-10.6
4453,-5.1,0.0,0.0,-14.5,-11.0,-7.6
4454,-6.1,0.0,0.0,-15.7,-17.9,-12.1
4455,-6.4,0.0,0.0,-16.5,-17.6,-12.1
4456,-6.7,0.0,0.0,-17.1,-17.6,-12.1
4457,-3.5,0.0,0.0,-13.3,-17.3,-10.4
4458,-9.1,0.0,0.0,-19.3,-7.3,-4.9
4459,-9.5,0.0,0.0,-19.8,-6.8,-4.7
4460,-8.6,0.0,0.0,-36.9,-4.2,0.5
4461,-7.2,0.0,0.0,-35.7,1.0,1.3
4462,1.2,0.0,0.0,-33.4,2.7,2.6
4463,2.6,0.0,0.0,-31.0,3.9,3.5
4464,3.4,0.0,0.0,4.2,4.6,3.9
4465,3.4,0.0,0.0,4.2,4.7,4.0
4466,3.5,0.0,0.0,4.1,4.4,3.7
4467,3.4,0.0,0.0,3.9,4.0,3.4
4468,4.3,0.0,0.0,4.7,4.7,3.9
4469,5.0,0.0,0.0,5.4,5.3,4.2
4470,3.9,0.0,0.0,4.2,3.8,3.0
4471,2.0,0.0,0.0,2.3,1.5,1.1
4472,0.9,0.0,0.0,1.2,0.2,0.0
4473,-1.6,0.0,0.0,-1.2,-14.8,-9.9
4474,-3.9,0.0,0.0,-3.1,-16.7,-11.3
4475,-5.5,0.0,0.0,-4.4,-17.9,-12.2
4476,-3.6,0.0,0.0,-2.2,-16.8,-10.9
4477,-4.1,0.0,0.0,-13.9,-10.5,-6.8
4478,-4.6,0.0,0.0,-14.3,-17.5,-11.3
4479,-4.4,0.0,0.0,-14.4,-17.2,-11.0
4480,-18.4,0.0,0.0,-15.0,-18.1,-11.4
4481,-18.4,0.0,0.0,-14.9,-17.2,-10.9
4482,-18.5,0.0,0.0,-14.8,-3.7,-1.7
4483,-18.3,0.0,0.0,-14.6,-3.2,-1.2
4484,-47.7,0.0,0.0,-41.4,-6.3,0.1
4485,-46.0,0.0,0.0,-40.0,0.4,0.9
4486,-43.9,0.0,0.0,-38.2,1.4,1.7
4487,-41.3,0.0,0.0,-36.0,2.6,2.5
4488,-18.6,0.0,0.0,2.7,3.4,3.1
4489,2.3,0.0,0.0,3.2,3.9,3.5
4490,3.0,0.0,0.0,3.8,4.3,3.7
4491,3.6,0.0,0.0,4.3,4.6,3.9
4492,4.2,0.0,0.0,4.8,5.0,4.1
4493,4.7,0.0,0.0,5.2,5.2,4.2
4494,3.4,0.0,0.0,3.8,3.5,2.8
4495,2.0,0.0,0.0,2.3,1.7,1.3
4496,0.5,0.0,0.0,0.7,-1.0,-1.2
4497,-3.0,0.0,0.0,-2.7,-3.0,-2.6
4498,-5.2,0.0,0.0,-4.5,-4.7,-3.8
4499,-4.0,0.0,0.0,-2.7,-4.3,-3.0
4500,-5.0,0.0,0.0,-3.4,-5.1,-3.5
4501,-4.4,0.0,0.0,-14.3,-4.1,-2.6
4502,-4.4,0.0,0.0,-14.5,-3.9,-2.4
4503,-5.4,0.0,0.0,-15.3,-5.0,-3.1
4504,-20.2,0.0,0.0,-16.3,-7.0,-3.8
4505,-19.5,0.0,0.0,-15.7,-4.4,-2.4
4506,-19.4,0.0,0.0,-15.5,-3.8,-1.8
4507,-20.2,0.0,0.0,-15.8,-5.5,-2.0
4508,-51.6,0.0,0.0,-44.7,-7.9,-7.1
4509,-49.7,0.0,0.0,-43.1,-6.4,0.6
4510,-47.5,0.0,0.0,-41.2,0.9,1.4
4511,-45.1,0.0,0.0,-39.1,1.8,2.0
4512,-21.5,0.0,0.0,1.9,2.8,2.7
4513,-11.7,0.0,0.0,1.2,2.5,2.7
4514,0.5,0.0,0.0,1.7,2.8,2.8
4515,1.1,0.0,0.0,2.1,3.1,2.9
4516,1.3,0.0,0.0,2.2,3.0,2.8
4517,1.6,0.0,0.0,2.4,3.0,2.8
4518,1.1,0.0,0.0,1.9,2.2,2.0
4519,-5.4,0.0,0.0,0.6,0.5,0.6
4520,-6.8,0.0,0.0,-6.4,-4.5,-4.1
4521,-3.4,0.0,0.0,-2.6,-3.2,-2.3
4522,-4.9,0.0,0.0,-3.8,-4.6,-3.2
4523,-6.5,0.0,0.0,-5.0,-6.2,-4.2
4524,-7.8,0.0,0.0,-5.9,-7.2,-4.9
4525,-8.8,0.0,0.0,-18.3,-7.8,-5.2
4526,-9.6,0.0,0.0,-19.0,-8.4,-5.5
4527,-9.5,0.0,0.0,-19.1,-8.5,-5.2
4528,-24.2,0.0,0.0,-19.3,-8.5,-4.8
4529,-24.6,0.0,0.0,-19.6,-8.3,-4.4
4530,-24.6,0.0,0.0,-19.3,-7.2,-3.6
4531,-24.3,0.0,0.0,-19.0,-6.0,-2.8
4532,-47.2,0.0,0.0,-37.5,-3.5,-1.6
4533,-45.6,0.0,0.0,-36.3,-2.3,-0.7
4534,-44.3,0.0,0.0,-35.3,-1.6,-0.2
4535,-56.8,0.0,0.0,-49.0,-9.1,0.2
4536,-31.9,0.0,0.0,-15.9,-8.2,0.5
4537,-16.3,0.0,0.0,-15.7,-8.1,0.6
4538,-14.2,0.0,0.0,-13.7,0.5,1.2
4539,-12.5,0.0,0.0,-12.0,0.9,1.3
4540,-11.0,0.0,0.0,0.1,1.1,1.4
4541,-10.3,0.0,0.0,-9.9,0.6,1.0
4542,-9.5,0.0,0.0,-9.1,0.3,0.7
4543,-9.2,0.0,0.0,-8.7,-4.8,0.2
4544,-3.7,0.0,0.0,-2.9,-3.0,-2.0
4545,-4.7,0.0,0.0,-3.7,-17.4,-11.5
4546,-5.9,0.0,0.0,-4.6,-18.6,-12.3
4547,-9.1,0.0,0.0,-7.4,-21.8,-14.7
4548,-8.0,0.0,0.0,-6.0,-20.5,-13.5
4549,-9.2,0.0,0.0,-19.0,-14.7,-9.7
4550,-9.8,0.0,0.0,-19.4,-22.0,-14.4
4551,-10.4,0.0,0.0,-20.2,-23.0,-14.8
4552,-10.5,0.0,0.0,-20.6,-23.4,-14.8
4553,-10.4,0.0,0.0,-20.9,-23.3,-14.5
4554,-9.7,0.0,0.0,-20.4,-7.5,-4.1
4555,-9.4,0.0,0.0,-20.1,-7.4,-3.7
4556,-8.1,0.0,0.0,-38.8,-4.6,-2.5
4557,-6.9,0.0,0.0,-37.6,-3.4,-1.6
4558,-6.1,0.0,0.0,-36.8,-2.7,-1.1
4559,-5.4,0.0,0.0,-35.8,-2.1,-0.7
4560,-4.7,0.0,0.0,-3.2,-1.6,-0.4
4561,-22.2,0.0,0.0,-21.5,-11.6,-10.5
4562,-20.4,0.0,0.0,-19.7,-10.6,-9.7
4563,-18.3,0.0,0.0,-17.7,-9.2,0.4
4564,-16.6,0.0,0.0,-16.1,-8.3,0.6
4565,-14.9,0.0,0.0,-14.5,0.0,0.8
4566,-13.9,0.0,0.0,-13.5,-7.1,0.4
4567,-13.9,0.0,0.0,-13.5,-7.8,-7.2
4568,-4.5,0.0,0.0,-3.5,-3.2,-2.0
4569,-6.7,0.0,0.0,-5.5,-19.1,-12.7
4570,-8.5,0.0,0.0,-7.0,-20.9,-14.0
4571,-10.1,0.0,0.0,-8.2,-22.4,-15.0
4572,-12.0,0.0,0.0,-9.7,-24.2,-16.3
4573,-13.1,0.0,0.0,-23.0,-18.2,-12.2
4574,-13.8,0.0,0.0,-23.5,-25.6,-17.1
4575,-14.3,0.0,0.0,-24.2,-26.5,-17.3
4576,-14.1,0.0,0.0,-24.4,-26.7,-17.1
4577,-13.8,0.0,0.0,-24.5,-26.3,-16.6
4578,-13.6,0.0,0.0,-24.3,-11.3,-6.2
4579,-12.9,0.0,0.0,-23.8,-10.0,-5.3
4580,-11.3,0.0,0.0,-43.2,-6.8,-3.9
4581,-10.1,0.0,0.0,-42.1,-5.6,-3.0
4582,-9.1,0.0,0.0,-41.0,-4.7,-2.4
4583,-8.3,0.0,0.0,-40.0,-4.0,-1.9
4584,-7.4,0.0,0.0,-5.5,-3.3,-1.4
4585,-5.4,0.0,0.0,-4.0,-2.3,-0.9
4586,-4.8,0.0,0.0,-3.5,-2.0,-0.7
4587,-4.2,0.0,0.0,-2.9,-1.6,-0.5
4588,-15.9,0.0,0.0,-15.5,-8.5,-7.8
4589,-14.6,0.0,0.0,-14.2,-7.7,-7.1
4590,-14.0,0.0,0.0,-13.5,-7.7,-7.1
4591,-3.9,0.0,0.0,-3.0,-2.5,-1.5
4592,-5.1,0.0,0.0,-4.2,-4.0,-2.7
4593,-6.8,0.0,0.0,-5.7,-19.3,-13.0
4594,-8.4,0.0,0.0,-7.0,-20.8,-14.0
4595,-10.1,0.0,0.0,-8.3,-22.5,-15.2
4596,-11.7,0.0,0.0,-9.5,-24.1,-16.2
4597,-12.7,0.0,0.0,-22.6,-17.8,-12.0
4598,-13.5,0.0,0.0,-23.2,-25.4,-17.0
4599,-13.9,0.0,0.0,-23.9,-26.3,-17.2
4600,-30.0,0.0,0.0,-24.1,-26.0,-16.8
4601,-28.5,0.0,0.0,-22.8,-22.4,-14.7
4602,-27.8,0.0,0.0,-22.2,-6.9,-4.1
4603,-25.9,0.0,0.0,-20.2,-4.7,-2.4
4604,-50.1,0.0,0.0,-39.3,-3.6,-1.6
4605,-48.8,0.0,0.0,-38.4,-2.9,-1.2
4606,-47.4,0.0,0.0,-37.3,-2.3,-0.8
4607,-62.2,0.0,0.0,-53.6,-11.3,-10.3
4608,-35.9,0.0,0.0,-19.3,-10.2,0.0
4609,-11.5,0.0,0.0,-11.2,0.2,0.7
4610,-9.9,0.0,0.0,0.0,0.8,1.1
4611,-8.8,0.0,0.0,0.2,0.9,1.1
4612,0.4,0.0,0.0,1.2,1.7,1.7
4613,0.4,0.0,0.0,1.1,1.5,1.5
4614,-5.9,0.0,0.0,0.6,0.8,0.8
4615,-7.2,0.0,0.0,-6.9,-4.6,-4.2
4616,-2.6,0.0,0.0,-1.9,-2.4,-1.6
4617,-3.8,0.0,0.0,-2.9,-16.6,-10.9
4618,-4.6,0.0,0.0,-3.5,-17.4,-11.4
4619,-5.4,0.0,0.0,-4.2,-18.3,-12.0
4620,-6.0,0.0,0.0,-4.7,-18.6,-12.3
4621,-6.5,0.0,0.0,-16.8,-12.4,-8.2
4622,-7.1,0.0,0.0,-17.3,-19.6,-13.0
4623,-8.2,0.0,0.0,-18.4,-20.8,-13.7
4624,-8.3,0.0,0.0,-18.5,-21.2,-13.7
4625,-6.9,0.0,0.0,-17.6,-19.0,-12.3
4626,-7.1,0.0,0.0,-17.6,-6.2,-3.2
4627,-6.1,0.0,0.0,-16.7,-4.4,-2.1
4628,-4.5,0.0,0.0,-34.2,-2.0,-0.8
4629,-15.4,0.0,0.0,-45.7,-8.1,-7.4
4630,-14.0,0.0,0.0,-44.1,-7.0,0.4
4631,-12.3,0.0,0.0,-42.2,0.5,1.0
4632,-10.6,0.0,0.0,0.2,1.2,1.5
4633,-16.7,0.0,0.0,-16.1,0.5,1.3
4634,-15.2,0.0,0.0,-14.7,0.5,1.2
4635,-13.1,0.0,0.0,-12.6,1.3,1.7
4636,-11.5,0.0,0.0,0.3,1.4,1.7
4637,-9.8,0.0,0.0,0.9,1.8,2.0
4638,-9.1,0.0,0.0,0.4,1.1,1.3
4639,-10.2,0.0,0.0,-9.9,-5.9,-5.5
4640,-3.6,0.0,0.0,-2.9,-3.0,-2.1
4641,-5.5,0.0,0.0,-4.5,-18.2,-12.2
4642,-6.6,0.0,0.0,-5.4,-19.3,-12.8
4643,-8.0,0.0,0.0,-6.4,-20.6,-13.7
4644,-9.0,0.0,0.0,-6.9,-21.5,-14.2
4645,-10.0,0.0,0.0,-19.7,-15.4,-10.2
4646,-10.9,0.0,0.0,-20.3,-22.9,-15.1
4647,-10.9,0.0,0.0,-20.7,-23.5,-15.1
4648,-26.8,0.0,0.0,-21.4,-24.2,-15.3
4649,-27.7,0.0,0.0,-22.1,-24.8,-15.3
4650,-28.3,0.0,0.0,-22.2,-10.5,-5.3
4651,-28.0,0.0,0.0,-21.8,-8.7,-4.2
4652,-52.1,0.0,0.0,-40.9,-5.1,-2.7
4653,-50.1,0.0,0.0,-39.3,-3.5,-1.5
4654,-48.2,0.0,0.0,-37.8,-2.3,-0.7
4655,-46.9,0.0,0.0,-36.9,-1.9,-0.4
4656,-37.0,0.0,0.0,-20.1,-10.6,0.2
4657,-15.6,0.0,0.0,-15.1,-8.0,0.2
4658,-14.7,0.0,0.0,-14.2,-7.7,-7.1
4659,-13.6,0.0,0.0,-13.2,-7.2,-6.6
4660,-12.5,0.0,0.0,-12.1,-6.6,-6.1
4661,-11.3,0.0,0.0,-10.9,-5.8,0.2
4662,-10.0,0.0,0.0,-9.7,-5.1,0.4
4663,-8.8,0.0,0.0,-8.4,0.4,0.7
4664,-9.0,0.0,0.0,-8.5,-5.2,-4.7
4665,-3.8,0.0,0.0,-2.7,-3.1,-2.0
4666,-4.9,0.0,0.0,-3.7,-4.3,-2.8
4667,-5.9,0.0,0.0,-4.5,-5.2,-3.5
4668,-6.5,0.0,0.0,-4.7,-5.7,-3.7
4669,-6.7,0.0,0.0,-16.8,-5.7,-3.7
4670,-7.7,0.0,0.0,-17.4,-6.5,-4.1
4671,-7.7,0.0,0.0,-17.6,-6.7,-4.0
4672,-23.1,0.0,0.0,-18.2,-8.4,-4.4
4673,-23.7,0.0,0.0,-18.8,-8.6,-4.2
4674,-23.8,0.0,0.0,-18.6,-7.5,-3.3
4675,-24.8,0.0,0.0,-18.9,-9.3,-3.3
4676,-47.2,0.0,0.0,-37.2,-3.1,-1.3
4677,-60.7,0.0,0.0,-52.2,-10.7,-9.7
4678,-58.7,0.0,0.0,-50.6,-9.8,0.1
4679,-55.3,0.0,0.0,-47.6,0.6,1.3
4680,-30.1,0.0,0.0,-14.2,0.8,1.4
4681,0.0,0.0,0.0,0.9,1.7,1.8
4682,0.6,0.0,0.0,1.4,2.0,2.0
4683,0.9,0.0,0.0,1.6,2.1,2.0
4684,1.0,0.0,0.0,1.7,2.0,1.9
4685,1.1,0.0,0.0,1.7,1.9,1.8
4686,1.0,0.0,0.0,1.5,1.6,1.5
4687,0.4,0.0,0.0,0.9,0.7,0.7
4688,0.2,0.0,0.0,0.8,0.3,0.4
4689,-5.0,0.0,0.0,-4.4,-3.6,-3.2
4690,-7.1,0.0,0.0,-6.4,-5.7,-4.8
4691,-4.1,0.0,0.0,-2.8,-4.1,-2.8
4692,-4.9,0.0,0.0,-3.3,-4.7,-3.2
4693,-5.7,0.0,0.0,-15.3,-5.3,-3.5
4694,-4.4,0.0,0.0,-14.6,-3.7,-2.2
4695,-4.1,0.0,0.0,-14.5,-3.1,-1.8
4696,-19.6,0.0,0.0,-15.8,-6.0,-3.3
4697,-20.0,0.0,0.0,-16.0,-6.2,-3.0
4698,-20.8,0.0,0.0,-16.7,-5.6,-2.8
4699,-29.6,0.0,0.0,-26.4,-8.1,-7.2
4700,-50.8,0.0,0.0,-44.2,-7.4,0.0
4701,-49.1,0.0,0.0,-42.7,-6.2,0.6
4702,-47.4,0.0,0.0,-41.3,0.4,0.9
4703,-45.6,0.0,0.0,-39.8,0.9,1.2
4704,-23.5,0.0,0.0,-9.1,0.7,1.1
4705,-6.6,0.0,0.0,0.6,1.0,1.2
4706,0.6,0.0,0.0,1.3,1.7,1.6
4707,1.7,0.0,0.0,2.3,2.6,2.3
4708,2.4,0.0,0.0,3.0,3.2,2.7
4709,2.9,0.0,0.0,3.4,3.5,2.9
4710,2.4,0.0,0.0,2.9,2.7,2.2
4711,1.4,0.0,0.0,1.8,1.3,1.1
4712,1.0,0.0,0.0,1.5,0.8,0.8
4713,0.8,0.0,0.0,1.4,-13.2,-8.7
4714,0.6,0.0,0.0,1.3,-13.6,-8.9
4715,-4.3,0.0,0.0,-3.4,-16.9,-11.5
4716,-5.7,0.0,0.0,-4.6,-17.9,-12.2
4717,-7.0,0.0,0.0,-16.9,-12.1,-8.7
4718,-4.1,0.0,0.0,-13.7,-17.1,-11.1
4719,-5.0,0.0,0.0,-14.5,-18.4,-11.7
4720,-10.6,0.0,0.0,-20.8,-21.5,-14.8
4721,-4.7,0.0,0.0,-14.8,-18.4,-11.1
4722,-4.7,0.0,0.0,-14.7,-5.4,-2.0
4723,-12.4,0.0,0.0,-23.2,-8.0,-6.1
4724,-11.2,0.0,0.0,-40.4,-5.6,0.4
4725,-9.9,0.0,0.0,-39.1,0.5,1.0
4726,-8.4,0.0,0.0,-37.4,1.5,1.7
4727,-7.5,0.0,0.0,-36.3,1.5,1.6
4728,0.4,0.0,0.0,1.3,1.9,1.9
4729,1.9,0.0,0.0,2.4,2.5,2.2
4730,2.6,0.0,0.0,3.1,3.1,2.6
4731,3.2,0.0,0.0,3.6,3.5,2.9
4732,3.6,0.0,0.0,4.0,3.8,3.0
4733,3.6,0.0,0.0,3.9,3.6,2.9
4734,3.1,0.0,0.0,3.4,2.9,2.3
4735,2.6,0.0,0.0,2.9,2.2,1.7
4736,2.2,0.0,0.0,2.5,1.6,1.2
4737,1.2,0.0,0.0,1.8,-12.0,-7.5
4738,-0.6,0.0,0.0,0.3,-14.0,-9.0
4739,-1.0,0.0,0.0,0.7,-14.0,-9.1
4740,-2.9,0.0,0.0,-1.9,-15.8,-10.5
4741,-2.9,0.0,0.0,-12.6,-9.9,-6.4
4742,-3.0,0.0,0.0,-12.7,-16.1,-10.4
4743,-6.4,0.0,0.0,-16.6,-17.9,-12.3
4744,-6.8,0.0,0.0,-17.2,-17.8,-12.3
4745,-6.8,0.0,0.0,-17.3,-17.6,-12.2
4746,-6.5,0.0,0.0,-17.2,-3.8,-3.2
4747,-6.0,0.0,0.0,-16.8,-3.1,0.4
4748,-5.4,0.0,0.0,-33.4,0.6,0.9
4749,0.0,0.0,0.0,-32.7,1.1,1.2
4750,0.4,0.0,0.0,-31.9,1.4,1.4
4751,0.8,0.0,0.0,-31.1,1.7,1.6
4752,1.7,0.0,0.0,2.3,2.5,2.2
4753,2.4,0.0,0.0,2.8,2.4,2.0
4754,2.7,0.0,0.0,3.0,2.6,2.1
4755,2.8,0.0,0.0,3.1,2.6,2.1
4756,3.0,0.0,0.0,3.2,2.7,2.1
4757,3.2,0.0,0.0,3.4,2.8,2.2
4758,2.9,0.0,0.0,3.1,2.4,1.8
4759,2.6,0.0,0.0,2.8,2.0,1.5
4760,2.8,0.0,0.0,3.0,2.2,1.7
4761,2.6,0.0,0.0,2.9,-9.9,-5.8
4762,2.1,0.0,0.0,2.5,-10.5,-6.2
4763,1.5,0.0,0.0,2.0,-11.3,-6.8
4764,1.5,0.0,0.0,2.1,-11.4,-6.9
4765,1.9,0.0,0.0,-7.8,-4.7,-2.6
4766,1.9,0.0,0.0,-8.0,-11.0,-6.7
4767,2.1,0.0,0.0,-8.0,-10.8,-6.6
4768,-9.3,0.0,0.0,-8.2,-11.0,-6.7
4769,-10.0,0.0,0.0,-8.8,-11.5,-7.1
4770,-10.5,0.0,0.0,-9.3,1.3,1.1
4771,-10.9,0.0,0.0,-9.6,1.4,1.2
4772,-28.8,0.0,0.0,-26.2,1.4,1.2
4773,-28.8,0.0,0.0,-26.2,1.4,1.2
4774,-28.7,0.0,0.0,-26.0,1.6,1.4
4775,-28.4,0.0,0.0,-25.8,1.8,1.5
4776,-10.8,0.0,0.0,2.1,1.7,1.4
4777,0.8,0.0,0.0,1.4,1.3,1.3
4778,1.0,0.0,0.0,1.5,1.4,1.3
4779,1.1,0.0,0.0,1.5,1.4,1.3
4780,1.2,0.0,0.0,1.6,1.4,1.3
4781,1.3,0.0,0.0,1.7,1.4,1.3
4782,1.3,0.0,0.0,1.7,1.3,1.1
4783,1.1,0.0,0.0,1.5,1.0,0.8
4784,0.7,0.0,0.0,1.2,0.5,0.5
4785,0.1,0.0,0.0,0.6,-13.5,-8.8
4786,-1.6,0.0,0.0,0.3,-14.1,-9.2
4787,-0.9,0.0,0.0,-0.1,-13.9,-8.8
4788,-2.6,0.0,0.0,-1.6,-15.8,-10.3
4789,-1.9,0.0,0.0,-12.1,-8.4,-5.3
4790,-2.6,0.0,0.0,-12.7,-15.5,-10.0
4791,-2.6,0.0,0.0,-12.8,-15.4,-9.9
4792,-2.8,0.0,0.0,-13.1,-15.4,-9.9
4793,-2.5,0.0,0.0,-12.9,-15.0,-9.6
4794,-2.8,0.0,0.0,-13.1,-2.2,-1.2
4795,-2.2,0.0,0.0,-12.7,-1.4,-0.6
4796,-1.9,0.0,0.0,-29.6,-0.9,-0.3
4797,-6.3,0.0,0.0,-34.4,0.0,0.4
4798,-5.2,0.0,0.0,-33.2,1.1,1.2
4799,0.6,0.0,0.0,-32.2,1.6,1.6
4800,1.2,0.0,0.0,1.9,2.1,1.9
4801,-12.6,0.0,0.0,0.3,1.6,2.0
4802,-10.9,0.0,0.0,0.7,1.8,2.1
4803,-9.8,0.0,0.0,0.7,1.6,1.8
4804,0.2,0.0,0.0,1.2,2.0,2.1
4805,0.7,0.0,0.0,1.6,2.3,2.2
4806,0.4,0.0,0.0,1.2,1.7,1.7
4807,-6.2,0.0,0.0,0.4,0.6,0.8
4808,-6.7,0.0,0.0,-6.2,-3.9,-3.5
4809,-3.4,0.0,0.0,-2.4,-16.2,-10.5
4810,-5.6,0.0,0.0,-4.5,-18.6,-12.3
4811,-7.0,0.0,0.0,-5.5,-19.9,-13.2
4812,-8.1,0.0,0.0,-6.2,-20.9,-13.8
4813,-9.2,0.0,0.0,-18.8,-15.0,-9.9
4814,-9.3,0.0,0.0,-19.0,-21.6,-14.2
4815,-8.7,0.0,0.0,-19.0,-20.8,-13.6
4816,-24.7,0.0,0.0,-20.0,-22.5,-14.4
4817,-25.5,0.0,0.0,-20.5,-23.3,-14.5
4818,-26.0,0.0,0.0,-20.7,-9.1,-4.7
4819,-25.9,0.0,0.0,-20.3,-7.9,-3.7
4820,-48.8,0.0,0.0,-38.6,-4.1,-2.0
4821,-47.4,0.0,0.0,-37.6,-3.1,-1.3
4822,-60.9,0.0,0.0,-52.4,-10.7,-9.7
4823,-58.8,0.0,0.0,-50.6,-9.7,0.2
4824,-33.1,0.0,0.0,-16.8,-8.6,0.7
4825,-16.5,0.0,0.0,-15.9,-8.1,0.7
4826,-14.6,0.0,0.0,-14.1,0.4,1.0
4827,-12.6,0.0,0.0,-12.1,1.1,1.5
4828,-10.9,0.0,0.0,0.4,1.5,1.7
4829,-9.6,0.0,0.0,0.6,1.5,1.7
4830,-8.9,0.0,0.0,0.3,0.9,1.1
4831,-9.8,0.0,0.0,-9.4,-5.6,-5.2
4832,-4.5,0.0,0.0,-3.8,-3.9,-2.7
4833,-6.4,0.0,0.0,-5.4,-5.8,-4.0
4834,-7.8,0.0,0.0,-6.5,-7.0,-4.9
4835,-10.0,0.0,0.0,-8.4,-9.2,-6.4
4836,-11.1,0.0,0.0,-9.1,-10.0,-6.9
4837,-12.4,0.0,0.0,-22.2,-10.9,-7.4
4838,-12.2,0.0,0.0,-22.0,-10.2,-6.8
4839,-12.3,0.0,0.0,-22.5,-10.4,-6.7
4840,-27.7,0.0,0.0,-22.2,-9.9,-6.0
4841,-27.9,0.0,0.0,-22.3,-9.2,-5.4
4842,-27.7,0.0,0.0,-21.9,-8.8,-4.7
4843,-25.8,0.0,0.0,-20.1,-5.1,-2.6
4844,-48.5,0.0,0.0,-37.8,-2.3,-0.6
4845,-64.4,0.0,0.0,-55.2,-12.0,-10.9
4846,-61.8,0.0,0.0,-53.1,-10.8,0.2
4847,-59.5,0.0,0.0,-51.2,-9.9,0.3
4848,-33.9,0.0,0.0,-17.5,-9.1,0.4
4849,-7.1,0.0,0.0,0.1,0.5,0.7
4850,-6.1,0.0,0.0,0.5,0.8,0.9
4851,0.3,0.0,0.0,0.9,1.1,1.1
4852,0.7,0.0,0.0,1.3,1.4,1.3
4853,1.2,0.0,0.0,1.7,1.8,1.6
4854,1.5,0.0,0.0,2.0,1.9,1.6
4855,1.1,0.0,0.0,1.6,1.3,1.1
4856,0.6,0.0,0.0,1.1,0.5,0.5
4857,0.0,0.0,0.0,0.7,-1.6,0.1
4858,-4.1,0.0,0.0,-3.4,-3.3,-2.8
4859,-6.3,0.0,0.0,-5.4,-5.4,-4.4
4860,-7.5,0.0,0.0,-6.3,-6.0,-4.9
4861,-9.6,0.0,0.0,-19.1,-7.5,-6.0
4862,-10.3,0.0,0.0,-19.7,-7.5,-6.0
4863,-11.2,0.0,0.0,-21.0,-8.6,-6.5
4864,-25.6,0.0,0.0,-22.0,-10.1,-6.9
4865,-27.1,0.0,0.0,-23.6,-11.3,-7.3
4866,-28.3,0.0,0.0,-24.6,-10.5,-7.1
4867,-27.5,0.0,0.0,-24.2,-6.8,0.8
4868,-47.4,0.0,0.0,-40.9,1.5,1.8
4869,-44.6,0.0,0.0,-38.6,2.5,2.6
4870,-41.9,0.0,0.0,-36.3,3.3,3.1
4871,-38.9,0.0,0.0,-33.8,4.1,3.6
4872,-16.6,0.0,0.0,3.7,4.3,3.7
4873,4.0,0.0,0.0,4.6,4.9,4.1
4874,5.1,0.0,0.0,5.6,5.8,4.7
4875,5.8,0.0,0.0,6.2,6.2,4.9
4876,6.5,0.0,0.0,6.8,6.6,5.2
4877,7.0,0.0,0.0,7.2,6.9,5.3
4878,6.3,0.0,0.0,6.5,5.9,4.5
4879,3.9,0.0,0.0,3.8,2.9,2.0
4880,2.0,0.0,0.0,1.9,0.7,0.2
4881,0.7,0.0,0.0,0.8,-12.6,-8.0
4882,-0.6,0.0,0.0,-0.1,-14.5,-9.4
4883,-2.5,0.0,0.0,-1.7,-16.0,-10.6
4884,-4.3,0.0,0.0,-3.1,-17.1,-11.5
4885,-4.9,0.0,0.0,-14.8,-10.6,-7.4
4886,-4.8,0.0,0.0,-15.1,-16.2,-11.0
4887,-5.8,0.0,0.0,-16.0,-17.1,-11.8
4888,-3.0,0.0,0.0,-13.0,-16.1,-10.2
4889,-3.9,0.0,0.0,-13.9,-18.1,-10.9
4890,-3.9,0.0,0.0,-13.8,-5.0,-2.0
4891,-3.9,0.0,0.0,-13.8,-4.7,-1.4
4892,-9.2,0.0,0.0,-37.9,0.0,0.6
4893,0.3,0.0,0.0,-35.7,2.0,2.1
4894,1.3,0.0,0.0,-33.7,2.9,2.7
4895,1.7,0.0,0.0,-32.3,3.1,2.8
4896,2.6,0.0,0.0,3.4,3.8,3.3
4897,1.5,0.0,0.0,2.5,3.3,3.1
4898,2.8,0.0,0.0,3.7,4.3,3.8
4899,3.5,0.0,0.0,4.3,4.8,4.1
4900,4.4,0.0,0.0,5.1,5.5,4.5
4901,4.4,0.0,0.0,4.9,5.1,4.2
4902,4.6,0.0,0.0,5.1,5.0,4.0
4903,2.3,0.0,0.0,2.7,2.2,1.8
4904,0.5,0.0,0.0,0.9,0.0,0.0
4905,-3.5,0.0,0.0,-3.1,-16.2,-11.0
4906,-3.2,0.0,0.0,-2.3,-16.5,-10.9
4907,-4.6,0.0,0.0,-3.4,-18.0,-11.8
4908,-5.8,0.0,0.0,-4.2,-19.0,-12.5
4909,-6.6,0.0,0.0,-16.0,-12.9,-8.4
4910,-6.3,0.0,0.0,-15.9,-19.0,-12.3
4911,-7.1,0.0,0.0,-16.5,-20.2,-12.8
4912,-7.7,0.0,0.0,-17.4,-21.4,-13.1
4913,-7.3,0.0,0.0,-17.4,-21.4,-12.7
4914,-7.2,0.0,0.0,-17.3,-7.4,-3.1
4915,-6.5,0.0,0.0,-16.7,-5.8,-2.0
4916,-17.1,0.0,0.0,-47.5,-9.0,-8.0
4917,-15.2,0.0,0.0,-45.5,-7.3,0.7
4918,-13.6,0.0,0.0,-43.7,0.5,1.2
4919,-12.2,0.0,0.0,-42.0,0.9,1.4
4920,-10.5,0.0,0.0,0.5,1.6,1.9
4921,-12.9,0.0,0.0,0.3,1.6,2.1
4922,-10.9,0.0,0.0,1.0,2.1,2.4
4923,0.7,0.0,0.0,1.8,2.8,2.8
4924,1.6,0.0,0.0,2.6,3.4,3.2
4925,2.2,0.0,0.0,3.1,3.8,3.4
4926,1.9,0.0,0.0,2.7,3.1,2.7
4927,0.9,0.0,0.0,1.5,1.6,1.4
4928,-5.5,0.0,0.0,-5.4,-3.3,-3.2
4929,-7.6,0.0,0.0,-7.2,-18.6,-13.4
4930,-9.4,0.0,0.0,-8.7,-20.1,-14.4
4931,-5.3,0.0,0.0,-4.0,-18.3,-12.0
4932,-6.7,0.0,0.0,-4.8,-19.5,-12.8
4933,-7.7,0.0,0.0,-17.0,-13.5,-8.8
4934,-8.5,0.0,0.0,-17.5,-20.8,-13.5
4935,-8.7,0.0,0.0,-18.1,-21.8,-13.7
4936,-23.7,0.0,0.0,-18.7,-22.7,-13.8
4937,-24.3,0.0,0.0,-19.3,-23.3,-13.7
4938,-24.7,0.0,0.0,-19.3,-9.1,-3.8
4939,-25.2,0.0,0.0,-19.2,-8.9,-3.1
4940,-47.8,0.0,0.0,-37.5,-2.9,-1.1
4941,-62.1,0.0,0.0,-53.2,-11.1,-10.0
4942,-59.5,0.0,0.0,-51.1,-9.8,0.5
4943,-57.0,0.0,0.0,-49.0,-8.6,0.9
4944,-31.4,0.0,0.0,-15.3,0.4,1.2
4945,-16.2,0.0,0.0,-15.6,0.8,1.5
4946,-14.3,0.0,0.0,-13.7,1.2,1.7
4947,-12.4,0.0,0.0,0.3,1.5,1.9
4948,-10.6,0.0,0.0,0.8,1.9,2.1
4949,0.5,0.0,0.0,1.5,2.4,2.4
4950,0.6,0.0,0.0,1.5,2.2,2.2
4951,-7.7,0.0,0.0,0.3,0.6,0.8
4952,-8.8,0.0,0.0,-8.6,-5.5,-5.1
4953,-4.1,0.0,0.0,-3.4,-16.9,-11.2
4954,-6.1,0.0,0.0,-5.0,-18.9,-12.6
4955,-7.9,0.0,0.0,-6.5,-20.8,-13.9
4956,-9.4,0.0,0.0,-7.5,-22.1,-14.8
4957,-10.7,0.0,0.0,-20.3,-16.3,-10.8
4958,-11.4,0.0,0.0,-20.8,-23.5,-15.6
4959,-12.1,0.0,0.0,-21.9,-24.7,-16.0
4960,-12.0,0.0,0.0,-22.3,-24.6,-15.8
4961,-12.4,0.0,0.0,-23.0,-24.9,-15.9
4962,-12.0,0.0,0.0,-22.8,-10.2,-5.8
4963,-10.7,0.0,0.0,-21.7,-7.4,-4.3
4964,-9.2,0.0,0.0,-40.3,-5.4,-3.0
4965,-8.5,0.0,0.0,-39.6,-4.8,-2.6
4966,-6.7,0.0,0.0,-37.7,-2.9,-1.2
4967,-5.3,0.0,0.0,-36.1,-1.7,-0.3
4968,-19.8,0.0,0.0,-19.1,-10.2,-9.3
4969,-7.9,0.0,0.0,-7.6,0.1,0.5
4970,-6.9,0.0,0.0,0.1,0.5,0.7
4971,0.1,0.0,0.0,0.7,1.0,1.1
4972,0.8,0.0,0.0,1.4,1.6,1.5
4973,0.9,0.0,0.0,1.4,1.5,1.4
4974,1.3,0.0,0.0,1.7,1.7,1.5
4975,0.8,0.0,0.0,1.2,1.0,1.0
4976,-3.4,0.0,0.0,0.1,-2.2,-2.0
4977,-1.8,0.0,0.0,-1.1,-14.8,-9.6
4978,-3.3,0.0,0.0,-2.4,-16.4,-10.8
4979,-3.9,0.0,0.0,-2.9,-16.9,-11.1
4980,-2.8,0.0,0.0,-1.9,-15.4,-10.0
4981,-1.6,0.0,0.0,-12.2,-7.4,-4.6
4982,-6.0,0.0,0.0,-16.9,-16.3,-11.5
4983,-5.5,0.0,0.0,-16.4,-16.0,-11.2
4984,-19.4,0.0,0.0,-17.2,-17.4,-12.2
4985,-17.2,0.0,0.0,-14.3,-19.2,-11.4
4986,-18.1,0.0,0.0,-14.7,-6.1,-2.5
4987,-17.3,0.0,0.0,-14.0,-2.5,-1.0
4988,-44.1,0.0,0.0,-38.5,1.0,1.3
4989,-42.6,0.0,0.0,-37.3,1.2,1.4
4990,-40.9,0.0,0.0,-35.9,1.6,1.7
4991,-39.8,0.0,0.0,-35.0,1.5,1.6
4992,-18.9,0.0,0.0,1.0,1.4,1.5
4993,-8.2,0.0,0.0,0.7,1.4,1.6
4994,-7.2,0.0,0.0,0.8,1.3,1.5
4995,0.1,0.0,0.0,0.9,1.3,1.4
4996,0.4,0.0,0.0,1.1,1.4,1.4
4997,0.7,0.0,0.0,1.3,1.5,1.5
4998,0.8,0.0,0.0,1.4,1.5,1.4
4999,0.6,0.0,0.0,1.2,1.1,1.1
5000,-3.5,0.0,0.0,0.6,0.2,0.4
5001,-5.1,0.0,0.0,-4.4,-3.7,-3.1
5002,-6.1,0.0,0.0,-5.3,-4.5,-3.7
5003,-3.6,0.0,0.0,-2.4,-3.6,-2.4
5004,-4.4,0.0,0.0,-3.0,-4.3,-2.8
5005,-6.4,0.0,0.0,-15.8,-6.2,-4.1
5006,-4.8,0.0,0.0,-14.9,-4.1,-2.5
5007,-4.2,0.0,0.0,-14.6,-3.1,-1.8
5008,-18.9,0.0,0.0,-15.4,-4.5,-2.6
5009,-20.2,0.0,0.0,-16.4,-7.5,-3.5
5010,-20.7,0.0,0.0,-16.6,-5.6,-2.7
5011,-20.6,0.0,0.0,-16.5,-4.5,-2.0
5012,-41.5,0.0,0.0,-33.8,-1.8,-0.6
5013,-51.1,0.0,0.0,-44.4,-7.2,0.3
5014,-49.1,0.0,0.0,-42.6,0.3,1.0
5015,-47.0,0.0,0.0,-40.8,1.0,1.4
5016,-24.1,0.0,0.0,0.3,1.2,1.5
5017,-12.1,0.0,0.0,-11.6,1.0,1.5
5018,-10.1,0.0,0.0,0.7,1.7,2.0
5019,0.5,0.0,0.0,1.4,2.3,2.3
5020,0.8,0.0,0.0,1.6,2.3,2.3
5021,1.1,0.0,0.0,1.9,2.4,2.3
5022,1.3,0.0,0.0,2.0,2.3,2.2
5023,0.0,0.0,0.0,0.7,0.7,0.8
5024,-6.8,0.0,0.0,-6.4,-4.6,-4.0
5025,-3.7,0.0,0.0,-3.0,-3.6,-2.5
5026,-5.0,0.0,0.0,-3.9,-4.7,-3.2
5027,-5.5,0.0,0.0,-4.2,-5.0,-3.4
5028,-6.5,0.0,0.0,-4.9,-5.9,-3.9
5029,-5.9,0.0,0.0,-16.3,-4.9,-3.1
5030,-7.0,0.0,0.0,-17.2,-5.9,-3.9
5031,-7.0,0.0,0.0,-17.4,-5.7,-3.7
5032,-23.1,0.0,0.0,-18.9,-8.3,-5.1
5033,-23.1,0.0,0.0,-18.8,-7.3,-4.2
5034,-23.3,0.0,0.0,-18.8,-6.5,-3.6
5035,-22.8,0.0,0.0,-18.3,-5.0,-2.7
5036,-44.9,0.0,0.0,-36.3,-3.3,-1.6
5037,-43.6,0.0,0.0,-35.2,-2.2,-0.8
5038,-42.5,0.0,0.0,-34.4,-1.6,-0.4
5039,-41.6,0.0,0.0,-33.7,-1.2,-0.1
5040,-30.0,0.0,0.0,-14.5,-7.8,0.1
5041,-18.5,0.0,0.0,-17.9,-9.5,0.1
5042,-16.5,0.0,0.0,-16.0,-8.2,0.6
5043,-14.8,0.0,0.0,-14.2,0.1,0.9
5044,-13.6,0.0,0.0,-13.1,0.0,0.7
5045,-12.2,0.0,0.0,-11.7,0.3,0.8
5046,-11.4,0.0,0.0,-10.9,-5.7,0.5
5047,-11.1,0.0,0.0,-10.6,-6.0,-5.5
5048,-3.4,0.0,0.0,-2.4,-2.3,-1.3
5049,-5.5,0.0,0.0,-4.5,-18.1,-12.0
5050,-7.7,0.0,0.0,-6.4,-20.3,-13.5
5051,-9.3,0.0,0.0,-7.7,-22.0,-14.7
5052,-10.6,0.0,0.0,-8.6,-23.2,-15.5
5053,-11.5,0.0,0.0,-21.3,-16.9,-11.2
5054,-12.1,0.0,0.0,-21.6,-24.1,-15.9
5055,-12.4,0.0,0.0,-22.1,-24.9,-16.0
5056,-12.7,0.0,0.0,-22.8,-25.7,-16.2
5057,-12.3,0.0,0.0,-23.0,-25.5,-15.8
5058,-12.0,0.0,0.0,-22.8,-10.0,-5.4
5059,-11.6,0.0,0.0,-22.5,-9.4,-4.7
5060,-9.7,0.0,0.0,-41.2,-5.5,-3.0
5061,-8.2,0.0,0.0,-39.8,-4.0,-1.9
5062,-6.2,0.0,0.0,-37.6,-2.1,-0.5
5063,-21.8,0.0,0.0,-54.0,-11.0,0.4
5064,-21.1,0.0,0.0,-20.4,-11.0,-10.0
5065,-20.5,0.0,0.0,-19.9,-10.6,0.1
5066,-18.8,0.0,0.0,-18.2,-9.6,0.2
5067,-16.8,0.0,0.0,-16.3,-8.4,0.6
5068,-15.1,0.0,0.0,-14.7,0.1,0.8
5069,-13.5,0.0,0.0,-13.0,0.4,1.0
5070,-12.5,0.0,0.0,-12.1,0.0,0.6
5071,-13.0,0.0,0.0,-12.6,-7.5,-6.8
5072,-5.0,0.0,0.0,-4.1,-3.9,-2.6
5073,-7.3,0.0,0.0,-6.3,-19.9,-13.4
5074,-9.2,0.0,0.0,-7.9,-21.7,-14.6
5075,-11.0,0.0,0.0,-9.3,-23.5,-15.8
5076,-12.1,0.0,0.0,-10.0,-24.5,-16.4
5077,-12.7,0.0,0.0,-22.8,-17.8,-11.9
5078,-13.8,0.0,0.0,-23.4,-25.6,-17.0
5079,-13.8,0.0,0.0,-23.8,-26.2,-17.0
5080,-13.1,0.0,0.0,-23.6,-25.5,-16.3
5081,-13.3,0.0,0.0,-24.1,-26.6,-16.4
5082,-13.0,0.0,0.0,-23.9,-11.4,-5.9
5083,-12.5,0.0,0.0,-23.3,-10.4,-4.9
5084,-9.6,0.0,0.0,-41.6,-5.0,-2.5
5085,-8.1,0.0,0.0,-40.1,-3.6,-1.5
5086,-7.1,0.0,0.0,-38.9,-2.8,-1.0
5087,-24.4,0.0,0.0,-56.9,-12.7,-11.6
5088,-22.2,0.0,0.0,-21.5,-11.3,0.2
5089,-12.1,0.0,0.0,-11.7,0.1,0.7
5090,-10.7,0.0,0.0,-10.3,0.6,1.0
5091,-9.6,0.0,0.0,-9.2,0.6,0.9
5092,-8.7,0.0,0.0,-8.4,0.5,0.8
5093,-7.6,0.0,0.0,0.2,0.6,0.9
5094,-6.8,0.0,0.0,0.3,0.6,0.8
5095,-6.6,0.0,0.0,-6.3,-3.5,0.2
5096,-7.9,0.0,0.0,-7.9,-5.6,-5.1
5097,-8.9,0.0,0.0,-8.6,-19.6,-14.2
5098,-3.6,0.0,0.0,-2.5,-16.4,-10.7
5099,-3.4,0.0,0.0,-2.3,-16.0,-10.3
5100,-4.4,0.0,0.0,-3.1,-17.2,-11.2
5101,-5.3,0.0,0.0,-15.4,-11.4,-7.4
5102,-6.2,0.0,0.0,-15.8,-18.8,-12.2
5103,-6.9,0.0,0.0,-16.6,-20.0,-12.7
5104,-21.2,0.0,0.0,-17.0,-20.2,-12.6
5105,-20.9,0.0,0.0,-16.7,-19.4,-11.9
5106,-21.0,0.0,0.0,-16.6,-5.5,-2.3
5107,-33.8,0.0,0.0,-29.6,-14.4,-9.6
5108,-56.0,0.0,0.0,-48.3,-9.0,0.1
5109,-53.5,0.0,0.0,-46.2,0.1,0.8
5110,-51.1,0.0,0.0,-44.1,0.8,1.3
5111,-48.8,0.0,0.0,-42.3,1.1,1.5
5112,-25.0,0.0,0.0,0.5,1.6,1.8
5113,-10.5,0.0,0.0,0.6,1.7,1.9
5114,0.6,0.0,0.0,1.6,2.5,2.5
5115,1.6,0.0,0.0,2.4,3.2,2.9
5116,2.2,0.0,0.0,2.9,3.5,3.1
5117,2.8,0.0,0.0,3.5,4.0,3.4
5118,2.3,0.0,0.0,2.9,3.1,2.6
5119,1.8,0.0,0.0,2.3,2.2,1.9
5120,-3.7,0.0,0.0,0.3,-2.3,-2.3
5121,-5.8,0.0,0.0,-5.5,-17.5,-12.3
5122,-4.0,0.0,0.0,-3.2,-17.2,-11.4
5123,-5.7,0.0,0.0,-4.6,-19.0,-12.6
5124,-6.0,0.0,0.0,-4.5,-19.0,-12.5
5125,-6.8,0.0,0.0,-16.7,-13.0,-8.5
5126,-8.1,0.0,0.0,-17.4,-20.6,-13.5
5127,-8.3,0.0,0.0,-18.0,-21.2,-13.6
5128,-8.5,0.0,0.0,-18.4,-22.0,-13.6
5129,-7.9,0.0,0.0,-18.4,-20.9,-13.0
5130,-8.0,0.0,0.0,-18.4,-8.1,-3.6
5131,-7.3,0.0,0.0,-17.7,-6.7,-2.5
5132,-5.4,0.0,0.0,-35.4,-2.3,-0.8
5133,-17.3,0.0,0.0,-48.1,-8.8,0.1
5134,-15.8,0.0,0.0,-46.3,-7.7,0.6
5135,-14.5,0.0,0.0,-44.8,-7.0,0.7
5136,-13.0,0.0,0.0,-12.4,0.5,1.1
5137,-15.0,0.0,0.0,-14.4,0.8,1.4
5138,-13.1,0.0,0.0,-12.5,1.3,1.7
5139,-11.0,0.0,0.0,0.8,2.0,2.2
5140,0.4,0.0,0.0,1.4,2.4,2.4
5141,1.2,0.0,0.0,2.1,2.9,2.7
5142,0.8,0.0,0.0,1.6,2.2,2.1
5143,-7.1,0.0,0.0,0.1,0.3,0.6
5144,-8.5,0.0,0.0,-8.3,-5.6,-5.0
5145,-4.8,0.0,0.0,-4.1,-17.8,-11.9
5146,-6.4,0.0,0.0,-5.4,-19.3,-12.9
5147,-7.6,0.0,0.0,-6.2,-20.5,-13.6
5148,-9.3,0.0,0.0,-7.4,-22.2,-14.7
5149,-9.5,0.0,0.0,-19.1,-15.1,-9.9
5150,-10.0,0.0,0.0,-19.3,-22.1,-14.4
5151,-10.4,0.0,0.0,-20.0,-23.1,-14.7
5152,-25.7,0.0,0.0,-20.4,-23.5,-14.6
5153,-26.2,0.0,0.0,-20.8,-24.3,-14.5
5154,-25.7,0.0,0.0,-20.2,-6.7,-3.5
5155,-25.2,0.0,0.0,-19.7,-6.0,-2.7
5156,-48.6,0.0,0.0,-38.3,-3.4,-1.5
5157,-47.1,0.0,0.0,-37.2,-2.5,-0.8
5158,-46.1,0.0,0.0,-36.6,-2.2,-0.7
5159,-44.7,0.0,0.0,-35.5,-1.6,-0.2
5160,-34.2,0.0,0.0,-17.8,-9.4,0.2
5161,-17.1,0.0,0.0,-16.5,-8.6,0.5
5162,-15.1,0.0,0.0,-14.6,0.2,0.9
5163,-13.5,0.0,0.0,-13.0,0.5,1.1
5164,-11.8,0.0,0.0,-11.3,1.0,1.4
5165,-9.9,0.0,0.0,0.6,1.6,1.8
5166,0.0,0.0,0.0,0.9,1.6,1.7
5167,-8.9,0.0,0.0,-8.5,0.0,0.5
5168,-9.9,0.0,0.0,-9.6,-6.3,-5.7
5169,-4.2,0.0,0.0,-3.2,-3.5,-2.3
5170,-6.3,0.0,0.0,-5.1,-5.7,-3.9
5171,-7.8,0.0,0.0,-6.3,-7.2,-4.9
5172,-8.9,0.0,0.0,-7.0,-8.1,-5.4
5173,-9.2,0.0,0.0,-19.2,-8.0,-5.2
5174,-9.9,0.0,0.0,-19.6,-8.3,-5.4
5175,-10.5,0.0,0.0,-20.3,-9.4,-5.7
5176,-25.6,0.0,0.0,-20.5,-9.0,-5.2
5177,-25.8,0.0,0.0,-20.7,-8.7,-4.8
5178,-25.8,0.0,0.0,-20.4,-8.4,-4.0
5179,-25.6,0.0,0.0,-19.9,-7.5,-3.1
5180,-49.0,0.0,0.0,-38.7,-3.7,-1.7
5181,-47.5,0.0,0.0,-37.6,-2.7,-1.0
5182,-46.0,0.0,0.0,-36.4,-1.9,-0.4
5183,-60.0,0.0,0.0,-51.7,-10.5,-9.5
5184,-34.4,0.0,0.0,-18.0,-9.5,0.2
5185,-18.5,0.0,0.0,-17.9,-9.4,0.3
5186,-16.8,0.0,0.0,-16.3,-8.5,0.4
5187,-15.0,0.0,0.0,-14.5,0.0,0.8
5188,-13.8,0.0,0.0,-13.3,0.0,0.7
5189,-12.3,0.0,0.0,-11.9,0.3,0.9
5190,-11.7,0.0,0.0,-11.3,-6.0,0.4
5191,-11.0,0.0,0.0,-10.6,-5.7,0.1
5192,-10.2,0.0,0.0,-9.8,-5.4,0.1
5193,-9.6,0.0,0.0,-9.1,-5.0,0.0
5194,-3.5,0.0,0.0,-2.4,-2.5,-1.5
5195,-7.0,0.0,0.0,-5.7,-6.6,-4.5
5196,-8.7,0.0,0.0,-6.9,-8.1,-5.5
5197,-9.7,0.0,0.0,-19.5,-8.8,-5.8
5198,-10.6,0.0,0.0,-20.0,-9.2,-6.0
5199,-11.2,0.0,0.0,-21.0,-10.2,-6.3
5200,-26.3,0.0,0.0,-21.3,-9.8,-5.9
5201,-26.7,0.0,0.0,-21.6,-9.4,-5.5
5202,-27.7,0.0,0.0,-22.2,-10.4,-5.4
5203,-26.4,0.0,0.0,-20.9,-6.4,-3.5
5204,-50.1,0.0,0.0,-39.7,-4.4,-2.3
5205,-48.1,0.0,0.0,-37.9,-2.8,-1.1
5206,-46.9,0.0,0.0,-37.1,-2.4,-0.8
5207,-46.6,0.0,0.0,-37.2,-3.0,-1.3
5208,-21.9,0.0,0.0,-4.4,-2.6,-1.1
5209,-4.1,0.0,0.0,-2.9,-1.7,-0.6
5210,-3.4,0.0,0.0,-2.3,-1.2,-0.3
5211,-12.9,0.0,0.0,-12.5,-6.5,0.4
5212,-11.2,0.0,0.0,-10.8,0.4,0.8
5213,-9.5,0.0,0.0,0.3,1.1,1.3
5214,-9.1,0.0,0.0,-8.8,0.3,0.7
5215,-9.6,0.0,0.0,-9.2,-5.5,-5.0
5216,-3.8,0.0,0.0,-3.0,-3.1,-2.1
5217,-5.4,0.0,0.0,-4.4,-18.1,-12.0
5218,-7.3,0.0,0.0,-6.2,-20.2,-13.5
5219,-8.7,0.0,0.0,-7.3,-21.6,-14.5
5220,-9.8,0.0,0.0,-8.0,-22.6,-15.1
5221,-11.1,0.0,0.0,-21.1,-16.8,-11.2
5222,-11.4,0.0,0.0,-21.2,-23.5,-15.6
5223,-11.4,0.0,0.0,-21.5,-23.8,-15.5
5224,-11.3,0.0,0.0,-21.6,-24.3,-15.3
5225,-10.1,0.0,0.0,-20.8,-22.7,-14.1
5226,-8.5,0.0,0.0,-19.4,-6.4,-3.0
5227,-6.8,0.0,0.0,-17.9,-3.6,-1.5
5228,-21.2,0.0,0.0,-52.9,-11.1,-10.1
5229,-19.6,0.0,0.0,-51.1,-10.1,-9.2
5230,-18.1,0.0,0.0,-49.3,-9.1,0.3
5231,-16.4,0.0,0.0,-47.3,-8.0,0.7
5232,-15.5,0.0,0.0,-14.9,-7.7,0.4
5233,-11.9,0.0,0.0,-11.4,0.0,0.6
5234,-10.3,0.0,0.0,-9.9,0.6,1.0
5235,-8.9,0.0,0.0,0.3,1.0,1.3
5236,-7.9,0.0,0.0,0.4,1.0,1.2
5237,-7.2,0.0,0.0,0.3,0.7,0.9
5238,-6.3,0.0,0.0,0.4,0.8,0.9
5239,-6.1,0.0,0.0,0.1,0.2,0.4
5240,-6.8,0.0,0.0,-6.4,-4.4,-3.9
5241,-2.4,0.0,0.0,-1.5,-15.1,-9.7
5242,-3.4,0.0,0.0,-2.4,-16.2,-10.5
5243,-4.3,0.0,0.0,-3.2,-17.2,-11.2
5244,-4.4,0.0,0.0,-3.2,-17.1,-11.1
5245,-4.2,0.0,0.0,-14.7,-10.0,-6.5
5246,-6.0,0.0,0.0,-16.0,-18.8,-12.3
5247,-7.6,0.0,0.0,-17.1,-20.9,-13.3
5248,-7.6,0.0,0.0,-17.6,-21.3,-13.2
5249,-6.9,0.0,0.0,-17.4,-19.4,-12.3
5250,-7.3,0.0,0.0,-17.8,-7.4,-3.6
5251,-6.5,0.0,0.0,-17.2,-5.3,-2.4
5252,-4.7,0.0,0.0,-34.4,-2.0,-0.8
5253,-3.8,0.0,0.0,-33.4,-1.2,-0.2
5254,-14.5,0.0,0.0,-44.7,-7.5,0.0
5255,-13.8,0.0,0.0,-43.7,-7.1,0.0
5256,-12.8,0.0,0.0,-12.2,-6.5,0.2
5257,-21.0,0.0,0.0,-20.2,-10.5,0.5
5258,-19.3,0.0,0.0,-18.6,-9.7,0.5
5259,-17.3,0.0,0.0,-16.7,-8.5,0.8
5260,-15.5,0.0,0.0,-15.0,0.3,1.0
5261,-14.1,0.0,0.0,-13.6,0.3,1.0
5262,-13.1,0.0,0.0,-12.6,-6.5,0.6
5263,-13.3,0.0,0.0,-12.9,-7.5,-6.9
5264,-4.5,0.0,0.0,-3.5,-3.2,-2.0
5265,-6.5,0.0,0.0,-5.5,-18.9,-12.6
5266,-7.8,0.0,0.0,-6.6,-20.3,-13.5
5267,-9.1,0.0,0.0,-7.5,-21.7,-14.4
5268,-10.5,0.0,0.0,-8.5,-22.9,-15.2
5269,-11.5,0.0,0.0,-21.5,-16.7,-11.0
5270,-12.6,0.0,0.0,-22.1,-24.4,-16.1
5271,-13.1,0.0,0.0,-22.9,-25.5,-16.4
5272,-29.4,0.0,0.0,-23.4,-26.3,-16.4
5273,-29.9,0.0,0.0,-23.9,-26.6,-16.2
5274,-30.5,0.0,0.0,-24.1,-11.7,-5.8
5275,-30.5,0.0,0.0,-23.7,-10.8,-4.8
5276,-54.7,0.0,0.0,-42.2,-4.7,-2.2
5277,-52.8,0.0,0.0,-40.8,-3.6,-1.4
5278,-51.9,0.0,0.0,-40.3,-3.7,-1.5
5279,-50.6,0.0,0.0,-39.5,-3.3,-1.3
5280,-24.0,0.0,0.0,-5.2,-3.0,-1.1
5281,-6.5,0.0,0.0,-4.8,-2.7,-1.0
5282,-6.0,0.0,0.0,-4.4,-2.4,-0.9
5283,-5.4,0.0,0.0,-3.9,-2.2,-0.7
5284,-4.8,0.0,0.0,-3.4,-1.8,-0.5
5285,-4.3,0.0,0.0,-3.0,-1.6,-0.4
5286,-16.9,0.0,0.0,-16.4,-9.1,-8.3
5287,-4.8,0.0,0.0,-3.7,-2.8,-1.5
5288,-6.4,0.0,0.0,-5.5,-4.9,-3.2
5289,-8.2,0.0,0.0,-7.2,-20.5,-13.8
5290,-9.8,0.0,0.0,-8.5,-22.1,-14.8
5291,-11.2,0.0,0.0,-9.5,-23.6,-15.8
5292,-12.4,0.0,0.0,-10.2,-24.6,-16.4
5293,-13.5,0.0,0.0,-23.7,-18.4,-12.2
5294,-14.3,0.0,0.0,-24.2,-25.9,-17.2
5295,-14.6,0.0,0.0,-24.7,-26.8,-17.3
5296,-14.7,0.0,0.0,-25.1,-27.7,-17.4
5297,-14.1,0.0,0.0,-25.1,-26.9,-16.8
5298,-13.9,0.0,0.0,-25.0,-12.2,-6.3
5299,-12.2,0.0,0.0,-23.7,-7.8,-4.4
5300,-10.4,0.0,0.0,-42.7,-5.6,-3.0
5301,-9.6,0.0,0.0,-41.9,-5.0,-2.5
5302,-9.1,0.0,0.0,-41.2,-4.7,-2.4
5303,-8.5,0.0,0.0,-40.4,-4.2,-2.0
5304,-7.9,0.0,0.0,-6.0,-3.8,-1.8
5305,-3.8,0.0,0.0,-3.0,-2.5,-1.5
5306,-3.2,0.0,0.0,-2.4,-2.0,-1.1
5307,-2.7,0.0,0.0,-2.0,-1.5,-0.8
5308,-2.1,0.0,0.0,-1.5,-1.1,-0.5
5309,-8.1,0.0,0.0,-7.9,-4.5,-4.2
5310,-1.6,0.0,0.0,-1.0,-0.8,-0.4
5311,-2.5,0.0,0.0,-2.0,-2.0,-1.4
5312,-4.4,0.0,0.0,-4.1,-4.4,-3.3
5313,-5.2,0.0,0.0,-4.5,-18.2,-12.2
5314,-7.0,0.0,0.0,-6.1,-20.1,-13.5
5315,-7.9,0.0,0.0,-6.6,-20.8,-14.0
5316,-7.7,0.0,0.0,-6.3,-20.2,-13.5
5317,-6.9,0.0,0.0,-17.7,-12.3,-8.1
5318,-9.0,0.0,0.0,-19.4,-21.4,-14.3
5319,-5.1,0.0,0.0,-15.9,-16.9,-10.8
5320,-28.6,0.0,0.0,-25.6,-21.1,-15.9
5321,-27.5,0.0,0.0,-24.7,-20.3,-15.2
5322,-26.2,0.0,0.0,-23.5,0.3,0.8
5323,-25.5,0.0,0.0,-22.9,0.1,0.6
5324,-45.9,0.0,0.0,-40.2,0.1,0.6
5325,-44.7,0.0,0.0,-39.3,0.2,0.6
5326,-43.5,0.0,0.0,-38.2,0.4,0.7
5327,-42.3,0.0,0.0,-37.3,0.6,0.8
5328,-20.9,0.0,0.0,0.2,0.8,0.9
5329,-12.7,0.0,0.0,-12.2,0.4,1.0
5330,-11.3,0.0,0.0,-10.8,0.7,1.2
5331,-10.1,0.0,0.0,-9.7,0.7,1.1
5332,-9.1,0.0,0.0,0.1,0.8,1.1
5333,-8.1,0.0,0.0,0.2,0.8,1.0
5334,-7.1,0.0,0.0,0.4,0.9,1.1
5335,-6.5,0.0,0.0,0.3,0.5,0.7
5336,-6.3,0.0,0.0,-5.9,0.0,0.4
5337,-7.0,0.0,0.0,-6.4,-4.3,-3.8
5338,-3.1,0.0,0.0,-2.0,-2.7,-1.7
5339,-4.7,0.0,0.0,-3.5,-4.5,-3.0
5340,-6.8,0.0,0.0,-5.2,-6.7,-4.5
5341,-7.4,0.0,0.0,-17.3,-6.8,-4.5
5342,-7.6,0.0,0.0,-17.4,-6.7,-4.3
5343,-8.2,0.0,0.0,-17.9,-7.7,-4.6
5344,-22.9,0.0,0.0,-18.4,-7.9,-4.4
5345,-23.6,0.0,0.0,-19.0,-9.5,-4.5
5346,-24.2,0.0,0.0,-19.2,-9.6,-3.9
5347,-24.1,0.0,0.0,-18.5,-8.5,-2.6
5348,-62.5,0.0,0.0,-53.6,-11.2,-10.1
5349,-58.9,0.0,0.0,-50.5,0.3,1.3
5350,-56.7,0.0,0.0,-48.7,0.2,1.1
5351,-54.8,0.0,0.0,-47.3,-8.0,0.8
5352,-30.2,0.0,0.0,-14.4,0.1,0.9
5353,0.6,0.0,0.0,1.2,1.3,1.2
5354,1.1,0.0,0.0,1.5,1.6,1.5
5355,1.6,0.0,0.0,2.0,2.0,1.7
5356,1.8,0.0,0.0,2.2,2.0,1.7
5357,1.3,0.0,0.0,1.6,1.4,1.2
5358,1.3,0.0,0.0,1.6,1.3,1.1
5359,0.5,0.0,0.0,0.9,0.3,0.3
5360,-1.6,0.0,0.0,-1.4,-2.3,-1.8
5361,-2.6,0.0,0.0,-2.0,-3.0,-2.2
5362,-3.1,0.0,0.0,-2.2,-3.3,-2.3
5363,-2.0,0.0,0.0,-1.2,-1.7,-1.1
5364,-2.4,0.0,0.0,-1.6,-2.2,-1.4
5365,-5.1,0.0,0.0,-15.9,-2.8,-2.6
5366,-5.3,0.0,0.0,-16.0,-3.2,-2.8
5367,-5.1,0.0,0.0,-15.9,-2.9,-2.6
5368,-19.1,0.0,0.0,-16.9,-4.7,-3.8
5369,-18.4,0.0,0.0,-16.4,0.0,0.4
5370,-18.4,0.0,0.0,-16.4,0.2,0.5
5371,-18.2,0.0,0.0,-16.2,0.4,0.8
5372,-37.1,0.0,0.0,-32.9,1.0,1.1
5373,-36.2,0.0,0.0,-32.2,1.3,1.3
5374,-35.1,0.0,0.0,-31.2,1.7,1.6
5375,-34.3,0.0,0.0,-30.5,1.8,1.6
5376,-14.7,0.0,0.0,1.9,2.0,1.7
5377,3.2,0.0,0.0,3.4,2.9,2.2
5378,3.3,0.0,0.0,3.5,2.9,2.2
5379,3.5,0.0,0.0,3.7,3.0,2.3
5380,3.9,0.0,0.0,4.0,3.3,2.5
5381,4.0,0.0,0.0,4.1,3.3,2.5
5382,4.0,0.0,0.0,4.1,3.3,2.4
5383,4.0,0.0,0.0,4.0,3.1,2.3
5384,3.9,0.0,0.0,3.9,2.9,2.1
5385,3.3,0.0,0.0,3.5,-8.6,-4.7
5386,3.1,0.0,0.0,3.3,-8.9,-4.8
5387,2.6,0.0,0.0,2.9,-9.5,-5.3
5388,0.0,0.0,0.0,0.6,-12.8,-7.8
5389,1.2,0.0,0.0,-7.7,-5.3,-3.0
5390,1.3,0.0,0.0,-8.0,-11.7,-7.1
5391,1.5,0.0,0.0,-8.3,-11.4,-7.0
5392,2.0,0.0,0.0,-8.0,-11.0,-6.7
5393,1.7,0.0,0.0,-8.4,-11.5,-7.0
5394,2.3,0.0,0.0,-8.0,2.1,1.7
5395,2.8,0.0,0.0,-7.5,2.7,2.1
5396,2.9,0.0,0.0,-23.3,2.8,2.2
5397,3.0,0.0,0.0,-22.9,2.9,2.2
5398,3.1,0.0,0.0,-22.6,2.9,2.3
5399,3.2,0.0,0.0,-22.4,2.9,2.3
5400,3.0,0.0,0.0,3.2,2.7,2.0
5401,1.2,0.0,0.0,1.8,2.0,1.8
5402,1.2,0.0,0.0,1.8,1.8,1.7
5403,1.6,0.0,0.0,2.1,2.0,1.8
5404,1.9,0.0,0.0,2.3,2.2,1.9
5405,2.4,0.0,0.0,2.8,2.6,2.2
5406,2.4,0.0,0.0,2.8,2.4,2.0
5407,1.4,0.0,0.0,1.5,1.0,0.7
5408,0.8,0.0,0.0,1.1,0.3,0.3
5409,0.6,0.0,0.0,1.3,-13.1,-8.4
5410,-2.0,0.0,0.0,-1.3,-15.4,-10.0
5411,-2.6,0.0,0.0,-1.6,-16.0,-10.3
5412,-4.7,0.0,0.0,-3.4,-18.3,-11.9
5413,-5.0,0.0,0.0,-14.6,-11.7,-7.5
5414,-5.3,0.0,0.0,-14.8,-18.1,-11.7
5415,-5.7,0.0,0.0,-15.4,-18.8,-11.9
5416,-6.0,0.0,0.0,-15.6,-20.4,-12.1
5417,-4.3,0.0,0.0,-14.7,-16.4,-10.3
5418,-11.7,0.0,0.0,-22.8,-6.4,-5.6
5419,-11.3,0.0,0.0,-22.4,-6.0,-5.3
5420,-9.7,0.0,0.0,-38.7,0.5,1.0
5421,-8.3,0.0,0.0,-37.2,1.3,1.5
5422,-7.2,0.0,0.0,-35.9,1.6,1.7
5423,0.8,0.0,0.0,-34.3,2.3,2.2
5424,1.3,0.0,0.0,2.2,2.6,2.4
5425,1.9,0.0,0.0,2.7,3.3,3.0
5426,2.6,0.0,0.0,3.3,3.8,3.3
5427,2.3,0.0,0.0,3.0,3.2,2.8
5428,2.2,0.0,0.0,2.7,2.8,2.4
5429,2.3,0.0,0.0,2.8,2.8,2.4
5430,2.5,0.0,0.0,2.9,2.8,2.3
5431,2.2,0.0,0.0,2.6,2.3,1.9
5432,0.9,0.0,0.0,1.4,0.6,0.6
5433,-2.7,0.0,0.0,-2.4,-15.5,-10.5
5434,-4.6,0.0,0.0,-4.1,-17.2,-11.7
5435,-4.0,0.0,0.0,-3.1,-17.6,-11.5
5436,-4.2,0.0,0.0,-2.8,-17.4,-11.3
5437,-5.7,0.0,0.0,-15.4,-12.3,-8.0
5438,-6.7,0.0,0.0,-15.7,-19.5,-12.5
5439,-6.3,0.0,0.0,-15.9,-19.5,-12.2
5440,-20.8,0.0,0.0,-16.9,-20.2,-12.6
5441,-19.8,0.0,0.0,-16.0,-17.6,-11.1
5442,-18.1,0.0,0.0,-14.4,-1.3,-0.3
5443,-27.0,0.0,0.0,-24.1,-6.1,0.6
5444,-47.4,0.0,0.0,-41.3,0.2,0.9
5445,-45.8,0.0,0.0,-39.9,0.6,1.1
5446,-44.4,0.0,0.0,-38.8,0.8,1.2
5447,-43.0,0.0,0.0,-37.6,1.0,1.3
5448,-21.5,0.0,0.0,0.3,1.0,1.2
5449,1.4,0.0,0.0,1.8,1.6,1.4
5450,1.6,0.0,0.0,2.0,1.8,1.5
5451,1.8,0.0,0.0,2.1,1.8,1.5
5452,1.8,0.0,0.0,2.1,1.7,1.4
5453,2.0,0.0,0.0,2.3,1.9,1.5
5454,2.3,0.0,0.0,2.5,2.0,1.6
5455,2.2,0.0,0.0,2.5,1.9,1.5
5456,2.0,0.0,0.0,2.3,1.6,1.2
5457,2.0,0.0,0.0,2.3,-11.0,-6.7
5458,1.5,0.0,0.0,1.9,-11.6,-7.2
5459,0.0,0.0,0.0,0.6,-13.4,-8.5
5460,-1.4,0.0,0.0,-0.6,-14.8,-9.6
5461,0.6,0.0,0.0,-11.0,-6.7,-4.4
5462,-1.7,0.0,0.0,-11.6,-15.0,-9.7
5463,-2.1,0.0,0.0,-12.0,-15.4,-9.9
5464,-1.7,0.0,0.0,-11.9,-14.7,-9.4
5465,-4.5,0.0,0.0,-15.0,-16.0,-10.9
5466,-5.1,0.0,0.0,-15.6,-3.8,-2.9
5467,-4.4,0.0,0.0,-15.1,0.0,0.3
5468,0.6,0.0,0.0,-30.9,1.3,1.3
5469,2.2,0.0,0.0,-29.0,3.0,2.5
5470,2.7,0.0,0.0,-27.8,3.3,2.8
5471,2.7,0.0,0.0,-27.0,3.2,2.7
5472,2.5,0.0,0.0,3.0,2.9,2.4
5473,0.5,0.0,0.0,1.4,2.1,2.1
5474,0.7,0.0,0.0,1.6,2.1,2.1
5475,1.2,0.0,0.0,1.9,2.3,2.2
5476,2.1,0.0,0.0,2.7,3.0,2.7
5477,2.7,0.0,0.0,3.3,3.5,3.0
5478,2.6,0.0,0.0,3.1,3.1,2.7
5479,1.5,0.0,0.0,1.9,1.6,1.4
5480,0.4,0.0,0.0,0.7,0.2,0.2
5481,-3.1,0.0,0.0,0.2,-15.0,-10.1
5482,-4.7,0.0,0.0,-4.1,-16.8,-11.5
5483,-3.4,0.0,0.0,-2.4,-16.8,-10.9
5484,-4.6,0.0,0.0,-3.2,-18.0,-11.6
5485,-5.1,0.0,0.0,-14.8,-11.6,-7.4
5486,-5.6,0.0,0.0,-15.3,-18.3,-11.8
5487,-6.5,0.0,0.0,-15.9,-19.9,-12.4
5488,-20.1,0.0,0.0,-16.3,-19.5,-12.1
5489,-19.9,0.0,0.0,-16.1,-18.8,-11.4
5490,-20.4,0.0,0.0,-16.4,-5.5,-2.3
5491,-20.2,0.0,0.0,-16.0,-2.9,-1.5
5492,-40.9,0.0,0.0,-33.3,-1.3,-0.2
5493,-50.3,0.0,0.0,-43.6,-6.6,0.7
5494,-49.1,0.0,0.0,-42.7,-6.3,0.5
5495,-47.7,0.0,0.0,-41.5,0.0,0.7
5496,-25.3,0.0,0.0,-10.5,0.1,0.7
5497,-9.4,0.0,0.0,-8.9,0.5,0.9
5498,-8.2,0.0,0.0,0.1,0.7,1.0
5499,-6.9,0.0,0.0,0.7,1.2,1.4
5500,0.4,0.0,0.0,1.2,1.5,1.6
5501,0.8,0.0,0.0,1.4,1.7,1.6
5502,0.7,0.0,0.0,1.3,1.5,1.4
5503,0.3,0.0,0.0,0.9,0.8,0.9
5504,-4.0,0.0,0.0,0.3,0.0,0.3
5505,-4.5,0.0,0.0,-4.0,-2.8,-2.5
5506,-3.3,0.0,0.0,-2.3,-3.3,-2.2
5507,-4.7,0.0,0.0,-3.7,-5.0,-3.4
5508,-6.0,0.0,0.0,-4.7,-6.1,-4.1
5509,-7.3,0.0,0.0,-17.0,-7.2,-4.7
5510,-7.4,0.0,0.0,-17.0,-6.7,-4.3
5511,-7.7,0.0,0.0,-17.6,-7.0,-4.3
5512,-21.3,0.0,0.0,-17.2,-6.0,-3.5
5513,-21.3,0.0,0.0,-17.3,-5.1,-2.9
5514,-20.2,0.0,0.0,-16.3,-3.0,-1.5
5515,-19.9,0.0,0.0,-16.0,-2.5,-1.1
5516,-51.2,0.0,0.0,-44.4,0.1,0.8
5517,-49.6,0.0,0.0,-43.1,0.1,0.8
5518,-47.9,0.0,0.0,-41.6,0.5,1.0
5519,-46.3,0.0,0.0,-40.3,0.7,1.1
5520,-23.8,0.0,0.0,-9.3,0.8,1.1
5521,0.3,0.0,0.0,1.0,1.4,1.4
5522,0.9,0.0,0.0,1.5,1.7,1.6
5523,1.2,0.0,0.0,1.8,1.9,1.7
5524,1.4,0.0,0.0,1.9,1.9,1.7
5525,1.6,0.0,0.0,2.1,2.0,1.7
5526,1.9,0.0,0.0,2.3,2.1,1.8
5527,1.4,0.0,0.0,1.8,1.4,1.2
5528,0.7,0.0,0.0,1.1,0.5,0.5
5529,0.5,0.0,0.0,1.0,0.4,0.5
5530,0.8,0.0,0.0,1.3,0.9,0.8
5531,-2.2,0.0,0.0,0.5,-1.6,-1.4
5532,-3.0,0.0,0.0,0.0,-2.3,-1.9
5533,-6.0,0.0,0.0,-15.7,-5.6,-4.2
5534,-3.8,0.0,0.0,-13.6,-3.9,-2.6
5535,-4.7,0.0,0.0,-14.4,-5.0,-3.0
5536,-17.9,0.0,0.0,-14.6,-6.0,-3.0
5537,-17.3,0.0,0.0,-14.1,-3.3,-1.5
5538,-17.0,0.0,0.0,-13.8,-2.1,-0.9
5539,-24.5,0.0,0.0,-21.7,-5.7,-5.1
5540,-43.9,0.0,0.0,-38.4,0.4,0.9
5541,-42.3,0.0,0.0,-37.1,1.1,1.4
5542,-40.8,0.0,0.0,-35.7,1.5,1.6
5543,-39.3,0.0,0.0,-34.5,1.8,1.8
5544,-17.9,0.0,0.0,1.8,2.3,2.1
5545,3.5,0.0,0.0,3.7,3.2,2.5
5546,3.5,0.0,0.0,3.7,3.2,2.4
5547,3.8,0.0,0.0,3.9,3.3,2.5
5548,4.1,0.0,0.0,4.2,3.6,2.7
5549,4.2,0.0,0.0,4.2,3.5,2.6
5550,4.2,0.0,0.0,4.2,3.5,2.6
5551,4.0,0.0,0.0,4.1,3.2,2.3
5552,3.8,0.0,0.0,3.9,2.8,2.1
5553,3.3,0.0,0.0,3.5,-8.7,-4.7
5554,2.2,0.0,0.0,2.6,-10.1,-5.7
5555,1.8,0.0,0.0,2.3,-10.6,-6.2
5556,0.4,0.0,0.0,1.0,-12.4,-7.6
5557,0.5,0.0,0.0,-8.5,-6.3,-3.8
5558,0.8,0.0,0.0,-8.9,-12.5,-7.7
5559,0.4,0.0,0.0,-9.8,-13.2,-8.3
5560,-0.8,0.0,0.0,-10.7,-13.9,-8.8
5561,-1.3,0.0,0.0,-11.4,-14.1,-9.0
5562,0.8,0.0,0.0,-11.1,0.8,0.9
5563,2.4,0.0,0.0,-9.7,2.7,2.2
5564,3.0,0.0,0.0,-25.1,3.3,2.7
5565,3.3,0.0,0.0,-24.3,3.5,2.8
5566,3.7,0.0,0.0,-23.4,3.8,3.0
5567,4.4,0.0,0.0,-22.1,4.4,3.4
5568,4.8,0.0,0.0,5.0,4.6,3.6
5569,5.6,0.0,0.0,5.7,4.9,3.7
5570,6.4,0.0,0.0,6.4,5.6,4.2
5571,6.4,0.0,0.0,6.4,5.5,4.1
5572,6.7,0.0,0.0,6.6,5.6,4.2
5573,6.4,0.0,0.0,6.3,5.2,3.8
5574,6.4,0.0,0.0,6.2,5.1,3.7
5575,5.5,0.0,0.0,5.4,4.1,2.9
5576,5.8,0.0,0.0,5.7,4.4,3.1
5577,5.7,0.0,0.0,5.7,-4.9,-1.5
5578,5.5,0.0,0.0,5.5,-5.2,-1.6
5579,5.2,0.0,0.0,5.3,-5.6,-1.9
5580,4.8,0.0,0.0,4.9,-6.1,-2.4
5581,2.1,0.0,0.0,-2.4,-3.1,-0.9
5582,0.4,0.0,0.0,-4.7,-11.5,-6.4
5583,1.5,0.0,0.0,-5.2,-11.0,-6.1
5584,1.3,0.0,0.0,-6.2,-12.0,-6.5
5585,0.5,0.0,0.0,-8.1,-15.4,-7.8
5586,0.9,0.0,0.0,-9.6,-2.8,0.5
5587,2.1,0.0,0.0,-9.8,2.5,2.2
5588,4.5,0.0,0.0,-23.7,5.0,4.1
5589,5.8,0.0,0.0,-21.5,6.1,4.9
5590,6.6,0.0,0.0,-19.5,6.8,5.3
5591,7.1,0.0,0.0,-17.8,7.0,5.4
5592,7.8,0.0,0.0,8.1,7.6,5.8
5593,6.3,0.0,0.0,6.7,6.5,5.1
5594,6.1,0.0,0.0,6.4,6.1,4.7
5595,6.2,0.0,0.0,6.5,5.9,4.6
5596,6.4,0.0,0.0,6.5,5.9,4.5
5597,7.1,0.0,0.0,7.2,6.5,4.9
5598,7.2,0.0,0.0,7.2,6.4,4.8
5599,6.2,0.0,0.0,6.2,5.1,3.8
5600,5.9,0.0,0.0,5.9,4.8,3.5
5601,5.0,0.0,0.0,5.2,-6.1,-2.4
5602,3.8,0.0,0.0,4.1,-7.5,-3.5
5603,1.2,0.0,0.0,1.7,-10.8,-5.9
5604,0.0,0.0,0.0,0.3,-13.1,-7.7
5605,0.0,0.0,0.0,-9.2,-8.2,-4.9
5606,-2.1,0.0,0.0,-11.0,-15.8,-9.9
5607,-3.4,0.0,0.0,-12.6,-16.8,-10.6
5608,-16.7,0.0,0.0,-14.2,-18.2,-11.3
5609,-18.4,0.0,0.0,-16.0,-18.5,-11.7
5610,-19.2,0.0,0.0,-16.8,-4.7,-3.1
5611,-18.4,0.0,0.0,-15.9,1.5,1.6
5612,-35.9,0.0,0.0,-31.4,3.1,2.8
5613,-33.7,0.0,0.0,-29.6,3.9,3.4
5614,-32.1,0.0,0.0,-28.2,4.0,3.4
5615,-29.6,0.0,0.0,-26.1,5.0,4.1
5616,-9.6,0.0,0.0,5.2,5.3,4.3
5617,4.8,0.0,0.0,5.3,5.3,4.3
5618,5.5,0.0,0.0,5.9,5.8,4.6
5619,5.8,0.0,0.0,6.1,5.9,4.6
5620,5.4,0.0,0.0,5.7,5.2,4.1
5621,5.4,0.0,0.0,5.6,5.1,4.0
5622,5.6,0.0,0.0,5.7,5.1,3.9
5623,5.4,0.0,0.0,5.6,4.8,3.6
5624,5.2,0.0,0.0,5.3,4.4,3.3
5625,5.0,0.0,0.0,5.3,-6.6,-3.0
5626,4.6,0.0,0.0,4.9,-7.0,-3.3
5627,4.1,0.0,0.0,4.4,-7.5,-3.7
5628,2.8,0.0,0.0,3.3,-9.1,-4.8
5629,0.0,0.0,0.0,-7.0,-6.8,-3.7
5630,-0.6,0.0,0.0,-9.1,-15.1,-9.1
5631,-2.2,0.0,0.0,-11.3,-16.4,-10.1
5632,-3.1,0.0,0.0,-12.5,-18.1,-10.7
5633,-2.6,0.0,0.0,-12.5,-16.4,-9.9
5634,-2.5,0.0,0.0,-12.6,-3.9,-1.3
5635,-1.4,0.0,0.0,-11.8,-0.4,0.1
5636,0.1,0.0,0.0,-32.5,1.2,1.4
5637,1.6,0.0,0.0,-30.6,2.7,2.5
5638,1.9,0.0,0.0,-29.6,2.9,2.6
5639,1.5,0.0,0.0,-29.2,2.4,2.1
5640,1.7,0.0,0.0,2.4,2.5,2.2
5641,3.6,0.0,0.0,4.0,3.8,3.0
5642,3.6,0.0,0.0,3.9,3.6,2.9
5643,3.5,0.0,0.0,3.8,3.3,2.6
5644,4.1,0.0,0.0,4.4,3.9,3.0
5645,4.1,0.0,0.0,4.3,3.7,2.9
5646,4.1,0.0,0.0,4.2,3.6,2.7
5647,3.9,0.0,0.0,4.1,3.3,2.5
5648,2.8,0.0,0.0,3.0,1.8,1.3
5649,1.7,0.0,0.0,2.1,-10.8,-6.3
5650,0.4,0.0,0.0,1.0,-12.4,-7.6
5651,0.0,0.0,0.0,0.1,-13.9,-8.7
5652,-2.2,0.0,0.0,-1.2,-16.0,-10.3
5653,-3.6,0.0,0.0,-13.2,-10.2,-6.8
5654,-2.4,0.0,0.0,-12.6,-14.3,-9.4
5655,2.8,0.0,0.0,-10.3,-11.1,-7.0
5656,-15.0,0.0,0.0,-13.0,-15.8,-10.2
5657,-15.6,0.0,0.0,-13.6,-15.2,-10.0
5658,-14.9,0.0,0.0,-13.0,1.4,1.5
5659,-14.4,0.0,0.0,-12.5,2.0,1.8
5660,-32.2,0.0,0.0,-28.7,2.5,2.2
5661,-31.2,0.0,0.0,-27.9,2.7,2.3
5662,-30.4,0.0,0.0,-27.2,2.7,2.3
5663,-29.4,0.0,0.0,-26.4,3.0,2.5
5664,-10.6,0.0,0.0,3.4,3.2,2.6
5665,2.7,0.0,0.0,3.3,3.3,2.8
5666,3.1,0.0,0.0,3.6,3.4,2.8
5667,3.4,0.0,0.0,3.8,3.6,2.9
5668,3.6,0.0,0.0,4.0,3.7,2.9
5669,3.9,0.0,0.0,4.2,3.8,3.0
5670,4.2,0.0,0.0,4.5,4.0,3.1
5671,3.9,0.0,0.0,4.1,3.5,2.7
5672,3.8,0.0,0.0,4.0,3.2,2.5
5673,4.0,0.0,0.0,4.3,3.6,2.7
5674,3.9,0.0,0.0,4.2,3.4,2.6
5675,2.2,0.0,0.0,2.8,1.3,1.0
5676,0.0,0.0,0.0,0.4,-1.1,-0.4
5677,-0.1,0.0,0.0,-9.7,-1.1,-0.6
5678,-1.3,0.0,0.0,-10.8,-1.8,-1.1
5679,-1.9,0.0,0.0,-11.8,-1.7,-1.2
5680,-15.6,0.0,0.0,-13.2,-5.0,-2.5
5681,-17.6,0.0,0.0,-15.3,-6.9,-3.3
5682,-19.7,0.0,0.0,-17.3,-8.0,-3.7
5683,-20.1,0.0,0.0,-17.6,1.3,1.6
5684,-38.5,0.0,0.0,-33.7,2.2,2.2
5685,-36.9,0.0,0.0,-32.4,2.6,2.5
5686,-35.2,0.0,0.0,-31.0,3.0,2.7
5687,-33.9,0.0,0.0,-29.9,3.0,2.6
5688,-13.7,0.0,0.0,3.1,3.3,2.8
5689,3.1,0.0,0.0,3.5,3.3,2.7
5690,3.5,0.0,0.0,3.8,3.5,2.8
5691,3.6,0.0,0.0,3.9,3.5,2.7
5692,4.2,0.0,0.0,4.5,4.0,3.1
5693,4.2,0.0,0.0,4.4,3.8,2.9
5694,4.2,0.0,0.0,4.4,3.7,2.9
5695,3.7,0.0,0.0,3.8,3.0,2.3
5696,3.0,0.0,0.0,3.2,2.1,1.6
5697,2.7,0.0,0.0,3.0,1.9,1.4
5698,2.1,0.0,0.0,2.6,1.3,1.0
5699,0.3,0.0,0.0,0.9,-0.2,0.0
5700,0.9,0.0,0.0,1.6,0.2,0.3
5701,-0.9,0.0,0.0,-10.6,-1.8,-1.1
5702,-1.7,0.0,0.0,-11.1,-2.0,-1.3
5703,-2.6,0.0,0.0,-12.5,-2.5,-1.7
5704,-16.0,0.0,0.0,-13.5,-5.4,-2.6
5705,-17.1,0.0,0.0,-14.8,-3.8,0.1
5706,-17.0,0.0,0.0,-14.9,0.8,1.3
5707,-16.3,0.0,0.0,-14.2,1.9,1.9
5708,-33.5,0.0,0.0,-29.5,3.4,2.9
5709,-31.4,0.0,0.0,-27.7,4.2,3.5
5710,-30.0,0.0,0.0,-26.6,4.0,3.3
5711,-29.2,0.0,0.0,-26.1,3.5,2.9
5712,-10.3,0.0,0.0,3.7,3.5,2.9
5713,4.9,0.0,0.0,4.9,4.1,3.0
5714,4.9,0.0,0.0,4.9,4.0,2.9
5715,5.1,0.0,0.0,5.0,4.1,3.0
5716,5.0,0.0,0.0,4.9,3.9,2.8
5717,5.1,0.0,0.0,5.0,3.9,2.8
5718,5.1,0.0,0.0,5.0,3.9,2.8
5719,5.1,0.0,0.0,5.0,3.8,2.7
5720,5.2,0.0,0.0,5.1,3.9,2.8
5721,5.0,0.0,0.0,5.0,-5.9,-2.3
5722,5.0,0.0,0.0,5.0,-6.0,-2.4
5723,4.8,0.0,0.0,4.9,-6.2,-2.5
5724,4.7,0.0,0.0,4.8,-6.3,-2.6
5725,4.6,0.0,0.0,-0.9,-0.3,0.0
5726,4.6,0.0,0.0,-1.0,-6.5,-2.7
5727,4.5,0.0,0.0,-1.2,-6.6,-2.9
5728,4.6,0.0,0.0,-1.3,-6.6,-2.9
5729,4.4,0.0,0.0,-1.5,-6.8,-3.0
5730,4.3,0.0,0.0,-1.7,3.2,2.4
5731,4.4,0.0,0.0,-1.7,3.4,2.5
5732,4.6,0.0,0.0,-16.9,3.6,2.6
5733,4.5,0.0,0.0,-17.0,3.6,2.6
5734,4.4,0.0,0.0,-17.1,3.5,2.6
5735,4.4,0.0,0.0,-17.2,3.5,2.5
5736,4.4,0.0,0.0,4.5,3.5,2.6
5737,4.0,0.0,0.0,4.3,3.8,3.1
5738,4.9,0.0,0.0,5.2,4.7,3.7
5739,5.2,0.0,0.0,5.4,4.8,3.7
5740,5.3,0.0,0.0,5.5,4.8,3.7
5741,5.4,0.0,0.0,5.6,4.8,3.6
5742,6.4,0.0,0.0,6.5,5.7,4.3
5743,5.4,0.0,0.0,5.4,4.4,3.2
5744,3.5,0.0,0.0,3.3,2.0,1.4
5745,2.0,0.0,0.0,1.9,-10.2,-5.7
5746,0.7,0.0,0.0,1.0,-11.8,-6.9
5747,0.0,0.0,0.0,0.7,-12.8,-7.7
5748,0.1,0.0,0.0,1.0,-12.9,-8.0
5749,-1.7,0.0,0.0,-11.0,-9.3,-5.7
5750,-3.6,0.0,0.0,-12.7,-16.6,-10.6
5751,-4.5,0.0,0.0,-13.7,-17.4,-11.0
5752,-5.2,0.0,0.0,-15.1,-17.8,-11.3
5753,-5.9,0.0,0.0,-16.1,-19.6,-11.7
5754,-6.3,0.0,0.0,-16.9,-6.2,0.3
5755,1.0,0.0,0.0,-16.0,2.5,2.5
5756,2.8,0.0,0.0,-30.8,4.3,3.8
5757,3.7,0.0,0.0,-28.6,5.0,4.2
5758,4.2,0.0,0.0,-26.8,5.2,4.4
5759,5.2,0.0,0.0,-24.5,6.0,4.9
5760,5.9,0.0,0.0,6.4,6.4,5.1
5761,6.9,0.0,0.0,7.2,6.9,5.4
5762,7.1,0.0,0.0,7.3,6.8,5.3
5763,7.3,0.0,0.0,7.4,6.8,5.2
5764,7.1,0.0,0.0,7.2,6.4,4.9
5765,7.4,0.0,0.0,7.4,6.6,4.9
5766,7.1,0.0,0.0,7.1,6.1,4.5
5767,6.2,0.0,0.0,6.1,4.9,3.5
5768,4.7,0.0,0.0,4.5,3.0,2.0
5769,2.1,0.0,0.0,1.7,-9.8,-5.3
5770,0.6,0.0,0.0,0.6,-11.8,-6.8
5771,0.0,0.0,0.0,0.0,-13.6,-8.2
5772,0.0,0.0,0.0,0.9,-13.1,-8.0
5773,1.8,0.0,0.0,-8.1,-4.8,-2.7
5774,0.5,0.0,0.0,-9.3,-12.7,-7.9
5775,-0.5,0.0,0.0,-10.3,-13.6,-8.6
5776,-12.0,0.0,0.0,-10.4,-13.0,-8.2
5777,-12.0,0.0,0.0,-10.4,-12.3,-7.8
5778,-11.3,0.0,0.0,-9.8,2.4,2.1
5779,-11.0,0.0,0.0,-9.5,2.7,2.2
5780,-28.2,0.0,0.0,-25.4,3.0,2.5
5781,-27.6,0.0,0.0,-24.9,2.9,2.4
5782,-26.8,0.0,0.0,-24.2,3.2,2.6
5783,-25.9,0.0,0.0,-23.5,3.5,2.8
5784,-8.1,0.0,0.0,3.9,3.5,2.8
5785,4.7,0.0,0.0,4.8,4.1,3.1
5786,5.6,0.0,0.0,5.7,4.9,3.7
5787,6.0,0.0,0.0,6.0,5.2,3.9
5788,6.0,0.0,0.0,6.0,5.1,3.8
5789,6.1,0.0,0.0,6.1,5.1,3.8
5790,6.1,0.0,0.0,6.1,5.0,3.7
5791,5.7,0.0,0.0,5.6,4.4,3.2
5792,5.9,0.0,0.0,5.8,4.6,3.3
5793,4.6,0.0,0.0,4.7,-6.4,-2.6
5794,2.1,0.0,0.0,2.1,-9.7,-5.0
5795,1.5,0.0,0.0,1.8,-10.8,-5.9
5796,0.8,0.0,0.0,1.5,-11.8,-6.8
5797,1.1,0.0,0.0,-6.9,-5.4,-2.9
5798,2.9,0.0,0.0,-6.1,-9.7,-5.6
5799,2.9,0.0,0.0,-6.3,-9.8,-5.6
5800,3.5,0.0,0.0,-5.7,-9.2,-5.1
5801,1.9,0.0,0.0,-7.1,-11.9,-6.5
5802,2.8,0.0,0.0,-7.0,1.6,2.0
5803,3.2,0.0,0.0,-6.9,3.2,2.5
5804,4.1,0.0,0.0,-21.8,4.1,3.2
5805,4.2,0.0,0.0,-21.2,4.1,3.2
5806,4.4,0.0,0.0,-20.6,4.2,3.3
5807,4.6,0.0,0.0,-20.0,4.3,3.3
5808,5.2,0.0,0.0,5.4,4.8,3.7
5809,5.4,0.0,0.0,5.5,4.9,3.7
5810,5.6,0.0,0.0,5.7,5.0,3.8
5811,6.0,0.0,0.0,6.0,5.2,4.0
5812,6.0,0.0,0.0,6.1,5.2,3.9
5813,5.9,0.0,0.0,5.9,4.9,3.6
5814,6.0,0.0,0.0,5.9,4.9,3.6
5815,6.1,0.0,0.0,6.0,4.9,3.6
5816,5.4,0.0,0.0,5.4,4.0,2.9
5817,5.5,0.0,0.0,5.5,-5.5,-1.9
5818,3.3,0.0,0.0,3.6,-8.0,-3.8
5819,2.6,0.0,0.0,3.0,-9.2,-4.7
5820,1.4,0.0,0.0,2.1,-10.8,-5.9
5821,0.4,0.0,0.0,-6.6,-6.1,-3.2
5822,0.4,0.0,0.0,-7.7,-12.6,-7.5
5823,0.0,0.0,0.0,-9.2,-14.2,-8.5
5824,-11.0,0.0,0.0,-9.3,-12.5,-7.7
5825,-11.1,0.0,0.0,-9.5,-11.8,-7.3
5826,-11.3,0.0,0.0,-9.8,1.6,1.6
5827,-10.9,0.0,0.0,-9.3,2.6,2.2
5828,-27.1,0.0,0.0,-24.3,3.9,3.2
5829,-25.3,0.0,0.0,-22.7,4.8,3.9
5830,-23.8,0.0,0.0,-21.4,5.1,4.0
5831,-22.9,0.0,0.0,-20.8,4.8,3.7
5832,-5.3,0.0,0.0,5.2,4.7,3.7
5833,0.7,0.0,0.0,1.9,3.1,3.1
5834,1.7,0.0,0.0,2.8,3.8,3.6
5835,2.5,0.0,0.0,3.5,4.3,3.9
5836,3.2,0.0,0.0,4.1,4.8,4.1
5837,3.9,0.0,0.0,4.6,5.1,4.3
5838,4.2,0.0,0.0,4.8,5.1,4.3
5839,3.0,0.0,0.0,3.6,3.5,3.0
5840,1.0,0.0,0.0,1.5,1.0,1.0
5841,-3.7,0.0,0.0,-3.4,-3.0,-2.5
5842,-3.3,0.0,0.0,-2.8,-3.8,-2.5
5843,-5.5,0.0,0.0,-4.7,-6.0,-4.0
5844,-6.9,0.0,0.0,-5.6,-7.2,-4.7
5845,-7.8,0.0,0.0,-17.6,-7.7,-4.9
5846,-8.7,0.0,0.0,-18.1,-8.1,-5.0
5847,-9.0,0.0,0.0,-18.5,-8.6,-4.9
5848,-23.8,0.0,0.0,-19.1,-9.3,-4.8
5849,-24.3,0.0,0.0,-19.7,-9.7,-4.5
5850,-24.8,0.0,0.0,-20.0,-9.9,-3.9
5851,-24.0,0.0,0.0,-18.7,-4.0,-1.9
5852,-46.7,0.0,0.0,-36.9,-2.4,-0.7
5853,-45.2,0.0,0.0,-35.8,-1.7,-0.2
5854,-44.1,0.0,0.0,-35.1,-1.3,-0.0
5855,-56.6,0.0,0.0,-48.7,-8.9,0.4
5856,-31.4,0.0,0.0,-15.3,-7.7,0.9
5857,-9.9,0.0,0.0,0.4,1.2,1.6
5858,0.2,0.0,0.0,1.1,1.9,2.0
5859,1.2,0.0,0.0,2.1,2.7,2.6
5860,2.4,0.0,0.0,3.2,3.8,3.3
5861,3.7,0.0,0.0,4.4,4.8,4.0
5862,4.3,0.0,0.0,4.9,5.2,4.2
5863,3.6,0.0,0.0,4.1,4.0,3.3
5864,1.9,0.0,0.0,2.3,1.9,1.6
5865,-3.0,0.0,0.0,-2.6,-2.3,-2.0
5866,-2.3,0.0,0.0,-1.7,-2.8,-1.8
5867,-3.8,0.0,0.0,-3.0,-4.3,-2.9
5868,-5.3,0.0,0.0,-4.2,-5.7,-3.8
5869,-6.8,0.0,0.0,-16.6,-6.8,-4.5
5870,-7.3,0.0,0.0,-16.9,-6.9,-4.4
5871,-7.7,0.0,0.0,-17.4,-7.4,-4.4
5872,-22.2,0.0,0.0,-18.1,-8.1,-4.4
5873,-22.2,0.0,0.0,-18.1,-7.3,-3.6
5874,-21.9,0.0,0.0,-17.7,-6.2,-2.6
5875,-20.6,0.0,0.0,-16.3,-2.4,-0.9
5876,-55.2,0.0,0.0,-47.7,-8.8,0.0
5877,-52.9,0.0,0.0,-45.7,-7.3,0.8
5878,-50.4,0.0,0.0,-43.6,0.8,1.4
5879,-47.8,0.0,0.0,-41.4,1.6,1.9
5880,-24.1,0.0,0.0,1.0,2.1,2.2
5881,0.5,0.0,0.0,1.5,2.4,2.5
5882,1.3,0.0,0.0,2.2,3.0,2.8
5883,1.4,0.0,0.0,2.2,2.8,2.6
5884,1.9,0.0,0.0,2.6,3.1,2.8
5885,2.6,0.0,0.0,3.2,3.5,3.0
5886,2.8,0.0,0.0,3.3,3.5,3.0
5887,2.6,0.0,0.0,3.1,3.1,2.6
5888,1.1,0.0,0.0,1.5,1.1,1.0
5889,-4.0,0.0,0.0,-3.9,-16.3,-11.1
5890,-3.8,0.0,0.0,-3.3,-17.3,-11.4
5891,-5.6,0.0,0.0,-4.9,-19.3,-12.7
5892,-7.5,0.0,0.0,-6.3,-21.0,-13.8
5893,-8.4,0.0,0.0,-18.4,-15.0,-9.8
5894,-9.2,0.0,0.0,-18.8,-22.0,-14.3
5895,-9.3,0.0,0.0,-19.0,-22.4,-14.2
5896,-9.6,0.0,0.0,-19.8,-23.0,-14.3
5897,-9.2,0.0,0.0,-19.9,-22.6,-13.8
5898,-8.4,0.0,0.0,-19.4,-8.1,-3.7
5899,-6.1,0.0,0.0,-17.2,-3.0,-1.3
5900,-17.7,0.0,0.0,-48.7,-8.8,0.5
5901,-15.6,0.0,0.0,-46.3,0.5,1.2
5902,-13.7,0.0,0.0,-44.1,1.2,1.7
5903,-12.5,0.0,0.0,-42.5,1.1,1.6
5904,-11.3,0.0,0.0,-10.7,1.1,1.5
5905,0.2,0.0,0.0,1.1,1.7,1.8
5906,0.8,0.0,0.0,1.6,2.2,2.1
5907,1.4,0.0,0.0,2.1,2.5,2.3
5908,1.9,0.0,0.0,2.6,2.9,2.5
5909,2.3,0.0,0.0,2.8,3.0,2.6
5910,3.0,0.0,0.0,3.5,3.6,3.0
5911,3.1,0.0,0.0,3.5,3.4,2.8
5912,1.6,0.0,0.0,2.0,1.5,1.3
5913,-2.8,0.0,0.0,-2.6,-15.3,-10.3
5914,-2.4,0.0,0.0,-2.0,-16.0,-10.3
5915,-4.3,0.0,0.0,-3.6,-18.0,-11.7
5916,-6.3,0.0,0.0,-5.2,-19.9,-13.0
5917,-7.2,0.0,0.0,-17.1,-13.9,-9.0
5918,-7.6,0.0,0.0,-17.2,-20.6,-13.3
5919,-7.6,0.0,0.0,-17.3,-20.7,-13.0
5920,-7.1,0.0,0.0,-17.3,-20.6,-12.6
5921,-6.3,0.0,0.0,-16.8,-20.0,-11.8
5922,-5.2,0.0,0.0,-16.0,-5.3,-1.6
5923,-15.9,0.0,0.0,-27.5,-8.2,-7.4
5924,-14.0,0.0,0.0,-44.1,0.2,0.9
5925,-12.3,0.0,0.0,-42.2,0.9,1.4
5926,-10.7,0.0,0.0,-40.3,1.5,1.8
5927,-9.3,0.0,0.0,-38.6,1.8,2.0
5928,0.1,0.0,0.0,1.1,1.9,2.0
5929,2.3,0.0,0.0,2.7,2.6,2.1
5930,3.1,0.0,0.0,3.5,3.2,2.6
5931,4.1,0.0,0.0,4.4,4.2,3.3
5932,5.3,0.0,0.0,5.5,5.2,4.0
5933,5.4,0.0,0.0,5.5,5.1,3.9
5934,5.3,0.0,0.0,5.4,4.9,3.7
5935,5.7,0.0,0.0,5.7,5.0,3.8
5936,3.9,0.0,0.0,4.0,2.9,2.1
5937,3.1,0.0,0.0,3.3,-9.0,-5.0
5938,1.6,0.0,0.0,2.0,-10.8,-6.3
5939,1.6,0.0,0.0,2.0,-11.0,-6.5
5940,0.9,0.0,0.0,1.4,-12.0,-7.3
5941,0.2,0.0,0.0,-9.1,-6.6,-4.0
5942,-1.2,0.0,0.0,-10.9,-14.9,-9.5
5943,-1.6,0.0,0.0,-11.5,-15.0,-9.6
5944,-14.4,0.0,0.0,-12.7,-15.0,-9.9
5945,-14.7,0.0,0.0,-13.0,-14.4,-9.6
5946,-14.6,0.0,0.0,-13.0,0.7,0.8
5947,-14.2,0.0,0.0,-12.6,1.5,1.4
5948,-32.3,0.0,0.0,-28.9,1.8,1.6
5949,-31.6,0.0,0.0,-28.3,2.0,1.7
5950,-31.0,0.0,0.0,-27.8,2.1,1.8
5951,-29.6,0.0,0.0,-26.5,3.0,2.5
5952,-10.5,0.0,0.0,3.6,3.4,2.8
5953,5.3,0.0,0.0,5.3,4.3,3.2
5954,6.3,0.0,0.0,6.2,5.3,3.9
5955,5.7,0.0,0.0,5.6,4.5,3.3
5956,7.7,0.0,0.0,7.6,6.6,4.8
5957,6.9,0.0,0.0,6.8,5.6,4.1
5958,7.3,0.0,0.0,7.0,5.9,4.2
5959,6.7,0.0,0.0,6.5,5.2,3.7
5960,6.3,0.0,0.0,6.1,4.7,3.3
5961,5.4,0.0,0.0,5.4,-5.0,-1.5
5962,4.6,0.0,0.0,4.7,-6.0,-2.2
5963,4.6,0.0,0.0,4.7,-6.2,-2.4
5964,4.5,0.0,0.0,4.6,-6.3,-2.5
5965,3.7,0.0,0.0,-1.1,-1.3,0.0
5966,3.2,0.0,0.0,-2.1,-8.2,-4.0
5967,2.9,0.0,0.0,-2.9,-8.7,-4.4
5968,2.7,0.0,0.0,-3.6,-9.1,-4.7
5969,3.5,0.0,0.0,-3.5,-8.4,-4.3
5970,3.9,0.0,0.0,-3.4,2.8,2.3
5971,4.6,0.0,0.0,-2.9,3.9,3.0
5972,5.6,0.0,0.0,-17.2,5.0,3.8
5973,5.9,0.0,0.0,-16.5,5.3,4.0
5974,6.1,0.0,0.0,-15.8,5.4,4.0
5975,6.0,0.0,0.0,-15.5,5.2,3.8
5976,6.2,0.0,0.0,6.2,5.3,3.9
5977,5.8,0.0,0.0,5.9,5.1,3.8
5978,5.6,0.0,0.0,5.7,4.8,3.6
5979,5.7,0.0,0.0,5.7,4.8,3.6
5980,5.8,0.0,0.0,5.8,4.8,3.5
5981,6.0,0.0,0.0,6.0,4.9,3.6
5982,6.0,0.0,0.0,6.0,4.8,3.5
5983,6.2,0.0,0.0,6.0,4.9,3.5
5984,5.9,0.0,0.0,5.8,4.5,3.2
5985,5.1,0.0,0.0,5.1,-5.6,-1.9
5986,4.3,0.0,0.0,4.4,-6.6,-2.7
5987,4.8,0.0,0.0,5.0,-6.1,-2.4
5988,3.0,0.0,0.0,3.3,-8.2,-4.0
5989,3.8,0.0,0.0,-2.0,-1.3,0.0
5990,2.2,0.0,0.0,-3.6,-9.6,-5.0
5991,2.6,0.0,0.0,-4.1,-9.3,-4.9
5992,-4.1,0.0,0.0,-3.3,-7.6,-3.8
5993,-5.3,0.0,0.0,-4.4,-9.0,-4.7
5994,-5.8,0.0,0.0,-4.9,2.0,1.8
5995,-6.0,0.0,0.0,-5.0,3.0,2.3
5996,-22.1,0.0,0.0,-20.4,3.6,2.8
5997,-21.8,0.0,0.0,-20.1,3.6,2.8
5998,-21.2,0.0,0.0,-19.6,3.9,3.0
5999,-20.6,0.0,0.0,-19.1,4.1,3.1
6000,-4.3,0.0,0.0,4.6,3.8,2.9
6001,4.1,0.0,0.0,4.4,4.0,3.2
6002,5.3,0.0,0.0,5.6,5.2,4.1
6003,5.0,0.0,0.0,5.2,4.7,3.6
6004,5.9,0.0,0.0,6.1,5.5,4.2
6005,5.3,0.0,0.0,5.4,4.7,3.5
6006,5.6,0.0,0.0,5.7,4.9,3.7
6007,5.4,0.0,0.0,5.5,4.5,3.4
6008,5.0,0.0,0.0,5.1,4.0,3.0
6009,4.7,0.0,0.0,4.8,3.8,2.8
6010,3.5,0.0,0.0,3.7,2.3,1.7
6011,2.9,0.0,0.0,3.2,1.7,1.3
6012,1.9,0.0,0.0,2.5,0.6,0.5
6013,0.3,0.0,0.0,-6.8,0.0,0.0
6014,0.2,0.0,0.0,-7.9,-0.0,0.0
6015,0.0,0.0,0.0,-9.2,-0.9,-0.2
6016,-13.3,0.0,0.0,-11.1,-5.1,-1.7
6017,-15.4,0.0,0.0,-13.4,-3.6,-1.8
6018,-16.5,0.0,0.0,-14.8,-8.7,-2.5
6019,-18.2,0.0,0.0,-15.8,2.2,2.2
6020,-35.7,0.0,0.0,-31.1,3.5,3.2
6021,-33.6,0.0,0.0,-29.5,4.0,3.5
6022,-31.0,0.0,0.0,-27.1,5.1,4.3
6023,-28.3,0.0,0.0,-24.9,5.9,4.8
6024,-7.9,0.0,0.0,6.3,6.4,5.1
6025,7.8,0.0,0.0,7.9,7.3,5.6
6026,8.2,0.0,0.0,8.3,7.5,5.7
6027,7.9,0.0,0.0,7.9,7.0,5.2
6028,7.7,0.0,0.0,7.6,6.6,4.9
6029,7.3,0.0,0.0,7.2,6.1,4.5
6030,7.0,0.0,0.0,6.9,5.7,4.1
6031,6.9,0.0,0.0,6.7,5.5,3.9
6032,6.4,0.0,0.0,6.3,4.8,3.4
6033,5.5,0.0,0.0,5.5,3.9,2.7
6034,4.4,0.0,0.0,4.5,2.7,1.9
6035,3.1,0.0,0.0,3.4,1.3,0.9
6036,2.6,0.0,0.0,3.0,1.0,0.7
6037,2.4,0.0,0.0,-3.2,1.0,0.7
6038,1.8,0.0,0.0,-4.4,0.5,0.4
6039,1.1,0.0,0.0,-5.7,0.0,0.0
6040,-7.7,0.0,0.0,-6.6,0.2,0.3
6041,-8.8,0.0,0.0,-7.6,0.5,0.6
6042,-8.9,0.0,0.0,-7.7,1.2,1.3
6043,-8.5,0.0,0.0,-7.2,2.9,2.4
6044,-24.9,0.0,0.0,-22.6,3.6,2.9
6045,-23.5,0.0,0.0,-21.3,4.4,3.5
6046,-21.9,0.0,0.0,-19.9,5.2,4.0
6047,-20.4,0.0,0.0,-18.6,5.7,4.4
6048,-2.5,0.0,0.0,6.7,6.1,4.6
6049,5.5,0.0,0.0,5.9,5.7,4.5
6050,6.3,0.0,0.0,6.6,6.3,5.0
6051,7.4,0.0,0.0,7.7,7.3,5.6
6052,8.2,0.0,0.0,8.4,7.9,6.0
6053,8.8,0.0,0.0,8.9,8.2,6.3
6054,9.2,0.0,0.0,9.2,8.5,6.4
6055,9.1,0.0,0.0,9.0,8.1,6.0
6056,6.7,0.0,0.0,6.6,5.2,3.8
6057,4.6,0.0,0.0,4.5,-6.5,-2.6
6058,2.1,0.0,0.0,2.0,-9.6,-4.9
6059,0.0,0.0,0.0,0.0,-12.7,-7.3
6060,0.0,0.0,0.0,0.0,-15.8,-10.1
6061,-2.7,0.0,0.0,-12.2,-10.6,-6.7
6062,-3.2,0.0,0.0,-12.5,-16.9,-10.7
6063,-3.6,0.0,0.0,-12.9,-17.3,-10.7
6064,-2.7,0.0,0.0,-12.7,-15.6,-9.8
6065,-2.4,0.0,0.0,-12.5,-15.1,-9.4
6066,-5.4,0.0,0.0,-16.0,-3.1,0.2
6067,0.0,0.0,0.0,-15.0,1.1,1.2
6068,0.9,0.0,0.0,-30.8,1.9,1.9
6069,1.4,0.0,0.0,-29.8,2.4,2.2
6070,2.0,0.0,0.0,-28.7,2.8,2.5
6071,2.7,0.0,0.0,-27.3,3.5,3.0
6072,3.6,0.0,0.0,4.2,4.2,3.5
6073,6.6,0.0,0.0,6.5,5.3,3.8
6074,6.1,0.0,0.0,5.9,4.6,3.3
6075,6.3,0.0,0.0,6.1,4.8,3.4
6076,6.1,0.0,0.0,5.9,4.5,3.2
6077,6.5,0.0,0.0,6.3,4.9,3.5
6078,7.1,0.0,0.0,6.8,5.5,3.9
6079,7.0,0.0,0.0,6.7,5.3,3.8
6080,6.2,0.0,0.0,6.0,4.4,3.0
6081,4.2,0.0,0.0,4.0,-6.3,-2.3
6082,4.1,0.0,0.0,4.2,-6.5,-2.5
6083,4.7,0.0,0.0,4.8,-6.0,-2.2
6084,4.8,0.0,0.0,4.9,-5.9,-2.2
6085,5.2,0.0,0.0,0.0,0.0,0.0
6086,5.0,0.0,0.0,0.0,-5.8,-2.1
6087,4.7,0.0,0.0,-0.2,-6.1,-2.4
6088,3.9,0.0,0.0,-1.1,-7.2,-3.2
6089,3.8,0.0,0.0,-1.7,-8.3,-3.6
6090,4.0,0.0,0.0,-2.5,0.0,1.7
6091,4.9,0.0,0.0,-2.8,4.4,3.3
6092,6.8,0.0,0.0,-16.2,6.3,4.8
6093,7.4,0.0,0.0,-14.8,6.8,5.1
6094,9.0,0.0,0.0,-12.4,8.3,6.2
6095,9.9,0.0,0.0,-10.3,9.0,6.7
6096,10.2,0.0,0.0,10.1,9.1,6.7
6097,10.4,0.0,0.0,10.3,9.4,7.1
6098,11.0,0.0,0.0,10.9,9.9,7.4
6099,11.7,0.0,0.0,11.5,10.3,7.7
6100,12.0,0.0,0.0,11.7,10.4,7.7
6101,12.7,0.0,0.0,12.4,11.0,8.1
6102,13.1,0.0,0.0,12.7,11.2,8.2
6103,12.7,0.0,0.0,12.2,10.5,7.6
6104,9.7,0.0,0.0,9.1,7.0,4.8
6105,6.5,0.0,0.0,5.7,-2.6,0.0
6106,4.6,0.0,0.0,4.0,-5.2,-1.0
6107,3.4,0.0,0.0,3.0,-7.2,-2.5
6108,2.2,0.0,0.0,2.5,-8.6,-3.8
6109,3.5,0.0,0.0,-0.5,-1.2,0.0
6110,2.2,0.0,0.0,-2.3,-9.1,-4.5
6111,1.5,0.0,0.0,-3.8,-10.4,-5.3
6112,-4.9,0.0,0.0,-3.9,-8.7,-4.5
6113,-5.4,0.0,0.0,-4.3,-8.9,-4.6
6114,-5.9,0.0,0.0,-5.0,0.3,1.7
6115,-6.1,0.0,0.0,-4.9,4.0,3.2
6116,-21.8,0.0,0.0,-19.8,4.8,3.8
6117,-20.3,0.0,0.0,-18.5,5.5,4.3
6118,-18.7,0.0,0.0,-17.1,6.0,4.7
6119,-16.5,0.0,0.0,-15.2,7.1,5.4
6120,0.0,0.0,0.0,8.6,7.9,6.0
6121,8.2,0.0,0.0,8.4,7.9,6.1
6122,8.5,0.0,0.0,8.6,8.0,6.1
6123,9.9,0.0,0.0,9.9,9.2,7.0
6124,10.8,0.0,0.0,10.8,9.9,7.5
6125,11.5,0.0,0.0,11.4,10.4,7.8
6126,12.2,0.0,0.0,12.0,10.9,8.1
6127,11.9,0.0,0.0,11.6,10.3,7.6
6128,8.2,0.0,0.0,7.8,6.0,4.2
6129,5.2,0.0,0.0,4.6,-4.9,-1.0
6130,3.2,0.0,0.0,2.7,-7.6,-3.0
6131,1.6,0.0,0.0,1.4,-9.9,-4.8
6132,0.4,0.0,0.0,0.7,-11.9,-6.3
6133,0.0,0.0,0.0,-7.4,-7.7,-4.0
6134,-1.8,0.0,0.0,-10.7,-15.9,-9.7
6135,-2.1,0.0,0.0,-11.1,-16.3,-9.6
6136,-2.1,0.0,0.0,-11.5,-17.1,-9.6
6137,-5.0,0.0,0.0,-15.1,-19.3,-11.2
6138,-5.4,0.0,0.0,-15.7,0.2,0.6
6139,1.4,0.0,0.0,-13.5,2.6,2.4
6140,3.4,0.0,0.0,-27.9,4.6,4.0
6141,3.7,0.0,0.0,-26.4,4.7,4.0
6142,5.8,0.0,0.0,-23.3,6.6,5.4
6143,6.9,0.0,0.0,-20.8,7.4,5.9
6144,7.8,0.0,0.0,8.3,8.1,6.3
6145,7.0,0.0,0.0,7.6,7.8,6.3
6146,7.6,0.0,0.0,8.1,8.1,6.4
6147,7.9,0.0,0.0,8.3,8.1,6.4
6148,9.1,0.0,0.0,9.4,9.1,7.0
6149,9.5,0.0,0.0,9.6,9.1,7.0
6150,9.5,0.0,0.0,9.5,8.8,6.7
6151,9.3,0.0,0.0,9.3,8.4,6.3
6152,7.3,0.0,0.0,7.1,5.8,4.3
6153,4.9,0.0,0.0,4.7,-6.4,-2.6
6154,2.3,0.0,0.0,2.1,-9.6,-4.9
6155,0.0,0.0,0.0,0.0,-13.0,-7.4
6156,0.0,0.0,0.0,0.0,-15.8,-10.0
6157,-2.5,0.0,0.0,-12.1,-10.3,-6.5
6158,-3.4,0.0,0.0,-12.8,-17.1,-10.8
6159,-3.6,0.0,0.0,-13.0,-17.4,-10.7
6160,-16.3,0.0,0.0,-13.6,-17.8,-10.7
6161,-16.5,0.0,0.0,-13.7,-17.3,-10.2
6162,-16.0,0.0,0.0,-13.0,-1.3,-0.4
6163,-20.4,0.0,0.0,-17.9,1.3,1.6
6164,-39.0,0.0,0.0,-34.1,2.0,2.1
6165,-37.7,0.0,0.0,-33.1,2.1,2.1
6166,-35.9,0.0,0.0,-31.5,2.8,2.6
6167,-35.1,0.0,0.0,-30.9,2.4,2.2
6168,-15.5,0.0,0.0,1.9,2.0,1.9
6169,3.4,0.0,0.0,3.6,2.8,2.1
6170,3.9,0.0,0.0,4.0,3.2,2.4
6171,4.1,0.0,0.0,4.2,3.4,2.5
6172,4.1,0.0,0.0,4.2,3.3,2.5
6173,4.1,0.0,0.0,4.1,3.2,2.3
6174,4.4,0.0,0.0,4.4,3.5,2.5
6175,4.3,0.0,0.0,4.3,3.3,2.4
6176,4.1,0.0,0.0,4.1,3.1,2.2
6177,3.3,0.0,0.0,3.4,2.3,1.6
6178,2.7,0.0,0.0,3.0,1.7,1.2
6179,2.6,0.0,0.0,2.9,1.7,1.2
6180,1.3,0.0,0.0,1.7,0.2,0.1
6181,1.8,0.0,0.0,-6.2,1.1,0.8
6182,2.2,0.0,0.0,-6.2,1.6,1.2
6183,1.5,0.0,0.0,-7.0,0.9,0.7
6184,-8.2,0.0,0.0,-7.2,1.2,1.0
6185,-8.0,0.0,0.0,-7.0,2.2,1.7
6186,-7.9,0.0,0.0,-6.8,2.7,2.1
6187,-7.7,0.0,0.0,-6.6,3.0,2.4
6188,-24.4,0.0,0.0,-22.3,3.1,2.5
6189,-23.8,0.0,0.0,-21.8,3.4,2.6
6190,-22.4,0.0,0.0,-20.5,4.4,3.4
6191,-21.1,0.0,0.0,-19.4,5.0,3.8
6192,-2.7,0.0,0.0,6.7,6.1,4.7
6193,7.7,0.0,0.0,7.7,7.0,5.3
6194,7.9,0.0,0.0,7.9,7.1,5.3
6195,8.6,0.0,0.0,8.5,7.6,5.7
6196,8.9,0.0,0.0,8.7,7.7,5.7
6197,9.2,0.0,0.0,9.0,7.9,5.8
6198,9.6,0.0,0.0,9.4,8.2,6.0
6199,9.6,0.0,0.0,9.3,8.0,5.8
6200,8.2,0.0,0.0,7.9,6.3,4.5
6201,6.7,0.0,0.0,6.5,4.6,3.2
6202,5.7,0.0,0.0,5.7,3.6,2.5
6203,5.8,0.0,0.0,5.9,4.1,2.9
6204,5.2,0.0,0.0,5.3,3.5,2.4
6205,4.4,0.0,0.0,0.0,2.7,1.8
6206,3.6,0.0,0.0,-0.3,2.0,1.4
6207,3.3,0.0,0.0,-1.2,1.9,1.3
6208,-0.8,0.0,0.0,-0.4,3.8,2.8
6209,-1.2,0.0,0.0,-0.7,3.8,2.8
6210,-1.6,0.0,0.0,-1.1,3.7,2.7
6211,-1.8,0.0,0.0,-1.3,3.8,2.8
6212,-17.9,0.0,0.0,-17.0,3.5,2.6
6213,-18.1,0.0,0.0,-17.2,3.4,2.5
6214,-18.9,0.0,0.0,-17.9,2.8,2.0
6215,-19.4,0.0,0.0,-18.4,2.6,1.9
6216,-4.1,0.0,0.0,3.5,2.5,1.9
6217,2.6,0.0,0.0,2.9,2.3,1.8
6218,2.6,0.0,0.0,2.9,2.2,1.8
6219,3.2,0.0,0.0,3.4,2.7,2.1
6220,3.9,0.0,0.0,4.1,3.4,2.6
6221,4.5,0.0,0.0,4.6,3.9,3.0
6222,4.5,0.0,0.0,4.6,3.9,2.9
6223,4.9,0.0,0.0,4.9,4.1,3.1
6224,4.2,0.0,0.0,4.3,3.2,2.4
6225,2.7,0.0,0.0,2.7,-9.5,-5.1
6226,2.0,0.0,0.0,2.3,-10.4,-5.8
6227,1.4,0.0,0.0,2.0,-11.2,-6.5
6228,0.8,0.0,0.0,1.5,-12.2,-7.3
6229,0.4,0.0,0.0,-8.7,-6.6,-3.8
6230,0.2,0.0,0.0,-9.7,-13.3,-8.3
6231,-1.5,0.0,0.0,-10.8,-15.3,-9.1
6232,0.2,0.0,0.0,-11.6,-14.2,-8.9
6233,0.4,0.0,0.0,-12.1,-13.9,-8.9
6234,1.0,0.0,0.0,-11.6,1.5,1.4
6235,2.2,0.0,0.0,-10.5,2.7,2.3
6236,2.6,0.0,0.0,-26.1,3.1,2.6
6237,3.0,0.0,0.0,-25.2,3.4,2.8
6238,3.3,0.0,0.0,-24.4,3.6,2.9
6239,3.3,0.0,0.0,-23.8,3.5,2.8
6240,3.8,0.0,0.0,4.2,3.8,3.1
6241,4.9,0.0,0.0,5.1,4.5,3.5
6242,4.9,0.0,0.0,5.1,4.4,3.4
6243,5.5,0.0,0.0,5.6,4.9,3.7
6244,5.1,0.0,0.0,5.2,4.4,3.3
6245,5.3,0.0,0.0,5.3,4.5,3.3
6246,5.5,0.0,0.0,5.5,4.6,3.4
6247,5.5,0.0,0.0,5.5,4.5,3.3
6248,5.6,0.0,0.0,5.6,4.5,3.3
6249,5.0,0.0,0.0,5.1,-6.1,-2.5
6250,4.3,0.0,0.0,4.5,-6.9,-3.1
6251,3.9,0.0,0.0,4.2,-7.5,-3.5
6252,3.8,0.0,0.0,4.1,-7.7,-3.7
6253,3.3,0.0,0.0,-3.0,-2.2,-0.3
6254,1.6,0.0,0.0,-4.9,-10.4,-5.8
6255,0.7,0.0,0.0,-6.4,-11.9,-6.8
6256,0.2,0.0,0.0,-7.8,-13.9,-7.6
6257,1.0,0.0,0.0,-8.8,-12.1,-7.3
6258,2.0,0.0,0.0,-8.3,2.0,1.6
6259,3.3,0.0,0.0,-7.0,3.4,2.7
6260,3.3,0.0,0.0,-22.7,3.2,2.6
6261,3.2,0.0,0.0,-22.5,3.1,2.4
6262,3.3,0.0,0.0,-22.2,3.1,2.5
6263,3.5,0.0,0.0,-21.7,3.3,2.6
6264,3.8,0.0,0.0,4.1,3.6,2.8
6265,5.4,0.0,0.0,5.3,4.3,3.2
6266,5.9,0.0,0.0,5.8,4.8,3.5
6267,6.3,0.0,0.0,6.2,5.1,3.8
6268,6.3,0.0,0.0,6.2,5.1,3.7
6269,6.9,0.0,0.0,6.8,5.6,4.1
6270,8.0,0.0,0.0,7.8,6.7,4.9
6271,8.4,0.0,0.0,8.2,7.0,5.1
6272,7.8,0.0,0.0,7.6,6.1,4.4
6273,4.7,0.0,0.0,4.2,-6.1,-2.2
6274,2.8,0.0,0.0,2.4,-8.6,-4.0
6275,2.7,0.0,0.0,2.9,-8.9,-4.4
6276,1.4,0.0,0.0,1.9,-10.5,-5.7
6277,1.5,0.0,0.0,-5.2,-4.6,-2.1
6278,1.9,0.0,0.0,-5.8,-10.4,-5.9
6279,0.8,0.0,0.0,-7.0,-12.1,-6.9
6280,-9.3,0.0,0.0,-7.7,-12.7,-7.1
6281,-9.8,0.0,0.0,-8.3,-11.5,-6.8
6282,-9.4,0.0,0.0,-8.0,2.8,2.3
6283,-8.1,0.0,0.0,-6.8,4.2,3.4
6284,-23.6,0.0,0.0,-21.3,5.2,4.1
6285,-21.8,0.0,0.0,-19.7,5.9,4.6
6286,-19.4,0.0,0.0,-17.6,6.9,5.3
6287,-17.2,0.0,0.0,-15.7,7.5,5.7
6288,0.0,0.0,0.0,8.8,8.2,6.2
6289,10.6,0.0,0.0,10.3,8.9,6.5
6290,10.8,0.0,0.0,10.5,9.0,6.6
6291,11.1,0.0,0.0,10.7,9.2,6.6
6292,11.7,0.0,0.0,11.2,9.6,7.0
6293,11.8,0.0,0.0,11.3,9.7,6.9
6294,12.2,0.0,0.0,11.7,9.9,7.1
6295,12.4,0.0,0.0,11.8,9.9,7.1
6296,10.3,0.0,0.0,9.7,7.6,5.3
6297,9.8,0.0,0.0,9.3,0.0,0.0
6298,8.8,0.0,0.0,8.4,0.0,0.0
6299,7.6,0.0,0.0,7.3,-0.7,0.0
6300,6.6,0.0,0.0,6.4,-2.1,0.0
6301,5.8,0.0,0.0,0.0,0.0,0.0
6302,3.2,0.0,0.0,0.0,-6.9,-1.9
6303,3.7,0.0,0.0,0.0,-6.5,-2.1
6304,3.5,0.0,0.0,0.0,-7.0,-2.7
6305,3.5,0.0,0.0,-0.4,-7.6,-3.0
6306,4.3,0.0,0.0,-0.3,3.2,2.3
6307,6.6,0.0,0.0,0.0,5.7,4.2
6308,7.9,0.0,0.0,-11.9,6.9,5.2
6309,8.7,0.0,0.0,-10.5,7.6,5.7
6310,9.3,0.0,0.0,-9.1,8.1,6.0
6311,9.8,0.0,0.0,-7.8,8.5,6.2
6312,10.2,0.0,0.0,10.0,8.8,6.4
6313,8.4,0.0,0.0,8.7,8.3,6.5
6314,9.0,0.0,0.0,9.2,8.6,6.7
6315,9.3,0.0,0.0,9.4,8.8,6.7
6316,9.1,0.0,0.0,9.2,8.3,6.3
6317,9.4,0.0,0.0,9.3,8.4,6.3
6318,9.7,0.0,0.0,9.6,8.5,6.3
6319,10.1,0.0,0.0,10.0,8.8,6.5
6320,8.6,0.0,0.0,8.3,6.8,4.9
6321,6.4,0.0,0.0,6.0,-3.9,-0.3
6322,4.3,0.0,0.0,3.9,-6.5,-2.3
6323,2.8,0.0,0.0,2.6,-8.7,-3.9
6324,1.1,0.0,0.0,1.3,-11.1,-5.7
6325,0.0,0.0,0.0,-6.5,-6.8,-3.3
6326,0.0,0.0,0.0,-8.5,-14.1,-8.2
6327,-1.5,0.0,0.0,-10.8,-15.5,-9.4
6328,-13.4,0.0,0.0,-11.4,-16.1,-9.4
6329,-13.5,0.0,0.0,-11.4,-15.5,-8.9
6330,-16.6,0.0,0.0,-14.5,0.4,0.7
6331,-14.3,0.0,0.0,-12.3,3.2,2.9
6332,-30.9,0.0,0.0,-27.1,4.5,3.9
6333,-28.8,0.0,0.0,-25.4,5.0,4.2
6334,-27.3,0.0,0.0,-24.2,4.9,4.0
6335,-26.8,0.0,0.0,-24.0,3.9,3.2
6336,-9.0,0.0,0.0,3.7,3.4,2.8
6337,4.3,0.0,0.0,4.5,3.7,2.8
6338,4.5,0.0,0.0,4.7,3.8,2.9
6339,3.8,0.0,0.0,3.9,3.0,2.2
6340,3.6,0.0,0.0,3.6,2.7,2.0
6341,3.6,0.0,0.0,3.6,2.6,1.9
6342,3.8,0.0,0.0,3.8,2.8,2.1
6343,3.7,0.0,0.0,3.7,2.7,1.9
6344,3.7,0.0,0.0,3.8,2.6,1.9
6345,3.2,0.0,0.0,3.4,2.2,1.6
6346,3.1,0.0,0.0,3.4,2.2,1.6
6347,4.8,0.0,0.0,5.0,4.1,3.0
6348,4.3,0.0,0.0,4.6,3.3,2.5
6349,4.3,0.0,0.0,-2.5,3.4,2.5
6350,3.3,0.0,0.0,-3.4,2.2,1.7
6351,1.8,0.0,0.0,-4.9,0.2,0.5
6352,-7.4,0.0,0.0,-6.0,0.0,0.6
6353,-8.2,0.0,0.0,-7.0,0.0,1.2
6354,-8.7,0.0,0.0,-7.3,3.0,2.5
6355,-7.5,0.0,0.0,-6.2,4.2,3.4
6356,-23.5,0.0,0.0,-21.2,4.7,3.7
6357,-22.5,0.0,0.0,-20.5,4.7,3.6
6358,-21.3,0.0,0.0,-19.5,5.0,3.8
6359,-20.4,0.0,0.0,-18.8,4.9,3.8
6360,-3.3,0.0,0.0,5.7,5.0,3.8
6361,5.6,0.0,0.0,5.6,4.7,3.5
6362,5.7,0.0,0.0,5.7,4.8,3.5
6363,6.3,0.0,0.0,6.3,5.3,3.9
6364,6.6,0.0,0.0,6.5,5.5,4.0
6365,6.7,0.0,0.0,6.6,5.5,4.0
6366,6.9,0.0,0.0,6.8,5.7,4.1
6367,6.7,0.0,0.0,6.6,5.3,3.9
6368,6.5,0.0,0.0,6.3,4.9,3.5
6369,5.7,0.0,0.0,5.7,4.2,3.0
6370,5.3,0.0,0.0,5.3,3.8,2.7
6371,4.6,0.0,0.0,4.6,3.0,2.1
6372,2.2,0.0,0.0,2.1,0.0,0.0
6373,2.3,0.0,0.0,-3.6,0.7,0.7
6374,2.3,0.0,0.0,-4.4,1.0,0.9
6375,3.3,0.0,0.0,-4.2,2.6,2.0
6376,-3.9,0.0,0.0,-3.0,4.2,3.2
6377,-3.5,0.0,0.0,-2.6,4.5,3.4
6378,-3.2,0.0,0.0,-2.4,4.6,3.5
6379,-2.9,0.0,0.0,-2.1,4.7,3.5
6380,-18.5,0.0,0.0,-17.2,4.7,3.5
6381,-18.0,0.0,0.0,-16.9,4.6,3.5
6382,-18.0,0.0,0.0,-17.0,4.2,3.1
6383,-18.3,0.0,0.0,-17.3,3.6,2.7
6384,-3.0,0.0,0.0,4.2,3.2,2.4
6385,3.0,0.0,0.0,3.3,2.7,2.2
6386,3.1,0.0,0.0,3.3,2.8,2.2
6387,3.1,0.0,0.0,3.3,2.7,2.1
6388,3.3,0.0,0.0,3.5,2.8,2.2
6389,3.5,0.0,0.0,3.6,2.9,2.2
6390,3.5,0.0,0.0,3.6,2.8,2.2
6391,3.4,0.0,0.0,3.5,2.7,2.0
6392,3.1,0.0,0.0,3.3,2.3,1.7
6393,2.2,0.0,0.0,2.6,-9.8,-5.5
6394,0.7,0.0,0.0,0.9,-12.1,-7.1
6395,0.0,0.0,0.0,0.1,-13.7,-8.3
6396,0.4,0.0,0.0,1.1,-12.7,-7.9
6397,0.0,0.0,0.0,-10.3,-7.0,-4.4
6398,-1.0,0.0,0.0,-11.0,-13.8,-8.8
6399,0.3,0.0,0.0,-11.1,-13.2,-8.5
6400,0.4,0.0,0.0,-11.2,-13.2,-8.5
6401,1.2,0.0,0.0,-10.6,-12.3,-7.8
6402,1.5,0.0,0.0,-10.3,1.7,1.5
6403,1.6,0.0,0.0,-10.1,1.8,1.5
6404,1.6,0.0,0.0,-26.1,1.8,1.6
6405,1.6,0.0,0.0,-26.0,1.8,1.5
6406,1.7,0.0,0.0,-25.8,1.9,1.6
6407,2.0,0.0,0.0,-25.5,2.1,1.8
6408,3.2,0.0,0.0,3.7,3.4,2.7
6409,5.6,0.0,0.0,5.5,4.4,3.2
6410,5.6,0.0,0.0,5.5,4.3,3.1
6411,5.7,0.0,0.0,5.5,4.4,3.1
6412,5.8,0.0,0.0,5.6,4.4,3.2
6413,5.9,0.0,0.0,5.7,4.5,3.2
6414,5.9,0.0,0.0,5.7,4.5,3.2
6415,5.9,0.0,0.0,5.7,4.4,3.1
6416,5.9,0.0,0.0,5.7,4.4,3.1
6417,5.8,0.0,0.0,5.7,-4.5,-1.1
6418,5.7,0.0,0.0,5.7,-4.7,-1.2
6419,4.8,0.0,0.0,4.9,-5.9,-2.1
6420,4.7,0.0,0.0,4.8,-6.0,-2.2
6421,4.9,0.0,0.0,0.0,0.0,0.0
6422,4.2,0.0,0.0,-0.6,-6.7,-2.8
6423,4.8,0.0,0.0,-0.5,-6.1,-2.4
6424,5.0,0.0,0.0,-0.3,-5.8,-2.2
6425,5.3,0.0,0.0,-0.1,-5.6,-2.0
6426,5.4,0.0,0.0,0.0,4.3,3.1
6427,5.6,0.0,0.0,0.0,4.5,3.2
6428,5.7,0.0,0.0,-14.5,4.6,3.4
6429,6.0,0.0,0.0,-14.2,4.9,3.5
6430,5.9,0.0,0.0,-14.0,4.8,3.5
6431,5.9,0.0,0.0,-13.9,4.8,3.5
6432,6.1,0.0,0.0,6.0,4.9,3.5
6433,6.3,0.0,0.0,6.2,5.0,3.6
6434,6.5,0.0,0.0,6.3,5.0,3.6
6435,6.6,0.0,0.0,6.4,5.1,3.7
6436,6.7,0.0,0.0,6.5,5.1,3.7
6437,6.7,0.0,0.0,6.5,5.2,3.7
6438,6.8,0.0,0.0,6.6,5.2,3.7
6439,6.9,0.0,0.0,6.6,5.2,3.7
6440,6.7,0.0,0.0,6.5,5.0,3.5
6441,6.5,0.0,0.0,6.4,-3.3,-0.0
6442,6.0,0.0,0.0,5.9,-3.9,-0.5
6443,5.6,0.0,0.0,5.5,-4.5,-0.9
6444,5.3,0.0,0.0,5.3,-4.8,-1.2
6445,5.8,0.0,0.0,0.0,0.0,0.0
6446,5.8,0.0,0.0,0.0,-4.5,-1.0
6447,5.4,0.0,0.0,0.0,-5.0,-1.4
6448,0.0,0.0,0.0,0.0,-5.0,-1.4
6449,-0.2,0.0,0.0,0.0,-6.3,-2.3
6450,-0.0,0.0,0.0,0.0,4.3,3.1
6451,0.0,0.0,0.0,0.0,5.0,3.7
6452,-14.6,0.0,0.0,-14.0,5.1,3.7
6453,-14.2,0.0,0.0,-13.7,5.2,3.8
6454,-13.6,0.0,0.0,-13.2,5.5,4.0
6455,-13.1,0.0,0.0,-12.8,5.5,4.0
6456,0.0,0.0,0.0,6.7,5.6,4.0
6457,8.5,0.0,0.0,8.1,6.3,4.4
6458,8.9,0.0,0.0,8.5,6.7,4.7
6459,8.8,0.0,0.0,8.3,6.5,4.6
6460,8.8,0.0,0.0,8.3,6.5,4.6
6461,9.1,0.0,0.0,8.6,6.8,4.8
6462,9.2,0.0,0.0,8.7,6.9,4.8
6463,9.4,0.0,0.0,8.9,7.0,4.9
6464,8.9,0.0,0.0,8.5,6.5,4.5
6465,8.4,0.0,0.0,8.0,-0.1,0.0
6466,7.7,0.0,0.0,7.5,-0.9,0.0
6467,7.4,0.0,0.0,7.2,-1.5,0.0
6468,9.0,0.0,0.0,8.7,0.0,0.0
6469,8.3,0.0,0.0,0.0,0.2,0.6
6470,7.9,0.0,0.0,0.0,-1.0,0.0
6471,8.1,0.0,0.0,0.0,-0.7,0.0
6472,8.3,0.0,0.0,0.0,-0.6,0.0
6473,8.4,0.0,0.0,0.0,-0.5,0.0
6474,8.7,0.0,0.0,0.0,6.8,4.8
6475,9.0,0.0,0.0,0.0,7.1,5.0
6476,9.2,0.0,0.0,-5.2,7.2,5.1
6477,9.3,0.0,0.0,-4.9,7.3,5.2
6478,9.3,0.0,0.0,-4.7,7.3,5.2
6479,9.2,0.0,0.0,-4.6,7.2,5.1
6480,9.5,0.0,0.0,9.1,7.4,5.2
6481,8.4,0.0,0.0,8.3,7.0,5.2
6482,8.7,0.0,0.0,8.6,7.3,5.3
6483,8.9,0.0,0.0,8.7,7.4,5.4
6484,9.5,0.0,0.0,9.3,7.9,5.7
6485,9.9,0.0,0.0,9.6,8.1,5.9
6486,10.3,0.0,0.0,9.9,8.4,6.1
6487,10.8,0.0,0.0,10.4,8.8,6.4
6488,10.2,0.0,0.0,9.8,8.0,5.7
6489,8.6,0.0,0.0,8.0,-0.6,0.0
6490,6.9,0.0,0.0,6.2,-2.9,0.0
6491,5.4,0.0,0.0,5.0,-4.9,-0.6
6492,4.9,0.0,0.0,5.0,-5.4,-1.3
6493,3.7,0.0,0.0,0.0,-1.4,0.0
6494,3.2,0.0,0.0,-0.5,-8.2,-3.3
6495,5.0,0.0,0.0,-0.4,-6.0,-2.2
6496,-0.9,0.0,0.0,-0.3,-5.7,-2.0
6497,-1.5,0.0,0.0,-0.7,-6.7,-2.5
6498,-1.3,0.0,0.0,-0.6,4.7,3.6
6499,-1.0,0.0,0.0,-0.4,5.0,3.8
6500,-15.6,0.0,0.0,-14.7,5.7,4.3
6501,-14.7,0.0,0.0,-14.0,5.9,4.5
6502,-14.0,0.0,0.0,-13.4,6.0,4.5
6503,-13.3,0.0,0.0,-12.8,6.0,4.5
6504,0.0,0.0,0.0,7.1,6.0,4.4
6505,7.4,0.0,0.0,7.3,6.1,4.5
6506,7.5,0.0,0.0,7.4,6.1,4.5
6507,7.7,0.0,0.0,7.6,6.2,4.5
6508,7.8,0.0,0.0,7.6,6.3,4.6
6509,8.0,0.0,0.0,7.7,6.3,4.6
6510,8.1,0.0,0.0,7.8,6.4,4.6
6511,8.3,0.0,0.0,8.0,6.5,4.7
6512,7.9,0.0,0.0,7.6,6.0,4.2
6513,7.1,0.0,0.0,7.0,5.2,3.6
6514,7.0,0.0,0.0,6.9,5.2,3.7
6515,7.2,0.0,0.0,7.1,5.5,3.9
6516,7.0,0.0,0.0,6.9,5.3,3.7
6517,6.6,0.0,0.0,0.0,4.8,3.4
6518,4.9,0.0,0.0,0.0,2.8,2.0
6519,4.4,0.0,0.0,0.0,2.5,1.8
6520,0.0,0.0,0.0,0.0,2.7,2.0
6521,-0.3,0.0,0.0,0.0,2.6,2.1
6522,-0.3,0.0,0.0,0.0,4.2,3.1
6523,0.0,0.0,0.0,0.0,4.9,3.7
6524,-14.5,0.0,0.0,-13.9,5.5,4.1
6525,-14.1,0.0,0.0,-13.6,5.3,4.0
6526,-13.7,0.0,0.0,-13.3,5.4,4.0
6527,-13.2,0.0,0.0,-12.8,5.6,4.1
6528,0.0,0.0,0.0,7.0,5.9,4.3
6529,8.4,0.0,0.0,8.0,6.3,4.4
6530,8.6,0.0,0.0,8.1,6.4,4.5
6531,8.5,0.0,0.0,8.1,6.4,4.5
6532,8.7,0.0,0.0,8.2,6.5,4.5
6533,8.7,0.0,0.0,8.3,6.5,4.5
6534,8.6,0.0,0.0,8.1,6.4,4.4
6535,8.7,0.0,0.0,8.2,6.4,4.5
6536,8.8,0.0,0.0,8.3,6.5,4.5
6537,8.5,0.0,0.0,8.2,6.3,4.4
6538,7.8,0.0,0.0,7.5,5.4,3.8
6539,6.6,0.0,0.0,6.5,4.2,2.8
6540,6.5,0.0,0.0,6.5,4.0,2.8
6541,4.3,0.0,0.0,0.0,0.8,1.0
6542,6.0,0.0,0.0,0.0,4.1,3.0
6543,7.6,0.0,0.0,0.0,6.1,4.5
6544,0.0,0.0,0.0,0.0,7.0,5.1
6545,0.0,0.0,0.0,0.0,6.3,4.7
6546,0.0,0.0,0.0,0.0,6.7,4.9
6547,0.0,0.0,0.0,0.0,7.3,5.3
6548,-7.1,0.0,0.0,-7.6,7.4,5.3
6549,-6.1,0.0,0.0,-6.8,7.7,5.5
6550,-5.3,0.0,0.0,-6.1,7.8,5.6
6551,-4.6,0.0,0.0,-5.6,7.8,5.6
6552,1.2,0.0,0.0,9.8,8.2,5.9
6553,10.0,0.0,0.0,9.7,8.2,6.0
6554,9.9,0.0,0.0,9.5,8.0,5.8
6555,9.9,0.0,0.0,9.6,7.9,5.7
6556,10.0,0.0,0.0,9.6,7.9,5.6
6557,10.1,0.0,0.0,9.6,7.9,5.7
6558,10.1,0.0,0.0,9.7,7.9,5.6
6559,10.1,0.0,0.0,9.6,7.8,5.6
6560,10.1,0.0,0.0,9.6,7.8,5.5
6561,9.7,0.0,0.0,9.3,0.0,0.0
6562,9.6,0.0,0.0,9.2,0.0,0.0
6563,9.2,0.0,0.0,8.8,0.0,0.0
6564,8.8,0.0,0.0,8.5,0.0,0.0
6565,8.3,0.0,0.0,0.0,0.0,0.5
6566,7.7,0.0,0.0,0.0,-0.8,0.0
6567,6.4,0.0,0.0,0.0,-2.2,0.0
6568,5.0,0.0,0.0,0.0,-4.2,-0.2
6569,4.8,0.0,0.0,0.0,-5.7,-0.8
6570,5.2,0.0,0.0,0.0,3.5,2.4
6571,6.2,0.0,0.0,0.0,4.7,3.3
6572,6.3,0.0,0.0,-11.1,4.8,3.5
6573,7.3,0.0,0.0,-10.2,5.9,4.3
6574,8.0,0.0,0.0,-9.4,6.6,4.8
6575,8.6,0.0,0.0,-8.4,7.2,5.3
6576,8.9,0.0,0.0,8.8,7.4,5.4
6577,7.9,0.0,0.0,7.9,6.8,5.1
6578,8.5,0.0,0.0,8.5,7.4,5.5
6579,9.0,0.0,0.0,8.9,7.7,5.7
6580,9.3,0.0,0.0,9.2,7.9,5.8
6581,10.6,0.0,0.0,10.4,9.1,6.7
6582,11.1,0.0,0.0,10.8,9.5,6.9
6583,10.9,0.0,0.0,10.6,9.1,6.6
6584,9.3,0.0,0.0,8.9,7.1,5.1
6585,7.5,0.0,0.0,6.9,-1.9,0.0
6586,5.8,0.0,0.0,5.3,-4.1,-0.2
6587,4.2,0.0,0.0,3.9,-6.4,-1.8
6588,3.0,0.0,0.0,3.0,-8.1,-3.2
6589,2.8,0.0,0.0,-1.2,-2.4,0.0
6590,2.8,0.0,0.0,-2.2,-8.7,-4.1
6591,2.2,0.0,0.0,-3.3,-10.0,-4.7
6592,3.4,0.0,0.0,-3.7,-8.4,-4.2
6593,3.9,0.0,0.0,-3.6,-8.0,-3.9
6594,4.4,0.0,0.0,-3.1,4.0,3.1
6595,5.2,0.0,0.0,-2.2,4.8,3.7
6596,5.5,0.0,0.0,-17.0,5.0,3.8
6597,5.6,0.0,0.0,-16.5,5.0,3.8
6598,5.6,0.0,0.0,-16.1,5.0,3.8
6599,5.9,0.0,0.0,-15.4,5.2,4.0
6600,6.5,0.0,0.0,6.7,5.8,4.3
6601,6.5,0.0,0.0,6.7,6.1,4.7
6602,7.2,0.0,0.0,7.4,6.7,5.1
6603,7.4,0.0,0.0,7.5,6.7,5.1
6604,7.7,0.0,0.0,7.7,6.8,5.1
6605,7.5,0.0,0.0,7.5,6.4,4.8
6606,7.4,0.0,0.0,7.3,6.2,4.6
6607,7.3,0.0,0.0,7.2,6.0,4.4
6608,7.1,0.0,0.0,7.0,5.7,4.2
6609,6.7,0.0,0.0,6.6,-3.5,-0.2
6610,5.6,0.0,0.0,5.7,-4.6,-1.1
6611,3.7,0.0,0.0,3.9,-7.0,-2.8
6612,3.8,0.0,0.0,4.0,-6.9,-2.9
6613,3.5,0.0,0.0,-1.4,-1.3,0.0
6614,2.1,0.0,0.0,-3.0,-9.2,-4.6
6615,1.8,0.0,0.0,-4.0,-9.9,-5.2
6616,-6.2,0.0,0.0,-5.1,-10.8,-5.7
6617,-7.0,0.0,0.0,-6.0,-10.5,-5.7
6618,-7.3,0.0,0.0,-6.2,2.4,1.9
6619,-7.3,0.0,0.0,-6.2,2.9,2.3
6620,-24.0,0.0,0.0,-21.9,3.1,2.4
6621,-23.7,0.0,0.0,-21.7,3.1,2.5
6622,-23.4,0.0,0.0,-21.4,3.2,2.5
6623,-23.2,0.0,0.0,-21.3,3.1,2.5
6624,-6.1,0.0,0.0,4.1,3.5,2.7
6625,3.3,0.0,0.0,3.7,3.3,2.7
6626,3.3,0.0,0.0,3.6,3.2,2.5
6627,3.5,0.0,0.0,3.8,3.2,2.5
6628,4.1,0.0,0.0,4.3,3.7,2.9
6629,4.4,0.0,0.0,4.6,3.9,3.0
6630,4.6,0.0,0.0,4.8,4.1,3.1
6631,4.4,0.0,0.0,4.5,3.7,2.8
6632,4.0,0.0,0.0,4.0,3.1,2.3
6633,3.0,0.0,0.0,3.2,-9.1,-4.9
6634,1.6,0.0,0.0,1.7,-11.0,-6.3
6635,0.6,0.0,0.0,0.8,-12.6,-7.5
6636,-0.1,0.0,0.0,0.0,-14.5,-8.9
6637,-1.8,0.0,0.0,-11.7,-9.3,-5.8
6638,-3.1,0.0,0.0,-13.0,-15.8,-10.2
6639,-3.4,0.0,0.0,-13.5,-15.5,-10.2
6640,-3.7,0.0,0.0,-13.9,-15.6,-10.2
6641,-3.5,0.0,0.0,-13.9,-14.8,-9.8
6642,0.3,0.0,0.0,-13.5,0.9,1.0
6643,0.9,0.0,0.0,-12.8,1.6,1.5
6644,1.1,0.0,0.0,-28.9,1.8,1.7
6645,1.3,0.0,0.0,-28.4,1.9,1.7
6646,2.3,0.0,0.0,-27.1,2.9,2.4
6647,3.3,0.0,0.0,-25.6,3.8,3.1
6648,3.8,0.0,0.0,4.3,4.1,3.3
6649,5.7,0.0,0.0,5.7,4.8,3.5
6650,5.9,0.0,0.0,5.9,4.9,3.6
6651,5.9,0.0,0.0,5.8,4.7,3.5
6652,5.9,0.0,0.0,5.8,4.7,3.4
6653,6.2,0.0,0.0,6.0,4.9,3.6
6654,6.3,0.0,0.0,6.1,4.9,3.6
6655,6.5,0.0,0.0,6.3,5.1,3.6
6656,6.3,0.0,0.0,6.1,4.8,3.4
6657,5.9,0.0,0.0,5.8,-4.5,-1.1
6658,5.5,0.0,0.0,5.4,-5.0,-1.5
6659,5.5,0.0,0.0,5.5,-5.1,-1.5
6660,4.5,0.0,0.0,4.6,-6.2,-2.4
6661,3.1,0.0,0.0,-1.3,-2.0,0.0
6662,2.5,0.0,0.0,-2.6,-9.2,-4.5
6663,2.1,0.0,0.0,-3.9,-9.9,-5.1
6664,-5.9,0.0,0.0,-4.8,-11.6,-5.5
6665,-6.8,0.0,0.0,-5.9,-12.0,-5.6
6666,-7.4,0.0,0.0,-6.1,3.8,3.0
6667,-5.8,0.0,0.0,-4.7,5.1,4.0
6668,-21.2,0.0,0.0,-19.3,5.6,4.4
6669,-19.7,0.0,0.0,-18.0,6.0,4.6
6670,-18.3,0.0,0.0,-16.8,6.2,4.7
6671,-16.9,0.0,0.0,-15.6,6.4,4.8
6672,0.0,0.0,0.0,7.6,6.8,5.1
6673,7.0,0.0,0.0,7.2,6.7,5.1
6674,7.8,0.0,0.0,7.9,7.3,5.5
6675,8.2,0.0,0.0,8.2,7.5,5.6
6676,8.6,0.0,0.0,8.6,7.7,5.8
6677,8.9,0.0,0.0,8.8,7.8,5.8
6678,9.1,0.0,0.0,9.0,7.9,5.8
6679,9.3,0.0,0.0,9.1,7.9,5.8
6680,8.9,0.0,0.0,8.5,7.1,5.2
6681,7.0,0.0,0.0,6.4,4.8,3.5
6682,5.3,0.0,0.0,5.0,3.0,2.2
6683,3.5,0.0,0.0,3.1,0.8,0.8
6684,2.1,0.0,0.0,2.0,0.0,0.0
6685,1.2,0.0,0.0,-4.9,0.0,0.0
6686,0.5,0.0,0.0,-6.6,-0.0,0.0
6687,0.5,0.0,0.0,-7.9,-0.2,0.1
6688,-10.6,0.0,0.0,-9.0,-0.7,0.4
6689,-10.7,0.0,0.0,-9.2,1.8,1.8
6690,-10.1,0.0,0.0,-8.6,3.0,2.6
6691,-9.4,0.0,0.0,-7.9,3.6,3.0
6692,-26.1,0.0,0.0,-23.5,3.8,3.1
6693,-25.1,0.0,0.0,-22.6,4.0,3.2
6694,-24.2,0.0,0.0,-21.9,4.1,3.2
6695,-23.5,0.0,0.0,-21.3,4.1,3.2
6696,-5.8,0.0,0.0,4.8,4.3,3.4
6697,4.8,0.0,0.0,5.0,4.3,3.3
6698,4.9,0.0,0.0,5.0,4.3,3.2
6699,5.2,0.0,0.0,5.3,4.4,3.4
6700,5.3,0.0,0.0,5.4,4.5,3.4
6701,5.3,0.0,0.0,5.3,4.4,3.3
6702,5.4,0.0,0.0,5.4,4.4,3.3
6703,5.7,0.0,0.0,5.6,4.6,3.4
6704,5.4,0.0,0.0,5.4,4.2,3.0
6705,4.0,0.0,0.0,3.8,2.4,1.7
6706,2.8,0.0,0.0,2.9,1.2,0.9
6707,2.8,0.0,0.0,3.1,1.6,1.2
6708,3.7,0.0,0.0,4.0,2.8,2.1
6709,3.8,0.0,0.0,-3.2,3.0,2.2
6710,3.5,0.0,0.0,-3.6,2.7,2.0
6711,2.9,0.0,0.0,-4.3,2.1,1.6
6712,-5.3,0.0,0.0,-4.5,2.3,1.8
6713,-5.9,0.0,0.0,-5.0,2.3,1.8
6714,-6.3,0.0,0.0,-5.4,2.5,1.9
6715,-6.3,0.0,0.0,-5.4,2.8,2.2
6716,-22.9,0.0,0.0,-21.1,3.1,2.4
6717,-22.7,0.0,0.0,-21.0,3.0,2.3
6718,-22.5,0.0,0.0,-20.8,3.1,2.4
6719,-22.3,0.0,0.0,-20.6,3.2,2.4
6720,-5.1,0.0,0.0,4.5,3.8,2.9
6721,3.7,0.0,0.0,4.1,3.9,3.2
6722,4.0,0.0,0.0,4.4,4.1,3.3
6723,4.4,0.0,0.0,4.7,4.3,3.4
6724,4.8,0.0,0.0,5.0,4.6,3.6
6725,5.3,0.0,0.0,5.5,5.0,3.9
6726,5.9,0.0,0.0,6.1,5.5,4.2
6727,6.2,0.0,0.0,6.3,5.6,4.2
6728,5.9,0.0,0.0,6.0,5.1,3.8
6729,4.4,0.0,0.0,4.3,-7.6,-3.6
6730,2.3,0.0,0.0,2.0,-10.3,-5.6
6731,0.8,0.0,0.0,0.7,-12.4,-7.2
6732,0.0,0.0,0.0,0.0,-14.5,-8.7
6733,-2.0,0.0,0.0,-12.0,-10.0,-6.0
6734,-2.7,0.0,0.0,-12.4,-16.5,-10.2
6735,-3.3,0.0,0.0,-12.9,-17.0,-10.3
6736,-3.0,0.0,0.0,-13.0,-17.1,-10.0
6737,-1.9,0.0,0.0,-12.3,-15.4,-8.9
6738,-6.2,0.0,0.0,-16.9,0.7,1.0
6739,0.5,0.0,0.0,-15.5,1.8,1.8
6740,0.9,0.0,0.0,-31.7,2.0,2.0
6741,1.2,0.0,0.0,-30.7,2.3,2.1
6742,1.9,0.0,0.0,-29.4,2.9,2.5
6743,2.7,0.0,0.0,-27.9,3.5,3.0
6744,2.8,0.0,0.0,3.5,3.5,2.9
6745,3.8,0.0,0.0,4.2,3.9,3.2
6746,4.4,0.0,0.0,4.7,4.4,3.5
6747,4.6,0.0,0.0,4.9,4.4,3.5
6748,5.1,0.0,0.0,5.3,4.8,3.7
6749,5.3,0.0,0.0,5.5,4.9,3.7
6750,5.6,0.0,0.0,5.7,5.1,3.8
6751,5.8,0.0,0.0,5.9,5.1,3.8
6752,5.6,0.0,0.0,5.6,4.6,3.5
6753,4.7,0.0,0.0,4.9,-6.9,-3.2
6754,3.1,0.0,0.0,3.1,-9.0,-4.7
6755,1.6,0.0,0.0,1.6,-11.1,-6.2
6756,0.3,0.0,0.0,0.6,-12.8,-7.5
6757,0.0,0.0,0.0,-9.9,-8.2,-4.8
6758,-1.9,0.0,0.0,-11.6,-16.0,-9.8
6759,-2.4,0.0,0.0,-11.9,-16.2,-9.8
6760,-2.4,0.0,0.0,-12.4,-16.6,-9.7
6761,-1.7,0.0,0.0,-12.2,-17.0,-9.2
6762,-5.2,0.0,0.0,-16.0,1.0,1.3
6763,1.1,0.0,0.0,-14.4,2.3,2.2
6764,2.0,0.0,0.0,-29.9,3.1,2.7
6765,2.6,0.0,0.0,-28.4,3.5,3.0
6766,3.1,0.0,0.0,-27.1,3.9,3.3
6767,4.1,0.0,0.0,-25.3,4.7,3.8
6768,4.2,0.0,0.0,4.7,4.6,3.7
6769,5.4,0.0,0.0,5.7,5.2,4.1
6770,6.2,0.0,0.0,6.4,5.9,4.5
6771,6.5,0.0,0.0,6.6,6.0,4.6
6772,7.2,0.0,0.0,7.3,6.6,5.0
6773,7.4,0.0,0.0,7.4,6.6,4.9
6774,7.8,0.0,0.0,7.7,6.8,5.1
6775,7.7,0.0,0.0,7.6,6.6,4.9
6776,7.4,0.0,0.0,7.2,6.0,4.4
6777,6.4,0.0,0.0,6.4,-4.2,-0.9
6778,5.3,0.0,0.0,5.3,-5.6,-1.9
6779,3.4,0.0,0.0,3.3,-8.1,-3.7
6780,1.4,0.0,0.0,1.5,-10.7,-5.6
6781,0.0,0.0,0.0,-9.7,-8.0,-5.0
6782,0.0,0.0,0.0,-10.7,-15.0,-9.5
6783,0.0,0.0,0.0,-10.4,-13.9,-8.8
6784,-11.6,0.0,0.0,-10.2,-13.3,-8.3
6785,-11.8,0.0,0.0,-10.3,-12.7,-7.9
6786,-11.5,0.0,0.0,-10.0,1.9,1.7
6787,-10.8,0.0,0.0,-9.3,2.7,2.3
6788,-27.9,0.0,0.0,-25.1,3.0,2.5
6789,-26.8,0.0,0.0,-24.2,3.5,2.8
6790,-25.9,0.0,0.0,-23.4,3.7,3.0
6791,-24.9,0.0,0.0,-22.5,4.0,3.2
6792,-7.3,0.0,0.0,4.2,3.7,2.9
6793,4.5,0.0,0.0,4.7,3.9,3.0
6794,4.7,0.0,0.0,4.8,4.0,3.0
6795,5.0,0.0,0.0,5.0,4.2,3.1
6796,4.9,0.0,0.0,5.0,4.1,3.0
6797,5.2,0.0,0.0,5.2,4.3,3.1
6798,5.4,0.0,0.0,5.4,4.4,3.2
6799,5.7,0.0,0.0,5.6,4.6,3.4
6800,5.7,0.0,0.0,5.7,4.6,3.3
6801,5.5,0.0,0.0,5.5,-5.4,-1.9
6802,5.0,0.0,0.0,5.1,-5.9,-2.3
6803,4.6,0.0,0.0,4.8,-6.4,-2.6
6804,4.1,0.0,0.0,4.3,-7.0,-3.1
6805,2.8,0.0,0.0,-2.7,-2.5,-0.5
6806,2.2,0.0,0.0,-4.0,-9.5,-5.1
6807,1.3,0.0,0.0,-5.4,-10.9,-6.0
6808,1.7,0.0,0.0,-6.0,-10.7,-6.0
6809,2.4,0.0,0.0,-6.0,-9.9,-5.5
6810,2.9,0.0,0.0,-5.8,2.5,1.9
6811,3.4,0.0,0.0,-5.2,3.1,2.4
6812,3.6,0.0,0.0,-20.7,3.2,2.4
6813,3.6,0.0,0.0,-20.5,3.2,2.4
6814,3.8,0.0,0.0,-20.2,3.4,2.6
6815,4.1,0.0,0.0,-19.8,3.7,2.8
6816,4.2,0.0,0.0,4.4,3.7,2.8
6817,4.7,0.0,0.0,4.8,4.0,3.1
6818,5.0,0.0,0.0,5.1,4.3,3.2
6819,5.2,0.0,0.0,5.2,4.4,3.3
6820,5.4,0.0,0.0,5.4,4.5,3.4
6821,5.7,0.0,0.0,5.7,4.7,3.5
6822,5.9,0.0,0.0,5.9,4.8,3.6
6823,6.0,0.0,0.0,5.9,4.9,3.6
6824,6.0,0.0,0.0,5.9,4.8,3.5
6825,5.5,0.0,0.0,5.5,-5.2,-1.8
6826,4.9,0.0,0.0,4.9,-5.9,-2.2
6827,4.5,0.0,0.0,4.6,-6.4,-2.6
6828,3.0,0.0,0.0,3.3,-8.2,-4.0
6829,2.0,0.0,0.0,-3.6,-3.7,-1.2
6830,1.1,0.0,0.0,-5.4,-11.5,-6.2
6831,0.6,0.0,0.0,-7.0,-12.3,-6.9
6832,-9.7,0.0,0.0,-8.4,-13.0,-7.5
6833,-10.3,0.0,0.0,-8.9,-11.6,-7.1
6834,-9.4,0.0,0.0,-8.1,2.8,2.3
6835,-8.4,0.0,0.0,-7.2,3.7,3.0
6836,-24.8,0.0,0.0,-22.4,4.1,3.3
6837,-23.5,0.0,0.0,-21.3,4.6,3.6
6838,-22.7,0.0,0.0,-20.6,4.5,3.5
6839,-21.6,0.0,0.0,-19.7,4.8,3.7
6840,-4.1,0.0,0.0,5.6,5.0,3.8
6841,6.8,0.0,0.0,6.7,5.5,4.0
6842,6.9,0.0,0.0,6.7,5.5,4.0
6843,6.8,0.0,0.0,6.6,5.3,3.8
6844,6.8,0.0,0.0,6.6,5.3,3.8
6845,6.8,0.0,0.0,6.6,5.2,3.7
6846,6.9,0.0,0.0,6.6,5.3,3.7
6847,6.8,0.0,0.0,6.5,5.1,3.6
6848,6.6,0.0,0.0,6.4,4.9,3.5
6849,6.2,0.0,0.0,6.1,4.6,3.2
6850,6.2,0.0,0.0,6.1,4.6,3.2
6851,6.3,0.0,0.0,6.3,4.7,3.3
6852,6.1,0.0,0.0,6.0,4.5,3.1
6853,5.6,0.0,0.0,0.0,4.0,2.8
6854,4.1,0.0,0.0,0.0,2.2,1.5
6855,3.0,0.0,0.0,-0.8,1.0,0.8
6856,-2.3,0.0,0.0,-1.7,1.5,1.1
6857,-2.5,0.0,0.0,-1.9,2.9,2.1
6858,-1.9,0.0,0.0,-1.3,4.2,3.1
6859,-1.1,0.0,0.0,-0.5,5.1,3.8
6860,-16.3,0.0,0.0,-15.4,5.1,3.8
6861,-15.6,0.0,0.0,-14.8,5.4,4.0
6862,-14.1,0.0,0.0,-13.5,6.3,4.7
6863,-13.5,0.0,0.0,-13.0,6.1,4.5
6864,0.0,0.0,0.0,7.6,6.6,4.8
6865,6.8,0.0,0.0,7.0,6.2,4.7
6866,6.9,0.0,0.0,7.0,6.1,4.6
6867,7.5,0.0,0.0,7.5,6.5,4.9
6868,7.8,0.0,0.0,7.8,6.8,5.0
6869,8.3,0.0,0.0,8.2,7.2,5.3
6870,8.6,0.0,0.0,8.4,7.3,5.4
6871,8.8,0.0,0.0,8.6,7.3,5.4
6872,8.8,0.0,0.0,8.5,7.1,5.2
6873,7.2,0.0,0.0,6.9,5.3,3.8
6874,5.2,0.0,0.0,4.8,2.8,2.1
6875,3.5,0.0,0.0,3.2,0.9,0.8
6876,2.2,0.0,0.0,2.1,0.0,0.1
6877,1.1,0.0,0.0,-4.8,0.0,0.0
6878,0.7,0.0,0.0,-6.3,0.0,0.0
6879,0.8,0.0,0.0,-7.3,0.0,0.3
6880,-9.2,0.0,0.0,-7.7,0.5,1.1
6881,-9.6,0.0,0.0,-8.2,2.1,1.8
6882,-8.9,0.0,0.0,-7.5,3.1,2.6
6883,-7.9,0.0,0.0,-6.7,3.9,3.2
6884,-24.2,0.0,0.0,-21.9,4.3,3.5
6885,-23.1,0.0,0.0,-21.0,4.5,3.6
6886,-22.1,0.0,0.0,-20.2,4.7,3.6
6887,-21.1,0.0,0.0,-19.3,4.9,3.8
6888,-4.0,0.0,0.0,5.4,4.8,3.7
6889,5.3,0.0,0.0,5.5,4.7,3.6
6890,5.5,0.0,0.0,5.6,4.7,3.6
6891,5.5,0.0,0.0,5.6,4.6,3.5
6892,6.0,0.0,0.0,6.0,5.1,3.8
6893,6.2,0.0,0.0,6.1,5.1,3.8
6894,6.5,0.0,0.0,6.5,5.4,4.0
6895,6.9,0.0,0.0,6.8,5.7,4.2
6896,6.8,0.0,0.0,6.6,5.4,3.9
6897,5.4,0.0,0.0,5.3,-5.4,-1.7
6898,4.0,0.0,0.0,3.9,-7.2,-3.0
6899,2.8,0.0,0.0,2.8,-8.8,-4.3
6900,1.8,0.0,0.0,2.1,-10.2,-5.4
6901,0.9,0.0,0.0,-6.0,-5.4,-2.6
6902,0.5,0.0,0.0,-7.3,-12.3,-7.1
6903,0.5,0.0,0.0,-8.2,-12.4,-7.4
6904,1.1,0.0,0.0,-8.6,-12.2,-7.2
6905,1.7,0.0,0.0,-8.5,-11.1,-6.8
6906,2.8,0.0,0.0,-7.5,2.9,2.3
6907,3.0,0.0,0.0,-7.1,3.0,2.4
6908,3.3,0.0,0.0,-22.5,3.3,2.6
6909,3.7,0.0,0.0,-21.9,3.6,2.8
6910,4.5,0.0,0.0,-20.7,4.3,3.4
6911,5.4,0.0,0.0,-19.3,5.2,4.0
6912,6.2,0.0,0.0,6.5,6.0,4.6
6913,6.9,0.0,0.0,6.8,5.6,4.1
6914,7.0,0.0,0.0,6.9,5.6,4.1
6915,7.8,0.0,0.0,7.6,6.3,4.6
6916,8.4,0.0,0.0,8.2,6.9,5.0
6917,7.9,0.0,0.0,7.6,6.3,4.5
6918,7.8,0.0,0.0,7.5,6.0,4.3
6919,7.6,0.0,0.0,7.3,5.8,4.1
6920,7.5,0.0,0.0,7.2,5.6,4.0
6921,7.3,0.0,0.0,7.1,-2.2,0.0
6922,6.9,0.0,0.0,6.7,-2.7,0.0
6923,6.6,0.0,0.0,6.5,-3.1,0.0
6924,6.2,0.0,0.0,6.1,-3.6,-0.1
6925,5.7,0.0,0.0,0.0,0.0,0.0
6926,4.1,0.0,0.0,0.0,-6.2,-2.1
6927,3.9,0.0,0.0,0.0,-6.7,-2.5
6928,3.6,0.0,0.0,-0.5,-7.5,-3.0
6929,4.5,0.0,0.0,-0.5,-6.3,-2.5
6930,5.7,0.0,0.0,0.0,4.7,3.4
6931,6.5,0.0,0.0,0.0,5.5,4.1
6932,6.9,0.0,0.0,-13.0,5.8,4.3
6933,6.8,0.0,0.0,-12.7,5.7,4.2
6934,6.9,0.0,0.0,-12.3,5.7,4.2
6935,6.4,0.0,0.0,-12.5,5.1,3.7
6936,6.7,0.0,0.0,6.6,5.4,3.9
6937,6.3,0.0,0.0,6.3,5.3,3.9
6938,6.7,0.0,0.0,6.7,5.6,4.2
6939,6.9,0.0,0.0,6.8,5.7,4.2
6940,7.4,0.0,0.0,7.3,6.1,4.5
6941,7.8,0.0,0.0,7.6,6.4,4.7
6942,7.9,0.0,0.0,7.7,6.5,4.7
6943,8.3,0.0,0.0,8.1,6.8,4.9
6944,8.1,0.0,0.0,7.9,6.4,4.6
6945,7.1,0.0,0.0,6.9,-2.8,0.0
6946,6.0,0.0,0.0,5.8,-4.3,-0.6
6947,5.1,0.0,0.0,5.0,-5.4,-1.5
6948,4.5,0.0,0.0,4.6,-6.4,-2.2
6949,5.0,0.0,0.0,0.0,0.0,0.0
6950,4.8,0.0,0.0,0.0,-5.9,-2.1
6951,4.4,0.0,0.0,-0.5,-6.5,-2.6
6952,-1.8,0.0,0.0,-1.1,-7.2,-3.0
6953,-2.1,0.0,0.0,-1.5,-6.6,-2.8
6954,-1.9,0.0,0.0,-1.3,4.1,3.1
6955,-1.7,0.0,0.0,-1.1,4.4,3.3
6956,-17.5,0.0,0.0,-16.5,4.2,3.1
6957,-17.3,0.0,0.0,-16.4,4.2,3.1
6958,-17.2,0.0,0.0,-16.3,4.2,3.1
6959,-17.2,0.0,0.0,-16.4,4.0,3.0
6960,-1.8,0.0,0.0,4.9,3.9,2.9
6961,5.9,0.0,0.0,5.6,4.2,2.9
6962,5.8,0.0,0.0,5.5,4.1,2.8
6963,5.6,0.0,0.0,5.3,3.8,2.7
6964,5.8,0.0,0.0,5.5,4.0,2.8
6965,6.2,0.0,0.0,6.0,4.5,3.2
6966,6.5,0.0,0.0,6.2,4.8,3.4
6967,6.7,0.0,0.0,6.5,5.0,3.5
6968,6.7,0.0,0.0,6.4,4.9,3.5
6969,5.9,0.0,0.0,5.8,-3.9,-0.4
6970,5.6,0.0,0.0,5.5,-4.4,-0.8
6971,5.3,0.0,0.0,5.4,-4.8,-1.2
6972,4.6,0.0,0.0,4.8,-5.8,-1.9
6973,4.5,0.0,0.0,0.0,-0.1,0.0
6974,4.4,0.0,0.0,0.0,-6.4,-2.5
6975,3.9,0.0,0.0,-0.7,-7.5,-3.0
6976,4.6,0.0,0.0,-0.9,-7.1,-2.7
6977,5.2,0.0,0.0,-0.8,-5.9,-2.3
6978,6.5,0.0,0.0,0.0,5.7,4.3
6979,7.9,0.0,0.0,0.0,7.1,5.3
6980,8.1,0.0,0.0,-11.8,7.2,5.3
6981,8.8,0.0,0.0,-10.4,7.8,5.7
6982,8.7,0.0,0.0,-9.8,7.5,5.5
6983,8.1,0.0,0.0,-9.7,6.7,4.8
6984,8.7,0.0,0.0,8.5,7.2,5.2
6985,8.2,0.0,0.0,8.1,6.9,5.0
6986,8.2,0.0,0.0,8.0,6.7,4.9
6987,8.3,0.0,0.0,8.1,6.7,4.9
6988,8.4,0.0,0.0,8.1,6.7,4.9
6989,8.8,0.0,0.0,8.5,7.0,5.1
6990,8.7,0.0,0.0,8.3,6.8,4.9
6991,8.7,0.0,0.0,8.3,6.7,4.8
6992,8.7,0.0,0.0,8.3,6.7,4.7
6993,7.8,0.0,0.0,7.6,-1.3,0.0
6994,6.9,0.0,0.0,6.6,-2.6,0.0
6995,6.2,0.0,0.0,6.1,-3.5,0.0
6996,5.5,0.0,0.0,5.6,-4.4,-0.6
6997,4.9,0.0,0.0,0.0,0.0,0.0
6998,4.6,0.0,0.0,0.0,-5.8,-1.8
6999,4.8,0.0,0.0,0.0,-5.8,-1.8
7000,0.0,0.0,0.0,0.0,-5.5,-1.6
7001,0.0,0.0,0.0,0.0,-5.0,-1.5
7002,0.0,0.0,0.0,0.0,5.4,4.0
7003,0.0,0.0,0.0,0.0,5.4,4.0
7004,-13.7,0.0,0.0,-13.3,5.4,4.0
7005,-13.4,0.0,0.0,-13.1,5.3,3.9
7006,-13.2,0.0,0.0,-12.9,5.3,3.8
7007,-13.0,0.0,0.0,-12.8,5.2,3.8
7008,0.0,0.0,0.0,6.5,5.3,3.9
7009,8.7,0.0,0.0,8.1,6.2,4.2
7010,8.4,0.0,0.0,7.9,5.9,4.0
7011,8.6,0.0,0.0,8.1,6.1,4.2
7012,8.7,0.0,0.0,8.1,6.2,4.2
7013,8.5,0.0,0.0,8.0,6.0,4.1
7014,9.0,0.0,0.0,8.5,6.5,4.5
7015,9.0,0.0,0.0,8.5,6.5,4.5
7016,8.8,0.0,0.0,8.3,6.3,4.3
7017,7.7,0.0,0.0,7.3,5.2,3.5
7018,7.7,0.0,0.0,7.4,5.4,3.6
7019,7.3,0.0,0.0,7.0,5.0,3.4
7020,6.8,0.0,0.0,6.6,4.6,3.1
7021,7.5,0.0,0.0,0.0,5.3,3.7
7022,7.9,0.0,0.0,0.0,5.8,4.1
7023,7.7,0.0,0.0,0.0,5.6,3.9
7024,0.0,0.0,0.0,0.0,5.5,3.9
7025,0.0,0.0,0.0,0.0,6.0,4.2
7026,0.0,0.0,0.0,0.0,6.7,4.8
7027,0.8,0.0,0.0,0.1,8.1,5.8
7028,-3.5,0.0,0.0,-4.5,8.6,6.2
7029,-2.1,0.0,0.0,-3.4,9.1,6.5
7030,-0.8,0.0,0.0,-2.3,9.4,6.8
7031,0.0,0.0,0.0,-1.1,9.8,7.0
7032,3.7,0.0,0.0,11.6,9.8,7.0
7033,13.8,0.0,0.0,13.1,11.1,7.9
7034,14.3,0.0,0.0,13.6,11.5,8.2
7035,14.6,0.0,0.0,13.8,11.7,8.3
7036,14.8,0.0,0.0,14.0,11.7,8.3
7037,15.0,0.0,0.0,14.2,11.9,8.4
7038,15.2,0.0,0.0,14.3,11.9,8.4
7039,15.2,0.0,0.0,14.3,11.9,8.4
7040,14.5,0.0,0.0,13.6,11.1,7.7
7041,13.3,0.0,0.0,12.5,9.8,6.8
7042,11.3,0.0,0.0,10.6,7.6,5.1
7043,10.1,0.0,0.0,9.4,6.2,4.2
7044,8.2,0.0,0.0,7.3,3.6,2.6
7045,8.5,0.0,0.0,0.0,5.2,3.5
7046,8.7,0.0,0.0,0.0,5.8,4.0
7047,8.0,0.0,0.0,0.0,5.0,3.6
7048,0.0,0.0,0.0,0.0,4.2,3.6
7049,0.9,0.0,0.0,0.0,7.3,5.3
7050,1.6,0.0,0.0,0.7,8.2,5.9
7051,2.0,0.0,0.0,1.0,8.5,6.1
7052,0.0,0.0,0.0,-1.2,9.2,6.6
7053,0.0,0.0,0.0,-0.6,9.2,6.6
7054,0.0,0.0,0.0,0.0,9.6,6.8
7055,0.0,0.0,0.0,0.0,10.3,7.4
7056,5.4,0.0,0.0,12.8,10.9,7.8
7057,14.4,0.0,0.0,13.7,11.6,8.3
7058,15.1,0.0,0.0,14.4,12.2,8.7
7059,15.1,0.0,0.0,14.4,12.1,8.6
7060,15.4,0.0,0.0,14.6,12.3,8.7
7061,15.6,0.0,0.0,14.7,12.3,8.8
7062,15.9,0.0,0.0,15.0,12.5,8.9
7063,15.9,0.0,0.0,15.0,12.5,8.8
7064,15.4,0.0,0.0,14.5,11.8,8.3
7065,13.9,0.0,0.0,12.4,0.0,0.1
7066,12.3,0.0,0.0,10.8,0.0,0.0
7067,10.8,0.0,0.0,9.5,0.0,0.0
7068,9.5,0.0,0.0,8.6,0.0,0.0
7069,8.4,0.0,0.0,0.0,0.0,0.0
7070,7.6,0.0,0.0,0.0,-1.7,0.0
7071,7.6,0.0,0.0,0.0,-1.8,0.0
7072,8.5,0.0,0.0,0.0,-0.5,0.0
7073,9.3,0.0,0.0,0.0,0.0,0.0
7074,10.4,0.0,0.0,0.9,8.8,6.4
7075,11.5,0.0,0.0,2.0,9.8,7.2
7076,12.1,0.0,0.0,-0.8,10.2,7.5
7077,12.8,0.0,0.0,0.0,10.8,7.9
7078,13.2,0.0,0.0,0.0,11.0,8.0
7079,13.8,0.0,0.0,0.0,11.5,8.3
7080,13.6,0.0,0.0,13.0,11.0,7.9
7081,12.6,0.0,0.0,12.3,10.9,8.1
7082,12.8,0.0,0.0,12.5,10.9,8.1
7083,13.2,0.0,0.0,12.8,11.2,8.2
7084,13.5,0.0,0.0,13.1,11.3,8.3
7085,14.3,0.0,0.0,13.8,12.0,8.8
7086,14.5,0.0,0.0,13.9,12.0,8.7
7087,14.8,0.0,0.0,14.2,12.2,8.8
7088,14.8,0.0,0.0,14.1,12.0,8.6
7089,13.1,0.0,0.0,12.3,0.0,0.2
7090,11.3,0.0,0.0,10.4,0.0,0.0
7091,9.4,0.0,0.0,8.4,0.0,0.0
7092,7.9,0.0,0.0,7.2,-0.7,0.0
7093,6.7,0.0,0.0,0.0,0.0,0.0
7094,5.7,0.0,0.0,0.0,-3.9,0.0
7095,5.3,0.0,0.0,0.0,-4.5,0.0
7096,5.5,0.0,0.0,0.0,-5.1,-0.3
7097,6.0,0.0,0.0,0.0,-3.6,-0.1
7098,6.8,0.0,0.0,0.0,5.6,4.2
7099,7.1,0.0,0.0,0.0,5.9,4.4
7100,7.1,0.0,0.0,-10.2,5.8,4.3
7101,7.5,0.0,0.0,-9.7,6.2,4.6
7102,7.6,0.0,0.0,-9.5,6.3,4.6
7103,8.0,0.0,0.0,-8.8,6.7,5.0
7104,8.1,0.0,0.0,8.1,6.7,5.0
7105,6.5,0.0,0.0,6.8,6.0,4.7
7106,7.1,0.0,0.0,7.3,6.5,5.0
7107,7.6,0.0,0.0,7.7,6.8,5.2
7108,7.9,0.0,0.0,8.0,7.0,5.3
7109,8.3,0.0,0.0,8.3,7.2,5.4
7110,8.4,0.0,0.0,8.3,7.2,5.4
7111,8.5,0.0,0.0,8.4,7.2,5.3
7112,8.3,0.0,0.0,8.2,6.9,5.1
7113,7.1,0.0,0.0,7.0,-2.8,0.0
7114,6.1,0.0,0.0,5.8,-4.3,-0.5
7115,4.5,0.0,0.0,4.2,-6.5,-2.1
7116,3.3,0.0,0.0,3.1,-8.5,-3.5
7117,2.1,0.0,0.0,-3.3,-4.0,-0.9
7118,1.1,0.0,0.0,-5.3,-11.5,-5.9
7119,0.9,0.0,0.0,-6.6,-12.0,-6.4
7120,-9.2,0.0,0.0,-7.7,-12.7,-6.8
7121,-9.9,0.0,0.0,-8.4,-10.9,-6.5
7122,-9.3,0.0,0.0,-7.9,3.0,2.5
7123,-9.0,0.0,0.0,-7.7,3.1,2.6
7124,-25.8,0.0,0.0,-23.3,3.4,2.8
7125,-25.0,0.0,0.0,-22.6,3.6,3.0
7126,-23.9,0.0,0.0,-21.6,4.2,3.4
7127,-23.0,0.0,0.0,-20.8,4.4,3.5
7128,-5.3,0.0,0.0,5.1,4.6,3.7
7129,7.0,0.0,0.0,6.8,5.5,4.0
7130,6.7,0.0,0.0,6.5,5.2,3.7
7131,6.6,0.0,0.0,6.4,5.1,3.6
7132,5.9,0.0,0.0,5.7,4.2,3.0
7133,5.7,0.0,0.0,5.5,4.1,2.8
7134,5.8,0.0,0.0,5.5,4.1,2.8
7135,5.7,0.0,0.0,5.5,4.0,2.8
7136,6.2,0.0,0.0,6.0,4.5,3.2
7137,6.0,0.0,0.0,5.9,-4.0,-0.6
7138,4.9,0.0,0.0,4.7,-5.6,-1.7
7139,4.3,0.0,0.0,4.1,-6.7,-2.5
7140,3.6,0.0,0.0,3.6,-7.8,-3.3
7141,3.3,0.0,0.0,-2.0,-2.4,-0.0
7142,2.7,0.0,0.0,-3.3,-9.8,-4.6
7143,3.1,0.0,0.0,-3.9,-9.2,-4.6
7144,3.4,0.0,0.0,-4.2,-9.2,-4.5
7145,5.6,0.0,0.0,-2.6,-6.2,-2.8
7146,6.7,0.0,0.0,-1.1,6.3,4.8
7147,7.2,0.0,0.0,0.0,6.7,5.1
7148,7.3,0.0,0.0,-14.3,6.7,5.0
7149,7.6,0.0,0.0,-13.3,6.8,5.1
7150,8.0,0.0,0.0,-12.2,7.0,5.2
7151,9.3,0.0,0.0,-10.2,8.3,6.1
7152,9.0,0.0,0.0,8.9,7.8,5.7
7153,9.7,0.0,0.0,9.5,8.4,6.2
7154,9.9,0.0,0.0,9.7,8.5,6.2
7155,10.0,0.0,0.0,9.8,8.4,6.2
7156,10.2,0.0,0.0,9.9,8.4,6.1
7157,10.2,0.0,0.0,9.8,8.3,6.0
7158,10.3,0.0,0.0,9.9,8.4,6.0
7159,10.3,0.0,0.0,9.9,8.3,5.9
7160,10.2,0.0,0.0,9.8,8.1,5.7
7161,9.5,0.0,0.0,9.2,0.0,0.0
7162,8.7,0.0,0.0,8.4,0.0,0.0
7163,7.6,0.0,0.0,7.4,-1.2,0.0
7164,6.2,0.0,0.0,6.0,-3.2,0.0
7165,5.4,0.0,0.0,0.0,0.0,0.0
7166,5.8,0.0,0.0,0.0,-3.7,-0.1
7167,6.0,0.0,0.0,0.0,-3.6,-0.1
7168,0.0,0.0,0.0,0.0,-3.3,0.0
7169,0.0,0.0,0.0,0.0,-3.7,-0.3
7170,0.0,0.0,0.0,0.0,4.7,3.3
7171,0.0,0.0,0.0,0.0,4.7,3.4
7172,-12.4,0.0,0.0,-12.3,4.7,3.4
7173,-12.7,0.0,0.0,-12.6,4.5,3.2
7174,-13.1,0.0,0.0,-13.0,4.2,3.0
7175,-13.0,0.0,0.0,-12.9,4.6,3.3
7176,0.0,0.0,0.0,5.9,4.7,3.4
7177,6.7,0.0,0.0,6.5,5.0,3.5
7178,6.7,0.0,0.0,6.5,5.0,3.5
7179,6.8,0.0,0.0,6.5,5.0,3.5
7180,7.1,0.0,0.0,6.8,5.3,3.7
7181,6.8,0.0,0.0,6.5,5.0,3.5
7182,6.4,0.0,0.0,6.1,4.5,3.1
7183,6.3,0.0,0.0,6.0,4.4,3.0
7184,6.3,0.0,0.0,6.0,4.5,3.1
7185,6.1,0.0,0.0,5.9,4.4,3.0
7186,6.0,0.0,0.0,5.8,4.2,2.9
7187,5.9,0.0,0.0,5.7,4.2,2.9
7188,5.7,0.0,0.0,5.6,4.1,2.8
7189,5.3,0.0,0.0,0.0,3.6,2.5
7190,4.7,0.0,0.0,0.0,3.1,2.2
7191,4.4,0.0,0.0,0.0,2.8,2.0
7192,0.0,0.0,0.0,0.0,4.9,3.5
7193,0.0,0.0,0.0,0.0,5.4,3.9
7194,0.0,0.0,0.0,0.0,5.8,4.2
7195,0.0,0.0,0.0,0.0,6.1,4.4
7196,-11.0,0.0,0.0,-11.0,6.3,4.6
7197,-10.5,0.0,0.0,-10.6,6.2,4.5
7198,-10.0,0.0,0.0,-10.1,6.4,4.6
7199,-9.3,0.0,0.0,-9.6,6.5,4.7
7200,0.0,0.0,0.0,8.2,6.9,5.0
7201,10.6,0.0,0.0,9.9,7.8,5.4
7202,11.5,0.0,0.0,10.8,8.7,6.0
7203,12.4,0.0,0.0,11.7,9.6,6.8
7204,13.1,0.0,0.0,12.4,10.3,7.3
7205,13.8,0.0,0.0,13.0,10.9,7.7
7206,14.3,0.0,0.0,13.5,11.3,8.0
7207,14.5,0.0,0.0,13.6,11.4,8.0
7208,14.4,0.0,0.0,13.5,11.2,7.9
7209,13.0,0.0,0.0,12.2,9.7,6.7
7210,10.5,0.0,0.0,9.5,6.7,4.5
7211,8.6,0.0,0.0,7.5,4.3,3.0
7212,7.4,0.0,0.0,6.5,3.1,2.3
7213,6.6,0.0,0.0,0.0,2.5,2.1
7214,6.5,0.0,0.0,0.0,3.6,2.6
7215,6.7,0.0,0.0,0.0,4.1,3.1
7216,0.0,0.0,0.0,0.0,4.8,3.7
7217,0.0,0.0,0.0,0.0,7.0,5.1
7218,0.9,0.0,0.0,0.3,8.4,6.2
7219,1.9,0.0,0.0,1.2,9.2,6.7
7220,-1.2,0.0,0.0,-2.4,10.0,7.3
7221,0.0,0.0,0.0,-1.0,10.4,7.5
7222,0.0,0.0,0.0,0.0,10.8,7.8
7223,0.0,0.0,0.0,0.0,11.4,8.2
7224,6.1,0.0,0.0,13.5,11.6,8.3
7225,14.7,0.0,0.0,14.1,12.1,8.7
7226,14.9,0.0,0.0,14.2,12.1,8.7
7227,15.3,0.0,0.0,14.6,12.4,8.9
7228,15.9,0.0,0.0,15.1,12.9,9.3
7229,15.9,0.0,0.0,15.1,12.8,9.1
7230,15.9,0.0,0.0,15.0,12.6,8.9
7231,16.4,0.0,0.0,15.5,13.1,9.3
7232,16.6,0.0,0.0,15.7,13.1,9.3
7233,14.7,0.0,0.0,13.6,0.0,1.0
7234,13.0,0.0,0.0,11.7,0.0,0.0
7235,11.2,0.0,0.0,10.1,0.0,0.0
7236,9.7,0.0,0.0,8.7,0.0,0.0
7237,8.5,0.0,0.0,0.0,0.0,0.0
7238,8.1,0.0,0.0,0.0,-0.3,0.0
7239,8.0,0.0,0.0,0.0,-0.6,0.0
7240,8.1,0.0,0.0,0.0,-1.9,0.0
7241,8.7,0.0,0.0,0.0,0.0,0.0
7242,10.1,0.0,0.0,0.6,8.3,6.1
7243,10.6,0.0,0.0,1.1,8.8,6.4
7244,11.2,0.0,0.0,-1.9,9.3,6.8
7245,11.8,0.0,0.0,-0.7,9.8,7.1
7246,11.7,0.0,0.0,-0.2,9.6,6.9
7247,12.8,0.0,0.0,0.0,10.6,7.7
7248,13.4,0.0,0.0,12.9,11.0,8.0
7249,14.9,0.0,0.0,14.2,11.9,8.5
7250,15.3,0.0,0.0,14.5,12.2,8.7
7251,15.3,0.0,0.0,14.5,12.1,8.6
7252,16.1,0.0,0.0,15.2,12.8,9.1
7253,16.7,0.0,0.0,15.8,13.4,9.5
7254,16.7,0.0,0.0,15.8,13.2,9.4
7255,17.0,0.0,0.0,16.0,13.4,9.5
7256,16.7,0.0,0.0,15.7,13.0,9.2
7257,16.0,0.0,0.0,15.0,1.0,2.0
7258,13.9,0.0,0.0,12.7,0.0,0.0
7259,12.2,0.0,0.0,11.0,0.0,0.0
7260,10.3,0.0,0.0,9.4,0.0,0.0
7261,9.3,0.0,0.0,0.1,0.0,0.2
7262,8.5,0.0,0.0,0.0,0.0,0.0
7263,8.4,0.0,0.0,0.0,0.0,0.0
7264,8.8,0.0,0.0,0.0,-0.1,0.0
7265,9.5,0.0,0.0,0.1,0.0,0.0
7266,11.3,0.0,0.0,1.9,9.3,6.8
7267,12.0,0.0,0.0,2.6,9.9,7.2
7268,12.7,0.0,0.0,0.0,10.5,7.6
7269,13.1,0.0,0.0,0.0,10.8,7.8
7270,13.9,0.0,0.0,0.0,11.5,8.3
7271,14.6,0.0,0.0,0.0,12.1,8.7
7272,15.0,0.0,0.0,14.4,12.3,8.8
7273,14.4,0.0,0.0,13.9,12.1,8.9
7274,14.9,0.0,0.0,14.3,12.4,9.0
7275,15.2,0.0,0.0,14.6,12.6,9.2
7276,15.6,0.0,0.0,14.9,12.8,9.3
7277,15.8,0.0,0.0,15.1,12.9,9.3
7278,16.1,0.0,0.0,15.3,13.0,9.3
7279,16.4,0.0,0.0,15.6,13.3,9.5
7280,16.5,0.0,0.0,15.6,13.2,9.4
7281,15.5,0.0,0.0,14.7,0.8,1.9
7282,14.2,0.0,0.0,13.5,0.0,0.7
7283,12.9,0.0,0.0,12.1,0.0,0.0
7284,11.6,0.0,0.0,10.8,0.0,0.0
7285,9.6,0.0,0.0,0.4,0.0,0.4
7286,8.2,0.0,0.0,0.0,0.0,0.0
7287,7.9,0.0,0.0,0.0,-0.1,0.0
7288,0.5,0.0,0.0,0.0,0.0,0.0
7289,1.0,0.0,0.0,0.0,0.0,0.0
7290,1.8,0.0,0.0,0.7,8.1,5.8
7291,1.9,0.0,0.0,0.9,8.2,5.9
7292,-0.1,0.0,0.0,-1.8,8.0,5.8
7293,0.0,0.0,0.0,-1.5,8.1,5.8
7294,-0.0,0.0,0.0,-1.8,7.6,5.4
7295,-0.2,0.0,0.0,-2.0,7.4,5.2
7296,1.1,0.0,0.0,9.1,7.2,5.1
7297,9.3,0.0,0.0,8.8,6.9,4.9
7298,9.0,0.0,0.0,8.6,6.7,4.7
7299,8.9,0.0,0.0,8.5,6.5,4.6
7300,8.9,0.0,0.0,8.4,6.5,4.6
7301,8.9,0.0,0.0,8.4,6.5,4.5
7302,9.0,0.0,0.0,8.6,6.6,4.7
7303,9.4,0.0,0.0,8.9,7.0,4.9
7304,9.5,0.0,0.0,9.0,7.1,5.0
7305,9.4,0.0,0.0,9.0,0.0,0.0
7306,9.3,0.0,0.0,8.9,0.0,0.0
7307,8.8,0.0,0.0,8.5,0.0,0.0
7308,8.1,0.0,0.0,7.9,-0.2,0.0
7309,7.9,0.0,0.0,0.0,0.0,0.3
7310,7.9,0.0,0.0,0.0,-0.6,0.0
7311,7.6,0.0,0.0,0.0,-1.1,0.0
7312,7.7,0.0,0.0,0.0,-2.2,0.0
7313,8.4,0.0,0.0,0.0,-0.5,0.0
7314,9.2,0.0,0.0,0.0,7.5,5.5
7315,9.7,0.0,0.0,0.0,7.9,5.7
7316,9.7,0.0,0.0,-4.6,7.9,5.7
7317,9.9,0.0,0.0,-4.1,8.0,5.8
7318,10.2,0.0,0.0,-3.4,8.3,5.9
7319,10.1,0.0,0.0,-3.2,8.0,5.8
7320,9.3,0.0,0.0,8.9,7.2,5.1
7321,7.7,0.0,0.0,7.6,6.1,4.5
7322,7.6,0.0,0.0,7.4,6.0,4.3
7323,7.6,0.0,0.0,7.4,5.9,4.2
7324,7.6,0.0,0.0,7.3,5.8,4.2
7325,7.7,0.0,0.0,7.5,5.9,4.2
7326,7.8,0.0,0.0,7.5,5.9,4.2
7327,7.7,0.0,0.0,7.4,5.8,4.2
7328,8.0,0.0,0.0,7.7,6.1,4.3
7329,7.9,0.0,0.0,7.7,-1.1,0.0
7330,7.5,0.0,0.0,7.3,-1.5,0.0
7331,7.3,0.0,0.0,7.1,-1.8,0.0
7332,7.2,0.0,0.0,7.0,-1.9,0.0
7333,6.8,0.0,0.0,0.0,0.0,0.0
7334,6.6,0.0,0.0,0.0,-2.6,0.0
7335,6.6,0.0,0.0,0.0,-2.8,0.0
7336,0.0,0.0,0.0,0.0,-2.7,0.0
7337,0.0,0.0,0.0,0.0,-2.7,0.0
7338,0.0,0.0,0.0,0.0,5.0,3.6
7339,0.0,0.0,0.0,0.0,5.0,3.6
7340,-11.0,0.0,0.0,-11.2,4.9,3.5
7341,-10.9,0.0,0.0,-11.1,5.1,3.7
7342,-11.2,0.0,0.0,-11.4,4.8,3.5
7343,-11.5,0.0,0.0,-11.6,4.8,3.4
7344,0.0,0.0,0.0,6.3,5.0,3.6
7345,6.8,0.0,0.0,6.6,5.2,3.7
7346,6.9,0.0,0.0,6.7,5.3,3.8
7347,6.9,0.0,0.0,6.6,5.2,3.7
7348,7.1,0.0,0.0,6.9,5.4,3.9
7349,7.3,0.0,0.0,7.0,5.6,4.0
7350,7.4,0.0,0.0,7.1,5.6,4.0
7351,7.5,0.0,0.0,7.2,5.6,4.0
7352,7.5,0.0,0.0,7.2,5.7,4.0
7353,7.2,0.0,0.0,6.9,5.4,3.8
7354,7.0,0.0,0.0,6.8,5.3,3.7
7355,6.8,0.0,0.0,6.7,5.1,3.6
7356,6.7,0.0,0.0,6.5,4.9,3.5
7357,6.8,0.0,0.0,0.0,5.1,3.6
7358,6.9,0.0,0.0,0.0,5.2,3.7
7359,7.1,0.0,0.0,0.0,5.4,3.8
7360,0.0,0.0,0.0,0.0,5.4,3.9
7361,0.0,0.0,0.0,0.0,5.5,3.9
7362,0.0,0.0,0.0,0.0,5.5,3.9
7363,0.0,0.0,0.0,0.0,5.4,3.8
7364,-10.2,0.0,0.0,-10.5,5.2,3.7
7365,-10.4,0.0,0.0,-10.7,5.1,3.6
7366,-10.4,0.0,0.0,-10.7,5.2,3.7
7367,-10.4,0.0,0.0,-10.7,5.2,3.7
7368,0.0,0.0,0.0,6.6,5.2,3.7
7369,7.3,0.0,0.0,7.0,5.3,3.7
7370,7.6,0.0,0.0,7.2,5.6,3.9
7371,7.5,0.0,0.0,7.1,5.5,3.8
7372,7.5,0.0,0.0,7.2,5.5,3.9
7373,7.7,0.0,0.0,7.3,5.6,3.9
7374,7.6,0.0,0.0,7.3,5.6,3.9
7375,7.5,0.0,0.0,7.1,5.4,3.8
7376,7.7,0.0,0.0,7.3,5.6,3.9
7377,7.8,0.0,0.0,7.5,5.9,4.1
7378,7.6,0.0,0.0,7.3,5.7,4.0
7379,7.4,0.0,0.0,7.1,5.4,3.8
7380,7.5,0.0,0.0,7.3,5.6,3.9
7381,7.6,0.0,0.0,0.0,5.7,4.0
7382,7.7,0.0,0.0,0.0,5.8,4.1
7383,7.6,0.0,0.0,0.0,5.8,4.1
7384,0.0,0.0,0.0,0.0,5.8,4.1
7385,0.0,0.0,0.0,0.0,5.9,4.2
7386,0.0,0.0,0.0,0.0,6.1,4.4
7387,0.0,0.0,0.0,0.0,6.2,4.4
7388,-7.2,0.0,0.0,-8.0,6.2,4.4
7389,-7.1,0.0,0.0,-7.8,6.2,4.4
7390,-7.1,0.0,0.0,-7.9,6.1,4.3
7391,-6.7,0.0,0.0,-7.5,6.5,4.6
7392,0.0,0.0,0.0,8.2,6.7,4.8
7393,9.6,0.0,0.0,9.0,6.9,4.7
7394,9.7,0.0,0.0,9.1,7.0,4.8
7395,9.8,0.0,0.0,9.2,7.1,4.9
7396,9.9,0.0,0.0,9.3,7.2,4.9
7397,10.2,0.0,0.0,9.6,7.5,5.2
7398,10.1,0.0,0.0,9.5,7.4,5.1
7399,10.6,0.0,0.0,9.9,7.8,5.5
7400,10.6,0.0,0.0,9.9,7.8,5.5
7401,10.5,0.0,0.0,9.9,0.0,0.0
7402,9.7,0.0,0.0,9.3,0.0,0.0
7403,9.1,0.0,0.0,8.7,0.0,0.0
7404,9.1,0.0,0.0,8.7,0.0,0.0
7405,9.3,0.0,0.0,0.0,0.7,1.0
7406,8.8,0.0,0.0,0.0,0.0,0.0
7407,9.3,0.0,0.0,0.0,0.0,0.0
7408,9.6,0.0,0.0,0.1,0.0,0.0
7409,10.5,0.0,0.0,0.9,0.0,0.0
7410,10.7,0.0,0.0,1.2,8.5,6.0
7411,10.9,0.0,0.0,1.3,8.6,6.1
7412,11.3,0.0,0.0,-0.5,8.9,6.3
7413,10.8,0.0,0.0,-0.5,8.4,5.9
7414,11.3,0.0,0.0,0.0,8.9,6.3
7415,11.3,0.0,0.0,0.0,8.8,6.2
7416,11.6,0.0,0.0,11.1,9.1,6.4
7417,10.6,0.0,0.0,10.3,8.7,6.4
7418,10.5,0.0,0.0,10.2,8.6,6.2
7419,10.2,0.0,0.0,9.9,8.2,5.9
7420,10.0,0.0,0.0,9.6,7.8,5.6
7421,9.9,0.0,0.0,9.5,7.7,5.5
7422,10.2,0.0,0.0,9.7,7.9,5.6
7423,9.9,0.0,0.0,9.4,7.5,5.3
7424,10.0,0.0,0.0,9.5,7.6,5.4
7425,9.3,0.0,0.0,8.9,0.0,0.0
7426,8.9,0.0,0.0,8.5,0.0,0.0
7427,8.9,0.0,0.0,8.5,0.0,0.0
7428,8.4,0.0,0.0,8.2,0.0,0.0
7429,6.7,0.0,0.0,0.0,0.0,0.0
7430,6.4,0.0,0.0,0.0,-3.1,0.0
7431,6.2,0.0,0.0,0.0,-3.8,0.0
7432,6.4,0.0,0.0,0.0,-4.8,0.0
7433,6.9,0.0,0.0,0.0,-2.8,0.0
7434,7.4,0.0,0.0,0.0,6.1,4.5
7435,7.6,0.0,0.0,0.0,6.2,4.6
7436,7.8,0.0,0.0,-9.3,6.5,4.7
7437,8.0,0.0,0.0,-8.9,6.6,4.8
7438,8.0,0.0,0.0,-8.6,6.6,4.8
7439,8.3,0.0,0.0,-8.1,6.8,5.0
7440,8.3,0.0,0.0,8.2,6.7,4.9
7441,10.8,0.0,0.0,10.0,7.7,5.2
7442,10.8,0.0,0.0,10.0,7.7,5.2
7443,10.7,0.0,0.0,9.9,7.6,5.2
7444,11.1,0.0,0.0,10.3,8.0,5.5
7445,11.1,0.0,0.0,10.3,8.0,5.5
7446,11.1,0.0,0.0,10.4,8.1,5.6
7447,11.1,0.0,0.0,10.4,8.1,5.6
7448,11.1,0.0,0.0,10.4,8.1,5.5
7449,10.9,0.0,0.0,10.3,0.0,0.0
7450,11.1,0.0,0.0,10.5,0.0,0.0
7451,10.7,0.0,0.0,10.2,0.0,0.0
7452,10.5,0.0,0.0,10.0,0.0,0.0
7453,10.6,0.0,0.0,1.3,2.0,1.9
7454,10.9,0.0,0.0,1.5,0.0,0.0
7455,11.6,0.0,0.0,2.1,0.0,0.0
7456,3.7,0.0,0.0,2.1,0.0,0.0
7457,3.9,0.0,0.0,2.3,0.0,0.0
7458,4.4,0.0,0.0,2.7,9.4,6.6
7459,4.7,0.0,0.0,2.9,9.6,6.7
7460,0.0,0.0,0.0,0.0,9.8,6.9
7461,0.0,0.0,0.0,0.0,9.6,6.7
7462,0.0,0.0,0.0,0.0,9.7,6.7
7463,0.0,0.0,0.0,0.0,9.7,6.8
7464,5.4,0.0,0.0,12.1,9.8,6.8
7465,13.0,0.0,0.0,12.2,10.0,7.0
7466,13.1,0.0,0.0,12.4,10.1,7.1
7467,13.7,0.0,0.0,12.9,10.6,7.5
7468,14.1,0.0,0.0,13.3,11.0,7.8
7469,14.2,0.0,0.0,13.4,11.0,7.8
7470,14.0,0.0,0.0,13.2,10.7,7.5
7471,13.7,0.0,0.0,12.9,10.4,7.2
7472,16.5,0.0,0.0,15.6,13.2,9.4
7473,12.8,0.0,0.0,11.9,0.0,0.0
7474,12.0,0.0,0.0,10.7,0.0,0.0
7475,11.0,0.0,0.0,9.6,0.0,0.0
7476,9.9,0.0,0.0,8.7,0.0,0.0
7477,9.2,0.0,0.0,0.0,0.0,0.5
7478,8.8,0.0,0.0,0.0,0.0,0.0
7479,8.9,0.0,0.0,0.0,-0.3,0.0
7480,9.3,0.0,0.0,0.0,-1.7,0.0
7481,10.3,0.0,0.0,0.9,0.0,0.0
7482,11.7,0.0,0.0,2.2,10.1,7.5
7483,12.4,0.0,0.0,2.9,10.6,7.8
7484,12.8,0.0,0.0,0.0,10.9,8.0
7485,13.1,0.0,0.0,0.0,11.0,8.0
7486,13.2,0.0,0.0,0.0,10.9,7.9
7487,13.8,0.0,0.0,0.0,11.3,8.2
7488,13.8,0.0,0.0,13.3,11.2,8.1
7489,13.8,0.0,0.0,13.1,10.8,7.6
7490,14.0,0.0,0.0,13.2,10.8,7.7
7491,13.7,0.0,0.0,12.8,10.4,7.3
7492,13.1,0.0,0.0,12.3,9.8,6.9
7493,13.3,0.0,0.0,12.5,10.0,7.0
7494,13.3,0.0,0.0,12.4,9.9,6.9
7495,13.2,0.0,0.0,12.4,9.9,6.9
7496,13.4,0.0,0.0,12.5,10.0,7.0
7497,12.9,0.0,0.0,12.2,0.0,0.0
7498,11.7,0.0,0.0,10.5,0.0,0.0
7499,10.6,0.0,0.0,9.7,0.0,0.0
7500,10.3,0.0,0.0,9.8,0.0,0.0
7501,10.4,0.0,0.0,1.2,1.6,1.6
7502,10.1,0.0,0.0,1.0,0.0,0.0
7503,9.6,0.0,0.0,0.5,0.0,0.0
7504,2.3,0.0,0.0,0.9,0.0,0.0
7505,2.9,0.0,0.0,1.6,0.0,0.0
7506,3.5,0.0,0.0,2.0,9.0,6.4
7507,4.0,0.0,0.0,2.5,9.4,6.7
7508,0.0,0.0,0.0,0.0,9.7,6.9
7509,0.0,0.0,0.0,0.0,10.3,7.4
7510,0.0,0.0,0.0,0.0,10.6,7.6
7511,0.0,0.0,0.0,0.0,10.5,7.4
7512,6.2,0.0,0.0,13.0,10.8,7.6
7513,14.2,0.0,0.0,13.3,10.7,7.4
7514,15.1,0.0,0.0,14.2,11.6,8.1
7515,15.1,0.0,0.0,14.2,11.6,8.1
7516,15.1,0.0,0.0,14.1,11.5,8.0
7517,14.9,0.0,0.0,13.9,11.2,7.8
7518,14.6,0.0,0.0,13.6,10.9,7.6
7519,14.5,0.0,0.0,13.5,10.8,7.5
7520,14.6,0.0,0.0,13.6,10.8,7.5
7521,14.4,0.0,0.0,13.5,10.8,7.5
7522,14.1,0.0,0.0,13.2,10.5,7.2
7523,13.9,0.0,0.0,13.0,10.2,7.0
7524,13.5,0.0,0.0,12.7,9.9,6.8
7525,13.5,0.0,0.0,4.4,9.9,6.8
7526,13.2,0.0,0.0,4.2,9.6,6.6
7527,13.0,0.0,0.0,3.9,9.4,6.4
7528,6.3,0.0,0.0,3.9,9.4,6.5
7529,6.3,0.0,0.0,3.9,9.6,6.6
7530,6.4,0.0,0.0,4.0,9.8,6.8
7531,6.5,0.0,0.0,4.1,9.9,6.8
7532,0.0,0.0,0.0,0.0,10.0,6.9
7533,0.0,0.0,0.0,0.0,9.8,6.8
7534,0.0,0.0,0.0,0.0,9.8,6.8
7535,0.0,0.0,0.0,0.0,10.2,7.1
7536,7.0,0.0,0.0,13.0,10.5,7.3
7537,14.0,0.0,0.0,13.1,10.5,7.3
7538,14.3,0.0,0.0,13.4,10.8,7.5
7539,14.4,0.0,0.0,13.5,10.9,7.6
7540,14.6,0.0,0.0,13.7,11.1,7.8
7541,14.8,0.0,0.0,13.9,11.3,7.9
7542,15.1,0.0,0.0,14.2,11.5,8.1
7543,15.6,0.0,0.0,14.6,12.0,8.4
7544,15.8,0.0,0.0,14.8,12.1,8.5
7545,15.6,0.0,0.0,14.7,11.9,8.4
7546,14.9,0.0,0.0,14.0,11.1,7.7
7547,14.3,0.0,0.0,13.5,10.4,7.2
7548,13.8,0.0,0.0,13.0,10.0,6.9
7549,13.6,0.0,0.0,4.6,9.8,6.8
7550,13.9,0.0,0.0,4.8,10.3,7.1
7551,13.9,0.0,0.0,4.9,10.4,7.2
7552,7.3,0.0,0.0,4.8,10.4,7.2
7553,7.1,0.0,0.0,4.6,10.1,7.0
7554,6.9,0.0,0.0,4.4,10.0,6.9
7555,6.8,0.0,0.0,4.4,10.0,6.9
7556,0.0,0.0,0.0,0.0,9.9,6.8
7557,0.0,0.0,0.0,0.0,9.1,6.2
7558,0.0,0.0,0.0,0.0,9.5,6.5
7559,0.0,0.0,0.0,0.0,9.2,6.3
7560,5.8,0.0,0.0,11.8,9.2,6.3
7561,12.0,0.0,0.0,11.2,8.8,6.1
7562,11.9,0.0,0.0,11.2,8.7,6.0
7563,12.1,0.0,0.0,11.3,8.9,6.2
7564,12.4,0.0,0.0,11.6,9.2,6.4
7565,12.7,0.0,0.0,11.9,9.5,6.7
7566,12.7,0.0,0.0,11.9,9.5,6.6
7567,12.7,0.0,0.0,11.9,9.5,6.6
7568,12.7,0.0,0.0,11.9,9.5,6.6
7569,12.3,0.0,0.0,11.6,0.0,0.0
7570,11.9,0.0,0.0,11.3,0.0,0.0
7571,11.3,0.0,0.0,10.7,0.0,0.0
7572,10.7,0.0,0.0,10.2,0.0,0.0
7573,10.6,0.0,0.0,1.5,1.7,1.7
7574,10.5,0.0,0.0,1.3,0.0,0.0
7575,10.8,0.0,0.0,1.6,0.0,0.0
7576,11.1,0.0,0.0,1.8,0.0,0.0
7577,11.5,0.0,0.0,2.2,0.0,0.0
7578,11.6,0.0,0.0,2.2,8.9,6.2
7579,12.0,0.0,0.0,2.7,9.3,6.5
7580,12.6,0.0,0.0,0.0,9.9,7.0
7581,13.1,0.0,0.0,0.0,10.3,7.3
7582,12.5,0.0,0.0,0.0,9.6,6.8
7583,12.5,0.0,0.0,0.0,9.6,6.8
7584,12.5,0.0,0.0,11.8,9.5,6.7
7585,13.8,0.0,0.0,12.7,9.8,6.7
7586,13.9,0.0,0.0,12.8,9.9,6.8
7587,13.9,0.0,0.0,12.9,10.0,6.9
7588,14.0,0.0,0.0,13.0,10.2,7.0
7589,14.1,0.0,0.0,13.1,10.3,7.1
7590,14.0,0.0,0.0,13.0,10.2,7.0
7591,14.3,0.0,0.0,13.3,10.5,7.3
7592,15.0,0.0,0.0,14.0,11.2,7.8
7593,15.4,0.0,0.0,14.5,0.6,1.6
7594,15.1,0.0,0.0,14.2,0.1,1.3
7595,12.8,0.0,0.0,11.9,0.0,0.0
7596,12.5,0.0,0.0,11.7,0.0,0.0
7597,12.0,0.0,0.0,3.0,2.4,2.2
7598,11.4,0.0,0.0,2.3,0.0,0.0
7599,12.0,0.0,0.0,3.0,0.0,0.0
7600,12.5,0.0,0.0,3.4,0.0,0.0
7601,13.7,0.0,0.0,4.5,0.0,0.7
7602,15.0,0.0,0.0,5.8,11.9,8.5
7603,15.1,0.0,0.0,5.9,12.0,8.5
7604,15.3,0.0,0.0,0.0,12.1,8.5
7605,15.9,0.0,0.0,0.0,12.6,8.9
7606,16.3,0.0,0.0,0.0,12.9,9.1
7607,16.8,0.0,0.0,0.0,13.2,9.3
7608,16.8,0.0,0.0,15.8,13.1,9.2
7609,17.7,0.0,0.0,16.5,13.4,9.3
7610,17.8,0.0,0.0,16.6,13.4,9.3
7611,17.9,0.0,0.0,16.7,13.5,9.4
7612,18.8,0.0,0.0,17.5,14.4,10.1
7613,19.2,0.0,0.0,17.9,14.8,10.3
7614,18.7,0.0,1.3,17.4,14.2,9.9
7615,19.2,0.0,3.9,17.9,14.7,10.2
7616,19.3,0.0,4.2,18.0,14.8,10.3
7617,18.4,0.0,3.3,17.2,3.1,3.4
7618,16.9,0.0,0.0,15.5,1.1,2.1
7619,14.5,0.0,0.0,13.1,0.0,0.1
7620,13.6,0.0,0.0,12.6,0.0,0.0
7621,13.3,0.0,0.0,4.5,3.2,2.8
7622,12.3,0.0,0.0,3.3,0.0,0.0
7623,12.2,0.0,0.0,3.5,0.0,0.0
7624,5.8,0.0,0.0,3.8,0.0,0.0
7625,6.7,0.0,0.0,4.6,0.0,0.6
7626,8.2,0.0,0.0,6.0,11.9,8.5
7627,9.5,0.0,0.0,7.2,13.0,9.3
7628,0.4,0.0,0.0,0.0,13.3,9.5
7629,1.0,0.0,0.0,0.0,13.4,9.5
7630,1.9,0.0,0.0,0.0,13.9,9.8
7631,3.0,0.0,0.0,0.0,14.5,10.2
7632,12.9,0.0,0.0,17.7,14.9,10.5
7633,19.2,0.0,0.0,18.1,15.0,10.6
7634,19.5,0.0,0.0,18.3,15.2,10.7
7635,19.8,0.0,1.8,18.6,15.5,10.9
7636,19.8,0.0,5.4,18.5,15.4,10.8
7637,19.8,0.0,5.6,18.6,15.4,10.9
7638,19.6,0.0,5.1,18.4,15.2,10.7
7639,19.8,0.0,5.5,18.5,15.4,10.8
7640,19.9,0.0,5.6,18.6,15.5,10.9
7641,19.3,0.0,5.0,17.9,3.9,4.2
7642,18.1,0.0,0.0,16.4,2.1,3.0
7643,16.6,0.0,0.0,14.7,0.0,1.7
7644,15.3,0.0,0.0,13.7,0.0,0.8
7645,14.4,0.0,0.0,5.3,3.4,3.6
7646,13.9,0.0,0.0,5.0,0.0,0.3
7647,14.0,0.0,0.0,5.4,0.0,0.8
7648,14.3,0.0,0.0,5.6,0.0,1.2
7649,15.5,0.0,0.0,6.6,1.1,2.2
7650,16.7,0.0,0.0,7.7,13.5,9.7
7651,17.4,0.0,0.0,8.5,14.1,10.1
7652,17.7,0.0,0.0,0.0,14.2,10.1
7653,17.6,0.0,0.0,0.0,13.9,9.9
7654,17.5,0.0,0.0,0.0,13.7,9.7
7655,17.5,0.0,0.0,0.0,13.6,9.5
7656,17.5,0.0,0.0,16.4,13.5,9.4
7657,18.2,0.0,1.6,16.9,13.7,9.5
7658,18.0,0.0,1.3,16.8,13.5,9.4
7659,17.9,0.0,1.1,16.7,13.4,9.3
7660,18.0,0.0,1.2,16.7,13.5,9.4
7661,17.9,0.0,1.1,16.7,13.4,9.3
7662,17.9,0.0,1.1,16.7,13.4,9.3
7663,18.0,0.0,1.4,16.8,13.5,9.4
7664,18.3,0.0,2.0,17.1,13.8,9.6
7665,17.8,0.0,2.3,16.6,2.6,3.1
7666,17.5,0.0,0.3,16.4,2.1,2.8
7667,16.0,0.0,0.0,14.7,0.1,1.4
7668,15.0,0.0,0.0,13.6,0.0,0.5
7669,14.8,0.0,0.0,6.1,4.7,4.0
7670,15.3,0.0,0.0,6.5,0.2,1.4
7671,15.7,0.0,0.0,6.9,0.8,1.8
7672,10.2,0.0,0.0,7.3,1.3,2.1
7673,10.3,0.0,0.0,7.4,1.3,2.2
7674,10.6,0.0,0.0,7.6,12.6,8.8
7675,10.8,0.0,0.0,7.7,12.6,8.8
7676,2.3,0.0,0.0,0.0,12.6,8.8
7677,2.7,0.0,0.0,0.0,12.9,9.0
7678,3.3,0.0,0.0,0.0,13.3,9.3
7679,4.1,0.0,0.0,0.0,13.9,9.7
7680,13.1,0.0,1.5,17.4,14.4,10.0
7681,19.1,0.0,3.9,17.9,14.7,10.3
7682,18.9,0.0,3.3,17.6,14.4,10.1
7683,18.7,0.0,3.0,17.5,14.3,10.0
7684,18.7,0.0,3.0,17.5,14.3,10.0
7685,18.7,0.0,3.0,17.5,14.3,10.0
7686,18.6,0.0,2.8,17.4,14.2,9.9
7687,18.5,0.0,2.4,17.2,14.0,9.8
7688,18.4,0.0,2.2,17.2,13.9,9.7
7689,18.1,0.0,3.5,17.0,13.8,9.6
7690,18.1,0.0,3.3,17.0,13.8,9.6
7691,18.0,0.0,2.5,16.9,13.6,9.5
7692,17.3,0.0,0.0,16.3,12.9,8.9
7693,16.5,0.0,0.0,7.9,11.9,8.3
7694,17.2,0.0,0.0,8.5,12.9,9.0
7695,16.9,0.0,0.0,8.2,12.5,8.7
7696,11.3,0.0,0.0,8.0,12.4,8.6
7697,11.7,0.0,0.0,8.4,12.9,9.0
7698,11.8,0.0,0.8,8.4,12.9,9.0
7699,11.8,0.0,2.1,8.4,12.9,8.9
7700,3.8,0.0,1.4,0.0,12.9,8.9
7701,3.7,0.0,1.2,0.0,12.9,8.9
7702,3.7,0.0,1.2,0.0,12.9,8.9
7703,3.7,0.0,1.2,0.0,12.9,8.9
7704,11.9,0.0,2.3,16.1,12.9,8.9
7705,17.2,0.0,0.0,16.0,12.9,8.9
7706,17.2,0.0,0.0,16.1,12.9,8.9
7707,17.3,0.0,0.0,16.1,12.9,9.0
7708,17.3,0.0,0.0,16.1,12.9,9.0
7709,17.7,0.0,0.0,16.5,13.3,9.3
7710,17.5,0.0,0.0,16.3,13.1,9.1
7711,17.4,0.0,0.0,16.2,13.0,9.0
7712,17.6,0.0,0.0,16.3,13.1,9.1
7713,17.4,0.0,0.0,16.2,13.1,9.1
7714,17.1,0.0,0.0,16.0,12.7,8.8
7715,17.1,0.0,0.0,16.0,12.8,8.8
7716,17.0,0.0,0.0,15.9,12.7,8.8
7717,16.9,0.0,0.0,8.1,12.5,8.6
7718,16.9,0.0,0.0,8.1,12.6,8.7
7719,16.7,0.0,0.0,7.9,12.3,8.5
7720,11.2,0.0,0.0,7.9,12.4,8.5
7721,11.3,0.0,0.0,7.9,12.4,8.5
7722,11.2,0.0,0.0,7.8,12.3,8.5
7723,10.7,0.0,0.0,7.3,11.8,8.0
7724,2.1,0.0,0.0,0.0,11.4,7.8
7725,2.0,0.0,0.0,0.0,11.6,7.9
7726,2.1,0.0,0.0,0.0,11.7,8.0
7727,2.0,0.0,0.0,0.0,11.7,8.0
7728,10.6,0.0,0.0,15.1,12.0,8.2
7729,16.8,0.0,0.0,15.5,12.2,8.4
7730,16.9,0.0,0.0,15.7,12.4,8.5
7731,16.7,0.0,0.0,15.4,12.1,8.3
7732,17.1,0.0,0.0,15.8,12.6,8.7
7733,18.1,0.0,0.0,16.8,13.6,9.5
7734,18.0,0.0,0.0,16.7,13.5,9.4
7735,18.0,0.0,0.2,16.7,13.5,9.4
7736,17.7,0.0,0.6,16.5,13.2,9.2
7737,16.9,0.0,0.0,15.7,1.6,2.3
7738,15.8,0.0,0.0,14.3,0.0,1.2
7739,15.4,0.0,0.0,14.0,0.0,0.9
7740,15.3,0.0,0.0,14.4,0.0,1.1
7741,15.3,0.0,0.0,6.6,5.5,4.4
7742,15.2,0.0,0.0,6.5,0.0,1.3
7743,15.2,0.0,0.0,6.4,0.2,1.4
7744,15.8,0.0,0.0,6.9,0.9,1.9
7745,17.6,0.0,0.0,8.7,2.8,3.3
7746,17.7,0.0,0.0,8.8,13.8,9.7
7747,17.9,0.0,0.0,9.0,13.9,9.8
7748,18.1,0.0,0.0,0.0,14.0,9.8
7749,18.1,0.0,0.0,0.0,13.9,9.7
7750,18.0,0.0,1.1,0.0,13.7,9.5
7751,18.0,0.0,4.0,0.0,13.7,9.5
7752,17.6,0.0,2.5,16.4,13.2,9.2
7753,16.7,0.0,0.0,15.6,12.6,8.8
7754,16.4,0.0,0.0,15.3,12.3,8.6
7755,16.2,0.0,0.0,15.1,12.1,8.4
7756,16.1,0.0,0.0,15.0,12.0,8.3
7757,15.9,0.0,0.0,14.8,11.8,8.1
7758,15.8,0.0,0.0,14.8,11.7,8.1
7759,15.6,0.0,0.0,14.5,11.5,7.9
7760,15.3,0.0,0.0,14.2,11.1,7.7
7761,15.0,0.0,0.0,14.1,0.1,1.2
7762,14.8,0.0,0.0,13.9,0.0,1.0
7763,14.5,0.0,0.0,13.6,0.0,0.7
7764,14.4,0.0,0.0,13.5,0.0,0.7
7765,14.4,0.0,0.0,5.4,4.9,4.0
7766,14.3,0.0,0.0,5.4,0.0,0.7
7767,14.4,0.0,0.0,5.4,0.0,0.8
7768,14.4,0.0,0.0,5.5,0.0,0.9
7769,15.3,0.0,0.0,6.3,0.5,1.6
7770,15.1,0.0,0.0,6.1,11.4,7.9
7771,15.0,0.0,0.0,6.0,11.2,7.8
7772,15.0,0.0,0.0,0.0,11.2,7.8
7773,15.0,0.0,0.0,0.0,11.3,7.8
7774,15.2,0.0,0.0,0.0,11.5,8.0
7775,15.4,0.0,0.0,0.0,11.6,8.1
7776,15.9,0.0,0.0,14.9,12.1,8.4
7777,17.1,0.0,0.0,15.9,12.8,8.9
7778,16.4,0.0,0.0,15.2,12.1,8.3
7779,16.5,0.0,0.0,15.4,12.2,8.4
7780,16.2,0.0,0.0,15.0,11.9,8.2
7781,16.2,0.0,0.0,15.0,11.9,8.2
7782,16.5,0.0,0.0,15.3,12.2,8.4
7783,16.6,0.0,0.0,15.4,12.3,8.5
7784,17.2,0.0,0.0,16.0,12.9,9.0
7785,16.8,0.0,0.0,15.8,1.7,2.4
7786,16.3,0.0,0.0,15.2,1.0,1.9
7787,15.4,0.0,0.0,14.3,0.0,1.1
7788,14.4,0.0,0.0,13.3,0.0,0.3
7789,13.7,0.0,0.0,4.6,3.0,3.0
7790,14.5,0.0,0.0,5.6,0.0,0.8
7791,15.5,0.0,0.0,6.5,0.5,1.7
7792,9.8,0.0,0.0,7.1,1.3,2.2
7793,9.8,0.0,0.0,7.0,1.2,2.1
7794,9.8,0.0,0.0,6.9,12.1,8.4
7795,10.4,0.0,0.0,7.5,12.7,8.8
7796,1.8,0.0,0.0,0.0,12.7,8.9
7797,2.1,0.0,0.0,0.0,12.8,8.9
7798,2.2,0.0,0.0,0.0,12.7,8.8
7799,1.9,0.0,0.0,0.0,12.2,8.4
7800,10.7,0.0,0.0,15.4,12.3,8.5
7801,16.6,0.0,0.0,15.6,12.7,8.9
7802,17.0,0.0,0.0,15.9,13.0,9.1
7803,17.2,0.0,0.0,16.1,13.2,9.2
7804,17.4,0.0,0.0,16.3,13.3,9.3
7805,18.0,0.0,0.0,16.9,13.9,9.8
7806,17.5,0.0,0.0,16.3,13.3,9.3
7807,17.4,0.0,0.0,16.2,13.1,9.1
7808,17.4,0.0,0.0,16.2,13.1,9.1
7809,17.3,0.0,0.0,16.2,2.1,2.7
7810,16.5,0.0,0.0,15.0,0.7,1.8
7811,15.4,0.0,0.0,14.1,0.0,1.0
7812,14.4,0.0,0.0,13.1,0.0,0.2
7813,13.9,0.0,0.0,4.9,3.5,3.3
7814,13.3,0.0,0.0,4.4,0.0,0.0
7815,13.5,0.0,0.0,4.7,0.0,0.3
7816,14.0,0.0,0.0,5.0,0.0,0.7
7817,14.3,0.0,0.0,5.3,0.0,1.0
7818,14.6,0.0,0.0,5.6,11.2,7.9
7819,14.9,0.0,0.0,5.9,11.5,8.1
7820,15.0,0.0,0.0,0.0,11.6,8.1
7821,15.3,0.0,0.0,0.0,11.8,8.2
7822,15.7,0.0,0.0,0.0,12.2,8.6
7823,15.9,0.0,0.0,0.0,12.3,8.6
7824,16.1,0.0,0.0,15.2,12.4,8.7
7825,17.4,0.0,0.0,16.2,12.9,8.9
7826,17.4,0.0,0.0,16.1,12.8,8.9
7827,17.5,0.0,0.0,16.2,13.0,8.9
7828,17.7,0.0,0.3,16.4,13.2,9.1
7829,18.2,0.0,1.6,16.9,13.7,9.5
7830,18.6,0.0,2.6,17.3,14.1,9.8
7831,18.6,0.0,2.6,17.3,14.1,9.8
7832,18.6,0.0,2.7,17.4,14.1,9.9
7833,18.5,0.0,4.7,17.4,3.4,3.7
7834,18.4,0.0,4.3,17.3,3.3,3.6
7835,17.9,0.0,2.0,16.8,2.6,3.1
7836,17.3,0.0,0.0,16.2,1.9,2.6
7837,16.9,0.0,0.0,8.2,6.9,5.4
7838,15.8,0.0,0.0,7.2,0.2,1.4
7839,15.6,0.0,0.0,7.0,0.0,1.4
7840,10.3,0.0,0.0,7.3,0.9,1.8
7841,11.5,0.0,0.0,8.4,2.2,2.8
7842,12.8,0.0,0.0,9.6,14.3,10.1
7843,13.7,0.0,7.8,10.4,15.0,10.5
7844,5.2,0.0,6.4,0.0,14.4,10.1
7845,4.3,0.0,3.0,0.0,13.4,9.3
7846,4.5,0.0,3.9,0.0,13.7,9.5
7847,4.9,0.0,5.3,0.0,14.1,9.8
7848,13.8,0.0,8.0,18.0,14.9,10.4
7849,19.0,0.0,3.6,17.8,14.6,10.2
7850,19.1,0.0,4.0,17.9,14.7,10.3
7851,19.4,0.0,4.6,18.2,15.0,10.5
7852,18.4,0.0,2.2,17.1,13.9,9.7
7853,18.5,0.0,2.5,17.3,14.1,9.8
7854,18.5,0.0,2.5,17.3,14.1,9.8
7855,18.5,0.0,2.6,17.3,14.1,9.9
7856,18.6,0.0,2.8,17.4,14.2,9.9
7857,18.3,0.0,4.1,17.2,14.0,9.8
7858,18.2,0.0,3.3,17.1,13.9,9.7
7859,18.0,0.0,2.1,16.9,13.6,9.5
7860,17.5,0.0,0.3,16.5,13.1,9.1
7861,16.7,0.0,0.0,8.1,12.2,8.4
7862,15.2,0.0,0.0,6.5,10.0,7.2
7863,15.4,0.0,0.0,6.8,11.1,7.7
7864,10.3,0.0,0.0,7.3,12.0,8.3
7865,10.8,0.0,0.0,7.7,12.6,8.7
7866,11.0,0.0,0.0,7.9,12.6,8.8
7867,11.2,0.0,0.0,8.0,12.7,8.8
7868,3.1,0.0,0.0,0.0,13.0,9.0
7869,3.3,0.0,0.0,0.0,13.0,9.0
7870,3.6,0.0,0.0,0.0,13.2,9.2
7871,3.9,0.0,0.0,0.0,13.3,9.2
7872,12.1,0.0,2.8,16.4,13.2,9.2
7873,17.4,0.0,0.0,16.3,13.2,9.3
7874,17.4,0.0,0.0,16.3,13.3,9.3
7875,17.6,0.0,0.0,16.4,13.4,9.3
7876,17.9,0.0,0.0,16.7,13.6,9.5
7877,17.7,0.0,0.0,16.5,13.4,9.4
7878,17.5,0.0,0.0,16.3,13.2,9.2
7879,17.4,0.0,0.0,16.2,13.0,9.0
7880,17.3,0.0,0.0,16.1,12.9,8.9
7881,16.9,0.0,0.0,15.8,12.7,8.8
7882,16.9,0.0,0.0,15.8,12.6,8.7
7883,16.7,0.0,0.0,15.6,12.4,8.6
7884,16.5,0.0,0.0,15.4,12.3,8.4
7885,16.2,0.0,0.0,7.4,11.9,8.2
7886,15.8,0.0,0.0,7.1,11.5,7.9
7887,15.7,0.0,0.0,6.9,11.4,7.8
7888,9.9,0.0,0.0,6.7,11.3,7.8
7889,9.8,0.0,0.0,6.6,11.3,7.8
7890,9.8,0.0,0.0,6.7,11.4,7.8
7891,9.8,0.0,0.0,6.7,11.5,7.9
7892,1.2,0.0,0.0,0.0,11.6,8.0
7893,1.0,0.0,0.0,0.0,11.4,7.9
7894,1.0,0.0,0.0,0.0,11.5,7.9
7895,0.8,0.0,0.0,0.0,11.3,7.8
7896,9.5,0.0,0.0,14.4,11.3,7.8
7897,16.2,0.0,0.0,14.9,11.6,7.9
7898,16.0,0.0,0.0,14.7,11.4,7.8
7899,16.0,0.0,0.0,14.7,11.5,7.8
7900,15.9,0.0,0.0,14.7,11.4,7.8
7901,16.1,0.0,0.0,14.9,11.7,8.0
7902,16.6,0.0,0.0,15.4,12.2,8.4
7903,16.8,0.0,0.0,15.6,12.5,8.6
7904,16.6,0.0,0.0,15.4,12.2,8.4
7905,16.1,0.0,0.0,15.0,1.0,1.9
7906,15.9,0.0,0.0,14.8,0.7,1.6
7907,15.6,0.0,0.0,14.6,0.4,1.4
7908,15.8,0.0,0.0,14.7,0.6,1.6
7909,15.9,0.0,0.0,7.1,6.3,4.9
7910,16.1,0.0,0.0,7.2,0.9,1.8
7911,16.2,0.0,0.0,7.3,1.0,1.9
7912,16.2,0.0,0.0,7.4,1.2,2.0
7913,16.6,0.0,0.0,7.7,1.5,2.3
7914,17.4,0.0,0.0,8.5,13.3,9.3
7915,17.3,0.0,0.0,8.4,13.2,9.2
7916,17.2,0.0,0.0,0.0,13.1,9.1
7917,17.6,0.0,0.0,0.0,13.4,9.3
7918,17.8,0.0,0.0,0.0,13.6,9.4
7919,18.4,0.0,3.5,0.0,14.1,9.8
7920,18.3,0.0,4.8,17.1,13.9,9.7
7921,18.3,0.0,2.1,17.1,13.9,9.7
7922,18.1,0.0,1.7,16.9,13.7,9.6
7923,18.6,0.0,2.7,17.4,14.2,9.9
7924,19.2,0.0,4.1,18.0,14.8,10.4
7925,18.8,0.0,3.3,17.6,14.4,10.1
7926,18.7,0.0,3.1,17.5,14.3,10.1
7927,18.6,0.0,2.7,17.4,14.2,9.9
7928,18.3,0.0,2.2,17.1,13.9,9.7
7929,18.1,0.0,3.3,17.0,3.0,3.4
7930,17.7,0.0,1.6,16.6,2.5,3.1
7931,17.4,0.0,0.0,16.4,2.2,2.8
7932,17.0,0.0,0.0,16.1,1.7,2.5
7933,16.9,0.0,0.0,8.3,6.9,5.5
7934,17.0,0.0,0.0,8.4,1.7,2.5
7935,17.2,0.0,0.0,8.5,1.9,2.7
7936,17.4,0.0,0.0,8.7,2.3,2.9
7937,18.0,0.0,0.0,9.3,3.0,3.4
7938,18.5,0.0,4.4,9.7,14.2,10.0
7939,18.7,0.0,6.4,9.9,14.5,10.1
7940,19.5,0.0,9.1,0.0,15.3,10.8
7941,19.5,0.0,9.3,0.0,15.3,10.8
7942,19.1,0.0,8.0,0.0,14.9,10.5
7943,19.0,0.0,7.5,0.0,14.8,10.4
7944,18.6,0.0,6.3,17.5,14.4,10.1
7945,19.4,0.0,4.6,18.2,15.0,10.6
7946,18.8,0.0,3.2,17.6,14.4,10.1
7947,18.7,0.0,3.1,17.5,14.3,10.1
7948,18.9,0.0,3.4,17.7,14.5,10.2
7949,18.8,0.0,3.2,17.6,14.4,10.1
7950,18.5,0.0,2.5,17.3,14.1,9.9
7951,18.6,0.0,2.9,17.4,14.3,10.0
7952,18.5,0.0,2.5,17.3,14.1,9.9
7953,18.3,0.0,4.2,17.2,3.3,3.6
7954,17.9,0.0,2.4,16.8,2.7,3.2
7955,17.0,0.0,0.0,16.0,1.8,2.5
7956,16.3,0.0,0.0,15.4,1.0,1.9
7957,16.0,0.0,0.0,7.4,6.0,4.8
7958,15.0,0.0,0.0,6.3,0.0,0.8
7959,15.1,0.0,0.0,6.4,0.0,1.2
7960,9.9,0.0,0.0,7.2,1.1,2.1
7961,11.2,0.0,0.0,8.4,2.4,3.1
7962,12.1,0.0,0.0,9.1,14.1,10.0
7963,12.7,0.0,0.0,9.5,14.4,10.1
7964,4.7,0.0,0.0,0.0,14.3,10.1
7965,4.8,0.0,5.0,0.0,14.1,9.8
7966,4.7,0.0,4.8,0.0,14.0,9.8
7967,5.7,0.0,8.1,0.0,14.9,10.5
7968,13.9,0.0,11.2,18.2,15.1,10.6
7969,18.1,0.0,0.0,17.0,13.9,9.7
7970,18.9,0.0,0.0,17.8,14.6,10.3
7971,18.9,0.0,0.4,17.7,14.6,10.2
7972,18.7,0.0,3.0,17.5,14.3,10.0
7973,18.4,0.0,2.2,17.2,13.9,9.7
7974,18.2,0.0,1.8,17.0,13.7,9.6
7975,18.0,0.0,1.3,16.8,13.5,9.4
7976,17.9,0.0,1.2,16.7,13.5,9.4
7977,17.8,0.0,2.6,16.7,2.7,3.2
7978,17.8,0.0,2.8,16.7,2.7,3.2
7979,17.6,0.0,2.1,16.5,2.5,3.0
7980,17.1,0.0,0.4,16.0,2.0,2.6
7981,16.8,0.0,0.0,8.0,7.0,5.5
7982,16.1,0.0,0.0,7.4,0.9,1.8
7983,15.6,0.0,0.0,6.9,0.3,1.4
7984,15.7,0.0,0.0,7.0,0.5,1.5
7985,16.0,0.0,0.0,7.2,0.9,1.8
7986,16.1,0.0,0.0,7.3,12.0,8.3
7987,16.5,0.0,0.0,7.7,12.4,8.6
7988,16.1,0.0,0.0,0.0,11.9,8.2
7989,17.0,0.0,0.0,0.0,12.9,9.0
7990,16.9,0.0,0.0,0.0,12.8,8.9
7991,16.3,0.0,0.0,0.0,12.1,8.3
7992,16.2,0.0,0.0,15.1,12.0,8.2
7993,16.9,0.0,0.0,15.6,12.3,8.5
7994,16.8,0.0,0.0,15.6,12.3,8.4
7995,16.7,0.0,0.0,15.5,12.2,8.4
7996,16.6,0.0,0.0,15.4,12.1,8.3
7997,16.5,0.0,0.0,15.3,12.0,8.2
7998,16.2,0.0,0.0,15.0,11.7,8.0
7999,16.4,0.0,0.0,15.2,11.9,8.2
8000,16.3,0.0,0.0,15.1,11.9,8.1
8001,16.4,0.0,0.0,15.3,1.2,2.0
8002,15.2,0.0,0.0,14.2,0.0,1.1
8003,15.6,0.0,0.0,14.5,0.4,1.4
8004,16.0,0.0,0.0,14.9,0.9,1.8
8005,15.7,0.0,0.0,6.9,6.0,4.7
8006,15.2,0.0,0.0,6.4,0.0,1.2
8007,15.1,0.0,0.0,6.3,0.0,1.1
8008,9.4,0.0,0.0,6.5,0.2,1.3
8009,10.3,0.0,0.0,7.4,1.3,2.1
8010,11.1,0.0,0.0,8.0,13.0,9.1
8011,11.2,0.0,0.0,8.1,13.0,9.0
8012,3.0,0.0,0.0,0.0,13.1,9.1
8013,3.4,0.0,0.0,0.0,13.3,9.3
8014,3.1,0.0,0.0,0.0,12.8,8.8
8015,3.8,0.0,0.0,0.0,13.3,9.3
8016,13.0,0.0,2.1,17.3,14.2,9.9
8017,17.8,0.0,0.0,16.8,14.0,9.9
8018,17.3,0.0,0.0,16.2,13.4,9.4
8019,17.2,0.0,0.0,16.2,13.2,9.3
8020,17.6,0.0,0.0,16.5,13.5,9.5
8021,17.2,0.0,0.0,16.1,13.1,9.2
8022,17.7,0.0,0.0,16.5,13.5,9.5
8023,17.9,0.0,0.0,16.7,13.7,9.6
8024,17.3,0.0,0.0,16.1,13.0,9.1
8025,17.3,0.0,0.0,16.2,13.2,9.2
8026,16.6,0.0,0.0,15.6,12.4,8.6
8027,16.2,0.0,0.0,15.1,11.9,8.2
8028,16.0,0.0,0.0,15.0,11.6,8.0
8029,15.3,0.0,0.0,6.5,10.9,7.5
8030,14.8,0.0,0.0,6.1,10.4,7.2
8031,17.4,0.0,0.0,8.6,13.3,9.4
8032,9.1,0.0,0.0,6.1,10.8,7.4
8033,9.1,0.0,0.0,6.1,10.9,7.5
8034,9.0,0.0,0.0,6.0,10.9,7.5
8035,8.8,0.0,0.0,5.8,10.8,7.4
8036,0.0,0.0,0.0,0.0,10.5,7.2
8037,0.0,0.0,0.0,0.0,10.2,7.0
8038,0.0,0.0,0.0,0.0,10.2,7.0
8039,0.0,0.0,0.0,0.0,10.4,7.1
8040,8.2,0.0,0.0,13.5,10.7,7.4
8041,13.9,0.0,0.0,13.0,10.3,7.2
8042,13.3,0.0,0.0,12.4,9.7,6.7
8043,13.4,0.0,0.0,12.5,9.8,6.8
8044,13.7,0.0,0.0,12.8,10.1,7.0
8045,13.9,0.0,0.0,13.0,10.3,7.2
8046,13.9,0.0,0.0,13.0,10.4,7.2
8047,14.0,0.0,0.0,13.1,10.4,7.2
8048,13.9,0.0,0.0,13.0,10.3,7.2
8049,13.8,0.0,0.0,13.0,10.3,7.2
8050,13.6,0.0,0.0,12.8,10.1,7.0
8051,13.4,0.0,0.0,12.7,9.9,6.9
8052,13.3,0.0,0.0,12.5,9.8,6.8
8053,13.2,0.0,0.0,4.1,9.8,6.8
8054,13.1,0.0,0.0,4.0,9.7,6.7
8055,13.1,0.0,0.0,4.0,9.7,6.7
8056,6.3,0.0,0.0,4.0,9.7,6.7
8057,6.3,0.0,0.0,4.0,9.9,6.8
8058,6.2,0.0,0.0,3.9,9.7,6.8
8059,6.3,0.0,0.0,4.0,9.8,6.8
8060,0.0,0.0,0.0,0.0,10.0,6.9
8061,0.0,0.0,0.0,0.0,9.9,6.9
8062,0.0,0.0,0.0,0.0,10.0,7.0
8063,0.0,0.0,0.0,0.0,10.4,7.2
8064,7.0,0.0,0.0,13.1,10.5,7.4
8065,14.2,0.0,0.0,13.3,10.6,7.4
8066,14.4,0.0,0.0,13.5,10.8,7.5
8067,14.7,0.0,0.0,13.8,11.1,7.8
8068,15.0,0.0,0.0,14.1,11.4,8.0
8069,15.8,0.0,0.0,14.8,12.1,8.5
8070,16.0,0.0,0.0,15.1,12.4,8.7
8071,16.0,0.0,0.0,15.0,12.3,8.6
8072,16.1,0.0,0.0,15.1,12.3,8.6
8073,15.7,0.0,0.0,14.8,0.9,1.9
8074,15.8,0.0,0.0,14.8,0.9,1.8
8075,15.3,0.0,0.0,14.3,0.3,1.4
8076,15.0,0.0,0.0,14.1,0.1,1.2
8077,14.8,0.0,0.0,5.8,5.4,4.3
8078,14.7,0.0,0.0,5.7,0.0,0.9
8079,14.5,0.0,0.0,5.5,0.0,0.8
8080,14.4,0.0,0.0,5.4,0.0,0.8
8081,13.9,0.0,0.0,4.9,0.0,0.4
8082,13.7,0.0,0.0,4.7,9.9,6.8
8083,13.7,0.0,0.0,4.6,9.9,6.8
8084,13.7,0.0,0.0,0.0,10.0,6.9
8085,13.5,0.0,0.0,0.0,9.8,6.7
8086,13.2,0.0,0.0,0.0,9.6,6.5
8087,13.2,0.0,0.0,0.0,9.6,6.6
8088,13.1,0.0,0.0,12.3,9.6,6.6
8089,13.0,0.0,0.0,12.2,9.5,6.5
8090,13.1,0.0,0.0,12.2,9.6,6.6
8091,13.3,0.0,0.0,12.4,9.8,6.8
8092,13.4,0.0,0.0,12.6,9.9,6.9
8093,13.5,0.0,0.0,12.7,10.0,7.0
8094,13.6,0.0,0.0,12.8,10.1,7.0
8095,13.7,0.0,0.0,12.9,10.2,7.1
8096,13.8,0.0,0.0,12.9,10.3,7.2
8097,13.8,0.0,0.0,13.1,0.0,0.6
8098,13.3,0.0,0.0,12.4,0.0,0.1
8099,12.6,0.0,0.0,11.5,0.0,0.0
8100,12.5,0.0,0.0,11.7,0.0,0.0
8101,12.0,0.0,0.0,2.9,2.5,2.5
8102,11.6,0.0,0.0,2.3,0.0,0.0
8103,12.0,0.0,0.0,2.8,0.0,0.0
8104,12.5,0.0,0.0,3.3,0.0,0.0
8105,12.9,0.0,0.0,3.7,0.0,0.3
8106,13.2,0.0,0.0,4.0,10.4,7.4
8107,13.5,0.0,0.0,4.2,10.6,7.5
8108,13.8,0.0,0.0,0.0,10.8,7.6
8109,13.8,0.0,0.0,0.0,10.8,7.6
8110,14.0,0.0,0.0,0.0,10.9,7.7
8111,14.2,0.0,0.0,0.0,11.1,7.8
8112,14.6,0.0,0.0,13.8,11.4,8.0
8113,16.0,0.0,0.0,14.9,11.9,8.3
8114,16.0,0.0,0.0,14.9,12.0,8.3
8115,16.3,0.0,0.0,15.1,12.2,8.4
8116,16.2,0.0,0.0,15.1,12.1,8.4
8117,16.2,0.0,0.0,15.0,12.0,8.3
8118,16.2,0.0,0.0,15.1,12.1,8.4
8119,16.1,0.0,0.0,15.0,12.0,8.3
8120,16.0,0.0,0.0,14.9,11.8,8.2
8121,15.8,0.0,0.0,14.7,0.7,1.6
8122,15.5,0.0,0.0,14.5,0.4,1.4
8123,15.0,0.0,0.0,14.0,0.0,1.0
8124,14.6,0.0,0.0,13.6,0.0,0.7
8125,14.1,0.0,0.0,5.2,4.4,3.6
8126,13.9,0.0,0.0,5.0,0.0,0.2
8127,13.9,0.0,0.0,5.0,0.0,0.3
8128,7.9,0.0,0.0,5.3,0.0,0.7
8129,8.6,0.0,0.0,5.9,0.1,1.3
8130,8.7,0.0,0.0,5.9,11.3,7.8
8131,9.0,0.0,0.0,6.3,11.6,8.1
8132,0.2,0.0,0.0,0.0,12.0,8.4
8133,0.5,0.0,0.0,0.0,12.2,8.5
8134,0.7,0.0,0.0,0.0,12.1,8.4
8135,0.8,0.0,0.0,0.0,12.1,8.4
8136,10.0,0.0,0.0,15.0,12.1,8.4
8137,16.0,0.0,0.0,15.0,12.1,8.5
8138,16.0,0.0,0.0,15.0,12.1,8.4
8139,16.0,0.0,0.0,14.9,12.0,8.4
8140,16.1,0.0,0.0,15.0,12.1,8.4
8141,16.1,0.0,0.0,15.0,12.1,8.4
8142,16.3,0.0,0.0,15.2,12.3,8.5
8143,16.2,0.0,0.0,15.1,12.1,8.4
8144,16.4,0.0,0.0,15.3,12.4,8.6
8145,16.3,0.0,0.0,15.3,1.3,2.2
8146,15.4,0.0,0.0,14.4,0.4,1.4
8147,14.8,0.0,0.0,13.9,0.0,0.9
8148,14.2,0.0,0.0,13.3,0.0,0.4
8149,14.0,0.0,0.0,5.1,4.4,3.6
8150,13.7,0.0,0.0,4.8,0.0,0.1
8151,13.8,0.0,0.0,4.9,0.0,0.3
8152,14.2,0.0,0.0,5.1,0.0,0.7
8153,14.4,0.0,0.0,5.3,0.0,0.9
8154,14.5,0.0,0.0,5.5,10.9,7.6
8155,14.5,0.0,0.0,5.5,10.9,7.6
8156,14.7,0.0,0.0,0.0,11.1,7.7
8157,14.7,0.0,0.0,0.0,11.0,7.6
8158,14.8,0.0,0.0,0.0,11.2,7.8
8159,14.9,0.0,0.0,0.0,11.2,7.8
8160,15.0,0.0,0.0,14.1,11.3,7.9
8161,15.5,0.0,0.0,14.4,11.4,7.9
8162,15.6,0.0,0.0,14.5,11.6,8.0
8163,15.6,0.0,0.0,14.5,11.5,7.9
8164,15.6,0.0,0.0,14.5,11.6,8.0
8165,15.6,0.0,0.0,14.5,11.5,7.9
8166,15.6,0.0,0.0,14.5,11.6,8.0
8167,15.6,0.0,0.0,14.5,11.5,8.0
8168,15.5,0.0,0.0,14.5,11.5,7.9
8169,15.4,0.0,0.0,14.4,0.4,1.4
8170,15.3,0.0,0.0,14.3,0.3,1.3
8171,15.0,0.0,0.0,14.1,0.0,1.1
8172,14.6,0.0,0.0,13.7,0.0,0.7
8173,14.4,0.0,0.0,5.5,4.8,3.9
8174,14.1,0.0,0.0,5.2,0.0,0.4
8175,14.0,0.0,0.0,5.0,0.0,0.4
8176,7.9,0.0,0.0,5.3,0.0,0.8
8177,8.6,0.0,0.0,5.9,0.1,1.3
8178,8.8,0.0,0.0,6.1,11.4,7.9
8179,9.0,0.0,0.0,6.3,11.6,8.1
8180,0.0,0.0,0.0,0.0,11.7,8.1
8181,0.0,0.0,0.0,0.0,11.8,8.2
8182,0.3,0.0,0.0,0.0,11.9,8.3
8183,0.5,0.0,0.0,0.0,12.0,8.3
8184,10.0,0.0,0.0,15.1,12.2,8.5
8185,17.3,0.0,0.0,16.0,12.7,8.8
8186,17.4,0.0,0.0,16.2,12.9,8.9
8187,17.3,0.0,0.0,16.1,12.8,8.8
8188,17.4,0.0,0.0,16.1,12.9,8.9
8189,17.6,0.0,0.0,16.3,13.1,9.0
8190,17.7,0.0,0.2,16.5,13.2,9.1
8191,17.9,0.0,1.1,16.7,13.4,9.3
8192,18.0,0.0,1.2,16.7,13.5,9.3
8193,17.9,0.0,2.9,16.8,13.6,9.4
8194,17.9,0.0,2.7,16.8,13.6,9.4
8195,17.8,0.0,1.9,16.7,13.4,9.3
8196,17.6,0.0,0.9,16.5,13.1,9.1
8197,17.7,0.0,1.2,8.9,13.2,9.2
8198,17.5,0.0,0.6,8.7,13.1,9.1
8199,17.7,0.0,1.2,8.9,13.2,9.2
8200,12.5,0.0,4.9,9.1,13.6,9.4
8201,12.9,0.0,6.7,9.5,14.0,9.7
8202,12.7,0.0,5.8,9.3,13.8,9.6
8203,12.7,0.0,6.0,9.3,13.8,9.6
8204,5.1,0.0,6.1,0.0,14.3,10.0
8205,5.1,0.0,5.9,0.0,14.3,10.0
8206,4.9,0.0,5.4,0.0,14.1,9.9
8207,4.9,0.0,5.4,0.0,14.1,9.9
8208,12.9,0.0,6.9,17.2,14.0,9.8
8209,18.8,0.0,3.2,17.6,14.4,10.1
8210,18.8,0.0,3.4,17.7,14.5,10.2
8211,18.9,0.0,3.6,17.8,14.6,10.3
8212,19.1,0.0,3.9,17.9,14.7,10.4
8213,19.1,0.0,4.1,18.0,14.8,10.4
8214,19.2,0.0,4.2,18.0,14.8,10.5
8215,19.2,0.0,4.3,18.1,14.9,10.5
8216,19.2,0.0,4.2,18.0,14.9,10.5
8217,18.9,0.0,6.2,17.9,14.8,10.4
8218,18.9,0.0,6.2,17.9,14.8,10.4
8219,19.0,0.0,6.2,17.9,14.8,10.5
8220,18.9,0.0,6.0,17.9,14.8,10.4
8221,18.9,0.0,5.9,10.2,14.8,10.4
8222,18.9,0.0,6.0,10.3,14.8,10.4
8223,19.0,0.0,6.2,10.3,14.8,10.5
8224,13.7,0.0,10.4,10.4,15.0,10.6
8225,13.8,0.0,10.7,10.5,15.1,10.6
8226,13.8,0.0,10.7,10.5,15.1,10.6
8227,13.7,0.0,10.5,10.4,15.0,10.6
8228,5.6,0.0,7.9,0.0,15.0,10.6
8229,5.6,0.0,8.1,0.0,15.0,10.6
8230,5.6,0.0,8.1,0.0,15.0,10.6
8231,5.6,0.0,8.1,0.0,15.0,10.6
8232,13.7,0.0,10.3,18.0,15.0,10.6
8233,19.3,0.0,4.5,18.2,15.0,10.6
8234,19.2,0.0,4.4,18.1,15.0,10.6
8235,19.2,0.0,4.4,18.1,15.0,10.6
8236,19.2,0.0,4.4,18.1,15.0,10.6
8237,19.2,0.0,4.4,18.1,15.0,10.6
8238,19.2,0.0,4.3,18.1,14.9,10.6
8239,19.2,0.0,4.4,18.1,15.0,10.6
8240,19.2,0.0,4.4,18.1,15.0,10.6
8241,19.1,0.0,6.8,18.1,4.2,4.4
8242,19.1,0.0,6.8,18.1,4.2,4.4
8243,19.1,0.0,6.7,18.1,4.2,4.4
8244,19.0,0.0,6.3,18.0,4.1,4.3
8245,18.9,0.0,6.1,10.3,9.4,7.4
8246,19.0,0.0,6.3,10.3,4.0,4.3
8247,19.0,0.0,6.4,10.3,4.0,4.3
8248,19.1,0.0,6.7,10.4,4.1,4.3
8249,19.1,0.0,6.8,10.4,4.2,4.4
8250,19.1,0.0,7.0,10.5,15.1,10.7
8251,19.1,0.0,8.0,10.4,15.0,10.6
8252,19.2,0.0,8.4,0.0,15.1,10.7
8253,19.2,0.0,8.4,0.0,15.1,10.7
8254,19.2,0.0,8.5,0.0,15.2,10.8
8255,19.2,0.0,8.5,0.0,15.2,10.8
8256,19.3,0.0,8.9,18.3,15.3,10.8
8257,19.6,0.0,5.3,18.5,15.4,10.9
8258,19.6,0.0,5.3,18.5,15.4,10.9
8259,19.6,0.0,5.4,18.6,15.4,11.0
8260,19.6,0.0,5.3,18.5,15.4,10.9
8261,19.5,0.0,5.1,18.4,15.3,10.9
8262,19.5,0.0,5.1,18.4,15.3,10.9
8263,19.5,0.0,5.1,18.4,15.3,10.9
8264,19.4,0.0,5.0,18.4,15.2,10.8
8265,19.3,0.0,7.5,18.3,4.4,4.6
8266,19.3,0.0,7.4,18.3,4.4,4.6
8267,19.3,0.0,7.3,18.3,4.4,4.6
8268,19.2,0.0,6.8,18.2,4.3,4.5
8269,19.2,0.0,6.8,10.6,9.7,7.6
8270,19.3,0.0,7.2,10.7,4.4,4.6
8271,19.3,0.0,7.5,10.7,4.4,4.6
8272,19.4,0.0,7.7,10.7,4.5,4.6
8273,19.5,0.0,8.1,10.9,4.6,4.7
8274,19.4,0.0,8.0,10.8,15.4,11.0
8275,19.4,0.0,9.3,10.8,15.4,11.0
8276,19.5,0.0,9.5,0.0,15.5,11.0
8277,19.5,0.0,9.5,0.0,15.5,11.0
8278,19.6,0.0,9.8,0.0,15.6,11.1
8279,19.5,0.0,9.5,0.0,15.5,11.0
8280,19.5,0.0,9.5,18.5,15.5,11.0
8281,19.7,0.0,5.5,18.6,15.5,11.0
8282,19.7,0.0,5.5,18.6,15.5,11.0
8283,19.6,0.0,5.4,18.5,15.4,11.0
8284,19.6,0.0,5.4,18.5,15.4,11.0
8285,19.7,0.0,5.6,18.6,15.5,11.0
8286,19.8,0.0,5.9,18.7,15.6,11.1
8287,19.7,0.0,5.6,18.6,15.5,11.1
8288,19.6,0.0,5.4,18.5,15.4,11.0
8289,19.5,0.0,8.1,18.5,4.6,4.7
8290,19.5,0.0,8.1,18.5,4.6,4.7
8291,19.4,0.0,7.6,18.4,4.5,4.6
8292,19.3,0.0,7.2,18.3,4.4,4.6
8293,19.1,0.0,6.8,10.5,9.6,7.6
8294,19.0,0.0,6.4,10.4,4.1,4.3
8295,19.0,0.0,6.6,10.4,4.1,4.4
8296,13.8,0.0,10.7,10.5,4.3,4.5
8297,13.7,0.0,10.5,10.5,4.2,4.4
8298,13.6,0.0,9.8,10.3,14.9,10.6
8299,13.5,0.0,9.6,10.3,14.8,10.5
8300,5.4,0.0,7.2,0.0,14.8,10.5
8301,5.3,0.0,7.0,0.0,14.7,10.4
8302,5.3,0.0,7.0,0.0,14.7,10.4
8303,5.3,0.0,6.8,0.0,14.7,10.4
8304,13.3,0.0,8.7,17.7,14.6,10.3
8305,18.9,0.0,3.6,17.8,14.6,10.3
8306,18.9,0.0,3.6,17.8,14.6,10.3
8307,18.8,0.0,3.5,17.7,14.5,10.3
8308,18.8,0.0,3.5,17.7,14.5,10.3
8309,18.8,0.0,3.4,17.7,14.5,10.2
8310,18.8,0.0,3.4,17.7,14.5,10.2
8311,18.7,0.0,3.2,17.6,14.4,10.2
8312,18.7,0.0,3.2,17.6,14.4,10.2
8313,18.5,0.0,4.9,17.5,3.5,3.9
8314,18.3,0.0,4.4,17.3,3.3,3.7
8315,18.0,0.0,2.8,17.0,2.9,3.4
8316,17.3,0.0,0.4,16.3,2.2,2.8
8317,16.8,0.0,0.0,8.2,7.0,5.5
8318,16.4,0.0,0.0,7.8,1.2,2.1
8319,16.2,0.0,0.0,7.5,0.9,2.0
8320,16.6,0.0,0.0,7.9,1.5,2.3
8321,16.9,0.0,0.0,8.2,1.9,2.6
8322,17.1,0.0,0.0,8.4,13.0,9.1
8323,17.7,0.0,0.0,9.0,13.6,9.6
8324,18.6,0.0,4.7,0.0,14.4,10.1
8325,19.3,0.0,8.5,0.0,15.1,10.7
8326,19.3,0.0,8.5,0.0,15.1,10.7
8327,19.6,0.0,9.7,0.0,15.5,11.0
8328,19.8,0.0,10.4,18.7,15.7,11.1
8329,20.0,0.0,6.2,18.9,15.8,11.2
8330,20.6,0.0,7.5,19.4,16.3,11.6
8331,20.6,0.0,7.5,19.4,16.3,11.6
8332,21.0,0.0,8.5,19.9,16.8,12.0
8333,21.2,0.0,9.0,20.1,17.0,12.2
8334,21.3,0.0,9.1,20.1,17.1,12.2
8335,21.3,0.0,9.2,20.1,17.1,12.2
8336,21.3,0.0,9.2,20.2,17.1,12.2
8337,20.6,0.0,11.5,19.6,5.8,5.6
8338,18.8,0.0,4.6,17.7,3.7,4.0
8339,18.1,0.0,1.8,17.2,2.9,3.5
8340,17.4,0.0,0.0,16.5,2.1,2.9
8341,16.9,0.0,0.0,8.3,7.0,5.6
8342,16.9,0.0,0.0,8.3,1.7,2.5
8343,16.3,0.0,0.0,7.7,0.0,2.1
8344,10.9,0.0,0.0,8.0,1.7,2.5
8345,11.7,0.0,0.0,8.7,2.5,3.1
8346,12.1,0.0,0.0,8.9,13.6,9.6
8347,12.4,0.0,1.8,9.2,13.8,9.7
8348,4.6,0.0,4.3,0.0,13.9,9.7
8349,4.6,0.0,4.5,0.0,13.9,9.8
8350,4.5,0.0,4.1,0.0,13.8,9.7
8351,4.4,0.0,3.8,0.0,13.7,9.6
8352,12.3,0.0,2.9,16.6,13.5,9.4
8353,16.4,0.0,0.0,15.5,12.8,9.1
8354,16.2,0.0,0.0,15.3,12.5,8.8
8355,16.2,0.0,0.0,15.3,12.5,8.8
8356,16.0,0.0,0.0,15.1,12.2,8.6
8357,15.7,0.0,0.0,14.8,11.9,8.3
8358,15.6,0.0,0.0,14.6,11.7,8.2
8359,15.5,0.0,0.0,14.5,11.6,8.1
8360,14.9,0.0,0.0,13.9,10.9,7.6
8361,14.3,0.0,0.0,13.4,10.5,7.3
8362,14.1,0.0,0.0,13.2,10.3,7.1
8363,13.6,0.0,0.0,12.7,9.7,6.7
8364,13.0,0.0,0.0,12.2,9.1,6.3
8365,12.5,0.0,0.0,3.7,8.7,6.0
8366,12.6,0.0,0.0,3.7,9.0,6.2
8367,12.7,0.0,0.0,3.7,9.1,6.3
8368,6.0,0.0,0.0,3.7,9.3,6.5
8369,6.3,0.0,0.0,4.0,9.7,6.8
8370,6.5,0.0,0.0,4.2,10.0,7.0
8371,6.6,0.0,0.0,4.3,10.1,7.1
8372,0.0,0.0,0.0,0.0,10.6,7.5
8373,0.0,0.0,0.0,0.0,10.8,7.6
8374,0.0,0.0,0.0,0.0,11.3,8.0
8375,0.0,0.0,0.0,0.0,11.0,7.7
8376,7.5,0.0,0.0,13.3,10.7,7.5
8377,15.3,0.0,0.0,14.2,11.1,7.6
8378,15.6,0.0,0.0,14.4,11.4,7.9
8379,16.1,0.0,0.0,14.9,11.9,8.2
8380,15.8,0.0,0.0,14.7,11.7,8.1
8381,15.6,0.0,0.0,14.5,11.5,7.9
8382,15.4,0.0,0.0,14.3,11.2,7.7
8383,15.4,0.0,0.0,14.2,11.2,7.7
8384,15.3,0.0,0.0,14.2,11.2,7.7
8385,15.1,0.0,0.0,14.1,11.2,7.7
8386,15.1,0.0,0.0,14.1,11.2,7.7
8387,14.9,0.0,0.0,14.0,11.0,7.5
8388,14.8,0.0,0.0,13.8,10.8,7.4
8389,14.5,0.0,0.0,5.5,10.4,7.2
8390,14.5,0.0,0.0,5.5,10.5,7.3
8391,14.6,0.0,0.0,5.6,10.7,7.4
8392,8.4,0.0,0.0,5.6,10.9,7.5
8393,8.8,0.0,0.0,6.0,11.3,7.8
8394,9.1,0.0,0.0,6.3,11.6,8.0
8395,9.3,0.0,0.0,6.5,11.7,8.1
8396,0.4,0.0,0.0,0.0,12.0,8.3
8397,0.8,0.0,0.0,0.0,12.2,8.5
8398,1.1,0.0,0.0,0.0,12.3,8.5
8399,1.5,0.0,0.0,0.0,12.6,8.7
8400,10.5,0.0,0.0,15.4,12.4,8.6
8401,17.4,0.0,0.0,16.1,12.9,8.9
8402,17.4,0.0,0.0,16.1,12.8,8.8
8403,17.5,0.0,0.0,16.2,13.0,8.9
8404,17.9,0.0,0.7,16.6,13.3,9.2
8405,17.9,0.0,1.0,16.6,13.4,9.3
8406,17.9,0.0,1.0,16.6,13.4,9.3
8407,18.2,0.0,1.6,16.9,13.7,9.5
8408,17.4,0.0,0.0,16.2,12.9,8.9
8409,17.1,0.0,0.3,15.9,1.9,2.5
8410,17.0,0.0,0.0,15.8,1.7,2.4
8411,16.7,0.0,0.0,15.6,1.5,2.2
8412,16.5,0.0,0.0,15.4,1.2,2.0
8413,16.4,0.0,0.0,7.7,6.6,5.1
8414,16.5,0.0,0.0,7.7,1.2,2.0
8415,16.6,0.0,0.0,7.8,1.3,2.1
8416,16.8,0.0,0.0,8.0,1.6,2.3
8417,17.1,0.0,0.0,8.3,2.0,2.6
8418,17.4,0.0,0.0,8.6,13.1,9.1
8419,17.6,0.0,0.0,8.7,13.3,9.2
8420,17.7,0.0,2.0,0.0,13.3,9.2
8421,17.7,0.0,3.0,0.0,13.4,9.3
8422,17.7,0.0,2.8,0.0,13.3,9.2
8423,17.8,0.0,3.3,0.0,13.5,9.4
8424,17.8,0.0,3.2,16.6,13.4,9.3
8425,16.9,0.0,0.0,15.9,13.2,9.3
8426,17.0,0.0,0.0,16.0,13.1,9.3
8427,17.0,0.0,0.0,16.0,13.1,9.2
8428,16.9,0.0,0.0,15.9,13.0,9.1
8429,16.9,0.0,0.0,15.9,12.9,9.1
8430,16.9,0.0,0.0,15.8,12.8,9.0
8431,16.8,0.0,0.0,15.7,12.7,8.9
8432,16.6,0.0,0.0,15.5,12.5,8.7
8433,16.2,0.0,0.0,15.2,1.2,2.1
8434,16.0,0.0,0.0,14.9,0.9,1.8
8435,15.6,0.0,0.0,14.6,0.4,1.5
8436,15.0,0.0,0.0,14.1,0.0,1.0
8437,14.9,0.0,0.0,6.1,5.3,4.2
8438,14.8,0.0,0.0,6.0,0.0,1.0
8439,14.7,0.0,0.0,5.8,0.0,0.9
8440,14.6,0.0,0.0,5.6,0.0,0.9
8441,14.5,0.0,0.0,5.6,0.0,0.9
8442,14.4,0.0,0.0,5.4,10.6,7.3
8443,14.3,0.0,0.0,5.4,10.6,7.3
8444,14.3,0.0,0.0,0.0,10.5,7.3
8445,14.2,0.0,0.0,0.0,10.5,7.2
8446,14.1,0.0,0.0,0.0,10.4,7.1
8447,13.8,0.0,0.0,0.0,10.1,6.9
8448,13.7,0.0,0.0,12.9,10.1,6.9
8449,14.5,0.0,0.0,13.4,10.3,7.0
8450,14.6,0.0,0.0,13.5,10.5,7.2
8451,14.3,0.0,0.0,13.2,10.3,7.0
8452,14.2,0.0,0.0,13.2,10.2,7.0
8453,14.2,0.0,0.0,13.1,10.2,7.0
8454,14.1,0.0,0.0,13.1,10.2,7.0
8455,14.2,0.0,0.0,13.2,10.3,7.1
8456,14.1,0.0,0.0,13.1,10.2,7.0
8457,13.9,0.0,0.0,13.0,0.0,0.4
8458,14.4,0.0,0.0,13.5,0.0,0.8
8459,14.5,0.0,0.0,13.6,0.0,0.9
8460,14.6,0.0,0.0,13.8,0.0,1.0
8461,14.7,0.0,0.0,5.7,5.5,4.4
8462,14.8,0.0,0.0,5.7,0.0,1.1
8463,14.9,0.0,0.0,5.8,0.0,1.2
8464,8.6,0.0,0.0,5.9,0.1,1.2
8465,8.7,0.0,0.0,6.0,0.2,1.3
8466,8.8,0.0,0.0,6.1,11.4,7.9
8467,8.9,0.0,0.0,6.2,11.4,7.9
8468,0.0,0.0,0.0,0.0,11.6,8.0
8469,0.0,0.0,0.0,0.0,11.6,8.0
8470,0.2,0.0,0.0,0.0,11.8,8.2
8471,0.5,0.0,0.0,0.0,11.9,8.3
8472,10.0,0.0,0.0,15.0,12.2,8.4
8473,17.3,0.0,0.0,16.1,12.9,8.9
8474,17.5,0.0,0.0,16.3,13.0,9.0
8475,17.8,0.0,0.9,16.6,13.4,9.3
8476,18.1,0.0,1.6,16.9,13.7,9.5
8477,18.3,0.0,2.1,17.1,13.9,9.7
8478,18.5,0.0,2.5,17.3,14.1,9.8
8479,18.7,0.0,3.0,17.5,14.3,10.0
8480,18.9,0.0,3.4,17.6,14.5,10.1
8481,18.7,0.0,5.5,17.6,3.6,3.9
8482,18.9,0.0,5.9,17.8,3.8,4.0
8483,18.8,0.0,5.4,17.7,3.7,4.0
8484,18.6,0.0,4.4,17.6,3.4,3.8
8485,18.6,0.0,4.5,9.9,8.9,6.9
8486,18.6,0.0,4.5,9.9,3.5,3.8
8487,18.6,0.0,3.8,9.9,3.4,3.7
8488,18.8,0.0,5.4,10.1,3.7,3.9
8489,19.0,0.0,6.4,10.3,4.0,4.2
8490,19.1,0.0,6.6,10.3,14.9,10.5
8491,19.2,0.0,8.1,10.4,15.0,10.5
8492,19.3,0.0,8.5,0.0,15.1,10.6
8493,19.5,0.0,9.2,0.0,15.3,10.8
8494,19.7,0.0,9.9,0.0,15.5,11.0
8495,19.9,0.0,10.6,0.0,15.7,11.1
8496,20.0,0.0,11.2,19.0,15.9,11.3
8497,20.4,0.0,7.1,19.3,16.2,11.5
8498,20.5,0.0,7.4,19.4,16.3,11.7
8499,20.6,0.0,7.8,19.6,16.5,11.8
8500,20.8,0.0,8.2,19.8,16.7,11.9
8501,21.0,0.0,8.7,20.0,16.9,12.1
8502,21.1,0.0,8.9,20.1,17.0,12.2
8503,21.2,0.0,9.1,20.1,17.1,12.2
8504,21.2,0.0,9.2,20.2,17.1,12.3
8505,21.1,0.0,13.1,20.1,6.3,6.1
8506,20.8,0.0,9.4,19.6,5.7,5.7
8507,20.1,0.0,2.3,18.6,4.3,4.9
8508,19.4,0.0,0.0,18.0,3.4,4.3
8509,18.9,0.0,0.0,9.9,8.0,7.1
8510,18.3,0.0,0.0,9.5,1.9,3.6
8511,18.2,0.0,0.0,9.6,1.7,3.8
8512,12.8,0.0,0.0,10.1,4.0,4.4
8513,14.1,0.0,1.4,11.1,5.0,5.1
8514,15.1,0.0,16.3,11.8,16.5,11.8
8515,15.3,0.0,17.1,12.0,16.7,11.9
8516,7.3,0.0,14.0,0.7,16.8,12.1
8517,7.5,0.0,14.7,0.9,17.0,12.2
8518,7.5,0.0,14.7,0.9,17.0,12.2
8519,7.7,0.0,15.3,1.0,17.2,12.3
8520,15.7,0.0,15.3,20.2,17.2,12.3
8521,21.4,0.0,9.5,20.3,17.3,12.4
8522,21.5,0.0,9.8,20.4,17.4,12.5
8523,21.5,0.0,9.8,20.4,17.4,12.5
8524,21.6,0.0,10.0,20.5,17.5,12.6
8525,21.7,0.0,10.4,20.7,17.7,12.7
8526,21.6,0.0,10.2,20.6,17.6,12.6
8527,21.6,0.0,10.2,20.6,17.6,12.7
8528,21.6,0.0,10.1,20.5,17.5,12.6
8529,21.3,0.0,13.8,20.4,17.4,12.5
8530,20.5,0.0,10.5,19.5,16.5,11.8
8531,19.8,0.0,7.5,18.9,15.7,11.3
8532,18.6,0.0,3.2,17.8,14.4,10.3
8533,16.8,0.0,0.0,8.0,11.5,8.6
8534,16.8,0.0,0.0,8.3,12.4,8.9
8535,17.1,0.0,0.0,8.5,12.9,9.3
8536,11.9,0.0,0.0,9.0,13.6,9.7
8537,13.1,0.0,1.8,10.0,14.7,10.4
8538,13.9,0.0,11.1,10.6,15.2,10.8
8539,14.1,0.0,12.2,10.9,15.5,11.0
8540,6.0,0.0,9.5,0.0,15.5,11.0
8541,5.9,0.0,9.3,0.0,15.4,11.0
8542,6.1,0.0,9.8,0.0,15.6,11.1
8543,6.4,0.0,11.0,0.0,15.9,11.4
8544,14.6,0.0,14.4,19.0,16.0,11.4
8545,20.4,0.0,7.3,19.3,16.3,11.6
8546,20.5,0.0,7.5,19.4,16.4,11.7
8547,20.4,0.0,7.2,19.3,16.2,11.6
8548,20.3,0.0,7.1,19.2,16.2,11.6
8549,20.4,0.0,7.3,19.3,16.3,11.6
8550,20.6,0.0,7.6,19.5,16.4,11.8
8551,20.7,0.0,8.0,19.6,16.6,11.9
8552,20.8,0.0,8.1,19.7,16.6,11.9
8553,20.6,0.0,11.6,19.7,16.7,12.0
8554,20.5,0.0,10.5,19.5,16.5,11.8
8555,20.3,0.0,9.7,19.4,16.3,11.7
8556,18.8,0.0,0.0,17.5,13.8,10.2
8557,18.1,0.0,0.0,9.2,12.8,9.6
8558,17.8,0.0,0.0,9.1,12.6,9.6
8559,17.9,0.0,0.0,9.3,12.4,9.9
8560,12.4,0.0,0.0,9.7,14.7,10.5
8561,13.6,0.0,0.0,10.6,15.5,11.1
8562,14.4,0.0,11.6,11.2,15.9,11.4
8563,14.6,0.0,14.4,11.4,16.0,11.4
8564,6.7,0.0,12.0,0.1,16.2,11.6
8565,7.0,0.0,13.0,0.4,16.5,11.8
8566,7.3,0.0,13.9,0.6,16.8,12.0
8567,7.4,0.0,14.2,0.7,16.9,12.1
8568,15.5,0.0,18.0,19.9,16.9,12.1
8569,21.2,0.0,9.2,20.2,17.2,12.3
8570,21.2,0.0,9.2,20.2,17.2,12.4
8571,21.3,0.0,9.4,20.3,17.3,12.4
8572,21.5,0.0,10.0,20.5,17.5,12.6
8573,21.5,0.0,10.0,20.5,17.5,12.6
8574,21.8,0.0,10.6,20.8,17.8,12.8
8575,21.8,0.0,10.6,20.8,17.8,12.9
8576,21.9,0.0,11.0,20.9,18.0,13.0
8577,21.8,0.0,15.4,20.9,7.1,6.7
8578,21.3,0.0,11.0,20.2,6.3,6.2
8579,20.4,0.0,2.8,18.9,4.6,5.2
8580,19.4,0.0,0.0,18.0,3.4,4.4
8581,18.8,0.0,0.0,9.8,7.9,7.1
8582,18.4,0.0,0.0,9.6,2.0,3.8
8583,18.5,0.0,0.0,10.0,1.8,4.1
8584,18.8,0.0,0.0,10.4,4.3,4.6
8585,19.7,0.0,0.0,11.1,5.2,5.3
8586,20.4,0.0,4.0,11.8,16.7,12.0
8587,20.9,0.0,14.5,12.3,17.0,12.2
8588,21.2,0.0,15.4,1.1,17.3,12.4
8589,21.3,0.0,15.9,1.2,17.4,12.6
8590,21.6,0.0,17.0,1.5,17.8,12.8
8591,22.0,0.0,18.3,1.9,18.2,13.1
8592,22.3,0.0,19.4,21.4,18.5,13.4
8593,22.3,0.0,11.7,21.3,18.3,13.2
8594,21.8,0.0,10.6,20.8,17.8,12.9
8595,21.2,0.0,9.3,20.2,17.2,12.4
8596,21.0,0.0,8.7,20.0,16.9,12.2
8597,20.8,0.0,8.4,19.8,16.8,12.1
8598,20.8,0.0,8.4,19.8,16.8,12.1
8599,20.7,0.0,8.0,19.7,16.7,12.0
8600,20.4,0.0,7.5,19.4,16.4,11.8
8601,20.2,0.0,10.5,19.3,5.5,5.5
8602,19.8,0.0,9.2,18.9,5.1,5.2
8603,19.5,0.0,7.9,18.7,4.7,4.9
8604,18.3,0.0,2.5,17.5,3.3,3.9
8605,18.7,0.0,4.0,10.2,9.1,7.3
8606,18.7,0.0,4.3,10.2,3.7,4.2
8607,18.9,0.0,5.5,10.5,4.0,4.4
8608,19.1,0.0,6.8,10.6,4.3,4.5
8609,19.2,0.0,7.2,10.6,4.3,4.6
8610,19.5,0.0,8.1,10.9,15.5,11.1
8611,19.7,0.0,10.5,11.2,15.8,11.3
8612,20.3,0.0,12.5,0.3,16.4,11.8
8613,20.7,0.0,13.7,0.6,16.8,12.1
8614,21.0,0.0,14.9,0.9,17.1,12.3
8615,21.2,0.0,15.6,1.1,17.3,12.5
8616,21.3,0.0,15.8,20.3,17.4,12.5
8617,21.7,0.0,10.5,20.7,17.7,12.8
8618,21.9,0.0,11.0,20.9,18.0,13.0
8619,22.1,0.0,11.3,21.1,18.1,13.1
8620,22.5,0.0,12.2,21.5,18.5,13.4
8621,22.6,0.0,12.5,21.6,18.6,13.5
8622,22.7,0.0,12.8,21.7,18.8,13.6
8623,23.0,0.0,13.4,22.0,19.1,13.8
8624,22.9,0.0,13.2,21.9,19.0,13.8
8625,23.1,0.0,19.3,22.2,8.5,7.8
8626,21.7,0.0,8.8,20.3,6.3,6.4
8627,20.1,0.0,0.0,17.9,3.4,4.7
8628,18.8,0.0,0.0,16.6,1.5,3.6
8629,18.2,0.0,0.0,9.2,7.6,6.9
8630,17.6,0.0,0.0,8.9,1.6,3.5
8631,17.8,0.0,0.0,9.3,1.7,3.8
8632,12.2,0.0,0.0,9.8,4.0,4.4
8633,14.2,0.0,0.0,11.5,5.6,5.7
8634,15.2,0.0,10.8,12.2,17.1,12.3
8635,16.2,0.0,21.1,13.0,17.7,12.8
8636,8.7,0.0,19.0,2.1,18.4,13.3
8637,9.3,0.0,21.1,2.7,19.0,13.8
8638,8.0,0.0,16.6,1.5,17.7,12.8
8639,8.1,0.0,16.8,1.5,17.7,12.8
8640,16.2,0.0,21.3,20.7,17.8,12.8
8641,21.8,0.0,10.6,20.8,17.8,12.9
8642,21.6,0.0,10.2,20.6,17.6,12.7
8643,21.4,0.0,9.7,20.4,17.4,12.6
8644,21.3,0.0,9.6,20.4,17.4,12.6
8645,21.2,0.0,9.4,20.3,17.3,12.5
8646,21.3,0.0,9.5,20.3,17.3,12.5
8647,21.3,0.0,9.6,20.4,17.4,12.6
8648,21.3,0.0,9.5,20.3,17.3,12.5
8649,21.1,0.0,13.4,20.3,6.5,6.3
8650,21.0,0.0,12.7,20.2,6.3,6.2
8651,20.7,0.0,11.3,19.9,6.0,5.9
8652,20.4,0.0,9.9,19.7,5.6,5.7
8653,20.2,0.0,9.3,11.8,10.9,8.6
8654,20.2,0.0,9.0,11.8,5.4,5.4
8655,20.3,0.0,9.7,11.8,5.5,5.5
8656,20.5,0.0,11.1,12.0,5.8,5.7
8657,20.8,0.0,12.3,12.3,6.1,6.0
8658,21.0,0.0,13.0,12.5,17.2,12.4
8659,21.2,0.0,15.7,12.7,17.4,12.6
8660,21.6,0.0,17.1,1.6,17.9,12.9
8661,22.1,0.0,18.6,2.0,18.3,13.3
8662,22.3,0.0,19.5,2.3,18.6,13.5
8663,22.6,0.0,20.7,2.6,18.9,13.8
8664,22.5,0.0,20.2,21.6,18.8,13.6
8665,23.2,0.0,14.2,22.3,19.5,14.2
8666,23.2,0.0,14.2,22.3,19.5,14.2
8667,23.2,0.0,14.2,22.3,19.5,14.2
8668,23.6,0.0,15.0,22.7,19.8,14.5
8669,23.9,0.0,15.8,23.0,20.2,14.8
8670,23.9,0.0,15.9,23.0,20.2,14.8
8671,24.0,0.0,16.1,23.1,20.3,14.9
8672,24.0,0.0,16.1,23.2,20.3,14.9
8673,23.8,0.0,21.9,23.0,9.4,8.6
8674,23.6,0.0,19.6,22.7,9.0,8.3
8675,22.2,0.0,8.1,20.8,6.7,6.9
8676,21.5,0.0,5.1,20.3,5.9,6.3
8677,20.8,0.0,0.4,12.1,10.3,9.0
8678,20.5,0.0,0.0,12.0,4.6,5.7
8679,20.8,0.0,0.0,12.5,4.5,6.0
8680,15.9,0.0,17.0,13.1,6.9,6.6
8681,17.0,0.0,24.7,14.0,7.9,7.4
8682,17.2,0.0,25.8,14.2,19.0,13.9
8683,17.5,0.0,27.1,14.5,19.3,14.1
8684,9.7,0.0,22.8,3.3,19.6,14.3
8685,10.1,0.0,24.3,3.7,20.1,14.7
8686,10.3,0.0,25.0,3.9,20.3,14.8
8687,10.3,0.0,25.0,3.9,20.3,14.8
8688,18.4,0.0,25.0,23.0,20.3,14.8
8689,24.0,0.0,15.9,23.1,20.2,14.7
8690,24.0,0.0,15.9,23.1,20.2,14.7
8691,24.5,0.0,17.1,23.6,20.7,15.2
8692,24.0,0.0,16.0,23.1,20.2,14.8
8693,24.0,0.0,16.0,23.1,20.2,14.8
8694,23.5,0.0,14.7,22.6,19.7,14.4
8695,23.0,0.0,13.7,22.1,19.2,14.0
8696,22.7,0.0,13.1,21.9,18.9,13.8
8697,22.1,0.0,16.5,21.3,18.4,13.4
8698,21.8,0.0,15.6,21.0,18.1,13.2
8699,21.7,0.0,14.9,20.9,18.0,13.1
8700,21.0,0.0,12.7,20.3,17.3,12.5
8701,20.8,0.0,12.1,12.4,17.1,12.4
8702,20.6,0.0,11.4,12.3,16.9,12.2
8703,20.6,0.0,11.2,12.1,16.8,12.2
8704,14.9,0.0,15.9,11.9,16.6,12.0
8705,14.6,0.0,14.5,11.5,16.2,11.7
8706,14.2,0.0,13.0,11.2,15.8,11.4
8707,13.8,0.0,11.1,10.7,15.4,11.1
8708,5.2,0.0,6.8,0.0,14.8,10.6
8709,4.8,0.0,5.4,0.0,14.4,10.3
8710,4.4,0.0,4.2,0.0,14.0,10.0
8711,5.0,0.0,6.0,0.0,14.6,10.4
8712,13.3,0.0,9.1,17.9,14.9,10.6
8713,19.0,0.0,4.0,17.9,14.8,10.5
8714,19.1,0.0,4.3,18.1,14.9,10.6
8715,19.2,0.0,4.4,18.1,15.0,10.7
8716,19.2,0.0,4.5,18.2,15.0,10.7
8717,19.3,0.0,4.7,18.3,15.1,10.8
8718,19.4,0.0,5.1,18.4,15.3,10.9
8719,19.3,0.0,4.8,18.3,15.2,10.8
8720,19.2,0.0,4.5,18.2,15.0,10.7
8721,19.0,0.0,6.5,18.0,15.0,10.6
8722,18.9,0.0,6.4,18.0,14.9,10.6
8723,18.9,0.0,5.8,17.9,14.8,10.5
8724,18.6,0.0,3.6,17.7,14.4,10.2
8725,18.7,0.0,3.8,10.2,14.5,10.3
8726,19.0,0.0,5.6,10.4,14.9,10.6
8727,19.2,0.0,6.7,10.7,15.2,10.8
8728,14.0,0.0,11.4,10.8,15.3,10.9
8729,14.1,0.0,12.2,10.9,15.5,11.0
8730,14.2,0.0,12.6,11.0,15.6,11.1
8731,14.3,0.0,13.0,11.1,15.7,11.2
8732,6.0,0.0,9.7,0.0,15.5,11.1
8733,6.0,0.0,9.3,0.0,15.4,11.0
8734,5.9,0.0,9.0,0.0,15.3,10.9
8735,7.4,0.0,14.4,0.8,16.9,12.1
8736,16.1,0.0,20.9,20.6,17.6,12.7
8737,21.9,0.0,11.1,21.0,18.1,13.1
8738,22.4,0.0,12.3,21.5,18.6,13.5
8739,22.8,0.0,13.1,21.9,19.0,13.8
8740,23.2,0.0,14.2,22.3,19.4,14.2
8741,23.7,0.0,15.3,22.8,20.0,14.6
8742,23.7,0.0,15.3,22.8,20.0,14.6
8743,23.9,0.0,15.8,23.0,20.2,14.8
8744,24.0,0.0,16.0,23.1,20.3,14.8
8745,23.8,0.0,21.8,23.0,9.4,8.5
8746,23.6,0.0,20.3,22.8,9.1,8.4
8747,22.9,0.0,14.4,21.9,7.9,7.6
8748,22.0,0.0,7.9,20.9,6.5,6.8
8749,21.8,0.0,4.9,13.1,11.5,9.7
8750,21.8,0.0,5.3,13.3,6.1,6.7
8751,22.2,0.0,8.2,13.9,6.8,7.2
8752,23.0,0.0,18.8,14.7,8.5,7.9
8753,23.8,0.0,21.7,15.3,9.3,8.5
8754,23.8,0.0,22.0,15.4,20.3,14.8
8755,23.8,0.0,25.0,15.4,20.3,14.9
8756,23.8,0.0,25.0,3.9,20.3,14.9
8757,24.3,0.0,26.8,4.4,20.8,15.3
8758,24.3,0.0,26.8,4.4,20.8,15.3
8759,24.3,0.0,26.8,4.4,20.8,15.3
8760,24.3,0.0,26.8,23.6,20.8,15.3
