Hour,Demand_Zone 1,Demand_Zone 2,Demand_Zone 3,Demand_Zone 4
1,18.199,9.828,0.0,0.0
2,18.245,15.467,0.0,0.0
3,18.034,15.259,0.0,0.0
4,18.245,15.494,0.0,0.0
5,18.562,15.84,3.891,0.0
6,18.667,15.957,7.158,0.0
7,18.667,15.957,7.183,0.0
8,18.456,15.735,7.113,0.0
9,18.245,15.513,7.04,0.0
10,17.928,15.18,6.919,0.0
11,17.311,14.484,6.722,0.0
12,16.461,13.473,6.491,0.0
13,14.945,11.673,6.044,0.0
14,14.414,11.162,5.782,0.0
15,14.56,11.487,5.671,0.0
16,14.922,11.96,5.716,0.0
17,14.978,12.06,5.692,0.0
18,14.97,12.072,5.658,0.0
19,14.758,11.85,5.566,0.0
20,14.547,11.628,5.474,0.0
21,14.336,11.406,5.38,0.0
22,13.702,10.74,5.104,0.0
23,13.385,10.407,4.963,0.0
24,13.385,10.407,4.958,0.0
25,13.279,10.296,4.907,0.0
26,13.385,10.407,4.948,0.0
27,13.385,10.407,4.945,0.0
28,13.702,10.74,5.078,0.0
29,12.856,9.852,4.712,0.0
30,12.645,9.63,4.617,0.0
31,12.011,8.964,4.338,0.0
32,12.222,9.186,4.423,0.0
33,12.751,9.741,4.646,0.0
34,11.509,7.737,4.231,0.0
35,7.718,0.0,3.253,0.0
36,5.427,0.0,2.471,0.0
37,5.25,0.0,2.422,0.0
38,4.867,0.0,2.163,0.0
39,5.227,0.0,2.177,0.0
40,8.233,0.0,2.685,0.0
41,8.909,0.0,2.832,0.0
42,9.434,1.134,3.064,0.0
43,9.475,6.3,3.095,0.0
44,9.792,6.633,3.234,0.0
45,9.687,6.522,3.191,0.0
46,9.475,6.3,3.103,0.0
47,9.264,6.078,3.013,0.0
48,9.053,5.856,2.922,0.0
49,9.475,6.3,3.104,0.0
50,9.898,6.744,3.287,0.0
51,10.532,7.41,3.563,0.0
52,11.483,8.409,3.978,0.0
53,11.589,8.52,4.031,0.0
54,11.694,8.631,4.084,0.0
55,11.8,8.742,4.136,0.0
56,12.011,8.964,4.233,0.0
57,12.328,9.297,4.376,0.0
58,11.556,2.329,4.378,0.0
59,9.904,0.0,4.024,0.0
60,7.625,0.0,3.324,0.0
61,9.131,0.0,3.825,0.0
62,7.692,0.0,3.348,0.0
63,8.456,0.0,3.244,0.0
64,10.098,0.0,3.783,0.0
65,13.152,0.0,4.59,0.0
66,14.088,6.693,5.011,0.0
67,14.758,11.85,5.336,0.0
68,14.97,12.072,5.454,0.0
69,14.97,12.072,5.478,0.0
70,14.547,11.628,5.317,0.0
71,14.124,11.184,5.152,0.0
72,14.336,11.406,5.256,0.0
73,13.702,10.74,4.995,0.0
74,12.962,9.963,4.685,0.0
75,12.434,9.408,4.462,0.0
76,12.645,9.63,4.555,0.0
77,12.434,9.408,4.467,0.0
78,12.328,9.297,4.423,0.0
79,12.539,9.519,4.515,0.0
80,12.434,9.408,4.471,0.0
81,12.222,9.186,4.381,0.0
82,11.702,8.609,4.186,0.0
83,10.919,7.682,3.954,0.0
84,9.446,5.814,3.599,0.0
85,9.712,6.334,3.528,0.0
86,9.767,6.471,3.465,0.0
87,10.273,7.079,3.589,0.0
88,10.338,7.162,3.595,0.0
89,10.532,7.41,3.618,0.0
90,10.743,7.632,3.707,0.0
91,11.272,8.187,3.934,0.0
92,11.483,8.409,4.026,0.0
93,11.377,8.298,3.982,0.0
94,11.166,8.076,3.892,0.0
95,11.272,8.187,3.938,0.0
96,11.589,8.52,4.075,0.0
97,12.011,8.964,4.259,0.0
98,11.906,8.853,4.217,0.0
99,12.117,9.075,4.31,0.0
100,13.068,10.074,4.723,0.0
101,12.751,9.741,4.592,0.0
102,12.645,9.63,4.551,0.0
103,12.539,9.519,4.509,0.0
104,12.222,9.186,4.375,0.0
105,12.222,9.186,4.375,0.0
106,12.434,9.408,4.467,0.0
107,12.328,9.297,4.423,0.0
108,11.817,8.715,4.261,0.0
109,10.696,7.522,3.796,0.0
110,9.639,6.413,3.336,0.0
111,8.076,4.695,2.741,0.0
112,9.81,6.607,3.368,0.0
113,11.166,8.076,3.891,0.0
114,11.272,8.187,3.937,0.0
115,11.694,8.631,4.12,0.0
116,12.011,8.964,4.259,0.0
117,12.117,9.075,4.307,0.0
118,12.011,8.964,4.265,0.0
119,12.117,9.075,4.313,0.0
120,12.328,9.297,4.407,0.0
121,12.328,9.297,4.41,0.0
122,12.434,9.408,4.458,0.0
123,12.645,9.63,4.552,0.0
124,12.539,9.519,4.509,0.0
125,13.385,10.407,4.876,0.0
126,13.385,10.407,4.881,0.0
127,13.913,10.962,5.114,0.0
128,14.864,11.961,5.53,0.0
129,14.653,11.739,5.447,0.0
130,13.535,10.448,5.055,0.0
131,11.59,2.858,4.656,0.0
132,11.661,8.228,4.519,0.0
133,10.764,7.148,4.272,0.0
134,8.21,0.0,3.754,0.0
135,9.957,4.272,4.127,0.0
136,10.428,0.911,4.216,0.0
137,13.202,10.132,4.797,0.0
138,14.019,11.073,5.115,0.0
139,14.864,11.961,5.491,0.0
140,15.181,12.294,5.641,0.0
141,15.075,12.183,5.609,0.0
142,14.336,11.406,5.301,0.0
143,14.336,11.406,5.308,0.0
144,13.702,10.74,5.041,0.0
145,13.596,10.629,4.998,0.0
146,14.864,11.961,5.547,0.0
147,15.392,12.516,5.782,0.0
148,15.603,12.738,5.881,0.0
149,14.758,11.85,5.524,0.0
150,14.547,11.628,5.436,0.0
151,14.547,11.628,5.439,0.0
152,14.97,12.072,5.623,0.0
153,14.97,12.072,5.626,0.0
154,14.451,11.453,5.467,0.0
155,13.225,9.812,5.212,0.0
156,11.349,6.042,4.765,0.0
157,12.19,8.855,4.744,0.0
158,11.942,8.624,4.61,0.0
159,11.931,8.67,4.539,0.0
160,11.827,8.513,4.521,0.0
161,12.697,9.575,4.694,0.0
162,13.913,10.962,5.134,0.0
163,14.23,11.295,5.274,0.0
164,13.702,10.74,5.051,0.0
165,13.702,10.74,5.052,0.0
166,14.336,11.406,5.327,0.0
167,14.758,11.85,5.513,0.0
168,15.603,12.738,5.883,0.0
169,15.92,13.071,6.027,0.0
170,16.871,14.07,6.444,0.0
171,17.611,14.847,6.774,0.0
172,17.717,14.958,6.831,0.0
173,18.034,15.291,6.979,0.0
174,18.034,15.291,6.989,0.0
175,18.139,15.402,7.044,0.0
176,18.35,15.624,7.144,0.0
177,17.717,14.958,6.879,0.0
178,15.174,2.739,6.33,0.0
179,11.985,0.0,5.209,0.0
180,13.76,0.0,5.547,0.0
181,13.906,6.728,5.449,0.0
182,12.664,9.24,5.108,0.0
183,12.662,9.233,5.098,0.0
184,13.403,10.236,5.186,0.0
185,14.114,11.103,5.342,0.0
186,14.124,11.184,5.274,0.0
187,14.23,11.295,5.318,0.0
188,14.547,11.628,5.454,0.0
189,14.336,11.406,5.363,0.0
190,14.124,11.184,5.271,0.0
191,14.019,11.073,5.224,0.0
192,14.653,11.739,5.496,0.0
193,15.075,12.183,5.679,0.0
194,14.758,11.85,5.545,0.0
195,14.547,11.628,5.455,0.0
196,15.498,12.627,5.865,0.0
197,16.449,13.626,6.279,0.0
198,15.709,12.849,5.967,0.0
199,16.977,14.181,6.516,0.0
200,17.611,14.847,6.797,0.0
201,17.294,14.514,6.67,0.0
202,14.662,3.719,6.04,0.0
203,11.883,0.0,5.109,0.0
204,11.318,0.0,5.048,0.0
205,10.837,0.0,4.856,0.0
206,10.437,0.0,4.789,0.0
207,10.722,0.0,4.705,0.0
208,12.302,5.184,5.061,0.0
209,14.694,11.523,5.577,0.0
210,15.392,12.516,5.757,0.0
211,15.286,12.405,5.723,0.0
212,15.392,12.516,5.777,0.0
213,15.392,12.516,5.786,0.0
214,15.392,12.516,5.793,0.0
215,15.392,12.516,5.8,0.0
216,16.977,14.181,6.489,0.0
217,18.562,15.846,7.183,0.0
218,18.984,16.29,7.381,0.0
219,18.456,15.735,7.168,0.0
220,18.667,15.957,7.271,0.0
221,19.196,16.512,7.509,0.0
222,18.773,16.068,7.338,0.0
223,18.984,16.29,7.438,0.0
224,18.773,16.068,7.355,0.0
225,18.667,15.957,7.316,0.0
226,17.134,7.356,7.075,0.0
227,14.448,0.0,6.236,0.0
228,13.449,2.662,5.889,0.0
229,12.461,4.889,5.626,0.0
230,12.315,6.494,5.508,0.0
231,13.496,9.726,5.733,0.0
232,14.879,11.465,6.096,0.0
233,16.477,13.457,6.434,0.0
234,16.66,13.848,6.388,0.0
235,16.554,13.737,6.348,0.0
236,16.449,13.626,6.306,0.0
237,16.554,13.737,6.355,0.0
238,16.66,13.848,6.404,0.0
239,16.554,13.737,6.362,0.0
240,16.766,13.959,6.456,0.0
241,16.977,14.181,6.55,0.0
242,16.766,13.959,6.462,0.0
243,16.449,13.626,6.328,0.0
244,16.554,13.737,6.374,0.0
245,17.188,14.403,6.648,0.0
246,17.928,15.18,6.971,0.0
247,18.35,15.624,7.159,0.0
248,19.196,16.512,7.53,0.0
249,19.09,16.401,7.493,0.0
250,18.035,7.771,7.547,0.0
251,14.864,0.0,6.455,0.0
252,12.759,0.0,5.504,0.0
253,11.301,0.0,4.787,0.0
254,11.065,0.0,4.645,0.0
255,12.032,0.0,4.963,0.0
256,14.018,0.0,5.733,0.0
257,17.758,0.817,6.814,0.0
258,19.513,16.845,7.472,0.0
259,20.569,17.955,7.961,0.0
260,20.464,17.844,7.949,0.0
261,20.886,18.288,8.161,0.0
262,20.886,18.288,8.188,0.0
263,21.098,18.51,8.303,0.0
264,21.414,18.843,8.461,0.0
265,21.414,18.843,8.482,0.0
266,21.52,18.954,8.545,0.0
267,22.682,20.175,9.062,0.0
268,23.633,21.174,9.491,0.0
269,22.048,19.509,8.827,0.0
270,20.992,18.399,8.383,0.0
271,21.203,18.621,8.48,0.0
272,20.992,18.399,8.395,0.0
273,19.83,17.178,7.899,0.0
274,18.875,15.104,7.655,0.0
275,15.962,5.168,6.818,0.0
276,14.366,8.441,6.296,0.0
277,13.728,9.61,6.018,0.0
278,13.596,9.826,5.922,0.0
279,11.991,3.752,5.449,0.0
280,12.019,1.455,5.117,0.0
281,15.124,11.782,5.892,0.0
282,17.083,14.292,6.546,0.0
283,17.822,15.069,6.874,0.0
284,18.456,15.735,7.159,0.0
285,19.407,16.734,7.582,0.0
286,19.618,16.956,7.687,0.0
287,19.83,17.178,7.792,0.0
288,19.618,16.956,7.714,0.0
289,19.83,17.178,7.815,0.0
290,21.098,18.51,8.371,0.0
291,21.731,19.176,8.658,0.0
292,22.154,19.62,8.855,0.0
293,22.365,19.842,8.96,0.0
294,22.471,19.953,9.018,0.0
295,22.999,20.508,9.258,0.0
296,23.211,20.73,9.361,0.0
297,22.788,20.286,9.191,0.0
298,17.461,0.0,8.403,0.0
299,17.086,-7.539,7.116,0.0
300,15.291,0.0,6.573,0.0
301,13.377,0.0,5.829,0.0
302,12.712,0.0,5.618,0.0
303,12.895,0.0,5.392,0.0
304,15.17,0.0,6.341,0.0
305,18.071,1.983,6.978,0.0
306,19.935,17.289,7.709,0.0
307,20.569,17.955,8.011,0.0
308,21.203,18.621,8.312,0.0
309,21.626,19.065,8.521,0.0
310,22.154,19.62,8.774,0.0
311,22.577,20.064,8.98,0.0
312,22.577,20.064,9.002,0.0
313,23.211,20.73,9.295,0.0
314,23.528,21.063,9.452,0.0
315,23.633,21.174,9.516,0.0
316,23.845,21.396,9.624,0.0
317,24.795,22.395,10.049,0.0
318,24.795,22.395,10.066,0.0
319,24.795,22.395,10.081,0.0
320,25.112,22.728,10.231,0.0
321,24.267,21.84,9.879,0.0
322,21.878,16.665,9.121,0.0
323,19.677,16.424,8.304,0.0
324,18.468,15.244,7.849,0.0
325,17.909,14.769,7.54,0.0
326,17.531,14.296,7.446,0.0
327,18.693,15.78,7.679,0.0
328,18.892,16.039,7.698,0.0
329,19.401,16.677,7.794,0.0
330,19.724,17.067,7.863,0.0
331,19.935,17.289,7.952,0.0
332,20.252,17.622,8.088,0.0
333,20.781,18.177,8.316,0.0
334,21.414,18.843,8.591,0.0
335,21.731,19.176,8.732,0.0
336,22.365,19.842,9.011,0.0
337,22.682,20.175,9.154,0.0
338,22.682,20.175,9.161,0.0
339,22.788,20.286,9.213,0.0
340,22.788,20.286,9.219,0.0
341,23.422,20.952,9.498,0.0
342,23.528,21.063,9.55,0.0
343,23.95,21.507,9.739,0.0
344,24.056,21.618,9.792,0.0
345,24.056,21.618,9.799,0.0
346,20.763,2.866,9.28,0.0
347,18.844,0.0,8.352,0.0
348,16.531,0.0,7.318,0.0
349,14.817,0.0,6.48,0.0
350,14.235,0.0,6.16,0.0
351,14.433,0.0,6.061,0.0
352,16.209,0.0,6.617,0.0
353,19.018,0.0,7.411,0.0
354,20.662,16.482,8.021,0.0
355,21.309,18.732,8.335,0.0
356,21.837,19.287,8.592,0.0
357,22.048,19.509,8.711,0.0
358,22.577,20.064,8.965,0.0
359,22.999,20.508,9.171,0.0
360,24.267,21.84,9.741,0.0
361,24.162,21.729,9.72,0.0
362,24.373,21.951,9.833,0.0
363,24.373,21.951,9.853,0.0
364,24.795,22.395,10.052,0.0
365,25.007,22.617,10.16,0.0
366,25.007,22.617,10.175,0.0
367,25.007,22.617,10.189,0.0
368,25.429,23.061,10.383,0.0
369,26.38,24.06,10.805,0.0
370,21.859,6.163,9.754,0.0
371,19.202,0.0,8.37,0.0
372,15.945,0.0,7.021,0.0
373,14.202,0.0,6.272,0.0
374,13.598,0.0,5.905,0.0
375,13.787,0.0,5.859,0.0
376,15.482,0.0,6.351,0.0
377,19.127,0.0,7.477,0.0
378,21.192,17.241,8.246,0.0
379,22.682,20.175,8.925,0.0
380,24.267,21.84,9.644,0.0
381,24.162,21.729,9.635,0.0
382,25.007,22.617,10.031,0.0
383,24.267,21.84,9.744,0.0
384,25.429,23.061,10.269,0.0
385,26.486,24.171,10.751,0.0
386,26.909,24.615,10.96,0.0
387,26.592,24.282,10.848,0.0
388,27.014,24.726,11.051,0.0
389,27.648,25.392,11.344,0.0
390,27.965,25.725,11.501,0.0
391,28.81,26.613,11.884,0.0
392,29.022,26.835,11.994,0.0
393,29.127,26.946,12.058,0.0
394,24.689,12.508,10.931,0.0
395,21.912,0.0,9.613,0.0
396,18.328,0.0,8.133,0.0
397,14.681,0.0,6.469,0.0
398,14.315,0.0,6.229,0.0
399,14.784,0.0,6.329,0.0
400,16.283,0.0,6.865,0.0
401,19.647,3.577,7.879,0.0
402,21.731,19.176,8.538,0.0
403,22.577,20.064,8.931,0.0
404,23.95,21.507,9.552,0.0
405,24.69,22.284,9.901,0.0
406,25.429,23.061,10.249,0.0
407,26.486,24.171,10.733,0.0
408,27.542,25.281,11.217,0.0
409,27.754,25.503,11.338,0.0
410,28.176,25.947,11.547,0.0
411,28.493,26.28,11.708,0.0
412,28.916,26.724,11.914,0.0
413,27.648,25.392,11.389,0.0
414,27.754,25.503,11.449,0.0
415,27.014,24.726,11.143,0.0
416,26.38,24.06,10.878,0.0
417,26.063,23.727,10.747,0.0
418,24.549,20.212,10.348,0.0
419,23.431,20.778,9.8,0.0
420,22.5,19.731,9.481,0.0
421,21.6,18.72,9.164,0.0
422,21.068,18.201,8.892,0.0
423,21.323,18.599,8.851,0.0
424,21.269,18.608,8.739,0.0
425,21.309,18.732,8.642,0.0
426,21.098,18.51,8.543,0.0
427,20.992,18.399,8.49,0.0
428,20.886,18.288,8.438,0.0
429,20.781,18.177,8.385,0.0
430,20.675,18.066,8.334,0.0
431,20.569,17.955,8.282,0.0
432,20.464,17.844,8.231,0.0
433,20.464,17.844,8.226,0.0
434,20.358,17.733,8.176,0.0
435,20.358,17.733,8.171,0.0
436,20.464,17.844,8.213,0.0
437,20.358,17.733,8.164,0.0
438,20.569,17.955,8.253,0.0
439,20.675,18.066,8.296,0.0
440,20.781,18.177,8.34,0.0
441,21.098,18.51,8.476,0.0
442,20.723,17.973,8.429,0.0
443,19.431,15.47,8.225,0.0
444,17.687,9.628,7.929,0.0
445,15.839,2.989,7.471,0.0
446,18.635,15.301,8.022,0.0
447,19.861,16.984,8.177,0.0
448,19.758,16.84,8.165,0.0
449,20.205,17.515,8.13,0.0
450,20.041,17.4,7.985,0.0
451,19.724,17.067,7.849,0.0
452,19.618,16.956,7.803,0.0
453,19.513,16.845,7.757,0.0
454,19.513,16.845,7.756,0.0
455,19.83,17.178,7.892,0.0
456,20.041,17.4,7.983,0.0
457,19.83,17.178,7.893,0.0
458,19.83,17.178,7.894,0.0
459,19.83,17.178,7.894,0.0
460,20.147,17.511,8.031,0.0
461,20.781,18.177,8.305,0.0
462,20.569,17.955,8.218,0.0
463,20.781,18.177,8.311,0.0
464,20.041,17.4,7.995,0.0
465,19.935,17.289,7.95,0.0
466,19.351,16.586,7.777,0.0
467,18.576,15.642,7.577,0.0
468,18.004,14.917,7.465,0.0
469,17.15,13.791,7.317,0.0
470,17.636,14.453,7.402,0.0
471,16.519,13.085,7.094,0.0
472,17.944,14.766,7.524,0.0
473,19.724,17.067,7.818,0.0
474,19.618,16.956,7.776,0.0
475,19.724,17.067,7.824,0.0
476,19.618,16.956,7.782,0.0
477,19.724,17.067,7.829,0.0
478,19.83,17.178,7.877,0.0
479,20.041,17.4,7.97,0.0
480,19.83,17.178,7.882,0.0
481,19.83,17.178,7.884,0.0
482,19.724,17.067,7.84,0.0
483,19.724,17.067,7.84,0.0
484,19.724,17.067,7.841,0.0
485,19.935,17.289,7.933,0.0
486,20.147,17.511,8.025,0.0
487,20.252,17.622,8.073,0.0
488,20.252,17.622,8.075,0.0
489,20.781,18.177,8.305,0.0
490,19.63,8.644,8.502,0.0
491,18.192,0.0,8.069,0.0
492,15.97,0.0,7.302,0.0
493,14.709,0.0,6.738,0.0
494,14.259,0.0,6.752,0.0
495,14.898,0.0,6.801,0.0
496,16.789,6.749,7.165,0.0
497,18.418,15.537,7.382,0.0
498,19.09,16.401,7.473,0.0
499,19.83,17.178,7.802,0.0
500,20.041,17.4,7.905,0.0
501,20.041,17.4,7.916,0.0
502,19.935,17.289,7.879,0.0
503,19.724,17.067,7.796,0.0
504,19.407,16.734,7.666,0.0
505,19.196,16.512,7.579,0.0
506,19.09,16.401,7.536,0.0
507,19.09,16.401,7.538,0.0
508,19.09,16.401,7.54,0.0
509,18.984,16.29,7.496,0.0
510,18.984,16.29,7.498,0.0
511,18.984,16.29,7.498,0.0
512,18.984,16.29,7.499,0.0
513,18.879,16.179,7.454,0.0
514,18.186,15.254,7.302,0.0
515,16.481,12.274,6.915,0.0
516,15.516,11.455,6.72,0.0
517,14.761,11.103,6.391,0.0
518,14.935,11.497,6.304,0.0
519,15.641,12.525,6.322,0.0
520,15.2,12.142,6.036,0.0
521,14.718,11.729,5.712,0.0
522,14.441,11.517,5.478,0.0
523,14.23,11.295,5.378,0.0
524,14.23,11.295,5.37,0.0
525,14.336,11.406,5.408,0.0
526,14.547,11.628,5.493,0.0
527,14.441,11.517,5.443,0.0
528,14.758,11.85,5.575,0.0
529,14.653,11.739,5.527,0.0
530,14.336,11.406,5.388,0.0
531,14.441,11.517,5.43,0.0
532,14.336,11.406,5.381,0.0
533,14.653,11.739,5.515,0.0
534,14.441,11.517,5.423,0.0
535,13.173,10.185,4.874,0.0
536,14.019,11.073,5.232,0.0
537,14.336,11.406,5.366,0.0
538,12.506,6.491,4.937,0.0
539,11.527,5.419,4.728,0.0
540,10.906,7.084,4.522,0.0
541,6.142,0.0,3.214,0.0
542,6.782,0.0,3.388,0.0
543,8.147,0.0,3.555,0.0
544,9.733,0.0,3.789,0.0
545,11.629,5.351,4.188,0.0
546,12.434,9.408,4.438,0.0
547,12.222,9.186,4.352,0.0
548,11.589,8.52,4.082,0.0
549,11.272,8.187,3.947,0.0
550,10.532,7.41,3.627,0.0
551,9.792,6.633,3.305,0.0
552,9.053,5.856,2.981,0.0
553,8.736,5.523,2.837,0.0
554,8.842,5.634,2.874,0.0
555,8.525,5.301,2.731,0.0
556,8.102,4.857,2.542,0.0
557,7.362,4.08,2.215,0.0
558,9.264,6.078,3.026,0.0
559,8.736,5.523,2.797,0.0
560,10.532,7.41,3.568,0.0
561,10.638,7.521,3.618,0.0
562,9.63,6.279,3.333,0.0
563,8.274,3.031,3.149,0.0
564,4.778,0.0,2.291,0.0
565,3.922,0.0,2.12,0.0
566,3.777,0.0,1.949,0.0
567,5.537,0.0,2.429,0.0
568,7.286,0.0,2.786,0.0
569,9.021,0.0,3.224,0.0
570,11.652,2.43,3.982,0.0
571,12.962,9.963,4.548,0.0
572,13.068,10.074,4.615,0.0
573,13.385,10.407,4.771,0.0
574,14.547,11.628,5.29,0.0
575,14.97,12.072,5.493,0.0
576,15.603,12.738,5.785,0.0
577,16.66,13.848,6.26,0.0
578,16.343,13.515,6.145,0.0
579,16.449,13.626,6.207,0.0
580,16.132,13.293,6.086,0.0
581,15.498,12.627,5.825,0.0
582,14.124,11.184,5.242,0.0
583,13.702,10.74,5.062,0.0
584,13.385,10.407,4.926,0.0
585,13.068,10.074,4.788,0.0
586,11.85,8.618,4.406,0.0
587,9.018,0.0,3.766,0.0
588,8.833,1.731,3.753,0.0
589,8.387,3.946,3.633,0.0
590,10.35,6.778,4.063,0.0
591,10.765,7.28,4.176,0.0
592,11.408,8.106,4.288,0.0
593,11.822,8.581,4.437,0.0
594,13.608,10.598,5.022,0.0
595,14.019,11.073,5.147,0.0
596,14.653,11.739,5.428,0.0
597,15.286,12.405,5.711,0.0
598,15.603,12.738,5.858,0.0
599,15.498,12.627,5.823,0.0
600,15.498,12.627,5.832,0.0
601,16.449,13.626,6.25,0.0
602,16.237,13.404,6.169,0.0
603,16.237,13.404,6.177,0.0
604,16.449,13.626,6.275,0.0
605,16.871,14.07,6.465,0.0
606,16.66,13.848,6.382,0.0
607,15.392,12.516,5.841,0.0
608,15.075,12.183,5.705,0.0
609,14.97,12.072,5.659,0.0
610,13.961,10.784,5.401,0.0
611,12.641,9.097,5.097,0.0
612,10.579,4.208,4.674,0.0
613,12.417,9.021,4.946,0.0
614,13.628,10.44,5.319,0.0
615,12.519,9.174,4.951,0.0
616,11.923,8.495,4.742,0.0
617,12.365,9.068,4.829,0.0
618,13.702,10.74,5.058,0.0
619,13.807,10.851,5.104,0.0
620,15.181,12.294,5.698,0.0
621,15.498,12.627,5.841,0.0
622,16.449,13.626,6.257,0.0
623,16.026,13.182,6.084,0.0
624,16.449,13.626,6.273,0.0
625,16.132,13.293,6.144,0.0
626,15.92,13.071,6.058,0.0
627,15.815,12.96,6.017,0.0
628,15.815,12.96,6.02,0.0
629,16.026,13.182,6.113,0.0
630,15.92,13.071,6.071,0.0
631,15.815,12.96,6.028,0.0
632,15.815,12.96,6.029,0.0
633,16.026,13.182,6.122,0.0
634,16.146,13.254,6.234,0.0
635,15.725,12.659,6.212,0.0
636,14.949,11.652,6.08,0.0
637,13.038,9.385,5.513,0.0
638,13.83,10.5,5.606,0.0
639,10.133,3.505,4.68,0.0
640,11.893,7.832,5.065,0.0
641,13.476,10.255,5.307,0.0
642,14.877,11.931,5.64,0.0
643,15.286,12.405,5.761,0.0
644,15.498,12.627,5.857,0.0
645,15.709,12.849,5.952,0.0
646,14.758,11.85,5.547,0.0
647,15.075,12.183,5.685,0.0
648,14.97,12.072,5.641,0.0
649,14.547,11.628,5.46,0.0
650,15.392,12.516,5.824,0.0
651,16.66,13.848,6.373,0.0
652,17.294,14.514,6.654,0.0
653,17.294,14.514,6.662,0.0
654,17.4,14.625,6.716,0.0
655,17.822,15.069,6.905,0.0
656,18.245,15.513,7.095,0.0
657,18.245,15.513,7.103,0.0
658,14.089,0.019,6.332,0.0
659,10.873,0.0,4.915,0.0
660,8.368,0.0,4.014,0.0
661,8.251,0.0,4.098,0.0
662,8.218,0.0,3.94,0.0
663,8.283,0.0,3.707,0.0
664,12.754,0.0,4.881,0.0
665,12.864,0.0,4.933,0.0
666,14.545,11.346,5.355,0.0
667,15.815,12.96,5.915,0.0
668,16.026,13.182,6.022,0.0
669,16.237,13.404,6.127,0.0
670,15.392,12.516,5.776,0.0
671,15.603,12.738,5.876,0.0
672,15.392,12.516,5.793,0.0
673,15.498,12.627,5.845,0.0
674,15.815,12.96,5.988,0.0
675,16.237,13.404,6.176,0.0
676,15.92,13.071,6.047,0.0
677,16.026,13.182,6.098,0.0
678,16.66,13.848,6.376,0.0
679,18.562,15.846,7.203,0.0
680,19.83,17.178,7.763,0.0
681,20.785,18.16,8.221,0.0
682,15.795,0.0,7.38,0.0
683,13.3,0.0,5.981,0.0
684,9.219,-2.158,4.145,0.0
685,8.036,0.0,3.82,0.0
686,7.968,0.0,3.708,0.0
687,8.725,0.0,4.132,0.0
688,11.023,0.0,4.633,0.0
689,14.119,3.127,5.531,0.0
690,17.619,14.835,6.698,0.0
691,19.83,17.178,7.648,0.0
692,20.464,17.844,7.951,0.0
693,19.724,17.067,7.661,0.0
694,20.041,17.4,7.821,0.0
695,19.935,17.289,7.796,0.0
696,18.984,16.29,7.404,0.0
697,17.717,14.958,6.87,0.0
698,18.35,15.624,7.15,0.0
699,19.618,16.956,7.704,0.0
700,21.203,18.621,8.399,0.0
701,21.731,19.176,8.642,0.0
702,22.365,19.842,8.932,0.0
703,22.471,19.953,8.994,0.0
704,22.26,19.731,8.918,0.0
705,22.37,19.825,9.008,0.0
706,18.804,8.552,8.211,0.0
707,17.54,6.689,7.71,0.0
708,15.594,9.061,7.058,0.0
709,14.181,8.957,6.521,0.0
710,14.982,11.447,6.46,0.0
711,11.595,3.371,5.56,0.0
712,11.619,0.718,5.262,0.0
713,16.261,13.249,6.466,0.0
714,17.188,14.403,6.625,0.0
715,17.4,14.625,6.722,0.0
716,17.294,14.514,6.683,0.0
717,17.188,14.403,6.642,0.0
718,17.822,15.069,6.92,0.0
719,18.139,15.402,7.062,0.0
720,19.301,16.623,7.57,0.0
721,18.667,15.957,7.306,0.0
722,18.879,16.179,7.404,0.0
723,19.09,16.401,7.501,0.0
724,19.09,16.401,7.508,0.0
725,18.773,16.068,7.377,0.0
726,18.984,16.29,7.472,0.0
727,19.301,16.623,7.612,0.0
728,19.513,16.845,7.708,0.0
729,19.407,16.734,7.668,0.0
730,18.545,15.598,7.497,0.0
731,16.486,11.208,7.06,0.0
732,15.266,10.106,6.799,0.0
733,14.514,9.184,6.656,0.0
734,13.616,8.471,6.303,0.0
735,12.623,4.113,6.004,0.0
736,12.916,7.375,5.767,0.0
737,15.753,12.599,6.414,0.0
738,18.148,15.39,7.071,0.0
739,17.505,14.736,6.775,0.0
740,16.132,13.293,6.188,0.0
741,15.603,12.738,5.961,0.0
742,15.498,12.627,5.913,0.0
743,15.075,12.183,5.729,0.0
744,14.864,11.961,5.634,0.0
745,13.596,10.629,5.083,0.0
746,14.019,11.073,5.257,0.0
747,13.596,10.629,5.07,0.0
748,13.173,10.185,4.881,0.0
749,12.539,9.519,4.6,0.0
750,12.328,9.297,4.5,0.0
751,11.8,8.742,4.264,0.0
752,11.483,8.409,4.118,0.0
753,10.638,7.521,3.744,0.0
754,8.4,4.893,2.999,0.0
755,6.307,0.0,2.534,0.0
756,2.124,0.0,1.383,0.0
757,1.192,0.0,0.811,0.0
758,0.775,0.0,0.819,0.0
759,3.096,0.0,1.59,0.0
760,4.745,0.0,1.98,0.0
761,8.619,0.0,2.895,0.0
762,10.022,0.0,3.22,0.0
763,9.767,3.455,3.141,0.0
764,9.158,5.967,2.897,0.0
765,9.581,6.411,3.088,0.0
766,9.264,6.078,2.96,0.0
767,9.37,6.189,3.013,0.0
768,8.525,5.301,2.654,0.0
769,7.996,4.746,2.429,0.0
770,8.419,5.19,2.612,0.0
771,8.419,5.19,2.613,0.0
772,8.419,5.19,2.615,0.0
773,8.419,5.19,2.616,0.0
774,8.63,5.412,2.708,0.0
775,8.736,5.523,2.756,0.0
776,9.158,5.967,2.94,0.0
777,9.264,6.078,2.989,0.0
778,9.28,6.044,3.057,0.0
779,9.329,6.06,3.129,0.0
780,8.661,5.21,3.012,0.0
781,8.65,5.262,2.948,0.0
782,7.818,4.339,2.649,0.0
783,6.555,2.989,2.131,0.0
784,6.28,2.657,2.057,0.0
785,7.069,3.594,2.28,0.0
786,8.428,5.178,2.646,0.0
787,8.842,5.634,2.797,0.0
788,8.525,5.301,2.663,0.0
789,8.208,4.968,2.528,0.0
790,8.208,4.968,2.528,0.0
791,8.208,4.968,2.528,0.0
792,7.891,4.635,2.391,0.0
793,7.785,4.524,2.345,0.0
794,7.785,4.524,2.343,0.0
795,7.785,4.524,2.342,0.0
796,8.102,4.857,2.477,0.0
797,7.996,4.746,2.432,0.0
798,7.785,4.524,2.341,0.0
799,7.468,4.191,2.203,0.0
800,7.257,3.969,2.11,0.0
801,6.834,3.525,1.925,0.0
802,5.837,2.337,1.632,0.0
803,3.987,0.0,1.195,0.0
804,0.821,0.0,0.444,0.0
805,0.0,0.0,0.0,0.0
806,0.0,0.0,0.0,0.0
807,0.0,0.0,0.0,0.0
808,0.901,0.0,0.0,0.0
809,2.887,0.0,0.0,0.0
810,4.055,0.0,0.0,0.0
811,4.401,0.0,0.0,0.0
812,4.533,0.0,0.764,0.0
813,4.661,0.0,0.86,0.0
814,5.103,0.0,1.057,0.0
815,5.228,0.0,1.119,0.0
816,5.138,1.08,1.088,0.0
817,4.827,1.416,0.957,0.0
818,5.038,1.638,1.05,0.0
819,5.461,2.082,1.234,0.0
820,5.355,1.971,1.191,0.0
821,5.672,2.304,1.33,0.0
822,7.362,4.08,2.062,0.0
823,7.151,3.858,1.98,0.0
824,6.411,3.081,1.669,0.0
825,7.4,3.876,2.16,0.0
826,4.455,0.0,1.34,0.0
827,1.657,0.0,0.521,0.0
828,0.786,0.0,0.15,0.0
829,3.009,0.0,0.737,0.0
830,0.255,0.0,0.0,0.0
831,0.0,0.0,0.0,0.0
832,0.0,0.0,0.0,0.0
833,2.146,0.0,0.0,0.0
834,3.143,0.0,0.0,0.0
835,3.468,0.0,0.0,0.0
836,3.485,0.0,0.063,0.0
837,3.287,0.0,0.263,0.0
838,2.874,0.0,0.087,0.0
839,3.408,0.0,0.318,0.0
840,4.049,0.0,0.597,0.0
841,4.483,0.0,0.787,0.0
842,4.918,0.0,0.979,0.0
843,5.142,1.503,1.082,0.0
844,5.566,2.193,1.269,0.0
845,6.94,3.636,1.866,0.0
846,7.574,4.302,2.149,0.0
847,7.679,4.413,2.205,0.0
848,7.785,4.524,2.26,0.0
849,7.891,4.635,2.314,0.0
850,7.319,3.859,2.248,0.0
851,5.68,1.763,1.881,0.0
852,5.003,0.963,1.728,0.0
853,5.007,1.087,1.661,0.0
854,4.484,0.525,1.462,0.0
855,5.552,1.84,1.724,0.0
856,6.426,2.955,1.87,0.0
857,6.957,3.613,1.975,0.0
858,7.257,3.969,2.051,0.0
859,7.045,3.747,1.964,0.0
860,7.257,3.969,2.059,0.0
861,7.045,3.747,1.971,0.0
862,7.574,4.302,2.201,0.0
863,8.208,4.968,2.479,0.0
864,8.313,5.079,2.53,0.0
865,8.63,5.412,2.673,0.0
866,8.736,5.523,2.725,0.0
867,9.158,5.967,2.913,0.0
868,8.947,5.745,2.828,0.0
869,8.842,5.634,2.788,0.0
870,8.842,5.634,2.792,0.0
871,8.63,5.412,2.704,0.0
872,8.419,5.19,2.615,0.0
873,7.972,4.26,2.545,0.0
874,7.35,3.776,2.416,0.0
875,7.441,4.022,2.358,0.0
876,6.491,2.855,2.136,0.0
877,6.176,2.54,1.994,0.0
878,6.174,2.705,1.799,0.0
879,5.487,1.92,1.576,0.0
880,5.949,2.516,1.631,0.0
881,7.169,3.835,2.103,0.0
882,7.996,4.746,2.403,0.0
883,8.313,5.079,2.543,0.0
884,8.208,4.968,2.502,0.0
885,7.996,4.746,2.414,0.0
886,8.208,4.968,2.507,0.0
887,8.419,5.19,2.601,0.0
888,9.475,6.3,3.059,0.0
889,9.475,6.3,3.066,0.0
890,10.109,6.966,3.345,0.0
891,10.638,7.521,3.58,0.0
892,10.743,7.632,3.634,0.0
893,10.955,7.854,3.733,0.0
894,12.539,9.519,4.424,0.0
895,12.434,9.408,4.392,0.0
896,12.117,9.075,4.266,0.0
897,12.307,9.187,4.398,0.0
898,12.496,9.342,4.585,0.0
899,12.869,9.706,4.799,0.0
900,10.515,7.021,4.024,0.0
901,5.705,0.0,3.044,0.0
902,4.564,0.0,2.663,0.0
903,4.963,0.0,2.642,0.0
904,6.689,0.0,3.012,0.0
905,9.56,0.0,3.632,0.0
906,11.759,1.676,4.088,0.0
907,12.117,9.075,4.213,0.0
908,14.547,11.628,5.276,0.0
909,13.702,10.74,4.933,0.0
910,13.173,10.185,4.722,0.0
911,13.385,10.407,4.825,0.0
912,13.385,10.407,4.837,0.0
913,13.596,10.629,4.938,0.0
914,14.124,11.184,5.175,0.0
915,17.822,15.069,6.78,0.0
916,16.871,14.07,6.393,0.0
917,15.392,12.516,5.772,0.0
918,16.977,14.181,6.464,0.0
919,15.181,12.294,5.704,0.0
920,16.237,13.404,6.165,0.0
921,15.958,11.525,6.431,0.0
922,10.866,0.0,5.262,0.0
923,10.048,0.0,4.669,0.0
924,7.053,-14.68,3.036,0.0
925,10.691,0.0,4.932,0.0
926,14.604,0.0,6.014,0.0
927,8.084,0.0,4.097,0.0
928,10.45,0.0,4.622,0.0
929,13.16,6.446,5.181,0.0
930,15.088,12.18,5.602,0.0
931,15.92,13.071,5.96,0.0
932,16.766,13.959,6.34,0.0
933,15.075,12.183,5.629,0.0
934,14.97,12.072,5.592,0.0
935,15.392,12.516,5.781,0.0
936,16.343,13.515,6.199,0.0
937,15.815,12.96,5.982,0.0
938,16.66,13.848,6.354,0.0
939,16.237,13.404,6.181,0.0
940,17.505,14.736,6.734,0.0
941,16.766,13.959,6.426,0.0
942,16.871,14.07,6.478,0.0
943,17.4,14.625,6.712,0.0
944,17.188,14.403,6.629,0.0
945,12.34,1.271,6.252,0.0
946,10.916,0.0,5.653,0.0
947,10.912,0.0,4.997,0.0
948,10.355,0.0,4.86,0.0
949,11.213,0.0,5.436,0.0
950,7.668,0.0,4.164,0.0
951,8.89,0.0,4.391,0.0
952,11.362,3.488,4.978,0.0
953,14.842,11.636,5.931,0.0
954,16.49,13.64,6.259,0.0
955,16.871,14.07,6.409,0.0
956,16.977,14.181,6.47,0.0
957,16.977,14.181,6.483,0.0
958,16.871,14.07,6.449,0.0
959,17.4,14.625,6.687,0.0
960,17.928,15.18,6.925,0.0
961,18.034,15.291,6.982,0.0
962,17.188,14.403,6.628,0.0
963,18.667,15.957,7.271,0.0
964,18.139,15.402,7.054,0.0
965,18.879,16.179,7.38,0.0
966,19.513,16.845,7.663,0.0
967,19.09,16.401,7.491,0.0
968,18.984,16.29,7.453,0.0
969,17.808,14.983,6.991,0.0
970,14.901,8.789,6.344,0.0
971,13.592,8.184,5.915,0.0
972,10.372,0.0,5.073,0.0
973,10.096,2.716,4.982,0.0
974,12.245,8.546,5.245,0.0
975,12.514,8.984,5.205,0.0
976,12.194,8.629,5.092,0.0
977,13.352,10.138,5.264,0.0
978,14.539,11.595,5.483,0.0
979,14.758,11.85,5.542,0.0
980,14.124,11.184,5.27,0.0
981,13.49,10.518,4.995,0.0
982,12.751,9.741,4.673,0.0
983,12.117,9.075,4.394,0.0
984,11.694,8.631,4.204,0.0
985,11.483,8.409,4.105,0.0
986,11.483,8.409,4.097,0.0
987,11.483,8.409,4.09,0.0
988,11.483,8.409,4.084,0.0
989,11.483,8.409,4.079,0.0
990,11.694,8.631,4.165,0.0
991,11.8,8.742,4.208,0.0
992,12.011,8.964,4.296,0.0
993,12.209,9.104,4.418,0.0
994,8.075,0.0,3.888,0.0
995,9.341,0.608,3.822,0.0
996,7.836,2.169,3.563,0.0
997,6.948,0.834,3.395,0.0
998,9.919,6.137,4.07,0.0
999,11.829,8.397,4.633,0.0
1000,12.884,9.511,5.093,0.0
1001,14.613,11.62,5.487,0.0
1002,15.498,12.627,5.776,0.0
1003,15.603,12.738,5.836,0.0
1004,15.498,12.627,5.804,0.0
1005,16.026,13.182,6.043,0.0
1006,15.92,13.071,6.009,0.0
1007,15.92,13.071,6.019,0.0
1008,16.026,13.182,6.073,0.0
1009,16.449,13.626,6.263,0.0
1010,17.294,14.514,6.636,0.0
1011,17.822,15.069,6.875,0.0
1012,17.4,14.625,6.704,0.0
1013,17.188,14.403,6.621,0.0
1014,17.188,14.403,6.628,0.0
1015,17.188,14.403,6.634,0.0
1016,17.083,14.292,6.593,0.0
1017,15.62,12.31,6.139,0.0
1018,12.278,2.519,5.542,0.0
1019,10.295,0.0,4.84,0.0
1020,9.806,0.819,4.514,0.0
1021,9.159,3.758,4.395,0.0
1022,8.812,4.272,4.151,0.0
1023,9.115,5.133,3.983,0.0
1024,9.554,5.861,3.896,0.0
1025,10.026,6.517,3.946,0.0
1026,11.689,8.578,4.22,0.0
1027,12.539,9.519,4.517,0.0
1028,12.751,9.741,4.61,0.0
1029,12.751,9.741,4.612,0.0
1030,12.856,9.852,4.659,0.0
1031,12.856,9.852,4.661,0.0
1032,12.751,9.741,4.617,0.0
1033,12.751,9.741,4.618,0.0
1034,12.751,9.741,4.619,0.0
1035,12.856,9.852,4.666,0.0
1036,12.751,9.741,4.621,0.0
1037,12.645,9.63,4.576,0.0
1038,12.539,9.519,4.531,0.0
1039,12.645,9.63,4.576,0.0
1040,12.856,9.852,4.667,0.0
1041,12.402,9.231,4.551,0.0
1042,10.878,7.407,4.159,0.0
1043,8.367,3.472,3.501,0.0
1044,6.756,1.989,3.026,0.0
1045,6.508,2.243,2.885,0.0
1046,6.019,1.646,2.775,0.0
1047,6.405,2.204,2.807,0.0
1048,6.194,1.763,2.722,0.0
1049,9.3,5.895,3.342,0.0
1050,10.632,7.467,3.679,0.0
1051,11.377,8.298,3.937,0.0
1052,11.483,8.409,3.99,0.0
1053,11.377,8.298,3.95,0.0
1054,11.377,8.298,3.955,0.0
1055,11.694,8.631,4.097,0.0
1056,12.011,8.964,4.238,0.0
1057,12.434,9.408,4.426,0.0
1058,12.539,9.519,4.478,0.0
1059,12.751,9.741,4.576,0.0
1060,12.856,9.852,4.627,0.0
1061,13.279,10.296,4.815,0.0
1062,13.173,10.185,4.776,0.0
1063,13.596,10.629,4.964,0.0
1064,13.49,10.518,4.925,0.0
1065,12.74,9.533,4.713,0.0
1066,9.658,2.503,4.086,0.0
1067,7.509,0.0,3.422,0.0
1068,5.292,0.0,2.865,0.0
1069,5.051,0.0,2.797,0.0
1070,6.581,0.0,3.123,0.0
1071,8.175,0.0,3.336,0.0
1072,8.964,3.15,3.421,0.0
1073,9.562,6.089,3.571,0.0
1074,10.876,7.708,3.811,0.0
1075,11.694,8.631,4.079,0.0
1076,11.694,8.631,4.086,0.0
1077,12.117,9.075,4.274,0.0
1078,12.539,9.519,4.464,0.0
1079,14.547,11.628,5.337,0.0
1080,16.132,13.293,6.035,0.0
1081,17.083,14.292,6.464,0.0
1082,16.554,13.737,6.256,0.0
1083,15.603,12.738,5.861,0.0
1084,14.547,11.628,5.416,0.0
1085,14.653,11.739,5.466,0.0
1086,14.758,11.85,5.517,0.0
1087,14.758,11.85,5.521,0.0
1088,14.864,11.961,5.571,0.0
1089,14.091,10.867,5.39,0.0
1090,11.72,7.062,4.778,0.0
1091,8.778,0.0,4.0,0.0
1092,7.267,0.0,3.573,0.0
1093,5.443,0.0,3.137,0.0
1094,7.416,0.0,3.492,0.0
1095,8.464,2.0,3.628,0.0
1096,9.068,5.285,3.708,0.0
1097,10.404,6.996,3.938,0.0
1098,12.126,9.064,4.322,0.0
1099,12.751,9.741,4.569,0.0
1100,13.173,10.185,4.758,0.0
1101,13.279,10.296,4.811,0.0
1102,13.596,10.629,4.955,0.0
1103,14.019,11.073,5.145,0.0
1104,14.441,11.517,5.335,0.0
1105,16.026,13.182,6.027,0.0
1106,18.35,15.624,7.043,0.0
1107,19.618,16.956,7.61,0.0
1108,20.358,17.733,7.952,0.0
1109,20.358,17.733,7.975,0.0
1110,19.83,17.178,7.767,0.0
1111,19.407,16.734,7.601,0.0
1112,18.879,16.179,7.385,0.0
1113,17.309,14.054,6.955,0.0
1114,14.652,7.986,6.401,0.0
1115,13.293,6.081,5.971,0.0
1116,12.217,6.755,5.675,0.0
1117,11.532,7.217,5.364,0.0
1118,10.768,6.214,5.119,0.0
1119,9.608,3.725,4.786,0.0
1120,10.149,4.581,4.794,0.0
1121,12.123,8.536,5.131,0.0
1122,16.162,13.216,6.267,0.0
1123,17.083,14.292,6.521,0.0
1124,16.237,13.404,6.169,0.0
1125,16.449,13.626,6.269,0.0
1126,16.871,14.07,6.459,0.0
1127,17.083,14.292,6.559,0.0
1128,16.871,14.07,6.476,0.0
1129,16.766,13.959,6.437,0.0
1130,17.611,14.847,6.807,0.0
1131,18.139,15.402,7.042,0.0
1132,17.928,15.18,6.96,0.0
1133,17.505,14.736,6.785,0.0
1134,17.294,14.514,6.698,0.0
1135,17.083,14.292,6.61,0.0
1136,16.766,13.959,6.476,0.0
1137,16.134,13.234,6.268,0.0
1138,15.08,11.986,5.968,0.0
1139,13.198,9.653,5.495,0.0
1140,9.119,0.108,4.582,0.0
1141,5.647,0.0,3.509,0.0
1142,7.131,0.0,3.731,0.0
1143,9.867,0.0,4.237,0.0
1144,12.01,3.907,4.598,0.0
1145,11.774,8.458,4.555,0.0
1146,13.711,10.729,5.061,0.0
1147,13.913,10.962,5.124,0.0
1148,13.807,10.851,5.084,0.0
1149,13.596,10.629,4.996,0.0
1150,14.97,12.072,5.591,0.0
1151,16.766,13.959,6.373,0.0
1152,16.66,13.848,6.34,0.0
1153,15.815,12.96,5.987,0.0
1154,14.97,12.072,5.629,0.0
1155,14.97,12.072,5.632,0.0
1156,14.97,12.072,5.634,0.0
1157,14.441,11.517,5.409,0.0
1158,16.554,13.737,6.319,0.0
1159,16.871,14.07,6.464,0.0
1160,15.92,13.071,6.062,0.0
1161,8.129,0.0,4.955,0.0
1162,6.119,0.0,4.277,0.0
1163,8.554,0.0,3.942,0.0
1164,6.26,0.0,3.408,0.0
1165,5.024,0.0,3.028,0.0
1166,6.643,0.0,3.404,0.0
1167,6.747,0.0,3.553,0.0
1168,11.343,0.0,4.563,0.0
1169,11.671,2.967,4.522,0.0
1170,13.549,10.524,4.987,0.0
1171,13.596,10.629,4.941,0.0
1172,15.603,12.738,5.816,0.0
1173,14.864,11.961,5.512,0.0
1174,15.181,12.294,5.66,0.0
1175,16.132,13.293,6.081,0.0
1176,16.554,13.737,6.276,0.0
1177,17.188,14.403,6.562,0.0
1178,17.611,14.847,6.758,0.0
1179,18.139,15.402,7.0,0.0
1180,18.562,15.846,7.196,0.0
1181,18.984,16.29,7.392,0.0
1182,19.407,16.734,7.588,0.0
1183,19.407,16.734,7.602,0.0
1184,19.301,16.623,7.569,0.0
1185,12.958,0.0,7.418,0.0
1186,8.809,0.0,6.405,0.0
1187,11.39,-2.276,5.219,0.0
1188,9.525,0.0,4.588,0.0
1189,8.796,0.0,4.819,0.0
1190,7.919,0.0,3.752,0.0
1191,8.712,0.0,3.874,0.0
1192,10.364,0.0,4.85,0.0
1193,12.888,0.0,5.479,0.0
1194,16.282,9.855,6.312,0.0
1195,18.35,15.624,6.909,0.0
1196,18.984,16.29,7.219,0.0
1197,19.301,16.623,7.391,0.0
1198,19.618,16.956,7.559,0.0
1199,20.252,17.622,7.862,0.0
1200,20.358,17.733,7.935,0.0
1201,20.886,18.288,8.188,0.0
1202,20.992,18.399,8.258,0.0
1203,21.203,18.621,8.37,0.0
1204,21.52,18.954,8.526,0.0
1205,21.943,19.398,8.727,0.0
1206,21.943,19.398,8.744,0.0
1207,22.26,19.731,8.897,0.0
1208,22.365,19.842,8.957,0.0
1209,15.04,1.671,8.326,0.0
1210,8.486,0.0,7.109,0.0
1211,13.239,0.0,5.867,0.0
1212,10.926,0.0,4.937,0.0
1213,9.234,0.0,4.18,0.0
1214,8.668,0.0,3.853,0.0
1215,8.37,0.0,3.621,0.0
1216,9.943,0.0,4.211,0.0
1217,12.052,0.0,5.009,0.0
1218,15.889,6.458,6.111,0.0
1219,18.139,15.402,6.78,0.0
1220,18.984,16.29,7.185,0.0
1221,19.618,16.956,7.498,0.0
1222,20.147,17.511,7.762,0.0
1223,20.252,17.622,7.842,0.0
1224,20.358,17.733,7.918,0.0
1225,20.992,18.399,8.218,0.0
1226,21.52,18.954,8.472,0.0
1227,21.098,18.51,8.315,0.0
1228,21.098,18.51,8.335,0.0
1229,21.414,18.843,8.49,0.0
1230,21.837,19.287,8.689,0.0
1231,22.365,19.842,8.933,0.0
1232,22.365,19.842,8.949,0.0
1233,17.391,9.043,8.391,0.0
1234,14.998,0.0,7.764,0.0
1235,14.664,0.0,7.036,0.0
1236,13.251,0.0,6.7,0.0
1237,14.376,7.779,6.887,0.0
1238,14.514,10.495,6.757,0.0
1239,12.442,4.469,6.292,0.0
1240,14.369,10.346,6.564,0.0
1241,17.062,13.992,6.977,0.0
1242,18.263,15.49,7.17,0.0
1243,18.562,15.846,7.249,0.0
1244,18.667,15.957,7.302,0.0
1245,18.773,16.068,7.355,0.0
1246,18.667,15.957,7.316,0.0
1247,18.773,16.068,7.367,0.0
1248,18.773,16.068,7.372,0.0
1249,18.667,15.957,7.33,0.0
1250,18.667,15.957,7.334,0.0
1251,18.562,15.846,7.291,0.0
1252,18.562,15.846,7.294,0.0
1253,18.773,16.068,7.387,0.0
1254,18.034,15.291,7.07,0.0
1255,17.505,14.736,6.842,0.0
1256,16.977,14.181,6.612,0.0
1257,15.418,11.204,6.388,0.0
1258,14.06,10.391,5.881,0.0
1259,8.398,0.0,4.353,0.0
1260,5.416,0.0,3.26,0.0
1261,7.464,0.0,4.204,0.0
1262,7.649,0.0,4.073,0.0
1263,7.735,0.0,4.126,0.0
1264,8.992,0.0,3.98,0.0
1265,12.462,0.0,5.304,0.0
1266,15.986,9.493,6.222,0.0
1267,19.09,16.401,7.296,0.0
1268,19.513,16.845,7.51,0.0
1269,20.358,17.733,7.903,0.0
1270,21.414,18.843,8.388,0.0
1271,20.252,17.622,7.916,0.0
1272,21.52,18.954,8.484,0.0
1273,20.041,17.4,7.87,0.0
1274,20.464,17.844,8.067,0.0
1275,20.569,17.955,8.127,0.0
1276,20.781,18.177,8.232,0.0
1277,21.626,19.065,8.609,0.0
1278,21.098,18.51,8.395,0.0
1279,22.26,19.731,8.907,0.0
1280,19.517,16.828,7.769,0.0
1281,14.681,5.37,7.417,0.0
1282,6.684,0.0,5.882,0.0
1283,9.843,0.0,4.491,0.0
1284,7.187,0.0,3.845,0.0
1285,5.635,0.0,3.404,0.0
1286,5.715,0.0,2.698,0.0
1287,7.222,0.0,3.296,0.0
1288,10.69,0.0,5.027,0.0
1289,11.25,0.0,4.707,0.0
1290,16.154,9.737,6.259,0.0
1291,19.513,16.845,7.409,0.0
1292,21.414,18.843,8.27,0.0
1293,21.943,19.398,8.542,0.0
1294,22.471,19.953,8.81,0.0
1295,22.365,19.842,8.802,0.0
1296,22.365,19.842,8.834,0.0
1297,22.365,19.842,8.863,0.0
1298,19.196,16.512,7.521,0.0
1299,19.935,17.289,7.85,0.0
1300,19.513,16.845,7.679,0.0
1301,21.52,18.954,8.553,0.0
1302,19.83,17.178,7.839,0.0
1303,19.407,16.734,7.664,0.0
1304,18.461,15.718,7.291,0.0
1305,9.242,0.0,6.569,0.0
1306,6.709,0.0,5.394,0.0
1307,9.692,0.0,4.916,0.0
1308,6.725,0.0,3.879,0.0
1309,5.7,0.0,3.622,0.0
1310,8.258,0.0,4.473,0.0
1311,10.775,0.0,4.922,0.0
1312,13.907,4.684,5.67,0.0
1313,15.525,12.478,6.07,0.0
1314,16.678,13.825,6.392,0.0
1315,16.871,14.07,6.431,0.0
1316,17.188,14.403,6.58,0.0
1317,18.139,15.402,7.001,0.0
1318,18.879,16.179,7.334,0.0
1319,18.879,16.179,7.349,0.0
1320,18.773,16.068,7.317,0.0
1321,18.456,15.735,7.191,0.0
1322,18.773,16.068,7.336,0.0
1323,19.301,16.623,7.573,0.0
1324,19.724,17.067,7.765,0.0
1325,19.196,16.512,7.547,0.0
1326,20.675,18.066,8.191,0.0
1327,19.724,17.067,7.793,0.0
1328,19.944,17.254,7.956,0.0
1329,13.344,1.758,7.438,0.0
1330,10.578,0.0,6.621,0.0
1331,15.685,0.876,7.085,0.0
1332,9.72,0.0,5.333,0.0
1333,8.099,0.0,4.737,0.0
1334,8.307,0.0,4.767,0.0
1335,12.74,0.0,6.339,0.0
1336,12.308,0.0,5.878,0.0
1337,15.019,7.959,6.553,0.0
1338,18.375,15.472,7.313,0.0
1339,19.83,17.178,7.715,0.0
1340,20.252,17.622,7.919,0.0
1341,20.781,18.177,8.168,0.0
1342,20.781,18.177,8.188,0.0
1343,21.626,19.065,8.571,0.0
1344,21.414,18.843,8.498,0.0
1345,20.781,18.177,8.241,0.0
1346,20.464,17.844,8.116,0.0
1347,21.098,18.51,8.398,0.0
1348,21.414,18.843,8.545,0.0
1349,20.886,18.288,8.327,0.0
1350,21.203,18.621,8.471,0.0
1351,21.309,18.732,8.523,0.0
1352,20.151,17.494,8.062,0.0
1353,16.587,10.785,7.44,0.0
1354,10.274,0.0,6.004,0.0
1355,9.045,-3.297,4.312,0.0
1356,6.908,0.0,3.471,0.0
1357,10.434,0.0,5.642,0.0
1358,13.976,0.0,6.094,0.0
1359,8.946,0.0,4.217,0.0
1360,11.865,0.0,5.627,0.0
1361,12.289,0.0,5.296,0.0
1362,15.944,11.581,6.388,0.0
1363,18.667,15.957,7.093,0.0
1364,19.301,16.623,7.399,0.0
1365,19.407,16.734,7.475,0.0
1366,20.147,17.511,7.822,0.0
1367,20.252,17.622,7.894,0.0
1368,20.464,17.844,8.009,0.0
1369,20.252,17.622,7.94,0.0
1370,20.041,17.4,7.867,0.0
1371,20.992,18.399,8.293,0.0
1372,21.731,19.176,8.629,0.0
1373,22.154,19.62,8.829,0.0
1374,22.048,19.509,8.8,0.0
1375,21.52,18.954,8.587,0.0
1376,21.63,19.048,8.676,0.0
1377,15.861,5.04,8.402,0.0
1378,16.943,8.585,7.96,0.0
1379,17.567,12.852,7.929,0.0
1380,16.969,13.14,7.73,0.0
1381,16.066,12.135,7.448,0.0
1382,15.683,11.759,7.294,0.0
1383,15.363,11.459,7.148,0.0
1384,16.198,12.633,7.212,0.0
1385,15.758,12.206,7.035,0.0
1386,19.148,16.407,7.608,0.0
1387,19.83,17.178,7.831,0.0
1388,20.781,18.177,8.249,0.0
1389,21.837,19.287,8.715,0.0
1390,22.577,20.064,9.047,0.0
1391,24.162,21.729,9.745,0.0
1392,23.633,21.174,9.536,0.0
1393,23.95,21.507,9.686,0.0
1394,24.584,22.173,9.973,0.0
1395,25.007,22.617,10.17,0.0
1396,25.535,23.172,10.412,0.0
1397,26.697,24.393,10.928,0.0
1398,27.12,24.837,11.127,0.0
1399,27.648,25.392,11.371,0.0
1400,26.96,24.588,11.203,0.0
1401,0.0,0.0,9.058,0.0
1402,4.224,0.0,6.854,0.0
1403,10.94,0.0,5.288,0.0
1404,9.874,0.0,5.448,0.0
1405,9.177,0.0,5.346,0.0
1406,7.47,0.0,4.328,0.0
1407,9.144,0.0,5.033,0.0
1408,9.265,0.0,4.388,0.0
1409,11.745,0.0,5.274,0.0
1410,17.749,9.796,7.049,0.0
1411,21.309,18.732,8.293,0.0
1412,22.999,20.508,9.057,0.0
1413,24.162,21.729,9.595,0.0
1414,24.69,22.284,9.859,0.0
1415,24.795,22.395,9.939,0.0
1416,25.429,23.061,10.243,0.0
1417,25.218,22.839,10.181,0.0
1418,23.528,21.063,9.477,0.0
1419,22.577,20.064,9.083,0.0
1420,22.894,20.397,9.229,0.0
1421,25.007,22.617,10.15,0.0
1422,25.641,23.283,10.44,0.0
1423,24.69,22.284,10.047,0.0
1424,24.432,21.888,10.121,0.0
1425,0.0,0.0,7.924,0.0
1426,1.608,0.0,6.083,0.0
1427,10.021,0.0,4.966,0.0
1428,7.613,0.0,4.33,0.0
1429,6.925,0.0,4.32,0.0
1430,6.497,0.0,3.622,0.0
1431,6.963,0.0,3.522,0.0
1432,7.605,0.0,3.918,0.0
1433,11.502,0.0,4.982,0.0
1434,14.532,5.344,5.599,0.0
1435,16.66,13.848,6.241,0.0
1436,16.554,13.737,6.218,0.0
1437,16.66,13.848,6.284,0.0
1438,16.66,13.848,6.302,0.0
1439,17.188,14.403,6.546,0.0
1440,17.822,15.069,6.835,0.0
1441,18.139,15.402,6.988,0.0
1442,18.35,15.624,7.095,0.0
1443,18.456,15.735,7.154,0.0
1444,18.456,15.735,7.168,0.0
1445,19.618,16.956,7.68,0.0
1446,18.667,15.957,7.285,0.0
1447,18.139,15.402,7.066,0.0
1448,17.725,14.923,6.954,0.0
1449,11.595,2.883,6.004,0.0
1450,7.521,0.0,4.707,0.0
1451,5.786,0.0,3.512,0.0
1452,3.689,0.0,2.596,0.0
1453,3.5,0.0,2.254,0.0
1454,3.446,0.0,2.182,0.0
1455,5.861,0.0,3.39,0.0
1456,9.589,0.0,4.205,0.0
1457,12.39,0.345,4.793,0.0
1458,14.092,11.052,5.227,0.0
1459,15.709,12.849,5.809,0.0
1460,16.237,13.404,6.059,0.0
1461,16.554,13.737,6.217,0.0
1462,16.871,14.07,6.374,0.0
1463,18.667,15.957,7.167,0.0
1464,21.309,18.732,8.33,0.0
1465,21.837,19.287,8.588,0.0
1466,22.365,19.842,8.844,0.0
1467,22.471,19.953,8.917,0.0
1468,21.414,18.843,8.486,0.0
1469,20.569,17.955,8.139,0.0
1470,20.675,18.066,8.196,0.0
1471,20.252,17.622,8.025,0.0
1472,19.877,17.169,7.953,0.0
1473,12.483,0.724,7.381,0.0
1474,13.25,1.9,6.805,0.0
1475,13.161,2.341,6.464,0.0
1476,9.959,0.382,5.324,0.0
1477,4.505,0.0,3.194,0.0
1478,2.956,0.0,1.968,0.0
1479,3.452,0.0,1.87,0.0
1480,4.861,0.0,2.547,0.0
1481,8.395,0.0,3.762,0.0
1482,12.896,0.0,4.974,0.0
1483,17.608,13.401,6.576,0.0
1484,18.773,16.068,7.091,0.0
1485,19.935,17.289,7.631,0.0
1486,21.098,18.51,8.171,0.0
1487,19.83,17.178,7.662,0.0
1488,18.879,16.179,7.28,0.0
1489,19.407,16.734,7.53,0.0
1490,18.456,15.735,7.141,0.0
1491,18.35,15.624,7.11,0.0
1492,18.773,16.068,7.305,0.0
1493,18.773,16.068,7.317,0.0
1494,18.773,16.068,7.328,0.0
1495,18.562,15.846,7.247,0.0
1496,17.01,13.721,6.909,0.0
1497,12.623,5.161,6.187,0.0
1498,8.7,0.0,5.164,0.0
1499,6.638,0.0,3.972,0.0
1500,4.353,0.0,3.057,0.0
1501,2.581,0.0,2.412,0.0
1502,0.941,0.0,1.531,0.0
1503,2.024,0.0,1.887,0.0
1504,4.225,0.0,2.354,0.0
1505,7.371,0.0,2.99,0.0
1506,9.616,0.0,3.37,0.0
1507,12.296,4.242,4.302,0.0
1508,12.856,9.852,4.541,0.0
1509,13.49,10.518,4.831,0.0
1510,14.019,11.073,5.075,0.0
1511,14.336,11.406,5.228,0.0
1512,15.392,12.516,5.7,0.0
1513,16.026,13.182,5.991,0.0
1514,15.709,12.849,5.872,0.0
1515,15.392,12.516,5.75,0.0
1516,15.815,12.96,5.944,0.0
1517,16.449,13.626,6.23,0.0
1518,16.66,13.848,6.333,0.0
1519,16.977,14.181,6.482,0.0
1520,15.986,12.37,6.595,0.0
1521,11.48,2.288,6.123,0.0
1522,11.45,1.518,5.791,0.0
1523,11.309,4.273,5.392,0.0
1524,8.767,1.126,4.62,0.0
1525,4.832,0.0,3.403,0.0
1526,4.848,0.0,3.194,0.0
1527,5.212,0.0,3.178,0.0
1528,7.186,0.0,3.458,0.0
1529,10.407,0.0,4.081,0.0
1530,12.978,9.753,4.704,0.0
1531,13.702,10.74,4.97,0.0
1532,15.709,12.849,5.847,0.0
1533,16.871,14.07,6.366,0.0
1534,18.139,15.402,6.932,0.0
1535,17.928,15.18,6.863,0.0
1536,18.35,15.624,7.064,0.0
1537,18.773,16.068,7.265,0.0
1538,18.456,15.735,7.146,0.0
1539,18.35,15.624,7.114,0.0
1540,18.456,15.735,7.172,0.0
1541,18.562,15.846,7.228,0.0
1542,18.879,16.179,7.375,0.0
1543,19.09,16.401,7.476,0.0
1544,16.812,12.801,7.32,0.0
1545,16.998,12.983,7.198,0.0
1546,15.812,12.209,6.791,0.0
1547,12.49,3.874,6.116,0.0
1548,12.412,7.586,5.97,0.0
1549,9.819,2.716,5.326,0.0
1550,7.753,0.0,4.563,0.0
1551,9.717,3.386,4.877,0.0
1552,8.899,3.047,4.665,0.0
1553,12.593,8.968,5.411,0.0
1554,14.628,11.433,5.831,0.0
1555,17.4,14.625,6.646,0.0
1556,18.245,15.513,7.026,0.0
1557,19.513,16.845,7.589,0.0
1558,18.562,15.846,7.199,0.0
1559,19.196,16.512,7.486,0.0
1560,18.245,15.513,7.09,0.0
1561,16.871,14.07,6.507,0.0
1562,16.449,13.626,6.327,0.0
1563,16.977,14.181,6.556,0.0
1564,16.343,13.515,6.285,0.0
1565,16.343,13.515,6.285,0.0
1566,17.822,15.069,6.923,0.0
1567,16.343,13.515,6.291,0.0
1568,15.551,12.144,6.346,0.0
1569,10.561,2.483,5.535,0.0
1570,3.734,0.0,4.251,0.0
1571,7.077,0.0,3.978,0.0
1572,4.135,0.0,2.982,0.0
1573,3.186,0.0,2.726,0.0
1574,6.822,0.0,3.476,0.0
1575,2.625,0.0,1.906,0.0
1576,7.631,0.0,3.949,0.0
1577,10.686,0.0,4.572,0.0
1578,13.941,5.165,5.329,0.0
1579,15.401,12.504,5.693,0.0
1580,16.449,13.626,6.139,0.0
1581,16.66,13.848,6.254,0.0
1582,17.928,15.18,6.822,0.0
1583,18.773,16.068,7.211,0.0
1584,19.935,17.289,7.736,0.0
1585,21.414,18.843,8.399,0.0
1586,22.154,19.62,8.746,0.0
1587,21.837,19.287,8.636,0.0
1588,22.26,19.731,8.841,0.0
1589,22.471,19.953,8.954,0.0
1590,23.316,20.841,9.338,0.0
1591,23.739,21.285,9.541,0.0
1592,15.944,9.194,8.963,0.0
1593,4.719,0.0,6.913,0.0
1594,0.571,0.0,5.074,0.0
1595,6.455,0.0,3.984,0.0
1596,5.347,0.0,3.609,0.0
1597,4.55,0.0,3.361,0.0
1598,3.852,0.0,3.021,0.0
1599,4.506,0.0,3.093,0.0
1600,5.523,0.0,3.098,0.0
1601,9.078,0.0,4.047,0.0
1602,11.568,0.0,4.61,0.0
1603,14.018,9.921,5.079,0.0
1604,14.441,11.517,5.255,0.0
1605,14.864,11.961,5.456,0.0
1606,15.286,12.405,5.656,0.0
1607,15.498,12.627,5.764,0.0
1608,15.92,13.071,5.962,0.0
1609,16.66,13.848,6.297,0.0
1610,18.35,15.624,7.042,0.0
1611,19.83,17.178,7.701,0.0
1612,18.879,16.179,7.315,0.0
1613,18.773,16.068,7.286,0.0
1614,18.562,15.846,7.21,0.0
1615,19.407,16.734,7.587,0.0
1616,14.577,8.891,7.524,0.0
1617,1.176,0.0,6.577,0.0
1618,0.0,-15.989,5.18,0.0
1619,8.637,0.0,4.824,0.0
1620,7.968,0.0,4.008,0.0
1621,6.673,0.0,4.239,0.0
1622,9.873,0.0,5.111,0.0
1623,10.09,0.0,5.159,0.0
1624,11.671,0.0,5.441,0.0
1625,14.578,11.113,5.884,0.0
1626,15.153,12.008,6.002,0.0
1627,16.563,13.725,6.295,0.0
1628,17.188,14.403,6.55,0.0
1629,17.4,14.625,6.657,0.0
1630,17.717,14.958,6.808,0.0
1631,18.245,15.513,7.049,0.0
1632,18.562,15.846,7.2,0.0
1633,18.879,16.179,7.35,0.0
1634,18.984,16.29,7.409,0.0
1635,19.196,16.512,7.511,0.0
1636,19.513,16.845,7.659,0.0
1637,19.618,16.956,7.716,0.0
1638,19.935,17.289,7.863,0.0
1639,20.041,17.4,7.918,0.0
1640,19.377,16.567,7.764,0.0
1641,15.949,10.655,7.246,0.0
1642,16.494,12.952,7.161,0.0
1643,15.933,12.436,6.883,0.0
1644,14.375,10.425,6.616,0.0
1645,14.834,11.183,6.565,0.0
1646,15.204,11.775,6.508,0.0
1647,15.371,12.028,6.492,0.0
1648,16.119,12.973,6.616,0.0
1649,16.674,13.729,6.624,0.0
1650,17.148,14.284,6.75,0.0
1651,17.505,14.736,6.8,0.0
1652,17.611,14.847,6.848,0.0
1653,17.717,14.958,6.897,0.0
1654,17.928,15.18,6.99,0.0
1655,18.034,15.291,7.039,0.0
1656,18.245,15.513,7.134,0.0
1657,18.35,15.624,7.183,0.0
1658,18.667,15.957,7.323,0.0
1659,18.879,16.179,7.419,0.0
1660,18.773,16.068,7.378,0.0
1661,18.879,16.179,7.427,0.0
1662,18.879,16.179,7.431,0.0
1663,19.09,16.401,7.525,0.0
1664,17.904,14.662,7.422,0.0
1665,14.193,6.96,7.1,0.0
1666,13.254,4.93,6.646,0.0
1667,10.396,0.0,5.688,0.0
1668,7.983,0.0,4.878,0.0
1669,5.916,0.0,3.695,0.0
1670,5.523,0.0,3.82,0.0
1671,6.443,0.0,3.983,0.0
1672,7.906,0.0,4.26,0.0
1673,11.309,0.0,4.955,0.0
1674,13.337,5.126,5.505,0.0
1675,17.901,15.129,6.818,0.0
1676,19.196,16.512,7.377,0.0
1677,18.984,16.29,7.313,0.0
1678,18.773,16.068,7.246,0.0
1679,18.773,16.068,7.266,0.0
1680,18.139,15.402,7.01,0.0
1681,18.879,16.179,7.341,0.0
1682,18.773,16.068,7.31,0.0
1683,19.724,17.067,7.732,0.0
1684,19.513,16.845,7.655,0.0
1685,18.879,16.179,7.393,0.0
1686,19.407,16.734,7.628,0.0
1687,19.618,16.956,7.728,0.0
1688,17.642,14.274,7.389,0.0
1689,12.97,5.33,6.696,0.0
1690,5.052,0.0,5.38,0.0
1691,6.984,0.0,4.46,0.0
1692,6.525,0.0,4.191,0.0
1693,4.736,0.0,3.54,0.0
1694,4.433,0.0,3.358,0.0
1695,6.209,0.0,3.749,0.0
1696,8.681,0.0,4.16,0.0
1697,11.228,0.0,4.449,0.0
1698,12.748,7.526,4.749,0.0
1699,15.385,12.483,5.749,0.0
1700,15.709,12.849,5.868,0.0
1701,15.709,12.849,5.883,0.0
1702,15.709,12.849,5.897,0.0
1703,15.603,12.738,5.863,0.0
1704,15.075,12.183,5.645,0.0
1705,14.653,11.739,5.47,0.0
1706,14.124,11.184,5.246,0.0
1707,13.702,10.74,5.066,0.0
1708,13.068,10.074,4.792,0.0
1709,12.751,9.741,4.653,0.0
1710,11.906,8.853,4.286,0.0
1711,11.694,8.631,4.188,0.0
1712,10.928,7.786,3.896,0.0
1713,7.574,1.365,3.712,0.0
1714,7.32,2.052,3.373,0.0
1715,7.734,3.677,3.314,0.0
1716,8.404,4.62,3.383,0.0
1717,6.633,2.497,2.922,0.0
1718,3.667,0.0,2.449,0.0
1719,6.689,1.044,2.851,0.0
1720,5.574,1.163,2.77,0.0
1721,6.367,2.359,2.7,0.0
1722,7.806,4.207,2.843,0.0
1723,10.733,7.56,3.7,0.0
1724,12.539,9.519,4.415,0.0
1725,12.856,9.852,4.566,0.0
1726,13.173,10.185,4.716,0.0
1727,13.807,10.851,5.002,0.0
1728,14.653,11.739,5.38,0.0
1729,12.856,9.852,4.621,0.0
1730,14.124,11.184,5.174,0.0
1731,14.019,11.073,5.139,0.0
1732,14.336,11.406,5.285,0.0
1733,14.23,11.295,5.248,0.0
1734,14.336,11.406,5.301,0.0
1735,14.019,11.073,5.172,0.0
1736,9.043,3.72,4.767,0.0
1737,0.0,0.0,3.488,0.0
1738,6.764,0.0,3.01,0.0
1739,3.082,0.0,2.198,0.0
1740,0.0,0.0,1.059,0.0
1741,0.0,0.0,0.123,0.0
1742,0.0,0.0,0.0,0.0
1743,0.0,0.0,0.0,0.0
1744,0.0,0.0,0.17,0.0
1745,4.012,0.0,1.468,0.0
1746,5.553,0.0,1.754,0.0
1747,7.172,0.0,2.029,0.0
1748,7.618,0.0,2.15,0.0
1749,8.081,2.225,2.37,0.0
1750,8.525,5.301,2.578,0.0
1751,8.102,4.857,2.408,0.0
1752,8.208,4.968,2.462,0.0
1753,8.102,4.857,2.425,0.0
1754,8.208,4.968,2.477,0.0
1755,8.208,4.968,2.483,0.0
1756,8.208,4.968,2.489,0.0
1757,8.313,5.079,2.539,0.0
1758,8.525,5.301,2.635,0.0
1759,8.842,5.634,2.776,0.0
1760,8.677,5.379,2.801,0.0
1761,4.235,0.0,2.289,0.0
1762,3.092,0.0,1.813,0.0
1763,0.195,0.0,0.985,0.0
1764,0.408,0.0,1.066,0.0
1765,1.456,0.0,1.083,0.0
1766,0.496,0.0,0.665,0.0
1767,0.925,0.0,0.767,0.0
1768,0.0,0.0,0.205,0.0
1769,1.88,0.0,0.821,0.0
1770,4.267,0.0,1.192,0.0
1771,5.986,0.0,1.538,0.0
1772,6.85,0.0,1.801,0.0
1773,6.679,0.0,1.747,0.0
1774,6.499,0.957,1.685,0.0
1775,6.306,2.97,1.612,0.0
1776,6.2,2.859,1.571,0.0
1777,6.094,2.748,1.529,0.0
1778,6.728,3.414,1.805,0.0
1779,6.517,3.192,1.719,0.0
1780,6.728,3.414,1.813,0.0
1781,7.045,3.747,1.954,0.0
1782,7.362,4.08,2.095,0.0
1783,7.362,4.08,2.1,0.0
1784,7.249,3.908,2.124,0.0
1785,6.724,3.198,2.09,0.0
1786,5.572,1.737,1.878,0.0
1787,4.316,0.22,1.552,0.0
1788,3.422,0.0,1.335,0.0
1789,0.715,0.0,0.694,0.0
1790,0.0,0.0,0.0,0.0
1791,0.0,0.0,0.0,0.0
1792,0.0,0.0,0.0,0.0
1793,0.0,0.0,0.0,0.0
1794,1.323,0.0,0.0,0.0
1795,3.856,0.0,0.0,0.0
1796,5.761,0.0,0.954,0.0
1797,7.279,0.0,1.986,0.0
1798,8.06,0.0,2.344,0.0
1799,8.734,5.296,2.657,0.0
1800,9.687,6.522,3.082,0.0
1801,10.321,7.188,3.371,0.0
1802,11.694,8.631,3.98,0.0
1803,10.426,7.299,3.452,0.0
1804,11.906,8.853,4.102,0.0
1805,12.751,9.741,4.483,0.0
1806,13.279,10.296,4.728,0.0
1807,13.279,10.296,4.746,0.0
1808,4.549,0.0,3.781,0.0
1809,0.0,0.0,1.94,0.0
1810,0.0,-0.0,0.0,0.0
1811,0.0,-16.389,0.0,0.0
1812,0.0,-19.294,0.0,0.0
1813,0.0,-17.07,0.0,-2.763
1814,0.0,-11.465,0.0,-3.272
1815,0.0,-4.437,0.0,-3.544
1816,0.0,0.0,0.0,-2.393
1817,0.0,0.0,0.0,-0.069
1818,1.616,0.0,0.0,0.0
1819,7.442,0.0,0.0,0.0
1820,9.479,0.0,0.0,0.0
1821,10.702,2.486,0.0,0.0
1822,11.694,8.622,0.0,0.0
1823,12.222,9.184,3.095,0.0
1824,13.279,10.296,4.682,0.0
1825,13.068,10.074,4.614,0.0
1826,13.173,10.185,4.679,0.0
1827,14.124,11.184,5.106,0.0
1828,15.392,12.516,5.672,0.0
1829,15.815,12.96,5.875,0.0
1830,15.603,12.738,5.805,0.0
1831,14.758,11.85,5.457,0.0
1832,7.738,2.228,4.422,0.0
1833,8.689,4.075,3.744,0.0
1834,3.94,0.0,2.63,0.0
1835,2.434,0.0,1.761,0.0
1836,0.0,0.0,0.774,0.0
1837,0.0,0.0,0.0,0.0
1838,0.0,0.0,0.0,0.0
1839,3.963,0.0,0.349,0.0
1840,2.436,0.0,0.823,0.0
1841,1.698,0.0,0.783,0.0
1842,3.823,0.0,1.119,0.0
1843,5.419,0.0,1.272,0.0
1844,7.505,0.0,2.106,0.0
1845,9.448,2.875,2.963,0.0
1846,10.004,6.855,3.225,0.0
1847,9.792,6.633,3.15,0.0
1848,10.638,7.521,3.528,0.0
1849,10.426,7.299,3.452,0.0
1850,10.638,7.521,3.555,0.0
1851,11.272,8.187,3.84,0.0
1852,11.589,8.52,3.99,0.0
1853,11.906,8.853,4.138,0.0
1854,11.483,8.409,3.968,0.0
1855,11.06,7.965,3.795,0.0
1856,8.937,4.889,3.672,0.0
1857,4.346,0.0,2.983,0.0
1858,3.744,0.0,2.453,0.0
1859,2.17,0.0,1.843,0.0
1860,0.0,0.0,0.594,0.0
1861,1.998,0.0,1.456,0.0
1862,7.88,0.0,2.795,0.0
1863,7.619,0.0,2.702,0.0
1864,7.554,0.0,2.658,0.0
1865,8.12,2.9,2.723,0.0
1866,8.485,5.182,2.72,0.0
1867,8.842,5.634,2.774,0.0
1868,9.264,6.078,2.962,0.0
1869,9.898,6.744,3.242,0.0
1870,10.321,7.188,3.432,0.0
1871,10.743,7.632,3.623,0.0
1872,10.638,7.521,3.587,0.0
1873,11.06,7.965,3.777,0.0
1874,11.906,8.853,4.15,0.0
1875,11.906,8.853,4.16,0.0
1876,12.011,8.964,4.215,0.0
1877,12.539,9.519,4.451,0.0
1878,12.011,8.964,4.233,0.0
1879,11.906,8.853,4.194,0.0
1880,11.592,8.476,4.127,0.0
1881,10.065,6.837,3.517,0.0
1882,7.907,4.485,2.691,0.0
1883,4.743,0.619,1.922,0.0
1884,3.782,0.0,1.747,0.0
1885,5.863,1.692,1.959,0.0
1886,6.496,2.88,2.191,0.0
1887,5.757,2.107,1.865,0.0
1888,5.965,2.353,1.914,0.0
1889,6.997,3.64,2.074,0.0
1890,6.786,3.419,1.98,0.0
1891,6.632,3.292,1.861,0.0
1892,7.045,3.747,2.007,0.0
1893,7.468,4.191,2.188,0.0
1894,8.102,4.857,2.461,0.0
1895,8.736,5.523,2.736,0.0
1896,8.947,5.745,2.832,0.0
1897,9.792,6.633,3.201,0.0
1898,10.638,7.521,3.572,0.0
1899,11.06,7.965,3.764,0.0
1900,11.272,8.187,3.865,0.0
1901,11.694,8.631,4.057,0.0
1902,11.694,8.631,4.067,0.0
1903,12.016,8.947,4.245,0.0
1904,4.384,0.0,3.74,0.0
1905,0.0,0.0,2.453,0.0
1906,3.407,0.0,2.285,0.0
1907,0.0,0.0,1.441,0.0
1908,0.0,0.0,0.754,0.0
1909,1.772,0.0,1.837,0.0
1910,0.754,0.0,1.525,0.0
1911,0.0,0.0,0.878,0.0
1912,0.375,0.0,1.029,0.0
1913,2.691,0.0,1.549,0.0
1914,7.015,0.0,2.579,0.0
1915,10.665,0.0,3.506,0.0
1916,12.194,5.619,4.148,0.0
1917,11.483,8.409,3.875,0.0
1918,12.645,9.63,4.396,0.0
1919,12.962,9.963,4.555,0.0
1920,13.702,10.74,4.894,0.0
1921,13.913,10.962,5.006,0.0
1922,14.547,11.628,5.299,0.0
1923,12.539,9.519,4.453,0.0
1924,12.962,9.963,4.644,0.0
1925,12.222,9.186,4.335,0.0
1926,12.962,9.963,4.66,0.0
1927,16.132,13.293,6.034,0.0
1928,15.927,13.031,6.027,0.0
1929,13.979,10.926,5.279,0.0
1930,8.09,2.663,3.923,0.0
1931,4.955,0.0,3.193,0.0
1932,3.519,0.0,2.836,0.0
1933,0.398,0.0,1.76,0.0
1934,0.462,0.0,0.973,0.0
1935,3.378,0.0,2.569,0.0
1936,2.924,0.0,2.223,0.0
1937,4.445,0.0,2.389,0.0
1938,8.197,0.0,3.402,0.0
1939,12.546,1.319,4.4,0.0
1940,13.913,10.962,4.9,0.0
1941,14.019,11.073,4.978,0.0
1942,15.286,12.405,5.553,0.0
1943,17.4,14.625,6.494,0.0
1944,18.35,15.624,6.938,0.0
1945,19.513,16.845,7.473,0.0
1946,20.358,17.733,7.871,0.0
1947,20.464,17.844,7.949,0.0
1948,20.358,17.733,7.933,0.0
1949,20.886,18.288,8.186,0.0
1950,21.098,18.51,8.301,0.0
1951,20.785,18.16,8.219,0.0
1952,15.241,10.573,7.559,0.0
1953,9.971,2.238,5.745,0.0
1954,4.618,0.0,4.179,0.0
1955,1.998,0.0,2.713,0.0
1956,1.106,0.0,1.825,0.0
1957,2.36,0.0,2.565,0.0
1958,1.466,0.0,2.12,0.0
1959,1.438,0.0,1.763,0.0
1960,1.705,0.0,1.072,0.0
1961,4.754,0.0,2.08,0.0
1962,10.138,0.0,4.12,0.0
1963,13.289,2.499,4.732,0.0
1964,14.441,11.517,5.141,0.0
1965,16.026,13.182,5.857,0.0
1966,17.4,14.625,6.483,0.0
1967,18.139,15.402,6.838,0.0
1968,18.245,15.513,6.917,0.0
1969,18.456,15.735,7.038,0.0
1970,18.562,15.846,7.111,0.0
1971,19.301,16.623,7.454,0.0
1972,19.407,16.734,7.524,0.0
1973,20.569,17.955,8.047,0.0
1974,20.886,18.288,8.207,0.0
1975,20.574,17.938,8.124,0.0
1976,7.923,0.597,6.655,0.0
1977,0.375,0.0,4.847,0.0
1978,6.797,0.0,4.219,0.0
1979,7.67,0.0,4.152,0.0
1980,7.611,0.0,3.869,0.0
1981,7.443,0.0,3.812,0.0
1982,9.79,3.74,4.36,0.0
1983,3.907,0.0,2.992,0.0
1984,2.566,0.0,2.29,0.0
1985,7.117,0.0,3.548,0.0
1986,8.754,2.97,3.797,0.0
1987,11.488,8.119,4.375,0.0
1988,14.547,11.628,5.286,0.0
1989,17.717,14.958,6.673,0.0
1990,17.083,14.292,6.43,0.0
1991,17.822,15.069,6.773,0.0
1992,19.301,16.623,7.435,0.0
1993,19.724,17.067,7.643,0.0
1994,21.098,18.51,8.26,0.0
1995,21.098,18.51,8.287,0.0
1996,20.358,17.733,7.992,0.0
1997,20.358,17.733,8.01,0.0
1998,20.252,17.622,7.98,0.0
1999,19.517,16.828,7.708,0.0
2000,11.2,5.372,6.873,0.0
2001,12.638,7.802,5.915,0.0
2002,8.733,0.117,5.071,0.0
2003,3.716,0.0,3.498,0.0
2004,4.708,0.0,3.574,0.0
2005,1.809,0.0,1.82,0.0
2006,2.702,0.0,2.389,0.0
2007,4.278,0.0,3.19,0.0
2008,3.594,0.0,2.478,0.0
2009,5.139,0.0,2.555,0.0
2010,8.767,0.0,3.764,0.0
2011,12.87,2.551,4.815,0.0
2012,15.815,12.96,5.732,0.0
2013,15.392,12.516,5.588,0.0
2014,16.343,13.515,6.029,0.0
2015,17.294,14.514,6.47,0.0
2016,18.35,15.624,6.957,0.0
2017,18.984,16.29,7.262,0.0
2018,20.992,18.399,8.157,0.0
2019,22.365,19.842,8.783,0.0
2020,22.154,19.62,8.726,0.0
2021,22.471,19.953,8.893,0.0
2022,22.999,20.508,9.148,0.0
2023,22.412,19.833,9.002,0.0
2024,0.0,0.0,6.841,0.0
2025,0.497,-2.078,4.589,0.0
2026,0.0,0.0,3.032,0.0
2027,9.178,0.0,4.006,0.0
2028,12.924,0.0,5.692,0.0
2029,6.106,0.0,4.015,0.0
2030,1.963,0.0,1.749,0.0
2031,3.136,0.0,2.8,0.0
2032,4.646,0.0,3.064,0.0
2033,6.494,0.0,3.403,0.0
2034,8.765,0.0,3.872,0.0
2035,13.044,4.212,4.824,0.0
2036,16.026,13.182,5.897,0.0
2037,17.505,14.736,6.564,0.0
2038,17.505,14.736,6.596,0.0
2039,18.667,15.957,7.124,0.0
2040,18.456,15.735,7.062,0.0
2041,18.562,15.846,7.132,0.0
2042,20.358,17.733,7.928,0.0
2043,21.731,19.176,8.546,0.0
2044,22.471,19.953,8.893,0.0
2045,23.211,20.73,9.239,0.0
2046,23.422,20.952,9.357,0.0
2047,22.311,19.704,9.014,0.0
2048,0.0,0.0,7.149,0.0
2049,0.0,0.0,5.233,0.0
2050,0.582,0.0,2.934,0.0
2051,1.756,0.0,2.599,0.0
2052,2.416,0.0,2.643,0.0
2053,3.125,0.0,2.839,0.0
2054,1.783,0.0,2.376,0.0
2055,4.365,0.0,2.866,0.0
2056,5.979,0.0,3.045,0.0
2057,4.72,0.0,2.759,0.0
2058,8.37,0.0,3.482,0.0
2059,12.285,4.782,4.689,0.0
2060,15.603,12.738,5.728,0.0
2061,17.822,15.069,6.711,0.0
2062,18.879,16.179,7.198,0.0
2063,18.456,15.735,7.047,0.0
2064,17.4,14.625,6.618,0.0
2065,16.766,13.959,6.364,0.0
2066,16.343,13.515,6.196,0.0
2067,15.92,13.071,6.024,0.0
2068,15.392,12.516,5.805,0.0
2069,15.181,12.294,5.719,0.0
2070,15.181,12.294,5.722,0.0
2071,14.763,11.833,5.576,0.0
2072,11.406,7.496,5.036,0.0
2073,8.166,2.22,4.327,0.0
2074,5.254,0.0,3.463,0.0
2075,1.724,0.0,2.323,0.0
2076,0.0,0.0,0.971,0.0
2077,0.0,0.0,0.0,0.0
2078,0.0,0.0,0.0,0.0
2079,0.0,0.0,0.0,0.0
2080,0.0,0.0,0.0,0.0
2081,1.49,0.0,0.0,0.0
2082,4.835,0.0,1.937,0.0
2083,9.509,0.0,3.326,0.0
2084,13.848,2.96,4.836,0.0
2085,16.237,13.404,5.916,0.0
2086,17.4,14.625,6.456,0.0
2087,17.717,14.958,6.632,0.0
2088,19.09,16.401,7.259,0.0
2089,19.724,17.067,7.568,0.0
2090,19.935,17.289,7.693,0.0
2091,18.562,15.846,7.132,0.0
2092,16.66,13.848,6.334,0.0
2093,16.132,13.293,6.118,0.0
2094,15.709,12.849,5.944,0.0
2095,15.929,13.036,6.106,0.0
2096,7.549,1.8,5.165,0.0
2097,6.404,0.0,4.072,0.0
2098,1.633,0.0,2.759,0.0
2099,0.0,0.0,0.97,0.0
2100,0.0,0.0,0.0,0.0
2101,0.0,0.0,0.637,0.0
2102,0.0,0.0,0.079,0.0
2103,0.0,0.0,0.0,0.0
2104,0.0,0.0,0.072,0.0
2105,0.176,0.0,0.518,0.0
2106,3.931,0.0,1.244,0.0
2107,7.046,0.0,2.175,0.0
2108,9.599,0.0,2.992,0.0
2109,11.032,4.438,3.643,0.0
2110,12.222,9.186,4.186,0.0
2111,12.117,9.075,4.164,0.0
2112,12.645,9.63,4.413,0.0
2113,13.596,10.629,4.843,0.0
2114,14.336,11.406,5.183,0.0
2115,14.653,11.739,5.341,0.0
2116,14.864,11.961,5.452,0.0
2117,15.498,12.627,5.744,0.0
2118,15.815,12.96,5.899,0.0
2119,14.492,11.49,5.458,0.0
2120,0.0,0.0,4.361,0.0
2121,0.0,-1.711,2.168,0.0
2122,0.0,-7.308,0.421,0.0
2123,0.0,-14.313,0.0,0.0
2124,0.0,-15.418,0.0,0.0
2125,0.0,-13.96,0.0,0.0
2126,0.0,-7.809,0.0,-2.078
2127,0.0,-0.61,0.0,-2.959
2128,0.0,0.0,0.0,-2.806
2129,0.0,0.0,0.0,-1.513
2130,0.0,0.0,0.0,0.0
2131,3.488,0.0,0.0,0.0
2132,6.585,0.0,0.0,0.0
2133,7.478,0.0,0.0,0.0
2134,8.686,0.0,0.0,0.0
2135,9.471,5.729,0.0,0.0
2136,10.004,6.853,2.177,0.0
2137,11.06,7.965,3.697,0.0
2138,12.011,8.964,4.125,0.0
2139,12.962,9.963,4.555,0.0
2140,13.279,10.296,4.712,0.0
2141,14.019,11.073,5.05,0.0
2142,14.653,11.739,5.343,0.0
2143,12.53,9.37,4.642,0.0
2144,0.0,0.0,2.792,0.0
2145,0.0,0.0,1.267,0.0
2146,0.0,-8.736,0.0,0.0
2147,0.0,-14.855,0.0,0.0
2148,0.0,-18.335,0.0,0.0
2149,0.0,-16.385,0.0,-1.999
2150,0.0,-10.264,0.0,-3.067
2151,0.0,-3.482,0.0,-3.959
2152,0.0,0.0,0.0,-2.303
2153,0.0,0.0,0.0,-1.004
2154,0.0,0.0,0.0,-0.457
2155,4.159,0.0,0.0,0.0
2156,5.637,0.0,0.0,0.0
2157,7.262,0.0,0.0,0.0
2158,9.42,0.0,0.0,0.0
2159,9.789,6.153,0.0,0.0
2160,10.215,7.07,0.0,0.0
2161,10.426,7.298,2.997,0.0
2162,10.004,6.855,3.258,0.0
2163,9.687,6.522,3.134,0.0
2164,10.743,7.632,3.599,0.0
2165,13.49,10.518,4.795,0.0
2166,13.49,10.518,4.816,0.0
2167,13.749,10.731,5.028,0.0
2168,0.0,0.0,2.944,0.0
2169,1.881,0.0,2.246,0.0
2170,0.0,0.0,1.338,0.0
2171,0.0,-1.229,0.0,0.0
2172,0.0,-17.301,0.0,0.0
2173,0.0,-15.36,0.0,-1.93
2174,0.0,-11.846,0.0,-3.503
2175,0.0,-0.257,0.0,-2.61
2176,0.0,0.0,0.0,-2.552
2177,0.0,0.0,0.0,-0.82
2178,0.0,0.0,0.0,0.0
2179,2.615,0.0,0.0,0.0
2180,7.945,0.0,0.0,0.0
2181,9.801,0.0,0.0,0.0
2182,9.546,2.066,0.0,0.0
2183,10.215,7.069,0.0,0.0
2184,10.955,7.853,2.862,0.0
2185,10.955,7.854,3.669,0.0
2186,11.377,8.298,3.867,0.0
2187,10.215,7.077,3.381,0.0
2188,10.004,6.855,3.299,0.0
2189,10.532,7.41,3.534,0.0
2190,11.377,8.298,3.907,0.0
2191,10.44,7.322,3.609,0.0
2192,0.0,0.0,2.207,0.0
2193,0.0,-7.671,0.676,0.0
2194,0.0,-13.562,0.0,0.0
2195,0.0,-22.865,0.0,0.0
2196,0.0,-25.873,0.0,-2.872
2197,0.0,-21.816,0.0,-4.397
2198,0.0,-18.701,0.0,-6.028
2199,0.0,-10.499,0.0,-6.504
2200,0.0,-1.968,0.0,-6.251
2201,0.0,0.0,0.0,-4.523
2202,0.0,0.0,0.0,-1.365
2203,0.167,0.0,0.0,0.0
2204,4.437,0.0,0.0,0.0
2205,5.744,0.0,0.0,0.0
2206,5.679,0.0,0.0,0.0
2207,6.558,0.0,0.0,0.0
2208,6.38,0.0,0.0,0.0
2209,6.617,2.553,0.0,0.0
2210,7.257,3.944,0.0,0.0
2211,7.045,3.727,0.0,0.0
2212,7.468,4.175,0.0,0.0
2213,7.468,4.179,0.0,0.0
2214,7.996,4.739,0.0,0.0
2215,8.607,5.393,1.225,0.0
2216,0.0,0.0,1.688,0.0
2217,0.0,-22.219,0.0,0.0
2218,0.0,-18.731,0.0,0.0
2219,0.0,-22.886,0.0,-0.447
2220,0.0,-24.67,0.0,-2.465
2221,0.0,-20.978,0.0,-3.763
2222,0.0,-15.113,0.0,-4.85
2223,0.0,-8.266,0.0,-5.868
2224,0.0,0.0,0.0,-5.973
2225,0.0,0.0,0.0,-5.008
2226,0.0,0.0,0.0,-3.145
2227,0.0,0.0,0.0,0.0
2228,3.404,0.0,0.0,0.0
2229,4.367,0.0,0.0,0.0
2230,5.033,0.0,0.0,0.0
2231,6.226,0.0,0.0,0.0
2232,7.527,0.0,0.0,0.0
2233,8.092,3.638,0.0,0.0
2234,9.158,5.943,0.0,0.0
2235,9.792,6.615,0.0,0.0
2236,10.004,6.843,0.0,0.0
2237,10.955,7.849,0.782,0.0
2238,11.589,8.52,3.952,0.0
2239,10.989,7.938,3.986,0.0
2240,0.0,0.0,3.198,0.0
2241,0.0,-6.874,1.503,0.0
2242,0.0,-10.085,0.0,0.0
2243,0.0,-15.778,0.0,0.0
2244,0.0,-16.893,0.0,0.0
2245,0.0,-15.517,0.0,-2.01
2246,0.0,-12.234,0.0,-3.811
2247,0.0,-5.489,0.0,-4.873
2248,0.0,0.0,0.0,-3.214
2249,0.0,0.0,0.0,-1.668
2250,0.0,0.0,0.0,0.0
2251,2.092,0.0,0.0,0.0
2252,6.266,0.0,0.0,0.0
2253,7.256,0.0,0.0,0.0
2254,8.675,0.0,0.0,0.0
2255,9.568,4.734,0.0,0.0
2256,10.743,7.623,0.0,0.0
2257,11.589,8.517,2.57,0.0
2258,12.117,9.075,4.174,0.0
2259,12.751,9.741,4.467,0.0
2260,13.385,10.407,4.76,0.0
2261,14.336,11.406,5.189,0.0
2262,14.864,11.961,5.438,0.0
2263,13.266,10.42,5.361,0.0
2264,0.0,0.0,4.316,0.0
2265,0.0,-15.507,2.606,0.0
2266,0.0,-7.596,0.689,0.0
2267,0.0,-12.681,0.0,0.0
2268,0.0,-12.758,0.0,0.0
2269,0.0,-9.59,0.0,0.0
2270,0.0,-4.444,0.0,-1.108
2271,0.0,0.0,0.0,-2.291
2272,0.0,0.0,0.0,-1.999
2273,0.0,0.0,0.0,-0.495
2274,1.27,0.0,0.0,0.0
2275,4.816,0.0,0.0,0.0
2276,9.046,0.0,0.0,0.0
2277,10.362,0.0,0.0,0.0
2278,11.478,7.819,3.109,0.0
2279,12.434,9.408,4.285,0.0
2280,13.49,10.518,4.764,0.0
2281,14.23,11.295,5.108,0.0
2282,15.181,12.294,5.543,0.0
2283,16.132,13.293,5.978,0.0
2284,17.4,14.625,6.55,0.0
2285,18.456,15.735,7.033,0.0
2286,19.513,16.845,7.516,0.0
2287,15.429,13.079,7.553,0.0
2288,0.0,0.0,6.652,0.0
2289,0.479,0.0,5.092,0.0
2290,0.0,0.0,3.263,0.0
2291,4.263,0.0,1.852,0.0
2292,0.94,0.0,0.664,0.0
2293,0.0,0.0,0.144,0.0
2294,0.0,0.0,0.0,0.0
2295,0.0,0.0,0.0,0.0
2296,0.0,0.0,0.0,0.0
2297,1.758,0.0,0.0,0.0
2298,3.976,0.0,0.795,0.0
2299,7.1,0.0,2.557,0.0
2300,11.031,0.0,3.676,0.0
2301,12.526,7.799,4.284,0.0
2302,13.702,10.74,4.823,0.0
2303,14.97,12.072,5.399,0.0
2304,16.66,13.848,6.159,0.0
2305,16.766,13.959,6.238,0.0
2306,17.505,14.736,6.586,0.0
2307,17.928,15.18,6.797,0.0
2308,19.935,17.289,7.69,0.0
2309,19.83,17.178,7.675,0.0
2310,20.675,18.066,8.067,0.0
2311,12.19,9.977,6.923,0.0
2312,0.0,0.0,5.136,0.0
2313,0.0,-9.738,3.38,0.0
2314,0.0,-0.763,1.914,0.0
2315,1.832,-4.348,0.805,0.0
2316,0.0,-7.551,0.0,0.0
2317,0.0,-4.93,0.0,0.0
2318,0.0,-1.171,0.0,0.0
2319,0.0,0.0,0.0,0.0
2320,0.0,0.0,0.0,-0.634
2321,0.0,0.0,0.0,0.0
2322,2.593,0.0,0.0,0.0
2323,6.331,0.0,0.0,0.0
2324,10.537,0.0,1.979,0.0
2325,12.178,3.667,4.125,0.0
2326,12.222,9.186,4.183,0.0
2327,13.068,10.074,4.571,0.0
2328,14.23,11.295,5.097,0.0
2329,14.758,11.85,5.351,0.0
2330,15.603,12.738,5.74,0.0
2331,16.132,13.293,5.993,0.0
2332,16.66,13.848,6.244,0.0
2333,17.822,15.069,6.768,0.0
2334,18.773,16.068,7.203,0.0
2335,12.143,9.907,6.764,0.0
2336,0.0,0.0,5.036,0.0
2337,0.0,-15.403,2.354,0.0
2338,0.0,-6.948,0.675,0.0
2339,0.0,-11.877,0.0,0.0
2340,0.0,-12.644,0.0,0.0
2341,0.0,-9.13,0.0,0.0
2342,0.0,-2.676,0.0,-0.714
2343,0.0,0.0,0.0,-1.232
2344,0.0,0.0,0.0,-1.556
2345,0.0,0.0,0.0,0.0
2346,1.166,0.0,0.0,0.0
2347,4.766,0.0,0.0,0.0
2348,9.293,0.0,0.0,0.0
2349,10.15,0.0,0.495,0.0
2350,10.948,7.054,3.62,0.0
2351,11.694,8.631,3.964,0.0
2352,13.279,10.296,4.669,0.0
2353,16.237,13.404,5.969,0.0
2354,16.766,13.959,6.229,0.0
2355,17.717,14.958,6.67,0.0
2356,18.667,15.957,7.11,0.0
2357,19.407,16.734,7.46,0.0
2358,20.675,18.066,8.036,0.0
2359,9.724,7.865,6.998,0.0
2360,0.0,0.0,4.538,0.0
2361,6.863,0.0,4.046,0.0
2362,0.233,0.0,2.952,0.0
2363,1.913,0.0,2.514,0.0
2364,0.0,0.0,1.522,0.0
2365,0.01,0.0,1.692,0.0
2366,3.051,0.0,2.433,0.0
2367,0.919,0.0,1.823,0.0
2368,0.0,0.0,1.112,0.0
2369,5.477,0.0,2.471,0.0
2370,8.933,0.0,3.482,0.0
2371,10.635,0.0,3.844,0.0
2372,12.947,8.107,4.517,0.0
2373,13.385,10.407,4.733,0.0
2374,13.596,10.629,4.847,0.0
2375,14.441,11.517,5.232,0.0
2376,14.441,11.517,5.254,0.0
2377,15.075,12.183,5.546,0.0
2378,15.498,12.627,5.747,0.0
2379,16.132,13.293,6.038,0.0
2380,16.766,13.959,6.33,0.0
2381,17.294,14.514,6.576,0.0
2382,17.822,15.069,6.822,0.0
2383,9.836,7.786,6.659,0.0
2384,0.0,0.0,5.593,0.0
2385,0.0,0.0,3.782,0.0
2386,0.0,0.0,2.231,0.0
2387,0.0,0.0,1.023,0.0
2388,0.0,-2.377,0.0,0.0
2389,0.0,-0.768,0.0,0.0
2390,0.0,0.0,0.0,0.0
2391,0.0,0.0,0.0,0.0
2392,0.0,0.0,0.368,0.0
2393,0.869,0.0,0.892,0.0
2394,3.845,0.0,1.915,0.0
2395,6.697,0.0,2.513,0.0
2396,10.786,0.0,3.537,0.0
2397,11.569,6.098,3.868,0.0
2398,12.434,9.408,4.271,0.0
2399,13.279,10.296,4.661,0.0
2400,14.23,11.295,5.096,0.0
2401,14.758,11.85,5.35,0.0
2402,15.498,12.627,5.694,0.0
2403,15.498,12.627,5.719,0.0
2404,16.237,13.404,6.059,0.0
2405,16.66,13.848,6.263,0.0
2406,16.237,13.404,6.101,0.0
2407,12.378,9.615,5.497,0.0
2408,7.008,1.979,4.624,0.0
2409,0.0,0.0,2.881,0.0
2410,0.0,0.0,1.113,0.0
2411,0.0,0.0,0.466,0.0
2412,0.0,0.0,0.604,0.0
2413,0.0,0.0,0.171,0.0
2414,0.0,0.0,1.056,0.0
2415,0.0,0.0,0.639,0.0
2416,0.0,0.0,0.664,0.0
2417,0.507,0.0,0.908,0.0
2418,2.328,0.0,1.231,0.0
2419,5.896,0.0,2.118,0.0
2420,10.179,0.0,3.307,0.0
2421,12.709,4.602,4.355,0.0
2422,11.8,8.742,4.003,0.0
2423,13.279,10.296,4.663,0.0
2424,14.758,11.85,5.326,0.0
2425,17.822,15.069,6.675,0.0
2426,17.505,14.736,6.574,0.0
2427,18.984,16.29,7.242,0.0
2428,18.984,16.29,7.274,0.0
2429,18.773,16.068,7.211,0.0
2430,18.456,15.735,7.099,0.0
2431,8.258,6.196,6.018,0.0
2432,0.0,0.0,4.535,0.0
2433,0.0,0.0,2.455,0.0
2434,0.0,0.0,1.147,0.0
2435,0.0,0.0,0.346,0.0
2436,1.323,0.0,0.152,0.0
2437,0.0,0.0,0.358,0.0
2438,0.0,0.0,0.0,0.0
2439,0.124,0.0,0.0,0.0
2440,0.0,0.0,0.0,0.0
2441,0.311,0.0,0.0,0.0
2442,3.346,0.0,1.265,0.0
2443,7.749,0.0,2.882,0.0
2444,10.266,0.0,3.346,0.0
2445,10.819,4.05,3.548,0.0
2446,11.377,8.298,3.818,0.0
2447,11.694,8.631,3.976,0.0
2448,11.8,8.742,4.041,0.0
2449,11.906,8.853,4.105,0.0
2450,11.906,8.853,4.121,0.0
2451,11.906,8.853,4.135,0.0
2452,12.011,8.964,4.193,0.0
2453,12.117,9.075,4.25,0.0
2454,12.117,9.075,4.26,0.0
2455,0.731,0.0,3.916,0.0
2456,0.092,0.0,3.39,0.0
2457,0.0,0.0,2.762,0.0
2458,3.413,0.0,2.82,0.0
2459,2.21,0.0,2.302,0.0
2460,0.0,0.0,1.323,0.0
2461,0.085,0.0,1.689,0.0
2462,0.0,0.0,1.101,0.0
2463,0.0,0.0,1.094,0.0
2464,2.316,0.0,1.995,0.0
2465,3.091,0.0,2.049,0.0
2466,6.831,0.0,3.062,0.0
2467,11.081,0.0,4.065,0.0
2468,12.925,6.22,4.532,0.0
2469,13.807,10.851,4.88,0.0
2470,15.498,12.627,5.638,0.0
2471,16.449,13.626,6.079,0.0
2472,17.505,14.736,6.566,0.0
2473,18.456,15.735,7.007,0.0
2474,18.034,15.291,6.856,0.0
2475,16.977,14.181,6.426,0.0
2476,18.984,16.29,7.31,0.0
2477,17.611,14.847,6.742,0.0
2478,16.766,13.959,6.393,0.0
2479,15.182,12.276,5.753,0.0
2480,12.158,8.626,5.128,0.0
2481,11.625,7.959,4.948,0.0
2482,8.737,4.478,4.187,0.0
2483,0.854,0.0,2.393,0.0
2484,0.0,0.0,1.383,0.0
2485,0.0,0.0,0.404,0.0
2486,0.0,0.0,1.114,0.0
2487,0.0,0.0,0.766,0.0
2488,1.496,0.0,1.584,0.0
2489,1.031,0.0,1.331,0.0
2490,5.332,0.0,2.42,0.0
2491,8.774,0.0,3.387,0.0
2492,11.66,1.154,3.984,0.0
2493,12.222,9.186,4.177,0.0
2494,12.751,9.741,4.43,0.0
2495,13.068,10.074,4.59,0.0
2496,12.962,9.963,4.567,0.0
2497,12.751,9.741,4.495,0.0
2498,12.645,9.63,4.466,0.0
2499,12.751,9.741,4.525,0.0
2500,12.856,9.852,4.583,0.0
2501,12.856,9.852,4.594,0.0
2502,13.173,10.185,4.741,0.0
2503,12.964,9.946,4.692,0.0
2504,12.495,9.371,4.606,0.0
2505,11.86,8.556,4.528,0.0
2506,10.494,6.834,4.291,0.0
2507,7.467,3.031,3.681,0.0
2508,6.389,1.594,3.567,0.0
2509,8.088,3.832,3.828,0.0
2510,8.155,4.023,3.733,0.0
2511,8.473,4.404,3.832,0.0
2512,9.938,6.383,3.886,0.0
2513,10.518,7.095,3.994,0.0
2514,11.397,8.164,4.175,0.0
2515,12.029,8.94,4.296,0.0
2516,12.222,9.186,4.329,0.0
2517,12.434,9.408,4.427,0.0
2518,12.434,9.408,4.433,0.0
2519,12.222,9.186,4.348,0.0
2520,12.117,9.075,4.307,0.0
2521,11.906,8.853,4.219,0.0
2522,11.906,8.853,4.221,0.0
2523,12.011,8.964,4.268,0.0
2524,12.117,9.075,4.316,0.0
2525,12.539,9.519,4.5,0.0
2526,12.856,9.852,4.64,0.0
2527,4.218,1.945,4.031,0.0
2528,6.509,1.981,3.776,0.0
2529,9.494,5.801,3.851,0.0
2530,7.924,3.961,3.384,0.0
2531,5.271,0.517,2.944,0.0
2532,2.467,0.0,2.37,0.0
2533,4.963,0.0,2.648,0.0
2534,5.533,0.0,2.677,0.0
2535,6.243,1.019,2.794,0.0
2536,3.961,0.0,2.378,0.0
2537,6.689,2.202,2.703,0.0
2538,8.761,5.234,3.192,0.0
2539,10.281,7.069,3.523,0.0
2540,10.955,7.854,3.716,0.0
2541,11.166,8.076,3.817,0.0
2542,11.377,8.298,3.918,0.0
2543,11.483,8.409,3.972,0.0
2544,11.694,8.631,4.072,0.0
2545,11.694,8.631,4.08,0.0
2546,11.589,8.52,4.042,0.0
2547,11.694,8.631,4.093,0.0
2548,11.8,8.742,4.144,0.0
2549,11.906,8.853,4.195,0.0
2550,12.011,8.964,4.245,0.0
2551,11.479,8.366,4.087,0.0
2552,9.895,6.44,3.763,0.0
2553,8.135,4.244,3.407,0.0
2554,5.236,0.379,2.813,0.0
2555,5.456,0.832,2.874,0.0
2556,6.844,2.756,2.966,0.0
2557,6.208,2.106,2.684,0.0
2558,0.0,0.0,1.457,0.0
2559,5.625,0.0,2.6,0.0
2560,4.39,0.0,2.323,0.0
2561,0.0,0.0,0.959,0.0
2562,2.941,0.0,1.729,0.0
2563,6.523,0.0,2.529,0.0
2564,11.16,3.961,3.848,0.0
2565,12.645,9.63,4.365,0.0
2566,13.49,10.518,4.755,0.0
2567,15.392,12.516,5.601,0.0
2568,14.336,11.406,5.175,0.0
2569,16.449,13.626,6.109,0.0
2570,16.766,13.959,6.273,0.0
2571,16.66,13.848,6.253,0.0
2572,16.132,13.293,6.047,0.0
2573,16.237,13.404,6.11,0.0
2574,15.498,12.627,5.806,0.0
2575,5.679,3.744,5.178,0.0
2576,6.492,1.837,4.095,0.0
2577,0.011,0.0,2.611,0.0
2578,1.384,0.0,1.782,0.0
2579,0.843,0.0,1.565,0.0
2580,0.0,0.0,0.951,0.0
2581,1.346,0.0,1.356,0.0
2582,0.0,0.0,0.998,0.0
2583,0.0,0.0,0.028,0.0
2584,0.0,0.0,0.387,0.0
2585,0.0,0.0,0.004,0.0
2586,1.205,0.0,0.895,0.0
2587,5.312,0.0,1.756,0.0
2588,10.361,0.0,3.546,0.0
2589,13.866,5.105,4.849,0.0
2590,15.498,12.627,5.599,0.0
2591,16.132,13.293,5.908,0.0
2592,17.188,14.403,6.398,0.0
2593,16.871,14.07,6.295,0.0
2594,18.245,15.513,6.916,0.0
2595,17.822,15.069,6.764,0.0
2596,18.879,16.179,7.245,0.0
2597,19.196,16.512,7.407,0.0
2598,19.09,16.401,7.385,0.0
2599,5.503,3.935,5.944,0.0
2600,0.0,0.0,3.288,0.0
2601,0.0,-11.454,1.284,0.0
2602,0.0,-2.364,0.334,0.0
2603,0.0,-2.458,0.0,0.0
2604,0.13,0.0,0.619,0.0
2605,0.0,0.0,0.652,0.0
2606,0.0,-2.586,0.0,0.0
2607,0.0,0.0,0.437,0.0
2608,0.0,0.0,0.145,0.0
2609,0.0,0.0,0.0,-1.153
2610,0.847,0.0,0.0,0.0
2611,3.782,0.0,0.642,0.0
2612,10.047,0.0,3.368,0.0
2613,10.894,0.333,3.565,0.0
2614,13.173,10.185,4.586,0.0
2615,15.709,12.849,5.708,0.0
2616,16.766,13.959,6.198,0.0
2617,17.083,14.292,6.369,0.0
2618,18.773,16.068,7.13,0.0
2619,18.562,15.846,7.073,0.0
2620,17.4,14.625,6.601,0.0
2621,16.132,13.293,6.075,0.0
2622,15.181,12.294,5.679,0.0
2623,8.973,6.312,4.723,0.0
2624,0.0,0.0,2.855,0.0
2625,0.0,-9.922,1.139,0.0
2626,0.0,-4.585,0.0,0.0
2627,2.728,0.0,1.283,0.0
2628,0.0,0.0,1.143,0.0
2629,1.214,0.0,1.508,0.0
2630,0.733,0.0,1.367,0.0
2631,0.0,0.0,0.927,0.0
2632,0.0,0.0,0.398,0.0
2633,0.0,0.0,0.0,0.0
2634,0.908,0.0,0.641,0.0
2635,4.516,0.0,1.742,0.0
2636,8.991,0.0,2.942,0.0
2637,12.996,1.155,4.465,0.0
2638,14.864,11.961,5.319,0.0
2639,15.815,12.96,5.764,0.0
2640,16.766,13.959,6.208,0.0
2641,17.4,14.625,6.514,0.0
2642,17.928,15.18,6.774,0.0
2643,18.456,15.735,7.031,0.0
2644,19.09,16.401,7.333,0.0
2645,18.879,16.179,7.269,0.0
2646,18.672,15.94,7.233,0.0
2647,0.0,0.0,5.935,0.0
2648,3.355,0.0,4.141,0.0
2649,0.0,0.0,2.451,0.0
2650,0.0,-2.175,0.0,0.0
2651,0.0,-14.528,0.0,0.0
2652,0.0,-6.305,0.0,0.0
2653,0.0,-11.391,0.0,0.0
2654,0.0,-6.748,0.0,-2.839
2655,0.0,0.0,0.0,-3.85
2656,0.0,0.0,0.0,-3.945
2657,0.0,0.0,0.0,-2.818
2658,0.0,0.0,0.0,0.0
2659,0.0,0.0,0.0,0.0
2660,7.478,0.0,0.0,0.0
2661,9.26,0.0,0.0,0.0
2662,11.539,2.39,0.0,0.0
2663,12.011,8.953,0.0,0.0
2664,14.124,11.18,3.13,0.0
2665,14.97,12.072,5.421,0.0
2666,14.758,11.85,5.358,0.0
2667,14.019,11.073,5.063,0.0
2668,12.645,9.63,4.489,0.0
2669,12.222,9.186,4.318,0.0
2670,11.8,8.742,4.143,0.0
2671,5.631,2.765,3.048,0.0
2672,0.0,0.0,1.112,0.0
2673,0.0,0.0,0.0,0.0
2674,0.0,0.0,0.0,0.0
2675,0.0,0.0,0.0,0.0
2676,0.0,-15.109,0.0,-1.465
2677,0.0,-15.681,0.0,-3.685
2678,0.0,-16.888,0.0,-6.401
2679,0.0,-6.994,0.0,-6.049
2680,0.0,-0.268,0.0,-3.583
2681,0.0,0.0,0.0,-1.969
2682,0.0,0.0,0.0,0.0
2683,0.167,0.0,0.0,0.0
2684,2.765,0.0,0.0,0.0
2685,4.049,0.0,0.0,0.0
2686,4.819,0.0,0.0,0.0
2687,4.955,0.0,0.0,0.0
2688,5.297,0.0,0.0,0.0
2689,6.482,0.0,0.0,0.0
2690,7.038,2.777,0.0,0.0
2691,7.045,3.726,0.0,0.0
2692,7.891,4.618,0.0,0.0
2693,8.313,5.067,0.0,0.0
2694,8.736,5.516,0.0,0.0
2695,2.472,0.0,1.215,0.0
2696,0.0,0.0,1.117,0.0
2697,0.0,-2.336,0.0,0.0
2698,0.0,-5.171,0.0,0.0
2699,0.0,-16.557,0.0,-0.32
2700,0.0,-13.491,0.0,-1.103
2701,0.0,-8.561,0.0,-2.124
2702,0.0,-8.142,0.0,-3.546
2703,0.0,-0.754,0.0,-3.757
2704,0.0,0.0,0.0,-2.54
2705,0.0,0.0,0.0,-0.083
2706,0.0,0.0,0.0,0.0
2707,0.487,0.0,0.0,0.0
2708,5.159,0.0,0.0,0.0
2709,7.873,0.0,0.0,0.0
2710,8.455,0.0,0.0,0.0
2711,9.03,3.054,0.0,0.0
2712,10.215,7.063,0.0,0.0
2713,7.891,4.627,0.0,0.0
2714,8.525,5.298,0.807,0.0
2715,9.475,6.3,3.025,0.0
2716,7.468,4.191,2.17,0.0
2717,7.679,4.413,2.263,0.0
2718,7.679,4.413,2.266,0.0
2719,0.966,0.0,1.802,0.0
2720,0.0,0.0,1.116,0.0
2721,0.0,0.0,0.0,0.0
2722,0.0,0.0,0.0,0.0
2723,0.0,-21.259,0.0,-2.192
2724,0.0,-20.968,0.0,-3.576
2725,0.0,-13.484,0.0,-3.949
2726,0.0,-6.203,0.0,-3.544
2727,0.0,-6.173,0.0,-5.227
2728,0.0,-0.95,0.0,-5.81
2729,0.0,0.0,0.0,-5.145
2730,0.0,0.0,0.0,-1.032
2731,0.0,0.0,0.0,0.0
2732,3.545,0.0,0.0,0.0
2733,5.207,0.0,0.0,0.0
2734,6.092,0.0,0.0,0.0
2735,8.454,0.0,0.0,0.0
2736,9.664,3.622,0.0,0.0
2737,9.898,6.718,0.0,0.0
2738,11.06,7.945,0.0,0.0
2739,11.166,8.064,0.0,0.0
2740,10.743,7.627,0.8,0.0
2741,12.539,9.519,4.376,0.0
2742,12.227,9.169,4.29,0.0
2743,7.586,4.585,3.4,0.0
2744,5.28,1.046,2.716,0.0
2745,4.428,0.0,2.48,0.0
2746,4.947,0.111,2.37,0.0
2747,3.243,0.0,1.755,0.0
2748,0.0,0.0,0.092,0.0
2749,0.0,-11.007,0.0,0.0
2750,0.0,-4.403,0.0,-2.446
2751,0.0,0.0,0.0,-0.962
2752,0.0,0.0,0.0,-1.176
2753,0.0,0.0,0.0,0.0
2754,2.064,0.0,0.0,0.0
2755,3.518,0.0,0.0,0.0
2756,7.142,0.0,0.0,0.0
2757,10.973,0.0,0.296,0.0
2758,11.464,6.037,3.824,0.0
2759,12.222,9.186,4.181,0.0
2760,12.962,9.963,4.524,0.0
2761,14.336,11.406,5.141,0.0
2762,14.97,12.072,5.441,0.0
2763,13.385,10.407,4.783,0.0
2764,13.385,10.407,4.8,0.0
2765,13.913,10.962,5.042,0.0
2766,13.173,10.185,4.738,0.0
2767,12.113,8.94,4.561,0.0
2768,8.824,5.116,3.608,0.0
2769,4.076,0.0,2.48,0.0
2770,0.0,0.0,1.012,0.0
2771,0.0,0.0,0.814,0.0
2772,4.712,0.0,1.912,0.0
2773,8.423,0.0,3.328,0.0
2774,6.432,0.0,3.013,0.0
2775,1.92,0.0,2.11,0.0
2776,5.601,0.0,2.669,0.0
2777,9.305,0.924,3.532,0.0
2778,10.403,7.018,3.801,0.0
2779,11.012,7.859,3.799,0.0
2780,9.898,6.744,3.254,0.0
2781,11.483,8.409,3.944,0.0
2782,12.328,9.297,4.32,0.0
2783,12.011,8.964,4.197,0.0
2784,11.589,8.52,4.026,0.0
2785,11.06,7.965,3.806,0.0
2786,10.955,7.854,3.765,0.0
2787,11.06,7.965,3.815,0.0
2788,11.694,8.631,4.092,0.0
2789,11.8,8.742,4.143,0.0
2790,12.222,9.186,4.33,0.0
2791,0.0,0.0,3.411,0.0
2792,0.0,0.0,2.64,0.0
2793,0.0,0.0,1.803,0.0
2794,0.0,0.0,1.349,0.0
2795,0.0,0.0,0.702,0.0
2796,0.619,0.0,0.189,0.0
2797,0.0,0.0,0.666,0.0
2798,0.439,0.0,1.698,0.0
2799,0.0,0.0,0.772,0.0
2800,0.0,0.0,0.764,0.0
2801,2.036,0.0,1.688,0.0
2802,3.098,0.0,1.712,0.0
2803,8.206,0.0,2.928,0.0
2804,10.72,0.0,3.557,0.0
2805,11.044,6.001,3.659,0.0
2806,10.638,7.521,3.509,0.0
2807,10.215,7.077,3.344,0.0
2808,10.215,7.077,3.358,0.0
2809,10.426,7.299,3.461,0.0
2810,10.321,7.188,3.426,0.0
2811,11.06,7.965,3.755,0.0
2812,11.694,8.631,4.039,0.0
2813,11.694,8.631,4.051,0.0
2814,11.589,8.52,4.016,0.0
2815,11.099,7.934,3.932,0.0
2816,10.533,7.184,3.896,0.0
2817,10.279,6.9,3.8,0.0
2818,8.739,4.961,3.54,0.0
2819,6.938,2.881,2.986,0.0
2820,0.0,0.0,0.999,0.0
2821,0.0,0.0,0.628,0.0
2822,0.0,0.0,0.831,0.0
2823,0.0,0.0,0.818,0.0
2824,0.143,0.0,0.556,0.0
2825,0.0,0.0,0.386,0.0
2826,0.0,0.0,0.25,0.0
2827,2.172,0.0,0.804,0.0
2828,6.058,0.0,1.785,0.0
2829,7.778,0.0,2.196,0.0
2830,7.723,0.0,2.197,0.0
2831,8.504,2.763,2.555,0.0
2832,12.011,8.964,4.085,0.0
2833,12.117,9.075,4.155,0.0
2834,11.694,8.631,3.994,0.0
2835,11.906,8.853,4.103,0.0
2836,13.702,10.74,4.894,0.0
2837,12.751,9.741,4.505,0.0
2838,12.692,9.621,4.576,0.0
2839,0.0,0.0,3.581,0.0
2840,0.0,0.0,2.533,0.0
2841,0.0,0.0,0.925,0.0
2842,6.823,0.0,2.846,0.0
2843,9.338,0.0,3.659,0.0
2844,5.172,0.0,3.052,0.0
2845,0.0,0.0,0.0,0.0
2846,0.0,0.0,0.0,0.0
2847,1.22,0.0,0.0,0.0
2848,3.609,0.0,1.387,0.0
2849,0.0,0.0,0.783,0.0
2850,1.602,0.0,1.074,0.0
2851,6.555,0.0,2.006,0.0
2852,6.748,0.0,2.326,0.0
2853,8.253,0.0,2.415,0.0
2854,9.777,4.677,3.098,0.0
2855,9.581,6.411,3.036,0.0
2856,9.37,6.189,2.96,0.0
2857,11.06,7.965,3.702,0.0
2858,10.743,7.632,3.583,0.0
2859,10.532,7.41,3.506,0.0
2860,11.377,8.298,3.882,0.0
2861,11.272,8.187,3.85,0.0
2862,11.483,8.409,3.952,0.0
2863,9.724,6.454,3.691,0.0
2864,1.33,0.0,2.848,0.0
2865,4.465,0.0,2.651,0.0
2866,1.57,0.0,1.95,0.0
2867,3.036,0.0,2.181,0.0
2868,4.013,0.0,1.995,0.0
2869,4.841,0.0,1.901,0.0
2870,4.052,0.0,1.641,0.0
2871,1.966,0.0,1.18,0.0
2872,0.0,0.0,0.556,0.0
2873,0.973,0.0,0.975,0.0
2874,4.462,0.0,1.348,0.0
2875,4.299,0.0,1.339,0.0
2876,5.06,0.0,1.222,0.0
2877,6.061,0.0,1.493,0.0
2878,5.98,1.538,1.468,0.0
2879,5.883,2.526,1.432,0.0
2880,7.679,4.413,2.209,0.0
2881,9.053,5.856,2.811,0.0
2882,7.785,4.524,2.277,0.0
2883,7.679,4.413,2.239,0.0
2884,7.679,4.413,2.244,0.0
2885,7.679,4.413,2.249,0.0
2886,7.574,4.302,2.208,0.0
2887,6.99,3.57,2.173,0.0
2888,5.488,1.69,1.922,0.0
2889,4.167,0.006,1.683,0.0
2890,0.0,0.0,0.844,0.0
2891,0.0,0.0,0.274,0.0
2892,0.0,0.0,0.0,0.0
2893,0.0,0.0,0.0,0.0
2894,0.0,0.0,0.0,-0.954
2895,0.0,0.0,0.0,-0.208
2896,0.0,0.0,0.0,-0.088
2897,0.0,0.0,0.0,-0.102
2898,0.165,0.0,0.0,0.0
2899,4.204,0.0,0.0,0.0
2900,6.346,0.0,0.0,0.0
2901,7.064,0.0,0.0,0.0
2902,7.845,0.0,0.0,0.0
2903,8.623,4.572,1.969,0.0
2904,9.158,5.967,2.856,0.0
2905,9.687,6.522,3.097,0.0
2906,9.792,6.633,3.157,0.0
2907,9.898,6.744,3.215,0.0
2908,9.898,6.744,3.226,0.0
2909,9.792,6.633,3.191,0.0
2910,9.581,6.411,3.108,0.0
2911,9.698,6.494,3.225,0.0
2912,9.479,6.147,3.298,0.0
2913,8.698,5.217,3.105,0.0
2914,7.428,3.705,2.783,0.0
2915,6.437,2.472,2.589,0.0
2916,5.786,1.632,2.5,0.0
2917,2.516,0.0,1.859,0.0
2918,2.541,0.0,1.576,0.0
2919,2.427,0.0,1.476,0.0
2920,3.191,0.0,1.552,0.0
2921,3.745,0.0,1.579,0.0
2922,4.817,0.0,1.743,0.0
2923,6.473,0.134,2.088,0.0
2924,8.014,4.723,2.433,0.0
2925,8.525,5.301,2.603,0.0
2926,8.947,5.745,2.794,0.0
2927,9.053,5.856,2.849,0.0
2928,9.158,5.967,2.903,0.0
2929,9.264,6.078,2.956,0.0
2930,9.264,6.078,2.964,0.0
2931,9.053,5.856,2.879,0.0
2932,9.158,5.967,2.929,0.0
2933,9.264,6.078,2.98,0.0
2934,9.158,5.967,2.938,0.0
2935,8.642,5.384,2.779,0.0
2936,7.893,4.502,2.587,0.0
2937,6.418,2.661,2.332,0.0
2938,5.15,1.117,2.035,0.0
2939,3.211,0.0,1.585,0.0
2940,0.0,0.0,0.55,0.0
2941,0.0,0.0,0.138,0.0
2942,0.0,0.0,0.231,0.0
2943,0.0,0.0,0.565,0.0
2944,0.0,0.0,0.077,0.0
2945,1.009,0.0,0.533,0.0
2946,2.796,0.0,0.846,0.0
2947,3.49,0.0,0.914,0.0
2948,4.999,0.0,1.155,0.0
2949,6.011,0.0,1.436,0.0
2950,6.255,0.0,1.557,0.0
2951,6.812,0.807,1.811,0.0
2952,7.257,3.969,2.016,0.0
2953,7.574,4.302,2.162,0.0
2954,7.996,4.746,2.353,0.0
2955,8.102,4.857,2.408,0.0
2956,8.313,5.079,2.508,0.0
2957,8.525,5.301,2.607,0.0
2958,8.63,5.412,2.661,0.0
2959,7.937,4.547,2.618,0.0
2960,6.233,2.388,2.38,0.0
2961,2.628,0.0,1.823,0.0
2962,0.0,0.0,0.79,0.0
2963,0.0,0.0,0.0,0.0
2964,0.0,0.0,0.0,0.0
2965,0.0,-7.343,0.0,-2.852
2966,0.0,-10.318,0.0,-4.638
2967,0.0,-5.712,0.0,-6.602
2968,0.0,0.0,0.0,-5.221
2969,0.0,0.0,0.0,-3.232
2970,0.0,0.0,0.0,-1.466
2971,0.0,0.0,0.0,0.0
2972,2.778,0.0,0.0,0.0
2973,6.156,0.0,0.0,0.0
2974,7.153,0.0,0.0,0.0
2975,7.937,0.0,0.0,0.0
2976,8.613,3.269,0.0,0.0
2977,8.842,5.618,0.0,0.0
2978,8.947,5.735,0.0,0.0
2979,9.158,5.962,0.2,0.0
2980,9.581,6.411,3.07,0.0
2981,10.109,6.966,3.309,0.0
2982,9.44,6.477,3.214,0.0
2983,0.0,0.0,1.992,0.0
2984,0.0,0.0,0.141,0.0
2985,0.0,-10.725,0.0,0.0
2986,-1.453,-25.479,0.0,-2.17
2987,-5.471,-33.278,0.0,-5.697
2988,-6.661,-33.935,0.0,-6.758
2989,-9.137,-31.219,0.0,-7.86
2990,-9.7,-25.212,0.0,-8.685
2991,-9.804,-18.064,0.0,-9.304
2992,-8.771,-12.178,0.0,-9.092
2993,-7.678,-11.005,0.0,-8.294
2994,-5.862,-9.056,0.0,-6.836
2995,-0.942,-4.922,0.0,-4.628
2996,0.0,0.0,0.0,-2.069
2997,0.0,0.0,0.0,0.0
2998,0.126,0.0,0.0,0.0
2999,1.484,0.0,0.0,0.0
3000,3.086,0.0,0.0,0.0
3001,4.485,0.0,0.0,0.0
3002,5.255,0.0,0.0,0.0
3003,5.496,0.0,0.0,0.0
3004,6.474,0.0,0.0,0.0
3005,6.714,1.503,0.0,0.0
3006,4.943,1.665,0.0,0.0
3007,0.0,0.0,0.0,0.0
3008,0.0,-7.346,0.0,0.0
3009,-6.639,-22.069,0.0,-3.338
3010,-8.423,-29.488,0.0,-5.052
3011,-11.462,-35.849,0.0,-6.189
3012,-9.64,-36.003,0.0,-7.163
3013,-11.123,-32.637,0.0,-8.39
3014,-11.476,-27.116,0.0,-9.211
3015,-10.961,-17.094,0.0,-7.677
3016,-9.813,-13.473,0.0,-7.725
3017,-8.131,-11.637,0.0,-5.903
3018,-4.546,-7.646,0.0,-4.011
3019,-3.873,-6.846,0.0,-4.063
3020,0.0,-0.176,0.0,-2.548
3021,0.0,0.0,0.0,-0.861
3022,0.0,0.0,0.0,-0.262
3023,0.0,0.0,0.0,0.0
3024,1.273,0.0,0.0,0.0
3025,2.238,0.0,0.0,0.0
3026,1.835,0.0,0.0,0.0
3027,2.376,0.0,0.0,0.0
3028,3.764,0.0,0.0,0.0
3029,4.42,0.0,0.0,0.0
3030,4.099,0.0,0.0,0.0
3031,0.0,0.0,0.0,0.0
3032,0.0,-16.208,0.0,0.0
3033,-2.507,-20.094,0.0,-2.261
3034,-4.795,-28.31,0.0,-4.172
3035,-6.704,-33.964,0.0,-5.936
3036,-9.178,-35.378,0.0,-7.126
3037,-10.959,-32.809,0.0,-8.448
3038,-10.923,-25.082,0.0,-8.691
3039,-10.772,-18.428,0.0,-9.156
3040,-11.038,-14.626,0.0,-10.01
3041,0.0,-4.289,0.0,-5.252
3042,-5.166,-8.404,0.0,-4.795
3043,0.0,0.0,0.0,-1.853
3044,0.0,0.0,0.0,0.0
3045,1.72,0.0,0.0,0.0
3046,3.08,0.0,0.0,0.0
3047,4.162,0.0,0.0,0.0
3048,5.353,0.0,0.0,0.0
3049,5.491,0.0,0.0,0.0
3050,6.469,0.0,0.0,0.0
3051,6.075,0.232,0.0,0.0
3052,7.996,4.636,0.0,0.0
3053,8.102,4.755,0.0,0.0
3054,5.894,2.958,0.0,0.0
3055,-1.975,0.0,0.0,0.0
3056,-1.191,-21.425,0.0,0.0
3057,-10.708,-25.775,0.0,-4.151
3058,-11.343,-32.598,0.0,-5.371
3059,-12.542,-39.046,0.0,-6.607
3060,-9.951,-36.335,0.0,-7.355
3061,-6.757,-13.966,0.0,-5.247
3062,-7.692,-13.302,0.0,-5.389
3063,-10.317,-17.358,0.0,-8.475
3064,-7.819,-11.412,0.0,-5.803
3065,-7.822,-11.247,0.0,-8.234
3066,-3.003,-6.928,0.0,-4.594
3067,0.0,-4.113,0.0,-3.826
3068,0.0,0.0,0.0,-1.512
3069,0.0,0.0,0.0,0.0
3070,1.057,0.0,0.0,0.0
3071,1.174,0.0,0.0,0.0
3072,2.455,0.0,0.0,0.0
3073,3.109,0.0,0.0,0.0
3074,2.496,0.0,0.0,0.0
3075,2.932,0.0,0.0,0.0
3076,3.579,0.0,0.0,0.0
3077,4.651,0.0,0.0,0.0
3078,2.631,0.0,0.0,0.0
3079,0.0,0.0,0.0,0.0
3080,-1.641,0.0,0.0,-0.758
3081,0.0,0.0,0.0,-0.846
3082,0.0,-7.334,0.0,-3.185
3083,-6.23,-29.587,0.0,-5.72
3084,-7.757,-33.078,0.0,-6.804
3085,-9.649,-30.08,0.0,-7.845
3086,-10.466,-25.548,0.0,-8.889
3087,-6.473,-10.922,0.0,-5.227
3088,-7.791,-11.409,0.0,-5.981
3089,-7.345,-10.783,0.0,-7.703
3090,-6.045,-9.362,0.0,-6.13
3091,-2.354,-5.947,0.0,-4.469
3092,0.0,0.0,0.0,-2.471
3093,0.0,0.0,0.0,-0.284
3094,2.14,0.0,0.0,0.0
3095,3.08,0.0,0.0,0.0
3096,4.269,0.0,0.0,0.0
3097,4.404,0.0,0.0,0.0
3098,5.38,0.0,0.0,0.0
3099,5.196,0.0,0.0,0.0
3100,4.794,0.0,0.0,0.0
3101,5.125,0.0,0.0,0.0
3102,1.439,0.0,0.0,0.0
3103,0.0,0.0,0.0,0.0
3104,0.0,0.0,0.0,-0.386
3105,-6.962,-18.91,0.0,-3.777
3106,-12.712,-30.56,0.0,-5.442
3107,-12.102,-34.452,0.0,-6.362
3108,-10.81,-32.95,0.0,-7.162
3109,-10.488,-23.822,0.0,-6.972
3110,-12.045,-26.423,0.0,-9.117
3111,-11.477,-17.288,0.0,-7.675
3112,-8.91,-12.53,0.0,-5.865
3113,-1.516,-5.046,0.0,-3.4
3114,0.0,0.0,0.0,-1.694
3115,0.0,0.0,0.0,-0.655
3116,0.0,0.0,0.0,-0.207
3117,0.0,0.0,0.0,0.0
3118,0.322,0.0,0.0,0.0
3119,1.491,0.0,0.0,0.0
3120,1.19,0.0,0.0,0.0
3121,2.363,0.0,0.0,0.0
3122,3.225,0.0,0.0,0.0
3123,3.879,0.0,0.0,0.0
3124,4.428,0.0,0.0,0.0
3125,5.717,0.0,0.0,0.0
3126,3.616,0.0,0.0,0.0
3127,0.0,0.0,0.0,0.0
3128,0.0,-9.655,0.0,0.0
3129,0.0,-9.968,0.0,-0.745
3130,-0.23,-22.162,0.0,-3.207
3131,-4.138,-31.624,0.0,-5.688
3132,-5.366,-32.96,0.0,-6.831
3133,-8.88,-30.377,0.0,-7.938
3134,-9.82,-24.876,0.0,-8.823
3135,-9.633,-16.51,0.0,-8.337
3136,-4.895,-9.529,0.0,-7.127
3137,-3.476,-7.999,0.0,-7.942
3138,0.0,-4.228,0.0,-6.736
3139,0.0,0.0,0.0,-2.97
3140,0.0,0.0,0.0,-0.665
3141,0.817,0.0,0.0,0.0
3142,2.333,0.0,0.0,0.0
3143,3.623,0.0,0.0,0.0
3144,5.024,0.0,0.0,0.0
3145,5.69,0.0,0.0,0.0
3146,5.932,0.0,0.0,0.0
3147,6.804,0.0,0.0,0.0
3148,7.36,3.712,0.0,0.0
3149,7.574,4.204,0.0,0.0
3150,3.521,2.217,0.0,0.0
3151,0.0,0.0,0.0,0.0
3152,0.0,0.0,0.0,0.0
3153,0.0,-12.237,0.0,-1.073
3154,0.0,-20.555,0.0,-3.055
3155,-5.751,-33.008,0.0,-5.943
3156,-8.269,-34.718,0.0,-7.038
3157,-9.753,-30.587,0.0,-8.018
3158,-10.345,-25.138,0.0,-8.892
3159,-10.053,-17.781,0.0,-9.432
3160,-9.563,-13.083,0.0,-9.329
3161,-8.467,-11.95,0.0,-8.15
3162,-6.732,-10.063,0.0,-6.877
3163,-2.766,-6.343,0.0,-5.231
3164,0.0,0.0,0.0,-2.696
3165,0.0,0.0,0.0,-0.388
3166,0.0,0.0,0.0,0.0
3167,1.481,0.0,0.0,0.0
3168,2.975,0.0,0.0,0.0
3169,3.317,0.0,0.0,0.0
3170,4.397,0.0,0.0,0.0
3171,5.163,0.0,0.0,0.0
3172,5.929,0.0,0.0,0.0
3173,6.485,0.0,0.0,0.0
3174,1.663,0.0,0.0,0.0
3175,0.0,0.0,0.0,0.0
3176,0.0,0.0,0.0,0.0
3177,-12.558,-31.014,0.0,-1.617
3178,-1.951,-26.399,0.0,-3.442
3179,-4.523,-31.312,0.0,-5.713
3180,-6.392,-32.272,0.0,-6.74
3181,-8.493,-29.727,0.0,-7.803
3182,-9.335,-24.262,0.0,-8.702
3183,-9.085,-16.198,0.0,-8.642
3184,-9.16,-12.667,0.0,-9.232
3185,-7.859,-11.249,0.0,-8.766
3186,-6.175,-9.446,0.0,-7.359
3187,-1.408,-5.401,0.0,-5.631
3188,0.0,0.0,0.0,-1.285
3189,2.56,0.0,0.0,0.0
3190,5.61,0.0,0.0,0.0
3191,7.029,0.0,0.0,0.0
3192,7.392,0.0,0.0,0.0
3193,6.27,0.0,0.0,0.0
3194,6.612,1.909,0.0,0.0
3195,8.208,4.86,0.0,0.0
3196,9.475,6.2,0.0,0.0
3197,9.792,6.542,0.0,0.0
3198,2.73,2.061,0.0,0.0
3199,-2.714,0.0,0.0,0.0
3200,-1.818,-24.841,0.0,0.0
3201,-9.379,-25.717,0.0,-3.655
3202,-11.243,-32.859,0.0,-5.47
3203,-12.59,-38.234,0.0,-6.569
3204,-10.504,-37.636,0.0,-7.612
3205,-10.372,-32.512,0.0,-8.421
3206,-11.855,-27.248,0.0,-9.523
3207,-11.733,-19.434,0.0,-9.991
3208,-10.919,-14.495,0.0,-9.991
3209,-9.562,-13.032,0.0,-9.402
3210,-7.548,-10.881,0.0,-7.957
3211,-5.326,-8.345,0.0,-5.892
3212,0.0,-1.936,0.0,-3.474
3213,0.323,0.0,0.0,0.0
3214,0.736,0.0,0.0,0.0
3215,3.496,0.0,0.0,0.0
3216,5.745,0.0,0.0,0.0
3217,5.996,0.0,0.0,0.0
3218,5.82,0.0,0.0,0.0
3219,6.798,0.0,0.0,0.0
3220,7.989,3.731,0.0,0.0
3221,7.679,4.305,0.0,0.0
3222,1.455,0.708,0.0,0.0
3223,-1.915,0.0,0.0,0.0
3224,-6.708,-22.581,0.0,-1.807
3225,-16.285,-29.658,0.0,-4.886
3226,-18.073,-37.261,0.0,-6.185
3227,-14.948,-38.971,0.0,-7.163
3228,-12.421,-35.852,0.0,-7.787
3229,-12.801,-34.071,0.0,-8.974
3230,-13.365,-28.216,0.0,-9.796
3231,-13.632,-21.318,0.0,-10.475
3232,-12.685,-16.389,0.0,-10.363
3233,-11.782,-15.448,0.0,-9.417
3234,-9.74,-13.256,0.0,-7.911
3235,-7.051,-10.165,0.0,-6.538
3236,0.0,-3.039,0.0,-3.007
3237,0.0,0.0,0.0,-0.612
3238,1.3,0.0,0.0,0.0
3239,2.752,0.0,0.0,0.0
3240,4.151,0.0,0.0,0.0
3241,4.498,0.0,0.0,0.0
3242,5.265,0.0,0.0,0.0
3243,6.033,0.0,0.0,0.0
3244,6.378,0.0,0.0,0.0
3245,6.087,1.635,0.0,0.0
3246,0.0,0.0,0.0,0.0
3247,0.0,0.0,0.0,0.0
3248,-3.671,-10.116,0.0,-3.041
3249,-14.554,-24.252,0.0,-5.029
3250,-17.325,-33.906,0.0,-6.286
3251,-14.566,-36.176,0.0,-7.09
3252,-12.669,-35.919,0.0,-7.901
3253,-13.865,-32.409,0.0,-8.814
3254,-14.205,-29.024,0.0,-9.965
3255,-14.414,-22.076,0.0,-10.665
3256,-11.945,-15.768,0.0,-8.306
3257,-11.503,-15.233,0.0,-7.84
3258,0.0,0.0,0.0,0.0
3259,1.092,0.0,0.0,0.0
3260,1.913,0.0,0.0,0.0
3261,1.946,0.0,0.0,0.0
3262,2.792,0.0,0.0,0.0
3263,2.388,0.0,0.0,0.0
3264,3.14,0.0,0.0,0.0
3265,3.366,0.0,0.0,0.0
3266,3.909,0.0,0.0,0.0
3267,4.241,0.0,0.0,0.0
3268,4.362,0.0,0.0,0.0
3269,5.009,0.0,0.0,0.0
3270,6.08,0.878,0.0,0.0
3271,5.449,1.827,0.0,0.0
3272,2.493,0.0,0.0,0.0
3273,0.0,0.0,0.0,0.0
3274,0.0,0.0,0.0,0.0
3275,0.664,0.0,0.0,0.0
3276,0.0,0.0,0.0,0.0
3277,0.0,0.0,0.0,0.0
3278,0.0,0.0,0.0,-1.428
3279,0.0,0.0,0.0,-3.709
3280,0.0,0.0,0.0,-2.537
3281,0.0,0.0,0.0,-1.153
3282,1.744,0.0,0.0,0.0
3283,0.308,0.0,0.0,0.0
3284,4.897,0.0,0.0,0.0
3285,6.084,0.0,0.0,0.0
3286,7.595,0.0,0.0,0.0
3287,7.427,0.0,0.0,0.0
3288,8.202,4.161,0.0,0.0
3289,8.419,5.134,0.0,0.0
3290,9.264,6.029,0.0,0.0
3291,9.37,6.147,0.0,0.0
3292,9.264,6.042,0.0,0.0
3293,9.053,5.827,0.0,0.0
3294,9.052,5.8,0.0,0.0
3295,9.146,5.79,0.0,0.0
3296,6.096,2.187,0.0,0.0
3297,3.593,0.0,0.0,0.0
3298,5.511,0.386,1.355,0.0
3299,0.0,0.0,0.241,0.0
3300,0.0,-9.637,0.0,0.0
3301,0.0,0.0,0.0,0.0
3302,0.0,0.0,0.0,0.0
3303,0.0,0.0,0.0,0.0
3304,0.0,0.0,0.0,-1.871
3305,0.0,0.0,0.0,-1.588
3306,1.665,0.0,0.0,0.0
3307,1.215,0.0,0.0,0.0
3308,5.488,0.0,0.0,0.0
3309,8.318,0.0,0.0,0.0
3310,9.837,0.0,1.295,0.0
3311,9.047,5.189,2.799,0.0
3312,9.475,6.3,2.999,0.0
3313,11.166,8.076,3.742,0.0
3314,9.475,6.3,3.032,0.0
3315,9.053,5.856,2.859,0.0
3316,9.053,5.856,2.867,0.0
3317,9.158,5.967,2.918,0.0
3318,8.955,5.703,2.967,0.0
3319,0.255,0.0,1.869,0.0
3320,4.396,0.0,1.96,0.0
3321,0.0,0.0,0.767,0.0
3322,0.255,0.0,1.081,0.0
3323,4.867,0.0,2.163,0.0
3324,4.832,0.0,2.265,0.0
3325,0.0,0.0,0.682,0.0
3326,0.0,0.0,0.0,0.0
3327,6.085,0.0,1.413,0.0
3328,6.612,0.0,2.378,0.0
3329,0.96,0.0,1.355,0.0
3330,3.085,0.0,1.694,0.0
3331,7.093,0.0,2.423,0.0
3332,8.444,0.0,2.667,0.0
3333,8.925,4.41,2.93,0.0
3334,11.589,8.52,3.901,0.0
3335,12.962,9.963,4.516,0.0
3336,11.483,8.409,3.904,0.0
3337,10.109,6.966,3.328,0.0
3338,9.792,6.633,3.201,0.0
3339,10.532,7.41,3.527,0.0
3340,10.638,7.521,3.582,0.0
3341,10.955,7.854,3.727,0.0
3342,0.0,0.0,2.898,0.0
3343,0.496,0.0,2.284,0.0
3344,4.263,0.0,2.306,0.0
3345,5.218,0.0,2.157,0.0
3346,0.0,0.0,0.0,0.0
3347,0.0,-25.61,0.0,0.0
3348,0.0,-5.593,0.0,0.0
3349,0.0,-0.558,0.0,0.0
3350,0.0,0.0,0.0,0.0
3351,0.0,0.0,0.0,-0.398
3352,0.0,0.0,0.0,0.0
3353,0.0,0.0,0.0,0.0
3354,0.0,0.0,0.0,0.0
3355,0.875,0.0,0.0,0.0
3356,4.885,0.0,0.0,0.0
3357,9.205,0.0,0.0,0.0
3358,12.166,2.169,1.303,0.0
3359,13.068,10.074,4.543,0.0
3360,14.019,11.073,4.981,0.0
3361,13.279,10.296,4.69,0.0
3362,13.596,10.629,4.849,0.0
3363,13.49,10.518,4.824,0.0
3364,12.011,8.964,4.204,0.0
3365,11.483,8.409,3.986,0.0
3366,8.95,6.525,3.636,0.0
3367,9.465,6.142,3.351,0.0
3368,7.037,3.249,2.788,0.0
3369,3.805,0.0,2.204,0.0
3370,2.996,0.0,1.861,0.0
3371,3.046,0.0,1.802,0.0
3372,0.0,0.0,1.147,0.0
3373,0.0,0.0,0.319,0.0
3374,2.509,0.0,1.4,0.0
3375,4.014,0.0,1.536,0.0
3376,6.417,0.0,2.334,0.0
3377,3.009,0.0,1.705,0.0
3378,4.865,0.0,1.933,0.0
3379,7.082,0.0,2.356,0.0
3380,8.047,2.0,2.508,0.0
3381,8.745,5.511,2.717,0.0
3382,9.053,5.856,2.832,0.0
3383,9.158,5.967,2.888,0.0
3384,8.947,5.745,2.807,0.0
3385,8.947,5.745,2.815,0.0
3386,8.947,5.745,2.821,0.0
3387,9.475,6.3,3.055,0.0
3388,9.687,6.522,3.153,0.0
3389,10.532,7.41,3.525,0.0
3390,7.555,5.525,3.301,0.0
3391,5.031,1.742,2.393,0.0
3392,6.208,2.448,2.276,0.0
3393,4.913,0.94,1.877,0.0
3394,0.0,0.0,0.231,0.0
3395,0.0,0.0,0.0,0.0
3396,0.0,0.0,0.0,0.0
3397,0.0,0.0,0.0,0.0
3398,0.0,0.0,0.0,0.0
3399,2.584,0.0,0.0,0.0
3400,2.903,0.0,0.0,0.0
3401,4.673,0.0,0.039,0.0
3402,0.0,0.0,0.0,-0.582
3403,0.0,0.0,0.0,0.0
3404,3.217,0.0,0.0,0.0
3405,8.456,0.0,2.335,0.0
3406,10.886,0.0,3.555,0.0
3407,12.007,8.411,4.077,0.0
3408,12.222,9.186,4.196,0.0
3409,12.645,9.63,4.401,0.0
3410,11.589,8.52,3.967,0.0
3411,12.011,8.964,4.164,0.0
3412,10.849,7.743,3.678,0.0
3413,10.109,6.966,3.368,0.0
3414,0.0,1.904,2.974,0.0
3415,0.0,0.0,2.204,0.0
3416,1.958,0.0,1.436,0.0
3417,0.0,0.0,0.0,0.0
3418,0.0,-3.193,0.0,0.0
3419,0.0,-6.42,0.0,0.0
3420,0.0,0.0,0.0,0.0
3421,0.0,0.0,0.0,-0.899
3422,0.0,0.0,0.0,0.0
3423,0.0,0.0,0.0,-0.784
3424,0.639,0.0,0.0,0.0
3425,0.0,0.0,0.0,0.0
3426,0.0,0.0,0.0,0.0
3427,2.579,0.0,0.0,0.0
3428,4.095,0.0,0.0,0.0
3429,5.021,0.0,0.0,0.0
3430,5.582,0.0,0.0,0.0
3431,5.613,0.0,0.0,0.0
3432,5.639,0.0,0.0,0.0
3433,5.554,0.712,0.0,0.0
3434,5.566,2.186,0.0,0.0
3435,5.566,2.188,0.0,0.0
3436,5.461,2.08,0.0,0.0
3437,5.672,2.304,1.33,0.0
3438,5.677,2.274,1.403,0.0
3439,6.721,3.279,1.986,0.0
3440,5.144,1.285,1.796,0.0
3441,0.0,0.0,0.347,0.0
3442,0.0,-5.286,0.0,0.0
3443,0.0,-12.509,0.0,-0.514
3444,0.0,-10.349,0.0,-0.878
3445,0.0,-4.002,0.0,-1.306
3446,0.0,0.0,0.0,-0.963
3447,0.0,0.0,0.0,-3.167
3448,0.0,0.0,0.0,-0.207
3449,0.0,0.0,0.0,0.0
3450,1.613,0.0,0.0,0.0
3451,4.849,0.0,0.0,0.0
3452,5.995,0.0,0.0,0.0
3453,7.211,0.0,0.0,0.0
3454,7.108,0.0,0.0,0.0
3455,6.824,2.327,0.0,0.0
3456,6.834,3.517,0.0,0.0
3457,6.94,3.631,0.0,0.0
3458,5.989,2.636,0.897,0.0
3459,5.355,1.971,1.219,0.0
3460,5.038,1.638,1.082,0.0
3461,5.144,1.749,1.125,0.0
3462,5.044,1.625,1.11,0.0
3463,4.466,0.942,0.97,0.0
3464,3.999,0.348,0.905,0.0
3465,0.0,0.0,0.412,0.0
3466,0.0,0.0,0.474,0.0
3467,0.0,0.0,0.537,0.0
3468,0.0,0.0,0.054,0.0
3469,0.0,0.0,0.0,0.0
3470,0.0,0.0,0.0,0.0
3471,0.0,0.0,0.0,0.0
3472,0.0,0.0,0.0,0.0
3473,0.0,0.0,0.0,-0.266
3474,0.0,0.0,0.0,0.0
3475,0.0,0.0,0.0,0.0
3476,3.34,0.0,0.0,0.0
3477,7.21,0.0,0.0,0.0
3478,7.59,0.0,1.863,0.0
3479,8.374,0.0,2.485,0.0
3480,8.417,4.933,2.526,0.0
3481,8.842,5.634,2.722,0.0
3482,9.475,6.3,3.007,0.0
3483,10.215,7.077,3.339,0.0
3484,10.849,7.743,3.627,0.0
3485,10.849,7.743,3.642,0.0
3486,2.637,3.522,3.178,0.0
3487,0.605,0.0,2.324,0.0
3488,0.0,0.0,1.572,0.0
3489,0.0,0.0,1.032,0.0
3490,0.0,0.0,0.0,0.0
3491,0.0,-11.312,0.0,0.0
3492,0.0,-5.925,0.0,-0.249
3493,0.0,0.0,0.0,0.0
3494,0.0,0.0,0.0,-1.001
3495,0.0,0.0,0.0,-0.671
3496,0.0,0.0,0.0,-0.136
3497,0.0,0.0,0.0,0.0
3498,0.0,0.0,0.0,0.0
3499,0.0,0.0,0.0,0.0
3500,3.066,0.0,0.0,0.0
3501,5.948,0.0,0.0,0.0
3502,5.57,0.0,0.0,0.0
3503,5.18,0.0,0.0,0.0
3504,3.937,0.0,0.0,0.0
3505,2.892,0.0,0.0,0.0
3506,2.154,0.0,0.0,0.0
3507,5.743,0.0,0.0,0.0
3508,7.561,2.71,0.0,0.0
3509,7.891,4.629,0.0,0.0
3510,7.445,4.431,1.579,0.0
3511,3.972,0.902,2.25,0.0
3512,3.936,0.0,2.018,0.0
3513,6.464,2.473,2.313,0.0
3514,0.0,0.0,0.434,0.0
3515,0.0,0.0,0.35,0.0
3516,0.0,0.0,0.0,0.0
3517,0.0,0.0,0.0,0.0
3518,0.0,0.0,0.0,0.0
3519,0.0,0.0,0.0,-0.466
3520,0.0,0.0,0.0,-2.604
3521,0.0,0.0,0.0,-0.76
3522,0.0,0.0,0.0,0.0
3523,3.736,0.0,0.0,0.0
3524,4.448,0.0,0.0,0.0
3525,7.242,0.0,0.0,0.0
3526,8.144,0.0,0.0,0.0
3527,7.766,2.129,1.999,0.0
3528,7.679,4.413,2.208,0.0
3529,7.996,4.746,2.354,0.0
3530,8.419,5.19,2.546,0.0
3531,9.37,6.189,2.965,0.0
3532,9.687,6.522,3.114,0.0
3533,9.581,6.411,3.081,0.0
3534,9.475,6.3,3.045,0.0
3535,9.007,5.733,2.96,0.0
3536,8.32,4.953,2.748,0.0
3537,6.806,3.189,2.331,0.0
3538,2.243,0.0,1.37,0.0
3539,0.0,0.0,0.266,0.0
3540,6.331,0.0,2.121,0.0
3541,5.221,0.0,2.462,0.0
3542,5.108,0.0,2.624,0.0
3543,5.872,0.0,2.956,0.0
3544,6.075,0.0,2.995,0.0
3545,7.141,0.185,3.013,0.0
3546,9.145,5.652,3.288,0.0
3547,7.968,4.299,2.956,0.0
3548,8.324,4.781,2.978,0.0
3549,11.465,8.376,3.938,0.0
3550,12.011,8.964,4.15,0.0
3551,12.434,9.408,4.348,0.0
3552,10.955,7.854,3.727,0.0
3553,12.011,8.964,4.191,0.0
3554,12.434,9.408,4.384,0.0
3555,12.645,9.63,4.487,0.0
3556,11.8,8.742,4.134,0.0
3557,12.011,8.964,4.231,0.0
3558,6.644,5.721,3.738,0.0
3559,0.0,0.0,2.701,0.0
3560,3.962,0.0,2.569,0.0
3561,5.381,0.0,2.557,0.0
3562,0.0,0.0,0.071,0.0
3563,0.0,0.0,0.0,0.0
3564,0.0,0.0,0.0,0.0
3565,0.0,0.0,0.0,0.0
3566,0.0,0.0,0.0,0.0
3567,0.0,0.0,0.0,-1.621
3568,0.0,0.0,0.0,-0.671
3569,0.086,0.0,0.0,0.0
3570,3.488,0.0,0.0,0.0
3571,2.091,0.0,0.0,0.0
3572,6.949,0.0,0.0,0.0
3573,9.251,0.0,1.479,0.0
3574,10.707,3.189,3.497,0.0
3575,11.483,8.409,3.862,0.0
3576,12.539,9.519,4.339,0.0
3577,13.596,10.629,4.818,0.0
3578,14.653,11.739,5.298,0.0
3579,15.286,12.405,5.596,0.0
3580,15.498,12.627,5.712,0.0
3581,14.34,11.389,5.266,0.0
3582,0.0,3.591,4.129,0.0
3583,0.0,0.0,2.846,0.0
3584,0.0,0.0,1.716,0.0
3585,0.0,0.0,1.537,0.0
3586,0.433,0.0,1.195,0.0
3587,0.0,-1.265,0.0,0.0
3588,0.0,-7.828,0.0,0.0
3589,1.653,0.0,0.0,0.0
3590,3.669,0.0,0.707,0.0
3591,0.0,0.0,0.117,0.0
3592,0.0,0.0,0.0,-2.201
3593,0.019,0.0,0.0,0.0
3594,0.555,0.0,0.0,0.0
3595,4.791,0.0,0.0,0.0
3596,6.99,0.0,1.095,0.0
3597,7.941,0.0,2.374,0.0
3598,9.225,1.245,2.856,0.0
3599,10.532,7.41,3.445,0.0
3600,12.117,9.075,4.147,0.0
3601,13.068,10.074,4.58,0.0
3602,14.336,11.406,5.15,0.0
3603,14.758,11.85,5.358,0.0
3604,15.286,12.405,5.61,0.0
3605,15.08,12.166,5.574,0.0
3606,0.409,4.582,4.487,0.0
3607,0.0,0.0,2.167,0.0
3608,0.0,0.0,0.363,0.0
3609,0.0,0.0,0.0,0.0
3610,0.0,-12.892,0.0,0.0
3611,0.0,-19.184,0.0,0.0
3612,0.0,-10.985,0.0,-1.283
3613,0.0,-7.409,0.0,-1.898
3614,0.0,-6.477,0.0,-3.832
3615,0.0,0.0,0.0,-4.174
3616,0.0,0.0,0.0,-5.232
3617,0.0,0.0,0.0,-1.852
3618,0.0,0.0,0.0,0.0
3619,0.0,0.0,0.0,0.0
3620,2.354,0.0,0.0,0.0
3621,7.025,0.0,0.0,0.0
3622,8.425,0.0,0.0,0.0
3623,8.901,0.0,0.0,0.0
3624,9.158,5.91,0.0,0.0
3625,9.792,6.615,0.0,0.0
3626,10.321,7.176,0.0,0.0
3627,12.645,9.624,1.351,0.0
3628,11.906,8.853,4.099,0.0
3629,13.22,10.176,4.764,0.0
3630,0.0,0.0,2.912,0.0
3631,0.0,0.0,0.986,0.0
3632,0.0,-8.038,0.0,0.0
3633,0.0,-8.311,0.0,0.0
3634,0.0,-17.268,0.0,0.0
3635,0.0,-18.804,0.0,-1.806
3636,0.0,-19.874,0.0,-2.914
3637,0.0,-17.363,0.0,-4.535
3638,0.0,-11.515,0.0,-5.587
3639,0.0,-4.576,0.0,-6.517
3640,0.0,-0.23,0.0,-6.461
3641,0.0,0.0,0.0,-5.813
3642,0.0,0.0,0.0,-4.277
3643,0.0,0.0,0.0,-2.172
3644,0.0,0.0,0.0,0.0
3645,3.823,0.0,0.0,0.0
3646,5.851,0.0,0.0,0.0
3647,8.428,0.0,0.0,0.0
3648,11.438,2.846,0.0,0.0
3649,12.645,9.59,0.0,0.0
3650,13.068,10.043,0.0,0.0
3651,13.596,10.608,0.0,0.0
3652,13.913,10.95,0.0,0.0
3653,13.474,10.82,3.617,0.0
3654,0.0,0.0,2.991,0.0
3655,0.0,0.0,0.339,0.0
3656,0.0,-14.344,0.0,0.0
3657,0.0,-13.985,0.0,0.0
3658,0.0,-20.774,0.0,-1.496
3659,0.0,-23.235,0.0,-3.423
3660,0.0,-24.653,0.0,-4.886
3661,0.0,-22.839,0.0,-6.662
3662,0.0,-16.777,0.0,-7.463
3663,0.0,-9.316,0.0,-7.968
3664,-1.285,-6.828,0.0,-8.307
3665,0.0,-2.956,0.0,-7.058
3666,0.0,-1.874,0.0,-6.051
3667,0.0,0.0,0.0,-3.724
3668,0.0,0.0,0.0,-1.027
3669,0.136,0.0,0.0,0.0
3670,1.696,0.0,0.0,0.0
3671,2.56,0.0,0.0,0.0
3672,4.061,0.0,0.0,0.0
3673,4.828,0.0,0.0,0.0
3674,6.018,0.0,0.0,0.0
3675,6.472,0.0,0.0,0.0
3676,6.818,1.49,0.0,0.0
3677,6.635,3.376,0.0,0.0
3678,0.0,0.0,0.0,0.0
3679,0.0,0.0,0.0,0.0
3680,0.0,-16.419,0.0,0.0
3681,0.0,-15.882,0.0,-1.412
3682,-2.062,-24.03,0.0,-3.446
3683,-4.6,-29.433,0.0,-5.683
3684,-2.817,-29.071,0.0,-6.521
3685,-2.195,-22.829,0.0,-7.018
3686,-4.99,-19.622,0.0,-8.064
3687,-9.032,-15.581,0.0,-9.021
3688,-8.757,-12.193,0.0,-9.043
3689,-7.739,-11.072,0.0,-8.668
3690,-5.62,-8.996,0.0,-6.519
3691,0.0,-4.147,0.0,-5.637
3692,0.0,0.0,0.0,-2.95
3693,0.0,0.0,0.0,-0.567
3694,0.0,0.0,0.0,0.0
3695,1.057,0.0,0.0,0.0
3696,1.81,0.0,0.0,0.0
3697,2.356,0.0,0.0,0.0
3698,2.902,0.0,0.0,0.0
3699,3.027,0.0,0.0,0.0
3700,3.466,0.0,0.0,0.0
3701,3.572,0.0,0.0,0.0
3702,0.0,0.0,0.0,0.0
3703,0.0,0.0,0.0,-0.224
3704,-8.111,-11.255,0.0,-2.98
3705,-13.369,-24.781,0.0,-4.936
3706,-18.022,-33.98,0.0,-6.233
3707,-14.952,-36.78,0.0,-7.063
3708,-11.786,-35.764,0.0,-7.827
3709,-12.895,-32.556,0.0,-8.889
3710,-12.687,-26.091,0.0,-9.323
3711,-11.665,-17.463,0.0,-8.381
3712,-11.347,-15.078,0.0,-8.729
3713,-9.767,-13.395,0.0,-7.666
3714,-6.833,-10.173,0.0,-7.201
3715,-2.979,-6.461,0.0,-5.777
3716,0.0,-0.289,0.0,-3.812
3717,0.0,0.0,0.0,-0.72
3718,0.462,0.0,0.0,0.0
3719,2.005,0.0,0.0,0.0
3720,3.611,0.0,0.0,0.0
3721,5.119,0.0,0.0,0.0
3722,5.682,0.0,0.0,0.0
3723,5.608,0.0,0.0,0.0
3724,5.528,0.0,0.0,0.0
3725,5.202,0.0,0.0,0.0
3726,4.324,0.43,0.0,0.0
3727,2.821,0.0,0.0,0.0
3728,3.4,0.0,0.0,0.0
3729,2.02,0.0,0.0,0.0
3730,0.555,0.0,0.0,0.0
3731,0.0,0.0,0.0,0.0
3732,0.0,-10.316,0.0,-2.011
3733,0.0,-7.85,0.0,-3.391
3734,0.0,-13.263,0.0,-6.282
3735,0.0,-2.515,0.0,-3.378
3736,0.0,-3.426,0.0,-4.083
3737,0.0,-0.18,0.0,-2.436
3738,0.0,0.0,0.0,-1.929
3739,0.0,0.0,0.0,-1.755
3740,0.0,0.0,0.0,-0.043
3741,1.262,0.0,0.0,0.0
3742,2.761,0.0,0.0,0.0
3743,3.313,0.0,0.0,0.0
3744,3.443,0.0,0.0,0.0
3745,3.886,0.0,0.0,0.0
3746,4.645,0.0,0.0,0.0
3747,4.35,0.0,0.0,0.0
3748,4.365,0.0,0.0,0.0
3749,3.654,0.0,0.0,0.0
3750,3.549,0.0,0.0,0.0
3751,0.991,0.0,0.0,0.0
3752,0.0,0.0,0.0,0.0
3753,0.0,0.0,0.0,0.0
3754,1.728,0.0,0.0,0.0
3755,0.0,0.0,0.0,0.0
3756,0.0,0.0,0.0,-0.748
3757,0.0,0.0,0.0,-2.294
3758,0.0,-5.637,0.0,-4.129
3759,0.0,-6.956,0.0,-5.935
3760,0.0,0.0,0.0,-1.654
3761,0.0,0.0,0.0,0.0
3762,0.0,0.0,0.0,0.0
3763,2.478,0.0,0.0,0.0
3764,1.957,0.0,0.0,0.0
3765,3.091,0.0,0.0,0.0
3766,4.497,0.0,0.0,0.0
3767,5.582,0.0,0.0,0.0
3768,7.092,0.0,0.0,0.0
3769,7.55,1.375,0.0,0.0
3770,7.679,4.364,0.0,0.0
3771,7.468,4.148,0.0,0.0
3772,7.362,4.042,0.0,0.0
3773,7.257,3.937,0.0,0.0
3774,6.232,2.776,0.0,0.0
3775,3.852,0.163,0.0,0.0
3776,0.0,0.0,0.0,0.0
3777,0.0,0.0,0.0,0.0
3778,0.0,0.0,0.0,0.0
3779,0.0,0.0,0.0,0.0
3780,0.0,0.0,0.0,0.0
3781,0.0,0.0,0.0,-1.034
3782,0.0,0.0,0.0,-2.342
3783,0.0,-1.459,0.0,-5.039
3784,0.0,0.0,0.0,-4.636
3785,0.0,0.0,0.0,-4.149
3786,0.0,0.0,0.0,-1.334
3787,0.0,0.0,0.0,-1.601
3788,0.0,0.0,0.0,0.0
3789,2.215,0.0,0.0,0.0
3790,1.925,0.0,0.0,0.0
3791,2.471,0.0,0.0,0.0
3792,4.602,0.0,0.0,0.0
3793,5.793,0.0,0.0,0.0
3794,7.199,0.0,0.0,0.0
3795,7.553,1.652,0.0,0.0
3796,7.996,4.716,0.0,0.0
3797,7.891,4.61,0.0,0.0
3798,6.65,3.238,0.0,0.0
3799,4.854,1.146,0.0,0.0
3800,0.0,0.0,0.0,0.0
3801,0.0,0.0,0.0,0.0
3802,0.0,0.0,0.0,0.0
3803,0.0,0.0,0.0,0.0
3804,0.0,0.0,0.0,0.0
3805,0.0,0.0,0.0,-1.418
3806,0.0,-1.316,0.0,-2.519
3807,0.0,0.0,0.0,-3.395
3808,0.0,0.0,0.0,-3.297
3809,0.0,0.0,0.0,-3.204
3810,0.0,0.0,0.0,-2.806
3811,0.0,0.0,0.0,-0.353
3812,0.0,0.0,0.0,0.0
3813,3.433,0.0,0.0,0.0
3814,5.108,0.0,0.0,0.0
3815,5.779,0.0,0.0,0.0
3816,6.343,0.0,0.0,0.0
3817,6.798,0.0,0.0,0.0
3818,7.356,3.22,0.0,0.0
3819,7.891,4.615,0.0,0.0
3820,8.63,5.397,0.0,0.0
3821,4.685,4.876,0.0,0.0
3822,0.0,0.0,0.0,0.0
3823,0.0,0.0,0.0,0.0
3824,0.0,0.0,0.0,0.0
3825,0.0,0.0,0.0,0.0
3826,0.0,-9.084,0.0,-1.1
3827,2.85,0.0,0.0,0.0
3828,0.0,0.0,0.0,0.0
3829,0.0,-6.621,0.0,-3.011
3830,0.0,0.0,0.0,-0.889
3831,0.0,0.0,0.0,-4.278
3832,0.0,0.0,0.0,-4.001
3833,0.0,0.0,0.0,-3.839
3834,0.0,0.0,0.0,-1.751
3835,0.0,0.0,0.0,-1.415
3836,0.0,0.0,0.0,0.0
3837,4.015,0.0,0.0,0.0
3838,8.072,0.0,0.0,0.0
3839,10.242,0.0,0.0,0.0
3840,11.254,6.046,0.0,0.0
3841,12.117,9.059,0.0,0.0
3842,12.856,9.844,0.062,0.0
3843,13.385,10.407,4.736,0.0
3844,13.385,10.407,4.758,0.0
3845,10.992,8.932,4.229,0.0
3846,0.0,1.558,2.942,0.0
3847,7.321,3.687,2.533,0.0
3848,0.0,0.0,0.705,0.0
3849,0.0,0.0,0.0,0.0
3850,0.0,-0.385,0.0,0.0
3851,0.0,-8.632,0.0,-0.89
3852,0.0,-16.364,0.0,-2.643
3853,0.0,-12.155,0.0,-3.549
3854,0.0,-1.115,0.0,-2.232
3855,0.0,-1.889,0.0,-4.367
3856,0.0,0.0,0.0,0.0
3857,0.0,0.0,0.0,-0.324
3858,3.61,0.0,0.0,0.0
3859,5.236,0.0,0.0,0.0
3860,5.849,0.0,0.0,0.0
3861,6.66,0.0,0.0,0.0
3862,6.688,0.0,0.0,0.0
3863,8.408,3.818,0.0,0.0
3864,8.736,5.508,0.0,0.0
3865,9.792,6.623,0.0,0.0
3866,10.215,7.073,1.203,0.0
3867,10.321,7.188,3.393,0.0
3868,10.532,7.41,3.497,0.0
3869,9.168,7.255,3.521,0.0
3870,0.0,0.0,2.939,0.0
3871,0.0,0.0,1.656,0.0
3872,0.0,0.0,0.373,0.0
3873,0.0,0.0,0.0,0.0
3874,1.463,0.0,0.0,0.0
3875,0.0,0.0,0.0,0.0
3876,0.0,0.0,0.0,0.0
3877,0.892,0.0,0.0,0.0
3878,0.0,-0.465,0.0,0.0
3879,0.0,0.0,0.0,-1.325
3880,0.0,0.0,0.0,0.0
3881,0.0,0.0,0.0,-0.792
3882,0.0,0.0,0.0,-0.944
3883,0.0,0.0,0.0,0.0
3884,1.9,0.0,0.0,0.0
3885,7.323,0.0,0.0,0.0
3886,10.644,0.0,0.0,0.0
3887,12.085,5.191,2.592,0.0
3888,12.962,9.963,4.51,0.0
3889,13.596,10.629,4.809,0.0
3890,14.019,11.073,5.017,0.0
3891,14.336,11.406,5.177,0.0
3892,14.758,11.85,5.382,0.0
3893,13.04,11.406,5.285,0.0
3894,0.0,0.292,3.471,0.0
3895,0.0,0.0,1.361,0.0
3896,0.0,0.0,0.0,0.0
3897,0.0,-8.082,0.0,0.0
3898,0.0,-14.792,0.0,0.0
3899,0.0,-16.32,0.0,-1.156
3900,0.0,-15.68,0.0,-2.223
3901,0.0,-11.879,0.0,-3.331
3902,0.0,-3.902,0.0,-2.947
3903,0.0,0.0,0.0,-2.987
3904,0.0,0.0,0.0,-2.076
3905,0.0,0.0,0.0,-0.785
3906,0.0,0.0,0.0,0.0
3907,0.0,0.0,0.0,0.0
3908,0.0,0.0,0.0,0.0
3909,2.774,0.0,0.0,0.0
3910,3.831,0.0,0.0,0.0
3911,3.966,0.0,0.0,0.0
3912,3.992,0.0,0.0,0.0
3913,3.907,0.0,0.0,0.0
3914,3.712,0.0,0.0,0.0
3915,3.618,0.0,0.0,0.0
3916,4.156,0.0,0.0,0.0
3917,4.801,0.0,0.0,0.0
3918,1.275,0.0,0.0,0.0
3919,1.706,0.0,0.0,0.0
3920,1.461,0.0,0.0,0.0
3921,0.0,0.0,0.0,0.0
3922,0.0,0.0,0.0,0.0
3923,0.0,0.0,0.0,0.0
3924,0.0,0.0,0.0,0.0
3925,0.0,0.0,0.0,-0.254
3926,0.0,0.0,0.0,0.0
3927,0.0,0.0,0.0,0.0
3928,0.0,0.0,0.0,0.0
3929,0.0,0.0,0.0,-1.971
3930,0.0,0.0,0.0,0.0
3931,0.0,0.0,0.0,0.0
3932,0.0,0.0,0.0,0.0
3933,0.661,0.0,0.0,0.0
3934,2.55,0.0,0.0,0.0
3935,3.736,0.0,0.0,0.0
3936,4.291,0.0,0.0,0.0
3937,4.634,0.0,0.0,0.0
3938,4.024,0.0,0.0,0.0
3939,4.039,0.0,0.0,0.0
3940,3.841,0.0,0.0,0.0
3941,3.996,0.0,0.0,0.0
3942,0.0,0.0,0.0,0.0
3943,0.0,0.0,0.0,0.0
3944,0.0,-8.551,0.0,0.0
3945,0.0,-13.627,0.0,-1.046
3946,0.0,-6.536,0.0,-1.164
3947,0.0,-16.15,0.0,-2.573
3948,0.0,-16.745,0.0,-3.855
3949,0.0,-12.081,0.0,-4.351
3950,0.0,-11.063,0.0,-5.423
3951,0.0,-6.114,0.0,-6.4
3952,0.0,-1.973,0.0,-6.258
3953,0.0,-0.396,0.0,-6.464
3954,0.0,0.0,0.0,-4.752
3955,0.0,0.0,0.0,-2.628
3956,0.0,0.0,0.0,-1.0
3957,3.332,0.0,0.0,0.0
3958,6.473,0.0,0.0,0.0
3959,7.472,0.0,0.0,0.0
3960,8.363,0.0,0.0,0.0
3961,8.935,4.24,0.0,0.0
3962,9.158,5.915,0.0,0.0
3963,7.785,4.479,0.0,0.0
3964,8.208,4.929,0.0,0.0
3965,7.92,5.509,0.0,0.0
3966,0.0,0.0,0.0,0.0
3967,0.0,0.0,0.0,0.0
3968,0.0,-3.738,0.0,0.0
3969,0.0,-6.085,0.0,-2.27
3970,0.0,-2.388,0.0,-2.36
3971,0.0,0.0,0.0,-1.628
3972,0.0,-7.943,0.0,-3.89
3973,-0.207,-9.877,0.0,-4.671
3974,-3.426,-10.839,0.0,-5.254
3975,-0.493,-6.597,0.0,-4.493
3976,0.0,-3.432,0.0,-3.473
3977,0.0,-0.527,0.0,-2.531
3978,0.0,0.0,0.0,-3.081
3979,0.0,0.0,0.0,-4.246
3980,0.0,0.0,0.0,-0.987
3981,0.464,0.0,0.0,0.0
3982,2.229,0.0,0.0,0.0
3983,3.201,0.0,0.0,0.0
3984,3.437,0.0,0.0,0.0
3985,3.776,0.0,0.0,0.0
3986,4.747,0.0,0.0,0.0
3987,4.347,0.0,0.0,0.0
3988,3.941,0.0,0.0,0.0
3989,2.877,0.0,0.0,0.0
3990,2.083,0.0,0.0,0.0
3991,2.254,0.0,0.0,0.0
3992,0.793,0.0,0.0,0.0
3993,1.168,0.0,0.0,0.0
3994,0.584,0.0,0.0,0.0
3995,1.713,0.0,0.0,0.0
3996,0.0,0.0,0.0,0.0
3997,0.0,0.0,0.0,0.0
3998,0.0,0.0,0.0,-1.135
3999,1.443,0.0,0.0,0.0
4000,1.557,0.0,0.0,0.0
4001,0.0,0.0,0.0,0.0
4002,0.0,0.0,0.0,-1.103
4003,3.893,0.0,0.0,0.0
4004,2.11,0.0,0.0,0.0
4005,4.922,0.0,0.0,0.0
4006,5.361,0.0,0.0,0.0
4007,5.392,0.0,0.0,0.0
4008,6.157,0.0,0.0,0.0
4009,6.501,1.133,0.0,0.0
4010,7.151,3.838,0.0,0.0
4011,7.574,4.286,0.0,0.0
4012,7.891,4.624,0.0,0.0
4013,6.515,4.194,0.0,0.0
4014,0.0,0.0,0.411,0.0
4015,0.0,0.0,0.655,0.0
4016,0.0,0.0,0.0,0.0
4017,0.0,-3.059,0.0,0.0
4018,0.0,-7.197,0.0,-0.195
4019,0.0,-14.894,0.0,-1.265
4020,0.0,-3.317,0.0,-0.896
4021,0.0,0.0,0.0,-0.526
4022,0.0,0.0,0.0,-0.205
4023,0.0,0.0,0.0,-0.263
4024,0.0,0.0,0.0,0.0
4025,0.0,0.0,0.0,0.0
4026,4.264,0.0,0.0,0.0
4027,3.495,0.0,0.0,0.0
4028,4.09,0.0,0.0,0.0
4029,5.226,0.0,0.0,0.0
4030,5.923,0.0,0.0,0.0
4031,6.058,0.0,0.0,0.0
4032,5.765,0.897,0.0,0.0
4033,5.989,2.628,0.0,0.0
4034,6.094,2.742,0.0,0.0
4035,5.566,2.19,0.0,0.0
4036,5.249,1.86,0.966,0.0
4037,4.713,1.535,1.053,0.0
4038,5.078,1.617,1.2,0.0
4039,3.569,0.0,0.984,0.0
4040,1.301,0.0,0.623,0.0
4041,1.906,0.0,0.838,0.0
4042,0.0,0.0,0.0,0.0
4043,0.0,0.0,0.0,0.0
4044,0.0,0.0,0.0,0.0
4045,0.0,0.0,0.0,0.0
4046,0.0,0.0,0.0,0.0
4047,0.0,0.0,0.0,-2.177
4048,0.0,0.0,0.0,0.0
4049,0.0,0.0,0.0,-2.275
4050,0.0,0.0,0.0,0.0
4051,0.0,0.0,0.0,0.0
4052,1.958,0.0,0.0,0.0
4053,5.428,0.0,0.0,0.0
4054,5.343,0.0,0.0,0.0
4055,7.913,0.0,0.0,0.0
4056,6.586,0.0,0.0,0.0
4057,6.509,2.144,0.241,0.0
4058,6.411,3.081,1.661,0.0
4059,6.728,3.414,1.802,0.0
4060,7.362,4.08,2.081,0.0
4061,6.723,3.644,1.938,0.0
4062,0.0,0.0,1.431,0.0
4063,0.0,0.0,0.847,0.0
4064,1.058,0.0,0.669,0.0
4065,2.487,0.0,0.968,0.0
4066,0.807,0.0,0.717,0.0
4067,0.0,0.0,0.0,0.0
4068,0.0,-1.643,0.0,0.0
4069,0.0,0.0,0.0,-0.377
4070,0.0,0.0,0.0,0.0
4071,0.0,0.0,0.0,0.0
4072,3.119,0.0,0.0,0.0
4073,0.0,0.0,0.0,0.0
4074,1.513,0.0,0.0,0.0
4075,3.241,0.0,0.0,0.0
4076,3.45,0.0,0.0,0.0
4077,4.846,0.0,0.0,0.0
4078,5.913,0.0,0.214,0.0
4079,6.472,0.0,1.651,0.0
4080,6.29,1.004,1.587,0.0
4081,6.306,2.97,1.604,0.0
4082,6.834,3.525,1.837,0.0
4083,7.257,3.969,2.026,0.0
4084,7.468,4.191,2.125,0.0
4085,6.267,4.568,2.371,0.0
4086,0.0,0.0,1.982,0.0
4087,0.0,0.0,0.724,0.0
4088,0.0,0.0,0.0,0.0
4089,0.0,0.0,0.0,0.0
4090,0.0,-8.143,0.0,-0.962
4091,0.0,-21.535,0.0,-2.427
4092,0.0,-14.329,0.0,-2.285
4093,0.0,-13.001,0.0,-3.675
4094,0.0,-5.446,0.0,-3.476
4095,0.0,0.0,0.0,-0.366
4096,0.0,0.0,0.0,-0.023
4097,0.0,0.0,0.0,-1.085
4098,0.0,0.0,0.0,-0.838
4099,0.0,0.0,0.0,0.0
4100,0.0,0.0,0.0,0.0
4101,2.242,0.0,0.0,0.0
4102,2.769,0.0,0.0,0.0
4103,3.11,0.0,0.0,0.0
4104,3.448,0.0,0.0,0.0
4105,3.574,0.0,0.0,0.0
4106,4.013,0.0,0.0,0.0
4107,4.347,0.0,0.0,0.0
4108,4.152,0.0,0.0,0.0
4109,3.192,0.0,0.0,0.0
4110,2.065,0.0,0.0,0.0
4111,1.537,0.0,0.0,0.0
4112,0.0,0.0,0.0,0.0
4113,0.0,0.0,0.0,0.0
4114,0.0,0.0,0.0,0.0
4115,0.0,0.0,0.0,0.0
4116,0.0,0.0,0.0,-1.984
4117,0.0,0.0,0.0,-0.977
4118,0.0,-3.311,0.0,-3.656
4119,0.0,-3.777,0.0,-3.764
4120,0.0,-2.668,0.0,-4.235
4121,0.0,0.0,0.0,-3.297
4122,0.0,0.0,0.0,-2.419
4123,0.0,0.0,0.0,-1.281
4124,0.0,0.0,0.0,-0.456
4125,0.0,0.0,0.0,0.0
4126,1.594,0.0,0.0,0.0
4127,2.136,0.0,0.0,0.0
4128,2.788,0.0,0.0,0.0
4129,3.337,0.0,0.0,0.0
4130,3.568,0.0,0.0,0.0
4131,3.163,0.0,0.0,0.0
4132,3.175,0.0,0.0,0.0
4133,3.03,0.0,0.0,0.0
4134,3.339,0.0,0.0,0.0
4135,1.612,0.0,0.0,0.0
4136,0.999,0.0,0.0,0.0
4137,0.0,0.0,0.0,0.0
4138,0.0,0.0,0.0,0.0
4139,0.0,0.0,0.0,0.0
4140,0.0,0.0,0.0,0.0
4141,0.0,0.0,0.0,0.0
4142,0.0,0.0,0.0,0.0
4143,0.0,0.0,0.0,0.0
4144,0.0,0.0,0.0,0.0
4145,0.0,0.0,0.0,-0.766
4146,0.0,0.0,0.0,-0.438
4147,0.0,0.0,0.0,-0.003
4148,0.0,0.0,0.0,0.0
4149,1.822,0.0,0.0,0.0
4150,3.198,0.0,0.0,0.0
4151,3.963,0.0,0.0,0.0
4152,3.777,0.0,0.0,0.0
4153,4.326,0.0,0.0,0.0
4154,4.663,0.0,0.0,0.0
4155,4.998,0.0,0.0,0.0
4156,5.016,0.0,0.0,0.0
4157,4.054,0.406,0.0,0.0
4158,2.372,0.0,0.0,0.0
4159,0.0,0.0,0.0,0.0
4160,0.0,0.0,0.0,0.0
4161,0.0,0.0,0.0,0.0
4162,0.0,-5.053,0.0,-0.006
4163,0.0,-6.081,0.0,-1.305
4164,0.0,0.0,0.0,0.0
4165,0.0,0.0,0.0,-0.799
4166,0.0,-3.526,0.0,-4.065
4167,0.0,0.0,0.0,-0.496
4168,0.0,0.0,0.0,-0.302
4169,0.0,0.0,0.0,-4.105
4170,0.0,0.0,0.0,-2.392
4171,0.0,0.0,0.0,-0.436
4172,0.0,0.0,0.0,0.0
4173,3.388,0.0,0.0,0.0
4174,5.006,0.0,0.0,0.0
4175,5.57,0.0,0.0,0.0
4176,6.025,0.0,0.0,0.0
4177,6.584,0.0,0.0,0.0
4178,6.296,1.681,0.0,0.0
4179,6.306,2.945,0.0,0.0
4180,6.411,3.06,0.0,0.0
4181,5.743,3.084,0.0,0.0
4182,0.0,0.0,0.0,0.0
4183,0.0,0.0,0.0,0.0
4184,0.0,-2.551,0.0,0.0
4185,0.0,0.0,0.0,0.0
4186,0.0,0.0,0.0,0.0
4187,0.0,0.0,0.0,0.0
4188,0.0,0.0,0.0,0.0
4189,0.0,0.0,0.0,0.0
4190,0.0,0.0,0.0,-2.177
4191,0.0,0.0,0.0,-3.07
4192,0.0,0.0,0.0,-4.053
4193,0.0,0.0,0.0,-1.388
4194,0.0,0.0,0.0,-0.436
4195,2.859,0.0,0.0,0.0
4196,3.105,0.0,0.0,0.0
4197,6.164,0.0,0.0,0.0
4198,8.435,0.0,0.0,0.0
4199,8.486,0.457,0.0,0.0
4200,6.94,3.618,0.0,0.0
4201,5.883,2.512,0.0,0.0
4202,6.623,3.293,0.0,0.0
4203,6.623,3.296,0.0,0.0
4204,6.623,3.299,0.0,0.0
4205,5.876,2.756,1.448,0.0
4206,6.134,2.727,1.679,0.0
4207,5.153,1.506,1.558,0.0
4208,5.128,1.334,1.709,0.0
4209,4.491,0.457,1.689,0.0
4210,3.744,0.0,1.59,0.0
4211,3.444,0.0,1.446,0.0
4212,1.979,0.0,1.124,0.0
4213,1.149,0.0,0.873,0.0
4214,0.952,0.0,0.632,0.0
4215,0.0,0.0,0.257,0.0
4216,1.016,0.0,0.211,0.0
4217,0.123,0.0,0.0,0.0
4218,0.438,0.0,0.0,0.0
4219,1.006,0.0,0.0,0.0
4220,2.048,0.0,0.0,0.0
4221,2.105,0.0,0.0,0.0
4222,2.203,0.0,0.0,0.0
4223,2.104,0.0,0.0,0.0
4224,2.321,0.0,0.0,0.0
4225,2.538,0.0,0.0,0.0
4226,2.439,0.0,0.0,0.0
4227,2.549,0.0,0.0,0.0
4228,2.553,0.0,0.0,0.0
4229,2.017,0.0,0.0,0.0
4230,0.413,0.0,0.0,0.0
4231,0.0,0.0,0.0,0.0
4232,0.0,0.0,0.0,0.0
4233,0.0,-1.222,0.0,-1.304
4234,0.0,0.0,0.0,-1.415
4235,0.0,-12.527,0.0,-3.714
4236,0.0,-6.544,0.0,-3.217
4237,-2.233,-22.552,0.0,-6.88
4238,-2.075,-15.89,0.0,-6.997
4239,-3.554,-11.967,0.0,-8.44
4240,-6.009,-10.104,0.0,-8.167
4241,-5.78,-9.501,0.0,-8.46
4242,-4.159,-7.878,0.0,-7.494
4243,-1.99,-5.646,0.0,-6.164
4244,0.0,-2.332,0.0,-4.203
4245,0.0,0.0,0.0,-0.556
4246,1.416,0.0,0.0,0.0
4247,2.225,0.0,0.0,0.0
4248,2.458,0.0,0.0,0.0
4249,2.267,0.0,0.0,0.0
4250,2.81,0.0,0.0,0.0
4251,2.932,0.0,0.0,0.0
4252,2.523,0.0,0.0,0.0
4253,1.063,0.0,0.0,0.0
4254,-3.469,0.0,0.0,0.0
4255,-1.627,-2.788,0.0,-1.62
4256,-14.068,-17.817,0.0,-4.212
4257,-18.712,-27.781,0.0,-5.345
4258,-19.609,-34.973,0.0,-6.49
4259,-17.231,-38.654,0.0,-7.535
4260,-13.504,-38.388,0.0,-8.316
4261,-14.148,-34.307,0.0,-9.234
4262,-14.714,-29.502,0.0,-10.249
4263,-14.664,-21.917,0.0,-10.754
4264,-14.278,-18.031,0.0,-10.826
4265,-13.619,-17.302,0.0,-10.465
4266,-12.307,-15.874,0.0,-9.479
4267,-10.281,-13.463,0.0,-7.636
4268,-7.577,-10.424,0.0,-5.537
4269,-2.241,-4.834,0.0,-3.329
4270,0.0,-1.082,0.0,-2.562
4271,0.0,0.0,0.0,-1.53
4272,0.0,0.0,0.0,-0.929
4273,0.0,0.0,0.0,-1.522
4274,0.0,0.0,0.0,-2.374
4275,0.0,0.0,0.0,-1.858
4276,0.0,0.0,0.0,-1.94
4277,0.0,0.0,0.0,-2.231
4278,-1.46,0.0,0.0,-2.698
4279,-6.073,-6.583,0.0,-3.52
4280,-21.488,-23.179,0.0,-5.166
4281,-14.621,-20.355,0.0,-5.559
4282,-11.278,-16.445,0.0,-5.714
4283,-12.364,-21.078,0.0,-6.255
4284,-7.907,-11.513,0.0,-4.957
4285,-9.199,-12.92,0.0,-5.339
4286,-15.512,-27.266,9.352,-9.428
4287,-17.167,-24.416,-5.621,-11.25
4288,-16.632,-20.606,-5.323,-11.41
4289,-15.633,-19.514,-4.762,-10.875
4290,-13.806,-17.612,-3.533,-8.674
4291,-9.508,-12.879,-1.806,-5.413
4292,0.0,0.0,0.0,-1.085
4293,0.0,0.0,0.0,-0.86
4294,0.0,0.0,0.0,-0.769
4295,0.0,0.0,0.0,-0.337
4296,0.0,0.0,0.0,-0.758
4297,0.0,0.0,0.0,-0.242
4298,0.0,0.0,0.0,0.0
4299,0.224,0.0,0.0,0.0
4300,0.0,0.0,0.0,0.0
4301,0.0,0.0,0.0,0.0
4302,0.884,0.0,0.0,0.0
4303,1.144,0.0,0.0,0.0
4304,0.0,0.0,0.0,0.0
4305,0.0,0.0,0.0,0.0
4306,0.0,0.0,0.0,0.0
4307,0.042,0.0,0.0,0.0
4308,0.0,0.0,0.0,0.0
4309,0.0,0.0,0.0,-1.207
4310,0.0,-3.82,0.0,-4.457
4311,0.0,-3.637,0.0,-5.564
4312,0.0,0.0,0.0,-5.314
4313,0.0,0.0,0.0,-5.277
4314,0.0,0.0,0.0,-2.46
4315,0.0,0.0,0.0,-0.826
4316,0.0,0.0,0.0,0.0
4317,2.692,0.0,0.0,0.0
4318,4.57,0.0,0.0,0.0
4319,5.45,0.0,0.0,0.0
4320,6.329,0.0,0.0,0.0
4321,7.737,0.0,0.0,0.0
4322,7.88,3.277,0.0,0.0
4323,9.37,6.093,0.0,0.0
4324,10.426,7.212,0.0,0.0
4325,9.961,7.007,0.0,0.0
4326,0.0,0.0,0.0,0.0
4327,0.0,0.0,0.0,0.0
4328,0.0,-8.494,0.0,0.0
4329,0.0,-11.643,0.0,-0.621
4330,0.0,-11.384,0.0,-1.295
4331,0.0,-15.556,0.0,-2.702
4332,0.0,-11.157,0.0,-2.359
4333,0.0,-11.735,0.0,-3.901
4334,0.0,-5.075,0.0,-3.383
4335,0.0,-1.942,0.0,-4.769
4336,0.0,0.0,0.0,-5.396
4337,0.0,0.0,0.0,-5.355
4338,0.0,0.0,0.0,-2.98
4339,0.0,0.0,0.0,-1.312
4340,0.486,0.0,0.0,0.0
4341,4.837,0.0,0.0,0.0
4342,6.393,0.0,0.0,0.0
4343,6.858,0.0,0.0,0.0
4344,7.319,0.0,0.0,0.0
4345,7.248,2.79,0.0,0.0
4346,7.468,4.128,0.0,0.0
4347,7.996,4.689,0.0,0.0
4348,8.842,5.583,0.0,0.0
4349,7.704,5.23,0.0,0.0
4350,0.0,0.0,0.0,0.0
4351,0.0,0.0,0.0,0.0
4352,-6.817,-19.808,0.0,-1.159
4353,-10.795,-22.385,0.0,-4.205
4354,-12.29,-29.92,0.0,-5.645
4355,-10.484,-33.23,0.0,-6.387
4356,-9.529,-33.789,0.0,-7.111
4357,-10.221,-30.255,0.0,-8.083
4358,-11.48,-25.772,0.0,-9.145
4359,-11.593,-18.82,0.0,-9.857
4360,-11.426,-14.987,0.0,-10.042
4361,-10.59,-14.067,0.0,-9.681
4362,-9.087,-12.425,0.0,-8.797
4363,-7.687,-10.601,0.0,-7.441
4364,-4.07,-6.477,0.0,-5.042
4365,0.0,0.0,0.0,-1.469
4366,0.0,0.0,0.0,0.0
4367,0.0,0.0,0.0,0.0
4368,0.331,0.0,0.0,0.0
4369,1.173,0.0,0.0,0.0
4370,1.715,0.0,0.0,0.0
4371,2.258,0.0,0.0,0.0
4372,4.81,0.0,0.0,0.0
4373,2.986,0.0,0.0,0.0
4374,-3.466,0.0,0.0,0.0
4375,-4.868,-5.024,0.0,-2.353
4376,-17.848,-20.327,0.0,-4.583
4377,-22.393,-30.727,0.0,-6.104
4378,-21.104,-35.228,0.0,-7.115
4379,-19.747,-40.093,0.0,-8.253
4380,-16.423,-40.711,0.0,-9.015
4381,-10.023,-17.397,0.0,-6.081
4382,-9.917,-14.242,0.0,-5.704
4383,-11.675,-16.437,0.0,-6.918
4384,-5.463,-8.73,0.0,-4.239
4385,-4.653,-7.86,0.0,-4.015
4386,0.0,-1.444,0.0,-2.99
4387,0.0,0.0,0.0,-1.171
4388,0.0,0.0,0.0,-1.093
4389,0.0,0.0,0.0,-0.63
4390,0.0,0.0,0.0,-0.05
4391,0.0,0.0,0.0,0.0
4392,0.223,0.0,0.0,0.0
4393,0.539,0.0,0.0,0.0
4394,0.548,0.0,0.0,0.0
4395,0.028,0.0,0.0,0.0
4396,0.347,0.0,0.0,0.0
4397,0.246,0.0,0.0,0.0
4398,0.0,0.0,0.0,-0.179
4399,0.0,0.0,0.0,-0.596
4400,0.0,0.0,0.0,-0.521
4401,0.0,0.0,0.0,-0.525
4402,0.0,0.0,0.0,-0.63
4403,0.0,0.0,0.0,-0.39
4404,0.0,0.0,0.0,-1.194
4405,0.0,0.0,0.0,-1.607
4406,0.0,0.0,0.0,0.0
4407,0.0,0.0,0.0,0.0
4408,0.0,0.0,0.0,0.0
4409,0.0,0.0,0.0,-0.743
4410,0.0,0.0,0.0,-0.703
4411,0.0,0.0,0.0,0.0
4412,0.0,0.0,0.0,0.0
4413,1.204,0.0,0.0,0.0
4414,2.235,0.0,0.0,0.0
4415,2.678,0.0,0.0,0.0
4416,2.698,0.0,0.0,0.0
4417,3.242,0.0,0.0,0.0
4418,3.893,0.0,0.0,0.0
4419,4.968,0.0,0.0,0.0
4420,6.259,0.0,0.0,0.0
4421,6.328,0.912,0.0,0.0
4422,0.0,0.0,0.0,0.0
4423,0.0,0.0,0.0,0.0
4424,0.0,0.0,0.0,-0.232
4425,-4.429,-15.645,0.0,-2.828
4426,-1.322,-17.563,0.0,-3.57
4427,-1.833,-21.233,0.0,-4.734
4428,0.0,-21.897,0.0,-4.89
4429,0.0,-21.996,0.0,-6.52
4430,0.0,-17.431,0.0,-7.507
4431,0.0,-9.344,0.0,-7.752
4432,0.0,-5.416,0.0,-7.606
4433,0.0,-1.862,0.0,-6.376
4434,0.0,-0.246,0.0,-5.646
4435,0.0,0.0,0.0,-3.886
4436,0.0,0.0,0.0,-1.079
4437,1.809,0.0,0.0,0.0
4438,5.935,0.0,0.0,0.0
4439,7.882,0.0,0.0,0.0
4440,8.884,0.0,0.0,0.0
4441,9.461,4.434,0.0,0.0
4442,9.475,6.212,0.0,0.0
4443,10.109,6.887,0.0,0.0
4444,10.215,7.006,0.0,0.0
4445,9.005,6.388,0.0,0.0
4446,0.0,0.0,0.0,0.0
4447,0.0,0.0,0.0,0.0
4448,0.0,-6.959,0.0,0.0
4449,-4.771,-17.693,0.0,-2.485
4450,-10.46,-27.73,0.0,-5.404
4451,-9.207,-31.939,0.0,-6.239
4452,-7.523,-32.161,0.0,-6.815
4453,-8.356,-25.541,0.0,-7.135
4454,-7.43,-12.887,0.0,-5.298
4455,-7.34,-12.261,0.0,-5.857
4456,0.0,-3.186,0.0,-3.182
4457,0.0,0.0,0.0,-0.952
4458,0.0,0.0,0.0,0.0
4459,0.0,0.0,0.0,0.0
4460,0.0,0.0,0.0,-0.995
4461,1.656,0.0,0.0,0.0
4462,2.552,0.0,0.0,0.0
4463,2.363,0.0,0.0,0.0
4464,3.859,0.0,0.0,0.0
4465,3.778,0.0,0.0,0.0
4466,3.586,0.0,0.0,0.0
4467,3.706,0.0,0.0,0.0
4468,4.353,0.0,0.0,0.0
4469,4.034,0.0,0.0,0.0
4470,0.0,0.0,0.0,0.0
4471,0.0,0.0,0.0,0.0
4472,0.0,0.0,0.0,0.0
4473,0.0,-10.739,0.0,-1.977
4474,-0.715,-17.352,0.0,-3.398
4475,-2.213,-22.854,0.0,-4.83
4476,0.0,-12.701,0.0,-3.796
4477,-1.257,-16.259,0.0,-5.727
4478,-0.19,-14.36,0.0,-6.423
4479,-3.078,-11.393,0.0,-7.55
4480,-3.509,-8.021,0.0,-4.521
4481,0.0,0.0,0.0,-1.549
4482,0.0,0.0,0.0,0.0
4483,0.0,0.0,0.0,0.0
4484,0.0,0.0,0.0,0.0
4485,0.013,0.0,0.0,0.0
4486,2.965,0.0,0.0,0.0
4487,4.471,0.0,0.0,0.0
4488,4.293,0.0,0.0,0.0
4489,4.107,0.0,0.0,0.0
4490,4.972,0.0,0.0,0.0
4491,5.099,0.0,0.0,0.0
4492,5.118,0.0,0.0,0.0
4493,4.822,0.316,0.0,0.0
4494,0.0,0.0,0.0,0.0
4495,0.696,0.0,0.0,0.0
4496,0.0,0.0,0.0,0.0
4497,0.0,0.0,0.0,0.0
4498,0.0,-14.367,0.0,-1.636
4499,0.0,-6.59,0.0,-1.721
4500,0.0,-3.716,0.0,-1.873
4501,0.0,0.0,0.0,0.0
4502,0.0,0.0,0.0,-0.993
4503,0.0,0.0,0.0,0.0
4504,0.0,0.0,0.0,-2.652
4505,0.0,0.0,0.0,0.0
4506,0.0,0.0,0.0,-0.325
4507,2.436,0.0,0.0,0.0
4508,1.84,0.0,0.0,0.0
4509,2.59,0.0,0.0,0.0
4510,3.223,0.0,0.0,0.0
4511,3.032,0.0,0.0,0.0
4512,3.365,0.0,0.0,0.0
4513,4.859,0.0,0.0,0.0
4514,4.776,0.0,0.0,0.0
4515,4.794,0.0,0.0,0.0
4516,5.02,0.0,0.0,0.0
4517,5.14,1.23,0.0,0.0
4518,2.156,0.0,0.0,0.0
4519,0.0,0.0,0.0,0.0
4520,0.0,0.0,0.0,0.0
4521,0.0,0.0,0.0,0.0
4522,0.0,0.0,0.0,0.0
4523,0.0,0.0,0.0,0.0
4524,0.0,-2.614,0.0,-0.085
4525,0.0,0.0,0.0,0.0
4526,0.0,0.0,0.0,-2.835
4527,0.0,0.0,0.0,-1.024
4528,2.606,0.0,0.0,0.0
4529,0.098,0.0,0.0,0.0
4530,0.0,0.0,0.0,0.0
4531,0.234,0.0,0.0,0.0
4532,2.412,0.0,0.0,0.0
4533,6.384,0.0,0.0,0.0
4534,6.729,0.0,0.0,0.0
4535,5.397,0.0,0.0,0.0
4536,7.43,0.0,0.0,0.0
4537,7.358,3.578,0.0,0.0
4538,8.525,5.284,0.0,0.0
4539,6.94,3.624,0.0,0.0
4540,6.517,3.184,0.0,0.0
4541,6.049,2.867,0.0,0.0
4542,0.0,0.0,0.0,0.0
4543,0.0,0.0,0.0,0.0
4544,0.0,-9.42,0.0,0.0
4545,0.0,-5.054,0.0,-0.044
4546,0.0,-1.614,0.0,-0.602
4547,0.0,-6.362,0.0,-1.57
4548,0.0,-6.697,0.0,-1.92
4549,0.0,-5.347,0.0,-2.451
4550,0.0,-0.266,0.0,-1.893
4551,0.0,0.0,0.0,-0.744
4552,0.0,0.0,0.0,0.0
4553,0.0,0.0,0.0,0.0
4554,0.886,0.0,0.0,0.0
4555,1.994,0.0,0.0,0.0
4556,3.227,0.0,0.0,0.0
4557,3.95,0.0,0.0,0.0
4558,4.093,0.0,0.0,0.0
4559,3.481,0.0,0.0,0.0
4560,2.861,0.0,0.0,0.0
4561,2.869,0.0,0.0,0.0
4562,2.663,0.0,0.0,0.0
4563,2.561,0.0,0.0,0.0
4564,2.669,0.0,0.0,0.0
4565,2.777,0.0,0.0,0.0
4566,0.0,0.0,0.0,0.0
4567,0.0,0.0,0.0,0.0
4568,0.0,0.0,0.0,0.0
4569,0.0,0.0,0.0,0.0
4570,0.0,0.0,0.0,0.0
4571,0.0,0.0,0.0,0.0
4572,0.0,0.0,0.0,0.0
4573,0.0,0.0,0.0,0.0
4574,0.0,0.0,0.0,0.0
4575,0.0,0.0,0.0,0.0
4576,0.0,0.0,0.0,-1.175
4577,0.0,0.0,0.0,-0.619
4578,0.0,0.0,0.0,0.0
4579,0.0,0.0,0.0,0.0
4580,0.469,0.0,0.0,0.0
4581,2.164,0.0,0.0,0.0
4582,3.095,0.0,0.0,0.0
4583,3.753,0.0,0.0,0.0
4584,4.094,0.0,0.0,0.0
4585,4.645,0.0,0.0,0.0
4586,5.089,0.0,0.0,0.0
4587,5.11,0.0,0.0,0.0
4588,5.445,0.096,0.0,0.0
4589,5.038,1.683,0.0,0.0
4590,0.0,0.0,0.0,0.0
4591,0.499,0.0,0.0,0.0
4592,0.0,0.0,0.0,0.0
4593,0.0,0.0,0.0,0.0
4594,0.0,0.0,0.0,-0.339
4595,0.0,0.0,0.0,-1.67
4596,0.0,-16.004,0.0,-4.316
4597,0.0,-5.625,0.0,-2.858
4598,0.0,0.0,0.0,0.0
4599,0.0,0.0,0.0,-0.35
4600,0.0,0.0,0.0,0.0
4601,0.0,0.0,0.0,-0.779
4602,0.0,0.0,0.0,-4.267
4603,0.0,0.0,0.0,-3.997
4604,0.0,0.0,0.0,-0.634
4605,1.68,0.0,0.0,0.0
4606,4.136,0.0,0.0,0.0
4607,4.487,0.0,0.0,0.0
4608,4.095,0.0,0.0,0.0
4609,4.434,0.0,0.0,0.0
4610,5.827,0.0,0.0,0.0
4611,6.382,0.0,0.0,0.0
4612,5.351,1.464,0.0,0.0
4613,4.937,1.481,0.0,0.0
4614,0.0,0.0,0.0,0.0
4615,4.398,0.0,0.0,0.0
4616,0.0,0.0,0.0,0.0
4617,0.0,0.0,0.0,0.0
4618,0.0,0.0,0.0,0.0
4619,0.0,-1.552,0.0,-0.582
4620,0.0,-6.492,0.0,-1.729
4621,0.0,-6.769,0.0,-1.879
4622,0.0,-8.496,0.0,-4.257
4623,0.0,0.0,0.0,-3.179
4624,0.0,0.0,0.0,-2.577
4625,0.0,0.0,0.0,-2.708
4626,0.0,0.0,0.0,0.0
4627,0.0,0.0,0.0,0.0
4628,1.43,0.0,0.0,0.0
4629,4.03,0.0,0.0,0.0
4630,6.393,0.0,0.0,0.0
4631,7.07,0.0,0.0,0.0
4632,6.37,0.0,0.0,0.0
4633,6.292,1.248,0.0,0.0
4634,7.045,3.719,0.0,0.0
4635,7.785,4.5,0.0,0.0
4636,7.151,3.839,0.0,0.0
4637,7.472,4.159,0.0,0.0
4638,0.0,0.0,0.0,0.0
4639,0.0,0.0,0.0,0.0
4640,0.0,0.0,0.0,0.0
4641,0.0,-3.955,0.0,0.0
4642,0.0,0.0,0.0,0.0
4643,-0.272,-14.084,0.0,-2.555
4644,0.0,-15.821,0.0,-3.073
4645,0.0,-17.461,0.0,-4.817
4646,0.0,-6.272,0.0,-3.508
4647,0.0,0.0,0.0,-1.837
4648,0.0,0.0,0.0,0.0
4649,0.0,0.0,0.0,-0.291
4650,0.0,0.0,0.0,-1.318
4651,0.0,0.0,0.0,-0.43
4652,0.0,0.0,0.0,0.0
4653,3.316,0.0,0.0,0.0
4654,5.317,0.0,0.0,0.0
4655,7.575,0.0,0.0,0.0
4656,8.256,0.0,0.0,0.0
4657,8.722,3.833,0.0,0.0
4658,10.109,6.94,0.0,0.0
4659,10.532,7.391,0.0,0.0
4660,11.06,7.953,0.0,0.0
4661,10.114,6.943,0.472,0.0
4662,2.648,2.096,2.109,0.0
4663,0.0,0.0,0.741,0.0
4664,0.0,0.0,0.0,0.0
4665,-2.076,-16.575,0.0,0.0
4666,-3.802,-24.585,0.0,-3.675
4667,-3.972,-28.768,0.0,-5.268
4668,-0.673,-17.142,0.0,-5.061
4669,0.0,-4.132,0.0,-3.122
4670,-3.175,-12.751,0.0,-5.74
4671,-4.825,-12.956,0.0,-7.716
4672,-4.534,-9.018,0.0,-8.809
4673,0.0,-5.13,0.0,-7.559
4674,0.0,-2.581,0.0,-6.043
4675,0.0,0.0,0.0,-4.793
4676,0.0,0.0,0.0,-2.019
4677,0.693,0.0,0.0,0.0
4678,2.539,0.0,0.0,0.0
4679,4.361,0.0,0.0,0.0
4680,2.703,0.0,0.0,0.0
4681,2.19,0.0,0.0,0.0
4682,2.094,0.0,0.0,0.0
4683,2.312,0.0,0.0,0.0
4684,2.953,0.0,0.0,0.0
4685,4.13,0.0,0.0,0.0
4686,0.0,0.0,0.0,0.0
4687,0.0,0.0,0.0,0.0
4688,0.0,0.0,0.0,0.0
4689,0.0,0.0,0.0,0.0
4690,0.0,0.0,0.0,-0.815
4691,0.0,0.0,0.0,0.0
4692,0.0,0.0,0.0,0.0
4693,0.0,0.0,0.0,0.0
4694,0.0,0.0,0.0,-0.055
4695,0.0,0.0,0.0,-0.322
4696,0.0,0.0,0.0,-1.92
4697,0.0,0.0,0.0,-1.381
4698,0.0,0.0,0.0,-0.374
4699,0.0,0.0,0.0,-0.611
4700,0.0,0.0,0.0,0.0
4701,0.497,0.0,0.0,0.0
4702,1.593,0.0,0.0,0.0
4703,1.188,0.0,0.0,0.0
4704,0.988,0.0,0.0,0.0
4705,1.207,0.0,0.0,0.0
4706,1.11,0.0,0.0,0.0
4707,2.172,0.0,0.0,0.0
4708,2.713,0.0,0.0,0.0
4709,3.255,0.0,0.0,0.0
4710,3.306,0.0,0.0,0.0
4711,3.064,0.0,0.0,0.0
4712,1.501,0.0,0.0,0.0
4713,0.0,0.0,0.0,0.0
4714,-7.654,-23.959,0.0,-2.587
4715,0.0,-14.582,0.0,-3.075
4716,0.0,-5.318,0.0,-1.597
4717,0.0,-15.006,0.0,-4.07
4718,0.0,-10.672,0.0,-4.915
4719,0.0,-4.856,0.0,-5.74
4720,0.0,0.0,0.0,-4.713
4721,0.0,0.0,0.0,-3.655
4722,0.0,0.0,0.0,-1.182
4723,0.0,0.0,0.0,0.0
4724,0.0,0.0,0.0,0.0
4725,3.471,0.0,0.0,0.0
4726,3.735,0.0,0.0,0.0
4727,3.656,0.0,0.0,0.0
4728,4.206,0.0,0.0,0.0
4729,4.016,0.0,0.0,0.0
4730,4.033,0.0,0.0,0.0
4731,4.574,0.0,0.0,0.0
4732,4.801,0.0,0.0,0.0
4733,4.18,0.0,0.0,0.0
4734,3.786,0.0,0.0,0.0
4735,0.0,0.0,0.0,0.0
4736,0.0,0.0,0.0,0.0
4737,0.0,0.0,0.0,0.0
4738,0.0,0.0,0.0,0.0
4739,0.0,0.0,0.0,0.0
4740,0.0,0.0,0.0,0.0
4741,0.0,0.0,0.0,0.0
4742,2.358,0.0,0.0,0.0
4743,0.0,0.0,0.0,0.0
4744,1.933,0.0,0.0,0.0
4745,0.0,0.0,0.0,0.0
4746,0.0,0.0,0.0,0.0
4747,4.37,0.0,0.0,0.0
4748,4.761,0.0,0.0,0.0
4749,5.238,0.0,0.0,0.0
4750,5.287,0.0,0.0,0.0
4751,5.312,0.0,0.0,0.0
4752,5.121,0.0,0.0,0.0
4753,5.242,0.945,0.0,0.0
4754,5.144,1.731,0.0,0.0
4755,5.038,1.623,0.0,0.0
4756,4.932,1.514,0.0,0.0
4757,4.721,1.294,0.0,0.0
4758,4.227,0.732,0.0,0.0
4759,3.44,0.0,0.0,0.0
4760,1.122,0.0,0.0,0.0
4761,0.0,0.0,0.0,0.0
4762,0.0,0.0,0.0,0.0
4763,0.0,0.0,0.0,0.0
4764,0.0,0.0,0.0,0.0
4765,0.0,0.0,0.0,0.0
4766,0.0,0.0,0.0,-2.525
4767,0.0,-1.665,0.0,-3.997
4768,0.0,0.0,0.0,-1.899
4769,0.0,0.0,0.0,-0.339
4770,0.0,0.0,0.0,0.0
4771,0.0,0.0,0.0,0.0
4772,2.255,0.0,0.0,0.0
4773,2.398,0.0,0.0,0.0
4774,3.005,0.0,0.0,0.0
4775,3.554,0.0,0.0,0.0
4776,3.363,0.0,0.0,0.0
4777,3.696,0.0,0.0,0.0
4778,3.077,0.0,0.0,0.0
4779,2.768,0.0,0.0,0.0
4780,2.878,0.0,0.0,0.0
4781,2.988,0.0,0.0,0.0
4782,2.27,0.0,0.0,0.0
4783,2.242,0.0,0.0,0.0
4784,1.247,0.0,0.0,0.0
4785,0.0,0.0,0.0,0.0
4786,0.885,0.0,0.0,0.0
4787,0.0,0.0,0.0,0.0
4788,0.0,0.0,0.0,-1.498
4789,0.0,0.0,0.0,-0.551
4790,0.0,0.0,0.0,0.0
4791,0.0,0.0,0.0,-0.976
4792,0.0,0.0,0.0,0.0
4793,0.0,0.0,0.0,-2.523
4794,0.0,0.0,0.0,-2.335
4795,0.0,0.0,0.0,-2.454
4796,3.261,0.0,0.0,0.0
4797,5.394,0.0,0.0,0.0
4798,5.349,0.0,0.0,0.0
4799,5.171,0.0,0.0,0.0
4800,5.619,0.0,0.0,0.0
4801,5.01,0.0,0.0,0.0
4802,5.448,0.535,0.0,0.0
4803,5.144,1.729,0.0,0.0
4804,6.094,2.731,0.0,0.0
4805,5.993,2.606,0.0,0.0
4806,0.0,0.0,0.0,0.0
4807,0.0,0.0,0.0,0.0
4808,0.0,0.0,0.0,0.0
4809,0.0,-3.611,0.0,0.0
4810,0.0,0.0,0.0,0.0
4811,0.0,0.0,0.0,0.0
4812,0.0,0.0,0.0,0.0
4813,0.0,0.0,0.0,0.0
4814,0.0,0.0,0.0,0.0
4815,0.0,0.0,0.0,0.0
4816,0.235,0.0,0.0,0.0
4817,0.0,0.0,0.0,-2.224
4818,0.0,0.0,0.0,-1.564
4819,0.0,0.0,0.0,0.0
4820,1.713,0.0,0.0,0.0
4821,5.394,0.0,0.0,0.0
4822,6.299,0.0,0.0,0.0
4823,7.185,0.0,0.0,0.0
4824,7.435,0.116,0.0,0.0
4825,7.045,3.743,0.0,0.0
4826,6.94,3.635,1.524,0.0
4827,5.883,2.526,1.444,0.0
4828,5.566,2.193,1.308,0.0
4829,6.411,3.081,1.673,0.0
4830,0.403,0.469,1.475,0.0
4831,4.806,1.144,1.414,0.0
4832,4.48,0.65,1.428,0.0
4833,3.643,0.0,1.186,0.0
4834,3.526,0.0,1.486,0.0
4835,0.0,0.0,0.722,0.0
4836,1.259,0.0,0.922,0.0
4837,0.0,0.0,0.673,0.0
4838,0.783,0.0,0.758,0.0
4839,0.025,0.0,0.4,0.0
4840,0.0,0.0,0.053,0.0
4841,0.0,0.0,0.0,0.0
4842,0.0,0.0,0.0,0.0
4843,0.0,0.0,0.0,0.0
4844,1.901,0.0,0.0,0.0
4845,5.259,0.0,0.0,0.0
4846,5.558,0.0,0.741,0.0
4847,5.699,0.0,1.31,0.0
4848,5.729,0.0,1.335,0.0
4849,5.754,0.0,1.356,0.0
4850,5.88,2.108,1.419,0.0
4851,6.094,2.748,1.517,0.0
4852,6.517,3.192,1.703,0.0
4853,6.517,3.192,1.709,0.0
4854,1.613,0.883,1.48,0.0
4855,2.674,0.0,1.196,0.0
4856,0.0,0.0,0.122,0.0
4857,0.0,-11.951,0.0,0.0
4858,0.0,-11.036,0.0,-0.469
4859,0.0,-12.594,0.0,-1.392
4860,0.0,-13.014,0.0,-2.597
4861,0.0,-12.641,0.0,-3.784
4862,0.0,-7.696,0.0,-3.992
4863,0.0,-6.399,0.0,-5.709
4864,0.0,-0.805,0.0,-5.345
4865,0.0,0.0,0.0,-2.381
4866,0.0,0.0,0.0,-0.293
4867,0.0,0.0,0.0,-0.042
4868,0.0,0.0,0.0,0.0
4869,1.887,0.0,0.0,0.0
4870,2.665,0.0,0.0,0.0
4871,2.581,0.0,0.0,0.0
4872,3.656,0.0,0.0,0.0
4873,4.523,0.0,0.0,0.0
4874,4.019,0.0,0.0,0.0
4875,3.718,0.0,0.0,0.0
4876,3.623,0.0,0.0,0.0
4877,3.631,0.0,0.0,0.0
4878,0.609,0.0,0.0,0.0
4879,0.369,0.0,0.0,0.0
4880,0.0,0.0,0.0,0.0
4881,0.0,-5.193,0.0,-1.935
4882,0.0,-8.092,0.0,-2.844
4883,-1.32,-19.693,0.0,-4.528
4884,0.0,-5.369,0.0,-3.471
4885,0.0,-9.087,0.0,-4.215
4886,0.0,-7.625,0.0,-4.364
4887,-2.961,-11.364,0.0,-6.925
4888,-4.352,-8.849,0.0,-8.565
4889,-2.402,-7.027,0.0,-4.833
4890,0.0,-2.192,0.0,-3.936
4891,0.0,0.0,0.0,-2.838
4892,0.0,0.0,0.0,-1.165
4893,1.919,0.0,0.0,0.0
4894,3.504,0.0,0.0,0.0
4895,4.378,0.0,0.0,0.0
4896,5.359,0.0,0.0,0.0
4897,4.968,0.0,0.0,0.0
4898,4.357,0.0,0.0,0.0
4899,5.111,0.0,0.0,0.0
4900,4.916,0.0,0.0,0.0
4901,5.668,1.825,0.0,0.0
4902,0.0,0.0,0.0,0.0
4903,0.0,0.0,0.0,0.0
4904,0.0,-15.624,0.0,-0.912
4905,-8.646,-22.02,0.0,-3.643
4906,-11.481,-30.792,0.0,-5.486
4907,-11.384,-35.325,0.0,-6.427
4908,-9.255,-35.572,0.0,-7.075
4909,-9.954,-31.844,0.0,-8.071
4910,-10.774,-26.671,0.0,-9.009
4911,-9.936,-18.37,0.0,-9.348
4912,-9.854,-13.339,0.0,-9.461
4913,-7.741,-11.114,0.0,-8.203
4914,-6.902,-10.145,0.0,-7.682
4915,-4.784,-7.69,0.0,-6.235
4916,0.0,-3.039,0.0,-4.358
4917,0.0,0.0,0.0,-0.686
4918,0.0,0.0,0.0,-0.609
4919,0.0,0.0,0.0,-0.607
4920,0.0,0.0,0.0,-0.007
4921,0.0,0.0,0.0,0.0
4922,1.17,0.0,0.0,0.0
4923,2.133,0.0,0.0,0.0
4924,2.997,0.0,0.0,0.0
4925,2.807,0.0,0.0,0.0
4926,0.0,0.0,0.0,0.0
4927,0.0,0.0,0.0,-0.226
4928,-2.847,-6.823,0.0,-2.392
4929,0.0,-5.562,0.0,-1.928
4930,-2.019,-11.239,0.0,-4.265
4931,-10.579,-23.174,0.0,-5.73
4932,-11.209,-35.282,0.0,-7.414
4933,-10.855,-25.703,0.0,-7.233
4934,-13.304,-24.318,0.0,-8.248
4935,-12.616,-21.126,0.0,-10.004
4936,-11.558,-15.162,0.0,-10.156
4937,-10.646,-14.256,0.0,-8.519
4938,-9.305,-12.709,0.0,-8.445
4939,-7.187,-10.314,0.0,-6.466
4940,-4.149,-6.823,0.0,-4.575
4941,-1.493,-4.161,0.0,-2.978
4942,0.0,0.0,0.0,-1.181
4943,0.0,0.0,0.0,-0.409
4944,0.0,0.0,0.0,-0.319
4945,0.137,0.0,0.0,0.0
4946,0.533,0.0,0.0,0.0
4947,0.12,0.0,0.0,0.0
4948,0.0,0.0,0.0,-0.468
4949,0.585,0.0,0.0,0.0
4950,0.0,0.0,0.0,0.0
4951,0.0,0.0,0.0,-1.128
4952,-1.562,-3.364,0.0,-3.419
4953,-17.728,-26.165,0.0,-5.348
4954,-16.865,-30.183,0.0,-6.245
4955,-12.436,-23.791,0.0,-6.211
4956,-13.035,-33.92,0.0,-7.663
4957,-13.915,-32.888,0.0,-8.689
4958,-11.947,-18.401,0.0,-6.77
4959,-12.848,-18.681,0.0,-7.753
4960,0.0,0.0,0.0,-2.341
4961,0.041,0.0,0.0,0.0
4962,0.0,0.0,0.0,-0.894
4963,0.0,0.0,0.0,-0.718
4964,0.0,0.0,0.0,-0.204
4965,0.0,0.0,0.0,-0.191
4966,0.0,0.0,0.0,0.0
4967,0.008,0.0,0.0,0.0
4968,0.854,0.0,0.0,0.0
4969,0.866,0.0,0.0,0.0
4970,1.298,0.0,0.0,0.0
4971,1.52,0.0,0.0,0.0
4972,1.108,0.0,0.0,0.0
4973,1.325,0.0,0.0,0.0
4974,0.0,0.0,0.0,0.0
4975,0.0,0.0,0.0,-0.005
4976,-11.046,-27.725,0.0,-3.419
4977,-3.958,-11.987,0.0,-4.162
4978,-12.054,-25.441,0.0,-5.474
4979,-13.178,-34.142,0.0,-6.481
4980,-11.426,-37.535,0.0,-7.664
4981,-11.574,-32.832,0.0,-8.404
4982,-13.204,-28.531,0.0,-9.442
4983,-12.179,-20.081,0.0,-9.259
4984,-11.905,-15.566,0.0,-10.045
4985,-9.867,-13.472,0.0,-8.166
4986,-8.165,-11.638,0.0,-6.279
4987,-6.07,-9.175,0.0,-6.368
4988,-3.492,-6.214,0.0,-4.324
4989,0.0,-2.267,0.0,-2.806
4990,0.0,0.0,0.0,-2.405
4991,0.0,0.0,0.0,-1.707
4992,0.0,0.0,0.0,-1.277
4993,0.0,0.0,0.0,-1.443
4994,0.0,0.0,0.0,-1.354
4995,0.0,0.0,0.0,-1.265
4996,0.0,0.0,0.0,-1.261
4997,0.0,0.0,0.0,-0.746
4998,0.0,0.0,0.0,-0.882
4999,0.0,0.0,0.0,-1.332
5000,0.0,0.0,0.0,-2.201
5001,0.0,0.0,0.0,-2.288
5002,-0.544,-4.61,0.0,-3.97
5003,-8.718,-22.247,0.0,-5.649
5004,-9.513,-25.456,0.0,-6.309
5005,-10.987,-19.902,0.0,-6.545
5006,-12.336,-23.606,0.0,-8.076
5007,-11.614,-18.596,0.0,-8.301
5008,-11.27,-15.039,0.0,-8.675
5009,-10.375,-14.076,3.459,-7.819
5010,-6.878,-10.232,-0.476,-4.821
5011,-4.715,-7.805,0.0,-4.069
5012,-2.494,-5.324,0.0,-3.456
5013,0.0,-2.271,0.0,-2.811
5014,0.0,-0.354,0.0,-2.496
5015,0.0,0.0,0.0,-2.305
5016,0.0,0.0,0.0,-2.216
5017,0.0,0.0,0.0,-1.957
5018,0.0,0.0,0.0,-1.783
5019,0.0,0.0,0.0,-0.841
5020,0.0,0.0,0.0,0.0
5021,0.432,0.0,0.0,0.0
5022,0.0,0.0,0.0,-0.803
5023,-3.865,-1.22,0.0,-2.327
5024,-2.062,-7.061,0.0,-3.494
5025,-3.189,-9.478,0.0,-3.981
5026,-1.427,-8.142,0.0,-4.114
5027,0.0,-4.884,0.0,-3.576
5028,0.0,-1.404,0.0,-2.826
5029,0.0,-4.442,0.0,-3.712
5030,-3.307,-14.191,0.0,-6.179
5031,-6.847,-14.349,0.0,-7.374
5032,-7.881,-11.429,0.0,-7.908
5033,-7.097,-10.474,0.0,-8.313
5034,-3.065,-7.17,0.0,-5.965
5035,0.0,-1.748,0.0,-4.35
5036,0.0,0.0,0.0,-1.734
5037,0.0,0.0,0.0,-0.093
5038,0.763,0.0,0.0,0.0
5039,2.544,0.0,0.0,0.0
5040,3.413,0.0,0.0,0.0
5041,3.438,0.0,0.0,0.0
5042,4.093,0.0,0.0,0.0
5043,3.058,0.0,0.0,0.0
5044,2.751,0.0,0.0,0.0
5045,2.23,0.0,0.0,0.0
5046,1.068,0.0,0.0,0.0
5047,-2.572,0.0,0.0,-0.538
5048,0.0,0.0,0.0,-1.519
5049,0.0,-4.206,0.0,-3.177
5050,-0.211,-6.772,0.0,-3.888
5051,-3.569,-9.297,0.0,-4.349
5052,-10.551,-32.006,0.0,-6.973
5053,-10.828,-22.331,0.0,-6.77
5054,-11.643,-26.032,0.0,-8.71
5055,-10.974,-18.189,0.0,-8.252
5056,-10.644,-14.364,0.0,-8.106
5057,-9.349,-12.961,0.0,-6.915
5058,-8.089,-11.461,0.0,-7.617
5059,-6.06,-9.151,0.0,-6.002
5060,-1.329,-4.395,0.0,-3.51
5061,0.0,-0.159,0.0,-2.455
5062,0.0,0.0,0.0,-2.031
5063,0.0,0.0,0.0,-1.602
5064,0.0,0.0,0.0,-1.002
5065,0.0,0.0,0.0,-0.571
5066,0.0,0.0,0.0,0.0
5067,0.229,0.0,0.0,0.0
5068,1.064,0.0,0.0,0.0
5069,1.5,0.0,0.0,0.0
5070,0.0,0.0,0.0,0.0
5071,-7.496,0.0,0.0,-1.36
5072,-9.731,-14.987,0.0,-3.863
5073,-19.238,-29.109,0.0,-5.323
5074,-18.476,-35.145,0.0,-6.4
5075,-16.152,-38.781,0.0,-7.356
5076,-13.354,-39.548,0.0,-8.193
5077,-12.758,-25.182,0.0,-7.466
5078,-13.161,-22.12,0.0,-7.688
5079,-13.5,-21.94,0.0,-9.826
5080,-13.699,-17.534,2.366,-10.106
5081,-12.352,-16.07,-3.191,-9.564
5082,-10.432,-13.955,-2.397,-8.752
5083,-7.617,-10.839,-1.067,-6.639
5084,-2.192,-5.018,0.0,-3.948
5085,0.0,0.0,0.0,-2.422
5086,0.0,0.0,0.0,-1.714
5087,0.0,0.0,0.0,-0.513
5088,0.0,0.0,0.0,-0.507
5089,0.038,0.0,0.0,0.0
5090,0.003,0.0,0.0,0.0
5091,0.855,0.0,0.0,0.0
5092,1.078,0.0,0.0,0.0
5093,2.251,0.0,0.0,0.0
5094,3.207,0.0,0.0,0.0
5095,0.0,0.0,0.0,0.0
5096,0.0,0.0,0.0,0.0
5097,0.0,-9.162,0.0,-1.023
5098,0.0,-1.263,0.0,-1.063
5099,0.0,-8.893,0.0,-2.256
5100,0.0,-21.844,0.0,-4.373
5101,0.0,-10.018,0.0,-3.849
5102,0.0,-11.599,0.0,-5.079
5103,0.0,-7.856,0.0,-6.181
5104,0.0,-5.827,0.0,-8.484
5105,0.0,-2.892,0.0,-7.595
5106,0.0,-0.541,0.0,-5.435
5107,0.0,0.0,0.0,-4.178
5108,0.0,0.0,0.0,-0.7
5109,1.057,0.0,0.0,0.0
5110,3.498,0.0,0.0,0.0
5111,4.056,0.0,0.0,0.0
5112,4.612,0.0,0.0,0.0
5113,4.745,0.0,0.0,0.0
5114,6.247,0.0,0.0,0.0
5115,6.805,0.0,0.0,0.0
5116,6.304,2.65,0.0,0.0
5117,6.834,3.417,0.0,0.0
5118,5.198,1.928,0.0,0.0
5119,0.0,0.0,0.0,0.0
5120,0.0,0.0,0.0,0.0
5121,0.0,-5.869,0.0,-0.432
5122,0.0,-3.973,0.0,-1.448
5123,0.0,-14.114,0.0,-3.662
5124,-5.101,-20.74,0.0,-5.673
5125,-10.424,-28.473,0.0,-7.471
5126,-11.055,-27.087,0.0,-8.959
5127,-9.5,-13.473,0.0,-5.569
5128,-11.121,-14.733,0.0,-9.085
5129,-8.897,-12.434,0.0,-6.336
5130,-8.194,-11.574,0.0,-5.96
5131,-4.846,-7.875,0.0,-4.363
5132,-2.913,-5.473,0.0,-4.209
5133,0.0,-0.372,0.0,-2.44
5134,0.0,0.0,0.0,-0.794
5135,0.0,0.0,0.0,-0.536
5136,0.0,0.0,0.0,0.0
5137,0.0,0.0,0.0,-0.102
5138,0.0,0.0,0.0,0.0
5139,0.434,0.0,0.0,0.0
5140,0.0,0.0,0.0,0.0
5141,0.0,0.0,0.0,0.0
5142,0.0,0.0,0.0,0.0
5143,0.0,0.0,0.0,0.0
5144,0.0,0.0,0.0,0.0
5145,0.0,0.0,0.0,0.0
5146,0.0,0.0,0.0,0.0
5147,0.0,0.0,0.0,0.0
5148,0.0,0.0,0.0,-2.15
5149,0.0,-7.245,0.0,-4.042
5150,-1.031,-12.612,0.0,-5.772
5151,-4.509,-14.267,0.0,-8.18
5152,0.0,-4.747,0.0,-4.695
5153,0.0,-3.797,0.0,-4.793
5154,0.0,-2.551,0.0,-6.67
5155,0.0,0.0,0.0,-4.311
5156,0.0,0.0,0.0,-1.515
5157,1.665,0.0,0.0,0.0
5158,4.024,0.0,0.0,0.0
5159,5.22,0.0,0.0,0.0
5160,3.671,0.0,0.0,0.0
5161,2.845,0.0,0.0,0.0
5162,2.432,0.0,0.0,0.0
5163,1.697,0.0,0.0,0.0
5164,2.33,0.0,0.0,0.0
5165,2.65,0.0,0.0,0.0
5166,2.972,0.0,0.0,0.0
5167,2.535,0.0,0.0,0.0
5168,0.0,0.0,0.0,0.0
5169,0.0,0.0,0.0,0.0
5170,0.0,0.0,0.0,0.0
5171,0.0,-3.423,0.0,-0.985
5172,0.0,-5.657,0.0,-2.807
5173,0.0,-12.219,0.0,-4.024
5174,0.0,-16.524,0.0,-6.622
5175,0.0,-9.769,0.0,-7.152
5176,0.0,-3.2,0.0,-4.829
5177,0.0,-1.505,0.0,-6.902
5178,0.0,0.0,0.0,-5.05
5179,0.0,0.0,0.0,-3.729
5180,0.0,0.0,0.0,-0.001
5181,2.368,0.0,0.0,0.0
5182,6.043,0.0,0.0,0.0
5183,7.568,0.0,0.0,0.0
5184,5.081,0.0,0.0,0.0
5185,5.209,0.0,0.0,0.0
5186,4.805,0.0,0.0,0.0
5187,4.289,0.0,0.0,0.0
5188,4.191,0.408,0.0,0.0
5189,4.193,0.678,0.0,0.0
5190,4.721,1.237,0.0,0.0
5191,3.641,0.0,0.0,0.0
5192,3.001,0.0,0.0,0.0
5193,0.0,0.0,0.0,0.0
5194,0.0,0.0,0.0,-0.19
5195,0.0,-18.899,0.0,-3.215
5196,0.0,-1.462,0.0,-1.276
5197,0.0,-13.517,0.0,-3.898
5198,0.0,-6.335,0.0,-3.52
5199,0.0,0.0,0.0,-2.149
5200,0.0,0.0,0.0,-2.982
5201,0.0,0.0,0.0,-2.434
5202,0.0,0.0,0.0,-5.176
5203,0.0,0.0,0.0,-2.258
5204,0.432,0.0,0.0,0.0
5205,4.88,0.0,0.0,0.0
5206,6.813,0.0,0.0,0.0
5207,7.704,0.0,0.0,0.0
5208,8.171,0.351,0.0,0.0
5209,7.257,3.911,0.0,0.0
5210,6.517,3.139,0.0,0.0
5211,6.728,3.366,0.0,0.0
5212,7.679,4.37,0.0,0.0
5213,8.208,4.931,0.0,0.0
5214,7.011,3.976,0.0,0.0
5215,0.0,0.0,0.0,0.0
5216,0.0,0.0,0.0,0.0
5217,0.0,0.0,0.0,0.0
5218,0.0,0.0,0.0,-1.181
5219,0.0,-7.116,0.0,-2.828
5220,0.0,-15.886,0.0,-4.617
5221,0.0,-2.546,0.0,-2.649
5222,0.0,-6.769,0.0,-3.954
5223,0.0,-3.43,0.0,-3.537
5224,0.0,0.0,0.0,-1.807
5225,0.0,0.0,0.0,-0.229
5226,0.0,0.0,0.0,0.0
5227,0.0,0.0,0.0,0.0
5228,0.0,0.0,0.0,0.0
5229,0.0,0.0,0.0,0.0
5230,0.0,0.0,0.0,0.0
5231,0.0,0.0,0.0,0.0
5232,0.335,0.0,0.0,0.0
5233,1.396,0.0,0.0,0.0
5234,1.093,0.0,0.0,0.0
5235,1.102,0.0,0.0,0.0
5236,1.215,0.0,0.0,0.0
5237,1.539,0.0,0.0,0.0
5238,2.075,0.0,0.0,0.0
5239,0.403,0.0,0.0,0.0
5240,0.0,0.0,0.0,0.0
5241,0.0,0.0,0.0,0.0
5242,0.0,0.0,0.0,-0.614
5243,0.0,0.0,0.0,-1.406
5244,0.0,0.0,0.0,-1.483
5245,-1.47,-20.349,0.0,-6.411
5246,0.0,-16.226,0.0,-6.475
5247,0.0,-2.836,0.0,-3.318
5248,0.0,0.0,0.0,-0.787
5249,0.0,0.0,0.0,0.0
5250,0.0,0.0,0.0,0.0
5251,0.0,0.0,0.0,0.0
5252,0.667,0.0,0.0,0.0
5253,0.859,0.0,0.0,0.0
5254,0.659,0.0,0.0,0.0
5255,0.561,0.0,0.0,0.0
5256,0.672,0.0,0.0,0.0
5257,3.742,0.0,0.0,0.0
5258,3.662,0.0,0.0,0.0
5259,4.528,0.0,0.0,0.0
5260,4.762,0.0,0.0,0.0
5261,4.36,0.0,0.0,0.0
5262,4.224,0.0,0.0,0.0
5263,0.0,0.0,0.0,0.0
5264,0.0,0.0,0.0,0.0
5265,0.0,0.0,0.0,0.0
5266,0.0,0.0,0.0,0.0
5267,0.0,0.0,0.0,-0.811
5268,0.0,-4.513,0.0,-2.537
5269,2.925,0.0,0.0,0.0
5270,1.01,0.0,0.0,0.0
5271,0.0,0.0,0.0,0.0
5272,0.0,0.0,0.0,0.0
5273,0.0,0.0,0.0,-3.048
5274,0.0,0.0,0.0,-3.793
5275,0.0,0.0,0.0,-2.215
5276,0.19,0.0,0.0,0.0
5277,2.862,0.0,0.0,0.0
5278,3.311,0.0,0.0,0.0
5279,3.652,0.0,0.0,0.0
5280,4.098,0.0,0.0,0.0
5281,4.33,0.0,0.0,0.0
5282,4.561,0.0,0.0,0.0
5283,4.684,0.0,0.0,0.0
5284,5.016,0.0,0.0,0.0
5285,5.242,0.882,0.0,0.0
5286,5.038,1.606,0.0,0.0
5287,4.238,0.656,0.0,0.0
5288,3.992,0.29,0.0,0.0
5289,2.568,0.0,0.0,0.0
5290,0.0,-1.913,0.0,-0.44
5291,0.0,0.0,0.0,0.0
5292,0.0,-5.729,0.0,-1.789
5293,0.0,-9.074,0.0,-2.676
5294,0.0,0.0,0.0,-1.364
5295,0.0,-4.538,0.0,-5.012
5296,0.0,0.0,0.0,0.0
5297,2.036,0.0,0.0,0.0
5298,0.0,0.0,0.0,0.0
5299,0.0,0.0,0.0,0.0
5300,3.781,0.0,0.0,0.0
5301,4.801,0.0,0.0,0.0
5302,5.679,0.0,0.0,0.0
5303,7.086,0.0,0.0,0.0
5304,7.546,0.799,0.0,0.0
5305,7.362,4.057,0.0,0.0
5306,6.834,3.506,0.0,0.0
5307,6.411,3.066,0.0,0.0
5308,6.306,2.959,0.0,0.0
5309,6.094,2.74,0.0,0.0
5310,6.517,3.187,0.0,0.0
5311,1.602,0.0,0.522,0.0
5312,0.0,0.0,0.817,0.0
5313,0.799,0.0,0.75,0.0
5314,0.0,0.0,0.0,0.0
5315,0.0,-13.024,0.0,-0.919
5316,0.0,0.0,0.0,0.0
5317,0.0,0.0,0.0,-0.903
5318,0.0,0.0,0.0,0.0
5319,0.0,0.0,0.0,-0.53
5320,0.0,0.0,0.0,-1.568
5321,0.0,0.0,0.0,-0.325
5322,0.0,0.0,0.0,-2.454
5323,0.214,0.0,0.0,-0.01
5324,2.603,0.0,0.0,0.0
5325,3.945,0.0,0.0,0.0
5326,5.024,0.0,0.0,0.0
5327,6.43,0.0,0.0,0.0
5328,7.523,0.0,0.0,0.0
5329,8.828,4.002,0.0,0.0
5330,9.37,6.181,0.0,0.0
5331,8.63,5.41,1.416,0.0
5332,9.264,6.078,2.919,0.0
5333,9.792,6.633,3.159,0.0
5334,10.269,7.153,3.431,0.0
5335,0.0,0.0,1.554,0.0
5336,0.0,0.0,0.0,0.0
5337,0.0,-6.912,0.0,0.0
5338,0.0,-21.281,0.0,-2.745
5339,0.0,-15.017,0.0,-2.728
5340,0.0,-0.536,0.0,-1.639
5341,0.0,-3.98,0.0,-3.117
5342,0.0,-5.463,0.0,-3.229
5343,0.0,-11.25,0.0,-7.772
5344,0.0,0.0,0.0,-6.252
5345,0.0,0.0,0.0,-4.803
5346,0.0,0.0,0.0,-5.545
5347,0.0,0.0,0.0,-0.976
5348,0.306,0.0,0.0,0.0
5349,1.912,0.0,0.0,0.0
5350,1.825,0.0,0.0,0.0
5351,2.369,0.0,0.0,0.0
5352,2.491,0.0,0.0,0.0
5353,3.139,0.0,0.0,0.0
5354,3.578,0.0,0.0,0.0
5355,3.277,0.0,0.0,0.0
5356,3.817,0.0,0.0,0.0
5357,4.252,0.0,0.0,0.0
5358,3.949,0.0,0.0,0.0
5359,2.628,0.0,0.0,0.0
5360,0.932,0.0,0.0,0.0
5361,0.438,0.0,0.0,0.0
5362,0.0,0.0,0.0,0.0
5363,0.0,0.0,0.0,0.0
5364,0.0,0.0,0.0,0.0
5365,0.0,0.0,0.0,0.0
5366,0.0,0.0,0.0,0.0
5367,0.0,0.0,0.0,0.0
5368,0.0,0.0,0.0,0.0
5369,0.0,0.0,0.0,-1.073
5370,0.0,0.0,0.0,0.0
5371,0.0,0.0,0.0,0.0
5372,0.0,0.0,0.0,0.0
5373,1.593,0.0,0.0,0.0
5374,2.667,0.0,0.0,0.0
5375,2.266,0.0,0.0,0.0
5376,1.542,0.0,0.0,0.0
5377,1.549,0.0,0.0,0.0
5378,1.767,0.0,0.0,0.0
5379,1.668,0.0,0.0,0.0
5380,1.461,0.0,0.0,0.0
5381,1.252,0.0,0.0,0.0
5382,1.041,0.0,0.0,0.0
5383,1.146,0.0,0.0,0.0
5384,0.202,0.0,0.0,0.0
5385,0.0,0.0,0.0,0.0
5386,0.0,0.0,0.0,0.0
5387,0.0,0.0,0.0,0.0
5388,0.0,0.0,0.0,0.0
5389,0.0,0.0,0.0,-1.255
5390,0.0,0.0,0.0,-0.18
5391,0.0,0.0,0.0,-1.061
5392,0.0,0.0,0.0,-0.735
5393,0.0,0.0,0.0,-2.321
5394,0.0,0.0,0.0,-1.766
5395,0.0,0.0,0.0,-1.483
5396,0.0,0.0,0.0,-0.533
5397,0.0,0.0,0.0,-0.156
5398,0.0,0.0,0.0,0.0
5399,0.0,0.0,0.0,0.0
5400,0.0,0.0,0.0,0.0
5401,0.0,0.0,0.0,0.0
5402,1.605,0.0,0.0,0.0
5403,2.672,0.0,0.0,0.0
5404,3.116,0.0,0.0,0.0
5405,4.404,0.0,0.0,0.0
5406,4.008,0.0,0.0,0.0
5407,0.0,0.0,0.0,0.0
5408,0.0,0.0,0.0,-0.028
5409,-0.43,-12.012,0.0,-2.5
5410,-6.517,-26.426,0.0,-4.621
5411,-9.29,-34.526,0.0,-5.951
5412,-10.307,-37.996,0.0,-7.272
5413,-10.955,-33.959,0.0,-8.265
5414,-11.874,-29.109,0.0,-9.252
5415,-12.378,-22.563,0.0,-10.172
5416,-11.614,-15.147,0.0,-10.183
5417,-10.698,-14.124,0.0,-9.95
5418,-8.562,-11.817,0.0,-8.588
5419,-6.581,-9.637,0.0,-6.786
5420,0.0,-3.015,0.0,-3.225
5421,0.0,0.0,0.0,-1.128
5422,0.0,0.0,0.0,-1.382
5423,0.0,0.0,0.0,-0.612
5424,0.0,0.0,0.0,-0.439
5425,0.0,0.0,0.0,0.0
5426,0.0,0.0,0.0,0.0
5427,0.021,0.0,0.0,0.0
5428,0.0,0.0,0.0,0.0
5429,0.97,0.0,0.0,0.0
5430,0.872,0.0,0.0,0.0
5431,-1.799,0.0,0.0,-1.216
5432,-7.657,-10.763,0.0,-3.668
5433,-16.373,-26.237,0.0,-5.155
5434,-17.621,-35.274,0.0,-6.315
5435,-16.0,-40.59,0.0,-7.422
5436,-14.174,-40.769,0.0,-8.334
5437,-15.409,-37.582,0.0,-9.382
5438,-15.611,-30.11,0.0,-9.541
5439,-15.822,-25.872,0.0,-10.889
5440,-13.929,-17.786,0.0,-9.336
5441,-14.138,-17.896,-1.348,-10.306
5442,-11.275,-14.828,-2.676,-8.594
5443,-5.81,-8.875,-0.448,-4.322
5444,-2.747,-5.533,0.0,-3.595
5445,-2.323,-5.054,0.0,-3.257
5446,0.0,0.0,0.0,-1.92
5447,0.0,0.0,0.0,-0.685
5448,0.0,0.0,0.0,-0.936
5449,0.0,0.0,0.0,-1.017
5450,0.0,0.0,0.0,-0.671
5451,0.0,0.0,0.0,-2.032
5452,0.0,0.0,0.0,-2.372
5453,0.0,0.0,0.0,-1.856
5454,0.0,0.0,0.0,-1.256
5455,0.0,0.0,0.0,0.0
5456,-1.407,-4.658,0.0,-2.08
5457,0.0,-6.508,0.0,-3.023
5458,0.0,0.0,0.0,-1.572
5459,-2.385,-5.439,0.0,-3.922
5460,0.0,-0.957,0.0,-2.563
5461,0.0,-6.952,0.0,-3.761
5462,-2.608,-16.654,0.0,-6.645
5463,-2.803,-12.448,0.0,-7.158
5464,0.0,-4.74,0.0,-7.154
5465,0.0,-1.916,0.0,-7.109
5466,0.0,-0.62,0.0,-6.541
5467,0.0,0.0,0.0,-3.752
5468,0.0,0.0,0.0,0.0
5469,2.023,0.0,0.0,0.0
5470,4.35,0.0,0.0,0.0
5471,6.391,0.0,0.0,0.0
5472,6.645,0.0,0.0,0.0
5473,5.519,0.0,0.0,0.0
5474,5.647,0.0,0.0,0.0
5475,7.462,3.31,0.0,0.0
5476,7.679,4.293,0.0,0.0
5477,7.891,4.523,0.0,0.0
5478,7.362,3.976,0.0,0.0
5479,0.0,0.0,0.0,0.0
5480,0.0,0.0,0.0,0.0
5481,0.0,-8.038,0.0,-0.865
5482,0.0,-24.579,0.0,-3.042
5483,0.0,-19.786,0.0,-3.813
5484,0.0,-29.91,0.0,-5.747
5485,-0.915,-23.135,0.0,-6.422
5486,-3.996,-19.51,0.0,-7.136
5487,-4.23,-15.289,0.0,-8.476
5488,-0.611,-6.032,0.0,-4.866
5489,-5.178,-8.726,0.0,-8.607
5490,0.0,-3.736,0.0,-7.041
5491,0.0,0.0,0.0,-4.765
5492,0.0,0.0,0.0,-0.559
5493,0.459,0.0,0.0,0.0
5494,1.482,0.0,0.0,0.0
5495,2.345,0.0,0.0,0.0
5496,2.999,0.0,0.0,0.0
5497,3.548,0.0,0.0,0.0
5498,2.935,0.0,0.0,0.0
5499,2.843,0.0,0.0,0.0
5500,3.17,0.0,0.0,0.0
5501,3.18,0.0,0.0,0.0
5502,2.343,0.0,0.0,0.0
5503,2.145,0.0,0.0,0.0
5504,1.216,0.0,0.0,0.0
5505,0.0,0.0,0.0,0.0
5506,0.0,0.0,0.0,0.0
5507,-1.087,-11.748,0.0,-3.425
5508,-1.421,-18.258,0.0,-5.258
5509,-2.26,-24.825,0.0,-6.751
5510,-6.811,-23.184,0.0,-7.797
5511,-8.343,-18.115,0.0,-8.728
5512,-7.515,-10.848,0.0,-8.895
5513,-6.719,-10.024,0.0,-7.571
5514,-5.577,-8.732,0.0,-6.621
5515,-0.927,-4.508,0.0,-3.795
5516,0.0,-0.27,0.0,-2.772
5517,0.0,0.0,0.0,-2.254
5518,0.0,0.0,0.0,-1.713
5519,0.0,0.0,0.0,-0.859
5520,0.0,0.0,0.0,0.0
5521,1.496,0.0,0.0,0.0
5522,0.756,0.0,0.0,0.0
5523,0.0,0.0,0.0,-0.077
5524,0.0,0.0,0.0,0.0
5525,0.0,0.0,0.0,0.0
5526,0.461,0.0,0.0,0.0
5527,0.0,0.0,0.0,0.0
5528,0.0,0.0,0.0,-0.938
5529,0.0,0.0,0.0,-1.886
5530,0.0,-13.803,0.0,-3.456
5531,-1.118,-17.098,0.0,-4.591
5532,0.0,-4.728,0.0,-3.357
5533,-0.755,-15.139,0.0,-5.394
5534,0.0,-7.501,0.0,-4.462
5535,-5.639,-14.704,0.0,-7.489
5536,-5.198,-9.353,0.0,-7.235
5537,0.0,-1.97,0.0,-4.527
5538,0.0,-2.903,0.0,-6.999
5539,0.0,-0.56,0.0,-4.222
5540,0.0,0.0,0.0,-1.29
5541,0.789,0.0,0.0,0.0
5542,0.841,0.0,0.0,0.0
5543,0.961,0.0,0.0,0.0
5544,1.713,0.0,0.0,0.0
5545,1.94,0.0,0.0,0.0
5546,2.588,0.0,0.0,0.0
5547,1.864,0.0,0.0,0.0
5548,2.823,0.0,0.0,0.0
5549,3.47,0.0,0.0,0.0
5550,3.486,0.0,0.0,0.0
5551,2.462,0.0,0.0,0.0
5552,1.314,0.0,0.0,0.0
5553,0.0,0.0,0.0,0.0
5554,-4.739,-18.574,0.0,-2.966
5555,0.0,-4.026,0.0,-2.587
5556,-0.666,-24.316,0.0,-5.544
5557,0.0,-12.986,0.0,-4.608
5558,-4.529,-16.642,0.0,-6.355
5559,-0.629,-7.381,0.0,-4.807
5560,0.0,-4.512,0.0,-4.538
5561,0.0,-2.813,0.0,-6.411
5562,0.0,-0.666,0.0,-6.294
5563,0.0,0.0,0.0,-2.946
5564,1.862,0.0,0.0,0.0
5565,3.907,0.0,0.0,0.0
5566,3.626,0.0,0.0,0.0
5567,5.554,0.0,0.0,0.0
5568,7.174,0.0,0.0,0.0
5569,6.898,0.0,0.0,0.0
5570,6.929,2.175,0.0,0.0
5571,8.736,5.438,0.0,0.0
5572,8.102,4.78,0.0,0.0
5573,9.687,6.452,0.0,0.0
5574,9.053,5.794,0.0,0.0
5575,0.0,0.0,0.0,0.0
5576,0.0,0.0,0.0,0.0
5577,0.0,-7.906,0.0,-0.121
5578,-3.933,-25.172,0.0,-4.072
5579,-3.803,-31.414,0.0,-5.442
5580,-3.172,-27.938,0.0,-5.953
5581,-6.22,-25.198,0.0,-6.68
5582,-7.872,-22.29,0.0,-7.399
5583,-8.626,-15.943,0.0,-7.157
5584,-7.877,-11.347,0.0,-7.249
5585,-6.752,-10.081,0.0,-6.726
5586,-4.167,-7.376,0.0,-4.723
5587,0.0,0.0,0.0,-2.737
5588,0.0,0.0,0.0,-1.01
5589,0.0,0.0,0.0,-0.149
5590,0.556,0.0,0.0,0.0
5591,0.642,0.0,0.0,0.0
5592,1.181,0.0,0.0,0.0
5593,2.672,0.0,0.0,0.0
5594,3.327,0.0,0.0,0.0
5595,3.56,0.0,0.0,0.0
5596,3.896,0.0,0.0,0.0
5597,3.808,0.0,0.0,0.0
5598,3.717,0.0,0.0,0.0
5599,1.269,0.0,0.0,0.0
5600,0.0,0.0,0.0,-0.76
5601,-6.283,-30.363,0.0,-3.89
5602,-6.345,-20.243,0.0,-4.689
5603,-10.643,-33.455,0.0,-5.897
5604,-9.75,-35.643,0.0,-6.985
5605,-11.214,-27.954,0.0,-7.4
5606,-12.115,-29.67,0.0,-9.252
5607,-11.926,-21.31,0.0,-9.251
5608,-10.383,-14.031,0.0,-7.565
5609,-6.464,-9.773,0.0,-4.971
5610,-2.034,-5.97,0.0,-4.718
5611,0.0,-1.887,0.0,-3.152
5612,0.0,0.0,0.0,-1.909
5613,0.0,0.0,0.0,-1.729
5614,0.0,0.0,0.0,-1.301
5615,0.0,0.0,0.0,-0.958
5616,0.0,0.0,0.0,-0.358
5617,0.0,0.0,0.0,-0.441
5618,0.0,0.0,0.0,0.0
5619,0.533,0.0,0.0,0.0
5620,0.436,0.0,0.0,0.0
5621,0.233,0.0,0.0,0.0
5622,0.449,0.0,0.0,0.0
5623,0.0,0.0,0.0,0.0
5624,0.0,0.0,0.0,-1.511
5625,-4.064,-12.042,0.0,-3.907
5626,-9.882,-24.341,0.0,-5.047
5627,-11.227,-32.189,0.0,-6.088
5628,-10.789,-29.821,0.0,-6.777
5629,-11.875,-26.461,0.0,-7.336
5630,-12.62,-23.621,0.0,-7.825
5631,-12.951,-22.326,0.0,-9.498
5632,-11.044,-14.778,0.0,-7.511
5633,-9.243,-12.77,0.0,-6.352
5634,-5.036,-8.084,0.0,-4.062
5635,-0.949,-3.886,0.0,-2.987
5636,0.0,-0.579,0.0,-2.491
5637,0.0,0.0,0.0,-2.285
5638,0.0,0.0,0.0,-1.515
5639,0.0,0.0,0.0,-1.17
5640,0.0,0.0,0.0,-0.399
5641,0.0,0.0,0.0,0.0
5642,0.0,0.0,0.0,-0.304
5643,0.0,0.0,0.0,-0.215
5644,0.0,0.0,0.0,0.0
5645,0.429,0.0,0.0,0.0
5646,0.436,0.0,0.0,0.0
5647,0.0,0.0,0.0,0.0
5648,0.0,0.0,0.0,-1.721
5649,-2.492,-4.189,0.0,-3.693
5650,-10.26,-19.425,0.0,-5.135
5651,-13.44,-36.29,0.0,-6.769
5652,-12.86,-39.756,0.0,-7.977
5653,-13.477,-36.567,0.0,-8.927
5654,-14.383,-32.421,0.0,-10.01
5655,-13.868,-24.155,0.0,-10.252
5656,-12.6,-16.296,1.356,-10.454
5657,-11.478,-15.071,-2.94,-9.79
5658,-9.489,-12.898,-2.023,-8.487
5659,-5.294,-8.376,-0.24,-6.142
5660,0.0,0.0,0.0,-2.271
5661,0.0,0.0,0.0,-0.446
5662,0.0,0.0,0.0,0.0
5663,0.427,0.0,0.0,0.0
5664,0.963,0.0,0.0,0.0
5665,0.869,0.0,0.0,0.0
5666,0.667,0.0,0.0,0.0
5667,1.201,0.0,0.0,0.0
5668,0.787,0.0,0.0,0.0
5669,1.636,0.0,0.0,0.0
5670,2.596,0.0,0.0,0.0
5671,0.0,0.0,0.0,0.0
5672,-1.959,-7.798,0.0,-3.22
5673,-12.925,-21.989,0.0,-4.785
5674,-15.832,-32.038,0.0,-6.173
5675,-15.299,-38.984,0.0,-7.314
5676,-14.728,-40.526,0.0,-8.413
5677,-15.24,-37.883,0.0,-9.347
5678,-15.721,-33.735,23.991,-10.354
5679,-15.105,-25.519,-4.544,-10.64
5680,-14.261,-18.059,-4.203,-10.789
5681,-12.918,-16.58,-3.564,-10.203
5682,-10.338,-13.806,-2.313,-8.372
5683,-6.055,-9.177,-0.493,-5.07
5684,-1.434,-4.139,0.0,-3.068
5685,0.0,-2.841,0.0,-2.812
5686,0.0,0.0,0.0,-2.384
5687,0.0,0.0,0.0,-0.939
5688,0.0,0.0,0.0,0.0
5689,0.0,0.0,0.0,-0.246
5690,0.0,0.0,0.0,0.0
5691,0.0,0.0,0.0,-0.32
5692,0.0,0.0,0.0,-0.742
5693,0.0,0.0,0.0,0.0
5694,0.0,0.0,0.0,0.0
5695,0.0,0.0,0.0,-0.253
5696,0.0,0.0,0.0,-2.043
5697,-0.492,-1.06,0.0,-3.335
5698,-14.249,-28.318,0.0,-5.912
5699,-9.811,-18.019,0.0,-5.528
5700,-12.697,-29.817,0.0,-7.189
5701,-14.683,-37.796,0.0,-9.252
5702,-14.096,-30.471,0.0,-9.529
5703,-13.177,-22.817,1.85,-9.681
5704,-9.597,-13.281,-1.366,-6.196
5705,-0.879,-4.04,0.0,-3.128
5706,0.0,0.0,0.0,-1.956
5707,0.0,0.0,0.0,-2.223
5708,0.0,0.0,0.0,-1.465
5709,0.0,0.0,0.0,-1.103
5710,0.0,0.0,0.0,-0.331
5711,0.0,0.0,0.0,0.0
5712,0.01,0.0,0.0,0.0
5713,0.114,0.0,0.0,0.0
5714,0.12,0.0,0.0,0.0
5715,0.126,0.0,0.0,0.0
5716,0.236,0.0,0.0,0.0
5717,0.874,0.0,0.0,0.0
5718,1.728,0.0,0.0,0.0
5719,0.0,0.0,0.0,0.0
5720,0.0,0.0,0.0,0.0
5721,0.0,-8.797,0.0,-0.665
5722,0.0,-24.926,0.0,-1.847
5723,0.0,-21.881,0.0,-2.983
5724,0.0,-25.133,0.0,-4.068
5725,0.0,-25.321,0.0,-5.857
5726,0.0,-10.736,0.0,-4.421
5727,0.0,-8.417,0.0,-6.567
5728,0.0,0.0,0.0,-5.888
5729,0.0,0.0,0.0,-4.422
5730,0.0,0.0,0.0,-2.217
5731,0.0,0.0,0.0,-0.923
5732,3.692,0.0,0.0,0.0
5733,4.152,0.0,0.0,0.0
5734,6.93,0.0,0.0,0.0
5735,7.502,0.0,0.0,0.0
5736,8.071,0.907,0.0,0.0
5737,8.947,5.632,0.0,0.0
5738,9.37,6.085,0.0,0.0
5739,10.849,7.648,0.0,0.0
5740,10.321,7.103,0.0,0.0
5741,10.955,7.778,0.0,0.0
5742,11.589,8.454,0.0,0.0
5743,0.0,0.0,0.0,0.0
5744,0.0,0.0,0.0,0.0
5745,0.0,-4.247,0.0,0.0
5746,0.0,-20.695,0.0,0.0
5747,0.0,-2.526,0.0,-0.376
5748,0.0,-6.317,0.0,-1.684
5749,0.0,-16.781,0.0,-3.939
5750,0.0,-7.523,0.0,-3.572
5751,0.0,-3.918,0.0,-4.337
5752,0.0,0.0,0.0,-6.778
5753,0.0,0.0,0.0,-4.322
5754,0.0,0.0,0.0,-4.419
5755,0.0,0.0,0.0,-0.811
5756,3.371,0.0,0.0,0.0
5757,6.37,0.0,0.0,0.0
5758,8.213,0.0,0.0,0.0
5759,8.159,0.0,0.0,0.0
5760,9.679,5.514,0.0,0.0
5761,9.792,6.583,0.0,0.0
5762,10.955,7.811,0.0,0.0
5763,10.638,7.486,0.0,0.0
5764,10.638,7.494,0.0,0.0
5765,10.955,7.834,0.0,0.0
5766,11.272,8.174,0.0,0.0
5767,0.0,0.0,0.0,0.0
5768,0.0,0.0,0.3,0.0
5769,0.0,0.0,0.0,0.0
5770,0.0,-15.881,0.0,0.0
5771,0.0,-23.877,0.0,-1.485
5772,0.0,-25.36,0.0,-3.474
5773,0.0,-22.012,0.0,-4.954
5774,0.0,-19.582,0.0,-6.812
5775,0.0,-7.722,0.0,-5.621
5776,0.0,-1.497,0.0,-4.647
5777,0.0,0.0,0.0,-4.219
5778,0.0,0.0,0.0,-2.139
5779,0.0,0.0,0.0,-0.181
5780,2.206,0.0,0.0,0.0
5781,4.247,0.0,0.0,0.0
5782,4.386,0.0,0.0,0.0
5783,4.521,0.0,0.0,0.0
5784,6.341,0.0,0.0,0.0
5785,6.796,0.0,0.0,0.0
5786,7.038,2.743,0.0,0.0
5787,7.257,3.94,0.0,0.0
5788,8.63,5.387,0.0,0.0
5789,8.313,5.06,0.0,0.0
5790,8.525,5.287,0.0,0.0
5791,0.0,0.0,0.0,0.0
5792,0.0,0.0,0.0,0.0
5793,0.0,-7.93,0.0,0.0
5794,0.0,-10.575,0.0,-0.938
5795,0.0,-11.973,0.0,-2.49
5796,0.0,-5.906,0.0,-2.593
5797,0.0,-0.589,0.0,-2.156
5798,0.0,0.0,0.0,-2.002
5799,0.0,0.0,0.0,-0.674
5800,0.0,0.0,0.0,-2.131
5801,0.0,0.0,0.0,-2.538
5802,0.0,0.0,0.0,0.0
5803,0.0,0.0,0.0,0.0
5804,1.607,0.0,0.0,0.0
5805,2.136,0.0,0.0,0.0
5806,2.683,0.0,0.0,0.0
5807,2.491,0.0,0.0,0.0
5808,2.611,0.0,0.0,0.0
5809,3.258,0.0,0.0,0.0
5810,4.646,0.0,0.0,0.0
5811,4.985,0.0,0.0,0.0
5812,5.005,0.0,0.0,0.0
5813,4.81,0.0,0.0,0.0
5814,4.716,0.726,0.0,0.0
5815,2.106,0.0,0.0,0.0
5816,0.0,0.0,0.0,0.0
5817,0.0,0.0,0.0,0.0
5818,0.0,0.0,0.0,0.0
5819,0.0,-0.274,0.0,-0.942
5820,0.0,-10.485,0.0,-2.554
5821,0.0,-1.333,0.0,-1.551
5822,0.0,0.0,0.0,-0.106
5823,0.0,0.0,0.0,0.0
5824,0.0,0.0,0.0,-0.831
5825,0.0,0.0,0.0,-0.311
5826,1.362,0.0,0.0,0.0
5827,2.734,0.0,0.0,0.0
5828,3.839,0.0,0.0,0.0
5829,5.135,0.0,0.0,0.0
5830,5.802,0.0,0.0,0.0
5831,6.044,0.0,0.0,0.0
5832,6.811,0.6,0.0,0.0
5833,8.419,5.17,0.0,0.0
5834,8.947,5.73,0.0,0.0
5835,9.475,6.29,0.0,0.0
5836,10.426,7.295,1.332,0.0
5837,11.377,8.298,3.847,0.0
5838,11.166,8.076,3.773,0.0
5839,0.0,0.0,2.878,0.0
5840,0.0,0.0,1.326,0.0
5841,0.0,-17.133,0.0,0.0
5842,0.0,0.0,0.0,0.0
5843,0.0,-0.524,0.0,0.0
5844,0.0,-18.018,0.0,-1.997
5845,0.0,-14.818,0.0,-2.429
5846,0.0,0.0,0.0,-1.077
5847,0.0,-1.953,0.0,-4.08
5848,0.0,0.0,0.0,-5.413
5849,0.0,0.0,0.0,-3.474
5850,0.0,0.0,0.0,-2.416
5851,1.56,0.0,0.0,0.0
5852,5.104,0.0,0.0,0.0
5853,7.559,0.0,0.0,0.0
5854,8.032,0.0,0.0,0.0
5855,9.133,2.837,0.0,0.0
5856,9.898,6.727,0.0,0.0
5857,10.743,7.621,0.0,0.0
5858,10.743,7.628,1.472,0.0
5859,11.483,8.409,3.905,0.0
5860,11.694,8.631,4.013,0.0
5861,11.694,8.631,4.028,0.0
5862,11.694,8.631,4.042,0.0
5863,0.0,0.0,2.859,0.0
5864,0.0,0.0,0.698,0.0
5865,0.0,0.0,0.0,0.0
5866,0.0,-17.026,0.0,0.0
5867,0.0,-27.4,0.0,-3.296
5868,0.0,-29.354,0.0,-5.602
5869,-2.181,-25.757,0.0,-6.626
5870,-5.626,-21.173,0.0,-7.095
5871,-5.766,-14.836,0.0,-7.153
5872,-7.502,-10.862,0.0,-6.746
5873,-6.041,-9.227,0.0,-6.023
5874,-3.229,-6.385,0.0,-5.685
5875,0.0,0.0,0.0,-3.101
5876,0.0,0.0,0.0,-0.392
5877,0.0,0.0,0.0,-0.608
5878,1.527,0.0,0.0,0.0
5879,2.761,0.0,0.0,0.0
5880,4.688,0.0,0.0,0.0
5881,5.461,0.0,0.0,0.0
5882,5.916,0.0,0.0,0.0
5883,6.897,0.0,0.0,0.0
5884,7.14,2.413,0.0,0.0
5885,6.834,3.478,0.0,0.0
5886,6.94,3.594,0.0,0.0
5887,0.0,0.0,0.0,0.0
5888,0.0,0.0,0.0,0.0
5889,-1.206,-15.521,0.0,-0.516
5890,-6.026,-24.024,0.0,-4.625
5891,-9.55,-32.773,0.0,-5.695
5892,-9.644,-35.59,0.0,-6.884
5893,-10.945,-27.733,0.0,-7.232
5894,-11.107,-28.791,0.0,-8.813
5895,-11.001,-20.679,0.0,-8.808
5896,-10.419,-13.84,0.0,-9.44
5897,-8.874,-12.144,0.0,-8.863
5898,-6.191,-9.251,0.0,-7.005
5899,-1.82,-4.653,0.0,-4.042
5900,0.0,0.0,0.0,-1.032
5901,0.0,0.0,0.0,-1.523
5902,0.0,0.0,0.0,-2.234
5903,0.0,0.0,0.0,-2.206
5904,0.0,0.0,0.0,-2.294
5905,0.0,0.0,0.0,-2.207
5906,0.0,0.0,0.0,0.0
5907,0.109,0.0,0.0,0.0
5908,0.111,0.0,0.0,0.0
5909,0.435,0.0,0.0,0.0
5910,0.972,0.0,0.0,0.0
5911,0.267,0.0,0.0,0.0
5912,0.0,0.0,0.0,0.0
5913,0.0,0.0,0.0,0.0
5914,0.0,0.0,0.0,0.0
5915,0.0,0.0,0.0,-1.56
5916,0.0,-4.648,0.0,-2.944
5917,0.0,-8.019,0.0,-3.721
5918,0.0,-7.797,0.0,-4.062
5919,0.0,-0.29,0.0,-2.402
5920,0.0,-1.554,0.0,-3.45
5921,0.0,0.0,0.0,-2.822
5922,0.0,0.0,0.0,-2.466
5923,0.0,0.0,0.0,0.0
5924,1.491,0.0,0.0,0.0
5925,2.445,0.0,0.0,0.0
5926,2.573,0.0,0.0,0.0
5927,2.486,0.0,0.0,0.0
5928,2.395,0.0,0.0,0.0
5929,4.203,0.0,0.0,0.0
5930,4.859,0.0,0.0,0.0
5931,5.621,0.0,0.0,0.0
5932,6.278,0.0,0.0,0.0
5933,6.725,2.937,0.0,0.0
5934,6.94,3.566,0.0,0.0
5935,3.816,0.228,0.0,0.0
5936,0.0,0.0,0.0,0.0
5937,2.843,0.0,0.0,0.0
5938,0.0,0.0,0.0,0.0
5939,0.0,-0.571,0.0,-0.097
5940,0.0,-4.304,0.0,-0.046
5941,0.0,-16.016,0.0,-3.182
5942,0.72,0.0,0.0,0.0
5943,0.0,0.0,0.0,-2.747
5944,0.0,0.0,0.0,-4.485
5945,0.0,0.0,0.0,-3.663
5946,0.0,0.0,0.0,0.0
5947,0.731,0.0,0.0,0.0
5948,2.544,0.0,0.0,0.0
5949,2.991,0.0,0.0,0.0
5950,3.013,0.0,0.0,0.0
5951,3.561,0.0,0.0,0.0
5952,3.686,0.0,0.0,0.0
5953,4.23,0.0,0.0,0.0
5954,4.565,0.0,0.0,0.0
5955,4.159,0.0,0.0,0.0
5956,4.592,0.0,0.0,0.0
5957,4.815,0.0,0.0,0.0
5958,5.038,1.564,0.0,0.0
5959,4.212,0.646,0.0,0.0
5960,0.0,0.0,0.0,0.0
5961,0.0,0.0,0.0,0.0
5962,0.0,0.0,0.0,0.0
5963,0.0,0.0,0.0,0.0
5964,0.0,0.0,0.0,0.0
5965,0.53,0.0,0.0,0.0
5966,0.0,0.0,0.0,0.0
5967,1.392,0.0,0.0,0.0
5968,1.219,0.0,0.0,0.0
5969,1.443,0.0,0.0,0.0
5970,2.603,0.0,0.0,0.0
5971,3.034,0.0,0.0,0.0
5972,2.929,0.0,0.0,0.0
5973,3.049,0.0,0.0,0.0
5974,3.168,0.0,0.0,0.0
5975,3.179,0.0,0.0,0.0
5976,3.717,0.0,0.0,0.0
5977,4.151,0.0,0.0,0.0
5978,4.48,0.0,0.0,0.0
5979,4.492,0.0,0.0,0.0
5980,4.608,0.288,0.0,0.0
5981,5.144,1.739,0.0,0.0
5982,4.827,1.408,0.0,0.0
5983,4.538,1.051,0.0,0.0
5984,0.627,0.0,0.0,0.0
5985,0.0,0.0,0.0,0.0
5986,0.0,0.0,0.0,0.0
5987,0.0,0.0,0.0,0.0
5988,0.0,0.0,0.0,-0.201
5989,0.26,0.0,0.0,0.0
5990,0.0,0.0,0.0,0.0
5991,0.0,0.0,0.0,0.0
5992,0.0,0.0,0.0,0.0
5993,0.0,0.0,0.0,0.0
5994,0.0,0.0,0.0,0.0
5995,2.225,0.0,0.0,0.0
5996,3.72,0.0,0.0,0.0
5997,4.279,0.0,0.0,0.0
5998,5.152,0.0,0.0,0.0
5999,5.287,0.0,0.0,0.0
6000,6.158,0.0,0.0,0.0
6001,6.184,0.884,0.152,0.0
6002,6.094,2.748,1.511,0.0
6003,6.2,2.859,1.561,0.0
6004,6.517,3.192,1.703,0.0
6005,6.2,2.859,1.572,0.0
6006,5.989,2.637,1.484,0.0
6007,5.382,1.943,1.315,0.0
6008,4.095,0.389,1.023,0.0
6009,4.639,0.984,1.21,0.0
6010,0.564,0.0,0.344,0.0
6011,0.0,0.0,0.0,0.0
6012,1.382,0.0,0.295,0.0
6013,0.687,0.0,0.239,0.0
6014,0.953,0.0,0.266,0.0
6015,1.073,0.0,0.116,0.0
6016,0.0,0.0,0.0,0.0
6017,0.0,0.0,0.0,0.0
6018,0.0,0.0,0.0,0.0
6019,3.475,0.0,0.0,0.0
6020,3.856,0.0,0.0,0.0
6021,3.987,0.0,0.0,0.0
6022,4.432,0.0,0.624,0.0
6023,3.819,0.0,0.495,0.0
6024,3.409,0.0,0.321,0.0
6025,3.311,0.0,0.279,0.0
6026,3.316,0.0,0.283,0.0
6027,3.215,0.0,0.24,0.0
6028,3.113,0.0,0.196,0.0
6029,2.797,0.0,0.061,0.0
6030,2.691,0.0,0.015,0.0
6031,1.63,0.0,0.0,0.0
6032,0.198,0.0,0.0,0.0
6033,0.0,0.0,0.0,0.0
6034,0.0,0.0,0.0,0.0
6035,0.0,0.0,0.0,0.0
6036,0.0,0.0,0.0,0.0
6037,0.0,0.0,0.0,-0.36
6038,0.0,0.0,0.0,-0.211
6039,0.0,0.0,0.0,-1.947
6040,0.0,0.0,0.0,-0.172
6041,0.0,0.0,0.0,0.0
6042,0.0,0.0,0.0,0.0
6043,0.247,0.0,0.0,0.0
6044,0.962,0.0,0.0,0.0
6045,0.975,0.0,0.0,0.0
6046,0.985,0.0,0.0,0.0
6047,0.783,0.0,0.0,0.0
6048,1.0,0.0,0.0,0.0
6049,2.063,0.0,0.0,0.0
6050,2.709,0.0,0.0,0.0
6051,2.829,0.0,0.0,0.0
6052,2.737,0.0,0.0,0.0
6053,2.112,0.0,0.0,0.0
6054,1.693,0.0,0.0,0.0
6055,0.789,0.0,0.0,0.0
6056,0.0,0.0,0.0,0.0
6057,0.0,0.0,0.0,-1.145
6058,0.0,-10.149,0.0,-3.558
6059,-2.721,-21.645,0.0,-4.769
6060,-5.483,-22.444,0.0,-5.496
6061,-7.724,-18.525,0.0,-5.595
6062,-8.565,-18.461,0.0,-6.342
6063,-8.186,-14.852,0.0,-6.44
6064,-5.966,-9.186,0.0,-4.707
6065,-4.823,-7.886,0.0,-4.331
6066,-3.085,-5.929,0.0,-3.716
6067,0.0,-2.767,0.0,-2.919
6068,0.0,-1.469,0.0,-2.488
6069,0.0,0.0,0.0,-2.258
6070,0.0,0.0,0.0,0.0
6071,0.0,0.0,0.0,0.0
6072,0.0,0.0,0.0,0.0
6073,0.33,0.0,0.0,0.0
6074,0.65,0.0,0.0,0.0
6075,0.976,0.0,0.0,0.0
6076,1.409,0.0,0.0,0.0
6077,1.948,0.0,0.0,0.0
6078,2.595,0.0,0.0,0.0
6079,0.904,0.0,0.0,0.0
6080,0.0,0.0,0.0,0.0
6081,0.0,0.0,0.0,0.0
6082,0.0,-5.492,0.0,-1.917
6083,0.0,-11.956,0.0,-2.251
6084,0.0,-1.94,0.0,-1.594
6085,0.0,0.0,0.0,-0.988
6086,0.0,0.0,0.0,-0.627
6087,0.0,0.0,0.0,-0.979
6088,0.0,0.0,0.0,-2.208
6089,0.0,0.0,0.0,0.0
6090,0.0,0.0,0.0,0.0
6091,3.121,0.0,0.0,0.0
6092,3.619,0.0,0.0,0.0
6093,3.542,0.0,0.0,0.0
6094,3.881,0.0,0.0,0.0
6095,3.902,0.0,0.0,0.0
6096,4.025,0.0,0.0,0.0
6097,4.04,0.0,0.0,0.0
6098,4.58,0.0,0.0,0.0
6099,4.594,0.0,0.0,0.0
6100,4.711,0.0,0.0,0.0
6101,4.404,0.922,0.0,0.0
6102,4.193,0.703,0.0,0.0
6103,3.77,0.241,0.0,0.0
6104,0.0,0.0,0.0,0.0
6105,0.0,0.0,0.0,0.0
6106,0.0,0.0,0.0,0.0
6107,0.0,0.0,0.0,0.0
6108,0.0,0.0,0.0,0.0
6109,0.0,0.0,0.0,0.0
6110,0.0,0.0,0.0,-0.109
6111,0.0,0.0,0.0,0.0
6112,0.0,0.0,0.0,-2.841
6113,0.0,0.0,0.0,-2.865
6114,0.0,0.0,0.0,-3.775
6115,0.0,0.0,0.0,0.0
6116,1.618,0.0,0.0,0.0
6117,2.023,0.0,0.0,0.0
6118,2.465,0.0,0.0,0.0
6119,3.223,0.0,0.0,0.0
6120,3.033,0.0,0.0,0.0
6121,3.154,0.0,0.0,0.0
6122,3.59,0.0,0.0,0.0
6123,3.816,0.0,0.0,0.0
6124,4.568,0.0,0.0,0.0
6125,4.584,0.0,0.0,0.0
6126,5.126,0.0,0.0,0.0
6127,3.733,0.0,0.0,0.0
6128,0.0,0.0,0.0,0.0
6129,0.0,-2.547,0.0,0.0
6130,0.0,-18.153,0.0,-0.014
6131,0.0,-7.729,0.0,-0.35
6132,0.0,0.0,0.0,-0.279
6133,0.0,0.0,0.0,-0.571
6134,0.0,-1.267,0.0,-1.733
6135,0.0,-4.944,0.0,-4.996
6136,0.0,0.0,0.0,-5.185
6137,0.0,0.0,0.0,-3.97
6138,0.0,0.0,0.0,-0.474
6139,1.935,0.0,0.0,0.0
6140,4.878,0.0,0.0,0.0
6141,5.339,0.0,0.0,0.0
6142,4.952,0.0,0.0,0.0
6143,6.879,0.0,0.0,0.0
6144,6.914,0.405,0.0,0.0
6145,6.411,3.049,0.0,0.0
6146,5.989,2.609,0.0,0.0
6147,6.306,2.946,0.0,0.0
6148,7.151,3.837,0.0,0.0
6149,7.574,4.286,0.0,0.0
6150,7.468,4.179,0.0,0.0
6151,5.439,1.947,0.0,0.0
6152,0.0,0.0,0.0,0.0
6153,0.0,0.0,0.0,0.0
6154,0.0,-15.768,0.0,0.0
6155,0.0,0.0,0.0,0.0
6156,0.0,-6.566,0.0,-0.671
6157,0.0,-5.023,0.0,-0.788
6158,0.0,0.0,0.0,0.0
6159,0.0,0.0,0.0,0.0
6160,0.0,0.0,0.0,0.0
6161,0.0,0.0,0.0,0.0
6162,0.0,0.0,0.0,0.0
6163,3.495,0.0,0.0,0.0
6164,5.639,0.0,0.0,0.0
6165,6.102,0.0,0.0,0.0
6166,5.927,0.0,0.0,0.0
6167,5.85,0.0,0.0,0.0
6168,5.133,0.412,0.0,0.0
6169,5.566,2.188,0.0,0.0
6170,6.2,2.857,0.392,0.0
6171,6.728,3.414,1.794,0.0
6172,6.728,3.414,1.8,0.0
6173,7.679,4.413,2.215,0.0
6174,8.313,5.079,2.497,0.0
6175,6.091,2.677,2.534,0.0
6176,0.0,0.0,0.451,0.0
6177,0.0,-15.995,0.0,0.0
6178,0.0,-13.266,0.0,0.0
6179,0.0,-15.677,0.0,-0.657
6180,0.0,-15.604,0.0,-1.621
6181,0.0,0.0,0.0,-0.342
6182,0.0,-7.484,0.0,-3.544
6183,0.0,0.0,0.0,0.0
6184,0.0,0.0,0.0,-0.384
6185,0.0,0.0,0.0,-0.778
6186,0.0,0.0,0.0,0.0
6187,4.08,0.0,0.0,0.0
6188,6.167,0.0,0.0,0.0
6189,7.374,0.0,0.0,0.0
6190,8.052,0.0,0.0,0.0
6191,8.938,4.621,0.0,0.0
6192,9.37,6.18,0.0,0.0
6193,10.321,7.185,1.591,0.0
6194,10.215,7.077,3.341,0.0
6195,11.483,8.409,3.902,0.0
6196,11.589,8.52,3.964,0.0
6197,11.483,8.409,3.934,0.0
6198,10.955,7.854,3.719,0.0
6199,8.84,5.526,3.327,0.0
6200,0.0,0.0,1.877,0.0
6201,0.0,0.0,0.733,0.0
6202,0.0,-0.866,0.0,0.0
6203,0.0,-7.661,0.0,0.0
6204,0.0,-13.991,0.0,-0.535
6205,0.0,-4.757,0.0,-1.416
6206,0.0,-10.032,0.0,-3.734
6207,0.0,-4.97,0.0,-4.744
6208,0.0,0.0,0.0,-0.951
6209,0.0,0.0,0.0,-1.242
6210,0.133,0.0,0.0,0.0
6211,2.087,0.0,0.0,0.0
6212,3.299,0.0,0.0,0.0
6213,3.115,0.0,0.0,0.0
6214,2.713,0.0,0.0,0.0
6215,3.783,0.0,0.0,0.0
6216,3.591,0.0,0.0,0.0
6217,3.183,0.0,0.0,0.0
6218,3.297,0.0,0.0,0.0
6219,3.516,0.0,0.0,0.0
6220,3.735,0.0,0.0,0.0
6221,4.483,0.0,0.0,0.0
6222,4.389,0.0,0.0,0.0
6223,3.99,0.0,0.0,0.0
6224,0.0,0.0,0.0,0.0
6225,2.261,0.0,0.0,0.0
6226,0.0,0.0,0.0,0.0
6227,0.0,0.0,0.0,0.0
6228,0.0,0.0,0.0,0.0
6229,0.0,0.0,0.0,0.0
6230,0.0,0.0,0.0,0.0
6231,0.0,0.0,0.0,0.0
6232,1.594,0.0,0.0,0.0
6233,1.518,0.0,0.0,0.0
6234,3.212,0.0,0.0,0.0
6235,3.637,0.0,0.0,0.0
6236,3.985,0.0,0.0,0.0
6237,4.219,0.0,0.0,0.0
6238,4.767,0.0,0.0,0.0
6239,5.209,0.0,0.0,0.0
6240,5.44,0.0,0.0,0.0
6241,7.148,3.466,0.006,0.0
6242,7.679,4.413,2.193,0.0
6243,7.785,4.524,2.25,0.0
6244,7.891,4.635,2.306,0.0
6245,7.468,4.191,2.133,0.0
6246,7.257,3.969,2.048,0.0
6247,7.113,3.797,2.04,0.0
6248,2.641,0.0,1.669,0.0
6249,0.0,0.0,1.006,0.0
6250,0.0,-5.573,0.0,0.0
6251,0.0,0.0,0.0,0.0
6252,0.0,0.0,0.0,0.0
6253,0.0,-12.132,0.0,-1.578
6254,0.0,-3.68,0.0,-1.027
6255,1.648,0.0,0.0,0.0
6256,0.0,0.0,0.0,0.0
6257,0.0,0.0,0.0,0.0
6258,2.111,0.0,0.0,0.0
6259,5.814,0.0,0.0,0.0
6260,7.034,0.0,0.0,0.0
6261,8.771,0.0,0.843,0.0
6262,10.617,4.992,3.466,0.0
6263,10.426,7.299,3.409,0.0
6264,10.109,6.966,3.29,0.0
6265,11.8,8.742,4.033,0.0
6266,11.694,8.631,4.007,0.0
6267,11.694,8.631,4.023,0.0
6268,11.377,8.298,3.9,0.0
6269,12.328,9.297,4.321,0.0
6270,11.377,8.298,3.925,0.0
6271,10.381,7.173,3.794,0.0
6272,0.0,0.0,2.448,0.0
6273,0.0,-1.092,0.342,0.0
6274,0.0,-6.421,0.0,0.0
6275,0.0,0.0,0.0,0.0
6276,0.0,0.0,0.0,0.0
6277,0.0,-4.298,0.0,-1.583
6278,0.0,-3.712,0.0,-1.864
6279,0.0,0.0,0.0,-0.482
6280,0.0,0.0,0.0,0.0
6281,0.0,0.0,0.0,-0.735
6282,0.475,0.0,0.0,0.0
6283,4.756,0.0,0.0,0.0
6284,5.969,0.0,0.0,0.0
6285,6.96,0.0,0.0,0.0
6286,8.057,0.0,0.0,0.0
6287,6.935,3.0,0.0,0.0
6288,7.151,3.856,0.717,0.0
6289,7.362,4.08,2.081,0.0
6290,7.679,4.413,2.224,0.0
6291,7.679,4.413,2.232,0.0
6292,7.362,4.08,2.101,0.0
6293,6.517,3.192,1.741,0.0
6294,5.778,2.415,1.423,0.0
6295,4.748,1.288,1.122,0.0
6296,0.0,0.0,0.618,0.0
6297,0.0,0.0,0.0,0.0
6298,0.0,0.0,0.0,0.0
6299,0.0,0.0,0.0,0.0
6300,0.0,0.0,0.0,-0.051
6301,0.0,0.0,0.0,0.0
6302,0.0,0.0,0.0,-0.468
6303,0.0,0.0,0.0,-0.808
6304,0.0,0.0,0.0,-0.662
6305,0.0,0.0,0.0,0.0
6306,0.0,0.0,0.0,0.0
6307,1.417,0.0,0.0,0.0
6308,1.921,0.0,0.0,0.0
6309,2.362,0.0,0.0,0.0
6310,2.696,0.0,0.0,0.0
6311,3.136,0.0,0.0,0.0
6312,3.364,0.0,0.0,0.0
6313,3.38,0.0,0.0,0.0
6314,3.604,0.0,0.0,0.0
6315,4.038,0.0,0.0,0.0
6316,4.474,0.0,0.0,0.0
6317,4.487,0.0,0.0,0.0
6318,4.815,0.0,0.0,0.0
6319,4.187,0.672,0.0,0.0
6320,0.0,0.0,0.0,0.0
6321,0.0,0.0,0.0,0.0
6322,0.0,0.0,0.0,0.0
6323,0.0,0.0,0.0,0.0
6324,0.0,0.0,0.0,0.0
6325,0.0,0.0,0.0,-0.063
6326,0.0,0.0,0.0,0.0
6327,0.0,0.0,0.0,-0.795
6328,0.0,0.0,0.0,-0.262
6329,0.0,0.0,0.0,0.0
6330,0.804,0.0,0.0,0.0
6331,1.508,0.0,0.0,0.0
6332,1.931,0.0,0.0,0.0
6333,2.264,0.0,0.0,0.0
6334,2.702,0.0,0.0,0.0
6335,4.197,0.0,0.0,0.0
6336,4.115,0.0,0.0,0.0
6337,4.873,0.0,0.0,0.0
6338,5.211,0.0,0.0,0.0
6339,5.758,0.006,0.0,0.0
6340,5.989,2.628,0.0,0.0
6341,5.883,2.52,0.0,0.0
6342,5.672,2.3,0.0,0.0
6343,5.105,1.654,0.674,0.0
6344,0.126,0.0,0.823,0.0
6345,0.0,0.0,0.0,0.0
6346,0.0,-10.657,0.0,0.0
6347,0.0,-15.197,0.0,-0.332
6348,0.0,-13.673,0.0,-1.339
6349,0.0,-2.986,0.0,-0.712
6350,0.0,0.0,0.0,-0.44
6351,0.0,0.0,0.0,-0.733
6352,0.0,0.0,0.0,-2.451
6353,0.0,0.0,0.0,-0.305
6354,1.472,0.0,0.0,0.0
6355,4.791,0.0,0.0,0.0
6356,5.235,0.0,0.0,0.0
6357,5.375,0.0,0.0,0.0
6358,5.615,0.0,0.0,0.0
6359,5.429,0.0,0.0,0.0
6360,7.244,2.439,0.0,0.0
6361,10.004,6.849,0.014,0.0
6362,10.743,7.632,3.54,0.0
6363,8.313,5.079,2.512,0.0
6364,7.151,3.858,2.019,0.0
6365,7.362,4.08,2.112,0.0
6366,7.891,4.635,2.343,0.0
6367,6.84,3.462,2.185,0.0
6368,0.0,0.0,1.237,0.0
6369,0.0,-1.153,0.0,0.0
6370,0.0,-8.772,0.0,0.0
6371,0.0,-3.172,0.0,0.0
6372,0.0,-9.902,0.0,-1.063
6373,0.0,-1.135,0.0,-0.636
6374,0.0,0.0,0.0,-1.186
6375,0.0,0.0,0.0,0.0
6376,0.0,0.0,0.0,-1.377
6377,0.0,0.0,0.0,-1.647
6378,0.0,0.0,0.0,0.0
6379,6.101,0.0,0.0,0.0
6380,7.978,0.0,0.0,0.0
6381,8.983,0.0,0.0,0.0
6382,9.88,4.458,0.0,0.0
6383,10.638,7.515,0.202,0.0
6384,10.849,7.743,3.611,0.0
6385,11.589,8.52,3.947,0.0
6386,12.222,9.186,4.237,0.0
6387,12.222,9.186,4.255,0.0
6388,12.434,9.408,4.362,0.0
6389,12.645,9.63,4.467,0.0
6390,13.068,10.074,4.663,0.0
6391,11.138,7.95,4.218,0.0
6392,0.0,0.0,2.531,0.0
6393,0.0,0.0,0.872,0.0
6394,0.0,0.0,0.0,0.0
6395,0.0,-13.16,0.0,0.0
6396,0.0,-18.581,0.0,0.0
6397,0.0,-17.215,0.0,-3.65
6398,0.0,-14.946,0.0,-5.183
6399,0.0,-8.091,0.0,-5.773
6400,0.0,-0.114,0.0,-5.78
6401,0.0,0.0,0.0,-4.524
6402,0.0,0.0,0.0,-0.223
6403,5.618,0.0,0.0,0.0
6404,4.482,0.0,0.0,0.0
6405,7.577,0.0,0.0,0.0
6406,9.209,0.0,0.0,0.0
6407,9.999,6.2,0.0,0.0
6408,10.638,7.505,0.0,0.0
6409,11.272,8.178,0.0,0.0
6410,11.377,8.296,2.996,0.0
6411,11.906,8.853,4.1,0.0
6412,11.906,8.853,4.117,0.0
6413,12.011,8.964,4.177,0.0
6414,11.694,8.631,4.053,0.0
6415,9.67,6.443,3.4,0.0
6416,0.0,0.0,1.994,0.0
6417,0.0,-0.558,0.0,0.0
6418,0.0,-12.391,0.0,0.0
6419,0.0,-21.918,0.0,0.0
6420,0.0,-26.041,0.0,-4.811
6421,0.0,-25.772,0.0,-6.131
6422,0.0,-20.287,0.0,-6.976
6423,-0.022,-12.521,0.0,-7.095
6424,0.0,-5.071,0.0,-6.725
6425,0.0,-1.107,0.0,-4.916
6426,0.0,0.0,0.0,-1.428
6427,0.926,0.0,0.0,0.0
6428,0.63,0.0,0.0,0.0
6429,1.7,0.0,0.0,0.0
6430,1.929,0.0,0.0,0.0
6431,4.798,0.0,0.0,0.0
6432,5.36,0.0,0.0,0.0
6433,5.497,0.0,0.0,0.0
6434,6.263,0.0,0.0,0.0
6435,7.241,2.009,0.0,0.0
6436,7.151,3.828,0.0,0.0
6437,6.2,2.833,0.0,0.0
6438,4.721,1.283,0.0,0.0
6439,4.653,1.192,0.0,0.0
6440,0.0,0.0,0.0,0.0
6441,0.0,0.0,0.0,0.0
6442,0.0,-9.647,0.0,-1.434
6443,0.0,-26.815,0.0,-4.008
6444,-1.046,-31.271,0.0,-5.786
6445,-1.187,-26.842,0.0,-6.494
6446,0.0,-8.958,0.0,-4.647
6447,0.0,-4.085,0.0,-3.722
6448,0.0,0.0,0.0,-2.693
6449,0.0,0.0,0.0,-0.162
6450,0.0,0.0,0.0,0.0
6451,1.498,0.0,0.0,0.0
6452,1.919,0.0,0.0,0.0
6453,3.1,0.0,0.0,0.0
6454,4.708,0.0,0.0,0.0
6455,6.111,0.0,0.0,0.0
6456,6.674,0.0,0.0,0.0
6457,5.438,0.0,0.0,0.0
6458,4.399,0.326,0.0,0.0
6459,4.193,0.715,0.0,0.0
6460,4.298,0.828,0.0,0.0
6461,4.087,0.609,0.0,0.0
6462,3.876,0.389,0.0,0.0
6463,3.669,0.152,0.0,0.0
6464,0.0,0.0,0.0,0.0
6465,0.0,0.0,0.0,0.0
6466,0.0,0.0,0.0,0.0
6467,0.0,0.0,0.0,-0.693
6468,0.0,0.0,0.0,-0.979
6469,0.0,0.0,0.0,-1.255
6470,0.0,-0.413,0.0,-2.444
6471,0.0,-6.823,0.0,-5.095
6472,0.0,0.0,0.0,-4.192
6473,0.0,0.0,0.0,-3.587
6474,0.0,0.0,0.0,-0.941
6475,3.83,0.0,0.0,0.0
6476,5.525,0.0,0.0,0.0
6477,6.729,0.0,0.0,0.0
6478,7.404,0.0,0.0,0.0
6479,7.971,1.641,0.0,0.0
6480,8.842,5.604,0.0,0.0
6481,8.947,5.721,0.0,0.0
6482,9.475,6.282,0.0,0.0
6483,9.792,6.621,0.0,0.0
6484,10.109,6.96,0.215,0.0
6485,10.215,7.077,3.363,0.0
6486,10.109,6.966,3.329,0.0
6487,10.118,6.931,3.403,0.0
6488,0.0,0.0,1.012,0.0
6489,0.0,-13.327,0.0,0.0
6490,0.0,-20.281,0.0,0.0
6491,0.0,-28.514,0.0,-2.503
6492,0.0,-31.904,0.0,-5.544
6493,-2.52,-30.72,0.0,-6.913
6494,-2.983,-24.096,0.0,-7.58
6495,-4.163,-16.483,0.0,-7.896
6496,-4.277,-8.471,0.0,-7.666
6497,-0.1,-4.268,0.0,-6.592
6498,0.0,0.0,0.0,-2.904
6499,1.877,0.0,0.0,0.0
6500,3.484,0.0,0.0,0.0
6501,3.834,0.0,0.0,0.0
6502,4.497,0.0,0.0,0.0
6503,4.948,0.0,0.0,0.0
6504,5.291,0.0,0.0,0.0
6505,5.315,0.0,0.0,0.0
6506,5.23,0.0,0.0,0.0
6507,3.872,0.0,0.0,0.0
6508,3.664,0.054,0.0,0.0
6509,5.566,2.16,0.0,0.0
6510,5.883,2.496,0.0,0.0
6511,5.676,2.26,0.0,0.0
6512,0.0,0.0,0.0,0.0
6513,0.0,-15.69,0.0,0.0
6514,0.0,-21.257,0.0,-2.159
6515,0.0,-31.448,0.0,-4.593
6516,-4.863,-35.378,0.0,-6.173
6517,-8.011,-34.018,0.0,-7.442
6518,-7.864,-27.366,0.0,-8.083
6519,-7.445,-19.167,0.0,-8.393
6520,-6.155,-10.112,0.0,-7.998
6521,-4.044,-6.978,0.0,-6.594
6522,0.0,0.0,0.0,-3.601
6523,1.895,0.0,0.0,0.0
6524,3.166,0.0,0.0,0.0
6525,4.359,0.0,0.0,0.0
6526,5.237,0.0,0.0,0.0
6527,6.221,0.0,0.0,0.0
6528,6.361,0.0,0.0,0.0
6529,6.179,0.17,0.0,0.0
6530,6.2,2.801,0.0,0.0
6531,7.151,3.805,0.0,0.0
6532,7.045,3.7,0.0,0.0
6533,6.517,3.15,0.0,0.0
6534,7.362,4.043,0.0,0.0
6535,5.782,2.365,0.0,0.0
6536,0.0,0.0,0.0,0.0
6537,0.0,-13.237,0.0,0.0
6538,0.0,-20.528,0.0,-1.214
6539,0.0,-30.098,0.0,-3.921
6540,-0.47,-33.086,0.0,-5.859
6541,-6.753,-33.67,0.0,-7.262
6542,-6.136,-26.457,0.0,-7.875
6543,-5.499,-17.71,0.0,-8.123
6544,-3.814,-8.224,0.0,-7.602
6545,-0.758,-4.725,0.0,-6.193
6546,0.0,0.0,0.0,-2.25
6547,3.442,0.0,0.0,0.0
6548,5.719,0.0,0.0,0.0
6549,6.398,0.0,0.0,0.0
6550,7.813,0.0,0.0,0.0
6551,8.914,1.581,0.0,0.0
6552,10.426,7.243,0.0,0.0
6553,10.638,7.473,0.0,0.0
6554,10.955,7.814,0.0,0.0
6555,10.743,7.6,0.0,0.0
6556,10.532,7.386,0.0,0.0
6557,10.955,7.837,0.0,0.0
6558,11.694,8.621,0.0,0.0
6559,12.438,9.388,3.087,0.0
6560,2.792,0.0,2.965,0.0
6561,0.0,0.0,1.661,0.0
6562,0.0,-2.466,0.0,0.0
6563,0.0,-13.553,0.0,0.0
6564,0.0,-16.967,0.0,0.0
6565,0.0,-15.441,0.0,-2.008
6566,0.0,-3.463,0.0,-1.643
6567,0.0,0.0,0.0,-1.597
6568,0.0,0.0,0.0,0.0
6569,0.294,0.0,0.0,0.0
6570,3.305,0.0,0.0,0.0
6571,5.006,0.0,0.0,0.0
6572,5.464,0.0,0.0,0.0
6573,5.708,0.0,0.0,0.0
6574,6.476,0.0,0.0,0.0
6575,7.033,2.176,0.0,0.0
6576,7.045,3.745,0.956,0.0
6577,6.94,3.636,1.89,0.0
6578,6.834,3.525,1.851,0.0
6579,6.834,3.525,1.856,0.0
6580,6.728,3.414,1.815,0.0
6581,6.623,3.303,1.773,0.0
6582,6.2,2.859,1.594,0.0
6583,5.566,2.193,1.322,0.0
6584,4.652,1.139,1.044,0.0
6585,3.176,0.0,0.657,0.0
6586,0.0,0.0,0.0,0.0
6587,0.0,0.0,0.0,0.0
6588,0.0,0.0,0.0,0.0
6589,0.0,0.0,0.0,-1.47
6590,0.0,0.0,0.0,0.0
6591,0.0,0.0,0.0,0.0
6592,1.019,0.0,0.0,0.0
6593,2.243,0.0,0.0,0.0
6594,2.52,0.0,0.0,0.0
6595,2.798,0.0,0.0,0.0
6596,2.711,0.0,0.0,0.0
6597,2.62,0.0,0.0,0.0
6598,2.737,0.0,0.0,0.0
6599,2.641,0.0,0.0,0.0
6600,2.754,0.0,0.0,0.0
6601,2.55,0.0,0.0,0.0
6602,2.659,0.0,0.0,0.0
6603,2.769,0.0,0.0,0.0
6604,3.196,0.0,0.0,0.0
6605,3.414,0.0,0.0,0.0
6606,3.737,0.0,0.0,0.0
6607,4.168,0.0,0.0,0.0
6608,0.0,0.0,0.0,0.0
6609,0.0,-4.884,0.0,0.0
6610,0.0,-17.788,0.0,-0.602
6611,0.0,-22.25,0.0,-2.361
6612,0.0,-22.938,0.0,-4.04
6613,0.0,-25.466,0.0,-5.768
6614,0.0,-20.355,0.0,-6.863
6615,0.0,-7.839,0.0,-5.169
6616,0.0,-4.023,0.0,-5.631
6617,0.0,0.0,0.0,-2.514
6618,0.0,0.0,0.0,-0.919
6619,0.0,0.0,0.0,0.0
6620,0.0,0.0,0.0,0.0
6621,0.537,0.0,0.0,0.0
6622,1.071,0.0,0.0,0.0
6623,1.189,0.0,0.0,0.0
6624,1.729,0.0,0.0,0.0
6625,2.904,0.0,0.0,0.0
6626,5.142,0.0,0.0,0.0
6627,5.173,0.0,0.0,0.0
6628,5.093,0.0,0.0,0.0
6629,5.747,0.0,0.0,0.0
6630,5.874,1.341,0.0,0.0
6631,4.087,0.607,0.0,0.0
6632,0.0,0.0,0.0,0.0
6633,0.0,0.0,0.0,0.0
6634,0.0,-14.091,0.0,-0.605
6635,0.0,-10.346,0.0,-1.332
6636,0.0,-13.314,0.0,-3.182
6637,0.0,-21.639,0.0,-5.323
6638,0.0,-7.515,0.0,-3.933
6639,0.0,0.0,0.0,-1.628
6640,0.0,0.0,0.0,-2.621
6641,0.0,0.0,0.0,-0.734
6642,0.0,0.0,0.0,0.0
6643,0.226,0.0,0.0,0.0
6644,0.534,0.0,0.0,0.0
6645,0.967,0.0,0.0,0.0
6646,2.353,0.0,0.0,0.0
6647,2.055,0.0,0.0,0.0
6648,3.653,0.0,0.0,0.0
6649,4.098,0.0,0.0,0.0
6650,4.648,0.0,0.0,0.0
6651,4.035,0.0,0.0,0.0
6652,4.788,0.0,0.0,0.0
6653,3.853,0.0,0.0,0.0
6654,3.86,0.0,0.0,0.0
6655,3.759,0.0,0.0,0.0
6656,0.0,0.0,0.0,0.0
6657,1.3,0.0,0.0,0.0
6658,0.0,0.0,0.0,0.0
6659,0.0,0.0,0.0,0.0
6660,0.0,0.0,0.0,-0.3
6661,0.0,0.0,0.0,0.0
6662,0.0,0.0,0.0,0.0
6663,0.0,-0.608,0.0,-4.742
6664,0.0,0.0,0.0,-1.696
6665,0.0,0.0,0.0,-0.352
6666,0.068,0.0,0.0,0.0
6667,1.168,0.0,0.0,0.0
6668,0.972,0.0,0.0,0.0
6669,1.405,0.0,0.0,0.0
6670,1.734,0.0,0.0,0.0
6671,1.958,0.0,0.0,0.0
6672,2.286,0.0,0.0,0.0
6673,2.615,0.0,0.0,0.0
6674,2.732,0.0,0.0,0.0
6675,2.743,0.0,0.0,0.0
6676,2.752,0.0,0.0,0.0
6677,2.97,0.0,0.0,0.0
6678,3.083,0.0,0.0,0.0
6679,2.667,0.0,0.0,0.0
6680,1.376,0.0,0.0,0.0
6681,0.0,0.0,0.0,0.0
6682,0.0,0.0,0.0,0.0
6683,0.0,0.0,0.0,0.0
6684,0.0,0.0,0.0,0.0
6685,0.0,0.0,0.0,-1.29
6686,0.0,0.0,0.0,0.0
6687,0.0,0.0,0.0,0.0
6688,0.501,0.0,0.0,0.0
6689,3.129,0.0,0.0,0.0
6690,3.426,0.0,0.0,0.0
6691,3.548,0.0,0.0,0.0
6692,3.992,0.0,0.0,0.0
6693,4.435,0.0,0.0,0.0
6694,4.773,0.0,0.0,0.0
6695,5.214,0.0,0.0,0.0
6696,6.5,1.085,0.0,0.0
6697,6.834,3.505,0.0,0.0
6698,6.623,3.287,0.0,0.0
6699,8.102,4.845,0.0,0.0
6700,7.785,4.516,0.0,0.0
6701,8.419,5.187,0.753,0.0
6702,8.842,5.634,2.733,0.0
6703,9.264,6.078,2.926,0.0
6704,7.308,2.302,2.991,0.0
6705,5.284,0.0,2.527,0.0
6706,2.697,0.0,1.48,0.0
6707,0.0,0.0,0.266,0.0
6708,0.0,0.0,0.0,0.0
6709,0.0,0.0,0.0,0.0
6710,0.0,0.0,0.0,0.0
6711,0.0,0.0,0.0,0.0
6712,0.0,0.0,0.0,0.0
6713,0.0,0.0,0.0,0.0
6714,1.876,0.0,0.0,0.0
6715,2.773,0.0,0.0,0.0
6716,2.901,0.0,0.0,0.0
6717,2.71,0.0,0.0,0.0
6718,2.936,0.0,0.0,0.0
6719,3.055,0.0,0.0,0.0
6720,3.278,0.0,0.0,0.0
6721,3.712,0.0,0.0,0.0
6722,4.358,0.0,0.0,0.0
6723,4.795,0.0,0.0,0.0
6724,5.022,0.0,0.077,0.0
6725,5.669,1.988,1.311,0.0
6726,5.672,2.304,1.318,0.0
6727,5.672,2.304,1.323,0.0
6728,0.0,0.0,0.955,0.0
6729,0.0,0.0,0.201,0.0
6730,0.0,0.0,0.0,0.0
6731,0.0,0.0,0.0,0.0
6732,0.0,0.0,0.0,0.0
6733,0.0,0.0,0.0,0.0
6734,0.0,0.0,0.0,0.0
6735,0.0,0.0,0.0,0.0
6736,0.861,0.0,0.0,0.0
6737,2.684,0.0,0.0,0.0
6738,3.478,0.0,0.0,0.0
6739,3.762,0.0,0.0,0.0
6740,5.052,0.0,0.0,0.0
6741,6.031,0.0,1.049,0.0
6742,6.272,0.0,1.568,0.0
6743,6.826,2.51,1.82,0.0
6744,7.362,4.08,2.061,0.0
6745,8.102,4.857,2.39,0.0
6746,8.313,5.079,2.492,0.0
6747,8.736,5.523,2.684,0.0
6748,8.947,5.745,2.786,0.0
6749,9.581,6.411,3.07,0.0
6750,9.687,6.522,3.127,0.0
6751,9.687,6.522,3.137,0.0
6752,1.562,0.0,2.793,0.0
6753,0.0,0.0,0.96,0.0
6754,0.0,-4.553,0.0,0.0
6755,0.0,-17.246,0.0,0.0
6756,0.0,-20.479,0.0,-2.129
6757,0.0,-18.52,0.0,-3.44
6758,0.0,-12.444,0.0,-4.169
6759,0.0,-4.724,0.0,-4.342
6760,0.0,0.0,0.0,-3.609
6761,0.0,0.0,0.0,-1.072
6762,2.249,0.0,0.0,0.0
6763,4.036,0.0,0.0,0.0
6764,4.808,0.0,0.0,0.0
6765,6.319,0.0,0.0,0.0
6766,7.941,0.0,0.0,0.0
6767,7.982,2.974,0.0,0.0
6768,8.842,5.622,0.0,0.0
6769,9.158,5.961,0.0,0.0
6770,9.687,6.521,2.494,0.0
6771,10.004,6.855,3.25,0.0
6772,10.743,7.632,3.582,0.0
6773,11.166,8.076,3.778,0.0
6774,11.906,8.853,4.111,0.0
6775,11.589,8.52,3.99,0.0
6776,1.84,0.0,3.429,0.0
6777,0.0,0.0,2.044,0.0
6778,0.0,-2.394,0.532,0.0
6779,0.0,-14.515,0.0,0.0
6780,0.0,-17.02,0.0,0.0
6781,0.0,-15.088,0.0,-1.66
6782,0.0,-10.659,0.0,-3.256
6783,0.0,-2.124,0.0,-3.528
6784,0.0,0.0,0.0,-2.434
6785,0.0,0.0,0.0,0.0
6786,4.679,0.0,0.0,0.0
6787,6.809,0.0,0.0,0.0
6788,8.124,0.0,0.0,0.0
6789,9.334,1.731,0.0,0.0
6790,10.638,7.518,1.711,0.0
6791,11.483,8.409,3.872,0.0
6792,11.694,8.631,3.984,0.0
6793,12.328,9.297,4.276,0.0
6794,13.279,10.296,4.705,0.0
6795,13.702,10.74,4.908,0.0
6796,14.019,11.073,5.064,0.0
6797,14.019,11.073,5.082,0.0
6798,14.547,11.628,5.325,0.0
6799,14.653,11.739,5.387,0.0
6800,9.129,1.73,4.981,0.0
6801,0.0,0.0,3.47,0.0
6802,0.0,-26.396,1.544,0.0
6803,0.635,-10.405,0.271,0.0
6804,0.0,-13.737,0.0,0.0
6805,0.0,-11.239,0.0,0.0
6806,0.0,-6.366,0.0,-1.753
6807,0.0,0.0,0.0,-2.196
6808,0.0,0.0,0.0,-1.563
6809,0.904,0.0,0.0,0.0
6810,5.401,0.0,0.0,0.0
6811,8.089,0.0,0.0,0.0
6812,10.044,0.0,0.511,0.0
6813,9.68,5.635,3.068,0.0
6814,10.638,7.521,3.5,0.0
6815,11.589,8.52,3.928,0.0
6816,12.434,9.408,4.312,0.0
6817,12.962,9.963,4.561,0.0
6818,13.385,10.407,4.763,0.0
6819,13.385,10.407,4.782,0.0
6820,14.019,11.073,5.072,0.0
6821,13.279,10.296,4.77,0.0
6822,12.856,9.852,4.6,0.0
6823,12.856,9.852,4.609,0.0
6824,12.073,8.61,4.58,0.0
6825,5.264,0.0,4.137,0.0
6826,3.424,0.0,3.027,0.0
6827,1.339,0.0,1.122,0.0
6828,0.0,0.0,0.469,0.0
6829,0.0,0.0,0.04,0.0
6830,0.0,0.0,0.0,0.0
6831,0.0,0.0,0.004,0.0
6832,0.954,0.0,0.644,0.0
6833,3.828,0.0,1.353,0.0
6834,6.946,0.0,1.976,0.0
6835,8.229,0.0,2.399,0.0
6836,10.496,2.985,3.403,0.0
6837,12.751,9.741,4.405,0.0
6838,13.702,10.74,4.842,0.0
6839,14.124,11.184,5.051,0.0
6840,13.49,10.518,4.804,0.0
6841,12.856,9.852,4.55,0.0
6842,12.011,8.964,4.201,0.0
6843,11.694,8.631,4.075,0.0
6844,11.377,8.298,3.946,0.0
6845,10.955,7.854,3.769,0.0
6846,10.955,7.854,3.773,0.0
6847,10.955,7.854,3.776,0.0
6848,10.08,6.787,3.515,0.0
6849,8.725,5.216,3.141,0.0
6850,6.187,1.42,2.589,0.0
6851,4.624,0.0,2.2,0.0
6852,3.329,0.0,1.912,0.0
6853,1.137,0.0,1.331,0.0
6854,0.0,0.0,0.495,0.0
6855,0.001,0.0,0.663,0.0
6856,1.53,0.0,0.934,0.0
6857,6.312,0.0,2.13,0.0
6858,11.072,0.0,3.711,0.0
6859,13.655,5.021,4.777,0.0
6860,14.547,11.628,5.204,0.0
6861,15.075,12.183,5.462,0.0
6862,13.279,10.296,4.717,0.0
6863,15.498,12.627,5.692,0.0
6864,16.66,13.848,6.218,0.0
6865,16.871,14.07,6.335,0.0
6866,17.188,14.403,6.496,0.0
6867,16.554,13.737,6.244,0.0
6868,16.237,13.404,6.125,0.0
6869,15.286,12.405,5.728,0.0
6870,13.068,10.074,4.78,0.0
6871,11.8,8.742,4.233,0.0
6872,10.181,6.888,3.646,0.0
6873,8.648,5.105,3.207,0.0
6874,6.453,2.531,2.523,0.0
6875,4.596,0.168,2.104,0.0
6876,2.256,0.0,1.617,0.0
6877,1.405,0.0,1.248,0.0
6878,3.719,0.0,1.553,0.0
6879,2.956,0.0,1.477,0.0
6880,3.605,0.0,1.476,0.0
6881,5.752,0.0,1.867,0.0
6882,8.073,1.921,2.499,0.0
6883,8.525,5.301,2.635,0.0
6884,8.419,5.19,2.594,0.0
6885,8.736,5.523,2.735,0.0
6886,8.419,5.19,2.603,0.0
6887,8.102,4.857,2.469,0.0
6888,8.419,5.19,2.607,0.0
6889,8.736,5.523,2.746,0.0
6890,8.842,5.634,2.794,0.0
6891,10.004,6.855,3.299,0.0
6892,9.264,6.078,2.987,0.0
6893,9.37,6.189,3.036,0.0
6894,9.687,6.522,3.176,0.0
6895,9.264,6.078,2.998,0.0
6896,8.44,4.969,2.816,0.0
6897,0.534,0.0,1.833,0.0
6898,5.11,0.0,1.955,0.0
6899,4.122,0.0,1.792,0.0
6900,1.119,0.0,1.094,0.0
6901,0.0,0.0,0.712,0.0
6902,4.342,0.0,1.628,0.0
6903,6.237,0.0,2.138,0.0
6904,6.785,0.0,2.263,0.0
6905,8.393,0.149,2.718,0.0
6906,8.944,5.717,2.824,0.0
6907,9.37,6.189,2.983,0.0
6908,9.475,6.3,3.039,0.0
6909,9.687,6.522,3.139,0.0
6910,9.687,6.522,3.148,0.0
6911,10.426,7.299,3.474,0.0
6912,10.532,7.41,3.53,0.0
6913,11.8,8.742,4.085,0.0
6914,13.385,10.407,4.781,0.0
6915,13.385,10.407,4.798,0.0
6916,12.751,9.741,4.539,0.0
6917,12.222,9.186,4.322,0.0
6918,12.645,9.63,4.512,0.0
6919,10.743,7.632,3.7,0.0
6920,8.823,5.152,3.137,0.0
6921,0.34,0.0,2.702,0.0
6922,4.061,0.0,2.644,0.0
6923,5.889,0.0,2.974,0.0
6924,5.496,0.0,2.901,0.0
6925,5.116,0.0,2.764,0.0
6926,2.712,0.0,2.047,0.0
6927,3.135,0.0,2.025,0.0
6928,4.131,0.0,2.005,0.0
6929,7.269,0.0,2.73,0.0
6930,11.304,0.0,3.765,0.0
6931,12.723,6.309,4.367,0.0
6932,13.279,10.296,4.642,0.0
6933,13.913,10.962,4.943,0.0
6934,14.336,11.406,5.153,0.0
6935,14.864,11.961,5.405,0.0
6936,14.97,12.072,5.475,0.0
6937,15.392,12.516,5.679,0.0
6938,15.815,12.96,5.881,0.0
6939,15.92,13.071,5.947,0.0
6940,16.026,13.182,6.01,0.0
6941,16.449,13.626,6.208,0.0
6942,16.66,13.848,6.314,0.0
6943,16.766,13.959,6.374,0.0
6944,9.863,0.287,5.978,0.0
6945,3.883,0.0,4.659,0.0
6946,1.636,-10.466,2.963,0.0
6947,3.828,-2.488,1.752,0.0
6948,2.13,0.0,1.256,0.0
6949,1.558,0.0,0.77,0.0
6950,1.808,0.0,1.585,0.0
6951,3.27,0.0,1.596,0.0
6952,4.409,0.0,2.013,0.0
6953,7.224,0.0,2.748,0.0
6954,13.234,0.0,4.587,0.0
6955,16.443,12.913,5.977,0.0
6956,18.139,15.402,6.753,0.0
6957,18.773,16.068,7.071,0.0
6958,19.407,16.734,7.385,0.0
6959,19.935,17.289,7.651,0.0
6960,20.358,17.733,7.869,0.0
6961,20.886,18.288,8.13,0.0
6962,20.992,18.399,8.207,0.0
6963,21.098,18.51,8.28,0.0
6964,21.203,18.621,8.35,0.0
6965,21.52,18.954,8.509,0.0
6966,20.992,18.399,8.301,0.0
6967,19.724,17.067,7.771,0.0
6968,10.523,0.0,6.816,0.0
6969,6.96,0.0,5.028,0.0
6970,8.747,0.0,4.15,0.0
6971,3.677,0.0,2.498,0.0
6972,1.217,0.0,1.224,0.0
6973,0.243,0.0,0.362,0.0
6974,0.0,0.0,0.736,0.0
6975,0.408,0.0,0.511,0.0
6976,5.192,0.0,1.916,0.0
6977,7.263,0.0,2.275,0.0
6978,9.276,0.0,2.926,0.0
6979,9.344,2.951,2.942,0.0
6980,9.687,6.522,3.109,0.0
6981,9.792,6.633,3.167,0.0
6982,9.475,6.3,3.042,0.0
6983,9.475,6.3,3.05,0.0
6984,9.475,6.3,3.058,0.0
6985,9.475,6.3,3.065,0.0
6986,9.264,6.078,2.98,0.0
6987,9.37,6.189,3.03,0.0
6988,9.687,6.522,3.171,0.0
6989,10.955,7.854,3.722,0.0
6990,11.272,8.187,3.868,0.0
6991,11.166,8.076,3.832,0.0
6992,11.043,7.663,3.941,0.0
6993,5.237,0.0,3.199,0.0
6994,1.185,0.0,1.741,0.0
6995,0.443,0.0,0.448,0.0
6996,0.0,0.0,0.615,0.0
6997,1.973,0.0,1.56,0.0
6998,1.726,0.0,1.459,0.0
6999,4.937,0.0,2.251,0.0
7000,9.12,0.0,3.21,0.0
7001,9.379,0.0,3.293,0.0
7002,10.575,5.375,3.487,0.0
7003,11.483,8.409,3.892,0.0
7004,11.906,8.853,4.092,0.0
7005,11.906,8.853,4.11,0.0
7006,12.011,8.964,4.171,0.0
7007,12.117,9.075,4.23,0.0
7008,12.645,9.63,4.471,0.0
7009,12.328,9.297,4.347,0.0
7010,12.962,9.963,4.631,0.0
7011,12.434,9.408,4.414,0.0
7012,12.328,9.297,4.377,0.0
7013,12.751,9.741,4.566,0.0
7014,12.856,9.852,4.619,0.0
7015,13.173,10.185,4.762,0.0
7016,12.707,9.375,4.734,0.0
7017,4.358,0.0,3.817,0.0
7018,5.828,0.0,3.307,0.0
7019,4.426,-15.694,2.166,0.0
7020,3.244,0.0,2.268,0.0
7021,3.449,0.0,2.437,0.0
7022,5.863,0.0,3.207,0.0
7023,7.089,0.0,3.605,0.0
7024,7.649,0.0,3.482,0.0
7025,11.219,0.0,4.442,0.0
7026,14.867,10.395,5.421,0.0
7027,15.603,12.738,5.712,0.0
7028,14.864,11.961,5.422,0.0
7029,15.709,12.849,5.808,0.0
7030,14.97,12.072,5.512,0.0
7031,14.653,11.739,5.392,0.0
7032,15.603,12.738,5.816,0.0
7033,16.026,13.182,6.014,0.0
7034,15.286,12.405,5.71,0.0
7035,16.66,13.848,6.313,0.0
7036,15.075,12.183,5.644,0.0
7037,14.97,12.072,5.606,0.0
7038,15.181,12.294,5.702,0.0
7039,14.653,11.739,5.48,0.0
7040,13.335,10.259,4.969,0.0
7041,10.937,6.34,4.412,0.0
7042,2.632,0.0,2.514,0.0
7043,2.689,-30.152,1.257,0.0
7044,0.727,0.0,0.792,0.0
7045,0.632,-0.136,0.403,0.0
7046,0.823,0.0,0.735,0.0
7047,2.101,0.0,1.351,0.0
7048,3.231,0.0,1.312,0.0
7049,6.692,0.0,2.288,0.0
7050,10.256,0.0,3.332,0.0
7051,11.01,1.764,3.619,0.0
7052,11.06,7.965,3.676,0.0
7053,11.272,8.187,3.788,0.0
7054,11.694,8.631,3.989,0.0
7055,11.589,8.52,3.962,0.0
7056,11.377,8.298,3.886,0.0
7057,11.377,8.298,3.899,0.0
7058,11.166,8.076,3.82,0.0
7059,11.166,8.076,3.829,0.0
7060,11.272,8.187,3.882,0.0
7061,11.166,8.076,3.844,0.0
7062,11.377,8.298,3.941,0.0
7063,11.694,8.631,4.084,0.0
7064,10.982,7.2,4.056,0.0
7065,8.973,2.602,3.73,0.0
7066,5.909,0.0,2.891,0.0
7067,3.003,0.0,1.966,0.0
7068,1.143,-0.825,1.303,0.0
7069,0.0,0.0,0.612,0.0
7070,0.0,0.0,0.297,0.0
7071,2.848,0.0,1.471,0.0
7072,6.497,0.0,2.064,0.0
7073,7.294,0.0,2.299,0.0
7074,8.943,0.0,2.805,0.0
7075,10.522,6.125,3.435,0.0
7076,11.272,8.187,3.78,0.0
7077,11.166,8.076,3.755,0.0
7078,11.06,7.965,3.726,0.0
7079,11.483,8.409,3.923,0.0
7080,11.694,8.631,4.028,0.0
7081,12.751,9.741,4.497,0.0
7082,12.539,9.519,4.422,0.0
7083,12.434,9.408,4.39,0.0
7084,11.906,8.853,4.173,0.0
7085,12.856,9.852,4.591,0.0
7086,14.124,11.184,5.147,0.0
7087,14.547,11.628,5.344,0.0
7088,13.6,9.601,5.328,0.0
7089,9.563,0.0,4.85,0.0
7090,10.544,4.709,4.307,0.0
7091,9.504,4.118,4.257,0.0
7092,10.445,6.675,4.318,0.0
7093,10.404,6.768,4.181,0.0
7094,11.415,8.103,4.31,0.0
7095,11.832,8.568,4.461,0.0
7096,11.204,7.891,4.222,0.0
7097,10.612,7.374,3.828,0.0
7098,11.069,7.953,3.886,0.0
7099,10.849,7.743,3.762,0.0
7100,11.06,7.965,3.851,0.0
7101,11.166,8.076,3.896,0.0
7102,11.166,8.076,3.896,0.0
7103,10.849,7.743,3.759,0.0
7104,10.849,7.743,3.758,0.0
7105,10.743,7.632,3.711,0.0
7106,10.532,7.41,3.618,0.0
7107,10.532,7.41,3.616,0.0
7108,10.849,7.743,3.751,0.0
7109,11.906,8.853,4.206,0.0
7110,11.906,8.853,4.21,0.0
7111,12.962,9.963,4.669,0.0
7112,11.502,7.288,4.458,0.0
7113,3.261,0.0,3.317,0.0
7114,1.418,0.0,1.955,0.0
7115,1.387,-4.828,0.618,0.0
7116,0.856,0.0,1.128,0.0
7117,4.286,0.0,2.512,0.0
7118,5.072,0.0,2.89,0.0
7119,2.41,0.0,1.0,0.0
7120,5.011,0.0,2.154,0.0
7121,8.843,0.0,3.195,0.0
7122,13.522,1.482,4.689,0.0
7123,12.856,9.852,4.453,0.0
7124,14.653,11.739,5.255,0.0
7125,14.441,11.517,5.194,0.0
7126,16.132,13.293,5.949,0.0
7127,14.864,11.961,5.432,0.0
7128,14.653,11.739,5.361,0.0
7129,16.66,13.848,6.244,0.0
7130,15.392,12.516,5.721,0.0
7131,16.449,13.626,6.191,0.0
7132,17.611,14.847,6.71,0.0
7133,17.611,14.847,6.73,0.0
7134,17.4,14.625,6.656,0.0
7135,17.505,14.736,6.716,0.0
7136,15.746,11.628,6.394,0.0
7137,2.583,0.0,4.12,0.0
7138,4.135,0.0,3.003,0.0
7139,3.742,0.0,1.794,0.0
7140,1.673,0.0,1.338,0.0
7141,0.846,0.0,1.044,0.0
7142,1.555,0.0,0.805,0.0
7143,1.983,0.0,1.281,0.0
7144,4.023,0.0,1.49,0.0
7145,7.899,0.0,2.818,0.0
7146,13.079,0.0,4.51,0.0
7147,15.058,10.024,5.389,0.0
7148,16.237,13.404,5.938,0.0
7149,17.188,14.403,6.385,0.0
7150,18.139,15.402,6.83,0.0
7151,18.562,15.846,7.047,0.0
7152,19.196,16.512,7.353,0.0
7153,19.724,17.067,7.611,0.0
7154,19.724,17.067,7.64,0.0
7155,19.301,16.623,7.483,0.0
7156,19.83,17.178,7.731,0.0
7157,19.09,16.401,7.433,0.0
7158,18.562,15.846,7.22,0.0
7159,16.766,13.959,6.456,0.0
7160,12.889,8.976,5.09,0.0
7161,7.821,0.0,4.304,0.0
7162,7.13,0.0,3.462,0.0
7163,4.234,0.0,2.545,0.0
7164,4.204,0.0,2.416,0.0
7165,4.015,0.0,2.386,0.0
7166,4.051,0.0,2.378,0.0
7167,6.392,0.0,2.844,0.0
7168,7.751,0.0,3.187,0.0
7169,9.966,0.0,3.556,0.0
7170,11.159,7.258,3.842,0.0
7171,11.06,7.965,3.806,0.0
7172,10.849,7.743,3.72,0.0
7173,11.589,8.52,4.042,0.0
7174,11.483,8.409,4.003,0.0
7175,11.8,8.742,4.144,0.0
7176,12.751,9.741,4.559,0.0
7177,12.751,9.741,4.567,0.0
7178,12.751,9.741,4.575,0.0
7179,12.645,9.63,4.535,0.0
7180,12.539,9.519,4.495,0.0
7181,12.328,9.297,4.408,0.0
7182,11.8,8.742,4.183,0.0
7183,11.377,8.298,4.001,0.0
7184,11.06,7.965,3.863,0.0
7185,10.48,7.254,3.722,0.0
7186,9.432,5.944,3.485,0.0
7187,8.65,5.043,3.248,0.0
7188,6.468,2.354,2.704,0.0
7189,4.377,0.0,2.251,0.0
7190,5.732,0.836,2.41,0.0
7191,7.188,3.476,2.649,0.0
7192,8.451,5.02,2.934,0.0
7193,9.119,5.848,3.052,0.0
7194,9.581,6.411,3.146,0.0
7195,9.475,6.3,3.102,0.0
7196,9.581,6.411,3.149,0.0
7197,9.898,6.744,3.288,0.0
7198,10.215,7.077,3.427,0.0
7199,10.004,6.855,3.339,0.0
7200,10.109,6.966,3.387,0.0
7201,10.215,7.077,3.435,0.0
7202,10.426,7.299,3.528,0.0
7203,10.426,7.299,3.531,0.0
7204,10.109,6.966,3.397,0.0
7205,9.687,6.522,3.216,0.0
7206,9.053,5.856,2.942,0.0
7207,8.947,5.745,2.894,0.0
7208,9.374,6.172,3.106,0.0
7209,8.314,4.564,2.885,0.0
7210,6.72,2.863,2.439,0.0
7211,4.482,0.0,1.849,0.0
7212,4.035,0.0,1.618,0.0
7213,3.724,0.0,1.432,0.0
7214,3.577,0.0,1.268,0.0
7215,3.25,0.0,1.051,0.0
7216,4.367,0.0,1.179,0.0
7217,5.521,1.392,1.421,0.0
7218,5.883,2.526,1.47,0.0
7219,5.989,2.637,1.513,0.0
7220,6.411,3.081,1.694,0.0
7221,6.834,3.525,1.877,0.0
7222,7.468,4.191,2.152,0.0
7223,8.525,5.301,2.612,0.0
7224,9.581,6.411,3.075,0.0
7225,10.215,7.077,3.359,0.0
7226,10.743,7.632,3.599,0.0
7227,11.06,7.965,3.748,0.0
7228,11.589,8.52,3.987,0.0
7229,11.8,8.742,4.091,0.0
7230,12.117,9.075,4.239,0.0
7231,13.385,10.407,4.797,0.0
7232,12.861,9.835,4.617,0.0
7233,10.196,3.483,4.178,0.0
7234,7.857,0.0,3.792,0.0
7235,5.747,0.0,2.983,0.0
7236,3.099,0.0,2.035,0.0
7237,1.725,0.0,1.466,0.0
7238,1.956,0.0,1.367,0.0
7239,2.588,0.0,1.304,0.0
7240,4.472,0.0,1.585,0.0
7241,6.314,0.0,1.864,0.0
7242,6.859,0.0,1.866,0.0
7243,6.37,0.0,1.666,0.0
7244,6.186,1.129,1.594,0.0
7245,7.045,3.747,1.968,0.0
7246,7.468,4.191,2.153,0.0
7247,7.785,4.524,2.294,0.0
7248,7.679,4.413,2.253,0.0
7249,6.411,3.081,1.71,0.0
7250,6.411,3.081,1.709,0.0
7251,6.728,3.414,1.844,0.0
7252,6.517,3.192,1.753,0.0
7253,6.94,3.636,1.935,0.0
7254,6.94,3.636,1.935,0.0
7255,7.151,3.858,2.027,0.0
7256,7.472,4.174,2.198,0.0
7257,6.242,1.31,2.059,0.0
7258,4.346,0.0,1.644,0.0
7259,3.347,0.0,1.377,0.0
7260,3.682,0.0,1.45,0.0
7261,2.883,0.0,1.246,0.0
7262,2.41,0.0,1.074,0.0
7263,2.111,0.0,0.941,0.0
7264,2.831,0.0,1.01,0.0
7265,5.596,0.0,1.693,0.0
7266,8.067,0.512,2.349,0.0
7267,9.37,6.189,2.932,0.0
7268,10.109,6.966,3.267,0.0
7269,10.532,7.41,3.466,0.0
7270,10.849,7.743,3.62,0.0
7271,11.377,8.298,3.863,0.0
7272,11.8,8.742,4.061,0.0
7273,11.906,8.853,4.122,0.0
7274,13.702,10.74,4.91,0.0
7275,12.539,9.519,4.428,0.0
7276,13.596,10.629,4.896,0.0
7277,13.49,10.518,4.865,0.0
7278,13.068,10.074,4.695,0.0
7279,12.222,9.186,4.341,0.0
7280,11.589,8.52,4.072,0.0
7281,9.95,5.655,3.705,0.0
7282,7.7,3.05,2.998,0.0
7283,6.069,1.333,2.545,0.0
7284,3.858,0.0,1.884,0.0
7285,2.326,0.0,1.445,0.0
7286,2.228,0.0,1.248,0.0
7287,1.935,0.0,1.108,0.0
7288,2.592,0.0,1.008,0.0
7289,5.824,0.0,1.895,0.0
7290,8.368,0.0,2.503,0.0
7291,7.883,3.716,2.315,0.0
7292,7.362,4.08,2.1,0.0
7293,7.891,4.635,2.332,0.0
7294,9.158,5.967,2.885,0.0
7295,9.792,6.633,3.168,0.0
7296,11.589,8.52,3.954,0.0
7297,12.434,9.408,4.335,0.0
7298,12.539,9.519,4.398,0.0
7299,12.539,9.519,4.414,0.0
7300,12.539,9.519,4.428,0.0
7301,12.117,9.075,4.258,0.0
7302,11.589,8.52,4.04,0.0
7303,11.166,8.076,3.864,0.0
7304,10.849,7.743,3.731,0.0
7305,8.102,0.537,3.324,0.0
7306,7.381,1.748,2.902,0.0
7307,4.932,0.0,2.35,0.0
7308,4.154,0.0,2.111,0.0
7309,2.319,0.0,1.648,0.0
7310,5.554,0.0,2.306,0.0
7311,7.411,0.0,2.583,0.0
7312,9.132,0.795,3.084,0.0
7313,10.224,7.066,3.415,0.0
7314,10.215,7.077,3.392,0.0
7315,10.109,6.966,3.354,0.0
7316,9.898,6.744,3.269,0.0
7317,9.687,6.522,3.183,0.0
7318,9.687,6.522,3.186,0.0
7319,9.37,6.189,3.053,0.0
7320,9.581,6.411,3.145,0.0
7321,11.906,8.853,4.149,0.0
7322,13.279,10.296,4.752,0.0
7323,13.173,10.185,4.721,0.0
7324,13.279,10.296,4.779,0.0
7325,13.173,10.185,4.745,0.0
7326,12.751,9.741,4.572,0.0
7327,12.856,9.852,4.624,0.0
7328,12.539,9.519,4.494,0.0
7329,10.547,4.828,4.161,0.0
7330,8.149,0.0,3.427,0.0
7331,5.13,0.0,2.567,0.0
7332,2.724,0.0,1.82,0.0
7333,2.965,0.0,1.781,0.0
7334,2.927,0.0,1.585,0.0
7335,6.889,0.0,2.332,0.0
7336,8.616,0.0,2.835,0.0
7337,8.712,0.298,2.785,0.0
7338,8.736,5.523,2.752,0.0
7339,8.419,5.19,2.617,0.0
7340,8.313,5.079,2.573,0.0
7341,7.785,4.524,2.346,0.0
7342,8.102,4.857,2.481,0.0
7343,7.574,4.302,2.253,0.0
7344,8.525,5.301,2.661,0.0
7345,8.208,4.968,2.526,0.0
7346,8.525,5.301,2.663,0.0
7347,8.63,5.412,2.71,0.0
7348,8.736,5.523,2.757,0.0
7349,8.842,5.634,2.804,0.0
7350,8.208,4.968,2.533,0.0
7351,8.208,4.968,2.532,0.0
7352,8.952,5.728,2.883,0.0
7353,7.103,0.0,2.776,0.0
7354,5.75,0.0,2.351,0.0
7355,5.237,0.0,2.116,0.0
7356,4.314,0.0,1.955,0.0
7357,5.03,0.0,1.917,0.0
7358,1.129,0.0,0.926,0.0
7359,4.476,0.0,1.373,0.0
7360,4.374,0.0,1.268,0.0
7361,5.44,0.0,1.472,0.0
7362,6.921,1.318,1.898,0.0
7363,7.362,4.08,2.097,0.0
7364,7.679,4.413,2.238,0.0
7365,7.891,4.635,2.335,0.0
7366,7.996,4.746,2.386,0.0
7367,8.313,5.079,2.528,0.0
7368,9.264,6.078,2.944,0.0
7369,10.321,7.188,3.409,0.0
7370,12.539,9.519,4.377,0.0
7371,12.645,9.63,4.441,0.0
7372,12.011,8.964,4.184,0.0
7373,11.483,8.409,3.969,0.0
7374,13.49,10.518,4.843,0.0
7375,14.758,11.85,5.405,0.0
7376,14.446,11.5,5.319,0.0
7377,6.436,0.0,4.0,0.0
7378,3.681,0.0,2.309,0.0
7379,1.893,0.0,1.03,0.0
7380,0.124,0.0,0.323,0.0
7381,0.043,0.0,0.13,0.0
7382,1.733,0.0,0.967,0.0
7383,6.069,0.0,2.278,0.0
7384,6.884,0.0,2.456,0.0
7385,8.628,0.0,2.747,0.0
7386,9.444,2.428,2.961,0.0
7387,9.264,6.078,2.907,0.0
7388,9.053,5.856,2.829,0.0
7389,9.053,5.856,2.84,0.0
7390,9.158,5.967,2.895,0.0
7391,9.158,5.967,2.904,0.0
7392,9.158,5.967,2.912,0.0
7393,9.475,6.3,3.055,0.0
7394,9.581,6.411,3.108,0.0
7395,9.898,6.744,3.251,0.0
7396,10.638,7.521,3.577,0.0
7397,11.272,8.187,3.859,0.0
7398,11.8,8.742,4.097,0.0
7399,11.694,8.631,4.063,0.0
7400,11.272,8.187,3.89,0.0
7401,7.686,0.0,3.84,0.0
7402,6.107,0.0,3.249,0.0
7403,5.324,0.0,2.634,0.0
7404,2.097,0.0,1.066,0.0
7405,0.0,0.0,0.046,0.0
7406,0.0,0.0,0.0,0.0
7407,0.125,0.0,0.0,0.0
7408,1.986,0.0,0.0,0.0
7409,5.335,0.0,1.302,0.0
7410,8.72,0.0,2.591,0.0
7411,9.096,0.0,2.785,0.0
7412,7.773,3.024,2.244,0.0
7413,8.63,5.412,2.626,0.0
7414,8.947,5.745,2.775,0.0
7415,9.898,6.744,3.196,0.0
7416,10.849,7.743,3.62,0.0
7417,11.483,8.409,3.909,0.0
7418,12.011,8.964,4.153,0.0
7419,12.328,9.297,4.306,0.0
7420,13.173,10.185,4.685,0.0
7421,13.596,10.629,4.884,0.0
7422,14.019,11.073,5.083,0.0
7423,14.336,11.406,5.235,0.0
7424,15.075,12.183,5.569,0.0
7425,9.869,0.0,4.565,0.0
7426,5.843,0.0,3.238,0.0
7427,4.263,0.0,1.926,0.0
7428,1.577,0.0,0.746,0.0
7429,0.0,-3.896,0.0,0.0
7430,0.0,0.0,0.0,0.0
7431,0.238,0.0,0.0,0.0
7432,2.596,0.0,0.127,0.0
7433,10.257,0.0,3.536,0.0
7434,14.04,0.74,4.914,0.0
7435,16.026,13.182,5.826,0.0
7436,15.92,13.071,5.819,0.0
7437,15.498,12.627,5.67,0.0
7438,14.758,11.85,5.378,0.0
7439,15.181,12.294,5.582,0.0
7440,16.132,13.293,6.012,0.0
7441,14.124,11.184,5.168,0.0
7442,15.075,12.183,5.59,0.0
7443,16.343,13.515,6.15,0.0
7444,15.498,12.627,5.802,0.0
7445,15.709,12.849,5.904,0.0
7446,16.343,13.515,6.188,0.0
7447,16.871,14.07,6.428,0.0
7448,17.188,14.403,6.577,0.0
7449,12.685,2.301,5.81,0.0
7450,8.437,0.0,4.382,0.0
7451,6.378,0.0,2.882,0.0
7452,3.895,0.0,1.789,0.0
7453,2.796,0.0,1.3,0.0
7454,2.482,0.0,1.099,0.0
7455,4.777,0.0,1.983,0.0
7456,7.944,0.0,3.133,0.0
7457,11.145,0.0,3.95,0.0
7458,12.81,4.098,4.39,0.0
7459,13.596,10.629,4.771,0.0
7460,14.019,11.073,4.983,0.0
7461,14.019,11.073,5.011,0.0
7462,13.385,10.407,4.762,0.0
7463,12.856,9.852,4.554,0.0
7464,12.645,9.63,4.477,0.0
7465,12.856,9.852,4.581,0.0
7466,13.385,10.407,4.82,0.0
7467,13.913,10.962,5.06,0.0
7468,13.173,10.185,4.754,0.0
7469,13.068,10.074,4.716,0.0
7470,12.962,9.963,4.678,0.0
7471,13.49,10.518,4.911,0.0
7472,13.596,10.629,4.964,0.0
7473,9.099,0.0,4.641,0.0
7474,7.477,0.0,3.775,0.0
7475,5.981,-3.99,2.804,0.0
7476,4.395,0.0,2.05,0.0
7477,3.671,0.0,1.653,0.0
7478,3.684,0.0,1.494,0.0
7479,4.646,0.0,1.876,0.0
7480,7.979,0.0,3.096,0.0
7481,11.532,0.0,3.891,0.0
7482,12.713,5.062,4.369,0.0
7483,12.962,9.963,4.514,0.0
7484,14.019,11.073,4.995,0.0
7485,14.124,11.184,5.067,0.0
7486,14.653,11.739,5.319,0.0
7487,15.392,12.516,5.66,0.0
7488,15.709,12.849,5.82,0.0
7489,16.026,13.182,5.977,0.0
7490,15.92,13.071,5.952,0.0
7491,16.132,13.293,6.06,0.0
7492,16.871,14.07,6.394,0.0
7493,17.083,14.292,6.502,0.0
7494,17.717,14.958,6.79,0.0
7495,16.766,13.959,6.396,0.0
7496,18.034,15.291,6.953,0.0
7497,12.527,2.724,5.622,0.0
7498,8.46,0.0,4.228,0.0
7499,5.554,-6.713,2.59,0.0
7500,3.724,0.0,1.747,0.0
7501,2.275,0.0,1.056,0.0
7502,2.994,0.0,1.738,0.0
7503,4.113,0.0,1.895,0.0
7504,8.244,0.0,2.819,0.0
7505,9.299,0.0,2.996,0.0
7506,9.232,2.15,2.932,0.0
7507,9.581,6.411,3.098,0.0
7508,9.792,6.633,3.197,0.0
7509,8.525,5.301,2.658,0.0
7510,11.166,8.076,3.799,0.0
7511,10.849,7.743,3.674,0.0
7512,10.321,7.188,3.455,0.0
7513,9.792,6.633,3.233,0.0
7514,10.321,7.188,3.464,0.0
7515,10.004,6.855,3.332,0.0
7516,10.532,7.41,3.563,0.0
7517,11.906,8.853,4.16,0.0
7518,11.906,8.853,4.169,0.0
7519,12.856,9.852,4.587,0.0
7520,12.751,9.741,4.553,0.0
7521,11.107,2.533,4.602,0.0
7522,7.541,0.0,3.212,0.0
7523,2.459,0.0,1.369,0.0
7524,0.009,-12.604,0.363,0.0
7525,0.0,0.0,0.0,0.0
7526,0.0,0.0,0.0,0.0
7527,1.311,0.0,0.121,0.0
7528,4.858,0.0,1.555,0.0
7529,7.469,0.0,2.179,0.0
7530,8.973,0.0,2.73,0.0
7531,10.083,3.678,3.237,0.0
7532,11.166,8.076,3.729,0.0
7533,13.068,10.074,4.569,0.0
7534,14.864,11.961,5.368,0.0
7535,15.709,12.849,5.761,0.0
7536,15.603,12.738,5.744,0.0
7537,15.815,12.96,5.86,0.0
7538,16.026,13.182,5.973,0.0
7539,16.132,13.293,6.039,0.0
7540,16.343,13.515,6.148,0.0
7541,16.449,13.626,6.21,0.0
7542,16.343,13.515,6.18,0.0
7543,16.871,14.07,6.421,0.0
7544,17.083,14.292,6.525,0.0
7545,16.772,13.937,6.433,0.0
7546,15.506,12.414,6.087,0.0
7547,14.1,10.746,5.684,0.0
7548,12.93,9.264,5.437,0.0
7549,12.342,8.595,5.261,0.0
7550,11.922,8.105,5.137,0.0
7551,11.702,7.95,4.974,0.0
7552,13.149,9.846,5.215,0.0
7553,15.102,12.147,5.759,0.0
7554,16.343,13.515,6.209,0.0
7555,16.766,13.959,6.401,0.0
7556,17.928,15.18,6.911,0.0
7557,17.822,15.069,6.879,0.0
7558,17.083,14.292,6.571,0.0
7559,17.188,14.403,6.623,0.0
7560,17.4,14.625,6.721,0.0
7561,17.822,15.069,6.909,0.0
7562,17.928,15.18,6.962,0.0
7563,18.139,15.402,7.06,0.0
7564,19.407,16.734,7.613,0.0
7565,19.301,16.623,7.578,0.0
7566,18.773,16.068,7.36,0.0
7567,18.667,15.957,7.32,0.0
7568,18.879,16.179,7.416,0.0
7569,15.997,8.485,6.866,0.0
7570,14.273,2.034,6.192,0.0
7571,11.891,0.77,5.393,0.0
7572,9.281,0.0,4.644,0.0
7573,6.982,0.0,3.66,0.0
7574,8.212,0.0,3.931,0.0
7575,8.281,0.0,3.764,0.0
7576,11.112,0.0,4.162,0.0
7577,11.898,6.715,4.267,0.0
7578,12.117,9.075,4.336,0.0
7579,12.117,9.075,4.336,0.0
7580,11.377,8.298,4.017,0.0
7581,11.483,8.409,4.059,0.0
7582,11.589,8.52,4.102,0.0
7583,12.011,8.964,4.283,0.0
7584,12.645,9.63,4.557,0.0
7585,12.117,9.075,4.331,0.0
7586,11.377,8.298,4.013,0.0
7587,9.581,6.411,3.236,0.0
7588,9.158,5.967,3.045,0.0
7589,9.37,6.189,3.126,0.0
7590,10.532,7.41,3.62,0.0
7591,11.906,8.853,4.21,0.0
7592,14.441,11.517,5.306,0.0
7593,9.967,0.0,4.387,0.0
7594,5.973,0.0,2.967,0.0
7595,3.334,-5.646,1.635,0.0
7596,1.567,0.0,0.847,0.0
7597,0.183,0.0,0.343,0.0
7598,0.866,0.0,0.7,0.0
7599,3.283,0.0,1.209,0.0
7600,4.893,0.0,1.599,0.0
7601,8.437,0.0,2.59,0.0
7602,8.888,0.0,2.721,0.0
7603,10.099,5.624,3.268,0.0
7604,10.215,7.077,3.337,0.0
7605,10.532,7.41,3.488,0.0
7606,11.166,8.076,3.775,0.0
7607,11.694,8.631,4.017,0.0
7608,12.328,9.297,4.306,0.0
7609,12.011,8.964,4.184,0.0
7610,12.539,9.519,4.424,0.0
7611,13.279,10.296,4.756,0.0
7612,13.49,10.518,4.861,0.0
7613,13.702,10.74,4.965,0.0
7614,13.913,10.962,5.068,0.0
7615,13.173,10.185,4.761,0.0
7616,13.173,10.185,4.769,0.0
7617,13.185,9.958,4.877,0.0
7618,10.536,1.446,4.254,0.0
7619,8.822,0.0,3.869,0.0
7620,8.605,0.959,3.771,0.0
7621,9.062,5.208,3.681,0.0
7622,10.341,7.04,3.744,0.0
7623,9.285,5.73,3.509,0.0
7624,9.759,6.333,3.598,0.0
7625,10.554,7.345,3.737,0.0
7626,11.166,8.076,3.874,0.0
7627,11.377,8.298,3.968,0.0
7628,11.589,8.52,4.062,0.0
7629,11.483,8.409,4.02,0.0
7630,11.8,8.742,4.159,0.0
7631,11.8,8.742,4.162,0.0
7632,11.589,8.52,4.074,0.0
7633,11.166,8.076,3.894,0.0
7634,11.272,8.187,3.939,0.0
7635,11.377,8.298,3.985,0.0
7636,10.743,7.632,3.713,0.0
7637,10.426,7.299,3.575,0.0
7638,11.06,7.965,3.845,0.0
7639,11.166,8.076,3.891,0.0
7640,11.272,8.187,3.937,0.0
7641,10.199,6.888,3.547,0.0
7642,8.813,3.045,3.332,0.0
7643,6.937,0.021,2.868,0.0
7644,4.661,0.0,2.238,0.0
7645,4.908,0.0,2.266,0.0
7646,5.588,0.0,2.325,0.0
7647,6.255,0.0,2.374,0.0
7648,5.353,0.0,1.977,0.0
7649,9.265,3.378,3.059,0.0
7650,11.694,8.631,3.992,0.0
7651,12.117,9.075,4.192,0.0
7652,14.336,11.406,5.166,0.0
7653,13.385,10.407,4.779,0.0
7654,12.117,9.075,4.25,0.0
7655,13.807,10.851,4.989,0.0
7656,14.23,11.295,5.186,0.0
7657,14.864,11.961,5.475,0.0
7658,15.603,12.738,5.809,0.0
7659,15.92,13.071,5.962,0.0
7660,15.498,12.627,5.796,0.0
7661,14.97,12.072,5.58,0.0
7662,14.547,11.628,5.406,0.0
7663,14.653,11.739,5.458,0.0
7664,14.653,11.739,5.464,0.0
7665,14.118,11.101,5.273,0.0
7666,13.071,9.88,4.978,0.0
7667,11.937,8.595,4.605,0.0
7668,11.731,8.405,4.509,0.0
7669,10.769,7.246,4.251,0.0
7670,10.668,7.117,4.23,0.0
7671,11.309,7.977,4.305,0.0
7672,12.183,9.063,4.48,0.0
7673,12.751,9.741,4.618,0.0
7674,12.962,9.963,4.71,0.0
7675,13.173,10.185,4.803,0.0
7676,12.751,9.741,4.623,0.0
7677,14.653,11.739,5.443,0.0
7678,13.385,10.407,4.904,0.0
7679,12.856,9.852,4.678,0.0
7680,12.539,9.519,4.541,0.0
7681,12.645,9.63,4.585,0.0
7682,12.328,9.297,4.448,0.0
7683,12.222,9.186,4.4,0.0
7684,11.377,8.298,4.033,0.0
7685,12.751,9.741,4.62,0.0
7686,13.49,10.518,4.94,0.0
7687,13.068,10.074,4.761,0.0
7688,12.222,9.186,4.398,0.0
7689,11.676,8.424,4.233,0.0
7690,8.507,0.0,3.609,0.0
7691,6.365,0.0,2.973,0.0
7692,6.645,0.0,3.048,0.0
7693,7.461,0.0,3.221,0.0
7694,6.677,0.0,3.016,0.0
7695,7.22,0.0,3.005,0.0
7696,9.288,0.0,3.352,0.0
7697,11.057,7.878,3.834,0.0
7698,11.06,7.965,3.807,0.0
7699,10.638,7.521,3.629,0.0
7700,10.638,7.521,3.632,0.0
7701,10.426,7.299,3.543,0.0
7702,10.321,7.188,3.499,0.0
7703,10.321,7.188,3.499,0.0
7704,10.215,7.077,3.454,0.0
7705,10.532,7.41,3.591,0.0
7706,10.321,7.188,3.501,0.0
7707,10.109,6.966,3.41,0.0
7708,9.581,6.411,3.182,0.0
7709,8.63,5.412,2.77,0.0
7710,7.996,4.746,2.491,0.0
7711,7.362,4.08,2.21,0.0
7712,7.045,3.747,2.065,0.0
7713,6.813,3.306,2.029,0.0
7714,6.373,2.905,1.895,0.0
7715,5.11,1.354,1.562,0.0
7716,5.586,2.035,1.611,0.0
7717,5.593,2.021,1.634,0.0
7718,5.804,2.246,1.717,0.0
7719,5.963,2.481,1.7,0.0
7720,6.218,2.834,1.697,0.0
7721,6.623,3.303,1.811,0.0
7722,6.728,3.414,1.855,0.0
7723,6.94,3.636,1.945,0.0
7724,7.045,3.747,1.99,0.0
7725,7.045,3.747,1.99,0.0
7726,7.468,4.191,2.172,0.0
7727,7.257,3.969,2.083,0.0
7728,7.151,3.858,2.038,0.0
7729,7.045,3.747,1.993,0.0
7730,7.045,3.747,1.993,0.0
7731,7.257,3.969,2.084,0.0
7732,7.362,4.08,2.13,0.0
7733,7.257,3.969,2.085,0.0
7734,7.468,4.191,2.177,0.0
7735,7.362,4.08,2.132,0.0
7736,7.257,3.969,2.087,0.0
7737,7.038,3.655,2.029,0.0
7738,6.372,2.902,1.844,0.0
7739,5.529,1.83,1.666,0.0
7740,4.537,0.552,1.469,0.0
7741,3.099,0.0,1.18,0.0
7742,2.958,0.0,1.051,0.0
7743,5.052,0.0,1.367,0.0
7744,5.79,1.802,1.469,0.0
7745,6.306,2.97,1.635,0.0
7746,6.411,3.081,1.683,0.0
7747,6.517,3.192,1.73,0.0
7748,6.728,3.414,1.823,0.0
7749,6.94,3.636,1.917,0.0
7750,7.151,3.858,2.011,0.0
7751,7.151,3.858,2.015,0.0
7752,7.151,3.858,2.018,0.0
7753,7.257,3.969,2.066,0.0
7754,7.468,4.191,2.16,0.0
7755,7.785,4.524,2.3,0.0
7756,7.996,4.746,2.395,0.0
7757,8.102,4.857,2.445,0.0
7758,8.313,5.079,2.54,0.0
7759,8.208,4.968,2.499,0.0
7760,8.102,4.857,2.457,0.0
7761,8.208,4.968,2.505,0.0
7762,8.33,5.047,2.619,0.0
7763,8.59,5.283,2.782,0.0
7764,8.756,5.364,2.965,0.0
7765,8.773,5.305,3.066,0.0
7766,8.657,5.241,2.96,0.0
7767,7.39,3.626,2.703,0.0
7768,8.755,5.367,2.974,0.0
7769,9.37,6.189,3.027,0.0
7770,9.37,6.189,3.032,0.0
7771,9.687,6.522,3.173,0.0
7772,10.109,6.966,3.36,0.0
7773,10.321,7.188,3.456,0.0
7774,10.426,7.299,3.508,0.0
7775,10.638,7.521,3.604,0.0
7776,10.743,7.632,3.656,0.0
7777,10.849,7.743,3.706,0.0
7778,11.06,7.965,3.803,0.0
7779,10.849,7.743,3.717,0.0
7780,10.849,7.743,3.721,0.0
7781,10.638,7.521,3.633,0.0
7782,11.06,7.965,3.817,0.0
7783,11.483,8.409,4.003,0.0
7784,11.694,8.631,4.099,0.0
7785,11.368,8.195,3.999,0.0
7786,9.929,5.007,3.689,0.0
7787,8.696,4.416,3.395,0.0
7788,6.57,0.145,2.841,0.0
7789,6.666,2.448,2.765,0.0
7790,5.35,0.224,2.315,0.0
7791,5.827,1.483,2.305,0.0
7792,7.712,4.184,2.636,0.0
7793,8.962,5.745,2.878,0.0
7794,8.947,5.745,2.86,0.0
7795,8.63,5.412,2.724,0.0
7796,9.053,5.856,2.906,0.0
7797,9.264,6.078,2.999,0.0
7798,9.475,6.3,3.092,0.0
7799,9.475,6.3,3.095,0.0
7800,10.215,7.077,3.416,0.0
7801,10.215,7.077,3.421,0.0
7802,9.898,6.744,3.288,0.0
7803,9.687,6.522,3.2,0.0
7804,10.004,6.855,3.338,0.0
7805,9.792,6.633,3.249,0.0
7806,9.792,6.633,3.25,0.0
7807,9.898,6.744,3.297,0.0
7808,10.109,6.966,3.39,0.0
7809,9.898,6.744,3.301,0.0
7810,9.015,5.63,3.09,0.0
7811,6.397,1.552,2.395,0.0
7812,6.05,2.101,2.215,0.0
7813,3.547,0.0,1.519,0.0
7814,0.801,0.0,0.629,0.0
7815,1.649,0.0,0.63,0.0
7816,3.763,0.0,0.952,0.0
7817,5.309,0.0,1.185,0.0
7818,5.281,0.0,1.172,0.0
7819,5.624,0.0,1.325,0.0
7820,5.542,0.0,1.295,0.0
7821,5.667,1.671,1.353,0.0
7822,5.778,2.415,1.402,0.0
7823,5.672,2.304,1.357,0.0
7824,5.461,2.082,1.266,0.0
7825,5.566,2.193,1.311,0.0
7826,5.566,2.193,1.31,0.0
7827,5.989,2.637,1.492,0.0
7828,6.2,2.859,1.585,0.0
7829,6.728,3.414,1.814,0.0
7830,7.257,3.969,2.046,0.0
7831,7.679,4.413,2.233,0.0
7832,8.102,4.857,2.422,0.0
7833,7.574,4.302,2.201,0.0
7834,6.408,2.805,1.927,0.0
7835,6.014,2.393,1.809,0.0
7836,4.634,0.755,1.405,0.0
7837,1.231,0.0,0.494,0.0
7838,2.368,0.0,0.689,0.0
7839,2.739,0.0,0.689,0.0
7840,5.28,0.0,1.295,0.0
7841,6.706,0.642,1.78,0.0
7842,6.834,3.525,1.847,0.0
7843,7.785,4.524,2.262,0.0
7844,7.891,4.635,2.317,0.0
7845,8.313,5.079,2.507,0.0
7846,9.687,6.522,3.108,0.0
7847,9.475,6.3,3.029,0.0
7848,9.581,6.411,3.085,0.0
7849,9.792,6.633,3.186,0.0
7850,9.475,6.3,3.058,0.0
7851,9.475,6.3,3.065,0.0
7852,9.475,6.3,3.071,0.0
7853,9.475,6.3,3.076,0.0
7854,9.264,6.078,2.989,0.0
7855,10.004,6.855,3.312,0.0
7856,10.955,7.854,3.727,0.0
7857,11.377,8.298,3.918,0.0
7858,11.121,7.921,3.924,0.0
7859,10.966,7.698,3.942,0.0
7860,11.091,7.754,4.091,0.0
7861,10.886,7.521,4.038,0.0
7862,11.497,8.276,4.186,0.0
7863,11.866,8.729,4.272,0.0
7864,12.175,9.077,4.383,0.0
7865,12.539,9.519,4.47,0.0
7866,12.645,9.63,4.523,0.0
7867,12.645,9.63,4.53,0.0
7868,12.751,9.741,4.581,0.0
7869,12.645,9.63,4.541,0.0
7870,12.645,9.63,4.545,0.0
7871,12.645,9.63,4.549,0.0
7872,12.751,9.741,4.598,0.0
7873,13.807,10.851,5.057,0.0
7874,15.815,12.96,5.93,0.0
7875,14.864,11.961,5.533,0.0
7876,14.336,11.406,5.314,0.0
7877,15.181,12.294,5.684,0.0
7878,14.547,11.628,5.418,0.0
7879,16.66,13.848,6.334,0.0
7880,17.188,14.403,6.574,0.0
7881,16.897,13.477,6.56,0.0
7882,12.912,0.0,5.483,0.0
7883,8.786,0.0,4.006,0.0
7884,5.682,0.0,2.815,0.0
7885,4.502,0.0,1.927,0.0
7886,4.89,0.0,2.395,0.0
7887,7.18,0.0,3.006,0.0
7888,9.766,0.0,3.646,0.0
7889,12.262,0.0,4.327,0.0
7890,12.534,8.867,4.418,0.0
7891,12.751,9.741,4.526,0.0
7892,12.856,9.852,4.584,0.0
7893,12.962,9.963,4.641,0.0
7894,13.068,10.074,4.696,0.0
7895,12.962,9.963,4.66,0.0
7896,13.173,10.185,4.759,0.0
7897,12.645,9.63,4.539,0.0
7898,12.645,9.63,4.544,0.0
7899,12.645,9.63,4.548,0.0
7900,12.434,9.408,4.46,0.0
7901,12.539,9.519,4.508,0.0
7902,12.117,9.075,4.328,0.0
7903,11.589,8.52,4.101,0.0
7904,11.272,8.187,3.963,0.0
7905,10.63,5.369,3.958,0.0
7906,10.207,6.139,3.757,0.0
7907,9.859,6.315,3.704,0.0
7908,5.877,0.0,2.553,0.0
7909,5.264,0.0,2.355,0.0
7910,5.728,0.0,2.349,0.0
7911,6.854,2.652,2.485,0.0
7912,7.97,4.58,2.623,0.0
7913,8.533,5.289,2.725,0.0
7914,9.158,5.967,2.964,0.0
7915,9.898,6.744,3.283,0.0
7916,10.426,7.299,3.514,0.0
7917,10.638,7.521,3.61,0.0
7918,11.166,8.076,3.842,0.0
7919,11.377,8.298,3.94,0.0
7920,11.906,8.853,4.174,0.0
7921,13.702,10.74,4.956,0.0
7922,14.441,11.517,5.288,0.0
7923,15.075,12.183,5.576,0.0
7924,14.97,12.072,5.546,0.0
7925,15.181,12.294,5.65,0.0
7926,14.758,11.85,5.479,0.0
7927,13.913,10.962,5.124,0.0
7928,13.913,10.962,5.129,0.0
7929,14.088,10.85,5.257,0.0
7930,13.588,10.183,5.223,0.0
7931,11.761,5.514,4.847,0.0
7932,11.115,6.421,4.703,0.0
7933,10.504,5.472,4.581,0.0
7934,10.253,5.506,4.445,0.0
7935,10.395,4.827,4.418,0.0
7936,12.292,8.949,4.731,0.0
7937,13.499,10.506,4.955,0.0
7938,14.547,11.628,5.383,0.0
7939,14.653,11.739,5.438,0.0
7940,14.864,11.961,5.537,0.0
7941,15.92,13.071,6.001,0.0
7942,16.343,13.515,6.194,0.0
7943,16.766,13.959,6.387,0.0
7944,18.245,15.513,7.036,0.0
7945,19.301,16.623,7.507,0.0
7946,19.618,16.956,7.662,0.0
7947,20.569,17.955,8.088,0.0
7948,20.781,18.177,8.198,0.0
7949,21.203,18.621,8.397,0.0
7950,21.52,18.954,8.55,0.0
7951,21.626,19.065,8.611,0.0
7952,21.837,19.287,8.716,0.0
7953,19.796,11.899,8.42,0.0
7954,15.986,0.0,7.007,0.0
7955,11.156,0.0,5.077,0.0
7956,6.684,0.0,3.156,0.0
7957,5.231,0.0,2.453,0.0
7958,5.747,0.0,2.61,0.0
7959,6.92,0.0,2.903,0.0
7960,11.024,0.0,4.299,0.0
7961,15.723,0.0,5.829,0.0
7962,15.918,12.823,5.905,0.0
7963,15.709,12.849,5.838,0.0
7964,16.026,13.182,5.993,0.0
7965,16.237,13.404,6.102,0.0
7966,16.554,13.737,6.255,0.0
7967,16.66,13.848,6.316,0.0
7968,16.449,13.626,6.239,0.0
7969,16.871,14.07,6.433,0.0
7970,17.505,14.736,6.718,0.0
7971,17.4,14.625,6.685,0.0
7972,17.083,14.292,6.559,0.0
7973,17.505,14.736,6.75,0.0
7974,17.505,14.736,6.759,0.0
7975,17.4,14.625,6.721,0.0
7976,17.294,14.514,6.682,0.0
7977,17.083,14.292,6.596,0.0
7978,16.65,13.064,6.64,0.0
7979,15.282,11.872,6.273,0.0
7980,14.081,10.291,5.987,0.0
7981,10.486,0.0,5.039,0.0
7982,10.291,0.0,4.815,0.0
7983,10.752,0.0,4.735,0.0
7984,13.06,2.577,5.218,0.0
7985,14.873,11.949,5.578,0.0
7986,14.97,12.072,5.598,0.0
7987,14.547,11.628,5.423,0.0
7988,14.653,11.739,5.472,0.0
7989,14.336,11.406,5.34,0.0
7990,14.124,11.184,5.251,0.0
7991,13.596,10.629,5.024,0.0
7992,15.498,12.627,5.843,0.0
7993,16.026,13.182,6.077,0.0
7994,15.815,12.96,5.994,0.0
7995,15.603,12.738,5.908,0.0
7996,15.498,12.627,5.867,0.0
7997,15.286,12.405,5.779,0.0
7998,14.97,12.072,5.645,0.0
7999,14.653,11.739,5.509,0.0
8000,14.441,11.517,5.417,0.0
8001,14.23,11.295,5.325,0.0
8002,13.605,10.615,5.082,0.0
8003,12.822,9.696,4.848,0.0
8004,11.93,8.661,4.566,0.0
8005,11.092,7.761,4.225,0.0
8006,9.395,5.743,3.708,0.0
8007,9.072,5.425,3.524,0.0
8008,10.294,7.017,3.731,0.0
8009,11.377,8.298,4.025,0.0
8010,12.222,9.186,4.385,0.0
8011,11.589,8.52,4.111,0.0
8012,11.483,8.409,4.063,0.0
8013,12.539,9.519,4.516,0.0
8014,12.328,9.297,4.426,0.0
8015,12.434,9.408,4.472,0.0
8016,12.328,9.297,4.428,0.0
8017,12.222,9.186,4.383,0.0
8018,12.117,9.075,4.337,0.0
8019,12.011,8.964,4.291,0.0
8020,11.694,8.631,4.154,0.0
8021,11.272,8.187,3.97,0.0
8022,11.06,7.965,3.875,0.0
8023,10.743,7.632,3.735,0.0
8024,10.215,7.077,3.503,0.0
8025,9.173,4.574,3.211,0.0
8026,8.583,5.144,2.959,0.0
8027,6.946,2.822,2.545,0.0
8028,5.641,0.341,2.258,0.0
8029,3.872,0.0,1.732,0.0
8030,3.29,0.0,1.376,0.0
8031,4.559,0.0,1.626,0.0
8032,6.226,0.0,2.059,0.0
8033,8.102,3.812,2.495,0.0
8034,8.208,4.968,2.515,0.0
8035,7.891,4.635,2.38,0.0
8036,8.63,5.412,2.699,0.0
8037,8.313,5.079,2.565,0.0
8038,8.736,5.523,2.749,0.0
8039,9.475,6.3,3.07,0.0
8040,10.426,7.299,3.486,0.0
8041,10.955,7.854,3.722,0.0
8042,11.589,8.52,4.004,0.0
8043,11.483,8.409,3.969,0.0
8044,12.539,9.519,4.433,0.0
8045,12.539,9.519,4.445,0.0
8046,12.434,9.408,4.41,0.0
8047,12.856,9.852,4.6,0.0
8048,13.173,10.185,4.746,0.0
8049,13.173,10.185,4.755,0.0
8050,11.89,6.523,4.472,0.0
8051,10.186,3.333,4.076,0.0
8052,9.406,4.779,3.855,0.0
8053,9.225,5.32,3.734,0.0
8054,6.955,0.0,3.113,0.0
8055,8.917,3.545,3.625,0.0
8056,10.871,7.541,3.98,0.0
8057,11.809,8.73,4.17,0.0
8058,12.645,9.63,4.509,0.0
8059,13.49,10.518,4.881,0.0
8060,14.441,11.517,5.302,0.0
8061,15.92,13.071,5.953,0.0
8062,15.603,12.738,5.833,0.0
8063,16.132,13.293,6.074,0.0
8064,16.343,13.515,6.179,0.0
8065,16.66,13.848,6.329,0.0
8066,16.343,13.515,6.205,0.0
8067,16.977,14.181,6.488,0.0
8068,18.245,15.513,7.045,0.0
8069,18.35,15.624,7.105,0.0
8070,17.505,14.736,6.754,0.0
8071,17.822,15.069,6.899,0.0
8072,17.822,15.069,6.908,0.0
8073,16.981,14.164,6.583,0.0
8074,15.084,2.706,6.225,0.0
8075,14.372,4.853,6.086,0.0
8076,13.442,7.791,5.817,0.0
8077,13.411,9.313,5.785,0.0
8078,14.463,11.099,5.913,0.0
8079,13.885,10.608,5.549,0.0
8080,14.353,11.38,5.448,0.0
8081,14.23,11.295,5.335,0.0
8082,13.913,10.962,5.195,0.0
8083,13.807,10.851,5.145,0.0
8084,13.702,10.74,5.096,0.0
8085,13.596,10.629,5.047,0.0
8086,13.596,10.629,5.043,0.0
8087,13.596,10.629,5.04,0.0
8088,13.49,10.518,4.991,0.0
8089,13.385,10.407,4.943,0.0
8090,13.385,10.407,4.94,0.0
8091,13.385,10.407,4.937,0.0
8092,13.49,10.518,4.981,0.0
8093,13.385,10.407,4.934,0.0
8094,13.49,10.518,4.977,0.0
8095,13.702,10.74,5.067,0.0
8096,14.124,11.184,5.249,0.0
8097,14.23,11.295,5.296,0.0
8098,14.344,11.39,5.376,0.0
8099,13.878,10.802,5.284,0.0
8100,13.615,10.458,5.249,0.0
8101,13.622,10.446,5.281,0.0
8102,13.305,10.117,5.144,0.0
8103,13.464,10.356,5.131,0.0
8104,13.931,10.936,5.224,0.0
8105,14.441,11.517,5.388,0.0
8106,14.441,11.517,5.39,0.0
8107,14.547,11.628,5.438,0.0
8108,14.758,11.85,5.531,0.0
8109,14.758,11.85,5.534,0.0
8110,14.653,11.739,5.49,0.0
8111,14.864,11.961,5.583,0.0
8112,15.286,12.405,5.768,0.0
8113,15.603,12.738,5.908,0.0
8114,15.92,13.071,6.049,0.0
8115,16.026,13.182,6.1,0.0
8116,16.026,13.182,6.104,0.0
8117,16.132,13.293,6.154,0.0
8118,16.132,13.293,6.158,0.0
8119,16.132,13.293,6.162,0.0
8120,16.026,13.182,6.12,0.0
8121,15.92,13.071,6.076,0.0
8122,15.024,11.578,5.867,0.0
8123,14.039,10.788,5.544,0.0
8124,12.872,9.277,5.293,0.0
8125,12.497,8.831,5.204,0.0
8126,12.462,8.88,5.127,0.0
8127,12.347,8.821,5.008,0.0
8128,13.097,9.8,5.13,0.0
8129,14.45,11.505,5.43,0.0
8130,14.864,11.961,5.581,0.0
8131,14.864,11.961,5.584,0.0
8132,15.075,12.183,5.677,0.0
8133,15.075,12.183,5.68,0.0
8134,15.075,12.183,5.682,0.0
8135,14.97,12.072,5.639,0.0
8136,14.864,11.961,5.595,0.0
8137,14.653,11.739,5.505,0.0
8138,14.441,11.517,5.413,0.0
8139,13.596,10.629,5.048,0.0
8140,12.751,9.741,4.68,0.0
8141,12.222,9.186,4.446,0.0
8142,10.109,6.966,3.527,0.0
8143,11.06,7.965,3.922,0.0
8144,12.011,8.964,4.323,0.0
8145,12.861,9.835,4.715,0.0
8146,11.34,1.813,4.364,0.0
8147,11.003,6.093,4.366,0.0
8148,7.979,0.0,3.651,0.0
8149,7.063,0.0,3.308,0.0
8150,7.671,0.0,3.446,0.0
8151,10.032,0.0,4.228,0.0
8152,12.27,0.0,4.8,0.0
8153,15.213,1.437,5.602,0.0
8154,16.977,14.181,6.35,0.0
8155,18.773,16.068,7.152,0.0
8156,19.935,17.289,7.684,0.0
8157,20.147,17.511,7.807,0.0
8158,22.365,19.842,8.793,0.0
8159,21.626,19.065,8.507,0.0
8160,19.935,17.289,7.805,0.0
8161,20.569,17.955,8.095,0.0
8162,20.675,18.066,8.158,0.0
8163,21.203,18.621,8.402,0.0
8164,21.52,18.954,8.554,0.0
8165,21.943,19.398,8.751,0.0
8166,22.154,19.62,8.857,0.0
8167,22.577,20.064,9.053,0.0
8168,23.105,20.619,9.294,0.0
8169,22.48,19.918,9.1,0.0
8170,18.859,0.0,8.183,0.0
8171,16.692,0.0,7.276,0.0
8172,14.54,0.0,6.308,0.0
8173,13.511,0.0,5.837,0.0
8174,13.418,0.0,5.754,0.0
8175,14.381,0.0,6.094,0.0
8176,16.772,0.0,6.806,0.0
8177,20.319,11.092,7.92,0.0
8178,21.203,18.621,8.286,0.0
8179,22.048,19.509,8.68,0.0
8180,22.048,19.509,8.709,0.0
8181,22.365,19.842,8.872,0.0
8182,22.577,20.064,8.987,0.0
8183,23.845,21.396,9.555,0.0
8184,23.739,21.285,9.533,0.0
8185,23.528,21.063,9.463,0.0
8186,24.056,21.618,9.708,0.0
8187,23.845,21.396,9.634,0.0
8188,24.478,22.062,9.921,0.0
8189,25.641,23.283,10.437,0.0
8190,25.535,23.172,10.409,0.0
8191,23.95,21.507,9.741,0.0
8192,23.95,21.507,9.748,0.0
8193,23.959,21.472,9.819,0.0
8194,20.014,0.0,8.729,0.0
8195,16.94,0.0,7.477,0.0
8196,14.934,0.0,6.603,0.0
8197,13.995,0.0,6.174,0.0
8198,13.592,0.0,5.943,0.0
8199,14.315,0.0,6.188,0.0
8200,16.822,0.0,6.921,0.0
8201,19.975,7.398,7.827,0.0
8202,21.098,18.51,8.293,0.0
8203,20.781,18.177,8.18,0.0
8204,21.203,18.621,8.381,0.0
8205,22.154,19.62,8.809,0.0
8206,22.365,19.842,8.92,0.0
8207,23.528,21.063,9.439,0.0
8208,22.894,20.397,9.186,0.0
8209,22.682,20.175,9.11,0.0
8210,23.633,21.174,9.532,0.0
8211,23.422,20.952,9.456,0.0
8212,23.845,21.396,9.65,0.0
8213,24.056,21.618,9.753,0.0
8214,24.584,22.173,9.993,0.0
8215,23.739,21.285,9.64,0.0
8216,24.056,21.618,9.784,0.0
8217,25.328,22.933,10.371,0.0
8218,19.792,0.0,8.567,0.0
8219,16.249,0.0,7.198,0.0
8220,13.469,0.0,6.069,0.0
8221,11.366,0.0,5.22,0.0
8222,10.513,0.0,4.718,0.0
8223,10.727,0.0,4.639,0.0
8224,14.015,0.0,5.692,0.0
8225,17.757,5.968,6.813,0.0
8226,18.879,16.179,7.302,0.0
8227,21.731,19.176,8.551,0.0
8228,21.837,19.287,8.623,0.0
8229,22.682,20.175,9.012,0.0
8230,23.633,21.174,9.447,0.0
8231,22.26,19.731,8.88,0.0
8232,23.528,21.063,9.443,0.0
8233,24.267,21.84,9.782,0.0
8234,24.267,21.84,9.802,0.0
8235,25.958,23.616,10.548,0.0
8236,25.535,23.172,10.388,0.0
8237,26.909,24.615,10.997,0.0
8238,26.909,24.615,11.018,0.0
8239,27.437,25.17,11.263,0.0
8240,26.063,23.727,10.689,0.0
8241,25.751,23.377,10.595,0.0
8242,19.41,0.0,8.603,0.0
8243,16.062,0.0,7.105,0.0
8244,13.707,0.0,6.295,0.0
8245,11.985,0.0,5.56,0.0
8246,11.911,0.0,5.475,0.0
8247,13.204,0.0,5.844,0.0
8248,16.829,0.0,6.93,0.0
8249,21.295,15.997,8.43,0.0
8250,22.894,20.397,9.116,0.0
8251,21.414,18.843,8.502,0.0
8252,21.309,18.732,8.472,0.0
8253,20.147,17.511,7.984,0.0
8254,19.513,16.845,7.718,0.0
8255,21.098,18.51,8.405,0.0
8256,21.203,18.621,8.46,0.0
8257,20.358,17.733,8.104,0.0
8258,18.773,16.068,7.425,0.0
8259,17.717,14.958,6.967,0.0
8260,17.4,14.625,6.825,0.0
8261,17.505,14.736,6.864,0.0
8262,18.245,15.513,7.178,0.0
8263,18.245,15.513,7.176,0.0
8264,18.139,15.402,7.129,0.0
8265,17.928,15.18,7.036,0.0
8266,17.767,14.912,7.044,0.0
8267,16.887,13.809,6.831,0.0
8268,15.931,12.561,6.638,0.0
8269,15.831,12.547,6.553,0.0
8270,15.791,12.576,6.476,0.0
8271,16.473,13.438,6.622,0.0
8272,16.889,14.043,6.61,0.0
8273,17.083,14.292,6.635,0.0
8274,16.554,13.737,6.406,0.0
8275,16.132,13.293,6.221,0.0
8276,15.075,12.183,5.761,0.0
8277,15.075,12.183,5.754,0.0
8278,14.441,11.517,5.474,0.0
8279,13.596,10.629,5.101,0.0
8280,13.49,10.518,5.045,0.0
8281,16.237,13.404,6.22,0.0
8282,18.245,15.513,7.088,0.0
8283,18.245,15.513,7.097,0.0
8284,18.879,16.179,7.379,0.0
8285,19.83,17.178,7.798,0.0
8286,20.992,18.399,8.311,0.0
8287,21.626,19.065,8.599,0.0
8288,21.626,19.065,8.615,0.0
8289,21.106,18.475,8.465,0.0
8290,18.607,6.777,7.752,0.0
8291,16.523,5.554,7.094,0.0
8292,13.882,3.222,6.22,0.0
8293,11.982,2.075,5.503,0.0
8294,12.909,8.634,5.603,0.0
8295,14.101,10.751,5.745,0.0
8296,15.147,12.14,5.905,0.0
8297,15.815,12.96,6.053,0.0
8298,16.132,13.293,6.188,0.0
8299,15.92,13.071,6.097,0.0
8300,15.181,12.294,5.777,0.0
8301,14.336,11.406,5.409,0.0
8302,13.49,10.518,5.039,0.0
8303,12.222,9.186,4.483,0.0
8304,11.06,7.965,3.97,0.0
8305,10.004,6.855,3.499,0.0
8306,8.947,5.745,3.026,0.0
8307,8.525,5.301,2.825,0.0
8308,8.208,4.968,2.67,0.0
8309,7.785,4.524,2.47,0.0
8310,7.785,4.524,2.454,0.0
8311,7.679,4.413,2.393,0.0
8312,7.257,3.969,2.198,0.0
8313,7.362,4.08,2.23,0.0
8314,6.948,3.617,2.069,0.0
8315,6.892,3.519,2.081,0.0
8316,6.695,3.264,2.045,0.0
8317,6.696,3.269,2.035,0.0
8318,6.9,3.51,2.086,0.0
8319,7.266,3.957,2.159,0.0
8320,7.583,4.29,2.292,0.0
8321,7.574,4.302,2.256,0.0
8322,7.468,4.191,2.208,0.0
8323,7.679,4.413,2.297,0.0
8324,7.362,4.08,2.158,0.0
8325,7.362,4.08,2.156,0.0
8326,7.362,4.08,2.154,0.0
8327,7.785,4.524,2.334,0.0
8328,8.842,5.634,2.789,0.0
8329,9.37,6.189,3.021,0.0
8330,9.475,6.3,3.072,0.0
8331,10.215,7.077,3.396,0.0
8332,12.645,9.63,4.451,0.0
8333,11.8,8.742,4.102,0.0
8334,11.483,8.409,3.976,0.0
8335,11.694,8.631,4.075,0.0
8336,12.962,9.963,4.629,0.0
8337,12.962,9.963,4.641,0.0
8338,11.086,0.0,4.265,0.0
8339,8.998,0.0,3.664,0.0
8340,6.437,0.0,2.919,0.0
8341,9.353,0.0,3.675,0.0
8342,5.802,0.0,2.094,0.0
8343,9.541,0.0,3.645,0.0
8344,10.643,0.0,3.842,0.0
8345,11.651,1.482,4.056,0.0
8346,11.8,8.742,4.089,0.0
8347,12.645,9.63,4.465,0.0
8348,12.222,9.186,4.297,0.0
8349,13.385,10.407,4.808,0.0
8350,13.807,10.851,5.004,0.0
8351,14.019,11.073,5.109,0.0
8352,14.336,11.406,5.258,0.0
8353,16.132,13.293,6.044,0.0
8354,17.611,14.847,6.7,0.0
8355,18.245,15.513,6.994,0.0
8356,16.977,14.181,6.468,0.0
8357,17.4,14.625,6.664,0.0
8358,17.822,15.069,6.859,0.0
8359,18.562,15.846,7.192,0.0
8360,16.66,13.848,6.386,0.0
8361,16.981,14.164,6.561,0.0
8362,14.031,0.0,5.795,0.0
8363,12.239,0.0,5.241,0.0
8364,10.707,0.0,4.835,0.0
8365,9.102,0.0,4.255,0.0
8366,9.655,0.0,4.364,0.0
8367,12.62,0.0,5.303,0.0
8368,13.94,2.157,5.525,0.0
8369,16.669,13.836,6.333,0.0
8370,17.188,14.403,6.545,0.0
8371,17.611,14.847,6.743,0.0
8372,16.237,13.404,6.166,0.0
8373,17.188,14.403,6.585,0.0
8374,17.188,14.403,6.596,0.0
8375,15.498,12.627,5.877,0.0
8376,15.92,13.071,6.061,0.0
8377,15.709,12.849,5.974,0.0
8378,15.286,12.405,5.794,0.0
8379,15.92,13.071,6.068,0.0
8380,15.603,12.738,5.934,0.0
8381,15.286,12.405,5.798,0.0
8382,16.554,13.737,6.345,0.0
8383,18.034,15.291,6.987,0.0
8384,18.456,15.735,7.179,0.0
8385,16.977,14.181,6.551,0.0
8386,14.354,2.704,5.818,0.0
8387,10.666,0.0,4.576,0.0
8388,8.296,0.0,3.802,0.0
8389,7.953,0.0,3.657,0.0
8390,8.797,0.0,3.705,0.0
8391,10.218,0.0,4.041,0.0
8392,12.12,2.293,4.41,0.0
8393,12.434,9.408,4.481,0.0
8394,13.385,10.407,4.89,0.0
8395,13.702,10.74,5.031,0.0
8396,13.702,10.74,5.035,0.0
8397,14.124,11.184,5.221,0.0
8398,14.124,11.184,5.226,0.0
8399,14.23,11.295,5.276,0.0
8400,14.441,11.517,5.371,0.0
8401,14.547,11.628,5.421,0.0
8402,14.758,11.85,5.516,0.0
8403,14.758,11.85,5.521,0.0
8404,14.97,12.072,5.616,0.0
8405,15.181,12.294,5.711,0.0
8406,15.603,12.738,5.898,0.0
8407,15.286,12.405,5.767,0.0
8408,15.392,12.516,5.816,0.0
8409,14.97,12.072,5.638,0.0
8410,15.113,11.082,5.851,0.0
8411,11.563,0.0,4.911,0.0
8412,9.041,0.0,3.997,0.0
8413,8.261,0.0,3.624,0.0
8414,8.043,0.0,3.484,0.0
8415,9.52,0.0,3.952,0.0
8416,12.709,0.0,4.967,0.0
8417,16.796,3.716,6.261,0.0
8418,18.456,15.735,6.997,0.0
8419,19.513,16.845,7.485,0.0
8420,18.879,16.179,7.244,0.0
8421,18.879,16.179,7.27,0.0
8422,20.252,17.622,7.885,0.0
8423,20.992,18.399,8.229,0.0
8424,21.098,18.51,8.299,0.0
8425,20.464,17.844,8.048,0.0
8426,20.781,18.177,8.202,0.0
8427,21.203,18.621,8.4,0.0
8428,21.943,19.398,8.735,0.0
8429,22.365,19.842,8.934,0.0
8430,21.309,18.732,8.495,0.0
8431,20.041,17.4,7.958,0.0
8432,19.935,17.289,7.917,0.0
8433,21.098,18.51,8.422,0.0
8434,17.098,0.0,7.208,0.0
8435,14.183,0.0,6.16,0.0
8436,11.444,0.0,5.073,0.0
8437,10.3,0.0,4.523,0.0
8438,9.656,0.0,4.191,0.0
8439,10.163,0.0,4.309,0.0
8440,13.104,0.0,5.222,0.0
8441,17.013,3.841,6.457,0.0
8442,18.245,15.513,6.971,0.0
8443,18.667,15.957,7.177,0.0
8444,16.977,14.181,6.47,0.0
8445,16.871,14.07,6.438,0.0
8446,17.505,14.736,6.722,0.0
8447,18.35,15.624,7.099,0.0
8448,19.09,16.401,7.432,0.0
8449,19.513,16.845,7.629,0.0
8450,19.407,16.734,7.598,0.0
8451,20.041,17.4,7.884,0.0
8452,20.252,17.622,7.988,0.0
8453,19.935,17.289,7.864,0.0
8454,20.358,17.733,8.056,0.0
8455,19.196,16.512,7.565,0.0
8456,18.139,15.402,7.114,0.0
8457,17.822,15.069,6.978,0.0
8458,17.094,14.229,6.723,0.0
8459,16.418,13.421,6.534,0.0
8460,16.154,13.084,6.494,0.0
8461,14.04,10.534,5.864,0.0
8462,12.706,9.041,5.361,0.0
8463,11.96,8.268,4.994,0.0
8464,13.296,10.103,5.18,0.0
8465,13.807,10.851,5.175,0.0
8466,13.913,10.962,5.213,0.0
8467,14.124,11.184,5.298,0.0
8468,14.124,11.184,5.294,0.0
8469,14.23,11.295,5.335,0.0
8470,14.124,11.184,5.286,0.0
8471,14.019,11.073,5.238,0.0
8472,14.019,11.073,5.235,0.0
8473,13.913,10.962,5.186,0.0
8474,14.864,11.961,5.593,0.0
8475,14.547,11.628,5.458,0.0
8476,14.547,11.628,5.457,0.0
8477,14.23,11.295,5.321,0.0
8478,14.23,11.295,5.319,0.0
8479,14.019,11.073,5.227,0.0
8480,13.702,10.74,5.088,0.0
8481,13.596,10.629,5.04,0.0
8482,13.173,10.185,4.855,0.0
8483,11.764,8.57,4.38,0.0
8484,10.183,6.626,3.943,0.0
8485,10.34,7.022,3.822,0.0
8486,9.812,6.471,3.583,0.0
8487,10.273,7.078,3.632,0.0
8488,9.916,6.717,3.45,0.0
8489,10.004,6.855,3.422,0.0
8490,10.109,6.966,3.459,0.0
8491,9.264,6.078,3.088,0.0
8492,8.842,5.634,2.897,0.0
8493,10.215,7.077,3.48,0.0
8494,9.581,6.411,3.204,0.0
8495,10.321,7.188,3.518,0.0
8496,11.483,8.409,4.017,0.0
8497,11.906,8.853,4.202,0.0
8498,12.222,9.186,4.343,0.0
8499,12.856,9.852,4.621,0.0
8500,15.075,12.183,5.584,0.0
8501,14.653,11.739,5.416,0.0
8502,14.547,11.628,5.381,0.0
8503,14.758,11.85,5.482,0.0
8504,14.97,12.072,5.581,0.0
8505,15.286,12.405,5.727,0.0
8506,13.502,10.453,5.026,0.0
8507,10.92,4.955,4.301,0.0
8508,7.836,0.0,3.485,0.0
8509,9.071,0.0,3.784,0.0
8510,10.181,5.489,3.877,0.0
8511,9.769,6.194,3.728,0.0
8512,10.455,6.996,3.906,0.0
8513,11.703,8.619,4.161,0.0
8514,12.434,9.408,4.449,0.0
8515,12.856,9.852,4.635,0.0
8516,13.807,10.851,5.05,0.0
8517,16.132,13.293,6.06,0.0
8518,16.343,13.515,6.167,0.0
8519,16.132,13.293,6.09,0.0
8520,18.245,15.513,7.013,0.0
8521,18.879,16.179,7.305,0.0
8522,18.034,15.291,6.959,0.0
8523,17.505,14.736,6.744,0.0
8524,18.034,15.291,6.981,0.0
8525,17.294,14.514,6.673,0.0
8526,18.245,15.513,7.089,0.0
8527,18.773,16.068,7.326,0.0
8528,19.513,16.845,7.655,0.0
8529,19.301,16.623,7.575,0.0
8530,16.052,4.258,6.583,0.0
8531,13.627,0.0,5.912,0.0
8532,12.839,0.0,5.822,0.0
8533,13.694,0.0,6.169,0.0
8534,14.67,0.0,6.486,0.0
8535,15.562,0.0,6.747,0.0
8536,16.768,9.024,6.895,0.0
8537,19.31,16.611,7.536,0.0
8538,19.196,16.512,7.476,0.0
8539,19.935,17.289,7.811,0.0
8540,19.513,16.845,7.645,0.0
8541,18.984,16.29,7.43,0.0
8542,19.09,16.401,7.484,0.0
8543,19.83,17.178,7.812,0.0
8544,19.09,16.401,7.503,0.0
8545,20.358,17.733,8.056,0.0
8546,19.301,16.623,7.611,0.0
8547,18.984,16.29,7.479,0.0
8548,19.301,16.623,7.619,0.0
8549,19.618,16.956,7.76,0.0
8550,18.984,16.29,7.491,0.0
8551,18.562,15.846,7.31,0.0
8552,18.456,15.735,7.265,0.0
8553,18.456,15.735,7.264,0.0
8554,18.562,15.846,7.31,0.0
8555,18.837,16.035,7.535,0.0
8556,18.474,15.554,7.488,0.0
8557,18.27,15.322,7.429,0.0
8558,18.053,15.129,7.305,0.0
8559,17.796,14.904,7.143,0.0
8560,17.945,15.153,7.098,0.0
8561,17.928,15.18,7.031,0.0
8562,17.717,14.958,6.938,0.0
8563,17.505,14.736,6.845,0.0
8564,17.505,14.736,6.842,0.0
8565,17.4,14.625,6.794,0.0
8566,17.4,14.625,6.792,0.0
8567,17.4,14.625,6.789,0.0
8568,17.188,14.403,6.696,0.0
8569,17.505,14.736,6.83,0.0
8570,17.505,14.736,6.829,0.0
8571,17.611,14.847,6.874,0.0
8572,17.505,14.736,6.828,0.0
8573,17.4,14.625,6.782,0.0
8574,17.188,14.403,6.69,0.0
8575,17.294,14.514,6.733,0.0
8576,17.294,14.514,6.732,0.0
8577,17.083,14.292,6.64,0.0
8578,16.494,13.551,6.467,0.0
8579,15.889,12.863,6.287,0.0
8580,15.098,11.972,6.02,0.0
8581,15.089,12.04,5.947,0.0
8582,14.929,11.946,5.793,0.0
8583,14.415,11.352,5.624,0.0
8584,14.394,11.404,5.519,0.0
8585,14.441,11.517,5.456,0.0
8586,14.23,11.295,5.359,0.0
8587,14.23,11.295,5.353,0.0
8588,13.913,10.962,5.211,0.0
8589,13.702,10.74,5.114,0.0
8590,13.596,10.629,5.063,0.0
8591,13.49,10.518,5.011,0.0
8592,13.385,10.407,4.96,0.0
8593,13.385,10.407,4.955,0.0
8594,12.962,9.963,4.769,0.0
8595,12.751,9.741,4.672,0.0
8596,12.539,9.519,4.575,0.0
8597,12.328,9.297,4.479,0.0
8598,12.222,9.186,4.427,0.0
8599,11.906,8.853,4.285,0.0
8600,11.8,8.742,4.234,0.0
8601,11.483,8.409,4.091,0.0
8602,11.173,8.054,3.981,0.0
8603,10.496,7.236,3.789,0.0
8604,10.294,7.014,3.723,0.0
8605,9.51,6.055,3.517,0.0
8606,8.268,4.421,3.253,0.0
8607,8.818,5.196,3.31,0.0
8608,9.66,6.342,3.41,0.0
8609,10.321,7.188,3.525,0.0
8610,10.532,7.41,3.613,0.0
8611,10.426,7.299,3.566,0.0
8612,10.321,7.188,3.519,0.0
8613,10.321,7.188,3.517,0.0
8614,10.426,7.299,3.561,0.0
8615,10.426,7.299,3.56,0.0
8616,10.426,7.299,3.559,0.0
8617,10.532,7.41,3.604,0.0
8618,10.426,7.299,3.558,0.0
8619,10.532,7.41,3.603,0.0
8620,10.743,7.632,3.694,0.0
8621,10.955,7.854,3.786,0.0
8622,11.377,8.298,3.969,0.0
8623,11.483,8.409,4.018,0.0
8624,11.8,8.742,4.157,0.0
8625,12.117,9.075,4.297,0.0
8626,12.336,9.275,4.425,0.0
8627,12.075,8.931,4.395,0.0
8628,11.505,8.198,4.292,0.0
8629,11.137,7.706,4.244,0.0
8630,11.307,7.95,4.266,0.0
8631,11.613,8.33,4.338,0.0
8632,12.182,9.054,4.446,0.0
8633,12.962,9.963,4.68,0.0
8634,13.385,10.407,4.867,0.0
8635,13.279,10.296,4.828,0.0
8636,13.068,10.074,4.742,0.0
8637,12.434,9.408,4.472,0.0
8638,11.906,8.853,4.246,0.0
8639,11.589,8.52,4.108,0.0
8640,10.638,7.521,3.696,0.0
8641,10.321,7.188,3.553,0.0
8642,10.638,7.521,3.684,0.0
8643,10.426,7.299,3.589,0.0
8644,10.849,7.743,3.767,0.0
8645,10.955,7.854,3.81,0.0
8646,11.166,8.076,3.899,0.0
8647,11.377,8.298,3.99,0.0
8648,12.011,8.964,4.263,0.0
8649,12.645,9.63,4.539,0.0
8650,12.441,7.652,4.619,0.0
8651,9.545,0.0,3.984,0.0
8652,7.809,0.0,3.318,0.0
8653,7.699,0.0,3.484,0.0
8654,7.261,0.0,3.088,0.0
8655,8.998,0.0,3.719,0.0
8656,10.797,0.0,4.031,0.0
8657,12.809,2.907,4.529,0.0
8658,13.807,10.851,4.961,0.0
8659,13.807,10.851,4.98,0.0
8660,14.124,11.184,5.133,0.0
8661,14.124,11.184,5.148,0.0
8662,14.124,11.184,5.162,0.0
8663,14.23,11.295,5.22,0.0
8664,13.807,10.851,5.048,0.0
8665,13.913,10.962,5.102,0.0
8666,14.23,11.295,5.246,0.0
8667,14.23,11.295,5.254,0.0
8668,14.124,11.184,5.215,0.0
8669,13.913,10.962,5.13,0.0
8670,13.173,10.185,4.815,0.0
8671,11.8,8.742,4.223,0.0
8672,11.06,7.965,3.9,0.0
8673,10.955,7.854,3.848,0.0
8674,10.638,7.521,3.705,0.0
8675,11.598,8.507,4.141,0.0
8676,15.978,13.07,6.075,0.0
8677,15.148,11.956,5.98,0.0
8678,14.884,11.8,5.765,0.0
8679,14.249,11.13,5.5,0.0
8680,14.564,11.441,5.641,0.0
8681,15.929,13.059,6.048,0.0
8682,14.441,11.517,5.387,0.0
8683,14.97,12.072,5.617,0.0
8684,15.286,12.405,5.758,0.0
8685,14.547,11.628,5.444,0.0
8686,14.758,11.85,5.536,0.0
8687,14.864,11.961,5.584,0.0
8688,15.286,12.405,5.768,0.0
8689,15.075,12.183,5.681,0.0
8690,14.864,11.961,5.592,0.0
8691,15.181,12.294,5.73,0.0
8692,14.547,11.628,5.459,0.0
8693,14.758,11.85,5.55,0.0
8694,14.758,11.85,5.55,0.0
8695,14.653,11.739,5.505,0.0
8696,14.547,11.628,5.459,0.0
8697,14.758,11.85,5.55,0.0
8698,15.316,11.708,5.912,0.0
8699,13.346,0.0,5.589,0.0
8700,10.112,0.0,4.571,0.0
8701,11.411,0.0,5.072,0.0
8702,12.24,0.561,5.211,0.0
8703,13.929,10.506,5.623,0.0
8704,15.298,12.248,5.931,0.0
8705,16.449,13.626,6.249,0.0
8706,16.449,13.626,6.259,0.0
8707,16.343,13.515,6.223,0.0
8708,16.66,13.848,6.367,0.0
8709,16.554,13.737,6.329,0.0
8710,16.554,13.737,6.336,0.0
8711,16.237,13.404,6.205,0.0
8712,16.766,13.959,6.437,0.0
8713,18.35,15.624,7.125,0.0
8714,18.456,15.735,7.181,0.0
8715,18.456,15.735,7.191,0.0
8716,18.456,15.735,7.2,0.0
8717,18.667,15.957,7.298,0.0
8718,18.984,16.29,7.442,0.0
8719,18.984,16.29,7.45,0.0
8720,18.879,16.179,7.411,0.0
8721,18.456,15.735,7.235,0.0
8722,16.919,9.73,6.868,0.0
8723,14.659,0.0,6.257,0.0
8724,13.307,2.527,5.887,0.0
8725,11.481,0.0,5.324,0.0
8726,13.181,7.456,5.469,0.0
8727,12.491,8.794,5.221,0.0
8728,13.886,10.786,5.358,0.0
8729,14.97,12.072,5.655,0.0
8730,15.392,12.516,5.837,0.0
8731,15.603,12.738,5.929,0.0
8732,15.92,13.071,6.067,0.0
8733,16.343,13.515,6.252,0.0
8734,16.449,13.626,6.302,0.0
8735,16.766,13.959,6.442,0.0
8736,17.294,14.514,6.675,0.0
8737,17.822,15.069,6.909,0.0
8738,18.139,15.402,7.053,0.0
8739,18.35,15.624,7.151,0.0
8740,18.245,15.513,7.113,0.0
8741,18.562,15.846,7.256,0.0
8742,18.667,15.957,7.308,0.0
8743,18.984,16.29,7.451,0.0
8744,18.879,16.179,7.412,0.0
8745,19.196,16.512,7.554,0.0
8746,18.677,15.887,7.397,0.0
8747,17.414,14.236,7.109,0.0
8748,16.984,13.65,7.083,0.0
8749,16.997,13.685,7.113,0.0
8750,17.161,14.047,7.036,0.0
8751,17.646,14.606,7.193,0.0
8752,18.099,15.272,7.19,0.0
8753,18.359,15.612,7.226,0.0
8754,18.879,16.179,7.424,0.0
8755,18.984,16.29,7.473,0.0
8756,19.301,16.623,7.614,0.0
8757,18.984,16.29,7.482,0.0
8758,18.667,15.957,7.348,0.0
8759,18.667,15.957,7.349,0.0
8760,19.724,17.067,7.806,0.0
